	Ortsteil	Haltestelle	globaleID	lat	lon	mode	match_state	osm_id	distance	rating	osm_name	routes	official_direction	osm_direction	WKT
0	Au am Rhein	Diehl	de:08216:6411:1:1	48.954237	8.241387	bus	MATCHED	n2189445999	22.4	0.37	Au am Rhein Diehl	222,225,227	Neuburgweier Breslauer Straße / Au Würmersheimer Str. / Au Ortsmitte / Au Elchesheimer Str. / Au Ortsmitte	Au Würmersheimer Straße	LINESTRING(8.241387 48.954237,8.2412236 48.954407)
1	Au am Rhein	Elchesheimer Str.	de:08216:6413:1:1	48.949536	8.232853	bus	MATCHED	n2189450374	2.4	0.76	Au Elchesheimer Straße	222,227	Illingen Speyerer Straße / Elchesheim Friedhof	Illingen Speyerer Straße	LINESTRING(8.232853 48.949536,8.232847300000001 48.94951450000001)
2	Au am Rhein	Elchesheimer Str.	de:08216:6413:1:2	48.949524	8.233078	bus	MATCHED	n4485998493	2.4	0.85	Au am Rhein Elchesheimerstr.	222,227	Au Ortsmitte / Au Diehl	Au am Rhein, Wehrstraße	LINESTRING(8.233078 48.949524,8.233066800000001 48.949544)
3	Au am Rhein	Industriegebiet	de:08216:32075:1:1	48.945188	8.246777	bus	MATCHED	n3212433765	2.5	0.8	Au Industriegebiet	222,227	Au Würmersheimer Str.	Au am Rhein, Wehrstraße / Au Elchesheimer Straße	LINESTRING(8.246777 48.945188,8.2468046 48.9451747)
4	Au am Rhein	Industriegebiet	de:08216:32075:1:2	48.945323	8.246283	bus	MATCHED	n3212433766	4.1	0.76	Au Industriegebiet	222,227	Durmersheim Raiffeisenplatz / Würmersheim Auer Str.	Durmersheim Raiffeisenplatz / Durmersheim Südliche Hauptstraße	LINESTRING(8.246283 48.945323,8.246336900000001 48.945331900000006)
5	Au am Rhein	Ortsmitte	de:08216:6412:1:1	48.950727	8.239249	bus	MATCHED	n2089220844	176.4	0.2	Au am Rhein, Wehrstraße	222,225,227	Au Diehl / Au Elchesheimer Str.	Au Elchesheimer Straße	LINESTRING(8.239249 48.950727,8.2372178 48.9515803)
6	Au am Rhein	Ortsmitte	de:08216:6412:1:2	48.950769	8.238935	bus	MATCHED	n2109398859	142.0	0.22	Au am Rhein, Wehrstraße	222,225,227	Au Würmersheimer Str. / Au Diehl	Au Industriegebiet	LINESTRING(8.238935 48.950769,8.2372108 48.951354200000004)
7	Au am Rhein	Würmersheimer Str.	de:08216:6419:1:1	48.949966	8.239986	bus	NO_MATCH_BUT_OTHER_PLATFORM_MATCHED					222,227	Au Ortsmitte / Au Diehl		POINT(8.239986 48.949966)
8	Au am Rhein	Würmersheimer Str.	de:08216:6419:1:2	48.949707	8.239941	bus	MATCHED	n300660458	8.8	0.63	Au Würmersheimer Straße	222,227	Au Industriegebiet	Würmersheim Auer Straße / Durmersheim Raiffeisenplatz / Illingen Gemeindezentrum / Illingen Speyerer Straße	LINESTRING(8.239941 48.949707,8.240042500000001 48.9497486)
9	Bietigheim	(Baden)	de:08216:1820:1:1	48.910153	8.257646	train	MATCHED	w345665372	16.8	1.0	Bietigheim	S7,S8	Ötigheim		LINESTRING(8.257646 48.910153,8.257718579365305 48.91029633944721)
10	Bietigheim	(Baden)	de:08216:1820:2:2	48.910755	8.258212	train	MATCHED	w345665373	102.9	1.0	Bietigheim	S7,S8	Durmersheim		LINESTRING(8.258212 48.910755,8.257591451489585 48.90992514895402)
11	Bietigheim	(Baden)	de:08216:1820:3:31	48.90935	8.257485	bus	MATCHED	n13020364596	20.7	1.0	Bietigheim Bahnhof				LINESTRING(8.257485 48.90935,8.257358100000001 48.909184100000004)
12	Bietigheim	(Baden)	de:08216:1820:9:91	48.910744	8.257925	bus	MATCHED_THOUGH_NAMES_DIFFER	n13020963002	7.1	0.19	Ersatzhaltestelle	226	Bietigheim Badenstraße		LINESTRING(8.257925 48.910744,8.257929500000001 48.910807500000004)
13	Bietigheim	Badenstraße	de:08216:32072:1:1	48.913713	8.254844	bus	NO_MATCH_BUT_OTHER_PLATFORM_MATCHED					226,227	Bietigheim Krone / Durmersheim Gymnasium / Durmersheim Rastatter Str.		POINT(8.254844 48.913713)
14	Bietigheim	Badenstraße	de:08216:32072:1:2	48.913949	8.254889	bus	MATCHED	n2562497926	1.8	0.71	Bietigheim Badnerstr.	227	Bietigheim Sofienstraße (Ersatz) / Bietigheim Rheinstraße		LINESTRING(8.254889 48.913949,8.254910200000001 48.913956500000005)
15	Bietigheim	Krone	de:08216:32085:1:1	48.91245	8.253963	bus	NO_MATCH					226	Bietigheim (Baden) / Bietigheim Schneidergarten		POINT(8.253963 48.91245)
16	Bietigheim	Rheinstraße	de:08216:32091:1:1	48.909244	8.24763	bus	MATCHED	n2498112281	25.7	0.35	Bietigheim Rheinstraße	226,227	Bietigheim Badenstraße		LINESTRING(8.24763 48.909244,8.2475758 48.9090159)
17	Bietigheim	Rheinstraße	de:08216:32091:1:2	48.908819	8.247603	bus	MATCHED	n2881616841	31.6	0.31	Rheinstraße (227)	226,227	Bietigheim Ötigheimer Weg / Bietigheim Schneidergarten		LINESTRING(8.247603 48.908819,8.2478237 48.908575000000006)
18	Bietigheim	Schneidergarten	de:08216:32071:1:1	48.904137	8.250873	bus	NO_MATCH_BUT_OTHER_PLATFORM_MATCHED					226,227	Bietigheim Rheinstraße / Bietigheim Badenstraße / Bietigheim Sofienstraße (Ersatz)		POINT(8.250873 48.904137)
19	Bietigheim	Schneidergarten	de:08216:32071:1:2	48.904331	8.250747	bus	MATCHED	n2498114689	4.9	0.7	Schneidergarten (227)	226,227	Illingen Speyerer Straße / Bietigheim Ötigheimer Weg		LINESTRING(8.250747 48.904331,8.2507971 48.904301200000006)
20	Bietigheim	Sofienstraße (Ersatz)	de:08216:32096:0:1	48.907597	8.252068	bus	NO_MATCH					227	Bietigheim Badenstraße		POINT(8.252068 48.907597)
21	Bietigheim	Sofienstraße (Ersatz)	de:08216:32096:0:2	48.907626	8.251942	bus	NO_MATCH					227	Bietigheim Schneidergarten		POINT(8.251942 48.907626)
22	Bietigheim	Ötigheimer Weg	de:08216:32616:1:1	48.906126	8.247639	bus	MATCHED	n4086152472	9.0	0.42	Ersatzhaltestelle Ötigheimer Weg	226	Bietigheim Schneidergarten / Bietigheim Rheinstraße		LINESTRING(8.247639 48.906126,8.247726400000001 48.9060696)
23	Bischweier	(Baden)	de:08216:34764:1:1	48.831685	8.27864	train	MATCHED	n2131630775	9.6	1.0	Bischweier	RB41,S8,S81	Bad Rotenfels Schloss	Bad Rotenfels Schloss	LINESTRING(8.27864 48.831685,8.2785372 48.8317381)
24	Bischweier	(Baden)	de:08216:34764:2:2	48.832566	8.276538	train	MATCHED	n25871639	8.3	1.0	Bischweier	RB41,S8,S81	Kuppenheim	Kuppenheim	LINESTRING(8.276538 48.832566,8.276643 48.832537800000004)
25	Bischweier	Bahnhofstraße	de:08216:32236:1:1	48.834837	8.279889	bus	MATCHED	n325229636	7.1	0.75	Bischweier Bahnhofstraße	251,259	Bischweier Rathaus	Bischweier Rathaus	LINESTRING(8.279889 48.834837,8.2799777 48.8348626)
26	Bischweier	Bahnhofstraße	de:08216:32236:1:2	48.835198	8.280455	bus	MATCHED	n325229632	2.1	0.82	Bischweier Bahnhofstraße	251,259	Bischweier Rathaus / Kuppenheim Feuerwehr / Kuppenheim	Kuppenheim Bahnhof	LINESTRING(8.280455 48.835198,8.2804318 48.835187000000005)
27	Bischweier	Kirche	de:08216:32235:1:1	48.837734	8.284677	bus	MATCHED	n335633244	0.1	0.97	Bischweier Kirche	251,259	Bischweier Murgtalstr. Süd	Bischweier Murgtalstraße Süd	LINESTRING(8.284677 48.837734,8.2846771 48.837733500000006)
28	Bischweier	Kirche	de:08216:32235:1:2	48.837734	8.284847	bus	MATCHED	n335633246	1.5	0.91	Bischweier Kirche	251,259	Bischweier Rathaus / Niederweier Ortsstraße	Bischweier Rathaus	LINESTRING(8.284847 48.837734,8.284828000000001 48.83772990000001)
29	Bischweier	Murgtalstr. Süd	de:08216:32234:0:1	48.834559	8.288045	bus	MATCHED	n3076004099	5.8	1.0	Bischweier Murgtalstraße Süd	251,259	Bischweier Winkelberg / Bad Rotenfels Schulz. Dachgrub	Bischweier Winkelberg	LINESTRING(8.288045 48.834559,8.287978800000001 48.834586900000005)
30	Bischweier	Murgtalstr. Süd	de:08216:32234:0:2	48.833926	8.288989	bus	MATCHED	n3076004098	2.6	1.0	Bischweier Murgtalstraße Süd	251,259	Bischweier Winkelberg	Bischweier Winkelberg	LINESTRING(8.288989 48.833926,8.2890216 48.833934500000005)
31	Bischweier	Rathaus	de:08216:32233:1:1	48.836954	8.28253	bus	MATCHED	n4817685578	3.8	0.74	Bischweier Rathaus	251,259	Bischweier Kirche / Niederweier Ortsstraße		LINESTRING(8.28253 48.836954,8.2824823 48.83694130000001)
32	Bischweier	Rathaus	de:08216:32233:1:2	48.837338	8.283006	bus	MATCHED	n4817688090	0.8	0.9	Bischweier Rathaus	251,259	Bischweier Kirche / Bischweier Bahnhofstraße	Bischweier Bahnhofstraße	LINESTRING(8.283006 48.837338,8.283014300000001 48.83734320000001)
33	Bischweier	Winkelberg	de:08216:32834:1:1	48.834819	8.291962	bus	MATCHED	n325800862	0.3	0.95	Bischweier Winkelberg	251,259	Bischweier Kirche / Rauental Kirche / Bad Rotenfels Schulz. Dachgrub	Bad Rotenfels Schulzentrum Dachgrub / Bischweier Kirche	LINESTRING(8.291962 48.834819,8.291965600000001 48.8348178)
34	Bühl	(Baden)	de:08216:32227:1:1	48.696691	8.129502	train	MATCHED	n1305078196	19.9	1.0	Bühl (Baden)	RB44,RE2,RE7,S7,S71	Baden-Baden / Baden-Baden Rebland / Baden-Baden	Baden-Baden Rebland / Baden-Baden	LINESTRING(8.129502 48.696691,8.1293766 48.696531900000004)
35	Bühl	(Baden)	de:08216:32227:2:2	48.696685	8.129421	train	MATCHED	n2578658486	16.7	1.0	Bühl (Baden)	RB44,RE2,RE7,S7,S71	Achern Bahnhof / Achern Bahnhof / Achern Bahnhof	Achern	LINESTRING(8.129421 48.696685,8.1293225 48.696549700000006)
36	Bühl	(Baden)	de:08216:32227:3:1	48.697539	8.130391	bus	MATCHED_THOUGH_NAMES_DIFFER	n5841702389	5.1	1.0	Bühl Bahnhof - Bussteig 1	265,266,268s,271,272,273,274,276,277,7135,X34,X44	Bühl Gymnasium / Bühl (Baden) / Bühl Gymnasium / Bühl (Baden)	Loffenau Marktplatz	LINESTRING(8.130391 48.697539,8.1304072 48.6974943)
37	Bühl	(Baden)	de:08216:32227:3:10	48.69774	8.130732	bus	MATCHED_THOUGH_NAMES_DIFFER	n5841714994	6.1	1.0	Bühl Bahnhof - Bussteig 10	268,268s,X34	Bühl Gymnasium / Bühl Rathaus / Bühl Industriegebiet / Bühl Rheintalstraße	Bühl Rheintalstraße / Bühl Rathaus	LINESTRING(8.130732 48.69774,8.130714300000001 48.6977935)
38	Bühl	(Baden)	de:08216:32227:3:11	48.69761	8.130625	bus	MATCHED_THOUGH_NAMES_DIFFER	n5841714993	3.4	1.0	Bühl Bahnhof - Bussteig 11	265,266	Bühl Tankstelle Jäger / Bühl Rathaus	Bühl Rathaus	LINESTRING(8.130625 48.69761,8.1306204 48.6976403)
39	Bühl	(Baden)	de:08216:32227:3:12	48.697468	8.130526	bus	MATCHED_THOUGH_NAMES_DIFFER	n5841714789	2.9	1.0	Bühl Bahnhof - Bussteig 12	263,264	Bühl Gymnasium / Bühl Bühlertalstr/Hauptstr / Bühl Rathaus	Bühl Rathaus	LINESTRING(8.130526 48.697468,8.130531900000001 48.697493400000006)
40	Bühl	(Baden)	de:08216:32227:3:2	48.697693	8.130499	bus	MATCHED_THOUGH_NAMES_DIFFER	n5841714790	4.3	1.0	Bühl Bahnhof - Bussteig 2	271,276	Bühl Rathaus / Bühl A.-Stifter-Straße / Bühl Industriegebiet / Bühl R-Koch-Str/Bachschlossweg	Bühl Industriegebiet / Bühl A.-Stifter-Straße / Bühl Rathaus	LINESTRING(8.130499 48.697693,8.1305279 48.6976589)
41	Bühl	(Baden)	de:08216:32227:3:3	48.697877	8.130634	bus	MATCHED_THOUGH_NAMES_DIFFER	n5841714791	6.4	1.0	Bühl Bahnhof - Bussteig 3	272,273	Bühl Rathaus / Bühl Industriegebiet / Bühl Erlenstraße / Bühl M.-Luther-Str./Arndtstr. / Bühl Krankenhaus	Bühl Rathaus / Bühl Erlenstraße	LINESTRING(8.130634 48.697877,8.1306405 48.69782)
42	Bühl	(Baden)	de:08216:32227:3:4	48.698078	8.130768	bus	MATCHED_THOUGH_NAMES_DIFFER	n5841714792	6.2	1.0	Bühl Bahnhof - Bussteig 4	274,277	Bühl Im Grün / Bühl Rathaus / Bühl Draisstraße	Bühl Rathaus / Bühl Draisstraße	LINESTRING(8.130768 48.698078,8.1307773 48.6980227)
43	Bühl	(Baden)	de:08216:32227:3:5	48.698238	8.130867	bus	MATCHED_THOUGH_NAMES_DIFFER	n5841714793	5.6	1.0	Bühl Bahnhof - Bussteig 5				LINESTRING(8.130867 48.698238,8.1308779 48.698188300000005)
44	Bühl	(Baden)	de:08216:32227:3:6	48.698375	8.130957	bus	MATCHED_THOUGH_NAMES_DIFFER	n5841714794	5.8	1.0	Bühl Bahnhof - Bussteig 6				LINESTRING(8.130957 48.698375,8.1309839 48.698326400000006)
45	Bühl	(Baden)	de:08216:32227:3:7	48.698286	8.131092	bus	MATCHED_THOUGH_NAMES_DIFFER	n5841714795	2.9	1.0	Bühl Bahnhof - Bussteig 7	262,267	Bühl Gymnasium / Bühl Rathaus / Bühl Rathaus / Bühl Gymnasium	Bühl Gymnasium / Bühl Rathaus	LINESTRING(8.131092 48.698286,8.1310683 48.698306900000006)
46	Bühl	(Baden)	de:08216:32227:3:8	48.698102	8.130966	bus	MATCHED_THOUGH_NAMES_DIFFER	n5841714991	7.7	1.0	Bühl Bahnhof - Bussteig 8	7135	Bühl Rathaus	Bühl Rathaus	LINESTRING(8.130966 48.698102,8.1309745 48.698170600000005)
47	Bühl	(Baden)	de:08216:32227:3:9	48.697924	8.130858	bus	MATCHED_THOUGH_NAMES_DIFFER	n5841714992	8.6	1.0	Bühl Bahnhof - Bussteig 9	X44	Baden-Baden Rebland / Achern Bahnhof / Bühl Rathaus	Bühl Rathaus	LINESTRING(8.130858 48.697924,8.1308551 48.698001500000004)
48	Bühl	(Baden)	de:08216:32227:8:81	48.697307	8.130337		NO_MATCH_AND_SEEMS_UNSERVED								POINT(8.130337 48.697307)
49	Bühl	(Baden)	de:08216:32227:99:99	48.697118	8.12881		NO_MATCH_AND_SEEMS_UNSERVED								POINT(8.12881 48.697118)
50	Bühl	A. -Stifter-Straße	de:08216:34730:0:1	48.691864	8.131379		NO_MATCH_AND_SEEMS_UNSERVED								POINT(8.131379 48.691864)
51	Bühl	A. -Stifter-Straße	de:08216:34730:0:2	48.691829	8.131155	bus	MATCHED	n3073172965	17.4	1.0	Bühl A.-Stifter-Straße	271	Bühl (Baden) / Bühl Siemensstraße	Bühl Siemensstraße	LINESTRING(8.131155 48.691829,8.1311421 48.691673)
52	Bühl	Altschweier Grautenbach	de:08216:32231:0:1	48.696483	8.152337	bus	MATCHED	n971003378	10.5	1.0	Altschweier Grautenbach	263,264s	Altschweier Kirche	Altschweier Kirche	LINESTRING(8.152337 48.696483,8.1524651 48.696525300000005)
53	Bühl	Altschweier Grautenbach	de:08216:32231:0:2	48.696175	8.151528	bus	MATCHED	n3073522035	3.3	1.0	Altschweier Grautenbach	263,264s	Bühl Erich-Burger-Heim	Bühl Erich-Burger-Heim	LINESTRING(8.151528 48.696175,8.1514894 48.6961905)
54	Bühl	Altschweier Kirche	de:08216:32230:0:1	48.698274	8.161527	bus	MATCHED	n1028651317	1.7	1.0	Altschweier Kirche	263,264s	Altschweier Tankstelle	Altschweier Tankstelle	LINESTRING(8.161527 48.698274,8.1615496 48.698269200000006)
55	Bühl	Altschweier Kirche	de:08216:32230:0:2	48.698108	8.161105	bus	MATCHED	n1028651125	3.2	1.0	Altschweier Kirche	263,264s	Altschweier Grautenbach	Altschweier Grautenbach	LINESTRING(8.161105 48.698108,8.161063200000001 48.698115200000004)
56	Bühl	Altschweier Tankstelle	de:08216:32229:0:1	48.699104	8.167249	bus	MATCHED	n371212407	0.9	1.0	Altschweier Tankstelle	263,264s	Bühlertal Bosch	Bosch	LINESTRING(8.167249 48.699104,8.1672546 48.6991108)
57	Bühl	Altschweier Tankstelle	de:08216:32229:0:2	48.699211	8.167159	bus	MATCHED	n371212373	3.2	1.0	Altschweier Tankstelle	263,264s	Altschweier Kirche	Altschweier Kirche	LINESTRING(8.167159 48.699211,8.1671958 48.699225600000005)
58	Bühl	Am Froschbächle	de:08216:34765:0:1	48.707362	8.131568	bus	MATCHED	n3073185546	0.9	1.0	Bühl Am Froschbächle	271	Bühl Fridolin-Stiegler-Str.	Bühl Fridolin-Stiegler-Straße	LINESTRING(8.131568 48.707362,8.1315636 48.707369500000006)
59	Bühl	Arndtstr. /Berliner Str.	de:08216:34736:0:1	48.690026	8.129214	bus	MATCHED	n3053330880	2.3	0.55	Bühl, Berliner Straße	272	Bühl (Baden)		LINESTRING(8.129214 48.690026,8.1291905 48.6900399)
60	Bühl	Balzhofen Hauptfeld	de:08216:37233:0:1	48.712276	8.095483	bus	MATCHED	n528606417	2.0	1.0	Balzhofen Hauptfeld	268s,275	Oberweier (Bühl) Alte Schule / Vimbuch Rathaus	Oberweier Alte Schule / Vimbuch Rathaus	LINESTRING(8.095483 48.712276,8.0954876 48.7122584)
61	Bühl	Balzhofen Hauptfeld	de:08216:37233:0:2	48.712419	8.09551	bus	MATCHED	n528606415	3.0	1.0	Balzhofen Hauptfeld	268,268s,275	Balzhofen Kirche	Balzhofen Kirche	LINESTRING(8.09551 48.712419,8.095475200000001 48.7124054)
62	Bühl	Balzhofen Kirche	de:08216:34692:0:1	48.712247	8.091782	bus	MATCHED	n528606409	2.9	1.0	Balzhofen Kirche	268s,275,X34	Oberweier (Bühl) Alte Schule / Balzhofen Hauptfeld	Balzhofen Hauptfeld / Oberweier Alte Schule	LINESTRING(8.091782 48.712247,8.0917426 48.7122462)
63	Bühl	Balzhofen Kirche	de:08216:34692:0:2	48.712146	8.091054	bus	MATCHED	n528606391	1.6	1.0	Balzhofen Kirche	268,268s,275,X34	Moos Weiherstraße	Moos Weiherstraße	LINESTRING(8.091054 48.712146,8.0910354 48.71215410000001)
64	Bühl	Beethoven-/R. -Schum. -Str.	de:08216:34734:0:1	48.700551	8.124822	bus	MATCHED	n3073176886	1.7	1.0	Bühl Beethovenstr./Robert-Schumann-Str.	271	Bühl O.-Haefelin/P.-Fischer-S	Bühl O.-Häfelin-/Pr.-Fischer-Str.	LINESTRING(8.124822 48.700551,8.124816800000001 48.700566)
65	Bühl	Bußmatten I	de:08216:31835:0:1	48.715353	8.128747	bus	MATCHED	n715060350	2.6	1.0	Bühl Bußmatten I	276	Bühl Bußmatten II	Bühl Bußmatten II	LINESTRING(8.128747 48.715353,8.128723500000001 48.715369900000006)
66	Bühl	Bußmatten II	de:08216:31834:0:1	48.713059	8.130885	bus	MATCHED	n712460286	6.1	1.0	Bühl Bußmatten II	276	Bühl Industriestraße	Bühl LuK (Industriestr.)	LINESTRING(8.130885 48.713059,8.130928 48.7130121)
67	Bühl	Bühlert. str/Kappelw. str	de:08216:34809:0:1	48.693762	8.141		NO_MATCH_AND_SEEMS_UNSERVED								POINT(8.141 48.693762)
68	Bühl	Bühlert. str/Kappelw. str	de:08216:34809:0:2	48.69388	8.141063	bus	MATCHED	n8375907816	1.9	1.0	Bühl Bühlertalstr./Kappelwindeckstr.	271	Bühl Bühlertalstr/Hauptstr	Bühl Bühlertalstraße/Hauptstraße	LINESTRING(8.141063 48.69388,8.1410408 48.6938888)
69	Bühl	Bühlertalstr/Hauptstr	de:08216:34810:0:1	48.693987	8.136275	bus	MATCHED	n6005510286	0.3	1.0	Bühl Bühlertalstraße/Hauptstraße	263	Bühl Erich-Burger-Heim	Bühl Erich-Burger-Heim	LINESTRING(8.136275 48.693987,8.1362761 48.6939894)
70	Bühl	Bühlertalstr/Hauptstr	de:08216:34810:0:2	48.694212	8.13703	bus	MATCHED	n6005510297	2.0	1.0	Bühl Bühlertalstraße/Hauptstraße	263,271	Bühl (Baden) / Bühl Rathaus / Bühl (Baden)	Bühl Rathaus	LINESTRING(8.13703 48.694212,8.137041700000001 48.694195500000006)
71	Bühl	Dieselstraße	de:08216:34749:0:1	48.709852	8.126555	bus	MATCHED_THOUGH_NAMES_DIFFER	n703412507	57.0	1.0	Bühl LuK (Dieselstr.)	272	Vimbuch TÜV	Vimbuch TÜV	LINESTRING(8.126555 48.709852,8.1271999 48.7095672)
72	Bühl	Dieselstraße	de:08216:34749:0:2	48.709437	8.127238	bus	MATCHED_THOUGH_NAMES_DIFFER	n703412504	3.2	1.0	Bühl LuK (Dieselstr.)	272	Bühl Industriestraße	Bühl LuK (Industriestr.)	LINESTRING(8.127238 48.709437,8.1272017 48.7094524)
73	Bühl	Draisstraße	de:08216:34743:0:1	48.68801	8.115946	bus	MATCHED	n6295719421	5.9	1.0	Bühl Draisstraße	277	Bühl Robert-Bosch-Straße	Bühl Robert-Bosch-Straße	LINESTRING(8.115946 48.68801,8.1158929 48.6880499)
74	Bühl	Eisental Abzw. Affental	de:08216:32232:0:1	48.709188	8.157125	bus	MATCHED_AMBIGUOUSLY	n8249882365	9.9	1.0	Eisental Abzw. Affental	262,274	Eisental Traube	Eisental Kapelle	LINESTRING(8.157125 48.709188,8.157069 48.709268800000004)
75	Bühl	Eisental Abzw. Affental	de:08216:32232:0:1	48.709188	8.157125	bus	MATCHED_AMBIGUOUSLY	n619350235	2.5	1.0	Eisental Abzw. Affental	262,274	Eisental Traube	Eisental Traube	LINESTRING(8.157125 48.709188,8.1571543 48.7091986)
76	Bühl	Eisental Abzw. Affental	de:08216:32232:0:2	48.709259	8.157026	bus	NO_MATCH_BUT_OTHER_PLATFORM_MATCHED					262,274	Eisental Kapelle		POINT(8.157026 48.709259)
77	Bühl	Eisental Auerhahn	de:08216:34744:0:1	48.706847	8.160242	bus	MATCHED	n619348704	18.4	1.0	Eisental Auerhahn	274	Eisental Abzw. Affental	Eisental Abzw. Affental	LINESTRING(8.160242 48.706847,8.1604832 48.706801600000006)
78	Bühl	Eisental Gasthaus Weinberg	de:08216:31832:0:1	48.712715	8.165641	bus	MATCHED_AMBIGUOUSLY	n8249882338	16.3	1.0	Eisental Gasthaus Weinberg	262	Neuweier Schneckenbach		LINESTRING(8.165641 48.712715,8.165601800000001 48.7128595)
79	Bühl	Eisental Gasthaus Weinberg	de:08216:31832:0:1	48.712715	8.165641	bus	MATCHED_AMBIGUOUSLY	n619349016	3.8	1.0	Eisental Gasthaus Weinberg	262	Neuweier Schneckenbach		LINESTRING(8.165641 48.712715,8.165691 48.712724400000006)
80	Bühl	Eisental Gasthaus Weinberg	de:08216:31832:0:2	48.71284	8.165596	bus	NO_MATCH_BUT_OTHER_PLATFORM_MATCHED					262	Eisental Traube		POINT(8.165596 48.71284)
81	Bühl	Eisental Grundschule	de:08216:34851:0:1	48.713112	8.161715	bus	MATCHED	n619347955	2.0	1.0	Eisental Grundschule	262,274	Eisental Traube / Eisental Abzw. Affental	Eisental Abzw. Affental	LINESTRING(8.161715 48.713112,8.1617218 48.713094700000006)
82	Bühl	Eisental Haus Oser	de:08216:34746:0:1	48.713142	8.158131		MATCHED	n619348897	1.1	0.84	Eisental, Haus Oser				LINESTRING(8.158131 48.713142,8.1581408 48.7131349)
83	Bühl	Eisental Kapelle	de:08216:34745:0:1	48.71246	8.151978	bus	MATCHED	n619348564	2.5	1.0	Eisental Kapelle	262,274	Eisental Abzw. Affental / Eisental Auerhahn	Eisental Auerhahn / Eisental Abzw. Affental	LINESTRING(8.151978 48.71246,8.1520046 48.712473300000006)
84	Bühl	Eisental Kapelle	de:08216:34745:0:2	48.712146	8.152858	bus	MATCHED	n619348616	2.3	1.0	Eisental Kapelle	262,274	Eisental Rebstock	Eisental Rebstock	LINESTRING(8.152858 48.712146,8.1528536 48.7121251)
85	Bühl	Eisental Rebstock	de:08216:32367:0:1	48.713136	8.147001	bus	MATCHED	n619350001	1.2	1.0	Eisental Rebstock	262,274,X44	Bühl Klostergarten / Bühl (Baden)	Bühl Klostergarten	LINESTRING(8.147001 48.713136,8.1470111 48.7131449)
86	Bühl	Eisental Rebstock	de:08216:32367:0:2	48.713183	8.147226	bus	MATCHED	n619350153	25.1	1.0	Eisental Rebstock	262,274,X44	Eisental Kapelle / Steinbach Steinbacher Str./Postplatz	Steinbach Steinbacher Str./Postplatz / Eisental Kapelle	LINESTRING(8.147226 48.713183,8.1472193 48.7129575)
87	Bühl	Eisental Traube	de:08216:31833:0:1	48.711885	8.164312	bus	MATCHED	n619349273	3.3	1.0	Eisental Traube	262,274	Eisental Gasthaus Weinberg / Eisental Grundschule	Neuweier Kirche / Eisental Grundschule	LINESTRING(8.164312 48.711885,8.164355200000001 48.7118921)
88	Bühl	Eisental Traube	de:08216:31833:0:2	48.712134	8.164249	bus	MATCHED	n4005673073	2.0	1.0	Eisental Traube	262	Eisental Abzw. Affental		LINESTRING(8.164249 48.712134,8.1642712 48.712123500000004)
89	Bühl	Erich-Burger-Heim	de:08216:32226:0:1	48.694135	8.142033	bus	MATCHED	n3073522034	2.3	1.0	Bühl Erich-Burger-Heim	263	Bühl Bühlertalstr/Hauptstr	Bühl Bühlertalstraße/Hauptstraße	LINESTRING(8.142033 48.694135,8.1420367 48.6941556)
90	Bühl	Erich-Burger-Heim	de:08216:32226:0:2	48.694094	8.143336	bus	MATCHED	n292671657	2.0	1.0	Bühl Erich-Burger-Heim	263	Altschweier Grautenbach	Altschweier Grautenbach	LINESTRING(8.143336 48.694094,8.143363200000001 48.6940924)
91	Bühl	Erlenstraße	de:08216:34855:0:1	48.704054	8.130732	bus	MATCHED	n8375907808	4.2	1.0	Bühl Erlenstraße	271,272	Bühl Untere Strut / Bühl Am Froschbächle	Bühl Untere Strut / Bühl Am Froschbächle	LINESTRING(8.130732 48.704054,8.1307465 48.7040902)
92	Bühl	Erlenstraße	de:08216:34855:0:2	48.704102	8.130607	bus	MATCHED	n8375907806	5.1	1.0	Bühl Erlenstraße	272	Bühl (Baden)	Bühl Bahnhof - Bussteig 3	LINESTRING(8.130607 48.704102,8.130647900000001 48.704138900000004)
93	Bühl	Fridolin-Stiegler-Str.	de:08216:33081:1:1	48.706378	8.129331	bus	MATCHED	n3073185547	7.8	1.0	Bühl Fridolin-Stiegler-Straße	271	Bühl Henri-Dunant-Platz	Bühl Henri-Dunant-Platz	LINESTRING(8.129331 48.706378,8.129399000000001 48.706432)
94	Bühl	Gymnasium	de:08216:32225:0:1	48.692232	8.129098	bus	MATCHED	n368926165	33.4	1.0	Bühl Gymnasium	267,268,268s	Bühl (Baden) / Bühl Rheintalschule / Bühl (Baden) / Kappelwindeck Bachschlossschule		LINESTRING(8.129098 48.692232,8.129551600000001 48.6922359)
95	Bühl	Gymnasium	de:08216:32225:0:2	48.69238	8.129807		MATCHED	n368926172	0.4	1.0	Bühl Gymnasium			Bühl Bahnhof - Bussteig 7 / Bühl Bahnhof - Bussteig 10	LINESTRING(8.129807 48.69238,8.1298081 48.692376100000004)
96	Bühl	Gymnasium	de:08216:32225:0:91	48.692789	8.126483	bus	NO_MATCH_BUT_OTHER_PLATFORM_MATCHED					262,263,264,265,266	Bühl (Baden) / Bühl (Baden) / Bühl (Baden)		POINT(8.126483 48.692789)
97	Bühl	Gymnasium	de:08216:32225:0:92	48.692878	8.126385	bus	NO_MATCH_BUT_OTHER_PLATFORM_MATCHED					262,263,264,266	Bühl Rheintalschule / Kappelwindeck Bachschlossschule / Ottersweier Maria Linden		POINT(8.126385 48.692878)
98	Bühl	Henri-Dunant-Platz	de:08216:34850:0:1	48.701979	8.127768	bus	MATCHED	n3073185548	99.1	1.0	Bühl Henri-Dunant-Platz	271	Bühl Rheinstraße / Bühl (Baden)	Bühl Rheinstraße	LINESTRING(8.127768 48.701979,8.126640700000001 48.702466900000005)
99	Bühl	Hundseck	de:08216:32210:0:1	48.645329	8.231308	bus	MATCHED	n727356273	2.3	1.0	Hundseck	263,264,X45	Hundsbach Aschenplatz / Unterstmatt / Herrenwies Dorfplatz / Sand Kapelle	Sand Kapelle / Herrenwies Dorfplatz / Unterstmatt	LINESTRING(8.231308 48.645329,8.231305800000001 48.645308)
100	Bühl	Im Grün	de:08216:34738:0:1	48.70042	8.136338	bus	MATCHED	n3318197996	2.4	1.0	Bühl Im Grün	274	Bühl Klostergarten	Bühl Klostergarten	LINESTRING(8.136338 48.70042,8.1363055 48.700424000000005)
101	Bühl	Im Grün	de:08216:34738:0:2	48.700444	8.136131	bus	MATCHED	n3318197995	10.4	1.0	Bühl Im Grün	274	Bühl Rathaus / Bühl (Baden)	Bühl Rathaus	LINESTRING(8.136131 48.700444,8.136219800000001 48.7005167)
102	Bühl	Immenstein	de:08216:34609:0:1	48.666478	8.182179	bus	MATCHED	n8238586066	1.4	1.0	Immenstein	264,264s,273	Bühlertal Abzw. Burg Windeck	Bühlertal Abzweig Burg Windeck	LINESTRING(8.182179 48.666478,8.182168500000001 48.6664673)
103	Bühl	Immenstein	de:08216:34609:0:2	48.666543	8.181936	bus	MATCHED	n2968048747	6.9	1.0	Immenstein	264,264s,273	Neusatzeck Kloster / Neusatzeck Sommerseite	Neusatzeck Sommerseite	LINESTRING(8.181936 48.666543,8.182017 48.666574100000005)
104	Bühl	Immenstein	de:08216:34609:0:3	48.666395	8.182961		NO_MATCH_AND_SEEMS_UNSERVED								POINT(8.182961 48.666395)
105	Bühl	Industriegebiet	de:08216:34686:0:1	48.703029	8.125396	bus	MATCHED	n702619266	2.6	1.0	Bühl Industriegebiet	267,268,268s,272,276	Bühl Rheinstraße / Bühl (Baden) / Bühl (Baden) / Bühl (Baden)	Bühl Rheinstraße	LINESTRING(8.125396 48.703029,8.1253629 48.7030362)
106	Bühl	Industriegebiet	de:08216:34686:0:2	48.703088	8.12554	bus	MATCHED	n702619265	0.9	1.0	Bühl Industriegebiet	267,268,268s,272,276	Bühl Bußmatten I / Bühl Dieselstraße / Vimbuch Oberhof / Bühl Rheintalstraße / Weitenung Ottenhofen	Bühl Rheintalstraße / Bühl LuK (Dieselstr.) / Bühl Bußmatten I / Vimbuch Oberhof	LINESTRING(8.12554 48.703088,8.1255514 48.703089600000006)
107	Bühl	Industriestraße	de:08216:34747:0:1	48.705904	8.125953	bus	MATCHED_THOUGH_NAMES_DIFFER	n8405993707	1.1	1.0	Bühl LuK (Industriestr.)	272,276	Bühl Industriegebiet	Bühl Industriegebiet / Bühl Rheinstraße	LINESTRING(8.125953 48.705904,8.125943900000001 48.705911900000004)
108	Bühl	Industriestraße (Ersatz)	de:08216:34863:0:1	48.71003	8.130382		NO_MATCH_AND_SEEMS_UNSERVED								POINT(8.130382 48.71003)
109	Bühl	Kappelwindeck Bachschlossschule	de:08216:34727:0:1	48.690429	8.14365	bus	MATCHED	n2491089790	45.3	1.0	Kappelwindeck Bachschlossschule	262,264s,267,268,268s,271	Bühl Gymnasium / Weitenung Ottenhofen / Rittersbach Gasthaus Blume / Oberweier (Bühl) Kapellenstr. / Bühl (Baden) / Bühl Bühlert.str/Kappelw.str / Rittersbach Gasthaus Blume	Bühl Bühlertalstr./Kappelwindeckstr.	LINESTRING(8.14365 48.690429,8.143697000000001 48.690835500000006)
110	Bühl	Kappelwindeck Brombachweg	de:08216:34723:0:1	48.688265	8.155499	bus	MATCHED	n8375892710	3.9	1.0	Kappelwindeck Brombachweg	271	Kappelwindeck Klotzbergstraße	Kappelwindeck Klotzbergstraße	LINESTRING(8.155499 48.688265,8.1554912 48.688230100000006)
111	Bühl	Kappelwindeck Brombachweg	de:08216:34723:0:2	48.688199	8.155274		NO_MATCH_AND_SEEMS_UNSERVED								POINT(8.155274 48.688199)
112	Bühl	Kappelwindeck Einsiedelhof	de:08216:34720:0:1	48.686171	8.147441	bus	MATCHED	n371721115	3.2	1.0	Kappelwindeck Einsiedelhof	271	Kappelwindeck Schreinerei Rapp	Kappelwindeck Schreinerei Rapp	LINESTRING(8.147441 48.686171,8.1474676 48.686148700000004)
113	Bühl	Kappelwindeck Einsiedelhof	de:08216:34720:0:2	48.686147	8.147288		NO_MATCH_AND_SEEMS_UNSERVED								POINT(8.147288 48.686147)
114	Bühl	Kappelwindeck Haus Seifried	de:08216:34722:0:1	48.688057	8.149786	bus	MATCHED	n8375892716	2.3	1.0	Kappelwindeck Haus Seifried	271	Kappelwindeck Brombachweg	Kappelwindeck Brombachweg	LINESTRING(8.149786 48.688057,8.1497721 48.6880384)
115	Bühl	Kappelwindeck Haus Seifried	de:08216:34722:0:2	48.688158	8.149759		NO_MATCH_AND_SEEMS_UNSERVED								POINT(8.149759 48.688158)
116	Bühl	Kappelwindeck Kirchplatz	de:08216:34726:0:1	48.692024	8.145645	bus	MATCHED	n8375902652	1.3	1.0	Kappelwindeck Kirchplatz	271	Kappelwindeck Bachschlossschule / Bühl Bühlert.str/Kappelw.str	Kappelwindeck Bachschlossschule	LINESTRING(8.145645 48.692024,8.1456555 48.6920334)
117	Bühl	Kappelwindeck Kirchplatz	de:08216:34726:0:2	48.691953	8.145707		NO_MATCH_AND_SEEMS_UNSERVED								POINT(8.145707 48.691953)
118	Bühl	Kappelwindeck Klotzbergstraße	de:08216:34724:0:1	48.69072	8.153666	bus	MATCHED	n8375902688	1.4	1.0	Kappelwindeck Klotzbergstraße	271	Kappelwindeck Öhinghaltweg	Kappelwindeck Kirchplatz	LINESTRING(8.153666 48.69072,8.1536834 48.6907143)
119	Bühl	Kappelwindeck Klotzbergstraße	de:08216:34724:0:2	48.69072	8.15355		NO_MATCH_AND_SEEMS_UNSERVED								POINT(8.15355 48.69072)
120	Bühl	Kappelwindeck Rungsstraße (Ersatz)	de:08216:34838:0:1	48.687162	8.146687		NO_MATCH_AND_SEEMS_UNSERVED								POINT(8.146687 48.687162)
121	Bühl	Kappelwindeck Schreinerei Rapp	de:08216:34721:0:1	48.689148	8.147064	bus	MATCHED	n8375885545	6.6	1.0	Kappelwindeck Schreinerei Rapp	271	Kappelwindeck Haus Seifried	Kappelwindeck Haus Seifried	LINESTRING(8.147064 48.689148,8.146977900000001 48.6891632)
122	Bühl	Kappelwindeck Schreinerei Rapp	de:08216:34721:0:2	48.689261	8.147046		NO_MATCH_AND_SEEMS_UNSERVED								POINT(8.147046 48.689261)
123	Bühl	Kappelwindeck Öhinghaltweg	de:08216:34825:0:1	48.691657	8.152005	bus	NO_MATCH					271	Kappelwindeck Kirchplatz		POINT(8.152005 48.691657)
124	Bühl	Kirchgassweg	de:08216:34733:0:1	48.698049	8.124175	bus	MATCHED	n3073176904	3.7	1.0	Bühl Kirchgassweg	271	Bühl Beethoven-/R.-Schum.-Str.	Bühl Beethovenstr./Robert-Schumann-Str.	LINESTRING(8.124175 48.698049,8.1242073 48.698023600000006)
125	Bühl	Klostergarten	de:08216:32223:0:1	48.701902	8.139859	bus	MATCHED	n557923537	2.3	1.0	Bühl Klostergarten	262,274,X44	Eisental Rebstock	Eisental Rebstock	LINESTRING(8.139859 48.701902,8.1398501 48.701882000000005)
126	Bühl	Klostergarten	de:08216:32223:0:2	48.701031	8.139195	bus	MATCHED	n8222132689	1.4	1.0	Bühl Klostergarten	262,274,X44	Bühl Rathaus / Bühl Im Grün	Bühl Rathaus / Bühl Im Grün	LINESTRING(8.139195 48.701031,8.1391767 48.7010358)
127	Bühl	Krankenhaus	de:08216:34600:0:1	48.686225	8.139823	bus	MATCHED	n2964095933	4.3	1.0	Bühl Krankenhaus	273	Bühl (Baden) / Rittersbach Gasthaus Blume / Bühl Tankstelle Jäger	Bühl Tankstelle Jäger / Rittersbach Gasthaus Blume	LINESTRING(8.139823 48.686225,8.1398525 48.686192000000005)
128	Bühl	Krankenhaus (R. Koch)	de:08216:34659:0:1	48.686663	8.140309	bus	MATCHED	n2964094033	5.7	1.0	Bühl Krankenhaus / R.-Koch-Str.	271	Rittersbach Gasthaus Blume	Rittersbach Gasthaus Blume	LINESTRING(8.140309 48.686663,8.140263000000001 48.686704600000006)
129	Bühl	M. -Luther-Str. /Arndtstr.	de:08216:34731:0:1	48.691135	8.125226	bus	MATCHED	n3053330881	8.6	0.41	Bühl, Martin-Luther-Straße	272	Bühl Arndtstr./Berliner Str.		LINESTRING(8.125226 48.691135,8.1252312 48.6910578)
130	Bühl	Mehliskopf	de:08216:33117:0:1	48.656949	8.241117	bus	MATCHED	n3073534144	2.6	1.0	Mehliskopf	263	Herrenwies Dorfplatz	Herrenwies Dorfplatz	LINESTRING(8.241117 48.656949,8.241150900000001 48.656953800000004)
131	Bühl	Mehliskopf	de:08216:33117:0:2	48.656985	8.240776	bus	MATCHED	n466333615	2.9	1.0	Mehliskopf	263	Sand Kapelle	Sand Kapelle	LINESTRING(8.240776 48.656985,8.2408072 48.6570005)
132	Bühl	Moos Kindergarten	de:08216:34794:0:1	48.719087	8.065138	bus	MATCHED	n8409739666	1.5	1.0	Moos Kindergarten	275	Oberbruch Seestraße / Moos Mooser Straße	Oberbruch Seestraße / Moos Mooser Straße	LINESTRING(8.065138 48.719087,8.0651584 48.719089700000005)
133	Bühl	Moos Mooser Straße	de:08216:34694:0:1	48.717937	8.063619	bus	MATCHED	n429887914	2.8	1.0	Moos Mooser Straße	268s,275	Moos Kindergarten / Hildmannsfeld Denkmal / Oberbruch Rathaus	Hildmannsfeld Denkmal / Moos Kindergarten	LINESTRING(8.063619 48.717937,8.063583600000001 48.717945300000004)
134	Bühl	Moos Mooser Straße	de:08216:34694:0:2	48.718097	8.064104	bus	MATCHED	n429887912	10.5	1.0	Moos Mooser Straße	268,268s,275	Oberbruch Seestraße / Ulm (Lichtenau) Zinken / Moos Weiherstraße	Moos Weiherstraße	LINESTRING(8.064104 48.718097,8.063971500000001 48.7180619)
135	Bühl	Moos Weiherstraße	de:08216:34693:0:1	48.717	8.061401	bus	MATCHED	n472394607	1.6	1.0	Moos Weiherstraße	268s,275,X34	Zell Wiesenweg / Balzhofen Kirche	Balzhofen Kirche	LINESTRING(8.061401 48.717,8.061400500000001 48.7169855)
136	Bühl	Moos Weiherstraße	de:08216:34693:0:2	48.717072	8.061544	bus	MATCHED	n472394605	0.6	1.0	Moos Weiherstraße	268,268s,275,X34	Ulm (Lichtenau) Rathaus / Ulm (Lichtenau) Zinken / Moos Mooser Straße / Moos Mooser Straße	Moos Mooser Straße / Ulm Zinken / Ulm Rathaus	LINESTRING(8.061544 48.717072,8.0615406 48.7170672)
137	Bühl	Neusatz (Baden) Bach	de:08216:32216:0:1	48.658533	8.162686	bus	MATCHED	n598921796	4.2	1.0	Neusatz Bach	264,264s,273	Neusatz (Baden) Wörth	Neusatz Wörth	LINESTRING(8.162686 48.658533,8.1627358 48.6585521)
138	Bühl	Neusatz (Baden) Bach	de:08216:32216:0:2	48.658693	8.162488	bus	MATCHED	n598921802	6.4	1.0	Neusatz Bach	264,264s,273	Neusatz (Baden) Kirchbühlstraße / Neusatz (Baden) Laube	Neusatz Kirchbühlstraße / Neusatz Laube	LINESTRING(8.162488 48.658693,8.1625697 48.658673500000006)
139	Bühl	Neusatz (Baden) Dreiröhrenbrunnen	de:08216:34605:0:1	48.655127	8.153154	bus	MATCHED	n3045471824	4.9	1.0	Neusatz Dreiröhrenbrunnen	273	Neusatz (Baden) Im Heizler	Neusatz Im Heizler	LINESTRING(8.153154 48.655127,8.1531863 48.655088400000004)
140	Bühl	Neusatz (Baden) Dreiröhrenbrunnen	de:08216:34605:0:2	48.654991	8.153361	bus	MATCHED	n8275217037	2.2	1.0	Neusatz Dreiröhrenbrunnen	273	Neusatz (Baden) Tannenweg	Neusatz Tannenweg	LINESTRING(8.153361 48.654991,8.1533803 48.6550066)
141	Bühl	Neusatz (Baden) Friedhof	de:08216:32215:0:1	48.661595	8.145779	bus	MATCHED	n8996777378	13.2	1.0	Neusatz Friedhof	264,264s	Waldmatt Waldmatt		LINESTRING(8.145779 48.661595,8.1459372 48.6616505)
142	Bühl	Neusatz (Baden) Friedhof	de:08216:32215:0:2	48.661601	8.145627	bus	MATCHED	n8996777376	3.5	1.0	Neusatz Friedhof	264,264s	Neusatz (Baden) Rathaus		LINESTRING(8.145627 48.661601,8.145651500000001 48.661628400000005)
143	Bühl	Neusatz (Baden) Im Heizler	de:08216:34604:0:1	48.656848	8.146228	bus	MATCHED	n1587376858	4.7	1.0	Neusatz Im Heizler	273	Neusatz Rathaus (Drei-Tore)	Neusatz Rathaus (Drei-Tore)	LINESTRING(8.146228 48.656848,8.1462435 48.6568072)
144	Bühl	Neusatz (Baden) Im Heizler	de:08216:34604:0:2	48.656884	8.145905	bus	MATCHED	n8409443464	25.1	1.0	Neusatz Im Heizler	273	Neusatz (Baden) Dreiröhrenbrunnen	Neusatz Dreiröhrenbrunnen	LINESTRING(8.145905 48.656884,8.1461973 48.6567686)
145	Bühl	Neusatz (Baden) Kindergarten	de:08216:34619	48.658237	8.149858		NO_MATCH_AND_SEEMS_UNSERVED								POINT(8.149858 48.658237)
146	Bühl	Neusatz (Baden) Kirchbühlstraße	de:08216:34607:0:1	48.657263	8.158176	bus	MATCHED	n8409443461	0.9	1.0	Neusatz Kirchbühlstraße	273	Neusatz (Baden) Tannenweg	Neusatz Tannenweg	LINESTRING(8.158176 48.657263,8.158168 48.6572691)
147	Bühl	Neusatz (Baden) Kirchbühlstraße	de:08216:34607:0:2	48.657483	8.158113		MATCHED	n446191648	5.1	1.0	Neusatz Kirchbühlstraße			Neusatz Bach	LINESTRING(8.158113 48.657483,8.1581325 48.6574389)
148	Bühl	Neusatz (Baden) Laube	de:08216:32214:0:1	48.657851	8.15699	bus	MATCHED	n599794239	1.5	1.0	Neusatz Laube	264,264s,273	Neusatz (Baden) Bach	Neusatz Bach	LINESTRING(8.15699 48.657851,8.156986100000001 48.657838000000005)
149	Bühl	Neusatz (Baden) Laube	de:08216:32214:0:2	48.657993	8.156577	bus	MATCHED	n599794238	4.3	1.0	Neusatz Laube	264,264s,273	Neusatz (Baden) Rathaus	Neusatz Rathaus	LINESTRING(8.156577 48.657993,8.156632100000001 48.6579799)
150	Bühl	Neusatz (Baden) Löwen	de:08216:32213:0:1	48.661263	8.144144	bus	MATCHED	n3045441225	3.8	1.0	Neusatz Löwen	264,273	Neusatz (Baden) Rathaus / Neusatz Rathaus (Drei-Tore)	Neusatz Rathaus (Drei-Tore) / Neusatz Rathaus	LINESTRING(8.144144 48.661263,8.1441808 48.661239)
151	Bühl	Neusatz (Baden) Löwen	de:08216:32213:0:2	48.661304	8.144333	bus	MATCHED	n3045441224	3.3	1.0	Neusatz Löwen	264,264s,273	Ottersweier Hard / Ottersweier Hub	Ottersweier Hub	LINESTRING(8.144333 48.661304,8.1443708 48.661288400000004)
152	Bühl	Neusatz (Baden) Rathaus	de:08216:33082:1:1	48.658836	8.148259	bus	MATCHED	n3045441223	14.5	1.0	Neusatz Rathaus	264,264s,273	Neusatz (Baden) Im Heizler / Neusatz (Baden) Laube	Neusatz Laube	LINESTRING(8.148259 48.658836,8.148431800000001 48.658774300000005)
153	Bühl	Neusatz (Baden) Rathaus	de:08216:33082:1:2	48.658978	8.148232	bus	MATCHED	n3030756888	3.4	1.0	Neusatz Rathaus	264,264s,273	Neusatz (Baden) Friedhof / Neusatz (Baden) Löwen	Neusatz Löwen	LINESTRING(8.148232 48.658978,8.1482784 48.658974400000005)
154	Bühl	Neusatz (Baden) Tannenweg	de:08216:34606:0:1	48.65562	8.157161	bus	MATCHED	n8409443463	6.9	1.0	Neusatz Tannenweg	273	Neusatz (Baden) Dreiröhrenbrunnen	Neusatz Dreiröhrenbrunnen	LINESTRING(8.157161 48.65562,8.1571408 48.6555594)
155	Bühl	Neusatz (Baden) Tannenweg	de:08216:34606:0:2	48.65537	8.156909	bus	MATCHED	n8409443462	2.9	1.0	Neusatz Tannenweg	273	Neusatz (Baden) Bach	Neusatz Kirchbühlstraße	LINESTRING(8.156909 48.65537,8.1568846 48.655349400000006)
156	Bühl	Neusatz (Baden) Wörth	de:08216:32211:0:1	48.660034	8.16653	bus	MATCHED_AMBIGUOUSLY	n12378271676	17.3	1.0	Neusatz Wörth	264,264s,273	Neusatzeck Kloster		LINESTRING(8.16653 48.660034,8.1665674 48.660188000000005)
157	Bühl	Neusatz (Baden) Wörth	de:08216:32211:0:1	48.660034	8.16653	bus	MATCHED_AMBIGUOUSLY	n599794265	3.9	1.0	Neusatz Wörth	264,264s,273	Neusatzeck Kloster	Neusatzeck Kloster	LINESTRING(8.16653 48.660034,8.1665817 48.6600406)
158	Bühl	Neusatz (Baden) Wörth	de:08216:32211:0:2	48.660058	8.166378	bus	MATCHED	n599794264	6.0	1.0	Neusatz Wörth	264,264s,273	Neusatz (Baden) Bach	Neusatz Bach	LINESTRING(8.166378 48.660058,8.166453 48.6600796)
159	Bühl	Neusatz Rathaus (Drei-Tore)	de:08216:32212:1:1	48.65896	8.147926	bus	MATCHED	n8275217043	6.1	1.0	Neusatz Rathaus (Drei-Tore)	273	Neusatz (Baden) Löwen	Neusatz Löwen	LINESTRING(8.147926 48.65896,8.148006500000001 48.658947000000005)
160	Bühl	Neusatz Rathaus (Drei-Tore)	de:08216:32212:1:2	48.659174	8.14772	bus	MATCHED	n8409443473	18.3	1.0	Neusatz Rathaus (Drei-Tore)	273	Neusatz (Baden) Im Heizler	Neusatz Im Heizler	LINESTRING(8.14772 48.659174,8.1478094 48.659020500000004)
161	Bühl	Neusatzeck Kloster	de:08216:34608:0:1	48.663506	8.1721	bus	MATCHED	n598921852	3.7	1.0	Neusatzeck Kloster	264,264s,273	Immenstein	Immenstein	LINESTRING(8.1721 48.663506,8.1720732 48.6634777)
162	Bühl	Neusatzeck Kloster	de:08216:34608:0:2	48.66395	8.172747	bus	MATCHED	n598921903	3.1	1.0	Neusatzeck Kloster	264,264s,273	Neusatz (Baden) Wörth	Neusatz Wörth	LINESTRING(8.172747 48.66395,8.1727789 48.663968700000005)
163	Bühl	Neusatzeck Sommerseite	de:08216:34663:0:1	48.664662	8.176106	bus	MATCHED	n5071295693	1.7	1.0	Neusatzeck Sommerseite	273	Neusatzeck Kloster	Neusatzeck Kloster	LINESTRING(8.176106 48.664662,8.176095400000001 48.6646489)
164	Bühl	O. -Haefelin/P. -Fischer-S	de:08216:34735:0:1	48.700485	8.127193	bus	MATCHED	n3073185545	7.5	1.0	Bühl O.-Häfelin-/Pr.-Fischer-Str.	271	Bühl Erlenstraße	Bühl Erlenstraße	LINESTRING(8.127193 48.700485,8.127262700000001 48.7005345)
165	Bühl	Oberbruch Böschstraße	de:08216:34864:0:1	48.728622	8.091844	bus	NO_MATCH					268,268s	Vimbuch Apotheke		POINT(8.091844 48.728622)
166	Bühl	Oberbruch Böschstraße	de:08216:34864:0:2	48.72874	8.091826	bus	NO_MATCH					268	Oberbruch Seestraße		POINT(8.091826 48.72874)
167	Bühl	Oberbruch Rathaus	de:08216:34690:0:1	48.725203	8.087739	bus	MATCHED	n472366534	3.2	1.0	Oberbruch Rathaus	268s,275	Moos Mooser Straße / Moos Kindergarten	Moos Kindergarten	LINESTRING(8.087739 48.725203,8.0877543 48.7251757)
168	Bühl	Oberbruch Rathaus	de:08216:34690:0:2	48.725434	8.087829	bus	MATCHED	n472366525	5.1	1.0	Oberbruch Rathaus	268s			LINESTRING(8.087829 48.725434,8.087876 48.7254008)
169	Bühl	Oberbruch Seestraße	de:08216:34689:0:1	48.728817	8.087883	bus	MATCHED	n429887826	2.4	1.0	Oberbruch Seestraße	268,268s,275	Oberbruch Böschstraße / Oberbruch Rathaus	Vimbuch Apotheke / Oberbruch Rathaus	LINESTRING(8.087883 48.728817,8.0878903 48.728796200000005)
170	Bühl	Oberbruch Seestraße	de:08216:34689:0:2	48.728942	8.087919	bus	MATCHED	n429887825	1.6	1.0	Oberbruch Seestraße	268	Hildmannsfeld Denkmal	Hildmannsfeld Denkmal	LINESTRING(8.087919 48.728942,8.087918700000001 48.7289273)
171	Bühl	Oberweier (Bühl) Alte Schule	de:08216:34701:0:1	48.700693	8.109721	bus	MATCHED	n683128860	7.2	1.0	Oberweier Alte Schule	268s,X34	Oberweier (Bühl) Kapellenstr.	Oberweier Kapellenstraße / Bühl Rheintalstraße	LINESTRING(8.109721 48.700693,8.1096521 48.700739000000006)
172	Bühl	Oberweier (Bühl) Alte Schule	de:08216:34701:0:2	48.700794	8.109829	bus	NO_MATCH_BUT_OTHER_PLATFORM_MATCHED					268s,X34	Balzhofen Kirche / Balzhofen Hauptfeld		POINT(8.109829 48.700794)
173	Bühl	Oberweier (Bühl) Kapelle	de:08216:34691:0:1	48.700195	8.111095		MATCHED	n681690211	119.4	1.0	Oberweier Kapelle			Balzhofen Hauptfeld / Balzhofen Kirche	LINESTRING(8.111095 48.700195,8.109785500000001 48.700828800000004)
174	Bühl	Oberweier (Bühl) Kapellenstr. 	de:08216:34846:1:1	48.698084	8.112937	bus	MATCHED	n5841715085	2.2	1.0	Oberweier Kapellenstraße	268s,X34	Oberweier (Bühl) Alte Schule	Oberweier Kapelle	LINESTRING(8.112937 48.698084,8.1129259 48.6980652)
175	Bühl	Oberweier (Bühl) Kapellenstr. 	de:08216:34846:1:2	48.698481	8.112389	bus	MATCHED	n5841714788	1.3	1.0	Oberweier Kapellenstraße	268s,X34	Vimbuch Tullaschule / Bühl Rheintalschule / Bühl Rheintalstraße	Bühl Rheintalstraße	LINESTRING(8.112389 48.698481,8.112405500000001 48.6984848)
176	Bühl	Polizei	de:08216:32222:0:2	48.698914	8.137946		NO_MATCH_AND_SEEMS_UNSERVED								POINT(8.137946 48.698914)
177	Bühl	R-Koch-Str/Bachschlossweg	de:08216:34713:0:1	48.689824	8.139913	bus	MATCHED	n2962472933	0.7	1.0	Bühl R.-Koch-Str./Bachschlossweg	271	Bühl Krankenhaus (R.Koch)	Bühl Krankenhaus / R.-Koch-Str.	LINESTRING(8.139913 48.689824,8.1399218 48.6898222)
178	Bühl	R-Koch-Str/Bachschlossweg	de:08216:34713:0:2	48.689723	8.14003		NO_MATCH_AND_SEEMS_UNSERVED								POINT(8.14003 48.689723)
179	Bühl	Rathaus	de:08216:32221:1:2	48.696062	8.134919	bus	MATCHED	n2929002507	6.3	1.0	Bühl Rathaus	267,268,268s,271,272,273,274,7135	Bühl (Baden) / Bühl R-Koch-Str/Bachschlossweg / Bühl Rheinstraße / Bühl Im Grün / Kappelwindeck Bachschlossschule / Bühl Tankstelle Jäger / Bühl Klostergarten	Bühl Im Grün / Bühl R.-Koch-Str./Bachschlossweg / Bühl Tankstelle Jäger / Bühl Rheinstraße	LINESTRING(8.134919 48.696062,8.1349055 48.6960063)
180	Bühl	Rathaus	de:08216:32221:1:3	48.695873	8.135323	bus	MATCHED	n8222132687	5.9	1.0	Bühl Rathaus	262,263,264,265,266,X44	Bühl Klostergarten / Bühl Bühlertalstr/Hauptstr / Bühl Tankstelle Jäger	Bühl Bühlertalstraße/Hauptstraße / Bühl Klostergarten / Bühl Tankstelle Jäger	LINESTRING(8.135323 48.695873,8.135298200000001 48.6958222)
181	Bühl	Rathaus	de:08216:32221:2:1	48.696098	8.135035	bus	MATCHED	n2929002506	1.3	1.0	Bühl Rathaus	262,263,264,265,266,267,268,268s,271,272,273,274,7135,X44	Bühl (Baden) / Bühl Tankstelle Jäger / Bühl (Baden) / Bühl (Baden) / Bühl (Baden)	Bühl Bahnhof - Bussteig 2 / Bühl Bahnhof - Bussteig 7 / Bühl Bahnhof - Bussteig 3 / Bühl Bahnhof - Bussteig 1	LINESTRING(8.135035 48.696098,8.1350514 48.6961012)
182	Bühl	Rathaus	de:08216:32221:90:91	48.695036	8.135817		NO_MATCH_AND_SEEMS_UNSERVED								POINT(8.135817 48.695036)
183	Bühl	Rathaus	de:08216:32221:90:92	48.695072	8.135682		NO_MATCH_AND_SEEMS_UNSERVED								POINT(8.135682 48.695072)
184	Bühl	Rathaus (Friedrichstr. )	de:08216:32988:0:1	48.696454	8.134676		NO_MATCH_AND_SEEMS_UNSERVED								POINT(8.134676 48.696454)
185	Bühl	Rheinstraße	de:08216:34687:0:1	48.698873	8.134443	bus	MATCHED	n971003426	5.1	1.0	Bühl Rheinstraße	267,268,268s,271,272	Bühl Rathaus	Bühl Rathaus	LINESTRING(8.134443 48.698873,8.1343742 48.6988781)
186	Bühl	Rheinstraße	de:08216:34687:0:2	48.698772	8.135116	bus	MATCHED	n971003398	1.4	1.0	Bühl Rheinstraße	267,268,268s,272	Bühl Industriegebiet	Bühl Industriegebiet	LINESTRING(8.135116 48.698772,8.135106500000001 48.698761600000005)
187	Bühl	Rheintalschule	de:08216:32752:0:1	48.696798	8.117617	bus	MATCHED	n293415997	6.4	0.65	Bühl, Rheintalschule	263,268,268s	Oberweier (Bühl) Kapellenstr. / Bühl Rheintalstraße / Bühl Gymnasium / Bühl (Baden) / Bühl Gymnasium		LINESTRING(8.117617 48.696798,8.1175786 48.696849900000004)
188	Bühl	Rheintalstraße	de:08216:34761:0:1	48.696382	8.120743	bus	MATCHED	n1273058869	2.3	1.0	Bühl Rheintalstraße	268s,X34	Oberweier (Bühl) Kapellenstr.	Oberweier Kapellenstraße	LINESTRING(8.120743 48.696382,8.120727500000001 48.6964004)
189	Bühl	Rheintalstraße	de:08216:34761:0:2	48.69723	8.121147	bus	MATCHED	n1273058922	2.1	1.0	Bühl Rheintalstraße	268s,X34	Bühl Industriegebiet / Bühl (Baden)	Bühl Industriegebiet	LINESTRING(8.121147 48.69723,8.121172300000001 48.697222200000006)
190	Bühl	Riegel Burg Windeck	de:08216:34717:0:1	48.672037	8.158383	bus	MATCHED_THOUGH_REVERSED_DIR	n975897621	1.6	1.0	Riegel Burg Windeck	271	Riegel Gasthaus Rebstock	Riegel Café Jägersteig	LINESTRING(8.158383 48.672037,8.158362200000001 48.672031600000004)
191	Bühl	Riegel Bühlsbergweg	de:08216:34818:0:1	48.677162	8.153217	bus	NO_MATCH					271	Riegel Café Jägersteig		POINT(8.153217 48.677162)
192	Bühl	Riegel Bühlsbergweg	de:08216:34818:0:2	48.677239	8.153271		NO_MATCH_AND_SEEMS_UNSERVED								POINT(8.153271 48.677239)
193	Bühl	Riegel Café Jägersteig	de:08216:34716:0:2	48.676978	8.159137	bus	MATCHED	n3074678651	7.3	1.0	Riegel Café Jägersteig	271	Riegel Burg Windeck / Riegel Gasthaus Rebstock	Riegel Gasthaus Rebstock	LINESTRING(8.159137 48.676978,8.159052500000001 48.6769443)
194	Bühl	Riegel Gasthaus Rebstock	de:08216:34718:0:1	48.678063	8.154358		NO_MATCH_AND_SEEMS_UNSERVED								POINT(8.154358 48.678063)
195	Bühl	Riegel Gasthaus Rebstock	de:08216:34718:0:2	48.678063	8.154762	bus	MATCHED	n3074705878	1.8	1.0	Riegel Gasthaus Rebstock	271	Riegel Haus König	Riegel Haus König	LINESTRING(8.154762 48.678063,8.154738700000001 48.678057)
196	Bühl	Riegel Haus König	de:08216:34719:0:1	48.681059	8.150909	bus	MATCHED	n3074705879	4.0	1.0	Riegel Haus König	271	Kappelwindeck Einsiedelhof	Kappelwindeck Einsiedelhof	LINESTRING(8.150909 48.681059,8.1509487 48.681034200000006)
197	Bühl	Riegel Haus König	de:08216:34719:0:2	48.681077	8.150666		NO_MATCH_AND_SEEMS_UNSERVED								POINT(8.150666 48.681077)
198	Bühl	Rittersbach Gasthaus Blume	de:08216:34714:0:1	48.680323	8.137335		MATCHED	n1320375953	0.7	1.0	Rittersbach Gasthaus Blume			Rittersbach Haus Roth / Rittersbach Haus Schneider	LINESTRING(8.137335 48.680323,8.1373422 48.680318500000006)
199	Bühl	Rittersbach Gasthaus Blume	de:08216:34714:0:2	48.680406	8.137416		MATCHED	n8409443520	0.7	1.0	Rittersbach Gasthaus Blume			Bühl Krankenhaus	LINESTRING(8.137416 48.680406,8.1374259 48.6804062)
200	Bühl	Rittersbach Gasthaus Blume	de:08216:34714:0:3	48.68027	8.137048		MATCHED	n1322527839	3.5	1.0	Rittersbach Gasthaus Blume				LINESTRING(8.137048 48.68027,8.137051000000001 48.6802386)
201	Bühl	Rittersbach Gasthaus Blume	de:08216:34714:0:4	48.680543	8.137111		NO_MATCH_AND_SEEMS_UNSERVED								POINT(8.137111 48.680543)
202	Bühl	Rittersbach Gasthaus Blume	de:08216:34714:1:1	48.680323	8.137335	bus	NO_MATCH_BUT_OTHER_PLATFORM_MATCHED					271,273	Rittersbach Haus Roth / Rittersbach Haus Schneider		POINT(8.137335 48.680323)
203	Bühl	Rittersbach Gasthaus Blume	de:08216:34714:1:2	48.680406	8.137416	bus	NO_MATCH_BUT_OTHER_PLATFORM_MATCHED					273	Bühl Krankenhaus		POINT(8.137416 48.680406)
204	Bühl	Rittersbach Gasthaus Blume	de:08216:34714:2:3	48.68027	8.137048	bus	NO_MATCH_BUT_OTHER_PLATFORM_MATCHED					264s	Kappelwindeck Bachschlossschule		POINT(8.137048 48.68027)
205	Bühl	Rittersbach Gasthaus Blume	de:08216:34714:2:4	48.680543	8.137111	bus	NO_MATCH_BUT_OTHER_PLATFORM_MATCHED					264s	Ottersweier Hub		POINT(8.137111 48.680543)
206	Bühl	Rittersbach Haus Roth	de:08216:34601:0:1	48.677352	8.143533	bus	MATCHED	n8409419016	10.1	1.0	Rittersbach Haus Roth	273	Waldmatt Wolfhagweg	Waldmatt Wolfhagweg	LINESTRING(8.143533 48.677352,8.1435299 48.6774429)
207	Bühl	Rittersbach Haus Roth	de:08216:34601:0:2	48.677435	8.143632	bus	MATCHED	n1322495729	2.6	1.0	Rittersbach Haus Roth	273	Rittersbach Gasthaus Blume	Rittersbach Gasthaus Blume	LINESTRING(8.143632 48.677435,8.143611700000001 48.6774545)
208	Bühl	Rittersbach Haus Schneider	de:08216:34715:0:1	48.678004	8.145132	bus	MATCHED	n1322495724	2.7	1.0	Rittersbach Haus Schneider	271	Riegel Bühlsbergweg	Riegel Burg Windeck	LINESTRING(8.145132 48.678004,8.145168700000001 48.678004400000006)
209	Bühl	Rittersbach Haus Schneider	de:08216:34715:0:2	48.678443	8.144593		NO_MATCH_AND_SEEMS_UNSERVED								POINT(8.144593 48.678443)
210	Bühl	Rittersbach Hubstraße	de:08216:34712:0:1	48.68005	8.136679		NO_MATCH_AND_SEEMS_UNSERVED								POINT(8.136679 48.68005)
211	Bühl	Robert-Bosch-Straße	de:08216:34748:0:1	48.689231	8.118408	bus	MATCHED	n6295719420	4.1	1.0	Bühl Robert-Bosch-Straße	277	Bühl (Baden)		LINESTRING(8.118408 48.689231,8.1183537 48.6892219)
212	Bühl	Sand Berghof	de:08216:34760:0:1	48.658438	8.234757		NO_MATCH_AND_SEEMS_UNSERVED								POINT(8.234757 48.658438)
213	Bühl	Sand Berghof	de:08216:34760:0:2	48.658486	8.234928		NO_MATCH_AND_SEEMS_UNSERVED								POINT(8.234928 48.658486)
214	Bühl	Sand Kapelle	de:08216:33500:0:1	48.657127	8.237282	bus	MATCHED	n3073647112	4.3	1.0	Sand Kapelle	263,264,X45	Wiedenfelsen / Bühlertal Bühlerhöhe/Plättig / Hundseck / Mehliskopf	Hundseck / Mehliskopf / Wiedenfelsen / Hundsbach Aschenplatz / Bühlerhöhe/Plättig	LINESTRING(8.237282 48.657127,8.2372416 48.6571549)
215	Bühl	Schwarzwaldhalle	de:08216:34795:0:1	48.688342	8.128451		NO_MATCH_AND_SEEMS_UNSERVED								POINT(8.128451 48.688342)
216	Bühl	Siemensstraße	de:08216:34732:0:1	48.69624	8.122136	bus	MATCHED	n3073176885	26.9	1.0	Bühl Siemensstraße	271	Bühl Kirchgassweg	Bühl Kirchgassweg	LINESTRING(8.122136 48.69624,8.121852800000001 48.6963931)
217	Bühl	Tankstelle Jäger	de:08216:32219:0:1	48.690542	8.132709	bus	MATCHED	n2962598035	5.7	1.0	Bühl Tankstelle Jäger	7135	Bühl Rathaus / Bühl (Baden) / Bühl Rathaus	Bühl Rathaus	LINESTRING(8.132709 48.690542,8.1327769 48.6905665)
218	Bühl	Tankstelle Jäger	de:08216:32219:0:2	48.690607	8.132556	bus	MATCHED	n2962498943	2.6	1.0	Bühl Tankstelle Jäger	7135	Ottersweier Maria Linden / Bühl Krankenhaus	Ottersweier Maria Linden / Bühl Krankenhaus	LINESTRING(8.132556 48.690607,8.1325389 48.690627000000006)
219	Bühl	Untere Strut	de:08216:34858:0:1	48.71083	8.134398	bus	MATCHED	n8365108038	8.1	1.0	Bühl Untere Strut	272	Bühl Erlenstraße	Bühl Erlenstraße	LINESTRING(8.134398 48.71083,8.1343393 48.7108914)
220	Bühl	Untere Strut	de:08216:34858:0:2	48.710984	8.134496	bus	MATCHED	n8365108039	4.9	1.0	Bühl Untere Strut	272	Weitenung Friedhof	Weitenung Friedhof	LINESTRING(8.134496 48.710984,8.1345499 48.710958700000006)
221	Bühl	Unterstmatt	de:08216:34754:0:1	48.629479	8.206811	bus	MATCHED	n3073684082	6.5	1.0	Unterstmatt	423	Hundseck / Kaltenbrunnen L86 / Kaltenbrunnen (B 500)	Kaltenbrunnen B500 / Hundseck / Kaltenbrunnen L86	LINESTRING(8.206811 48.629479,8.206846 48.629425000000005)
222	Bühl	Vimbuch Apotheke	de:08216:34683:0:1	48.722453	8.113009	bus	MATCHED	n683855229	3.8	1.0	Vimbuch Apotheke	267,268,268s,275	Vimbuch Rathaus / Vimbuch Tullaschule	Vimbuch Tullaschule / Vimbuch Rathaus	LINESTRING(8.113009 48.722453,8.11297 48.7224756)
223	Bühl	Vimbuch Apotheke	de:08216:34683:0:2	48.722002	8.113485	bus	MATCHED	n1760892409	5.0	1.0	Vimbuch Apotheke	267,268,275	Weitenung Ottenhofen / Oberbruch Böschstraße / Vimbuch Vimbuch-Center	Oberbruch Seestraße / Vimbuch-Center / Weitenung Ottenhofen	LINESTRING(8.113485 48.722002,8.113462100000001 48.7220445)
224	Bühl	Vimbuch Oberhof	de:08216:34685:0:1	48.713889	8.114733	bus	MATCHED	n681690375	5.3	1.0	Vimbuch Oberhof	267,268	Bühl Industriegebiet	Bühl Industriegebiet	LINESTRING(8.114733 48.713889,8.1146612 48.713890400000004)
225	Bühl	Vimbuch Oberhof	de:08216:34685:0:2	48.71329	8.115003	bus	MATCHED	n2931181989	29.7	1.0	Vimbuch Oberhof	267,268	Vimbuch Rathaus	Vimbuch Rathaus	LINESTRING(8.115003 48.71329,8.1150292 48.7130233)
226	Bühl	Vimbuch Rathaus	de:08216:34684:0:1	48.717729	8.115695	bus	MATCHED	n656204700	3.9	1.0	Vimbuch Rathaus	267,268,268s,275	Vimbuch Oberhof / Balzhofen Hauptfeld	Balzhofen Hauptfeld / Vimbuch Oberhof	LINESTRING(8.115695 48.717729,8.1156436 48.7177208)
227	Bühl	Vimbuch Rathaus	de:08216:34684:0:2	48.717558	8.115758	bus	MATCHED	n656204695	5.8	1.0	Vimbuch Rathaus	267,268,275	Vimbuch Tullaschule / Vimbuch Apotheke	Vimbuch Apotheke	LINESTRING(8.115758 48.717558,8.1157305 48.717509)
228	Bühl	Vimbuch Tullaschule	de:08216:34725:0:1	48.720159	8.110754	bus	MATCHED	n8409739669	7.7	1.0	Vimbuch Tullaschule	268s,275	Vimbuch Apotheke / Vimbuch Rathaus / Oberweier (Bühl) Kapellenstr.	Vimbuch Rathaus	LINESTRING(8.110754 48.720159,8.1106554 48.720182400000006)
229	Bühl	Vimbuch TÜV	de:08216:34807:0:1	48.714653	8.121803	bus	MATCHED	n922961860	0.6	1.0	Vimbuch TÜV	272	Vimbuch Werkstraße	Vimbuch Werkstraße	LINESTRING(8.121803 48.714653,8.1218099 48.7146552)
230	Bühl	Vimbuch TÜV	de:08216:34807:0:2	48.714695	8.121677	bus	MATCHED	n703412524	5.1	1.0	Vimbuch TÜV	272	Bühl Dieselstraße	Bühl LuK (Dieselstr.)	LINESTRING(8.121677 48.714695,8.121685300000001 48.7147408)
231	Bühl	Vimbuch Vimbuch-Center	de:08216:34776:0:1	48.724491	8.109748	bus	MATCHED	n8409739671	29.7	1.0	Vimbuch-Center	275	Vimbuch Apotheke	Vimbuch Apotheke	LINESTRING(8.109748 48.724491,8.1093615 48.7245694)
232	Bühl	Vimbuch Werkstraße	de:08216:34750:0:1	48.718808	8.121031	bus	MATCHED	n539804072	2.0	1.0	Vimbuch Werkstraße	272	Weitenung Ottenhofen	Weitenung Ottenhofen	LINESTRING(8.121031 48.718808,8.1210488 48.7188211)
233	Bühl	Vimbuch Werkstraße	de:08216:34750:0:2	48.719104	8.120626	bus	MATCHED	n8406005417	30.9	1.0	Vimbuch Werkstraße	272	Vimbuch TÜV	Vimbuch TÜV	LINESTRING(8.120626 48.719104,8.1208062 48.718852600000005)
234	Bühl	Waldmatt Panoramastraße	de:08216:34603:0:1	48.669254	8.147531	bus	MATCHED	n8409443498	3.4	1.0	Waldmatt Panoramastraße	273	Ottersweier Hard	Waldmatt Hard	LINESTRING(8.147531 48.669254,8.1475022 48.6692776)
235	Bühl	Waldmatt Panoramastraße	de:08216:34603:0:2	48.669023	8.147738	bus	MATCHED	n3045471827	39.9	1.0	Waldmatt Panoramastraße	273	Waldmatt Waldmatt	Waldmatt	LINESTRING(8.147738 48.669023,8.147320800000001 48.6692527)
236	Bühl	Waldmatt Waldmatt	de:08216:32207:0:1	48.669616	8.15063	bus	MATCHED	n3045471826	3.8	1.0	Waldmatt	264,264s,273	Waldmatt Panoramastraße / Ottersweier Hard	Waldmatt Panoramastraße	LINESTRING(8.15063 48.669616,8.1505919 48.669639100000005)
237	Bühl	Waldmatt Waldmatt	de:08216:32207:0:2	48.66951	8.150172	bus	MATCHED	n8275210057	1.1	1.0	Waldmatt	264,264s,273	Waldmatt Wolfhagweg / Neusatz (Baden) Friedhof	Waldmatt Wolfhagweg	LINESTRING(8.150172 48.66951,8.150176400000001 48.6695008)
238	Bühl	Waldmatt Wolfhagweg	de:08216:34602:0:1	48.671918	8.148636	bus	MATCHED	n3045471825	1.2	1.0	Waldmatt Wolfhagweg	273	Waldmatt Waldmatt	Waldmatt	LINESTRING(8.148636 48.671918,8.148634300000001 48.6719291)
239	Bühl	Waldmatt Wolfhagweg	de:08216:34602:0:2	48.671948	8.148825	bus	MATCHED	n8409419013	7.3	1.0	Waldmatt Wolfhagweg	273	Rittersbach Haus Roth	Rittersbach Haus Roth	LINESTRING(8.148825 48.671948,8.1489211 48.671933200000005)
240	Bühl	Weitenung Alte Post	de:08216:34742:0:1	48.741188	8.128199	bus	MATCHED	n648231765	0.4	1.0	Weitenung Post	267,268s,272	Weitenung Kirchstraße / Moos Mooser Straße	Weitenung Kirchstraße	LINESTRING(8.128199 48.741188,8.1281987 48.7411918)
241	Bühl	Weitenung Alte Post	de:08216:34742:0:2	48.741058	8.12819	bus	NO_MATCH_BUT_OTHER_PLATFORM_MATCHED					267	Weitenung Witstunger Str.		POINT(8.12819 48.741058)
242	Bühl	Weitenung Canadastraße	de:08216:34739:0:1	48.734932	8.132781	bus	MATCHED	n878590473	2.1	1.0	Weitenung Canadastraße	272	Weitenung Yburgstraße	Weitenung Yburgstraße	LINESTRING(8.132781 48.734932,8.1327542 48.7349248)
243	Bühl	Weitenung Friedhof	de:08216:32377:0:1	48.737598	8.13376	bus	MATCHED	n709002185	10.4	1.0	Weitenung Friedhof	211,262,272	Weitenung Tankstelle Huck	Weitenung Tankstelle Huck	LINESTRING(8.13376 48.737598,8.133627 48.7376306)
244	Bühl	Weitenung Friedhof	de:08216:32377:0:2	48.737474	8.133751	bus	MATCHED	n18310966	7.8	1.0	Weitenung Friedhof	211,262,272	Baden-Baden Rebland / Bühl Untere Strut	Steinbach Rebland / Bühl Untere Strut	LINESTRING(8.133751 48.737474,8.1336464 48.737488000000006)
245	Bühl	Weitenung Gottesacker	de:08216:32208:0:1	48.741846	8.132511	bus	NO_MATCH					211,262,267,268s,292	Weitenung Witstunger Str. / Müllhofen		POINT(8.132511 48.741846)
246	Bühl	Weitenung Gottesacker	de:08216:32208:0:2	48.741757	8.131775	bus	NO_MATCH					211,262,267,292	Weitenung Pfarrhaus / Weitenung Tankstelle Huck		POINT(8.131775 48.741757)
247	Bühl	Weitenung Kirchstraße	de:08216:31009:0:1	48.738469	8.126331	bus	MATCHED	n494237976	3.4	1.0	Weitenung Kirchstraße	272	Weitenung Wiesenweg	Weitenung Wiesenweg	LINESTRING(8.126331 48.738469,8.1263676 48.738449700000004)
248	Bühl	Weitenung Ottenhofen	de:08216:34682:0:1	48.733972	8.130005	bus	MATCHED	n539757524	6.0	1.0	Weitenung Ottenhofen	267,272	Vimbuch Werkstraße / Vimbuch Apotheke	Vimbuch Apotheke / Vimbuch Werkstraße	LINESTRING(8.130005 48.733972,8.1299664 48.733924)
249	Bühl	Weitenung Ottenhofen	de:08216:34682:0:2	48.734103	8.130158	bus	MATCHED	n539757527	1.8	1.0	Weitenung Ottenhofen	267,268s,272	Weitenung Canadastraße / Weitenung Tankstelle Huck	Weitenung Canadastraße / Weitenung Tankstelle Huck	LINESTRING(8.130158 48.734103,8.130183 48.734104800000004)
250	Bühl	Weitenung Pfarrhaus	de:08216:34688:0:1	48.740234	8.127436	bus	MATCHED_THOUGH_REVERSED_DIR	n3074609151	12.2	1.0	Weitenung Pfarrhaus	267,292	Leiberstung Grundschule / Leiberstung Weitenunger Str.	Weitenung Tankstelle Huck	LINESTRING(8.127436 48.740234,8.127444500000001 48.740124200000004)
251	Bühl	Weitenung Pfarrhaus	de:08216:34688:0:2	48.740187	8.127319	bus	MATCHED_THOUGH_REVERSED_DIR	n494237979	10.7	1.0	Weitenung Pfarrhaus	267,292	Weitenung Tankstelle Huck / Weitenung Gottesacker	Leiberstung Weitenunger Str.	LINESTRING(8.127319 48.740187,8.1274488 48.740229600000006)
252	Bühl	Weitenung Rathaus	de:08216:34707:0:1	48.74014	8.130032		MATCHED	n4462164688	0.2	1.0	Weitenung Rathaus				LINESTRING(8.130032 48.74014,8.1300328 48.7401416)
253	Bühl	Weitenung Rathaus	de:08216:34707:0:2	48.740187	8.129879		MATCHED	n4462163336	6.3	1.0	Weitenung Rathaus			Leiberstung Grundschule	LINESTRING(8.129879 48.740187,8.129873400000001 48.740130300000004)
254	Bühl	Weitenung Tankstelle Huck	de:08216:32206:0:1	48.739482	8.129861	bus	MATCHED	n705888719	0.7	1.0	Weitenung Tankstelle Huck	211,262,267,268s,272	Weitenung Witstunger Str. / Weitenung Pfarrhaus / Weitenung Gottesacker	Weitenung Witstunger Straße / Müllhofen / Weitenung Pfarrhaus	LINESTRING(8.129861 48.739482,8.1298676 48.7394775)
255	Bühl	Weitenung Tankstelle Huck	de:08216:32206:0:2	48.739156	8.12969	bus	MATCHED	n705888707	4.5	1.0	Weitenung Tankstelle Huck	211,262,267	Weitenung Friedhof / Weitenung Ottenhofen	Weitenung Ottenhofen / Weitenung Friedhof	LINESTRING(8.12969 48.739156,8.1296566 48.739190400000005)
256	Bühl	Weitenung Wiesenweg	de:08216:31010:0:1	48.738202	8.128675	bus	MATCHED	n3030182786	15.2	1.0	Weitenung Wiesenweg	272	Weitenung Ottenhofen / Weitenung Friedhof	Weitenung Friedhof / Weitenung Ottenhofen	LINESTRING(8.128675 48.738202,8.128468100000001 48.7382068)
257	Bühl	Weitenung Witstunger Str. 	de:08216:34741:0:1	48.743179	8.130786	bus	MATCHED	n648231951	7.3	1.0	Weitenung Witstunger Straße	267,268s,272	Weitenung Alte Post	Weitenung Post	LINESTRING(8.130786 48.743179,8.1308456 48.7431263)
258	Bühl	Weitenung Witstunger Str. 	de:08216:34741:0:2	48.743102	8.13067	bus	NO_MATCH_BUT_OTHER_PLATFORM_MATCHED					267	Weitenung Gottesacker		POINT(8.13067 48.743102)
259	Bühl	Weitenung Yburgstraße	de:08216:34740:0:1	48.736271	8.135233	bus	MATCHED	n878590119	0.9	1.0	Weitenung Yburgstraße	272	Weitenung Friedhof	Weitenung Friedhof	LINESTRING(8.135233 48.736271,8.1352312 48.7362789)
260	Bühlertal	Abzw. Burg Windeck	de:08216:34758:0:1	48.669035	8.18235	bus	MATCHED	n782611037	2.1	1.0	Bühlertal Abzweig Burg Windeck	264,264s	Bühlertal Buchkopf / Bühlertal Schindelpeter	Bühlertal Buchkopf	LINESTRING(8.18235 48.669035,8.182355300000001 48.6690161)
261	Bühlertal	Abzw. Burg Windeck	de:08216:34758:0:2	48.669065	8.182188	bus	MATCHED	n782637405	4.2	1.0	Bühlertal Abzweig Burg Windeck	264,264s	Immenstein	Immenstein	LINESTRING(8.182188 48.669065,8.182209 48.6690303)
262	Bühlertal	Adlergasse	de:08216:32205:0:1	48.695505	8.174921	bus	MATCHED	n360037685	4.0	1.0	Bühlertal Adlergasse	263,264s	Altschweier Tankstelle	Altschweier Tankstelle	LINESTRING(8.174921 48.695505,8.1748712 48.695491600000004)
263	Bühlertal	Altes Feuerwehrhaus	de:08216:12027:0:1	48.682346	8.190003	bus	MATCHED	n6295719432	3.0	0.84	Bühlertal Altes Feuerwehrhaus	281	Bühlertal Sandgrube	Bühlertal Sandgrube	LINESTRING(8.190003 48.682346,8.1900071 48.6823192)
264	Bühlertal	Am Rebhang	de:08216:12024:0:1	48.698938	8.190632	bus	MATCHED	n9340860130	16.6	0.44	Bühlertal Am Rebhang	281	Bühlertal Wintereck / Bühlertal Liehenbachkapelle	Bühlertal Wintereck	LINESTRING(8.190632 48.698938,8.1904766 48.69883)
265	Bühlertal	Am Rebhang	de:08216:12024:0:2	48.699335	8.190812		NO_MATCH_AND_SEEMS_UNSERVED								POINT(8.190812 48.699335)
266	Bühlertal	Boosweg	de:08216:12014:0:1	48.665321	8.194522	bus	MATCHED	n782547164	1.4	0.9	Bühlertal Boosweg	281	Bühlertal Denni	Bühlertal Denni	LINESTRING(8.194522 48.665321,8.194509700000001 48.6653304)
267	Bühlertal	Bosch	de:08216:32204:0:1	48.694082	8.175837	bus	MATCHED	n360039542	4.8	1.0	Bosch	263,264s	Bühlertal Schwimmbad	Bühlertal Oberer Mocken / Bühlertal Franziska-Höll-Schule / Bühlertal Schwimmbad	LINESTRING(8.175837 48.694082,8.175826200000001 48.694039000000004)
268	Bühlertal	Boschbrücke	de:08216:12020:0:1	48.694082	8.176816	bus	NO_MATCH					281	Bühlertal Oberer Mocken / Bühlertal Wintereck / Bühlertal Klotzberg		POINT(8.176816 48.694082)
269	Bühlertal	Boschbrücke	de:08216:12020:0:2	48.694028	8.176897		NO_MATCH_AND_SEEMS_UNSERVED								POINT(8.176897 48.694028)
270	Bühlertal	Breitmatt	de:08216:12010:0:1	48.682215	8.191081	bus	MATCHED	n9681127825	2.1	0.83	Bühlertal Breitmatt	281	Bühlertal Josef-Schofer Schule / Bühlertal Post	Bühlertal Parkdeck	LINESTRING(8.191081 48.682215,8.1910559 48.6822236)
271	Bühlertal	Breitmatt	de:08216:12010:0:2	48.682387	8.191387		NO_MATCH_AND_SEEMS_UNSERVED								POINT(8.191387 48.682387)
272	Bühlertal	Buchkopf	de:08216:32203:0:1	48.674587	8.183877	bus	MATCHED	n782613808	1.0	1.0	Bühlertal Buchkopf	263,264,264s,281	Bühlertal Abzw. Burg Windeck / Bühlertal Schwarzwasen	Bühlertal Abzweig Burg Windeck / Bühlertal Schwarzwasen	LINESTRING(8.183877 48.674587,8.1838782 48.674595700000005)
273	Bühlertal	Buchkopf	de:08216:32203:0:2	48.674321	8.183742	bus	MATCHED	n3634349016	11.5	1.0	Bühlertal Buchkopf	263,264,264s	Bühlertal Lochweg	Bühlertal Lochweg	LINESTRING(8.183742 48.674321,8.183843300000001 48.6744001)
274	Bühlertal	Bühlerhöhe/Plättig	de:08216:32218:0:1	48.670429	8.232431	bus	MATCHED_THOUGH_REVERSED_DIR	n3166377921	17.9	1.0	Bühlerhöhe/Plättig	X45	Baden-Baden Dr. Fecht Waldheim	Sand Kapelle	LINESTRING(8.232431 48.670429,8.232187600000001 48.6704328)
275	Bühlertal	Bühlerhöhe/Plättig	de:08216:32218:0:2	48.670488	8.232269	bus	MATCHED_THOUGH_REVERSED_DIR	n8684390938	10.1	1.0	Bühlerhöhe/Plättig	X45	Sand Kapelle	Dr. Fecht Waldheim	LINESTRING(8.232269 48.670488,8.232397200000001 48.67045460000001)
276	Bühlertal	Denni	de:08216:12016:0:1	48.669189	8.19692	bus	MATCHED	n3634363802	2.2	0.87	Bühlertal Denni	281	Bühlertal Wiedenbach	Bühlertal Wiedenbach	LINESTRING(8.19692 48.669189,8.1969457 48.669178800000005)
277	Bühlertal	Eichwald	de:08216:32202:0:1	48.67718	8.196067	bus	MATCHED	n369831428	8.7	1.0	Bühlertal Eichwald	263,264s,281	Bühlertal Friedhof Obertal / Bühlertal Josef-Schofer Schule / Bühlertal Schindelpeter	Bühlertal Schindelpeter / Bühlertal Friedhof Obertal	LINESTRING(8.196067 48.67718,8.1960739 48.677101500000006)
278	Bühlertal	Eichwald	de:08216:32202:0:2	48.676794	8.196336	bus	MATCHED	n369831432	7.1	1.0	Bühlertal Eichwald	263,264s,281	Bühlertal Post	Bühlertal Post	LINESTRING(8.196336 48.676794,8.1964231 48.6768213)
279	Bühlertal	Eichwaldstraße	de:08216:30168:0:1	48.676806	8.195438	bus	MATCHED	n6295719444	3.0	1.0	Bühlertal Eichwaldstraße	264,264s	Bühlertal Schindelpeter / Bühlertal Schindelpeter	Bühlertal Schindelpeter	LINESTRING(8.195438 48.676806,8.195396800000001 48.676804600000004)
280	Bühlertal	Eugen-Seelos-Weg	de:08216:12012:0:1	48.668175	8.187659	bus	NO_MATCH					281	Bühlertal Steckenhalt		POINT(8.187659 48.668175)
281	Bühlertal	Franziska-H. Schule	de:08216:12019:0:1	48.695036	8.179071	bus	MATCHED	n6295719431	1.3	0.79	Bühlertal Franziska-Höll-Schule	281	Bühlertal Friedhof Untertal / Bühlertal Altes Feuerwehrhaus / Bühlertal Friedhof Obertal / Bühlertal Boschbrücke / Bühlertal Wintereck	Bühlertal Friedhof Untertal / Bosch	LINESTRING(8.179071 48.695036,8.1790582 48.69504370000001)
282	Bühlertal	Friedhof Obertal	de:08216:32201:0:1	48.677518	8.190794	bus	MATCHED	n782620171	9.3	1.0	Bühlertal Friedhof Obertal	263,264,264s,281	Bühlertal Schönbüch	Bühlertal Schönbüch	LINESTRING(8.190794 48.677518,8.1908695 48.6775856)
283	Bühlertal	Friedhof Obertal	de:08216:32201:0:2	48.677482	8.190902	bus	MATCHED	n4000895516	2.0	1.0	Bühlertal Friedhof Obertal	263,264,264s	Bühlertal Eichwaldstraße / Bühlertal Schindelpeter	Bühlertal Eichwaldstraße	LINESTRING(8.190902 48.677482,8.1909285 48.6774828)
284	Bühlertal	Friedhof Untertal	de:08216:12026:0:1	48.696139	8.182404	bus	MATCHED	n9340860128	5.9	0.66	Bühlertal Friedhof Untertal	281	Bühlertal Franziska-H. Schule / Bühlertal Liehenbachkapelle	Bühlertal Liehenbachkapelle	LINESTRING(8.182404 48.696139,8.1824796 48.696156800000004)
285	Bühlertal	Friedhof Untertal	de:08216:12026:0:2	48.696258	8.182377		NO_MATCH_AND_SEEMS_UNSERVED								POINT(8.182377 48.696258)
286	Bühlertal	Geiserschmiede	de:08216:32199:0:1	48.69015	8.181335		MATCHED	n8238320442	65.4	1.0	Bühlertal Geiserschmiede			Bühlertal Schwimmbad	LINESTRING(8.181335 48.69015,8.1816213 48.689592600000005)
287	Bühlertal	Geiserschmiede	de:08216:32199:0:2	48.68964	8.181694	bus	MATCHED	n3073617102	12.0	1.0	Bühlertal Geiserschmiede	263,264s,281	Bühlertal Liehenbachstr./Seniorenz. / Bühlertal Franziska-H. Schule	Bühlertal Liehenbachstr./Seniorenzentrum	LINESTRING(8.181694 48.68964,8.1818272 48.689577)
288	Bühlertal	Geisloch	de:08216:12001:0:1	48.685673	8.206371	bus	MATCHED	n9681127861	1.4	0.86	Bühlertal Geisloch	281	Bühlertal Goldbergweg		LINESTRING(8.206371 48.685673,8.2063875 48.685679400000005)
289	Bühlertal	Geisloch	de:08216:12001:0:2	48.685679	8.206155		MATCHED	n9340860132	3.8	0.7	Bühlertal Geisloch			Bühlertal Goldbergweg	LINESTRING(8.206155 48.685679,8.206206400000001 48.6856802)
290	Bühlertal	Gertelbachstraße	de:08216:32200:0:1	48.670453	8.200594	bus	MATCHED	n1794863258	8.7	1.0	Bühlertal Gertelbachstraße	263,264	Wiedenfelsen	Wiedenfelsen	LINESTRING(8.200594 48.670453,8.2006505 48.6703843)
291	Bühlertal	Gertelbachstraße	de:08216:32200:0:2	48.670453	8.200819	bus	MATCHED	n1794863257	4.9	1.0	Bühlertal Gertelbachstraße	263,264	Bühlertal Schindelpeter	Bühlertal Schindelpeter	LINESTRING(8.200819 48.670453,8.2008487 48.670413100000005)
292	Bühlertal	Goldbergweg	de:08216:12002:0:1	48.687719	8.204852	bus	MATCHED	n9340860134	2.8	0.86	Bühlertal Goldbergweg	281	Bühlertal Geisloch	Bühlertal Geisloch	LINESTRING(8.204852 48.687719,8.204845200000001 48.687744)
293	Bühlertal	Goldbergweg	de:08216:12002:0:2	48.688128	8.204906	bus	MATCHED	n9340860133	3.4	0.84	Bühlertal Goldbergweg	281	Bühlertal Obere Büchelbach	Bühlertal Obere Büchelbach	LINESTRING(8.204906 48.688128,8.2049518 48.6881331)
294	Bühlertal	Haaberg Mitte	de:08216:12008:0:1	48.682488	8.184766	bus	MATCHED	n8248607521	4.4	0.81	Bühlertal Haaberg Mitte	281	Bühlertal Oberer Haaberg	Bühlertal Oberer Haaberg	LINESTRING(8.184766 48.682488,8.1848262 48.682489800000006)
295	Bühlertal	Haaberg Mitte	de:08216:12008:0:2	48.682381	8.184766	bus	NO_MATCH_BUT_OTHER_PLATFORM_MATCHED					281	Bühlertal Sandgrube		POINT(8.184766 48.682381)
296	Bühlertal	Hirschbach	de:08216:12005:0:1	48.682832	8.196103	bus	MATCHED	n9340860139	8.7	0.71	Bühlertal Hirschbach	281	Bühlertal Untere Büchelbach	Bühlertal Obere Büchelbach	LINESTRING(8.196103 48.682832,8.1961656 48.682898300000005)
297	Bühlertal	Hirschbach	de:08216:12005:0:2	48.682696	8.195806	bus	MATCHED	n1350642422	0.5	0.95	Bühlertal Hirschbach	281	Bühlertal Parkdeck	Bühlertal Parkdeck	LINESTRING(8.195806 48.682696,8.1958117 48.682699)
298	Bühlertal	Josef-Schofer Schule	de:08216:12018:0:1	48.676367	8.195267	bus	MATCHED	n6295719443	3.6	0.67	Bühlertal Dr. Josef-Schofer-Schule	281	Bühlertal Friedhof Obertal / Bühlertal Post / Bühlertal Altes Feuerwehrhaus		LINESTRING(8.195267 48.676367,8.1953098 48.6763835)
299	Bühlertal	Klotzberg	de:08216:12021:0:1	48.688093	8.167348	bus	MATCHED	n8612081376	7.9	1.0	Bühlertal Klotzberg	281	Bühlertal Oberer Mocken / Bühlertal Schwimmbad / Bühlertal Josef-Schofer Schule		LINESTRING(8.167348 48.688093,8.1673278 48.6880229)
300	Bühlertal	Liehenbachkapelle	de:08216:12025:0:1	48.697912	8.185323	bus	MATCHED	n9340860129	5.7	0.67	Bühlertal Liehenbachkapelle	281	Bühlertal Friedhof Untertal / Bühlertal Am Rebhang	Bühlertal Am Rebhang	LINESTRING(8.185323 48.697912,8.1853804 48.6979466)
301	Bühlertal	Liehenbachkapelle	de:08216:12025:0:2	48.698167	8.185718		NO_MATCH_AND_SEEMS_UNSERVED								POINT(8.185718 48.698167)
302	Bühlertal	Liehenbachstr. /Seniorenz.	de:08216:32198:0:1	48.6949	8.180032	bus	MATCHED	n3073608393	2.3	1.0	Bühlertal Liehenbachstr./Seniorenzentrum	263,264s	Bühlertal Adlergasse	Bühlertal Adlergasse	LINESTRING(8.180032 48.6949,8.1800607 48.6948908)
303	Bühlertal	Lochweg	de:08216:32197:0:1	48.673727	8.187497	bus	MATCHED	n991722291	1.6	1.0	Bühlertal Lochweg	263,264,264s,281	Bühlertal Buchkopf	Bühlertal Buchkopf	LINESTRING(8.187497 48.673727,8.1874812 48.673716600000006)
304	Bühlertal	Lochweg	de:08216:32197:0:2	48.673822	8.187749	bus	MATCHED	n8238586069	1.5	1.0	Bühlertal Lochweg	263,264,264s	Bühlertal Schönbüch	Bühlertal Schönbüch	LINESTRING(8.187749 48.673822,8.1877676 48.673828)
305	Bühlertal	Obere Büchelbach	de:08216:12003:0:1	48.686414	8.203442	bus	MATCHED	n9340860135	9.0	0.71	Bühlertal Obere Büchelbach	281	Bühlertal Goldbergweg	Bühlertal Goldbergweg	LINESTRING(8.203442 48.686414,8.203333800000001 48.686452300000006)
306	Bühlertal	Obere Büchelbach	de:08216:12003:0:2	48.686414	8.201744	bus	MATCHED	n9340860136	1.4	0.91	Bühlertal Obere Büchelbach	281	Bühlertal Untere Büchelbach	Bühlertal Untere Büchelbach	LINESTRING(8.201744 48.686414,8.201743200000001 48.686401800000006)
307	Bühlertal	Oberer Haaberg	de:08216:12007:0:1	48.681776	8.181254	bus	NO_MATCH_BUT_OTHER_PLATFORM_MATCHED					281	Bühlertal Parkdeck / Bühlertal Haaberg Mitte		POINT(8.181254 48.681776)
308	Bühlertal	Oberer Haaberg	de:08216:12007:0:2	48.681842	8.181254		MATCHED	n9340860131	6.3	0.59	Bühlertal Oberer Haaberg			Bühlertal Breitmatt	LINESTRING(8.181254 48.681842,8.1811734 48.6818225)
309	Bühlertal	Oberer Mocken	de:08216:12022:0:1	48.692261	8.172118	bus	MATCHED_AMBIGUOUSLY	n8990486465	14.8	1.0	Bühlertal Oberer Mocken	281	Bühlertal Klotzberg / Bühlertal Franziska-H. Schule		LINESTRING(8.172118 48.692261,8.172284000000001 48.692186)
310	Bühlertal	Oberer Mocken	de:08216:12022:0:1	48.692261	8.172118	bus	MATCHED_AMBIGUOUSLY	n8990486462	10.2	1.0	Bühlertal Oberer Mocken	281	Bühlertal Klotzberg / Bühlertal Franziska-H. Schule	Bühlertal Schwimmbad	LINESTRING(8.172118 48.692261,8.172255700000001 48.6922688)
311	Bühlertal	Oberer Mocken	de:08216:12022:0:2	48.692178	8.17219		NO_MATCH_AND_SEEMS_UNSERVED								POINT(8.17219 48.692178)
312	Bühlertal	Parkdeck	de:08216:12006:0:1	48.682642	8.192114	bus	MATCHED	n1356786835	1.7	0.9	Bühlertal Parkdeck	281	Bühlertal Oberer Haaberg / Bühlertal Post	Bühlertal Post	LINESTRING(8.192114 48.682642,8.192091000000001 48.6826451)
313	Bühlertal	Parkdeck	de:08216:12006:0:2	48.682417	8.192438	bus	MATCHED	n1356786834	1.7	0.9	Bühlertal Parkdeck	281	Bühlertal Hirschbach	Bühlertal Hirschbach	LINESTRING(8.192438 48.682417,8.1924609 48.682420500000006)
314	Bühlertal	Post	de:08216:32196:0:1	48.683609	8.190803	bus	MATCHED	n369830873	1.4	1.0	Bühlertal Post	263,264s,281	Bühlertal Altes Feuerwehrhaus / Bühlertal Eichwald	Bühlertal Altes Feuerwehrhaus / Bühlertal Eichwald	LINESTRING(8.190803 48.683609,8.1908204 48.683604800000005)
315	Bühlertal	Post	de:08216:32196:0:2	48.683817	8.190695	bus	MATCHED	n369830875	0.6	1.0	Bühlertal Post	263,264s,281	Bühlertal Schwimmbad	Bühlertal Schwimmbad	LINESTRING(8.190695 48.683817,8.1907019 48.6838199)
316	Bühlertal	Sandgrube	de:08216:12009:0:1	48.682126	8.18641	bus	MATCHED	n3689229792	2.7	0.86	Bühlertal Sandgrube	281	Bühlertal Haaberg Mitte	Bühlertal Haaberg Mitte	LINESTRING(8.18641 48.682126,8.1864287 48.682105)
317	Bühlertal	Sandgrube	de:08216:12009:0:2	48.682055	8.186482	bus	MATCHED	n3689229793	1.4	0.86	Bühlertal Sandgrube	281	Bühlertal Breitmatt		LINESTRING(8.186482 48.682055,8.186489 48.682067)
318	Bühlertal	Schindelpeter	de:08216:32195:0:1	48.674	8.1956	bus	MATCHED	n3711603183	6.2	1.0	Bühlertal Schindelpeter	263,264,264s	Bühlertal Friedhof Obertal / Bühlertal Gertelbachstraße / Bühlertal Abzw. Burg Windeck	Bühlertal Gertelbachstraße	LINESTRING(8.1956 48.674,8.195614500000001 48.673945100000005)
319	Bühlertal	Schindelpeter	de:08216:32195:0:2	48.673941	8.19604	bus	MATCHED	n369831410	2.1	1.0	Bühlertal Schindelpeter	263,264,264s,281	Bühlertal Friedhof Obertal / Bühlertal Eichwald / Bühlertal Josef-Schofer Schule	Bühlertal Eichwald / Bühlertal Friedhof Obertal	LINESTRING(8.19604 48.673941,8.1960117 48.673940800000004)
320	Bühlertal	Schwarzwasen	de:08216:12015:0:1	48.67136	8.183607	bus	MATCHED	n9340981516	122.6	0.26	Bühlertal Schwarzwasen	281	Bühlertal Eugen-Seelos-Weg	Bühlertal Steckenhalt	LINESTRING(8.183607 48.67136,8.183649 48.6702572)
321	Bühlertal	Schwimmbad	de:08216:32194:0:1	48.687132	8.186159	bus	MATCHED	n366634742	3.8	1.0	Bühlertal Schwimmbad	263,264s,281	Bühlertal Post	Bühlertal Post	LINESTRING(8.186159 48.687132,8.1861232 48.6871072)
322	Bühlertal	Schwimmbad	de:08216:32194:0:2	48.687334	8.186096	bus	MATCHED	n366634744	6.5	1.0	Bühlertal Schwimmbad	263,264s,281	Bühlertal Geiserschmiede	Bühlertal Geiserschmiede	LINESTRING(8.186096 48.687334,8.186184800000001 48.687333)
323	Bühlertal	Schwimmbad	de:08216:32194:0:R	48.687334	8.186096		NO_MATCH_AND_SEEMS_UNSERVED								POINT(8.186096 48.687334)
324	Bühlertal	Schönbüch	de:08216:32193:0:1	48.676456	8.187856	bus	MATCHED	n8238586070	1.8	1.0	Bühlertal Schönbüch	263,264,264s,281	Bühlertal Lochweg	Bühlertal Lochweg	LINESTRING(8.187856 48.676456,8.187878900000001 48.6764493)
325	Bühlertal	Schönbüch	de:08216:32193:0:2	48.676379	8.187901	bus	MATCHED	n3634349002	1.0	1.0	Bühlertal Schönbüch	263,264,264s	Bühlertal Friedhof Obertal	Bühlertal Friedhof Obertal	LINESTRING(8.187901 48.676379,8.1879016 48.6763703)
326	Bühlertal	Steckenhalt	de:08216:12013:0:1	48.665552	8.19047	bus	MATCHED	n782607336	1.6	0.89	Bühlertal Steckenhalt	281	Bühlertal Boosweg	Bühlertal Boosweg	LINESTRING(8.19047 48.665552,8.1904904 48.665547200000006)
327	Bühlertal	Untere Büchelbach	de:08216:12004:0:1	48.68387	8.198663	bus	NO_MATCH_BUT_OTHER_PLATFORM_MATCHED					281	Bühlertal Obere Büchelbach		POINT(8.198663 48.68387)
328	Bühlertal	Untere Büchelbach	de:08216:12004:0:2	48.683912	8.198421	bus	MATCHED	n9340860137	4.2	0.82	Bühlertal Untere Büchelbach	281	Bühlertal Hirschbach	Bühlertal Hirschbach	LINESTRING(8.198421 48.683912,8.1984762 48.683922800000005)
329	Bühlertal	Wiedenbach	de:08216:12017:0:1	48.668454	8.2024	bus	MATCHED	n3634363796	1.7	0.89	Bühlertal Wiedenbach	281	Bühlertal Schindelpeter	Bühlertal Schindelpeter	LINESTRING(8.2024 48.668454,8.2024217 48.6684599)
330	Bühlertal	Wiedenfelsen	de:08216:34759:0:1	48.660301	8.220708	bus	MATCHED	n1794844111	6.4	1.0	Wiedenfelsen	263,264	Bühlertal Gertelbachstraße	Bühlertal Gertelbachstraße	LINESTRING(8.220708 48.660301,8.2207206 48.660357600000005)
331	Bühlertal	Wiedenfelsen	de:08216:34759:0:2	48.660545	8.220636	bus	MATCHED	n1794844112	8.1	1.0	Wiedenfelsen	263,264	Sand Kapelle	Sand Kapelle	LINESTRING(8.220636 48.660545,8.2206651 48.6606153)
332	Bühlertal	Wintereck	de:08216:12023:0:1	48.702252	8.193489	bus	MATCHED	n3771843243	2.5	0.79	Bühlertal Wintereck	281	Bühlertal Am Rebhang / Bühlertal Schwimmbad	Bühlertal Geiserschmiede	LINESTRING(8.193489 48.702252,8.1934697 48.7022337)
333	Durmersheim	Chennevieresplatz	de:08216:32080:1:1	48.931704	8.271004	bus	MATCHED	n301398329	0.3	0.82	Durmersheim, Chennevieres-Platz	222,223,227	Illingen Gemeindezentrum / Durmersheim Speyerer Str. / Durmersheim Raiffeisenplatz	Durmersheim, Speyerer Straße	LINESTRING(8.271004 48.931704,8.271002600000001 48.9317062)
334	Durmersheim	Chennevieresplatz	de:08216:32080:1:2	48.931575	8.270744	bus	MATCHED	n301398327	2.3	0.71	Durmersheim Chennevieres-Platz	222,223,227	Durmersheim Rastatter Str. / Durmersheim / Durmersheim	Durmersheim, Bahnhof	LINESTRING(8.270744 48.931575,8.2707127 48.9315718)
335	Durmersheim	Durmersheim	de:08216:1819:1:1	48.929007	8.272675	train	MATCHED	n2578658498	46.5	1.0	Durmersheim	S7,S8	Bietigheim (Baden)	Bietigheim	LINESTRING(8.272675 48.929007,8.2723656 48.928642100000005)
336	Durmersheim	Durmersheim	de:08216:1819:2:2	48.929137	8.272819	trainish	MATCHED	n3102446868	14.5	1.0	Durmersheim				LINESTRING(8.272819 48.929137,8.2727315 48.9290201)
337	Durmersheim	Durmersheim	de:08216:1819:2:3	48.92909	8.272909	train	MATCHED	n3389059204	11.6	1.0	Durmersheim	S7,S8	Durmersheim Nord	Durmersheim Nord	LINESTRING(8.272909 48.92909,8.2728204 48.929004000000006)
338	Durmersheim	Durmersheim	de:08216:1819:3:31	48.928984	8.272361	bus	MATCHED	n1339692123	2.4	0.51	Durmersheim, Bahnhof	222,223	Durmersheim Südliche Hauptstr. / Durmersheim Chennevieresplatz	Durmersheim Friedhof / Durmersheim, Chennevieres-Platz	LINESTRING(8.272361 48.928984,8.2723286 48.928982500000004)
339	Durmersheim	Durmersheim	de:08216:1819:8:81	48.928919	8.272307	bus	NO_MATCH_BUT_OTHER_PLATFORM_MATCHED					222	Durmersheim Südliche Hauptstr. / Durmersheim Chennevieresplatz		POINT(8.272307 48.928919)
340	Durmersheim	Friedhof	de:08216:30098:1:1	48.931309	8.271211		MATCHED	n310451626	0.7	0.87	Durmersheim Friedhof			Durmersheim Südliche Hauptstraße	LINESTRING(8.271211 48.931309,8.2712117 48.931302300000006)
341	Durmersheim	Gymnasium	de:08216:32088:1:1	48.935806	8.266522	bus	MATCHED	n666067577	2.3	0.8	Durmersheim Gymnasium	227	Bietigheim Badenstraße / Durmersheim Raiffeisenplatz / Würmersheim Badener Straße		LINESTRING(8.266522 48.935806,8.266535000000001 48.935825)
342	Durmersheim	Gymnasium	de:08216:32088:1:2	48.935894	8.266261		MATCHED_THOUGH_OSM_NO_NAME	n567602125	29.4	0.26	Durmersheim Gymnasium				LINESTRING(8.266261 48.935894,8.2665932 48.9357455)
343	Durmersheim	Hans-Thoma-Str.	de:08216:32082:1:1	48.942662	8.278371	bus	MATCHED	n3210438832	3.6	0.77	Durmersheim Hans-Thoma-Straße	222	Durmersheim Speyerer Str.	Durmersheim Chennevieres-Platz	LINESTRING(8.278371 48.942662,8.278337200000001 48.942685000000004)
344	Durmersheim	Hans-Thoma-Str.	de:08216:32082:1:2	48.942249	8.278065	bus	MATCHED	n3210438831	4.3	0.75	Durmersheim Hans-Thoma-Straße	222	Mörsch Leisbuckel / Mörsch Rheinaustraße	Mörsch Rheinaustraße B 36	LINESTRING(8.278065 48.942249,8.278121800000001 48.942258100000004)
345	Durmersheim	Nord	de:08216:35109:1:1	48.93734	8.279934	train	MATCHED	n3445142721	16.6	0.61	Durmersheim Nord	S7,S8	Durmersheim	Durmersheim	LINESTRING(8.279934 48.93734,8.2801126 48.9374325)
346	Durmersheim	Nord	de:08216:35109:2:2	48.938042	8.280913	train	MATCHED	n983878967	5.4	0.81	Durmersheim Nord	S7,S8	Forchheim (b Karlsruhe)	Forchheim	LINESTRING(8.280913 48.938042,8.2808896 48.93799610000001)
347	Durmersheim	Nord	de:08216:35109:5:51	48.938113	8.278092	bus	NO_MATCH_AND_SEEMS_UNSERVED								POINT(8.278092 48.938113)
348	Durmersheim	Nord	de:08216:35109:5:52	48.938036	8.278173	bus	NO_MATCH_AND_SEEMS_UNSERVED								POINT(8.278173 48.938036)
349	Durmersheim	Raiffeisenplatz	de:08216:32089:1:1	48.938721	8.279323	bus	MATCHED	n2564065830	4.5	0.7	Durmersheim Raiffeisenplatz	227	Au Industriegebiet / Würmersheim Badener Straße / Durmersheim Chennevieresplatz / Durmersheim Gymnasium	Au Industriegebiet	LINESTRING(8.279323 48.938721,8.279366300000001 48.938750000000006)
350	Durmersheim	Rastatter Str.	de:08216:32079:1:1	48.925147	8.266073	bus	MATCHED	n4485928014	3.0	0.66	Durmersheim Rastatter Straße	227	Durmersheim Chennevieresplatz		LINESTRING(8.266073 48.925147,8.2660437 48.925128300000004)
351	Durmersheim	Rastatter Str.	de:08216:32079:1:2	48.925153	8.265857	bus	MATCHED	n4485898356	10.6	0.46	Durmersheim Rastatter Straße	227	Bietigheim Badenstraße		LINESTRING(8.265857 48.925153,8.2657614 48.9250818)
352	Durmersheim	Speyerer Str.	de:08216:32081:1:1	48.93721	8.273448	bus	MATCHED	n1993062137	1.9	0.67	Durmersheim Speyerer Straße	222	Durmersheim Chennevieresplatz		LINESTRING(8.273448 48.93721,8.2734416 48.9371931)
353	Durmersheim	Speyerer Str.	de:08216:32081:1:2	48.937128	8.273636	bus	MATCHED	n309846896	0.2	0.85	Durmersheim, Speyerer Straße	222	Durmersheim Hans-Thoma-Str.	Durmersheim Hans-Thoma-Straße	LINESTRING(8.273636 48.937128,8.273636 48.937129500000005)
354	Durmersheim	Südliche Hauptstr.	de:08216:30381:1:1	48.92791	8.266405	bus	MATCHED	n1700027187	3.0	0.7	Durmersheim Südliche Hauptstraße	222	Durmersheim Würmersheimer Str		LINESTRING(8.266405 48.92791,8.266366 48.9279026)
355	Durmersheim	Südliche Hauptstr.	de:08216:30381:1:2	48.927591	8.266109	bus	MATCHED	n1700027184	1.8	0.76	Durmersheim Südliche Hauptstraße	222	Durmersheim Chennevieresplatz / Durmersheim / Durmersheim		LINESTRING(8.266109 48.927591,8.266131300000001 48.927598100000004)
356	Durmersheim	Würmersheim Auer Str. 	de:08216:6414:1:1	48.938054	8.252337	bus	MATCHED	n674446032	2.8	0.67	Würmersheim Auer Straße	222,227	Au Industriegebiet		LINESTRING(8.252337 48.938054,8.252304500000001 48.938067600000004)
357	Durmersheim	Würmersheim Auer Str. 	de:08216:6414:1:2	48.939358	8.25311	bus	NO_MATCH_BUT_OTHER_PLATFORM_MATCHED					222,227	Würmersheim Rathausplatz		POINT(8.25311 48.939358)
358	Durmersheim	Würmersheim Badener Straße	de:08216:33169:1:1	48.934738	8.259407	bus	MATCHED	w157613739	2.6	0.78	Würmersheim Badener Straße	222,227	Würmersheim Kirche		LINESTRING(8.259407 48.934738,8.259410250000002 48.934714650000004)
359	Durmersheim	Würmersheim Badener Straße	de:08216:33169:1:2	48.934602	8.259057	bus	MATCHED	n1698630132	2.5	0.87	Würmersheim Badener Straße	222,227	Durmersheim Raiffeisenplatz / Durmersheim Würmersheimer Str / Durmersheim Gymnasium	Durmersheim Würmersheimer Straße	LINESTRING(8.259057 48.934602,8.259085 48.934614700000004)
360	Durmersheim	Würmersheim Heiner-Bauer-Ring (Ersatz)	de:08216:6421:0:1	48.940444	8.257512		NO_MATCH_AND_SEEMS_UNSERVED								POINT(8.257512 48.940444)
361	Durmersheim	Würmersheim Heiner-Bauer-Ring (Ersatz)	de:08216:6421:0:2	48.940556	8.259039		NO_MATCH_AND_SEEMS_UNSERVED								POINT(8.259039 48.940556)
362	Durmersheim	Würmersheim Kirche	de:08216:32084:1:1	48.936744	8.252086	bus	MATCHED	n574450932	7.1	0.61	Würmersheim Kirche	222,227	Würmersheim Auer Str. / Elchesheim Friedhof	Würmersheim Auer Straße / Würmersheim Badener Straße	LINESTRING(8.252086 48.936744,8.2520588 48.936683)
363	Durmersheim	Würmersheim Rathausplatz	de:08216:32076:1:2	48.937016	8.25134	bus	MATCHED	n534910359	6.7	0.74	Würmersheim, Rathausplatz	222,227	Würmersheim Badener Straße	Würmersheim Badener Straße	LINESTRING(8.25134 48.937016,8.251417100000001 48.937048600000004)
364	Durmersheim	Würmersheimer Str	de:08216:32078:1:1	48.9339	8.26574	bus	MATCHED	n1507917423	8.8	0.66	Durmersheim Würmersheimer Straße	222	Würmersheim Badener Straße	Würmersheim Badener Straße	LINESTRING(8.26574 48.9339,8.2656834 48.9338301)
365	Durmersheim	Würmersheimer Str	de:08216:32078:1:2	48.933752	8.265552	bus	MATCHED	n1507917416	6.4	0.71	Durmersheim Würmersheimer Straße	222	Durmersheim Südliche Hauptstr.	Durmersheim Raiffeisenplatz / Durmersheim, Speyerer Straße	LINESTRING(8.265552 48.933752,8.265566900000001 48.933809100000005)
366	Elchesheim-Illingen	Elchesheim Friedhof	de:08216:32074:1:1	48.931545	8.217222	bus	NO_MATCH					222,227	Illingen Speyerer Straße / Elchesheim Hirsch		POINT(8.217222 48.931545)
367	Elchesheim-Illingen	Elchesheim Grüner Baum	de:08216:6418:0:1	48.928352	8.209614	bus	MATCHED	n4485257629	1.1	1.0	Elchesheim Grüner Baum	222,227	Steinmauern Karl-Späth-Str. / Steinmauern Elchesheimer Str.	Steinmauern Kirche / Steinmauern Karl-Späth-Straße	LINESTRING(8.209614 48.928352,8.2096266 48.928346100000006)
368	Elchesheim-Illingen	Elchesheim Grüner Baum	de:08216:6418:0:2	48.928588	8.21044	bus	MATCHED	n4485257631	2.7	1.0	Elchesheim Grüner Baum	222,227	Elchesheim Hirsch / Illingen Gemeindezentrum	Illingen Heimatmuseum / Illingen Speyerer Straße	LINESTRING(8.21044 48.928588,8.210403300000001 48.9285852)
369	Elchesheim-Illingen	Elchesheim Hammenweg	de:08216:31800:1:1	48.932501	8.214141		MATCHED	n5866146155	6.9	0.57	Elchesheim Hammenweg				LINESTRING(8.214141 48.932501,8.2141996 48.9325497)
370	Elchesheim-Illingen	Elchesheim Hammenweg	de:08216:31800:1:2	48.93243	8.214123	bus	MATCHED	n4343998197	2.7	0.78	Elchesheim Hammenweg	223,227	Illingen Speyerer Straße / Bietigheim Schneidergarten / Illingen Gemeindezentrum		LINESTRING(8.214123 48.93243,8.2141172 48.932405900000006)
371	Elchesheim-Illingen	Elchesheim Hirsch	de:08216:32073:0:1	48.92899	8.211491	bus	MATCHED	n4485257630	21.9	0.37	Elchesheim Hirsch	222,227	Illingen Heimatmuseum / Elchesheim Grüner Baum / Illingen Gemeindezentrum		LINESTRING(8.211491 48.92899,8.211207400000001 48.9289269)
372	Elchesheim-Illingen	Illingen Durmersheimer Str. 	de:08216:6416:1:1	48.934938	8.209811	bus	MATCHED	n4344001951	5.6	1.0	Illingen Durmersheimer Straße	222,223,227	Elchesheim Hirsch / Illingen Heimatmuseum / Illingen Speyerer Straße	Illingen Speyerer Straße	LINESTRING(8.209811 48.934938,8.2098865 48.9349324)
373	Elchesheim-Illingen	Illingen Durmersheimer Str. 	de:08216:6416:1:2	48.935068	8.209766	bus	MATCHED	n4344001345	4.4	1.0	Illingen Durmersheimer Straße	222,223,227	Illingen Heimatmuseum / Illingen Speyerer Straße	Illingen Heimatmuseum	LINESTRING(8.209766 48.935068,8.2098074 48.9350399)
374	Elchesheim-Illingen	Illingen Gemeindezentrum	de:08216:6420:0:1	48.930064	8.209218	bus	NO_MATCH_BUT_OTHER_PLATFORM_MATCHED					222,223,227	Elchesheim Grüner Baum / Durmersheim Chennevieresplatz		POINT(8.209218 48.930064)
375	Elchesheim-Illingen	Illingen Gemeindezentrum	de:08216:6420:0:2	48.930052	8.209407	bus	MATCHED	n2376729311	5.1	0.69	Illingen Gemeindezentrum	222,223,227	Illingen Speyerer Straße / Illingen Heimatmuseum / Elchesheim Hammenweg	Elchesheim Grüner Baum / Steinmauern Rathaus / Illingen Heimatmuseum / Rastatt Bahnhof / Illingen Speyerer Straße / Au am Rhein Diehl	LINESTRING(8.209407 48.930052,8.2093443 48.9300313)
376	Elchesheim-Illingen	Illingen Heimatmuseum	de:08216:6417:1:1	48.932637	8.207997	bus	MATCHED	n5827555276	8.6	1.0	Illingen Heimatmuseum	222,223,227	Illingen Gemeindezentrum	Elchesheim Grüner Baum	LINESTRING(8.207997 48.932637,8.2081019 48.9326019)
377	Elchesheim-Illingen	Illingen Heimatmuseum	de:08216:6417:1:2	48.932625	8.208482	bus	MATCHED	n4343987879	3.7	1.0	Illingen Heimatmuseum	222,223,227	Illingen Durmersheimer Str. / Illingen Durmersheimer Str.	Illingen Durmersheimer Straße	LINESTRING(8.208482 48.932625,8.208532400000001 48.9326243)
378	Elchesheim-Illingen	Illingen Speyerer Straße	de:08216:6415:0:1	48.934366	8.215012	bus	MATCHED	n3210458017	2.5	1.0	Illingen Speyerer Straße	222,223,227	Würmersheim Rathausplatz / Elchesheim Hammenweg / Au Elchesheimer Str.	Au am Rhein, Wehrstraße / Au am Rhein Elchesheimerstr.	LINESTRING(8.215012 48.934366,8.214987 48.93438140000001)
379	Elchesheim-Illingen	Illingen Speyerer Straße	de:08216:6415:0:2	48.93446	8.215021	bus	MATCHED	n3210458016	1.8	1.0	Illingen Speyerer Straße	222,223,227	Illingen Durmersheimer Str. / Illingen Gemeindezentrum / Illingen Durmersheimer Str.	Illingen Durmersheimer Straße / Elchesheim Grüner Baum	LINESTRING(8.215021 48.93446,8.214996900000001 48.9344618)
380	Forbach	(Schwarzwald)	de:08216:32191:1:1	48.681118	8.361177	train	MATCHED	n1410894111	22.5	1.0	Forbach (Schwarzwald)	RB41	Gausbach		LINESTRING(8.361177 48.681118,8.361183 48.681320400000004)
381	Forbach	(Schwarzwald)	de:08216:32191:2:11	48.680857	8.360998	bus	MATCHED	n3073570554	3.9	1.0	Forbach Bahnhof	246,248,263	Forbach Rathaus / Forbach Klingenbach / Gausbach Rathaus	Forbach Rathaus / Forbach Bahnhof	LINESTRING(8.360998 48.680857,8.3610176 48.680824300000005)
382	Forbach	(Schwarzwald)	de:08216:32191:3:2	48.680122	8.361474	train	MATCHED	n2958399195	20.4	1.0	Forbach (Schwarzwald)	RB41,RE40,S8	Gausbach / Weisenbach / Weisenbach	Gausbach / Weisenbach	LINESTRING(8.361474 48.680122,8.361440100000001 48.6803037)
383	Forbach	(Schwarzwald)	de:08216:32191:3:3	48.680602	8.361483	train	MATCHED	n25813029	33.0	1.0	Forbach (Schwarzwald)	RB41,RE40,S8,S81	Raumünzach / Schönmünzach Bahnhof / Raumünzach / Weisenbach / Gausbach	Raumünzach / Gausbach / Schönmünzach	LINESTRING(8.361483 48.680602,8.3615644 48.6803103)
384	Forbach	Abstellhalle	de:08216:41007:0:1	48.680893	8.361591		NO_MATCH_AND_SEEMS_UNSERVED								POINT(8.361591 48.680893)
385	Forbach	Bermersbach Rathaus	de:08216:34671:0:1	48.692813	8.342798	bus	MATCHED_THOUGH_REVERSED_DIR	n519118475	2.4	0.74	Bermersbach Rathaus	248	Forbach Klingenbach	Bermersbach Rathaus	LINESTRING(8.342798 48.692813,8.3428099 48.692792700000005)
386	Forbach	Bermersbach Rathaus	de:08216:34671:0:2	48.69321	8.342465	bus	MATCHED	n8553466897	4.5	0.81	Bermersbach Rathaus	248	Langenbrand	Langenbrand Bahnhof	LINESTRING(8.342465 48.69321,8.342525 48.693204900000005)
387	Forbach	Erbersbronn	de:08216:32190:0:1	48.635873	8.326413	bus	MATCHED	n3087961082	3.5	1.0	Erbersbronn	246	Schindelbronn	Schindelbronn	LINESTRING(8.326413 48.635873,8.3264599 48.635868200000004)
388	Forbach	Erbersbronn	de:08216:32190:0:2	48.635416	8.325379	bus	MATCHED	n3087961081	2.1	1.0	Erbersbronn	246	Raumünzach Wasserfall	Raumünzach Wasserfall	LINESTRING(8.325379 48.635416,8.3253538 48.63540750000001)
389	Forbach	Gausbach	de:08216:32998:1:1	48.686652	8.362381	train	MATCHED	n25813042	2.7	1.0	Gausbach	RB41,S8,S81	Forbach (Schwarzwald) / Forbach (Schwarzwald) / Forbach (Schwarzwald) / Langenbrand / Forbach (Schwarzwald) / Langenbrand / Langenbrand	Forbach (Schwarzwald) / Langenbrand	LINESTRING(8.362381 48.686652,8.3624086 48.6866363)
390	Forbach	Gausbach Montana	de:08216:32181:0:1	48.691734	8.359417	bus	MATCHED_THOUGH_REVERSED_DIR	n5153509751	5.5	0.58	Gausbach Montana	248	Langenbrand Wolfsheck	Gausbach Rathaus	LINESTRING(8.359417 48.691734,8.359448800000001 48.6916889)
391	Forbach	Gausbach Montana	de:08216:32181:0:2	48.691965	8.35912	bus	MATCHED	n6263968633	10.1	0.69	Gausbach Montana	248	Gausbach Rathaus	Gausbach Montana	LINESTRING(8.35912 48.691965,8.3590993 48.6920549)
392	Forbach	Gausbach Rathaus	de:08216:32180:0:1	48.685234	8.363073	bus	MATCHED	n8553466903	3.0	0.85	Gausbach Rathaus	248	Forbach (Schwarzwald)		LINESTRING(8.363073 48.685234,8.3631091 48.6852213)
393	Forbach	Gausbach Rathaus	de:08216:32180:0:2	48.685323	8.363216	bus	MATCHED_THOUGH_REVERSED_DIR	n8553466901	3.9	0.66	Gausbach Rathaus	248	Gausbach Montana	Gausbach Rathaus	LINESTRING(8.363216 48.685323,8.3632338 48.685290300000005)
394	Forbach	Herrenwies Dorfplatz	de:08216:32178:0:1	48.658937	8.266288	bus	MATCHED	n315907489	9.2	1.0	Herrenwies Dorfplatz	263	Herrenwies Jugendherberge / Schwarzenbachtalsperre	Schwarzenbachtalsperre	LINESTRING(8.266288 48.658937,8.2663472 48.658864200000004)
395	Forbach	Herrenwies Dorfplatz	de:08216:32178:0:2	48.659085	8.266109	bus	MATCHED	n315907490	4.3	1.0	Herrenwies Dorfplatz	263	Herrenwies Jugendherberge	Herrenwies Jugendherberge	LINESTRING(8.266109 48.659085,8.266086000000001 48.6591207)
396	Forbach	Herrenwies Jugendherberge	de:08216:32179:0:1	48.659441	8.258554	bus	MATCHED	n3073534671	1.1	1.0	Herrenwies Jugendherberge	263	Hundseck / Mehliskopf	Hundsbach Aschenplatz / Mehliskopf	LINESTRING(8.258554 48.659441,8.258554 48.659451000000004)
397	Forbach	Hochries	de:08216:32189:0:1	48.619961	8.287057	bus	MATCHED	n10597768080	3.2	0.77	Hochries	246	Pandurenbronn		LINESTRING(8.287057 48.619961,8.2870831 48.6199845)
398	Forbach	Hochries	de:08216:32189:0:2	48.62008	8.287066	bus	MATCHED	n10597768079	3.2	0.77	Hochries	246	Hundsbach Am Skihang		LINESTRING(8.287066 48.62008,8.2870992 48.6200617)
399	Forbach	Holdereck	de:08216:32188:0:1	48.66595	8.353003	bus	MATCHED	n3073570540	2.9	1.0	Forbach Holdereck	246,263	Forbach Schule / Forbach Rathaus	Forbach Rathaus	LINESTRING(8.353003 48.66595,8.3530418 48.665952100000005)
400	Forbach	Holdereck	de:08216:32188:0:2	48.66608	8.352598	bus	MATCHED	n3073570539	8.9	1.0	Forbach Holdereck	246,263	Raumünzach	Raumünzach	LINESTRING(8.352598 48.66608,8.3526786 48.666020700000004)
401	Forbach	Hundsb. Viehläger Abz. Biberk. 	de:08216:32174:0:1	48.607513	8.256443	bus	MATCHED_THOUGH_REVERSED_DIR	n6719458922	50.5	1.0	Hundsbach Viehläger Abzw. Biberkessel	246	Hundsbach Biberach	Hundsbach Viehläger Wendeplatz	LINESTRING(8.256443 48.607513,8.255863900000001 48.607755700000006)
402	Forbach	Hundsb. Viehläger Abz. Biberk. 	de:08216:32174:0:2	48.60775	8.255931	bus	MATCHED_THOUGH_REVERSED_DIR	n3087961084	48.1	1.0	Hundsbach Viehläger Abzw. Biberkessel	246	Hundsbach Viehläger Wendeplatz	Hundsbach, Kapellenstraße 34	LINESTRING(8.255931 48.60775,8.256469000000001 48.607505200000006)
403	Forbach	Hundsbach Am Skihang	de:08216:30170:0:1	48.616867	8.279449	bus	MATCHED	n3361619282	3.4	0.76	Hundsbach, Am Skihang	246	Hochries		LINESTRING(8.279449 48.616867,8.279424800000001 48.6168926)
404	Forbach	Hundsbach Am Skihang	de:08216:30170:0:2	48.618726	8.277454	bus	MATCHED	n3361619283	11.6	0.52	Hundsbach, Am Skihang	246	Hundsbach Aschenplatz	Hundsbach Aschenplatz / Schindelbronn	LINESTRING(8.277454 48.618726,8.277574300000001 48.618659400000006)
405	Forbach	Hundsbach Aschenplatz	de:08216:32177:0:1	48.624034	8.262183	bus	MATCHED	n3087961083	1.7	1.0	Hundsbach Aschenplatz	246,263,264	Hundsbach Brücke / Hundsbach Am Skihang	Hundsbach, Am Skihang / Hundsbach Kirche	LINESTRING(8.262183 48.624034,8.2621984 48.624023)
406	Forbach	Hundsbach Aschenplatz	de:08216:32177:0:2	48.624005	8.262399	bus	MATCHED	n971984050	3.8	1.0	Hundsbach Aschenplatz	246,263,264	Hundseck / Hundsbach Brücke	Hundsbach Kirche / Hundseck	LINESTRING(8.262399 48.624005,8.2624431 48.623988000000004)
407	Forbach	Hundsbach Biberach	de:08216:30172:0:1	48.607376	8.271975	bus	MATCHED	n1583480678	7.1	0.63	Hundsbach, Biberach	246	Hundsbach Kapellenstraße 34	Hundsbach Viehläger Abzw. Biberkessel / Hundsbach Kirche	LINESTRING(8.271975 48.607376,8.271896100000001 48.6074119)
408	Forbach	Hundsbach Biberach	de:08216:30172:0:2	48.607471	8.271993	bus	NO_MATCH_BUT_OTHER_PLATFORM_MATCHED					246	Hundsb. Viehläger Abz. Biberk.		POINT(8.271993 48.607471)
409	Forbach	Hundsbach Brücke	de:08216:32176:0:1	48.619159	8.272064	bus	MATCHED	n9464319609	2.7	0.85	Hundsbach Brücke	246,263,264	Hundsbach Aschenplatz / Hundsbach Aschenplatz	Hundsbach Aschenplatz	LINESTRING(8.272064 48.619159,8.272063900000001 48.619182900000006)
410	Forbach	Hundsbach Brücke	de:08216:32176:0:2	48.619177	8.271939	bus	NO_MATCH_BUT_OTHER_PLATFORM_MATCHED					246,263,264	Hundsbach Kirche		POINT(8.271939 48.619177)
411	Forbach	Hundsbach Kapellenstraße 34	de:08216:30171:0:1	48.610114	8.276628	bus	MATCHED	n343608077	1.6	0.84	Hundsbach, Kapellenstraße 34	246	Hundsbach Kirche	Hundsbach Brücke	LINESTRING(8.276628 48.610114,8.276610400000001 48.6101058)
412	Forbach	Hundsbach Kapellenstraße 34	de:08216:30171:0:2	48.610334	8.276942	bus	MATCHED	n10597768036	3.9	0.82	Hundsbach, Kapellenstraße 34	246	Hundsbach Biberach	Hundsbach Viehläger Abzw. Biberkessel	LINESTRING(8.276942 48.610334,8.2769483 48.610299100000006)
413	Forbach	Hundsbach Kirche	de:08216:32175:0:1	48.613791	8.279727	bus	MATCHED	n8708898425	2.6	0.86	Hundsbach Kirche	246,263,264	Hundsbach Kapellenstraße 34 / Hundsbach Brücke	Hundsbach, Kapellenstraße 34	LINESTRING(8.279727 48.613791,8.279703900000001 48.61377340000001)
414	Forbach	Hundsbach Kirche	de:08216:32175:0:2	48.613874	8.279799	bus	NO_MATCH_BUT_OTHER_PLATFORM_MATCHED					246,263	Hundsbach Brücke		POINT(8.279799 48.613874)
415	Forbach	Hundsbach Viehläger Wendeplatz	de:08216:30173:0:1	48.609188	8.246453	bus	MATCHED	n3087961085	8.7	1.0	Hundsbach Viehläger Wendeplatz	246	Hundsb. Viehläger Abz. Biberk.	Hundsbach Viehläger Abzw. Biberkessel	LINESTRING(8.246453 48.609188,8.246559600000001 48.609155200000004)
416	Forbach	Kirschbaumwasen	de:08216:32187:1:1	48.623013	8.355698	train	MATCHED	n25812907	4.5	1.0	Kirschbaumwasen	RB41,RE40,S8,S81	Schönmünzach Bahnhof / Raumünzach	Raumünzach / Schönmünzach	LINESTRING(8.355698 48.623013,8.3557159 48.6230519)
417	Forbach	Kirschbaumwasen	de:08216:32187:2:11	48.62461	8.355024	bus	MATCHED	n8553466907	2.1	1.0	Kirschbaumwasen	246	Kirschbaumwasen Kaltenbach		LINESTRING(8.355024 48.62461,8.3550295 48.6245911)
418	Forbach	Kirschbaumwasen	de:08216:32187:2:91	48.624141	8.355132	bus	NO_MATCH_AND_SEEMS_UNSERVED								POINT(8.355132 48.624141)
419	Forbach	Kirschbaumwasen Kaltenbach	de:08216:33118:0:1	48.633671	8.356434	bus	MATCHED	n8553466906	3.1	0.5	Raumünzach Kaltenbach	246	Raumünzach / Raumünzach Siedlung		LINESTRING(8.356434 48.633671,8.356476 48.633673400000006)
420	Forbach	Klingenbach	de:08216:34672:0:1	48.68164	8.357261	bus	MATCHED_THOUGH_REVERSED_DIR	n1257904545	5.6	0.58	Forbach Klingenbach	248	Forbach Schule / Forbach (Schwarzwald)	Forbach Klingenbach	LINESTRING(8.357261 48.68164,8.357337600000001 48.681637900000005)
421	Forbach	Klingenbach	de:08216:34672:0:2	48.682352	8.358419	bus	MATCHED	n8553466835	10.1	0.69	Forbach Klingenbach	248	Bermersbach Rathaus	Bermersbach Rathaus	LINESTRING(8.358419 48.682352,8.3583142 48.682293400000006)
422	Forbach	Langenbrand	de:08216:34670:1:1	48.702062	8.355365	train	MATCHED	n3112928987	40.6	1.0	Langenbrand	RB41,S8,S81	Au im Murgtal / Gausbach	Au im Murgtal / Gausbach	LINESTRING(8.355365 48.702062,8.3556226 48.7023847)
423	Forbach	Langenbrand	de:08216:34670:1:2	48.702572	8.355796	train	MATCHED	n25813069	24.7	1.0	Langenbrand	RB41,S8,S81	Gausbach / Au im Murgtal	Gausbach	LINESTRING(8.355796 48.702572,8.355708100000001 48.7023573)
424	Forbach	Langenbrand	de:08216:34670:2:11	48.701873	8.355132	bus	MATCHED	n6515307262	0.9	1.0	Langenbrand Bahnhof	248	Langenbrand Rathaus / Bermersbach Rathaus	Langenbrand Rathaus	LINESTRING(8.355132 48.701873,8.3551448 48.7018739)
425	Forbach	Langenbrand Rathaus	de:08216:32173:0:1	48.702958	8.362507	bus	MATCHED	n8553466898	1.7	1.0	Langenbrand Rathaus	248	Langenbrand	Langenbrand Rathaus	LINESTRING(8.362507 48.702958,8.362488 48.7029495)
426	Forbach	Langenbrand Rathaus	de:08216:32173:0:2	48.702863	8.362552	bus	MATCHED	n8553466899	3.7	1.0	Langenbrand Rathaus	248	Langenbrand Wolfsheck	Langenbrand Wolfsheck	LINESTRING(8.362552 48.702863,8.3625111 48.702844000000006)
427	Forbach	Langenbrand Schule	de:08216:34793	48.702282	8.360153		NO_MATCH_AND_SEEMS_UNSERVED								POINT(8.360153 48.702282)
428	Forbach	Langenbrand StoraEnso	de:08216:34828:0:1	48.701802	8.355051		NO_MATCH_AND_SEEMS_UNSERVED								POINT(8.355051 48.701802)
429	Forbach	Langenbrand Wolfsheck	de:08216:32171:0:1	48.697865	8.352886	bus	MATCHED	n5152200815	2.2	0.88	Langenbrand Wolfsheck	248	Gausbach Montana	Gausbach Montana	LINESTRING(8.352886 48.697865,8.3528935 48.697845900000004)
430	Forbach	Langenbrand Wolfsheck	de:08216:32171:0:2	48.699009	8.353703	bus	MATCHED_THOUGH_REVERSED_DIR	n5152200814	14.4	0.35	Langenbrand Wolfsheck	248	Langenbrand Rathaus	Langenbrand Wolfsheck	LINESTRING(8.353703 48.699009,8.3535389 48.6989377)
431	Forbach	Pandurenbronn	de:08216:32186:0:1	48.624919	8.298169	bus	MATCHED	n10597768081	19.2	0.41	Pandurenbronn	246	Schindelbronn		LINESTRING(8.298169 48.624919,8.2979661 48.6248106)
432	Forbach	Pandurenbronn	de:08216:32186:0:2	48.625056	8.298169	bus	MATCHED	n10597768082	4.1	0.73	Pandurenbronn	246	Hochries		LINESTRING(8.298169 48.625056,8.2982136 48.62503400000001)
433	Forbach	Rathaus	de:08216:32185:0:1	48.678117	8.358734	bus	MATCHED	n727299097	5.1	1.0	Forbach Rathaus	246,263	Forbach (Schwarzwald)	Forbach Bahnhof	LINESTRING(8.358734 48.678117,8.3587773 48.678152700000005)
434	Forbach	Rathaus	de:08216:32185:0:2	48.678473	8.358779	bus	MATCHED	n727299094	7.4	1.0	Forbach Rathaus	246,263	Forbach Holdereck	Forbach Holdereck	LINESTRING(8.358779 48.678473,8.358825600000001 48.678532000000004)
435	Forbach	Raumünzach	de:08216:32184:1:1	48.644658	8.351314	train	MATCHED	n2691557386	30.3	1.0	Raumünzach	RB41,S8	Kirschbaumwasen	Kirschbaumwasen	LINESTRING(8.351314 48.644658,8.351387 48.644926000000005)
436	Forbach	Raumünzach	de:08216:32184:1:2	48.645234	8.351475	train	MATCHED	n2691557387	33.5	1.0	Raumünzach	RB41,RE40,S8,S81	Forbach (Schwarzwald) / Kirschbaumwasen / Forbach (Schwarzwald)	Kirschbaumwasen / Forbach (Schwarzwald)	LINESTRING(8.351475 48.645234,8.3514972 48.644933300000005)
437	Forbach	Raumünzach	de:08216:32184:2:11	48.644444	8.351269	bus	MATCHED	n3073570538	3.1	1.0	Raumünzach	246,263	Raumünzach Siedlung / Kirschbaumwasen / Forbach Holdereck	Raumünzach Siedlung / Forbach Holdereck	LINESTRING(8.351269 48.644444,8.3512685 48.644472300000004)
438	Forbach	Raumünzach Obere Fallbrücke	de:08216:34784:0:1	48.650795	8.334399	bus	MATCHED	n364448199	3.1	1.0	Raumünzach Obere Fahlbrücke	263	Schwarzenbachtalsperre	Schwarzenbachtalsperre	LINESTRING(8.334399 48.650795,8.3343602 48.6508066)
439	Forbach	Raumünzach Obere Fallbrücke	de:08216:34784:0:2	48.650742	8.333105	bus	MATCHED	n364448195	8.4	1.0	Raumünzach Obere Fahlbrücke	263	Raumünzach Wasserfall	Raumünzach Wasserfall	LINESTRING(8.333105 48.650742,8.3329964 48.650719800000005)
440	Forbach	Raumünzach Siedlung	de:08216:30169:0:1	48.636716	8.345088	bus	MATCHED	n3087961104	1.6	1.0	Raumünzach Siedlung	246,263	Kirschbaumwasen / Raumünzach	Raumünzach	LINESTRING(8.345088 48.636716,8.3450878 48.636730500000006)
441	Forbach	Raumünzach Siedlung	de:08216:30169:0:2	48.636906	8.343516	bus	MATCHED	n3087961105	2.5	1.0	Raumünzach Siedlung	246,263	Raumünzach Wasserfall	Raumünzach Wasserfall	LINESTRING(8.343516 48.636906,8.3435475 48.6368981)
442	Forbach	Raumünzach Wasserfall	de:08216:32192:0:1	48.639126	8.339591	bus	MATCHED	n16931544	2.8	1.0	Raumünzach Wasserfall	246,263	Raumünzach Obere Fallbrücke / Erbersbronn	Erbersbronn / Raumünzach Obere Fahlbrücke	LINESTRING(8.339591 48.639126,8.3396231 48.6391397)
443	Forbach	Raumünzach Wasserfall	de:08216:32192:0:2	48.639363	8.33924	bus	MATCHED	n3087961106	2.3	1.0	Raumünzach Wasserfall	246,263	Raumünzach Siedlung	Raumünzach Siedlung	LINESTRING(8.33924 48.639363,8.3392208 48.6393471)
444	Forbach	Schindelbronn	de:08216:32183:0:1	48.631812	8.316378	bus	MATCHED	n3087961107	2.2	1.0	Schindelbronn	246	Erbersbronn	Erbersbronn	LINESTRING(8.316378 48.631812,8.316396000000001 48.6318283)
445	Forbach	Schindelbronn	de:08216:32183:0:2	48.631901	8.316253	bus	MATCHED	n3087961108	2.5	1.0	Schindelbronn	246	Pandurenbronn	Hundsbach, Am Skihang	LINESTRING(8.316253 48.631901,8.3162692 48.6319206)
446	Forbach	Schule	de:08216:34673:0:1	48.680863	8.358069	bus	MATCHED_THOUGH_REVERSED_DIR	n1257904466	8.5	0.47	Forbach Schule	246,248	Forbach (Schwarzwald)	Forbach Klingenbach	LINESTRING(8.358069 48.680863,8.358084700000001 48.680787)
447	Forbach	Schwarzenbachtalsperre	de:08216:32182:0:1	48.653644	8.326799	bus	MATCHED	n282929140	10.2	1.0	Schwarzenbachtalsperre	263	Raumünzach Obere Fallbrücke	Raumünzach Obere Fahlbrücke	LINESTRING(8.326799 48.653644,8.326912400000001 48.6535908)
448	Forbach	Schwarzenbachtalsperre	de:08216:32182:0:2	48.653062	8.329125	bus	MATCHED	n3073557804	0.4	1.0	Schwarzenbachtalsperre	263	Herrenwies Dorfplatz	Herrenwies Dorfplatz	LINESTRING(8.329125 48.653062,8.329130600000001 48.6530635)
449	Gaggenau	Altenheim	de:08216:34796:0:1	48.803192	8.313612	bus	MATCHED	n6194694026	2.4	0.81	Gaggenau Altenheim	257	Gaggenau Neuapost. Kirche		LINESTRING(8.313612 48.803192,8.3135803 48.803188500000005)
450	Gaggenau	Altenheim	de:08216:34796:0:2	48.803121	8.313549	bus	MATCHED	n6194694027	11.4	0.52	Gaggenau Altenheim	257	Gaggenau		LINESTRING(8.313549 48.803121,8.3133941 48.8031279)
451	Gaggenau	Bad Rotenfels Bahnhof/Rotherma	de:08216:34762:1:1	48.815646	8.303389	train	MATCHED	n2131630933	24.8	0.52	Bad Rotenfels Bahnhof/Rotherma	RB41,S8,S81	Bad Rotenfels Weinbrennerstr.	Bad Rotenfels Weinbrennerstraße	LINESTRING(8.303389 48.815646,8.3031422 48.8157988)
452	Gaggenau	Bad Rotenfels Bahnhof/Rotherma	de:08216:34762:2:11	48.816101	8.30311		MATCHED_THOUGH_OSM_NO_NAME	n12985259930	34.8	1.0					LINESTRING(8.30311 48.816101,8.302767600000001 48.816317100000006)
453	Gaggenau	Bad Rotenfels Bahnhof/Rotherma	de:08216:34762:2:12	48.816326	8.302931		MATCHED_THOUGH_OSM_NO_NAME	n12985259929	8.2	1.0					LINESTRING(8.302931 48.816326,8.3028954 48.8163959)
454	Gaggenau	Bad Rotenfels Bahnhof/Rotherma	de:08216:34762:3:2	48.815864	8.303119	train	MATCHED	n25871650	2.8	0.85	Bad Rotenfels Bahnhof/Rotherma	RB41,S8,S81	Bad Rotenfels Schloss	Bad Rotenfels Schloss	LINESTRING(8.303119 48.815864,8.303102 48.815886400000004)
455	Gaggenau	Bad Rotenfels Draisstraße	de:08216:32787:1:1	48.823838	8.298574		NO_MATCH_AND_SEEMS_UNSERVED								POINT(8.298574 48.823838)
456	Gaggenau	Bad Rotenfels Draisstraße	de:08216:32787:1:2	48.82392	8.29869		NO_MATCH_AND_SEEMS_UNSERVED								POINT(8.29869 48.82392)
457	Gaggenau	Bad Rotenfels Eichelbergstraße	de:08216:32768:1:1	48.820596	8.307746	bus	NO_MATCH					254	Bad Rotenfels Feuerwehr		POINT(8.307746 48.820596)
458	Gaggenau	Bad Rotenfels Eichelbergstraße	de:08216:32768:1:2	48.820922	8.307683	bus	NO_MATCH					254	Winkel Neuberg		POINT(8.307683 48.820922)
459	Gaggenau	Bad Rotenfels Feuerwehr	de:08216:31942:0:1	48.814971	8.305877	bus	NO_MATCH					254	Bad Rotenfels Schulz. Dachgrub / Bad Rotenfels Eichelbergstraße		POINT(8.305877 48.814971)
460	Gaggenau	Bad Rotenfels Feuerwehr	de:08216:31942:0:2	48.814894	8.305859		NO_MATCH_AND_SEEMS_UNSERVED								POINT(8.305859 48.814894)
461	Gaggenau	Bad Rotenfels Glasersteg	de:08216:32169:0:1	48.80844	8.315202	bus	MATCHED	n8222121763	5.7	1.0	Bad Rotenfels Glasersteg	214	Bad Rotenfels L.-Erhard-Straße	Bad Rotenfels Ludwig-Erhard-Straße	LINESTRING(8.315202 48.80844,8.315156400000001 48.8084811)
462	Gaggenau	Bad Rotenfels Glasersteg	de:08216:32169:0:2	48.808357	8.315085	bus	MATCHED	n8222121767	4.3	1.0	Bad Rotenfels Glasersteg	214	Gaggenau	Gaggenau Bahnhof	LINESTRING(8.315085 48.808357,8.315135600000001 48.808377300000004)
463	Gaggenau	Bad Rotenfels Im Holderwäldele	de:08216:32824:1:1	48.825411	8.295052		NO_MATCH_AND_SEEMS_UNSERVED								POINT(8.295052 48.825411)
464	Gaggenau	Bad Rotenfels L. -Erhard-Straße	de:08216:34908:0:1	48.810185	8.316998	bus	MATCHED	n8222121770	3.6	1.0	Bad Rotenfels Ludwig-Erhard-Straße	214	Bad Rotenfels Schulz. Dachgrub	Bad Rotenfels Schulzentrum Dachgrub	LINESTRING(8.316998 48.810185,8.316951000000001 48.8101749)
465	Gaggenau	Bad Rotenfels L. -Erhard-Straße	de:08216:34908:0:2	48.810097	8.316917	bus	MATCHED	n8222121771	5.1	1.0	Bad Rotenfels Ludwig-Erhard-Straße	214	Bad Rotenfels Glasersteg	Bad Rotenfels Glasersteg	LINESTRING(8.316917 48.810097,8.3168658 48.8101282)
466	Gaggenau	Bad Rotenfels Mercedesstraße	de:08216:32783:1:1	48.819508	8.300334		NO_MATCH_AND_SEEMS_UNSERVED								POINT(8.300334 48.819508)
467	Gaggenau	Bad Rotenfels Mercedesstraße	de:08216:32783:1:2	48.819585	8.300209		NO_MATCH_AND_SEEMS_UNSERVED								POINT(8.300209 48.819585)
468	Gaggenau	Bad Rotenfels Schloss	de:08216:32825:1:1	48.819271	8.298062	train	MATCHED	n2131630760	39.3	1.0	Bad Rotenfels Schloss	RB41,S8,S81	Bad Rotenfels Bahnhof/Rotherma	Bad Rotenfels Bahnhof/Rotherma	LINESTRING(8.298062 48.819271,8.2984296 48.819013500000004)
469	Gaggenau	Bad Rotenfels Schloss	de:08216:32825:2:2	48.820744	8.296031	train	MATCHED	n1225586151	22.6	1.0	Bad Rotenfels Schloss	RB41,S8,S81	Bischweier (Baden)	Bischweier	LINESTRING(8.296031 48.820744,8.295811500000001 48.820886400000006)
470	Gaggenau	Bad Rotenfels Schloss	de:08216:32825:7:12	48.820863	8.296175		NO_MATCH_AND_SEEMS_UNSERVED								POINT(8.296175 48.820863)
471	Gaggenau	Bad Rotenfels Schloss	de:08216:32825:8:11	48.818621	8.298601		NO_MATCH_AND_SEEMS_UNSERVED								POINT(8.298601 48.818621)
472	Gaggenau	Bad Rotenfels Schloss	de:08216:32825:90:91	48.820011	8.297478		NO_MATCH_AND_SEEMS_UNSERVED								POINT(8.297478 48.820011)
473	Gaggenau	Bad Rotenfels Schloss	de:08216:32825:90:92	48.819898	8.297469		NO_MATCH_AND_SEEMS_UNSERVED								POINT(8.297469 48.819898)
474	Gaggenau	Bad Rotenfels Schulz. Dachgrub	de:08216:31862:0:1	48.814788	8.312704	bus	MATCHED	n1748710343	4.9	1.0	Bad Rotenfels Schulzentrum Dachgrub	214,240s,251,252,253,254	Bad Rotenfels L.-Erhard-Straße / Bischweier Murgtalstr. Süd / Gaggenau / Oberndorf Abzw. B462 / Bad Rotenfels Feuerwehr	Gaggenau Bahnhof / Bad Rotenfels Ludwig-Erhard-Straße / Bischweier Murgtalstraße Süd	LINESTRING(8.312704 48.814788,8.312669300000001 48.8147503)
475	Gaggenau	Bad Rotenfels Thermalbad	de:08216:34800:0:1	48.80844	8.302688	bus	MATCHED	n248002523	7.8	0.54	Bad Rotenfels Rotherma	257	Gaggenau Baden-Badener-Str. / Gaggenau Neuapost. Kirche		LINESTRING(8.302688 48.80844,8.3027371 48.8083777)
476	Gaggenau	Bad Rotenfels Weinbrennerstr. 	de:08216:32826:1:1	48.811528	8.312057	train	MATCHED	n25871651	31.2	1.0	Bad Rotenfels Weinbrennerstraße	RB41,S8,S81	Gaggenau / Gaggenau / Bad Rotenfels Bahnhof/Rotherma	Gaggenau / Bad Rotenfels Bahnhof/Rotherma	LINESTRING(8.312057 48.811528,8.3123345 48.811315300000004)
477	Gaggenau	Bad Rotenfels Weinbrennerstr. 	de:08216:32826:4:11	48.812327	8.314159		NO_MATCH_AND_SEEMS_UNSERVED								POINT(8.314159 48.812327)
478	Gaggenau	Bad Rotenfels Weinbrennerstr. 	de:08216:32826:4:12	48.812528	8.313998		NO_MATCH_AND_SEEMS_UNSERVED								POINT(8.313998 48.812528)
479	Gaggenau	Baden-Badener-Str.	de:08216:32164:0:1	48.795624	8.308698	bus	MATCHED	n6195224526	1.3	0.72	Gaggenau Baden-Badener-Straße	257	Gaggenau Eckenerstraße / Bad Rotenfels Thermalbad		LINESTRING(8.308698 48.795624,8.3086854 48.7956325)
480	Gaggenau	Bf Hörden	de:08216:95000:0:1	48.786037	8.345556		NO_MATCH_AND_SEEMS_UNSERVED								POINT(8.345556 48.786037)
481	Gaggenau	Bf Hörden	de:08216:95000:0:2	48.786037	8.345475		NO_MATCH_AND_SEEMS_UNSERVED								POINT(8.345475 48.786037)
482	Gaggenau	Eckenerstraße	de:08216:32168:0:1	48.79911	8.315857	bus	MATCHED	n6195224527	7.2	0.61	Gaggenau Eckenerstraße	257	Gaggenau Heil / Gaggenau Baden-Badener-Str.		LINESTRING(8.315857 48.79911,8.3157723 48.799077000000004)
483	Gaggenau	Freiolsheim Friedhof	de:08216:32161:0:1	48.83978	8.38032	bus	MATCHED	n1326984450	9.3	0.7	Freiolsheim Friedhof	253	Freiolsheim Waldparkplatz / Moosbronn Kirche	Moosbronn Kirche	LINESTRING(8.38032 48.83978,8.3802201 48.839728900000004)
484	Gaggenau	Freiolsheim Friedhof	de:08216:32161:0:2	48.839845	8.380123	bus	MATCHED	n1090814438	1.7	0.9	Freiolsheim Friedhof	253	Freiolsheim Mayersbild	Mayersbild	LINESTRING(8.380123 48.839845,8.3801018 48.8398387)
485	Gaggenau	Freiolsheim Mayersbild	de:08216:34783:0:1	48.83275	8.366091	bus	MATCHED	n183580417	6.8	0.61	Mayersbild	253	Freiolsheim Friedhof	Freiolsheim Friedhof	LINESTRING(8.366091 48.83275,8.3661819 48.832759300000006)
486	Gaggenau	Freiolsheim Mayersbild	de:08216:34783:0:2	48.832803	8.365902	bus	MATCHED	n183580416	4.7	0.66	Mayersbild	253	Michelbach Moosbronner Str.	MIchelbach Moosbronner Straße	LINESTRING(8.365902 48.832803,8.365964 48.8327929)
487	Gaggenau	Freiolsheim Post	de:08216:8120:1:1	48.844598	8.37564	bus	MATCHED	n1341536734	1.4	0.91	Freiolsheim Post	101,253	Freiolsheim Rathaus / Freiolsheim Rathaus / Völkersbach Schwarzwaldstr.	Freiolsheim Rathaus	LINESTRING(8.37564 48.844598,8.3756362 48.8446099)
488	Gaggenau	Freiolsheim Post	de:08216:8120:1:2	48.84425	8.376449	bus	MATCHED	n1565748963	6.6	0.76	Freiolsheim Post	101,253	Freiolsheim Waldparkplatz	Waldparkplatz	LINESTRING(8.376449 48.84425,8.3763597 48.844244800000006)
489	Gaggenau	Freiolsheim Rathaus	de:08216:8119:1:1	48.846277	8.373862	bus	MATCHED	n9342736316	14.2	0.63	Freiolsheim Rathaus	101,253	Völkersbach Schwarzwaldstr.	Völkersbach Schwarzwaldstraße	LINESTRING(8.373862 48.846277,8.374024200000001 48.846207400000004)
490	Gaggenau	Freiolsheim Rathaus	de:08216:8119:1:2	48.846076	8.373978	bus	MATCHED	n1341536745	1.1	0.88	Freiolsheim Rathaus	101,253	Freiolsheim Post / Moosbronn Kirche	Freiolsheim Post	LINESTRING(8.373978 48.846076,8.3739904 48.846070600000004)
491	Gaggenau	Freiolsheim Waldparkplatz	de:08216:8121:1:1	48.840862	8.380545	bus	MATCHED	n1733192148	2.2	0.64	Waldparkplatz	101,253	Freiolsheim Post	Freiolsheim Post	LINESTRING(8.380545 48.840862,8.3805429 48.8408821)
492	Gaggenau	Freiolsheim Waldparkplatz	de:08216:8121:1:2	48.840732	8.380428	bus	MATCHED	n1341536737	3.8	0.6	Waldparkplatz	101,253	Moosbronn Kirche / Freiolsheim Friedhof / Moosbronn Kirche	Moosbronn Kirche	LINESTRING(8.380428 48.840732,8.380376700000001 48.8407324)
493	Gaggenau	Gaggenau	de:08216:32160:1:1	48.805133	8.320439	train	MATCHED	n19088994	42.1	1.0	Gaggenau	RB41,RE40,S8,S81	Gernsbach / Hörden / Gaggenau Mercedes-Benz Werk	Gernsbach / Gaggenau Mercedes-Benz-Werk	LINESTRING(8.320439 48.805133,8.3201744 48.8054691)
494	Gaggenau	Gaggenau	de:08216:32160:2:11	48.804701	8.320547	bus	MATCHED_THOUGH_NAMES_DIFFER	n4066697172	8.4	0.32	Bahnhof	214,240s,251,252,253,254	Bad Rotenfels Schulz. Dachgrub / Bad Rotenfels Glasersteg / Oberndorf Abzw. B462	Bad Rotenfels Schulzentrum Dachgrub / Bad Rotenfels Glasersteg	LINESTRING(8.320547 48.804701,8.3205028 48.804770500000004)
495	Gaggenau	Gaggenau	de:08216:32160:2:12	48.805157	8.319936	bus	MATCHED	w526772234	3.5	1.0	Gaggenau Bahnhof	214,240s,251,252,253,254	Gaggenau Rathaus / Gaggenau Mercedes-Benz Werk / Ottenau Merkurschule	Ottenau Merkurschule / Gaggenau Rathaus	LINESTRING(8.319936 48.805157,8.31991685 48.8051285)
496	Gaggenau	Gaggenau	de:08216:32160:3:3	48.806021	8.319783	train	MATCHED	n1207712908	65.9	1.0	Gaggenau	RB41,RE40,S8,S81	Bad Rotenfels Weinbrennerstr. / Kuppenheim / Rastatt / Rastatt	Bad Rotenfels Weinbrennerstraße / Rastatt	LINESTRING(8.319783 48.806021,8.320217900000001 48.80550220000001)
497	Gaggenau	Gaggenau	de:08216:32160:3:4	48.806038	8.3199	trainish	MATCHED	n1207712886	66.7	1.0	Gaggenau				LINESTRING(8.3199 48.806038,8.3203358 48.805511100000004)
498	Gaggenau	Gaggenau	de:08216:32160:9:91	48.805145	8.320061	bus	MATCHED_THOUGH_NAMES_DIFFER	n5121908984	83.0	0.04	Bahnhof	257	Gaggenau Altenheim		LINESTRING(8.320061 48.805145,8.320652 48.804508500000004)
499	Gaggenau	Heil	de:08216:34817:0:1	48.8075	8.328542	bus	NO_MATCH					257	Gaggenau Eckenerstraße / Gaggenau Waldfriedhof		POINT(8.328542 48.8075)
500	Gaggenau	Hörden	de:08216:32828:1:1	48.781615	8.345151	train	MATCHED	n25813109	21.0	1.0	Hörden	RB41,RE40,S8,S81	Gernsbach / Gernsbach / Gaggenau / Ottenau	Ottenau / Gaggenau / Gernsbach	LINESTRING(8.345151 48.781615,8.3452154 48.781431000000005)
501	Gaggenau	Hörden	de:08216:32828:2:11	48.781692	8.343211		NO_MATCH_AND_SEEMS_UNSERVED								POINT(8.343211 48.781692)
502	Gaggenau	Hörden	de:08216:32828:2:12	48.781751	8.343274		NO_MATCH_AND_SEEMS_UNSERVED								POINT(8.343274 48.781751)
503	Gaggenau	Hörden Flößerhalle (Ersatzh. )	de:08216:32152:0:11	48.782704	8.343705		NO_MATCH_AND_SEEMS_UNSERVED								POINT(8.343705 48.782704)
504	Gaggenau	Hörden Flößerhalle (Ersatzh. )	de:08216:32152:0:12	48.782391	8.343328		NO_MATCH_AND_SEEMS_UNSERVED								POINT(8.343328 48.782391)
505	Gaggenau	Mercedes-Benz Hstr.	de:08216:34829:1:1	48.796198	8.325361		NO_MATCH_AND_SEEMS_UNSERVED								POINT(8.325361 48.796198)
506	Gaggenau	Mercedes-Benz Hstr.	de:08216:34829:1:2	48.796258	8.325308		NO_MATCH_AND_SEEMS_UNSERVED								POINT(8.325308 48.796258)
507	Gaggenau	Mercedes-Benz Werk	de:08216:32158:1:1	48.79805	8.32741	train	MATCHED	n19089001	2.3	1.0	Gaggenau Mercedes-Benz-Werk	RB41,RE40,S8,S81	Ottenau / Gaggenau / Gaggenau	Gaggenau / Ottenau	LINESTRING(8.32741 48.79805,8.3274273 48.798033200000006)
508	Gaggenau	Mercedes-Benz Werk	de:08216:32158:2:11	48.796518	8.325182	bus	MATCHED	n8222121759	9.8	1.0	Gaggenau Mercedes-Benz Werk	214,252	Gaggenau	Gaggenau Bahnhof	LINESTRING(8.325182 48.796518,8.3251852 48.796606100000005)
509	Gaggenau	Mercedes-Benz Werk	de:08216:32158:2:12	48.795376	8.325945	bus	MATCHED	n8222121758	16.3	1.0	Gaggenau Mercedes-Benz Werk	214,252	Ottenau Sulzbacher Straße / Ottenau Badener Brücke	Ottenau Badener Brücke	LINESTRING(8.325945 48.795376,8.326102500000001 48.795273)
510	Gaggenau	Mercedes-Benz Werk	de:08216:32158:3:13	48.79882	8.330374		NO_MATCH_AND_SEEMS_UNSERVED								POINT(8.330374 48.79882)
511	Gaggenau	Mercedes-Benz Werk	de:08216:32158:3:14	48.798784	8.330311		NO_MATCH_AND_SEEMS_UNSERVED								POINT(8.330311 48.798784)
512	Gaggenau	Michelbach Feldstraße	de:08216:32150:0:1	48.816976	8.354871	bus	MATCHED	n541845154	1.0	0.89	Michelbach Feldstraße	253	Michelbach Mühlplatz		LINESTRING(8.354871 48.816976,8.354859000000001 48.816980400000006)
513	Gaggenau	Michelbach Feldstraße	de:08216:32150:0:2	48.817136	8.355114	bus	MATCHED	n541845187	1.7	0.85	Michelbach Feldstraße	253	Michelbach Kirche		LINESTRING(8.355114 48.817136,8.355090800000001 48.8171338)
514	Gaggenau	Michelbach Kirche	de:08216:32149:0:1	48.817887	8.35099	bus	MATCHED	n3849831564	8.9	0.71	Michelbach Kirche	253	Michelbach Mühlplatz / Michelbach Moosbronner Str.	Michelbach Moosbronner Straße	LINESTRING(8.35099 48.817887,8.3509802 48.8178074)
515	Gaggenau	Michelbach Kirche	de:08216:32149:0:2	48.818041	8.351008	bus	MATCHED	n3849831563	4.7	0.8	Michelbach Kirche	253	Michelbach Feldstraße / Michelbach Wiesental	Michelbach Wisental	LINESTRING(8.351008 48.818041,8.3510282 48.818081500000005)
516	Gaggenau	Michelbach Moosbronner Str. 	de:08216:32712:0:1	48.821212	8.350694	bus	MATCHED	n3849831565	1.3	0.84	Michelbach Moosbronner Straße	253	Freiolsheim Mayersbild	Mayersbild	LINESTRING(8.350694 48.821212,8.3506757 48.8212119)
517	Gaggenau	Michelbach Moosbronner Str. 	de:08216:32712:0:2	48.821075	8.350389	bus	MATCHED	n3849831566	1.8	0.77	MIchelbach Moosbronner Straße	253	Michelbach Kirche	Michelbach Kirche	LINESTRING(8.350389 48.821075,8.3503956 48.821059700000006)
518	Gaggenau	Michelbach Mühlplatz	de:08216:32148:0:1	48.817544	8.359857	bus	MATCHED	n541845202	8.4	0.59	Michelbach Mühlplatz	253	Michelbach Feldstraße		LINESTRING(8.359857 48.817544,8.359755700000001 48.8175794)
519	Gaggenau	Michelbach Mühlplatz	de:08216:32148:0:2	48.81768	8.359767	bus	MATCHED	n541845197	3.8	0.74	Michelbach Mühlplatz	253	Michelbach Kirche		LINESTRING(8.359767 48.81768,8.3598012 48.8176542)
520	Gaggenau	Michelbach Wiesental	de:08216:32147:0:1	48.816515	8.348906	bus	MATCHED	n3849831568	4.0	0.82	Michelbach Wiesental	253	Michelbach Kirche	Michelbach Kirche	LINESTRING(8.348906 48.816515,8.348886700000001 48.8164815)
521	Gaggenau	Michelbach Wiesental	de:08216:32147:0:2	48.816906	8.349212	bus	MATCHED	n3849831569	1.2	0.92	Michelbach Wisental	253	Gaggenau Waldfriedhof	Gaggenau Waldfriedhof	LINESTRING(8.349212 48.816906,8.3492274 48.816908500000004)
522	Gaggenau	Michelbacher Straße	de:08216:32157:0:1	48.801406	8.328012	bus	MATCHED	n12353418331	16.7	0.41	Gaggenau Michelbacher Straße	253	Gaggenau Waldfriedhof		LINESTRING(8.328012 48.801406,8.3281825 48.8015054)
523	Gaggenau	Michelbacher Straße	de:08216:32157:0:2	48.801293	8.32758	bus	MATCHED	n12350457429	0.6	0.94	Gaggenau Michelbacher Straße	253	Gaggenau	Gaggenau Bahnhof	LINESTRING(8.32758 48.801293,8.3275884 48.8012943)
524	Gaggenau	Moosbronn Kirche	de:08216:32146:1:1	48.83829	8.387201	bus	MATCHED	n1341536733	1.0	1.0	Moosbronn Kirche	101,113,253	Freiolsheim Friedhof / Freiolsheim Waldparkplatz / Völkersbach Am Sportplatz / Freiolsheim Rathaus		LINESTRING(8.387201 48.83829,8.3871894 48.8382846)
525	Gaggenau	Moosbronn Kirche	de:08216:32146:1:2	48.838059	8.38704	bus	MATCHED	n3940322771	2.3	1.0	Moosbronn Kirche	101,113	Bad Herrenalb Falkensteinschule / Bad Herrenalb Bleiche / Bernbach Althof	Freiolsheim Friedhof / Bernbach Althof / Waldparkplatz	LINESTRING(8.38704 48.838059,8.3870582 48.8380754)
526	Gaggenau	Neuapost. Kirche	de:08216:34799:0:1	48.806364	8.307045	bus	MATCHED	n6194694024	3.3	0.7	Gaggenau Neuapostolische Kirche	257	Bad Rotenfels Thermalbad		LINESTRING(8.307045 48.806364,8.307044000000001 48.8063347)
527	Gaggenau	Neuapost. Kirche	de:08216:34799:0:2	48.806157	8.307099	bus	MATCHED	n6194694025	2.3	0.75	Gaggenau Neuapostolische Kirche	257	Gaggenau Altenheim		LINESTRING(8.307099 48.806157,8.307090200000001 48.8061376)
528	Gaggenau	Niederweier Ortsstraße	de:08216:32145:0:1	48.847726	8.298475	bus	MATCHED	n8574445907	3.2	0.77	Niederweier Ortsstraße	251,254	Oberweier Sportplatz	Oberweier Sportplatz	LINESTRING(8.298475 48.847726,8.298432 48.847728000000004)
529	Gaggenau	Niederweier Ortsstraße	de:08216:32145:0:2	48.847767	8.298125	bus	MATCHED	n349178093	7.8	0.61	Niederweier Ortsstraße	251,254	Bischweier Rathaus / Bischweier Winkelberg / Oberweier Sportplatz	Bischweier Rathaus	LINESTRING(8.298125 48.847767,8.2980227 48.847749400000005)
530	Gaggenau	Oberweier Freiburger Str. 	de:08216:31973:0:2	48.844385	8.30859	bus	NO_MATCH					254	Winkel / Oberweier Kirche		POINT(8.30859 48.844385)
531	Gaggenau	Oberweier Kirche	de:08216:32144:0:1	48.847217	8.308967	bus	MATCHED	n443802154	4.3	0.72	Oberweier Kirche	251,254	Oberweier Sportplatz / Waldprechtsweier Lange Str.	Waldprechtsweier Lange Straße	LINESTRING(8.308967 48.847217,8.308922 48.847192)
532	Gaggenau	Oberweier Kirche	de:08216:32144:0:2	48.84772	8.309551	bus	MATCHED	n8574445905	8.4	0.59	Oberweier Kirche	251,254	Oberweier Freiburger Str. / Oberweier Sportplatz	Oberweier Sportplatz	LINESTRING(8.309551 48.84772,8.309510000000001 48.847649600000004)
533	Gaggenau	Oberweier Sportplatz	de:08216:32143:0:1	48.846993	8.30514	bus	MATCHED	n8574445906	1.1	0.88	Oberweier Sportplatz	251,254	Oberweier Kirche / Niederweier Ortsstraße	Oberweier Kirche	LINESTRING(8.30514 48.846993,8.3051329 48.846984500000005)
534	Gaggenau	Oberweier Sportplatz	de:08216:32143:0:2	48.847105	8.305302	bus	MATCHED	n349178099	2.2	0.82	Oberweier Sportplatz	251,254	Oberweier Kirche / Niederweier Ortsstraße	Niederweier Ortsstraße	LINESTRING(8.305302 48.847105,8.305308 48.8470856)
535	Gaggenau	Ottenau	de:08216:32827:1:1	48.792944	8.338136	train	MATCHED	n19089007	18.8	1.0	Ottenau	RB41,S8,S81	Hörden / Gaggenau Mercedes-Benz Werk	Gaggenau Mercedes-Benz-Werk / Hörden	LINESTRING(8.338136 48.792944,8.3383503 48.792851600000006)
536	Gaggenau	Ottenau	de:08216:32827:6:91	48.791281	8.338127		NO_MATCH_AND_SEEMS_UNSERVED								POINT(8.338127 48.791281)
537	Gaggenau	Ottenau	de:08216:32827:6:92	48.791434	8.338261		NO_MATCH_AND_SEEMS_UNSERVED								POINT(8.338261 48.791434)
538	Gaggenau	Ottenau Badener Brücke	de:08216:31966:0:1	48.792807	8.330024	bus	MATCHED	n3058779427	2.5	1.0	Ottenau Badener Brücke	214	Ottenau Marxstraße	Ottenau Marxstraße	LINESTRING(8.330024 48.792807,8.3300215 48.792829600000005)
539	Gaggenau	Ottenau Badener Brücke	de:08216:31966:0:2	48.79237	8.32979	bus	MATCHED	n3058779426	5.1	1.0	Ottenau Badener Brücke	214	Gaggenau Mercedes-Benz Werk	Gaggenau Mercedes-Benz Werk	LINESTRING(8.32979 48.79237,8.329859 48.7923672)
540	Gaggenau	Ottenau Badener Brücke	de:08216:31966:0:3	48.793742	8.331659	bus	NO_MATCH_AND_SEEMS_UNSERVED								POINT(8.331659 48.793742)
541	Gaggenau	Ottenau Badener Brücke	de:08216:31966:0:4	48.79376	8.331784	bus	NO_MATCH_AND_SEEMS_UNSERVED								POINT(8.331784 48.79376)
542	Gaggenau	Ottenau Marxstraße	de:08216:31894:0:1	48.789659	8.335818	bus	MATCHED	n8222121755	2.1	1.0	Ottenau Marxstraße	214	Ottenau Schwimmbad	Ottenau Schwimmbad	LINESTRING(8.335818 48.789659,8.335789400000001 48.7896592)
543	Gaggenau	Ottenau Marxstraße	de:08216:31894:0:2	48.790322	8.334893	bus	MATCHED	n8222121753	2.4	1.0	Ottenau Marxstraße	214	Ottenau Badener Brücke	Ottenau Badener Brücke	LINESTRING(8.334893 48.790322,8.3349256 48.790324500000004)
544	Gaggenau	Ottenau Merkurschule	de:08216:34677:0:1	48.788913	8.33589	bus	MATCHED	n8429873480	0.9	0.88	Ottenau Merkurschule	240s,251	Gaggenau	Gaggenau Bahnhof	LINESTRING(8.33589 48.788913,8.3358782 48.7889136)
545	Gaggenau	Ottenau Schwimmbad	de:08216:31881:1:1	48.785611	8.338728	bus	MATCHED	n3188704220	3.8	1.0	Ottenau Schwimmbad	214	Selbach Unterdorf	Selbach Unterdorf	LINESTRING(8.338728 48.785611,8.3386762 48.7856084)
546	Gaggenau	Ottenau Schwimmbad	de:08216:31881:1:2	48.785528	8.338917	bus	MATCHED	n3188704219	7.6	1.0	Ottenau Schwimmbad	214	Ottenau Marxstraße	Ottenau Marxstraße	LINESTRING(8.338917 48.785528,8.338988800000001 48.7854785)
547	Gaggenau	Ottenau Sulzbacher Straße	de:08216:34676:0:1	48.794825	8.333824	bus	NO_MATCH					252	Sulzbach Unterdorf		POINT(8.333824 48.794825)
548	Gaggenau	Ottenau Sulzbacher Straße	de:08216:34676:0:2	48.795009	8.333383	bus	NO_MATCH					252	Gaggenau Mercedes-Benz Werk		POINT(8.333383 48.795009)
549	Gaggenau	Rathaus	de:08216:32156:0:1	48.802571	8.321642	bus	MATCHED	n8222121760	7.5	1.0	Gaggenau Rathaus	214,252,253	Gaggenau Mercedes-Benz Werk / Gaggenau Michelbacher Straße	Gaggenau Mercedes-Benz Werk / Michelbach Wiesental	LINESTRING(8.321642 48.802571,8.3216239 48.8026374)
550	Gaggenau	Selbach Oberdorf	de:08216:31861:1:1	48.781438	8.308536	bus	MATCHED	n557907543	7.4	1.0	Selbach Oberdorf	214,X44	Selbach Rennfeld	Selbach Rennfeld	LINESTRING(8.308536 48.781438,8.3084349 48.7814423)
551	Gaggenau	Selbach Oberdorf	de:08216:31861:1:2	48.780923	8.306524	bus	MATCHED	n557907547	84.3	1.0	Selbach Oberdorf	214,X44	Selbach Unterdorf	Selbach Unterdorf	LINESTRING(8.306524 48.780923,8.307662800000001 48.781017600000006)
552	Gaggenau	Selbach Rennfeld	de:08216:31860:0:1	48.780218	8.301987	bus	MATCHED	n8222121747	0.7	1.0	Selbach Rennfeld	214,X44	Selbach Oberdorf	Selbach Oberdorf	LINESTRING(8.301987 48.780218,8.301994800000001 48.780222)
553	Gaggenau	Selbach Rennfeld	de:08216:31860:0:2	48.780508	8.302841	bus	MATCHED	n8222121748	0.9	1.0	Selbach Rennfeld	214,X44	Ebersteinburg Waldkapelle	Ebersteinburg Waldkapelle	LINESTRING(8.302841 48.780508,8.3028498 48.780502500000004)
554	Gaggenau	Selbach Unterdorf	de:08216:31859:1:1	48.780349	8.317537	bus	MATCHED	n557907555	4.5	1.0	Selbach Unterdorf	214,X44	Selbach Oberdorf	Selbach Oberdorf	LINESTRING(8.317537 48.780349,8.3175094 48.7803855)
555	Gaggenau	Selbach Unterdorf	de:08216:31859:1:2	48.779958	8.318283	bus	MATCHED	n557907551	17.2	1.0	Selbach Unterdorf	214,X44	Ottenau Schwimmbad / Gernsbach	Ottenau Schwimmbad / Gernsbach Bahnhof	LINESTRING(8.318283 48.779958,8.3184929 48.7798889)
556	Gaggenau	Sommerhalde	de:08216:34808:0:1	48.799145	8.335773	bus	MATCHED	n6195224528	1.8	0.82	Gaggenau Sommerhalde	257	Gaggenau Waldfriedhof / Gaggenau Waldseebad		LINESTRING(8.335773 48.799145,8.3357501 48.799151800000004)
557	Gaggenau	Sulzbach Oberdorf	de:08216:34674:0:1	48.807222	8.36221	bus	MATCHED	n3849831562	6.2	0.64	Sulzbach Oberdorf	252	Sulzbach Unterdorf		LINESTRING(8.36221 48.807222,8.3621274 48.8072086)
558	Gaggenau	Sulzbach Unterdorf	de:08216:34675:0:1	48.805837	8.357557	bus	MATCHED	n3849831560	5.0	0.69	Sulzbach Unterdorf	252	Ottenau Sulzbacher Straße		LINESTRING(8.357557 48.805837,8.3576204 48.8058532)
559	Gaggenau	Sulzbach Unterdorf	de:08216:34675:0:2	48.805234	8.356695	bus	MATCHED	n3849831561	11.1	0.53	Sulzbach Unterdorf	252	Sulzbach Oberdorf		LINESTRING(8.356695 48.805234,8.3568192 48.805291200000006)
560	Gaggenau	Waldfriedhof	de:08216:32155:0:1	48.803541	8.333689	bus	NO_MATCH_BUT_OTHER_PLATFORM_MATCHED					253,257	Michelbach Wiesental / Gaggenau Heil		POINT(8.333689 48.803541)
561	Gaggenau	Waldfriedhof	de:08216:32155:0:2	48.803429	8.332809	bus	MATCHED	n12350457430	4.1	0.8	Gaggenau Waldfriedhof	253	Gaggenau Michelbacher Straße	Gaggenau Michelbacher Straße	LINESTRING(8.332809 48.803429,8.3327772 48.803398400000006)
562	Gaggenau	Waldfriedhof	de:08216:32155:0:3	48.803476	8.33518	bus	NO_MATCH_BUT_OTHER_PLATFORM_MATCHED					257	Gaggenau Sommerhalde		POINT(8.33518 48.803476)
563	Gaggenau	Waldseebad	de:08216:34805:0:1	48.79837	8.297505	bus	MATCHED	n2374775394	23.7	0.36	Gaggenau Waldseebad	257	Gaggenau Sommerhalde		LINESTRING(8.297505 48.79837,8.2978214 48.798410100000005)
564	Gaggenau	Winkel	de:08216:31892:0:2	48.833713	8.312812	bus	MATCHED	n540785588	2.5	0.78	Winkel	254	Oberweier Freiburger Str. / Winkel Neuberg		LINESTRING(8.312812 48.833713,8.3128464 48.8337141)
565	Gaggenau	Winkel Neuberg	de:08216:31972:0:2	48.829545	8.309246	bus	NO_MATCH					254	Bad Rotenfels Eichelbergstraße / Winkel		POINT(8.309246 48.829545)
566	Gernsbach	Abzw. Scheuern	de:08216:32124:0:1	48.760224	8.3403	bus	MATCHED	w222495116	2.0	0.81	Abzw. Scheuern	242	Gernsbach Mitte		LINESTRING(8.3403 48.760224,8.340272637071996 48.76022549683603)
567	Gernsbach	Casimir-Katz-Str.	de:08216:32140:0:1	48.764837	8.326026	bus	MATCHED	n3849831559	3.5	0.78	Gernsbach Casimir-Katz-Straße	244	Gernsbach Weinbergstraße	Gernsbach Weinbergstraße	LINESTRING(8.326026 48.764837,8.3259802 48.764844100000005)
568	Gernsbach	Casimir-Katz-Str.	de:08216:32140:0:2	48.764867	8.326682	bus	MATCHED	n3849831558	3.7	0.77	Gernsbach Casimir-Katz-Straße	244	Staufenberg Erdbeerweg	Staufenberg Erdbeerweg	LINESTRING(8.326682 48.764867,8.326707500000001 48.764895800000005)
569	Gernsbach	Eisenlohrstraße (Ersatz)	de:08216:32141:0:1	48.768609	8.33757		NO_MATCH_AND_SEEMS_UNSERVED								POINT(8.33757 48.768609)
570	Gernsbach	Gernsbach	de:08216:32142:1:1	48.768277	8.336617	train	MATCHED	n2474788664	43.6	1.0	Gernsbach	RB41,RE40,S8,S81	Gaggenau Mercedes-Benz Werk / Hörden / Gaggenau	Gernsbach Mitte / Hörden / Weisenbach	LINESTRING(8.336617 48.768277,8.336829 48.768643700000005)
571	Gernsbach	Gernsbach	de:08216:32142:1:2	48.76826	8.336734	train	MATCHED	n19089039	40.7	1.0	Gernsbach	RB41,RE40,S8,S81	Gernsbach Mitte / Weisenbach	Gernsbach Mitte / Hörden / Gaggenau	LINESTRING(8.336734 48.76826,8.3369084 48.7686074)
572	Gernsbach	Gernsbach	de:08216:32142:4:11	48.767928	8.336168	bus	MATCHED	w1226898886	11.1	1.0	Gernsbach Bahnhof	242,244,247,255,X44	Gernsbach Rathaus / Selbach Unterdorf / Gernsbach Weinbergstraße	Gernsbach Weinbergstraße / Loffenau Obere Dorfstraße	LINESTRING(8.336168 48.767928,8.336203143343043 48.76802490355749)
573	Gernsbach	Gernsbach	de:08216:32142:4:12	48.768035	8.335926	bus	MATCHED	w222473914	4.3	1.0	Gernsbach Bahnhof	242,244,255,X44	Gernsbach Rathaus / Weisenbach Kirchplatz	Gernsbach Rathaus / Bad Herrenalb Rathausplatz	LINESTRING(8.335926 48.768035,8.335976363054902 48.76805380627973)
574	Gernsbach	Gernsbach	de:08216:32142:5:21	48.767502	8.336707		NO_MATCH_AND_SEEMS_UNSERVED								POINT(8.336707 48.767502)
575	Gernsbach	Gernsbach	de:08216:32142:5:22	48.767383	8.336788		NO_MATCH_AND_SEEMS_UNSERVED								POINT(8.336788 48.767383)
576	Gernsbach	Gernsbach	de:08216:32142:6:61	48.767857	8.335944		NO_MATCH_AND_SEEMS_UNSERVED								POINT(8.335944 48.767857)
577	Gernsbach	Hilpertsau	de:08216:34766:10:10	48.740234	8.348924	bus	NO_MATCH_AND_SEEMS_UNSERVED								POINT(8.348924 48.740234)
578	Gernsbach	Hilpertsau	de:08216:34766:1:1	48.740305	8.34879	train	MATCHED_THOUGH_REVERSED_DIR	n1410917615	24.5	1.0	Hilpertsau	RB41,S8,S81	Weisenbach	Obertsrot	LINESTRING(8.34879 48.740305,8.3487416 48.740086600000005)
579	Gernsbach	Hilpertsau	de:08216:34766:2:2	48.739618	8.34852	train	MATCHED_THOUGH_REVERSED_DIR	n25869322	10.8	1.0	Hilpertsau	RB41,RE40,S8,S81	Obertsrot / Gernsbach	Weisenbach	LINESTRING(8.34852 48.739618,8.3484981 48.7395216)
580	Gernsbach	Hilpertsau Abzw. Reichental	de:08216:32132:0:1	48.734257	8.351269	bus	MATCHED	n3978556047	1.0	1.0	Hilpertsau B462/Abzweig Reichental	242	Reichental Johannesplatz	Hilpertsau Abzweig Reichental	LINESTRING(8.351269 48.734257,8.351278 48.73424970000001)
581	Gernsbach	Hilpertsau Abzw. Reichental	de:08216:32132:0:2	48.73447	8.350281	bus	MATCHED	n3978556044	6.3	1.0	Hilpertsau Abzweig Reichental	242	Hilpertsau Ochsen		LINESTRING(8.350281 48.73447,8.3503 48.734525100000006)
582	Gernsbach	Hilpertsau Abzw. Reichental	de:08216:32132:0:3	48.733208	8.351125	bus	MATCHED	w222495112	114.3	0.07	B462 Abzweig Reichental				LINESTRING(8.351125 48.733208,8.351284194021389 48.73423054969726)
583	Gernsbach	Hilpertsau Ochsen	de:08216:32131:0:1	48.740151	8.345924	bus	MATCHED	n3978556042	2.2	0.82	Hilpertsau Ochsen	242	Hilpertsau Abzw. Reichental		LINESTRING(8.345924 48.740151,8.345926500000001 48.7401312)
584	Gernsbach	Hilpertsau Ochsen	de:08216:32131:0:2	48.740015	8.345996	bus	MATCHED	n3978556043	5.2	0.68	Hilpertsau Ochsen	242	Obertsrot Brücke		LINESTRING(8.345996 48.740015,8.3460251 48.740058100000006)
585	Gernsbach	Kaltenbronn Infozentrum	de:08216:32129:0:1	48.706189	8.434246	bus	MATCHED	n336583524	2.4	0.52	Kaltenbronn	242	Kaltenbronn Schwarzmisshütte	Schwarzmißhütte / Sprollenhaus, Dorfplatz	LINESTRING(8.434246 48.706189,8.4342191 48.7062018)
586	Gernsbach	Kaltenbronn Kreuzle	de:08216:34779:0:1	48.724871	8.423592	bus	MATCHED	n336604427	11.8	0.3	Kreuzle	242	Kaltenbronn Schwarzmisshütte		LINESTRING(8.423592 48.724871,8.4236366 48.7247688)
587	Gernsbach	Kaltenbronn Kreuzle	de:08216:34779:0:2	48.724977	8.423718	bus	MATCHED	n336604418	3.0	0.45	Kreuzle	242	Kaltenbronn Rankhütte		LINESTRING(8.423718 48.724977,8.423726400000001 48.7249503)
588	Gernsbach	Kaltenbronn Orgelfelsenhaus	de:08216:34777:0:1	48.735347	8.415669	bus	NO_MATCH_BUT_OTHER_PLATFORM_MATCHED					242	Kaltenbronn Rankhütte		POINT(8.415669 48.735347)
589	Gernsbach	Kaltenbronn Orgelfelsenhaus	de:08216:34777:0:2	48.735365	8.415894	bus	MATCHED	n5143754321	2.3	0.6	Orgelfelsenhaus	242	Reichental Johannesplatz		LINESTRING(8.415894 48.735365,8.415923300000001 48.7353729)
590	Gernsbach	Kaltenbronn Rankhütte	de:08216:34778:0:1	48.738765	8.414106	bus	MATCHED	n336604409	7.1	0.42	Rankhütte	242	Kaltenbronn Kreuzle		LINESTRING(8.414106 48.738765,8.4141531 48.7387097)
591	Gernsbach	Kaltenbronn Rankhütte	de:08216:34778:0:2	48.739091	8.413648	bus	MATCHED	n336604413	13.5	0.32	Rankhütte	242	Kaltenbronn Orgelfelsenhaus		LINESTRING(8.413648 48.739091,8.413830800000001 48.7390829)
592	Gernsbach	Kaltenbronn Schwarzmisshütte	de:08216:34780:0:1	48.713936	8.425587	bus	MATCHED	n336588848	26.2	0.4	Schwarzmißhütte	242	Kaltenbronn Kreuzle	Kaltenbronn	LINESTRING(8.425587 48.713936,8.4252309 48.7139292)
593	Gernsbach	Kaltenbronn Schwarzmisshütte	de:08216:34780:0:2	48.713942	8.425263	bus	MATCHED	n336588844	20.4	0.44	Schwarzmißhütte	242	Kaltenbronn Infozentrum	Waldluft	LINESTRING(8.425263 48.713942,8.42554 48.713927500000004)
594	Gernsbach	Lautenbach Bürgerhaus	de:08216:30001:0:1	48.757577	8.370259	bus	MATCHED	n669019782	1.2	0.88	Lautenbach Bürgerhaus	247	Lautenbach Festplatz		LINESTRING(8.370259 48.757577,8.370269500000001 48.757584800000004)
595	Gernsbach	Lautenbach Festplatz	de:08216:30000:0:1	48.755777	8.366307	bus	MATCHED	n668982773	3.0	0.78	Lautenbach Festplatz	247	Scheuern Schule		LINESTRING(8.366307 48.755777,8.3662668 48.755779800000006)
596	Gernsbach	Lautenbach Festplatz	de:08216:30000:0:2	48.755813	8.367142	bus	MATCHED	n8574445911	11.5	0.52	Lautenbach Festplatz	247	Lautenbach Bürgerhaus		LINESTRING(8.367142 48.755813,8.3671974 48.7559095)
597	Gernsbach	Mitte	de:08216:32829:1:1	48.762735	8.339133	train	MATCHED	n33509400	40.0	1.0	Gernsbach Mitte	RB41,S8,S81	Gernsbach / Obertsrot / Gernsbach	Obertsrot / Gernsbach	LINESTRING(8.339133 48.762735,8.3390369 48.7630895)
598	Gernsbach	Mitte	de:08216:32829:2:1	48.763736	8.33863	bus	MATCHED	n561105068	2.1	0.87	Gernsbach Mitte	242,244,247,X44	Gernsbach Weinbergstraße / Gernsbach	Gernsbach Bahnhof	LINESTRING(8.33863 48.763736,8.338658500000001 48.7637331)
599	Gernsbach	Obertsrot	de:08216:32153:1:1	48.745992	8.347496	trainish	MATCHED	n19115039	1.4	1.0	Obertsrot			Hilpertsau / Gernsbach Mitte	LINESTRING(8.347496 48.745992,8.3475104 48.745983300000006)
600	Gernsbach	Obertsrot Brücke	de:08216:32127:0:1	48.745424	8.347253	bus	MATCHED	n3978556041	2.0	0.83	Obertsrot Brücke	242	Hilpertsau Ochsen		LINESTRING(8.347253 48.745424,8.3472413 48.7454406)
601	Gernsbach	Obertsrot Brücke	de:08216:32127:0:2	48.745459	8.347424	bus	MATCHED	n3978556040	1.1	0.88	Obertsrot Brücke	242	Obertsrot Siedlung		LINESTRING(8.347424 48.745459,8.347417100000001 48.7454678)
602	Gernsbach	Obertsrot Siedlung	de:08216:32126:0:1	48.749185	8.348655	bus	MATCHED	n2314624332	2.3	0.81	Obertsrot Siedlung	242	Obertsrot Brücke		LINESTRING(8.348655 48.749185,8.348629800000001 48.7491726)
603	Gernsbach	Obertsrot Siedlung	de:08216:32126:0:2	48.749167	8.348825	bus	MATCHED	n3978556038	2.0	0.83	Obertsrot Siedlung	242	Gernsbach Abzw. Scheuern		LINESTRING(8.348825 48.749167,8.348848700000001 48.7491757)
604	Gernsbach	Rathaus	de:08216:32139:0:1	48.763049	8.337453	bus	MATCHED	n3849831445	2.4	0.86	Gernsbach Rathaus	242,244,247,X44	Obertsrot Siedlung / Scheuern Schafhofweg / Loffenau Schönblick	Bad Herrenalb Freibad / Loffenau Schönblick	LINESTRING(8.337453 48.763049,8.337442000000001 48.7630696)
605	Gernsbach	Reichental Johannesplatz	de:08216:32125:0:1	48.728663	8.38863	bus	MATCHED	w222495113	0.8	0.68	Johannesplatz	242	Hilpertsau Abzw. Reichental		LINESTRING(8.38863 48.728663,8.388623974445839 48.72865677363692)
606	Gernsbach	Reichental Johannesplatz	de:08216:32125:0:2	48.728485	8.389178	bus	MATCHED	n1339555046	1.3	0.76	Johannesplatz	242	Kaltenbronn Orgelfelsenhaus / Reichental Rathaus	Reichental Rathaus	LINESTRING(8.389178 48.728485,8.3891943 48.7284815)
607	Gernsbach	Reichental Rathaus	de:08216:3200:0:1	48.729931	8.391298	bus	MATCHED	n2314624309	5.4	0.68	Reichental Rathaus	242	Reichental Johannesplatz		LINESTRING(8.391298 48.729931,8.3912416 48.729899800000005)
608	Gernsbach	Scheuern Schafhofweg	de:08216:31971:0:1	48.757743	8.344828	bus	MATCHED	n1338997405	6.8	0.63	Scheuern Schafhofweg	247	Scheuern Sternen		LINESTRING(8.344828 48.757743,8.344894400000001 48.7577008)
609	Gernsbach	Scheuern Schafhofweg	de:08216:31971:0:2	48.758495	8.344532	bus	MATCHED	n1338997406	1.5	0.86	Scheuern Schafhofweg	247	Gernsbach Mitte		LINESTRING(8.344532 48.758495,8.344523500000001 48.758482900000004)
610	Gernsbach	Scheuern Schule	de:08216:32123:0:1	48.755126	8.351152	bus	MATCHED	n457011157	2.7	0.8	Scheuern Schule	247	Lautenbach Festplatz		LINESTRING(8.351152 48.755126,8.3511878 48.755123100000006)
611	Gernsbach	Scheuern Schule	de:08216:32123:0:2	48.75525	8.350649	bus	MATCHED	n4959770921	3.9	0.74	Scheuern Schule	247	Scheuern Sternen		LINESTRING(8.350649 48.75525,8.3506611 48.755215400000004)
612	Gernsbach	Scheuern Sternen	de:08216:32122:0:1	48.755836	8.347343	bus	MATCHED	n1338997408	1.6	0.85	Scheuern Sternen	247	Scheuern Schule		LINESTRING(8.347343 48.755836,8.3473623 48.7558288)
613	Gernsbach	Scheuern Sternen	de:08216:32122:0:2	48.755984	8.347424	bus	MATCHED	n1338997409	4.0	0.73	Scheuern Sternen	247	Scheuern Schafhofweg		LINESTRING(8.347424 48.755984,8.3473741 48.755968900000006)
614	Gernsbach	Staufenberg Erdbeerweg	de:08216:32121:0:1	48.765731	8.315175	bus	MATCHED	n3960386771	1.7	0.9	Staufenberg Erdbeerweg	244	Gernsbach Casimir-Katz-Str.	Gernsbach Casimir-Katz-Straße	LINESTRING(8.315175 48.765731,8.315197600000001 48.765735400000004)
615	Gernsbach	Staufenberg Erdbeerweg	de:08216:32121:0:2	48.765797	8.31504	bus	MATCHED	n3960386770	7.7	0.73	Staufenberg Erdbeerweg	244	Staufenberg Mitte	Staufenberg Mitte	LINESTRING(8.31504 48.765797,8.315137 48.765824200000004)
616	Gernsbach	Staufenberg Mitte	de:08216:32119:0:1	48.766726	8.308222	bus	MATCHED	n3960386772	3.2	0.85	Staufenberg Mitte	244	Staufenberg Erdbeerweg	Staufenberg Erdbeerweg	LINESTRING(8.308222 48.766726,8.3082113 48.7666977)
617	Gernsbach	Staufenberg Mitte	de:08216:32119:0:2	48.766483	8.30921	bus	MATCHED	n3960386773	3.2	0.85	Staufenberg Mitte	244	Staufenberg Sternen	Staufenberg Sternen	LINESTRING(8.30921 48.766483,8.309239700000001 48.766504100000006)
618	Gernsbach	Staufenberg Neuhaus	de:08216:34781:0:1	48.766803	8.29437	bus	MATCHED	n3960386778	0.6	0.95	Staufenberg Neuhaus	244	Staufenberg Sternen	Staufenberg Sternen	LINESTRING(8.29437 48.766803,8.294363500000001 48.7668058)
619	Gernsbach	Staufenberg Neuhaus	de:08216:34781:0:2	48.766892	8.294639	bus	MATCHED	n3960386777	3.7	0.83	Staufenberg Neuhaus	244	Ebersteinburg Wolfsschlucht / Ebersteinburg Wolfsschlucht	Ebersteinburg Wolfsschlucht	LINESTRING(8.294639 48.766892,8.2946036 48.7668686)
620	Gernsbach	Staufenberg Sternen	de:08216:32118:0:1	48.765802	8.299643	bus	MATCHED	n3960386775	1.8	0.9	Staufenberg Sternen	244	Staufenberg Mitte	Staufenberg Mitte	LINESTRING(8.299643 48.765802,8.299624300000001 48.7658118)
621	Gernsbach	Staufenberg Sternen	de:08216:32118:0:2	48.76614	8.299786	bus	MATCHED	n3960386776	0.8	0.94	Staufenberg Sternen	244	Staufenberg Neuhaus	Staufenberg Neuhaus	LINESTRING(8.299786 48.76614,8.299784500000001 48.7661327)
622	Gernsbach	Weinbergstraße	de:08216:32133:1:1	48.765287	8.329781	bus	MATCHED	n3849831557	1.2	0.92	Gernsbach Weinbergstraße	244	Gernsbach Casimir-Katz-Str.	Gernsbach Casimir-Katz-Straße	LINESTRING(8.329781 48.765287,8.329785900000001 48.765277100000006)
623	Gernsbach	Weinbergstraße	de:08216:32133:1:2	48.765879	8.331048	bus	MATCHED	n3849831456	1.1	0.93	Gernsbach Weinbergstraße	242,244	Gernsbach / Gernsbach	Gernsbach Bahnhof	LINESTRING(8.331048 48.765879,8.3310359 48.7658847)
624	Hügelsheim	Bruchweg	de:08216:34833:0:1	48.793257	8.109586	bus	MATCHED	n559202100	4.1	0.82	Hügelsheim, Bruchweg	215,290	Hochfeld Ahornbrunnen	Hochfeld, Ahornbrunnen	LINESTRING(8.109586 48.793257,8.1095741 48.7932927)
625	Hügelsheim	Bruchweg	de:08216:34833:0:2	48.793535	8.109595	bus	MATCHED	n559202102	11.0	0.67	Hügelsheim Bruchweg	215,290	Hügelsheim Grüner Baum	Hügelsheim, Grüner Baum	LINESTRING(8.109595 48.793535,8.1096068 48.7934362)
626	Hügelsheim	Grüner Baum	de:08216:34634:0:1	48.796891	8.109972	bus	MATCHED	n519196154	4.0	0.82	Hügelsheim, Grüner Baum	215,234,290,X34	Airpark Eisstadion / Söllingen Kirche / Hügelsheim Bruchweg / Airpark Verwaltung	Airpark Eisstadion / Hügelsheim, Bruchweg	LINESTRING(8.109972 48.796891,8.1100166 48.796911300000005)
627	Hügelsheim	Grüner Baum	de:08216:34634:0:2	48.796737	8.109919	bus	MATCHED	n442385807	9.4	0.7	Hügelsheim, Grüner Baum	215,234,290,X34	Hügelsheim Nord / Iffezheim Einkaufszentrum / Baden-Baden Königsberger Str. / Hügelsheim Schwarzwaldstraße	Hügelsheim, Nord / Hügelsheim, Schwarzwaldstraße / Iffezheim Einkaufszentrum	LINESTRING(8.109919 48.796737,8.1100325 48.796777000000006)
628	Hügelsheim	Hardtwald Schule	de:08216:34789:0:1	48.786422	8.10964	bus	NO_MATCH_BUT_OTHER_PLATFORM_MATCHED					215,234,234s,290	Söllingen Kirche / Airpark Verwaltung / Stollhofen Krone / Hardtwald Victoriastraße		POINT(8.10964 48.786422)
629	Hügelsheim	Hardtwald Schule	de:08216:34789:0:2	48.786599	8.109092		MATCHED	n557212242	2.2	0.79	Hardtwald, Schule			Airpark Verwaltung / Hardtwald, Victoriastraße	LINESTRING(8.109092 48.786599,8.109092 48.786619)
630	Hügelsheim	Hardtwald Victoriastraße	de:08216:34792:0:1	48.786019	8.106235	bus	MATCHED	n557212239	3.0	0.84	Hardtwald, Victoriastraße	215,234,234s,290	Hochfeld Ahornbrunnen / Hochfeld Ahornbrunnen	Hochfeld, Ahornbrunnen	LINESTRING(8.106235 48.786019,8.1062756 48.786022700000004)
631	Hügelsheim	Hardtwald Victoriastraße	de:08216:34792:0:2	48.786108	8.106182		NO_MATCH_AND_SEEMS_UNSERVED								POINT(8.106182 48.786108)
632	Hügelsheim	Hochfeld Ahornbrunnen	de:08216:34788:0:1	48.787369	8.111967	bus	MATCHED	n546765716	1.4	0.86	Hochfeld, Ahornbrunnen	215,234,234s,290	Kartung Entenhof / Hardtwald Schule / Hügelsheim Bruchweg	Hardtwald, Schule	LINESTRING(8.111967 48.787369,8.1119854 48.787372000000005)
633	Hügelsheim	Hochfeld Ahornbrunnen	de:08216:34788:0:2	48.787351	8.11211	bus	MATCHED	n546765722	5.3	0.79	Hochfeld, Ahornbrunnen	215,234,234s,290	Hügelsheim Bruchweg / Hochfeld Tennisplätze / Hochfeld Tennisplätze	Hochfeld, Tennisplatz / Hügelsheim Bruchweg	LINESTRING(8.11211 48.787351,8.112056 48.7873826)
634	Hügelsheim	Hochfeld Tennisplätze	de:08216:34787:0:1	48.787357	8.115281	bus	MATCHED	n546765916	13.5	0.58	Hochfeld, Tennisplatz	234,234s	Hügelsheim Schwarzwaldstraße	Hügelsheim Schwarzwaldstraße / Kartung Tiefenauer Straße	LINESTRING(8.115281 48.787357,8.1152315 48.787473600000006)
635	Hügelsheim	Hochfeld Tennisplätze	de:08216:34787:0:2	48.786996	8.11609	bus	MATCHED	n546597897	13.1	0.43	Hochfeld, Tennisplatz	234,234s,290	Hochfeld Ahornbrunnen / Kartung Entenhof	Hochfeld, Ahornbrunnen	LINESTRING(8.11609 48.786996,8.1162609 48.787030800000004)
636	Hügelsheim	Nord	de:08216:34635:0:1	48.798506	8.113952	bus	MATCHED	n3074562678	102.9	0.29	Hügelsheim, Nord	234,234s,290	Hügelsheim Schwarzwaldstraße / Hügelsheim Grüner Baum	Hügelsheim, Grüner Baum / Hügelsheim, Schwarzwaldstraße	LINESTRING(8.113952 48.798506,8.1151259 48.799010900000006)
637	Hügelsheim	Nord	de:08216:34635:0:2	48.798045	8.113179	bus	MATCHED	n2503800021	195.4	0.22	Hügelsheim, Nord	215,234,234s,290	Iffezheim Festhalle / Rastatt Merzeau / Iffezheim Bruchweg / Sinzheim Fa. Wolman / Iffezheim Tullastraße	Sinzheim Fa. Wolman / Iffezheim Bruchweg	LINESTRING(8.113179 48.798045,8.1154092 48.799003400000004)
638	Hügelsheim	Schwarzwaldstraße	de:08216:34786:0:1	48.796133	8.113772	bus	MATCHED	n611041404	2.6	0.8	Hügelsheim Schwarzwaldstraße	215,234,234s	Kartung Entenhof / Hügelsheim Grüner Baum / Hügelsheim Nord	Hügelsheim, Grüner Baum / Hügelsheim, Nord	LINESTRING(8.113772 48.796133,8.113784 48.7961109)
639	Hügelsheim	Schwarzwaldstraße	de:08216:34786:0:2	48.795157	8.114302	bus	MATCHED	n632743414	2.9	0.86	Hügelsheim, Schwarzwaldstraße	234,234s	Hochfeld Tennisplätze	Kartung Tiefenauer Straße / Hochfeld, Tennisplatz	LINESTRING(8.114302 48.795157,8.1142793 48.795178400000005)
640	Hügelsheim	Schwarzwaldstraße	de:08216:34786:0:91	48.79537	8.11185		NO_MATCH_AND_SEEMS_UNSERVED								POINT(8.11185 48.79537)
641	Hügelsheim	Schwarzwaldstraße	de:08216:34786:0:92	48.794553	8.11335		NO_MATCH_AND_SEEMS_UNSERVED								POINT(8.11335 48.794553)
642	Hügelsheim	Schwarzwaldstraße	de:08216:34786:0:93	48.794547	8.113413		NO_MATCH_AND_SEEMS_UNSERVED								POINT(8.113413 48.794547)
643	Iffezheim	Bruchweg	de:08216:31919:0:1	48.816379	8.1463	bus	MATCHED	n401435362	6.5	1.0	Iffezheim Bruchweg	218,234	Iffezheim Tullastraße / Hügelsheim Nord	Hügelsheim, Nord / Iffezheim Tullastraße / Iffezheim Festhalle	LINESTRING(8.1463 48.816379,8.146333700000001 48.816325000000006)
644	Iffezheim	Bruchweg	de:08216:31919:0:2	48.816243	8.146839	bus	NO_MATCH_BUT_OTHER_PLATFORM_MATCHED					215,234	Iffezheim Festhalle		POINT(8.146839 48.816243)
645	Iffezheim	Einkaufszentrum	de:08216:33007:0:1	48.819135	8.151097	bus	MATCHED	n5520004262	1.1	1.0	Iffezheim Einkaufszentrum	X34	Rastatt Stadtpark / Hügelsheim Grüner Baum	Rastatt, Stadtpark / Hügelsheim, Grüner Baum	LINESTRING(8.151097 48.819135,8.1510916 48.819143800000006)
646	Iffezheim	Festhalle	de:08216:31918:0:1	48.821052	8.141746	bus	MATCHED	n401435361	1.0	1.0	Iffezheim Festhalle	218,234	Iffezheim Bruchweg	Iffezheim Bruchweg	LINESTRING(8.141746 48.821052,8.1417497 48.8210435)
647	Iffezheim	Festhalle	de:08216:31918:0:2	48.821052	8.14197	bus	MATCHED	n401434808	3.5	1.0	Iffezheim Festhalle	215,234	Iffezheim Rennbahnstraße	Iffezheim Rennbahnstraße	LINESTRING(8.14197 48.821052,8.1420004 48.8210282)
648	Iffezheim	Industriegebiet	de:08216:31917:0:1	48.815657	8.160224	bus	MATCHED	n8420868416	10.7	1.0	Iffezheim Industriegebiet	218	Sandweier Autobahnkirche	Sandweier Autobahnkirche	LINESTRING(8.160224 48.815657,8.1603527 48.815612200000004)
649	Iffezheim	Industriegebiet	de:08216:31917:0:2	48.814746	8.163368	bus	MATCHED	n3164377474	8.1	1.0	Iffezheim Industriegebiet	218	Iffezheim Tullastraße	Iffezheim Tullastraße	LINESTRING(8.163368 48.814746,8.1633102 48.8148083)
650	Iffezheim	Karlstraße	de:08216:31916:0:1	48.823483	8.138674	bus	MATCHED	n402309323	1.1	1.0	Iffezheim Karlstraße	218	Iffezheim Festhalle	Iffezheim Festhalle	LINESTRING(8.138674 48.823483,8.1386769 48.8234732)
651	Iffezheim	Karlstraße	de:08216:31916:0:2	48.823696	8.138566	bus	MATCHED	n402309320	15.8	1.0	Iffezheim Karlstraße	218	Iffezheim Oktorfeld		LINESTRING(8.138566 48.823696,8.1387304 48.823604)
652	Iffezheim	Oktorfeld	de:08216:39004:0:1	48.828131	8.131002	bus	MATCHED	n402309326	11.2	0.53	Oktorfeld	218	Iffezheim Tullastraße / Iffezheim Karlstraße		LINESTRING(8.131002 48.828131,8.1310415 48.828228700000004)
653	Iffezheim	Oktorfeld	de:08216:39004:0:2	48.828232	8.131271	bus	NO_MATCH_BUT_OTHER_PLATFORM_MATCHED					218	Wintersdorf Abzw. Bahnhof		POINT(8.131271 48.828232)
654	Iffezheim	Rennbahnstraße	de:08216:31915:0:1	48.822459	8.142491	bus	MATCHED	n400973919	15.2	1.0	Iffezheim Rennbahnstraße	215,234	Iffezheim Tullastraße	Iffezheim Tullastraße	LINESTRING(8.142491 48.822459,8.1422913 48.8224937)
655	Iffezheim	Rennbahnstraße	de:08216:31915:0:2	48.822655	8.141764	bus	MATCHED	n400973921	0.5	1.0	Iffezheim Rennbahnstraße	218,234	Iffezheim Festhalle / Iffezheim Karlstraße	Iffezheim Festhalle / Iffezheim Karlstraße	LINESTRING(8.141764 48.822655,8.141768500000001 48.8226583)
656	Iffezheim	Tullastraße	de:08216:31913:0:1	48.819425	8.150271	bus	MATCHED	n400973923	6.1	1.0	Iffezheim Tullastraße	215,218,234,234s	Rastatt Merzeau / Baden-Baden Wörthstraße / Iffezheim Industriegebiet / Hügelsheim Nord	Rastatt, Merzeau / Iffezheim Industriegebiet	LINESTRING(8.150271 48.819425,8.150191300000001 48.8194111)
657	Iffezheim	Tullastraße	de:08216:31913:0:2	48.819881	8.149597	bus	MATCHED	n401434807	4.3	1.0	Iffezheim Tullastraße	218,234,234s	Iffezheim Rennbahnstraße	Iffezheim Rennbahnstraße	LINESTRING(8.149597 48.819881,8.1496153 48.819918200000004)
658	Kuppenheim	Abzw. Favorite	de:08216:32117:0:1	48.82796	8.249463	bus	MATCHED	n610689890	0.5	0.9	Kuppenheim Abzweig Favorite	240s,241	Kuppenheim Rathaus	Kuppenheim Rathaus	LINESTRING(8.249463 48.82796,8.249465200000001 48.827964400000006)
659	Kuppenheim	Abzw. Favorite	de:08216:32117:0:2	48.828131	8.248762	bus	MATCHED	n610689888	4.1	0.78	Kuppenheim Abzweig Favorite	240s,241	Förch	Förch	LINESTRING(8.248762 48.828131,8.248810800000001 48.8281128)
660	Kuppenheim	Cuppamare	de:08216:32116:1:1	48.829722	8.266198	bus	MATCHED	n610689870	6.7	0.62	Cuppamare	213,240s,241,259	Oberndorf Abzw. B462 / Kuppenheim Feuerwehr / Oberndorf Abzw. B462 / Oberndorf EKZ		LINESTRING(8.266198 48.829722,8.2662673 48.8297614)
661	Kuppenheim	Feuerwehr	de:08216:30095:1:1	48.830408	8.256416	bus	MATCHED_THOUGH_OSM_NO_NAME	n13070605716	19.0	0.16		213,240s,241,259	Kuppenheim Cuppamare		LINESTRING(8.256416 48.830408,8.256652 48.83047800000001)
662	Kuppenheim	Feuerwehr	de:08216:30095:1:2	48.830674	8.256865	bus	MATCHED_THOUGH_OSM_NO_NAME	n13070605717	10.7	0.21		213,240s,241,259	Bischweier Bahnhofstraße / Kuppenheim Rathaus / Kuppenheim / Muggensturm Rathaus		LINESTRING(8.256865 48.830674,8.2567605 48.830607500000006)
663	Kuppenheim	Friedhof	de:08216:32115:0:1	48.823548	8.25214	bus	MATCHED	n302367443	4.4	0.81	Kuppenheim Friedhof	213	Kuppenheim Rathaus	Kuppenheim Rathaus	LINESTRING(8.25214 48.823548,8.252114200000001 48.8235837)
664	Kuppenheim	Friedhof	de:08216:32115:0:2	48.824175	8.252346	bus	MATCHED	n610689886	2.8	0.86	Kuppenheim Friedhof	213	Haueneberstein Waldstraße	Haueneberstein Waldstraße	LINESTRING(8.252346 48.824175,8.2523835 48.824181200000005)
665	Kuppenheim	Kuppenheim	de:08216:34763:1:1	48.833926	8.256595	train	MATCHED	n2131631141	55.6	1.0	Kuppenheim	RB41,RE40,S8,S81	Gaggenau / Bischweier (Baden)	Bischweier	LINESTRING(8.256595 48.833926,8.2559512 48.834189900000005)
666	Kuppenheim	Kuppenheim	de:08216:34763:2:2	48.834246	8.255904	train	MATCHED	n19088970	21.7	1.0	Kuppenheim	RB41,RE40,S8,S81	Rastatt / Rastatt / Rastatt Beinle	Rastatt Beinle	LINESTRING(8.255904 48.834246,8.2561665 48.8341561)
667	Kuppenheim	Kuppenheim	de:08216:34763:3:11	48.834086	8.255508	bus	MATCHED	n610689884	3.1	0.52	Kuppenheim Bahnhof	241			LINESTRING(8.255508 48.834086,8.2554946 48.834112700000006)
668	Kuppenheim	Kuppenheim	de:08216:34763:3:12	48.834033	8.255886	bus	MATCHED	n562711574	5.6	0.46	Kuppenheim Bahnhof	213,240,240s,241,251	Bischweier Bahnhofstraße / Kuppenheim Feuerwehr / Bischweier Bahnhofstraße / Oberndorf EKZ / Kuppenheim Rathaus	Kuppenheim Rathaus / Bischweier Bahnhofstraße	LINESTRING(8.255886 48.834033,8.2559059 48.834081600000005)
669	Kuppenheim	Oberndorf Abzw. B462	de:08216:32112:1:1	48.827865	8.282099	bus	NO_MATCH_BUT_OTHER_PLATFORM_MATCHED					240,240s,241	Bad Rotenfels Schulz. Dachgrub		POINT(8.282099 48.827865)
670	Kuppenheim	Oberndorf Abzw. B462	de:08216:32112:1:2	48.827569	8.281362	bus	MATCHED	n302957655	3.4	0.46	Abzweig B462	213,240,240s	Oberndorf EKZ		LINESTRING(8.281362 48.827569,8.281405900000001 48.8275602)
671	Kuppenheim	Oberndorf EKZ	de:08216:32111:1:1	48.828362	8.278056	bus	MATCHED	n302958800	3.5	0.75	Oberndorf EKZ	240,240s,241	Oberndorf Abzw. B462		LINESTRING(8.278056 48.828362,8.2780532 48.828330400000006)
672	Kuppenheim	Oberndorf EKZ	de:08216:32111:1:2	48.828498	8.277329	bus	MATCHED	n302958804	0.5	0.92	Oberndorf EKZ	213,240,240s	Kuppenheim Cuppamare / Kuppenheim Wörtel		LINESTRING(8.277329 48.828498,8.2773304 48.828493200000004)
673	Kuppenheim	Rathaus	de:08216:32114:1:1	48.828196	8.254592	bus	MATCHED	n610689891	5.3	0.79	Kuppenheim Rathaus	213,240,240s,241	Kuppenheim / Kuppenheim / Kuppenheim Feuerwehr	Kuppenheim Bahnhof	LINESTRING(8.254592 48.828196,8.25465 48.828167400000005)
674	Kuppenheim	Rathaus	de:08216:32114:1:2	48.828592	8.25479	bus	MATCHED	n610689892	2.5	0.87	Kuppenheim Rathaus	213,240,240s,241	Kuppenheim Abzw. Favorite / Kuppenheim Wörtel / Kuppenheim Friedhof	Kuppenheim Abzweig Favorite / Kuppenheim Friedhof	LINESTRING(8.25479 48.828592,8.254797700000001 48.828569900000005)
675	Kuppenheim	Rathaus	de:08216:32114:2:91	48.827753	8.255302		NO_MATCH_AND_SEEMS_UNSERVED								POINT(8.255302 48.827753)
676	Kuppenheim	Rathaus	de:08216:32114:2:92	48.827824	8.256928		NO_MATCH_AND_SEEMS_UNSERVED								POINT(8.256928 48.827824)
677	Kuppenheim	Wörtel	de:08216:32113:1:1	48.828131	8.262812	bus	MATCHED	n610689878	5.5	0.46	Wörtel 240	240,240s	Kuppenheim Cuppamare / Oberndorf EKZ		LINESTRING(8.262812 48.828131,8.2628815 48.828113200000004)
678	Kuppenheim	Wörtel	de:08216:32113:1:2	48.828202	8.262515	bus	MATCHED	n610689877	4.6	0.48	Wörtel 240	240,240s	Kuppenheim Abzw. Favorite / Kuppenheim Rathaus		LINESTRING(8.262515 48.828202,8.2625468 48.8282375)
679	Lichtenau	Grauelsbaum Birkenweiher	de:08216:37235:0:1	48.735376	7.980067	bus	MATCHED	n403017516	0.6	1.0	Grauelsbaum Birkenweiher	268,268s	Lichtenau Schule / Lichtenau Hirsch / Scherzheim Blume	Scherzheim Blume / Lichtenau Hirsch	LINESTRING(7.980067 48.735376,7.9800598 48.7353746)
680	Lichtenau	Grauelsbaum Salmen	de:08216:34632:0:1	48.73585	7.982798	bus	MATCHED	n4893781448	0.7	1.0	Grauelsbaum Salmen	268,268s	Grauelsbaum Birkenweiher	Grauelsbaum Birkenweiher	LINESTRING(7.982798 48.73585,7.9827922000000004 48.7358545)
681	Lichtenau	Hirsch	de:08216:34636:0:1	48.724788	8.003217	bus	NO_MATCH_BUT_OTHER_PLATFORM_MATCHED					268,268s	Lichtenau Schwanen		POINT(8.003217 48.724788)
682	Lichtenau	Hirsch	de:08216:34636:0:2	48.724788	8.003217		MATCHED	n418787043	1.5	1.0	Lichtenau Hirsch			Lichtenau Schwanen	LINESTRING(8.003217 48.724788,8.0032039 48.724777700000004)
683	Lichtenau	Muckenschopf	de:08216:34639:1:1	48.694485	7.98729	bus	MATCHED	n447980753	3.0	1.0	Muckenschopf	268,268s	Scherzheim Blume / Helmlingen Molkerei / Helmlingen Ratz	Helmlingen Molkerei	LINESTRING(7.98729 48.694485,7.987252300000001 48.6944753)
684	Lichtenau	Muckenschopf	de:08216:34639:1:2	48.694402	7.987191	bus	MATCHED	n447980752	12.2	1.0	Muckenschopf	268,268s	Muckenschopf Abzw. Eichwaldstr. / Memprechtshofen B36	Memprechtshofen B36	LINESTRING(7.987191 48.694402,7.987066400000001 48.6944747)
685	Lichtenau	Muckenschopf Abzw. Eichwaldstr. 	de:08216:34847:1:1	48.696916	7.990865	bus	NO_MATCH					268s	Scherzheim Blume / Scherzheim Schule		POINT(7.990865 48.696916)
686	Lichtenau	Scherzheim Blume	de:08216:34642:0:1	48.710806	7.994341	bus	MATCHED	n508957673	29.3	1.0	Scherzheim Blume	268,268s	Scherzheim Schule / Muckenschopf / Muckenschopf / Helmlingen Ratz	Helmlingen Ratz	LINESTRING(7.994341 48.710806,7.994149800000001 48.710574300000005)
687	Lichtenau	Scherzheim Blume	de:08216:34642:0:2	48.710759	7.994476	bus	MATCHED	n508957662	15.2	1.0	Scherzheim Blume	268,268s	Grauelsbaum Salmen / Lichtenau Hirsch	Grauelsbaum Salmen	LINESTRING(7.994476 48.710759,7.994575200000001 48.7108793)
688	Lichtenau	Scherzheim Helmlinger Str. (Ersatz)	de:08216:34835:0:1	48.714256	7.981208		NO_MATCH_AND_SEEMS_UNSERVED								POINT(7.981208 48.714256)
689	Lichtenau	Scherzheim Helmlinger Str. (Ersatz)	de:08216:34835:0:2	48.714292	7.981064		NO_MATCH_AND_SEEMS_UNSERVED								POINT(7.981064 48.714292)
690	Lichtenau	Scherzheim Schule	de:08216:34841:1:1	48.712229	8.00107	bus	NO_MATCH					268s	Muckenschopf / Scherzheim Blume		POINT(8.00107 48.712229)
691	Lichtenau	Schule	de:08216:34840:1:1	48.725084	8.008849	bus	MATCHED	n6272517317	2.4	1.0	Lichtenau Schule	268s	Lichtenau Sommerfeldstraße		LINESTRING(8.008849 48.725084,8.0088483 48.7250621)
692	Lichtenau	Schwanen	de:08216:34637:0:1	48.727508	8.008984	bus	MATCHED	n403295205	3.8	1.0	Lichtenau Schwanen	268,268s	Lichtenau Sommerfeldstraße / Lichtenau Schule	Lichtenau Sommerfeldstraße	LINESTRING(8.008984 48.727508,8.008933200000001 48.7275009)
693	Lichtenau	Schwanen	de:08216:34637:0:2	48.727508	8.009199	bus	MATCHED	n403295204	1.8	1.0	Lichtenau Schwanen	268,268s	Schwarzach (Bd) Bahnhof / Ulm (Lichtenau) Rathaus	Ulm Rathaus	LINESTRING(8.009199 48.727508,8.009224 48.7275068)
694	Lichtenau	Sommerfeldstraße	de:08216:34638:0:1	48.723294	8.002273	bus	MATCHED	n401234707	0.7	1.0	Lichtenau Sommerfeldstraße	268,268s	Grauelsbaum Salmen / Scherzheim Blume	Grauelsbaum Salmen	LINESTRING(8.002273 48.723294,8.002276 48.7232999)
695	Lichtenau	Ulm (Lichtenau) Rathaus	de:08216:34696:0:1	48.727229	8.013664	bus	MATCHED	n419827399	10.6	1.0	Ulm Rathaus	268,268s,X34	Stollhofen Krone / Schwarzach (Bd) Bahnhof / Lichtenau Schwanen	Stollhofen Krone / Lichtenau Schwanen	LINESTRING(8.013664 48.727229,8.013521500000001 48.727243800000004)
696	Lichtenau	Ulm (Lichtenau) Rathaus	de:08216:34696:0:2	48.727211	8.013224	bus	MATCHED	n419827398	0.8	1.0	Ulm Rathaus	268,268s,X34	Moos Weiherstraße / Schwarzach (Bd) Bahnhof / Ulm (Lichtenau) Zinken / Söllingen Kirche	Schwarzach Bahnhof / Moos Weiherstraße / Ulm Zinken	LINESTRING(8.013224 48.727211,8.013226000000001 48.727203800000005)
697	Lichtenau	Ulm (Lichtenau) Zinken	de:08216:37234:0:1	48.725546	8.019916	bus	MATCHED_THOUGH_REVERSED_DIR	n416527826	28.7	1.0	Ulm Zinken	268,268s	Moos Mooser Straße / Moos Weiherstraße	Ulm Rathaus	LINESTRING(8.019916 48.725546,8.020249100000001 48.725410800000006)
698	Lichtenau	Ulm (Lichtenau) Zinken	de:08216:37234:0:2	48.72544	8.02024	bus	MATCHED_THOUGH_REVERSED_DIR	n416527827	26.0	1.0	Ulm Zinken	268s	Ulm (Lichtenau) Rathaus	Moos Weiherstraße	LINESTRING(8.02024 48.72544,8.0199189 48.7255369)
699	Lichtenau	Ulm Schwarzacher Straße	de:08216:34646:0:1	48.728491	8.009262		NO_MATCH_AND_SEEMS_UNSERVED								POINT(8.009262 48.728491)
700	Lichtenau	Ulm Schwarzacher Straße	de:08216:34646:0:2	48.728355	8.009119		NO_MATCH_AND_SEEMS_UNSERVED								POINT(8.009119 48.728355)
701	Loffenau	Breitenackerweg	de:08216:32110:0:1	48.774381	8.393193	bus	MATCHED	n3849831442	1.8	0.9	Loffenau Breitenackerweg	244,X44	Loffenau Käppele	Loffenau Käppele / Bad Herrenalb Gernsbacher Straße	LINESTRING(8.393193 48.774381,8.393215300000001 48.7743867)
702	Loffenau	Breitenackerweg	de:08216:32110:0:2	48.774494	8.393283	bus	MATCHED	n3849831441	30.1	0.49	Loffenau Breitenackerweg	244,X44	Loffenau Obere Dorfstraße	Loffenau Marktplatz / Gernsbach Mitte	LINESTRING(8.393283 48.774494,8.392907000000001 48.774386500000006)
703	Loffenau	Kurpark	de:08216:32120:0:1	48.77315	8.382422		NO_MATCH_AND_SEEMS_UNSERVED								POINT(8.382422 48.77315)
704	Loffenau	Käppele	de:08216:34782:0:1	48.78493	8.402329	bus	MATCHED	n3849831443	23.0	0.54	Loffenau Käppele	244,X44	Bad Herrenalb Freibad	Bad Herrenalb Freibad / Gernsbach Rathaus	LINESTRING(8.402329 48.78493,8.4023167 48.7851365)
705	Loffenau	Käppele	de:08216:34782:0:2	48.784877	8.402194	bus	MATCHED	n3849831444	8.0	0.73	Loffenau Käppele	244,X44	Loffenau Breitenackerweg	Loffenau Breitenackerweg	LINESTRING(8.402194 48.784877,8.4021801 48.7849488)
706	Loffenau	Marktplatz	de:08216:32109:0:1	48.773932	8.382629	bus	MATCHED	n3849831435	3.1	0.85	Loffenau Marktplatz	244,X44	Loffenau Obere Dorfstraße	Loffenau Breitenackerweg / Loffenau Obere Dorfstraße	LINESTRING(8.382629 48.773932,8.382620600000001 48.7739593)
707	Loffenau	Marktplatz	de:08216:32109:0:2	48.774038	8.382387	bus	MATCHED	n3849831436	1.0	0.93	Loffenau Marktplatz	244,X44	Loffenau Schönblick	Loffenau Schönblick	LINESTRING(8.382387 48.774038,8.3823871 48.7740286)
708	Loffenau	Obere Dorfstraße	de:08216:32108:0:1	48.773997	8.389914	bus	MATCHED	n3849831440	0.8	0.94	Loffenau Obere Dorfstraße	244,X44	Loffenau Breitenackerweg	Loffenau Breitenackerweg	LINESTRING(8.389914 48.773997,8.389915100000001 48.773990100000006)
709	Loffenau	Obere Dorfstraße	de:08216:32108:0:2	48.774068	8.389726	bus	MATCHED	n3849831439	3.1	0.78	Loffenau Obere Dorfstraße	244,X44	Loffenau Marktplatz	Selbach Unterdorf	LINESTRING(8.389726 48.774068,8.389733 48.7740409)
710	Loffenau	Schönblick	de:08216:32107:0:1	48.772428	8.378784	bus	MATCHED	n3849831437	5.4	0.78	Loffenau Schönblick	244,X44	Loffenau Marktplatz	Loffenau Marktplatz	LINESTRING(8.378784 48.772428,8.3787328 48.772392800000006)
711	Loffenau	Schönblick	de:08216:32107:0:2	48.772712	8.378982	bus	MATCHED	n3849831438	2.5	0.87	Loffenau Schönblick	244,X44	Gernsbach Mitte	Gernsbach Mitte	LINESTRING(8.378982 48.772712,8.37895 48.772705200000004)
712	Loffenau	St. Theresia	de:08216:32128	48.771818	8.388306		NO_MATCH_AND_SEEMS_UNSERVED								POINT(8.388306 48.771818)
713	Muggensturm	Bachstraße	de:08216:4001:1:1	48.876376	8.280284	bus	MATCHED	n11160918109	4.9	1.0	Muggensturm Bachstraße	RB44	Muggensturm Freibad		LINESTRING(8.280284 48.876376,8.2802232 48.876358200000006)
714	Muggensturm	Bachstraße	de:08216:4001:1:2	48.876542	8.280589	bus	MATCHED	n11160918110	3.2	1.0	Muggensturm Bachstraße	RB44	Muggensturm Hauptstraße		LINESTRING(8.280589 48.876542,8.2806253 48.8765573)
715	Muggensturm	Badesee	de:08216:1850:1:1	48.880151	8.287066	train	MATCHED	n2586504085	37.4	1.0	Muggensturm Badesee	RB41,RB44,S71,S81	Malsch Süd / Muggensturm	Muggensturm	LINESTRING(8.287066 48.880151,8.287566100000001 48.8802194)
716	Muggensturm	Badesee	de:08216:1850:2:2	48.879773	8.286285	train	MATCHED_THOUGH_REVERSED_DIR	n2586484392	17.0	1.0	Muggensturm Badesee	RB41,RB44,RE40,S71,S81	Muggensturm	Malsch Süd	LINESTRING(8.286285 48.879773,8.2860552 48.8797921)
717	Muggensturm	Feuerwehr	de:08216:3996:1:1	48.872394	8.2812	bus	MATCHED	n683824479	12.9	1.0	Muggensturm Feuerwehr	259	Muggensturm Karlsruher Str.		LINESTRING(8.2812 48.872394,8.2811172 48.8722921)
718	Muggensturm	Freibad	de:08216:4000:1:1	48.876276	8.290435	bus	MATCHED	n10156865930	7.3	1.0	Muggensturm Freibad	RB44	Muggensturm Haus Margaretha / Malsch Stephanstraße		LINESTRING(8.290435 48.876276,8.290510300000001 48.8762332)
719	Muggensturm	Freibad	de:08216:4000:1:2	48.8764	8.290336	bus	NO_MATCH_BUT_OTHER_PLATFORM_MATCHED					259	Muggensturm Bachstraße		POINT(8.290336 48.8764)
720	Muggensturm	Hauptstraße	de:08216:32104:1:1	48.873682	8.274571	bus	MATCHED	n11160918107	3.2	1.0	Muggensturm Hauptstraße	RB44	Muggensturm Bachstraße		LINESTRING(8.274571 48.873682,8.2745833 48.873654300000005)
721	Muggensturm	Hauptstraße	de:08216:32104:1:2	48.87344	8.274526	bus	MATCHED	n11160918108	2.2	1.0	Muggensturm Hauptstraße	RB44	Rastatt / Muggensturm Rathaus		LINESTRING(8.274526 48.87344,8.2745545 48.8734461)
722	Muggensturm	Haus Margaretha	de:08216:4010:1:1	48.871059	8.283401	bus	NO_MATCH					258	Muggensturm Rastatter Str.		POINT(8.283401 48.871059)
723	Muggensturm	Haus Margaretha	de:08216:4010:1:2	48.871076	8.283365	bus	NO_MATCH					258	Muggensturm Freibad		POINT(8.283365 48.871076)
724	Muggensturm	Karlsruher Str.	de:08216:3998:1:1	48.873989	8.289222	bus	MATCHED	n11160918111	0.9	1.0	Muggensturm Karlsruher Straße	259	Muggensturm Freibad		LINESTRING(8.289222 48.873989,8.2892211 48.873997300000006)
725	Muggensturm	Muggensturm	de:08216:1843:1:1	48.876855	8.274688	train	MATCHED	n2417737525	31.5	1.0	Muggensturm	RB41,RB44,RE2,RE7,S71,S81	Rastatt / Malsch (Kr Karlsruhe) / Muggensturm Badesee / Rastatt	Muggensturm Badesee	LINESTRING(8.274688 48.876855,8.2742845 48.876758300000006)
726	Muggensturm	Muggensturm	de:08216:1843:2:2	48.876577	8.273475	train	MATCHED	n2417737526	62.6	1.0	Muggensturm	RB41,RB44,RE2,RE40,RE7,S71,S81	Rastatt / Rastatt / Rastatt	Rastatt	LINESTRING(8.273475 48.876577,8.274265 48.8767907)
727	Muggensturm	Muggensturm	de:08216:1843:7:71	48.875136	8.275146	bus	NO_MATCH_AND_SEEMS_UNSERVED								POINT(8.275146 48.875136)
728	Muggensturm	Muggensturm	de:08216:1843:7:72	48.875141	8.275128	bus	NO_MATCH_AND_SEEMS_UNSERVED								POINT(8.275128 48.875141)
729	Muggensturm	Rastatter Str.	de:08216:3999:1:1	48.869392	8.276125	bus	NO_MATCH					258	Muggensturm Haus Margaretha		POINT(8.276125 48.869392)
730	Muggensturm	Rastatter Str.	de:08216:3999:1:2	48.869505	8.276107	bus	NO_MATCH					258	Muggensturm Rathaus		POINT(8.276107 48.869505)
731	Muggensturm	Rathaus	de:08216:3997:1:1	48.867803	8.278299	bus	MATCHED	n11160918106	7.0	1.0	Muggensturm Rathaus	258,259	Muggensturm Hauptstraße / Muggensturm Rastatter Str. / Muggensturm Feuerwehr		LINESTRING(8.278299 48.867803,8.2783852 48.867775)
732	Muggensturm	Rathaus	de:08216:3997:1:2	48.867614	8.278254	bus	MATCHED	n11160918105	9.6	1.0	Muggensturm Rathaus	258,259	Rauental Kirche / Bischweier Rathaus / Rastatt / Kuppenheim Feuerwehr		LINESTRING(8.278254 48.867614,8.2782288 48.867698600000004)
733	Muggensturm	Schule	de:08216:4011:1:1	48.87165	8.277203		NO_MATCH_AND_SEEMS_UNSERVED								POINT(8.277203 48.87165)
734	Muggensturm	Schule	de:08216:4011:1:2	48.871697	8.277005		NO_MATCH_AND_SEEMS_UNSERVED								POINT(8.277005 48.871697)
735	Ottersweier	Abzw. Hatzenweier	de:08216:32100:0:1	48.679908	8.106415	bus	MATCHED	n8325462030	3.3	1.0	Ottersweier Abzweig Hatzenweier	266	Breithurst Kapelle / Breithurst Abzw. Breithurst	Abzw. Breithurst	LINESTRING(8.106415 48.679908,8.1064363 48.6799338)
736	Ottersweier	Abzw. Hatzenweier	de:08216:32100:0:2	48.679202	8.107376	bus	MATCHED	n8325462027	10.4	1.0	Ottersweier Abzweig Hatzenweier	266	Bühl Tankstelle Jäger		LINESTRING(8.107376 48.679202,8.1074676 48.6791306)
737	Ottersweier	Abzw. Hatzenweier	de:08216:32100:0:3	48.67922	8.106747	bus	MATCHED	n9838599010	10.0	1.0	Ottersweier Abzweig Hatzenweier	266	Ottersweier Seebühl	Ottersweier Seebühl	LINESTRING(8.106747 48.67922,8.1067528 48.6791299)
738	Ottersweier	Am Notbach	de:08216:32105:0:1	48.671022	8.107682	bus	MATCHED	n9838599014	2.5	1.0	Ottersweier Am Notbach	266	Ottersweier Kirche / Haft Brücke / Ottersweier Schule	Ottersweier Kirche	LINESTRING(8.107682 48.671022,8.107714900000001 48.671029000000004)
739	Ottersweier	Am Notbach	de:08216:32105:0:2	48.671141	8.107682	bus	MATCHED	n9838599013	6.2	1.0	Ottersweier Am Notbach	266	Ottersweier Seebühl	Ottersweier Seebühl	LINESTRING(8.107682 48.671141,8.1076029 48.6711225)
740	Ottersweier	Breithurst Abzw. Breithurst	de:08216:32102:0:1	48.682666	8.077983	bus	MATCHED	n882151326	6.2	1.0	Abzw. Breithurst	266	Unzhurst Hornisgrindestraße	Breithurst Kapelle	LINESTRING(8.077983 48.682666,8.077914100000001 48.682698)
741	Ottersweier	Breithurst Abzw. Breithurst	de:08216:32102:0:2	48.682565	8.077947	bus	MATCHED	n882151243	8.1	1.0	Abzw. Breithurst	266	Ottersweier Abzw. Hatzenweier	Ottersweier Abzweig Hatzenweier	LINESTRING(8.077947 48.682565,8.078038600000001 48.6825246)
742	Ottersweier	Breithurst Kapelle	de:08216:14812:0:1	48.684944	8.078271	bus	MATCHED	n875828060	0.8	1.0	Breithurst Kapelle	266	Ottersweier Abzw. Hatzenweier / Ottersweier Abzw. Hatzenweier / Unzhurst Hornisgrindestraße	Abzw. Breithurst / Unzhurst Hornisgrindestraße	LINESTRING(8.078271 48.684944,8.078263100000001 48.6849495)
743	Ottersweier	Haft Brücke	de:08216:32101:0:1	48.657501	8.117779	bus	MATCHED	n1752934113	3.0	1.0	Haft Brücke	7135	Lauf Niederhofen / Ottersweier Am Notbach / Lauf Niederhofen	Lauf Rebstock / Lauf Neue Schule	LINESTRING(8.117779 48.657501,8.117810500000001 48.657484000000004)
744	Ottersweier	Haft Brücke	de:08216:32101:0:2	48.657524	8.118066	bus	MATCHED	n1752934112	13.6	1.0	Haft Brücke	7135	Ottersweier Schule / Ottersweier Kirche / Bühl Tankstelle Jäger	Ottersweier Kirche	LINESTRING(8.118066 48.657524,8.1182411 48.6574855)
745	Ottersweier	Hard	de:08216:33124:0:1	48.666697	8.137326	bus	MATCHED_THOUGH_DISTANT	n8409443486	243.8	1.0	Waldmatt Hard	264,264s,273	Ottersweier Hub / Ottersweier Hub	Ottersweier Hub	LINESTRING(8.137326 48.666697,8.1395522 48.668320200000004)
746	Ottersweier	Hard	de:08216:33124:0:2	48.666828	8.137488	bus	MATCHED_THOUGH_DISTANT	n3045471828	225.9	1.0	Waldmatt Hard	264,264s,273	Waldmatt Waldmatt / Waldmatt Panoramastraße	Waldmatt Panoramastraße	LINESTRING(8.137488 48.666828,8.139642700000001 48.668274100000005)
747	Ottersweier	Hatzenweier Antoniuskapelle (Planung)	de:08216:32106:0:1	48.682049	8.108445		NO_MATCH_AND_SEEMS_UNSERVED								POINT(8.108445 48.682049)
748	Ottersweier	Hatzenweier Antoniuskapelle (Planung)	de:08216:32106:0:2	48.681788	8.108266		NO_MATCH_AND_SEEMS_UNSERVED								POINT(8.108266 48.681788)
749	Ottersweier	Hub	de:08216:32099:1:1	48.665374	8.136796	bus	MATCHED	n8238586064	5.7	1.0	Ottersweier Hub	264,264s	Ottersweier Hard / Neusatz (Baden) Löwen	Neusatz Löwen	LINESTRING(8.136796 48.665374,8.1368297 48.665328300000006)
750	Ottersweier	Hub	de:08216:32099:1:2	48.665422	8.136958	bus	MATCHED	n8238586063	4.6	1.0	Ottersweier Hub	264,264s	Ottersweier Münchhofstraße / Rittersbach Gasthaus Blume	Ottersweier Münchhofstraße	LINESTRING(8.136958 48.665422,8.1369893 48.6653858)
751	Ottersweier	Hub	de:08216:32099:2:3	48.665131	8.137299	bus	MATCHED	n8409443477	2.7	1.0	Ottersweier Hub	273	Neusatz (Baden) Löwen	Neusatz Löwen	LINESTRING(8.137299 48.665131,8.1373286 48.665116600000005)
752	Ottersweier	Hub	de:08216:32099:2:4	48.665232	8.137272		MATCHED	n8409443476	0.7	1.0	Ottersweier Hub			Waldmatt Hard	LINESTRING(8.137272 48.665232,8.1372669 48.665237000000005)
753	Ottersweier	Kirche	de:08216:32097:0:1	48.668679	8.111185	bus	MATCHED	n8082242067	3.2	1.0	Ottersweier Kirche	262,264,264s,265,266,7135	Kappelwindeck Bachschlossschule / Ottersweier Schwarzwaldstraße / Ottersweier Maria Linden	Ottersweier Maria Linden	LINESTRING(8.111185 48.668679,8.111197200000001 48.6686514)
754	Ottersweier	Kirche	de:08216:32097:0:2	48.668513	8.110646	bus	MATCHED	n348055408	1.7	1.0	Ottersweier Kirche	262,264,264s,265,266,7135	Sasbach Heimschule Lender / Haft Brücke / Ottersweier Schwarzwaldstraße / Ottersweier Am Notbach / Sasbachried Abzweig / Ottersweier Schule	Ottersweier Am Notbach / Ottersweier Schwarzwaldstraße / Haft Brücke / Sasbachried Abzweig	LINESTRING(8.110646 48.668513,8.1106583 48.668500400000006)
755	Ottersweier	Maria Linden	de:08216:32095:0:1	48.672185	8.117842	bus	MATCHED	n352691964	11.6	1.0	Ottersweier Maria Linden	7135	Bühl Tankstelle Jäger / Bühl Gymnasium	Bühl Tankstelle Jäger	LINESTRING(8.117842 48.672185,8.1179933 48.6721574)
756	Ottersweier	Maria Linden	de:08216:32095:0:2	48.672393	8.11803	bus	MATCHED	n352691967	1.1	1.0	Ottersweier Maria Linden	7135	Ottersweier Kirche	Ottersweier Kirche	LINESTRING(8.11803 48.672393,8.118016 48.672397200000006)
757	Ottersweier	Münchhofstraße	de:08216:32000:0:1	48.66665	8.12563	bus	MATCHED	n372830441	3.4	1.0	Ottersweier Münchhofstraße	264,264s	Ottersweier Schwarzwaldstraße	Ottersweier Schwarzwaldstraße	LINESTRING(8.12563 48.66665,8.1256591 48.6666268)
758	Ottersweier	Münchhofstraße	de:08216:32000:0:2	48.666638	8.125001	bus	MATCHED	n8238586060	2.1	1.0	Ottersweier Münchhofstraße	264,264s	Ottersweier Hub	Ottersweier Hub	LINESTRING(8.125001 48.666638,8.124999800000001 48.6666569)
759	Ottersweier	Ottersweier	de:08216:35114:1:3	48.672511	8.106074		NO_MATCH_AND_SEEMS_UNSERVED								POINT(8.106074 48.672511)
760	Ottersweier	Ottersweier	de:08216:35114:2:2	48.674659	8.108194		NO_MATCH_AND_SEEMS_UNSERVED								POINT(8.108194 48.674659)
761	Ottersweier	Ottersweier	de:08216:35114:3:1	48.674671	8.108302		NO_MATCH_AND_SEEMS_UNSERVED								POINT(8.108302 48.674671)
762	Ottersweier	Schule	de:08216:14811:0:1	48.666276	8.112362	bus	MATCHED	n8940721455	1.9	0.82	Ottersweier Schule	265,266	Ottersweier Kirche / Haft Brücke / Ottersweier Am Notbach		LINESTRING(8.112362 48.666276,8.1123666 48.6662924)
763	Ottersweier	Schwarzwaldstraße	de:08216:32228:1:1	48.667718	8.120483	bus	MATCHED	n1768353391	7.7	1.0	Ottersweier Schwarzwaldstraße	264,264s	Ottersweier Kirche / Ottersweier Kirche	Ottersweier Kirche	LINESTRING(8.120483 48.667718,8.1205715 48.6676809)
764	Ottersweier	Schwarzwaldstraße	de:08216:32228:1:2	48.667771	8.120114	bus	MATCHED	n1768353395	5.0	1.0	Ottersweier Schwarzwaldstraße	264,264s	Ottersweier Münchhofstraße	Ottersweier Münchhofstraße	LINESTRING(8.120114 48.667771,8.1201776 48.6677564)
765	Ottersweier	Seebühl	de:08216:32103:0:1	48.674955	8.103981	bus	MATCHED	n9838599012	2.3	1.0	Ottersweier Seebühl	266	Ottersweier Abzw. Hatzenweier / Ottersweier Abzw. Hatzenweier	Ottersweier Abzweig Hatzenweier	LINESTRING(8.103981 48.674955,8.103975700000001 48.674934400000005)
766	Ottersweier	Seebühl	de:08216:32103:0:2	48.675109	8.103936	bus	MATCHED	n9838599011	3.1	1.0	Ottersweier Seebühl	266	Ottersweier Am Notbach	Ottersweier Am Notbach	LINESTRING(8.103936 48.675109,8.1039676 48.675090000000004)
767	Ottersweier	Unzhurst Hornisgrindestraße	de:08216:33162:1:1	48.686136	8.058014	bus	MATCHED	n371581874	3.6	1.0	Unzhurst Hornisgrindestraße	266,268s	Breithurst Kapelle / Unzhurst Schule / Breithurst Abzw. Breithurst	Breithurst Kapelle	LINESTRING(8.058014 48.686136,8.0579658 48.686133000000005)
768	Ottersweier	Unzhurst Hornisgrindestraße	de:08216:33162:1:2	48.686219	8.058957	bus	MATCHED	n2491097440	78.5	1.0	Unzhurst Hornisgrindestraße	266,268s	Unzhurst Schule	Unzhurst Schule	LINESTRING(8.058957 48.686219,8.0600235 48.6862313)
769	Ottersweier	Unzhurst Raiffeisenbank	de:08216:31999:0:1	48.686195	8.058032		NO_MATCH_AND_SEEMS_UNSERVED								POINT(8.058032 48.686195)
770	Ottersweier	Unzhurst Raiffeisenbank	de:08216:31999:0:2	48.686195	8.058032		NO_MATCH_AND_SEEMS_UNSERVED								POINT(8.058032 48.686195)
771	Ottersweier	Unzhurst Schule	de:08216:31998:0:1	48.688958	8.060601	bus	MATCHED	n502231520	15.6	1.0	Unzhurst Schule	266,268s	Zell Kapelle / Unzhurst Hornisgrindestraße	Unzhurst Hornisgrindestraße / Zell Kapelle	LINESTRING(8.060601 48.688958,8.0606472 48.6888214)
772	Ottersweier	Unzhurst Schule	de:08216:31998:0:2	48.688686	8.060448	bus	NO_MATCH_BUT_OTHER_PLATFORM_MATCHED					268s	Unzhurst Hornisgrindestraße		POINT(8.060448 48.688686)
773	Ottersweier	Zell Kapelle	de:08216:32087:1:1	48.692493	8.063386	bus	MATCHED	n2491097441	1.4	1.0	Zell Kapelle	268s	Schwarzach (Bd) Bahnhof	Schwarzach Bahnhof	LINESTRING(8.063386 48.692493,8.063367000000001 48.692495900000004)
774	Ottersweier	Zell Wiesenweg	de:08216:32423:1:1	48.694088	8.064033	bus	MATCHED	n2491097439	3.0	1.0	Zell Wiesenweg	268s	Unzhurst Schule		LINESTRING(8.064033 48.694088,8.0640341 48.694061100000006)
775	Rastatt	Agentur für Arbeit	de:08216:31829:0:1	48.854429	8.210638		MATCHED	n563231917	24.3	0.29	Rastatt, Agentur für Arbeit			Rastatt, Franzbrücke	LINESTRING(8.210638 48.854429,8.2106061 48.8542111)
776	Rastatt	Agentur für Arbeit	de:08216:31829:0:2	48.854021	8.210395		MATCHED	n563231916	3.5	0.72	Rastatt, Agentur für Arbeit			Rastatt, Josefstraße	LINESTRING(8.210395 48.854021,8.2103734 48.8540488)
777	Rastatt	Akazienstraße	de:08216:31063:0:1	48.872979	8.187677	bus	MATCHED	n563194538	5.5	0.77	Rastatt, Akazienstraße	235	Rastatt Rheinauer Ring	Rastatt, Rheinauer Ring	LINESTRING(8.187677 48.872979,8.1876057 48.872995700000004)
778	Rastatt	Am Hasenwäldchen	de:08216:32048:0:1	48.863885	8.20293	bus	MATCHED	n318554514	4.4	0.81	Rastatt, Am Hasenwäldchen	222,227	Rastatt Rheintorstraße	Rastatt, Rheintorstraße	LINESTRING(8.20293 48.863885,8.2029444 48.8639233)
779	Rastatt	Am Hasenwäldchen	de:08216:32048:0:2	48.863855	8.203128	bus	MATCHED	n318554517	5.2	0.79	Rastatt, Am Hasenwäldchen	222,227,235	Rastatt Zay	Rastatt, Zay	LINESTRING(8.203128 48.863855,8.2031317 48.8639018)
780	Rastatt	Am Köpfel	de:08216:34647:0:1	48.869546	8.195717	bus	MATCHED	n548931545	6.5	0.75	Rastatt, Am Köpfel	235	Rastatt Oberwaldstraße	Rastatt, Oberwaldstraße	LINESTRING(8.195717 48.869546,8.195790200000001 48.869579)
781	Rastatt	Am Köpfel	de:08216:34647:0:2	48.870686	8.197882		NO_MATCH_AND_SEEMS_UNSERVED								POINT(8.197882 48.870686)
782	Rastatt	Anne-Frank-Schule	de:08216:32023:0:1	48.863483	8.194136	bus	MATCHED	n563194407	3.3	0.82	Rastatt, Anne Frank Schule	232,233,235	Rastatt Fruchthalle / Rastatt / Rastatt Oranger Platz / Rastatt Friedrich-Ebert-Straße / Rastatt Lützowerstraße	Rastatt Fruchthalle / Rastatt, Oranger Platz	LINESTRING(8.194136 48.863483,8.1941659 48.8635055)
783	Rastatt	Anne-Frank-Schule	de:08216:32023:0:2	48.863489	8.19463	bus	MATCHED	n563194410	2.3	0.85	Rastatt, Anne Frank Schule	231,232,233,235	Rastatt Mercedes-Benz Tor 6 / Rastatt Carl-Benz-Straße	Rastatt Carl-Benz-Straße	LINESTRING(8.19463 48.863489,8.1946612 48.8634895)
784	Rastatt	Badner Halle	de:08216:33114:0:1	48.856113	8.206667		NO_MATCH_AND_SEEMS_UNSERVED								POINT(8.206667 48.856113)
785	Rastatt	Bahnhof Ost	de:08216:31821:0:1	48.859961	8.216099		NO_MATCH_AND_SEEMS_UNSERVED								POINT(8.216099 48.859961)
786	Rastatt	Bahnhof Ost	de:08216:31821:0:2	48.859695	8.216099		NO_MATCH_AND_SEEMS_UNSERVED								POINT(8.216099 48.859695)
787	Rastatt	Bahnhof/Niederwaldstr.	de:08216:1845:0:1	48.861633	8.21601		NO_MATCH_AND_SEEMS_UNSERVED								POINT(8.21601 48.861633)
788	Rastatt	Bahnhof/Niederwaldstr.	de:08216:1845:0:2	48.861687	8.215884		MATCHED	w1418944035	3.3	0.41	Rastatt, Niederwaldstraße (Schienenersatzverkehr)				LINESTRING(8.215884 48.861687,8.2158493 48.86166815)
789	Rastatt	Bahnhofstraße	de:08216:33115:0:1	48.859074	8.210566	bus	MATCHED	n9119957155	12.8	0.64	Rastatt Bahnhofstraße	239	Rastatt		LINESTRING(8.210566 48.859074,8.2107098 48.859138800000004)
790	Rastatt	Baldenau	de:08216:32014:0:1	48.8724	8.204466	bus	MATCHED	n311059367	1.2	0.92	Rastatt, Baldenau	222,227	Rastatt Zaystraße	Rastatt, Zaystraße	LINESTRING(8.204466 48.8724,8.204482500000001 48.8723972)
791	Rastatt	Baldenau	de:08216:32014:0:2	48.873245	8.204978	bus	MATCHED	n311059366	12.0	0.66	Rastatt, Baldenau	222,227	Steinmauern Gartenstraße	Steinmauern Gartenstraße	LINESTRING(8.204978 48.873245,8.205054200000001 48.8733408)
792	Rastatt	Beinle	de:08216:31994:1:1	48.852041	8.225208	train	MATCHED	n19088968	16.4	1.0	Rastatt Beinle	RB41,S8,S81	Rastatt / Kuppenheim / Rastatt / Rastatt	Rastatt / Kuppenheim	LINESTRING(8.225208 48.852041,8.225064 48.8521536)
793	Rastatt	Beinle	de:08216:31994:2:1	48.8521	8.224624	bus	MATCHED	n563699247	0.4	0.94	Rastatt, Beinle	236	Rastatt Gewerbepark	Rastatt, Gewerbepark / Rastatt Hardbergstraße	LINESTRING(8.224624 48.8521,8.2246217 48.8520966)
794	Rastatt	Beinle	de:08216:31994:5:51	48.852851	8.220618	bus	NO_MATCH_AND_SEEMS_UNSERVED								POINT(8.220618 48.852851)
795	Rastatt	Beinle	de:08216:31994:5:52	48.852851	8.22069	bus	NO_MATCH_AND_SEEMS_UNSERVED								POINT(8.22069 48.852851)
796	Rastatt	Berliner Ring	de:08216:31993:0:1	48.858974	8.229951	bus	MATCHED	n563699261	9.0	0.71	Rastatt, Berliner Ring	236	Rastatt Im Steingerüst	Rastatt, Im Steingerüst	LINESTRING(8.229951 48.858974,8.2299317 48.8588937)
797	Rastatt	Berliner Ring	de:08216:31993:0:2	48.858791	8.229799		NO_MATCH_AND_SEEMS_UNSERVED								POINT(8.229799 48.858791)
798	Rastatt	Bernhardusbrunnen	de:08216:32024:1:1	48.855776	8.204583	bus	MATCHED	n7296410536	8.7	0.71	Rastatt Bernhardusbrunnen	222,227,232,233,235	Rastatt Kehler Straße / Rastatt Schloss / Rastatt Fruchthalle	Rastatt Kehler Straße / Rastatt, Schloss	LINESTRING(8.204583 48.855776,8.204523700000001 48.855844100000006)
799	Rastatt	Bernhardusbrunnen	de:08216:32024:1:2	48.855499	8.204305	bus	MATCHED	n7296408485	4.1	0.73	Rastatt Bernhardusbrunnen	222,227,232,233,235,236,239	Rastatt SchlossGalerie / Rastatt Kehler Straße / Rastatt Lützowerstraße / Rastatt Kehler Straße / Rastatt Friedrich-Ebert-Straße	Rastatt, Josefstraße / Rastatt SchlossGalerie / Rastatt Kehler Straße	LINESTRING(8.204305 48.855499,8.2042977 48.855535200000006)
800	Rastatt	Bernhardusbrunnen	de:08216:32024:1:3	48.855694	8.20434		NO_MATCH_AND_SEEMS_UNSERVED								POINT(8.20434 48.855694)
801	Rastatt	Carl-Benz-Straße	de:08216:34622:0:1	48.865085	8.18968	bus	MATCHED	n563194405	39.5	0.44	Rastatt Carl-Benz-Straße	231,232,233	Rastatt Ottersdorfer Str. / Rastatt Anne-Frank-Schule	Rastatt, Anne Frank Schule	LINESTRING(8.18968 48.865085,8.1901121 48.864872500000004)
802	Rastatt	Carl-Benz-Straße	de:08216:34622:0:2	48.864907	8.190408	bus	MATCHED	n563194411	2.8	0.86	Rastatt Carl-Benz-Straße	231,232,233,235	Rastatt Mercedes-Benz Tor 1 / Rastatt Dr.-Schleyer-Str.	Rastatt Dr.-Schleyer-Straße / Mercedes-Benz Tor 1	LINESTRING(8.190408 48.864907,8.1904155 48.864932)
803	Rastatt	Carl-Benz-Straße	de:08216:34622:0:3	48.865138	8.191818		NO_MATCH_AND_SEEMS_UNSERVED								POINT(8.191818 48.865138)
804	Rastatt	Carl-Benz-Straße	de:08216:34622:0:4	48.863814	8.190884		NO_MATCH_AND_SEEMS_UNSERVED								POINT(8.190884 48.863814)
805	Rastatt	Danziger Str.	de:08216:32067:0:1	48.867643	8.2198	bus	MATCHED	n563665294	1.6	0.8	Rastatt, Danziger Straße	232,235	Rastatt Waldfriedhof / Rastatt Im Wöhr	Rastatt, Waldfriedhof	LINESTRING(8.2198 48.867643,8.21982 48.867649400000005)
806	Rastatt	Donaustraße	de:08216:31879:0:1	48.839319	8.19984	bus	MATCHED	n563231883	4.6	1.0	Rastatt Donaustraße	212	Rastatt Münchfeldstraße	Rastatt Münchfeldstraße	LINESTRING(8.19984 48.839319,8.199818200000001 48.8392805)
807	Rastatt	Donaustraße	de:08216:31879:0:2	48.839266	8.200244	bus	MATCHED	n563231887	1.9	1.0	Rastatt Donaustraße	212	Rastatt Stadionstraße	Rastatt Stadionstraße	LINESTRING(8.200244 48.839266,8.2002605 48.8392792)
808	Rastatt	Dr. -Schleyer-Str.	de:08216:34658:0:1	48.866928	8.189518	bus	MATCHED	n563194406	6.3	0.71	Rastatt Dr.-Schleyer-Straße	235	Rastatt Lindenstraße	Rastatt, Lindenstraße	LINESTRING(8.189518 48.866928,8.1895583 48.8669777)
809	Rastatt	Dreherstraße	de:08216:33150:0:1	48.857431	8.200801		MATCHED	n13249864367	4.1	0.67	Rastatt, Dreherstraße				LINESTRING(8.200801 48.857431,8.200854 48.8574192)
810	Rastatt	Dreherstraße	de:08216:33150:0:2	48.856882	8.200307		NO_MATCH_AND_SEEMS_UNSERVED								POINT(8.200307 48.856882)
811	Rastatt	EDEKA (Zentrallager)	de:08216:31951:0:1	48.856763	8.23738	bus	NO_MATCH					232	Rauental Bischweierer Str.		POINT(8.23738 48.856763)
812	Rastatt	Eschenstraße	de:08216:31097:0:1	48.867974	8.196795		NO_MATCH_AND_SEEMS_UNSERVED								POINT(8.196795 48.867974)
813	Rastatt	Fohlenweide	de:08216:1816:0:1	48.873286	8.218848	bus	MATCHED	n2564055438	5.1	0.78	Rastatt, Fohlenweide	235	Rastatt Richard-Strauss-Str.	Rastatt, Richard-Strauß-Straße	LINESTRING(8.218848 48.873286,8.218843600000001 48.8732399)
814	Rastatt	Forum	de:08216:34664:0:1	48.866568	8.224103	bus	MATCHED	n4011893499	3.6	0.84	Forum Rastatt	232,236	Rastatt Im Wöhr	Rastatt, Im Wöhr	LINESTRING(8.224103 48.866568,8.224151800000001 48.866572500000004)
815	Rastatt	Forum	de:08216:34664:0:2	48.866603	8.223708	bus	MATCHED	n12359575963	9.1	0.57	Forum Rastatt	232,236	Rastatt Karlsruher Straße		LINESTRING(8.223708 48.866603,8.223771600000001 48.866673000000006)
816	Rastatt	Franzbrücke	de:08216:31991:0:1	48.857815	8.211823		MATCHED	n563699234	0.6	0.88	Rastatt, Franzbrücke			Rastatt, Beinle	LINESTRING(8.211823 48.857815,8.211827600000001 48.8578193)
817	Rastatt	Franzbrücke	de:08216:31991:0:2	48.857892	8.211734		NO_MATCH_AND_SEEMS_UNSERVED								POINT(8.211734 48.857892)
818	Rastatt	Friedrich-Ebert-Straße	de:08216:31992:1:1	48.850634	8.207934	bus	MATCHED	n563231905	2.5	1.0	Rastatt Friedrich-Ebert-Straße	212,231,235,241	Rastatt Kapellenstraße / Rastatt Kehler Straße / Rastatt Anne-Frank-Schule / Rastatt Bernhardusbrunnen	Rastatt Kehler Straße	LINESTRING(8.207934 48.850634,8.2079228 48.850613100000004)
819	Rastatt	Friedrich-Ebert-Straße	de:08216:31992:1:2	48.850734	8.207889		NO_MATCH_AND_SEEMS_UNSERVED								POINT(8.207889 48.850734)
820	Rastatt	Fruchthalle	de:08216:32019:0:1	48.859742	8.200496	bus	MATCHED	n4485707823	2.9	0.86	Rastatt Fruchthalle	222,227,232,233,235,236,239	Rastatt Marktplatz / Rastatt Bernhardusbrunnen	Rastatt Bernhardusbrunnen / Rastatt, Marktplatz	LINESTRING(8.200496 48.859742,8.2005351 48.8597362)
821	Rastatt	Fruchthalle	de:08216:32019:0:2	48.85999	8.200424	bus	MATCHED	n563194437	1.4	0.91	Rastatt, Fruchthalle	222,232,233,235	Rastatt Rheintorstraße / Rastatt Anne-Frank-Schule / Rastatt Oranger Platz	Rastatt Rheintorstraße / Rastatt, Oranger Platz / Rastatt, Anne Frank Schule	LINESTRING(8.200424 48.85999,8.2004414 48.8599948)
822	Rastatt	Förch	de:08216:31997:0:1	48.826871	8.232125	bus	MATCHED	n610689894	23.7	0.53	Förch	240s,241	Kuppenheim Abzw. Favorite	Kuppenheim Abzweig Favorite	LINESTRING(8.232125 48.826871,8.2322655 48.8266793)
823	Rastatt	Förch	de:08216:31997:0:2	48.827055	8.232161	bus	MATCHED	n610689896	1.3	0.92	Förch	240s,241	Niederbühl Siedlung	Niederbühl Siedlung	LINESTRING(8.232161 48.827055,8.232148800000001 48.827063)
824	Rastatt	Gewerbepark	de:08216:31990:0:1	48.853199	8.229574	bus	MATCHED	n354952637	1.7	0.9	Rastatt, Gewerbepark	236	Rastatt Lochfeldstraße	Rastatt, Lochfeldstraße	LINESTRING(8.229574 48.853199,8.2295928 48.853190500000004)
825	Rastatt	Gewerbepark	de:08216:31990:0:2	48.853341	8.229529		NO_MATCH_AND_SEEMS_UNSERVED								POINT(8.229529 48.853341)
826	Rastatt	Gärtnerei Klingmann	de:08216:34625:0:1	48.87855	8.173133	bus	MATCHED	n563726643	4.0	0.82	Gärtnerei Klingmann	232,233	Rastatt Mercedes-Benz Tor 1	Mercedes-Benz Tor 1	LINESTRING(8.173133 48.87855,8.1731484 48.8785158)
827	Rastatt	Gärtnerei Klingmann	de:08216:34625:0:2	48.878633	8.173546	bus	MATCHED	n563726638	0.2	0.97	Gärtnerei Klingmann	232,233	Plittersdorf Rödereckring / Plittersdorf Schulstraße	Plittersdorf Rödereckring	LINESTRING(8.173546 48.878633,8.173545200000001 48.878634700000006)
828	Rastatt	Handelslehranstalt	de:08216:32610:0:1	48.868896	8.209102	bus	NO_MATCH					231,232,235	Rastatt		POINT(8.209102 48.868896)
829	Rastatt	Hardbergstraße	de:08216:31824:0:1	48.860652	8.223358		MATCHED	n12365113374	8.0	0.54	Rastatt Hardbergstraße				LINESTRING(8.223358 48.860652,8.223463 48.8606722)
830	Rastatt	Hardbergstraße	de:08216:31824:0:2	48.860759	8.22369		MATCHED	n563699260	9.6	0.5	Rastatt Hardbergstraße			Rastatt, Agentur für Arbeit	LINESTRING(8.22369 48.860759,8.2235606 48.8607456)
831	Rastatt	Hardbergstraße	de:08216:31824:0:3	48.860008	8.225379	bus	NO_MATCH_BUT_OTHER_PLATFORM_MATCHED					236	Rastatt Industriestraße		POINT(8.225379 48.860008)
832	Rastatt	Herrenstraße	de:08216:33123:0:1	48.856515	8.205751		NO_MATCH_AND_SEEMS_UNSERVED								POINT(8.205751 48.856515)
833	Rastatt	Im Steingerüst	de:08216:31053:1:1	48.862839	8.233284		MATCHED	n563699279	25.5	0.27	Rastatt, Im Steingerüst			Rastatt, Untere Wiesen	LINESTRING(8.233284 48.862839,8.2329731 48.8627362)
834	Rastatt	Im Steingerüst	de:08216:31053:1:2	48.863306	8.233311	bus	NO_MATCH_BUT_OTHER_PLATFORM_MATCHED					236	Rastatt Untere Wiesen / Rastatt Untere Wiesen		POINT(8.233311 48.863306)
835	Rastatt	Im Wöhr	de:08216:34621:0:1	48.862833	8.228927	bus	MATCHED	n563699276	2.0	0.89	Rastatt, Im Wöhr	232,236	Rastatt Tulla-Gymnasium / Rastatt Forum	Rastatt, Karlsruher Straße	LINESTRING(8.228927 48.862833,8.2289381 48.8628167)
836	Rastatt	Im Wöhr	de:08216:34621:0:2	48.862727	8.228846	bus	MATCHED	n563699277	1.6	0.91	Rastatt, Im Wöhr	232,234,236	Rastatt Rauentaler Straße / Rastatt Im Steingerüst	Rastatt, Rauentaler Straße	LINESTRING(8.228846 48.862727,8.2288288 48.8627182)
837	Rastatt	Industriestraße	de:08216:31989:0:1	48.856155	8.220923		NO_MATCH_AND_SEEMS_UNSERVED								POINT(8.220923 48.856155)
838	Rastatt	Industriestraße	de:08216:31989:0:2	48.856208	8.220816	bus	MATCHED	n563699251	7.6	0.61	Rastatt, Industriestraße	236	Rastatt Beinle		LINESTRING(8.220816 48.856208,8.220746100000001 48.8562584)
839	Rastatt	Josef-Kilmarx-Str.	de:08216:34648:0:1	48.872376	8.190165	bus	MATCHED	n548931542	0.5	0.86	Rastatt, Josef-Kilmarx-Straße	235	Rastatt Akazienstraße	Rastatt, Akazienstraße	LINESTRING(8.190165 48.872376,8.190164000000001 48.8723711)
840	Rastatt	Josef-Kilmarx-Str.	de:08216:34648:0:2	48.873003	8.189734		NO_MATCH_AND_SEEMS_UNSERVED								POINT(8.189734 48.873003)
841	Rastatt	Josefstraße	de:08216:31830:0:1	48.853046	8.208625		MATCHED	n563231914	2.2	0.78	Rastatt, Josefstraße			Rastatt, Agentur für Arbeit	LINESTRING(8.208625 48.853046,8.2085946 48.853047100000005)
842	Rastatt	Josefstraße	de:08216:31830:0:2	48.853193	8.207979		MATCHED	n563231915	14.4	0.4	Rastatt, Josefstraße			Rastatt Bernhardusbrunnen	LINESTRING(8.207979 48.853193,8.208170500000001 48.853164400000004)
843	Rastatt	Kapellenstraße	de:08216:32020:1:1	48.855587	8.205652	bus	MATCHED	n563194428	5.7	1.0	Rastatt Kapellenstraße	212,221,227,231,232,234,235,241,258,X34	Rastatt Kehler Straße / Rastatt SchlossGalerie / Rastatt	Rastatt SchlossGalerie	LINESTRING(8.205652 48.855587,8.205599300000001 48.8555488)
844	Rastatt	Kapellenstraße	de:08216:32020:1:2	48.855776	8.205814	bus	MATCHED	n8220652169	32.5	1.0	Rastatt Kapellenstraße	212,221,231,234,241,258,X34	Rastatt Kehler Straße / Rastatt Stadtpark	Rastatt, Stadtpark / Rastatt Lützowerstraße / Rastatt Kehler Straße	LINESTRING(8.205814 48.855776,8.205428600000001 48.855631800000005)
845	Rastatt	Karlsruher Straße	de:08216:34665:0:1	48.864299	8.221211		NO_MATCH_AND_SEEMS_UNSERVED								POINT(8.221211 48.864299)
846	Rastatt	Karlsruher Straße	de:08216:34665:0:2	48.864186	8.220762		NO_MATCH_AND_SEEMS_UNSERVED								POINT(8.220762 48.864186)
847	Rastatt	Karlsruher Straße	de:08216:34665:0:3	48.864901	8.220295	bus	MATCHED	n563665290	4.3	0.81	Rastatt, Karlsruher Straße	232,236	Rastatt Forum	Forum Rastatt	LINESTRING(8.220295 48.864901,8.2203475 48.8649192)
848	Rastatt	Karlsruher Straße	de:08216:34665:0:4	48.865203	8.220519	bus	MATCHED	n563665289	3.1	0.77	Rastatt, Karlsruher Straße	232,236	Rastatt / Rastatt	Bahnhof 2	LINESTRING(8.220519 48.865203,8.220551500000001 48.865220400000005)
849	Rastatt	Kaufland	de:08216:31831:0:1	48.859807	8.235889	bus	MATCHED	n495005111	14.7	0.62	Rastatt, Kaufland	232	Rauental Bischweierer Str.	Rauental, Bischweierer Straße	LINESTRING(8.235889 48.859807,8.2357297 48.859886700000004)
850	Rastatt	Kaufland	de:08216:31831:0:2	48.859979	8.235781	bus	MATCHED	n563699273	3.0	0.85	Rastatt, Kaufland	232,236	Rastatt Rauentaler Straße	Rastatt, Rauentaler Straße	LINESTRING(8.235781 48.859979,8.235816 48.8599649)
851	Rastatt	Kaufland	de:08216:31831:0:3	48.859979	8.235737	bus	NO_MATCH_BUT_OTHER_PLATFORM_MATCHED					236	Rastatt Rauentaler Straße		POINT(8.235737 48.859979)
852	Rastatt	Kehler Straße	de:08216:31988:0:1	48.852064	8.203721	bus	MATCHED	n563194426	4.6	1.0	Rastatt Kehler Straße	212,231,234,235,236,241	Rastatt Kapellenstraße / Rastatt Leopoldring	Rastatt Kapellenstraße	LINESTRING(8.203721 48.852064,8.2037606 48.8520958)
853	Rastatt	Kehler Straße	de:08216:31988:0:2	48.85194	8.203586	bus	MATCHED	n563194424	3.8	1.0	Rastatt Kehler Straße	212,227,231,234,235,241	Rastatt Stadtpark / Rastatt Lützowerstraße / Rastatt Leopoldring	Rastatt, Leopoldring / Rastatt, Stadtpark / Rastatt Lützowerstraße	LINESTRING(8.203586 48.85194,8.203586000000001 48.8519744)
854	Rastatt	Krankenhaus	de:08216:33112:0:1	48.861214	8.204879		MATCHED	n563194502	5.7	0.6	Rastatt, Krankenhaus			Rastatt, Rheintorstraße	LINESTRING(8.204879 48.861214,8.2049237 48.861172)
855	Rastatt	Krankenhaus	de:08216:33112:0:2	48.859807	8.205508	bus	NO_MATCH_BUT_OTHER_PLATFORM_MATCHED					239	Rastatt Rheintorstraße		POINT(8.205508 48.859807)
856	Rastatt	Königsberger Str.	de:08216:31047:0:1	48.864582	8.214249	bus	MATCHED	n563665286	4.2	0.76	Rastatt, Königsberger Straße	231,239	Rastatt Stadtfriedhof / Rastatt Richard-Wagner-Ring	Rastatt, Stadtfriedhof	LINESTRING(8.214249 48.864582,8.2142944 48.864558900000006)
857	Rastatt	Leopoldfeste	de:08216:32063:0:1	48.846656	8.206703	bus	MATCHED	n563231900	4.9	1.0	Rastatt Leopoldfeste	212	Rastatt Friedrich-Ebert-Straße / Rastatt Lützowerstraße	Rastatt Friedrich-Ebert-Straße	LINESTRING(8.206703 48.846656,8.2067292 48.8466158)
858	Rastatt	Leopoldfeste	de:08216:32063:0:2	48.846549	8.206523	bus	MATCHED	n563231899	13.5	1.0	Rastatt Leopoldfeste	212	Rastatt Zum Rohngraben	Rastatt Zum Rohngraben	LINESTRING(8.206523 48.846549,8.2064615 48.846434900000006)
859	Rastatt	Leopoldfeste	de:08216:32063:0:3	48.847099	8.20611		NO_MATCH_AND_SEEMS_UNSERVED								POINT(8.20611 48.847099)
860	Rastatt	Leopoldring	de:08216:34613:0:1	48.853306	8.200981	bus	MATCHED	n563194413	88.8	0.31	Rastatt, Leopoldring	231,232,235,236	Rastatt Ottersdorfer Str.	Rastatt, Westring Nord / Rastatt, Ottersdorfer Straße	LINESTRING(8.200981 48.853306,8.2003804 48.853999400000006)
861	Rastatt	Leopoldring	de:08216:34613:0:2	48.85408	8.200082	bus	MATCHED	n563194421	31.5	0.48	Rastatt, Leopoldring	231	Rastatt Friedrich-Ebert-Straße / Rastatt Kehler Straße	Rastatt Kehler Straße	LINESTRING(8.200082 48.85408,8.1998462 48.854317200000004)
862	Rastatt	Lessingstraße	de:08216:31049:0:1	48.858891	8.193318	bus	MATCHED	n563194402	7.7	0.72	Rastatt Lessingstraße	236	Rastatt Scheffelstraße	Rastatt, Scheffelstraße	LINESTRING(8.193318 48.858891,8.1933801 48.8588357)
863	Rastatt	Lindenstraße	de:08216:34649:0:1	48.869434	8.191198	bus	MATCHED	n563194536	3.9	0.82	Rastatt, Lindenstraße	235	Rastatt Rheinauer Kirchweg	Rastatt, Rheinauer Kirchweg	LINESTRING(8.191198 48.869434,8.191228 48.869463200000006)
864	Rastatt	Lochfeldstraße	de:08216:31826:0:1	48.855948	8.227831	bus	MATCHED	n503425123	1.4	0.91	Rastatt, Lochfeldstraße	236	Rastatt Berliner Ring	Rastatt, Berliner Ring	LINESTRING(8.227831 48.855948,8.227834600000001 48.8559356)
865	Rastatt	Lochfeldstraße	de:08216:31826:0:2	48.85583	8.227562		NO_MATCH_AND_SEEMS_UNSERVED								POINT(8.227562 48.85583)
866	Rastatt	Lyzeumstraße	de:08216:33111:0:1	48.860765	8.20761	bus	MATCHED	n563665283	1.6	0.89	Rastatt, Lyzeumstraße	239	Rastatt Krankenhaus	Rastatt, Krankenhaus	LINESTRING(8.20761 48.860765,8.207613 48.8607792)
867	Rastatt	Lyzeumstraße	de:08216:33111:0:11	48.861362	8.207871		NO_MATCH_AND_SEEMS_UNSERVED								POINT(8.207871 48.861362)
868	Rastatt	Lützowerstraße	de:08216:31987:1:1	48.850327	8.206523	bus	MATCHED	n563231906	13.9	1.0	Rastatt Lützowerstraße	212,227,241	Rastatt Niederbühler Tor / Rastatt Realschule / Rastatt Leopoldfeste	Rastatt Leopoldfeste / Rastatt Niederbühler Tor / Rastatt Realschule	LINESTRING(8.206523 48.850327,8.2067119 48.8503151)
869	Rastatt	Lützowerstraße	de:08216:31987:1:2	48.850427	8.206496	bus	NO_MATCH_BUT_OTHER_PLATFORM_MATCHED					212,232,235	Rastatt Kehler Straße / Rastatt Kapellenstraße / Rastatt Leopoldring / Rastatt Bernhardusbrunnen / Rastatt Anne-Frank-Schule		POINT(8.206496 48.850427)
870	Rastatt	Marktplatz	de:08216:33113:0:1	48.857443	8.202589	bus	MATCHED	n563194450	3.4	0.83	Rastatt, Marktplatz	232,235,236,239	Rastatt Bernhardusbrunnen	Rastatt Bernhardusbrunnen	LINESTRING(8.202589 48.857443,8.202543 48.8574366)
871	Rastatt	Mercedes-Benz Halle 2. 1	de:08216:34798:0:1	48.865912	8.179466	bus	MATCHED	n10824938547	24.3	1.0	Rastatt Mercedes-Benz Halle 2.1	231	Rastatt Mercedes-Benz Rohbau		LINESTRING(8.179466 48.865912,8.1796512 48.865731100000005)
872	Rastatt	Mercedes-Benz Montage 4. 0	de:08216:34669:0:1	48.856947	8.180679	bus	MATCHED	n10824938544	24.4	1.0	Rastatt Mercedes-Benz Montage 4.0	231	Ottersdorf Friedrichstraße	Rastatt Mercedes-Benz Montage 4.1	LINESTRING(8.180679 48.856947,8.180853 48.8571345)
873	Rastatt	Mercedes-Benz Montage 4. 0	de:08216:34669:0:2	48.857325	8.180571		NO_MATCH_AND_SEEMS_UNSERVED								POINT(8.180571 48.857325)
874	Rastatt	Mercedes-Benz Montage 4. 1	de:08216:34679:0:1	48.860144	8.175217	bus	MATCHED	n10824938545	1.9	1.0	Rastatt Mercedes-Benz Montage 4.1	231	Rastatt Mercedes-Benz QM	Rastatt Mercedes-Benz QM	LINESTRING(8.175217 48.860144,8.1752415 48.8601393)
875	Rastatt	Mercedes-Benz Montage 4. 1	de:08216:34679:0:2	48.860132	8.174822		NO_MATCH_AND_SEEMS_UNSERVED								POINT(8.174822 48.860132)
876	Rastatt	Mercedes-Benz Oberfläche	de:08216:34668:0:1	48.862006	8.184317	bus	MATCHED	n10824938543	4.8	1.0	Rastatt Mercedes-Benz Oberfläche	231	Rastatt Mercedes-Benz Montage 4.0	Rastatt Mercedes-Benz Montage 4.0	LINESTRING(8.184317 48.862006,8.184376700000001 48.861988800000006)
877	Rastatt	Mercedes-Benz Oberfläche	de:08216:34668:0:2	48.861657	8.184443		NO_MATCH_AND_SEEMS_UNSERVED								POINT(8.184443 48.861657)
878	Rastatt	Mercedes-Benz QM	de:08216:34797:0:1	48.863944	8.178451	bus	MATCHED	n10824938546	5.6	1.0	Rastatt Mercedes-Benz QM	231	Rastatt Mercedes-Benz Halle 2.1	Rastatt Mercedes-Benz Halle 2.1	LINESTRING(8.178451 48.863944,8.1783751 48.8639382)
879	Rastatt	Mercedes-Benz Rohbau	de:08216:34667:0:1	48.864222	8.186006	bus	MATCHED	n10824938542	3.2	1.0	Rastatt Mercedes-Benz Rohbau	231	Rastatt Mercedes-Benz Oberfläche	Rastatt Mercedes-Benz Oberfläche	LINESTRING(8.186006 48.864222,8.1860148 48.864250000000006)
880	Rastatt	Mercedes-Benz Rohbau	de:08216:34667:0:2	48.863997	8.185961		NO_MATCH_AND_SEEMS_UNSERVED								POINT(8.185961 48.863997)
881	Rastatt	Mercedes-Benz Tor 1	de:08216:34626:0:1	48.870604	8.184865	bus	MATCHED	n433719928	40.3	0.43	Mercedes-Benz Tor 1	231,232,233	Rastatt Carl-Benz-Straße	Rastatt Carl-Benz-Straße / Rastatt Mercedes-Benz Rohbau	LINESTRING(8.184865 48.870604,8.185298900000001 48.87038140000001)
882	Rastatt	Mercedes-Benz Tor 1	de:08216:34626:0:2	48.870161	8.185826	bus	MATCHED	n433719929	16.2	0.59	Mercedes-Benz Tor 1	231,232,233	Rastatt Gärtnerei Klingmann / Rastatt Mercedes-Benz Tor 6	Rastatt Mercedes-Benz Rohbau / Gärtnerei Klingmann	LINESTRING(8.185826 48.870161,8.1859328 48.8700331)
883	Rastatt	Mercedes-Benz Tor 3	de:08216:34629:0:1	48.865622	8.187039		NO_MATCH_AND_SEEMS_UNSERVED								POINT(8.187039 48.865622)
884	Rastatt	Mercedes-Benz Tor 3	de:08216:34629:0:2	48.865132	8.18676		NO_MATCH_AND_SEEMS_UNSERVED								POINT(8.18676 48.865132)
885	Rastatt	Mercedes-Benz Tor 6	de:08216:34614:0:1	48.855008	8.178262	bus	MATCHED	n563194396	0.9	0.54	Rastatt, Mercedes-Benz Tor 6	231,235	Rastatt Mercedes-Benz Tor 1 / Rastatt Ottersdorfer Str. / Ottersdorf Friedrichstraße / Rastatt Dr.-Schleyer-Str.	Rastatt, Ottersdorfer Straße / Ottersdorf Friedrichstraße	LINESTRING(8.178262 48.855008,8.1782611 48.855000000000004)
886	Rastatt	Mercedes-Benz Tor 7	de:08216:34801:0:1	48.856432	8.172792	bus	NO_MATCH					231	Rastatt Mercedes-Benz Montage 4.1		POINT(8.172792 48.856432)
887	Rastatt	Merzeau	de:08216:34640:0:1	48.842559	8.194477	bus	MATCHED	n563231880	1.4	0.91	Rastatt, Merzeau	234	Iffezheim Tullastraße	Iffezheim Tullastraße	LINESTRING(8.194477 48.842559,8.194484600000001 48.8425707)
888	Rastatt	Merzeau	de:08216:34640:0:2	48.843924	8.197091	bus	MATCHED	n563231891	3.7	0.83	Rastatt, Merzeau	234	Rastatt Stadtpark	Rastatt, Stadtpark	LINESTRING(8.197091 48.843924,8.1971407 48.8439196)
889	Rastatt	Murgstraße	de:08216:33122:0:1	48.855055	8.203721		NO_MATCH_AND_SEEMS_UNSERVED								POINT(8.203721 48.855055)
890	Rastatt	Münchfeldsiedlung	de:08216:31878:1:1	48.839319	8.204367	bus	MATCHED	n563231890	2.0	1.0	Rastatt Münchfeldsiedlung	212	Rastatt Zum Rohngraben	Rastatt Zum Rohngraben	LINESTRING(8.204367 48.839319,8.2043927 48.8393126)
891	Rastatt	Münchfeldsiedlung	de:08216:31878:1:2	48.839449	8.204322	bus	MATCHED	n563231889	4.0	1.0	Rastatt Münchfeldsiedlung	212	Rastatt Münchfeldstraße	Rastatt Münchfeldstraße	LINESTRING(8.204322 48.839449,8.2043359 48.8394835)
892	Rastatt	Münchfeldstraße	de:08216:31877:1:1	48.83803	8.202777	bus	MATCHED	n611291643	2.2	1.0	Rastatt Münchfeldstraße	212	Rastatt Münchfeldsiedlung	Rastatt Münchfeldsiedlung	LINESTRING(8.202777 48.83803,8.202801800000001 48.8380188)
893	Rastatt	Münchfeldstraße	de:08216:31877:1:2	48.838296	8.203209	bus	MATCHED	n563231888	0.6	1.0	Rastatt Münchfeldstraße	212	Rastatt Donaustraße	Rastatt Donaustraße	LINESTRING(8.203209 48.838296,8.203215400000001 48.838292)
894	Rastatt	Niederbühl Murgtalstraße	de:08216:31996:1:1	48.843865	8.219459	bus	MATCHED	n563782496	9.3	0.7	Niederbühl Murgtalstraße	240s,241	Niederbühl Siedlung	Niederbühl Siedlung	LINESTRING(8.219459 48.843865,8.2195132 48.8439405)
895	Rastatt	Niederbühl Murgtalstraße	de:08216:31996:1:2	48.84393	8.219702	bus	MATCHED	n563782492	16.1	0.6	Niederbühl Murgtalstraße	241	Rastatt Niederbühler Tor	Rastatt Niederbühler Tor	LINESTRING(8.219702 48.84393,8.2195836 48.843808200000005)
896	Rastatt	Niederbühl Schule	de:08216:33154:1:1	48.844096	8.217339	bus	NO_MATCH					240s			POINT(8.217339 48.844096)
897	Rastatt	Niederbühl Siedlung	de:08216:31995:1:1	48.841128	8.221498	bus	MATCHED	n492210468	25.6	0.52	Niederbühl Siedlung	240s,241	Förch	Förch	LINESTRING(8.221498 48.841128,8.221776 48.8409884)
898	Rastatt	Niederbühl Siedlung	de:08216:31995:1:2	48.841264	8.221525	bus	MATCHED	n492210472	3.5	0.84	Niederbühl Siedlung	240s,241	Niederbühl Murgtalstraße / Niederbühl Schule	Niederbühl Murgtalstraße	LINESTRING(8.221525 48.841264,8.221572700000001 48.8412627)
899	Rastatt	Niederbühler Tor	de:08216:31986:1:1	48.849931	8.210943	bus	MATCHED	n563231908	0.5	0.95	Rastatt Niederbühler Tor	241	Rastatt Friedrich-Ebert-Straße	Rastatt Friedrich-Ebert-Straße / Rastatt Kehler Straße	LINESTRING(8.210943 48.849931,8.210936700000001 48.8499312)
900	Rastatt	Niederbühler Tor	de:08216:31986:1:2	48.849854	8.21079	bus	MATCHED	n563231907	1.7	0.9	Rastatt Niederbühler Tor	241	Niederbühl Murgtalstraße	Niederbühl Murgtalstraße	LINESTRING(8.21079 48.849854,8.2108112 48.849848800000004)
901	Rastatt	Oberwaldstraße	de:08216:34650:0:1	48.867631	8.19357	bus	MATCHED	n561079533	2.4	0.87	Rastatt, Oberwaldstraße	235	Rastatt Anne-Frank-Schule	Rastatt, Anne Frank Schule	LINESTRING(8.19357 48.867631,8.193558000000001 48.8676113)
902	Rastatt	Oranger Platz	de:08216:32338:0:1	48.861474	8.198915	bus	MATCHED	n563194441	2.5	0.87	Rastatt, Oranger Platz	235	Rastatt Fruchthalle	Rastatt Fruchthalle / Rastatt, Fruchthalle	LINESTRING(8.198915 48.861474,8.1989062 48.8614522)
903	Rastatt	Oranger Platz	de:08216:32338:0:2	48.86161	8.198924	bus	MATCHED	n563194444	1.7	0.84	Rastatt, Oranger Platz	235,236	Rastatt Fruchthalle / Rastatt Anne-Frank-Schule	Rastatt, Anne Frank Schule	LINESTRING(8.198924 48.86161,8.1989421 48.86162)
904	Rastatt	Ottersdorf Friedrichstraße	de:08216:34611:0:1	48.858507	8.161194	bus	MATCHED	n563749783	5.0	1.0	Ottersdorf Friedrichstraße	231	Rastatt Ottersdorfer Str. / Rastatt Mercedes-Benz Tor 6 / Rastatt Mercedes-Benz Tor 7	Rastatt, Ottersdorfer Straße / Rastatt, Mercedes-Benz Tor 6	LINESTRING(8.161194 48.858507,8.1611314 48.858524)
905	Rastatt	Ottersdorf Friedrichstraße	de:08216:34611:0:2	48.858708	8.161051	bus	MATCHED	n563749784	1.5	1.0	Ottersdorf Friedrichstraße	231,232	Ottersdorf Kirche / Wintersdorf Kirche / Ottersdorf Im Streibelgrund	Ottersdorf Kirche / Ottersdorf, Im Streibelgrund	LINESTRING(8.161051 48.858708,8.1610707 48.858710200000004)
906	Rastatt	Ottersdorf Im Streibelgrund	de:08216:34873:1:1	48.862136	8.162218	bus	MATCHED	n563749787	2.5	0.87	Ottersdorf, Im Streibelgrund	231	Ottersdorf Friedrichstraße	Ottersdorf Friedrichstraße	LINESTRING(8.162218 48.862136,8.162202 48.862155400000006)
907	Rastatt	Ottersdorf Im Streibelgrund	de:08216:34873:1:2	48.862236	8.162129	bus	MATCHED	n278807609	2.0	0.89	Ottersdorf, Im Streibelgrund	231	Ottersdorf Lindenallee	Ottersdorf, Lindenallee	LINESTRING(8.162129 48.862236,8.162133200000001 48.862218000000006)
908	Rastatt	Ottersdorf Kirche	de:08216:34612:0:1	48.860753	8.153675	bus	MATCHED_THOUGH_REVERSED_DIR	n563726532	43.3	1.0	Ottersdorf Kirche	218,231	Ottersdorf Friedrichstraße / Ottersdorf Lindenallee	Wintersdorf, Bannwaldstraße	LINESTRING(8.153675 48.860753,8.1539263 48.861105900000005)
909	Rastatt	Ottersdorf Kirche	de:08216:34612:0:2	48.861125	8.153945	bus	MATCHED	n563726539	43.5	1.0	Ottersdorf Kirche	218,231,232	Ottersdorf Schule / Plittersdorf Rödereckring / Wintersdorf Kirche	Ottersdorf Friedrichstraße / Ottersdorf, Lindenallee	LINESTRING(8.153945 48.861125,8.1537126 48.8607652)
910	Rastatt	Ottersdorf Lindenallee	de:08216:34859:1:1	48.862579	8.159452	bus	MATCHED	n278807601	1.7	0.9	Ottersdorf, Lindenallee	231	Ottersdorf Im Streibelgrund	Ottersdorf, Im Streibelgrund	LINESTRING(8.159452 48.862579,8.1594745 48.8625806)
911	Rastatt	Ottersdorf Lindenallee	de:08216:34859:1:2	48.862685	8.15947	bus	MATCHED	n563749785	11.9	0.66	Ottersdorf, Lindenallee	231	Ottersdorf Kirche	Ottersdorf Kirche	LINESTRING(8.15947 48.862685,8.1596088 48.8626292)
912	Rastatt	Ottersdorf Schule	de:08216:34610:0:1	48.859151	8.15054	bus	MATCHED	n563749780	7.7	0.61	Ottersdorf Schule	231	Ottersdorf Kirche		LINESTRING(8.15054 48.859151,8.1505208 48.8590827)
913	Rastatt	Ottersdorf Schule	de:08216:34610:0:2	48.859145	8.150612	bus	NO_MATCH_BUT_OTHER_PLATFORM_MATCHED					231	Wintersdorf Kirche		POINT(8.150612 48.859145)
914	Rastatt	Ottersdorfer Str.	de:08216:34615:0:1	48.855309	8.196301	bus	MATCHED	n563194419	2.4	0.78	Rastatt, Ottersdorfer Straße	231,232,235,236	Rastatt Carl-Benz-Straße / Ottersdorf Friedrichstraße / Rastatt Westring Nord / Rastatt Mercedes-Benz Tor 6	Ottersdorf Friedrichstraße / Rastatt, Mercedes-Benz Tor 6 / Rastatt, Westring Nord	LINESTRING(8.196301 48.855309,8.1963302 48.855319200000004)
915	Rastatt	Ottersdorfer Str.	de:08216:34615:0:2	48.855304	8.196651	bus	MATCHED	n563194417	17.9	0.52	Rastatt, Ottersdorfer Straße	231	Rastatt Leopoldring	Rastatt, Leopoldring	LINESTRING(8.196651 48.855304,8.1964681 48.855197100000005)
916	Rastatt	Plittersdorf Blumenstraße	de:08216:34628:0:1	48.885249	8.157646	bus	MATCHED	n462262204	1.3	1.0	Plittersdorf Blumenstraße	232	Plittersdorf Bühlstraße	Plittersdorf Bühlstraße	LINESTRING(8.157646 48.885249,8.157636700000001 48.8852386)
917	Rastatt	Plittersdorf Bühlstraße	de:08216:34623:0:1	48.88734	8.155571	bus	MATCHED	n563726623	4.3	0.81	Plittersdorf Bühlstraße	232	Plittersdorf Schulstraße	Plittersdorf Schulstraße	LINESTRING(8.155571 48.88734,8.1555177 48.8873553)
918	Rastatt	Plittersdorf Freizeitparadies	de:08216:34624:0:1	48.873593	8.150639	bus	MATCHED	n563726610	14.9	1.0	Freizeitparadies	232	Plittersdorf Riedstraße		LINESTRING(8.150639 48.873593,8.150599900000001 48.8734611)
919	Rastatt	Plittersdorf Fähre	de:08216:34767:0:1	48.887057	8.137434	bus	MATCHED	n6295719419	18.4	0.41	Plittersdorf Fähre	233	Plittersdorf Schulstraße		LINESTRING(8.137434 48.887057,8.137512300000001 48.887213800000005)
920	Rastatt	Plittersdorf Riedstraße	de:08216:34709:0:1	48.88112	8.153011	bus	MATCHED	n8764507502	5.4	1.0	Plittersdorf Riedstraße	232	Rastatt Gärtnerei Klingmann		LINESTRING(8.153011 48.88112,8.152978000000001 48.8810766)
921	Rastatt	Plittersdorf Riedstraße	de:08216:34709:0:2	48.881256	8.152948	bus	MATCHED	n8764507501	1.9	1.0	Plittersdorf Riedstraße	232	Plittersdorf Freizeitparadies		LINESTRING(8.152948 48.881256,8.1529713 48.881248600000006)
922	Rastatt	Plittersdorf Rödereckring	de:08216:34627:0:1	48.882851	8.158014	bus	MATCHED	n563726613	1.6	0.89	Plittersdorf Rödereckring	232	Plittersdorf Blumenstraße	Plittersdorf Blumenstraße	LINESTRING(8.158014 48.882851,8.1580037 48.882863300000004)
923	Rastatt	Plittersdorf Schulstraße	de:08216:34737:1:1	48.883631	8.154134	bus	MATCHED	n4955974120	5.0	0.68	Plittersdorf Schulstraße	232,233	Plittersdorf Riedstraße / Plittersdorf Fähre / Rastatt Gärtnerei Klingmann	Gärtnerei Klingmann	LINESTRING(8.154134 48.883631,8.1541247 48.8835862)
924	Rastatt	RA Gustav-Heinemann-Schule	de:08216:34655:0:1	48.87354	8.198025	bus	MATCHED	n9169217921	3.0	0.82	Rastatt, Gustav-Heinemann-Schule	235	Rastatt Am Köpfel	Rastatt, Am Köpfel	LINESTRING(8.198025 48.87354,8.198000200000001 48.873518700000005)
925	Rastatt	Rastatt	de:08216:1844:1:1	48.860924	8.215713	train	MATCHED	n1305571682	19.8	1.0	Rastatt	S7	Ötigheim		LINESTRING(8.215713 48.860924,8.2155448 48.8607845)
926	Rastatt	Rastatt	de:08216:1844:2:7	48.860812	8.214869	bus	MATCHED	w218255218	3.4	1.0	Rastatt Bahnhof	1923	Strasbourg / Ötigheim Fichtenstraße / Rastatt SchlossGalerie / Muggensturm Rathaus / Rastatt Karlsruher Straße / Fröttmaning / Rastatt Realschule / Rastatt Königsberger Str.	Rastatt SchlossGalerie	LINESTRING(8.214869 48.860812,8.21487332478483 48.86078186239544)
927	Rastatt	Rastatt	de:08216:1844:2:8	48.860747	8.214779	bus	MATCHED_THOUGH_NAMES_DIFFER	w218255215	6.1	1.0	Bahnhof 2	231,232,235	Rastatt Richard-Wagner-Ring / Rastatt Tulla-Gymnasium / Rastatt SchlossGalerie / Rastatt Karlsruher Straße / Rastatt Tulla-Gymnasium / Rastatt Königsberger Str. / Rastatt Anne-Frank-Schule	Rastatt SchlossGalerie	LINESTRING(8.214779 48.860747,8.214780539355473 48.86069222529717)
928	Rastatt	Rastatt	de:08216:1844:2:9	48.860658	8.214689	bus	MATCHED_THOUGH_NAMES_DIFFER	w218255217	3.5	1.0	Bahnhof	212,234,X34	Rastatt Kapellenstraße / Rastatt Im Wöhr / Rastatt SchlossGalerie / Rastatt Tulla-Gymnasium	Rastatt, Karlsruher Straße	LINESTRING(8.214689 48.860658,8.214691625280429 48.860626949025374)
929	Rastatt	Rastatt	de:08216:1844:3:2	48.860906	8.215767	train	MATCHED	n1305571694	19.7	1.0	Rastatt	RE2,RE7	Karlsruhe Hauptbahnhof / Baden-Baden	Baden-Baden	LINESTRING(8.215767 48.860906,8.215602500000001 48.860765900000004)
930	Rastatt	Rastatt	de:08216:1844:3:3	48.860853	8.21592	train	MATCHED	n554085694	18.7	1.0	Rastatt	RB44,RE2,RE7,S7,S71	Baden-Baden Haueneberstein / Baden-Baden	Baden-Baden Haueneberstein / Baden-Baden	LINESTRING(8.21592 48.860853,8.2157705 48.860716200000006)
931	Rastatt	Rastatt	de:08216:1844:4:4	48.860836	8.215956	train	MATCHED	n554931203	18.4	1.0	Rastatt	RB44,RE2,RE7,S7,S71	Baden-Baden / Karlsruhe Hauptbahnhof / Karlsruhe Hauptbahnhof / Muggensturm / Ettlingen West / Karlsruhe Hauptbahnhof / Karlsruhe Hauptbahnhof / Karlsruhe Hauptbahnhof / Karlsruhe Hauptbahnhof / Karlsruhe Hauptbahnhof / Ötigheim / Ettlingen West / Ettlingen West / Karlsruhe Hauptbahnhof	Ötigheim / Karlsruhe Hauptbahnhof / Muggensturm	LINESTRING(8.215956 48.860836,8.2158151 48.860698600000006)
932	Rastatt	Rastatt	de:08216:1844:4:5	48.860782	8.216063	train	MATCHED	n13086769429	3.7	1.0	Rastatt	RB41,RB44,RE40,S7,S71,S8,S81	Karlsruhe Hauptbahnhof / Baden-Baden Haueneberstein / Karlsruhe Hauptbahnhof / Karlsruhe Hauptbahnhof / Karlsruhe Hauptbahnhof / Karlsruhe Hauptbahnhof / Karlsruhe Hauptbahnhof / Rastatt Beinle / Muggensturm / Karlsruhe Hauptbahnhof / Ötigheim / Gaggenau	Muggensturm / Karlsruhe Hauptbahnhof / Ötigheim	LINESTRING(8.216063 48.860782,8.2160354 48.8607543)
933	Rastatt	Rastatt	de:08216:1844:5:5b	48.860753	8.216028	trainish	MATCHED	w1413810850	25.1	0.35	Rastatt				LINESTRING(8.216028 48.860753,8.215915597672998 48.86096583255917)
934	Rastatt	Rastatt	de:08216:1844:5:6	48.860735	8.216153	train	MATCHED	n554085705	46.7	1.0	Rastatt	RB41,RB44,RE40,S71	Karlsruhe Hauptbahnhof / Baden-Baden Haueneberstein / Kuppenheim / Karlsruhe Hauptbahnhof / Karlsruhe Hauptbahnhof / Muggensturm / Rastatt Beinle	Karlsruhe Hauptbahnhof / Muggensturm / Rastatt Beinle	LINESTRING(8.216153 48.860735,8.2165459 48.861065800000006)
935	Rastatt	Rastatt	de:08216:1844:6:10	48.860552	8.21459	bus	MATCHED_THOUGH_NAMES_DIFFER	w44821788	2.6	0.14	Bahnhof	222,227	Rastatt Richard-Wagner-Ring / Rastatt SchlossGalerie		LINESTRING(8.21459 48.860552,8.214588474719573 48.86052845097463)
936	Rastatt	Rastatt	de:08216:1844:99:91	48.860853	8.214985		MATCHED	n6440440072	5.5	0.25	Rastatt Bahnhof				LINESTRING(8.214985 48.860853,8.2149832 48.8609025)
937	Rastatt	Rastatt	de:08216:1844:99:92	48.86038	8.214707		NO_MATCH_AND_SEEMS_UNSERVED								POINT(8.214707 48.86038)
938	Rastatt	Rauental Bischweierer Str. 	de:08216:31984:1:2	48.856291	8.248313	bus	MATCHED	n476006252	0.6	0.78	Rauental, Bischweierer Straße	232,259	Rastatt EDEKA (Zentrallager) / Kuppenheim Feuerwehr / Rauental Kirche	Rauental, Kirche	LINESTRING(8.248313 48.856291,8.2483208 48.8562883)
939	Rastatt	Rauental Kirche	de:08216:34620:1:2	48.857685	8.248169	bus	MATCHED	n475195504	3.2	0.84	Rauental, Kirche	232,259	Rastatt Kaufland / Rauental Bischweierer Str.	Rastatt, Kaufland	LINESTRING(8.248169 48.857685,8.2481905 48.857710100000006)
940	Rastatt	Rauentaler Straße	de:08216:31985:0:1	48.860617	8.231937	bus	MATCHED	n563699266	3.8	0.83	Rastatt, Rauentaler Straße	232	Rastatt Kaufland	Rastatt, Kaufland	LINESTRING(8.231937 48.860617,8.2319893 48.8606155)
941	Rastatt	Rauentaler Straße	de:08216:31985:0:2	48.860776	8.231128	bus	MATCHED	n568475858	3.3	0.85	Rastatt, Rauentaler Straße	232,236	Rastatt Hardbergstraße / Rastatt Im Wöhr	Rastatt, Im Wöhr / Rastatt, Beinle	LINESTRING(8.231128 48.860776,8.2311548 48.860799500000006)
942	Rastatt	Rauentaler Straße	de:08216:31985:0:3	48.860776	8.231128		MATCHED	n27204626	9.9	0.49	Rastatt Rauentaler Straße			Rastatt Kehler Straße / Rastatt Bahnhof	LINESTRING(8.231128 48.860776,8.2310165 48.860726400000004)
943	Rastatt	Realschule	de:08216:32718:1:1	48.848299	8.208769	bus	MATCHED	n9126674158	7.0	0.74	Rastatt Realschule	227,241	Rastatt SchlossGalerie / Rastatt	Rastatt Niederbühler Tor / Rastatt, Richard-Wagner-Ring	LINESTRING(8.208769 48.848299,8.2088417 48.848257600000004)
944	Rastatt	Realschule	de:08216:32718:2:2	48.848736	8.207341		NO_MATCH_AND_SEEMS_UNSERVED								POINT(8.207341 48.848736)
945	Rastatt	Rheinauer Gärtle	de:08216:34652:0:1	48.876583	8.195797	bus	MATCHED	n548931575	1.2	0.91	Rastatt, Rheinauer Gärtle	235	RA Gustav-Heinemann-Schule	Rastatt, Gustav-Heinemann-Schule	LINESTRING(8.195797 48.876583,8.195804500000001 48.8765921)
946	Rastatt	Rheinauer Kirchweg	de:08216:34654:0:1	48.87136	8.193947	bus	MATCHED	n548931548	0.6	0.94	Rastatt, Rheinauer Kirchweg	235	Rastatt Josef-Kilmarx-Str.	Rastatt, Josef-Kilmarx-Straße	LINESTRING(8.193947 48.87136,8.193946 48.871355)
947	Rastatt	Rheinauer Ring	de:08216:34653:0:1	48.87513	8.189419	bus	MATCHED	n548931556	3.1	0.84	Rastatt, Rheinauer Ring	235	Rastatt Rheinauer Gärtle	Rastatt, Rheinauer Gärtle	LINESTRING(8.189419 48.87513,8.1894458 48.8751082)
948	Rastatt	Rheintorstraße	de:08216:32018:0:1	48.860824	8.20143	bus	MATCHED	n563194498	9.2	0.7	Rastatt, Rheintorstraße	222,227,239	Rastatt Fruchthalle	Rastatt Fruchthalle / Rastatt, Fruchthalle	LINESTRING(8.20143 48.860824,8.2013773 48.860749000000006)
949	Rastatt	Rheintorstraße	de:08216:32018:0:2	48.861267	8.202786	bus	MATCHED	n2564050720	0.8	0.9	Rastatt, Rheintorstraße	222,227,235	Rastatt Am Hasenwäldchen		LINESTRING(8.202786 48.861267,8.2027853 48.8612739)
950	Rastatt	Richard-Strauß-Str.	de:08216:34656:0:1	48.871632	8.21574	bus	MATCHED	n563665293	2.9	0.8	Rastatt, Richard-Strauß-Straße	235	Rastatt Röttererbergstraße	Rastatt, Röttererbergstraße	LINESTRING(8.21574 48.871632,8.2157024 48.8716244)
951	Rastatt	Richard-Wagner-Ring	de:08216:32016:0:1	48.8672	8.207215	bus	MATCHED	n563665285	2.7	0.8	Rastatt, Richard-Wagner-Ring	222,231	Rastatt Baldenau / Rastatt	Rastatt SchlossGalerie	LINESTRING(8.207215 48.8672,8.207240500000001 48.867183100000005)
952	Rastatt	Richard-Wagner-Ring	de:08216:32016:0:2	48.867383	8.207026	bus	MATCHED	n563665291	3.4	0.84	Rastatt, Richard-Wagner-Ring	222,227,231,235	Rastatt Zaystraße / Rastatt Anne-Frank-Schule / Rastatt Zay	Rastatt, Zay / Rastatt, Zaystraße	LINESTRING(8.207026 48.867383,8.207033000000001 48.867413000000006)
953	Rastatt	Röttererbergstraße	de:08216:34651:0:1	48.868435	8.212973	bus	MATCHED	n563665292	1.1	0.91	Rastatt, Röttererbergstraße	235	Rastatt Tulla-Gymnasium	Rastatt, Tulla-Gymnasium	LINESTRING(8.212973 48.868435,8.2129683 48.868425900000005)
954	Rastatt	Scheffelstraße	de:08216:31050:0:1	48.861302	8.194297	bus	MATCHED	n563194404	9.2	0.69	Rastatt, Scheffelstraße	236	Rastatt Schillerstraße	Rastatt, Schillerstraße	LINESTRING(8.194297 48.861302,8.194387 48.861359500000006)
955	Rastatt	Schillerstraße	de:08216:31051:0:1	48.862538	8.195941	bus	MATCHED	n563194532	0.9	0.92	Rastatt, Schillerstraße	236	Rastatt Oranger Platz	Rastatt, Oranger Platz	LINESTRING(8.195941 48.862538,8.195952100000001 48.8625418)
956	Rastatt	Schloss	de:08216:32025:0:1	48.858306	8.204125	bus	MATCHED	n563194452	1.3	0.9	Rastatt, Schloss	227,232,233,235	Rastatt Fruchthalle / Rastatt Rheintorstraße	Rastatt Rheintorstraße / Rastatt, Fruchthalle	LINESTRING(8.204125 48.858306,8.204107 48.858306400000004)
957	Rastatt	SchlossGalerie	de:08216:32021:0:1	48.858141	8.208033	bus	MATCHED	n563665281	3.0	1.0	Rastatt SchlossGalerie	212,221,222,231,232,234,235,236,239,241,258	Rastatt / Rastatt / Rastatt Bahnhofstraße / Rastatt / Rastatt	Rastatt Bahnhofstraße / Rastatt, Tulla-Gymnasium / Ötigheim Fichtenstraße / Bahnhof / Rastatt, Richard-Wagner-Ring / Mercedes-Benz Tor 1	LINESTRING(8.208033 48.858141,8.208072900000001 48.858144700000004)
958	Rastatt	SchlossGalerie	de:08216:32021:0:2	48.858294	8.207979	bus	MATCHED	n563665282	6.9	0.75	Rastatt SchlossGalerie	212,221,222,227,231,232,234,235,236,241,258	Rastatt Kapellenstraße / Rastatt Friedrich-Ebert-Straße / Rastatt Bernhardusbrunnen / Rastatt Bernhardusbrunnen / Rastatt Lützowerstraße / Rastatt Kapellenstraße	Rastatt Bernhardusbrunnen / Rastatt Kapellenstraße / Rastatt Kehler Straße	LINESTRING(8.207979 48.858294,8.207890200000001 48.8582729)
959	Rastatt	SchlossGalerie	de:08216:32021:0:3	48.858436	8.210287		NO_MATCH_AND_SEEMS_UNSERVED								POINT(8.210287 48.858436)
960	Rastatt	Stadionstraße	de:08216:31874:0:1	48.836818	8.196426	bus	MATCHED	n563231882	5.2	1.0	Rastatt Stadionstraße	212	Rastatt Donaustraße	Rastatt Donaustraße	LINESTRING(8.196426 48.836818,8.196478200000001 48.836849)
961	Rastatt	Stadionstraße	de:08216:31874:0:2	48.836552	8.196498	bus	MATCHED	n563231881	14.6	1.0	Rastatt Stadionstraße	212	Sandweier Nord	Sandweier Nord	LINESTRING(8.196498 48.836552,8.196609200000001 48.836443)
962	Rastatt	Stadtfriedhof	de:08216:33110:0:1	48.863205	8.211752	bus	MATCHED	n540742183	0.2	0.95	Rastatt, Stadtfriedhof	239	Rastatt Lyzeumstraße	Rastatt, Lyzeumstraße	LINESTRING(8.211752 48.863205,8.2117489 48.863204800000005)
963	Rastatt	Stadtpark	de:08216:34630:0:1	48.847536	8.201717	bus	MATCHED	n563231902	18.1	0.58	Rastatt, Stadtpark	234,X34	Iffezheim Einkaufszentrum / Rastatt Merzeau	Rastatt, Merzeau / Iffezheim Einkaufszentrum	LINESTRING(8.201717 48.847536,8.2018942 48.8476489)
964	Rastatt	Stadtpark	de:08216:34630:0:2	48.847442	8.201843	bus	MATCHED	n563231901	6.9	0.75	Rastatt, Stadtpark	234,X34	Rastatt Kapellenstraße / Rastatt Kehler Straße	Rastatt Kapellenstraße / Rastatt Kehler Straße	LINESTRING(8.201843 48.847442,8.2019362 48.8474312)
965	Rastatt	Tulla-Gymnasium	de:08216:32066:0:1	48.865953	8.217213	bus	MATCHED	n563665287	2.0	0.89	Rastatt, Tulla-Gymnasium	232,234,235	Rastatt Danziger Str. / Rastatt Handelslehranstalt	Rastatt, Danziger Straße	LINESTRING(8.217213 48.865953,8.217219700000001 48.865970100000006)
966	Rastatt	Tulla-Gymnasium	de:08216:32066:0:12	48.865817	8.216459	bus	NO_MATCH_BUT_OTHER_PLATFORM_MATCHED					231,234	Rastatt / Rastatt / Rastatt Handelslehranstalt		POINT(8.216459 48.865817)
967	Rastatt	Tulla-Gymnasium	de:08216:32066:0:13	48.866326	8.217842		NO_MATCH_AND_SEEMS_UNSERVED								POINT(8.217842 48.866326)
968	Rastatt	Tulla-Gymnasium	de:08216:32066:0:2	48.865888	8.216638	bus	MATCHED	n563665288	1.6	0.91	Rastatt, Tulla-Gymnasium	227,232,235,241	Rastatt / Rastatt / Rastatt	Rastatt SchlossGalerie	LINESTRING(8.216638 48.865888,8.2166172 48.8658914)
969	Rastatt	Untere Wiesen	de:08216:31054:0:1	48.861887	8.238997	bus	MATCHED	n495005115	3.6	0.82	Rastatt, Untere Wiesen	236	Rastatt Kaufland	Rastatt, Kaufland	LINESTRING(8.238997 48.861887,8.239045 48.8618948)
970	Rastatt	Untere Wiesen	de:08216:31054:0:2	48.861964	8.239051	bus	NO_MATCH_BUT_OTHER_PLATFORM_MATCHED					236	Rastatt Kaufland		POINT(8.239051 48.861964)
971	Rastatt	Waldfriedhof	de:08216:34657:0:1	48.870031	8.222819	bus	MATCHED	n563665296	1.3	0.91	Rastatt, Waldfriedhof	235	Rastatt Fohlenweide	Rastatt, Fohlenweide	LINESTRING(8.222819 48.870031,8.2228148 48.870042100000006)
972	Rastatt	Westring Nord	de:08216:31048:0:1	48.856255	8.194414	bus	MATCHED	n563194400	0.5	0.94	Rastatt, Westring Nord	236	Rastatt Lessingstraße	Rastatt Lessingstraße	LINESTRING(8.194414 48.856255,8.1944175 48.856251400000005)
973	Rastatt	Wintersdorf Abzw. Bahnhof	de:08216:31875:0:1	48.843552	8.135323	bus	MATCHED	n380017905	7.3	1.0	Wintersdorf Abzweig Bahnhof	218,231	Wintersdorf Schule / Wintersdorf Bannwaldstraße / Iffezheim Oktorfeld / Beinheim Route du Rhin / Roppenheim Village de Marques	Ottersdorf Kirche / Wintersdorf, Bannwaldstraße	LINESTRING(8.135323 48.843552,8.135420400000001 48.8435386)
974	Rastatt	Wintersdorf Bannwaldstraße	de:08216:34616:0:1	48.846301	8.136059	bus	MATCHED	n563749774	2.5	0.8	Wintersdorf, Bannwaldstraße	218,231	Wintersdorf Abzw. Bahnhof	Wintersdorf Kirche / Wintersdorf Abzweig Bahnhof	LINESTRING(8.136059 48.846301,8.1360712 48.84628)
975	Rastatt	Wintersdorf Bannwaldstraße	de:08216:34616:0:2	48.846183	8.136059	bus	MATCHED	n10732767431	30.2	0.32	Wintersdorf, Bannwaldstraße	218,231	Wintersdorf Kirche		LINESTRING(8.136059 48.846183,8.1356524 48.846224600000006)
976	Rastatt	Wintersdorf Kirche	de:08216:34618:0:1	48.847123	8.138898	bus	MATCHED	n563749776	3.3	1.0	Wintersdorf Kirche	218,231	Wintersdorf Bannwaldstraße	Wintersdorf, Bannwaldstraße / Ottersdorf Kirche	LINESTRING(8.138898 48.847123,8.138939800000001 48.847134800000006)
977	Rastatt	Wintersdorf Kirche	de:08216:34618:0:2	48.847016	8.139033	bus	MATCHED	n10732767432	8.2	0.6	Wintersdorf Kirche	218,231	Ottersdorf Kirche / Ottersdorf Friedrichstraße / Ottersdorf Schule / Ottersdorf Kirche		LINESTRING(8.139033 48.847016,8.13893 48.8469879)
978	Rastatt	Wintersdorf Schule	de:08216:34617:0:1	48.845733	8.14012	bus	NO_MATCH					231	Wintersdorf Kirche		POINT(8.14012 48.845733)
979	Rastatt	Zay	de:08216:32017:0:1	48.866639	8.203424	bus	MATCHED	n318553733	4.8	0.8	Rastatt, Zay	222,227,231	Rastatt Am Hasenwäldchen	Rastatt, Am Hasenwäldchen	LINESTRING(8.203424 48.866639,8.203361300000001 48.8666518)
980	Rastatt	Zay	de:08216:32017:0:2	48.866597	8.203523	bus	MATCHED	n318553735	9.4	0.7	Rastatt, Zay	222,227,231,235	Rastatt Zaystraße / Rastatt Josef-Kilmarx-Str. / Rastatt Richard-Wagner-Ring	Rastatt, Lindenstraße / Rastatt, Zaystraße	LINESTRING(8.203523 48.866597,8.203560300000001 48.866677800000005)
981	Rastatt	Zaystraße	de:08216:32015:0:1	48.869044	8.203792	bus	MATCHED	n311059371	0.9	0.93	Rastatt, Zaystraße	222,227	Rastatt Zay	Rastatt, Zay / Rastatt, Richard-Wagner-Ring	LINESTRING(8.203792 48.869044,8.2037876 48.869051400000004)
982	Rastatt	Zaystraße	de:08216:32015:0:2	48.868849	8.203909	bus	MATCHED	n311059370	42.1	0.43	Rastatt, Zaystraße	222,227	Rastatt Baldenau	Rastatt, Baldenau	LINESTRING(8.203909 48.868849,8.2039872 48.869224200000005)
983	Rastatt	Zum Rohngraben	de:08216:32136:0:1	48.842476	8.205697	bus	MATCHED	n6402109419	6.1	1.0	Rastatt Zum Rohngraben	212	Rastatt Leopoldfeste	Rastatt Leopoldfeste	LINESTRING(8.205697 48.842476,8.205747800000001 48.8425195)
984	Rastatt	Zum Rohngraben	de:08216:32136:0:2	48.842553	8.205607	bus	MATCHED	n6402109420	1.0	1.0	Rastatt Zum Rohngraben	212	Rastatt Münchfeldsiedlung	Rastatt Münchfeldsiedlung	LINESTRING(8.205607 48.842553,8.2056093 48.8425615)
985	Rheinmünster	Airpark Eisstadion	de:08216:34790:1:1	48.781929	8.097603	bus	MATCHED	n440266154	13.1	0.64	Airpark Eisstadion	215,234,X34	Airpark Terminal (FKB) / Airpark Terminal (FKB) / Airpark Terminal (FKB)	Airpark Terminal (FKB)	LINESTRING(8.097603 48.781929,8.0976724 48.7820374)
986	Rheinmünster	Airpark Eisstadion	de:08216:34790:1:2	48.781911	8.097764	bus	MATCHED	n440266155	16.9	0.59	Airpark Eisstadion	215,234,X34	Airpark Verwaltung / Hügelsheim Grüner Baum	Hügelsheim, Grüner Baum / Airpark Verwaltung	LINESTRING(8.097764 48.781911,8.097944100000001 48.782006100000004)
987	Rheinmünster	Airpark Firma Rauch	de:08216:34865:0:1	48.768195	8.084074		NO_MATCH_AND_SEEMS_UNSERVED								POINT(8.084074 48.768195)
988	Rheinmünster	Airpark Terminal (FKB)	de:08216:31041:1:1	48.777928	8.087901	bus	NO_MATCH_BUT_OTHER_PLATFORM_MATCHED					215	Airpark Eisstadion		POINT(8.087901 48.777928)
989	Rheinmünster	Airpark Terminal (FKB)	de:08216:31041:1:2	48.778176	8.088116	bus	NO_MATCH_BUT_OTHER_PLATFORM_MATCHED					234,X34	Airpark Verwaltung / Airpark Eisstadion		POINT(8.088116 48.778176)
990	Rheinmünster	Airpark Terminal (FKB)	de:08216:31041:1:3	48.778377	8.088314	bus	MATCHED	n557212234	5.1	0.69	Airpark Terminal (FKB)	234,X34	Airpark Eisstadion	Airpark Eisstadion / Airpark Verwaltung / FlixBus Karlsruhe / Kehl, Bahnhof	LINESTRING(8.088314 48.778377,8.0882748 48.7783396)
991	Rheinmünster	Airpark Verwaltung	de:08216:31042:1:1	48.786641	8.10045	bus	MATCHED	n519253994	4.1	0.82	Airpark Verwaltung	215,234,X34	Airpark Eisstadion / Airpark Terminal (FKB)	Airpark Terminal (FKB) / Airpark Eisstadion	LINESTRING(8.10045 48.786641,8.1003966 48.786630800000005)
992	Rheinmünster	Airpark Verwaltung	de:08216:31042:1:2	48.78596	8.100935	bus	MATCHED	n519254018	7.6	0.73	Airpark Verwaltung	215,234,X34	Hardtwald Victoriastraße / Hügelsheim Grüner Baum / Söllingen Kirche	Söllingen Kirche / Hardtwald, Victoriastraße	LINESTRING(8.100935 48.78596,8.1010191 48.786000300000005)
993	Rheinmünster	Greffern Hallenbad	de:08216:34666:0:1	48.751773	8.001941		MATCHED	n392697711	1.3	0.61	Greffern Hallenbad / Turnhalle				LINESTRING(8.001941 48.751773,8.001938800000001 48.751761200000004)
994	Rheinmünster	Greffern Mittelstraße	de:08216:34631:0:1	48.752028	8.004079	bus	MATCHED	n218174831	7.4	1.0	Greffern Mittelstraße	234,234s,268,268s	Greffern Volksbank / Stollhofen Krone	Greffern Volksbank / Stollhofen Krone	LINESTRING(8.004079 48.752028,8.004100900000001 48.751963)
995	Rheinmünster	Greffern Volksbank	de:08216:34633:0:1	48.752739	8.008553	bus	MATCHED	n524606145	0.5	1.0	Greffern Volksbank	234,234s	Greffern Mittelstraße	Greffern Mittelstraße / Schwarzach Leislingstraße	LINESTRING(8.008553 48.752739,8.008560000000001 48.75274)
996	Rheinmünster	Greffern Volksbank	de:08216:34633:0:2	48.752579	8.008705	bus	MATCHED	n218175393	7.9	1.0	Greffern Volksbank	234,268,268s	Schwarzach (Bd) Leislingstraße / Greffern Mittelstraße / Stollhofen Krone	Stollhofen Krone / Schwarzach Leislingstraße	LINESTRING(8.008705 48.752579,8.008792600000001 48.7525385)
997	Rheinmünster	Hildmannsfeld Denkmal	de:08216:34695:0:1	48.734132	8.058652	bus	MATCHED	n502500600	1.4	1.0	Hildmannsfeld Denkmal	234s,268,268s	Oberbruch Seestraße / Moos Mooser Straße	Oberbruch Seestraße / Moos Mooser Straße	LINESTRING(8.058652 48.734132,8.0586365 48.734124400000006)
998	Rheinmünster	Hildmannsfeld Denkmal	de:08216:34695:0:2	48.734274	8.058481	bus	MATCHED	n502500595	3.1	1.0	Hildmannsfeld Denkmal	234s,268,268s	Schwarzach (Bd) Bahnhof	Schwarzach Bahnhof	LINESTRING(8.058481 48.734274,8.058483200000001 48.734246500000005)
999	Rheinmünster	Schwarzach (Bd) Bahnhof	de:08216:34641:1:1	48.744482	8.046614	bus	MATCHED	n2928985516	7.3	1.0	Schwarzach Bahnhof	234,234s,268,268s	Hildmannsfeld Denkmal / Greffern Volksbank / Schwarzach (Bd) Hauptstraße / Ulm (Lichtenau) Rathaus	Ulm Rathaus / Schwarzach Hauptstraße	LINESTRING(8.046614 48.744482,8.046672000000001 48.744429100000005)
1000	Rheinmünster	Schwarzach (Bd) Bahnhof	de:08216:34641:1:2	48.744269	8.047036	bus	MATCHED	n8373231592	12.6	1.0	Schwarzach Bahnhof	234s,268,268s	Hildmannsfeld Denkmal		LINESTRING(8.047036 48.744269,8.046879200000001 48.7443151)
1001	Rheinmünster	Schwarzach (Bd) Bahnhof	de:08216:34641:2:2	48.744251	8.047072		MATCHED	n8373231591	15.5	1.0	Schwarzach Bahnhof			Hildmannsfeld Denkmal	LINESTRING(8.047072 48.744251,8.0468926 48.7443244)
1002	Rheinmünster	Schwarzach (Bd) Hauptstraße	de:08216:34643:0:1	48.747118	8.044728	bus	MATCHED	n392718018	0.4	1.0	Schwarzach Hauptstraße	234,234s,268	Schwarzach (Bd) Bahnhof / Schwarzach (Bd) Bahnhof	Schwarzach Bahnhof	LINESTRING(8.044728 48.747118,8.044724500000001 48.747115)
1003	Rheinmünster	Schwarzach (Bd) Hauptstraße	de:08216:34643:0:2	48.746946	8.045536	bus	MATCHED	n410200994	5.0	1.0	Schwarzach Hauptstraße	234,234s,268,268s	Schwarzach (Bd) Leislingstraße	Schwarzach Leislingstraße	LINESTRING(8.045536 48.746946,8.045480300000001 48.7469711)
1004	Rheinmünster	Schwarzach (Bd) Leislingstraße	de:08216:34598:0:1	48.747929	8.039904	bus	MATCHED	n392718017	0.8	1.0	Schwarzach Leislingstraße	234,234s,268	Schwarzach (Bd) Hauptstraße	Schwarzach Hauptstraße	LINESTRING(8.039904 48.747929,8.0399124 48.7479245)
1005	Rheinmünster	Schwarzach (Bd) Leislingstraße	de:08216:34598:0:2	48.747846	8.040829	bus	MATCHED	n410201013	6.1	1.0	Schwarzach Leislingstraße	234,234s,268,268s	Stollhofen Krone / Greffern Volksbank / Greffern Volksbank / Greffern Mittelstraße	Greffern Volksbank / Greffern Mittelstraße	LINESTRING(8.040829 48.747846,8.040746200000001 48.747842000000006)
1006	Rheinmünster	Stollhofen Krone	de:08216:34644:0:1	48.763973	8.047998	bus	MATCHED	n416978723	2.0	1.0	Stollhofen Krone	234,234s,268,X34	Greffern Mittelstraße / Greffern Volksbank / Ulm (Lichtenau) Rathaus / Schwarzach (Bd) Leislingstraße	Ulm Rathaus / Greffern Mittelstraße / Greffern Volksbank	LINESTRING(8.047998 48.763973,8.047971500000001 48.763970500000006)
1007	Rheinmünster	Stollhofen Krone	de:08216:34644:0:2	48.765015	8.048483	bus	MATCHED	n416978725	4.0	1.0	Stollhofen Krone	234,234s,268,268s,X34	Söllingen Kirche / Söllingen Schule	Söllingen Kirche	LINESTRING(8.048483 48.765015,8.048522 48.7650402)
1008	Rheinmünster	Stollhofen Leiberstunger Str. 	de:08216:34680:0:1	48.766176	8.051744	bus	MATCHED	n416978741	8.1	1.0	Stollhofen Leiberstunger Str.	267	Söllingen Kirche	Söllingen Kirche	LINESTRING(8.051744 48.766176,8.051837 48.766136700000004)
1009	Rheinmünster	Stollhofen Schule	de:08216:34842:0:1	48.764482	8.051789		NO_MATCH_AND_SEEMS_UNSERVED								POINT(8.051789 48.764482)
1010	Rheinmünster	Söllingen Kirche	de:08216:34645:0:1	48.778496	8.060502	bus	MATCHED	n467687402	2.1	1.0	Söllingen Kirche	234,234s,267,268,268s,X34	Söllingen Schule / Hügelsheim Grüner Baum / Airpark Verwaltung / Ulm (Lichtenau) Rathaus	Airpark Verwaltung	LINESTRING(8.060502 48.778496,8.0605131 48.778478400000004)
1011	Rheinmünster	Söllingen Kirche	de:08216:34645:0:2	48.779005	8.060781	bus	MATCHED	n467687403	1.2	1.0	Söllingen Kirche	234,234s,268,X34	Stollhofen Krone	Stollhofen Krone / Stollhofen Leiberstunger Str.	LINESTRING(8.060781 48.779005,8.0607898 48.7789962)
1012	Rheinmünster	Söllingen Schule	de:08216:34836:0:1	48.778295	8.057996	bus	NO_MATCH					234s,267	Stollhofen Krone		POINT(8.057996 48.778295)
1013	Sinzheim	(b. Bühl)	de:08216:35112:1:1	48.760053	8.158634	train	MATCHED	n2419782425	33.7	1.0	Sinzheim	RB44,S7,S71	Sinzheim (b. Bühl) Nord	Sinzheim Nord	LINESTRING(8.158634 48.760053,8.1584517 48.7597748)
1014	Sinzheim	(b. Bühl)	de:08216:35112:2:2	48.759461	8.158068	train	MATCHED	n21386644	43.7	1.0	Sinzheim	RB44,S7,S71	Baden-Baden Rebland	Baden-Baden Rebland	LINESTRING(8.158068 48.759461,8.158397800000001 48.7597881)
1015	Sinzheim	(b. Bühl)	de:08216:35112:6:3	48.760183	8.15823	bus	MATCHED	n4462401702	3.8	0.63	Sinzheim Bahnhof	292,293	Sinzheim Katholische Kirche / Winden (Sinzheim) Schulhof	Winden Schulhof / Sinzheim Katholische Kirche	LINESTRING(8.15823 48.760183,8.158239100000001 48.7601494)
1016	Sinzheim	(b. Bühl)	de:08216:35112:6:4	48.760124	8.158095	bus	MATCHED	n4462399643	7.6	0.56	Sinzheim Bahnhof	292,293	Halberstung Schiftunger Str. / Müllhofen	Halberstung Schiftungerstraße / Müllhofen	LINESTRING(8.158095 48.760124,8.1581177 48.760190400000006)
1017	Sinzheim	Dr. -Ganther-Straße	de:08216:31978:0:1	48.759076	8.16468	bus	MATCHED	n33352957	8.1	0.72	Sinzheim, Dr.-Ganther-Straße	207,262	Steinbach Alte Landstr. / Sinzheim Turnhalle / Sinzheim LvK-Schule / Sinzheim LvK-Schule / Sinzheim Goethestraße	Sinzheim Goethestraße	LINESTRING(8.16468 48.759076,8.164750900000001 48.7591319)
1018	Sinzheim	Fa. Wolman	de:08216:31981:0:1	48.766987	8.170797	bus	MATCHED	n610835602	9.9	0.69	Sinzheim Fa. Wolman	RB44	Winden (Sinzheim) Jagdhausstr. / Kartung Schule / Baden-Baden / Kartung Abzw. Winden / Hügelsheim Nord	Kartung Abzweig Winden / Winden Jagdhausstraße / Hügelsheim, Nord	LINESTRING(8.170797 48.766987,8.170793900000001 48.766897900000004)
1019	Sinzheim	Fa. Wolman	de:08216:31981:0:2	48.768289	8.171166	bus	MATCHED	n610835601	3.1	0.85	Sinzheim Fa. Wolman	RB44	Sinzheim Matthäuskirche / Sinzheim Turnhalle / Sinzheim Turnhalle / Sinzheim Turnhalle	Sinzheim Turnhalle / Matthäuskirche	LINESTRING(8.171166 48.768289,8.1711647 48.768316500000005)
1020	Sinzheim	Goethestraße	de:08216:31980:0:1	48.756861	8.170654	bus	MATCHED	n8249879685	26.9	1.0	Sinzheim Goethestraße	207,211,262,293	Sinzheim Katholische Kirche / Sinzheim LvK-Schule / Sinzheim Turnhalle	Sinzheim Turnhalle	LINESTRING(8.170654 48.756861,8.1707034 48.7571012)
1021	Sinzheim	Goethestraße	de:08216:31980:0:2	48.757862	8.170546	bus	MATCHED_THOUGH_REVERSED_DIR	n302192023	1.7	1.0	Sinzheim Goethestraße	211,293	Sinzheim Kiga. Vormberg	Sinzheim LvK-Schule	LINESTRING(8.170546 48.757862,8.170552800000001 48.757876200000005)
1022	Sinzheim	Grundschule	de:08216:34703:0:1	48.761059	8.164985	bus	MATCHED	n4462384614	2.4	0.79	Sinzheim Grundschule	291,292	Sinzheim LvK-Schule / Winden (Sinzheim) Schulhof / Halberstung Schule	Sinzheim LvK-Schule	LINESTRING(8.164985 48.761059,8.165012 48.7610717)
1023	Sinzheim	Halberstung Schiftunger Str. 	de:08216:1817:1:1	48.759034	8.143659	bus	MATCHED	n602366191	0.8	0.79	Halberstung Schiftungerstraße	292,293	Halberstung Schule / Müllhofen / Sinzheim (b. Bühl)	Sinzheim Bahnhof / Müllhofen	LINESTRING(8.143659 48.759034,8.1436621 48.759041200000006)
1024	Sinzheim	Halberstung Schiftunger Str. 	de:08216:1817:1:2	48.759052	8.14409		MATCHED	n9339859754	30.7	0.21	Halberstung Schiftungerstraße			Halberstung Grundschule / Leiberstung Kindergarten	LINESTRING(8.14409 48.759052,8.1436785 48.7590981)
1025	Sinzheim	Halberstung Schule	de:08216:30100:0:1	48.760497	8.140407	bus	MATCHED	n602366136	4.8	0.73	Halberstung Grundschule	292,293	Müllhofen Sandbachbrücke / Leiberstung Baggersee / Schiftung Kirche / Leiberstung Kindergarten	Leiberstung Kindergarten / Halberstung Schiftungerstraße	LINESTRING(8.140407 48.760497,8.140409400000001 48.7604539)
1026	Sinzheim	Halberstung Schule	de:08216:30100:0:2	48.760343	8.140201	bus	MATCHED	n602366138	10.3	0.62	Halberstung Grundschule	292,293	Müllhofen / Halberstung Schiftunger Str.	Halberstung Schiftungerstraße / Müllhofen	LINESTRING(8.140201 48.760343,8.1402192 48.7602514)
1027	Sinzheim	Hans-Thoma-Straße	de:08216:33080:0:1	48.759147	8.160018		NO_MATCH_AND_SEEMS_UNSERVED								POINT(8.160018 48.759147)
1028	Sinzheim	Kartung Abzw. Winden	de:08216:31857:0:1	48.772659	8.174373	bus	MATCHED	n692974307	5.2	0.77	Kartung Abzweig Winden	207,262,293	Winden (Sinzheim) Jagdhausstr. / Baden-Baden Königsberger Str.	Königsberger Straße	LINESTRING(8.174373 48.772659,8.1744036 48.7726168)
1029	Sinzheim	Kartung Abzw. Winden	de:08216:31857:0:2	48.77257	8.174121	bus	MATCHED	n692974318	13.1	0.62	Kartung Abzweig Winden	207,262,293	Sinzheim Fa. Wolman	Sinzheim Fa. Wolman	LINESTRING(8.174121 48.77257,8.174022200000001 48.772471700000004)
1030	Sinzheim	Kartung Am Markbach	de:08216:31045:0:1	48.775133	8.172333	bus	MATCHED	n271333878	13.9	0.63	Kartung Am Markbach	215	Kartung Kreuzstraße	Kartung Kreuzstraße	LINESTRING(8.172333 48.775133,8.172372000000001 48.775010300000005)
1031	Sinzheim	Kartung Am Markbach	de:08216:31045:0:2	48.774891	8.172333	bus	MATCHED	n9119262330	12.4	0.65	Kartung Am Markbach	215	Baden-Baden Königsberger Str.	Königsberger Straße	LINESTRING(8.172333 48.774891,8.1722631 48.774992700000006)
1032	Sinzheim	Kartung Entenhof	de:08216:31056:0:1	48.779763	8.152292	bus	NO_MATCH_BUT_OTHER_PLATFORM_MATCHED					215,290	Hügelsheim Grüner Baum / Hügelsheim Schwarzwaldstraße / Hochfeld Ahornbrunnen / Hochfeld Tennisplätze		POINT(8.152292 48.779763)
1033	Sinzheim	Kartung Entenhof	de:08216:31056:0:2	48.780124	8.152148	bus	MATCHED	n20917118	19.4	0.4	Kartung Entenhof	215,290	Kartung Tiefenauer Str.	Baden-Baden Bahnhof / Hügelsheim, Grüner Baum / Sinzheim Turnhalle / Hardtwald Schule	LINESTRING(8.152148 48.780124,8.1522389 48.779960100000004)
1034	Sinzheim	Kartung Kreuzstraße	de:08216:31046:0:1	48.774636	8.170932	bus	MATCHED	n1207766396	4.3	0.81	Kartung Kreuzstraße	215	Kartung Schule	Kartung Schule	LINESTRING(8.170932 48.774636,8.170890400000001 48.774608300000004)
1035	Sinzheim	Kartung Kreuzstraße	de:08216:31046:0:2	48.774405	8.170681	bus	MATCHED	n1207766318	2.2	0.88	Kartung Kreuzstraße	215	Kartung Am Markbach	Kartung Am Markbach	LINESTRING(8.170681 48.774405,8.1706739 48.774424100000005)
1036	Sinzheim	Kartung Schule	de:08216:34705:0:1	48.772031	8.167213	bus	MATCHED	n1207766350	5.9	0.77	Kartung Schule	215,290	Kartung Tiefenauer Str.	Sinzheim Grundschule / Kartung Tiefenauer Straße / Sinzheim Bahnhof	LINESTRING(8.167213 48.772031,8.1672809 48.772060100000004)
1037	Sinzheim	Kartung Schule	de:08216:34705:0:2	48.772073	8.167447	bus	MATCHED	n1207766364	9.7	0.56	Kartung Schule	215,290,291,292	Sinzheim LvK-Schule / Kartung Kreuzstraße / Sinzheim Grundschule / Sinzheim Fa. Wolman / Sinzheim (b. Bühl) / Winden (Sinzheim) Jagdhausstr.	Kartung Kreuzstraße / Winden Jagdhausstraße	LINESTRING(8.167447 48.772073,8.1675251 48.7721438)
1038	Sinzheim	Kartung Tiefenauer Str. 	de:08216:31040:0:1	48.771623	8.161518	bus	MATCHED	n33479086	4.3	0.73	Kartung Tiefenauer Straße	215,290	Kartung Entenhof	Hügelsheim Schwarzwaldstraße / Hochfeld, Tennisplatz	LINESTRING(8.161518 48.771623,8.1615084 48.7715849)
1039	Sinzheim	Kartung Tiefenauer Str. 	de:08216:31040:0:2	48.771463	8.161724	bus	MATCHED	n9119262329	30.4	0.44	Kartung Tiefenauer Straße	215,290	Kartung Schule	Kartung Schule	LINESTRING(8.161724 48.771463,8.1613398 48.7715643)
1040	Sinzheim	Katholische Kirche	de:08216:31979:0:1	48.761675	8.164446	bus	MATCHED	n576521037	3.6	1.0	Sinzheim Katholische Kirche	207,262,293	Sinzheim Goethestraße / Sinzheim (b. Bühl) / Sinzheim Dr.-Ganther-Straße	Sinzheim Goethestraße / Sinzheim Turnhalle	LINESTRING(8.164446 48.761675,8.1644448 48.761642300000005)
1041	Sinzheim	Katholische Kirche	de:08216:31979:0:2	48.761083	8.164294	bus	MATCHED	n4085888762	26.2	0.34	Sinzheim Katholische Kirche	293	Sinzheim Turnhalle	Sinzheim Bahnhof	LINESTRING(8.164294 48.761083,8.1644641 48.761289700000006)
1042	Sinzheim	Kiga. Vormberg	de:08216:35126:0:1	48.755333	8.178065	bus	MATCHED	n1078802797	1.0	0.75	Sinzheim Kindergarten Vormberg	207,290,291,293	Sinzheim Goethestraße / Sinzheim Turnhalle / Sinzheim LvK-Schule / Kartung Schule / Sinzheim Grundschule		LINESTRING(8.178065 48.755333,8.1780791 48.7553326)
1043	Sinzheim	Leiberstung Baggersee	de:08216:34839:0:1	48.759117	8.113485	bus	NO_MATCH					293	Halberstung Schule / Leiberstung Leiboldstraße		POINT(8.113485 48.759117)
1044	Sinzheim	Leiberstung Grundschule	de:08216:34837:1:1	48.751548	8.10107	bus	MATCHED	n4410317485	6.1	0.64	Leiberstung Grundschule	292	Leiberstung Kindergarten / Leiberstung Leiboldstraße / Weitenung Pfarrhaus	Leiberstung Leiboldstraße	LINESTRING(8.10107 48.751548,8.1009876 48.7515434)
1045	Sinzheim	Leiberstung Jägerstraße	de:08216:34681:0:1	48.757317	8.104672	bus	MATCHED	n476687008	48.3	0.23	Leiberstung Jägerstraße	292,293	Leiberstung Leiboldstraße / Leiberstung Kindergarten / Schiftung Kirche	Leiberstung Leiboldstraße	LINESTRING(8.104672 48.757317,8.1048366 48.7568968)
1046	Sinzheim	Leiberstung Jägerstraße	de:08216:34681:0:2	48.757465	8.104798	bus	MATCHED	n476687016	65.1	0.36	Leiberstung Jägerstraße	293	Schiftung Kirche	Halberstung Grundschule	LINESTRING(8.104798 48.757465,8.1047287 48.7568816)
1047	Sinzheim	Leiberstung Kindergarten	de:08216:35825:0:1	48.752431	8.097836	bus	MATCHED	n476663243	11.0	0.52	Leiberstung Kindergarten	292,293	Leiberstung Jägerstraße / Leiberstung Leiboldstraße	Halberstung Grundschule / Leiberstung Leiboldstraße	LINESTRING(8.097836 48.752431,8.0979326 48.752355900000005)
1048	Sinzheim	Leiberstung Leiboldstraße	de:08216:1867:1:1	48.754362	8.100819	bus	MATCHED	n835754413	0.7	0.91	Leiberstung Leiboldstraße	292,293	Leiberstung Grundschule / Leiberstung Jägerstraße / Leiberstung Kindergarten / Leiberstung Baggersee	Leiberstung Jägerstraße	LINESTRING(8.100819 48.754362,8.1008258 48.7543662)
1049	Sinzheim	Leiberstung Leiboldstraße	de:08216:1867:1:2	48.754279	8.100459		MATCHED	n835754374	2.9	0.74	Leiberstung Leiboldstraße			Leiberstung Kindergarten	LINESTRING(8.100459 48.754279,8.1004739 48.754254700000004)
1050	Sinzheim	Leiberstung Weitenunger Str. 	de:08216:34499:0:1	48.75034	8.096129	bus	MATCHED	n476656929	2.1	1.0	Leiberstung Weitenunger Str.	267	Weitenung Pfarrhaus	Weitenung Pfarrhaus	LINESTRING(8.096129 48.75034,8.0961554 48.750348)
1051	Sinzheim	Leiberstung Weitenunger Str. 	de:08216:34499:0:2	48.750411	8.096273	bus	MATCHED	n476656931	8.9	1.0	Leiberstung Weitenunger Str.	267	Stollhofen Leiberstunger Str.	Stollhofen Leiberstunger Str.	LINESTRING(8.096273 48.750411,8.0963428 48.7503456)
1052	Sinzheim	LvK-Schule	de:08216:34704:0:1	48.755765	8.164276	bus	MATCHED	n2081716531	1.6	1.0	Sinzheim LvK-Schule	211,262,292	Müllhofen	Müllhofen	LINESTRING(8.164276 48.755765,8.1642548 48.755766900000005)
1053	Sinzheim	LvK-Schule	de:08216:34704:0:2	48.755777	8.164554	bus	MATCHED	n2081716530	1.6	1.0	Sinzheim LvK-Schule	211,262,292	Sinzheim Turnhalle / Sinzheim Goethestraße / Sinzheim Goethestraße / Sinzheim Grundschule	Sinzheim Goethestraße	LINESTRING(8.164554 48.755777,8.1645761 48.755779100000005)
1054	Sinzheim	LvK-Schule	de:08216:34704:0:3	48.755984	8.164473	bus	MATCHED	n4462383221	1.1	1.0	Sinzheim LvK-Schule	207,290,291,292	Sinzheim Grundschule / Kartung Schule / Sinzheim Kiga. Vormberg / Sinzheim Turnhalle	Sinzheim Goethestraße / Kartung Schule / Müllhofen	LINESTRING(8.164473 48.755984,8.164480900000001 48.7559758)
1055	Sinzheim	Matthäuskirche	de:08216:31982:0:1	48.76447	8.165848	bus	MATCHED	n576521055	7.3	0.73	Matthäuskirche	207,262	Sinzheim Katholische Kirche	Sinzheim Katholische Kirche	LINESTRING(8.165848 48.76447,8.1659167 48.7645172)
1056	Sinzheim	Matthäuskirche	de:08216:31982:0:2	48.764488	8.166261		NO_MATCH_AND_SEEMS_UNSERVED								POINT(8.166261 48.764488)
1057	Sinzheim	Matthäuskirche	de:08216:31982:0:92	48.763665	8.168372		NO_MATCH_AND_SEEMS_UNSERVED								POINT(8.168372 48.763665)
1058	Sinzheim	Müllhofen	de:08216:31983:0:1	48.74447	8.139006	bus	MATCHED	n648862037	2.0	1.0	Müllhofen	211,262,292,293	Weitenung Gottesacker / Halberstung Schiftunger Str. / Müllhofen Sandbachbrücke	Weitenung Tankstelle Huck / Weitenung Rathaus / Halberstung Grundschule	LINESTRING(8.139006 48.74447,8.1390212 48.744484500000006)
1059	Sinzheim	Müllhofen	de:08216:31983:0:2	48.744636	8.138197	bus	MATCHED	n2667361853	1.1	1.0	Müllhofen	211,262,292,293	Sinzheim (b. Bühl) / Sinzheim LvK-Schule	Sinzheim LvK-Schule / Sinzheim Bahnhof	LINESTRING(8.138197 48.744636,8.1382002 48.744645500000004)
1060	Sinzheim	Müllhofen Sandbachbrücke	de:08216:31820:0:1	48.745376	8.13712	bus	MATCHED	n602366060	2.2	0.82	Müllhofen Sandbachbrücke	292	Halberstung Schule		LINESTRING(8.13712 48.745376,8.137091400000001 48.745370300000005)
1061	Sinzheim	Müllhofen Sandbachbrücke	de:08216:31820:0:2	48.745388	8.136958	bus	MATCHED	n2667361833	0.7	0.91	Müllhofen Sandbachbrücke	292	Weitenung Gottesacker		LINESTRING(8.136958 48.745388,8.136964200000001 48.7453924)
1062	Sinzheim	Nord	de:08216:35111:1:1	48.770788	8.169845	train	MATCHED	n2419708369	24.5	1.0	Sinzheim Nord	RB44,S7,S71	Baden-Baden / Baden-Baden	Baden-Baden	LINESTRING(8.169845 48.770788,8.1696994 48.7705901)
1063	Sinzheim	Nord	de:08216:35111:2:2	48.770261	8.169225	train	MATCHED	n287978212	50.4	1.0	Sinzheim Nord	RB44,S7,S71	Sinzheim (b. Bühl)	Sinzheim	LINESTRING(8.169225 48.770261,8.1696557 48.7706134)
1064	Sinzheim	Schiftung Kirche	de:08216:34706:0:1	48.767555	8.096938	bus	MATCHED	n440242435	1.7	0.85	Schiftung Kirche	292,293	Leiberstung Jägerstraße / Halberstung Schule		LINESTRING(8.096938 48.767555,8.096936000000001 48.7675702)
1065	Sinzheim	Schiftung Kirche	de:08216:34706:0:2	48.767597	8.097019	bus	MATCHED_THOUGH_REVERSED_DIR	n4462134109	5.0	0.6	Schiftung Kirche	293		Leiberstung Jägerstraße / Halberstung Grundschule / Leiberstung Kindergarten	LINESTRING(8.097019 48.767597,8.0970561 48.7676352)
1066	Sinzheim	TestPf	de:08216:35127:0:1	48.755333	8.178065		NO_MATCH_AND_SEEMS_UNSERVED								POINT(8.178065 48.755333)
1067	Sinzheim	Turnhalle	de:08216:31977:0:1	48.760609	8.168713	bus	MATCHED	n692974336	1.5	1.0	Sinzheim Turnhalle	207,262,290,293	Sinzheim LvK-Schule / Sinzheim Kiga. Vormberg / Sinzheim Fa. Wolman	Sinzheim Fa. Wolman	LINESTRING(8.168713 48.760609,8.168730100000001 48.7606021)
1068	Sinzheim	Turnhalle	de:08216:31977:0:2	48.759999	8.168471	bus	MATCHED	n3058779431	1.5	1.0	Sinzheim Turnhalle	207,290,293	Sinzheim Katholische Kirche / Kartung Schule / Sinzheim Fa. Wolman	Sinzheim LvK-Schule	LINESTRING(8.168471 48.759999,8.1684535 48.759992700000005)
1069	Sinzheim	Winden (Sinzheim) Jagdhausstr. 	de:08216:34832:0:1	48.769041	8.182296	bus	MATCHED	n309485275	13.2	0.58	Winden Jagdhausstraße	290,291,292,293	Winden (Sinzheim) Schulhof	Winden Schulhof	LINESTRING(8.182296 48.769041,8.1824241 48.7689584)
1070	Sinzheim	Winden (Sinzheim) Jagdhausstr. 	de:08216:34832:0:2	48.769302	8.182107	bus	MATCHED	n309485273	4.6	0.73	Winden Jagdhausstraße	290,291,292,293	Kartung Schule / Sinzheim Fa. Wolman / Sinzheim Grundschule / Kartung Abzw. Winden / Kartung Schule / Sinzheim (b. Bühl) / Baden-Baden Schweigrother Platz	Kartung Schule / Sinzheim Fa. Wolman / Baden-Baden Schweigrother Platz	LINESTRING(8.182107 48.769302,8.182132600000001 48.7692643)
1071	Sinzheim	Winden (Sinzheim) Schulhof	de:08216:34702:0:1	48.766247	8.183212	bus	MATCHED	n309485278	2.1	0.81	Winden Schulhof	290,291,292,293	Winden (Sinzheim) Jagdhausstr.	Winden Jagdhausstraße	LINESTRING(8.183212 48.766247,8.183185700000001 48.7662538)
1072	Steinmauern	Elchesheimer Str.	de:08216:33166:0:1	48.902956	8.196283	bus	MATCHED	n31301105	11.2	0.61	Steinmauern Elchesheimer Straße	222	Steinmauern Kirche	Steinmauern Kirche	LINESTRING(8.196283 48.902956,8.1963408 48.903049200000005)
1073	Steinmauern	Elchesheimer Str.	de:08216:33166:0:2	48.903091	8.196399	bus	MATCHED	n3212433767	112.2	0.25	Steinmauern Elchesheimer Straße	222	Elchesheim Grüner Baum	Elchesheim Grüner Baum	LINESTRING(8.196399 48.903091,8.196330900000001 48.9040996)
1074	Steinmauern	Gartenstraße	de:08216:32013:0:1	48.899743	8.205427	bus	MATCHED	n4485340687	5.2	0.79	Steinmauern Gartenstraße	221,222,227	Ötigheim Rathausstraße / Rastatt Baldenau	Rastatt, Baldenau / Ötigheim Rathausstr.	LINESTRING(8.205427 48.899743,8.2054916 48.899724000000006)
1075	Steinmauern	Gartenstraße	de:08216:32013:0:2	48.89992	8.205275	bus	MATCHED	n4485340688	7.2	0.74	Steinmauern Gartenstraße	221,222,227	Steinmauern Rathaus / Steinmauern Kirche / Steinmauern Karl-Späth-Str.	Steinmauern Karl-Späth-Straße / Steinmauern Rathaus / Steinmauern Kirche	LINESTRING(8.205275 48.89992,8.2051782 48.8999311)
1076	Steinmauern	Karl-Späth-Str.	de:08216:34503:0:1	48.899743	8.193013	bus	MATCHED	n4207801930	8.3	1.0	Steinmauern Karl-Späth-Straße	221,227	Steinmauern Silberaustraße / Steinmauern Siedlung	Steinmauern Siedlung	LINESTRING(8.193013 48.899743,8.1930256 48.899817600000006)
1077	Steinmauern	Karl-Späth-Str.	de:08216:34503:0:2	48.899979	8.193147	bus	MATCHED	n4485326029	11.6	1.0	Steinmauern Karl-Späth-Straße	221,227	Elchesheim Grüner Baum / Steinmauern Silberaustraße	Elchesheim Grüner Baum	LINESTRING(8.193147 48.899979,8.193150900000001 48.899875)
1078	Steinmauern	Kirche	de:08216:33165:1:1	48.90047	8.200325	bus	MATCHED	n4485340989	6.7	1.0	Steinmauern Kirche	222	Steinmauern Gartenstraße	Steinmauern Gartenstraße	LINESTRING(8.200325 48.90047,8.2004108 48.900490500000004)
1079	Steinmauern	Kirche	de:08216:33165:1:2	48.900641	8.200963	bus	MATCHED	n4256407757	3.1	1.0	Steinmauern Kirche	222	Steinmauern Elchesheimer Str.	Elchesheim Grüner Baum	LINESTRING(8.200963 48.900641,8.2009948 48.900659700000006)
1080	Steinmauern	Rathaus	de:08216:32012:1:1	48.900068	8.198834	bus	MATCHED	n3079045055	3.5	1.0	Steinmauern Rathaus	221,227	Steinmauern Gartenstraße	Steinmauern Gartenstraße	LINESTRING(8.198834 48.900068,8.198829700000001 48.900036400000005)
1081	Steinmauern	Rathaus	de:08216:32012:1:2	48.899755	8.198627	bus	MATCHED	n8764507474	4.2	1.0	Steinmauern Rathaus	221,227	Steinmauern Siedlung	Steinmauern Siedlung	LINESTRING(8.198627 48.899755,8.1986352 48.8997928)
1082	Steinmauern	Siedlung	de:08216:32011:1:1	48.898172	8.196525	bus	MATCHED	n4485332329	4.5	0.81	Steinmauern Siedlung	221,227	Steinmauern Rathaus	Steinmauern Rathaus	LINESTRING(8.196525 48.898172,8.1965857 48.898169)
1083	Steinmauern	Siedlung	de:08216:32011:1:2	48.898231	8.195914	bus	MATCHED	n465967293	0.6	0.91	Steinmauern Siedlung	221,227	Steinmauern Rathaus / Steinmauern Karl-Späth-Str.	Steinmauern Karl-Späth-Straße	LINESTRING(8.195914 48.898231,8.1959172 48.89823620000001)
1084	Steinmauern	Silberaustraße	de:08216:32010:0:1	48.89754	8.190318	bus	MATCHED	n4207805303	70.3	0.34	Steinmauern Silberaustraße	221	Steinmauern Siedlung / Steinmauern Siedlung	Steinmauern Rathaus / Ötigheim Rastatterstraße	LINESTRING(8.190318 48.89754,8.189738700000001 48.8980435)
1085	Weisenbach	Au im Murgtal	de:08216:32830:1:1	48.718814	8.362372	train	MATCHED	n19115056	14.8	1.0	Au im Murgtal	RB41,S8,S81	Langenbrand / Langenbrand / Langenbrand / Weisenbach	Langenbrand / Weisenbach	LINESTRING(8.362372 48.718814,8.3623141 48.718941300000004)
1086	Weisenbach	Katz-Werke (Ersatzhalt)	de:08216:31976:0:1	48.723964	8.358105		NO_MATCH_AND_SEEMS_UNSERVED								POINT(8.358105 48.723964)
1087	Weisenbach	Katz-Werke (Ersatzhalt)	de:08216:31976:0:2	48.723863	8.357306		NO_MATCH_AND_SEEMS_UNSERVED								POINT(8.357306 48.723863)
1088	Weisenbach	Kirchplatz	de:08216:31975:0:1	48.728651	8.354099	bus	MATCHED	n5144972729	4.4	0.72	Kirchplatz	255	Weisenbach Neudorf		LINESTRING(8.354099 48.728651,8.354051100000001 48.728627800000005)
1089	Weisenbach	Kirchplatz	de:08216:31975:0:2	48.728794	8.354296	bus	MATCHED	n11047013535	9.0	0.57	Kirchplatz	255	Gernsbach		LINESTRING(8.354296 48.728794,8.3544139 48.728772400000004)
1090	Weisenbach	Neudorf	de:08216:31974:0:1	48.719383	8.365013	bus	NO_MATCH					255	Weisenbach Kirchplatz		POINT(8.365013 48.719383)
1091	Weisenbach	Weisenbach	de:08216:34768:1:1	48.727063	8.355204	train	MATCHED	n25813098	21.0	1.0	Weisenbach	RB41,RE40,S8,S81	Hilpertsau / Hilpertsau / Gernsbach	Hilpertsau / Forbach (Schwarzwald) / Au im Murgtal	LINESTRING(8.355204 48.727063,8.355240100000001 48.727250100000006)
1092	Weisenbach	Weisenbach	de:08216:34768:1:2	48.727917	8.355446	train	MATCHED_THOUGH_REVERSED_DIR	n3112924511	74.6	1.0	Weisenbach	RB41,RE40,S8,S81	Forbach (Schwarzwald) / Au im Murgtal	Gernsbach / Hilpertsau	LINESTRING(8.355446 48.727917,8.3553539 48.72724830000001)
1093	Ötigheim	Brüchelwaldschule	de:08216:32833:1:1	48.886519	8.233069		MATCHED	n4256386310	24.9	0.23	Brüchelwald Schule				LINESTRING(8.233069 48.886519,8.232737700000001 48.8865673)
1094	Ötigheim	Fichtenstraße	de:08216:32151:0:1	48.893843	8.239375	bus	MATCHED	n4475660333	2.8	0.86	Ötigheim Fichtenstraße	221	Ötigheim Morgenstraße	Ötigheim Morgenstraße	LINESTRING(8.239375 48.893843,8.239342200000001 48.893830900000005)
1095	Ötigheim	Fichtenstraße	de:08216:32151:0:2	48.893542	8.239608	bus	MATCHED	n4509879260	10.3	0.68	Ötigheim Fichtenstraße	221	Rastatt	Rastatt SchlossGalerie	LINESTRING(8.239608 48.893542,8.239508500000001 48.8936069)
1096	Ötigheim	Milchhiesl	de:08216:32163:0:1	48.891062	8.232341		NO_MATCH_AND_SEEMS_UNSERVED								POINT(8.232341 48.891062)
1097	Ötigheim	Morgenstraße	de:08216:32154:0:1	48.893524	8.234281	bus	MATCHED	n4509872348	12.1	0.66	Ötigheim Morgenstraße	221	Ötigheim Rastatter Str.	Ötigheim Rathausstraße	LINESTRING(8.234281 48.893524,8.2344212 48.8935813)
1098	Ötigheim	Morgenstraße	de:08216:32154:0:2	48.893536	8.23456	bus	MATCHED	n4509872347	3.2	0.85	Ötigheim Morgenstraße	221	Ötigheim Fichtenstraße	Ötigheim Fichtenstraße	LINESTRING(8.23456 48.893536,8.234518000000001 48.893542800000006)
1099	Ötigheim	Rastatter Str.	de:08216:32068:1:1	48.887866	8.234138	bus	MATCHED	n4513139370	8.2	0.65	Ötigheim Rastatterstraße	221	Ötigheim Tell	Ötigheim Tell	LINESTRING(8.234138 48.887866,8.2340268 48.8878641)
1100	Ötigheim	Rastatter Str.	de:08216:32068:1:2	48.887961	8.233787	bus	NO_MATCH_BUT_OTHER_PLATFORM_MATCHED					221	Ötigheim Tell		POINT(8.233787 48.887961)
1101	Ötigheim	Rathausstraße	de:08216:32069:1:1	48.893241	8.231838	bus	MATCHED	n4509869557	3.0	0.86	Ötigheim Rathausstraße	221	Steinmauern Gartenstraße	Steinmauern Gartenstraße	LINESTRING(8.231838 48.893241,8.2318631 48.89322000000001)
1102	Ötigheim	Rathausstraße	de:08216:32069:1:2	48.893206	8.232027	bus	MATCHED	n4475683064	2.6	0.81	Ötigheim Rathausstr.	221	Ötigheim Rastatter Str.	Ötigheim Morgenstraße	LINESTRING(8.232027 48.893206,8.2320107 48.893227100000004)
1103	Ötigheim	Tell	de:08216:32070:1:1	48.890069	8.237219	bus	MATCHED	n4207801929	6.9	0.63	Ötigheim Tell	221	Ötigheim Morgenstraße	Rastatt Bahnhof / Steinmauern Karl-Späth-Straße	LINESTRING(8.237219 48.890069,8.2371417 48.890033700000004)
1104	Ötigheim	Tell	de:08216:32070:1:2	48.890069	8.236868	bus	NO_MATCH_BUT_OTHER_PLATFORM_MATCHED					221	Ötigheim Rathausstraße		POINT(8.236868 48.890069)
1105	Ötigheim	Ötigheim	de:08216:1821:1:1	48.888274	8.240255	train	MATCHED	n2578658492	39.5	1.0	Ötigheim	S7,S8	Rastatt / Rastatt / Rastatt	Rastatt	LINESTRING(8.240255 48.888274,8.2405018 48.8885902)
1106	Ötigheim	Ötigheim	de:08216:1821:2:2	48.888256	8.240318	train	MATCHED	n945493430	37.8	1.0	Ötigheim	S7,S8	Bietigheim (Baden)	Bietigheim	LINESTRING(8.240318 48.888256,8.2405512 48.8885597)
1107	Ötigheim	Ötigheim	de:08216:1821:2:3	48.888203	8.240426	trainish	MATCHED	n5223711993	37.4	1.0	Ötigheim				LINESTRING(8.240426 48.888203,8.2406614 48.888501000000005)
1108	Ötigheim	Ötigheim	de:08216:1821:3:4	48.888876	8.240273		NO_MATCH_AND_SEEMS_UNSERVED								POINT(8.240273 48.888876)
1109	Ötigheim	Ötigheim	de:08216:1821:4:11	48.888161	8.242546	bus	NO_MATCH_AND_SEEMS_UNSERVED								POINT(8.242546 48.888161)
1110	Ötigheim	Ötigheim	de:08216:1821:4:12	48.888173	8.242654	bus	MATCHED	n7335558468	185.6	1.0	Ötigheim				LINESTRING(8.242654 48.888173,8.240220800000001 48.888633500000005)
