	Ortsteil	Haltestelle	globaleID	lat	lon	mode	match_state	osm_id	distance	rating	osm_name	routes	official_direction	osm_direction	WKT
0	Aasbüttel	Feuerwehr	de:01061:524::1	54.067454	9.442107		NO_MATCH_AND_SEEMS_UNSERVED								POINT(9.442107 54.067454)
1	Aasbüttel	Feuerwehr	de:01061:524::2	54.067432	9.44223		MATCHED	n6304632443	15.1	0.3	Aasbüttel, Forstweg				LINESTRING(9.44223 54.067432,9.4422394 54.067567200000006)
2	Aasbüttel	Forstweg	de:01061:525::1	54.062678	9.433138		MATCHED	n9966643434	16.5	0.29	Aasbüttel, Feuerwehr				LINESTRING(9.433138 54.062678,9.4333601 54.0627477)
3	Aasbüttel	Forstweg	de:01061:525::2	54.062599	9.433219		NO_MATCH_AND_SEEMS_UNSERVED								POINT(9.433219 54.062599)
4	Aebtissinwisch	Dorfstraße	de:01061:103150::1	53.967561	9.288428	bus	MATCHED	n8014696886	6.9	0.56	Aebtissinwisch	6611	Ecklak Schötenweg	Ecklak, Schötenweg	LINESTRING(9.288428 53.967561,9.288480400000001 53.96761480000001)
5	Aebtissinwisch	Dorfstraße	de:01061:103150::2	53.967561	9.288428	bus	MATCHED	n8014696885	8.1	0.54	Aebtissinwisch	6611	Neuendorf-Sachsenbande Achterhörn (Nord)	Neuendorf-Sachsenbande, Achterhörn (Nord)	LINESTRING(9.288428 53.967561,9.2885468 53.967539900000006)
6	Agethorst	Burenbrook	de:01061:963::1	54.031654	9.448427		NO_MATCH_AND_SEEMS_UNSERVED								POINT(9.448427 54.031654)
7	Agethorst	Burenbrook	de:01061:963::2	54.031646	9.44832		MATCHED	n6561821017	33.0	0.23	Agethorst, Burenbrook				LINESTRING(9.44832 54.031646,9.4478291 54.0315809)
8	Agethorst	Dorfstraße (Nord)	de:01061:962::1	54.025036	9.434601		NO_MATCH_AND_SEEMS_UNSERVED								POINT(9.434601 54.025036)
9	Agethorst	Dorfstraße (Nord)	de:01061:962::2	54.024909	9.434709		NO_MATCH_AND_SEEMS_UNSERVED								POINT(9.434709 54.024909)
10	Agethorst	Dorfstraße 17	de:01061:964::1	54.019488	9.435766		MATCHED	n6561821020	2.6	0.74	Agethorst, Dorfstraße 17			Mehlbek, Mühlenweg	LINESTRING(9.435766 54.019488,9.4357425 54.019507000000004)
11	Agethorst	Dorfstraße 17	de:01061:964::2	54.019513	9.435828		NO_MATCH_AND_SEEMS_UNSERVED								POINT(9.435828 54.019513)
12	Altenmoor	Bullendorf 11	de:01061:2415::1	53.767256	9.619954		MATCHED	n1370916286	82.9	0.11	Altenmoor, Bullendorf 11				LINESTRING(9.619954 53.767256,9.6210657 53.7676038)
13	Altenmoor	Bullendorf 11	de:01061:2415::2	53.767712	9.621268		MATCHED	n1370916288	17.0	0.36	Altenmoor, Bullendorf 11				LINESTRING(9.621268 53.767712,9.6210246 53.767662300000005)
14	Altenmoor	Bullendorf 25	de:01061:2416::1	53.765203	9.612215		MATCHED	n1370916268	76.1	0.12	Altenmoor, Bullendorf 25				LINESTRING(9.612215 53.765203,9.611152 53.7649364)
15	Altenmoor	Bullendorf 25	de:01061:2416::2	53.76531	9.612233		MATCHED	n1370916273	75.2	0.12	Altenmoor, Bullendorf 25				LINESTRING(9.612233 53.76531,9.6111883 53.7650395)
16	Altenmoor	Feuerwehrhaus	de:01061:2414::1	53.765209	9.607587		MATCHED	n1370916261	126.4	0.08	Altenmoor, Feuerwehrhaus				LINESTRING(9.607587 53.765209,9.6087269 53.764295700000005)
17	Altenmoor	Feuerwehrhaus	de:01061:2414::2	53.765172	9.607738		MATCHED	n1370916275	2.8	0.75	Altenmoor, Feuerwehrhaus				LINESTRING(9.607738 53.765172,9.607780400000001 53.76517260000001)
18	Auufer	Dorfstraße	de:01061:3895::1	53.921475	9.703786		MATCHED_THOUGH_NAMES_DIFFER	n11774080461	19.2	0.14	Auufer				LINESTRING(9.703786 53.921475,9.7040773 53.9214934)
19	Auufer	Dorfstraße	de:01061:3895::2	53.921632	9.704084		MATCHED_THOUGH_NAMES_DIFFER	n4235878879	9.9	0.2	Auufer				LINESTRING(9.704084 53.921632,9.7041147 53.9215445)
20	Bahrenfleth	Am Bummel	de:01061:106126::1	53.87521	9.450868		MATCHED	n11230826337	21.5	0.32	Bahrenfleth, Am Bummel				LINESTRING(9.450868 53.87521,9.4505429 53.8751917)
21	Bahrenfleth	Am Bummel	de:01061:106126::2	53.875157	9.451196		NO_MATCH_AND_SEEMS_UNSERVED								POINT(9.451196 53.875157)
22	Bahrenfleth	Brokreihe (Mitte)	de:01061:106127::1	53.875877	9.460893		MATCHED	n6556216401	2.8	0.75	Bahrenfleth, Brokreihe (Mitte)				LINESTRING(9.460893 53.875877,9.4608498 53.8758752)
23	Bahrenfleth	Brokreihe (Mitte)	de:01061:106127::2	53.875801	9.460806		MATCHED	n6556216400	2.6	0.76	Bahrenfleth, Brokreihe (Mitte)				LINESTRING(9.460806 53.875801,9.4608433 53.875809800000006)
24	Bahrenfleth	Fritz-Höger-Straße	de:01061:106128::1	53.863795	9.430803		NO_MATCH_AND_SEEMS_UNSERVED								POINT(9.430803 53.863795)
25	Bahrenfleth	Fritz-Höger-Straße	de:01061:106128::2	53.863682	9.430789		NO_MATCH_AND_SEEMS_UNSERVED								POINT(9.430789 53.863682)
26	Bahrenfleth	Groß Wisch 18	de:01061:106131::1	53.861173	9.455732		NO_MATCH_AND_SEEMS_UNSERVED								POINT(9.455732 53.861173)
27	Bahrenfleth	Kirche	de:01061:106130::1	53.864346	9.428995		MATCHED	n6556216403	21.4	0.18	Neuenkirchen, Kirche				LINESTRING(9.428995 53.864346,9.429306500000001 53.8644005)
28	Bahrenfleth	Kirche	de:01061:106130::2	53.864205	9.428482		NO_MATCH_AND_SEEMS_UNSERVED								POINT(9.428482 53.864205)
29	Bahrenfleth	Klein Bahrenfleth 7	de:01061:106432::1	53.871432	9.43987		MATCHED	n11230826339	48.6	0.17	Bahrenfleth, Klein Bahrenfleth 7				LINESTRING(9.43987 53.871432,9.4398058 53.8709969)
30	Bahrenfleth	Klein Bahrenfleth 7	de:01061:106432::2	53.871858	9.440042		NO_MATCH_AND_SEEMS_UNSERVED								POINT(9.440042 53.871858)
31	Bahrenfleth	Klein Wisch 7	de:01061:106129::1	53.858	9.446368		NO_MATCH_AND_SEEMS_UNSERVED								POINT(9.446368 53.858)
32	Bahrenfleth	Kuhdamm	de:01061:106132::1	53.873894	9.439832		NO_MATCH_AND_SEEMS_UNSERVED								POINT(9.439832 53.873894)
33	Bahrenfleth	Kuhdamm	de:01061:106132::2	53.873956	9.440041		NO_MATCH_AND_SEEMS_UNSERVED								POINT(9.440041 53.873956)
34	Bahrenfleth	Störfähre	de:01061:9090803::1	53.878178	9.420561		MATCHED_THOUGH_OSM_NO_NAME	n268513355	31.5	0.08					LINESTRING(9.420561 53.878178,9.420101800000001 53.8780963)
35	Beidenfleth	Dammfleth Neumühlen 11	de:01061:18914::1	53.878727	9.377549	bus	NO_MATCH_BUT_OTHER_PLATFORM_MATCHED					6624	Beidenfleth Fockendorf		POINT(9.377549 53.878727)
36	Beidenfleth	Dammfleth Neumühlen 11	de:01061:18914::2	53.878727	9.377549	bus	MATCHED	n5074493251	6.1	0.76	Dammfleth, Neumühlen 11	6624	Beidenfleth Dodenkopp (Mitte)	Beidenfleth, Dodenkopp (Mitte)	LINESTRING(9.377549 53.878727,9.3775299 53.8786731)
37	Beidenfleth	Dodenkopp (Mitte)	de:01061:7978::1	53.869067	9.37404	bus	NO_MATCH_BUT_OTHER_PLATFORM_MATCHED					6624	Dammfleth Neumühlen 11		POINT(9.37404 53.869067)
38	Beidenfleth	Dodenkopp (Mitte)	de:01061:7978::2	53.869067	9.37404	bus	MATCHED	n5074526076	10.6	0.68	Beidenfleth, Dodenkopp (Mitte)	6624	Wewelsfleth Beesen	Wewelsfleth Beesen	LINESTRING(9.37404 53.869067,9.374119400000001 53.869149500000006)
39	Beidenfleth	Fockendorf	de:01061:7980::1	53.885649	9.388707	bus	MATCHED	n9377766923	19.1	0.57	Beidenfleth, Fockendorf	6620,6624	Dammfleth Neumühlen 11 / Beidenfleth Riep (Nord)	Wewelsfleth Rosskopp / Beidenfleth, Riep (Nord)	LINESTRING(9.388707 53.885649,9.388876900000001 53.885510000000004)
40	Beidenfleth	Fockendorf	de:01061:7980::2	53.885343	9.389497	bus	MATCHED	n9377766922	14.0	0.63	Beidenfleth, Fockendorf	6620,6624	Dammfleth Klein Kampen	Dammfleth, Klein Kampen	LINESTRING(9.389497 53.885343,9.389369 53.8854436)
41	Beidenfleth	Großkampen (Nord)	de:01061:7982::1	53.903693	9.421777	bus	NO_MATCH					6621	Beidenfleth Klein Kampen		POINT(9.421777 53.903693)
42	Beidenfleth	Großkampen (Nord)	de:01061:7982::2	53.903693	9.421777	bus	NO_MATCH					6621	Beidenfleth Großkampen (Süd)		POINT(9.421777 53.903693)
43	Beidenfleth	Großkampen (Süd)	de:01061:7981::1	53.883723	9.413559	bus	NO_MATCH					6621	Beidenfleth Großkampen (Nord)		POINT(9.413559 53.883723)
44	Beidenfleth	Großkampen (Süd)	de:01061:7981::2	53.883723	9.413559	bus	NO_MATCH					6621	Beidenfleth Kirchweg		POINT(9.413559 53.883723)
45	Beidenfleth	Kirchweg	de:01061:7985::1	53.877232	9.415389	bus	MATCHED	n5074580935	5.4	0.68	Beidenfleth, Kirchweg	6620,6621	Beidenfleth Riep (Nord) / Beidenfleth Uhrendorf 28 / Beidenfleth Riep (Nord) / Beidenfleth Großkampen (Süd)	Wilster, Colosseum / Wewelsfleth, Fielweg (Ost) / Beidenfleth, Uhrendorf 28 / Wewelsfleth, Hollerwettern 7	LINESTRING(9.415389 53.877232,9.4153064 53.87723020000001)
46	Beidenfleth	Klein Kampen	de:01061:18911::1	53.897621	9.399741	bus	NO_MATCH_BUT_OTHER_PLATFORM_MATCHED					6621,6624	Wilster Allee / Wilster Kasenort 6		POINT(9.399741 53.897621)
47	Beidenfleth	Klein Kampen	de:01061:18911::2	53.897621	9.399741	bus	MATCHED	n3127513926	4.2	0.82	Beidenfleth, Klein Kampen	6621,6624	Dammfleth Klein Kampen / Beidenfleth Großkampen (Nord)	Dammfleth, Klein Kampen	LINESTRING(9.399741 53.897621,9.3998038 53.8976163)
48	Beidenfleth	Riep (Nord)	de:01061:7977::1	53.880117	9.399889	bus	MATCHED	n1589797269	1.6	0.9	Beidenfleth, Riep (Nord)	6620,6621	Beidenfleth Kirchweg	Beidenfleth, Kirchweg	LINESTRING(9.399889 53.880117,9.399873900000001 53.880105400000005)
49	Beidenfleth	Riep (Nord)	de:01061:7977::2	53.880281	9.399116	bus	NO_MATCH_BUT_OTHER_PLATFORM_MATCHED					6621	Beidenfleth Riep (Süd)		POINT(9.399116 53.880281)
50	Beidenfleth	Riep (Nord)	de:01061:7977::3	53.880347	9.399135	bus	MATCHED	n1589797270	19.3	0.57	Beidenfleth, Riep (Nord)	6620	Beidenfleth Fockendorf	Beidenfleth, Fockendorf	LINESTRING(9.399135 53.880347,9.398950600000001 53.8804821)
51	Beidenfleth	Riep (Süd)	de:01061:7983::1	53.869287	9.400672	bus	MATCHED	n5074580933	2.8	0.79	Beidenfleth, Riep (Süd)	6621	Beidenfleth Riep (Nord)	Beidenfleth, Riep (Nord) / Wewelsfleth, Fielweg (West)	LINESTRING(9.400672 53.869287,9.4006323 53.8692952)
52	Beidenfleth	Riep (Süd)	de:01061:7983::2	53.869287	9.400672	bus	NO_MATCH_BUT_OTHER_PLATFORM_MATCHED					6621	Wewelsfleth Fielweg (West)		POINT(9.400672 53.869287)
53	Beidenfleth	Uhrendorf 28	de:01061:7984::1	53.858684	9.417529	bus	MATCHED	n1589679929	17.5	0.42	Beidenfleth, Uhrendorf 28	6620	Wewelsfleth Fielweg (Ost) / Beidenfleth Kirchweg	Wewelsfleth, Fielweg (Ost)	LINESTRING(9.417529 53.858684,9.4177455 53.8585933)
54	Bekdorf	Bekdorf	de:01061:8028::1	53.937104	9.424171	bus	MATCHED	n6668112721	0.7	0.91	Bekdorf	6610	Krummendiek	Itzehoe Papenkamp	LINESTRING(9.424171 53.937104,9.4241667 53.937109400000004)
55	Bekdorf	Bekdorf	de:01061:8028::2	53.938097	9.42392	bus	MATCHED_THOUGH_REVERSED_DIR	n6668112720	3.2	0.7	Bekdorf	6610	Bekmünde Hauptstraße 26	Kleve, Hauptstraße (Süd)	LINESTRING(9.42392 53.938097,9.423968200000001 53.938097000000006)
56	Bekmünde	Hauptstraße 26	de:01061:8033::1	53.930592	9.431339	bus	NO_MATCH_BUT_OTHER_PLATFORM_MATCHED					6610	Heiligenstedten Wiesengrund		POINT(9.431339 53.930592)
57	Bekmünde	Hauptstraße 26	de:01061:8033::2	53.93068	9.431296	bus	MATCHED	n7952740218	5.2	0.78	Bekmünde, Hauptstraße 26	6610,6624	Stördorf Honigflether Weg / Bekdorf	Wilster, Johann-Meyer-Straße / Bekdorf	LINESTRING(9.431296 53.93068,9.4312289 53.93070470000001)
58	Besdorf	Autobahnauffahrt	de:01061:96218::1	54.062017	9.363734		NO_MATCH_AND_SEEMS_UNSERVED								POINT(9.363734 54.062017)
59	Besdorf	Autobahnauffahrt	de:01061:96218::2	54.061938	9.363898		NO_MATCH_AND_SEEMS_UNSERVED								POINT(9.363898 54.061938)
60	Besdorf	Bokelrehmer Straße	de:01061:9047::1	54.050203	9.360115		NO_MATCH_AND_SEEMS_UNSERVED								POINT(9.360115 54.050203)
61	Besdorf	Bokelrehmer Straße	de:01061:9047::2	54.050194	9.360276		MATCHED	n6668190681	5.9	0.61	Besdorf, Bokelrehmer Straße				LINESTRING(9.360276 54.050194,9.3603422 54.0501578)
62	Besdorf	Bokelrehmer Straße	de:01061:9047::3	54.050112	9.360392		MATCHED	n6668190682	12.2	0.44	Besdorf, Bokelrehmer Straße			Holstenniendorf	LINESTRING(9.360392 54.050112,9.3604883 54.050206)
63	Blomesche Wildnis	Am Neuendeich 156	de:01061:10914::1	53.803894	9.410499		NO_MATCH_AND_SEEMS_UNSERVED								POINT(9.410499 53.803894)
64	Blomesche Wildnis	Am Neuendeich 156	de:01061:10914::2	53.804086	9.410238		NO_MATCH_AND_SEEMS_UNSERVED								POINT(9.410238 53.804086)
65	Blomesche Wildnis	Am Neuendeich 177	de:01061:10912::1	53.813958	9.399253		MATCHED	n1351570760	78.5	0.11	Blomesche Wildnis, Am Neuendeich 177			Blomesche Wildnis, Am Neuendeich 190	LINESTRING(9.399253 53.813958,9.3986363 53.814562)
66	Blomesche Wildnis	Am Neuendeich 177	de:01061:10912::2	53.814467	9.398621		MATCHED	n1351570756	9.7	0.48	Blomesche Wildnis, Am Neuendeich 177			Blomesche Wildnis, Am Neuendeich 170	LINESTRING(9.398621 53.814467,9.3985401 53.814540400000006)
67	Blomesche Wildnis	Am Neuendeich 190	de:01061:10911::1	53.821326	9.402712		MATCHED	n1351570835	47.4	0.17	Blomesche Wildnis, Am Neuendeich 190			Borsfleth, Jachthafen	LINESTRING(9.402712 53.821326,9.402317 53.8209699)
68	Blomesche Wildnis	Am Neuendeich 190	de:01061:10911::2	53.821004	9.402196		MATCHED	n1351570846	1.1	0.84	Blomesche Wildnis, Am Neuendeich 190			Blomesche Wildnis, Am Neuendeich 177	LINESTRING(9.402196 53.821004,9.4021951 53.8209937)
69	Blomesche Wildnis	An der Chaussee 63	de:01061:10910::1	53.80415	9.447781		MATCHED	n1348390120	78.3	0.11	Blomesche Wildnis, An der Chaussee 63			Glückstadt, Wiebeke-Kruse-Straße	LINESTRING(9.447781 53.80415,9.4467605 53.8037885)
70	Blomesche Wildnis	An der Chaussee 63	de:01061:10910::2	53.804228	9.447715		MATCHED	n1348390106	115.7	0.08	Blomesche Wildnis, An der Chaussee 63			Borsfleth, Borsflether Mühle / Wewelsfleth, Deichreihe	LINESTRING(9.447715 53.804228,9.446422700000001 53.803524)
71	Blomesche Wildnis	Borsfleth Jachthafen	de:01061:12273::1	53.824722	9.409776		MATCHED	n1351570885	6.3	0.6	Borsfleth, Jachthafen			Blomesche Wildnis, Am Neuendeich 190 / Wewelsfleth, Deichreihe	LINESTRING(9.409776 53.824722,9.409681 53.8247146)
72	Blomesche Wildnis	Borsfleth Jachthafen	de:01061:12273::2	53.824635	9.409764		MATCHED	n1351570873	14.1	0.41	Borsfleth, Jachthafen			Borsfleth, Büttel 1	LINESTRING(9.409764 53.824635,9.4095998 53.824553800000004)
73	Blomesche Wildnis	Neuendeich/Spritzenhaus	de:01061:10913::1	53.809735	9.40378		MATCHED	n1351570739	20.3	0.19	Blomesche Wildnis, Am Neuendeich 170			Blomesche Wildnis, Am Neuendeich 156	LINESTRING(9.40378 53.809735,9.4039961 53.809604900000004)
74	Blomesche Wildnis	Neuendeich/Spritzenhaus	de:01061:10913::2	53.809819	9.403836		MATCHED	n1351570751	11.0	0.27	Blomesche Wildnis, Am Neuendeich 170			Blomesche Wildnis, Am Neuendeich 177	LINESTRING(9.403836 53.809819,9.4039702 53.8097597)
75	Blomesche Wildnis	Weißer Bär	de:01061:10915::1	53.808933	9.45791		NO_MATCH_AND_SEEMS_UNSERVED								POINT(9.45791 53.808933)
76	Blomesche Wildnis	Weißer Bär	de:01061:10915::2	53.808933	9.45791		NO_MATCH_AND_SEEMS_UNSERVED								POINT(9.45791 53.808933)
77	Bokelrehm	Mitte	de:01061:9027::1	54.042962	9.430175		NO_MATCH_AND_SEEMS_UNSERVED								POINT(9.430175 54.042962)
78	Bokhorst	Dorfstraße 88	de:01061:11350::1	54.06153	9.381788		MATCHED	n3804564534	27.1	0.26	Bokhorst, Dorfstraße 88				LINESTRING(9.381788 54.06153,9.381376900000001 54.0615565)
79	Bokhorst	Dorfstraße 88	de:01061:11350::2	54.06155	9.381906		MATCHED	n3804564536	33.4	0.23	Bokhorst, Dorfstraße 88				LINESTRING(9.381906 54.06155,9.3814157 54.061634600000005)
80	Bokhorst	Lohmühler Weg	de:01061:11351::1	54.058572	9.400328		MATCHED	n7900778816	5.1	0.64	Bokhorst, Lohmühler Weg				LINESTRING(9.400328 54.058572,9.4002883 54.0585322)
81	Bokhorst	Trenthopsweg	de:01061:11352::1	54.054315	9.425349		MATCHED	n3804552365	7.8	0.55	Bokhorst, Trenthoopsweg				LINESTRING(9.425349 54.054315,9.4252318 54.054303600000004)
82	Borsfleth	Borsflether Mühle	de:01061:12271::1	53.820835	9.447525		MATCHED	n1351570829	7.7	0.55	Borsfleth, Borsflether Mühle			Borsfleth, Grüner Weg	LINESTRING(9.447525 53.820835,9.447589500000001 53.820892300000004)
83	Borsfleth	Borsflether Mühle	de:01061:12271::2	53.820652	9.447375		NO_MATCH_AND_SEEMS_UNSERVED								POINT(9.447375 53.820652)
84	Borsfleth	Borsflether Mühle	de:01061:12271::3	53.820841	9.448576		MATCHED	n1351570805	54.1	0.16	Borsfleth, Borsflether Mühle				LINESTRING(9.448576 53.820841,9.448554600000001 53.820355000000006)
85	Borsfleth	Büttel 1	de:01061:12269::1	53.82807	9.416927		MATCHED	n1351570942	87.9	0.1	Borsfleth, Büttel 1			Borsfleth, Jachthafen	LINESTRING(9.416927 53.82807,9.418197900000001 53.8283124)
86	Borsfleth	Büttel 1	de:01061:12269::2	53.828073	9.417299		MATCHED	n1351570939	62.9	0.14	Borsfleth, Büttel 1			Borsfleth, Dorfstraße	LINESTRING(9.417299 53.828073,9.4182199 53.8282247)
87	Borsfleth	Dorfstraße	de:01061:12272::1	53.826729	9.427539		MATCHED	n1351570920	22.1	0.31	Borsfleth, Dorfstraße			Borsfleth, Büttel 1	LINESTRING(9.427539 53.826729,9.4275891 53.826532500000006)
88	Borsfleth	Dorfstraße	de:01061:12272::2	53.827237	9.427107		MATCHED	n1351570929	24.3	0.29	Borsfleth, Dorfstraße			Borsfleth, Grüner Weg	LINESTRING(9.427107 53.827237,9.426914400000001 53.8274234)
89	Borsfleth	Grüner Weg	de:01061:12270::1	53.820208	9.43623		MATCHED	n1351570798	28.8	0.26	Borsfleth, Grüner Weg			Borsfleth, Dorfstraße	LINESTRING(9.43623 53.820208,9.436634900000001 53.820109300000006)
90	Borsfleth	Grüner Weg	de:01061:12270::2	53.820184	9.435938		MATCHED	n1351570801	1.2	0.85	Borsfleth, Grüner Weg			Borsfleth, Borsflether Mühle	LINESTRING(9.435938 53.820184,9.4359421 53.820173200000006)
91	Borsfleth	Ivenflether Weg	de:01061:9099059::1	53.820041	9.412356		NO_MATCH_AND_SEEMS_UNSERVED								POINT(9.412356 53.820041)
92	Borsfleth	Ivenflether Weg	de:01061:9099059::2	53.82001	9.412227		NO_MATCH_AND_SEEMS_UNSERVED								POINT(9.412227 53.82001)
93	Breitenberg	Moordiek	de:01061:13587::1	53.924025	9.65517		MATCHED	n5058676434	2.8	0.75	Breitenberg, Moordiek			Breitenberg, Feuerwehr	LINESTRING(9.65517 53.924025,9.6551489 53.9240033)
94	Breitenberg	Moordiek	de:01061:13587::2	53.923985	9.655078		NO_MATCH_AND_SEEMS_UNSERVED								POINT(9.655078 53.923985)
95	Breitenberg	Sportplatz	de:01061:13586::1	53.91834	9.643532		MATCHED	n4919782985	18.8	0.17	Breitenberg, Feuerwehr			Wittenbergen, Mühlenstraße 34	LINESTRING(9.643532 53.91834,9.6438138 53.918370800000005)
96	Breitenberg	Sportplatz	de:01061:13586::2	53.918286	9.643417		MATCHED	n4919782986	2.9	0.36	Breitenberg, Feuerwehr			Westermoor, Rechstieg	LINESTRING(9.643417 53.918286,9.643395400000001 53.9182634)
97	Breitenburg	Am Schloss	de:01061:13590::1	53.906044	9.571613		MATCHED	n717646595	6.6	0.58	Breitenburg, Am Schloss			Kronsmoor, Alte Landstraße 10	LINESTRING(9.571613 53.906044,9.5715144 53.9060306)
98	Breitenburg	Am Schloss	de:01061:13590::2	53.905928	9.571574		MATCHED	n1362372722	8.9	0.52	Breitenburg, Am Schloss			Oelixdorf, Charlottenhöhe	LINESTRING(9.571574 53.905928,9.571680500000001 53.905977400000005)
99	Breitenburg	Birkenweg	de:01061:13591::1	53.901303	9.510277		MATCHED	n1621895565	5.6	0.62	Breitenburg, Birkenweg			Dägeling, Heideweg	LINESTRING(9.510277 53.901303,9.510199400000001 53.901324800000005)
100	Breitenburg	Birkenweg	de:01061:13591::2	53.901451	9.510344		MATCHED	n1621895570	46.0	0.18	Breitenburg, Birkenweg			Bahnhof Itzehoe (Viktoriastraße)	LINESTRING(9.510344 53.901451,9.5102205 53.9018583)
101	Breitenburg	Elmshorner Straße	de:01061:106368::1	53.906117	9.507266		MATCHED	n1379024952	0.6	0.9	Breitenburg, Elmshorner Straße				LINESTRING(9.507266 53.906117,9.5072711 53.9061219)
102	Breitenburg	Elmshorner Straße	de:01061:106368::2	53.906069	9.507359		MATCHED	n1379024950	3.2	0.73	Breitenburg, Elmshorner Straße				LINESTRING(9.507359 53.906069,9.5073972 53.906051700000006)
103	Breitenburg	Itzehoe Kremper Weg (Süd)	de:01061:106385::1	53.902743	9.496041		MATCHED	n1379024937	9.8	0.24	Kremper Weg Süd				LINESTRING(9.496041 53.902743,9.496070300000001 53.9026562)
104	Breitenburg	Itzehoe Kremper Weg (Süd)	de:01061:106385::2	53.902577	9.495901		MATCHED	n1379024940	77.0	0.06	Kremper Weg Süd				LINESTRING(9.495901 53.902577,9.4966355 53.903116600000004)
105	Breitenburg	Mittelweg	de:01061:106369::1	53.905088	9.503379		MATCHED	n1379024946	45.5	0.18	Breitenburg, Mittelweg				LINESTRING(9.503379 53.905088,9.504046500000001 53.9051965)
106	Breitenburg	Mittelweg	de:01061:106369::2	53.905078	9.503579		MATCHED	n1379024945	16.0	0.38	Breitenburg, Mittelweg				LINESTRING(9.503579 53.905078,9.5037299 53.905191300000006)
107	Brokdorf	Am Teich	de:01061:15139::1	53.862221	9.324867	bus	MATCHED	n5783035021	1.9	0.89	Brokdorf, Am Teich	6620,6622	Brokdorf An der Wettern / Brokdorf An der Wettern	Brokdorf, An der Wettern	LINESTRING(9.324867 53.862221,9.3248437 53.8622305)
108	Brokdorf	Am Teich	de:01061:15139::2	53.862147	9.324141	bus	MATCHED	n5783035022	4.8	0.8	Brokdorf, Am Teich	6620,6622	Brokdorf Friedhof	Brokdorf, Friedhof	LINESTRING(9.324141 53.862147,9.3242107 53.86213480000001)
109	Brokdorf	An der Wettern	de:01061:15143::1	53.865601	9.317131	bus	MATCHED	n5783035014	7.0	0.75	Brokdorf, An der Wettern	6622	Brokdorf Arentsee 20	Brokdorf, Arentsee 20	LINESTRING(9.317131 53.865601,9.3170788 53.865655700000005)
110	Brokdorf	An der Wettern	de:01061:15143::2	53.86529	9.317143	bus	MATCHED	n5074472350	8.1	0.6	Brokdorf, An der Wettern	6620,6622	Brokdorf Am Teich	Dammfleth, Poßfeld / Brokdorf, Friedhof	LINESTRING(9.317143 53.86529,9.3171598 53.8652177)
111	Brokdorf	Arentsee 20	de:01061:15132::1	53.870912	9.303063	bus	MATCHED_THOUGH_DISTANT	n5783035013	230.1	0.2	Brokdorf, Arentsee 20	6622	Brokdorf Arentsee 28	Brokdorf, Arentsee 28	LINESTRING(9.303063 53.870912,9.3001032 53.8720155)
112	Brokdorf	Arentsee 20	de:01061:15132::2	53.870912	9.303063	bus	MATCHED_THOUGH_DISTANT	n5077971802	230.4	0.2	Brokdorf, Arentsee 20	6622,6623	Brokdorf Dörferdeich (Nord) / Brokdorf An der Wettern	Brokdorf, An der Wettern	LINESTRING(9.303063 53.870912,9.3000108 53.8719297)
113	Brokdorf	Arentsee 28	de:01061:15134::1	53.875707	9.286579	bus	MATCHED	n5077971801	54.6	0.38	Brokdorf, Arentsee 28	6622,6623	Brokdorf Arentsee 20	Brokdorf, Arentsee 20	LINESTRING(9.286579 53.875707,9.2858047 53.875885100000005)
114	Brokdorf	Arentsee 28	de:01061:15134::2	53.875707	9.286579	bus	MATCHED	n5783035012	36.4	0.45	Brokdorf, Arentsee 28	6622	St. Margarethen Heideducht 32	St. Margarethen, Schule	LINESTRING(9.286579 53.875707,9.286149 53.8759134)
115	Brokdorf	Dörferdeich (Nord)	de:01061:15133::1	53.87731	9.32121	bus	MATCHED	n10023019735	11.0	0.53	Brokdorf, Dörferdeich (Nord)	6622	Brokdorf Siethwende (Süd) / Brokdorf Siethwende (Mitte)	Brokdorf, Siethwende (Mitte)	LINESTRING(9.32121 53.87731,9.3213722 53.8773326)
116	Brokdorf	Dörferdeich (Nord)	de:01061:15133::2	53.877192	9.321316	bus	MATCHED	n5077971807	17.9	0.58	Brokdorf, Dörferdeich (Nord)	6623	Brokdorf Siethwende (Süd)	Brokdorf, Siethwende (Süd)	LINESTRING(9.321316 53.877192,9.3215506 53.877273300000006)
117	Brokdorf	Friedhof	de:01061:15137::1	53.861467	9.330528	bus	MATCHED_THOUGH_REVERSED_DIR	n10290297212	9.2	0.46	Brokdorf, Friedhof	6620,6622	Brokdorf Am Teich	Brokdorf, Osterende 33 / Dammfleth, Feuerwehr	LINESTRING(9.330528 53.861467,9.3304141 53.86151460000001)
118	Brokdorf	Friedhof	de:01061:15137::2	53.861713	9.32992	bus	MATCHED_THOUGH_REVERSED_DIR	n5074472348	14.4	0.35	Brokdorf, Friedhof	6620,6622	Brokdorf Osterende 12 / Brokdorf Siethwende (Süd) / Brokdorf Kernkraftwerk / Brokdorf Peuser (West)	Brokdorf, An der Wettern / Brokdorf, Am Teich	LINESTRING(9.32992 53.861713,9.329726 53.861773400000004)
119	Brokdorf	Kernkraftwerk	de:01061:15136::1	53.853974	9.350965	bus	MATCHED	n10290327617	14.3	0.47	Brokdorf, Kernkraftwerk	6620,6621,6622,6624	Wewelsfleth Hollerwettern 30A / Brokdorf Friedhof / Brokdorf Osterende 33		LINESTRING(9.350965 53.853974,9.351174400000001 53.854009000000005)
120	Brokdorf	Kernkraftwerk	de:01061:15136::2	53.853974	9.350965	bus	MATCHED	n10290327618	13.2	0.49	Brokdorf, Kernkraftwerk	6620,6621,6622	Wewelsfleth Großwisch (West) / Wewelsfleth Großwisch (West)		LINESTRING(9.350965 53.853974,9.3510671 53.8538714)
121	Brokdorf	Kirche	de:01061:15135::1	53.861188	9.328874		MATCHED	n5077971803	9.5	0.41	Brokdorf Hinter der Kirche				LINESTRING(9.328874 53.861188,9.3290156 53.8611725)
122	Brokdorf	Kirche	de:01061:15135::2	53.861168	9.328766		NO_MATCH_AND_SEEMS_UNSERVED								POINT(9.328766 53.861168)
123	Brokdorf	Landscheide	de:01061:15147::1	53.87391	9.346249	bus	MATCHED	n9633532312	16.1	0.6	Brokdorf, Landscheide	6620,6623	Dammfleth Rotenmeer 13	Dammfleth, Rotenmeer 13	LINESTRING(9.346249 53.87391,9.346287 53.8740534)
124	Brokdorf	Landscheide	de:01061:15147::2	53.873915	9.346137	bus	NO_MATCH_BUT_OTHER_PLATFORM_MATCHED					6620	Brokdorf Peuser (West)		POINT(9.346137 53.873915)
125	Brokdorf	Osterende 12	de:01061:15140::1	53.856629	9.335564	bus	MATCHED	n5077971804	10.1	0.54	Brokdorf, Osterende 12	6622	Brokdorf Friedhof	Brokdorf, Osterende 33 / Brokdorf, Friedhof	LINESTRING(9.335564 53.856629,9.335614000000001 53.8565436)
126	Brokdorf	Osterende 12	de:01061:15140::2	53.856376	9.335657	bus	NO_MATCH_BUT_OTHER_PLATFORM_MATCHED					6622	Brokdorf Osterende 33		POINT(9.335657 53.856376)
127	Brokdorf	Osterende 33	de:01061:15141::1	53.848329	9.344969	bus	MATCHED	n5783035023	103.3	0.13	Brokdorf, Osterende 33	6622	Brokdorf Siethwende (Süd) / Brokdorf Kernkraftwerk	Wewelsfleth, Hollerwettern 30a	LINESTRING(9.344969 53.848329,9.345587400000001 53.8474756)
128	Brokdorf	Osterende 33	de:01061:15141::2	53.848533	9.344419	bus	MATCHED	n5077971805	14.2	0.46	Brokdorf, Osterende 33	6622	Brokdorf Osterende 12	Brokdorf, Friedhof	LINESTRING(9.344419 53.848533,9.3446175 53.848483800000004)
129	Brokdorf	Peuser (Mitte)	de:01061:15142::1	53.868203	9.347617	bus	NO_MATCH					6622	Wewelsfleth Beesen		POINT(9.347617 53.868203)
130	Brokdorf	Peuser (Mitte)	de:01061:15142::2	53.868203	9.347617	bus	NO_MATCH					6622	Brokdorf Peuser (West)		POINT(9.347617 53.868203)
131	Brokdorf	Peuser (West)	de:01061:73554::1	53.869385	9.342841	bus	NO_MATCH					6622	Brokdorf Peuser (Mitte)		POINT(9.342841 53.869385)
132	Brokdorf	Peuser (West)	de:01061:73554::2	53.869421	9.342958	bus	NO_MATCH					6622,6623	Brokdorf Siethwende (Süd) / Brokdorf Landscheide		POINT(9.342958 53.869421)
133	Brokdorf	Peuser (West)	de:01061:73554::3	53.869691	9.342641	bus	NO_MATCH					6620	Brokdorf Landscheide		POINT(9.342641 53.869691)
134	Brokdorf	Peuser (West)	de:01061:73554::4	53.869674	9.342458	bus	NO_MATCH					6620	Brokdorf An der Wettern		POINT(9.342458 53.869674)
135	Brokdorf	Siethwende (Mitte)	de:01061:15138::1	53.878706	9.309706	bus	MATCHED	n5077971808	0.9	0.9	Brokdorf, Siethwende (Mitte)	6622	Brokdorf Dörferdeich (Nord) / Brokdorf Siethwende (Nord)	Brokdorf, Dörferdeich (Nord) / Brokdorf, Siethwende (Nord)	LINESTRING(9.309706 53.878706,9.3096951 53.8787102)
136	Brokdorf	Siethwende (Süd)	de:01061:73555::1	53.871509	9.338717	bus	MATCHED	n322028261	10.6	0.68	Brokdorf, Siethwende (Süd)	6622,6623	Brokdorf Peuser (West) / Brokdorf Peuser (West)	Brokdorf, Friedhof	LINESTRING(9.338717 53.871509,9.3388153 53.871433200000006)
137	Brokdorf	Siethwende (Süd)	de:01061:73555::2	53.871509	9.338717	bus	MATCHED_THOUGH_OSM_NO_NAME	n12479596151	104.5	0.05		6622	Brokdorf Dörferdeich (Nord)		LINESTRING(9.338717 53.871509,9.3389181 53.8705773)
138	Brokdorf	Wiesengrund	de:01061:99194::1	53.862459	9.333334		NO_MATCH_AND_SEEMS_UNSERVED								POINT(9.333334 53.862459)
139	Brokdorf	Wiesengrund	de:01061:99194::2	53.862394	9.333255		NO_MATCH_AND_SEEMS_UNSERVED								POINT(9.333255 53.862394)
140	Brokstedt	Bahnhof	de:01061:15149::1	53.989126	9.823808	bus	MATCHED	n1755930229	6.7	0.64	Brokstedt, Bahnhof	7506	Neumünster Bahnhof(Kaiserstraße) / Armstedt, Dorfstraße		LINESTRING(9.823808 53.989126,9.823822 53.9890662)
141	Brokstedt	Bahnhof	de:01061:15149::2	53.989237	9.823851	bus	MATCHED	n1755930218	7.6	0.61	Brokstedt, Bahnhof	7506	Wrist Bahnhof / Brokstedt Schule		LINESTRING(9.823851 53.989237,9.8237799 53.989291)
142	Brokstedt	Bahnhof	de:01061:15149::3	53.989817	9.822606		NO_MATCH_AND_SEEMS_UNSERVED								POINT(9.822606 53.989817)
143	Brokstedt	Bahnhof	de:01061:15149::4	53.990023	9.822286		NO_MATCH_AND_SEEMS_UNSERVED								POINT(9.822286 53.990023)
144	Brokstedt	Bahnhof	de:01061:15149::5	53.989923	9.822642		NO_MATCH_AND_SEEMS_UNSERVED								POINT(9.822642 53.989923)
145	Brokstedt	Bahnhof	de:01061:15149::SEV	53.989982	9.822288		NO_MATCH_AND_SEEMS_UNSERVED								POINT(9.822288 53.989982)
146	Brokstedt	Bahnhof (Kirchenstraße)	de:01061:9055023::1	53.99014	9.82147		NO_MATCH_AND_SEEMS_UNSERVED								POINT(9.82147 53.99014)
147	Brokstedt	Brokstedt	de:01061:15148::1	53.990216	9.824142	train	MATCHED	n305735010	9.6	0.56	Brokstedt	RE7,RE70	Wrist / Neumünster	Neumünster	LINESTRING(9.824142 53.990216,9.8240086 53.9901798)
148	Brokstedt	Brokstedt	de:01061:15148::2	53.990266	9.824056		MATCHED	n1240000385	17.8	0.36	Brokstedt			Wrist	LINESTRING(9.824056 53.990266,9.8238572 53.990156400000004)
149	Brokstedt	Kirche	de:01061:15150::1	53.991068	9.814974		NO_MATCH_AND_SEEMS_UNSERVED								POINT(9.814974 53.991068)
150	Brokstedt	Kirche	de:01061:15150::2	53.991073	9.815187		MATCHED	n4286630646	5.9	0.61	Brokstedt, Kirche				LINESTRING(9.815187 53.991073,9.8152405 53.991115400000005)
151	Brokstedt	Schule	de:01061:15151::1	53.992685	9.826132		NO_MATCH_AND_SEEMS_UNSERVED								POINT(9.826132 53.992685)
152	Brokstedt	Schule	de:01061:15151::2	53.992619	9.825947	bus	MATCHED	n9701575628	2.8	0.79	Brokstedt, Schule	7506	Brokstedt Bahnhof		LINESTRING(9.825947 53.992619,9.8259583 53.9926437)
153	Brokstedt	Schule	de:01061:15151::3	53.992616	9.825942		NO_MATCH_AND_SEEMS_UNSERVED								POINT(9.825942 53.992616)
154	Büttel	Alter Bahnhof Kudensee	de:01061:51846::1	53.92244	9.225883	bus	MATCHED	n8014696897	42.6	0.43	Büttel, Alter Bahnhof Kudensee	6612,6613,6615	Kudensee Dörpstroot	Kudensee	LINESTRING(9.225883 53.92244,9.2254398 53.92271950000001)
155	Büttel	Alter Bahnhof Kudensee	de:01061:51846::2	53.92244	9.225883	bus	MATCHED	n8014696896	31.5	0.48	Büttel, Alter Bahnhof Kudensee	6612,6615	Büttel Kuhlen 23	Büttel, Kuhlen 23	LINESTRING(9.225883 53.92244,9.225461300000001 53.92257540000001)
156	Büttel	Hauptstraße	de:01061:17291::1	53.898678	9.233973		NO_MATCH_AND_SEEMS_UNSERVED								POINT(9.233973 53.898678)
157	Büttel	Kuhlen 23	de:01061:53051::1	53.92066	9.235405	bus	MATCHED	n8014696900	61.4	0.36	Büttel, Kuhlen 23	6612,6613,6615	Büttel Alter Bahnhof Kudensee	Büttel, Alter Bahnhof Kudensee	LINESTRING(9.235405 53.92066,9.2363354 53.920603500000006)
158	Büttel	Kuhlen 23	de:01061:53051::2	53.92066	9.235405	bus	MATCHED	n8014653072	19.1	0.56	Büttel, Kuhlen 23	6612,6615	Landscheide Am Bahnhof / Landscheide Flethseer Straße 23a	Landscheide, Am Bahnhof / Landscheide, Fleethseer Straße 23a	LINESTRING(9.235405 53.92066,9.235633100000001 53.920553500000004)
159	Büttel	Müllereiweg	de:01061:17292::1	53.899994	9.225297	bus	MATCHED	n10283052568	24.4	0.36	Büttel, Müllereiweg	6610	Brunsbüttel Kernkraftwerk		LINESTRING(9.225297 53.899994,9.225527900000001 53.900165400000006)
160	Büttel	Müllereiweg	de:01061:17292::2	53.899891	9.224954	bus	MATCHED	n10283052569	10.4	0.54	Büttel, Müllereiweg	6610	St. Margarethen Kirchducht 23		LINESTRING(9.224954 53.899891,9.2251116 53.899882100000006)
161	Büttel	Schelde/Hüls	de:01061:17293::1	53.908337	9.213641		NO_MATCH_AND_SEEMS_UNSERVED								POINT(9.213641 53.908337)
162	Büttel	Schmiedestraße	de:01061:17294::1	53.900384	9.227769	bus	MATCHED	n5070298630	14.0	0.48	Büttel, Schmiedestraße	6615	St. Margarethen Kirchducht 23	St. Margarethen, Schule	LINESTRING(9.227769 53.900384,9.227868500000001 53.900495500000005)
163	Christinenthal	Dorfstraße	de:01061:17879::1	54.053075	9.532906		MATCHED	n3440447247	6.3	0.59	Christinenthal, Dorfstraße				LINESTRING(9.532906 54.053075,9.5328582 54.0531244)
164	Christinenthal	Dorfstraße	de:01061:17879::2	54.052732	9.532332		MATCHED	n600435663	4.5	0.67	Christinenthal, Dorfstraße			Reher, Meiereistraße	LINESTRING(9.532332 54.052732,9.5323021 54.0526959)
165	Christinenthal	Dorfstraße	de:01061:17879::3	54.053138	9.532493		MATCHED	n6302412047	14.0	0.41	Christinenthal, Dorfstraße			Pöschendorf, Hohenesch 1 / Christinenthal, Waldweg	LINESTRING(9.532493 54.053138,9.5323616 54.0530382)
166	Christinenthal	Waldweg	de:01061:17880::1	54.049824	9.532085		NO_MATCH_AND_SEEMS_UNSERVED								POINT(9.532085 54.049824)
167	Christinenthal	Waldweg	de:01061:17880::2	54.049749	9.532314		MATCHED_THOUGH_DISTANT	n6302412049	252.4	0.04	Christinenthal, Waldweg			Looft, Dorfstraße	LINESTRING(9.532314 54.049749,9.533142100000001 54.047533200000004)
168	Dammfleth	14	de:01061:18905::1	53.908791	9.372416	bus	MATCHED	n3978017379	10.9	0.52	Dammfleth, Dammfleth 14	6620,6624	Wilster Allee / Dammfleth Auf dem Breuel	Wilster, Allee / Dammfleth, Auf dem Breuel	LINESTRING(9.372416 53.908791,9.3722594 53.9087593)
169	Dammfleth	Auf dem Breuel	de:01061:18908::1	53.897171	9.363136	bus	MATCHED	n9377727772	65.8	0.35	Dammfleth, Auf dem Breuel	6620,6624	Dammfleth Feuerwehr	Dammfleth, Feuerwehr	LINESTRING(9.363136 53.897171,9.3635461 53.8966317)
170	Dammfleth	Auf dem Breuel	de:01061:18908::2	53.897432	9.36291	bus	MATCHED	n9377727773	20.8	0.56	Dammfleth, Auf dem Breuel	6620	Dammfleth 14	Wilster, Colosseum	LINESTRING(9.36291 53.897432,9.3630767 53.8972733)
171	Dammfleth	Feuerwehr	de:01061:18909::1	53.893364	9.373995	bus	MATCHED	n5783035028	1.4	0.91	Dammfleth, Feuerwehr	6620	Dammfleth Auf dem Breuel	Dammfleth, Auf dem Breuel	LINESTRING(9.373995 53.893364,9.3739743 53.8933617)
172	Dammfleth	Feuerwehr	de:01061:18909::2	53.893285	9.373795	bus	MATCHED	n5783035027	5.6	0.78	Dammfleth, Feuerwehr	6620,6624	Dammfleth Hochfeld 23	Dammfleth, Hochfeld 23	LINESTRING(9.373795 53.893285,9.373871000000001 53.8932621)
173	Dammfleth	Hochfeld 23	de:01061:18910::1	53.890995	9.379917	bus	MATCHED	n9377727774	4.4	0.8	Dammfleth, Hochfeld 23	6620,6624	Dammfleth Klein Kampen	Dammfleth, Klein Kampen	LINESTRING(9.379917 53.890995,9.3798659 53.891020600000004)
174	Dammfleth	Klein Kampen	de:01061:18906::1	53.888917	9.383513		MATCHED	n9377727776	3.2	0.73	Dammfleth, Klein Kampen			Beidenfleth, Fockendorf	LINESTRING(9.383513 53.888917,9.3834655 53.8889222)
175	Dammfleth	Klein Kampen	de:01061:18906::2	53.888476	9.384393	bus	MATCHED	n9377727777	25.8	0.52	Dammfleth, Klein Kampen	6620,6624	Dammfleth Feuerwehr / Beidenfleth Klein Kampen	Dammfleth, Feuerwehr	LINESTRING(9.384393 53.888476,9.384758300000001 53.88839110000001)
176	Dammfleth	Klein Kampen	de:01061:18906::3	53.888828	9.383802	bus	MATCHED	n10276864686	47.8	0.24	Dammfleth, Klein Kampen	6620,6624	Beidenfleth Fockendorf		LINESTRING(9.383802 53.888828,9.384529 53.888819500000004)
177	Dammfleth	Neufeld (Mitte)	de:01061:18913::1	53.895948	9.347938	bus	MATCHED	n6845513481	48.8	0.23	Dammfleth, Neufeld (Mitte)	6620,6623	Dammfleth Neufeld (Nord)		LINESTRING(9.347938 53.895948,9.3484251 53.895617)
178	Dammfleth	Neufeld (Mitte)	de:01061:18913::2	53.895948	9.347938	bus	MATCHED	n6845513482	49.3	0.23	Dammfleth, Neufeld (Mitte)	6620	Dammfleth Rotenmeer 1		LINESTRING(9.347938 53.895948,9.3485431 53.895686500000004)
179	Dammfleth	Neufeld (Nord)	de:01061:18912::1	53.904203	9.33717	bus	MATCHED	n6845532588	8.2	0.59	Dammfleth, Neufeld (Nord)	6610,6615,6620	Dammfleth Poßfeld / Nortorf(b Wilster) Rehweg 2 / Dammfleth Neufeld (Mitte)	Dammfleth, Poßfeld	LINESTRING(9.33717 53.904203,9.337138900000001 53.9042748)
180	Dammfleth	Neufeld (Nord)	de:01061:18912::2	53.903817	9.337121	bus	NO_MATCH_BUT_OTHER_PLATFORM_MATCHED					6620,6623	Nortorf(b Wilster) Rehweg 2		POINT(9.337121 53.903817)
181	Dammfleth	Neufeld (Nord)	de:01061:18912::3	53.903801	9.336299	bus	MATCHED	n6845532587	22.5	0.37	Dammfleth, Neufeld (Nord)	6610,6615,6622	Dammfleth Poßfeld / Nortorf(b Wilster) Rehweg 2		LINESTRING(9.336299 53.903801,9.3365934 53.903904100000005)
182	Dammfleth	Nortorf(b Wilster) Rehweg 2	de:01061:68833::1	53.908392	9.346657	bus	MATCHED	n9377727769	8.8	0.63	Dammfleth, Rehweg 2	6610,6615,6620,6623	Wilster Colosseum/ZOB / Wilster Am Schulzentrum / Wilster Hans-Prox-Straße	Wilster, Colosseum / Wilster, Am Schulzentrum	LINESTRING(9.346657 53.908392,9.3465234 53.9083856)
183	Dammfleth	Nortorf(b Wilster) Rehweg 2	de:01061:68833::2	53.908392	9.346657	bus	MATCHED	n9377727770	15.4	0.54	Dammfleth, Rehweg 2	6610,6615,6620,6622	Dammfleth Neufeld (Nord) / Dammfleth Neufeld (Nord)	Dammfleth, Neufeld (Nord) / St. Margarethen, Schule	LINESTRING(9.346657 53.908392,9.3464443 53.9084512)
184	Dammfleth	Poßfeld	de:01061:18915::1	53.899111	9.325775	bus	MATCHED	n6845532591	22.5	0.54	Dammfleth, Poßfeld	6610,6615,6622	Brokdorf Siethwende (Nord)	Brokdorf, Friedhof / St. Margarethen, Schule	LINESTRING(9.325775 53.899111,9.325933500000001 53.89929)
185	Dammfleth	Poßfeld	de:01061:18915::2	53.899111	9.325775	bus	MATCHED	n6845532590	33.6	0.47	Dammfleth, Poßfeld	6610,6615	Dammfleth Neufeld (Nord) / Dammfleth Neufeld (Nord)	Dammfleth, Neufeld (Nord)	LINESTRING(9.325775 53.899111,9.325401000000001 53.8989051)
186	Dammfleth	Rotenmeer 1	de:01061:18907::1	53.888755	9.350695	bus	MATCHED	n9633532314	18.7	0.57	Dammfleth, Rotenmeer 1	6620,6623	Dammfleth Neufeld (Mitte)	Dammfleth, Feuerwehr	LINESTRING(9.350695 53.888755,9.350464800000001 53.88865680000001)
187	Dammfleth	Rotenmeer 1	de:01061:18907::2	53.88875	9.350467	bus	NO_MATCH_BUT_OTHER_PLATFORM_MATCHED					6620	Dammfleth Rotenmeer 13		POINT(9.350467 53.88875)
188	Dammfleth	Rotenmeer 13	de:01061:18916::1	53.883274	9.354145	bus	MATCHED	n9633532313	22.9	0.53	Dammfleth, Rotenmeer 13	6620,6623	Dammfleth Rotenmeer 1	Dammfleth, Rotenmeer 1	LINESTRING(9.354145 53.883274,9.3541021 53.883070100000005)
189	Dammfleth	Rotenmeer 13	de:01061:18916::2	53.883066	9.353996	bus	NO_MATCH_BUT_OTHER_PLATFORM_MATCHED					6620	Brokdorf Landscheide		POINT(9.353996 53.883066)
190	Drage	(Itzehoe)	de:01061:9165438::1	54.004429	9.519338		MATCHED	n6302412060	4.7	0.28	Drage, Dorfstraße			Drage, Hansch	LINESTRING(9.519338 54.004429,9.5194092 54.004434800000006)
191	Drage	(Itzehoe)	de:01061:9165438::2	54.004382	9.51937		NO_MATCH_AND_SEEMS_UNSERVED								POINT(9.51937 54.004382)
192	Drage	Hansch	de:01061:9165442::1	54.021283	9.520152		MATCHED	n6302412057	3.4	0.72	Drage, Hansch			Hohenaspe, Pohlmannstraße	LINESTRING(9.520152 54.021283,9.520180400000001 54.0212579)
193	Drage	Hansch	de:01061:9165442::2	54.021202	9.520284		MATCHED	n6302412056	33.2	0.23	Drage, Hansch			Looft, Dorfstraße	LINESTRING(9.520284 54.021202,9.5205143 54.021467400000006)
194	Dägeling	Dorfstraße	de:01061:21914::1	53.878146	9.528013		MATCHED	n1621895467	22.5	0.31	Dägeling, Dorfstraße			Dägeling, Wellenberg	LINESTRING(9.528013 53.878146,9.5280892 53.877949)
195	Dägeling	Dorfstraße	de:01061:21914::2	53.878703	9.527814		MATCHED	n1621895489	7.2	0.57	Dägeling, Dorfstraße			Dägeling, Heideweg	LINESTRING(9.527814 53.878703,9.527873000000001 53.8787576)
196	Dägeling	Heideweg	de:01061:21915::1	53.888797	9.521113		MATCHED	n1621895508	6.0	0.61	Dägeling, Heideweg			Dägeling, Dorfstraße	LINESTRING(9.521113 53.888797,9.5210486 53.888759400000005)
197	Dägeling	Heideweg	de:01061:21915::2	53.888353	9.521789		MATCHED	n1621895499	6.1	0.6	Dägeling, Heideweg			Breitenburg, Birkenweg	LINESTRING(9.521789 53.888353,9.521709600000001 53.888381900000006)
198	Dägeling	Wellenberg	de:01061:21916::1	53.874374	9.530058		MATCHED	n1621895459	2.4	0.77	Dägeling, Wellenberg			Neuenbrook, Hauptstraße	LINESTRING(9.530058 53.874374,9.530091500000001 53.8743647)
199	Dägeling	Wellenberg	de:01061:21916::2	53.874583	9.530256		MATCHED	n1621895435	1.6	0.82	Dägeling, Wellenberg			Dägeling, Dorfstraße	LINESTRING(9.530256 53.874583,9.5302574 53.8745683)
200	Ecklak	Ackenboer Straße (Nord)	de:01061:22779::1	53.943249	9.288321	bus	MATCHED	n5785190120	64.0	0.19	Ecklak, Ackenboer Straße (Nord)	6611	Ecklak Hörner Weg		LINESTRING(9.288321 53.943249,9.2891337 53.9435675)
201	Ecklak	Ackenboer Straße (Nord)	de:01061:22779::2	53.943249	9.288321	bus	MATCHED	n5785190119	40.5	0.43	Ecklak, Ackenboer Straße (Nord)	6611	Neuendorf-Sachsenbande Alte Schmiede	Neuendorf-Sachsenbande, Alte Schmiede	LINESTRING(9.288321 53.943249,9.288907100000001 53.9433639)
202	Ecklak	Alte Schule	de:01061:22780::1	53.95421	9.262643	bus	MATCHED	n3114601972	16.5	0.6	Ecklak, Alte Schule	6611	Ecklak Seedorf	Ecklak, Hörner Weg / Landscheide, Birkenallee	LINESTRING(9.262643 53.95421,9.2624639 53.9541064)
203	Ecklak	Alte Schule	de:01061:22780::2	53.95421	9.262643	bus	MATCHED	n6668096655	41.7	0.26	Ecklak, Alte Schule	6611	Ecklak Schötenweg		LINESTRING(9.262643 53.95421,9.262842500000001 53.9545657)
204	Ecklak	Eschenweg	de:01061:22782::1	53.937295	9.274677	bus	MATCHED	n5785190194	133.4	0.26	Ecklak, Eschenweg	6612	Nortorf(b Wilster) Kanalstrich	Nortorf, Kanalstrich	LINESTRING(9.274677 53.937295,9.275665 53.9362476)
205	Ecklak	Eschenweg	de:01061:22782::2	53.937295	9.274677	bus	MATCHED	n5785190193	91.8	0.31	Ecklak, Eschenweg	6612,6613	Ecklak Hörner Weg	Ecklak, Hörner Weg	LINESTRING(9.274677 53.937295,9.2742032 53.938071300000004)
206	Ecklak	Hauptstraße 2	de:01061:22783::1	53.941495	9.25714	bus	MATCHED	n10231946294	7.9	0.59	Ecklak, Hauptstraße 2	6611	Landscheide Birkenallee / Ecklak Hörner Weg		LINESTRING(9.25714 53.941495,9.2570262 53.9414725)
207	Ecklak	Hauptstraße 2	de:01061:22783::2	53.941495	9.25714	bus	MATCHED	n10231946295	24.7	0.35	Ecklak, Hauptstraße 2	6611	Ecklak Seedorf		LINESTRING(9.25714 53.941495,9.256994 53.9416999)
208	Ecklak	Hörner Weg	de:01061:22781::1	53.937836	9.265648	bus	MATCHED	n5304698738	114.1	0.28	Ecklak, Hörner Weg	6611,6612,6613	Ecklak Hauptstraße 2 / Landscheide Birkenallee	Landscheide, Birkenallee	LINESTRING(9.265648 53.937836,9.2671141 53.9383866)
209	Ecklak	Hörner Weg	de:01061:22781::2	53.937836	9.265648	bus	MATCHED	n5304698739	113.2	0.28	Ecklak, Hörner Weg	6611,6612	Ecklak Ackenboer Straße (Nord) / Ecklak Eschenweg	Ecklak, Ackenboer Straße (Nord) / Ecklak, Eschenweg	LINESTRING(9.265648 53.937836,9.2671799 53.9383032)
210	Ecklak	Schötenweg	de:01061:22784::1	53.961834	9.277674	bus	MATCHED	n8014696887	143.2	0.11	Ecklak, Schötenweg	6611	Aebtissinwisch Dorfstraße		LINESTRING(9.277674 53.961834,9.276157000000001 53.9609091)
211	Ecklak	Schötenweg	de:01061:22784::2	53.961834	9.277674	bus	MATCHED	n4730205693	146.0	0.25	Ecklak, Schötenweg	6611	Ecklak Alte Schule	Ecklak, Alte Schule	LINESTRING(9.277674 53.961834,9.2760303 53.960950100000005)
212	Ecklak	Seedorf	de:01061:22778::1	53.947763	9.255685	bus	MATCHED	n10231946296	4.9	0.7	Ecklak, Seedorf	6611	Ecklak Hauptstraße 2		LINESTRING(9.255685 53.947763,9.255746700000001 53.9477872)
213	Ecklak	Seedorf	de:01061:22778::2	53.947763	9.255685	bus	MATCHED	n10231946297	16.6	0.44	Ecklak, Seedorf	6611	Ecklak Alte Schule		LINESTRING(9.255685 53.947763,9.2556502 53.947911100000006)
214	Elskop	Doppelreihe	de:01061:24111::1	53.819676	9.511645		MATCHED	n4257822006	4.7	0.66	Elskop, Doppelreihe				LINESTRING(9.511645 53.819676,9.5115876 53.8197017)
215	Elskop	Doppelreihe	de:01061:24111::2	53.819662	9.511221		MATCHED	n4257822005	1.2	0.85	Elskop, Doppelreihe				LINESTRING(9.511221 53.819662,9.511220100000001 53.819673200000004)
216	Elskop	Dorfstraße 15	de:01061:9080055::1	53.811957	9.491422		NO_MATCH_AND_SEEMS_UNSERVED								POINT(9.491422 53.811957)
217	Elskop	Dorfstraße 15	de:01061:9080055::2	53.81196	9.491111		NO_MATCH_AND_SEEMS_UNSERVED								POINT(9.491111 53.81196)
218	Elskop	Dorfstraße/Süderau	de:01061:9099056::1	53.816673	9.514784		NO_MATCH_AND_SEEMS_UNSERVED								POINT(9.514784 53.816673)
219	Elskop	Dorfstraße/Süderau	de:01061:9099056::2	53.81665	9.514984		NO_MATCH_AND_SEEMS_UNSERVED								POINT(9.514984 53.81665)
220	Engelbrechtsche Wildnis	Grillchaussee 89	de:01061:41771::1	53.788357	9.47091		MATCHED	n1354624882	24.2	0.29	Engelbrechtsche Wildnis, Grillchaussee 89			Engelbrechtsche Wildnis, Seniorenzentrum	LINESTRING(9.47091 53.788357,9.4712642 53.788413600000005)
221	Engelbrechtsche Wildnis	Grillchaussee 89	de:01061:41771::2	53.788473	9.470847		MATCHED	n1354624875	70.6	0.13	Engelbrechtsche Wildnis, Grillchaussee 89			Herzhorn, Schule	LINESTRING(9.470847 53.788473,9.471843600000001 53.788239600000004)
222	Engelbrechtsche Wildnis	Herzhorn	de:01061:41767::1	53.783644	9.485208		MATCHED	n4591075490	66.2	0.13	Herzhorn			Elmshorn	LINESTRING(9.485208 53.783644,9.486177600000001 53.7837983)
223	Engelbrechtsche Wildnis	Herzhorn	de:01061:41767::2	53.783474	9.483098		MATCHED	n4591075491	54.4	0.16	Herzhorn			Glückstadt	LINESTRING(9.483098 53.783474,9.4823023 53.78334400000001)
224	Engelbrechtsche Wildnis	Herzhorner Rhin	de:01061:31067::1	53.788508	9.447248		MATCHED	n1351487884	51.0	0.17	Engelbrechtsche Wildnis, Herzhorner Rhin			Engelbrechtsche Wildnis, Seniorenzentrum	LINESTRING(9.447248 53.788508,9.446491100000001 53.7886042)
225	Engelbrechtsche Wildnis	Herzhorner Rhin	de:01061:31067::2	53.788615	9.447648		MATCHED	n1351487886	134.3	0.07	Engelbrechtsche Wildnis, Herzhorner Rhin			Glückstadt, Grillchaussee 40	LINESTRING(9.447648 53.788615,9.4456399 53.788821000000006)
226	Engelbrechtsche Wildnis	Obendeich	de:01061:69156::1	53.770027	9.463446		MATCHED	n4257822014	38.0	0.21	Engelbrechtsche Wildnis, Obendeich			Glückstadt, Herrenfeld / Kollmar, Strohdeich	LINESTRING(9.463446 53.770027,9.463782100000001 53.770304900000006)
227	Engelbrechtsche Wildnis	Obendeich	de:01061:69156::2	53.77011	9.463328		MATCHED	n11099197820	4.8	0.65	Engelbrechtsche Wildnis, Obendeich			Kollmar, Schleuerweg	LINESTRING(9.463328 53.77011,9.463389900000001 53.7701325)
228	Engelbrechtsche Wildnis	Seniorenzentrum	de:01061:31065::1	53.788873	9.451301		MATCHED	n1351487888	15.9	0.38	Engelbrechtsche Wildnis, Seniorenzentrum			Engelbrechtsche Wildnis, Herzhorner Rhin	LINESTRING(9.451301 53.788873,9.4512122 53.789006300000004)
229	Engelbrechtsche Wildnis	Seniorenzentrum	de:01061:31065::2	53.788933	9.450877		MATCHED	n1351487887	67.2	0.13	Engelbrechtsche Wildnis, Seniorenzentrum			Engelbrechtsche Wildnis, Grillchaussee 89	LINESTRING(9.450877 53.788933,9.4518974 53.788943200000006)
230	Fitzbek	Bäckerweg	de:01061:27178::1	54.002749	9.76827		MATCHED	n5730361205	3.5	0.71	Fitzbek, Bäckerweg				LINESTRING(9.76827 54.002749,9.7682943 54.0027206)
231	Fitzbek	Bäckerweg	de:01061:27178::2	54.002632	9.768299		NO_MATCH_AND_SEEMS_UNSERVED								POINT(9.768299 54.002632)
232	Fitzbek	Schulstraße	de:01061:9000512::1	54.002873	9.7666		MATCHED	n11571425497	8.1	0.54	Fitzbek, Schulstraße				LINESTRING(9.7666 54.002873,9.7666398 54.0029423)
233	Glückstadt	Admiralsweg	de:01061:9099070::1	53.804887	9.419327		NO_MATCH_AND_SEEMS_UNSERVED								POINT(9.419327 53.804887)
234	Glückstadt	Am Markt	de:01061:31072::1	53.787907	9.423527		MATCHED	n5120875383	3.7	0.7	Glückstadt, Am Markt			Glückstadt, Nordmarkstraße (West) / Glückstadt, Fritz-Lau-Platz / Glückstadt, Krankenhaus	LINESTRING(9.423527 53.787907,9.4235801 53.787895600000006)
235	Glückstadt	Amselweg	de:01061:9099083::1	53.78391	9.432062		NO_MATCH_AND_SEEMS_UNSERVED								POINT(9.432062 53.78391)
236	Glückstadt	Amselweg	de:01061:9099083::2	53.784013	9.432212		NO_MATCH_AND_SEEMS_UNSERVED								POINT(9.432212 53.784013)
237	Glückstadt	Anckenstraße	de:01061:31058::1	53.788435	9.433117		MATCHED	n1348265319	4.1	0.68	Glückstadt, Anckenstraße			Glückstadt, Grillchaussee 40	LINESTRING(9.433117 53.788435,9.4331785 53.7884279)
238	Glückstadt	Bahnhof	de:01061:31059::1	53.788752	9.428561		MATCHED	n1348265330	2.9	0.74	Glückstadt, Bahnhof			Glückstadt, Krankenhaus / Glückstadt, Rhinstraße / Glückstadt, Anckenstraße	LINESTRING(9.428561 53.788752,9.4285504 53.7887264)
239	Glückstadt	Bahnhof	de:01061:31059::SEV	53.788762	9.429093		NO_MATCH_AND_SEEMS_UNSERVED								POINT(9.429093 53.788762)
240	Glückstadt	Bauernpriel	de:01061:9099072::1	53.802314	9.411161		NO_MATCH_AND_SEEMS_UNSERVED								POINT(9.411161 53.802314)
241	Glückstadt	Bauernpriel	de:01061:9099072::2	53.802308	9.411242		NO_MATCH_AND_SEEMS_UNSERVED								POINT(9.411242 53.802308)
242	Glückstadt	Bohnstraße	de:01061:106247::1	53.789525	9.420804		MATCHED	n1350469227	2.0	0.8	Glückstadt, Bohnstraße			Glückstadt, Janssenweg	LINESTRING(9.420804 53.789525,9.4208177 53.7895412)
243	Glückstadt	Bohnstraße	de:01061:106247::2	53.789564	9.420294		NO_MATCH_AND_SEEMS_UNSERVED								POINT(9.420294 53.789564)
244	Glückstadt	Breslauer Straße	de:01061:106250::1	53.803404	9.423262		MATCHED	n1350469297	18.8	0.34	Glückstadt, Breslauer Straße			Glückstadt, Stettiner Straße	LINESTRING(9.423262 53.803404,9.423018800000001 53.803315000000005)
245	Glückstadt	Breslauer Straße	de:01061:106250::2	53.803308	9.423284		MATCHED	n11384019793	2.7	0.75	Glückstadt, Breslauer Straße			Glückstadt, Marienburger Straße	LINESTRING(9.423284 53.803308,9.423245000000001 53.803316800000005)
246	Glückstadt	Bürgermeister-Schinkel-Straße	de:01061:9099078::1	53.792771	9.414737		NO_MATCH_AND_SEEMS_UNSERVED								POINT(9.414737 53.792771)
247	Glückstadt	Bürgermeister-Schinkel-Straße	de:01061:9099078::2	53.79272	9.414748		NO_MATCH_AND_SEEMS_UNSERVED								POINT(9.414748 53.79272)
248	Glückstadt	Bürgerschule	de:01061:31066::1	53.792529	9.421324		MATCHED	n11414710354	80.4	0.11	Glückstadt, Bürgerschule			Glückstadt, Elbschule / Glückstadt, St. Marien Kirche / Glückstadt, Detlefsengymnasium	LINESTRING(9.421324 53.792529,9.4211013 53.7932398)
249	Glückstadt	Bürgerschule	de:01061:31066::2	53.792456	9.421359		NO_MATCH_AND_SEEMS_UNSERVED								POINT(9.421359 53.792456)
250	Glückstadt	Carl-Legien-Straße	de:01061:106248::1	53.79397	9.420821		NO_MATCH_AND_SEEMS_UNSERVED								POINT(9.420821 53.79397)
251	Glückstadt	Der Keil	de:01061:106253::1	53.778379	9.438146		NO_MATCH_AND_SEEMS_UNSERVED								POINT(9.438146 53.778379)
252	Glückstadt	Der Keil	de:01061:106253::2	53.778333	9.438299		MATCHED_THOUGH_OSM_NO_NAME	n5120875390	1.2	0.27					LINESTRING(9.438299 53.778333,9.438285500000001 53.7783263)
253	Glückstadt	Detlefsengymnasium	de:01061:31060::1	53.791806	9.435181		NO_MATCH_AND_SEEMS_UNSERVED								POINT(9.435181 53.791806)
254	Glückstadt	Detlefsengymnasium	de:01061:31060::2	53.792249	9.434199		MATCHED	n1348265358	27.2	0.27	Glückstadt, Detlefsengymnasium			Glückstadt, Bahnhof / Glückstadt, Bürgerschule / Glückstadt, Am Markt / Glückstadt, Wiebeke-Kruse-Straße	LINESTRING(9.434199 53.792249,9.4338131 53.792335300000005)
255	Glückstadt	Dänenkamp	de:01061:31069::1	53.790683	9.435914		MATCHED	n1348265347	2.8	0.32	Im Lübschen Recht				LINESTRING(9.435914 53.790683,9.435873200000001 53.790676600000005)
256	Glückstadt	Dänenkamp	de:01061:31069::2	53.790608	9.435724		NO_MATCH_AND_SEEMS_UNSERVED								POINT(9.435724 53.790608)
257	Glückstadt	Elbschule	de:01061:31061::1	53.796845	9.422346		MATCHED	n9624731304	5.1	0.64	Glückstadt, Elbschule			Glückstadt, Bürgerschule / Glückstadt, Fritz-Lau-Platz	LINESTRING(9.422346 53.796845,9.4222686 53.7968442)
258	Glückstadt	Elbschule	de:01061:31061::2	53.795954	9.415339		NO_MATCH_AND_SEEMS_UNSERVED								POINT(9.415339 53.795954)
259	Glückstadt	Elsterweg	de:01061:9099082::1	53.784049	9.436499		NO_MATCH_AND_SEEMS_UNSERVED								POINT(9.436499 53.784049)
260	Glückstadt	Elsterweg	de:01061:9099082::2	53.784096	9.436655		NO_MATCH_AND_SEEMS_UNSERVED								POINT(9.436655 53.784096)
261	Glückstadt	Flensburger Straße	de:01061:31070::1	53.801121	9.416802		MATCHED	n1350469287	15.6	0.39	Glückstadt, Flensburger Straße			Blomesche Wildnis, Am Neuendeich 156	LINESTRING(9.416802 53.801121,9.4169607 53.8010171)
262	Glückstadt	Flensburger Straße	de:01061:31070::2	53.801381	9.416375		MATCHED	n1350469286	74.8	0.12	Glückstadt, Flensburger Straße			Glückstadt, Gorch-Fock-Straße	LINESTRING(9.416375 53.801381,9.4169905 53.8008165)
263	Glückstadt	Fritz-Lau-Platz	de:01061:31057::1	53.792912	9.419209		MATCHED	n1350469248	14.4	0.4	Glückstadt, Fritz-Lau-Platz			Glückstadt, Am Markt / Glückstadt Markt	LINESTRING(9.419209 53.792912,9.4190862 53.792805200000004)
264	Glückstadt	Fritz-Lau-Platz	de:01061:31057::2	53.793033	9.419052		MATCHED	n1350469239	104.0	0.09	Glückstadt, Fritz-Lau-Platz			Glückstadt, Gorch-Fock-Straße	LINESTRING(9.419052 53.793033,9.419417300000001 53.7921234)
265	Glückstadt	Glückstadt	de:01061:31055::1	53.788541	9.428475	train	MATCHED	n4591098475	6.3	0.75	Glückstadt	RB60,RB61,RE6	Krempe / Itzehoe	Krempe	LINESTRING(9.428475 53.788541,9.428391600000001 53.788569100000004)
266	Glückstadt	Glückstadt	de:01061:31055::2	53.78849	9.428373	train	MATCHED	n4591098476	5.2	0.78	Glückstadt	RB60,RB61,RE6	Elmshorn / Herzhorn	Herzhorn	LINESTRING(9.428373 53.78849,9.428324 53.788527200000004)
267	Glückstadt	Glückstädter Werkstätten	de:01061:106259::1	53.780399	9.430562		MATCHED	n1351455412	8.8	0.52	Glückstädter Werkstätten				LINESTRING(9.430562 53.780399,9.4306836 53.78036590000001)
268	Glückstadt	Gorch-Fock-Straße	de:01061:31063::1	53.795802	9.41852		MATCHED	n1350469271	69.4	0.13	Glückstadt, Gorch-Fock-Straße			Glückstadt, Fritz-Lau-Platz	LINESTRING(9.41852 53.795802,9.4184362 53.796424200000004)
269	Glückstadt	Gorch-Fock-Straße	de:01061:31063::2	53.7957	9.418701		MATCHED	n1350469260	4.1	0.69	Glückstadt, Gorch-Fock-Straße			Glückstadt, Flensburger Straße	LINESTRING(9.418701 53.7957,9.418694700000001 53.7956635)
270	Glückstadt	Grenzritt	de:01061:9099073::1	53.801577	9.409179		NO_MATCH_AND_SEEMS_UNSERVED								POINT(9.409179 53.801577)
271	Glückstadt	Grenzritt	de:01061:9099073::2	53.801476	9.409265		NO_MATCH_AND_SEEMS_UNSERVED								POINT(9.409265 53.801476)
272	Glückstadt	Grillchaussee 40	de:01061:31064::1	53.789123	9.439462		MATCHED	n1351487889	115.5	0.08	Glückstadt, Grillchaussee 40			Engelbrechtsche Wildnis, Herzhorner Rhin	LINESTRING(9.439462 53.789123,9.4412094 53.7892087)
273	Glückstadt	Grillchaussee 40	de:01061:31064::2	53.789209	9.439944		MATCHED	n1351487891	50.3	0.17	Glückstadt, Grillchaussee 40			Glückstadt, Im Lübschen Recht	LINESTRING(9.439944 53.789209,9.4407019 53.7892609)
274	Glückstadt	Herrenfeld	de:01061:41579::1	53.773746	9.436689		MATCHED	n1351455406	8.8	0.52	Glückstadt, Herrenfeld			Glückstadt, Temmingstraße	LINESTRING(9.436689 53.773746,9.4368052 53.773707)
275	Glückstadt	Herrenfeld	de:01061:41579::2	53.773593	9.436755		MATCHED	n1351455405	8.6	0.52	Glückstadt, Herrenfeld			Engelbrechtsche Wildnis, Obendeich	LINESTRING(9.436755 53.773593,9.436659800000001 53.773646500000005)
276	Glückstadt	Hinterm Hofe	de:01061:31073::1	53.775651	9.434608		MATCHED	n9657991529	11.5	0.46	Glückstadt, Hinterm Hofe			Glückstadt, Temmingstraße / Glückstadt, Herrenfeld	LINESTRING(9.434608 53.775651,9.434742400000001 53.775584800000004)
277	Glückstadt	Hinterm Hofe	de:01061:31073::2	53.775872	9.434617		NO_MATCH_AND_SEEMS_UNSERVED								POINT(9.434617 53.775872)
278	Glückstadt	Im Lübschen Recht	de:01061:31068::1	53.78929	9.434885		MATCHED	n1351487893	10.5	0.48	Glückstadt, Im Lübschen Recht			Glückstadt, Bahnhof	LINESTRING(9.434885 53.78929,9.4347426 53.7893331)
279	Glückstadt	Im Pling	de:01061:9099075::1	53.797223	9.412975		NO_MATCH_AND_SEEMS_UNSERVED								POINT(9.412975 53.797223)
280	Glückstadt	Janssenweg	de:01061:106254::1	53.791551	9.42013		MATCHED	n1350469232	8.0	0.54	Glückstadt, Janssenweg			Glückstadt, Bürgerschule	LINESTRING(9.42013 53.791551,9.420250000000001 53.791562600000006)
281	Glückstadt	Kimming	de:01061:9099074::1	53.80314	9.40913		NO_MATCH_AND_SEEMS_UNSERVED								POINT(9.40913 53.80314)
282	Glückstadt	Kimming	de:01061:9099074::2	53.803043	9.408918		NO_MATCH_AND_SEEMS_UNSERVED								POINT(9.408918 53.803043)
283	Glückstadt	Krankenhaus	de:01061:31071::1	53.791049	9.430759		MATCHED	n1348265357	102.3	0.09	Glückstadt, Krankenhaus			Glückstadt, Am Markt / Glückstadt, Bahnhof	LINESTRING(9.430759 53.791049,9.429319600000001 53.7913944)
284	Glückstadt	Krankenhaus	de:01061:31071::2	53.790795	9.431163		MATCHED	n1348265356	6.7	0.58	Glückstadt, Krankenhaus			Glückstadt, Detlefsengymnasium / Glückstadt, Wiebeke-Kruse-Straße	LINESTRING(9.431163 53.790795,9.431201100000001 53.7908513)
285	Glückstadt	Königsberger Straße	de:01061:106257::1	53.800556	9.424901		MATCHED	n1350469274	9.7	0.5	Glückstadt, Königsberger Straße			Glückstadt, Marienburger Straße	LINESTRING(9.424901 53.800556,9.4247891 53.800498700000006)
286	Glückstadt	Königsberger Straße	de:01061:106257::2	53.800569	9.42481		MATCHED	n9624731305	10.1	0.49	Glückstadt, Königsberger Straße			Glückstadt, Elbschule	LINESTRING(9.42481 53.800569,9.4246821 53.8005197)
287	Glückstadt	Königsberger Straße(Abgemeldet)	de:01061:31062::1	53.802326	9.421321		NO_MATCH_AND_SEEMS_UNSERVED								POINT(9.421321 53.802326)
288	Glückstadt	Königsberger Straße(Abgemeldet)	de:01061:31062::2	53.801992	9.420786		NO_MATCH_AND_SEEMS_UNSERVED								POINT(9.420786 53.801992)
289	Glückstadt	Königskoppel	de:01061:9095393::1	53.795906	9.415448		NO_MATCH_AND_SEEMS_UNSERVED								POINT(9.415448 53.795906)
290	Glückstadt	Königskoppel	de:01061:9095393::2	53.795954	9.415339		NO_MATCH_AND_SEEMS_UNSERVED								POINT(9.415339 53.795954)
291	Glückstadt	Marienburger Straße	de:01061:106256::1	53.803781	9.428796		MATCHED	n1350469310	7.1	0.57	Glückstadt, Marienburger Straße			Glückstadt, Breslauer Straße	LINESTRING(9.428796 53.803781,9.4287217 53.8038274)
292	Glückstadt	Marienburger Straße	de:01061:106256::2	53.804426	9.427545		MATCHED	n11384019780	23.6	0.3	Glückstadt, Marienburger Straße			Glückstadt, Reichenberger Straße	LINESTRING(9.427545 53.804426,9.4272711 53.8045625)
293	Glückstadt	Nordmarkstraße (West)	de:01061:31075::1	53.784044	9.427454		MATCHED	n1351455417	3.3	0.73	Glückstadt, Nordmarkstraße (West)			Glückstadt, Am Markt	LINESTRING(9.427454 53.784044,9.427489900000001 53.784064400000005)
294	Glückstadt	Nordmarkstraße (West)	de:01061:31075::2	53.783986	9.427379		MATCHED	n1351455415	172.1	0.06	Glückstadt, Nordmarkstraße (West)			Glückstadt, Temmingstraße	LINESTRING(9.427379 53.783986,9.428430200000001 53.782569800000005)
295	Glückstadt	Reichenberger Straße	de:01061:106258::1	53.802376	9.427929		MATCHED	n11400202043	2.5	0.77	Glückstadt, Reichenberger Straße			Glückstadt, Königsberger Straße	LINESTRING(9.427929 53.802376,9.427913700000001 53.802396900000005)
296	Glückstadt	Reichenstraße	de:01061:9099080::1	53.785566	9.422228		NO_MATCH_AND_SEEMS_UNSERVED								POINT(9.422228 53.785566)
297	Glückstadt	Reichenstraße	de:01061:9099080::2	53.785626	9.422271		NO_MATCH_AND_SEEMS_UNSERVED								POINT(9.422271 53.785626)
298	Glückstadt	Rhinstraße	de:01061:31056::1	53.786202	9.429878		MATCHED	n1348265258	7.6	0.55	Glückstadt, Rhinstraße			Glückstadt, Bahnhof	LINESTRING(9.429878 53.786202,9.429958500000001 53.786250800000005)
299	Glückstadt	Rhinstraße	de:01061:31056::2	53.78604	9.429185		MATCHED	n1348265253	5.1	0.64	Glückstadt, Rhinstraße			Glückstadt Markt	LINESTRING(9.429185 53.78604,9.4291151 53.7860589)
300	Glückstadt	Schmiedestraße	de:01061:106252::1	53.775796	9.435633		NO_MATCH_AND_SEEMS_UNSERVED								POINT(9.435633 53.775796)
301	Glückstadt	Schmiedestraße	de:01061:106252::2	53.775786	9.435771		MATCHED_THOUGH_OSM_NO_NAME	n5120875389	5.9	0.19					LINESTRING(9.435771 53.775786,9.4357793 53.775733)
302	Glückstadt	Schwanenstraße	de:01061:9099081::1	53.783253	9.442723		NO_MATCH_AND_SEEMS_UNSERVED								POINT(9.442723 53.783253)
303	Glückstadt	Sperforkenweg	de:01061:9099071::1	53.803875	9.416083		NO_MATCH_AND_SEEMS_UNSERVED								POINT(9.416083 53.803875)
304	Glückstadt	Sperforkenweg	de:01061:9099071::2	53.803873	9.415927		NO_MATCH_AND_SEEMS_UNSERVED								POINT(9.415927 53.803873)
305	Glückstadt	Sperrwerk	de:01061:9099079::1	53.785599	9.416134		NO_MATCH_AND_SEEMS_UNSERVED								POINT(9.416134 53.785599)
306	Glückstadt	St. Marien Kirche	de:01061:106255::1	53.795903	9.422342		MATCHED	n1350469269	2.0	0.8	Glückstadt, St. Marien Kirche			Glückstadt, Elbschule	LINESTRING(9.422342 53.795903,9.4223614 53.795889)
307	Glückstadt	St. Marien Kirche	de:01061:106255::2	53.795593	9.422097		NO_MATCH_AND_SEEMS_UNSERVED								POINT(9.422097 53.795593)
308	Glückstadt	Stadtstraße (Mitte)	de:01061:106249::1	53.779791	9.432356		MATCHED_THOUGH_OSM_NO_NAME	n5120875388	11.2	0.15					LINESTRING(9.432356 53.779791,9.4321927 53.779819800000006)
309	Glückstadt	Stadtstraße (Mitte)	de:01061:106249::2	53.779859	9.432395		NO_MATCH_AND_SEEMS_UNSERVED								POINT(9.432395 53.779859)
310	Glückstadt	Stettiner Straße	de:01061:106251::1	53.800642	9.418291		MATCHED	n1350469285	37.1	0.21	Glückstadt, Stettiner Straße				LINESTRING(9.418291 53.800642,9.4178615 53.800425800000006)
311	Glückstadt	Stettiner Straße	de:01061:106251::2	53.800617	9.418413		MATCHED	n11250805092	25.2	0.28	Glückstadt, Stettiner Straße			Glückstadt, Breslauer Straße	LINESTRING(9.418413 53.800617,9.4181463 53.80045500000001)
312	Glückstadt	Temmingstraße	de:01061:31076::1	53.778466	9.432351		MATCHED	n1351455410	6.9	0.57	Glückstadt, Temmingstraße			Glückstadt, Nordmarkstraße (West)	LINESTRING(9.432351 53.778466,9.432409100000001 53.7784143)
313	Glückstadt	Temmingstraße	de:01061:31076::2	53.77791	9.432642		MATCHED	n1351455407	2.9	0.74	Glückstadt, Temmingstraße			Glückstadt, Herrenfeld	LINESTRING(9.432642 53.77791,9.4326264 53.7778854)
314	Glückstadt	Von-Drathen-Weg	de:01061:31077::1	53.794969	9.432542		MATCHED	n11001970425	104.0	0.09	Glückstadt, Von-Drathen-Weg			Glückstadt, Krankenhaus / Glückstadt, Detlefsengymnasium	LINESTRING(9.432542 53.794969,9.4333975 53.7957545)
315	Glückstadt	Von-Drathen-Weg	de:01061:31077::2	53.794969	9.432349		NO_MATCH_AND_SEEMS_UNSERVED								POINT(9.432349 53.794969)
316	Glückstadt	Wanda-Oesau-Straße	de:01061:9099077::1	53.794675	9.412899		NO_MATCH_AND_SEEMS_UNSERVED								POINT(9.412899 53.794675)
317	Glückstadt	Wiebeke-Kruse-Straße	de:01061:31074::1	53.797627	9.43566		MATCHED	n336250174	7.1	0.57	Glückstadt, Wiebeke-Kruse-Straße			Glückstadt, Von-Drathen-Weg / Blomesche Wildnis, An der Chaussee 63	LINESTRING(9.43566 53.797627,9.4357583 53.797600300000006)
318	Glückstadt	Wiebeke-Kruse-Straße (ooOrder)	de:01061:9095597::1	53.797584	9.43547		NO_MATCH_AND_SEEMS_UNSERVED								POINT(9.43547 53.797584)
319	Grevenkop	Am Rundhof	de:01061:32128::1	53.836062	9.498206		MATCHED	n1355415944	69.7	0.13	Grevenkop, Am Rundhof			Grevenkop, Grevenkoper Riep	LINESTRING(9.498206 53.836062,9.4992637 53.83602380000001)
320	Grevenkop	Am Rundhof	de:01061:32128::2	53.835919	9.498096		MATCHED	n1355415952	135.0	0.07	Grevenkop, Am Rundhof			Krempe, Neuenbrooker Straße (Süd)	LINESTRING(9.498096 53.835919,9.500072000000001 53.836246100000004)
321	Grevenkop	Feuerwehr	de:01061:32129::2	53.842104	9.536334		MATCHED	n1621824639	10.2	0.49	Grevenkop, Feuerwehr			Grevenkop, Grevenkoper Riep	LINESTRING(9.536334 53.842104,9.5361878 53.842074600000004)
322	Grevenkop	Feuerwehr	de:01061:32129::4	53.841955	9.536291		MATCHED	n1621824637	3.0	0.74	Grevenkop, Feuerwehr			Neuenbrook, Hauptstraße	LINESTRING(9.536291 53.841955,9.5363301 53.8419681)
323	Grevenkop	Grevenkoper Riep	de:01061:32130::1	53.842049	9.516122		MATCHED	n1355497074	2.4	0.78	Grevenkop, Grevenkoper Riep			Grevenkop, Feuerwehr	LINESTRING(9.516122 53.842049,9.516099800000001 53.8420659)
324	Grevenkop	Grevenkoper Riep	de:01061:32130::2	53.842211	9.516499		MATCHED	n1355497078	3.3	0.72	Grevenkop, Grevenkoper Riep			Grevenkop, Am Rundhof	LINESTRING(9.516499 53.842211,9.5164554 53.842225600000006)
325	Grevenkop	Hauptstraße 18	de:01061:32129::1	53.841882	9.543556		MATCHED	n1621824636	5.4	0.61	Grevenkop, Hauptstraße 18			Steinburg, Süderauer Dorfstraße	LINESTRING(9.543556 53.841882,9.5434783 53.8418664)
326	Grevenkop	Hauptstraße 18	de:01061:32129::3	53.84197	9.542925		MATCHED	n1621824638	24.4	0.28	Grevenkop, Hauptstraße 18			Neuenbrook, Hauptstraße	LINESTRING(9.542925 53.84197,9.5432903 53.842009100000006)
327	Grevenkop	Süderau Süderauerdorfstraße(Mitte)	de:01061:9099057::1	53.832324	9.552775		MATCHED	n12450199036	6.0	0.61	Süderau, Süderauerdorfstraße (Mitte)				LINESTRING(9.552775 53.832324,9.5528631 53.832309800000004)
328	Grevenkop	Süderau Süderauerdorfstraße(Mitte)	de:01061:9099057::2	53.832352	9.552587		NO_MATCH_AND_SEEMS_UNSERVED								POINT(9.552587 53.832352)
329	Grevenkop	Süderau-Steinburg Süderauer Dorfstraße	de:01061:89595::1	53.841518	9.560467		MATCHED	n4257845182	3.0	0.7	Steinburg, Süderauer Dorfstraße			Steinburg, Lübscher Landweg	LINESTRING(9.560467 53.841518,9.560494700000001 53.8415394)
330	Grevenkop	Süderau-Steinburg Süderauer Dorfstraße	de:01061:89595::2	53.841583	9.560429		MATCHED	n4257845185	12.2	0.42	Steinburg, Süderauer Dorfstraße			Grevenkop, Hauptstraße 18	LINESTRING(9.560429 53.841583,9.560607300000001 53.841612500000004)
331	Gribbohm	An der Bundesstraße	de:01061:9031::1	54.017918	9.328428		NO_MATCH_AND_SEEMS_UNSERVED								POINT(9.328428 54.017918)
332	Gribbohm	An der Bundesstraße	de:01061:9031::2	54.017895	9.328639		NO_MATCH_AND_SEEMS_UNSERVED								POINT(9.328639 54.017895)
333	Gribbohm	Fasanenweg	de:01061:32141::1	54.025165	9.349242		MATCHED	n10059522123	4.7	0.66	Gribbohm, Fasanenweg				LINESTRING(9.349242 54.025165,9.349207 54.0252022)
334	Gribbohm	Fasanenweg	de:01061:32141::2	54.026192	9.34857		MATCHED	n10059522122	2.1	0.79	Gribbohm, Fasanenweg				LINESTRING(9.34857 54.026192,9.3485552 54.026208600000004)
335	Gribbohm	Langenklinter Weg	de:01061:32143::1	54.029318	9.347358		MATCHED	n10059483910	17.9	0.36	Gribbohm, Langenklinter Weg				LINESTRING(9.347358 54.029318,9.347375000000001 54.0291572)
336	Gribbohm	Langenklinter Weg	de:01061:32143::2	54.029159	9.347184		MATCHED	n10059483909	9.7	0.5	Gribbohm, Langenklinter Weg				LINESTRING(9.347184 54.029159,9.347231500000001 54.029076)
337	Gribbohm	Niewisch	de:01061:32142::1	54.024891	9.352377		MATCHED	n2443538736	3.4	0.72	Gribbohm, Niewisch			Wacken, Mühlenweg	LINESTRING(9.352377 54.024891,9.352390600000001 54.024920300000005)
338	Gribbohm	Niewisch	de:01061:32142::2	54.025049	9.352535		MATCHED	n4605190268	6.3	0.6	Gribbohm, Niewisch			Holstenniendorf	LINESTRING(9.352535 54.025049,9.352459000000001 54.025014500000005)
339	Hadenfeld	Lindenweg	de:01061:34533::1	54.032864	9.45802		MATCHED	n6304632450	20.7	0.32	Hadenfeld, Lindenweg			Agethorst, Dorfstraße 17	LINESTRING(9.45802 54.032864,9.4583206 54.0328066)
340	Hadenfeld	Lindenweg	de:01061:34533::2	54.033209	9.457159		MATCHED	n6304632451	127.0	0.08	Hadenfeld, Lindenweg			Schenefeld, Am Markt	LINESTRING(9.457159 54.033209,9.458566000000001 54.032423)
341	Hadenfeld	Ochsenweg	de:01061:34532::1	54.033835	9.456266		NO_MATCH_AND_SEEMS_UNSERVED								POINT(9.456266 54.033835)
342	Heiligenstedten	Alte Landstraße	de:01061:106300::1	53.944354	9.46641		MATCHED	n6558586741	5.7	0.62	Heiligenstedten, Alte Landstraße			Heiligenstedten, Fischdiek	LINESTRING(9.46641 53.944354,9.4664424 53.944306700000006)
343	Heiligenstedten	Alte Landstraße	de:01061:106300::2	53.94442	9.466512		MATCHED	n6558602409	9.6	0.5	Heiligenstedten, Alte Landstraße			Oldendorf, Schöne Aussicht	LINESTRING(9.466512 53.94442,9.466595400000001 53.944348700000006)
344	Heiligenstedten	Fischdiek	de:01061:106301::1	53.940566	9.469554		MATCHED	n6558586743	0.9	0.88	Heiligenstedten, Fischdiek			Heiligenstedten, Sportzentrum	LINESTRING(9.469554 53.940566,9.469563800000001 53.9405603)
345	Heiligenstedten	Fischdiek	de:01061:106301::2	53.940983	9.469491		MATCHED	n6558586742	8.1	0.54	Heiligenstedten, Fischdiek			Heiligenstedten, Alte Landstraße	LINESTRING(9.469491 53.940983,9.4696137 53.940984500000006)
346	Heiligenstedten	Juliankadamm	de:01061:9000011::1	53.930914	9.46887	bus	NO_MATCH					6610,6624	Bekmünde Hauptstraße 26		POINT(9.46887 53.930914)
347	Heiligenstedten	Max-Tobias-Weg	de:01061:40310::1	53.932479	9.473879		MATCHED	n1381859984	44.0	0.19	Heiligenstedten, Max-Tobias-Weg			Itzehoe Papenkamp	LINESTRING(9.473879 53.932479,9.474505800000001 53.932619)
348	Heiligenstedten	Max-Tobias-Weg	de:01061:40310::2	53.932526	9.473491		MATCHED	n1381859976	4.8	0.65	Heiligenstedten, Max-Tobias-Weg			Heiligenstedten, Sportzentrum	LINESTRING(9.473491 53.932526,9.4735204 53.932486600000004)
349	Heiligenstedten	Schule	de:01061:5039::1	53.942836	9.467875		NO_MATCH_AND_SEEMS_UNSERVED								POINT(9.467875 53.942836)
350	Heiligenstedten	Sportzentrum	de:01061:106302::1	53.932006	9.469239		MATCHED	n6558586744	0.4	0.91	Heiligenstedten, Sportzentrum			Heiligenstedten, Max-Tobias-Weg	LINESTRING(9.469239 53.932006,9.469245200000001 53.9320043)
351	Heiligenstedten	Sportzentrum	de:01061:106302::2	53.932091	9.469333		MATCHED	n6558586745	6.3	0.6	Heiligenstedten, Sportzentrum			Heiligenstedten, Fischdiek	LINESTRING(9.469333 53.932091,9.4694182 53.932065900000005)
352	Heiligenstedten	Wiesengrund	de:01061:40309::1	53.930325	9.467935		NO_MATCH_AND_SEEMS_UNSERVED								POINT(9.467935 53.930325)
353	Heiligenstedten	Wiesengrund	de:01061:40309::2	53.930988	9.46899	bus	NO_MATCH_BUT_OTHER_PLATFORM_MATCHED					6610	Itzehoe Papenkamp		POINT(9.46899 53.930988)
354	Heiligenstedten	Wiesengrund	de:01061:40309::3	53.928956	9.46605		MATCHED	n6558602399	16.7	0.37	Heiligenstedten, Wiesengrund			Bekmünde, Hauptstraße 26	LINESTRING(9.46605 53.928956,9.4662693 53.928879900000005)
355	Heiligenstedtenerkamp	Mittelstraße	de:01061:106305::1	53.899464	9.46618		MATCHED	n7618005190	21.5	0.32	Heiligenstedtenerkamp, Mittelstraße				LINESTRING(9.46618 53.899464,9.4665 53.899503700000004)
356	Heiligenstedtenerkamp	Mittelstraße	de:01061:106305::2	53.899174	9.466522		NO_MATCH_AND_SEEMS_UNSERVED								POINT(9.466522 53.899174)
357	Heiligenstedtenerkamp	Neue Straße	de:01061:106304::1	53.901013	9.4706		MATCHED	n7618000048	21.7	0.31	Heiligenstedtenerkamp, Neue Straße				LINESTRING(9.4706 53.901013,9.4703952 53.900860400000006)
358	Heiligenstedtenerkamp	Neue Straße	de:01061:106304::2	53.900831	9.470161		MATCHED	n7618000049	2.1	0.79	Heiligenstedtenerkamp, Neue Straße				LINESTRING(9.470161 53.900831,9.470129700000001 53.9008328)
359	Hennstedt	Borstel	de:01061:41010::1	54.026755	9.715567	bus	MATCHED	n6582548677	6.6	0.76	Hennstedt, Borstel	785	Hennstedt(b Itzehoe) Itzehoer Straße (Süd)	Hennstedt, Itzehoer Straße (Süd)	LINESTRING(9.715567 54.026755,9.7154988 54.0267112)
360	Hennstedt	Borstel	de:01061:41010::2	54.026829	9.716009	bus	MATCHED	n6582548676	29.2	0.49	Hennstedt, Borstel	785	Hennstedt(b Itzehoe) Stilker	Hennstedt, Stilker	LINESTRING(9.716009 54.026829,9.7156911 54.0266455)
361	Hennstedt	Itzehoer Straße (Süd)	de:01061:41005::1	54.020725	9.704688	bus	MATCHED	n9070679999	20.7	0.56	Hennstedt, Itzehoer Straße (Süd)	785	Lockstedt Am Harr	Lockstedt, Am Harr	LINESTRING(9.704688 54.020725,9.7044058 54.0206406)
362	Hennstedt	Itzehoer Straße (Süd)	de:01061:41005::2	54.020809	9.704562	bus	MATCHED	n9070679998	13.5	0.64	Hennstedt, Itzehoer Straße (Süd)	785	Hennstedt(b Itzehoe) Borstel	Hennstedt, Borstel	LINESTRING(9.704562 54.020809,9.7047039 54.020720700000005)
363	Hennstedt	Sattelkamp	de:01061:41009::1	54.033613	9.728577	bus	MATCHED	n6582548673	18.8	0.41	Hennstedt, Sattelkamp	785	Hennstedt(b Itzehoe) Stilker	Aukrug, Waldhütten	LINESTRING(9.728577 54.033613,9.7284742 54.033455200000006)
364	Hennstedt	Sattelkamp	de:01061:41009::2	54.033613	9.728577	bus	MATCHED	n6582548674	15.2	0.46	Hennstedt, Sattelkamp	785	Wiedenborstel	Hennstedt, Stilker	LINESTRING(9.728577 54.033613,9.7283799 54.033540800000004)
365	Hennstedt	Schulstraße	de:01061:41006::1	54.030705	9.717981	bus	MATCHED	n6582602097	1.7	0.9	Hennstedt, Schulstraße	756	Poyenberg Am Sportplatz	Poyenberg, Am Sportplatz	LINESTRING(9.717981 54.030705,9.718004 54.0306979)
366	Hennstedt	Schulstraße	de:01061:41006::2	54.030641	9.717987	bus	MATCHED	n6582602096	3.1	0.85	Hennstedt, Schulstraße	756	Hennstedt(b Itzehoe) Seelust	Hennstedt, Seelust	LINESTRING(9.717987 54.030641,9.718 54.030614400000005)
367	Hennstedt	Seelust	de:01061:41008::1	54.025735	9.717567		MATCHED	n9659331282	4.8	0.65	Hennstedt, Seelust			Hennstedt, Schulstraße	LINESTRING(9.717567 54.025735,9.717638200000001 54.0257231)
368	Hennstedt	Seelust	de:01061:41008::2	54.025413	9.717495	bus	MATCHED	n9659331279	4.6	0.81	Hennstedt, Seelust	756	Rade(b Kellinghusen) Dorfstraße	Rade b. Kellinghusen	LINESTRING(9.717495 54.025413,9.7174893 54.025372000000004)
369	Hennstedt	Stilker	de:01061:41007::1	54.030845	9.722559	bus	MATCHED	n6582602098	16.7	0.6	Hennstedt, Stilker	785	Hennstedt(b Itzehoe) Borstel	Hennstedt, Borstel	LINESTRING(9.722559 54.030845,9.7227648 54.0309339)
370	Hennstedt	Stilker	de:01061:41007::2	54.030845	9.722559	bus	MATCHED	n6582602099	17.9	0.58	Hennstedt, Stilker	785	Hennstedt(b Itzehoe) Sattelkamp	Hennstedt, Sattelkamp	LINESTRING(9.722559 54.030845,9.722808800000001 54.030779900000006)
371	Herzhorn	Am Altendeich	de:01061:41768::1	53.790609	9.486689		MATCHED	n1354624925	70.2	0.13	Herzhorn, Am Altendeich			Elskop, Dorfstraße 15	LINESTRING(9.486689 53.790609,9.485825400000001 53.7902398)
372	Herzhorn	Am Altendeich	de:01061:41768::2	53.790804	9.486928		MATCHED	n1354624927	6.9	0.58	Herzhorn, Am Altendeich			Herzhorn, Schule	LINESTRING(9.486928 53.790804,9.486837900000001 53.7907731)
373	Herzhorn	Bahnhof	de:01061:41769::1	53.78336	9.484377		MATCHED	n11073097834	22.0	0.26	Bf. Herzhorn			Glückstadt, Detlefsengymnasium	LINESTRING(9.484377 53.78336,9.4844829 53.783172900000004)
374	Herzhorn	Bahnhof	de:01061:41769::2	53.783679	9.484154		NO_MATCH_AND_SEEMS_UNSERVED								POINT(9.484154 53.783679)
375	Herzhorn	Gehlensiel/Brunsholt	de:01061:41770::1	53.773065	9.540015		MATCHED	n1562506893	9.4	0.43	Gehlensiel, Brunsholt			Kollmar, Strohdeich	LINESTRING(9.540015 53.773065,9.5400313 53.7729811)
376	Herzhorn	Schule	de:01061:41772::1	53.786886	9.48487		MATCHED	n1354624869	9.8	0.49	Herzhorn, Schule			Engelbrechtsche Wildnis, Grillchaussee 89 / Herzhorn, Am Altendeich	LINESTRING(9.48487 53.786886,9.4850095 53.7868555)
377	Hingstheide	Kreuzphal	de:01061:42544::1	53.909617	9.744212		MATCHED	n4235878868	34.8	0.12	Hingstheide				LINESTRING(9.744212 53.909617,9.7437039 53.9097044)
378	Hingstheide	Kreuzphal	de:01061:42544::2	53.909725	9.744083		MATCHED	n11774080450	24.4	0.16	Hingstheide				LINESTRING(9.744083 53.909725,9.743717700000001 53.90976250000001)
379	Hohenaspe	An der Bekau	de:01061:42905::1	53.990599	9.492545		MATCHED	n10229359079	28.5	0.26	Hohenaspe, An der Bekau				LINESTRING(9.492545 53.990599,9.4923417 53.9908252)
380	Hohenaspe	An der Bekau	de:01061:42905::2	53.990469	9.492341		MATCHED	n375527437	4.2	0.68	Hohenaspe, An der Bekau			Hohenaspe, Schulstraße	LINESTRING(9.492341 53.990469,9.4923588 53.990504800000004)
381	Hohenaspe	Ostlandring	de:01061:9165443::1	53.987783	9.516338		MATCHED	n5073428601	1.8	0.81	Hohenaspe, Ostlandring			Hohenaspe, Am Burndahl (West)	LINESTRING(9.516338 53.987783,9.5163334 53.9877668)
382	Hohenaspe	Ostlandring	de:01061:9165443::2	53.987782	9.516933		MATCHED	n5073428602	6.7	0.58	Hohenaspe, Ostlandring			Hohenaspe, Schulstraße	LINESTRING(9.516933 53.987782,9.5168431 53.9877526)
383	Hohenaspe	Pohlmannstraße	de:01061:9165444::1	53.995431	9.526958		MATCHED	n6302412062	3.0	0.74	Hohenaspe, Pohlmannstraße			Hohenaspe, Schulstraße	LINESTRING(9.526958 53.995431,9.5269467 53.9954048)
384	Hohenaspe	Pohlmannstraße	de:01061:9165444::2	53.995337	9.527252		MATCHED	n6302412061	9.6	0.5	Hohenaspe, Pohlmannstraße			Drage, Dorfstraße	LINESTRING(9.527252 53.995337,9.5271979 53.995417100000004)
385	Hohenaspe	Schulstraße	de:01061:9165445::1	53.989408	9.527954		MATCHED	n5073425452	4.1	0.68	Hohenaspe, Schulstraße			Hohenaspe, Ostlandring	LINESTRING(9.527954 53.989408,9.52796 53.9894449)
386	Hohenaspe	Schulstraße	de:01061:9165445::2	53.989543	9.528247		MATCHED	n5073425453	0.2	0.93	Hohenaspe, Schulstraße			Hohenaspe, Pohlmannstraße / Pöschendorf, Breitenfelde (Süd)	LINESTRING(9.528247 53.989543,9.5282485 53.989541300000006)
387	Hohenaspe	Stein	de:01061:9165519	53.983911	9.50139		MATCHED_AMBIGUOUSLY	n2312962133	10.9	0.47	Hohenaspe Stein				LINESTRING(9.50139 53.983911,9.5015113 53.983843500000006)
388	Hohenaspe	Stein	de:01061:9165519	53.983911	9.50139		MATCHED_AMBIGUOUSLY	n2312962134	3.5	0.72	Hohenaspe Stein				LINESTRING(9.50139 53.983911,9.501392300000001 53.9839421)
389	Hohenfelde	Denkmal	de:01061:42951::1	53.843706	9.621612		MATCHED	n1363767307	2.3	0.78	Hohenfelde, Denkmal			Hohenfelde, Niederreihe 29 / Rethwisch, Dorfstraße	LINESTRING(9.621612 53.843706,9.621646400000001 53.8437021)
390	Hohenfelde	Denkmal	de:01061:42951::2	53.843496	9.621586		NO_MATCH_AND_SEEMS_UNSERVED								POINT(9.621586 53.843496)
391	Hohenfelde	Eichenweg	de:01061:42956::1	53.842435	9.624958		NO_MATCH_AND_SEEMS_UNSERVED								POINT(9.624958 53.842435)
392	Hohenfelde	Eichenweg	de:01061:42956::2	53.842283	9.624741		MATCHED	n1363767133	23.3	0.3	Hohenfelde, Eichenweg			Hohenfelde, Denkmal	LINESTRING(9.624741 53.842283,9.624393000000001 53.842324100000006)
393	Hohenfelde	Fegefeuer	de:01061:42955::1	53.832316	9.590442		MATCHED	n3455799566	3.5	0.72	Hohenfelde, Fegefeuer			Horst, Grönländer Chaussee	LINESTRING(9.590442 53.832316,9.5904483 53.8322851)
394	Hohenfelde	Fegefeuer	de:01061:42955::2	53.832758	9.590122		MATCHED	n3455799567	2.5	0.77	Hohenfelde, Fegefeuer			Steinburg, Doratwiete / Steinburg, Lübscher Landweg	LINESTRING(9.590122 53.832758,9.5901166 53.83278060000001)
395	Hohenfelde	Feuerwehrhaus	de:01061:42949::1	53.843984	9.626088		MATCHED	n1363767312	5.5	0.63	Hohenfelde, Feuerwehrhaus			Hohenfelde, Eichenweg	LINESTRING(9.626088 53.843984,9.6260726 53.8439355)
396	Hohenfelde	Feuerwehrhaus	de:01061:42949::2	53.84401	9.626171		NO_MATCH_AND_SEEMS_UNSERVED								POINT(9.626171 53.84401)
397	Hohenfelde	Glindesmoor	de:01061:42953::1	53.844872	9.654777		MATCHED	n11302315934	13.2	0.42	Hohenfelde, Glindesmoor				LINESTRING(9.654777 53.844872,9.6546704 53.8449722)
398	Hohenfelde	Glindesmoor	de:01061:42953::2	53.845926	9.65778		NO_MATCH_AND_SEEMS_UNSERVED								POINT(9.65778 53.845926)
399	Hohenfelde	Niederreihe 12	de:01061:42950::1	53.843927	9.594628		NO_MATCH_AND_SEEMS_UNSERVED								POINT(9.594628 53.843927)
400	Hohenfelde	Niederreihe 12	de:01061:42950::2	53.844005	9.594516		MATCHED_THOUGH_DISTANT	n10965331119	217.8	0.05	Hohenfelde, Niederreihe 12				LINESTRING(9.594516 53.844005,9.5912092 53.844085500000006)
401	Hohenfelde	Niederreihe 17	de:01061:9099051::1	53.845494	9.600675		NO_MATCH_AND_SEEMS_UNSERVED								POINT(9.600675 53.845494)
402	Hohenfelde	Niederreihe 17	de:01061:9099051::2	53.845478	9.600541		NO_MATCH_AND_SEEMS_UNSERVED								POINT(9.600541 53.845478)
403	Hohenfelde	Niederreihe 29	de:01061:42952::1	53.844425	9.607824		MATCHED	n3455725340	4.0	0.67	Hohenfelde, Niederreihe 29			Hohenfelde, Feuerwehrhaus	LINESTRING(9.607824 53.844425,9.6077666 53.8444134)
404	Hohenfelde	Niederreihe 29	de:01061:42952::2	53.844517	9.608591		MATCHED	n3455725342	8.5	0.51	Hohenfelde, Niederreihe 29			Steinburg, Doratwiete	LINESTRING(9.608591 53.844517,9.608465800000001 53.8445351)
405	Hohenfelde	Süderau-Steinburg Doratwie	de:01061:89594::1	53.84401	9.577764		MATCHED	n10965868162	14.0	0.32	Steinburg, Doratwiete			Hohenfelde, Niederreihe 29	LINESTRING(9.577764 53.84401,9.577566800000001 53.8439618)
406	Hohenfelde	Süderau-Steinburg Doratwie	de:01061:89594::2	53.844131	9.57679		MATCHED	n10965868161	8.0	0.43	Steinburg, Doratwiete			Hohenfelde, Fegefeuer	LINESTRING(9.57679 53.844131,9.5769078 53.844146900000005)
407	Hohenfelde	Wisch	de:01061:42954::1	53.843551	9.647186		MATCHED	n1363767293	2.1	0.79	Hohenfelde, Wisch				LINESTRING(9.647186 53.843551,9.647217000000001 53.8435451)
408	Hohenfelde	Wisch	de:01061:42954::2	53.843707	9.647535		MATCHED	n1363767304	1.2	0.85	Hohenfelde, Wisch				LINESTRING(9.647535 53.843707,9.647539700000001 53.8437174)
409	Hohenlockstedt	Bahnhofstraße	de:01061:43007::1	53.95958	9.61583	bus	MATCHED	n5058938723	2.7	0.87	Hohenlockstedt, Bahnhofstraße	785	Hohenlockstedt Rathaus	Hohenlockstedt, Helgolandstraße	LINESTRING(9.61583 53.95958,9.6157964 53.9595933)
410	Hohenlockstedt	Bahnhofstraße	de:01061:43007::2	53.960183	9.616453	bus	MATCHED	n7973034963	2.5	0.87	Hohenlockstedt, Bahnhofstraße	785	Winseldorf Hauptstraße	Winseldorf, Hauptstraße	LINESTRING(9.616453 53.960183,9.616423000000001 53.96019630000001)
411	Hohenlockstedt	Birkenallee	de:01061:43001::1	53.965671	9.621511		MATCHED	n5227216107	20.8	0.32	Hohenlockstedt, Birkenallee			Hohenlockstedt, Hebbelstraße	LINESTRING(9.621511 53.965671,9.621743200000001 53.9655435)
412	Hohenlockstedt	Birkenallee	de:01061:43001::2	53.965671	9.621511		MATCHED	n5227216108	20.8	0.32	Hohenlockstedt, Birkenallee			Hohenlockstedt, Helgolandstraße	LINESTRING(9.621511 53.965671,9.6218196 53.9656287)
413	Hohenlockstedt	Breslauer Straße	de:01061:43003::1	53.976834	9.621387	bus	MATCHED	n7190802007	156.2	0.24	Hohenlockstedt, Breslauer Straße	785	Hohenlockstedt Hohenfierter Weg	Hohenlockstedt, Hohenfierter Weg	LINESTRING(9.621387 53.976834,9.6194973 53.9759795)
414	Hohenlockstedt	Breslauer Straße	de:01061:43003::2	53.976834	9.621387	bus	MATCHED	n7190802006	173.4	0.23	Hohenlockstedt, Breslauer Straße	785	Hohenlockstedt Dresdener Straße	Hohenlockstedt, Dresdener Straße	LINESTRING(9.621387 53.976834,9.619191200000001 53.975965800000004)
415	Hohenlockstedt	Dresdener Straße	de:01061:43002::1	53.973799	9.615609	bus	MATCHED	n5735172601	68.1	0.35	Hohenlockstedt, Dresdener Straße	785	Hohenlockstedt Breslauer Straße	Hohenlockstedt, Breslauer Straße	LINESTRING(9.615609 53.973799,9.615386500000001 53.9732009)
416	Hohenlockstedt	Dresdener Straße	de:01061:43002::2	53.973799	9.615609	bus	MATCHED	n5735172602	57.1	0.38	Hohenlockstedt, Dresdener Straße	785	Hohenlockstedt Helgolandstraße	Hohenlockstedt, Helgolandstraße	LINESTRING(9.615609 53.973799,9.615284500000001 53.9733224)
417	Hohenlockstedt	Fehrsstraße	de:01061:43012::1	53.970056	9.63164		MATCHED	n5058938119	86.1	0.11	Hohenlockstedt, Fehrsstraße			Hohenlockstedt, Hebbelstraße	LINESTRING(9.63164 53.970056,9.6308287 53.9706647)
418	Hohenlockstedt	Fehrsstraße	de:01061:43012::2	53.97039	9.630978		MATCHED	n8093779017	5.5	0.62	Hohenlockstedt, Fehrsstraße			Mühlenbarbek, Feuerwehr	LINESTRING(9.630978 53.97039,9.630937300000001 53.9704337)
419	Hohenlockstedt	Flugplatz	de:01061:43006::1	53.983773	9.580379	bus	MATCHED	n5397681096	34.9	0.46	Hohenlockstedt, Flugplatz	755	Hohenlockstedt Hungriger Wolf	Hohenlockstedt, Hungriger Wolf	LINESTRING(9.580379 53.983773,9.5802639 53.983466400000005)
420	Hohenlockstedt	Flugplatz	de:01061:43006::2	53.984268	9.580757	bus	MATCHED	n5397681095	20.2	0.56	Hohenlockstedt, Flugplatz	755	Hohenlockstedt Ridders (Nord)	Hohenlockstedt, Ridders (Nord)	LINESTRING(9.580757 53.984268,9.5808202 53.9844457)
421	Hohenlockstedt	Hebbelstraße	de:01061:43013::1	53.96888	9.625749		MATCHED	n5366756693	0.8	0.89	Hohenlockstedt, Hebbelstraße			Hohenlockstedt, Birkenallee	LINESTRING(9.625749 53.96888,9.6257371 53.9688792)
422	Hohenlockstedt	Hebbelstraße	de:01061:43013::2	53.968375	9.625564		MATCHED	n5058938120	5.5	0.62	Hohenlockstedt, Hebbelstraße			Hohenlockstedt, Fehrsstraße	LINESTRING(9.625564 53.968375,9.6254807 53.9683816)
423	Hohenlockstedt	Helgolandstraße	de:01061:43004::1	53.965957	9.616684	bus	MATCHED_THOUGH_REVERSED_DIR	n5227216110	2.1	0.77	Hohenlockstedt, Helgolandstraße	785	Hohenlockstedt Dresdener Straße	Hohenlockstedt, Bahnhofstraße / Hohenlockstedt, Alter Bahnhof / Hohenlockstedt, Rathaus	LINESTRING(9.616684 53.965957,9.6166535 53.9659629)
424	Hohenlockstedt	Helgolandstraße	de:01061:43004::2	53.965778	9.616698	bus	MATCHED_THOUGH_REVERSED_DIR	n5227216109	1.7	0.79	Hohenlockstedt, Helgolandstraße	785	Hohenlockstedt Rathaus	Hohenlockstedt, Birkenallee / Hohenlockstedt, Dresdener Straße	LINESTRING(9.616698 53.965778,9.6167206 53.965770400000004)
425	Hohenlockstedt	Hohenfiert 22	de:01061:9000501::1	54.0074	9.63663		MATCHED	n10229497045	2.5	0.75	Hohenlockstedt, Hohenfiert 22				LINESTRING(9.63663 54.0074,9.636648600000001 54.0073802)
426	Hohenlockstedt	Hohenfiert 32	de:01061:9000502::1	54.01253	9.63664		MATCHED	n10229497046	8.9	0.5	Hohenlockstedt, Hohenfiert 32				LINESTRING(9.63664 54.01253,9.6366674 54.012608400000005)
427	Hohenlockstedt	Hohenfiert 6	de:01061:9005316::1	53.99781	9.63858		MATCHED	n9349278183	20.7	0.32	Hohenlockstedt, Hohenfiert 6				LINESTRING(9.63858 53.99781,9.6385968 53.9979955)
428	Hohenlockstedt	Hohenfierter Weg	de:01061:43010::1	53.973385	9.627983	bus	MATCHED	n8093779010	156.4	0.24	Hohenlockstedt, Hohenfierter Weg	785	Hohenlockstedt Springhoe 19	Hohenlockstedt, Springhoe 19	LINESTRING(9.627983 53.973385,9.626711700000001 53.9745739)
429	Hohenlockstedt	Hohenfierter Weg	de:01061:43010::2	53.973385	9.627983	bus	MATCHED	n8093779011	159.8	0.24	Hohenlockstedt, Hohenfierter Weg	785	Hohenlockstedt Breslauer Straße	Hohenlockstedt, Breslauer Straße	LINESTRING(9.627983 53.973385,9.626785700000001 53.974635500000005)
430	Hohenlockstedt	Hungriger Wolf	de:01061:43005::1	53.971071	9.571022	bus	MATCHED_THOUGH_DISTANT	n4306664729	241.1	0.19	Hohenlockstedt, Hungriger Wolf	755	Schlotfeld Amönenwarte	Itzehoe, Blauer Lappen	LINESTRING(9.571022 53.971071,9.5733069 53.972768800000004)
431	Hohenlockstedt	Hungriger Wolf	de:01061:43005::2	53.971071	9.571022	bus	MATCHED	n4306664728	139.3	0.25	Hohenlockstedt, Hungriger Wolf	755	Hohenlockstedt Flugplatz	Hohenlockstedt, Flugplatz	LINESTRING(9.571022 53.971071,9.5723225 53.972061000000004)
432	Hohenlockstedt	Rathaus	de:01061:43008::1	53.962713	9.619851	bus	MATCHED	n5417910789	126.3	0.26	Hohenlockstedt, Rathaus	785	Hohenlockstedt Bahnhofstraße	Winseldorf, Hauptstraße	LINESTRING(9.619851 53.962713,9.6187482 53.961782500000005)
433	Hohenlockstedt	Rathaus	de:01061:43008::2	53.962713	9.619851	bus	MATCHED	n5227216105	158.9	0.24	Hohenlockstedt, Rathaus	785	Hohenlockstedt Helgolandstraße	Hohenlockstedt, Helgolandstraße	LINESTRING(9.619851 53.962713,9.6185627 53.9615036)
434	Hohenlockstedt	Ridders (Nord)	de:01061:43009::1	54.002561	9.586547	bus	MATCHED_THOUGH_REVERSED_DIR	n4601098722	0.7	0.88	Hohenlockstedt, Ridders (Nord)	755	Hohenlockstedt Flugplatz	Peissen, Peissenerpohl	LINESTRING(9.586547 54.002561,9.586549600000001 54.0025552)
435	Hohenlockstedt	Ridders (Nord)	de:01061:43009::2	54.002172	9.586102	bus	MATCHED_THOUGH_REVERSED_DIR	n4601098721	62.6	0.11	Hohenlockstedt, Ridders (Nord)	755	Peissen Peissener Pohl	Hohenlockstedt, Flugplatz	LINESTRING(9.586102 54.002172,9.586189500000001 54.0027319)
436	Hohenlockstedt	Ridders 15	de:01061:9000503::1	53.99951	9.60578		MATCHED	n4811729386	0.7	0.87	Ridders 15				LINESTRING(9.60578 53.99951,9.6057748 53.9995046)
437	Hohenlockstedt	Ridders 20	de:01061:9085866::1	53.989221	9.610794		NO_MATCH_AND_SEEMS_UNSERVED								POINT(9.610794 53.989221)
438	Hohenlockstedt	Ridders 58	de:01061:9000504::1	54.00256	9.60069		MATCHED	n12069295796	13.3	0.41	Ridders 58				LINESTRING(9.60069 54.00256,9.600798900000001 54.00266130000001)
439	Hohenlockstedt	Ridders/Feuerwehr	de:01061:9000505::1	54.00226	9.6045		MATCHED	n6582586116	1.7	0.46	Ridders				LINESTRING(9.6045 54.00226,9.6044809 54.0022499)
440	Hohenlockstedt	Schulzentrum	de:01061:9005295::1	53.96838	9.6195		MATCHED	n9349266916	7.5	0.56	Hohenlockstedt, Schulzentrum				LINESTRING(9.6195 53.96838,9.6196038 53.968352700000004)
441	Hohenlockstedt	Schulzentrum	de:01061:9005295::2	53.96844	9.619283		NO_MATCH_AND_SEEMS_UNSERVED								POINT(9.619283 53.96844)
442	Hohenlockstedt	Springhoe 19	de:01061:86139::1	53.976499	9.634599	bus	NO_MATCH					785	Hohenlockstedt Hohenfierter Weg		POINT(9.634599 53.976499)
443	Hohenlockstedt	Springhoe 19	de:01061:86139::2	53.976388	9.634608	bus	NO_MATCH					785	Hohenlockstedt Springhoe 35		POINT(9.634608 53.976388)
444	Hohenlockstedt	Springhoe 35	de:01061:86140::1	53.982839	9.643226	bus	MATCHED_THOUGH_DISTANT	n6582586114	279.6	0.05	Hohenlockstedt, Springhoe 19	785	Hohenlockstedt Springhoe 19	Hohenlockstedt, Hohenfierter Weg	LINESTRING(9.643226 53.982839,9.6402911 53.981015600000006)
445	Hohenlockstedt	Springhoe 35	de:01061:86140::2	53.982701	9.643191	bus	MATCHED_THOUGH_DISTANT	n6582586115	265.0	0.06	Hohenlockstedt, Springhoe 19	785	Lockstedt Springhoe	Hohenlockstedt, Springhoe 35	LINESTRING(9.643191 53.982701,9.6404426 53.9809549)
446	Holstenniendorf	Holstenniendorf	de:01061:43364::1	54.041223	9.347833		MATCHED	n4319200649	23.9	0.29	Holstenniendorf			Gribbohm, Niewisch	LINESTRING(9.347833 54.041223,9.3477549 54.041012800000004)
447	Holstenniendorf	Holstenniendorf	de:01061:43364::2	54.041075	9.34796		MATCHED	n4319200650	7.9	0.54	Holstenniendorf			Besdorf, Bokelrehmer Straße	LINESTRING(9.34796 54.041075,9.3479226 54.0410072)
448	Horst (Holstein)	(Holst)	de:01061:44297::1	53.804478	9.645091	train	MATCHED	n1239947773	17.6	0.58	Horst (Holstein)	RB71	Elmshorn	Elmshorn	LINESTRING(9.645091 53.804478,9.6451027 53.804635600000005)
449	Horst (Holstein)	(Holst)	de:01061:44297::2	53.80454	9.645213		MATCHED	n1680910543	11.9	0.44	Horst (Holstein)			Dauenhof	LINESTRING(9.645213 53.80454,9.6451626 53.8046426)
450	Horst (Holstein)	Am Markt	de:01061:44311::1	53.811593	9.617379		MATCHED	n4257822009	3.8	0.7	Horst, Am Markt			Horst, Grönländer Chaussee / Horst, Ernst-Barlach-Straße	LINESTRING(9.617379 53.811593,9.617436600000001 53.8115935)
451	Horst (Holstein)	Am Markt	de:01061:44311::2	53.811945	9.616422		MATCHED	n4257822010	1.2	0.85	Horst, Am Markt			Horst, Amtsverwaltung / Bf. Horst	LINESTRING(9.616422 53.811945,9.616430600000001 53.8119352)
452	Horst (Holstein)	Amtsverwaltung	de:01061:44298::1	53.806599	9.623673		MATCHED	n2100182184	173.8	0.06	Horst, Amtsverwaltung			Horst, Am Markt / Kiebitzreihe, Wischreihe 9 / Horst, Ernst-Barlach-Straße	LINESTRING(9.623673 53.806599,9.6225924 53.808024100000004)
453	Horst (Holstein)	Amtsverwaltung	de:01061:44298::2	53.80673	9.623767		MATCHED	n2100182199	141.6	0.07	Horst, Amtsverwaltung			Horst, Schloburger Weg	LINESTRING(9.623767 53.80673,9.6225719 53.8077881)
454	Horst (Holstein)	An der Bundesstraße 28	de:01061:44303::1	53.785553	9.635477		MATCHED	n3927715812	5.8	0.6	Horst, An der Bundesstraße 28			Horst, Horster Landstraße 1	LINESTRING(9.635477 53.785553,9.635509800000001 53.78550490000001)
455	Horst (Holstein)	An der Bundesstraße 28	de:01061:44303::2	53.7861	9.635167		MATCHED	n3927715813	1.7	0.8	Horst, An der Bundesstraße 28			Horst, Horstmühle	LINESTRING(9.635167 53.7861,9.635187400000001 53.78610990000001)
456	Horst (Holstein)	Bahnhof	de:01061:44299::1	53.80555	9.644363		MATCHED	n11040049128	109.3	0.06	Bf. Horst			Horst, Wiesengrund	LINESTRING(9.644363 53.80555,9.645968100000001 53.8053004)
457	Horst (Holstein)	Bahnhof	de:01061:44299::2	53.805533	9.644343		MATCHED	n2333349745	0.9	0.6	Bf. Horst			Horst, Gewerbegebiet	LINESTRING(9.644343 53.805533,9.6443404 53.8055254)
458	Horst (Holstein)	Elmshorn/Hahnenkamp Grenzweg	de:01061:24062::1	53.774199	9.642329	bus	MATCHED_THOUGH_REVERSED_DIR	n2746948125	4.7	0.44	Elmshorn, Grenzweg	6503	Elmshorn, Hasenbusch	Horst, Horster Landstraße 1	LINESTRING(9.642329 53.774199,9.6423507 53.7741587)
459	Horst (Holstein)	Elmshorn/Hahnenkamp Grenzweg	de:01061:24062::2	53.773022	9.642513		MATCHED	n1757301451	30.7	0.18	Elmshorn, Grenzweg			Elmshorn, Hasenbusch	LINESTRING(9.642513 53.773022,9.6425664 53.7727476)
460	Horst (Holstein)	Elmshorn/Hahnenkamp Grenzweg	de:01061:24062::3	53.773682	9.643574	bus	MATCHED	n1757301450	1.5	0.78	Elmshorn, Grenzweg	6503	Elmshorn, Sonneck	Elmshorn, Sonneck	LINESTRING(9.643574 53.773682,9.643565500000001 53.7736694)
461	Horst (Holstein)	Ernst-Barlach-Straße	de:01061:44301::1	53.812325	9.626154		MATCHED	n4919635162	4.2	0.68	Horst, Ernst-Barlach-Straße			Horst, Am Markt / Horst, Amtsverwaltung	LINESTRING(9.626154 53.812325,9.6261565 53.8122872)
462	Horst (Holstein)	Ernst-Barlach-Straße	de:01061:44301::2	53.812009	9.62683		MATCHED	n4919635161	28.5	0.26	Horst, Ernst-Barlach-Straße			Horst, Stellbusch	LINESTRING(9.62683 53.812009,9.626443100000001 53.812124700000005)
463	Horst (Holstein)	Friedhofstraße	de:01061:9099060::1	53.810844	9.618145		MATCHED	n10989781953	39.5	0.2	Horst, Friedhofstraße				LINESTRING(9.618145 53.810844,9.618693 53.8106985)
464	Horst (Holstein)	Friedhofstraße	de:01061:9099060::2	53.810864	9.618051		MATCHED	n10989781954	48.7	0.17	Horst, Friedhofstraße				LINESTRING(9.618051 53.810864,9.6187877 53.8108294)
465	Horst (Holstein)	Gewerbegebiet	de:01061:44302::1	53.804429	9.647561		NO_MATCH_AND_SEEMS_UNSERVED								POINT(9.647561 53.804429)
466	Horst (Holstein)	Gewerbegebiet	de:01061:44302::2	53.80429	9.647596		MATCHED	n11061900995	103.9	0.09	Horst, Gewerbegebiet			Bf. Horst / Horst, Wiesengrund	LINESTRING(9.647596 53.80429,9.647222300000001 53.8033829)
467	Horst (Holstein)	Glashofkamp 8	de:01061:44304::1	53.78549	9.632776		MATCHED	n4802504441	27.4	0.21	Hahnenkamp, Glashofkamp 8				LINESTRING(9.632776 53.78549,9.6330223 53.785688900000004)
468	Horst (Holstein)	Glashofkamp 8	de:01061:44304::2	53.785328	9.632168		MATCHED	n4802504440	122.5	0.06	Hahnenkamp, Glashofkamp 8				LINESTRING(9.632168 53.785328,9.633737700000001 53.7859186)
469	Horst (Holstein)	Grönländer Chaussee	de:01061:44307::1	53.825148	9.598765		MATCHED	n9682892693	17.4	0.36	Horst, Grönländer Chaussee			Horst, Am Markt	LINESTRING(9.598765 53.825148,9.598594100000001 53.8252673)
470	Horst (Holstein)	Grönländer Chaussee	de:01061:44307::2	53.825338	9.598788		MATCHED	n9682892692	2.6	0.77	Horst, Grönländer Chaussee			Hohenfelde, Fegefeuer	LINESTRING(9.598788 53.825338,9.5988261 53.825342500000005)
471	Horst (Holstein)	Horster Landstraße 1	de:01061:44305::1	53.780164	9.640003		MATCHED	n5620372764	1.8	0.79	Horst, Horster Landstraße 1			Horst, An der Bundesstraße 28 / Horst, Kiebitzreiher Chaussee 89	LINESTRING(9.640003 53.780164,9.639987900000001 53.7801507)
472	Horst (Holstein)	Horster Landstraße 1	de:01061:44305::2	53.780887	9.639634		MATCHED	n3927715797	4.6	0.65	Horst, Horster Landstraße 1			Elmshorn, Grenzweg	LINESTRING(9.639634 53.780887,9.6395861 53.7808574)
473	Horst (Holstein)	Horstheide	de:01061:44308::1	53.803523	9.652177		MATCHED	n11040049126	5.9	0.61	Horst, Horstheide				LINESTRING(9.652177 53.803523,9.6522436 53.803487100000005)
474	Horst (Holstein)	Horstheide	de:01061:44308::2	53.802777	9.653354		MATCHED	n11040049125	6.7	0.58	Horst, Horstheide				LINESTRING(9.653354 53.802777,9.653450000000001 53.80275760000001)
475	Horst (Holstein)	Horstmühle	de:01061:44309::1	53.79032	9.6331		MATCHED	n5859094029	6.9	0.57	Horst, Horstmühle			Horst, An der Bundesstraße 28	LINESTRING(9.6331 53.79032,9.633139400000001 53.7902622)
476	Horst (Holstein)	Horstmühle	de:01061:44309::2	53.790385	9.633257		MATCHED	n5859094030	3.8	0.7	Horst, Horstmühle			Horst, Schloburger Weg	LINESTRING(9.633257 53.790385,9.6333148 53.790389000000005)
477	Horst (Holstein)	Jacob-Struve-Schule	de:01061:44310::1	53.814824	9.621645		NO_MATCH_AND_SEEMS_UNSERVED								POINT(9.621645 53.814824)
478	Horst (Holstein)	Johannesstraße	de:01061:9099061::1	53.806187	9.611915		MATCHED	n10989781957	0.7	0.89	Horst, Johannesstraße				LINESTRING(9.611915 53.806187,9.611924400000001 53.80618440000001)
479	Horst (Holstein)	Johannesstraße	de:01061:9099061::2	53.806117	9.611671		MATCHED	n10989781958	11.2	0.46	Horst, Johannesstraße				LINESTRING(9.611671 53.806117,9.611785000000001 53.806192)
480	Horst (Holstein)	Kiebitzreiher Chaussee 89	de:01061:44306::1	53.780194	9.629029		MATCHED	n9634177769	160.4	0.06	Horst, Kiebitzreiher Chaussee 89			Kiebitzreihe, Hauptstraße	LINESTRING(9.629029 53.780194,9.626718700000001 53.78064800000001)
481	Horst (Holstein)	Kiebitzreiher Chaussee 89	de:01061:44306::2	53.78031	9.629131		MATCHED	n9634177770	15.1	0.38	Horst, Kiebitzreiher Chaussee 89			Horst, Horster Landstraße 1	LINESTRING(9.629131 53.78031,9.6292836 53.78020840000001)
482	Horst (Holstein)	Moordiek	de:01061:9099063::1	53.799244	9.592653		MATCHED	n10989263581	32.4	0.24	Horst, Moordiek				LINESTRING(9.592653 53.799244,9.5928495 53.79897690000001)
483	Horst (Holstein)	Moordiek	de:01061:9099063::2	53.799292	9.592476		MATCHED	n10989263582	40.8	0.2	Horst, Moordiek				LINESTRING(9.592476 53.799292,9.5927454 53.798962100000004)
484	Horst (Holstein)	Schloburger Weg	de:01061:44312::1	53.800608	9.629335		NO_MATCH_AND_SEEMS_UNSERVED								POINT(9.629335 53.800608)
485	Horst (Holstein)	Schloburger Weg	de:01061:44312::2	53.80083	9.629398		NO_MATCH_AND_SEEMS_UNSERVED								POINT(9.629398 53.80083)
486	Horst (Holstein)	Stellbusch	de:01061:44300::1	53.810389	9.631926		MATCHED	n11010142645	15.5	0.39	Horst, Stellbusch			Horst, Ernst-Barlach-Straße	LINESTRING(9.631926 53.810389,9.631742800000001 53.8104759)
487	Horst (Holstein)	Stellbusch	de:01061:44300::2	53.810245	9.632024		MATCHED	n11010142644	60.5	0.15	Horst, Stellbusch			Horst, Wiesengrund	LINESTRING(9.632024 53.810245,9.6312463 53.8105338)
488	Horst (Holstein)	Tatterhörn	de:01061:9099062::1	53.801687	9.606017		MATCHED	n2448316500	9.9	0.49	Horst, Tatterhörn				LINESTRING(9.606017 53.801687,9.6061248 53.80174950000001)
489	Horst (Holstein)	Tatterhörn	de:01061:9099062::2	53.801768	9.605993		MATCHED	n2475113156	17.1	0.37	Horst, Tatterhörn				LINESTRING(9.605993 53.801768,9.6057374 53.8017392)
490	Horst (Holstein)	Wiesengrund	de:01061:44313::1	53.807482	9.640164		MATCHED	n11025246332	45.2	0.18	Horst, Wiesengrund			Horst, Stellbusch	LINESTRING(9.640164 53.807482,9.639600100000001 53.8077144)
491	Horst (Holstein)	Wiesengrund	de:01061:44313::2	53.80744	9.639921		MATCHED	n11025246331	14.4	0.4	Horst, Wiesengrund			Bf. Horst	LINESTRING(9.639921 53.80744,9.639758 53.8075259)
492	Huje	Bäckerstraße	de:01061:106320::1	53.976892	9.435365		MATCHED	n337882996	40.3	0.2	Huje, Bäckerstraße			Oldendorf, Sportzentrum	LINESTRING(9.435365 53.976892,9.4347937 53.977025000000005)
493	Huje	Bäckerstraße	de:01061:106320::2	53.976851	9.436154		MATCHED	n1277337728	1.7	0.82	Huje, Bäckerstraße			Huje, Galgenberg	LINESTRING(9.436154 53.976851,9.4361422 53.9768641)
494	Huje	Galgenberg	de:01061:106321::1	53.9757	9.429823		MATCHED	n1277337732	12.1	0.45	Huje, Galgenberg			Kleve, Hauptstraße (Süd)	LINESTRING(9.429823 53.9757,9.429648 53.9756663)
495	Huje	Galgenberg	de:01061:106321::2	53.9757	9.429823		MATCHED	n1277337736	24.9	0.29	Huje, Galgenberg			Huje, Bäckerstraße	LINESTRING(9.429823 53.9757,9.4296454 53.975502500000005)
496	Itzehoe	Adenauerallee/Bahnhof	de:01061:46672::1	53.923198	9.511665		NO_MATCH_AND_SEEMS_UNSERVED								POINT(9.511665 53.923198)
497	Itzehoe	Adenauerallee/Bahnhof	de:01061:46672::2	53.923397	9.511317		MATCHED	n1639512457	1.8	0.54	Bahnhof Itzehoe (Adenauerallee)			Münsterdorf, Sandberg / Itzehoe, Rathaus / Breitenburg, Birkenweg	LINESTRING(9.511317 53.923397,9.5113236 53.923381400000004)
498	Itzehoe	Adler	de:01061:46673::1	53.931194	9.506831	bus	MATCHED	n1617979564	59.4	0.37	Itzehoe, Adler	6610,X60	Itzehoe Dietrich-Bonhoeffer-Straße / Itzehoe Dietrich-Bonhoeffer-Straße / Itzehoe Papenkamp	Itzehoe Dietrich-Bonhoeffer-Straße / Itzehoe, Schauenburgerstraße	LINESTRING(9.506831 53.931194,9.5075657 53.9308824)
499	Itzehoe	Adler	de:01061:46673::2	53.931074	9.507255	bus	MATCHED	n1617979576	98.5	0.3	Itzehoe, Adler	6610,X60	Itzehoe Bahnhof (Draisine) / Itzehoe Dithmarscher Platz	Itzehoe, Poelstraße / Itzehoe Dithmarscher Platz	LINESTRING(9.507255 53.931074,9.5059527 53.9315141)
500	Itzehoe	Ahornweg	de:01061:106409::1	53.932187	9.545046		MATCHED_THOUGH_NAMES_DIFFER	n1460295464	30.5	0.1	Trotzenburger Straße Friedhof				LINESTRING(9.545046 53.932187,9.544909 53.9324487)
501	Itzehoe	Ahornweg	de:01061:106409::2	53.932318	9.545161		MATCHED_THOUGH_NAMES_DIFFER	n1460295465	25.3	0.12	Trotzenburger Straße Friedhof				LINESTRING(9.545161 53.932318,9.544958900000001 53.9325114)
502	Itzehoe	Albert-Schweitzer-Ring (Nord)	de:01061:106365::1	53.949298	9.510246		NO_MATCH_AND_SEEMS_UNSERVED								POINT(9.510246 53.949298)
503	Itzehoe	Alsen/Jobcenter	de:01061:106347::1	53.914469	9.512146		NO_MATCH_AND_SEEMS_UNSERVED								POINT(9.512146 53.914469)
504	Itzehoe	Am Kählerhof	de:01061:106394::1	53.908669	9.485065		MATCHED	n1391213898	11.2	0.46	Itzehoe, Am Kählerhof				LINESTRING(9.485065 53.908669,9.485229700000001 53.9086445)
505	Itzehoe	Am Kählerhof	de:01061:106394::2	53.908669	9.485055		MATCHED	n1391213897	72.0	0.13	Itzehoe, Am Kählerhof				LINESTRING(9.485055 53.908669,9.484434100000001 53.9081361)
506	Itzehoe	Amselweg	de:01061:9099064::1	53.940292	9.524606		NO_MATCH_AND_SEEMS_UNSERVED								POINT(9.524606 53.940292)
507	Itzehoe	Amselweg	de:01061:9099064::2	53.940227	9.524458		NO_MATCH_AND_SEEMS_UNSERVED								POINT(9.524458 53.940227)
508	Itzehoe	An der Bahn (außer Betrieb)	de:01061:9089169::1	53.951294	9.505717		NO_MATCH_AND_SEEMS_UNSERVED								POINT(9.505717 53.951294)
509	Itzehoe	An der Bahn (außer Betrieb)	de:01061:9089169::2	53.951294	9.505717		NO_MATCH_AND_SEEMS_UNSERVED								POINT(9.505717 53.951294)
510	Itzehoe	Ansgarstraße	de:01061:106408::1	53.937117	9.494029		MATCHED_THOUGH_OSM_NO_NAME	n3943287640	17.0	0.12					LINESTRING(9.494029 53.937117,9.4941259 53.9369749)
511	Itzehoe	Ansgarstraße	de:01061:106408::2	53.937203	9.494141		MATCHED_THOUGH_OSM_NO_NAME	n3943287639	5.2	0.2					LINESTRING(9.494141 53.937203,9.4940671 53.9371858)
512	Itzehoe	Auguste-Viktoria-Schule	de:01061:46676::1	53.920268	9.524786		MATCHED	n332466261	1.7	0.82	Auguste-Viktoria-Schule			Itzehoe, Rathaus	LINESTRING(9.524786 53.920268,9.5247911 53.920283100000006)
513	Itzehoe	Auguste-Viktoria-Schule	de:01061:46676::2	53.919989	9.526036		MATCHED	n332466260	16.6	0.37	Auguste-Viktoria-Schule				LINESTRING(9.526036 53.919989,9.526087200000001 53.9201349)
514	Itzehoe	Bachstraße (Ost)	de:01061:106383::1	53.923586	9.53991		NO_MATCH_AND_SEEMS_UNSERVED								POINT(9.53991 53.923586)
515	Itzehoe	Bachstraße (Ost)	de:01061:106383::2	53.923591	9.53992		MATCHED_THOUGH_NAMES_DIFFER	n1668966695	5.9	0.21	Kratt II				LINESTRING(9.53992 53.923591,9.5400092 53.923586)
516	Itzehoe	Bachstraße (West)	de:01061:106382::1	53.922854	9.536883		NO_MATCH_AND_SEEMS_UNSERVED								POINT(9.536883 53.922854)
517	Itzehoe	Bachstraße (West)	de:01061:106382::2	53.922859	9.536897		MATCHED_THOUGH_NAMES_DIFFER	n1668966678	5.0	0.23	Kratt I				LINESTRING(9.536897 53.922859,9.536933000000001 53.9228199)
518	Itzehoe	Bahnhof (Draisine)	de:01061:104478::1	53.925156	9.510075	bus	NO_MATCH_BUT_OTHER_PLATFORM_MATCHED					X60	Itzehoe Adler		POINT(9.510075 53.925156)
519	Itzehoe	Bahnhof (Draisine)	de:01061:104478::SEV	53.924615	9.510312		MATCHED	n10969876450	6.8	0.31	Itzehoe, Wilhelm-Biel-Straße/Bahnhof				LINESTRING(9.510312 53.924615,9.5103041 53.9246757)
520	Itzehoe	Bahnhof (Draisine)	de:01061:104478::SEV-Halt	53.924489	9.510493	bus	NO_MATCH_BUT_OTHER_PLATFORM_MATCHED					RB62,RE6	Wilster Johann-Meyer-Straße / Heide(Holst) Bahnhof / Bf. Elmshorn (ZOB)		POINT(9.510493 53.924489)
521	Itzehoe	Bargkoppel	de:01061:106350::1	53.92728	9.538548		MATCHED	n332466257	2.3	0.78	Bargkoppel				LINESTRING(9.538548 53.92728,9.538537 53.927260600000004)
522	Itzehoe	Bargkoppel	de:01061:106350::2	53.927359	9.538646		MATCHED	n332466256	5.2	0.64	Bargkoppel				LINESTRING(9.538646 53.927359,9.538570100000001 53.9273722)
523	Itzehoe	Bergstraße	de:01061:46695::1	53.921099	9.522622		MATCHED	n332466262	3.4	0.72	Itzehoe, Bergstraße			Oelixdorf, Amönenhöhe	LINESTRING(9.522622 53.921099,9.5226272 53.921069)
524	Itzehoe	Berufsbildungszentrum RBZ	de:01061:46688::1	53.931272	9.515955	bus	MATCHED_THOUGH_REVERSED_DIR	n3939363751	8.7	0.47	Itzehoe, Berufsbildungszentrum RBZ	755,785	Itzehoe Friedrich-Ebert-Straße	Itzehoe Dithmarscher Platz	LINESTRING(9.515955 53.931272,9.5158603 53.9312174)
525	Itzehoe	Berufsbildungszentrum RBZ	de:01061:46688::2	53.931338	9.518008	bus	MATCHED_THOUGH_REVERSED_DIR	n3939363750	10.2	0.44	Itzehoe, Berufsbildungszentrum RBZ	755,785	Itzehoe Dithmarscher Platz	Itzehoe, Friedrich-Ebert-Straße	LINESTRING(9.518008 53.931338,9.5180235 53.9312466)
526	Itzehoe	Bocksberg	de:01061:106353::1	53.92772	9.543352		MATCHED	n1485908387	5.9	0.61	Bocksberg				LINESTRING(9.543352 53.92772,9.543261600000001 53.92772050000001)
527	Itzehoe	Bocksberg	de:01061:106353::2	53.927788	9.543843		MATCHED	n1485908392	1.0	0.87	Bocksberg				LINESTRING(9.543843 53.927788,9.5438276 53.9277905)
528	Itzehoe	Brunnenstieg	de:01061:106407::1	53.930081	9.531255		MATCHED_THOUGH_NAMES_DIFFER	n1434838896	2.5	0.25	Tankstelle Esso				LINESTRING(9.531255 53.930081,9.531235200000001 53.9300615)
529	Itzehoe	Brunnenstieg	de:01061:106407::2	53.930034	9.529741		MATCHED_THOUGH_NAMES_DIFFER	n332466269	4.6	0.22	Tankstelle Esso				LINESTRING(9.529741 53.930034,9.5296728 53.930025)
530	Itzehoe	Brunnenstraße/Holstein-Center	de:01061:106354::1	53.926747	9.518777		MATCHED	n332466252	1.1	0.77	Brunnenstraße Holstein-Center				LINESTRING(9.518777 53.926747,9.5187933 53.9267502)
531	Itzehoe	Brunnenstraße/Holstein-Center	de:01061:106354::2	53.926339	9.519414		MATCHED	n332466253	18.0	0.32	Brunnenstraße Holstein-Center				LINESTRING(9.519414 53.926339,9.519355000000001 53.9264966)
532	Itzehoe	Brunnenstraße/Kiga	de:01061:106355::1	53.93022	9.517482		MATCHED	n332294243	2.6	0.62	Brunnenstraße Kindergarten				LINESTRING(9.517482 53.93022,9.5174576 53.9302384)
533	Itzehoe	Buchenweg	de:01061:46693::1	53.930865	9.53819		MATCHED	n1449661893	9.5	0.5	Itzehoe, Buchenweg				LINESTRING(9.53819 53.930865,9.5382014 53.93095)
534	Itzehoe	Buchenweg	de:01061:46693::2	53.930976	9.538308		MATCHED	n1449661894	0.6	0.9	Itzehoe, Buchenweg				LINESTRING(9.538308 53.930976,9.5383172 53.930976900000005)
535	Itzehoe	Buschweg	de:01061:106356::1	53.945407	9.489389		MATCHED	n343480591	83.9	0.11	Buschweg				LINESTRING(9.489389 53.945407,9.4895548 53.9461543)
536	Itzehoe	Buschweg	de:01061:106356::2	53.945407	9.489411		MATCHED	n343480588	35.4	0.22	Buschweg				LINESTRING(9.489411 53.945407,9.4896895 53.9456794)
537	Itzehoe	Carl-Zeiss-Straße	de:01061:106370::1	53.922515	9.508198		MATCHED_THOUGH_NAMES_DIFFER	n1590585676	13.0	0.14	Güterbahnhof				LINESTRING(9.508198 53.922515,9.5081679 53.9226309)
538	Itzehoe	Carl-Zeiss-Straße	de:01061:106370::2	53.921346	9.508886		MATCHED_THOUGH_NAMES_DIFFER	n1590585673	5.0	0.21	Güterbahnhof				LINESTRING(9.508886 53.921346,9.5089558 53.9213639)
539	Itzehoe	Christian-Lohse-Straße (Ost)	de:01061:106348::1	53.908051	9.497707		MATCHED_THOUGH_NAMES_DIFFER	n1398312690	16.6	0.08	Alsenskamp				LINESTRING(9.497707 53.908051,9.4976234 53.9079102)
540	Itzehoe	Christian-Lohse-Straße (Ost)	de:01061:106348::2	53.908051	9.497707		MATCHED_THOUGH_NAMES_DIFFER	n1398312695	16.5	0.08	Alsenskamp				LINESTRING(9.497707 53.908051,9.4975088 53.9079594)
541	Itzehoe	Christian-Lohse-Straße (West)	de:01061:106363::1	53.908815	9.490979		MATCHED_THOUGH_NAMES_DIFFER	n1396375613	33.5	0.05	Fischdiek				LINESTRING(9.490979 53.908815,9.4911437 53.9090999)
542	Itzehoe	Christian-Lohse-Straße (West)	de:01061:106363::2	53.90878	9.490914		MATCHED_THOUGH_OSM_NO_NAME	n349248985	30.0	0.08					LINESTRING(9.490914 53.90878,9.4908696 53.908511600000004)
543	Itzehoe	Coriansberg	de:01061:106357::1	53.923852	9.523319		MATCHED	n332466263	4.6	0.66	Coriansberg				LINESTRING(9.523319 53.923852,9.523318 53.9238933)
544	Itzehoe	Dietrich-Bonhoeffer-Straße	de:01061:46680::1	53.931901	9.499565	bus	MATCHED_THOUGH_REVERSED_DIR	n1608976469	2.5	0.74	Itzehoe Dietrich-Bonhoeffer-Straße	6610	Itzehoe Papenkamp	Itzehoe, Adler	LINESTRING(9.499565 53.931901,9.4995457 53.9319203)
545	Itzehoe	Dietrich-Bonhoeffer-Straße	de:01061:46680::2	53.932083	9.49898	bus	MATCHED_THOUGH_REVERSED_DIR	n3943287638	4.0	0.65	Itzehoe Dietrich-Bonhoeffer-Straße	6610	Itzehoe Adler	Itzehoe Papenkamp	LINESTRING(9.49898 53.932083,9.498924800000001 53.932067700000005)
546	Itzehoe	Dithmarscher Platz	de:01061:46681::1	53.927364	9.512526	bus	MATCHED_THOUGH_REVERSED_DIR	n1631337471	8.2	0.49	Itzehoe Dithmarscher Platz	6610,755,785	Itzehoe Viktoriastraße/Bahnhof	Itzehoe, Adler / Itzehoe, Berufsbildungszentrum RBZ / Itzehoe, Poelstraße	LINESTRING(9.512526 53.927364,9.5125107 53.9274373)
547	Itzehoe	Dithmarscher Platz	de:01061:46681::2	53.927127	9.51249	bus	MATCHED_THOUGH_REVERSED_DIR	n1631337470	7.2	0.52	Itzehoe Dithmarscher Platz	6610,755,785	Itzehoe Adler / Itzehoe Berufsbildungszentrum RBZ	Bahnhof Itzehoe (Viktoriastraße)	LINESTRING(9.51249 53.927127,9.512389500000001 53.927153600000004)
548	Itzehoe	Dwerweg	de:01061:46682::1	53.954701	9.493748		MATCHED	n6266906627	9.9	0.49	Dwerweg			Ottenbüttel, Ünnerst Dörpstraat	LINESTRING(9.493748 53.954701,9.4938876 53.9546666)
549	Itzehoe	Dwerweg	de:01061:46682::2	53.954881	9.49349		MATCHED	n6266906626	1.3	0.85	Dwerweg			Kirchweg (Nord)	LINESTRING(9.49349 53.954881,9.4934746 53.9548739)
550	Itzehoe	Ehlersweg	de:01061:46685::1	53.946378	9.494264		NO_MATCH_AND_SEEMS_UNSERVED								POINT(9.494264 53.946378)
551	Itzehoe	Ehlersweg	de:01061:46685::2	53.946274	9.494471		MATCHED	n9978664786	6.3	0.59	Itzehoe, Ehlersweg			Kirchweg (Nord) / Itzehoe, Holtweg	LINESTRING(9.494471 53.946274,9.494401700000001 53.9462345)
552	Itzehoe	Elbeblick	de:01061:46686::1	53.93194	9.534686		MATCHED	n1473171766	22.4	0.31	Elbeblick				LINESTRING(9.534686 53.93194,9.53439 53.93184)
553	Itzehoe	Elbeblick	de:01061:46686::2	53.931926	9.534991		NO_MATCH_AND_SEEMS_UNSERVED								POINT(9.534991 53.931926)
554	Itzehoe	Emil-von-Behring-Straße	de:01061:9009162::1	53.947755	9.50904		NO_MATCH_AND_SEEMS_UNSERVED								POINT(9.50904 53.947755)
555	Itzehoe	Emil-von-Behring-Straße	de:01061:9009162::2	53.952885	9.480643		NO_MATCH_AND_SEEMS_UNSERVED								POINT(9.480643 53.952885)
556	Itzehoe	Emmy-Noether-Straße	de:01061:9089170::1	53.95784	9.494006		NO_MATCH_AND_SEEMS_UNSERVED								POINT(9.494006 53.95784)
557	Itzehoe	Ernst-Moritz-Arndt-Schule	de:01061:9099066::1	53.940791	9.519481		MATCHED	n13180350032	19.3	0.21	Itzehoe, Grundschule An der Schäferkoppel				LINESTRING(9.519481 53.940791,9.519195100000001 53.9408308)
558	Itzehoe	Ernst-Moritz-Arndt-Schule	de:01061:9099066::2	53.940758	9.519556		MATCHED	n13180350033	21.4	0.2	Itzehoe, Grundschule An der Schäferkoppel				LINESTRING(9.519556 53.940758,9.519230700000001 53.9407434)
559	Itzehoe	Friedhof Brunnenstraße	de:01061:9099151::1	53.92931	9.51749		NO_MATCH_AND_SEEMS_UNSERVED								POINT(9.51749 53.92931)
560	Itzehoe	Friedrich-Ebert-Straße	de:01061:46691::1	53.930749	9.528939	bus	MATCHED	n332466267	7.2	0.74	Itzehoe, Friedrich-Ebert-Straße	755,785	Schlotfeld Amönenwarte / Itzehoe Stadion	Itzehoe, Blauer Lappen / Itzehoe, Stadion / Itzehoe, Straßenmeisterei	LINESTRING(9.528939 53.930749,9.528907100000001 53.9306872)
561	Itzehoe	Friedrich-Ebert-Straße	de:01061:46691::2	53.930578	9.529911	bus	MATCHED	n332466268	4.2	0.82	Itzehoe, Friedrich-Ebert-Straße	755,785	Itzehoe Berufsbildungszentrum RBZ	Itzehoe, Berufsbildungszentrum RBZ	LINESTRING(9.529911 53.930578,9.5299566 53.930604300000006)
562	Itzehoe	Friedrich-Ebert-Straße (Süd)	de:01061:106364::1	53.92847	9.525891		NO_MATCH_AND_SEEMS_UNSERVED								POINT(9.525891 53.92847)
563	Itzehoe	Goldbergweg	de:01061:106345::1	53.949199	9.505002		NO_MATCH_AND_SEEMS_UNSERVED								POINT(9.505002 53.949199)
564	Itzehoe	Goldbergweg	de:01061:106345::2	53.949408	9.505222		MATCHED_THOUGH_NAMES_DIFFER	n3943305447	5.3	0.23	Albert-Schweitzer-Ring/Sparkasse				LINESTRING(9.505222 53.949408,9.505141700000001 53.94940080000001)
565	Itzehoe	Goldbergweg (Nord)	de:01061:106378::1	53.951288	9.507745		NO_MATCH_AND_SEEMS_UNSERVED								POINT(9.507745 53.951288)
566	Itzehoe	Goldbergweg (Nord)	de:01061:106378::2	53.95135	9.507556		NO_MATCH_AND_SEEMS_UNSERVED								POINT(9.507556 53.95135)
567	Itzehoe	Gorch-Fock-Straße	de:01061:46687::1	53.931323	9.511427		MATCHED	n332061762	63.0	0.14	Gorch-Fock-Straße				LINESTRING(9.511427 53.931323,9.5122253 53.9310082)
568	Itzehoe	Gorch-Fock-Straße	de:01061:46687::2	53.931355	9.510972		MATCHED	n332061760	53.6	0.16	Gorch-Fock-Straße				LINESTRING(9.510972 53.931355,9.5103682 53.9316789)
569	Itzehoe	Graf-Egbert-Ring (Nord)	de:01061:106366::1	53.941216	9.494383		NO_MATCH_AND_SEEMS_UNSERVED								POINT(9.494383 53.941216)
570	Itzehoe	Graf-Egbert-Ring (Nord)	de:01061:106366::2	53.941218	9.494326		NO_MATCH_AND_SEEMS_UNSERVED								POINT(9.494326 53.941218)
571	Itzehoe	Graf-Egbert-Ring (Süd)	de:01061:106360::1	53.93383	9.495714		MATCHED_THOUGH_OSM_NO_NAME	n3943287642	18.0	0.11					LINESTRING(9.495714 53.93383,9.4957297 53.933991500000005)
572	Itzehoe	Graf-Egbert-Ring (Süd)	de:01061:106360::2	53.933737	9.495791		MATCHED_THOUGH_OSM_NO_NAME	n3943287641	31.2	0.08					LINESTRING(9.495791 53.933737,9.4962484 53.93366030000001)
573	Itzehoe	Graf-Rantzau-Straße	de:01061:106367::1	53.904767	9.499333		MATCHED	n1379024941	3.1	0.74	Itzehoe, Graf-Rantzau-Straße				LINESTRING(9.499333 53.904767,9.4993485 53.904793100000006)
574	Itzehoe	Graf-Rantzau-Straße	de:01061:106367::2	53.904816	9.499484		MATCHED	n1379024943	9.5	0.5	Itzehoe, Graf-Rantzau-Straße				LINESTRING(9.499484 53.904816,9.4996082 53.9048603)
575	Itzehoe	Grundschule Edendorf	de:01061:46683::1	53.952029	9.499324		MATCHED_THOUGH_OSM_NO_NAME	n9417909780	27.8	0.08					LINESTRING(9.499324 53.952029,9.498901100000001 53.9520088)
576	Itzehoe	Grundschule Edendorf	de:01061:46683::2	53.951515	9.499698		NO_MATCH_AND_SEEMS_UNSERVED								POINT(9.499698 53.951515)
577	Itzehoe	Grundschule Edendorf	de:01061:46683::3	53.95209	9.498649		MATCHED_THOUGH_OSM_NO_NAME	n9417909781	7.4	0.18					LINESTRING(9.498649 53.95209,9.498741500000001 53.9521287)
578	Itzehoe	Grundschule Wellenkamp	de:01061:106358::1	53.907041	9.486175		MATCHED	n1379024955	7.0	0.57	Itzehoe, Grundschule Wellenkamp				LINESTRING(9.486175 53.907041,9.48611 53.907090700000005)
579	Itzehoe	Grundschule Wellenkamp	de:01061:106358::2	53.906998	9.48599		MATCHED	n1379024953	7.6	0.55	Itzehoe, Grundschule Wellenkamp				LINESTRING(9.48599 53.906998,9.486072100000001 53.9069493)
580	Itzehoe	Gutenbergstraße	de:01061:106377::1	53.923519	9.528401		MATCHED	n332466258	5.4	0.32	Kaiserstraße				LINESTRING(9.528401 53.923519,9.528442 53.923560900000005)
581	Itzehoe	Gutenbergstraße	de:01061:106377::2	53.923598	9.528304		MATCHED	n332466259	6.5	0.3	Kaiserstraße				LINESTRING(9.528304 53.923598,9.528247 53.9235497)
582	Itzehoe	Hagebaumarkt/Emmy-Noether-Straße	de:01061:106362::1	53.957827	9.497949		NO_MATCH_AND_SEEMS_UNSERVED								POINT(9.497949 53.957827)
583	Itzehoe	Heinrich-Wessel-Straße	de:01061:106359::1	53.906853	9.481527		MATCHED	n1388726856	20.0	0.33	Itzehoe, Heinrich-Wessel-Straße				LINESTRING(9.481527 53.906853,9.481453700000001 53.9066781)
584	Itzehoe	Heinrich-Wessel-Straße	de:01061:106359::2	53.906904	9.481474		MATCHED	n1388726855	43.7	0.19	Itzehoe, Heinrich-Wessel-Straße				LINESTRING(9.481474 53.906904,9.4810613 53.906596500000006)
585	Itzehoe	Hinter dem Kurhaus	de:01061:106376::1	53.927602	9.549904		MATCHED_THOUGH_NAMES_DIFFER	n1486088993	1.4	0.33	Kaiserberg				LINESTRING(9.549904 53.927602,9.5499077 53.9275892)
586	Itzehoe	Hinter dem Kurhaus	de:01061:106376::2	53.927674	9.549856		MATCHED_THOUGH_NAMES_DIFFER	n1486088996	9.9	0.19	Kaiserberg				LINESTRING(9.549856 53.927674,9.550003700000001 53.9276921)
587	Itzehoe	Hohe Straße	de:01061:106372::1	53.922015	9.522156		MATCHED_THOUGH_OSM_NO_NAME	n4603131116	9.4	0.16					LINESTRING(9.522156 53.922015,9.5222931 53.9219895)
588	Itzehoe	Hohe Straße	de:01061:106372::2	53.922008	9.521993		MATCHED_THOUGH_OSM_NO_NAME	n4603131115	12.6	0.14					LINESTRING(9.521993 53.922008,9.5221455 53.9220764)
589	Itzehoe	Holtweg	de:01061:46684::1	53.943477	9.496278		MATCHED	n1704454316	6.4	0.59	Itzehoe, Holtweg			Itzehoe, Schauenburgerstraße / Maria-Bornheim-Weg (Klinikum)	LINESTRING(9.496278 53.943477,9.4961956 53.9435081)
590	Itzehoe	Holtweg	de:01061:46684::2	53.943837	9.496231		MATCHED	n1704454340	5.9	0.61	Itzehoe, Holtweg			Kirchweg (Nord)	LINESTRING(9.496231 53.943837,9.4961824 53.9438815)
591	Itzehoe	Holzkamp	de:01061:106373::1	53.923348	9.522184		MATCHED	n1421223140	2.8	0.75	Holzkamp				LINESTRING(9.522184 53.923348,9.5221443 53.923356000000005)
592	Itzehoe	Innovationszentrum	de:01061:106374::1	53.956965	9.486611		MATCHED_THOUGH_NAMES_DIFFER	n6281451123	4.2	0.08	ISiT/IZET				LINESTRING(9.486611 53.956965,9.4866354 53.957000300000004)
593	Itzehoe	Innovationszentrum	de:01061:106374::2	53.956941	9.486583		NO_MATCH_AND_SEEMS_UNSERVED								POINT(9.486583 53.956941)
594	Itzehoe	Itzehoe	de:01061:46671::1	53.924234	9.510222	train	MATCHED	n4591181490	4.5	0.7	Itzehoe	RB60,RB61	Kremperheide	Kremperheide	LINESTRING(9.510222 53.924234,9.5102317 53.9242737)
595	Itzehoe	Itzehoe	de:01061:46671::3	53.924174	9.510147		MATCHED	n540389659	8.9	0.5	Itzehoe			Heide (Holstein)	LINESTRING(9.510147 53.924174,9.5100726 53.924240600000005)
596	Itzehoe	Itzehoe	de:01061:46671::4	53.924114	9.510069		MATCHED	n31196670	12.9	0.42	Itzehoe			Hamburg Dammtor / Universität / Elmshorn	LINESTRING(9.510069 53.924114,9.510013500000001 53.924225400000005)
597	Itzehoe	Itzehoe	de:01061:46671::5	53.923792	9.510167		MATCHED	n1063816480	48.7	0.17	Itzehoe				LINESTRING(9.510167 53.923792,9.5098444 53.9241864)
598	Itzehoe	Johann-Holm-Straße	de:01061:106375::1	53.935543	9.502275		MATCHED	n1624990334	5.2	0.64	Johann-Holm-Straße				LINESTRING(9.502275 53.935543,9.502275800000001 53.9354961)
599	Itzehoe	Johann-Holm-Straße	de:01061:106375::2	53.935531	9.502172		MATCHED	n1624990358	4.7	0.66	Johann-Holm-Straße				LINESTRING(9.502172 53.935531,9.5021039 53.9355174)
600	Itzehoe	Kamper Weg (Ost)	de:01061:106415::1	53.909639	9.501304		MATCHED	n1398313315	32.8	0.11	Wellenkamper Chaussee				LINESTRING(9.501304 53.909639,9.5015076 53.909908300000005)
601	Itzehoe	Kamper Weg (Ost)	de:01061:106415::2	53.909623	9.501326		MATCHED	n1398313314	37.3	0.1	Wellenkamper Chaussee				LINESTRING(9.501326 53.909623,9.5017157 53.90986710000001)
602	Itzehoe	Karnberg	de:01061:106379::1	53.951803	9.507285		NO_MATCH_AND_SEEMS_UNSERVED								POINT(9.507285 53.951803)
603	Itzehoe	Karnberg	de:01061:106379::2	53.95137	9.507648		NO_MATCH_AND_SEEMS_UNSERVED								POINT(9.507648 53.95137)
604	Itzehoe	Karolingerstraße	de:01061:106380::1	53.939376	9.494304		NO_MATCH_AND_SEEMS_UNSERVED								POINT(9.494304 53.939376)
605	Itzehoe	Kastanienallee	de:01061:106381::1	53.932194	9.538252		MATCHED	n1473171794	4.6	0.66	Kastanienallee				LINESTRING(9.538252 53.932194,9.538271100000001 53.932233700000005)
606	Itzehoe	Kirchweg (Nord)	de:01061:46689::1	53.950883	9.494534		MATCHED	n6005700551	6.2	0.6	Kirchweg (Nord)			Ottenbüttel, Westermööler Weg / Dwerweg	LINESTRING(9.494534 53.950883,9.494618800000001 53.9508577)
607	Itzehoe	Kirchweg (Nord)	de:01061:46689::2	53.950816	9.494427		MATCHED	n6005700552	3.9	0.69	Kirchweg (Nord)			Itzehoe, Holtweg	LINESTRING(9.494427 53.950816,9.494400200000001 53.9508475)
608	Itzehoe	Klinikum	de:01061:46690::1	53.942611	9.500966		MATCHED	n8143290483	47.0	0.18	Klinikum				LINESTRING(9.500966 53.942611,9.5007107 53.9422167)
609	Itzehoe	Klinikum	de:01061:46690::2	53.942432	9.500923		MATCHED	n332061753	25.3	0.28	Klinikum				LINESTRING(9.500923 53.942432,9.500803000000001 53.9422159)
610	Itzehoe	Kremper Weg/Bahnübergang	de:01061:106384::1	53.90916	9.503939		MATCHED	n6556360519	10.6	0.47	Kremper Weg/Bahnübergang				LINESTRING(9.503939 53.90916,9.503777300000001 53.90915510000001)
611	Itzehoe	Krichauffstraße	de:01061:106349::1	53.9043	9.481129		MATCHED	n1360443079	5.9	0.61	Itzehoe, Krichauffstraße				LINESTRING(9.481129 53.9043,9.4810499 53.9042748)
612	Itzehoe	Krichauffstraße	de:01061:106349::2	53.904372	9.481338		MATCHED	n1360443086	18.3	0.35	Itzehoe, Krichauffstraße				LINESTRING(9.481338 53.904372,9.4815181 53.904496900000005)
613	Itzehoe	Käthe-Kollwitz-Straße (Nord)	de:01061:106387::1	53.948802	9.489221		MATCHED	n343465826	32.2	0.24	Käthe-Kollwitz-Straße				LINESTRING(9.489221 53.948802,9.4894595 53.9485492)
614	Itzehoe	Käthe-Kollwitz-Straße (Nord)	de:01061:106387::2	53.948786	9.489049		MATCHED	n343465827	31.4	0.24	Käthe-Kollwitz-Straße				LINESTRING(9.489049 53.948786,9.489302400000001 53.948546300000004)
615	Itzehoe	Königsberger Allee	de:01061:106388::1	53.944302	9.513695		MATCHED	n5964507027	36.2	0.22	Königsberger Allee				LINESTRING(9.513695 53.944302,9.5131438 53.9443137)
616	Itzehoe	Königsberger Allee	de:01061:106388::2	53.944381	9.513827		MATCHED	n6005700555	1.5	0.83	Königsberger Allee				LINESTRING(9.513827 53.944381,9.5138095 53.944389300000005)
617	Itzehoe	Kösliner Straße	de:01061:106389::1	53.939051	9.505715		NO_MATCH_AND_SEEMS_UNSERVED								POINT(9.505715 53.939051)
618	Itzehoe	Langer-Peter/Friedhof	de:01061:106390::1	53.930138	9.517595		NO_MATCH_AND_SEEMS_UNSERVED								POINT(9.517595 53.930138)
619	Itzehoe	Lehmwohld-Schule	de:01061:46692::1	53.936424	9.508409		MATCHED	n1627224877	8.5	0.45	Lehmwohld Schule				LINESTRING(9.508409 53.936424,9.5084002 53.9365001)
620	Itzehoe	Lehmwohld-Schule	de:01061:46692::2	53.936158	9.508484		MATCHED	n1627224873	4.2	0.58	Lehmwohld Schule				LINESTRING(9.508484 53.936158,9.508522600000001 53.936187700000005)
621	Itzehoe	Lehmwohldstraße	de:01061:46674::1	53.93268	9.50688		MATCHED	n332061758	1.6	0.45	Adolf-Rohde-Straße				LINESTRING(9.50688 53.93268,9.5068757 53.9326662)
622	Itzehoe	Lehmwohldstraße	de:01061:46674::2	53.932748	9.506832		NO_MATCH_AND_SEEMS_UNSERVED								POINT(9.506832 53.932748)
623	Itzehoe	Lehmwohldstraße(doppelt!)	de:01061:9075413::1	53.93274	9.506081		MATCHED	n332061756	43.5	0.1	Adolf-Rohde-Straße				LINESTRING(9.506081 53.93274,9.5057583 53.9330817)
624	Itzehoe	Liethberg	de:01061:106391::1	53.927962	9.503072		MATCHED	n1550418332	22.5	0.31	Liethberg				LINESTRING(9.503072 53.927962,9.503411400000001 53.92793150000001)
625	Itzehoe	Liethberg	de:01061:106391::2	53.927885	9.502952		MATCHED	n1550418330	3.6	0.71	Liethberg				LINESTRING(9.502952 53.927885,9.5029 53.9278752)
626	Itzehoe	Lindenstraße (Mitte)	de:01061:106361::1	53.932581	9.498655	bus	MATCHED	n1608976471	7.6	0.32	Dietrich-Bonhoeffer-Straße/Sparkasse	6610	Itzehoe Papenkamp		LINESTRING(9.498655 53.932581,9.4985607 53.932541)
627	Itzehoe	Lindenstraße (Mitte)	de:01061:106361::2	53.932674	9.498745		MATCHED	n1608976475	2.5	0.35	Dietrich-Bonhoeffer-Straße/Sparkasse				LINESTRING(9.498745 53.932674,9.4987777 53.9326633)
628	Itzehoe	Lise-Meitner-Straße	de:01061:9165517::1	53.955126	9.49186		NO_MATCH_AND_SEEMS_UNSERVED								POINT(9.49186 53.955126)
629	Itzehoe	Lise-Meitner-Straße	de:01061:9165517::2	53.955277	9.492547		MATCHED	n9999032211	6.5	0.59	Itzehoe, Lise-Meitner-Straße			Ottenbüttel, Westermööler Weg / Itzehoe, Margarete-Steiff-Weg	LINESTRING(9.492547 53.955277,9.492455300000001 53.9553002)
630	Itzehoe	Lornsenplatz	de:01061:106392::1	53.929986	9.51394		MATCHED	n332061764	11.4	0.46	Lornsenplatz				LINESTRING(9.51394 53.929986,9.514106100000001 53.9299551)
631	Itzehoe	Margarete-Steiff-Weg	de:01061:9165518::1	53.951877	9.490877		MATCHED	n1802018650	45.6	0.18	Itzehoe, Margarete-Steiff-Weg			Itzehoe, Lise-Meitner-Straße / Kirchweg (Nord)	LINESTRING(9.490877 53.951877,9.4913585 53.951581100000006)
632	Itzehoe	Margarete-Steiff-Weg	de:01061:9165518::2	53.951503	9.492287		NO_MATCH_AND_SEEMS_UNSERVED								POINT(9.492287 53.951503)
633	Itzehoe	Maria-Bornheim-Weg (Klinikum)	de:01061:55492::1	53.940656	9.499197		MATCHED	n9855362241	3.7	0.71	Maria-Bornheim-Weg (Klinikum)			Itzehoe, Schauenburgerstraße / Itzehoe, Holtweg	LINESTRING(9.499197 53.940656,9.499170900000001 53.940626900000005)
634	Itzehoe	Marie-Curie-Ring	de:01061:106371::1	53.959458	9.496033		MATCHED_THOUGH_NAMES_DIFFER	n6281451121	2.1	0.26	Hagebaumarkt				LINESTRING(9.496033 53.959458,9.496001000000001 53.959459100000004)
635	Itzehoe	Masurenweg	de:01061:106395::1	53.943881	9.511038		NO_MATCH_AND_SEEMS_UNSERVED								POINT(9.511038 53.943881)
636	Itzehoe	Masurenweg	de:01061:106395::2	53.943898	9.511286		MATCHED	n6005700557	8.6	0.53	Masurenweg				LINESTRING(9.511286 53.943898,9.5112916 53.9439751)
637	Itzehoe	Mozartstraße	de:01061:106351::1	53.93209	9.51994		NO_MATCH_AND_SEEMS_UNSERVED								POINT(9.51994 53.93209)
638	Itzehoe	Mozartstraße	de:01061:106351::2	53.932138	9.520312		MATCHED	n332466266	3.5	0.42	Beethovenstraße				LINESTRING(9.520312 53.932138,9.5203194 53.93216940000001)
639	Itzehoe	Mühlenweg	de:01061:106386::1	53.904661	9.478047		MATCHED	n1388230884	6.9	0.58	Itzehoe, Mühlenweg				LINESTRING(9.478047 53.904661,9.4779882 53.904609900000004)
640	Itzehoe	Mühlenweg	de:01061:106386::2	53.904761	9.478163		MATCHED	n1388230879	27.9	0.26	Itzehoe, Mühlenweg				LINESTRING(9.478163 53.904761,9.4781258 53.9045113)
641	Itzehoe	Ochsenmarktskamp	de:01061:106396::1	53.927351	9.526307		MATCHED	n332466254	9.6	0.5	Ochsenmarktskamp				LINESTRING(9.526307 53.927351,9.526268400000001 53.927267500000006)
642	Itzehoe	Ochsenmarktskamp	de:01061:106396::2	53.927376	9.526216		MATCHED	n332466255	9.3	0.51	Ochsenmarktskamp				LINESTRING(9.526216 53.927376,9.526251 53.927456600000006)
643	Itzehoe	Oldendorfer Weg	de:01061:106397::1	53.94391	9.494342		NO_MATCH_AND_SEEMS_UNSERVED								POINT(9.494342 53.94391)
644	Itzehoe	Oldendorfer Weg	de:01061:106397::2	53.943905	9.494254		NO_MATCH_AND_SEEMS_UNSERVED								POINT(9.494254 53.943905)
645	Itzehoe	Ostlandplatz	de:01061:46694::1	53.939783	9.51507		MATCHED	n1765258243	5.9	0.61	Ostlandplatz				LINESTRING(9.51507 53.939783,9.514986200000001 53.9398026)
646	Itzehoe	Ostlandplatz	de:01061:46694::2	53.93969	9.51525		MATCHED	n1765258242	7.6	0.55	Ostlandplatz				LINESTRING(9.51525 53.93969,9.515358800000001 53.9396676)
647	Itzehoe	Ostlandplatz	de:01061:46694::3	53.939965	9.51429		MATCHED_THOUGH_OSM_NO_NAME	n1765258268	66.2	0.04					LINESTRING(9.51429 53.939965,9.5151991 53.939707600000006)
648	Itzehoe	Ottensstraße	de:01061:106411::1	53.905379	9.489651		MATCHED_THOUGH_OSM_NO_NAME	n1379024949	15.6	0.12					LINESTRING(9.489651 53.905379,9.4894741 53.905472200000006)
649	Itzehoe	Ottensstraße	de:01061:106411::2	53.905673	9.488878		MATCHED_THOUGH_OSM_NO_NAME	n1379024947	48.6	0.05					LINESTRING(9.488878 53.905673,9.489393600000001 53.905360300000005)
650	Itzehoe	Papenkamp	de:01061:46696::1	53.932852	9.487557	bus	MATCHED_THOUGH_REVERSED_DIR	n1610221846	2.1	0.77	Itzehoe Papenkamp	6610,X60	Itzehoe Dietrich-Bonhoeffer-Straße / Itzehoe Adler	Heiligenstedten, Max-Tobias-Weg / Bekmünde, Hauptstraße 26	LINESTRING(9.487557 53.932852,9.4875404 53.932836300000005)
651	Itzehoe	Papenkamp	de:01061:46696::2	53.932782	9.486528	bus	MATCHED_THOUGH_REVERSED_DIR	n1610221844	2.2	0.76	Itzehoe Papenkamp	6610,X60	Westerbüttel Justus-von-Liebig-Straße / Heiligenstedten Juliankadamm	Itzehoe Dietrich-Bonhoeffer-Straße	LINESTRING(9.486528 53.932782,9.486494200000001 53.9327825)
652	Itzehoe	Poelstraße	de:01061:46678::1	53.929843	9.508779		MATCHED	n1617979582	3.6	0.71	Itzehoe, Poelstraße			Itzehoe Dithmarscher Platz	LINESTRING(9.508779 53.929843,9.508783900000001 53.9298756)
653	Itzehoe	Poelstraße	de:01061:46678::2	53.930038	9.50885		MATCHED	n1617979586	1.4	0.84	Itzehoe, Poelstraße			Itzehoe, Adler	LINESTRING(9.50885 53.930038,9.5088348 53.930029600000005)
654	Itzehoe	Portland-Cement-Straße	de:01061:106346::1	53.914416	9.512542		MATCHED_THOUGH_OSM_NO_NAME	n5368442389	14.3	0.13					LINESTRING(9.512542 53.914416,9.512652300000001 53.914305500000005)
655	Itzehoe	Portland-Cement-Straße	de:01061:106346::2	53.914546	9.51185		MATCHED	n5368442388	6.3	0.59	Itzehoe, Portland-Cement-Straße				LINESTRING(9.51185 53.914546,9.5119062 53.9145922)
656	Itzehoe	Potthoffstraße	de:01061:106398::1	53.926142	9.507171		NO_MATCH_AND_SEEMS_UNSERVED								POINT(9.507171 53.926142)
657	Itzehoe	Potthoffstraße	de:01061:106398::2	53.926113	9.507399		NO_MATCH_AND_SEEMS_UNSERVED								POINT(9.507399 53.926113)
658	Itzehoe	Rathaus	de:01061:106399::1	53.919132	9.516766		MATCHED	n1406223904	10.2	0.48	Itzehoe, Rathaus			Itzehoe, Bergstraße	LINESTRING(9.516766 53.919132,9.516899200000001 53.9190844)
659	Itzehoe	Rathaus	de:01061:106399::2	53.919153	9.515601		MATCHED	n1406223905	8.2	0.54	Itzehoe, Rathaus			Bahnhof Itzehoe (Viktoriastraße)	LINESTRING(9.515601 53.919153,9.5156866 53.919206100000004)
660	Itzehoe	Robert-Koch-Straße	de:01061:106400::1	53.946251	9.506548		MATCHED	n3943305446	11.2	0.46	Robert-Koch-Straße				LINESTRING(9.506548 53.946251,9.5067185 53.946245100000006)
661	Itzehoe	Robert-Koch-Straße	de:01061:106400::2	53.946034	9.505942		MATCHED	n3943305445	16.1	0.38	Robert-Koch-Straße				LINESTRING(9.505942 53.946034,9.506141300000001 53.9459498)
662	Itzehoe	Sanddeich	de:01061:106401::1	53.910654	9.489135		MATCHED	n1396376592	54.5	0.16	Sanddeich				LINESTRING(9.489135 53.910654,9.4892155 53.910166200000006)
663	Itzehoe	Sanddeich	de:01061:106401::2	53.910966	9.489902		MATCHED	n1392631386	1.7	0.82	Sanddeich				LINESTRING(9.489902 53.910966,9.4898778 53.910972)
664	Itzehoe	Schauenburgerstraße	de:01061:46697::1	53.938041	9.498173		MATCHED	n1705559963	6.6	0.59	Itzehoe, Schauenburgerstraße			Itzehoe, Adler	LINESTRING(9.498173 53.938041,9.498121000000001 53.938091500000006)
665	Itzehoe	Schauenburgerstraße	de:01061:46697::2	53.937291	9.499066		MATCHED	n332061755	6.4	0.59	Itzehoe, Schauenburgerstraße			Itzehoe, Holtweg / Maria-Bornheim-Weg (Klinikum)	LINESTRING(9.499066 53.937291,9.4990596 53.9373482)
666	Itzehoe	Schenefelder Chaussee	de:01061:25067::1	53.950058	9.493584		MATCHED_THOUGH_NAMES_DIFFER	n343706634	7.4	0.13	Kirchweg (Nord)				LINESTRING(9.493584 53.950058,9.4935896 53.950124200000005)
667	Itzehoe	Schenefelder Chaussee	de:01061:25067::2	53.950058	9.493584		MATCHED_THOUGH_NAMES_DIFFER	n6270162006	2.3	0.18	Kirchweg (Nord)				LINESTRING(9.493584 53.950058,9.493617500000001 53.950053700000005)
668	Itzehoe	Schubertstraße	de:01061:106352::1	53.931771	9.52224		MATCHED	n332466265	1.7	0.42	Beethovenstraße				LINESTRING(9.52224 53.931771,9.5222333 53.9317858)
669	Itzehoe	Schubertstraße	de:01061:106352::2	53.931786	9.522328		MATCHED	n332466264	0.6	0.46	Beethovenstraße				LINESTRING(9.522328 53.931786,9.5223367 53.931786900000006)
670	Itzehoe	Schulenburg	de:01061:106402::1	53.908554	9.506589		MATCHED_THOUGH_OSM_NO_NAME	n1379024957	7.2	0.18					LINESTRING(9.506589 53.908554,9.506610700000001 53.9086177)
671	Itzehoe	Schulenburg	de:01061:106402::2	53.908816	9.506321		MATCHED_THOUGH_OSM_NO_NAME	n1379024958	6.5	0.18					LINESTRING(9.506321 53.908816,9.506319300000001 53.908874700000005)
672	Itzehoe	Schwimmzentrum	de:01061:46699::1	53.936523	9.516716		MATCHED	n1760001819	44.3	0.19	Schwimmzentrum				LINESTRING(9.516716 53.936523,9.5169289 53.9361456)
673	Itzehoe	Schwimmzentrum	de:01061:46699::2	53.937556	9.516333		MATCHED	n1760001816	178.1	0.06	Schwimmzentrum				LINESTRING(9.516333 53.937556,9.517170700000001 53.936033300000005)
674	Itzehoe	Sieversbek	de:01061:106403::1	53.944336	9.491729		NO_MATCH_AND_SEEMS_UNSERVED								POINT(9.491729 53.944336)
675	Itzehoe	Sieversbek	de:01061:106403::2	53.944429	9.491609		NO_MATCH_AND_SEEMS_UNSERVED								POINT(9.491609 53.944429)
676	Itzehoe	Stadion	de:01061:106393::1	53.931356	9.537917	bus	MATCHED	n1449661891	9.5	0.7	Itzehoe, Stadion	785	Itzehoe Friedrich-Ebert-Straße	Itzehoe, Friedrich-Ebert-Straße	LINESTRING(9.537917 53.931356,9.5377801 53.9313276)
677	Itzehoe	Stadion	de:01061:106393::2	53.931395	9.539142	bus	MATCHED	n1449661892	17.9	0.58	Itzehoe, Stadion	785	Itzehoe Straßenmeisterei	Itzehoe, Straßenmeisterei	LINESTRING(9.539142 53.931395,9.5388787 53.9313537)
678	Itzehoe	Stadtbibliothek	de:01061:106404::1	53.924779	9.5202		NO_MATCH_AND_SEEMS_UNSERVED								POINT(9.5202 53.924779)
679	Itzehoe	Stadtbibliothek	de:01061:106404::2	53.92483	9.52032		NO_MATCH_AND_SEEMS_UNSERVED								POINT(9.52032 53.92483)
680	Itzehoe	Stettiner Straße	de:01061:106406::1	53.94112	9.507742		MATCHED	n6005700558	2.3	0.78	Stettiner Straße				LINESTRING(9.507742 53.94112,9.5077082 53.94112440000001)
681	Itzehoe	Stettiner Straße	de:01061:106406::2	53.941004	9.50776		MATCHED	n6005700559	11.4	0.46	Stettiner Straße				LINESTRING(9.50776 53.941004,9.5078408 53.94109460000001)
682	Itzehoe	Straßenmeisterei	de:01061:46698::1	53.938142	9.55254	bus	MATCHED_THOUGH_REVERSED_DIR	n1659070022	6.2	0.55	Itzehoe, Straßenmeisterei	785	Itzehoe Stadion	Oesau, Kreuzung	LINESTRING(9.55254 53.938142,9.5526 53.9380984)
683	Itzehoe	Straßenmeisterei	de:01061:46698::2	53.938375	9.55295	bus	MATCHED_THOUGH_REVERSED_DIR	n1659070030	2.7	0.73	Itzehoe, Straßenmeisterei	785	Oesau Kreuzung	Itzehoe, Friedrich-Ebert-Straße / Itzehoe, Stadion	LINESTRING(9.55295 53.938375,9.5529094 53.938378300000004)
684	Itzehoe	Störfischerstraße	de:01061:106405::1	53.930368	9.493538		MATCHED_THOUGH_NAMES_DIFFER	n1591277625	57.3	0.05	Stadtwerke				LINESTRING(9.493538 53.930368,9.494403100000001 53.9303016)
685	Itzehoe	Störfischerstraße	de:01061:106405::2	53.930255	9.493917		MATCHED_THOUGH_OSM_NO_NAME	n1591277302	45.6	0.06					LINESTRING(9.493917 53.930255,9.4946116 53.9302554)
686	Itzehoe	Trotzenburg	de:01061:106410::1	53.929639	9.545735		MATCHED	n1460295466	11.5	0.27	Trotzenburger Straße Mitte				LINESTRING(9.545735 53.929639,9.545681 53.929540300000006)
687	Itzehoe	Trotzenburg	de:01061:106410::2	53.929756	9.545945		MATCHED	n1460295467	33.0	0.14	Trotzenburger Straße Mitte				LINESTRING(9.545945 53.929756,9.5457598 53.929480500000004)
688	Itzehoe	Viertkoppel	de:01061:106412::1	53.943451	9.514591		MATCHED	n6005700554	43.6	0.19	Viertkoppel				LINESTRING(9.514591 53.943451,9.5144277 53.9438308)
689	Itzehoe	Viertkoppel	de:01061:106412::2	53.943406	9.514457		MATCHED	n6005700553	66.8	0.13	Viertkoppel				LINESTRING(9.514457 53.943406,9.514582 53.944002100000006)
690	Itzehoe	Viktoriastraße/Bahnhof	de:01061:46700::1	53.924025	9.512042	bus	MATCHED	n1639512958	22.0	0.41	Bahnhof Itzehoe (Viktoriastraße)	6610,755,785	Itzehoe Dithmarscher Platz	Itzehoe Dithmarscher Platz	LINESTRING(9.512042 53.924025,9.512335700000001 53.924120900000005)
691	Itzehoe	Viktoriastraße/Bahnhof	de:01061:46700::2	53.924145	9.512282	bus	MATCHED	n1639512953	23.1	0.41	Bahnhof Itzehoe (Viktoriastraße)	6610,755,785	Itzehoe ZOB	Haltebereich F / Haltebereich E	LINESTRING(9.512282 53.924145,9.5119754 53.9240432)
692	Itzehoe	Vossbarg	de:01061:106413::1	53.931225	9.488673		MATCHED	n1606650807	32.7	0.16	Voßbarg				LINESTRING(9.488673 53.931225,9.4887484 53.93151520000001)
693	Itzehoe	Vossbarg	de:01061:106413::2	53.93142	9.488551		MATCHED	n12134685690	6.0	0.41	Voßbarg				LINESTRING(9.488551 53.93142,9.4885449 53.93136620000001)
694	Itzehoe	Waldfriedhof	de:01061:9099065::1	53.93485	9.538606		NO_MATCH_AND_SEEMS_UNSERVED								POINT(9.538606 53.93485)
695	Itzehoe	Waldfriedhof	de:01061:9099065::2	53.934661	9.538746		NO_MATCH_AND_SEEMS_UNSERVED								POINT(9.538746 53.934661)
696	Itzehoe	Wasserwerk	de:01061:106414::1	53.947821	9.512462		NO_MATCH_AND_SEEMS_UNSERVED								POINT(9.512462 53.947821)
697	Itzehoe	Wasserwerk	de:01061:106414::2	53.947846	9.512425		NO_MATCH_AND_SEEMS_UNSERVED								POINT(9.512425 53.947846)
698	Itzehoe	Wiesengrund	de:01061:106416::1	53.906384	9.493246		MATCHED	n1396712009	29.8	0.25	Wiesengrund				LINESTRING(9.493246 53.906384,9.4936444 53.906256600000006)
699	Itzehoe	Wiesengrund	de:01061:106416::2	53.906398	9.49326		MATCHED	n1396712010	21.7	0.31	Wiesengrund				LINESTRING(9.49326 53.906398,9.4935755 53.9063394)
700	Itzehoe	ZOB	de:01061:46701::1	53.922922	9.514697	bus	MATCHED_THOUGH_NAMES_DIFFER	n1638974569	4.8	0.21	Haltebereich A	6610,755,785	Itzehoe Viktoriastraße/Bahnhof		LINESTRING(9.514697 53.922922,9.514758200000001 53.9228986)
701	Itzehoe	ZOB	de:01061:46701::2	53.922764	9.515409		MATCHED_THOUGH_NAMES_DIFFER	n1638974576	2.3	0.18	Haltebereich D				LINESTRING(9.515409 53.922764,9.515394200000001 53.9227453)
702	Itzehoe	ZOB	de:01061:46701::3	53.922987	9.515767		MATCHED_THOUGH_NAMES_DIFFER	n1638974587	3.9	0.16	Haltebereich E			Bahnhof Itzehoe (Viktoriastraße)	LINESTRING(9.515767 53.922987,9.5158083 53.92296210000001)
703	Itzehoe	ZOB	de:01061:46701::4	53.922866	9.515276		MATCHED_THOUGH_NAMES_DIFFER	n1638974570	6.0	0.19	Haltebereich B				LINESTRING(9.515276 53.922866,9.5153619 53.92284720000001)
704	Itzehoe	ZOB	de:01061:46701::5	53.922817	9.514753		MATCHED_THOUGH_NAMES_DIFFER	n1638974575	5.1	0.15	Haltebereich C				LINESTRING(9.514753 53.922817,9.5146759 53.9228224)
705	Itzehoe	ZOB	de:01061:46701::6	53.923033	9.515968		MATCHED_THOUGH_NAMES_DIFFER	n1638974589	11.3	0.11	Haltebereich F			Bahnhof Itzehoe (Adenauerallee) / Bahnhof Itzehoe (Viktoriastraße)	LINESTRING(9.515968 53.923033,9.515983 53.92293170000001)
706	Itzehoe	Zusestraße	de:01061:106417::1	53.952885	9.480643		MATCHED	n6281451124	85.6	0.11	Zusestraße				LINESTRING(9.480643 53.952885,9.4818759 53.9526332)
707	Itzehoe	Zusestraße	de:01061:106417::2	53.952885	9.480643		NO_MATCH_AND_SEEMS_UNSERVED								POINT(9.480643 53.952885)
708	Kaaks	Alte Schmiede	de:01061:47492::1	53.991058	9.46496		MATCHED	n6561821024	10.2	0.49	Kaaks, Alte Schmiede			Kaaks, Osterkamp	LINESTRING(9.46496 53.991058,9.464808600000001 53.9910773)
709	Kaaks	Alte Schmiede	de:01061:47492::2	53.991224	9.464653		MATCHED	n6561821023	0.8	0.88	Kaaks, Alte Schmiede			Mehlbek, Oha	LINESTRING(9.464653 53.991224,9.464665400000001 53.991225)
710	Kaaks	Eversdorf	de:01061:9089021::1	53.987487	9.494459		MATCHED_THOUGH_OSM_NO_NAME	n4086447054	14.4	0.13					LINESTRING(9.494459 53.987487,9.4944475 53.987357800000005)
711	Kaaks	Eversdorf	de:01061:9089021::2	53.987394	9.494639		MATCHED_THOUGH_OSM_NO_NAME	n4086447055	13.5	0.13					LINESTRING(9.494639 53.987394,9.4946874 53.987512)
712	Kaaks	Hohenaspe Am Burndahl (West)	de:01061:42904::1	53.98319	9.499824		MATCHED	n375526952	17.0	0.37	Hohenaspe, Am Burndahl (West)			Ottenbüttel, No de Halloh / Ottenbüttel, Böverst Dörpstraat	LINESTRING(9.499824 53.98319,9.4995963 53.983262100000005)
713	Kaaks	Hohenaspe Am Burndahl (West)	de:01061:42904::2	53.98411	9.499502		NO_MATCH_AND_SEEMS_UNSERVED								POINT(9.499502 53.98411)
714	Kaaks	Hohenaspe Am Burndahl (West)	de:01061:9165519::1	53.983948	9.501263		NO_MATCH_AND_SEEMS_UNSERVED								POINT(9.501263 53.983948)
715	Kaaks	Hohenaspe Am Burndahl (West)	de:01061:9165519::2	53.983874	9.501516		NO_MATCH_AND_SEEMS_UNSERVED								POINT(9.501516 53.983874)
716	Kaaks	Hohenaspe Evert	de:01061:42907::1	53.988352	9.494879		NO_MATCH_AND_SEEMS_UNSERVED								POINT(9.494879 53.988352)
717	Kaaks	Hohenaspe Evert	de:01061:42907::2	53.988352	9.494879		NO_MATCH_AND_SEEMS_UNSERVED								POINT(9.494879 53.988352)
718	Kaaks	Kaaksburg (Mitte)	de:01061:42906::1	54.001278	9.488905		MATCHED_THOUGH_OSM_NO_NAME	n375526561	50.7	0.05					LINESTRING(9.488905 54.001278,9.4886172 54.000855300000005)
719	Kaaks	Kaaksburg (Mitte)	de:01061:42906::2	54.001579	9.489053		MATCHED	n9999032216	10.2	0.48	Kaaks, Kaaksburg (Mitte)			Hohenaspe, An der Bekau / Kaisborstel, Forstweg	LINESTRING(9.489053 54.001579,9.4890009 54.001492400000004)
720	Kaaks	Neuer Kamp	de:01061:47491::1	53.987113	9.479172		NO_MATCH_AND_SEEMS_UNSERVED								POINT(9.479172 53.987113)
721	Kaaks	Neuer Kamp	de:01061:47491::2	53.987218	9.479247		MATCHED	n7900745882	19.4	0.34	Kaaks, Neuer Kamp			Hohenaspe, Am Burndahl (West)	LINESTRING(9.479247 53.987218,9.479542200000001 53.9872212)
722	Kaaks	Osterkamp	de:01061:9089020::1	53.990245	9.472014		MATCHED	n6160861294	9.0	0.51	Kaaks, Osterkamp			Kaaks, Neuer Kamp / Kaaks, Alte Schmiede	LINESTRING(9.472014 53.990245,9.4718885 53.9902784)
723	Kaisborstel	Dorfstraße	de:01061:9034651::1	54.020574	9.47635	bus	MATCHED	n7758175247	10.0	0.35	Kaisborstel B 204	6150,6162	Kaisborstel Forstweg / Kaisborstel Forstweg		LINESTRING(9.47635 54.020574,9.476275300000001 54.0206528)
724	Kaisborstel	Forstweg	de:01061:47587::1	54.012951	9.481261		MATCHED	n375526566	28.3	0.26	Kaisborstel, Forstweg			Hohenaspe, An der Bekau	LINESTRING(9.481261 54.012951,9.481157600000001 54.013197600000005)
725	Kaisborstel	Forstweg	de:01061:47587::2	54.015409	9.480627		NO_MATCH_AND_SEEMS_UNSERVED								POINT(9.480627 54.015409)
726	Kaisborstel	Forstweg	de:01061:47588::1	54.014407	9.481391		NO_MATCH_AND_SEEMS_UNSERVED								POINT(9.481391 54.014407)
727	Kaisborstel	Lahann	de:01061:47588	54.014407	9.481391		NO_MATCH_AND_SEEMS_UNSERVED								POINT(9.481391 54.014407)
728	Kellinghusen	Amtsverwaltung	de:01061:48734::1	53.947754	9.720971	bus	MATCHED	n972182600	1.7	0.9	Kellinghusen, Amtsverwaltung	7503	Kellinghusen Eichenallee	Kellinghusen, Marienstraße	LINESTRING(9.720971 53.947754,9.720964200000001 53.947739000000006)
729	Kellinghusen	Amtsverwaltung	de:01061:48734::2	53.947718	9.719381	bus	MATCHED	n972182569	4.5	0.71	Kellinghusen, Amtsverwaltung	7503	Kellinghusen Bergstraße	Kellinghusen, Grönhude / Kellinghusen, Neumühlener Weg (Süd) / Kellinghusen, Bergstraße	LINESTRING(9.719381 53.947718,9.719408000000001 53.947755)
730	Kellinghusen	Bergstraße	de:01061:48733::1	53.950815	9.719118	bus	MATCHED_THOUGH_REVERSED_DIR	n998818339	2.2	0.76	Kellinghusen, Bergstraße	7503	Kellinghusen Gemeinschaftsschule	Kellinghusen, Amtsverwaltung	LINESTRING(9.719118 53.950815,9.719102900000001 53.9508324)
731	Kellinghusen	Bergstraße	de:01061:48733::2	53.949721	9.7186		MATCHED	n998818361	2.8	0.75	Kellinghusen, Bergstraße			Kellinghusen, Preußerstraße / Kellinghusen, Breslauer Straße	LINESTRING(9.7186 53.949721,9.7186378 53.9497331)
732	Kellinghusen	Breslauer Straße	de:01061:48724::1	53.956351	9.719049		MATCHED	n988792217	1.2	0.86	Kellinghusen, Breslauer Straße			Kellinghusen, Kolberger Straße / Kellinghusen, Gemeinschaftsschule	LINESTRING(9.719049 53.956351,9.7190337 53.956356500000005)
733	Kellinghusen	Breslauer Straße	de:01061:48724::2	53.956349	9.719295		MATCHED	n988792094	6.8	0.58	Kellinghusen, Breslauer Straße			Kellinghusen, Bergstraße	LINESTRING(9.719295 53.956349,9.7193974 53.95634200000001)
734	Kellinghusen	Clausthal	de:01061:48723::1	53.951504	9.728489		MATCHED_THOUGH_OSM_NO_NAME	n1116960437	4.7	0.21					LINESTRING(9.728489 53.951504,9.7285594 53.951495300000005)
735	Kellinghusen	Eichenallee	de:01061:48738::1	53.949679	9.734793	bus	NO_MATCH					7503	Quarnstedt Schmidsbarg		POINT(9.734793 53.949679)
736	Kellinghusen	Gemeinschaftsschule	de:01061:48726::1	53.95569	9.715611		MATCHED	n9659250233	19.9	0.33	Kellinghusen, Gemeinschaftsschule				LINESTRING(9.715611 53.95569,9.7153142 53.955727700000004)
737	Kellinghusen	Gemeinschaftsschule	de:01061:48726::2	53.95568	9.715166	bus	MATCHED	n9659250232	3.4	0.76	Kellinghusen, Gemeinschaftsschule	7503	Kellinghusen Veilchenweg / Kellinghusen Lindenstraße (Mitte)		LINESTRING(9.715166 53.95568,9.7151259 53.955699300000006)
738	Kellinghusen	Grundschule	de:01061:48740::1	53.951094	9.723922	bus	NO_MATCH_BUT_OTHER_PLATFORM_MATCHED					7503			POINT(9.723922 53.951094)
739	Kellinghusen	Grundschule	de:01061:48740::2	53.95131	9.724253		MATCHED	n988754448	0.5	0.91	Kellinghusen, Grundschule				LINESTRING(9.724253 53.95131,9.724257900000001 53.9513065)
740	Kellinghusen	Grönhude	de:01061:48728::1	53.936716	9.697221		MATCHED	n4919782982	0.6	0.9	Kellinghusen, Grönhude			Kellinghusen, Amtsverwaltung	LINESTRING(9.697221 53.936716,9.6972286 53.936719700000005)
741	Kellinghusen	Grönhude	de:01061:48728::2	53.936569	9.696556		MATCHED	n4919782981	4.8	0.65	Kellinghusen, Grönhude			Wittenbergen, Mühlenstraße 3	LINESTRING(9.696556 53.936569,9.696483 53.936563400000004)
742	Kellinghusen	Kleiner Kamp	de:01061:9048742::1	53.93943	9.72592		NO_MATCH_AND_SEEMS_UNSERVED								POINT(9.72592 53.93943)
743	Kellinghusen	Kolberger Straße	de:01061:48729::1	53.955292	9.713224		MATCHED	n988993823	3.0	0.74	Kellinghusen, Kolberger Straße			Kellinghusen, Breslauer Straße	LINESTRING(9.713224 53.955292,9.7132287 53.9552653)
744	Kellinghusen	Kolberger Straße	de:01061:48729::2	53.955321	9.713129		MATCHED	n988993897	3.3	0.73	Kellinghusen, Kolberger Straße			Kellinghusen, Neumühlener Weg (Mitte)	LINESTRING(9.713129 53.955321,9.713167200000001 53.95534000000001)
745	Kellinghusen	Krimweg	de:01061:48739::1	53.955505	9.736475	bus	MATCHED_THOUGH_NAMES_DIFFER	n4639495877	60.8	0.06	Schützenstraße	7503	Kellinghusen Amtsverwaltung		LINESTRING(9.736475 53.955505,9.7363894 53.9549607)
746	Kellinghusen	Krützkamp	de:01061:48730::1	53.964632	9.723525		NO_MATCH_AND_SEEMS_UNSERVED								POINT(9.723525 53.964632)
747	Kellinghusen	Krützkamp	de:01061:48730::2	53.964573	9.723349		MATCHED	n1117095392	0.7	0.89	Kellinghusen, Krützkamp			Kellinghusen, Nordfriedhof	LINESTRING(9.723349 53.964573,9.7233567 53.964569000000004)
748	Kellinghusen	Lindenstraße (Mitte)	de:01061:48731::1	53.953794	9.719648		MATCHED	n2475754583	3.6	0.71	Kellinghusen, Lindenstraße (Mitte)				LINESTRING(9.719648 53.953794,9.719610000000001 53.953817400000005)
749	Kellinghusen	Lindenstraße (Mitte)	de:01061:48731::2	53.953747	9.719416	bus	MATCHED	n2475754582	3.7	0.83	Kellinghusen, Lindenstraße (Mitte)	7503	Kellinghusen Grundschule	Kellinghusen, Nordfriedhof / Kellinghusen, Bergstraße	LINESTRING(9.719416 53.953747,9.7194604 53.9537265)
750	Kellinghusen	Marienstraße	de:01061:48725::1	53.945475	9.728579		MATCHED	n973128580	17.0	0.37	Kellinghusen, Marienstraße			Kellinghusen, Mühlenbeker Straße	LINESTRING(9.728579 53.945475,9.728508900000001 53.9453277)
751	Kellinghusen	Marienstraße	de:01061:48725::2	53.945684	9.72874		MATCHED	n973128556	2.5	0.77	Kellinghusen, Marienstraße			Kellinghusen, Amtsverwaltung	LINESTRING(9.72874 53.945684,9.7287414 53.9456616)
752	Kellinghusen	Mühlenbeker Straße	de:01061:48735::1	53.9424	9.73247		MATCHED	n971133327	1.4	0.84	Kellinghusen, Mühlenbeker Straße				LINESTRING(9.73247 53.9424,9.732486600000001 53.942407700000004)
753	Kellinghusen	Mühlenbeker Straße	de:01061:48735::2	53.942138	9.733733		MATCHED	n971133294	2.4	0.77	Kellinghusen, Mühlenbeker Straße			Kellinghusen, Marienstraße	LINESTRING(9.733733 53.942138,9.7337234 53.942117100000004)
754	Kellinghusen	Mühlenweg	de:01061:9048741::1	53.93942	9.73395		NO_MATCH_AND_SEEMS_UNSERVED								POINT(9.73395 53.93942)
755	Kellinghusen	Neumühlener Weg (Mitte)	de:01061:48727::1	53.954297	9.707532		MATCHED	n988993882	9.7	0.5	Kellinghusen, Neumühlener Weg (Mitte)			Kellinghusen, Kolberger Straße	LINESTRING(9.707532 53.954297,9.707389500000001 53.954272200000005)
756	Kellinghusen	Neumühlener Weg (Mitte)	de:01061:48727::2	53.954398	9.707887		MATCHED	n9659250223	36.0	0.22	Kellinghusen, Neumühlener Weg (Mitte)			Kellinghusen, Neumühlener Weg (Süd)	LINESTRING(9.707887 53.954398,9.707352 53.954325700000005)
757	Kellinghusen	Neumühlener Weg (Süd)	de:01061:48736::1	53.951162	9.707661	bus	MATCHED	n989431166	1.0	0.93	Kellinghusen, Neumühlener Weg (Süd)	7503	Kellinghusen Amtsverwaltung	Kellinghusen, Amtsverwaltung / Kellinghusen, Neumühlener Weg (Mitte)	LINESTRING(9.707661 53.951162,9.7076648 53.951170700000006)
758	Kellinghusen	Neumühlener Weg (Süd)	de:01061:48736::2	53.951288	9.707512		MATCHED	n5084716522	3.9	0.69	Kellinghusen, Neumühlener Weg (Süd)			Mühlenbarbek, Feuerwehr	LINESTRING(9.707512 53.951288,9.7075718 53.9512883)
759	Kellinghusen	Nordfriedhof	de:01061:48737::1	53.958079	9.720509	bus	MATCHED	n988792154	0.5	0.92	Kellinghusen, Nordfriedhof	7503	Kellinghusen Gemeinschaftsschule	Rosdorf, Hauptstraße (Süd)	LINESTRING(9.720509 53.958079,9.720514600000001 53.958075900000004)
760	Kellinghusen	Nordfriedhof	de:01061:48737::2	53.957887	9.720522		MATCHED	n988792245	3.2	0.73	Kellinghusen, Nordfriedhof			Kellinghusen, Breslauer Straße	LINESTRING(9.720522 53.957887,9.720476000000001 53.9578952)
761	Kellinghusen	Preußerstraße	de:01061:48732::1	53.954441	9.720452		MATCHED	n5181339288	0.4	0.92	Kellinghusen, Preußerstraße			Kellinghusen, Breslauer Straße	LINESTRING(9.720452 53.954441,9.7204569 53.9544426)
762	Kellinghusen	Preußerstraße	de:01061:48732::2	53.954495	9.720359		NO_MATCH_AND_SEEMS_UNSERVED								POINT(9.720359 53.954495)
763	Kellinghusen	Veilchenweg	de:01061:65191::1	53.955614	9.699769	bus	MATCHED	n9659189281	8.9	0.58	Kellinghusen, Veilchenweg	7503	Kellinghusen Neumühlener Weg (Süd)		LINESTRING(9.699769 53.955614,9.6998349 53.955544100000004)
764	Kellinghusen	Veilchenweg	de:01061:65191::2	53.955493	9.699721		NO_MATCH_AND_SEEMS_UNSERVED								POINT(9.699721 53.955493)
765	Kiebitzreihe	Abzw. Bullendorf	de:01061:48930::1	53.775856	9.592755		MATCHED	n5859300026	91.3	0.1	Kiebitzreihe, Abzw. Bullendorf				LINESTRING(9.592755 53.775856,9.5939412 53.7754326)
766	Kiebitzreihe	Abzw. Bullendorf	de:01061:48930::2	53.775838	9.593255		MATCHED	n5859300028	40.2	0.2	Kiebitzreihe, Abzw. Bullendorf			Kiebitzreihe, Wischreihe 9	LINESTRING(9.593255 53.775838,9.5932905 53.776198300000004)
767	Kiebitzreihe	Abzw. Bullendorf	de:01061:48930::3	53.775635	9.591986		MATCHED	n5859300024	25.2	0.28	Kiebitzreihe, Abzw. Bullendorf			Kiebitzreihe, Kuhdamm	LINESTRING(9.591986 53.775635,9.5923573 53.7756898)
768	Kiebitzreihe	Hauptstraße	de:01061:48931::1	53.781267	9.620366		MATCHED	n5620372758	1.6	0.82	Kiebitzreihe, Hauptstraße			Horst, Kiebitzreiher Chaussee 89	LINESTRING(9.620366 53.781267,9.6203683 53.781281500000006)
769	Kiebitzreihe	Hauptstraße	de:01061:48931::2	53.781507	9.620442		MATCHED	n5620372759	24.0	0.29	Kiebitzreihe, Hauptstraße			Kiebitzreihe, Wiesengrund	LINESTRING(9.620442 53.781507,9.620271 53.7813164)
770	Kiebitzreihe	Heidkamp	de:01061:48934::1	53.781817	9.621748		MATCHED	n5620372760	6.0	0.61	Kiebitzreihe, Heidkamp				LINESTRING(9.621748 53.781817,9.6216845 53.781778300000006)
771	Kiebitzreihe	Heidkamp	de:01061:48934::2	53.781873	9.621759		MATCHED	n5620372761	11.0	0.47	Kiebitzreihe, Heidkamp				LINESTRING(9.621759 53.781873,9.6216054 53.781835400000006)
772	Kiebitzreihe	Koppeldamm	de:01061:48933::1	53.781443	9.607127		MATCHED	n3927715801	6.8	0.58	Kiebitzreihe, Koppeldamm			Kiebitzreihe, Wiesengrund	LINESTRING(9.607127 53.781443,9.6072202 53.781468700000005)
773	Kiebitzreihe	Koppeldamm	de:01061:48933::2	53.781316	9.606566		MATCHED	n3927715800	6.0	0.6	Kiebitzreihe, Koppeldamm			Kiebitzreihe, Kuhdamm	LINESTRING(9.606566 53.781316,9.6064789 53.781299000000004)
774	Kiebitzreihe	Kuhdamm	de:01061:48935::1	53.779461	9.601559		MATCHED	n3927715803	17.3	0.36	Kiebitzreihe, Kuhdamm			Kiebitzreihe, Abzw. Bullendorf	LINESTRING(9.601559 53.779461,9.601299500000001 53.7794855)
775	Kiebitzreihe	Kuhdamm	de:01061:48935::2	53.779573	9.601617		MATCHED	n3927715802	93.1	0.1	Kiebitzreihe, Kuhdamm			Kiebitzreihe, Koppeldamm	LINESTRING(9.601617 53.779573,9.6004897 53.7790686)
776	Kiebitzreihe	Schule (Kehre)	de:01061:48932::1	53.777827	9.600492		NO_MATCH_AND_SEEMS_UNSERVED								POINT(9.600492 53.777827)
777	Kiebitzreihe	Weidendamm	de:01061:48936::1	53.78222	9.612027		MATCHED	n9634177768	3.1	0.74	Kiebitzreihe, Weidendamm			Kiebitzreihe, Koppeldamm / Kiebitzreihe, Wiesengrund	LINESTRING(9.612027 53.78222,9.6120727 53.7822152)
778	Kiebitzreihe	Weidendamm	de:01061:48936::2	53.782201	9.612188		NO_MATCH_AND_SEEMS_UNSERVED								POINT(9.612188 53.782201)
779	Kiebitzreihe	Wiesengrund	de:01061:48937::1	53.779672	9.617127		MATCHED	n4802504443	61.8	0.14	Kiebitzreihe, Wiesengrund			Kiebitzreihe, Koppeldamm	LINESTRING(9.617127 53.779672,9.616423600000001 53.780039)
780	Kiebitzreihe	Wiesengrund	de:01061:48937::2	53.779665	9.616879		MATCHED	n4802504442	2.2	0.79	Kiebitzreihe, Wiesengrund			Kiebitzreihe, Hauptstraße	LINESTRING(9.616879 53.779665,9.616897100000001 53.779648300000005)
781	Kiebitzreihe	Wischreihe 9	de:01061:100607::1	53.778432	9.58519		MATCHED	n982740649	3.2	0.71	Kiebitzreihe, Wischreihe 9			Kiebitzreihe, Abzw. Bullendorf	LINESTRING(9.58519 53.778432,9.585177700000001 53.77840440000001)
782	Kiebitzreihe	Wischreihe 9	de:01061:100607::2	53.778382	9.585404		MATCHED	n982740390	6.0	0.59	Kiebitzreihe, Wischreihe 9			Sommerland, Feuerwache Siethwende	LINESTRING(9.585404 53.778382,9.5853468 53.7784239)
783	Kleve	Achtern Barg	de:01061:50529::1	53.9697	9.40054		MATCHED	n10059419655	10.7	0.47	Kleve, Achtern Barg				LINESTRING(9.40054 53.9697,9.4004799 53.9697898)
784	Kleve	Achtern Barg	de:01061:50529::2	53.96995	9.400574		MATCHED	n10059419656	1.2	0.85	Kleve, Achtern Barg				LINESTRING(9.400574 53.96995,9.4005583 53.969956200000006)
785	Kleve	Feuerwehr	de:01061:12127::1	53.958436	9.41509	bus	MATCHED	n8007928941	85.1	0.09	Kleve, Gutsweg	6610	Moorhusen Neue Straße		LINESTRING(9.41509 53.958436,9.4151209 53.959200800000005)
786	Kleve	Feuerwehr	de:01061:12127::2	53.958427	9.415075	bus	NO_MATCH_BUT_OTHER_PLATFORM_MATCHED					6610	Krummendiek		POINT(9.415075 53.958427)
787	Kleve	Gutsweg	de:01061:106433::1	53.960246	9.415882		NO_MATCH_AND_SEEMS_UNSERVED								POINT(9.415882 53.960246)
788	Kleve	Rahde	de:01061:106434::1	53.967561	9.419714		MATCHED	n8007928939	17.8	0.36	Kleve, Rahde			Huje, Galgenberg	LINESTRING(9.419714 53.967561,9.4195211 53.96744880000001)
789	Kleve	Rahde	de:01061:106434::2	53.967681	9.419714		NO_MATCH_AND_SEEMS_UNSERVED								POINT(9.419714 53.967681)
790	Kleve	Voßbarg	de:01061:50527::1	53.965203	9.40527		MATCHED	n310503384	13.0	0.43	Kleve, Voßbarg			Kleve, Rahde	LINESTRING(9.40527 53.965203,9.4050887 53.965250700000006)
791	Kleve	Voßbarg	de:01061:50527::2	53.96559	9.404433		MATCHED	n310503385	8.1	0.54	Kleve, Voßbarg			Vaale, Bollweg	LINESTRING(9.404433 53.96559,9.4045535 53.9655761)
792	Kollmar	Bielenberg 18	de:01061:50978::1	53.746229	9.440128		MATCHED	n1562449166	54.0	0.16	Kollmar, Bielenberg 18			Kollmar, Bielenberg 9	LINESTRING(9.440128 53.746229,9.439779000000001 53.7466682)
793	Kollmar	Bielenberg 18	de:01061:50978::2	53.746462	9.439723		MATCHED	n1562449168	14.8	0.39	Kollmar, Bielenberg 18			Kollmar, Bielenberg 67	LINESTRING(9.439723 53.746462,9.439670600000001 53.74659140000001)
794	Kollmar	Bielenberg 33	de:01061:9009180::1	53.751083	9.435811		NO_MATCH_AND_SEEMS_UNSERVED								POINT(9.435811 53.751083)
795	Kollmar	Bielenberg 33	de:01061:9009180::2	53.751051	9.435661		NO_MATCH_AND_SEEMS_UNSERVED								POINT(9.435661 53.751051)
796	Kollmar	Bielenberg 67	de:01061:50979::1	53.742225	9.444561		MATCHED	n1562449171	16.4	0.37	Kollmar, Bielenberg 67			Kollmar, Bielenberg 18	LINESTRING(9.444561 53.742225,9.4447075 53.74210600000001)
797	Kollmar	Bielenberg 67	de:01061:50979::2	53.742839	9.443914		MATCHED	n1562449173	4.1	0.67	Kollmar, Bielenberg 67			Kollmar, Steindeich 73	LINESTRING(9.443914 53.742839,9.4438689 53.7428638)
798	Kollmar	Bielenberg 9	de:01061:50977::1	53.751836	9.435206		MATCHED	n1562449246	134.4	0.07	Kollmar, Bielenberg 9			Kollmar, Schleuerdeich	LINESTRING(9.435206 53.751836,9.435249200000001 53.753044100000004)
799	Kollmar	Bielenberg 9	de:01061:50977::2	53.751741	9.435116		MATCHED	n1562449244	145.3	0.07	Kollmar, Bielenberg 9			Kollmar, Bielenberg 18	LINESTRING(9.435116 53.751741,9.4351339 53.7530471)
800	Kollmar	Deichreihe	de:01061:50988::1	53.731701	9.464022		MATCHED	n1562449248	20.5	0.33	Kollmar, Deichreihe			Kollmar, Schulstraße	LINESTRING(9.464022 53.731701,9.4643206 53.7316494)
801	Kollmar	Deichreihe	de:01061:50988::2	53.731778	9.46396		MATCHED	n1562449251	12.4	0.44	Kollmar, Deichreihe			Kollmar, Steindeich 73	LINESTRING(9.46396 53.731778,9.464148 53.731780500000006)
802	Kollmar	Haarsmühle	de:01061:50983::1	53.74381	9.503715		MATCHED	n1562506907	25.0	0.29	Kollmar, Haarsmühle			Kollmar, Kehrweg	LINESTRING(9.503715 53.74381,9.503605 53.743594900000005)
803	Kollmar	Haarsmühle	de:01061:50983::2	53.743699	9.503893		MATCHED	n1562506911	3.9	0.69	Kollmar, Haarsmühle			Neuendorf, Lühnhüserdeich / Kollmar, Moorhusen 45	LINESTRING(9.503893 53.743699,9.503942700000001 53.743717800000006)
804	Kollmar	Kehrweg	de:01061:50981::1	53.737247	9.499321		MATCHED	n1562506897	18.8	0.35	Kollmar, Kehrweg			Kollmar, Kirchreihe	LINESTRING(9.499321 53.737247,9.499207 53.7370923)
805	Kollmar	Kehrweg	de:01061:50981::2	53.737302	9.499556		MATCHED	n1562506905	19.3	0.34	Kollmar, Kehrweg			Kollmar, Haarsmühle	LINESTRING(9.499556 53.737302,9.499694700000001 53.737454500000005)
806	Kollmar	Kirchreihe	de:01061:50984::1	53.732714	9.494367		MATCHED	n1562449184	70.7	0.13	Kollmar, Kirchreihe			Kollmar, Wendeplatz	LINESTRING(9.494367 53.732714,9.495336100000001 53.732985600000006)
807	Kollmar	Kirchreihe	de:01061:50984::2	53.732899	9.495386		MATCHED	n1562449183	5.8	0.61	Kollmar, Kirchreihe			Kollmar, Kehrweg	LINESTRING(9.495386 53.732899,9.4953765 53.73284700000001)
808	Kollmar	Kirchreihe	de:01061:50984::3	53.732788	9.494702		MATCHED	n1562449180	1.4	0.84	Kollmar, Kirchreihe			Kollmar, Schulstraße	LINESTRING(9.494702 53.732788,9.494712 53.732799400000005)
809	Kollmar	Langenbrooker Straße	de:01061:50985::1	53.756927	9.514402		MATCHED	n5120876182	6.0	0.61	Kollmar, Langenbrooker Straße			Kollmar, Haarsmühle	LINESTRING(9.514402 53.756927,9.514448900000001 53.756973200000004)
810	Kollmar	Langenbrooker Straße	de:01061:50985::2	53.757214	9.514823		NO_MATCH_AND_SEEMS_UNSERVED								POINT(9.514823 53.757214)
811	Kollmar	Moorhusen	de:01061:50980::1	53.760652	9.518592		NO_MATCH_AND_SEEMS_UNSERVED								POINT(9.518592 53.760652)
812	Kollmar	Moorhusen	de:01061:50980::2	53.760569	9.518605		MATCHED	n4257822007	16.2	0.38	Kollmar, Moorhusen				LINESTRING(9.518605 53.760569,9.5183627 53.7605462)
813	Kollmar	Moorhusen 45	de:01061:50986::1	53.756986	9.536682		NO_MATCH_AND_SEEMS_UNSERVED								POINT(9.536682 53.756986)
814	Kollmar	Moorhusen 45	de:01061:50986::2	53.756893	9.536794		MATCHED	n4919506476	185.1	0.05	Kollmar, Moorhusen 45			Neuendorf, Datenhörn	LINESTRING(9.536794 53.756893,9.539435600000001 53.7563303)
815	Kollmar	Schleuer Maak	de:01061:81770::1	53.762654	9.445347		MATCHED	n5120876175	13.1	0.43	Schleuer, Maak				LINESTRING(9.445347 53.762654,9.4451493 53.7626458)
816	Kollmar	Schleuer Maak	de:01061:81770::2	53.762654	9.445347		MATCHED	n5120876176	49.0	0.17	Schleuer, Maak				LINESTRING(9.445347 53.762654,9.4460613 53.7627758)
817	Kollmar	Schleuerdeich	de:01061:81771::1	53.761264	9.439805		MATCHED	n1562449240	46.1	0.18	Kollmar, Schleuerdeich			Kollmar, Bielenberg 9	LINESTRING(9.439805 53.761264,9.4404491 53.761425700000004)
818	Kollmar	Schleuerdeich	de:01061:81771::2	53.761229	9.439995		MATCHED	n1562449243	3.1	0.74	Kollmar, Schleuerdeich			Kollmar, Schleuerweg	LINESTRING(9.439995 53.761229,9.439948600000001 53.761225100000004)
819	Kollmar	Schleuerweg	de:01061:50987::1	53.7653	9.457118		MATCHED	n4257822015	1.6	0.82	Kollmar, Schleuerweg			Engelbrechtsche Wildnis, Obendeich	LINESTRING(9.457118 53.7653,9.457122 53.76528570000001)
820	Kollmar	Schleuerweg	de:01061:50987::2	53.765302	9.456889		MATCHED	n4257822016	7.0	0.57	Kollmar, Schleuerweg			Kollmar, Schleuerdeich	LINESTRING(9.456889 53.765302,9.4569718 53.765342000000004)
821	Kollmar	Schule	de:01061:9009177::1	53.73001	9.474525		NO_MATCH_AND_SEEMS_UNSERVED								POINT(9.474525 53.73001)
822	Kollmar	Schulstraße	de:01061:50982::1	53.731178	9.472438		MATCHED	n1562449179	10.6	0.47	Kollmar, Schulstraße			Kollmar, Deichreihe	LINESTRING(9.472438 53.731178,9.472557100000001 53.7312425)
823	Kollmar	Schulstraße	de:01061:50982::2	53.731055	9.47242		MATCHED	n1562449176	22.0	0.31	Kollmar, Schulstraße			Kollmar, Wendeplatz	LINESTRING(9.47242 53.731055,9.4726619 53.731190700000006)
824	Kollmar	Steindeich 21	de:01061:9009179::1	53.738384	9.449231		NO_MATCH_AND_SEEMS_UNSERVED								POINT(9.449231 53.738384)
825	Kollmar	Steindeich 21	de:01061:9009179::2	53.738346	9.449113		NO_MATCH_AND_SEEMS_UNSERVED								POINT(9.449113 53.738346)
826	Kollmar	Steindeich 27	de:01061:9099084::1	53.737902	9.449948		NO_MATCH_AND_SEEMS_UNSERVED								POINT(9.449948 53.737902)
827	Kollmar	Steindeich 27	de:01061:9099084::2	53.737871	9.449852		NO_MATCH_AND_SEEMS_UNSERVED								POINT(9.449852 53.737871)
828	Kollmar	Steindeich 73	de:01061:50989::1	53.734912	9.454859		MATCHED	n1562449256	15.2	0.38	Kollmar, Steindeich 73			Kollmar, Bielenberg 67	LINESTRING(9.454859 53.734912,9.454683600000001 53.7350009)
829	Kollmar	Steindeich 73	de:01061:50989::2	53.734655	9.455192		MATCHED	n1562449253	13.1	0.42	Kollmar, Steindeich 73			Kollmar, Deichreihe	LINESTRING(9.455192 53.734655,9.455036100000001 53.734727500000005)
830	Kollmar	Strohdeich	de:01061:50990::1	53.761426	9.476329		MATCHED	n9660437799	99.6	0.1	Kollmar, Strohdeich			Bf. Herzhorn	LINESTRING(9.476329 53.761426,9.477754500000001 53.761129100000005)
831	Kollmar	Strohdeich	de:01061:50990::2	53.761859	9.475508		NO_MATCH_AND_SEEMS_UNSERVED								POINT(9.475508 53.761859)
832	Kollmar	Wendeplatz	de:01061:50991::1	53.727153	9.490659		MATCHED	n4257822013	29.8	0.25	Kollmar, Wendeplatz			Kollmar, Kirchreihe	LINESTRING(9.490659 53.727153,9.4902941 53.726994600000005)
833	Krempdorf	Austraße	de:01061:51380::1	53.830568	9.474295		MATCHED	n1351570958	10.1	0.49	Krempdorf, Austraße			Krempdorf, Borsflether Wisch	LINESTRING(9.474295 53.830568,9.4744127 53.8306266)
834	Krempdorf	Austraße	de:01061:51380::2	53.829903	9.473172		MATCHED	n1351570943	5.3	0.63	Krempdorf, Austraße			Bf. Krempe	LINESTRING(9.473172 53.829903,9.4731181 53.8298677)
835	Krempdorf	Borsflether Wisch	de:01061:51379::1	53.826483	9.460798		MATCHED	n1351570909	6.7	0.58	Krempdorf, Borsflether Wisch			Borsfleth, Borsflether Mühle	LINESTRING(9.460798 53.826483,9.4608936 53.8265029)
836	Krempdorf	Borsflether Wisch	de:01061:51379::2	53.826445	9.461084		MATCHED	n1351570904	2.3	0.78	Krempdorf, Borsflether Wisch			Krempdorf, Austraße	LINESTRING(9.461084 53.826445,9.461117900000001 53.826441)
837	Krempe	Bahnhof	de:01061:51382::1	53.83428	9.481543		MATCHED	n315351353	10.3	0.3	Bf. Krempe			Krempe, Neuenbrooker Straße (Süd)	LINESTRING(9.481543 53.83428,9.4816658 53.8343368)
838	Krempe	Bahnhof	de:01061:51382::2	53.833849	9.481225		NO_MATCH_AND_SEEMS_UNSERVED								POINT(9.481225 53.833849)
839	Krempe	Krempe	de:01061:51381::1	53.834058	9.481712		MATCHED	n56012385	5.2	0.64	Krempe			Glückstadt	LINESTRING(9.481712 53.834058,9.4817588 53.8340958)
840	Krempe	Krempe	de:01061:51381::2	53.836025	9.482607		MATCHED	n794838623	42.3	0.19	Krempe			Kremperheide	LINESTRING(9.482607 53.836025,9.4827204 53.836399)
841	Krempe	Neuenbrooker Straße (Süd)	de:01061:51383::1	53.836437	9.487796		MATCHED	n1355415958	3.3	0.72	Krempe, Neuenbrooker Straße (Süd)			Krempdorf, Austraße	LINESTRING(9.487796 53.836437,9.4877473 53.836444)
842	Krempe	Neuenbrooker Straße (Süd)	de:01061:51383::2	53.836388	9.487969		MATCHED	n1355415956	2.4	0.78	Krempe, Neuenbrooker Straße (Süd)			Grevenkop, Am Rundhof	LINESTRING(9.487969 53.836388,9.488000900000001 53.836398100000004)
843	Krempe	Schulzentrum	de:01061:51384::1	53.834533	9.493773		MATCHED	n11046230133	6.2	0.6	Krempe, Schulzentrum				LINESTRING(9.493773 53.834533,9.4936814 53.834546700000004)
844	Kremperheide	Bahnhof	de:01061:51388::1	53.881603	9.479177		MATCHED	n1360442990	39.9	0.15	Bf. Kremperheide				LINESTRING(9.479177 53.881603,9.479016600000001 53.8819485)
845	Kremperheide	Bahnhof	de:01061:51388::2	53.881447	9.479391		MATCHED	n1360442999	84.9	0.08	Bf. Kremperheide				LINESTRING(9.479391 53.881447,9.4791363 53.8821954)
846	Kremperheide	Bockwisch	de:01061:106454::1	53.881782	9.485152		MATCHED	n336560822	8.4	0.53	Kremperheide, Bockwisch				LINESTRING(9.485152 53.881782,9.4852439 53.881834600000005)
847	Kremperheide	Dorfstraße 94	de:01061:106453::1	53.888598	9.478823		MATCHED_THOUGH_DISTANT	n1360443033	252.6	0.04	Kremperheide, Dorfstraße 94				LINESTRING(9.478823 53.888598,9.4804612 53.890652200000005)
848	Kremperheide	Dorfstraße 94	de:01061:106453::2	53.888649	9.479035		MATCHED	n338942799	86.9	0.1	Kremperheide, Dorfstraße 94				LINESTRING(9.479035 53.888649,9.479260700000001 53.8894182)
849	Kremperheide	Heideweg	de:01061:106457::1	53.895409	9.481916		MATCHED	n1360443062	26.2	0.28	Kremperheide, Heideweg				LINESTRING(9.481916 53.895409,9.4820543 53.8956297)
850	Kremperheide	Heideweg	de:01061:106457::2	53.895092	9.482018		MATCHED	n1360443048	13.4	0.42	Kremperheide, Heideweg				LINESTRING(9.482018 53.895092,9.4818341 53.89503920000001)
851	Kremperheide	Kirche	de:01061:106455::1	53.886784	9.477874		MATCHED	n1360443007	12.9	0.43	Kremperheide, Kirche				LINESTRING(9.477874 53.886784,9.477818000000001 53.88667280000001)
852	Kremperheide	Kirche	de:01061:106455::2	53.886912	9.478077		MATCHED	n1360443015	7.4	0.56	Kremperheide, Kirche				LINESTRING(9.478077 53.886912,9.478058500000001 53.88684670000001)
853	Kremperheide	Kremperheide	de:01061:51387::1	53.880937	9.480367	train	MATCHED	n4591168367	72.6	0.17	Kremperheide	RB60,RB61	Itzehoe / Krempe	Krempe	LINESTRING(9.480367 53.880937,9.480640300000001 53.880304900000006)
854	Kremperheide	Kremperheide	de:01061:51387::2	53.882177	9.480135		MATCHED	n4591168366	72.5	0.12	Kremperheide			Itzehoe	LINESTRING(9.480135 53.882177,9.4798924 53.8828131)
855	Kremperheide	Krempermoor Wiesengrund	de:01061:106458::1	53.879361	9.477344		NO_MATCH_AND_SEEMS_UNSERVED								POINT(9.477344 53.879361)
856	Kremperheide	Krempermoor Wiesengrund	de:01061:106458::2	53.87945	9.47775		MATCHED_THOUGH_DISTANT	n7635284825	241.1	0.04	Krempermoor Wiesengrund				LINESTRING(9.47775 53.87945,9.4789787 53.877408300000006)
857	Kremperheide	Neue Reihe	de:01061:106456::1	53.900707	9.479637		MATCHED	n1360443073	14.7	0.37	Kremperheide, Neie Reihe				LINESTRING(9.479637 53.900707,9.4794744 53.9006156)
858	Kremperheide	Neue Reihe	de:01061:106456::2	53.900095	9.479446		MATCHED	n1360443068	7.4	0.51	Kremperheide, Neie Reihe				LINESTRING(9.479446 53.900095,9.479547 53.900124700000006)
859	Kronsmoor	Alte Landstraße 10	de:01061:51632::1	53.907224	9.589604		MATCHED	n717646592	1.9	0.78	Kronsmoor, Alte Landstraße 10			Breitenburg, Am Schloss	LINESTRING(9.589604 53.907224,9.589616300000001 53.90720820000001)
860	Kronsmoor	Alte Landstraße 10	de:01061:51632::2	53.90718	9.590319		MATCHED	n1375970846	3.0	0.72	Kronsmoor, Alte Landstraße 10			Kronsmoor, Alte Landstraße 28	LINESTRING(9.590319 53.90718,9.590357800000001 53.907194100000005)
861	Kronsmoor	Alte Landstraße 28	de:01061:51630::1	53.908024	9.598186		MATCHED	n717646587	0.5	0.89	Kronsmoor, Alte Landstraße 28			Kronsmoor, Alte Landstraße 10	LINESTRING(9.598186 53.908024,9.5981857 53.908019700000004)
862	Kronsmoor	Alte Landstraße 28	de:01061:51630::2	53.907993	9.598606		MATCHED	n1375970860	2.4	0.75	Kronsmoor, Alte Landstraße 28			Kronsmoor, Moordorfer Weg	LINESTRING(9.598606 53.907993,9.598630700000001 53.908009)
863	Kronsmoor	Moordorfer Weg	de:01061:51631::1	53.908299	9.607025		MATCHED	n717646583	1.4	0.84	Kronsmoor, Moordorfer Weg			Kronsmoor, Alte Landstraße 28	LINESTRING(9.607025 53.908299,9.6070332 53.9082871)
864	Kronsmoor	Moordorfer Weg	de:01061:51631::2	53.908172	9.606732		MATCHED	n1375970871	2.0	0.8	Kronsmoor, Moordorfer Weg			Westermoor, An Eck	LINESTRING(9.606732 53.908172,9.606762100000001 53.9081751)
865	Krummendiek	Krummendiek	de:01061:51700::1	53.945887	9.417413	bus	MATCHED	n10279038371	8.9	0.58	Krummendiek	6610	Kleve(b Itzehoe) Feuerwehr / Kleve(b Itzehoe) Feuerwehr		LINESTRING(9.417413 53.945887,9.417496700000001 53.945950100000005)
866	Krummendiek	Krummendiek	de:01061:51700::2	53.946949	9.41883	bus	MATCHED	n10279038370	3.1	0.77	Krummendiek	6610	Bekdorf		LINESTRING(9.41883 53.946949,9.418861300000001 53.946970300000004)
867	Kudensee	Dörpstroot	de:01061:51845::1	53.930461	9.21397	bus	MATCHED	n3114488562	48.6	0.12	Kudensee	6612,6613,6615,6622	St. Margarethen Bahnhofstraße 21 / Büttel Alter Bahnhof Kudensee	Büttel, Alter Bahnhof Kudensee	LINESTRING(9.21397 53.930461,9.213323500000001 53.930249)
868	Landrecht	Vereinsstraße	de:01061:100065::1	53.932347	9.369961	bus	MATCHED	n5785190110	64.0	0.36	Landrecht, Vereinsstraße	6610,6611	Wilster Colosseum/ZOB	Wilster, Colosseum	LINESTRING(9.369961 53.932347,9.37012 53.931779600000006)
869	Landrecht	Vereinsstraße	de:01061:100065::2	53.932347	9.369961	bus	MATCHED	n5785190111	29.4	0.49	Landrecht, Vereinsstraße	6610,6611	Neuendorf-Sachsenbande Hackeboe 22 / Neuendorf-Sachsenbande Hackeboe 18	Neuendorf-Sachsenbande, Hackeboe 22 / Neuendorf-Sachsenbande, Hackeboe 18	LINESTRING(9.369961 53.932347,9.370134100000001 53.932103000000005)
870	Landrecht	Wilster Kasenort (Schleuse)	de:01061:100059::1	53.912558	9.410616	bus	MATCHED	n6668112723	79.8	0.14	Landrecht, Kasenort (Schleuse)	6624	Stördorf Stördorf 2		LINESTRING(9.410616 53.912558,9.411813800000001 53.9126752)
871	Landscheide	Am Bahnhof	de:01061:53049::1	53.920031	9.252958	bus	MATCHED	n8014660822	25.3	0.52	Landscheide, Am Bahnhof	6612,6615	Landscheide Flethseer Straße 23a / Büttel Kuhlen 23 / Landscheide Flethseer Straße 23a	Kudensee / Büttel, Kuhlen 23	LINESTRING(9.252958 53.920031,9.252942500000001 53.9202578)
872	Landscheide	Am Bahnhof	de:01061:53049::2	53.920031	9.252958	bus	MATCHED	n5785190196	50.6	0.4	Landscheide, Am Bahnhof	6611,6612,6613,6615	Landscheide Nordbünge / Landscheide Wetterndorf	Nortorf (Wilster), Nortorf 2 / Wilster, Colosseum / Landscheide, Wetterndorf	LINESTRING(9.252958 53.920031,9.2526127 53.9204373)
873	Landscheide	Birkenallee	de:01061:53052::1	53.933434	9.247997	bus	MATCHED_THOUGH_DISTANT	n8014653077	236.2	0.2	Landscheide, Birkenallee	6612	Ecklak Hörner Weg	Ecklak, Hörner Weg	LINESTRING(9.247997 53.933434,9.2482983 53.93131820000001)
874	Landscheide	Birkenallee	de:01061:53052::2	53.933434	9.247997	bus	MATCHED_THOUGH_DISTANT	n8014653076	236.3	0.07	Landscheide, Birkenallee	6611,6612,6613,6615	Landscheide Flethseer Straße 23a / Büttel Kuhlen 23	Landscheide, Fleethseer Straße 23a	LINESTRING(9.247997 53.933434,9.2481682 53.93131270000001)
875	Landscheide	Flethseer Straße 23a	de:01061:53048::1	53.923945	9.25088	bus	MATCHED	n8014653073	70.6	0.18	Landscheide, Fleethseer Straße 23a	6611,6612,6613,6615	Büttel Kuhlen 23 / Landscheide Birkenallee / Landscheide Am Bahnhof	Landscheide, Am Bahnhof / Büttel, Kuhlen 23	LINESTRING(9.25088 53.923945,9.250977800000001 53.923313400000005)
876	Landscheide	Flethseer Straße 23a	de:01061:53048::2	53.923945	9.25088	bus	MATCHED	n8014653074	73.9	0.34	Landscheide, Fleethseer Straße 23a	6612	Landscheide Birkenallee	Landscheide, Birkenallee	LINESTRING(9.25088 53.923945,9.2511401 53.9232992)
877	Landscheide	Nordbünge	de:01061:53053::1	53.916372	9.266105	bus	MATCHED	n5067696151	7.3	0.74	Landscheide Nordbünge	6613	Landscheide Landscheider Weg	Landscheide, Landscheider Weg	LINESTRING(9.266105 53.916372,9.266033100000001 53.916322400000006)
878	Landscheide	Nordbünge	de:01061:53053::2	53.916372	9.266105		NO_MATCH_AND_SEEMS_UNSERVED								POINT(9.266105 53.916372)
879	Landscheide	Wetterndorf	de:01061:98913::1	53.913034	9.259492	bus	MATCHED	n5783035004	13.8	0.63	Landscheide, Wetterndorf	6612,6613,6615	Landscheide Am Bahnhof / Landscheide Nordbünge	Landscheide, Am Bahnhof	LINESTRING(9.259492 53.913034,9.2594992 53.913158200000005)
880	Landscheide	Wetterndorf	de:01061:98913::2	53.913034	9.259492	bus	MATCHED	n5070298625	15.3	0.61	Landscheide, Wetterndorf	6612,6615	St. Margarethen Holstendamm (Ost)	St. Margarethen, Stuven 6	LINESTRING(9.259492 53.913034,9.2592833 53.9130954)
881	Lockstedt	Am Harr	de:01061:56460::1	54.007751	9.686998	bus	MATCHED	n2428399156	1.6	0.9	Lockstedt, Am Harr	785	Lockstedt Kellinghusener Weg	Lockstedt, Kellinghusener Weg	LINESTRING(9.686998 54.007751,9.686976000000001 54.007744200000005)
882	Lockstedt	Am Harr	de:01061:56460::2	54.007936	9.687126	bus	MATCHED	n2428399150	2.8	0.86	Lockstedt, Am Harr	785	Hennstedt(b Itzehoe) Itzehoer Straße (Süd)	Hennstedt, Itzehoer Straße (Süd)	LINESTRING(9.687126 54.007936,9.6871653 54.0079271)
883	Lockstedt	Kellinghusener Weg	de:01061:56461::1	54.004551	9.686568	bus	MATCHED	n9070679996	196.6	0.21	Lockstedt, Kellinghusener Weg	785	Lockstedt Am Harr	Lockstedt, Am Harr	LINESTRING(9.686568 54.004551,9.6851202 54.00300300000001)
884	Lockstedt	Kellinghusener Weg	de:01061:56461::2	54.004371	9.686637	bus	MATCHED	n9070679995	188.0	0.22	Lockstedt, Kellinghusener Weg	785	Lockstedt Springhoe	Lockstedt, Springhoe	LINESTRING(9.686637 54.004371,9.684811700000001 54.0030676)
885	Lockstedt	Springhoe	de:01061:86138::1	53.994257	9.672548	bus	MATCHED	n3742751078	73.7	0.34	Lockstedt, Springhoe	785	Hohenlockstedt Springhoe 35	Hohenlockstedt, Springhoe 35	LINESTRING(9.672548 53.994257,9.673156500000001 53.9948144)
886	Lockstedt	Springhoe	de:01061:86138::2	53.994257	9.672548	bus	MATCHED_THOUGH_DISTANT	n6582586111	208.1	0.21	Lockstedt, Springhoe	785	Lockstedt Kellinghusener Weg	Lockstedt, Kellinghusener Weg	LINESTRING(9.672548 53.994257,9.670510100000001 53.9928231)
887	Lohbarbek	Dorfstraße	de:01061:56483::1	53.946037	9.635794		MATCHED	n5227216101	2.3	0.43	Lohbarbek			Winseldorf, Oberstraße	LINESTRING(9.635794 53.946037,9.6358057 53.946056500000005)
888	Lohbarbek	Dorfstraße	de:01061:56483::2	53.94609	9.635931		MATCHED	n5227216100	2.3	0.43	Lohbarbek			Hohenlockstedt, Alter Bahnhof	LINESTRING(9.635931 53.94609,9.635946500000001 53.94607190000001)
889	Lohbarbek	Hohenlockstedt Alter Bahnhof	de:01061:43011::1	53.960296	9.621629		MATCHED	n5366894482	1.4	0.84	Hohenlockstedt, Alter Bahnhof			Lohbarbek	LINESTRING(9.621629 53.960296,9.621648800000001 53.960299500000005)
890	Lohbarbek	Hohenlockstedt Alter Bahnhof	de:01061:43011::2	53.960426	9.621463		MATCHED	n5366894483	4.8	0.65	Hohenlockstedt, Alter Bahnhof			Hohenlockstedt, Helgolandstraße	LINESTRING(9.621463 53.960426,9.6215349 53.9604329)
891	Looft	Dorfstraße	de:01061:3465223::1	54.027616	9.521022		MATCHED	n6302412053	8.8	0.52	Looft, Dorfstraße			Drage, Hansch	LINESTRING(9.521022 54.027616,9.5209746 54.0275423)
892	Looft	Dorfstraße	de:01061:3465223::2	54.02794	9.521984		MATCHED	n6302412051	2.5	0.77	Looft, Dorfstraße			Christinenthal, Waldweg	LINESTRING(9.521984 54.02794,9.5219935 54.0279614)
893	Looft	Looft	de:01061:56711::1	54.028739	9.523662		NO_MATCH_AND_SEEMS_UNSERVED								POINT(9.523662 54.028739)
894	Looft	Schulstraße	de:01061:99025::1	54.028359	9.525098		NO_MATCH_AND_SEEMS_UNSERVED								POINT(9.525098 54.028359)
895	Looft	Schulstraße	de:01061:99025::2	54.028359	9.525098		NO_MATCH_AND_SEEMS_UNSERVED								POINT(9.525098 54.028359)
896	Looft	Schulstraße	de:01061:99025::3	54.028359	9.525098		NO_MATCH_AND_SEEMS_UNSERVED								POINT(9.525098 54.028359)
897	Looft	Teichkate	de:01061:56712::1	54.031787	9.537563		NO_MATCH_AND_SEEMS_UNSERVED								POINT(9.537563 54.031787)
898	Looft	Teichkate	de:01061:56712::2	54.031787	9.537563		NO_MATCH_AND_SEEMS_UNSERVED								POINT(9.537563 54.031787)
899	Lägerdorf	Dorfstraße	de:01061:57276::1	53.884659	9.57932		NO_MATCH_AND_SEEMS_UNSERVED								POINT(9.57932 53.884659)
900	Lägerdorf	Dorfstraße	de:01061:57276::2	53.884674	9.579056		NO_MATCH_AND_SEEMS_UNSERVED								POINT(9.579056 53.884674)
901	Lägerdorf	Feuerwehr	de:01061:57278::1	53.883917	9.575904		MATCHED	n472948104	3.1	0.74	Lägerdorf, Feuerwehr			Lägerdorf, Schule	LINESTRING(9.575904 53.883917,9.57591 53.8839442)
902	Lägerdorf	Feuerwehr	de:01061:57278::2	53.883791	9.575852		MATCHED	n472947206	8.6	0.52	Lägerdorf, Feuerwehr			Rethwisch, Schule	LINESTRING(9.575852 53.883791,9.5757872 53.8838584)
903	Lägerdorf	Hermann-Löns-Straße	de:01061:57277::1	53.890581	9.566021		MATCHED	n472952371	5.6	0.62	Lägerdorf, Hermann-Löns-Straße			Münsterdorf, Dägelinger Weg	LINESTRING(9.566021 53.890581,9.565937400000001 53.890592700000006)
904	Lägerdorf	Hermann-Löns-Straße	de:01061:57277::2	53.89047	9.565974		MATCHED	n472953279	5.9	0.61	Lägerdorf, Hermann-Löns-Straße			Lägerdorf, Schule	LINESTRING(9.565974 53.89047,9.5659097 53.890506800000004)
905	Lägerdorf	Moorburg	de:01061:57279::1	53.880008	9.585332		NO_MATCH_AND_SEEMS_UNSERVED								POINT(9.585332 53.880008)
906	Lägerdorf	Moorburg	de:01061:57279::2	53.879942	9.585144		NO_MATCH_AND_SEEMS_UNSERVED								POINT(9.585144 53.879942)
907	Lägerdorf	Schinkel/Kreuzung	de:01061:57280::1	53.878771	9.576776		NO_MATCH_AND_SEEMS_UNSERVED								POINT(9.576776 53.878771)
908	Lägerdorf	Schule	de:01061:57281::1	53.88839	9.570823		MATCHED	n472946313	8.3	0.53	Lägerdorf, Schule			Lägerdorf, Hermann-Löns-Straße	LINESTRING(9.570823 53.88839,9.5707704 53.888458)
909	Lägerdorf	Schule	de:01061:57281::2	53.887903	9.57105		MATCHED	n472944062	7.1	0.57	Lägerdorf, Schule			Lägerdorf, Feuerwehr	LINESTRING(9.57105 53.887903,9.5709882 53.8879552)
910	Lägerdorf	Wasserturm	de:01061:57282::1	53.890039	9.575734		NO_MATCH_AND_SEEMS_UNSERVED								POINT(9.575734 53.890039)
911	Mehlbek	Dorfstraße (Mitte)	de:01061:60116::1	54.003518	9.435746		MATCHED	n10229393247	82.7	0.11	Mehlbek, Dorfstraße (Mitte)				LINESTRING(9.435746 54.003518,9.436215200000001 54.002828400000006)
912	Mehlbek	Dorfstraße (Mitte)	de:01061:60116::2	54.003541	9.435511		MATCHED	n12067512414	147.3	0.07	Mehlbek, Dorfstraße (Mitte)				LINESTRING(9.435511 54.003541,9.436810600000001 54.002461100000005)
913	Mehlbek	Mühlenweg	de:01061:60115::1	54.008158	9.435079		MATCHED	n6561821021	31.0	0.25	Mehlbek, Mühlenweg			Mehlbek, Oha	LINESTRING(9.435079 54.008158,9.4353133 54.0084001)
914	Mehlbek	Mühlenweg	de:01061:60115::2	54.007399	9.434531		MATCHED	n6561821022	31.1	0.25	Mehlbek, Mühlenweg			Hadenfeld, Lindenweg	LINESTRING(9.434531 54.007399,9.4348674 54.0075962)
915	Mehlbek	Oha	de:01061:60117::1	53.997452	9.440879		MATCHED	n4086447081	24.6	0.29	Mehlbek, Oha			Mehlbek, Mühlenweg	LINESTRING(9.440879 53.997452,9.4411397 53.9972926)
916	Mehlbek	Oha	de:01061:60117::2	53.99783	9.440981		MATCHED	n4086447077	75.4	0.12	Mehlbek, Oha			Kaaks, Alte Schmiede	LINESTRING(9.440981 53.99783,9.440946 53.9971529)
917	Moorhusen	Hauptstraße 14	de:01061:106493::1	53.960487	9.388587	bus	MATCHED	n8007928940	1.0	0.87	Moorhusen, Hauptstraße 14	6610	Moorhusen Neue Straße / Neuendorf-Sachsenbande Vorder-Neuendorf 15	Kleve, Hauptstraße (Süd)	LINESTRING(9.388587 53.960487,9.3886006 53.960483800000006)
918	Moorhusen	Hauptstraße 14	de:01061:106493::2	53.959649	9.385443	bus	NO_MATCH_BUT_OTHER_PLATFORM_MATCHED					6610	Neuendorf-Sachsenbande Vorder-Neuendorf 15 / Moorhusen Neue Straße		POINT(9.385443 53.959649)
919	Moorhusen	Kleve(b Itzehoe) Hauptstraße (Süd)	de:01061:50528::1	53.959403	9.413366		MATCHED	n8007928943	7.6	0.25	Kleve, Hauptstraße (Süd)			Kleve, Voßbarg	LINESTRING(9.413366 53.959403,9.4133212 53.959466000000006)
920	Moorhusen	Kleve(b Itzehoe) Hauptstraße (Süd)	de:01061:50528::2	53.958194	9.414136		MATCHED	n8007928942	7.4	0.26	Kleve, Hauptstraße (Süd)			Bekdorf	LINESTRING(9.414136 53.958194,9.4141513 53.9581285)
921	Moorhusen	Neue Straße	de:01061:106492::1	53.958604	9.405699	bus	NO_MATCH					6610	Kleve(b Itzehoe) Feuerwehr / Moorhusen Hauptstraße 14		POINT(9.405699 53.958604)
922	Moorhusen	Neue Straße	de:01061:106492::2	53.958539	9.405947	bus	NO_MATCH					6610	Kleve(b Itzehoe) Feuerwehr / Moorhusen Hauptstraße 14		POINT(9.405947 53.958539)
923	Mühlenbarbek	Feuerwehr	de:01061:63474::1	53.957664	9.666326		MATCHED	n5058868388	2.2	0.78	Mühlenbarbek, Feuerwehr			Hohenlockstedt, Fehrsstraße	LINESTRING(9.666326 53.957664,9.6663154 53.957683200000005)
924	Mühlenbarbek	Feuerwehr	de:01061:63474::2	53.957406	9.665732		MATCHED	n9659156877	5.1	0.64	Mühlenbarbek, Feuerwehr			Mühlenbarbek, Wischendamm	LINESTRING(9.665732 53.957406,9.6657129 53.9573618)
925	Mühlenbarbek	Wischendamm	de:01061:63475::1	53.955883	9.672206		MATCHED	n5227216098	0.4	0.92	Mühlenbarbek, Wischendamm			Kellinghusen, Neumühlener Weg (Süd)	LINESTRING(9.672206 53.955883,9.6722006 53.955884700000006)
926	Münsterdorf	Dägelinger Weg	de:01061:64148::1	53.899055	9.545927		MATCHED	n472963254	8.4	0.53	Münsterdorf, Dägelinger Weg			Münsterdorf, Schule	LINESTRING(9.545927 53.899055,9.5460499 53.899034500000006)
927	Münsterdorf	Dägelinger Weg	de:01061:64148::2	53.898881	9.546064		MATCHED	n472963564	0.5	0.91	Münsterdorf, Dägelinger Weg			Lägerdorf, Hermann-Löns-Straße	LINESTRING(9.546064 53.898881,9.5460616 53.8988772)
928	Münsterdorf	Sandberg	de:01061:64149::1	53.904958	9.535381		MATCHED	n472970451	6.0	0.61	Münsterdorf, Sandberg			Bahnhof Itzehoe (Viktoriastraße)	LINESTRING(9.535381 53.904958,9.535291200000001 53.90495000000001)
929	Münsterdorf	Sandberg	de:01061:64149::2	53.904838	9.534981		MATCHED	n472970651	20.3	0.33	Münsterdorf, Sandberg			Münsterdorf, Schule	LINESTRING(9.534981 53.904838,9.5352887 53.904822200000005)
930	Münsterdorf	Schule	de:01061:64150::1	53.902373	9.541385		MATCHED	n472964045	9.7	0.5	Münsterdorf, Schule			Münsterdorf, Sandberg	LINESTRING(9.541385 53.902373,9.541352100000001 53.9024579)
931	Münsterdorf	Schule	de:01061:64150::2	53.901917	9.54137		MATCHED	n472964505	7.7	0.55	Münsterdorf, Schule			Münsterdorf, Dägelinger Weg	LINESTRING(9.54137 53.901917,9.5413245 53.9019806)
932	Münsterdorf	Schulenburg	de:01061:64151::1	53.906584	9.519772		NO_MATCH_AND_SEEMS_UNSERVED								POINT(9.519772 53.906584)
933	Münsterdorf	Schulenburg	de:01061:64151::2	53.906759	9.51935		NO_MATCH_AND_SEEMS_UNSERVED								POINT(9.51935 53.906759)
934	Neuenbrook	Birkenweg	de:01061:65323::1	53.857414	9.534688		NO_MATCH_AND_SEEMS_UNSERVED								POINT(9.534688 53.857414)
935	Neuenbrook	Birkenweg	de:01061:65323::2	53.857434	9.534584		NO_MATCH_AND_SEEMS_UNSERVED								POINT(9.534584 53.857434)
936	Neuenbrook	Hauptstraße	de:01061:65322::1	53.860467	9.533053		MATCHED	n1621895527	33.6	0.23	Neuenbrook, Hauptstraße			Grevenkop, Feuerwehr / Grevenkop, Hauptstraße 18	LINESTRING(9.533053 53.860467,9.5330554 53.860164600000004)
937	Neuenbrook	Hauptstraße	de:01061:65322::2	53.860569	9.533172		MATCHED	n1621895536	39.8	0.2	Neuenbrook, Hauptstraße			Dägeling, Wellenberg	LINESTRING(9.533172 53.860569,9.5332591 53.860214600000006)
938	Neuenbrook	Ost 26	de:01061:9099049::1	53.862481	9.547682		NO_MATCH_AND_SEEMS_UNSERVED								POINT(9.547682 53.862481)
939	Neuenbrook	Ost 26	de:01061:9099049::2	53.86255	9.547631		NO_MATCH_AND_SEEMS_UNSERVED								POINT(9.547631 53.86255)
940	Neuenbrook	Ost 3	de:01061:9099048::1	53.861598	9.533697		NO_MATCH_AND_SEEMS_UNSERVED								POINT(9.533697 53.861598)
941	Neuenbrook	Ost 3	de:01061:9099048::2	53.861672	9.533708		NO_MATCH_AND_SEEMS_UNSERVED								POINT(9.533708 53.861672)
942	Neuenbrook	Ost 34	de:01061:9099050::1	53.863269	9.560429		NO_MATCH_AND_SEEMS_UNSERVED								POINT(9.560429 53.863269)
943	Neuenbrook	Ost 34	de:01061:9099050::2	53.863323	9.560547		NO_MATCH_AND_SEEMS_UNSERVED								POINT(9.560547 53.863323)
944	Neuenbrook	West 17a	de:01061:9099047::1	53.861	9.523706		NO_MATCH_AND_SEEMS_UNSERVED								POINT(9.523706 53.861)
945	Neuenbrook	West 17a	de:01061:9099047::2	53.86107	9.523969		NO_MATCH_AND_SEEMS_UNSERVED								POINT(9.523969 53.86107)
946	Neuenbrook	West 31	de:01061:9099046::1	53.86036	9.513757		NO_MATCH_AND_SEEMS_UNSERVED								POINT(9.513757 53.86036)
947	Neuenbrook	West 31	de:01061:9099046::2	53.860423	9.513687		NO_MATCH_AND_SEEMS_UNSERVED								POINT(9.513687 53.860423)
948	Neuenbrook	West 46	de:01061:9079045::1	53.859311	9.496729		NO_MATCH_AND_SEEMS_UNSERVED								POINT(9.496729 53.859311)
949	Neuenbrook	West 46	de:01061:9079045::2	53.859379	9.496732		NO_MATCH_AND_SEEMS_UNSERVED								POINT(9.496732 53.859379)
950	Neuenbrook	West 59	de:01061:9099043::1	53.858604	9.485509		NO_MATCH_AND_SEEMS_UNSERVED								POINT(9.485509 53.858604)
951	Neuenbrook	West 59	de:01061:9099043::2	53.858672	9.485482		NO_MATCH_AND_SEEMS_UNSERVED								POINT(9.485482 53.858672)
952	Neuendorf b. Elmshorn	Bauerweg	de:01061:65395::1	53.736606	9.57392		NO_MATCH_AND_SEEMS_UNSERVED								POINT(9.57392 53.736606)
953	Neuendorf b. Elmshorn	Bauerweg	de:01061:65395::2	53.73692	9.572874		MATCHED	n4257822018	16.7	0.25	Neuendorf, Bauerweg			Raa-Besenbek, Altendeich (Ost)	LINESTRING(9.572874 53.73692,9.572657600000001 53.736842200000005)
954	Neuendorf b. Elmshorn	Datenhörn	de:01061:65392::1	53.751254	9.56119		MATCHED	n2557903986	13.1	0.31	Neuendorf, Datenhörn			Kollmar, Langenbrooker Straße / Gehlensiel, Brunsholt	LINESTRING(9.56119 53.751254,9.561386800000001 53.751237800000006)
955	Neuendorf b. Elmshorn	Datenhörn	de:01061:65392::2	53.751541	9.560657		NO_MATCH_AND_SEEMS_UNSERVED								POINT(9.560657 53.751541)
956	Neuendorf b. Elmshorn	Dünnenreihe	de:01061:65394::1	53.735877	9.55817		MATCHED	n9660267473	4.4	0.48	Neuendorf, Dünnenreihe			Neuendorf, Fleien	LINESTRING(9.55817 53.735877,9.558103500000001 53.735873700000006)
957	Neuendorf b. Elmshorn	Dünnenreihe	de:01061:65394::2	53.735784	9.558616		MATCHED	n4919506479	8.0	0.39	Neuendorf, Dünnenreihe			Neuendorf, Moorhusen (Süd)	LINESTRING(9.558616 53.735784,9.558495800000001 53.7357913)
958	Neuendorf b. Elmshorn	Fleien	de:01061:65393::1	53.736859	9.55055		MATCHED	n4919506483	2.4	0.52	Neuendorf, Fleien			Neuendorf, Dünnenreihe	LINESTRING(9.55055 53.736859,9.5505347 53.73683930000001)
959	Neuendorf b. Elmshorn	Fleien	de:01061:65393::2	53.737007	9.550399		MATCHED	n9660267471	8.4	0.36	Neuendorf, Fleien			Neuendorf, Lühnhüserdeich	LINESTRING(9.550399 53.737007,9.550309200000001 53.7370609)
960	Neuendorf b. Elmshorn	Lühnhüserdeich	de:01061:65396::1	53.74141	9.524842		MATCHED	n6611043743	13.5	0.32	Neuendorf, Lühnhüserdeich			Kollmar, Haarsmühle	LINESTRING(9.524842 53.74141,9.524679800000001 53.7413357)
961	Neuendorf b. Elmshorn	Lühnhüserdeich	de:01061:65396::2	53.741188	9.524666		MATCHED	n6611043744	0.9	0.68	Neuendorf, Lühnhüserdeich			Neuendorf, Fleien	LINESTRING(9.524666 53.741188,9.5246556 53.741193)
962	Neuendorf b. Elmshorn	Moorhusen Süd	de:01061:65397::1	53.737791	9.56395		MATCHED	n4919506478	109.3	0.06	Neuendorf, Moorhusen (Süd)			Neuendorf, Bauerweg	LINESTRING(9.56395 53.737791,9.562444000000001 53.737382200000006)
963	Neuendorf b. Elmshorn	Moorhusen Süd	de:01061:65397::2	53.737671	9.563457		MATCHED	n4919506477	13.5	0.28	Neuendorf, Moorhusen (Süd)			Neuendorf, Dünnenreihe	LINESTRING(9.563457 53.737671,9.5635735 53.7377711)
964	Neuendorf b. Elmshorn	Raa-Besenbek Altendeich	de:01061:75169::1	53.736124	9.574572		NO_MATCH_AND_SEEMS_UNSERVED								POINT(9.574572 53.736124)
965	Neuendorf b. Elmshorn	Raa-Besenbek Altendeich	de:01061:75169::2	53.736083	9.574594		NO_MATCH_AND_SEEMS_UNSERVED								POINT(9.574594 53.736083)
966	Neuendorf b. Elmshorn	Raa-Besenbek Altendeich	de:01061:75169::3	53.736135	9.574581		NO_MATCH_AND_SEEMS_UNSERVED								POINT(9.574581 53.736135)
967	Neuendorf b. Elmshorn	Raa-Besenbek Altendeich	de:01061:75169::4	53.735946	9.574639		NO_MATCH_AND_SEEMS_UNSERVED								POINT(9.574639 53.735946)
968	Neuendorf-Sachsenbande	Abzw. Sachsenbande	de:01061:65414::1	53.957312	9.359239	bus	MATCHED	n6668112729	47.3	0.41	Neuendorf-Sachsenbande, Abzw. Sachsenbande	6610,6611	Neuendorf-Sachsenbande Dückerstieg / Neuendorf-Sachsenbande Hackeboe 36	Neuendorf-Sachsenbande, Hackeboe 36 / Neuendorf-Sachsenbande, Dückerstieg	LINESTRING(9.359239 53.957312,9.3594114 53.957724500000005)
969	Neuendorf-Sachsenbande	Abzw. Sachsenbande	de:01061:65414::2	53.957312	9.359239	bus	MATCHED	n6668112728	28.4	0.5	Neuendorf-Sachsenbande, Abzw. Sachsenbande	6610,6611	Neuendorf-Sachsenbande Vorder-Neuendorf 15 / Neuendorf-Sachsenbande Dorfstraße 6	Neuendorf-Sachsenbande, Vorder-Neuendorf 15	LINESTRING(9.359239 53.957312,9.3594188 53.957544600000006)
970	Neuendorf-Sachsenbande	Achterhörn (Nord)	de:01061:65400::1	53.96635	9.302093	bus	MATCHED	n8014668708	69.3	0.18	Neuendorf-Sachsenbande, Achterhörn (Nord)	6611	Neuendorf-Sachsenbande Bauernmoorweg	Aebtissinwisch	LINESTRING(9.302093 53.96635,9.3011163 53.9665873)
971	Neuendorf-Sachsenbande	Achterhörn (Nord)	de:01061:65400::2	53.96635	9.302093	bus	MATCHED	n8014668709	65.9	0.19	Neuendorf-Sachsenbande, Achterhörn (Nord)	6611	Neuendorf-Sachsenbande Achterhörn 1 / Aebtissinwisch Dorfstraße	Hinterneuendorf, Bauernmoorweg	LINESTRING(9.302093 53.96635,9.301120300000001 53.9664974)
972	Neuendorf-Sachsenbande	Achterhörn 1	de:01061:65398::1	53.955272	9.296679	bus	NO_MATCH					6611	Neuendorf-Sachsenbande Averfleth 33		POINT(9.296679 53.955272)
973	Neuendorf-Sachsenbande	Achterhörn 1	de:01061:65398::2	53.955272	9.296679	bus	NO_MATCH					6611	Neuendorf-Sachsenbande Achterhörn (Nord)		POINT(9.296679 53.955272)
974	Neuendorf-Sachsenbande	Alte Schmiede	de:01061:65406::1	53.949931	9.301334	bus	MATCHED	n5067650593	11.9	0.43	Neuendorf-Sachsenbande, Averfleth 33	6611	Ecklak Ackenboer Straße (Nord)	Neuendorf-Sachsenbande Achterhörn 1	LINESTRING(9.301334 53.949931,9.3013742 53.9498265)
975	Neuendorf-Sachsenbande	Alte Schmiede	de:01061:65406::2	53.949931	9.301334	bus	MATCHED_THOUGH_DISTANT	n5785190116	246.8	0.19	Neuendorf-Sachsenbande, Alte Schmiede	6611	Neuendorf-Sachsenbande Averfleth 33	Neuendorf-Sachsenbande, Achterhörn (Nord)	LINESTRING(9.301334 53.949931,9.300906300000001 53.947727400000005)
976	Neuendorf-Sachsenbande	Averfleth 1	de:01061:65404::1	53.941156	9.340941	bus	MATCHED_THOUGH_DISTANT	n9377727768	241.6	0.19	Neuendorf-Sachsenbande, Averfleth 1	6613	Neuendorf-Sachsenbande Goldbogen	Nortorf, Diekdorf	LINESTRING(9.340941 53.941156,9.339526900000001 53.943161)
977	Neuendorf-Sachsenbande	Averfleth 1	de:01061:65404::2	53.941151	9.340941	bus	MATCHED	n9377727767	11.7	0.65	Neuendorf-Sachsenbande, Averfleth 1	6613	Neuendorf-Sachsenbande Averfleth 6	Neuendorf-Sachsenbande, Averfleth 11	LINESTRING(9.340941 53.941151,9.3410772 53.941083400000004)
978	Neuendorf-Sachsenbande	Averfleth 11	de:01061:65402::1	53.941808	9.317775	bus	MATCHED	n8014653081	6.9	0.62	Neuendorf-Sachsenbande, Averfleth 11	6613	Neuendorf-Sachsenbande Krützfleth	Neuendorf-Sachsenbande, Averfleth 1	LINESTRING(9.317775 53.941808,9.317714500000001 53.9417575)
979	Neuendorf-Sachsenbande	Averfleth 11	de:01061:65402::2	53.941808	9.317775	bus	MATCHED	n5785190113	10.9	0.52	Neuendorf-Sachsenbande, Averfleth 11	6613	Neuendorf-Sachsenbande Averfleth 18	Neuendorf-Sachsenbande, Averfleth 18	LINESTRING(9.317775 53.941808,9.317831 53.941900000000004)
980	Neuendorf-Sachsenbande	Averfleth 18	de:01061:65405::1	53.937372	9.316431	bus	MATCHED	n8014660825	19.6	0.56	Neuendorf-Sachsenbande, Averfleth 18	6613	Neuendorf-Sachsenbande Averfleth 11	Neuendorf-Sachsenbande, Averfleth 11	LINESTRING(9.316431 53.937372,9.3165645 53.9375294)
981	Neuendorf-Sachsenbande	Averfleth 18	de:01061:65405::2	53.937372	9.316431	bus	MATCHED	n8014660824	14.4	0.62	Neuendorf-Sachsenbande, Averfleth 18	6613	Nortorf(b Wilster) Duckunder	Nortorf (Wilster), Duckunder	LINESTRING(9.316431 53.937372,9.3164586 53.9375002)
982	Neuendorf-Sachsenbande	Averfleth 33	de:01061:65399::1	53.953705	9.298162	bus	MATCHED	n5064196714	38.9	0.38	Neuendorf-Sachsenbande Achterhörn 1	6611	Neuendorf-Sachsenbande Achterhörn 1	Neuendorf-Sachsenbande, Achterhörn (Nord)	LINESTRING(9.298162 53.953705,9.2982376 53.9533585)
983	Neuendorf-Sachsenbande	Averfleth 33	de:01061:65399::2	53.953705	9.298162	bus	NO_MATCH_BUT_OTHER_PLATFORM_MATCHED					6611	Neuendorf-Sachsenbande Alte Schmiede		POINT(9.298162 53.953705)
984	Neuendorf-Sachsenbande	Averfleth 6	de:01061:65401::1	53.943357	9.330081	bus	MATCHED	n5067696157	5.2	0.67	Neuendorf-Sachsenbande, Averfleth 6	6613	Neuendorf-Sachsenbande Averfleth 1	Neuendorf-Sachsenbande, Krützfleth / Neuendorf-Sachsenbande, Averfleth 1	LINESTRING(9.330081 53.943357,9.330074600000001 53.9434035)
985	Neuendorf-Sachsenbande	Averfleth 6	de:01061:65401::2	53.943357	9.330081	bus	NO_MATCH_BUT_OTHER_PLATFORM_MATCHED					6613	Neuendorf-Sachsenbande Krützfleth		POINT(9.330081 53.943357)
986	Neuendorf-Sachsenbande	Bauernmoorweg	de:01061:65407::1	53.964252	9.31412	bus	MATCHED	n8014668711	3.9	0.65	Hinterneuendorf, Bauernmoorweg	6611	Neuendorf-Sachsenbande Burger Straße / Neuendorf-Sachsenbande Schulweg	Neuendorf-Sachsenbande, Hackeboe 36 / Neuendorf-Sachsenbande, Burger Straße	LINESTRING(9.31412 53.964252,9.314160900000001 53.9642264)
987	Neuendorf-Sachsenbande	Bauernmoorweg	de:01061:65407::2	53.964252	9.31412	bus	MATCHED	n8014668710	9.1	0.56	Hinterneuendorf, Bauernmoorweg	6611	Neuendorf-Sachsenbande Achterhörn (Nord)	Neuendorf-Sachsenbande, Achterhörn (Nord)	LINESTRING(9.31412 53.964252,9.3140596 53.964325800000005)
988	Neuendorf-Sachsenbande	Burger Straße	de:01061:65415::1	53.962041	9.3275	bus	MATCHED	n8014668706	18.4	0.58	Neuendorf-Sachsenbande, Burger Straße	6611	Neuendorf-Sachsenbande Dorfstraße 6	Neuendorf-Sachsenbande, Dorfstraße 6	LINESTRING(9.3275 53.962041,9.3274738 53.961876700000005)
989	Neuendorf-Sachsenbande	Burger Straße	de:01061:65415::2	53.962041	9.3275	bus	MATCHED	n8014668707	16.3	0.6	Neuendorf-Sachsenbande, Burger Straße	6611	Neuendorf-Sachsenbande Bauernmoorweg	Hinterneuendorf, Bauernmoorweg	LINESTRING(9.3275 53.962041,9.3273676 53.9619171)
990	Neuendorf-Sachsenbande	Dorfstraße 6	de:01061:65408::1	53.963047	9.340708	bus	MATCHED	n6668112732	46.5	0.4	Neuendorf-Sachsenbande, Dorfstraße 6	6611	Neuendorf-Sachsenbande Vorder-Neuendorf 15	Neuendorf-Sachsenbande, Vorder-Neuendorf 15	LINESTRING(9.340708 53.963047,9.3413198 53.9628353)
991	Neuendorf-Sachsenbande	Dorfstraße 6	de:01061:65408::2	53.963047	9.340708	bus	MATCHED	n6668112731	44.4	0.41	Neuendorf-Sachsenbande, Dorfstraße 6	6611	Neuendorf-Sachsenbande Burger Straße	Neuendorf-Sachsenbande, Burger Straße	LINESTRING(9.340708 53.963047,9.341334100000001 53.96289530000001)
992	Neuendorf-Sachsenbande	Dückerstieg	de:01061:65413::1	53.947488	9.353334	bus	MATCHED	n6668112727	5.9	0.77	Neuendorf-Sachsenbande, Dückerstieg	6611	Neuendorf-Sachsenbande Hackeboe 36	Neuendorf-Sachsenbande, Hackeboe 36	LINESTRING(9.353334 53.947488,9.3532504 53.947507800000004)
993	Neuendorf-Sachsenbande	Dückerstieg	de:01061:65413::2	53.947488	9.353334	bus	MATCHED	n6668112726	17.6	0.59	Neuendorf-Sachsenbande, Dückerstieg	6611	Neuendorf-Sachsenbande Abzw. Sachsenbande	Neuendorf-Sachsenbande, Abzw. Sachsenbande	LINESTRING(9.353334 53.947488,9.3532638 53.9473349)
994	Neuendorf-Sachsenbande	Goldbogen	de:01061:65410::1	53.937806	9.347769	bus	MATCHED	n10279001724	98.8	0.14	Neuendorf-Sachsenbande, Goldbogen	6613	Wilster Haakstraße		LINESTRING(9.347769 53.937806,9.3482454 53.938648)
995	Neuendorf-Sachsenbande	Goldbogen	de:01061:65410::2	53.937806	9.347769	bus	MATCHED	n5067696159	92.1	0.31	Neuendorf-Sachsenbande, Goldbogen	6613	Neuendorf-Sachsenbande Averfleth 1	Neuendorf-Sachsenbande, Averfleth 1	LINESTRING(9.347769 53.937806,9.348739400000001 53.938403900000004)
996	Neuendorf-Sachsenbande	Hackeboe 18	de:01061:68832::1	53.941739	9.364407	bus	MATCHED	n9377727763	164.0	0.23	Neuendorf-Sachsenbande, Hackeboe 18	6611	Landrecht Vereinsstraße	Landrecht, Vereinsstraße	LINESTRING(9.364407 53.941739,9.365378 53.94038080000001)
997	Neuendorf-Sachsenbande	Hackeboe 18	de:01061:68832::2	53.941739	9.364407	bus	MATCHED	n9377727762	164.1	0.23	Neuendorf-Sachsenbande, Hackeboe 18	6611	Neuendorf-Sachsenbande Hackeboe 22	Neuendorf-Sachsenbande, Hackeboe 22	LINESTRING(9.364407 53.941739,9.3655027 53.9404132)
998	Neuendorf-Sachsenbande	Hackeboe 22	de:01061:68829::1	53.944227	9.361884	bus	MATCHED_THOUGH_DISTANT	n9377727764	206.9	0.21	Neuendorf-Sachsenbande, Hackeboe 22	6610,6611	Landrecht Vereinsstraße / Neuendorf-Sachsenbande Hackeboe 18	Landrecht, Vereinsstraße / Neuendorf-Sachsenbande, Hackeboe 18	LINESTRING(9.361884 53.944227,9.3596663 53.945548)
999	Neuendorf-Sachsenbande	Hackeboe 22	de:01061:68829::2	53.944227	9.361884	bus	MATCHED_THOUGH_DISTANT	n9377727765	214.7	0.2	Neuendorf-Sachsenbande, Hackeboe 22	6610,6611	Neuendorf-Sachsenbande Hackeboe 36	Neuendorf-Sachsenbande, Hackeboe 36	LINESTRING(9.361884 53.944227,9.359698400000001 53.9456624)
1000	Neuendorf-Sachsenbande	Hackeboe 36	de:01061:65409::1	53.946784	9.354547	bus	MATCHED	n5067650587	80.6	0.32	Neuendorf-Sachsenbande, Hackeboe 36	6610,6611	Neuendorf-Sachsenbande Hackeboe 22	Neuendorf-Sachsenbande, Hackeboe 22	LINESTRING(9.354547 53.946784,9.353340000000001 53.9469189)
1001	Neuendorf-Sachsenbande	Hackeboe 36	de:01061:65409::2	53.946784	9.354547	bus	MATCHED	n9377727766	80.8	0.32	Neuendorf-Sachsenbande, Hackeboe 36	6610,6611	Neuendorf-Sachsenbande Dückerstieg / Neuendorf-Sachsenbande Abzw. Sachsenbande / Neuendorf-Sachsenbande Hinter-Neuendorf	Hinterneuendorf, Bauernmoorweg / Neuendorf-Sachsenbande, Abzw. Sachsenbande / Neuendorf-Sachsenbande, Dückerstieg	LINESTRING(9.354547 53.946784,9.3533725 53.947002600000005)
1002	Neuendorf-Sachsenbande	Hinter-Neuendorf	de:01061:65412::1	53.956342	9.337392	bus	MATCHED	n5067654029	6.9	0.63	Neuendorf-Sachsenbande, Hinter-Neuendorf	6611	Neuendorf-Sachsenbande Hackeboe 36	Neuendorf-Sachsenbande, Schulweg / Neuendorf-Sachsenbande, Hackeboe 36	LINESTRING(9.337392 53.956342,9.3374865 53.956369300000006)
1003	Neuendorf-Sachsenbande	Hinter-Neuendorf	de:01061:65412::2	53.956342	9.337392	bus	NO_MATCH_BUT_OTHER_PLATFORM_MATCHED					6611	Neuendorf-Sachsenbande Schulweg		POINT(9.337392 53.956342)
1004	Neuendorf-Sachsenbande	Krützfleth	de:01061:65403::1	53.943993	9.320717	bus	MATCHED	n5067696156	2.7	0.79	Neuendorf-Sachsenbande, Krützfleth	6613	Neuendorf-Sachsenbande Averfleth 6	Neuendorf-Sachsenbande, Averfleth 6 / Neuendorf-Sachsenbande, Averfleth 11	LINESTRING(9.320717 53.943993,9.320700500000001 53.943971000000005)
1005	Neuendorf-Sachsenbande	Krützfleth	de:01061:65403::2	53.943993	9.320717	bus	NO_MATCH_BUT_OTHER_PLATFORM_MATCHED					6613	Neuendorf-Sachsenbande Averfleth 11		POINT(9.320717 53.943993)
1006	Neuendorf-Sachsenbande	Schulweg	de:01061:65411::1	53.960789	9.328314	bus	MATCHED	n10059607407	61.5	0.2	Neuendorf-Sachsenbande, Schulweg	6611	Neuendorf-Sachsenbande Hinter-Neuendorf		LINESTRING(9.328314 53.960789,9.3275629 53.961119800000006)
1007	Neuendorf-Sachsenbande	Schulweg	de:01061:65411::2	53.960789	9.328314	bus	MATCHED	n10059607406	71.0	0.18	Neuendorf-Sachsenbande, Schulweg	6611	Neuendorf-Sachsenbande Bauernmoorweg		LINESTRING(9.328314 53.960789,9.327545500000001 53.961238900000005)
1008	Neuendorf-Sachsenbande	Vorder-Neuendorf 15	de:01061:94575::1	53.958453	9.371243	bus	MATCHED	n8014668703	108.0	0.13	Neuendorf-Sachsenbande, Vorder-Neuendorf 15	6610,6611	Neuendorf-Sachsenbande Dorfstraße 6 / Neuendorf-Sachsenbande Abzw. Sachsenbande / Moorhusen Hauptstraße 14 / Moorhusen Hauptstraße 14	Neuendorf-Sachsenbande, Dorfstraße 6 / Neuendorf-Sachsenbande, Abzw. Sachsenbande / Moorhusen, Hauptstraße 14	LINESTRING(9.371243 53.958453,9.3698935 53.9590083)
1009	Nienbüttel	Dorfstraße (Süd)	de:01061:67644::1	54.027177	9.414543		MATCHED_THOUGH_OSM_NO_NAME	n4087734872	5.2	0.2					LINESTRING(9.414543 54.027177,9.414531400000001 54.027130500000005)
1010	Nienbüttel	Dorfstraße (Süd)	de:01061:67644::2	54.027498	9.413313		MATCHED_THOUGH_OSM_NO_NAME	n4087734880	15.5	0.12					LINESTRING(9.413313 54.027498,9.413545000000001 54.02752460000001)
1011	Nienbüttel	Hörstenweg	de:01061:86213::1	54.030452	9.41539		NO_MATCH_AND_SEEMS_UNSERVED								POINT(9.41539 54.030452)
1012	Nortorf	Duckunder	de:01061:68831::1	53.935271	9.308586	bus	MATCHED	n8014660830	94.1	0.3	Nortorf (Wilster), Duckunder	6613	Neuendorf-Sachsenbande Averfleth 18	Neuendorf-Sachsenbande, Averfleth 18	LINESTRING(9.308586 53.935271,9.309959600000001 53.935030600000005)
1013	Nortorf	Duckunder	de:01061:68831::2	53.935271	9.308586	bus	MATCHED	n8014660829	126.7	0.26	Nortorf (Wilster), Duckunder	6613	Nortorf(b Wilster) Nortorf 2	Nortorf (Wilster), Nortorf 2	LINESTRING(9.308586 53.935271,9.3104786 53.935048800000004)
1014	Nortorf	Dwerfeld 1	de:01061:68815::1	53.918094	9.338896	bus	MATCHED	n6845531514	5.5	0.77	Nortorf, Dwerfeld 1	6612	Nortorf Kuskoppermoor	Nortorf, Kuskoppermoor	LINESTRING(9.338896 53.918094,9.338950200000001 53.918055800000005)
1015	Nortorf	Dwerfeld 1	de:01061:68815::2	53.918094	9.338896	bus	MATCHED	n6845531515	6.0	0.76	Nortorf, Dwerfeld 1	6612	Nortorf Dwerfeld 5	Nortorf, Dwerfeld 5	LINESTRING(9.338896 53.918094,9.3388402 53.918137200000004)
1016	Nortorf	Dwerfeld 5	de:01061:68813::1	53.914192	9.329714	bus	MATCHED	n6845531524	30.4	0.48	Nortorf, Dwerfeld 5	6612	Nortorf Dwerfeld 1	Nortorf, Dwerfeld 1	LINESTRING(9.329714 53.914192,9.329358000000001 53.9140172)
1017	Nortorf	Dwerfeld 5	de:01061:68813::2	53.914192	9.329714	bus	MATCHED	n6845531523	22.7	0.53	Nortorf, Dwerfeld 5	6612	Nortorf Schotten (Ost)	Nortorf (Wilster), Nortorf 2	LINESTRING(9.329714 53.914192,9.3293928 53.9141168)
1018	Nortorf	Kanalstrich	de:01061:68830::1	53.929131	9.287051	bus	MATCHED	n5304698742	43.4	0.42	Nortorf, Kanalstrich	6612,6613	Ecklak Eschenweg	Ecklak, Eschenweg	LINESTRING(9.287051 53.929131,9.286804400000001 53.9294932)
1019	Nortorf	Kanalstrich	de:01061:68830::2	53.929131	9.287051	bus	MATCHED	n5304698743	47.8	0.41	Nortorf, Kanalstrich	6612	Nortorf(b Wilster) Nortorf 2	Nortorf (Wilster), Nortorf 2	LINESTRING(9.287051 53.929131,9.2866297 53.9294809)
1020	Nortorf	Kuskoppermoor	de:01061:68816::1	53.923396	9.350398	bus	MATCHED	n6845531519	30.7	0.48	Nortorf, Kuskoppermoor	6612	Nortdorf(b Wilster) Diekdorf	Nortorf, Diekdorf	LINESTRING(9.350398 53.923396,9.350828700000001 53.9235034)
1021	Nortorf	Kuskoppermoor	de:01061:68816::2	53.923409	9.350436	bus	MATCHED	n6845531520	26.2	0.51	Nortorf, Kuskoppermoor	6612	Nortorf Dwerfeld 1	Nortorf, Dwerfeld 1	LINESTRING(9.350436 53.923409,9.3507456 53.923557100000004)
1022	Nortorf	Landscheide Landscheider Weg	de:01061:53050::1	53.92114	9.275957	bus	MATCHED	n10282981686	95.3	0.15	Landscheide, Landscheider Weg	6613	Nortorf(b Wilster) Nortorf 2		LINESTRING(9.275957 53.92114,9.275443600000001 53.9203392)
1023	Nortorf	Landscheide Landscheider Weg	de:01061:53050::2	53.92114	9.275957		NO_MATCH_AND_SEEMS_UNSERVED								POINT(9.275957 53.92114)
1024	Nortorf	Nortdorf(b Wilster) Diekdorf	de:01061:100050::1	53.927481	9.359455	bus	MATCHED	n6845531512	50.3	0.4	Nortorf, Diekdorf	6612	Wilster Haakstraße	Wilster, Colosseum / Wilster, Am Schulzentrum	LINESTRING(9.359455 53.927481,9.3600397 53.927188400000006)
1025	Nortorf	Nortdorf(b Wilster) Diekdorf	de:01061:100050::2	53.927481	9.359455	bus	MATCHED	n6845531513	41.4	0.43	Nortorf, Diekdorf	6612	Nortorf Kuskoppermoor	Neuendorf-Sachsenbande, Goldbogen / Nortorf, Kuskoppermoor	LINESTRING(9.359455 53.927481,9.360042400000001 53.927345900000006)
1026	Nortorf	Nortorf 2	de:01061:68828::1	53.927499	9.292979	bus	MATCHED	n8014660832	66.1	0.35	Nortorf (Wilster), Nortorf 2	6612,6613	Nortorf(b Wilster) Sandhorstweg / Nortorf(b Wilster) Duckunder	Nortorf, Dwerfeld 5 / Nortorf (Wilster), Duckunder	LINESTRING(9.292979 53.927499,9.2921671 53.927148200000005)
1027	Nortorf	Nortorf 2	de:01061:68828::2	53.927499	9.292979	bus	MATCHED	n8014660833	39.6	0.43	Nortorf (Wilster), Nortorf 2	6612,6613	Nortorf(b Wilster) Kanalstrich	Landscheide, Birkenallee / Nortorf, Kanalstrich	LINESTRING(9.292979 53.927499,9.292452800000001 53.92732590000001)
1028	Nortorf	Sandhorstweg	de:01061:68834::1	53.921563	9.301876	bus	MATCHED	n321460747	13.1	0.49	Nortorf, Sandhorstweg	6612	Nortorf(b Wilster) Nortorf 2	Nortorf (Wilster), Nortorf 2 / Nortorf, Schotten (Mitte)	LINESTRING(9.301876 53.921563,9.3019864 53.921465100000006)
1029	Nortorf	Sandhorstweg	de:01061:68834::2	53.921563	9.301876	bus	NO_MATCH_BUT_OTHER_PLATFORM_MATCHED					6612	Nortorf Schotten (Mitte)		POINT(9.301876 53.921563)
1030	Nortorf	Schotten (Mitte)	de:01061:68814::1	53.91603	9.31458	bus	MATCHED	n5067696143	14.3	0.47	Nortorf, Schotten (Mitte)	6612	Nortorf(b Wilster) Sandhorstweg	Nortorf, Schotten (Ost) / Nortorf, Sandhorstweg	LINESTRING(9.31458 53.91603,9.314778500000001 53.916083)
1031	Nortorf	Schotten (Mitte)	de:01061:68814::2	53.91603	9.31458	bus	NO_MATCH_BUT_OTHER_PLATFORM_MATCHED					6612	Nortorf Schotten (Ost)		POINT(9.31458 53.91603)
1032	Nortorf	Schotten (Ost)	de:01061:68812::1	53.916974	9.324453	bus	MATCHED	n2874538655	44.6	0.25	Nortorf, Schotten (Ost)	6612	Nortorf Schotten (Mitte)	Nortorf, Schotten (Mitte) / Nortorf, Dwerfeld 5	LINESTRING(9.324453 53.916974,9.324817000000001 53.916636100000005)
1033	Nortorf	Schotten (Ost)	de:01061:68812::2	53.916974	9.324453	bus	NO_MATCH_BUT_OTHER_PLATFORM_MATCHED					6612	Nortorf Dwerfeld 5		POINT(9.324453 53.916974)
1034	Nutteln	Dorfstraße	de:01061:68942::1	53.989061	9.388307		MATCHED	n5080054556	3.1	0.73	Nutteln, Dorfstraße				LINESTRING(9.388307 53.989061,9.3883337 53.9890842)
1035	Nutteln	Hauptstraße	de:01061:90239::1	53.989434	9.386451		MATCHED	n10059419653	2.9	0.74	Nutteln, Hauptstraße				LINESTRING(9.386451 53.989434,9.386433400000001 53.989409900000005)
1036	Nutteln	Hauptstraße	de:01061:90239::2	53.988927	9.386628		MATCHED	n10059419654	7.7	0.55	Nutteln, Hauptstraße				LINESTRING(9.386628 53.988927,9.386656 53.9889943)
1037	Oelixdorf	Amönenhöhe	de:01061:46675::1	53.913724	9.547194		MATCHED	n1363020744	10.8	0.47	Oelixdorf, Amönenhöhe			Auguste-Viktoria-Schule	LINESTRING(9.547194 53.913724,9.5473011 53.9136505)
1038	Oelixdorf	Amönenhöhe	de:01061:46675::2	53.913568	9.54764		MATCHED	n1363020742	4.5	0.66	Oelixdorf, Amönenhöhe			Oelixdorf, Charlottenhöhe	LINESTRING(9.54764 53.913568,9.5475758 53.913583)
1039	Oelixdorf	Bornstücken	de:01061:106546::1	53.92693	9.563267		NO_MATCH_AND_SEEMS_UNSERVED								POINT(9.563267 53.92693)
1040	Oelixdorf	Bornstücken	de:01061:106546::2	53.926992	9.563325		MATCHED	n2915146666	1.1	0.86	Oelixdorf, Bornstücken				LINESTRING(9.563325 53.926992,9.5633234 53.927001600000004)
1041	Oelixdorf	Charlottenhöhe	de:01061:46679::1	53.914494	9.562921		MATCHED	n1363020748	4.0	0.69	Oelixdorf, Charlottenhöhe			Oelixdorf, Amönenhöhe	LINESTRING(9.562921 53.914494,9.562859600000001 53.914491700000006)
1042	Oelixdorf	Charlottenhöhe	de:01061:46679::2	53.914367	9.562815		MATCHED	n1363020746	9.4	0.51	Oelixdorf, Charlottenhöhe			Breitenburg, Am Schloss	LINESTRING(9.562815 53.914367,9.5629498 53.914394)
1043	Oelixdorf	Kalbsberg	de:01061:106545::1	53.927001	9.557042		MATCHED	n4746320237	6.4	0.36	Oelixdorf, Bornbusch				LINESTRING(9.557042 53.927001,9.5571392 53.9269942)
1044	Oelixdorf	Kalbsberg	de:01061:106545::2	53.927067	9.557018		MATCHED	n4746320238	3.6	0.43	Oelixdorf, Bornbusch				LINESTRING(9.557018 53.927067,9.557060100000001 53.927087400000005)
1045	Oelixdorf	Oesau Kreuzung	de:01061:81825::1	53.949304	9.584237	bus	MATCHED_THOUGH_REVERSED_DIR	n1659070013	2.9	0.72	Oesau, Kreuzung	785	Winseldorf Hauptstraße	Itzehoe, Straßenmeisterei	LINESTRING(9.584237 53.949304,9.5842457 53.94927860000001)
1046	Oelixdorf	Oesau Kreuzung	de:01061:81825::2	53.948958	9.583614	bus	MATCHED_THOUGH_REVERSED_DIR	n1659070008	1.6	0.8	Oesau, Kreuzung	785	Itzehoe Straßenmeisterei	Winseldorf, Hauptstraße / Winseldorf, Oberstraße	LINESTRING(9.583614 53.948958,9.583611600000001 53.9489724)
1047	Oelixdorf	Unterstraße	de:01061:106544::1	53.928127	9.569289		MATCHED	n1612935789	4.8	0.35	Oelixdorf				LINESTRING(9.569289 53.928127,9.5692176 53.928116)
1048	Oeschebüttel	Grüner Weg	de:01061:70323::1	53.991769	9.722024		NO_MATCH_AND_SEEMS_UNSERVED								POINT(9.722024 53.991769)
1049	Oeschebüttel	Grüner Weg	de:01061:70323::2	53.991654	9.722017		MATCHED	n9659319004	22.1	0.2	Oeschebüttel			Rosdorf, Hauptstraße (Nord)	LINESTRING(9.722017 53.991654,9.7223085 53.991553700000004)
1050	Oldenborstel	Oldenborstel	de:01061:70689::1	54.060659	9.507976		NO_MATCH_AND_SEEMS_UNSERVED								POINT(9.507976 54.060659)
1051	Oldenborstel	Oldenborstel	de:01061:70689::2	54.060659	9.507976		NO_MATCH_AND_SEEMS_UNSERVED								POINT(9.507976 54.060659)
1052	Oldenborstel	Oldenborstel	de:01061:70689::3	54.060574	9.50838		MATCHED	n6304632453	10.6	0.47	Oldenborstel			Schenefeld, Am Markt / Puls, Bahnhofstraße	LINESTRING(9.50838 54.060574,9.5082311 54.0605355)
1053	Oldendorf	Bad	de:01061:106552::1	53.954118	9.458228		MATCHED	n6558602406	45.3	0.16	Oldendorf, Am Bad			Oldendorf, Schöne Aussicht	LINESTRING(9.458228 53.954118,9.4585419 53.9537552)
1054	Oldendorf	Bad	de:01061:106552::2	53.954118	9.458228		NO_MATCH_AND_SEEMS_UNSERVED								POINT(9.458228 53.954118)
1055	Oldendorf	Dorfstraße	de:01061:106554::1	53.954784	9.454681		MATCHED	n6558602404	42.3	0.19	Oldendorf, Dorfstraße			Oldendorf, Am Bad	LINESTRING(9.454681 53.954784,9.455207000000001 53.954564500000004)
1056	Oldendorf	Dorfstraße	de:01061:106554::2	53.954765	9.454965		MATCHED	n6558602405	8.9	0.52	Oldendorf, Dorfstraße			Oldendorf, Sportzentrum	LINESTRING(9.454965 53.954765,9.455085 53.954726900000004)
1057	Oldendorf	Haferkamp	de:01061:106553::1	53.956193	9.451593		NO_MATCH_AND_SEEMS_UNSERVED								POINT(9.451593 53.956193)
1058	Oldendorf	Haferkamp	de:01061:106553::2	53.956321	9.451663		MATCHED	n9975952786	5.6	0.35	Oldendorf, Achter Hoef			Oldendorf, Sportzentrum / Oldendorf, Am Bad	LINESTRING(9.451663 53.956321,9.4515893 53.9562961)
1059	Oldendorf	Schöne Aussicht	de:01061:106555::1	53.946146	9.463791		NO_MATCH_AND_SEEMS_UNSERVED								POINT(9.463791 53.946146)
1060	Oldendorf	Schöne Aussicht	de:01061:106555::2	53.946172	9.463944		MATCHED_THOUGH_DISTANT	n6558602408	240.0	0.04	Oldendorf, Schöne Aussicht			Heiligenstedten, Alte Landstraße	LINESTRING(9.463944 53.946172,9.4629899 53.9482548)
1061	Oldendorf	Sportzentrum	de:01061:106556::1	53.967482	9.447258		MATCHED	n6558602402	43.2	0.19	Oldendorf, Sportzentrum			Oldendorf, Dorfstraße	LINESTRING(9.447258 53.967482,9.447391900000001 53.9671017)
1062	Oldendorf	Sportzentrum	de:01061:106556::2	53.967608	9.447376		MATCHED	n6558602401	57.8	0.15	Oldendorf, Sportzentrum			Huje, Bäckerstraße	LINESTRING(9.447376 53.967608,9.4475368 53.9670969)
1063	Ottenbüttel	Böverst Dörpstraat	de:01061:72474::1	53.980318	9.500028		MATCHED	n375526954	23.1	0.3	Ottenbüttel, Böverst Dörpstraat			Ottenbüttel, Ünnerst Dörpstraat	LINESTRING(9.500028 53.980318,9.500043100000001 53.9805257)
1064	Ottenbüttel	Böverst Dörpstraat	de:01061:72474::2	53.980182	9.500362		NO_MATCH_AND_SEEMS_UNSERVED								POINT(9.500362 53.980182)
1065	Ottenbüttel	Dannweg	de:01061:72475::1	53.97743	9.502575		MATCHED	n9999032210	15.3	0.39	Ottenbüttel, Dannweg			Ottenbüttel, No de Halloh / Hohenaspe, Am Burndahl (West)	LINESTRING(9.502575 53.97743,9.502421100000001 53.9775331)
1066	Ottenbüttel	Dannweg	de:01061:72475::2	53.97738	9.502484		NO_MATCH_AND_SEEMS_UNSERVED								POINT(9.502484 53.97738)
1067	Ottenbüttel	No de Halloh	de:01061:72473::1	53.972283	9.50629		MATCHED	n6302412534	3.4	0.72	Ottenbüttel, No de Halloh			Ottenbüttel, Westermööler Weg	LINESTRING(9.50629 53.972283,9.5062637 53.972309700000004)
1068	Ottenbüttel	No de Halloh	de:01061:72473::2	53.972426	9.50642		MATCHED	n6302412533	38.3	0.21	Ottenbüttel, No de Halloh			Hohenaspe, Ostlandring	LINESTRING(9.50642 53.972426,9.5065118 53.9727656)
1069	Ottenbüttel	Westermööler Weg	de:01061:72472::1	53.971743	9.496986		MATCHED	n9062041593	3.1	0.73	Ottenbüttel, Westermööler Weg			Kirchweg (Nord)	LINESTRING(9.496986 53.971743,9.4970101 53.971718900000006)
1070	Ottenbüttel	Westermööler Weg	de:01061:72472::2	53.971604	9.497277		MATCHED	n9062041594	19.5	0.34	Ottenbüttel, Westermööler Weg			Ottenbüttel, No de Halloh	LINESTRING(9.497277 53.971604,9.496986 53.971639200000006)
1071	Ottenbüttel	Ünnerst Dörpstraat	de:01061:72476::1	53.971336	9.495714		MATCHED	n375526949	16.6	0.37	Ottenbüttel, Ünnerst Dörpstraat			Dwerweg	LINESTRING(9.495714 53.971336,9.495704 53.9714855)
1072	Ottenbüttel	Ünnerst Dörpstraat	de:01061:72476::2	53.972348	9.496256		MATCHED	n5397605334	34.7	0.23	Ottenbüttel, Ünnerst Dörpstraat			Dwerweg / Hohenaspe, Ostlandring / Kaaks, Osterkamp	LINESTRING(9.496256 53.972348,9.4961894 53.9720383)
1073	Peissen	Obere Dorfstraße (Mitte)	de:01061:73258::1	54.024973	9.608071	bus	MATCHED	n1900577326	12.4	0.5	Peissen, Obere Dorfstraße (Mitte)	755,756	Peissen Peissener Pohl / Silzen Dorfstraße / Peissen Tipohl	Peissen, Peissenerpohl	LINESTRING(9.608071 54.024973,9.6079114 54.0249133)
1074	Peissen	Peissener Pohl	de:01061:73259::1	54.022693	9.592771		MATCHED	n9286764424	32.2	0.22	Peissen, Peissenerpohl				LINESTRING(9.592771 54.022693,9.5926945 54.022407400000006)
1075	Peissen	Peissener Pohl	de:01061:73259::2	54.02262	9.592838	bus	MATCHED	n9286764427	28.7	0.47	Peissen, Peissenerpohl	755	Hohenlockstedt Ridders (Nord)	Hohenlockstedt, Ridders (Nord)	LINESTRING(9.592838 54.02262,9.593261100000001 54.0226854)
1076	Peissen	Peissener Pohl	de:01061:73259::3	54.022765	9.592703		MATCHED	n9286764425	15.1	0.36	Peissen, Peissenerpohl				LINESTRING(9.592703 54.022765,9.5925648 54.0228733)
1077	Peissen	Peissener Pohl	de:01061:73259::4	54.02262	9.592838	bus	MATCHED	n9286764426	25.8	0.49	Peissen, Peissenerpohl	755	Peissen Obere Dorfstraße (Mitte)	Peissen, Obere Dorfstraße (Mitte)	LINESTRING(9.592838 54.02262,9.5932312 54.022604400000006)
1078	Peissen	Tipohl	de:01061:73257::1	54.03327	9.603917		MATCHED_THOUGH_NAMES_DIFFER	n4601098699	46.5	0.07	Peissen, B77 / Reher Weg				LINESTRING(9.603917 54.03327,9.6032401 54.0331435)
1079	Peissen	Tipohl	de:01061:73257::2	54.033017	9.604193		NO_MATCH_AND_SEEMS_UNSERVED								POINT(9.604193 54.033017)
1080	Peissen	Tipohl	de:01061:73257::3	54.033718	9.604203	bus	MATCHED	n4601098701	21.5	0.55	Peissen, Tipohl	756	Nienjahn Ort	Nienjahn, Ort	LINESTRING(9.604203 54.033718,9.6045111 54.0337855)
1081	Poyenberg	Am Sportplatz	de:01061:74583::1	54.038259	9.696927	bus	MATCHED	n6582602095	6.2	0.77	Poyenberg, Am Sportplatz	756	Poyenberg Meezener Straße	Poyenberg, Meezener Straße	LINESTRING(9.696927 54.038259,9.697008400000001 54.03823070000001)
1082	Poyenberg	Am Sportplatz	de:01061:74583::2	54.038144	9.69699	bus	MATCHED	n6582602094	5.0	0.8	Poyenberg, Am Sportplatz	756	Hennstedt(b Itzehoe) Schulstraße	Hennstedt, Schulstraße	LINESTRING(9.69699 54.038144,9.6969169 54.0381317)
1083	Poyenberg	Meezener Straße	de:01061:74582::1	54.04048	9.69265	bus	MATCHED	n6582602092	3.4	0.84	Poyenberg, Meezener Straße	756	Poyenberg Am Sportplatz	Poyenberg, Am Sportplatz	LINESTRING(9.69265 54.04048,9.6926266 54.040506900000004)
1084	Poyenberg	Meezener Straße	de:01061:74582::2	54.041189	9.692225	bus	MATCHED	n6582602093	3.5	0.84	Poyenberg, Meezener Straße	756	Silzen Dorfstraße	Meezen / Silzen	LINESTRING(9.692225 54.041189,9.692173 54.041195900000005)
1085	Puls	Bahnhofstraße	de:01061:74898::1	54.08355	9.515137		MATCHED	n899073135	3.1	0.74	Puls, Bahnhofstraße			Oldenborstel	LINESTRING(9.515137 54.08355,9.5151179 54.083575100000004)
1086	Puls	Bahnhofstraße	de:01061:74898::2	54.083488	9.515269		MATCHED	n3625465415	9.6	0.5	Puls, Bahnhofstraße				LINESTRING(9.515269 54.083488,9.5152629 54.0835743)
1087	Puls	Pulserdamm	de:01061:74897::1	54.074661	9.508253		MATCHED	n458604566	134.3	0.05	Puls, Abzw. Pulserdamm				LINESTRING(9.508253 54.074661,9.5086501 54.07584550000001)
1088	Puls	Pulserdamm	de:01061:74897::2	54.074661	9.508253		MATCHED	n458604567	58.6	0.1	Puls, Abzw. Pulserdamm				LINESTRING(9.508253 54.074661,9.5081545 54.075184400000005)
1089	Pöschendorf	Breitenfelde (Süd)	de:01061:74960::1	54.024628	9.475579		MATCHED	n7758175245	58.3	0.15	Pöschendorf, Breitenfelde (Süd)			Kaisborstel, Forstweg	LINESTRING(9.475579 54.024628,9.4755109 54.0241059)
1090	Pöschendorf	Breitenfelde (Süd)	de:01061:74960::2	54.024508	9.475721		MATCHED	n7758175246	5.1	0.64	Pöschendorf, Breitenfelde (Süd)			Schenefeld, Feldscheide	LINESTRING(9.475721 54.024508,9.475757600000001 54.024548700000004)
1091	Pöschendorf	Hohenesch	de:01061:74961::1	54.051519	9.516311		MATCHED	n600435660	16.7	0.34	Pöschendorf, Hohenesch 1			Christinenthal, Dorfstraße	LINESTRING(9.516311 54.051519,9.5161304 54.051412500000005)
1092	Pöschendorf	Hohenesch	de:01061:74961::2	54.051519	9.516311		MATCHED	n9750045099	111.6	0.08	Pöschendorf, Hohenesch 1			Schenefeld, Am Markt	LINESTRING(9.516311 54.051519,9.5146937 54.0512029)
1093	Pöschendorf	Oldenborstel Abzw. Oldenborstel	de:01061:70690::1	54.049322	9.506692		NO_MATCH_AND_SEEMS_UNSERVED								POINT(9.506692 54.049322)
1094	Pöschendorf	Oldenborstel Abzw. Oldenborstel	de:01061:70690::2	54.049322	9.506692		NO_MATCH_AND_SEEMS_UNSERVED								POINT(9.506692 54.049322)
1095	Quarnstedt	Börn	de:01061:75040::1	53.955492	9.783617	bus	NO_MATCH					7503	Quarnstedt Dorfstraße / Störkathen Dorfstraße		POINT(9.783617 53.955492)
1096	Quarnstedt	Börn	de:01061:75040::2	53.954975	9.78464		NO_MATCH_AND_SEEMS_UNSERVED								POINT(9.78464 53.954975)
1097	Quarnstedt	Dorfstraße	de:01061:75041::1	53.954232	9.786011		MATCHED	n4971252685	0.8	0.88	Quarnstedt, Dorfstraße				LINESTRING(9.786011 53.954232,9.786009100000001 53.9542249)
1098	Quarnstedt	Dorfstraße	de:01061:75041::2	53.954114	9.786003	bus	NO_MATCH_BUT_OTHER_PLATFORM_MATCHED					7503	Borstel (Bad Bramstedt), Hagener Weg / Quarnstedt Schulstraße / Quarnstedt Börn		POINT(9.786003 53.954114)
1099	Quarnstedt	Schmidsbarg	de:01061:75042::1	53.948488	9.783541	bus	MATCHED	n4130891899	8.5	0.59	Quarnstedt, Schmidsbarg	7503	Quarnstedt Dorfstraße / Wrist Am Sportplatz		LINESTRING(9.783541 53.948488,9.7834974 53.948559700000004)
1100	Quarnstedt	Schmidsbarg	de:01061:75042::2	53.94864	9.784022		NO_MATCH_AND_SEEMS_UNSERVED								POINT(9.784022 53.94864)
1101	Quarnstedt	Schmidsbarg	de:01061:75042::3	53.94864	9.784022	bus	MATCHED	n10292100090	26.6	0.34	Quarnstedt, Schmidsbarg	7503	Quarnstedt Schulstraße		LINESTRING(9.784022 53.94864,9.7836773 53.9485145)
1102	Quarnstedt	Schulstraße	de:01061:75043::1	53.950037	9.788934	bus	NO_MATCH					7503	Quarnstedt Schmidsbarg		POINT(9.788934 53.950037)
1103	Quarnstedt	Schulstraße	de:01061:75043::2	53.95013	9.789052	bus	NO_MATCH					7503	Quarnstedt Börn		POINT(9.789052 53.95013)
1104	Rade	Dorfstraße	de:01061:75236::1	54.000877	9.741264	bus	MATCHED_THOUGH_NAMES_DIFFER	n5227124099	1.1	0.48	Rade b. Kellinghusen	756	Hennstedt(b Itzehoe) Schulstraße	Hennstedt, Schulstraße / Oeschebüttel	LINESTRING(9.741264 54.000877,9.7412802 54.0008807)
1105	Rade	Dorfstraße	de:01061:75236::2	53.999681	9.741411		MATCHED_THOUGH_NAMES_DIFFER	n5227124100	0.8	0.25	Rade b. Kellinghusen			Hennstedt, Seelust	LINESTRING(9.741411 53.999681,9.741415700000001 53.999688000000006)
1106	Rade	Dorfstraße	de:01061:75236::3	54.00086	9.741319		NO_MATCH_AND_SEEMS_UNSERVED								POINT(9.741319 54.00086)
1107	Rade	Dorfstraße	de:01061:75236::4	54.000874	9.742248		MATCHED_THOUGH_NAMES_DIFFER	n6612204004	2.2	0.23	Rade b. Kellinghusen				LINESTRING(9.742248 54.000874,9.742274 54.000861)
1108	Reher	Losse	de:01061:76203::1	54.065691	9.568561		NO_MATCH_AND_SEEMS_UNSERVED								POINT(9.568561 54.065691)
1109	Reher	Meiereistraße	de:01061:76204::1	54.067664	9.573202		NO_MATCH_AND_SEEMS_UNSERVED								POINT(9.573202 54.067664)
1110	Reher	Meiereistraße	de:01061:76204::2	54.067465	9.573294		NO_MATCH_AND_SEEMS_UNSERVED								POINT(9.573294 54.067465)
1111	Reher	Meiereistraße	de:01061:76204::3	54.067583	9.573239		MATCHED	n6309317665	2.3	0.78	Reher, Meiereistraße			Wapelfeld, West	LINESTRING(9.573239 54.067583,9.5732733 54.06758060000001)
1112	Reher	Viehhorn	de:01061:76205::1	54.071575	9.544037		MATCHED_THOUGH_DISTANT	n6309317674	211.3	0.05	Reher, Viehhorn				LINESTRING(9.544037 54.071575,9.547050500000001 54.070892300000004)
1113	Reher	Viehhorn	de:01061:76205::2	54.071575	9.544037		NO_MATCH_AND_SEEMS_UNSERVED								POINT(9.544037 54.071575)
1114	Rethwisch	Dorfstraße	de:01061:9065264::1	53.866423	9.591073		MATCHED	n4263587446	22.2	0.31	Rethwisch, Dorfstraße			Rethwisch, Memeler Weg	LINESTRING(9.591073 53.866423,9.5907357 53.866407900000006)
1115	Rethwisch	Dorfstraße	de:01061:9065264::2	53.866362	9.591196		MATCHED	n4263587448	23.1	0.3	Rethwisch, Dorfstraße			Hohenfelde, Feuerwehrhaus	LINESTRING(9.591196 53.866362,9.590857300000001 53.866306800000004)
1116	Rethwisch	Dorfstraße 6	de:01061:9099044::1	53.86149	9.593517		NO_MATCH_AND_SEEMS_UNSERVED								POINT(9.593517 53.86149)
1117	Rethwisch	Dorfstraße 6	de:01061:9099044::2	53.861462	9.593394		NO_MATCH_AND_SEEMS_UNSERVED								POINT(9.593394 53.861462)
1118	Rethwisch	Kirchweg	de:01061:76961::1	53.866823	9.591659		NO_MATCH_AND_SEEMS_UNSERVED								POINT(9.591659 53.866823)
1119	Rethwisch	Kirchweg	de:01061:76961::2	53.866779	9.591461		NO_MATCH_AND_SEEMS_UNSERVED								POINT(9.591461 53.866779)
1120	Rethwisch	Kirchweg	de:01061:76961::3	53.866378	9.591111		NO_MATCH_AND_SEEMS_UNSERVED								POINT(9.591111 53.866378)
1121	Rethwisch	Memeler Weg	de:01061:76962::1	53.86541	9.583896		MATCHED	n4263585487	2.7	0.76	Rethwisch, Memeler Weg			Rethwisch, Schinkeler Weg	LINESTRING(9.583896 53.86541,9.583866200000001 53.865426400000004)
1122	Rethwisch	Memeler Weg	de:01061:76962::2	53.865373	9.584178		MATCHED	n10967920194	55.1	0.16	Rethwisch, Memeler Weg			Rethwisch, Dorfstraße	LINESTRING(9.584178 53.865373,9.5849943 53.865485500000005)
1123	Rethwisch	Memeler Weg/Schule	de:01061:76964::2	53.866126	9.576021		NO_MATCH_AND_SEEMS_UNSERVED								POINT(9.576021 53.866126)
1124	Rethwisch	Op de Wellen	de:01061:76965::1	53.875009	9.588831		NO_MATCH_AND_SEEMS_UNSERVED								POINT(9.588831 53.875009)
1125	Rethwisch	Op de Wellen	de:01061:76965::2	53.874681	9.588787		MATCHED	n275036001	51.3	0.17	Rethwisch, Op de Wellen			Rethwisch, Schule / Lägerdorf, Feuerwehr	LINESTRING(9.588787 53.874681,9.5889761 53.8742341)
1126	Rethwisch	Schinkeler Weg	de:01061:76963::1	53.86441	9.577019		MATCHED	n4263585485	3.6	0.71	Rethwisch, Schinkeler Weg			Rethwisch, Schule	LINESTRING(9.577019 53.86441,9.576998300000001 53.864440200000004)
1127	Rethwisch	Schinkeler Weg	de:01061:76963::2	53.864347	9.577003		MATCHED	n10967920204	61.9	0.14	Rethwisch, Schinkeler Weg			Rethwisch, Memeler Weg	LINESTRING(9.577003 53.864347,9.577921 53.864470100000005)
1128	Rethwisch	Schule	de:01061:76964::1	53.86652	9.576139		MATCHED	n4263585488	19.3	0.34	Rethwisch, Schule			Lägerdorf, Feuerwehr	LINESTRING(9.576139 53.86652,9.5760991 53.8663479)
1129	Rethwisch	Schule	de:01061:9075411::1	53.865062	9.576515		MATCHED	n10816151483	77.7	0.12	Rethwisch, Schule			Rethwisch, Schinkeler Weg	LINESTRING(9.576515 53.865062,9.576071 53.865709100000004)
1130	Rosdorf	Hauptstraße (Nord)	de:01061:70322::1	53.987663	9.727984		MATCHED	n5084716417	5.2	0.64	Rosdorf, Hauptstraße (Nord)			Rade b. Kellinghusen	LINESTRING(9.727984 53.987663,9.728009 53.9876189)
1131	Rosdorf	Hauptstraße (Nord)	de:01061:70322::2	53.987618	9.727854		MATCHED	n5084716416	1.5	0.83	Rosdorf, Hauptstraße (Nord)			Rosdorf, Hauptstraße (Süd)	LINESTRING(9.727854 53.987618,9.7278313 53.987615500000004)
1132	Rosdorf	Hauptstraße (Süd)	de:01061:78502::1	53.976108	9.727395		MATCHED	n4264214374	4.8	0.65	Rosdorf, Hauptstraße (Süd)			Rosdorf, Hauptstraße (Nord)	LINESTRING(9.727395 53.976108,9.727396 53.976151400000006)
1133	Rosdorf	Hauptstraße (Süd)	de:01061:78502::2	53.976228	9.727175		MATCHED	n4264214373	9.1	0.51	Rosdorf, Hauptstraße (Süd)			Rosdorf, Kastanienallee	LINESTRING(9.727175 53.976228,9.7271479 53.97614780000001)
1134	Rosdorf	Kastanienallee	de:01061:78503::1	53.974709	9.722737		MATCHED	n9659318996	16.9	0.37	Rosdorf, Kastanienallee			Kellinghusen, Krützkamp	LINESTRING(9.722737 53.974709,9.722991 53.9747361)
1135	Rosdorf	Kastanienallee	de:01061:78503::2	53.974787	9.722646		NO_MATCH_AND_SEEMS_UNSERVED								POINT(9.722646 53.974787)
1136	Sankt Margarethen	Bahnhofstraße 21	de:01061:86482::1	53.894368	9.253989	bus	MATCHED	n4917638138	10.8	0.48	St.Margarethen, Bahnhofstraße 21	6612,6615,6622	St. Margarethen Poststraße / St. Margarethen Kirchducht 23 / St. Margarethen Schule	St. Margarethen, Schule / St. Margarethen, Holstendamm (Ost) / St. Margarethen, Kirchducht 23	LINESTRING(9.253989 53.894368,9.254027500000001 53.894462000000004)
1137	Sankt Margarethen	Bahnhofstraße 21	de:01061:86482::2	53.894368	9.253989	bus	MATCHED_THOUGH_DISTANT	n6269687975	270.3	0.12	St. Margarethen, Schule	6612,6613,6615	St. Margarethen Stuven 6 / St. Margarethen Stuven 4	Brokdorf, Arentsee 28 / St. Margarethen, Stuven 6	LINESTRING(9.253989 53.894368,9.255056 53.8920213)
1138	Sankt Margarethen	Brokdorf Siethwende (Nord)	de:01061:84590::1	53.893641	9.296669	bus	MATCHED	n5070298635	22.1	0.38	Brokdorf, Siethwende (Nord)	6610,6615,6622	St. Margarethen Schule / Brokdorf Siethwende (Mitte) / St. Margarethen Osterbünge-Nord	St. Margarethen, Schule / Dammfleth, Poßfeld / Brokdorf, Siethwende (Mitte)	LINESTRING(9.296669 53.893641,9.296333500000001 53.893646700000005)
1139	Sankt Margarethen	Brokdorf Siethwende (Nord)	de:01061:84590::2	53.893641	9.296669	bus	NO_MATCH_BUT_OTHER_PLATFORM_MATCHED					6610,6615,6622	Dammfleth Poßfeld		POINT(9.296669 53.893641)
1140	Sankt Margarethen	Heideducht 28	de:01061:86478::1	53.880626	9.261801	bus	MATCHED_THOUGH_DISTANT	n10283119942	212.5	0.07	St. Margarethen, Heideducht 28	6622	St. Margarethen Poststraße		LINESTRING(9.261801 53.880626,9.264219200000001 53.879359)
1141	Sankt Margarethen	Heideducht 28	de:01061:86478::2	53.880626	9.261801	bus	MATCHED_THOUGH_DISTANT	n10283119943	215.2	0.07	St. Margarethen, Heideducht 28	6622,6623	St. Margarethen Heideducht 32		LINESTRING(9.261801 53.880626,9.2641112 53.8792551)
1142	Sankt Margarethen	Heideducht 32	de:01061:86390::1	53.87834	9.267446	bus	MATCHED	n10283119952	128.9	0.1	St. Margarethen, Heideducht 32	6622	St. Margarethen Heideducht 28		LINESTRING(9.267446 53.87834,9.2693811 53.878529300000004)
1143	Sankt Margarethen	Heideducht 32	de:01061:86390::2	53.87834	9.267446	bus	MATCHED_THOUGH_DISTANT	n10283119951	205.9	0.07	St. Margarethen, Heideducht 32	6622,6623	Brokdorf Arentsee 28		LINESTRING(9.267446 53.87834,9.270563300000001 53.878522600000004)
1144	Sankt Margarethen	Holstendamm (Ost)	de:01061:86392::1	53.910142	9.260322	bus	MATCHED	n5783035006	38.9	0.25	St. Margarethen, Holstendamm (Ost)	6612,6613,6615	Landscheide Wetterndorf		LINESTRING(9.260322 53.910142,9.2600504 53.9098313)
1145	Sankt Margarethen	Holstendamm (Ost)	de:01061:86392::2	53.910199	9.260174	bus	MATCHED	n5783035005	42.4	0.23	St. Margarethen, Holstendamm (Ost)	6612,6615	St. Margarethen Stuven 13		LINESTRING(9.260174 53.910199,9.2598599 53.909866)
1146	Sankt Margarethen	Kirchducht 23	de:01061:86479::1	53.894838	9.244284	bus	MATCHED	n10283062354	10.6	0.48	St. Margarethen, Kirchducht 23	6610,6615	Büttel Schmiedestraße / Büttel Müllereiweg		LINESTRING(9.244284 53.894838,9.2444372 53.894808600000005)
1147	Sankt Margarethen	Kirchducht 23	de:01061:86479::2	53.894838	9.244284	bus	MATCHED	n10283062358	23.2	0.33	St. Margarethen, Kirchducht 23	6610,6615	St. Margarethen Bahnhofstraße 21 / St. Margarethen Schule		LINESTRING(9.244284 53.894838,9.2439491 53.894903400000004)
1148	Sankt Margarethen	Osterbünge-Mitte	de:01061:86388::1	53.892996	9.277095	bus	MATCHED	n1910587706	15.1	0.38	St. Margarethen Osterbünge	6610,6615	St. Margarethen Schule		LINESTRING(9.277095 53.892996,9.2768654 53.893006400000004)
1149	Sankt Margarethen	Osterbünge-Mitte	de:01061:86388::2	53.892996	9.277095	bus	NO_MATCH_BUT_OTHER_PLATFORM_MATCHED					6610,6615	St. Margarethen Osterbünge-Nord		POINT(9.277095 53.892996)
1150	Sankt Margarethen	Osterbünge-Nord	de:01061:86389::1	53.893516	9.292863	bus	MATCHED	n5077971809	3.9	0.68	St. Margarethen Osterbünge-Nord	6610,6615	St. Margarethen Osterbünge-Mitte		LINESTRING(9.292863 53.893516,9.2928584 53.893550700000006)
1151	Sankt Margarethen	Osterbünge-Nord	de:01061:86389::2	53.893516	9.292863	bus	NO_MATCH_BUT_OTHER_PLATFORM_MATCHED					6610,6615	Brokdorf Siethwende (Nord)		POINT(9.292863 53.893516)
1152	Sankt Margarethen	Poststraße	de:01061:86480::1	53.8906	9.255123	bus	MATCHED	n10283062346	49.3	0.21	St. Margarethen, Poststraße	6622	St. Margarethen Schule		LINESTRING(9.255123 53.8906,9.255469100000001 53.8902073)
1153	Sankt Margarethen	Poststraße	de:01061:86480::2	53.8906	9.255123	bus	MATCHED	n5070298632	135.0	0.18	St. Margarethen, Schule	6622,6623	St. Margarethen Heideducht 28	Dammfleth, Rehweg 2	LINESTRING(9.255123 53.8906,9.255776200000001 53.891750200000004)
1154	Sankt Margarethen	Schule	de:01061:86481::1	53.891603	9.256727	bus	NO_MATCH					6610,6615	St. Margarethen Osterbünge-Mitte		POINT(9.256727 53.891603)
1155	Sankt Margarethen	Schule	de:01061:86481::2	53.891603	9.256727	bus	NO_MATCH					6610,6612,6613,6615,6622,6623	St. Margarethen Kirchducht 23 / St. Margarethen Bahnhofstraße 21 / St. Margarethen Poststraße		POINT(9.256727 53.891603)
1156	Sankt Margarethen	Stuven 13	de:01061:9026249::1	53.90805	9.257406	bus	NO_MATCH					6612,6615	St. Margarethen Holstendamm (Ost)		POINT(9.257406 53.90805)
1157	Sankt Margarethen	Stuven 13	de:01061:9026249::6	53.90805	9.257391	bus	NO_MATCH					6612,6615	St. Margarethen Stuven 6		POINT(9.257391 53.90805)
1158	Sankt Margarethen	Stuven 4	de:01061:12125::1	53.900805	9.253328	bus	NO_MATCH					6612,6615	St. Margarethen Stuven 6		POINT(9.253328 53.900805)
1159	Sankt Margarethen	Stuven 4	de:01061:12125::2	53.900823	9.253298	bus	NO_MATCH					6612,6615	St. Margarethen Bahnhofstraße 21		POINT(9.253298 53.900823)
1160	Sankt Margarethen	Stuven 6	de:01061:86391::1	53.904031	9.253546	bus	MATCHED	n5783035007	7.8	0.53	St. Margarethen, Stuven 6	6612,6613,6615	St. Margarethen Stuven 13 / St. Margarethen Holstendamm (Ost)	Landscheide, Wetterndorf	LINESTRING(9.253546 53.904031,9.2535795 53.9039639)
1161	Sankt Margarethen	Stuven 6	de:01061:86391::2	53.90327	9.253053	bus	MATCHED	n5828579332	64.4	0.17	St. Margarethen, Stuven 6	6612,6615	St. Margarethen Stuven 4	St. Margarethen, Schule / Büttel, Schmiedestraße	LINESTRING(9.253053 53.90327,9.253307300000001 53.903829300000005)
1162	Sarlhusen	Kirschenallee	de:01061:9000509::1	54.02236	9.7914		NO_MATCH_AND_SEEMS_UNSERVED								POINT(9.7914 54.02236)
1163	Sarlhusen	Kirschenallee	de:01061:9000509::2	54.02243	9.79136		MATCHED	n9675468725	10.6	0.47	Sarlhusen, Kirschenallee				LINESTRING(9.79136 54.02243,9.791493800000001 54.0224843)
1164	Sarlhusen	Reuthenberg 16	de:01061:9000511::1	54.01783	9.79995		MATCHED	n4132449235	9.6	0.49	Sarlhusen, Reuthenberg 16				LINESTRING(9.79995 54.01783,9.7998879 54.017908000000006)
1165	Sarlhusen	Reuthenberg 16	de:01061:9000511::2	54.0187	9.79962		MATCHED	n11571344506	11.0	0.46	Sarlhusen, Reuthenberg 16				LINESTRING(9.79962 54.0187,9.7996525 54.018603000000006)
1166	Sarlhusen	Reuthenberg 6	de:01061:80567::1	54.022268	9.794409		MATCHED	n4132449239	4.6	0.64	Sarlhusen, Reuthenberg 6				LINESTRING(9.794409 54.022268,9.794438900000001 54.022230300000004)
1167	Sarlhusen	Reuthenberg 6	de:01061:80567::2	54.02245	9.794002		MATCHED	n4132449240	5.9	0.59	Sarlhusen, Reuthenberg 6				LINESTRING(9.794002 54.02245,9.7939304 54.022417600000004)
1168	Schenefeld	Am Markt	de:01061:81167::1	54.046554	9.483114		MATCHED	n441645289	20.0	0.33	Schenefeld, Am Markt			Schenefeld, Feldscheide / Oldenborstel / Warringholz, Hauptstraße 11 / Pöschendorf, Hohenesch 1	LINESTRING(9.483114 54.046554,9.4833459 54.0466713)
1169	Schenefeld	Am Markt	de:01061:81167::2	54.046586	9.483048		NO_MATCH_AND_SEEMS_UNSERVED								POINT(9.483048 54.046586)
1170	Schenefeld	Feldscheide	de:01061:81166::1	54.043267	9.480645		MATCHED	n6304633260	1.6	0.82	Schenefeld, Feldscheide			Hadenfeld, Lindenweg / Pöschendorf, Breitenfelde (Süd)	LINESTRING(9.480645 54.043267,9.4806272 54.0432567)
1171	Schenefeld	Feldscheide	de:01061:81166::2	54.042456	9.480806		MATCHED	n6304633259	3.9	0.69	Schenefeld, Feldscheide			Pöschendorf, Hohenesch 1	LINESTRING(9.480806 54.042456,9.480849800000001 54.0424322)
1172	Schenefeld	Orchideeneck	de:01061:81168::1	54.049905	9.480659		NO_MATCH_AND_SEEMS_UNSERVED								POINT(9.480659 54.049905)
1173	Schenefeld	Orchideeneck	de:01061:81168::2	54.049807	9.480936		NO_MATCH_AND_SEEMS_UNSERVED								POINT(9.480936 54.049807)
1174	Schenefeld	Schule	de:01061:81169::1	54.044827	9.476138		NO_MATCH_AND_SEEMS_UNSERVED								POINT(9.476138 54.044827)
1175	Schenefeld	Schule	de:01061:81169::2	54.044827	9.476138		NO_MATCH_AND_SEEMS_UNSERVED								POINT(9.476138 54.044827)
1176	Schenefeld	Schule	de:01061:81169::3	54.044566	9.476171		NO_MATCH_AND_SEEMS_UNSERVED								POINT(9.476171 54.044566)
1177	Schenefeld	Siezbüttel Dorfstraße	de:01061:84645::1	54.051134	9.44143		MATCHED	n7758175243	9.7	0.5	Siezbüttel, Dorfstraße				LINESTRING(9.44143 54.051134,9.4414535 54.051220300000004)
1178	Schenefeld	Siezbüttel Dorfstraße	de:01061:84645::2	54.051134	9.44143		MATCHED	n7758175244	6.7	0.58	Siezbüttel, Dorfstraße				LINESTRING(9.44143 54.051134,9.4413516 54.051172300000005)
1179	Schenefeld	Siezbüttel Kohlenbeker Weg	de:01061:84644::1	54.052935	9.435446		MATCHED	n4087735789	6.2	0.6	Siezbüttel, Kohlenbeker Weg				LINESTRING(9.435446 54.052935,9.435376100000001 54.0528976)
1180	Schenefeld	Siezbüttel Ochsenweg	de:01061:84643::1	54.046369	9.458669		NO_MATCH_AND_SEEMS_UNSERVED								POINT(9.458669 54.046369)
1181	Schlotfeld	Amönenwarte	de:01061:46677::1	53.956201	9.558581	bus	MATCHED_THOUGH_NAMES_DIFFER	n9284568882	12.0	0.4	Itzehoe, Blauer Lappen	755	Itzehoe Friedrich-Ebert-Straße	Itzehoe, Friedrich-Ebert-Straße	LINESTRING(9.558581 53.956201,9.5584407 53.9561313)
1182	Schlotfeld	Amönenwarte	de:01061:46677::2	53.956201	9.558581	bus	MATCHED_THOUGH_NAMES_DIFFER	n9284568883	14.0	0.39	Itzehoe, Blauer Lappen	755	Hohenlockstedt Hungriger Wolf	Hohenlockstedt, Hungriger Wolf	LINESTRING(9.558581 53.956201,9.558755600000001 53.95627330000001)
1183	Schlotfeld	Dorfstraße 42 a	de:01061:90467031::1	53.95861	9.58352		MATCHED	n5735172599	2.9	0.75	Schlotfeld, Dorfstraße 42a				LINESTRING(9.58352 53.95861,9.583520400000001 53.958636000000006)
1184	Schlotfeld	Möhlenholt	de:01061:9046702::1	53.95437	9.58299		MATCHED	n5735172598	6.0	0.61	Schlotfeld, Möhlenholt				LINESTRING(9.58299 53.95437,9.5829518 53.954418700000005)
1185	Schlotfeld	Mühlenweg	de:01061:9000508::1	53.9446	9.5955		NO_MATCH_AND_SEEMS_UNSERVED								POINT(9.5955 53.9446)
1186	Schlotfeld	Oesau Dorfstraße	de:01061:9005344::1	53.950333	9.584384		MATCHED	n5735172597	0.7	0.89	Oesau, Dorfstraße				LINESTRING(9.584384 53.950333,9.584374 53.950335900000006)
1187	Silzen	Dorfstraße	de:01061:84734::1	54.02904	9.635251	bus	MATCHED_THOUGH_NAMES_DIFFER	n6582586117	11.6	0.41	Silzen	755,756	Peissen Obere Dorfstraße (Mitte)	Peissen, Obere Dorfstraße (Mitte)	LINESTRING(9.635251 54.02904,9.6350888 54.028997800000006)
1188	Silzen	Dorfstraße	de:01061:84734::2	54.028878	9.635087	bus	MATCHED_THOUGH_NAMES_DIFFER	n6582586118	20.6	0.34	Silzen	755	Jahrsdorf-Nienjahn Stubbenhof	Jahrsdorf, Im Winkel	LINESTRING(9.635087 54.028878,9.6352496 54.029036100000006)
1189	Sommerland	Bahnhof Siethwende	de:01061:85486::1	53.786628	9.570078		NO_MATCH_AND_SEEMS_UNSERVED								POINT(9.570078 53.786628)
1190	Sommerland	Brunsholt	de:01061:85487::1	53.779014	9.553295		NO_MATCH_AND_SEEMS_UNSERVED								POINT(9.553295 53.779014)
1191	Sommerland	Brunsholt	de:01061:85487::2	53.779199	9.55347		MATCHED	n1562506935	10.1	0.49	Sommerland, Brunsholt				LINESTRING(9.55347 53.779199,9.5535593 53.779125)
1192	Sommerland	Dückermühle/Kreuzung	de:01061:85488::1	53.806267	9.534511		NO_MATCH_AND_SEEMS_UNSERVED								POINT(9.534511 53.806267)
1193	Sommerland	Dükermühle	de:01061:85489::1	53.805531	9.535367		MATCHED	n1354624930	5.0	0.61	Sommerland, Dückermühle			Elskop, Dorfstraße (Süderau)	LINESTRING(9.535367 53.805531,9.535423100000001 53.8055614)
1194	Sommerland	Dükermühle	de:01061:85489::2	53.805151	9.53554		MATCHED	n1354624928	17.0	0.34	Sommerland, Dückermühle			Sommerland, Feuerwache Siethwende	LINESTRING(9.53554 53.805151,9.5354364 53.805291000000004)
1195	Sommerland	Feuerwache Siethwende	de:01061:85490::1	53.788025	9.571235		MATCHED	n4257845178	9.2	0.51	Sommerland, Feuerwache Siethwende			Kiebitzreihe, Wischreihe 9	LINESTRING(9.571235 53.788025,9.5711134 53.788065100000004)
1196	Sommerland	Grönland	de:01061:85491::1	53.821523	9.583438		MATCHED	n3455799564	18.2	0.35	Sommerland, Grönland				LINESTRING(9.583438 53.821523,9.5836258 53.821643300000005)
1197	Sommerland	Grönland	de:01061:85491::2	53.821354	9.5832		NO_MATCH_AND_SEEMS_UNSERVED								POINT(9.5832 53.821354)
1198	Sommerland	Kamerland	de:01061:85492::1	53.798607	9.547122		MATCHED	n4257822012	2.4	0.77	Sommerland, Kamerland			Sommerland, Dückermühle	LINESTRING(9.547122 53.798607,9.5470853 53.7986049)
1199	Sommerland	Kamerland	de:01061:85492::2	53.79839	9.547287		NO_MATCH_AND_SEEMS_UNSERVED								POINT(9.547287 53.79839)
1200	Sommerland	Kamerlander Au	de:01061:85493::1	53.783619	9.562175		MATCHED	n1562506938	8.3	0.53	Sommerland, Kamerlander Au				LINESTRING(9.562175 53.783619,9.5621089 53.7835553)
1201	Sommerland	Kamerlander Au	de:01061:85493::2	53.783518	9.561723		MATCHED	n1562506942	18.0	0.35	Sommerland, Kamerlander Au				LINESTRING(9.561723 53.783518,9.561943300000001 53.783613900000006)
1202	Stördorf	Honigflether Weg	de:01061:88865::1	53.925496	9.409525	bus	MATCHED	n10279038373	117.2	0.13	Stördorf, Honigflether Weg	6610	Bekmünde Hauptstraße 26		LINESTRING(9.409525 53.925496,9.4111177 53.9259708)
1203	Stördorf	Honigflether Weg	de:01061:88865::2	53.925496	9.409525	bus	NO_MATCH_BUT_OTHER_PLATFORM_MATCHED					6610,6624	Wilster Johann-Meyer-Straße		POINT(9.409525 53.925496)
1204	Stördorf	Mitte	de:01061:88866::1	53.916884	9.432781	bus	MATCHED	n7952740220	162.6	0.2	Stördorf, Stördorf (Mitte)	6624	Bekmünde Hauptstraße 26 / Heiligenstedten Juliankadamm	Heiligenstedten, Wiesengrund	LINESTRING(9.432781 53.916884,9.4303317 53.9166697)
1205	Stördorf	Stördorf 2	de:01061:88868::1	53.911614	9.415768	bus	NO_MATCH					6624	Stördorf Stördorf 5		POINT(9.415768 53.911614)
1206	Stördorf	Stördorf 5	de:01061:88867::1	53.912319	9.425061	bus	MATCHED_THOUGH_DISTANT	n6668112722	389.4	0.14	Stördorf, Stördorf 2	6624	Stördorf Mitte	Stördorf, Stördorf (Mitte)	LINESTRING(9.425061 53.912319,9.4197893 53.9107192)
1207	Stördorf	Wilster Kasenort 6	de:01061:100056::1	53.910744	9.407569	bus	MATCHED	n5073381812	19.6	0.51	Stördorf, Kasenort 6	6624	Beidenfleth Klein Kampen	Wilster, Allee / Beidenfleth, Klein Kampen	LINESTRING(9.407569 53.910744,9.4076293 53.910916400000005)
1208	Stördorf	Wilster Kasenort 6	de:01061:100056::2	53.910744	9.407569	bus	NO_MATCH_BUT_OTHER_PLATFORM_MATCHED					6624	Wilster Kathener Weg (Nord)		POINT(9.407569 53.910744)
1209	Stördorf	Wilster Kathener Weg (Nord)	de:01061:100060::1	53.914895	9.389066	bus	MATCHED_THOUGH_DISTANT	n5073381811	281.2	0.06	Wilster Kathener Weg	6624	Wilster Allee		LINESTRING(9.389066 53.914895,9.393157 53.914151600000004)
1210	Stördorf	Wilster Kathener Weg (Nord)	de:01061:100060::2	53.914895	9.389066	bus	NO_MATCH_BUT_OTHER_PLATFORM_MATCHED					6624	Wilster Kasenort 6 / Wilster Kasenort (Schleuse)		POINT(9.389066 53.914895)
1211	Störkathen	Dorfstraße	de:01061:88869::1	53.979133	9.756751	bus	MATCHED	n6169467922	5.7	0.42	Störkaten	7503	Kellinghusen Krimweg		LINESTRING(9.756751 53.979133,9.7568116 53.9791694)
1212	Süderau	Doppelreihe	de:01061:9099184::1	53.820185	9.511222		NO_MATCH_AND_SEEMS_UNSERVED								POINT(9.511222 53.820185)
1213	Süderau	Doppelreihe	de:01061:9099184::2	53.820235	9.511283		MATCHED	n11046230142	9.7	0.5	Süderau, Doppelreihe				LINESTRING(9.511283 53.820235,9.5113681 53.820164000000005)
1214	Süderau	Steinburg Lübscher Landweg	de:01061:89596::1	53.843751	9.573309		MATCHED	n4257845186	2.7	0.76	Steinburg, Lübscher Landweg			Hohenfelde, Fegefeuer	LINESTRING(9.573309 53.843751,9.573341600000001 53.843735900000006)
1215	Süderau	Steinburg Lübscher Landweg	de:01061:89596::2	53.843843	9.573992		MATCHED	n3455799597	30.5	0.25	Steinburg, Lübscher Landweg			Steinburg, Süderauer Dorfstraße	LINESTRING(9.573992 53.843843,9.574454900000001 53.843860500000005)
1216	Süderau	Süderauer Riep 3	de:01061:99190::1	53.811545	9.528611		MATCHED	n11178547422	3.4	0.7	Süderau, Süderauer Riep 3			Sommerland, Dückermühle	LINESTRING(9.528611 53.811545,9.5286027 53.8115146)
1217	Süderau	Süderauer Riep 3	de:01061:99190::2	53.811598	9.528683		NO_MATCH_AND_SEEMS_UNSERVED								POINT(9.528683 53.811598)
1218	Süderau	Süderauerdorfstraße 20	de:01061:9089185::1	53.826532	9.514995		NO_MATCH_AND_SEEMS_UNSERVED								POINT(9.514995 53.826532)
1219	Süderau	Süderauerdorfstraße 20	de:01061:9089185::2	53.826285	9.513879		MATCHED	n12450199037	5.1	0.63	Süderau, Süderauerdorfstraße 20				LINESTRING(9.513879 53.826285,9.5139543 53.8262762)
1220	Süderau	Süderauerdorfstraße 28	de:01061:9099189::1	53.831247	9.530374		NO_MATCH_AND_SEEMS_UNSERVED								POINT(9.530374 53.831247)
1221	Süderau	Süderauerdorfstraße 28	de:01061:9099189::2	53.831315	9.530369		NO_MATCH_AND_SEEMS_UNSERVED								POINT(9.530369 53.831315)
1222	Süderau	Süderauerdorfstraße(FWGH)	de:01061:9009173::1	53.823219	9.511618		NO_MATCH_AND_SEEMS_UNSERVED								POINT(9.511618 53.823219)
1223	Vaale	Bollweg	de:01061:92952::1	54.001611	9.379235		MATCHED	n2443581232	2.9	0.74	Vaale, Bollweg			Kleve, Voßbarg	LINESTRING(9.379235 54.001611,9.379243500000001 54.001585000000006)
1224	Vaale	Bollweg	de:01061:92952::2	54.001444	9.379117		MATCHED	n1597482749	10.1	0.49	Vaale, Bollweg			Wacken, Wasberger Weg	LINESTRING(9.379117 54.001444,9.3789806 54.001402500000005)
1225	Vaale	Heinrich-Wolgast-Straße	de:01061:92951::1	53.996327	9.364102		NO_MATCH_AND_SEEMS_UNSERVED								POINT(9.364102 53.996327)
1226	Vaale	Heinrich-Wolgast-Straße	de:01061:92951::2	53.996322	9.364443		NO_MATCH_AND_SEEMS_UNSERVED								POINT(9.364443 53.996322)
1227	Vaale	Norderstraße	de:01061:92953::1	53.998987	9.372895		MATCHED	n10059492760	52.7	0.16	Vaale, Norderstraße				LINESTRING(9.372895 53.998987,9.3735923 53.998751500000004)
1228	Vaale	Norderstraße	de:01061:92953::2	53.999061	9.373077		MATCHED	n10059492761	3.9	0.7	Vaale, Norderstraße				LINESTRING(9.373077 53.999061,9.3730384 53.99908730000001)
1229	Vaale	Schule	de:01061:9009029::1	54.00128	9.375643		NO_MATCH_AND_SEEMS_UNSERVED								POINT(9.375643 54.00128)
1230	Vaale	Vierth	de:01061:9099035::1	53.99032	9.35151		NO_MATCH_AND_SEEMS_UNSERVED								POINT(9.35151 53.99032)
1231	Vaalermoor	Nordende 15	de:01061:9099026::1	53.983225	9.336413		NO_MATCH_AND_SEEMS_UNSERVED								POINT(9.336413 53.983225)
1232	Vaalermoor	Nordende 15	de:01061:9099026::2	53.983318	9.336334		NO_MATCH_AND_SEEMS_UNSERVED								POINT(9.336334 53.983318)
1233	Vaalermoor	Westende 6	de:01061:92954::1	53.978042	9.330277		MATCHED	n9261920948	47.4	0.17	Vaalermoor, Westende 6				LINESTRING(9.330277 53.978042,9.3309218 53.978235000000005)
1234	Wacken	Bokhorstdoor	de:01061:9009036::1	54.021417	9.377937		NO_MATCH_AND_SEEMS_UNSERVED								POINT(9.377937 54.021417)
1235	Wacken	Mühlenweg	de:01061:94974::1	54.024979	9.367781		MATCHED	n2443538739	25.0	0.29	Wacken, Mühlenweg			Wacken, Wasberger Weg	LINESTRING(9.367781 54.024979,9.367445100000001 54.0250854)
1236	Wacken	Mühlenweg	de:01061:94974::2	54.024933	9.368169		MATCHED	n4605190290	2.6	0.76	Wacken, Mühlenweg			Gribbohm, Niewisch	LINESTRING(9.368169 54.024933,9.368203900000001 54.024944700000006)
1237	Wacken	Reselithweg	de:01061:94975::1	54.020428	9.381348		MATCHED	n4605190320	6.8	0.58	Wacken, Reselithweg				LINESTRING(9.381348 54.020428,9.3812554 54.020400900000006)
1238	Wacken	Schenefelder Straße 36	de:01061:9009030::1	54.025333	9.403669		NO_MATCH_AND_SEEMS_UNSERVED								POINT(9.403669 54.025333)
1239	Wacken	Schule	de:01061:90009028::1	54.027285	9.376563		NO_MATCH_AND_SEEMS_UNSERVED								POINT(9.376563 54.027285)
1240	Wacken	Schule	de:01061:90009028::2	54.027336	9.376445		NO_MATCH_AND_SEEMS_UNSERVED								POINT(9.376445 54.027336)
1241	Wacken	Steinfurt	de:01061:94976::1	54.013032	9.382647		MATCHED	n10059522124	3.2	0.73	Wacken, Steinfurt				LINESTRING(9.382647 54.013032,9.3826233 54.0130568)
1242	Wacken	Steinfurt	de:01061:94976::2	54.01312	9.38271		MATCHED	n10059492759	8.1	0.54	Wacken, Steinfurt				LINESTRING(9.38271 54.01312,9.382638 54.0131797)
1243	Wacken	Wasberger Weg	de:01061:94973::1	54.020875	9.373985		MATCHED	n5865510986	30.8	0.25	Wacken, Wasberger Weg			Vaale, Bollweg	LINESTRING(9.373985 54.020875,9.3736166 54.021046600000005)
1244	Wacken	Wasberger Weg	de:01061:94973::2	54.020253	9.375535		MATCHED	n5865515786	12.0	0.45	Wacken, Wasberger Weg			Wacken, Mühlenweg	LINESTRING(9.375535 54.020253,9.375704500000001 54.0202121)
1245	Warringholz	Aasbütteler Weg	de:01061:96268::1	54.078475	9.458365		MATCHED	n9062052420	83.7	0.11	Warringholz, Aasbütteler Weg				LINESTRING(9.458365 54.078475,9.4571082 54.0783344)
1246	Warringholz	Hauptstraße 11	de:01061:96269::1	54.071844	9.467489		MATCHED	n600435653	9.8	0.48	Warringholz, Hauptstraße 11			Schenefeld, Am Markt	LINESTRING(9.467489 54.071844,9.4675337 54.0717597)
1247	Warringholz	Hauptstraße 11	de:01061:96269::2	54.072371	9.467057		MATCHED	n4104184427	3.5	0.7	Warringholz, Hauptstraße 11			Warringholz, Seefelder Weg (Wendeplatz)	LINESTRING(9.467057 54.072371,9.4670992 54.072351600000005)
1248	Warringholz	Seefelder Weg	de:01061:96267::1	54.081409	9.464257		MATCHED	n6304633257	2.1	0.79	Warringholz, Seefelder Weg (Wendeplatz)			Warringholz, Hauptstraße 11	LINESTRING(9.464257 54.081409,9.4642282 54.0814177)
1249	Warringholz	Seefelder Weg	de:01061:96267::2	54.081279	9.464376		MATCHED	n6304633258	5.9	0.61	Warringholz, Seefelder Weg (Wendeplatz)			Gokels, Süd	LINESTRING(9.464376 54.081279,9.4643542 54.0812273)
1250	Warringholz	Seefelder Weg	de:01061:96267::3	54.080915	9.464247		NO_MATCH_AND_SEEMS_UNSERVED								POINT(9.464247 54.080915)
1251	Warringholz	Wendeplatz	de:01061:9085322::1	54.080767	9.464515		MATCHED	n600435657	4.1	0.68	Warringholz, Wendeplatz				LINESTRING(9.464515 54.080767,9.464454700000001 54.0807774)
1252	Westermoor	An Eck	de:01061:51629::1	53.911503	9.610492		MATCHED	n717646588	1.8	0.81	Westermoor, An Eck			Kronsmoor, Moordorfer Weg	LINESTRING(9.610492 53.911503,9.6104667 53.9115095)
1253	Westermoor	An Eck	de:01061:51629::2	53.911435	9.610573		MATCHED	n1375970883	0.8	0.88	Westermoor, An Eck			Westermoor, An de Wettern	LINESTRING(9.610573 53.911435,9.6105839 53.9114316)
1254	Westermoor	An de Wettern	de:01061:98561::1	53.91308	9.617246		MATCHED	n1375970898	0.6	0.9	Westermoor, An de Wettern			Westermoor, Rechstieg	LINESTRING(9.617246 53.91308,9.6172445 53.913074800000004)
1255	Westermoor	An de Wettern	de:01061:98561::2	53.913161	9.617443		MATCHED	n727366608	0.3	0.93	Westermoor, An de Wettern			Westermoor, An Eck	LINESTRING(9.617443 53.913161,9.6174424 53.9131635)
1256	Westermoor	Rechstieg	de:01061:98560::1	53.91389	9.62595		MATCHED	n727366607	1.0	0.87	Westermoor, Rechstieg			Westermoor, An de Wettern	LINESTRING(9.62595 53.91389,9.6259624 53.9138954)
1257	Westermoor	Rechstieg	de:01061:98560::2	53.91382	9.626		MATCHED	n727366604	0.6	0.9	Westermoor, Rechstieg			Breitenberg, Feuerwehr	LINESTRING(9.626 53.91382,9.6260013 53.9138254)
1258	Wewelsfleth	Beesen	de:01061:99006::1	53.864122	9.36596	bus	MATCHED	n5074526077	5.4	0.68	Wewelsfleth Beesen	6621,6622,6624	Wewelsfleth Großwisch (West) / Wewelsfleth Fielweg (West) / Beidenfleth Dodenkopp (Mitte)	Wewelsfleth Rosskopp / Wewelsfleth, Fielweg (West) / Brokdorf, Kernkraftwerk	LINESTRING(9.36596 53.864122,9.3659841 53.8640759)
1259	Wewelsfleth	Beesen	de:01061:99006::2	53.864112	9.36615	bus	NO_MATCH_BUT_OTHER_PLATFORM_MATCHED					6621,6622,6624	Brokdorf Peuser (Mitte) / Wewelsfleth Rosskopp / Wewelsfleth Großwisch (West)		POINT(9.36615 53.864112)
1260	Wewelsfleth	Dammducht	de:01061:9065327::1	53.838858	9.390367		MATCHED	n1589679931	5.6	0.62	Wewelsfleth, Dammducht			Wewelsfleth, Hollerwettern 7 / Wewelsfleth, Hollerwettern 5	LINESTRING(9.390367 53.838858,9.3903905 53.838906400000006)
1261	Wewelsfleth	Dammducht	de:01061:99005::1	53.838011	9.388869	bus	MATCHED	n1589679930	150.5	0.24	Wewelsfleth, Dammducht	6621,6624	Wewelsfleth Deichreihe	Wewelsfleth, Deichreihe / Wewelsfleth, Schule	LINESTRING(9.388869 53.838011,9.390620400000001 53.838881300000004)
1262	Wewelsfleth	Dammducht	de:01061:99005::2	53.838011	9.388869	bus	NO_MATCH_BUT_OTHER_PLATFORM_MATCHED					6621	Wewelsfleth Hollerwettern 5		POINT(9.388869 53.838011)
1263	Wewelsfleth	Deichreihe	de:01061:99012::1	53.843471	9.401261	bus	MATCHED	n1589679934	10.9	0.67	Wewelsfleth, Deichreihe	6620,6621,6624	Wewelsfleth Fielweg (Ost) / Wewelsfleth Schule	Wewelsfleth, Schule / Wewelsfleth, Fielweg (Ost)	LINESTRING(9.401261 53.843471,9.401211700000001 53.843377200000006)
1264	Wewelsfleth	Deichreihe	de:01061:99012::2	53.843327	9.400987	bus	MATCHED	n1589679935	12.8	0.65	Wewelsfleth, Deichreihe	6620,6621,6624	Wewelsfleth Großwisch (Ost) / Wewelsfleth Dammducht	Blomesche Wildnis, An der Chaussee 63 / Wewelsfleth, Dammducht / Brokdorf, Friedhof	LINESTRING(9.400987 53.843327,9.401077 53.8434285)
1265	Wewelsfleth	Fielweg (Ost)	de:01061:99007::1	53.846704	9.403796	bus	MATCHED	n1589679932	40.1	0.44	Wewelsfleth, Fielweg (Ost)	6620	Wewelsfleth Deichreihe	Wewelsfleth, Deichreihe / Wewelsfleth, Schule	LINESTRING(9.403796 53.846704,9.4033361 53.8464674)
1266	Wewelsfleth	Fielweg (Ost)	de:01061:99007::2	53.847047	9.404715	bus	MATCHED	n1589679933	19.6	0.57	Wewelsfleth, Fielweg (Ost)	6620	Beidenfleth Uhrendorf 28	Beidenfleth, Kirchweg	LINESTRING(9.404715 53.847047,9.4049662 53.8471417)
1267	Wewelsfleth	Fielweg (West)	de:01061:7979::1	53.855245	9.390412	bus	MATCHED	n5074580932	23.2	0.37	Wewelsfleth, Fielweg (West)	6621	Wewelsfleth Beesen	Wewelsfleth Beesen / Beidenfleth, Riep (Süd)	LINESTRING(9.390412 53.855245,9.3901754 53.8550903)
1268	Wewelsfleth	Fielweg (West)	de:01061:7979::2	53.855245	9.390412	bus	NO_MATCH_BUT_OTHER_PLATFORM_MATCHED					6621	Beidenfleth Riep (Süd)		POINT(9.390412 53.855245)
1269	Wewelsfleth	Großwisch (Mitte)	de:01061:99009::1	53.848222	9.368717	bus	MATCHED	n5074472344	11.8	0.51	Wewelsfleth, Großwisch (Mitte)	6620,6624	Wewelsfleth Großwisch (West) / Wewelsfleth Großwisch (West)	Wewelsfleth, Großwisch (West) / Wewelsfleth, Großwisch (Ost)	LINESTRING(9.368717 53.848222,9.3686047 53.848305200000006)
1270	Wewelsfleth	Großwisch (Mitte)	de:01061:99009::2	53.848222	9.368717	bus	NO_MATCH_BUT_OTHER_PLATFORM_MATCHED					6620,6624	Wewelsfleth Großwisch (Ost)		POINT(9.368717 53.848222)
1271	Wewelsfleth	Großwisch (Ost)	de:01061:99004::1	53.846582	9.381379	bus	MATCHED	n5073381816	31.2	0.31	Wewelsfleth, Großwisch (Ost)	6620,6624	Wewelsfleth Großwisch (Mitte)	Wewelsfleth, Deichreihe / Wewelsfleth, Großwisch (Mitte)	LINESTRING(9.381379 53.846582,9.3810245 53.8463964)
1272	Wewelsfleth	Großwisch (Ost)	de:01061:99004::2	53.846582	9.381379	bus	NO_MATCH_BUT_OTHER_PLATFORM_MATCHED					6620,6624	Wewelsfleth Deichreihe		POINT(9.381379 53.846582)
1273	Wewelsfleth	Großwisch (West)	de:01061:99008::1	53.851836	9.357748	bus	MATCHED	n6662710125	12.2	0.65	Wewelsfleth, Großwisch (West)	6620,6621,6622,6624	Brokdorf Kernkraftwerk	Beidenfleth, Riep (Nord)	LINESTRING(9.357748 53.851836,9.357808200000001 53.851732000000005)
1274	Wewelsfleth	Großwisch (West)	de:01061:99008::2	53.852442	9.35828	bus	NO_MATCH_BUT_OTHER_PLATFORM_MATCHED					6621,6622,6624	Wewelsfleth Beesen / Wewelsfleth Beesen		POINT(9.35828 53.852442)
1275	Wewelsfleth	Großwisch (West)	de:01061:99008::3	53.851112	9.358299	bus	NO_MATCH_BUT_OTHER_PLATFORM_MATCHED					6620,6624	Wewelsfleth Großwisch (Mitte)		POINT(9.358299 53.851112)
1276	Wewelsfleth	Hollerwettern 30A	de:01061:99011::1	53.844122	9.349453	bus	MATCHED	n10290327615	8.7	0.67	Wewelsfleth, Hollerwettern 30a	6621,6624	Wewelsfleth Hollerwettern 7	Wewelsfleth, Hollerwettern 7	LINESTRING(9.349453 53.844122,9.3495436 53.844064800000005)
1277	Wewelsfleth	Hollerwettern 30A	de:01061:99011::2	53.844168	9.349563	bus	MATCHED	n10290327614	8.7	0.67	Wewelsfleth, Hollerwettern 30a	6621	Brokdorf Kernkraftwerk	Brokdorf, Osterende 33	LINESTRING(9.349563 53.844168,9.3496241 53.8440985)
1278	Wewelsfleth	Hollerwettern 5	de:01061:99003::1	53.835223	9.373638	bus	MATCHED	n10290301438	70.9	0.34	Wewelsfleth, Hollerwettern 5	6621,6624	Wewelsfleth Dammducht	Wewelsfleth, Dammducht	LINESTRING(9.373638 53.835223,9.3746182 53.834958)
1279	Wewelsfleth	Hollerwettern 5	de:01061:99003::2	53.835316	9.373518	bus	MATCHED	n10290301437	82.2	0.32	Wewelsfleth, Hollerwettern 5	6621	Wewelsfleth Hollerwettern 7	Wewelsfleth, Hollerwettern 7	LINESTRING(9.373518 53.835316,9.3746705 53.835030800000006)
1280	Wewelsfleth	Hollerwettern 7	de:01061:99010::1	53.838476	9.361321	bus	MATCHED	n5783035025	17.7	0.58	Wewelsfleth, Hollerwettern 7	6621,6624	Wewelsfleth Hollerwettern 5	Wewelsfleth, Hollerwettern 5 / Wewelsfleth, Dammducht	LINESTRING(9.361321 53.838476,9.361075900000001 53.838541400000004)
1281	Wewelsfleth	Hollerwettern 7	de:01061:99010::2	53.838532	9.361348	bus	MATCHED	n5783035024	16.4	0.59	Wewelsfleth, Hollerwettern 7	6621	Wewelsfleth Hollerwettern 30A	Wewelsfleth, Hollerwettern 30a / Wewelsfleth, Großwisch (West)	LINESTRING(9.361348 53.838532,9.3611368 53.8386104)
1282	Wewelsfleth	Rosskopp	de:01061:99013::1	53.855393	9.36019	bus	MATCHED	n6662710120	21.8	0.38	Wewelsfleth Rosskopp	6624	Wewelsfleth Großwisch (West) / Wewelsfleth Großwisch (West)		LINESTRING(9.36019 53.855393,9.360145000000001 53.855198800000004)
1283	Wewelsfleth	Schule	de:01061:99014::1	53.844041	9.399957	bus	MATCHED	n5074526079	20.7	0.39	Wewelsfleth, Schule	6621,6624	Wewelsfleth Deichreihe	Wewelsfleth, Deichreihe / Wewelsfleth, Dammducht	LINESTRING(9.399957 53.844041,9.3997445 53.844178400000004)
1284	Wiedenborstel	Wiedenborstel	de:01061:99144::1	54.050691	9.750275	bus	MATCHED_THOUGH_NAMES_DIFFER	n9370673825	11.1	0.4	Aukrug, Waldhütten	785	Hennstedt(b Itzehoe) Sattelkamp	Hennstedt, Sattelkamp	LINESTRING(9.750275 54.050691,9.7501362 54.050633600000005)
1285	Wiedenborstel	Wiedenborstel	de:01061:99144::2	54.050691	9.750275	bus	MATCHED_THOUGH_NAMES_DIFFER	n9370673824	187.5	0.13	Aukrug, Waldhütten	785	Aukrug Kurklinik	Aukrug, Kurklinik	LINESTRING(9.750275 54.050691,9.752386000000001 54.051830100000004)
1286	Willenscharen	Arpsdorfer Straße	de:01061:99916::1	54.009413	9.809248		MATCHED	n4132431053	1.1	0.74	Willenscharen, Arpsdorfer Str.				LINESTRING(9.809248 54.009413,9.809244000000001 54.0094228)
1287	Willenscharen	Arpsdorfer Straße	de:01061:99916::2	54.009802	9.809184		MATCHED	n4132431054	3.4	0.62	Willenscharen, Arpsdorfer Str.				LINESTRING(9.809184 54.009802,9.809188800000001 54.0097718)
1288	Willenscharen	Aukrugstraße	de:01061:99915::1	54.014912	9.803737		MATCHED	n4132449228	9.1	0.51	Willenscharen, Aukrugstraße				LINESTRING(9.803737 54.014912,9.8038474 54.014863000000005)
1289	Willenscharen	Aukrugstraße	de:01061:99915::2	54.014122	9.803465		MATCHED	n4132449227	8.2	0.53	Willenscharen, Aukrugstraße				LINESTRING(9.803465 54.014122,9.8034903 54.0141946)
1290	Wilster	Allee	de:01061:100062::1	53.917427	9.378614	bus	MATCHED	n2320592325	29.2	0.32	Wilster, Allee	6620,6621,6624	Beidenfleth Klein Kampen / Wilster Kathener Weg (Nord) / Dammfleth 14	Beidenfleth, Kirchweg / Dammfleth, Dammfleth 14 / Landrecht, Kasenort (Schleuse) / Wilster, Colosseum / Stördorf, Kasenort 6	LINESTRING(9.378614 53.917427,9.378774100000001 53.91767230000001)
1291	Wilster	Allee	de:01061:100062::2	53.917427	9.378614	bus	NO_MATCH_BUT_OTHER_PLATFORM_MATCHED					6620,6621,6624	Wilster Colosseum/ZOB / Wilster Am Schulzentrum		POINT(9.378614 53.917427)
1292	Wilster	Am Schulzentrum	de:01061:100063::1	53.923667	9.369199	bus	MATCHED	n2320587706	26.2	0.34	Wilster, Am Schulzentrum	6610,6611,6612,6613,6615,6620,6621,6623,6624	Wilster Colosseum/ZOB / Wilster Haakstraße	Wilster, Colosseum	LINESTRING(9.369199 53.923667,9.3691516 53.9234336)
1293	Wilster	Bahnhof	de:01061:106026::1	53.925987	9.383092		MATCHED	n10279001723	1.3	0.58	Bf. Wilster				LINESTRING(9.383092 53.925987,9.3831088 53.92599250000001)
1294	Wilster	Bahnhof	de:01061:106026::SEV	53.925591	9.380485		NO_MATCH_AND_SEEMS_UNSERVED								POINT(9.380485 53.925591)
1295	Wilster	Colosseum/ZOB	de:01061:100058::1	53.923812	9.374545	bus	MATCHED	n321978632	20.5	0.31	Wilster, Colosseum	6610,6611,6612,6613,6615,6620,6621,6622,6623,6624	Wilster Allee / Wilster Johann-Meyer-Straße / Wilster Hans-Prox-Straße / Wilster Haakstraße / Landrecht Vereinsstraße / Wilster Am Schulzentrum / Nortorf(b Wilster) Rehweg 2	Stördorf, Stördorf 2 / Beidenfleth, Kirchweg / Landrecht, Vereinsstraße / Dammfleth, Auf dem Breuel / Wilster, Am Schulzentrum / Beidenfleth, Fockendorf / Nortorf, Diekdorf / Dammfleth, Rehweg 2 / Itzehoe Papenkamp	LINESTRING(9.374545 53.923812,9.3744539 53.923988400000006)
1296	Wilster	Haakstraße	de:01061:100057::1	53.922779	9.365628	bus	MATCHED	n5067696140	2.2	0.85	Wilster, Haackstraße	6612,6613	Wilster Am Schulzentrum / Wilster Colosseum/ZOB	Wilster, Am Schulzentrum / Nortorf, Diekdorf / Wilster, Colosseum	LINESTRING(9.365628 53.922779,9.3656016 53.922767)
1297	Wilster	Haakstraße	de:01061:100057::2	53.922779	9.365628	bus	NO_MATCH_BUT_OTHER_PLATFORM_MATCHED					6612,6613	Neuendorf-Sachsenbande Goldbogen / Nortdorf(b Wilster) Diekdorf		POINT(9.365628 53.922779)
1298	Wilster	Hans-Prox-Straße	de:01061:100061::1	53.919991	9.371998	bus	MATCHED	n2320592009	88.5	0.31	Wilster, Hans-Prox-Straße	6610,6615,6623	Wilster Am Schulzentrum / Wilster Colosseum/ZOB	Wilster, Colosseum / Wilster, Am Schulzentrum / Dammfleth, Rehweg 2	LINESTRING(9.371998 53.919991,9.3709118 53.919520600000006)
1299	Wilster	Hans-Prox-Straße	de:01061:100061::2	53.919991	9.371998	bus	NO_MATCH_BUT_OTHER_PLATFORM_MATCHED					6610,6615,6622	Nortorf(b Wilster) Rehweg 2		POINT(9.371998 53.919991)
1300	Wilster	Johann-Meyer-Straße	de:01061:100064::1	53.92409	9.38274	bus	NO_MATCH_BUT_OTHER_PLATFORM_MATCHED					6610	Stördorf Honigflether Weg / Itzehoe Bahnhof (Draisine)		POINT(9.38274 53.92409)
1301	Wilster	Johann-Meyer-Straße	de:01061:100064::2	53.924179	9.382763	bus	MATCHED	n2320592778	5.7	0.78	Wilster, Johann-Meyer-Straße	6610,6624	Burg(Dithmarschen) Bahnhof / Wilster Colosseum/ZOB / St.Michaelisdonn ZOB	Wilster, Colosseum	LINESTRING(9.382763 53.924179,9.382833600000001 53.9241499)
1302	Wilster	Wilster	de:01061:100055::1	53.926198	9.383758	trainish	MATCHED	w353379783	3.0	0.76	Wilster				LINESTRING(9.383758 53.926198,9.38379083780869 53.92617876426099)
1303	Wilster	Wilster	de:01061:100055::2	53.926291	9.384061	trainish	MATCHED	n540389712	50.3	0.24	Wilster				LINESTRING(9.384061 53.926291,9.383295 53.926294600000006)
1304	Winseldorf	Hauptstraße	de:01061:100337::1	53.956742	9.610012	bus	MATCHED	n5227216103	4.3	0.82	Winseldorf, Hauptstraße	785	Oesau Kreuzung	Oesau, Kreuzung	LINESTRING(9.610012 53.956742,9.6100186 53.95678040000001)
1305	Winseldorf	Hauptstraße	de:01061:100337::2	53.955865	9.607436	bus	MATCHED	n5058938724	4.9	0.8	Winseldorf, Hauptstraße	785	Hohenlockstedt Bahnhofstraße	Hohenlockstedt, Rathaus / Hohenlockstedt, Bahnhofstraße	LINESTRING(9.607436 53.955865,9.607484600000001 53.9558321)
1306	Winseldorf	Oberstraße	de:01061:100336::1	53.944363	9.606796		MATCHED	n2597600199	5.1	0.64	Winseldorf, Oberstraße			Lohbarbek	LINESTRING(9.606796 53.944363,9.6068653 53.9443835)
1307	Winseldorf	Oberstraße	de:01061:100336::2	53.94445	9.606838		MATCHED	n5227216102	1.9	0.8	Winseldorf, Oberstraße			Oesau, Kreuzung	LINESTRING(9.606838 53.94445,9.6068459 53.9444333)
1308	Wittenbergen	Alte Schule	de:01061:100716::1	53.933416	9.680061		MATCHED	n5994164688	4.0	0.69	Wittenbergen, Alte Schule			Wittenbergen, Mühlenstraße 3	LINESTRING(9.680061 53.933416,9.6801098 53.933437500000004)
1309	Wittenbergen	Alte Schule	de:01061:100716::2	53.933513	9.680047		MATCHED	n5994164687	0.7	0.89	Wittenbergen, Alte Schule			Wittenbergen, Mühlenstraße 34	LINESTRING(9.680047 53.933513,9.680053500000001 53.9335077)
1310	Wittenbergen	Mühlenstraße 3	de:01061:100715::1	53.93347	9.687027		MATCHED	n4263587449	1.8	0.79	Wittenbergen, Mühlenstraße 3			Wittenbergen, Alte Schule	LINESTRING(9.687027 53.93347,9.6870043 53.9334787)
1311	Wittenbergen	Mühlenstraße 3	de:01061:100715::2	53.93338	9.687492		MATCHED	n3993943166	3.8	0.68	Wittenbergen, Mühlenstraße 3			Kellinghusen, Grönhude	LINESTRING(9.687492 53.93338,9.687435 53.9333759)
1312	Wittenbergen	Mühlenstraße 34	de:01061:100714::1	53.928598	9.670061		MATCHED	n4919782988	1.5	0.81	Wittenbergen, Mühlenstraße 34			Breitenberg, Feuerwehr	LINESTRING(9.670061 53.928598,9.6700592 53.928611100000005)
1313	Wittenbergen	Mühlenstraße 34	de:01061:100714::2	53.928647	9.670229		MATCHED	n4919782987	19.9	0.32	Wittenbergen, Mühlenstraße 34			Wittenbergen, Alte Schule	LINESTRING(9.670229 53.928647,9.670519200000001 53.9286995)
1314	Wrist	Am Sportplatz	de:01061:101826::1	53.930939	9.753424	bus	MATCHED	n4263608801	2.4	0.81	Wrist Am Sportplatz	7500,7503	Wrist Bahnhof / Wrist Königsberger Straße	Wrist Königsberger Straße	LINESTRING(9.753424 53.930939,9.7534606 53.9309409)
1315	Wrist	Am Sportplatz	de:01061:101826::2	53.930844	9.75314		MATCHED	n4263608800	5.3	0.63	Wrist Am Sportplatz			Wrist Königsberger Straße	LINESTRING(9.75314 53.930844,9.7530596 53.930844500000006)
1316	Wrist	Bahnhof	de:01061:101827::1	53.931356	9.747427	bus	NO_MATCH_BUT_OTHER_PLATFORM_MATCHED					7500,7503	Wrist Am Sportplatz / Brokstedt Bahnhof / Bf. Elmshorn (ZOB)		POINT(9.747427 53.931356)
1317	Wrist	Bahnhof	de:01061:101827::2	53.931406	9.74748		MATCHED	n567026689	2.3	0.78	Wrist, Bahnhof				LINESTRING(9.74748 53.931406,9.7474678 53.9314249)
1318	Wrist	Bahnhof	de:01061:101827::3	53.931181	9.74667		NO_MATCH_AND_SEEMS_UNSERVED								POINT(9.74667 53.931181)
1319	Wrist	Bahnhof	de:01061:101827::4	53.930689	9.745941		NO_MATCH_AND_SEEMS_UNSERVED								POINT(9.745941 53.930689)
1320	Wrist	Bahnhof	de:01061:101827::5	53.93074	9.746281		NO_MATCH_AND_SEEMS_UNSERVED								POINT(9.746281 53.93074)
1321	Wrist	Bahnhof	de:01061:101827::SEV	53.931148	9.7469		NO_MATCH_AND_SEEMS_UNSERVED								POINT(9.7469 53.931148)
1322	Wrist	Königsberger Straße	de:01061:101828::1	53.92946	9.760839	bus	MATCHED	n3777465113	7.2	0.74	Wrist Königsberger Straße	7500	Föhrden-Barl, Schulstraße	Föhrden-Barl, Schulstraße	LINESTRING(9.760839 53.92946,9.760731 53.9294688)
1323	Wrist	Königsberger Straße	de:01061:101828::2	53.929608	9.760396	bus	MATCHED_THOUGH_REVERSED_DIR	n3777465116	5.2	0.6	Wrist Königsberger Straße	7500	Wrist Am Sportplatz	Föhrden-Barl, Schulstraße	LINESTRING(9.760396 53.929608,9.7604734 53.92961570000001)
1324	Wrist	Schule	de:01061:101829::1	53.931859	9.753057		NO_MATCH_AND_SEEMS_UNSERVED								POINT(9.753057 53.931859)
1325	Wrist	Schule	de:01061:101829::2	53.931888	9.753124		MATCHED	n4971223449	95.8	0.07	Wrist, Siedlung				LINESTRING(9.753124 53.931888,9.7532368 53.932746900000005)
1326	Wrist	Siedlung	de:01061:101830::1	53.933083	9.757181		NO_MATCH_AND_SEEMS_UNSERVED								POINT(9.757181 53.933083)
1327	Wrist	Siedlung	de:01061:101830::2	53.933083	9.757181		NO_MATCH_AND_SEEMS_UNSERVED								POINT(9.757181 53.933083)
1328	Wrist	Wrist	de:01061:101825::1	53.932554	9.748398	train	MATCHED	n60245734	20.7	0.38	Wrist	RB71,RE7,RE70	Neumünster / Brokstedt / Dauenhof / Elmshorn	Brokstedt	LINESTRING(9.748398 53.932554,9.7485379 53.932720800000006)
1329	Wrist	Wrist	de:01061:101825::2	53.932512	9.748201		MATCHED	n1240000459	30.9	0.24	Wrist			Elmshorn	LINESTRING(9.748201 53.932512,9.748468 53.9327404)
1330	Wrist	Wrist	de:01061:101825::3	53.932475	9.748		MATCHED	n4572139179	40.3	0.2	Wrist				LINESTRING(9.748 53.932475,9.748258400000001 53.9328031)
1331	Wulfsmoor	Hauptstraße	de:01061:101873::1	53.910496	9.725313		MATCHED	n3777423127	15.2	0.2	Wulfsmoor				LINESTRING(9.725313 53.910496,9.7250846 53.9105196)
1332	Wulfsmoor	Hauptstraße	de:01061:101873::2	53.910636	9.724948		MATCHED	n3777423129	6.2	0.31	Wulfsmoor				LINESTRING(9.724948 53.910636,9.7250416 53.910627100000006)
