	Ortsteil	Haltestelle	globaleID	lat	lon	mode	match_state	osm_id	distance	rating	osm_name	routes	official_direction	osm_direction	WKT
0	Freiham	Möbel Höffner	de:09162:1765:1:1	48.134236	11.412907	bus	MATCHED	w375853307	2.5	1.0	Freiham Möbel Höffner	HEX	Pasing / Hans-Steinkohl-Straße	Pasing Bahnhof / Hans-Steinkohl-Straße	LINESTRING(11.412907 48.134236,11.412890732999779 48.13425521985752)
1	Hauptbahnhof (U	Tram)	de:09162:6:2:1	48.140213	11.561183	tram	MATCHED	n3796695311	5.1	0.61	Hauptbahnhof	16,17,19,N17,N19	Karlsplatz (Stachus) / Hauptbahnhof Nord / Karlsplatz (Stachus)		LINESTRING(11.561183 48.140213,11.561126000000002 48.1401869)
2	Hauptbahnhof (U	Tram)	de:09162:6:2:2	48.139775	11.560958	tram	MATCHED	n4325913381	5.9	0.58	Hauptbahnhof	16,17,19,20,21,N17,N19	Karlsplatz (Stachus) / Hauptbahnhof Süd	Karlsplatz (Stachus) / Hauptbahnhof Süd	LINESTRING(11.560958 48.139775,11.5610248 48.1398042)
3	Hauptbahnhof (U	Tram)	de:09162:6:2:5	48.140003	11.561246	tram	MATCHED	n9331589410	4.0	0.75	Hauptbahnhof	20,21,N20	Hauptbahnhof Nord	Hauptbahnhof Nord	LINESTRING(11.561246 48.140003,11.5612095 48.1399762)
4	Hauptbahnhof (U	Tram)	de:09162:6:31:41	48.14125	11.561408		MATCHED	n3796906057	4.0	1.0	Hauptbahnhof, Elisenhof				LINESTRING(11.561408 48.14125,11.561401700000001 48.1412143)
5	Hauptbahnhof (U	Tram)	de:09162:6:32:72	48.139439	11.561668		NO_MATCH_AND_SEEMS_UNSERVED								POINT(11.561668 48.139439)
6	Hauptbahnhof (U	Tram)	de:09162:6:33:43	48.139781	11.561282		MATCHED	n344321466	23.9	0.29	Hauptbahnhof			Hauptbahnhof Nord / Karlsplatz (Stachus)	LINESTRING(11.561282 48.139781,11.5610935 48.1399545)
7	Hauptbahnhof (U	Tram)	de:09162:6:34:74	48.14092	11.561803		NO_MATCH_AND_SEEMS_UNSERVED								POINT(11.561803 48.14092)
8	Hauptbahnhof (U	Tram)	de:09162:6:35:45	48.141831	11.558174		MATCHED	n6864673998	6.7	1.0	München Hauptbahnhof				LINESTRING(11.558174 48.141831,11.558249 48.141797200000006)
9	Hauptbahnhof (U	Tram)	de:09162:6:36:46	48.141436	11.558946		NO_MATCH_AND_SEEMS_UNSERVED								POINT(11.558946 48.141436)
10	Hauptbahnhof (U	Tram)	de:09162:6:37:77	48.140201	11.561318		NO_MATCH_AND_SEEMS_UNSERVED								POINT(11.561318 48.140201)
11	Hauptbahnhof (U	Tram)	de:09162:6:3:3	48.140189	11.560851		NO_MATCH_AND_SEEMS_UNSERVED								POINT(11.560851 48.140189)
12	Hauptbahnhof (U	Tram)	de:09162:6:4:4	48.140746	11.560976		NO_MATCH_AND_SEEMS_UNSERVED								POINT(11.560976 48.140746)
13	Hauptbahnhof (U	Tram)	de:09162:6:51:51	48.140027	11.56112	light_rail	MATCHED	n2665022805	1.9	0.87	Hauptbahnhof	U2,U8	Königsplatz		LINESTRING(11.56112 48.140027,11.5611002 48.140016900000006)
14	Hauptbahnhof (U	Tram)	de:09162:6:51:53	48.140027	11.561246	light_rail	MATCHED	n2665022802	2.6	0.83	Hauptbahnhof	U1,U7	Stiglmaierplatz		LINESTRING(11.561246 48.140027,11.5612674 48.140008400000006)
15	Hauptbahnhof (U	Tram)	de:09162:6:52:52	48.140033	11.561012	light_rail	MATCHED	n2665022810	3.1	0.81	Hauptbahnhof	U2,U8	Sendlinger Tor		LINESTRING(11.561012 48.140033,11.5610481 48.1400196)
16	Hauptbahnhof (U	Tram)	de:09162:6:52:54	48.140045	11.560887	light_rail	MATCHED	n2441182955	2.0	0.87	Hauptbahnhof	U1,U7	Sendlinger Tor		LINESTRING(11.560887 48.140045,11.5608904 48.1400276)
17	Hauptbahnhof (U	Tram)	de:09162:6:55:55	48.139349	11.55997	light_rail	MATCHED	n2441182954	29.8	0.33	Hauptbahnhof	U4,U5	Theresienwiese		LINESTRING(11.55997 48.139349,11.5603671 48.139380100000004)
18	Hauptbahnhof (U	Tram)	de:09162:6:55:56	48.139259	11.559979	light_rail	MATCHED	n2535330538	7.7	0.63	Hauptbahnhof	U4,U5	Karlsplatz (Stachus) / Theresienwiese		LINESTRING(11.559979 48.139259,11.5600769 48.139237400000006)
19	München	AGK Truck & Bus GmbH	de:09162:20091:0:AGK1	48.141801	11.737064		NO_MATCH_AND_SEEMS_UNSERVED								POINT(11.737064 48.141801)
20	München	AGK Truck & Bus GmbH	de:09162:20091:0:AGK2	48.141807	11.737226		NO_MATCH_AND_SEEMS_UNSERVED								POINT(11.737226 48.141807)
21	München	Aberlestraße	de:09162:1131:2:2	48.122562	11.545391	bus	MATCHED	w369716788	6.3	1.0	Aberlestraße	132	Senserstraße	Senserstraße	LINESTRING(11.545391 48.122562,11.545331332908058 48.122522293634255)
22	München	Aberlestraße	de:09162:1131:31:71	48.122706	11.545112	bus	MATCHED	n11766369281	8.7	0.7	Aberlestraße	N40,N41	Poccistraße	Poccistraße	LINESTRING(11.545112 48.122706,11.545053600000001 48.122774)
23	München	Aberlestraße	de:09162:1131:3:3	48.122274	11.543522	bus	MATCHED	w369716787	2.8	1.0	Aberlestraße	132,N40,N41	Margaretenplatz	Margaretenplatz	LINESTRING(11.543522 48.122274,11.543484699100777 48.12227420187038)
24	München	Abstellanl. Münchner Freiheit	de:09162:9818:57:57	48.159517	11.585384	trainish	NO_MATCH_AND_SEEMS_UNSERVED								POINT(11.585384 48.159517)
25	München	Abstellanl. Münchner Freiheit	de:09162:9818:58:58	48.165012	11.588609	trainish	NO_MATCH_AND_SEEMS_UNSERVED								POINT(11.588609 48.165012)
26	München	Abstellanl. Münchner Freiheit	de:09162:9818:59:59	48.165048	11.588537	trainish	NO_MATCH_AND_SEEMS_UNSERVED								POINT(11.588537 48.165048)
27	München	Abstellanl. Neuperlach Zentrum	de:09162:9819:57:57	48.099254	11.6454	trainish	NO_MATCH_AND_SEEMS_UNSERVED								POINT(11.6454 48.099254)
28	München	Abstellanl. Odeonsplatz U3/U6	de:09162:9820:57:57	48.145254	11.578799	trainish	NO_MATCH_AND_SEEMS_UNSERVED								POINT(11.578799 48.145254)
29	München	Abstellanl. Odeonsplatz U4/U5	de:09162:9821:57:57	48.142041	11.580281	trainish	NO_MATCH_AND_SEEMS_UNSERVED								POINT(11.580281 48.142041)
30	München	Abstellanl. Sendl. Tor U1/U2	de:09162:9829:57:57	48.131328	11.571037	trainish	NO_MATCH_AND_SEEMS_UNSERVED								POINT(11.571037 48.131328)
31	München	Abstellanl. Sendl. Tor U3/U6	de:09162:9831:57:57	48.132023	11.563572	trainish	NO_MATCH_AND_SEEMS_UNSERVED								POINT(11.563572 48.132023)
32	München	Abstellanlage Alte Heide	de:09162:9800:57:57	48.180283	11.604392	trainish	NO_MATCH_AND_SEEMS_UNSERVED								POINT(11.604392 48.180283)
33	München	Abstellanlage Ammerseestraße	de:09162:9900:1:1	48.125992	11.500017		NO_MATCH_AND_SEEMS_UNSERVED								POINT(11.500017 48.125992)
34	München	Abstellanlage Ammerseestraße	de:09162:9900:2:2	48.12604	11.500124		NO_MATCH_AND_SEEMS_UNSERVED								POINT(11.500124 48.12604)
35	München	Abstellanlage Arabellapark	de:09162:9801:57:57	48.153675	11.627676	trainish	NO_MATCH_AND_SEEMS_UNSERVED								POINT(11.627676 48.153675)
36	München	Abstellanlage Arabellapark	de:09162:9801:57:58	48.153723	11.627676	trainish	NO_MATCH_AND_SEEMS_UNSERVED								POINT(11.627676 48.153723)
37	München	Abstellanlage Arabellapark	de:09162:9801:57:59	48.153639	11.627667	trainish	NO_MATCH_AND_SEEMS_UNSERVED								POINT(11.627667 48.153639)
38	München	Abstellanlage Betriebshof Nord	de:09162:9803:57:103	48.208008	11.615037		NO_MATCH_AND_SEEMS_UNSERVED								POINT(11.615037 48.208008)
39	München	Abstellanlage Betriebshof Nord	de:09162:9803:57:104	48.208032	11.614974		NO_MATCH_AND_SEEMS_UNSERVED								POINT(11.614974 48.208032)
40	München	Abstellanlage Betriebshof Nord	de:09162:9803:57:31	48.210834	11.616501	trainish	NO_MATCH_AND_SEEMS_UNSERVED								POINT(11.616501 48.210834)
41	München	Abstellanlage Betriebshof Nord	de:09162:9803:57:57	48.210756	11.616879	trainish	NO_MATCH_AND_SEEMS_UNSERVED								POINT(11.616879 48.210756)
42	München	Abstellanlage Betriebshof Nord	de:09162:9803:59:30	48.210852	11.616447	trainish	MATCHED_THOUGH_NAMES_DIFFER	w245215108	114.2	0.05	Fröttmaning				LINESTRING(11.616447 48.210852,11.616582249441487 48.21187454499623)
43	München	Abstellanlage Betriebshof Nord	de:09162:9803:59:32	48.210828	11.616555	trainish	NO_MATCH_AND_SEEMS_UNSERVED								POINT(11.616555 48.210828)
44	München	Abstellanlage Betriebshof Nord	de:09162:9803:59:33	48.210816	11.616609	trainish	NO_MATCH_AND_SEEMS_UNSERVED								POINT(11.616609 48.210816)
45	München	Abstellanlage Betriebshof Nord	de:09162:9803:59:34	48.210798	11.616663	trainish	NO_MATCH_AND_SEEMS_UNSERVED								POINT(11.616663 48.210798)
46	München	Abstellanlage Betriebshof Nord	de:09162:9803:59:35	48.210786	11.616726	trainish	NO_MATCH_AND_SEEMS_UNSERVED								POINT(11.616726 48.210786)
47	München	Abstellanlage Betriebshof Nord	de:09162:9803:59:36	48.210774	11.616771	trainish	NO_MATCH_AND_SEEMS_UNSERVED								POINT(11.616771 48.210774)
48	München	Abstellanlage Betriebshof Nord	de:09162:9803:59:37	48.210768	11.616825	trainish	NO_MATCH_AND_SEEMS_UNSERVED								POINT(11.616825 48.210768)
49	München	Abstellanlage Betriebshof Nord	de:09162:9803:60:39	48.210744	11.616932	trainish	NO_MATCH_AND_SEEMS_UNSERVED								POINT(11.616932 48.210744)
50	München	Abstellanlage Betriebshof Nord	de:09162:9803:60:40	48.210732	11.616995	trainish	NO_MATCH_AND_SEEMS_UNSERVED								POINT(11.616995 48.210732)
51	München	Abstellanlage Betriebshof Nord	de:09162:9803:60:41	48.21072	11.61704	trainish	NO_MATCH_AND_SEEMS_UNSERVED								POINT(11.61704 48.21072)
52	München	Abstellanlage Betriebshof Nord	de:09162:9803:60:42	48.210708	11.617094	trainish	MATCHED	n3875391859	107.2	0.04	Busbahnhof Fröttmaning				LINESTRING(11.617094 48.210708,11.6185009 48.2109189)
53	München	Abstellanlage Domagkstraße	de:09162:9904:1:1	48.181762	11.589687		NO_MATCH_AND_SEEMS_UNSERVED								POINT(11.589687 48.181762)
54	München	Abstellanlage Domagkstraße	de:09162:9904:2:2	48.181762	11.589749		NO_MATCH_AND_SEEMS_UNSERVED								POINT(11.589749 48.181762)
55	München	Abstellanlage Dülferstraße	de:09162:9806:57:57	48.210774	11.567372	trainish	NO_MATCH_AND_SEEMS_UNSERVED								POINT(11.567372 48.210774)
56	München	Abstellanlage Dülferstraße	de:09162:9806:57:58	48.210822	11.567453	trainish	NO_MATCH_AND_SEEMS_UNSERVED								POINT(11.567453 48.210822)
57	München	Abstellanlage Feldmoching	de:09162:9807:57:57	48.214132	11.537396	trainish	NO_MATCH_AND_SEEMS_UNSERVED								POINT(11.537396 48.214132)
58	München	Abstellanlage Feldmoching	de:09162:9807:57:58	48.214174	11.537414	trainish	NO_MATCH_AND_SEEMS_UNSERVED								POINT(11.537414 48.214174)
59	München	Abstellanlage Fröttmaning	de:09162:9808:57:57	48.218502	11.620409	trainish	NO_MATCH_AND_SEEMS_UNSERVED								POINT(11.620409 48.218502)
60	München	Abstellanlage Fröttmaning	de:09162:9808:57:58	48.21849	11.620463	trainish	NO_MATCH_AND_SEEMS_UNSERVED								POINT(11.620463 48.21849)
61	München	Abstellanlage Fröttmaning	de:09162:9808:57:59	48.218514	11.620355	trainish	NO_MATCH_AND_SEEMS_UNSERVED								POINT(11.620355 48.218514)
62	München	Abstellanlage Fürstenried West	de:09162:9809:57:57	48.089156	11.475547	trainish	NO_MATCH_AND_SEEMS_UNSERVED								POINT(11.475547 48.089156)
63	München	Abstellanlage Fürstenried West	de:09162:9809:57:58	48.089102	11.475529	trainish	NO_MATCH_AND_SEEMS_UNSERVED								POINT(11.475529 48.089102)
64	München	Abstellanlage Fürstenried West	de:09162:9809:57:59	48.089216	11.475556	trainish	NO_MATCH_AND_SEEMS_UNSERVED								POINT(11.475556 48.089216)
65	München	Abstellanlage Harras	de:09162:9810:57:57	48.116859	11.532679	trainish	NO_MATCH_AND_SEEMS_UNSERVED								POINT(11.532679 48.116859)
66	München	Abstellanlage Hauptbahnhof	de:09162:9811:57:57	48.143869	11.56253	trainish	NO_MATCH_AND_SEEMS_UNSERVED								POINT(11.56253 48.143869)
67	München	Abstellanlage Kieferngarten	de:09162:9812:57:57	48.207667	11.614624	trainish	NO_MATCH_AND_SEEMS_UNSERVED								POINT(11.614624 48.207667)
68	München	Abstellanlage Klinikum Großh. 	de:09162:9813:57:57	48.108324	11.468701	trainish	NO_MATCH_AND_SEEMS_UNSERVED								POINT(11.468701 48.108324)
69	München	Abstellanlage Klinikum Großh. 	de:09162:9813:57:58	48.10827	11.46871	trainish	NO_MATCH_AND_SEEMS_UNSERVED								POINT(11.46871 48.10827)
70	München	Abstellanlage Klinikum Großh. 	de:09162:9813:57:59	48.108384	11.468683	trainish	NO_MATCH_AND_SEEMS_UNSERVED								POINT(11.468683 48.108384)
71	München	Abstellanlage Kolumbusplatz	de:09162:9814:57:57	48.122921	11.575817	trainish	NO_MATCH_AND_SEEMS_UNSERVED								POINT(11.575817 48.122921)
72	München	Abstellanlage Laimer Platz	de:09162:9815:57:57	48.135651	11.49849	trainish	NO_MATCH_AND_SEEMS_UNSERVED								POINT(11.49849 48.135651)
73	München	Abstellanlage Laimer Platz	de:09162:9815:57:58	48.135711	11.498499	trainish	NO_MATCH_AND_SEEMS_UNSERVED								POINT(11.498499 48.135711)
74	München	Abstellanlage Laimer Platz	de:09162:9815:57:59	48.135603	11.498481	trainish	NO_MATCH_AND_SEEMS_UNSERVED								POINT(11.498481 48.135603)
75	München	Abstellanlage Mangfallplatz	de:09162:9816:57:57	48.095618	11.575718	trainish	NO_MATCH_AND_SEEMS_UNSERVED								POINT(11.575718 48.095618)
76	München	Abstellanlage Mangfallplatz	de:09162:9816:57:58	48.09557	11.575754	trainish	NO_MATCH_AND_SEEMS_UNSERVED								POINT(11.575754 48.09557)
77	München	Abstellanlage Mangfallplatz	de:09162:9816:57:59	48.095666	11.575664	trainish	NO_MATCH_AND_SEEMS_UNSERVED								POINT(11.575664 48.095666)
78	München	Abstellanlage Messestadt	de:09162:9817:57:21	48.133498	11.708776	trainish	NO_MATCH_AND_SEEMS_UNSERVED								POINT(11.708776 48.133498)
79	München	Abstellanlage Messestadt	de:09162:9817:57:22	48.133324	11.708785	trainish	NO_MATCH_AND_SEEMS_UNSERVED								POINT(11.708785 48.133324)
80	München	Abstellanlage Messestadt	de:09162:9817:57:24	48.133384	11.708785	trainish	NO_MATCH_AND_SEEMS_UNSERVED								POINT(11.708785 48.133384)
81	München	Abstellanlage Messestadt	de:09162:9817:57:57	48.133438	11.708785	trainish	NO_MATCH_AND_SEEMS_UNSERVED								POINT(11.708785 48.133438)
82	München	Abstellanlage Messestadt	de:09162:9817:58:58	48.133402	11.697808	trainish	NO_MATCH_AND_SEEMS_UNSERVED								POINT(11.697808 48.133402)
83	München	Abstellanlage Messestadt	de:09162:9817:59:59	48.133432	11.694071		NO_MATCH_AND_SEEMS_UNSERVED								POINT(11.694071 48.133432)
84	München	Abstellanlage Milbertshofen	de:09162:9828:57:57	48.183475	11.57296	trainish	NO_MATCH_AND_SEEMS_UNSERVED								POINT(11.57296 48.183475)
85	München	Abstellanlage Milbertshofen	de:09162:9828:58:58	48.184308	11.572897	trainish	NO_MATCH_AND_SEEMS_UNSERVED								POINT(11.572897 48.184308)
86	München	Abstellanlage Moosach	de:09162:9830:57:57	48.18078	11.503574	trainish	NO_MATCH_AND_SEEMS_UNSERVED								POINT(11.503574 48.18078)
87	München	Abstellanlage Moosach	de:09162:9830:57:58	48.180852	11.503556	trainish	NO_MATCH_AND_SEEMS_UNSERVED								POINT(11.503556 48.180852)
88	München	Abstellanlage Moosach	de:09162:9830:57:59	48.18069	11.503583	trainish	NO_MATCH_AND_SEEMS_UNSERVED								POINT(11.503583 48.18069)
89	München	Abstellanlage OEZ	de:09162:9822:57:57	48.184373	11.531781	trainish	NO_MATCH_AND_SEEMS_UNSERVED								POINT(11.531781 48.184373)
90	München	Abstellanlage OEZ	de:09162:9822:57:58	48.184391	11.531727	trainish	NO_MATCH_AND_SEEMS_UNSERVED								POINT(11.531727 48.184391)
91	München	Abstellanlage Oberwiesenfeld	de:09162:9832:57:57	48.18605	11.543872	trainish	NO_MATCH_AND_SEEMS_UNSERVED								POINT(11.543872 48.18605)
92	München	Abstellanlage Olympiazentrum	de:09162:9823:57:57	48.182762	11.553691	trainish	NO_MATCH_AND_SEEMS_UNSERVED								POINT(11.553691 48.182762)
93	München	Abstellanlage Olympiazentrum	de:09162:9823:57:58	48.18275	11.553637	trainish	NO_MATCH_AND_SEEMS_UNSERVED								POINT(11.553637 48.18275)
94	München	Abstellanlage Orpheusstraße	de:09162:9902:1:1	48.170482	11.528637		NO_MATCH_AND_SEEMS_UNSERVED								POINT(11.528637 48.170482)
95	München	Abstellanlage Rotkreuzplatz	de:09162:9824:57:57	48.156455	11.531601	trainish	NO_MATCH_AND_SEEMS_UNSERVED								POINT(11.531601 48.156455)
96	München	Abstellanlage Schwabing Nord	de:09162:9903:1:1	48.186098	11.590926		NO_MATCH_AND_SEEMS_UNSERVED								POINT(11.590926 48.186098)
97	München	Abstellanlage Schwabing Nord	de:09162:9903:2:2	48.18608	11.591115		NO_MATCH_AND_SEEMS_UNSERVED								POINT(11.591115 48.18608)
98	München	Abstellanlage Stegener Weg	de:09162:9901:1:1	48.126159	11.50617		NO_MATCH_AND_SEEMS_UNSERVED								POINT(11.50617 48.126159)
99	München	Abstellanlage Stegener Weg	de:09162:9901:2:2	48.126147	11.50608		NO_MATCH_AND_SEEMS_UNSERVED								POINT(11.50608 48.126147)
100	München	Abstellanlage Thalkirchen	de:09162:9802:57:57	48.108414	11.546118	trainish	NO_MATCH_AND_SEEMS_UNSERVED								POINT(11.546118 48.108414)
101	München	Abstellanlage Thalkirchen	de:09162:9802:58:58	48.111425	11.548328		NO_MATCH_AND_SEEMS_UNSERVED								POINT(11.548328 48.111425)
102	München	Abstellanlage Theresienwiese	de:09162:9825:57:57	48.133936	11.549433	trainish	NO_MATCH_AND_SEEMS_UNSERVED								POINT(11.549433 48.133936)
103	München	Abstellanlage Westendstraße	de:09162:9827:57:57	48.134883	11.518082	trainish	NO_MATCH_AND_SEEMS_UNSERVED								POINT(11.518082 48.134883)
104	München	Abstellanlage Westendstraße	de:09162:9827:58:58	48.134967	11.516312	trainish	NO_MATCH_AND_SEEMS_UNSERVED								POINT(11.516312 48.134967)
105	München	Abstellanlage Westfriedhof	de:09162:9826:57:57	48.172651	11.528538	trainish	NO_MATCH_AND_SEEMS_UNSERVED								POINT(11.528538 48.172651)
106	München	Abtstraße	de:09162:407:1:1	48.184176	11.578574	bus	MATCHED	w390071259	2.1	1.0	Abtstraße	150,50	Domagkstraße West	Domagkstraße West	LINESTRING(11.578574 48.184176,11.57859906211226 48.184168184958764)
107	München	Abtstraße	de:09162:407:2:2	48.184284	11.578934	bus	MATCHED	w390071260	2.2	1.0	Abtstraße	150,50	Milbertshofener Straße	Milbertshofener Straße	LINESTRING(11.578934 48.184284,11.578961896324719 48.18427773784103)
108	München	Achatstraße	de:09162:1971:1:1	48.216694	11.489156		NO_MATCH_AND_SEEMS_UNSERVED								POINT(11.489156 48.216694)
109	München	Ackermannbogen	de:09162:294:1:1	48.165006	11.556287	bus	MATCHED	w372415484	3.6	1.0	Ackermannbogen	59	Georg-Birk-Straße	Georg-Birk-Straße	LINESTRING(11.556287 48.165006,11.556331220680276 48.16501944688188)
110	München	Ackermannbogen	de:09162:294:1:2	48.16509	11.556206		NO_MATCH_AND_SEEMS_UNSERVED								POINT(11.556206 48.16509)
111	München	Ackermannbogen	de:09162:294:3:3	48.164994	11.555524	bus	MATCHED	n10088334050	34.3	1.0	Ackermannbogen	59			LINESTRING(11.555524 48.164994,11.5550624 48.1649995)
112	München	Ackermannstraße	de:09162:309:1:1	48.168289	11.565019	tram	MATCHED	n1077641221	6.4	0.67	Ackermannstraße	27,N27	Gartenstraße	Gartenstraße	LINESTRING(11.565019 48.168289,11.564968400000001 48.168243000000004)
113	München	Ackermannstraße	de:09162:309:2:2	48.167517	11.564839	tram	MATCHED	n1562622990	9.6	0.59	Ackermannstraße	27,N27	Herzogstraße	Herzogstraße	LINESTRING(11.564839 48.167517,11.564882 48.1675982)
114	München	Ackermannstraße	de:09162:309:31:21	48.168277	11.565162		NO_MATCH_AND_SEEMS_UNSERVED								POINT(11.565162 48.168277)
115	München	Ackermannstraße	de:09162:309:32:22	48.167576	11.564704		NO_MATCH_AND_SEEMS_UNSERVED								POINT(11.564704 48.167576)
116	München	Ackermannstraße	de:09162:309:33:73	48.168158	11.564722		NO_MATCH_AND_SEEMS_UNSERVED								POINT(11.564722 48.168158)
117	München	Ackermannstraße	de:09162:309:34:34	48.168805	11.565109		NO_MATCH_AND_SEEMS_UNSERVED								POINT(11.565109 48.168805)
118	München	Ackermannstraße	de:09162:309:3:3	48.16778	11.56545	bus	MATCHED	w372415475	5.6	1.0	Ackermannstraße	144	Angererstraße	Angererstraße	LINESTRING(11.56545 48.16778,11.565375274923209 48.16777819907181)
119	München	Ackermannstraße	de:09162:309:4:4	48.167924	11.56545	bus	MATCHED	w372415476	10.2	1.0	Ackermannstraße	144	Deidesheimer Straße	Deidesheimer Straße	LINESTRING(11.56545 48.167924,11.565587579805355 48.16792732067192)
120	München	Adilostraße	de:09162:1047:1:1	48.10638	11.62128	bus	MATCHED	w293408201	12.4	1.0	Adilostraße	55,N45	Woferlstraße	Woferlstraße	LINESTRING(11.62128 48.10638,11.62134334799475 48.106276880194415)
121	München	Adilostraße	de:09162:1047:2:2	48.106254	11.621119	bus	MATCHED	w293408202	8.5	1.0	Adilostraße	55,N45	Weddigenstraße	Weddigenstraße	LINESTRING(11.621119 48.106254,11.621218465011214 48.10621584079208)
122	München	Adunistraße	de:09162:1321:1:1	48.109295	11.534359	bus	MATCHED	w376756181	0.8	1.0	Adunistraße	53,N41	Johann-Clanze-Straße	Johann-Clanze-Straße	LINESTRING(11.534359 48.109295,11.534348419546573 48.10929611469221)
123	München	Adunistraße	de:09162:1321:2:2	48.109667	11.534117	bus	MATCHED	w376756180	30.7	1.0	Adunistraße	53,N41	Schneemannstraße	Schneemannstraße	LINESTRING(11.534117 48.109667,11.5340954 48.109942400000016)
124	München	Adunistraße	de:09162:1321:31:71	48.108744	11.534153		NO_MATCH_AND_SEEMS_UNSERVED								POINT(11.534153 48.108744)
125	München	Adunistraße	de:09162:1321:3:3	48.108714	11.534278		NO_MATCH_AND_SEEMS_UNSERVED								POINT(11.534278 48.108714)
126	München	Agnes-Bernauer-Platz	de:09162:1604:1:1	48.139769	11.496558	tram	MATCHED	n846787365	7.9	0.63	Agnes-Bernauer-Platz	14,19,N19	Fürstenrieder Straße / Fürstenrieder Straße	Fürstenrieder Straße	LINESTRING(11.496558 48.139769,11.496663400000001 48.139775400000005)
127	München	Agnes-Bernauer-Platz	de:09162:1604:2:2	48.139955	11.495534	tram	MATCHED	n1649452448	8.5	0.62	Agnes-Bernauer-Platz	14,19,N19	Willibaldplatz	Willibaldplatz	LINESTRING(11.495534 48.139955,11.4954253 48.139933000000006)
128	München	Agnes-Bernauer-Platz	de:09162:1604:31:21	48.139703	11.49628		NO_MATCH_AND_SEEMS_UNSERVED								POINT(11.49628 48.139703)
129	München	Agnes-Bernauer-Platz	de:09162:1604:32:22	48.140003	11.495678		MATCHED	n10639670142	3.7	1.0	Agnes-Bernauer-Platz				LINESTRING(11.495678 48.140003,11.4956309 48.1399928)
130	München	Agnes-Bernauer-Platz	de:09162:1604:33:73	48.139457	11.495831		NO_MATCH_AND_SEEMS_UNSERVED								POINT(11.495831 48.139457)
131	München	Agnes-Bernauer-Straße	de:09162:1204:1:1	48.139373	11.510734	tram	MATCHED	n1100959024	3.1	0.79	Agnes-Bernauer-Straße	19,N19	Lautensackstraße	Lautensackstraße	LINESTRING(11.510734 48.139373,11.5107023 48.1393904)
132	München	Agnes-Bernauer-Straße	de:09162:1204:2:2	48.139319	11.511533	tram	MATCHED	n1688742786	3.8	0.76	Agnes-Bernauer-Straße	19,N19	Fürstenrieder Straße	Fürstenrieder Straße	LINESTRING(11.511533 48.139319,11.5115599 48.139290300000006)
133	München	Agnes-Bernauer-Straße	de:09162:1204:31:71	48.139188	11.510904		NO_MATCH_AND_SEEMS_UNSERVED								POINT(11.510904 48.139188)
134	München	Agnes-Bernauer-Straße	de:09162:1204:32:42	48.139307	11.510428		NO_MATCH_AND_SEEMS_UNSERVED								POINT(11.510428 48.139307)
135	München	Agnes-Bernauer-Straße	de:09162:1204:33:73	48.139116	11.511012		NO_MATCH_AND_SEEMS_UNSERVED								POINT(11.511012 48.139116)
136	München	Agnes-Bernauer-Straße	de:09162:1204:34:74	48.13866	11.513617		NO_MATCH_AND_SEEMS_UNSERVED								POINT(11.513617 48.13866)
137	München	Agnes-Bernauer-Straße	de:09162:1204:3:3	48.139385	11.51165	bus	MATCHED	w459331191	3.2	1.0	Agnes-Bernauer-Straße	130,157	Schäufeleinstraße	Schäufeleinstraße	LINESTRING(11.51165 48.139385,11.511612009897654 48.13939825165535)
138	München	Agnes-Bernauer-Straße	de:09162:1204:4:4	48.139146	11.511722	bus	MATCHED	w459331190	5.4	1.0	Agnes-Bernauer-Straße	130,157	Siglstraße	Siglstraße	LINESTRING(11.511722 48.139146,11.511784011285492 48.139120951358485)
139	München	Aichacher Straße	de:09162:1319:1:1	48.104497	11.517273		MATCHED	n10578894896	7.7	1.0	Aichacher Straße				LINESTRING(11.517273 48.104497,11.517174800000001 48.104474200000006)
140	München	Aichacher Straße	de:09162:1319:2:2	48.104863	11.518432	bus	MATCHED	w369932177	0.9	1.0	Aichacher Straße	132,151	Höglwörther Straße	Höglwörther Straße	LINESTRING(11.518432 48.104863,11.51842205 48.10486765)
141	München	Aichacher Straße	de:09162:1319:3:3	48.105007	11.518351	bus	MATCHED	w369932178	3.3	1.0	Aichacher Straße	132,151	Südpark	Südpark	LINESTRING(11.518351 48.105007,11.518365747024763 48.1049791879663)
142	München	Aidenbachstraße	de:09162:1460:1:1	48.098096	11.524083		MATCHED	w376756182	11.8	1.0	Aidenbachstraße				LINESTRING(11.524083 48.098096,11.524037400752846 48.0979944064697)
143	München	Aidenbachstraße	de:09162:1460:1:3	48.097994	11.523858	bus	MATCHED	w157188735	8.3	1.0	Aidenbachstraße	136,53,63,N41	Ratzingerplatz	Ratzingerplatz / Hofmannstraße	LINESTRING(11.523858 48.097994,11.523812798582505 48.09792610181125)
144	München	Aidenbachstraße	de:09162:1460:2:2	48.09761	11.524038	bus	MATCHED	w157188736	2.4	1.0	Aidenbachstraße	53	Kistlerhofstraße	Kistlerhofstraße / Roche West / Neurieder Straße	LINESTRING(11.524038 48.09761,11.52400552080816 48.09761229597204)
145	München	Aidenbachstraße	de:09162:1460:31:71	48.09734	11.523912		NO_MATCH_AND_SEEMS_UNSERVED								POINT(11.523912 48.09734)
146	München	Aidenbachstraße	de:09162:1460:32:72	48.097268	11.524118		NO_MATCH_AND_SEEMS_UNSERVED								POINT(11.524118 48.097268)
147	München	Aidenbachstraße	de:09162:1460:4:4	48.09797	11.524361	bus	MATCHED_AMBIGUOUSLY	w157188734	10.8	1.0	Aidenbachstraße	63	Kistlerhofstraße	Ratzingerplatz	LINESTRING(11.524361 48.09797,11.524218335389957 48.09798815157164)
148	München	Aidenbachstraße	de:09162:1460:4:4	48.09797	11.524361	bus	MATCHED_AMBIGUOUSLY	w157188732	1.7	1.0	Aidenbachstraße	63	Kistlerhofstraße	Kistlerhofstraße	LINESTRING(11.524361 48.09797,11.524360979272815 48.097985654784345)
149	München	Aidenbachstraße	de:09162:1460:4:6	48.098096	11.524271	bus	NO_MATCH_BUT_OTHER_PLATFORM_MATCHED					51	Ratzingerplatz / Ratzingerplatz		POINT(11.524271 48.098096)
150	München	Aidenbachstraße	de:09162:1460:51:51	48.09785	11.525143	light_rail	MATCHED	n1767294515	2.5	0.84	Aidenbachstraße	U3	Machtlfinger Straße / Obersendling		LINESTRING(11.525143 48.09785,11.525152700000001 48.097828400000004)
151	München	Aidenbachstraße	de:09162:1460:51:52	48.09791	11.525169	light_rail	MATCHED	n2650093553	5.8	0.69	Aidenbachstraße	U3	Machtlfinger Straße		LINESTRING(11.525169 48.09791,11.5252165 48.097951200000004)
152	München	Aidenbachstraße	de:09162:1460:5:5	48.097562	11.524307	bus	MATCHED	w157188733	5.4	1.0	Aidenbachstraße	136	Kistlerhofstraße	Kistlerhofstraße	LINESTRING(11.524307 48.097562,11.524326007630224 48.0976088045717)
153	München	Aidenbachstraße	de:09162:1460:7:7	48.097838	11.523508	bus	MATCHED	w157188728	0.2	1.0	Aidenbachstraße	N41	Kistlerhofstraße	Kistlerhofstraße	LINESTRING(11.523508 48.097838,11.52351073239884 48.09783864888233)
154	München	Aidenbachstraße	de:09162:1460:99:10	48.097874	11.525161		NO_MATCH_AND_SEEMS_UNSERVED								POINT(11.525161 48.097874)
155	München	Aidenbachstraße	de:09162:1460:99:8	48.097874	11.525161		NO_MATCH_AND_SEEMS_UNSERVED								POINT(11.525161 48.097874)
156	München	Aidenbachstraße	de:09162:1460:99:9	48.097874	11.525161		NO_MATCH_AND_SEEMS_UNSERVED								POINT(11.525161 48.097874)
157	München	Aindorferstraße	de:09162:1518:1:1	48.131322	11.502658		MATCHED	w393388228	0.5	1.0	Aindorferstraße			Guido-Schneble-Straße / Ammerseestraße	LINESTRING(11.502658 48.131322,11.502660146961354 48.131326675518714)
158	München	Aindorferstraße	de:09162:1518:2:2	48.13137	11.503062		MATCHED	w393388229	1.5	1.0	Aindorferstraße			Laimer Platz	LINESTRING(11.503062 48.13137,11.503052872055065 48.13135795333594)
159	München	Aindorferstraße	de:09162:1518:31:71	48.130974	11.502298	bus	NO_MATCH_BUT_OTHER_PLATFORM_MATCHED					168,N78	Laimer Platz		POINT(11.502298 48.130974)
160	München	Aindorferstraße	de:09162:1518:32:72	48.130866	11.502622		NO_MATCH_AND_SEEMS_UNSERVED								POINT(11.502622 48.130866)
161	München	Aindorferstraße	de:09162:1518:33:73	48.131957	11.502712	bus	NO_MATCH_BUT_OTHER_PLATFORM_MATCHED					151,168,51,N78	Guido-Schneble-Straße / Ammerseestraße		POINT(11.502712 48.131957)
162	München	Aindorferstraße	de:09162:1518:34:74	48.131868	11.503026	bus	NO_MATCH_BUT_OTHER_PLATFORM_MATCHED					151,51	Laimer Platz		POINT(11.503026 48.131868)
163	München	Aindorferstraße	de:09162:1518:3:3	48.13125	11.5029	tram	NO_MATCH_BUT_OTHER_PLATFORM_MATCHED					14	Laimer Platz		POINT(11.5029 48.13125)
164	München	Aindorferstraße	de:09162:1518:4:4	48.1308	11.502783	tram	NO_MATCH_BUT_OTHER_PLATFORM_MATCHED					14	Ammerseestraße		POINT(11.502783 48.1308)
165	München	Aindorferstraße	de:09162:1518:99:3	48.131346	11.502873		NO_MATCH_AND_SEEMS_UNSERVED								POINT(11.502873 48.131346)
166	München	Albrechtstraße	de:09162:104:1:1	48.155598	11.540207		MATCHED	w309120821	16.5	1.0	Albrechtstraße	12,53,N44	Rotkreuzplatz / Rotkreuzplatz	Rotkreuzplatz	LINESTRING(11.540207 48.155598,11.540386927376304 48.15568544372723)
167	München	Albrechtstraße	de:09162:104:1:2	48.155664	11.540558		MATCHED	w309120820	7.6	1.0	Albrechtstraße	12,53,N43	Fasaneriestraße	Fasaneriestraße	LINESTRING(11.540558 48.155664,11.54047164359586 48.155627245818266)
168	München	Albrechtstraße	de:09162:104:31:71	48.155664	11.540073		MATCHED	n199132942	16.3	0.38	Albrechtstraße			Rotkreuzplatz	LINESTRING(11.540073 48.155664,11.5402561 48.155584000000005)
169	München	Albrechtstraße	de:09162:104:32:72	48.155586	11.540594		MATCHED	n3763631422	15.5	0.39	Albrechtstraße				LINESTRING(11.540594 48.155586,11.540406500000001 48.155647)
170	München	Allach	de:09162:1910:1:1	48.190333	11.466968		MATCHED	w379853696	0.5	1.0	Allach Bahnhof (S)				LINESTRING(11.466968 48.190333,11.466970949337531 48.19032913422947)
171	München	Allach	de:09162:1910:2:2	48.18947	11.466887		NO_MATCH_AND_SEEMS_UNSERVED								POINT(11.466887 48.18947)
172	München	Allach	de:09162:1910:31:71	48.189722	11.466608		NO_MATCH_AND_SEEMS_UNSERVED								POINT(11.466608 48.189722)
173	München	Allach	de:09162:1910:32:72	48.190895	11.466617		NO_MATCH_AND_SEEMS_UNSERVED								POINT(11.466617 48.190895)
174	München	Allach	de:09162:1910:33:73	48.188979	11.465971		NO_MATCH_AND_SEEMS_UNSERVED								POINT(11.465971 48.188979)
175	München	Allach	de:09162:1910:34:74	48.18938	11.463976		NO_MATCH_AND_SEEMS_UNSERVED								POINT(11.463976 48.18938)
176	München	Allach	de:09162:1910:35:75	48.189302	11.464021		NO_MATCH_AND_SEEMS_UNSERVED								POINT(11.464021 48.189302)
177	München	Allach	de:09162:1910:3:3	48.190051	11.466923	bus	MATCHED	w379853697	8.5	1.0	Allach Bahnhof (S)	164	Vesaliusstraße	Vesaliusstraße	LINESTRING(11.466923 48.190051,11.466948598571602 48.18997623557538)
178	München	Allach	de:09162:1910:41:81	48.18968	11.468046	train	MATCHED	n1460254879	37.4	0.46	Allach	S2	Untermenzing	Untermenzing	LINESTRING(11.468046 48.18968,11.4679269 48.1900071)
179	München	Allach	de:09162:1910:41:82	48.189698	11.468189	train	MATCHED	n16797073	38.0	0.46	Allach	S2	Karlsfeld	Karlsfeld	LINESTRING(11.468189 48.189698,11.4680674 48.190029700000004)
180	München	Allach	de:09162:1910:4:4	48.190225	11.467605	bus	MATCHED	w742892073	9.8	1.0	Allach Bahnhof (S)	160,165	Vesaliusstraße	Vesaliusstraße	LINESTRING(11.467605 48.190225,11.467604786320361 48.19013717196305)
181	München	Allach	de:09162:1910:5:5	48.190207	11.467381	bus	MATCHED	w742892072	15.3	1.0	Allach Bahnhof (S)	160,165	Vesaliusstraße	Vesaliusstraße	LINESTRING(11.467381 48.190207,11.4674518 48.19007800000001)
182	München	Allach	de:09162:1910:6:6	48.189841	11.467498	bus	MATCHED	w742892074	5.7	1.0	Allach Bahnhof (S)	160,164,X36	St.-Johann-Straße / Georg-Reismüller-Straße	Georg-Reismüller-Straße / Sankt-Johann-Straße	LINESTRING(11.467498 48.189841,11.467530966483036 48.18979473089304)
183	München	Allach	de:09162:1910:6:7	48.189818	11.467309		MATCHED	n10915881353	17.7	1.0	Allach Bahnhof (S)				LINESTRING(11.467309 48.189818,11.467102 48.189739)
184	München	Allach Bf. Ost	de:09162:1911:1:1	48.19277	11.468387	bus	MATCHED	w379853695	1.2	1.0	Allach Bahnhof Ost (S)	163,706	Krauss-Maffei-Straße	Krauss-Maffei-Straße	LINESTRING(11.468387 48.19277,11.468388250526077 48.19275902846731)
185	München	Allacher Forstweg	de:09162:1958:1:1	48.210774	11.481278	bus	MATCHED	w398697637	5.9	1.0	Allacher Forstweg	706	Karlsfelder Straße	Karlsfelder Straße	LINESTRING(11.481278 48.210774,11.481355852943114 48.21078563520925)
186	München	Allescherstraße	de:09162:1353:1:1	48.082717	11.519771	bus	MATCHED	w376756184	2.2	1.0	Allescherstraße	136,270V	Hofbrunnstraße / Hofbrunnstraße	Hofbrunnstraße	LINESTRING(11.519771 48.082717,11.519777755072946 48.0826973874454)
187	München	Allescherstraße	de:09162:1353:2:2	48.082375	11.520121	bus	MATCHED	w376756183	0.9	1.0	Allescherstraße	136,270V	Diefenbachstraße	Diefenbachstraße	LINESTRING(11.520121 48.082375,11.52011894887957 48.082382812015474)
188	München	Allgäuer Straße	de:09162:1446:1:1	48.081685	11.485724	bus	MATCHED	w396902864	2.4	1.0	Allgäuer Straße	166	Vinzenz-Schüpfer-Straße	Vinzenz-Schüpfer-Straße	LINESTRING(11.485724 48.081685,11.48573382575307 48.08170576231822)
189	München	Allgäuer Straße	de:09162:1446:2:2	48.082081	11.48515	bus	MATCHED	w396902865	74.9	1.0	Allgäuer Straße	166	Kemptener Straße	Kemptener Straße	LINESTRING(11.48515 48.082081,11.484174769269778 48.081917136847515)
190	München	Allianz Arena	de:09162:471:1:1	48.220483	11.624397		NO_MATCH_AND_SEEMS_UNSERVED								POINT(11.624397 48.220483)
191	München	Allinger Straße	de:09162:1738:3:ALI 1	48.167576	11.410913	bus	MATCHED	w379853700	0.8	1.0	Allinger Straße	162,E162,N80	Gilchinger Straße	Gilchinger Straße	LINESTRING(11.410913 48.167576,11.410920041672235 48.167570608282446)
192	München	Allinger Straße	de:09162:1738:3:ALI 2	48.167612	11.411039	bus	MATCHED	w379853699	1.8	1.0	Allinger Straße	162,E162,N81	Asmarstraße	Asmarstraße	LINESTRING(11.411039 48.167612,11.411018200000001 48.167620799999995)
193	München	Alois-Hahn-Weg	de:09162:959:3:AHW 1	48.105085	11.661866	bus	MATCHED	w459342556	4.1	1.0	Alois-Hahn-Weg	195	Feldbergstraße	Feldbergstraße	LINESTRING(11.661866 48.105085,11.661820703243398 48.10506435647536)
194	München	Alois-Hahn-Weg	de:09162:959:3:AHW 2	48.105019	11.661651	bus	MATCHED	w459342559	1.8	1.0	Alois-Hahn-Weg	195	Hugo-Lang-Bogen	Hugo-Lang-Bogen	LINESTRING(11.661651 48.105019,11.661654598842794 48.1050347478432)
195	München	Alois-Wolfmüller-Straße	de:09162:463:1:1	48.193123	11.607725	bus	MATCHED	w938941991	4.8	1.0	Alois-Wolfmüller-Straße	178	Freimanner Hölzl	Freimanner Hölzl	LINESTRING(11.607725 48.193123,11.6077898 48.1931195)
196	München	Alois-Wolfmüller-Straße	de:09162:463:2:2	48.193764	11.608282	bus	MATCHED	w938941992	12.1	1.0	Alois-Wolfmüller-Straße	178	Edmund-Rumpler-Straße	Edmund-Rumpler-Straße	LINESTRING(11.608282 48.193764,11.608220064715958 48.19366345680287)
197	München	Alte Allee	de:09162:1804:1:1	48.163089	11.443576	bus	MATCHED	w375853277	1.3	1.0	Alte Allee	56,N80	Polkostraße	Polkostraße	LINESTRING(11.443576 48.163089,11.443574559221185 48.16307743867003)
198	München	Alte Allee	de:09162:1804:2:2	48.163874	11.443764	bus	MATCHED	w375853275	2.6	1.0	Alte Allee	143,56	Friedhof Obermenzing	Friedhof Obermenzing	LINESTRING(11.443764 48.163874,11.443751950000006 48.163852150000004)
199	München	Alte Allee	de:09162:1804:3:3	48.163868	11.442722	bus	MATCHED	w375853276	12.8	1.0	Alte Allee	143,N81	Jaspersallee	Jaspersallee	LINESTRING(11.442722 48.163868,11.442893256411057 48.16387475071069)
200	München	Alte Heide	de:09162:530:1:1	48.179737	11.603233	bus	MATCHED	w147855137	8.7	1.0	Alte Heide (U)	150,50,N40	Studentenstadt / Nordfriedhof / Studentenstadt	Studentenstadt (U) / Nordfriedhof	LINESTRING(11.603233 48.179737,11.603329320485933 48.17969257668614)
201	München	Alte Heide	de:09162:530:2:2	48.179785	11.603503	bus	MATCHED	n5970440164	3.2	1.0	Alte Heide (U)	150	Zaunweg	Zaunweg	LINESTRING(11.603503 48.179785,11.603542000000001 48.179773600000004)
202	München	Alte Heide	de:09162:530:31:41	48.179989	11.604688		NO_MATCH_AND_SEEMS_UNSERVED								POINT(11.604688 48.179989)
203	München	Alte Heide	de:09162:530:32:42	48.179288	11.603467		MATCHED	n1106514716	44.1	0.18	Alte Heide (U)				LINESTRING(11.603467 48.179288,11.603358100000001 48.179677600000005)
204	München	Alte Heide	de:09162:530:33:43	48.177791	11.601832		NO_MATCH_AND_SEEMS_UNSERVED								POINT(11.601832 48.177791)
205	München	Alte Heide	de:09162:530:34:74	48.180588	11.604976		NO_MATCH_AND_SEEMS_UNSERVED								POINT(11.604976 48.180588)
206	München	Alte Heide	de:09162:530:3:3	48.179989	11.604679	bus	NO_MATCH_BUT_OTHER_PLATFORM_MATCHED					X35,X36	Studentenstadt		POINT(11.604679 48.179989)
207	München	Alte Heide	de:09162:530:4:4	48.179887	11.604158	bus	MATCHED	w147855138	1.3	1.0	Alte Heide (U)	50,N40,X35,X36	Zaunweg	Zaunweg / Studentenstadt (U)	LINESTRING(11.604158 48.179887,11.604145753915246 48.17987864641367)
208	München	Alte Heide	de:09162:530:51:51	48.178587	11.602694	light_rail	MATCHED	n1609995477	5.1	0.72	Alte Heide	U3,U6	Studentenstadt / Nordfriedhof		LINESTRING(11.602694 48.178587,11.602737300000001 48.1786222)
209	München	Alte Heide	de:09162:530:51:52	48.178629	11.602595	light_rail	MATCHED_THOUGH_DISTANT	w1157566297	230.4	1.0	Alte Heide (U)	U6	Nordfriedhof / Studentenstadt		LINESTRING(11.602595 48.178629,11.60478013381346 48.180098008041625)
210	München	Alte Heide	de:09162:530:99:3	48.178605	11.602649		MATCHED	n1609995476	9.9	0.27	Alte Heide				LINESTRING(11.602649 48.178605,11.602589700000001 48.178684800000006)
211	München	Altenburgstraße	de:09162:1712:1:1	48.147573	11.421773	bus	MATCHED	w379853703	1.2	1.0	Altenburgstraße	162,57,N77	Plankenfelser Straße / Wiesentfelser Straße	Plankenfelser Straße / Wiesentfelser Straße	LINESTRING(11.421773 48.147573,11.421787143841405 48.14757801381129)
212	München	Altenburgstraße	de:09162:1712:2:2	48.147507	11.42198	bus	MATCHED	w379853702	1.6	1.0	Altenburgstraße	162,267,57,N77	Wertheimer Straße	Wertheimer Straße	LINESTRING(11.42198 48.147507,11.421964173872087 48.14749713641255)
213	München	Altenburgstraße	de:09162:1712:3:3	48.147064	11.421513	bus	MATCHED	w379853701	1.5	1.0	Altenburgstraße	267	Hohensteinstraße	Hohensteinstraße	LINESTRING(11.421513 48.147064,11.421522300000001 48.1470523)
214	München	Alter Messeplatz	de:09162:25:1:1	48.134637	11.546253	bus	MATCHED	w390210570	3.2	1.0	Alter Messeplatz	134	Schwanthalerhöhe	Schwanthalerhöhe	LINESTRING(11.546253 48.134637,11.546294099999999 48.13463015000001)
215	München	Alter Messeplatz	de:09162:25:2:2	48.134476	11.546361	bus	MATCHED	w390210569	3.7	1.0	Alter Messeplatz	134	Theresienhöhe	Theresienhöhe	LINESTRING(11.546361 48.134476,11.546311521538778 48.134472599223876)
216	München	Altöttinger Straße	de:09162:894:1:1	48.126291	11.621631	bus	MATCHED	w389699072	4.4	1.0	Altöttinger Straße	190,191	Grafinger Straße	Grafinger Straße	LINESTRING(11.621631 48.126291,11.621612397470335 48.12625297912042)
217	München	Altöttinger Straße	de:09162:894:2:2	48.126705	11.621981	bus	MATCHED	w389699071	3.1	1.0	Altöttinger Straße	190,191	Schlüsselbergstraße	Schlüsselbergstraße	LINESTRING(11.621981 48.126705,11.621939498732672 48.1267036258336)
218	München	Am Ausbesserungswerk	de:09162:467:1:1	48.196932	11.60397	bus	MATCHED	n13058569632	3.3	0.83	Am Ausbesserungswerk	178	Maria-Probst-Straße	Maria-Probst-Straße	LINESTRING(11.60397 48.196932,11.6040104 48.1969203)
219	München	Am Ausbesserungswerk	de:09162:467:2:2	48.19689	11.604158	bus	MATCHED	n13058569633	0.5	0.94	Am Ausbesserungswerk	178	Paul-Hindemith-Allee	Paul-Hindemith-Allee	LINESTRING(11.604158 48.19689,11.6041606 48.196894500000006)
220	München	Am Blütenanger	de:09162:382:3:BAN 1	48.201686	11.506691	bus	MATCHED	w409285614	7.4	1.0	Am Blütenanger	175	Pappelallee	Pappelallee	LINESTRING(11.506691 48.201686,11.506594836827075 48.20170270739426)
221	München	Am Blütenanger	de:09162:382:3:BAN 2	48.201847	11.506251	bus	MATCHED	w409285618	2.2	1.0	Am Blütenanger	175,N71	Ludwigsfeld (Campingplatz)	Ludwigsfeld (Campingplatz)	LINESTRING(11.506251 48.201847,11.50622169999999 48.20184869999999)
222	München	Am Durchblick	de:09162:1848:3:DUR 1	48.161057	11.478295	bus	MATCHED	w379853704	3.8	1.0	Am Durchblick	162,180	Frauendorferstraße	Frauendorferstraße	LINESTRING(11.478295 48.161057,11.478316359054407 48.16102598869567)
223	München	Am Durchblick	de:09162:1848:3:DUR 2	48.160938	11.478179	bus	MATCHED	w379853705	1.5	1.0	Am Durchblick	162,180	Paul-Gerhardt-Allee	Paul-Gerhardt-Allee	LINESTRING(11.478179 48.160938,11.478192622787855 48.16092798769638)
224	München	Am Gasteig	de:09162:71:11:11	48.130381	11.591465		NO_MATCH_AND_SEEMS_UNSERVED								POINT(11.591465 48.130381)
225	München	Am Gasteig	de:09162:71:1:1	48.132863	11.591465	tram	MATCHED	n1688813272	6.4	0.67	Am Gasteig	17,21,N17	Deutsches Museum	Deutsches Museum	LINESTRING(11.591465 48.132863,11.5915435 48.13284)
226	München	Am Gasteig	de:09162:71:1:2	48.132773	11.591528	tram	MATCHED	n1688813254	16.5	0.48	Am Gasteig	17,21,N17	Wiener Platz	Wiener Platz	LINESTRING(11.591528 48.132773,11.5917074 48.132859800000006)
227	München	Am Gasteig	de:09162:71:30:70	48.130812	11.590405		NO_MATCH_AND_SEEMS_UNSERVED								POINT(11.590405 48.130812)
228	München	Am Hain	de:09162:981:1:1	48.083173	11.680291	bus	MATCHED	n3238249293	1.4	1.0	Am Hain	55	Putzbrunn,Seemannsiedl.	Seemannsiedlung	LINESTRING(11.680291 48.083173,11.680304300000001 48.0831639)
229	München	Am Hain	de:09162:981:1:2	48.083329	11.680201	bus	MATCHED	n3238249294	8.5	1.0	Am Hain	55	Waldheimplatz / Waldheimplatz	Waldheimplatz	LINESTRING(11.680201 48.083329,11.6802799 48.083274)
230	München	Am Harras	de:09162:1129:5:5	48.116823	11.539578		MATCHED	w343218597	8.1	1.0	Am Harras			Harras	LINESTRING(11.539578 48.116823,11.539478120054472 48.11685146243585)
231	München	Am Harras	de:09162:1129:5:6	48.116925	11.539264	bus	NO_MATCH_BUT_OTHER_PLATFORM_MATCHED					130,132,134,157,53,54,N40,N41	Harras / Harras		POINT(11.539264 48.116925)
232	München	Am Harras	de:09162:1129:7:10	48.116343	11.540046		NO_MATCH_AND_SEEMS_UNSERVED								POINT(11.540046 48.116343)
233	München	Am Harras	de:09162:1129:7:7	48.116175	11.540037	bus	MATCHED	w343218598	5.7	1.0	Am Harras	130,134,153,157,54,N41,N44,X30	Sylvensteinstraße / Brudermühlstraße	Sylvensteinstraße / Brudermühlstraße	LINESTRING(11.540037 48.116175,11.540027941737426 48.11622575301035)
234	München	Am Harras	de:09162:1129:8:8	48.117458	11.540207	bus	MATCHED	w369932179	4.4	1.0	Am Harras	132,N41	Margaretenplatz	Margaretenplatz	LINESTRING(11.540207 48.117458,11.540194475858662 48.117419261063645)
235	München	Am Harras	de:09162:1129:99:1	48.116865	11.540198		NO_MATCH_AND_SEEMS_UNSERVED								POINT(11.540198 48.116865)
236	München	Am Harras	de:09162:1129:99:2	48.116679	11.539525		NO_MATCH_AND_SEEMS_UNSERVED								POINT(11.539525 48.116679)
237	München	Am Harras	de:09162:1129:99:4	48.117338	11.53992		NO_MATCH_AND_SEEMS_UNSERVED								POINT(11.53992 48.117338)
238	München	Am Harras	de:09162:1129:9:9	48.1172	11.540189	bus	MATCHED	w369932180	3.5	0.84	Am Harras	153,53,N40,N43	Margaretenplatz	Margaretenplatz	LINESTRING(11.540189 48.1172,11.540178177502852 48.11716931758875)
239	München	Am Hart	de:09162:760:1:1	48.196758	11.57172	bus	MATCHED	w371158691	0.7	1.0	Am Hart (U)	294,295,N41	Rathenaustraße	Rathenaustraße	LINESTRING(11.57172 48.196758,11.571729857293873 48.196756604221164)
240	München	Am Hart	de:09162:760:1:2	48.197039	11.57172	bus	MATCHED	w331362620	6.0	1.0	Am Hart (U)	141,171,174,180	Rathenaustraße	Rathenaustraße	LINESTRING(11.57172 48.197039,11.571685215048976 48.196990318122495)
241	München	Am Hart	de:09162:760:1:3	48.197189	11.571765	bus	MATCHED	w331362621	1.3	1.0	Am Hart (U)	172	Am Hart Süd	Am Hart Süd	LINESTRING(11.571765 48.197189,11.571750250947257 48.19718268472946)
242	München	Am Hart	de:09162:760:1:4	48.196914	11.571864	bus	MATCHED	w331362617	2.8	1.0	Am Hart (U)	141,171,174,180,294,295,N41	Sudetendeutsche Straße / Am Hart Süd	Sudetendeutsche Straße / Am Hart Süd	LINESTRING(11.571864 48.196914,11.571868257573495 48.196938802177016)
243	München	Am Hart	de:09162:760:1:5	48.197117	11.571891		MATCHED	w331362619	0.9	1.0	Am Hart (U)				LINESTRING(11.571891 48.197117,11.571900099999999 48.19712199999999)
244	München	Am Hart	de:09162:760:51:51	48.19595	11.571864	light_rail	MATCHED	n2624639761	3.2	0.8	Am Hart	U2	Harthof / Frankfurter Ring		LINESTRING(11.571864 48.19595,11.5718957 48.195930600000004)
245	München	Am Hart	de:09162:760:51:52	48.19595	11.571765	light_rail	MATCHED	n2624639758	4.1	0.76	Am Hart	U2	Frankfurter Ring / Harthof		LINESTRING(11.571765 48.19595,11.5717282 48.1959225)
246	München	Am Hart Süd	de:09162:756:1:1	48.195099	11.572205	bus	MATCHED	w384211886	3.4	1.0	Am Hart Süd	172,180,N41	Am Hart / Am Hart / Am Hart	Am Hart (U)	LINESTRING(11.572205 48.195099,11.572196714537244 48.19506883804445)
247	München	Am Hart Süd	de:09162:756:2:2	48.194974	11.572071	bus	MATCHED	w384211885	1.5	1.0	Am Hart Süd	172,180,N41	Knorrstraße / BMW-FIZ / Knorrstraße	Knorrstraße / Frankfurter Ring / BMW-FIZ	LINESTRING(11.572071 48.194974,11.572073363671802 48.194960749367496)
248	München	Am Hedernfeld	de:09162:1535:3:HFD 1	48.119881	11.46907	bus	MATCHED	n2779899360	24.8	1.0	Am Hedernfeld	167	Hanna-Kirchner-Weg	Hanna-Kirchner-Weg	LINESTRING(11.46907 48.119881,11.4693038 48.120039600000005)
249	München	Am Hedernfeld Nord	de:09162:1537:3:HFN 1	48.121854	11.472196	bus	MATCHED	n2779899356	2.8	1.0	Am Hedernfeld Nord	167	Am Hedernfeld	Am Hedernfeld	LINESTRING(11.472196 48.121854,11.4721837 48.121830100000004)
250	München	Am Hochacker	de:09162:954:1:1	48.105768	11.667606	bus	MATCHED	w459355166	1.8	1.0	Hochacker	192,194,195,N79	Feldbergstraße / Feldbergstraße / Feldbergstraße	Feldbergstraße	LINESTRING(11.667606 48.105768,11.667617605433664 48.10575336045429)
251	München	Am Hochacker	de:09162:954:2:2	48.105037	11.66731	bus	MATCHED	w459355164	18.5	1.0	Hochacker	194	Hippelstraße	Hippelstraße	LINESTRING(11.66731 48.105037,11.667397497547423 48.10519299716769)
252	München	Am Hochacker	de:09162:954:3:3	48.105912	11.668361	bus	MATCHED	w459355165	2.9	1.0	Hochacker	192,194,195,N79	Vogesenstraße	Vogesenstraße	LINESTRING(11.668361 48.105912,11.66832155870883 48.105912312167845)
253	München	Am Hochacker	de:09162:954:3:93	48.105912	11.668361	bus	NO_MATCH_AND_SEEMS_UNSERVED								POINT(11.668361 48.105912)
254	München	Am Hochacker	de:09162:954:4:4	48.105462	11.66828	bus	MATCHED	w459355159	9.4	1.0	Am Hochacker	195	Vogesenstraße	Vogesenstraße	LINESTRING(11.66828 48.105462,11.66840355933511 48.10544539802478)
255	München	Am Knie	de:09162:1614:2:1	48.145494	11.470723	tram	MATCHED	n2577417450	17.8	0.46	Am Knie	14,19,N19	Offenbachstraße	Offenbachstraße	LINESTRING(11.470723 48.145494,11.470959500000001 48.1454711)
256	München	Am Knie	de:09162:1614:2:2	48.14544	11.471019	tram	MATCHED	n1214219386	7.4	0.64	Am Knie	14,19,N19	Westbad	Westbad	LINESTRING(11.471019 48.14544,11.4711181 48.145442200000005)
257	München	Am Knie	de:09162:1614:31:21	48.14502	11.47189		NO_MATCH_AND_SEEMS_UNSERVED								POINT(11.47189 48.14502)
258	München	Am Knie	de:09162:1614:32:72	48.145326	11.471163		NO_MATCH_AND_SEEMS_UNSERVED								POINT(11.471163 48.145326)
259	München	Am Knie	de:09162:1614:3:3	48.145146	11.471432		NO_MATCH_AND_SEEMS_UNSERVED								POINT(11.471432 48.145146)
260	München	Am Knie	de:09162:1614:4:4	48.145589	11.470363	bus	MATCHED	n4337398941	18.3	0.57	Am Knie	130,157	Offenbachstraße	Offenbachstraße	LINESTRING(11.470363 48.145589,11.4701182 48.145579000000005)
261	München	Am Knie	de:09162:1614:5:5	48.14535	11.471046	bus	MATCHED	n10640094255	8.6	1.0	Am Knie	130,157	Veldener Straße	Veldener Straße	LINESTRING(11.471046 48.14535,11.4711549 48.145322900000004)
262	München	Am Knie Süd	de:09162:1613:31:71	48.142526	11.469932		NO_MATCH_AND_SEEMS_UNSERVED								POINT(11.469932 48.142526)
263	München	Am Lokschuppen	de:09162:1206:1:1	48.140644	11.524918	tram	MATCHED_AMBIGUOUSLY	n1187566620	6.6	1.0	Am Lokschuppen	18,19,N19	Barthstraße	Barthstraße	LINESTRING(11.524918 48.140644,11.5248339 48.1406639)
264	München	Am Lokschuppen	de:09162:1206:1:1	48.140644	11.524918	tram	MATCHED_AMBIGUOUSLY	w107972445	9.4	1.0	Am Lokschuppen	18,19,N19	Barthstraße	Hirschgarten / Barthstraße	LINESTRING(11.524918 48.140644,11.524791251357442 48.14064543472439)
265	München	Am Lokschuppen	de:09162:1206:2:2	48.140818	11.52357	tram	MATCHED	n1239632779	4.3	1.0	Am Lokschuppen	18,19,N19	Lautensackstraße	Lautensackstraße	LINESTRING(11.52357 48.140818,11.5236005 48.1407856)
266	München	Am Lokschuppen	de:09162:1206:3:3	48.140824	11.524801	bus	MATCHED	w460540460	1.8	0.83	Am Lokschuppen	N43	Hirschgarten		LINESTRING(11.524801 48.140824,11.52482225 48.140817150000004)
267	München	Am Lokschuppen	de:09162:1206:4:4	48.140728	11.52287	bus	MATCHED	w460540459	4.7	1.0	Am Lokschuppen	N44	Trappentreustraße	Trappentreustraße	LINESTRING(11.52287 48.140728,11.522927550000004 48.14071075)
268	München	Am Lokschuppen	de:09162:1206:99:21	48.140722	11.524253		NO_MATCH_AND_SEEMS_UNSERVED								POINT(11.524253 48.140722)
269	München	Am Lokschuppen	de:09162:1206:99:5	48.140722	11.524253		NO_MATCH_AND_SEEMS_UNSERVED								POINT(11.524253 48.140722)
270	München	Am Lokschuppen (Nachtgalerie)	de:09162:1207:1:1	48.140968	11.522771		NO_MATCH_AND_SEEMS_UNSERVED								POINT(11.522771 48.140968)
271	München	Am Messesee	de:09162:813:1:1	48.135824	11.690334	bus	MATCHED	w386837997	7.1	1.0	Am Messesee	183,190,263,263V,264,E183,N74	Paul-Henri-Spaak-Straße / Dornach, Otto-Hahn-Str. / Dornach, Einsteinring West	Dornach, Otto-Hahn-Straße / Dornach, Einsteinring West / Paul-Henri-Spaak-Straße	LINESTRING(11.690334 48.135824,11.690346700000003 48.135761)
272	München	Am Messesee	de:09162:813:2:2	48.135183	11.690181	bus	MATCHED	w386837999	6.2	1.0	Am Messesee	139,183,190,263,263V,264,E183,N74	Messestadt West	Messestadt West	LINESTRING(11.690181 48.135183,11.69016755 48.135238400000006)
273	München	Am Messesee	de:09162:813:3:3	48.135531	11.689669	bus	MATCHED	w386837998	4.4	1.0	Am Messesee	139	Paul-Wassermann-Straße	Paul-Wassermann-Straße	LINESTRING(11.689669 48.135531,11.689724551394077 48.135543774518695)
274	München	Am Münchfeld	de:09162:1863:1:1	48.197584	11.46279	bus	MATCHED	w1095602228	15.6	0.6	Am Münchfeld	X36	Georg-Reismüller-Straße	Georg-Reismüller-Straße	LINESTRING(11.46279 48.197584,11.462996585421212 48.19755880300288)
275	München	Am Münchfeld	de:09162:1863:1:2	48.197321	11.462422	bus	MATCHED	w1095602229	10.4	0.67	Am Münchfeld	X36	Spiegelbergstraße	Spiegelbergstraße	LINESTRING(11.462422 48.197321,11.462282076316448 48.197320762219476)
276	München	Am Münchner Tor	de:09162:501:2:AMT 1	48.176125	11.58824	tram	MATCHED	n3167499661	4.4	0.64	Am Münchner Tor	12,23,27	Schwabinger Tor		LINESTRING(11.58824 48.176125,11.5882982 48.176129700000004)
277	München	Am Münchner Tor	de:09162:501:2:AMT 2	48.176155	11.588366	tram	MATCHED	n34484152	7.3	0.64	Am Münchner Tor	12,23,27	Anni-Albers-Straße	Anni-Albers-Straße	LINESTRING(11.588366 48.176155,11.5883531 48.1762202)
278	München	Am Neubruch	de:09162:1961:1:1	48.194554	11.492264	bus	MATCHED	w758808540	6.2	1.0	Am Neubruch	X36	Storchenweg	Storchenweg	LINESTRING(11.492264 48.194554,11.492191400000003 48.19458105000001)
279	München	Am Tucherpark	de:09162:137:1:1	48.152302	11.598858		NO_MATCH_AND_SEEMS_UNSERVED								POINT(11.598858 48.152302)
280	München	Am Tucherpark	de:09162:137:2:2	48.153195	11.599388		NO_MATCH_AND_SEEMS_UNSERVED								POINT(11.599388 48.153195)
281	München	Am Tucherpark	de:09162:137:3:3	48.152242	11.597502		NO_MATCH_AND_SEEMS_UNSERVED								POINT(11.597502 48.152242)
282	München	Am Tucherpark	de:09162:137:4:4	48.152404	11.597556		NO_MATCH_AND_SEEMS_UNSERVED								POINT(11.597556 48.152404)
283	München	Am Ährenfeld	de:09162:1534:1:1	48.120295	11.478206	bus	MATCHED	w393515006	6.9	1.0	Am Ährenfeld	56	Großhadern	Großhadern	LINESTRING(11.478206 48.120295,11.478266549676786 48.12034166031565)
284	München	Am Ährenfeld	de:09162:1534:2:2	48.120181	11.478565	bus	MATCHED	w393515007	22.8	1.0	Am Ährenfeld	167,56	Gelbhofstraße / Haderunstraße	Haderunstraße / Gelbhofstraße	LINESTRING(11.478565 48.120181,11.478464185322533 48.11998725347865)
285	München	Am Ährenfeld	de:09162:1534:2:92	48.120181	11.478565	bus	NO_MATCH_AND_SEEMS_UNSERVED								POINT(11.478565 48.120181)
286	München	Am Ährenfeld	de:09162:1534:3:3	48.119749	11.478673	bus	MATCHED	n3232322861	4.1	1.0	Am Ährenfeld	N40	Großhaderner Straße	Großhaderner Straße	LINESTRING(11.478673 48.119749,11.4786218 48.1197627)
287	München	Amalienburgstraße	de:09162:210:1:1	48.165354	11.494402	tram	MATCHED	n3340584495	23.9	0.48	Amalienburgstraße	17,N17	Botanischer Garten	Botanischer Garten	LINESTRING(11.494402 48.165354,11.4947125 48.165410300000005)
288	München	Amalienburgstraße	de:09162:210:1:7	48.165408	11.494402	bus	MATCHED	w310110716	0.5	0.93	Amalienburgstraße	143,180,N78	Botanischer Garten	Botanischer Garten	LINESTRING(11.494402 48.165408,11.494406888800473 48.16540494971127)
289	München	Amalienburgstraße	de:09162:210:2:2	48.165737	11.493028		NO_MATCH_AND_SEEMS_UNSERVED								POINT(11.493028 48.165737)
290	München	Amalienburgstraße	de:09162:210:2:4	48.165743	11.4931	bus	MATCHED	w371347854	14.3	0.46	Amalienburgstraße	158,162	Lustheimstraße / Tannenweg	Tannenweg / Lustheimstraße	LINESTRING(11.4931 48.165743,11.493145748127544 48.16561799368817)
291	München	Amalienburgstraße	de:09162:210:33:43	48.165971	11.493657		MATCHED	w310110989	55.3	0.15	Amalienburgstraße			Lustheimstraße	LINESTRING(11.493657 48.165971,11.494263651103042 48.16568344574438)
292	München	Amalienburgstraße	de:09162:210:3:3	48.165731	11.494061		MATCHED	n2755934126	4.8	0.64	Amalienburgstraße	143,17,180,N17	Lustheimstraße	Lustheimstraße	LINESTRING(11.494061 48.165731,11.493996500000002 48.1657318)
293	München	Amalienburgstraße	de:09162:210:3:6	48.165785	11.494097	bus	MATCHED	w310110991	12.2	0.5	Amalienburgstraße	162	Lustheimstraße	Lustheimstraße	LINESTRING(11.494097 48.165785,11.494251081720186 48.16574766119196)
294	München	Amalienburgstraße	de:09162:210:5:5	48.165306	11.493675		MATCHED	n3207960361	50.9	0.16	Amalienburgstraße				LINESTRING(11.493675 48.165306,11.4942554 48.165548300000005)
295	München	Amalienburgstraße	de:09162:210:8:8	48.165222	11.494663		MATCHED	n283340081	15.7	0.38	Amalienburgstraße			Botanischer Garten	LINESTRING(11.494663 48.165222,11.4947019 48.1653606)
296	München	Amalienstraße	de:09162:97:3:AMI 1	48.147747	11.576454	bus	MATCHED	w373507692	4.5	1.0	Amalienstraße	68	Maxvorstadt/Samml. Brandhorst	Maxvorstadt/Sammlung Brandhorst	LINESTRING(11.576454 48.147747,11.57649106296596 48.14771469376176)
297	München	Ammerseestraße	de:09162:1516:1:1	48.126088	11.502316	tram	NO_MATCH_BUT_OTHER_PLATFORM_MATCHED					18	Stegener Weg		POINT(11.502316 48.126088)
298	München	Ammerseestraße	de:09162:1516:2:2	48.126207	11.503287	tram	MATCHED	n1690677429	16.5	0.48	Ammerseestraße	18	Senftenauerstraße	Senftenauerstraße	LINESTRING(11.503287 48.126207,11.5035085 48.1261961)
299	München	Ammerseestraße	de:09162:1516:31:21	48.125482	11.503376		NO_MATCH_AND_SEEMS_UNSERVED								POINT(11.503376 48.125482)
300	München	Ammerseestraße	de:09162:1516:32:72	48.12541	11.503493		NO_MATCH_AND_SEEMS_UNSERVED								POINT(11.503493 48.12541)
301	München	Ammerseestraße	de:09162:1516:33:73	48.125842	11.502577		MATCHED	n10294854775	37.8	0.21	Ammerseestraße				LINESTRING(11.502577 48.125842,11.502827600000002 48.126138000000005)
302	München	Ammerseestraße	de:09162:1516:34:74	48.12583	11.503044		NO_MATCH_AND_SEEMS_UNSERVED								POINT(11.503044 48.12583)
303	München	Ammerseestraße	de:09162:1516:3:3	48.125824	11.502586	bus	MATCHED	w904195078	7.7	1.0	Ammerseestraße	151,51	Andreas-Vöst-Straße	Andreas-Vöst-Straße	LINESTRING(11.502586 48.125824,11.502482727494836 48.125832525931116)
304	München	Ammerseestraße	de:09162:1516:4:4	48.125842	11.503044	bus	MATCHED	w904195077	11.9	1.0	Ammerseestraße	151,51	Aindorferstraße	Aindorferstraße	LINESTRING(11.503044 48.125842,11.503179197056523 48.12578510083423)
305	München	Ammerseestraße	de:09162:1516:5:5	48.126549	11.502828	tram	NO_MATCH_BUT_OTHER_PLATFORM_MATCHED					14	Aindorferstraße		POINT(11.502828 48.126549)
306	München	Ammerseestraße	de:09162:1516:6:6	48.126489	11.502712	tram	NO_MATCH_BUT_OTHER_PLATFORM_MATCHED					14	Senftenauerstraße		POINT(11.502712 48.126489)
307	München	Ammerseestraße	de:09162:1516:8:8	48.126165	11.502146		MATCHED	n1690677421	7.4	0.54	Ammerseestraße			Stegener Weg	LINESTRING(11.502146 48.126165,11.502117400000001 48.126101000000006)
308	München	Ampfingstraße	de:09162:901:1:1	48.130818	11.616429	tram	MATCHED	n1239887189	2.3	0.82	Ampfingstraße	21,N19	Schlüsselbergstraße	Schlüsselbergstraße	LINESTRING(11.616429 48.130818,11.6164135 48.1308361)
309	München	Ampfingstraße	de:09162:901:2:2	48.131082	11.615253	tram	MATCHED	n1239887177	16.2	0.48	Ampfingstraße	21,N19	Haidenauplatz	Haidenauplatz	LINESTRING(11.615253 48.131082,11.6150357 48.1310822)
310	München	Ampfingstraße	de:09162:901:31:21	48.130716	11.616375		MATCHED	w373592100	2.2	0.76	Ampfingstraße				LINESTRING(11.616375 48.130716,11.616344982919111 48.13071650016872)
311	München	Ampfingstraße	de:09162:901:32:22	48.13119	11.615271		MATCHED	w373592099	2.8	0.73	Ampfingstraße				LINESTRING(11.615271 48.13119,11.615272840136127 48.131164634738134)
312	München	Ampfingstraße	de:09162:901:3:3	48.130399	11.615235	bus	MATCHED	w373592101	5.0	0.79	Ampfingstraße	59	Ostbahnhof Friedenstraße / Mühldorfstraße	Mühldorfstraße	LINESTRING(11.615235 48.130399,11.615297999892382 48.13041425701554)
313	München	Ampfingstraße	de:09162:901:4:4	48.130141	11.61563	bus	MATCHED	w373592103	0.6	0.93	Ampfingstraße	59	Einsteinstraße	Einsteinstraße	LINESTRING(11.61563 48.130141,11.615635891083258 48.1301445914317)
314	München	Amphionpark	de:09162:233:1:1	48.173406	11.515324	bus	MATCHED	w375853278	2.5	1.0	Amphionpark	143	Wintrichring	Wintrichring	LINESTRING(11.515324 48.173406,11.515292295289793 48.173399393109214)
315	München	Amphionpark	de:09162:233:2:2	48.173484	11.51474	bus	MATCHED	w375853279	1.5	1.0	Amphionpark	143	Nederlinger Straße	Nederlinger Straße	LINESTRING(11.51474 48.173484,11.514759074278864 48.17347998099712)
316	München	Amsterdamer Straße	de:09162:518:1:1	48.16956	11.59937	bus	MATCHED	n5970440168	7.2	1.0	Amsterdamer Straße	150	Nordfriedhof	Nordfriedhof	LINESTRING(11.59937 48.16956,11.599300600000001 48.1696055)
317	München	An der Point	de:09162:815:1:1	48.140872	11.685627	bus	MATCHED	w386838000	0.7	1.0	An der Point	183,190,E183,N74	Paul-Henri-Spaak-Straße	Paul-Henri-Spaak-Straße	LINESTRING(11.685627 48.140872,11.68563522014697 48.14086869517305)
318	München	An der Point	de:09162:815:2:2	48.140866	11.685204	bus	MATCHED	w386838001	1.5	1.0	An der Point	183,190,E183,N74	Martin-Empl-Ring	Martin-Empl-Ring	LINESTRING(11.685204 48.140866,11.68522412173208 48.14086326586795)
319	München	Andernacher Straße	de:09162:328:1:1	48.185248	11.524325	bus	MATCHED	w379853707	0.3	1.0	Andernacher Straße	163	Ehrenbreitsteiner Straße	Ehrenbreitsteiner Straße	LINESTRING(11.524325 48.185248,11.524324592527314 48.18524541652949)
320	München	Andernacher Straße	de:09162:328:2:2	48.185631	11.524514	bus	MATCHED	w379853706	1.9	1.0	Andernacher Straße	163	Bingener Straße	Bingener Straße	LINESTRING(11.524514 48.185631,11.524526550000001 48.18564620000001)
321	München	Andreas-Vöst-Straße	de:09162:1514:1:1	48.121758	11.502766	bus	MATCHED	w393388230	3.5	1.0	Andreas-Vöst-Straße	151,51	Ammerseestraße	Ammerseestraße	LINESTRING(11.502766 48.121758,11.50277762582686 48.121727376715455)
322	München	Andreas-Vöst-Straße	de:09162:1514:2:2	48.121692	11.502352		MATCHED	w393388231	25.3	1.0	Andreas-Vöst-Straße			Holzapfelkreuth	LINESTRING(11.502352 48.121692,11.502409900219737 48.12146755976809)
323	München	Andreas-Vöst-Straße	de:09162:1514:31:71	48.121428	11.502397	bus	NO_MATCH_BUT_OTHER_PLATFORM_MATCHED					151,51	Holzapfelkreuth		POINT(11.502397 48.121428)
324	München	Andreas-Vöst-Straße	de:09162:1514:32:72	48.121734	11.502757		NO_MATCH_AND_SEEMS_UNSERVED								POINT(11.502757 48.121734)
325	München	Angererstraße	de:09162:292:1:1	48.167409	11.571891	bus	MATCHED	w466386238	10.5	1.0	Angererstraße	144	Ackermannstraße	Ackermannstraße	LINESTRING(11.571891 48.167409,11.571750078687947 48.16741216798423)
326	München	Angererstraße	de:09162:292:1:91	48.167409	11.571891		NO_MATCH_AND_SEEMS_UNSERVED								POINT(11.571891 48.167409)
327	München	Angererstraße	de:09162:292:2:2	48.167427	11.569924	bus	MATCHED	w466386239	5.5	1.0	Angererstraße	144	Scheidplatz	Scheidplatz	LINESTRING(11.569924 48.167427,11.569993832479216 48.16744420017894)
328	München	Angerlohstraße	de:09162:1946:3:ANG 1	48.189033	11.472376	bus	MATCHED	w379853708	8.7	1.0	Angerlohstraße	163	Hortigstraße	Hortigstraße	LINESTRING(11.472376 48.189033,11.472471490649074 48.18907813571536)
329	München	Angerlohstraße	de:09162:1946:3:ANG 2	48.189099	11.472717	bus	MATCHED	w379853709	1.1	1.0	Angerlohstraße	163	Tubeufstraße	Tubeufstraße	LINESTRING(11.472717 48.189099,11.472710500000003 48.18910805000001)
330	München	Anhalter Platz	de:09162:329:1:1	48.186733	11.561982	bus	MATCHED	w384211889	12.1	1.0	Anhalter Platz	180,50,X35,X36	Moosacher Straße / Frankfurter Ring / Moosacher Straße	Moosacher Straße / Frankfurter Ring (U)	LINESTRING(11.561982 48.186733,11.561823150000016 48.18670910000001)
331	München	Anhalter Platz	de:09162:329:2:2	48.186973	11.561767	bus	MATCHED	w384211890	2.5	1.0	Anhalter Platz	180,50,X35,X36	Oberwiesenfeld / Preußenstraße	Oberwiesenfeld (U) / Preußenstraße	LINESTRING(11.561767 48.186973,11.561771892377108 48.18695121045235)
332	München	Anhalter Platz	de:09162:329:3:3	48.186428	11.56227	bus	MATCHED	w384211888	2.0	1.0	Anhalter Platz	178	Lüneburger Straße	Lüneburger Straße	LINESTRING(11.56227 48.186428,11.562256349935026 48.18644306687594)
333	München	Anhalter Platz	de:09162:329:4:4	48.186595	11.562486	bus	MATCHED	w384211887	5.7	1.0	Anhalter Platz	178	Moosacher Straße	Moosacher Straße	LINESTRING(11.562486 48.186595,11.562480300077015 48.186543716421106)
334	München	Anneliese-Fleyenschmidt-Straße	de:09162:1024:1:1	48.101215	11.617983		MATCHED	w293224819	68.4	1.0	Anneliese-Fleyenschmidt-Straße			Mitterweg	LINESTRING(11.617983 48.101215,11.617064449999996 48.101217749999996)
335	München	Anneliese-Fleyenschmidt-Straße	de:09162:1024:2:2	48.101107	11.618495		MATCHED	w392318290	111.9	1.0	Anneliese-Fleyenschmidt-Straße			Neuer Südfriedhof	LINESTRING(11.618495 48.101107,11.616993245799454 48.10112834907575)
336	München	Anneliese-Fleyenschmidt-Straße	de:09162:1024:3:3	48.101257	11.616896	bus	NO_MATCH_BUT_OTHER_PLATFORM_MATCHED					139	Mitterweg		POINT(11.616896 48.101257)
337	München	Anneliese-Fleyenschmidt-Straße	de:09162:1024:4:4	48.101119	11.616923	bus	NO_MATCH_BUT_OTHER_PLATFORM_MATCHED					139	Neuer Südfriedhof		POINT(11.616923 48.101119)
338	München	Annemarie-Renger-Straße	de:09162:1763:1:1	48.14493	11.4067	bus	MATCHED	n10236157090	7.3	0.73	Annemarie-Renger-Straße	157,57,N77	Aubinger Allee	Aubinger Allee	LINESTRING(11.4067 48.14493,11.4066074 48.1449091)
339	München	Annemarie-Renger-Straße	de:09162:1763:2:2	48.144804	11.406457	bus	MATCHED	n10236157089	11.8	0.65	Annemarie-Renger-Straße	157,57,N77	Helmut-Schmidt-Allee / Helmut-Schmidt-Allee	Helmut-Schmidt-Allee	LINESTRING(11.406457 48.144804,11.4065407 48.144893800000006)
340	München	Anni-Albers-Straße	de:09162:988:2:AAA 3	48.179719	11.589139	tram	MATCHED	n926630200	5.3	0.7	Anni-Albers-Straße	12,23,27	Am Münchner Tor	Am Münchner Tor	LINESTRING(11.589139 48.179719,11.589161500000001 48.179674000000006)
341	München	Anni-Albers-Straße	de:09162:988:2:AAA 4	48.179791	11.589291	tram	MATCHED	n1703279845	7.1	0.65	Anni-Albers-Straße	12,23,27	Domagkstraße	Domagkstraße	LINESTRING(11.589291 48.179791,11.589251 48.179849000000004)
342	München	Anni-Albers-Straße	de:09162:988:3:AAA 1	48.178893	11.589821		MATCHED	w353801512	5.2	0.62	Anni-Albers-Straße				LINESTRING(11.589821 48.178893,11.589758875442389 48.17891365636169)
343	München	Anni-Albers-Straße	de:09162:988:3:AAA 2	48.178953	11.589417		MATCHED	w353801511	2.6	0.74	Anni-Albers-Straße				LINESTRING(11.589417 48.178953,11.589438002585993 48.1789346488245)
344	München	Anton-Ditt-Bogen	de:09162:758:1:1	48.19192	11.582329	bus	MATCHED	w526500471	2.3	1.0	Anton-Ditt-Bogen	178	Hufelandstraße	Hufelandstraße	LINESTRING(11.582329 48.19192,11.58232657412666 48.19189955077811)
345	München	Anton-Ditt-Bogen	de:09162:758:1:2	48.191554	11.582159	bus	MATCHED	w526500472	6.8	1.0	Anton-Ditt-Bogen	178	Lotte-Branz-Straße	Lotte-Branz-Straße	LINESTRING(11.582159 48.191554,11.582175974079457 48.191613658375715)
346	München	Anton-Will-Straße	de:09162:437:2:2	48.205967	11.586506	bus	MATCHED	w277106222	2.8	1.0	Anton-Will-Straße	141,170,294,295	Neuherbergstraße / Neuherbergstraße	Neuherbergstraße	LINESTRING(11.586506 48.205967,11.586483399187975 48.20594641449066)
347	München	Anton-Will-Straße	de:09162:437:31:71	48.205823	11.585375		MATCHED	w277106221	72.5	0.12	Anton-Will-Straße			Heidemannstraße	LINESTRING(11.585375 48.205823,11.58598145 48.20531235000001)
348	München	Anzinger Straße	de:09162:1001:1:1	48.120925	11.605551		NO_MATCH_AND_SEEMS_UNSERVED								POINT(11.605551 48.120925)
349	München	Anzinger Straße	de:09162:1001:30:70	48.120793	11.607231		NO_MATCH_AND_SEEMS_UNSERVED								POINT(11.607231 48.120793)
350	München	Anzinger Straße	de:09162:1001:31:71	48.120583	11.606683		NO_MATCH_AND_SEEMS_UNSERVED								POINT(11.606683 48.120583)
351	München	Anzinger Straße	de:09162:1001:3:3	48.121146	11.605614	bus	NO_MATCH_BUT_OTHER_PLATFORM_MATCHED					145,155,55,N45,N75	Karl-Preis-Platz / Karl-Preis-Platz		POINT(11.605614 48.121146)
352	München	Anzinger Straße	de:09162:1001:3:4	48.121272	11.605641	bus	MATCHED_AMBIGUOUSLY	w389536288	18.9	1.0	Anzinger Straße	145,155,55,N45,N75	Orleansstraße	Karl-Preis-Platz	LINESTRING(11.605641 48.121272,11.605676159566107 48.121103987124144)
353	München	Anzinger Straße	de:09162:1001:3:4	48.121272	11.605641	bus	MATCHED_AMBIGUOUSLY	w389536287	22.2	1.0	Anzinger Straße	145,155,55,N45,N75	Orleansstraße	Orleansstraße	LINESTRING(11.605641 48.121272,11.605824148993534 48.12111447643878)
354	München	Appenzeller Straße	de:09162:1454:3:APP 2	48.093044	11.475412	bus	MATCHED	w396902866	1.5	1.0	Appenzeller Straße	166	Tessiner Straße	Tessiner Straße	LINESTRING(11.475412 48.093044,11.475399957625164 48.09303358816892)
355	München	Arabellapark	de:09162:670:11:11	48.153818	11.620948	bus	NO_MATCH_AND_SEEMS_UNSERVED								POINT(11.620948 48.153818)
356	München	Arabellapark	de:09162:670:18:9	48.153075	11.6204		MATCHED	n11101530257	8.3	1.0	Arabellapark				LINESTRING(11.6204 48.153075,11.620298400000001 48.153105700000005)
357	München	Arabellapark	de:09162:670:19:10	48.153063	11.620894		MATCHED	w399721629	3.8	1.0	Arabellapark				LINESTRING(11.620894 48.153063,11.6208904 48.153097349999996)
358	München	Arabellapark	de:09162:670:2:2	48.153549	11.620598	bus	NO_MATCH_AND_SEEMS_UNSERVED								POINT(11.620598 48.153549)
359	München	Arabellapark	de:09162:670:3:3	48.153315	11.620786	bus	MATCHED	w249761068	0.8	1.0	Arabellapark	185,187	Elektrastraße / Arabellapark Nord	Elektrastraße	LINESTRING(11.620786 48.153315,11.620789808964817 48.153321249854486)
360	München	Arabellapark	de:09162:670:3:4	48.153219	11.619897	bus	MATCHED	w399721631	2.2	1.0	Arabellapark	X30	Arabellapark/Klinikum Bogenh.	Arabellapark/Klinik Bogenhausen	LINESTRING(11.619897 48.153219,11.619926137300707 48.1532206228788)
361	München	Arabellapark	de:09162:670:3:5	48.153213	11.620804	bus	MATCHED	w249761116	1.3	1.0	Arabellapark	185,X30			LINESTRING(11.620804 48.153213,11.620787595886572 48.15321654464591)
362	München	Arabellapark	de:09162:670:3:6	48.153309	11.620184	bus	MATCHED	w249761114	2.4	1.0	Arabellapark	150,X205	Arabellapark Nord / Unterföhring, Apianstraße	Unterföhring, Apianstraße / Arabellapark Nord	LINESTRING(11.620184 48.153309,11.62020694334686 48.15332410959099)
363	München	Arabellapark	de:09162:670:3:8	48.153213	11.62049	bus	MATCHED	w249761115	1.8	1.0	Arabellapark	154,183,184	Arabellapark Nord	Arabellapark Nord	LINESTRING(11.62049 48.153213,11.620466106775819 48.15321752212163)
364	München	Arabellapark	de:09162:670:51:51	48.153579	11.622035	light_rail	MATCHED	n2535330537	1.9	0.87	Arabellapark	U4	Richard-Strauss-Straße		LINESTRING(11.622035 48.153579,11.6220545 48.1535895)
365	München	Arabellapark	de:09162:670:51:52	48.153513	11.622062	light_rail	MATCHED	n248796128	5.8	0.69	Arabellapark	U4			LINESTRING(11.622062 48.153513,11.622068700000002 48.153460700000004)
366	München	Arabellapark	de:09162:670:99:1	48.153279	11.620427		NO_MATCH_AND_SEEMS_UNSERVED								POINT(11.620427 48.153279)
367	München	Arabellapark Nord	de:09162:671:1:1	48.153818	11.620948	bus	MATCHED	w373396534	0.4	1.0	Arabellapark Nord	150,154,184,187,N72	Arabellastraße	Arabellastraße	LINESTRING(11.620948 48.153818,11.6209532 48.15381835000001)
368	München	Arabellapark Nord	de:09162:671:2:2	48.153549	11.620598	bus	MATCHED	w249761070	10.7	1.0	Arabellapark Nord	154,183,184,N72,X205	Arabellapark/Klinikum Bogenh.	Arabellapark/Klinik Bogenhausen	LINESTRING(11.620598 48.153549,11.620455043732031 48.15353957237503)
369	München	Arabellapark/Klinikum Bogenh. 	de:09162:655:1:1	48.15389	11.62296	bus	MATCHED	w249761117	3.2	1.0	Arabellapark/Klinik Bogenhausen	154,183,184,N72,X30	Arabellapark / Arabellapark Nord / Arabellapark	Arabellapark Nord / Arabellapark	LINESTRING(11.62296 48.15389,11.622925046949744 48.153872510397676)
370	München	Arabellapark/Klinikum Bogenh. 	de:09162:655:2:2	48.153609	11.623571	bus	MATCHED	w249761118	4.0	1.0	Arabellapark/Klinik Bogenhausen	154,183,184,N72,X30	Cosimabad / Cosimabad	Cosimabad	LINESTRING(11.623571 48.153609,11.623622552791938 48.15362058226559)
371	München	Arabellapark/Klinikum Bogenh. 	de:09162:655:3:3	48.153711	11.623742	tram	MATCHED	n1540439866	7.1	1.0	Arabellapark/Klinik Bogenhausen	16,17	Cosimabad	Cosimabad	LINESTRING(11.623742 48.153711,11.623836 48.153722200000004)
372	München	Arabellapark/Klinikum Bogenh. 	de:09162:655:3:4	48.153788	11.623742	tram	MATCHED	n1540439867	7.9	1.0	Arabellapark/Klinik Bogenhausen	16,17	Arabellastraße	Arabellastraße	LINESTRING(11.623742 48.153788,11.6236457 48.153758700000004)
373	München	Arabellastraße	de:09162:651:1:1	48.153968	11.616887	bus	MATCHED	w373395541	3.6	1.0	Arabellastraße	150,154,187,N72	Effnerplatz / Effnerplatz / Herzogpark / Odinpark	Odinpark / Herzogpark / Effnerplatz	LINESTRING(11.616887 48.153968,11.616856228704563 48.15394285333524)
374	München	Arabellastraße	de:09162:651:2:2	48.153591	11.617022	bus	MATCHED	w373395540	8.9	1.0	Arabellastraße	150,154,187,N72	Arabellapark Nord / Arabellapark / Arabellapark	Arabellapark / Arabellapark Nord	LINESTRING(11.617022 48.153591,11.616929000000003 48.153641300000004)
375	München	Arabellastraße	de:09162:651:3:3	48.153495	11.618585	tram	MATCHED	n1540446505	15.5	1.0	Arabellastraße	16,17	Arabellapark/Klinikum Bogenh.	Arabellapark/Klinik Bogenhausen	LINESTRING(11.618585 48.153495,11.6187898 48.153519300000006)
376	München	Arabellastraße	de:09162:651:3:4	48.153585	11.618576	tram	MATCHED	n1540446506	12.0	1.0	Arabellastraße	16,17	Effnerplatz	Effnerplatz	LINESTRING(11.618576 48.153585,11.6184224 48.1535517)
377	München	Arcisstraße	de:09162:126:1:1	48.151895	11.570463		NO_MATCH_AND_SEEMS_UNSERVED								POINT(11.570463 48.151895)
378	München	Arcisstraße	de:09162:126:2:2	48.151655	11.570867		NO_MATCH_AND_SEEMS_UNSERVED								POINT(11.570867 48.151655)
379	München	Arcisstraße	de:09162:126:31:71	48.145685	11.565935		NO_MATCH_AND_SEEMS_UNSERVED								POINT(11.565935 48.145685)
380	München	Arcisstraße	de:09162:126:3:3	48.151769	11.570516	bus	MATCHED	w377796542	13.5	1.0	Arcisstraße	153,154	Schellingstraße	Schellingstraße	LINESTRING(11.570516 48.151769,11.5703415052875 48.15180354849744)
381	München	Arcisstraße	de:09162:126:4:4	48.151733	11.57093	bus	MATCHED	w377796541	11.2	1.0	Arcisstraße	153,154	Luisenstraße	Luisenstraße	LINESTRING(11.57093 48.151733,11.571077241276956 48.15171294655434)
382	München	Aschenbrennerstraße	de:09162:788:1:1	48.220028	11.560662	bus	MATCHED	w375853281	0.5	1.0	Aschenbrennerstraße	60,N41	Stösserstraße	Stösserstraße	LINESTRING(11.560662 48.220028,11.560667947188303 48.22002617693124)
383	München	Aschenbrennerstraße	de:09162:788:2:2	48.219717	11.561156		MATCHED	w375853280	3.9	0.68	Aschenbrennerstraße				LINESTRING(11.561156 48.219717,11.561164868380345 48.21968280216972)
384	München	Aschenbrennerstraße	de:09162:788:3:3	48.219962	11.560716	bus	MATCHED	w726866010	10.5	1.0	Aschenbrennerstraße	60,N41,N76	Dülferstraße / Dülferstraße	Dülferstraße	LINESTRING(11.560716 48.219962,11.560596247188297 48.21991267693123)
385	München	Aschheimer Straße	de:09162:1027:1:1	48.121494	11.613124	bus	MATCHED	w373592111	1.1	1.0	Aschheimer Straße	59	Sankt Pius	Sankt Pius	LINESTRING(11.613124 48.121494,11.613108972250945 48.121491800548945)
386	München	Aschheimer Straße	de:09162:1027:2:2	48.120397	11.612612	bus	MATCHED	w373592110	2.0	1.0	Aschheimer Straße	59	Karl-Preis-Platz	Karl-Preis-Platz	LINESTRING(11.612612 48.120397,11.612610111294636 48.12041452581948)
387	München	Aschheimer Straße	de:09162:1027:31:71	48.12102	11.612342		NO_MATCH_AND_SEEMS_UNSERVED								POINT(11.612342 48.12102)
388	München	Asmarstraße	de:09162:1742:1:1	48.172998	11.407194	bus	MATCHED	w379853710	4.2	1.0	Asmarstraße	162,E162,N80	Allinger Straße	Allinger Straße	LINESTRING(11.407194 48.172998,11.407226566386669 48.17302918929504)
389	München	Asmarstraße	de:09162:1742:2:2	48.171974	11.407113	bus	MATCHED	w379853711	2.8	1.0	Asmarstraße	162,E162,N81	Lochhausen	Lochhausen Bahnhof	LINESTRING(11.407113 48.171974,11.407076739554944 48.17196845105)
390	München	Astallerstraße	de:09162:82:1:1	48.135585	11.530335	bus	MATCHED	w385034723	5.1	1.0	Astallerstraße	62	Heimeranplatz	Heimeranplatz	LINESTRING(11.530335 48.135585,11.530289191562236 48.13561948379949)
391	München	Astallerstraße	de:09162:82:2:2	48.135483	11.530649	bus	MATCHED	w385034722	3.4	1.0	Astallerstraße	62	Elsenheimerstraße	Elsenheimerstraße	LINESTRING(11.530649 48.135483,11.530677863980065 48.13545930287324)
392	München	Aubing	de:09162:1710:32:72	48.154112	11.414353		NO_MATCH_AND_SEEMS_UNSERVED								POINT(11.414353 48.154112)
393	München	Aubing	de:09162:1710:32:73	48.153962	11.414317		NO_MATCH_AND_SEEMS_UNSERVED								POINT(11.414317 48.153962)
394	München	Aubing	de:09162:1710:3:2	48.153854	11.413751	bus	MATCHED	w375853282	6.5	1.0	Aubing Bahnhof	143,157	Kunreuthstraße / Neuaubing West	Neuaubing West / Kunreuthstraße	LINESTRING(11.413751 48.153854,11.413832310037945 48.15387481063053)
395	München	Aubing	de:09162:1710:3:3	48.153794	11.413805	bus	MATCHED	w375853283	1.2	1.0	Aubing Bahnhof	143,157	Ubostraße / Aubing-Ost-Straße / Ubostraße	Ubostraße / Aubing-Ost-Straße	LINESTRING(11.413805 48.153794,11.413819321363418 48.15378820451799)
396	München	Aubing	de:09162:1710:41:81	48.155958	11.412826	train	MATCHED	n13803177	35.5	0.47	Aubing	S20,S4	Leienfelsstraße	Leienfelsstraße	LINESTRING(11.412826 48.155958,11.4132984 48.1559132)
397	München	Aubing	de:09162:1710:41:82	48.156048	11.412835	train	MATCHED	n316920606	36.8	0.29	Aubing	S20,S4	Leienfelsstraße / Puchheim / Puchheim / Puchheim	Puchheim	LINESTRING(11.412835 48.156048,11.413322800000001 48.1559942)
398	München	Aubing-Ost-Straße	de:09162:1705:1:1	48.155832	11.417713	bus	MATCHED	n9311631590	10.8	0.67	Aubing-Ost-Straße	157	Elisabeth-Jost-Straße	Elisabeth-Jost-Straße	LINESTRING(11.417713 48.155832,11.4178551 48.1558111)
399	München	Aubing-Ost-Straße	de:09162:1705:2:2	48.155916	11.417704	bus	MATCHED	n9311631591	13.5	0.63	Aubing-Ost-Straße	157	Ubostraße / Aubing	Ubostraße / Aubing Bahnhof	LINESTRING(11.417704 48.155916,11.417884 48.1558982)
400	München	Aubinger Allee	de:09162:1761:1:1	48.146381	11.4059	bus	MATCHED	n11162892790	84.1	0.31	Aubinger Allee	157,57,N77	Otto-Meitinger-Straße	Otto-Meitinger-Straße	LINESTRING(11.4059 48.146381,11.405414100000002 48.1470635)
401	München	Aubinger Allee	de:09162:1761:2:2	48.145985	11.405819	bus	MATCHED	n11162892789	123.3	0.26	Aubinger Allee	157,57,N77	Annemarie-Renger-Straße	Annemarie-Renger-Straße	LINESTRING(11.405819 48.145985,11.4052828 48.1470343)
402	München	Auenbruggerstraße	de:09162:1838:1:1	48.181043	11.449415	bus	MATCHED	n369801055	1.7	1.0	Auenbruggerstraße	164	Gerlachweg	Gerlachweg	LINESTRING(11.449415 48.181043,11.449437600000001 48.1810441)
403	München	Auenbruggerstraße	de:09162:1838:2:2	48.181313	11.449594	bus	MATCHED	n369801052	3.0	1.0	Auenbruggerstraße	164	Pasinger Heuweg	Pasinger Heuweg	LINESTRING(11.449594 48.181313,11.4496274 48.1812976)
404	München	Auenbruggerstraße	de:09162:1838:30:70	48.181199	11.45025		NO_MATCH_AND_SEEMS_UNSERVED								POINT(11.45025 48.181199)
405	München	Auerfeldstraße	de:09162:139:1:1	48.123833	11.596478	bus	MATCHED	w377924337	2.5	0.86	Auerfeldstraße	58,62,N45	Schwester-Eubulina-Platz / Aurbacherstraße	Aurbacherstraße / Schwester-Eubulina-Platz	LINESTRING(11.596478 48.123833,11.596512151228616 48.123832005317375)
406	München	Auerfeldstraße	de:09162:139:2:2	48.123509	11.596038	bus	MATCHED	w377924338	1.5	0.9	Auerfeldstraße	62,68,N45	Orleansstraße	Orleansstraße	LINESTRING(11.596038 48.123509,11.596053014440642 48.1235173982081)
407	München	Aufseßer Platz	de:09162:1703:1:1	48.143342	11.417749		NO_MATCH_AND_SEEMS_UNSERVED								POINT(11.417749 48.143342)
408	München	Aufseßer Platz	de:09162:1703:2:2	48.143288	11.417857		NO_MATCH_AND_SEEMS_UNSERVED								POINT(11.417857 48.143288)
409	München	August-Everding-Straße	de:09162:890:1:1	48.1258	11.609755	bus	MATCHED	w625633667	6.1	1.0	August-Everding-Straße	190,191	Ostbahnhof Friedenstraße	Ostbahnhof Friedenstraße	LINESTRING(11.609755 48.1258,11.609683602799626 48.12582685726175)
410	München	August-Everding-Straße	de:09162:890:2:2	48.12532	11.61024	bus	MATCHED	w625633671	5.6	1.0	August-Everding-Straße	190,191	Sankt Pius	Sankt Pius	LINESTRING(11.61024 48.12532,11.610297350000003 48.12528800000001)
411	München	Augustenfelder Straße	de:09162:1835:31:71	48.199393	11.444222		NO_MATCH_AND_SEEMS_UNSERVED								POINT(11.444222 48.199393)
412	München	Augustenfelder Straße	de:09162:1835:3:AUG 1	48.20062	11.443998	bus	MATCHED	w398731639	2.2	1.0	Augustenfelder Straße	164	Hauseggerstraße / Karl-Hänel-Straße	Karl-Hänel-Straße / Hauseggerstraße	LINESTRING(11.443998 48.20062,11.44396905 48.20061955)
413	München	Augustenstraße	de:09162:128:1:1	48.153207	11.565872	bus	MATCHED	w377796543	4.5	1.0	Augustenstraße	153,154	Josephsplatz	Josephsplatz	LINESTRING(11.565872 48.153207,11.565915974495661 48.15317939341621)
414	München	Augustenstraße	de:09162:128:2:2	48.153045	11.565953	bus	MATCHED	w377796544	8.4	1.0	Augustenstraße	153,154	Luisenstraße	Luisenstraße	LINESTRING(11.565953 48.153045,11.565848047347648 48.15307185634168)
415	München	Augustenstraße	de:09162:128:31:71	48.153009	11.565576		NO_MATCH_AND_SEEMS_UNSERVED								POINT(11.565576 48.153009)
416	München	Augustin-Rösch-Straße	de:09162:401:1:1	48.201345	11.563492	bus	MATCHED	w384211891	1.0	0.92	Augustin-Rösch-Straße	179	Olschewskibogen	Olschewskibogen	LINESTRING(11.563492 48.201345,11.56350171878959 48.20133924809281)
417	München	Augustin-Rösch-Straße	de:09162:401:2:2	48.201219	11.563608	bus	MATCHED	w384211892	9.2	0.69	Augustin-Rösch-Straße	179	Pulverturm	Pulverturm	LINESTRING(11.563608 48.201219,11.563486287502698 48.20120229819112)
418	München	Augustin-Rösch-Straße	de:09162:401:3:3	48.201542	11.564022	bus	MATCHED	n5538148124	1.6	0.89	Augustin-Rösch-Straße	172	Pulverturm	Pulverturm	LINESTRING(11.564022 48.201542,11.564038400000001 48.201551)
419	München	Augustin-Rösch-Straße	de:09162:401:4:4	48.201548	11.56439	bus	MATCHED	n5538148126	17.8	0.58	Augustin-Rösch-Straße	172	Weyprechtstraße	Weyprechtstraße	LINESTRING(11.56439 48.201548,11.5643562 48.2017065)
420	München	Aurbacherstraße	de:09162:152:1:1	48.122394	11.589965	bus	MATCHED	w383544644	4.7	0.79	Aurbacherstraße	58	Carl-Amery-Platz	Carl-Amery-Platz	LINESTRING(11.589965 48.122394,11.59002795828291 48.12239941181083)
421	München	Aurbacherstraße	de:09162:152:2:2	48.122418	11.590827	bus	MATCHED	w383544645	1.2	0.91	Aurbacherstraße	68	Auerfeldstraße	Auerfeldstraße	LINESTRING(11.590827 48.122418,11.590820894120625 48.12240763925701)
422	München	Aurikelstraße	de:09162:1402:3:AUR 1	48.108342	11.491025	bus	MATCHED	w380595047	4.8	1.0	Aurikelstraße	54	Lorettoplatz		LINESTRING(11.491025 48.108342,11.491007831270332 48.10830014035957)
423	München	Aurikelstraße	de:09162:1402:3:AUR 2	48.108036	11.491043	bus	MATCHED	w380595044	2.7	1.0	Aurikelstraße	54	Kornwegerstraße	Kornwegerstraße	LINESTRING(11.491043 48.108036,11.491012611357108 48.10802287950877)
424	München	Authariplatz	de:09162:1121:1:1	48.09224	11.562692	tram	MATCHED	n202778016	3.4	0.77	Authariplatz	25,N27	Theodolindenplatz	Theodolindenplatz	LINESTRING(11.562692 48.09224,11.5627022 48.092210200000004)
425	München	Authariplatz	de:09162:1121:2:2	48.09179	11.562414	tram	MATCHED	n1493399025	3.5	1.0	Authariplatz	25,N27	Tiroler Platz	Tiroler Platz	LINESTRING(11.562414 48.09179,11.5623822 48.091813)
426	München	Authariplatz	de:09162:1121:31:21	48.092312	11.562548		NO_MATCH_AND_SEEMS_UNSERVED								POINT(11.562548 48.092312)
427	München	Authariplatz	de:09162:1121:32:22	48.091754	11.562602		MATCHED	n3196103361	28.3	0.26	Authariplatz				LINESTRING(11.562602 48.091754,11.562561700000002 48.092007300000006)
428	München	Authariplatz	de:09162:1121:33:73	48.091694	11.561893		NO_MATCH_AND_SEEMS_UNSERVED								POINT(11.561893 48.091694)
429	München	Autharistraße	de:09162:1172:1:1	48.090056	11.562998	bus	MATCHED	w391474783	2.0	1.0	Autharistraße	139	Theodolindenstraße	Theodolindenstraße	LINESTRING(11.562998 48.090056,11.563021525757408 48.090064111039766)
430	München	Autharistraße	de:09162:1172:2:2	48.09044	11.56412	bus	MATCHED	w391474782	1.6	1.0	Autharistraße	139	Griechenstraße	Griechenstraße	LINESTRING(11.56412 48.09044,11.564104920844935 48.09044984996401)
431	München	Autobus Brettschneider	de:09162:20102:1:1	48.141034	11.682402		NO_MATCH_AND_SEEMS_UNSERVED								POINT(11.682402 48.141034)
432	München	Autobus Oberbayern	de:09162:20003:0:AOBB1	48.198285	11.614678		NO_MATCH_AND_SEEMS_UNSERVED								POINT(11.614678 48.198285)
433	München	Autobus Oberbayern	de:09162:20003:0:AOBB2	48.198243	11.61466		NO_MATCH_AND_SEEMS_UNSERVED								POINT(11.61466 48.198243)
434	München	Avenariusplatz	de:09162:1666:39:71	48.143731	11.448867		NO_MATCH_AND_SEEMS_UNSERVED								POINT(11.448867 48.143731)
435	München	Avenariusplatz	de:09162:1666:39:72	48.143767	11.448534		NO_MATCH_AND_SEEMS_UNSERVED								POINT(11.448534 48.143767)
436	München	Avenariusplatz	de:09162:1666:3:AVE 1	48.142065	11.450286	bus	MATCHED	w435817309	7.4	1.0	Avenariusplatz	160	Krankenhaus Pasing	Krankenhaus Pasing	LINESTRING(11.450286 48.142065,11.450207050000001 48.142024850000006)
437	München	Avenariusplatz	de:09162:1666:3:AVE 2	48.142125	11.450106	bus	MATCHED	w435817310	3.8	1.0	Avenariusplatz	160	Wehnerstraße	Wehnerstraße	LINESTRING(11.450106 48.142125,11.450136842436226 48.14209743505079)
438	München	BMW-FIZ	de:09162:755:1:1	48.193423	11.569959		MATCHED	w384211893	6.2	1.0	BMW-FIZ			Am Hart Süd	LINESTRING(11.569959 48.193423,11.569877794160929 48.19343575571242)
439	München	BMW-FIZ	de:09162:755:1:2	48.19353	11.569959		MATCHED	w384211894	10.5	1.0	BMW-FIZ			Max-Diamand-Straße	LINESTRING(11.569959 48.19353,11.56981879891963 48.19354138438023)
440	München	BMW-FIZ	de:09162:755:31:71	48.193476	11.570777		NO_MATCH_AND_SEEMS_UNSERVED								POINT(11.570777 48.193476)
441	München	BMW-FIZ	de:09162:755:32:72	48.19356	11.570525		NO_MATCH_AND_SEEMS_UNSERVED								POINT(11.570525 48.19356)
442	München	BMW-FIZ	de:09162:755:3:3	48.193482	11.570759	bus	NO_MATCH_BUT_OTHER_PLATFORM_MATCHED					172	Am Hart Süd		POINT(11.570759 48.193482)
443	München	BMW-FIZ	de:09162:755:4:4	48.193566	11.570534	bus	NO_MATCH_BUT_OTHER_PLATFORM_MATCHED					172	Max-Diamand-Straße		POINT(11.570534 48.193566)
444	München	BMW-Museum	de:09162:9985:71:71	48.177311	11.557401		NO_MATCH_AND_SEEMS_UNSERVED								POINT(11.557401 48.177311)
445	München	Baaderstraße	de:09162:115:3:BAA 1	48.129919	11.578386	bus	MATCHED	w391263782	3.7	1.0	Baaderstraße	52,62	Schweigerstraße	Schweigerstraße	LINESTRING(11.578386 48.129919,11.578361711817179 48.1299483334934)
446	München	Baaderstraße	de:09162:115:3:BAA 2	48.130069	11.57844	bus	MATCHED	w391263795	1.1	1.0	Baaderstraße	52,62	Gärtnerplatztheater	Gärtnerplatztheater	LINESTRING(11.57844 48.130069,11.578437057887507 48.13005961053566)
447	München	Baaderstraße	de:09162:115:71:71	48.129104	11.579347		NO_MATCH_AND_SEEMS_UNSERVED								POINT(11.579347 48.129104)
448	München	Baaderstraße	de:09162:115:72:72	48.129235	11.578916		NO_MATCH_AND_SEEMS_UNSERVED								POINT(11.578916 48.129235)
449	München	Bad Forstenried	de:09162:1415:1:1	48.087055	11.499271	bus	MATCHED	w396706800	0.7	1.0	Bad Forstenried	134	Hatzelweg	Hatzelweg	LINESTRING(11.499271 48.087055,11.49928032538411 48.08705589852989)
450	München	Bad Forstenried	de:09162:1415:2:2	48.086947	11.499801	bus	MATCHED	w396706796	7.0	1.0	Bad Forstenried	134	Stäblistraße	Stäblistraße	LINESTRING(11.499801 48.086947,11.499717250000002 48.086918600000004)
451	München	Bad Maria Einsiedel	de:09162:1142:3:BME 1	48.096764	11.547097	bus	MATCHED	w376756185	2.9	1.0	Bad Maria Einsiedel	135	Floßlände	Floßlände	LINESTRING(11.547097 48.096764,11.54708045 48.096740749999995)
452	München	Bad-Schachener-Straße	de:09162:997:30:70	48.119665	11.624281	bus	NO_MATCH_BUT_OTHER_PLATFORM_MATCHED					199	Michaelibad		POINT(11.624281 48.119665)
453	München	Bad-Schachener-Straße	de:09162:997:3:BSS 1	48.119917	11.624676	bus	MATCHED	w387528941	1.7	1.0	Bad-Schachener-Straße	199	Michaelibad		LINESTRING(11.624676 48.119917,11.624667219911917 48.119902998571874)
454	München	Bad-Schachener-Straße	de:09162:997:3:BSS 2	48.119851	11.624173	bus	MATCHED	w387528937	0.5	1.0	Bad-Schachener-Straße	199	Krumbadstraße	Krumbadstraße	LINESTRING(11.624173 48.119851,11.624179730056838 48.1198519986376)
455	München	Bahnstraße	de:09162:930:1:1	48.115161	11.695724	bus	MATCHED	w372058848	3.2	1.0	Bahnstraße	193,N79	Phantasiestraße	Phantasiestraße	LINESTRING(11.695724 48.115161,11.695684493616085 48.115171800202525)
456	München	Bahnstraße	de:09162:930:2:2	48.115833	11.694834	bus	MATCHED	w372058847	1.4	1.0	Bahnstraße	193,N79	Drosselweg	Drosselweg	LINESTRING(11.694834 48.115833,11.694819497060672 48.11582509011458)
457	München	Baierbrunner Straße	de:09162:1301:1:1	48.09233	11.530137	bus	MATCHED	w376756186	1.6	1.0	Baierbrunner Straße	136	Siemenswerke	Siemenswerke	LINESTRING(11.530137 48.09233,11.530140396475767 48.092315340972945)
458	München	Baierbrunner Straße	de:09162:1301:2:2	48.09236	11.529949	bus	MATCHED	w376756187	4.3	1.0	Baierbrunner Straße	136	Carola-Neher-Straße	Carola-Neher-Straße	LINESTRING(11.529949 48.09236,11.529986265383776 48.09238908693684)
459	München	Bajuwarenstraße	de:09162:909:1:1	48.123521	11.667346	bus	MATCHED	w466658538	4.4	1.0	Bajuwarenstraße	139,185,192,194,E185,N79	Schmuckerweg	Schmuckerweg	LINESTRING(11.667346 48.123521,11.6673254 48.123557850000005)
460	München	Bajuwarenstraße	de:09162:909:3:2	48.123245	11.666394	bus	MATCHED	w466658546	3.5	1.0	Bajuwarenstraße	139,193	Trudering / Trudering	Trudering Bahnhof	LINESTRING(11.666394 48.123245,11.666397412807237 48.123276409095226)
461	München	Bajuwarenstraße	de:09162:909:3:3	48.123263	11.666232	bus	MATCHED	w466658547	3.9	1.0	Bajuwarenstraße	139,193	Halligenplatz / Wasserburger Landstraße	Wasserburger Landstraße / Halligenplatz	LINESTRING(11.666232 48.123263,11.66625905555464 48.12329297292036)
462	München	Bajuwarenstraße	de:09162:909:4:4	48.123683	11.667427	bus	MATCHED	w466658540	10.8	1.0	Bajuwarenstraße	139,185,192,194,E185,N79	Trudering / Trudering / Trudering	Trudering Bahnhof	LINESTRING(11.667427 48.123683,11.667484397528234 48.123593366378365)
463	München	Balanstraße	de:09162:1056:1:1	48.10854	11.603314	bus	MATCHED	w373592113	2.0	1.0	Balanstraße	139,59	Chiemgaustraße	Chiemgaustraße	LINESTRING(11.603314 48.10854,11.603339611416697 48.108533892722384)
464	München	Balanstraße	de:09162:1056:2:2	48.10821	11.603934	bus	MATCHED	w373592112	5.3	1.0	Balanstraße	139,145,N75	Ständlerstraße	Ständlerstraße	LINESTRING(11.603934 48.10821,11.603978467290231 48.10817270087178)
465	München	Balanstraße	de:09162:1056:3:3	48.109074	11.604149	bus	MATCHED	w373592114	1.8	1.0	Balanstraße	145,N75	Klagenfurter Straße	Klagenfurter Straße	LINESTRING(11.604149 48.109074,11.604148051465984 48.109057730949544)
466	München	Balanstraße	de:09162:1056:4:4	48.108534	11.604814	bus	MATCHED	w373592115	4.7	1.0	Balanstraße	59	Langbürgener Straße	Langbürgener Straße	LINESTRING(11.604814 48.108534,11.604755112077795 48.10854854947428)
467	München	Baldeplatz	de:09162:61:1:1	48.123425	11.567076	bus	MATCHED	w373538957	5.4	1.0	Baldeplatz	58,N45	Kapuzinerstraße	Kapuzinerstraße	LINESTRING(11.567076 48.123425,11.567064278019798 48.12347294546059)
468	München	Baldeplatz	de:09162:61:2:2	48.123239	11.567022	bus	MATCHED	w373538956	2.8	1.0	Baldeplatz	68,N45	Claude-Lorrain-Straße	Claude-Lorrain-Straße	LINESTRING(11.567022 48.123239,11.567058421249376 48.1232316186245)
469	München	Baldeplatz	de:09162:61:30:70	48.123887	11.565073		NO_MATCH_AND_SEEMS_UNSERVED								POINT(11.565073 48.123887)
470	München	Baldeplatz	de:09162:61:3:3	48.122814	11.56695	bus	MATCHED	w369716789	4.4	1.0	Baldeplatz	132	Klenzestraße	Klenzestraße	LINESTRING(11.56695 48.122814,11.566894848030996 48.12279879993933)
471	München	Baldeplatz	de:09162:61:4:4	48.123779	11.567022	bus	MATCHED	w369716790	4.4	1.0	Baldeplatz	132	Roecklplatz	Roecklplatz	LINESTRING(11.567022 48.123779,11.56697975341483 48.12375118677874)
472	München	Barbarastraße	de:09162:107:1:1	48.161411	11.558695		NO_MATCH_AND_SEEMS_UNSERVED								POINT(11.558695 48.161411)
473	München	Barbarastraße	de:09162:107:1:2	48.161303	11.559108		NO_MATCH_AND_SEEMS_UNSERVED								POINT(11.559108 48.161303)
474	München	Barbarastraße	de:09162:107:31:71	48.161495	11.558838		NO_MATCH_AND_SEEMS_UNSERVED								POINT(11.558838 48.161495)
475	München	Barbarastraße	de:09162:107:32:72	48.161267	11.557554		MATCHED	n3871729670	20.4	0.32	Barbarastraße				LINESTRING(11.557554 48.161267,11.557437700000001 48.1614335)
476	München	Barbarastraße	de:09162:107:3:3	48.161381	11.557599		MATCHED_AMBIGUOUSLY	n3816156405	21.9	1.0	Barbarastraße	12,53,59,N43	Nordbad	Nordbad	LINESTRING(11.557599 48.161381,11.557892200000001 48.1613954)
477	München	Barbarastraße	de:09162:107:3:3	48.161381	11.557599		MATCHED_AMBIGUOUSLY	w309120843	6.4	1.0	Barbarastraße	12,53,59,N43	Nordbad	Nordbad	LINESTRING(11.557599 48.161381,11.55751260879577 48.161378028611956)
478	München	Barbarastraße	de:09162:107:4:4	48.161471	11.557599		MATCHED_AMBIGUOUSLY	n3348494394	29.4	1.0	Barbarastraße	12,53,59,N44	Infanteriestraße	Infanteriestraße	LINESTRING(11.557599 48.161471,11.557204700000002 48.161450300000006)
479	München	Barbarastraße	de:09162:107:4:4	48.161471	11.557599		MATCHED_AMBIGUOUSLY	w309120846	3.6	1.0	Barbarastraße	12,53,59,N44	Infanteriestraße	Infanteriestraße	LINESTRING(11.557599 48.161471,11.557553612340994 48.16146045347673)
480	München	Barlachstraße	de:09162:513:3:BAR 1	48.177521	11.575736	bus	MATCHED	w372415479	3.3	1.0	Barlachstraße	142	Klopstockstraße	Klopstockstraße	LINESTRING(11.575736 48.177521,11.575697895094976 48.177537059370714)
481	München	Barthstraße	de:09162:64:2:1	48.140321	11.530443	tram	MATCHED	n292919796	4.9	1.0	Barthstraße	18,19,N19	Am Lokschuppen	Am Lokschuppen	LINESTRING(11.530443 48.140321,11.5304794 48.140284400000006)
482	München	Barthstraße	de:09162:64:2:2	48.140273	11.530011	tram	MATCHED	n1187566616	5.6	1.0	Barthstraße	18,19,N19	Trappentreustraße	Trappentreustraße	LINESTRING(11.530011 48.140273,11.5299431 48.1402943)
483	München	Barthstraße	de:09162:64:31:21	48.14044	11.53002		NO_MATCH_AND_SEEMS_UNSERVED								POINT(11.53002 48.14044)
484	München	Barthstraße	de:09162:64:32:22	48.140171	11.529931		NO_MATCH_AND_SEEMS_UNSERVED								POINT(11.529931 48.140171)
485	München	Basler Straße	de:09162:1490:31:41	48.091598	11.491887		NO_MATCH_AND_SEEMS_UNSERVED								POINT(11.491887 48.091598)
486	München	Basler Straße	de:09162:1490:32:42	48.091658	11.491698		NO_MATCH_AND_SEEMS_UNSERVED								POINT(11.491698 48.091658)
487	München	Basler Straße	de:09162:1490:51:51	48.09122	11.49115	light_rail	MATCHED	n73712339	6.9	0.66	Basler Straße	U3	Fürstenried West / Forstenrieder Allee		LINESTRING(11.49115 48.09122,11.4912395 48.0912349)
488	München	Basler Straße	de:09162:1490:51:52	48.091244	11.491096	light_rail	MATCHED	n2650093514	6.9	0.66	Basler Straße	U3	Fürstenried West / Fürstenried West		LINESTRING(11.491096 48.091244,11.491107900000001 48.0913057)
489	München	Bastian-Schmid-Platz	de:09162:1344:31:71	48.085015	11.513626		NO_MATCH_AND_SEEMS_UNSERVED								POINT(11.513626 48.085015)
490	München	Bastian-Schmid-Platz	de:09162:1344:31:72	48.084913	11.513554		NO_MATCH_AND_SEEMS_UNSERVED								POINT(11.513554 48.084913)
491	München	Bastian-Schmid-Platz	de:09162:1344:3:BSP 1	48.085141	11.513321	bus	MATCHED	w376756189	1.1	1.0	Bastian-Schmid-Platz	136	Glötzleweg	Glötzleweg	LINESTRING(11.513321 48.085141,11.513308285734599 48.08513552011913)
492	München	Bastian-Schmid-Platz	de:09162:1344:3:BSP 2	48.085051	11.513168	bus	MATCHED	w376756188	0.4	1.0	Bastian-Schmid-Platz	136	Hofbrunnstraße	Hofbrunnstraße	LINESTRING(11.513168 48.085051,11.513166196435721 48.08504754312193)
493	München	Batschkastraße	de:09162:948:1:1	48.114148	11.667166	bus	MATCHED	w466644125	1.7	1.0	Batschkastraße	194,195,N79	Spertentalstraße / Spertentalstraße	Spertentalstraße	LINESTRING(11.667166 48.114148,11.667142578023167 48.114146726457015)
494	München	Batschkastraße	de:09162:948:2:2	48.114885	11.667535	bus	MATCHED	w466644126	2.1	1.0	Batschkastraße	194,195,N79	Himalajastraße / Himalajastraße	Himalajastraße	LINESTRING(11.667535 48.114885,11.667508999856379 48.114878860083714)
495	München	Baubergerstraße	de:09162:231:2:2	48.176557	11.505559	bus	NO_MATCH_BUT_OTHER_PLATFORM_MATCHED					51	Bunzlauer Platz		POINT(11.505559 48.176557)
496	München	Baubergerstraße	de:09162:231:3:BAB 1	48.177096	11.506008	bus	MATCHED_AMBIGUOUSLY	w1168126888	79.2	1.0	Baubergerstraße	51	Warschauer Straße	Bunzlauer Platz	LINESTRING(11.506008 48.177096,11.505368075914257 48.176526169100754)
497	München	Baubergerstraße	de:09162:231:3:BAB 1	48.177096	11.506008	bus	MATCHED_AMBIGUOUSLY	w395816256	1.3	1.0	Baubergerstraße	51	Warschauer Straße	Warschauer Straße	LINESTRING(11.506008 48.177096,11.506024741590027 48.17709853383541)
498	München	Baumann	de:09162:20004:0:BAUM1	48.091814	11.50458		NO_MATCH_AND_SEEMS_UNSERVED								POINT(11.50458 48.091814)
499	München	Baumann	de:09162:20004:0:BAUM2	48.091802	11.504724		NO_MATCH_AND_SEEMS_UNSERVED								POINT(11.504724 48.091802)
500	München	Baumgartnerstraße	de:09162:1232:1:1	48.125734	11.536165	bus	MATCHED	w389671804	7.9	1.0	Baumgartnerstraße	134,62,N44	Herzog-Ernst-Platz / Herzog-Ernst-Platz / Herzog-Ernst-Platz	Herzog-Ernst-Platz	LINESTRING(11.536165 48.125734,11.536271363517201 48.12573099345418)
501	München	Baumgartnerstraße	de:09162:1232:2:2	48.126681	11.535761	bus	MATCHED	w389671807	3.4	1.0	Baumgartnerstraße	130,157,62,N43	Hansapark	Hansapark	LINESTRING(11.535761 48.126681,11.53576185 48.12665040000002)
502	München	Baumgartnerstraße	de:09162:1232:3:3	48.125938	11.535554	bus	MATCHED	w389671805	2.1	1.0	Baumgartnerstraße	130,134,157	Fuggerstraße	Fuggerstraße	LINESTRING(11.535554 48.125938,11.535532099538182 48.12592614751621)
503	München	Baumkirchner Platz	de:09162:893:1:1	48.13092	11.632051	bus	MATCHED	w400644780	2.1	1.0	Baumkirchner Platz	187,190,191	Berg am Laim Bf. (Süd)	Berg am Laim Bahnhof (Süd)	LINESTRING(11.632051 48.13092,11.632033959399642 48.13090501830385)
504	München	Baumkirchner Platz	de:09162:893:2:2	48.130962	11.631862	bus	MATCHED	w400644781	3.3	1.0	Baumkirchner Platz	187,190,191	Neumarkter Straße / Baumkirchner Straße	Baumkirchner Straße / Neumarkter Straße	LINESTRING(11.631862 48.130962,11.631861361086388 48.13093197764567)
505	München	Baumkirchner Platz	de:09162:893:31:71	48.13074	11.631377		NO_MATCH_AND_SEEMS_UNSERVED								POINT(11.631377 48.13074)
506	München	Baumkirchner Platz	de:09162:893:32:72	48.130453	11.63224		NO_MATCH_AND_SEEMS_UNSERVED								POINT(11.63224 48.130453)
507	München	Baumkirchner Straße	de:09162:903:2:1	48.128408	11.629994	tram	MATCHED	n1237837496	4.5	1.0	Baumkirchner Straße	21,N19	Mutschellestraße	Mutschellestraße	LINESTRING(11.629994 48.128408,11.6300536 48.1284128)
508	München	Baumkirchner Straße	de:09162:903:2:2	48.128504	11.629985	tram	MATCHED	n898181990	11.6	1.0	Baumkirchner Straße	21,N19	Schlüsselbergstraße	Schlüsselbergstraße	LINESTRING(11.629985 48.128504,11.6298299 48.128497800000005)
509	München	Baumkirchner Straße	de:09162:903:31:21	48.1283	11.629985		MATCHED	n3186232269	17.8	0.35	Baumkirchner Straße				LINESTRING(11.629985 48.1283,11.6299373 48.1284573)
510	München	Baumkirchner Straße	de:09162:903:32:22	48.128558	11.630174		NO_MATCH_AND_SEEMS_UNSERVED								POINT(11.630174 48.128558)
511	München	Baumkirchner Straße	de:09162:903:3:3	48.128078	11.630937		MATCHED	w400644782	1.6	1.0	Baumkirchner Straße			Josephsburg	LINESTRING(11.630937 48.128078,11.630957951808512 48.12807496575841)
512	München	Baumkirchner Straße	de:09162:903:4:4	48.128642	11.630784		NO_MATCH_AND_SEEMS_UNSERVED								POINT(11.630784 48.128642)
513	München	Baumkirchner Straße	de:09162:903:5:5	48.12833	11.631045	bus	MATCHED	w400644783	20.4	1.0	Baumkirchner Straße	187	Baumkirchner Platz	Baumkirchner Platz	LINESTRING(11.631045 48.12833,11.631275645914917 48.12823035830111)
514	München	Baumkirchner Straße	de:09162:903:6:6	48.127916	11.631629	bus	NO_MATCH_BUT_OTHER_PLATFORM_MATCHED					187	Josephsburg		POINT(11.631629 48.127916)
515	München	Bauseweinallee	de:09162:1770:1:1	48.174855	11.47278	bus	MATCHED	w444978242	1.7	1.0	Bauseweinallee	158	Stücklenstraße	Stücklenstraße	LINESTRING(11.47278 48.174855,11.472757800000002 48.174854100000005)
516	München	Bayerischer Rundfunk	de:09162:548:1:1	48.190111	11.627443	bus	MATCHED	w372415396	21.4	1.0	Bayerischer Rundfunk	181	Sondermeierstraße	Sondermeierstraße	LINESTRING(11.627443 48.190111,11.627350463140141 48.19029319511353)
517	München	Bayerstraße	de:09162:90001	48.139134	11.561048		NO_MATCH_AND_SEEMS_UNSERVED								POINT(11.561048 48.139134)
518	München	Bayerwaldstraße	de:09162:999:3:BWS 1	48.088304	11.628134	bus	MATCHED	w466647731	8.1	1.0	Bayerwaldstraße	196	Nailastraße	Nailastraße	LINESTRING(11.628134 48.088304,11.628075250000002 48.08824320000001)
519	München	Bayerwaldstraße	de:09162:999:3:BWS 2	48.088604	11.628296	bus	MATCHED	w466647730	9.6	1.0	Bayerwaldstraße	196	Weidener Straße	Weidener Straße	LINESTRING(11.628296 48.088604,11.62830675 48.088518300000004)
520	München	Beethovenplatz	de:09162:57:31:71	48.132401	11.558398		NO_MATCH_AND_SEEMS_UNSERVED								POINT(11.558398 48.132401)
521	München	Beethovenplatz	de:09162:57:32:72	48.132629	11.558551		NO_MATCH_AND_SEEMS_UNSERVED								POINT(11.558551 48.132629)
522	München	Beethovenplatz	de:09162:57:3:BEE 1	48.133217	11.558075	bus	MATCHED	w373538988	0.7	1.0	Beethovenplatz	58	Georg-Hirth-Platz	Georg-Hirth-Platz	LINESTRING(11.558075 48.133217,11.5580662183277 48.133215818600924)
523	München	Beethovenplatz	de:09162:57:3:BEE 2	48.133133	11.557967	bus	MATCHED	w373538990	3.8	1.0	Beethovenplatz	68	Goetheplatz	Goetheplatz	LINESTRING(11.557967 48.133133,11.557924506341228 48.1331523085918)
524	München	Bellinzonastraße	de:09162:1437:1:1	48.093236	11.481278	bus	MATCHED	w393515009	5.4	1.0	Bellinzonastraße	166,56	Ehrenmal / Tischlerstraße	Tischlerstraße / Ehrenmal	LINESTRING(11.481278 48.093236,11.481260650000001 48.093188749999996)
525	München	Bellinzonastraße	de:09162:1437:2:2	48.093584	11.481152	bus	MATCHED	w393515008	1.9	1.0	Bellinzonastraße	56	Fürstenried West		LINESTRING(11.481152 48.093584,11.481162900000001 48.09356820000001)
526	München	Benderstraße	de:09162:1767:1:1	48.172381	11.46456	bus	MATCHED	w444978244	0.3	1.0	Benderstraße	158	Im Wismat	Im Wismat	LINESTRING(11.46456 48.172381,11.46455795 48.17238380000001)
527	München	Benedikterstraße	de:09162:1727:1:1	48.14038	11.468845	bus	MATCHED	w389525283	6.1	1.0	Benedikterstraße	57	Westbad	Westbad	LINESTRING(11.468845 48.14038,11.46876656779856 48.14036507337767)
528	München	Benedikterstraße	de:09162:1727:2:2	48.140404	11.467866	bus	MATCHED	w389525284	4.3	1.0	Benedikterstraße	57	Weinbergerstraße	Weinbergerstraße	LINESTRING(11.467866 48.140404,11.46792132635509 48.14039452643951)
529	München	Berduxstraße	de:09162:1859:1:1	48.151697	11.480505	bus	NO_MATCH_BUT_OTHER_PLATFORM_MATCHED					161,180,N77	Peter-Anders-Straße / Schmaedelstraße		POINT(11.480505 48.151697)
530	München	Berduxstraße	de:09162:1859:2:2	48.151589	11.479814		MATCHED	n8555132966	63.8	1.0	Berduxstraße			Schmaedelstraße / Peter-Anders-Straße	LINESTRING(11.479814 48.151589,11.480671800000001 48.151589200000004)
531	München	Berg am Laim	de:09162:910:10:10	48.136244	11.634459		NO_MATCH_AND_SEEMS_UNSERVED								POINT(11.634459 48.136244)
532	München	Berg am Laim	de:09162:910:1:1	48.133121	11.633722		NO_MATCH_AND_SEEMS_UNSERVED								POINT(11.633722 48.133121)
533	München	Berg am Laim	de:09162:910:32:72	48.136772	11.634036		NO_MATCH_AND_SEEMS_UNSERVED								POINT(11.634036 48.136772)
534	München	Berg am Laim	de:09162:910:32:73	48.13661	11.634117		NO_MATCH_AND_SEEMS_UNSERVED								POINT(11.634117 48.13661)
535	München	Berg am Laim	de:09162:910:33:73	48.136094	11.63506		NO_MATCH_AND_SEEMS_UNSERVED								POINT(11.63506 48.136094)
536	München	Berg am Laim	de:09162:910:3:2	48.132773	11.632545		NO_MATCH_AND_SEEMS_UNSERVED						Trudering / Riem		POINT(11.632545 48.132773)
537	München	Berg am Laim	de:09162:910:3:3	48.132893	11.632347		NO_MATCH_AND_SEEMS_UNSERVED						Ampfingstraße		POINT(11.632347 48.132893)
538	München	Berg am Laim	de:09162:910:41:81	48.13396	11.633138	train	MATCHED	n494089565	25.7	0.53	Berg am Laim	S2,S4,S6	Riem / Riem / Trudering / Riem / Trudering	Trudering / Riem	LINESTRING(11.633138 48.13396,11.6334803 48.13393060000001)
539	München	Berg am Laim	de:09162:910:41:82	48.134056	11.633165	train	MATCHED	n60023416	28.6	0.51	Berg am Laim	S2,S4,S6	Leuchtenbergring	Leuchtenbergring	LINESTRING(11.633165 48.134056,11.6335457 48.1340189)
540	München	Berg am Laim	de:09162:910:4:4	48.133288	11.632815		NO_MATCH_AND_SEEMS_UNSERVED								POINT(11.632815 48.133288)
541	München	Berg am Laim	de:09162:910:5:5	48.132995	11.633632		NO_MATCH_AND_SEEMS_UNSERVED								POINT(11.633632 48.132995)
542	München	Berg am Laim	de:09162:910:6:6	48.135842	11.633641	bus	MATCHED	w459244167	8.5	1.0	Berg am Laim Bahnhof	185,187,190,191,E185	Zamdorfer Straße / Kastenbauerstraße	Kastenbauerstraße / Zamdorfer Straße	LINESTRING(11.633641 48.135842,11.633606007633123 48.135768790922555)
543	München	Berg am Laim	de:09162:910:71:71	48.130728	11.631287		NO_MATCH_AND_SEEMS_UNSERVED								POINT(11.631287 48.130728)
544	München	Berg am Laim	de:09162:910:7:7	48.135657	11.6333	bus	MATCHED	w459244171	8.3	0.59	Berg am Laim Bahnhof	185,187,190,191,E185	Berg am Laim Bf. (Süd) / Berg am Laim Bf. (Süd)	Berg am Laim Bahnhof (Süd)	LINESTRING(11.6333 48.135657,11.633304025461772 48.13573114166629)
545	München	Berg am Laim	de:09162:910:8:8	48.1361	11.634144	tram	MATCHED	n3133627250	4.1	0.45	Berg am Laim Bahnhof	19	Riedenburger Straße	Riedenburger Straße	LINESTRING(11.634144 48.1361,11.6341169 48.136067600000004)
546	München	Berg am Laim	de:09162:910:8:9	48.135998	11.63418		MATCHED	n3133627249	5.1	0.44	Berg am Laim Bahnhof				LINESTRING(11.63418 48.135998,11.6341184 48.136017900000006)
547	München	Berg am Laim Bf. (Süd)	de:09162:899:1:1	48.133007	11.632437	bus	MATCHED	w400644784	11.4	1.0	Berg am Laim Bahnhof (Süd)	187,190,191	Baumkirchner Platz	Baumkirchner Platz	LINESTRING(11.632437 48.133007,11.632364516180232 48.132916890533224)
548	München	Berg am Laim Bf. (Süd)	de:09162:899:1:2	48.132773	11.632545	bus	MATCHED	w400644785	2.9	1.0	Berg am Laim Bahnhof (Süd)	187,190,191	Berg am Laim	Berg am Laim Bahnhof	LINESTRING(11.632545 48.132773,11.632544149295171 48.132747357397236)
549	München	Berg am Laim Bf. (Süd)	de:09162:899:3:3	48.133264	11.633066	bus	MATCHED	w400644786	5.4	1.0	Berg am Laim Bahnhof (Süd)	185,E185	Berg am Laim	Berg am Laim Bahnhof	LINESTRING(11.633066 48.133264,11.633137731374742 48.133272363026386)
550	München	Berg am Laim Bf. (Süd)	de:09162:899:5:5	48.132995	11.633632	bus	MATCHED	w469210450	25.3	1.0	Berg am Laim Bahnhof (Süd)	185,E185	Ursberger Straße	Ursberger Straße	LINESTRING(11.633632 48.132995,11.633317170116221 48.133080994153396)
551	München	Berger-Kreuz-Straße	de:09162:1036:1:1	48.112648	11.626347	bus	MATCHED	w392451663	4.3	1.0	Berger-Kreuz-Straße	155,199	Hofangerstraße / Ostpark Eislaufzentrum	Ostpark Eislaufzentrum / Hofangerstraße	LINESTRING(11.626347 48.112648,11.626361043762584 48.11261058294888)
552	München	Berger-Kreuz-Straße	de:09162:1036:1:91	48.112648	11.626347		NO_MATCH_AND_SEEMS_UNSERVED								POINT(11.626347 48.112648)
553	München	Berger-Kreuz-Straße	de:09162:1036:2:2	48.113194	11.626293	bus	MATCHED	w392451662	6.0	1.0	Berger-Kreuz-Straße	155,199	Krumbadstraße	Krumbadstraße	LINESTRING(11.626293 48.113194,11.62628989947858 48.113139751334984)
554	München	Berger-Kreuz-Straße	de:09162:1036:2:92	48.113194	11.626293		NO_MATCH_AND_SEEMS_UNSERVED								POINT(11.626293 48.113194)
555	München	Bergers Reisen	de:09162:20005:0:BERG1	48.135848	11.663492		NO_MATCH_AND_SEEMS_UNSERVED								POINT(11.663492 48.135848)
556	München	Bergers Reisen	de:09162:20005:0:BERG2	48.135812	11.663492		NO_MATCH_AND_SEEMS_UNSERVED								POINT(11.663492 48.135812)
557	München	Bergerwaldstraße	de:09162:989:3:BGW 1	48.111023	11.656647	bus	MATCHED	n300949300	1.1	1.0	Bergerwaldstraße	192	Feldbergstraße	Feldbergstraße	LINESTRING(11.656647 48.111023,11.656638300000001 48.111014600000004)
558	München	Bergerwaldstraße	de:09162:989:3:BGW 2	48.111173	11.656413	bus	MATCHED	n291408738	3.3	1.0	Bergerwaldstraße	192	Corinthstraße	Corinthstraße	LINESTRING(11.656413 48.111173,11.656371100000001 48.11118260000001)
559	München	Bergmannstraße	de:09162:87:1:1	48.134859	11.537396	bus	MATCHED	w389529574	1.0	1.0	Bergmannstraße	153,53	Schwanthalerhöhe	Schwanthalerhöhe	LINESTRING(11.537396 48.134859,11.537387939858839 48.134865658806284)
560	München	Bergmannstraße	de:09162:87:2:2	48.134997	11.537405	bus	MATCHED	w389529573	2.3	1.0	Bergmannstraße	153,53	Kazmairstraße	Kazmairstraße	LINESTRING(11.537405 48.134997,11.537435350000008 48.1349938)
561	München	Bergsonstraße	de:09162:1734:1:1	48.159799	11.415054	bus	MATCHED	w375853287	3.6	1.0	Bergsonstraße	143,162,E162	Ubostraße	Ubostraße	LINESTRING(11.415054 48.159799,11.415027102663688 48.159826411559244)
562	München	Bergsonstraße	de:09162:1734:2:2	48.159859	11.41518	bus	MATCHED	w375853284	0.5	1.0	Bergsonstraße	143,162,E162	Gilchinger Straße / Mariabrunner Straße	Gilchinger Straße / Mariabrunner Straße	LINESTRING(11.41518 48.159859,11.415172753998796 48.1598588867835)
563	München	Bergsonstraße	de:09162:1734:3:3	48.160057	11.41465	bus	MATCHED	w375853286	7.6	1.0	Bergsonstraße	N80	Mariabrunner Straße	Mariabrunner Straße	LINESTRING(11.41465 48.160057,11.414660964364423 48.15998940361279)
564	München	Bergsonstraße	de:09162:1734:4:4	48.160099	11.415395	bus	MATCHED	w375853285	10.7	1.0	Bergsonstraße	N81	Gilchinger Straße	Gilchinger Straße	LINESTRING(11.415395 48.160099,11.415532715291683 48.16007262097325)
565	München	Bergwachtstraße	de:09162:1983:31:71	48.211109	11.528628		NO_MATCH_AND_SEEMS_UNSERVED								POINT(11.528628 48.211109)
566	München	Bergwachtstraße	de:09162:1983:3:BEW 1	48.211474	11.530461	bus	MATCHED	w390071261	2.1	1.0	Bergwachtstraße	173	Josef-Frankl-Straße	Josef-Frankl-Straße	LINESTRING(11.530461 48.211474,11.530432838697376 48.21147265462521)
567	München	Bergwachtstraße	de:09162:1983:3:BEW 2	48.211223	11.530559	bus	MATCHED	w390071262	3.3	1.0	Bergwachtstraße	173	Georg-Zech-Allee	Georg-Zech-Allee	LINESTRING(11.530559 48.211223,11.530574127221044 48.211195027233025)
568	München	Bernheimerstraße	de:09162:627:1:1	48.173537	11.628557	bus	MATCHED	w386838003	2.1	1.0	Bernheimer Straße	188,189	St. Emmeram	Sankt Emmeram	LINESTRING(11.628557 48.173537,11.628581885075759 48.17352877207182)
569	München	Bernheimerstraße	de:09162:627:2:2	48.173645	11.62844	bus	MATCHED	w386838002	6.8	1.0	Bernheimer Straße	188,189	Oberföhring Post	Oberföhring Post	LINESTRING(11.62844 48.173645,11.62850645 48.173686550000006)
570	München	Bernsteinweg	de:09162:445:1:1	48.200662	11.611596	bus	MATCHED	w277228761	1.1	1.0	Bernsteinweg	140,170,178,180,182,N40	Paul-Hindemith-Allee / Paul-Hindemith-Allee / Lützelsteiner Straße / Edmund-Rumpler-Straße / Paul-Hindemith-Allee	Paul-Hindemith-Allee / Edmund-Rumpler-Straße / Lützelsteiner Straße	LINESTRING(11.611596 48.200662,11.611588760226047 48.200653554601004)
571	München	Bernsteinweg	de:09162:445:2:2	48.201183	11.611956	bus	MATCHED	w277228762	2.9	1.0	Bernsteinweg	140,170,178,180,182,N40	Kieferngarten / Kieferngarten / Kieferngarten / Kieferngarten	Kieferngarten (U)	LINESTRING(11.611956 48.201183,11.611949139285736 48.20115726801671)
572	München	Bertha-Kipfmüller-Straße	de:09162:1729:1:1	48.13694	11.420067		NO_MATCH_AND_SEEMS_UNSERVED								POINT(11.420067 48.13694)
573	München	Bertha-von-Suttner-Weg	de:09162:1806:3:BSW 1	48.165138	11.452954	bus	MATCHED	w375853288	2.8	1.0	Bertha-von-Suttner-Weg	143,56	Friedhof Obermenzing	Friedhof Obermenzing	LINESTRING(11.452954 48.165138,11.452985460067715 48.16512398299248)
574	München	Bertha-von-Suttner-Weg	de:09162:1806:3:BSW 2	48.165024	11.452981	bus	MATCHED	w375853289	4.2	1.0	Bertha-von-Suttner-Weg	143,56	Blutenburg / Blutenburg	Blutenburg	LINESTRING(11.452981 48.165024,11.453036980330536 48.16502749713079)
575	München	Betriebsanlage Süd	de:09162:9805:50:30	48.086329	11.647897	trainish	NO_MATCH_AND_SEEMS_UNSERVED								POINT(11.647897 48.086329)
576	München	Betriebsanlage Süd	de:09162:9805:52:32	48.086023	11.6484	trainish	NO_MATCH_AND_SEEMS_UNSERVED								POINT(11.6484 48.086023)
577	München	Betriebsanlage Süd	de:09162:9805:52:33	48.086041	11.648436	trainish	NO_MATCH_AND_SEEMS_UNSERVED								POINT(11.648436 48.086041)
578	München	Betriebsanlage Süd	de:09162:9805:52:34	48.086065	11.64849	trainish	NO_MATCH_AND_SEEMS_UNSERVED								POINT(11.64849 48.086065)
579	München	Betriebsanlage Süd	de:09162:9805:55:35	48.086083	11.648535	trainish	NO_MATCH_AND_SEEMS_UNSERVED								POINT(11.648535 48.086083)
580	München	Betriebsanlage Süd	de:09162:9805:55:36	48.086101	11.64858	trainish	NO_MATCH_AND_SEEMS_UNSERVED								POINT(11.64858 48.086101)
581	München	Betriebsanlage Süd	de:09162:9805:55:37	48.086119	11.648625	trainish	NO_MATCH_AND_SEEMS_UNSERVED								POINT(11.648625 48.086119)
582	München	Betriebsanlage Süd	de:09162:9805:57:57	48.085999	11.648346	trainish	NO_MATCH_AND_SEEMS_UNSERVED								POINT(11.648346 48.085999)
583	München	Betriebsanlage Süd	de:09162:9805:58:38	48.086857	11.647781	trainish	NO_MATCH_AND_SEEMS_UNSERVED								POINT(11.647781 48.086857)
584	München	Betriebsanlage Süd	de:09162:9805:59:39	48.086875	11.647816	trainish	NO_MATCH_AND_SEEMS_UNSERVED								POINT(11.647816 48.086875)
585	München	Betriebsanlage Süd	de:09162:9805:59:40	48.086899	11.64787	trainish	NO_MATCH_AND_SEEMS_UNSERVED								POINT(11.64787 48.086899)
586	München	Betriebsanlage Theresienwiese	de:09162:9804:57:57	48.129673	11.548139	trainish	NO_MATCH_AND_SEEMS_UNSERVED								POINT(11.548139 48.129673)
587	München	Betriebsanlage Theresienwiese	de:09162:9804:57:58	48.129679	11.548059	trainish	NO_MATCH_AND_SEEMS_UNSERVED								POINT(11.548059 48.129679)
588	München	Betriebsanlage Theresienwiese	de:09162:9804:57:59	48.129673	11.54822	trainish	NO_MATCH_AND_SEEMS_UNSERVED								POINT(11.54822 48.129673)
589	München	Betriebshof (1)	de:09162:9001	48.213031	11.618406		NO_MATCH_AND_SEEMS_UNSERVED								POINT(11.618406 48.213031)
590	München	Betriebshof (2)	de:09162:9002	48.136508	11.617301		NO_MATCH_AND_SEEMS_UNSERVED								POINT(11.617301 48.136508)
591	München	Betriebshof Fröttmaning	de:09162:20050:1:1	48.211636	11.618217		MATCHED	n3875383479	92.7	0.1	Busbahnhof Fröttmaning				LINESTRING(11.618217 48.211636,11.6183887 48.2108105)
592	München	Betriebshof Moosach	de:09162:20000:0:(M) 1	48.176245	11.532024		NO_MATCH_AND_SEEMS_UNSERVED								POINT(11.532024 48.176245)
593	München	Betriebshof Moosach	de:09162:20000:0:(M) 2	48.176245	11.531808		NO_MATCH_AND_SEEMS_UNSERVED								POINT(11.531808 48.176245)
594	München	Betriebshof Olypark EasyRide	de:09162:20103:0:(OP)1	48.17561	11.553709		NO_MATCH_AND_SEEMS_UNSERVED								POINT(11.553709 48.17561)
595	München	Betriebshof Olypark EasyRide	de:09162:20103:0:(OP)2	48.175616	11.553592		NO_MATCH_AND_SEEMS_UNSERVED								POINT(11.553592 48.175616)
596	München	Betriebshof Ost	de:09162:20001:0:(O) 1	48.13688	11.620481		NO_MATCH_AND_SEEMS_UNSERVED								POINT(11.620481 48.13688)
597	München	Betriebshof Ost	de:09162:20001:0:(O) 2	48.136856	11.620553		NO_MATCH_AND_SEEMS_UNSERVED								POINT(11.620553 48.136856)
598	München	Betriebshof Ost	de:09162:20001:0:/(O)	48.136886	11.620409		NO_MATCH_AND_SEEMS_UNSERVED								POINT(11.620409 48.136886)
599	München	Betriebshof Privat	de:09162:10002	48.141352	11.569349		NO_MATCH_AND_SEEMS_UNSERVED								POINT(11.569349 48.141352)
600	München	Betriebshof West	de:09162:20002:0:(W) 1	48.133516	11.517085		NO_MATCH_AND_SEEMS_UNSERVED								POINT(11.517085 48.133516)
601	München	Betriebshof West	de:09162:20002:0:(W) 2	48.133552	11.517121		NO_MATCH_AND_SEEMS_UNSERVED								POINT(11.517121 48.133552)
602	München	Betriebshof West - Dienst Ost	de:09162:20023	48.133438	11.517606		NO_MATCH_AND_SEEMS_UNSERVED								POINT(11.517606 48.133438)
603	München	Betschartstraße	de:09162:1701:1:1	48.146075	11.447663	bus	MATCHED	w379853714	0.7	1.0	Betschartstraße	157,162,N77,N81	Scapinellistraße	Scapinellistraße	LINESTRING(11.447663 48.146075,11.44765326980692 48.14607471516622)
604	München	Betschartstraße	de:09162:1701:2:2	48.146441	11.44654	bus	MATCHED	w379853712	1.1	1.0	Betschartstraße	157,162,N77	Westkreuz	Westkreuz Bahnhof	LINESTRING(11.44654 48.146441,11.446525998681988 48.14644488589038)
605	München	Betschartstraße	de:09162:1701:3:3	48.146021	11.446172	bus	MATCHED	w379853713	2.3	1.0	Betschartstraße	162,N80	Überlinger Weg / Überlinger Weg	Überlinger Weg	LINESTRING(11.446172 48.146021,11.446202266608788 48.14601778628837)
606	München	Bichlhofweg	de:09162:557:3:BIC 1	48.169014	11.643352	bus	MATCHED	w399535967	3.2	1.0	Bichlhofweg	154,50	Johanneskirchner Straße / Johanneskirchner Straße	Johanneskirchner Straße	LINESTRING(11.643352 48.169014,11.64334774216482 48.1690429077351)
607	München	Bildungscampus Freiham	de:09162:1757:1:1	48.141669	11.403502	bus	MATCHED	w1210418132	4.0	1.0	Bildungscampus Freiham	143,157,E162	Helmut-Schmidt-Allee / Helmut-Schmidt-Allee	Helmut-Schmidt-Allee	LINESTRING(11.403502 48.141669,11.403509064162161 48.141632938882054)
608	München	Bildungscampus Freiham	de:09162:1757:2:2	48.14122	11.403412	bus	MATCHED	w1210418131	14.3	1.0	Bildungscampus Freiham	157	Freiham Bf. (Süd)	Freiham Bahnhof (Süd)	LINESTRING(11.403412 48.14122,11.403366655037335 48.14134533403245)
609	München	Bildungscampus Freiham	de:09162:1757:3:3	48.141939	11.403897		NO_MATCH_AND_SEEMS_UNSERVED								POINT(11.403897 48.141939)
610	München	Bingener Straße	de:09162:316:1:1	48.181894	11.521873	bus	MATCHED	w387511552	3.3	1.0	Bingener Straße	175,X36	Claudiusplatz / Olympia-Einkaufszentrum West	Olympia-Einkaufszentrum West (U) / Claudiusplatz	LINESTRING(11.521873 48.181894,11.521907550000002 48.18187565000001)
611	München	Bingener Straße	de:09162:316:4:4	48.182295	11.52137	bus	MATCHED	w379853716	4.2	1.0	Bingener Straße	163,175,N71,X36	Andernacher Straße / Merseburger Straße / Am Neubruch	Am Neubruch / Merseburger Straße / Andernacher Straße	LINESTRING(11.52137 48.182295,11.52136256212899 48.18225756957949)
612	München	Bingener Straße	de:09162:316:5:5	48.18269	11.521001	bus	MATCHED	w379853715	15.4	1.0	Bingener Straße	163	Moosacher St.-Martins-Platz	Moosacher Sankt-Martins-Platz (U)	LINESTRING(11.521001 48.18269,11.521031515778066 48.182553253102874)
613	München	Bingener Straße	de:09162:316:99:2	48.18199	11.521441		NO_MATCH_AND_SEEMS_UNSERVED								POINT(11.521441 48.18199)
614	München	Bingener Straße	de:09162:316:99:3	48.18199	11.521441		NO_MATCH_AND_SEEMS_UNSERVED								POINT(11.521441 48.18199)
615	München	Bingener Straße	de:09162:316:99:6	48.18199	11.521441		NO_MATCH_AND_SEEMS_UNSERVED								POINT(11.521441 48.18199)
616	München	Birkhahnweg	de:09162:936:3:3	48.108498	11.694259	bus	MATCHED	n679147714	15.0	1.0	Birkhahnweg	185,E185	Togostraße	Togostraße	LINESTRING(11.694259 48.108498,11.6944183 48.108415300000004)
617	München	Birkhahnweg	de:09162:936:3:WTS 1	48.108528	11.694448	bus	MATCHED	n679146717	2.4	1.0	Birkhahnweg	185,E185	Turnerstraße	Turnerstraße	LINESTRING(11.694448 48.108528,11.6944736 48.108515100000005)
618	München	Birkhahnweg	de:09162:936:3:WTS 2	48.108804	11.693496		NO_MATCH_AND_SEEMS_UNSERVED								POINT(11.693496 48.108804)
619	München	Bismarckstraße	de:09162:455:3:BIS 1	48.162436	11.582195	bus	MATCHED	w351235030	3.3	1.0	Bismarckstraße	53,59,N43	Münchner Freiheit / Münchner Freiheit	Münchner Freiheit	LINESTRING(11.582195 48.162436,11.582150740770643 48.162435403251415)
620	München	Bleibtreustraße	de:09162:1358:1:1	48.076085	11.514533	bus	MATCHED	w396706808	7.1	1.0	Bleibtreustraße	134	Stridbeckstraße	Stridbeckstraße	LINESTRING(11.514533 48.076085,11.514439806486575 48.07609703650872)
621	München	Bleibtreustraße	de:09162:1358:2:2	48.076217	11.514084	bus	MATCHED	w396706805	1.1	1.0	Bleibtreustraße	134	Eberlestraße	Eberlestraße	LINESTRING(11.514084 48.076217,11.51407007923329 48.07621977507781)
622	München	Blumenau	de:09162:1634:1:1	48.128096	11.474918	bus	MATCHED	w393515012	5.2	1.0	Blumenau	167,168,56,N78	Silberdistelstraße / Krokusstraße / Seeholzenweg	Seeholzenweg / Silberdistelstraße / Krokusstraße	LINESTRING(11.474918 48.128096,11.474959709920089 48.12805794853294)
623	München	Blumenau	de:09162:1634:2:2	48.12779	11.47499	bus	MATCHED	w393515010	3.9	1.0	Blumenau	56	Terofalstraße	Terofalstraße	LINESTRING(11.47499 48.12779,11.474983528470123 48.127824707482574)
624	München	Blumenau	de:09162:1634:3:3	48.128258	11.474253	bus	MATCHED	w393515011	7.7	1.0	Blumenau	168	Flemischweg	Flemischweg	LINESTRING(11.474253 48.128258,11.474159268880758 48.12822783665187)
625	München	Blumenau	de:09162:1634:3:70	48.128102	11.474343		NO_MATCH_AND_SEEMS_UNSERVED								POINT(11.474343 48.128102)
626	München	Blumenstraße	de:09162:113:3:BMN 1	48.133115	11.573858	bus	MATCHED	w391263818	0.5	1.0	Blumenstraße	52,62	Gärtnerplatztheater	Gärtnerplatztheater	LINESTRING(11.573858 48.133115,11.573864742529176 48.13311537842888)
627	München	Blumenstraße	de:09162:113:3:BMN 2	48.133282	11.574002	bus	MATCHED	w391263805	13.4	1.0	Blumenstraße	52,62	Sendlinger Tor / Sendlinger Tor	Viktualienmarkt	LINESTRING(11.574002 48.133282,11.574120944936684 48.13319203211539)
628	München	Blutenburg	de:09162:1807:1:1	48.164916	11.457194	bus	MATCHED	w375853292	1.1	1.0	Blutenburg	143,160,N78	Wöhlerstraße	Wöhlerstraße	LINESTRING(11.457194 48.164916,11.45720285963573 48.164908384236696)
629	München	Blutenburg	de:09162:1807:2:2	48.164754	11.459449		MATCHED	w375853291	6.0	0.59	Blutenburg				LINESTRING(11.459449 48.164754,11.459378234054642 48.16477913608012)
630	München	Blutenburg	de:09162:1807:3:3	48.165647	11.457248	bus	MATCHED	w371630479	2.2	1.0	Blutenburg	159,160	Lochhausener Straße	Lochhausener Straße	LINESTRING(11.457248 48.165647,11.457263424806582 48.165663784538594)
631	München	Blutenburg	de:09162:1807:4:4	48.164515	11.456305	bus	MATCHED	w371630481	3.6	1.0	Blutenburg	143,159,160	St. Wolfgang / Schloss Blutenburg	St. Wolfgang / Schloss Blutenburg	LINESTRING(11.456305 48.164515,11.45635279398377 48.16452088186969)
632	München	Blutenburg	de:09162:1807:6:6	48.165246	11.456323	bus	MATCHED	w375853290	65.5	1.0	Blutenburg	56	Schloss Blutenburg	Schloss Blutenburg	LINESTRING(11.456323 48.165246,11.45569945056825 48.16566154961357)
633	München	Bonner Platz	de:09162:410:31:41	48.166845	11.577712		NO_MATCH_AND_SEEMS_UNSERVED								POINT(11.577712 48.166845)
634	München	Bonner Platz	de:09162:410:32:42	48.167031	11.579347		NO_MATCH_AND_SEEMS_UNSERVED								POINT(11.579347 48.167031)
635	München	Bonner Platz	de:09162:410:33:43	48.167331	11.578386		NO_MATCH_AND_SEEMS_UNSERVED								POINT(11.578386 48.167331)
636	München	Bonner Platz	de:09162:410:34:74	48.167049	11.581889		NO_MATCH_AND_SEEMS_UNSERVED								POINT(11.581889 48.167049)
637	München	Bonner Platz	de:09162:410:35:45	48.166762	11.577065		NO_MATCH_AND_SEEMS_UNSERVED								POINT(11.577065 48.166762)
638	München	Bonner Platz	de:09162:410:51:51	48.166744	11.57817	light_rail	MATCHED	n2631226337	6.6	0.67	Bonner Platz	U3	Scheidplatz		LINESTRING(11.57817 48.166744,11.5782579 48.166752300000006)
639	München	Bonner Platz	de:09162:410:51:52	48.166666	11.578143	light_rail	MATCHED	n2631226221	7.8	0.63	Bonner Platz	U3	Münchner Freiheit		LINESTRING(11.578143 48.166666,11.578235000000001 48.1666323)
640	München	Bonner Platz	de:09162:410:99:61	48.166702	11.578152		NO_MATCH_AND_SEEMS_UNSERVED								POINT(11.578152 48.166702)
641	München	Bonner Platz	de:09162:410:99:62	48.166702	11.578152		NO_MATCH_AND_SEEMS_UNSERVED								POINT(11.578152 48.166702)
642	München	Borstei	de:09162:305:2:1	48.169488	11.533281	tram	MATCHED	n315572665	4.4	1.0	Borstei	20,21,N20	Olympiapark West	Olympiapark West	LINESTRING(11.533281 48.169488,11.5333398 48.169485200000004)
643	München	Borstei	de:09162:305:2:2	48.169578	11.53329	tram	MATCHED	n202880079	4.7	1.0	Borstei	20,21,N20	Westfriedhof / Stadtwerke München	Westfriedhof / Stadtwerke München	LINESTRING(11.53329 48.169578,11.5332287 48.1695877)
644	München	Borstei	de:09162:305:31:21	48.169434	11.533102		MATCHED	n3207960266	18.1	0.34	Borstei				LINESTRING(11.533102 48.169434,11.5332322 48.169571600000005)
645	München	Borstei	de:09162:305:32:22	48.169572	11.532203		MATCHED	w421240493	0.6	1.0	Borstei				LINESTRING(11.532203 48.169572,11.532202275123636 48.169566837761465)
646	München	Borstei	de:09162:305:33:23	48.170165	11.532599		MATCHED	n11981149539	124.6	0.08	Borstei				LINESTRING(11.532599 48.170165,11.533503300000001 48.1692222)
647	München	Borstei	de:09162:305:34:74	48.169338	11.530595		NO_MATCH_AND_SEEMS_UNSERVED								POINT(11.530595 48.169338)
648	München	Borstei	de:09162:305:35:75	48.169038	11.531224		NO_MATCH_AND_SEEMS_UNSERVED								POINT(11.531224 48.169038)
649	München	Boschbrücke	de:09162:119:1:1	48.13065	11.582024	bus	MATCHED	w369716792	1.2	0.91	Boschbrücke	132	Ludwigsbrücke	Ludwigsbrücke	LINESTRING(11.582024 48.13065,11.582008430485876 48.13064669397206)
650	München	Boschbrücke	de:09162:119:2:2	48.131112	11.582545	bus	MATCHED	w369716791	2.7	0.85	Boschbrücke	132	Corneliusbrücke	Corneliusbrücke	LINESTRING(11.582545 48.131112,11.582578185738374 48.1311215471078)
651	München	Boschbrücke	de:09162:119:31:71	48.13077	11.581889		NO_MATCH_AND_SEEMS_UNSERVED								POINT(11.581889 48.13077)
652	München	Botanischer Garten	de:09162:211:1:1	48.164455	11.502379	tram	MATCHED	n297255728	4.6	0.72	Botanischer Garten	17,N17	Maria-Ward-Straße	Maria-Ward-Straße	LINESTRING(11.502379 48.164455,11.502327800000002 48.164478900000006)
653	München	Botanischer Garten	de:09162:211:2:2	48.164467	11.502927	tram	MATCHED	n447870735	4.9	0.72	Botanischer Garten	17,N17	Amalienburgstraße	Amalienburgstraße	LINESTRING(11.502927 48.164467,11.5029734 48.1644361)
654	München	Botanischer Garten	de:09162:211:3:3	48.164635	11.5022	bus	MATCHED	w375853293	2.3	0.87	Botanischer Garten	143,180	Amalienburgstraße	Amalienburgstraße	LINESTRING(11.5022 48.164635,11.502231119820868 48.16463224345928)
655	München	Botanischer Garten	de:09162:211:4:4	48.164305	11.502981	bus	MATCHED	w375853294	6.2	0.75	Botanischer Garten	143,180,N78	Maria-Ward-Straße / Maria-Ward-Straße	Maria-Ward-Straße	LINESTRING(11.502981 48.164305,11.503055432969285 48.16427928833221)
656	München	Breisacher Straße	de:09162:9989:3:BRE71	48.130489	11.605066		NO_MATCH_AND_SEEMS_UNSERVED								POINT(11.605066 48.130489)
657	München	Bremer Straße	de:09162:745:1:1	48.189183	11.569888	bus	MATCHED	n2703961317	3.4	1.0	Bremer Straße	150	Frankfurter Ring	Frankfurter Ring	LINESTRING(11.569888 48.189183,11.569883500000001 48.189213)
658	München	Briefzentrum	de:09162:217:2:1	48.149024	11.524397	tram	MATCHED	n297270147	11.2	1.0	Briefzentrum	16,17,N17	Burghausener Straße	Burghausener Straße	LINESTRING(11.524397 48.149024,11.5245382 48.1489885)
659	München	Briefzentrum	de:09162:217:2:2	48.14909	11.524433	tram	MATCHED	n295537297	7.6	1.0	Briefzentrum	16,17,N17	Steubenplatz	Steubenplatz	LINESTRING(11.524433 48.14909,11.5243306 48.1490919)
660	München	Briefzentrum	de:09162:217:31:41	48.148964	11.524343		MATCHED	n3207960561	11.7	0.44	Briefzentrum				LINESTRING(11.524343 48.148964,11.524458000000001 48.1490359)
661	München	Briefzentrum	de:09162:217:32:42	48.149162	11.524487		NO_MATCH_AND_SEEMS_UNSERVED								POINT(11.524487 48.149162)
662	München	Brienner Straße	de:09162:8007:11:11	48.144163	11.571235	bus	MATCHED	w1459112717	7.5	0.73	Brienner Straße	100	Karolinenplatz	Karolinenplatz	LINESTRING(11.571235 48.144163,11.571330353912291 48.14413999892782)
663	München	Brienner Straße	de:09162:8007:2:2	48.143791	11.572097	bus	MATCHED	w1459112716	3.4	0.83	Brienner Straße	100	Odeonsplatz	Odeonsplatz	LINESTRING(11.572097 48.143791,11.572051494690626 48.14379290161685)
664	München	Brienner Straße	de:09162:8007:30:70	48.143941	11.571559		NO_MATCH_AND_SEEMS_UNSERVED								POINT(11.571559 48.143941)
665	München	Brodersenstraße	de:09162:726:3:BRD 1	48.153135	11.658758		NO_MATCH_AND_SEEMS_UNSERVED								POINT(11.658758 48.153135)
666	München	Brodersenstraße	de:09162:726:3:BRD 2	48.153423	11.658632		NO_MATCH_AND_SEEMS_UNSERVED								POINT(11.658632 48.153423)
667	München	Brudermühlstraße	de:09162:1430:1:1	48.112198	11.54928	bus	MATCHED	w377924339	7.6	1.0	Brudermühlstraße	153,54,N44,X204,X30	Schäftlarnstraße / Gasteig HP8	Schäftlarnstraße/Gasteig HP8	LINESTRING(11.54928 48.112198,11.549282589713071 48.11212973982194)
668	München	Brudermühlstraße	de:09162:1430:2:2	48.112144	11.548193	bus	MATCHED	w377924340	7.5	1.0	Brudermühlstraße	153,54,N43,X204,X30	Harras / St. Achaz / Sylvensteinstraße	Harras / St. Achaz / Sylvensteinstraße	LINESTRING(11.548193 48.112144,11.548227579657425 48.11220722525028)
669	München	Brudermühlstraße	de:09162:1430:31:41	48.112654	11.548966		NO_MATCH_AND_SEEMS_UNSERVED								POINT(11.548966 48.112654)
670	München	Brudermühlstraße	de:09162:1430:32:42	48.111773	11.548328		NO_MATCH_AND_SEEMS_UNSERVED								POINT(11.548328 48.111773)
671	München	Brudermühlstraße	de:09162:1430:33:43	48.113116	11.548544		NO_MATCH_AND_SEEMS_UNSERVED								POINT(11.548544 48.113116)
672	München	Brudermühlstraße	de:09162:1430:34:74	48.11281	11.548508		NO_MATCH_AND_SEEMS_UNSERVED								POINT(11.548508 48.11281)
673	München	Brudermühlstraße	de:09162:1430:35:75	48.113416	11.548813		NO_MATCH_AND_SEEMS_UNSERVED								POINT(11.548813 48.113416)
674	München	Brudermühlstraße	de:09162:1430:36:76	48.111875	11.546397		NO_MATCH_AND_SEEMS_UNSERVED								POINT(11.546397 48.111875)
675	München	Brudermühlstraße	de:09162:1430:51:51	48.112594	11.548795	light_rail	MATCHED	n2650093585	5.7	0.7	Brudermühlstraße	U3,U6	Thalkirchen (Tierpark) / Implerstraße		LINESTRING(11.548795 48.112594,11.548831100000001 48.1125491)
676	München	Brudermühlstraße	de:09162:1430:51:52	48.1126	11.548678	light_rail	MATCHED	n2650093590	6.1	0.68	Brudermühlstraße	U3,U6	Thalkirchen (Tierpark) / Thalkirchen (Tierpark)		LINESTRING(11.548678 48.1126,11.5486245 48.112559000000005)
677	München	Bruno-Walter-Ring	de:09162:636:2:2	48.162286	11.640055	bus	NO_MATCH_BUT_OTHER_PLATFORM_MATCHED					184,E183,E185	Knappertsbuschstraße		POINT(11.640055 48.162286)
678	München	Bruno-Walter-Ring	de:09162:636:3:BWR 1	48.162759	11.640684		MATCHED	n12170408652	62.2	1.0	Bruno-Walter-Ring			Knappertsbuschstraße	LINESTRING(11.640684 48.162759,11.640143400000001 48.162332500000005)
679	München	Bundesfinanzhof	de:09162:91:2:1	48.14843	11.605596	tram	MATCHED	n1688588824	4.6	1.0	Bundesfinanzhof	17,N17	Sternwartstraße	Sternwartstraße	LINESTRING(11.605596 48.14843,11.605655 48.14841860000001)
680	München	Bundesfinanzhof	de:09162:91:2:2	48.148155	11.605506	tram	MATCHED	n1688588813	5.5	1.0	Bundesfinanzhof	17,N17	Herkomerplatz	Herkomerplatz	LINESTRING(11.605506 48.148155,11.6054367 48.148171000000005)
681	München	Bunzlauer Platz	de:09162:237:1:1	48.179073	11.507122	bus	MATCHED	w395816257	2.3	1.0	Bunzlauer Platz	163,51,X35	Pelkovenstraße / Baubergerstraße	Baubergerstraße / Pelkovenstraße (T)	LINESTRING(11.507122 48.179073,11.5071110610676 48.17909208207558)
682	München	Bunzlauer Platz	de:09162:237:2:2	48.17927	11.507131	bus	MATCHED	w392780234	3.4	1.0	Bunzlauer Platz	51	Moosach	Moosach Bahnhof	LINESTRING(11.507131 48.17927,11.507092605467616 48.17928705854467)
683	München	Burgauerstraße	de:09162:730:1:1	48.139799	11.654823	bus	MATCHED	w400200151	3.0	1.0	Burgauerstraße	190,N74	Rennbahnstraße	Rennbahnstraße	LINESTRING(11.654823 48.139799,11.654792023210035 48.139782354886094)
684	München	Burgauerstraße	de:09162:730:2:2	48.139925	11.654769	bus	MATCHED	w400200152	8.7	1.0	Burgauerstraße	190,N74	Süskindstraße	Süskindstraße	LINESTRING(11.654769 48.139925,11.654886132025847 48.1399281033439)
685	München	Burghausener Straße	de:09162:218:2:1	48.147214	11.529652	tram	MATCHED	n297270159	10.6	1.0	Burghausener Straße	16,17,N17	Donnersbergerstraße	Donnersbergerstraße	LINESTRING(11.529652 48.147214,11.529793300000001 48.147201)
686	München	Burghausener Straße	de:09162:218:2:2	48.147286	11.529661	tram	MATCHED	n295537272	5.8	1.0	Burghausener Straße	16,17,N17	Briefzentrum	Briefzentrum	LINESTRING(11.529661 48.147286,11.5295853 48.1472726)
687	München	Burghausener Straße	de:09162:218:31:41	48.147148	11.529625		MATCHED	n3207960861	11.2	0.45	Burghausener Straße				LINESTRING(11.529625 48.147148,11.529697700000002 48.147236)
688	München	Burghausener Straße	de:09162:218:32:42	48.147364	11.529706		NO_MATCH_AND_SEEMS_UNSERVED								POINT(11.529706 48.147364)
689	München	Burmesterstraße	de:09162:477:1:1	48.205817	11.617992		NO_MATCH_AND_SEEMS_UNSERVED								POINT(11.617992 48.205817)
690	München	Burmesterstraße	de:09162:477:2:2	48.206176	11.618136		NO_MATCH_AND_SEEMS_UNSERVED								POINT(11.618136 48.206176)
691	München	Bus Company Franken	de:09162:6129:1:1	48.175287	11.433937		NO_MATCH_AND_SEEMS_UNSERVED								POINT(11.433937 48.175287)
692	München	Busparkplatz Süd	de:09162:476:1:1	48.211588	11.620885		MATCHED_THOUGH_NAMES_DIFFER	n4350340889	61.7	0.05	Allianz Arena				LINESTRING(11.620885 48.211588,11.620102500000002 48.2117736)
693	München	Busparkplatz Süd	de:09162:476:2:2	48.211498	11.621253		NO_MATCH_AND_SEEMS_UNSERVED								POINT(11.621253 48.211498)
694	München	Böhmerwaldplatz	de:09162:560:1:1	48.142694	11.615396	bus	MATCHED	w249714427	5.0	1.0	Böhmerwaldplatz	59	Richard-Strauss-Straße	Richard-Strauss-Straße	LINESTRING(11.615396 48.142694,11.615462903848133 48.14269057141154)
695	München	Böhmerwaldplatz	de:09162:560:2:2	48.143084	11.615441	bus	MATCHED	w249714426	4.6	1.0	Böhmerwaldplatz	59	Zaubzerstraße	Zaubzerstraße	LINESTRING(11.615441 48.143084,11.615382436909892 48.143097664689066)
696	München	Böhmerwaldplatz	de:09162:560:51:51	48.143539	11.615468	light_rail	MATCHED	n2222451727	2.6	0.83	Böhmerwaldplatz	U4	Prinzregentenplatz		LINESTRING(11.615468 48.143539,11.615502600000001 48.143541000000006)
697	München	Böhmerwaldplatz	de:09162:560:51:52	48.143486	11.615594	light_rail	MATCHED	n207598530	7.7	0.63	Böhmerwaldplatz	U4	Richard-Strauss-Straße		LINESTRING(11.615594 48.143486,11.615692000000001 48.1434646)
698	München	Bürgerpark Oberföhring	de:09162:625:1:1	48.166588	11.623634	bus	MATCHED	w386838005	3.6	1.0	Bürgerpark Oberföhring	187,188,189	Lohengrinstraße	Lohengrinstraße	LINESTRING(11.623634 48.166588,11.623676977527671 48.166603739931354)
699	München	Bürgerpark Oberföhring	de:09162:625:2:2	48.165707	11.623059	bus	MATCHED	w386838004	10.1	1.0	Bürgerpark Oberföhring	187,188,189	Grüntal / Muspillistraße	Muspillistraße / Grüntal	LINESTRING(11.623059 48.165707,11.623144785779992 48.165777115281024)
700	München	Campingplatz Langwieder See	de:09162:1794:1:1	48.198351	11.411452		MATCHED	n2757504597	5.5	0.4	Langwieder See				LINESTRING(11.411452 48.198351,11.4114406 48.1983024)
701	München	Campingplatz Langwieder See	de:09162:1794:2:2	48.197938	11.411811		NO_MATCH_AND_SEEMS_UNSERVED								POINT(11.411811 48.197938)
702	München	Campingplatz Obermenzing	de:09162:1815:1:1	48.174933	11.4468	bus	MATCHED	w371630484	10.0	1.0	Campingplatz Obermenzing	159,164	Lochhausener Straße / Von-Kahr-Straße	Von-Kahr-Straße / Lochhausener Straße	LINESTRING(11.4468 48.174933,11.4466912136724 48.17498600268326)
703	München	Campingplatz Obermenzing	de:09162:1815:2:2	48.175071	11.446594		MATCHED	w371630490	5.0	1.0	Campingplatz Obermenzing			Goteboldstraße / Paulaner Brauerei	LINESTRING(11.446594 48.175071,11.44660352950585 48.17511533886274)
704	München	Campingplatz Obermenzing	de:09162:1815:31:71	48.173897	11.449307		NO_MATCH_AND_SEEMS_UNSERVED								POINT(11.449307 48.173897)
705	München	Campingplatz Obermenzing	de:09162:1815:32:72	48.17343	11.449145		NO_MATCH_AND_SEEMS_UNSERVED								POINT(11.449145 48.17343)
706	München	Campingplatz Obermenzing	de:09162:1815:3:3	48.175233	11.446315	bus	NO_MATCH_BUT_OTHER_PLATFORM_MATCHED					159,164	Paulaner Brauerei / Goteboldstraße		POINT(11.446315 48.175233)
707	München	Campingplatz Thalkirchen	de:09162:1144:3:CPT 1	48.091622	11.544007	bus	MATCHED	w376756190	2.6	1.0	Campingplatz Thalkirchen	135	Floßlände / Hinterbrühl	Floßlände / Hinterbrühl	LINESTRING(11.544007 48.091622,11.544038100000002 48.0916321)
708	München	Candidplatz	de:09162:1180:1:1	48.111767	11.569843	bus	MATCHED	w377924341	3.8	1.0	Candidplatz	153,54,N43,X204,X30	Schäftlarnstraße / Gasteig HP8 / Gerhardstraße	Gerhardstraße / Schäftlarnstraße/Gasteig HP8	LINESTRING(11.569843 48.111767,11.569803139746794 48.11178819187177)
709	München	Candidplatz	de:09162:1180:2:2	48.111137	11.570076	bus	MATCHED	w377924342	4.9	1.0	Candidplatz	153,54,N44,X204,X30	Tegernseer Landstraße / Tegernseer Landstraße	Tegernseer Landstraße	LINESTRING(11.570076 48.111137,11.57002148387038 48.11116225455175)
710	München	Candidplatz	de:09162:1180:30:70	48.112216	11.569483		NO_MATCH_AND_SEEMS_UNSERVED								POINT(11.569483 48.112216)
711	München	Candidplatz	de:09162:1180:31:71	48.111461	11.569358		NO_MATCH_AND_SEEMS_UNSERVED								POINT(11.569358 48.111461)
712	München	Candidplatz	de:09162:1180:32:72	48.111293	11.56951		NO_MATCH_AND_SEEMS_UNSERVED								POINT(11.56951 48.111293)
713	München	Candidplatz	de:09162:1180:3:3	48.111743	11.570561	bus	MATCHED	w377924344	19.6	1.0	Candidplatz	52	Ludmillastraße	Ludmillastraße	LINESTRING(11.570561 48.111743,11.570774673204216 48.11184585095215)
714	München	Candidplatz	de:09162:1180:4:4	48.111545	11.570328	bus	MATCHED	w377924343	0.8	1.0	Candidplatz	52	Jakob-Gelb-Platz	Jakob-Gelb-Platz	LINESTRING(11.570328 48.111545,11.570336827940327 48.111548905817806)
715	München	Candidplatz	de:09162:1180:51:51	48.112978	11.571648	light_rail	MATCHED	n2665065363	7.7	0.63	Candidplatz	U1	Kolumbusplatz		LINESTRING(11.571648 48.112978,11.5717201 48.113027800000005)
716	München	Candidplatz	de:09162:1180:51:52	48.112996	11.571559	light_rail	MATCHED	n2665065368	7.4	0.64	Candidplatz	U1	Wettersteinplatz		LINESTRING(11.571559 48.112996,11.5715614 48.1130623)
717	München	Caracciolastraße	de:09162:792:1:1	48.207032	11.563249	bus	MATCHED	w277106224	2.6	1.0	Caracciolastraße	141,170,171,172,N41	Weyprechtstraße / Weyprechtstraße	Weyprechtstraße	LINESTRING(11.563249 48.207032,11.563245658582895 48.20705485363162)
718	München	Caracciolastraße	de:09162:792:2:2	48.207272	11.562494	bus	MATCHED	w277106223	3.5	1.0	Caracciolastraße	170,171	Hasenberglstraße	Hasenberglstraße	LINESTRING(11.562494 48.207272,11.562538269099072 48.20726043168878)
719	München	Caracciolastraße	de:09162:792:3:3	48.20738	11.563555	bus	MATCHED	w277106227	1.9	1.0	Caracciolastraße	141,172,N41	Dülferstraße / Dülferstraße	Dülferstraße	LINESTRING(11.563555 48.20738,11.563555782587127 48.20736253829179)
720	München	Carl-Amery-Platz	de:09162:149:1:1	48.12102	11.585186		MATCHED	n6875392407	3.5	0.78	Carl-Amery-Platz	25,58,E7,N45	Ostfriedhof / Ostfriedhof	Ostfriedhof	LINESTRING(11.585186 48.12102,11.5851921 48.1209885)
721	München	Carl-Amery-Platz	de:09162:149:2:2	48.121476	11.585734		MATCHED	n6875392408	5.5	0.71	Carl-Amery-Platz	25,68,E7,N45	Aurbacherstraße / Regerplatz	Regerplatz	LINESTRING(11.585734 48.121476,11.5856768 48.121445300000005)
722	München	Carl-Amery-Platz	de:09162:149:3:3	48.12111	11.585267		MATCHED	w1264101191	17.1	0.36	Carl-Amery-Platz			Ostfriedhof	LINESTRING(11.585267 48.12111,11.585385938937888 48.121241910972785)
723	München	Carl-Amery-Platz	de:09162:149:4:4	48.12138	11.585653		MATCHED	w1264101192	23.3	0.29	Carl-Amery-Platz			Regerplatz / Aurbacherstraße	LINESTRING(11.585653 48.12138,11.58549364098962 48.12119976430175)
724	München	Carola-Neher-Straße	de:09162:1333:1:1	48.090686	11.53285	bus	MATCHED	w376756191	15.2	1.0	Carola-Neher-Straße	136	Baierbrunner Straße	Baierbrunner Straße	LINESTRING(11.53285 48.090686,11.532647350000005 48.09070175000001)
725	München	Carola-Neher-Straße	de:09162:1333:2:2	48.09053	11.533802	bus	MATCHED	w376756192	1.1	1.0	Carola-Neher-Straße	136	Wolfratshauser Straße	Wolfratshauser Straße	LINESTRING(11.533802 48.09053,11.533811680081191 48.09052254945424)
726	München	Chiemgaustraße	de:09162:1108:1:1	48.10644	11.596388	tram	MATCHED	n1502057452	18.5	1.0	Chiemgaustraße	18	Schwanseestraße	Schwanseestraße	LINESTRING(11.596388 48.10644,11.596471800000002 48.106283700000006)
727	München	Chiemgaustraße	de:09162:1108:2:2	48.107244	11.596163	tram	MATCHED	n347771459	5.8	1.0	Chiemgaustraße	18,E7	Giesing	Giesing Bahnhof	LINESTRING(11.596163 48.107244,11.596098600000001 48.1072738)
728	München	Chiemgaustraße	de:09162:1108:3:3	48.106788	11.596702	bus	MATCHED	w373592116	4.7	1.0	Chiemgaustraße	139,59	Balanstraße / Balanstraße	Balanstraße	LINESTRING(11.596702 48.106788,11.596765694662263 48.10678869553625)
729	München	Chiemgaustraße	de:09162:1108:4:4	48.106302	11.596235	bus	MATCHED	w373592117	6.4	1.0	Chiemgaustraße	139	Schwanseestraße	Schwanseestraße	LINESTRING(11.596235 48.106302,11.596300119232192 48.106340010878704)
730	München	Chiemgaustraße	de:09162:1108:5:5	48.107316	11.596253	bus	MATCHED	w373592118	2.0	1.0	Chiemgaustraße	139,220,59,E220	Giesing / Giesing / Giesing / Giesing	Giesing Bahnhof	LINESTRING(11.596253 48.107316,11.596234726243859 48.10732898782782)
731	München	Chiemgaustraße	de:09162:1108:6:6	48.106992	11.59602	bus	MATCHED	w373592119	0.7	1.0	Chiemgaustraße	220	Pöllatstraße	Pöllatstraße	LINESTRING(11.59602 48.106992,11.596021876122176 48.10699808756333)
732	München	Chinesischer Turm	de:09162:135:3:CHT 1	48.152566	11.593415	bus	MATCHED	w377796545	2.6	1.0	Chinesischer Turm	154,54,58,N43	Tivolistraße	Mauerkircherstraße / Tivolistraße	LINESTRING(11.593415 48.152566,11.593441496784358 48.152550707094)
733	München	Chinesischer Turm	de:09162:135:3:CHT 2	48.152931	11.593477	bus	MATCHED	w377796546	16.7	1.0	Chinesischer Turm	154,54,68,N44	Thiemestraße	Thiemestraße	LINESTRING(11.593477 48.152931,11.59345262369649 48.15308068915737)
734	München	Cincinnatistraße	de:09162:1062:1:1	48.092816	11.60194	bus	MATCHED	w392176989	2.4	1.0	Cincinnatistraße	145	Minnewitstraße	Minnewitstraße	LINESTRING(11.60194 48.092816,11.60197165749939 48.09281605154794)
735	München	Cincinnatistraße	de:09162:1062:2:2	48.092618	11.601508	bus	MATCHED	w392176990	2.1	1.0	Cincinnatistraße	145	Fasangarten	Fasangarten	LINESTRING(11.601508 48.092618,11.601491838137157 48.09260209735024)
736	München	Clarita-Bernhard-Straße	de:09162:1758:1:1	48.138438	11.409125	bus	MATCHED	w375853295	0.6	1.0	Clarita-Bernhard-Straße	143	Bildungscampus Freiham	Bildungscampus Freiham	LINESTRING(11.409125 48.138438,11.4091193 48.13843415)
737	München	Clarita-Bernhard-Straße	de:09162:1758:2:2	48.137941	11.409134	bus	MATCHED	w375853296	1.2	1.0	Clarita-Bernhard-Straße	143	Hans-Steinkohl-Straße	Hans-Steinkohl-Straße	LINESTRING(11.409134 48.137941,11.409118053670293 48.1379425435084)
738	München	Claude-Lorrain-Straße	de:09162:62:1:1	48.121218	11.571253	bus	MATCHED	w373538959	22.1	1.0	Claude-Lorrain-Straße	58,N45	Baldeplatz	Baldeplatz	LINESTRING(11.571253 48.121218,11.570994299999995 48.12131485)
739	München	Claude-Lorrain-Straße	de:09162:62:2:2	48.121116	11.57102	bus	MATCHED	w373538958	7.0	1.0	Claude-Lorrain-Straße	68,N45	Kolumbusplatz/Humboldtstraße	Kolumbusplatz/Humboldtstraße	LINESTRING(11.57102 48.121116,11.570943785877374 48.121153241396165)
740	München	Claudiusplatz	de:09162:377:1:1	48.181966	11.525313	bus	MATCHED	w387511554	1.7	1.0	Claudiusplatz	175	Olympia-Einkaufszentrum / Olympia-Einkaufszentrum	Olympia-Einkaufszentrum	LINESTRING(11.525313 48.181966,11.525292300000002 48.1819586)
741	München	Claudiusplatz	de:09162:377:2:2	48.182055	11.525565	bus	MATCHED	w387511553	1.5	1.0	Claudiusplatz	175,N71	Bingener Straße	Bingener Straße	LINESTRING(11.525565 48.182055,11.525556649999993 48.182042550000006)
742	München	Clemensstraße	de:09162:422:1:1	48.163268	11.574685	tram	MATCHED	n1698244766	5.5	0.7	Clemensstraße	12,27,28	Karl-Theodor-Straße	Karl-Theodor-Straße	LINESTRING(11.574685 48.163268,11.5746116 48.163273800000006)
743	München	Clemensstraße	de:09162:422:2:2	48.163664	11.574442	tram	MATCHED	n1698244799	5.1	0.71	Clemensstraße	12,27,28	Kurfürstenplatz / Kurfürstenplatz	Kurfürstenplatz	LINESTRING(11.574442 48.163664,11.5745077 48.1636505)
744	München	Corinthstraße	de:09162:1009:11:11	48.11251	11.648248		NO_MATCH_AND_SEEMS_UNSERVED								POINT(11.648248 48.11251)
745	München	Corinthstraße	de:09162:1009:12:12	48.112228	11.647727		NO_MATCH_AND_SEEMS_UNSERVED								POINT(11.647727 48.112228)
746	München	Corinthstraße	de:09162:1009:1:1	48.112258	11.649496	bus	MATCHED	n291368950	2.1	1.0	Corinthstraße	139,192,N79	Matterhornstraße / Bergerwaldstraße	Bergerwaldstraße / Matterhornstraße	LINESTRING(11.649496 48.112258,11.649501500000001 48.112276300000005)
747	München	Corinthstraße	de:09162:1009:2:2	48.112702	11.649829	bus	MATCHED	n291162368	3.8	1.0	Corinthstraße	139,192,N79	Quiddestraße	Quiddestraße	LINESTRING(11.649829 48.112702,11.6498095 48.1127332)
748	München	Corneliusbrücke	de:09162:151:1:1	48.129092	11.579068	bus	MATCHED	w390286036	4.6	1.0	Corneliusbrücke	132	Boschbrücke	Boschbrücke	LINESTRING(11.579068 48.129092,11.579010500000004 48.129076900000015)
749	München	Corneliusbrücke	de:09162:151:2:2	48.129493	11.579428	bus	MATCHED	w390286035	9.9	1.0	Corneliusbrücke	132	Fraunhoferstraße	Fraunhoferstraße	LINESTRING(11.579428 48.129493,11.579541552377025 48.129540064835474)
750	München	Corneliusstraße	de:09162:9987:3:COS71	48.133858	11.574334		NO_MATCH_AND_SEEMS_UNSERVED								POINT(11.574334 48.133858)
751	München	Cosimabad	de:09162:653:1:1	48.153657	11.628997	bus	MATCHED	w350638840	1.4	1.0	Cosimabad	N72,X30	Arabellapark/Klinikum Bogenh.	Arabellapark/Klinik Bogenhausen	LINESTRING(11.628997 48.153657,11.629006511661164 48.153646113844935)
752	München	Cosimabad	de:09162:653:2:2	48.153513	11.628557		NO_MATCH_AND_SEEMS_UNSERVED								POINT(11.628557 48.153513)
753	München	Cosimabad	de:09162:653:2:4	48.153603	11.628566		MATCHED_AMBIGUOUSLY	n1540439856	7.6	1.0	Cosimabad	154,16,17,183,184	Arabellapark/Klinikum Bogenh. / Arabellapark/Klinikum Bogenh.	Arabellapark/Klinik Bogenhausen	LINESTRING(11.628566 48.153603,11.628477400000001 48.1535688)
754	München	Cosimabad	de:09162:653:2:4	48.153603	11.628566		MATCHED_AMBIGUOUSLY	w155637567	9.2	1.0	Cosimabad	154,16,17,183,184	Arabellapark/Klinikum Bogenh. / Arabellapark/Klinikum Bogenh.	Arabellapark/Klinik Bogenhausen	LINESTRING(11.628566 48.153603,11.628685762743729 48.15358333169185)
755	München	Cosimabad	de:09162:653:2:5	48.153495	11.628826		MATCHED_AMBIGUOUSLY	w155637566	11.0	1.0	Cosimabad	154,16,17,183,184,N72	Wilhelm-Dieß-Weg / Schlösselgarten	Schlösselgarten / Wilhelm-Dieß-Weg	LINESTRING(11.628826 48.153495,11.62867843360979 48.15349695322751)
756	München	Cosimabad	de:09162:653:2:5	48.153495	11.628826		MATCHED_AMBIGUOUSLY	n1540439854	5.7	1.0	Cosimabad	154,16,17,183,184,N72	Wilhelm-Dieß-Weg / Schlösselgarten	Schlösselgarten	LINESTRING(11.628826 48.153495,11.6288982 48.1535115)
757	München	Cosimabad	de:09162:653:31:71	48.153405	11.627964		NO_MATCH_AND_SEEMS_UNSERVED								POINT(11.627964 48.153405)
758	München	Cosimabad	de:09162:653:3:3	48.153848	11.629778		NO_MATCH_AND_SEEMS_UNSERVED								POINT(11.629778 48.153848)
759	München	Cosimabad	de:09162:653:6:6	48.153057	11.629123	bus	MATCHED	w1014147104	15.0	1.0	Cosimabad	X30	Vollmannstraße	Vollmannstraße	LINESTRING(11.629123 48.153057,11.629224022724978 48.15317413891918)
760	München	Curd-Jürgens-Straße	de:09162:1018:1:1	48.084955	11.643046	bus	MATCHED	w466674362	3.8	1.0	Curd-Jürgens-Straße	196	Neuperlach Süd		LINESTRING(11.643046 48.084955,11.643009300000001 48.08493165)
761	München	Curd-Jürgens-Straße	de:09162:1018:2:2	48.085675	11.642939	bus	MATCHED	w466674363	0.9	1.0	Curd-Jürgens-Straße	196	Ludwig-Erhard-Allee	Ludwig-Erhard-Allee	LINESTRING(11.642939 48.085675,11.642947300000001 48.085669)
762	München	Curt-Mezger-Platz	de:09162:326:1:1	48.181217	11.566806	bus	MATCHED	w372415480	4.0	1.0	Curt-Mezger-Platz	177	Petuelring / Petuelring / Petuelring	Petuelring	LINESTRING(11.566806 48.181217,11.566805376224247 48.18125318103499)
763	München	Curt-Mezger-Platz	de:09162:326:2:2	48.181337	11.567004	bus	MATCHED	w372415481	7.4	1.0	Curt-Mezger-Platz	177	Milbertshofener Platz	Milbertshofener Platz	LINESTRING(11.567004 48.181337,11.567002511580894 48.18127062248926)
764	München	Curt-Mezger-Platz	de:09162:326:30:30	48.181588	11.566196		NO_MATCH_AND_SEEMS_UNSERVED								POINT(11.566196 48.181588)
765	München	Dachstraße	de:09162:1672:31:71	48.137809	11.445139		NO_MATCH_AND_SEEMS_UNSERVED								POINT(11.445139 48.137809)
766	München	Dachstraße	de:09162:1672:3:DAC 1	48.137923	11.443315	bus	MATCHED	w435817312	3.9	1.0	Dachstraße	160	Wehnerstraße	Wehnerstraße	LINESTRING(11.443315 48.137923,11.443269632015491 48.137904864815)
767	München	Dachstraße	de:09162:1672:3:DAC 2	48.138007	11.44318	bus	MATCHED	w435817311	2.8	1.0	Dachstraße	160	Lochham, Im Birket / Maria-Eich-Straße	Maria-Eich-Straße / Im Birket	LINESTRING(11.44318 48.138007,11.443164245160048 48.13798405240337)
768	München	Daglfing	de:09162:700:41:81	48.149827	11.649424	trainish	NO_MATCH_AND_SEEMS_UNSERVED								POINT(11.649424 48.149827)
769	München	Daglfing	de:09162:700:42:82	48.149941	11.649317	train	MATCHED	n27231556	35.7	0.47	Daglfing	S8	Englschalking	Englschalking	LINESTRING(11.649317 48.149941,11.6493634 48.1496219)
770	München	Daglfing	de:09162:700:42:83	48.149935	11.6492	train	MATCHED	n1501209653	35.8	0.47	Daglfing	S6,S8	Leuchtenbergring / Leuchtenbergring	Leuchtenbergring	LINESTRING(11.6492 48.149935,11.6492473 48.1496149)
771	München	Daglfing Bahnhof Ost	de:09162:704:1:1	48.148832	11.650413	bus	MATCHED	w243054390	10.4	1.0	Daglfing Bahnhof Ost	183,E183	Kunihohstraße	Kunihohstraße	LINESTRING(11.650413 48.148832,11.650273300990735 48.148823986973156)
772	München	Daglfing Bahnhof Ost	de:09162:704:2:2	48.148862	11.649972	bus	MATCHED	w386838006	6.9	1.0	Daglfing Bahnhof Ost	183,E183	Daglfing Bahnhof West	Daglfing Bahnhof West	LINESTRING(11.649972 48.148862,11.650055844067817 48.148889348537594)
773	München	Daglfing Bahnhof Ost	de:09162:704:3:3	48.147034	11.649981		NO_MATCH_AND_SEEMS_UNSERVED								POINT(11.649981 48.147034)
774	München	Daglfing Bahnhof West	de:09162:705:1:1	48.14852	11.648697	bus	MATCHED	w243054393	17.7	1.0	Daglfing Bahnhof West	183,188,189,E183	Daglfing Bahnhof Ost	Daglfing Bahnhof Ost	LINESTRING(11.648697 48.14852,11.648917223870605 48.14858005403453)
775	München	Daglfing Bahnhof West	de:09162:705:2:2	48.14846	11.648194	bus	MATCHED	w243054398	1.5	1.0	Daglfing Bahnhof West	183,188,E183	Marienburger Straße	Marienburger Straße	LINESTRING(11.648194 48.14846,11.648213733114666 48.14846072091633)
776	München	Daglfing Bahnhof West	de:09162:705:31:81	48.149827	11.649424	trainish	NO_MATCH_AND_SEEMS_UNSERVED								POINT(11.649424 48.149827)
777	München	Daglfing Bahnhof West	de:09162:705:40:82	48.149827	11.649362	trainish	NO_MATCH_AND_SEEMS_UNSERVED								POINT(11.649362 48.149827)
778	München	Daglfing Bahnhof West	de:09162:705:40:83	48.149827	11.649236	trainish	NO_MATCH_AND_SEEMS_UNSERVED								POINT(11.649236 48.149827)
779	München	Dall'Armistraße	de:09162:213:2:1	48.161195	11.511443		MATCHED	n283339678	2.7	0.81	Dall'Armistraße	151,17,51,N17,N78	Maria-Ward-Straße / Maria-Ward-Straße	Maria-Ward-Straße	LINESTRING(11.511443 48.161195,11.511409800000001 48.161185800000005)
780	München	Dall'Armistraße	de:09162:213:2:2	48.161051	11.511353		MATCHED	w154551785	1.9	0.84	Dall'Armistraße	151,17,51,N17,N78	Schloss Nymphenburg	Schloss Nymphenburg	LINESTRING(11.511353 48.161051,11.51133085016606 48.161060285585194)
781	München	Dall'Armistraße	de:09162:213:31:41	48.160608	11.511596		MATCHED	n297255787	47.2	0.17	Dall'Armistraße			Schloss Nymphenburg	LINESTRING(11.511596 48.160608,11.5113839 48.1610078)
782	München	Dall'Armistraße	de:09162:213:32:42	48.16056	11.511237		NO_MATCH_AND_SEEMS_UNSERVED								POINT(11.511237 48.16056)
783	München	Dall'Armistraße	de:09162:213:33:73	48.161219	11.511668		MATCHED	w327317369	20.4	0.32	Dall'Armistraße			Maria-Ward-Straße	LINESTRING(11.511668 48.161219,11.51145738405594 48.161101780735606)
784	München	Dall'Armistraße	de:09162:213:3:3	48.161944	11.510859		NO_MATCH_AND_SEEMS_UNSERVED								POINT(11.510859 48.161944)
785	München	Dankwartstraße	de:09162:209:1:1	48.151307	11.523669	bus	MATCHED	w385034724	6.0	1.0	Dankwartstraße	62,N43	Winthirplatz	Winthirplatz / Steubenplatz	LINESTRING(11.523669 48.151307,11.523748443276968 48.15131565610866)
786	München	Dankwartstraße	de:09162:209:2:2	48.151433	11.523714	bus	MATCHED	w385034725	0.4	1.0	Dankwartstraße	62,N44	Steubenplatz	Winthirplatz / Steubenplatz	LINESTRING(11.523714 48.151433,11.523719105445554 48.15143361528718)
787	München	Dantebad	de:09162:201	48.166905	11.527334		NO_MATCH_AND_SEEMS_UNSERVED								POINT(11.527334 48.166905)
788	München	Daphnestraße	de:09162:616:1:1	48.147861	11.625871	bus	MATCHED	w386838007	3.0	1.0	Daphnestraße	185,187,188,189	Vollmannstraße / Vollmannstraße	Vollmannstraße	LINESTRING(11.625871 48.147861,11.625910921427188 48.14785741453473)
789	München	Daphnestraße	de:09162:616:2:2	48.148227	11.624847	bus	MATCHED	w386838008	6.0	1.0	Daphnestraße	187,188,189	Denninger Straße	Denninger Straße	LINESTRING(11.624847 48.148227,11.62490184688366 48.14818795487376)
790	München	Daphnestraße	de:09162:616:3:3	48.148275	11.62561	bus	MATCHED	w386838009	4.7	1.0	Daphnestraße	185	Elektrastraße	Elektrastraße	LINESTRING(11.62561 48.148275,11.625581639323313 48.14823683978014)
791	München	Deaktiv: Karlsplatz Nord	de:09162:14:22:22	48.139949	11.564947		MATCHED	n3191845065	22.6	0.21	Karlsplatz (Stachus) Nord				LINESTRING(11.564947 48.139949,11.5646696 48.139865900000004)
792	München	Deaktiv: Karlsplatz Nord	de:09162:14:2:91	48.139715	11.564947	bus	NO_MATCH_AND_SEEMS_UNSERVED								POINT(11.564947 48.139715)
793	München	Deaktiv: Karlsplatz Nord	de:09162:14:2:KAN 1	48.139715	11.564947		NO_MATCH_AND_SEEMS_UNSERVED								POINT(11.564947 48.139715)
794	München	Deaktiv: Karlsplatz Nord	de:09162:14:2:KAN 2	48.139967	11.564561		NO_MATCH_AND_SEEMS_UNSERVED								POINT(11.564561 48.139967)
795	München	Deaktiv: Karlsplatz Nord	de:09162:14:31:71	48.139499	11.565073		NO_MATCH_AND_SEEMS_UNSERVED								POINT(11.565073 48.139499)
796	München	Deaktiv: Karlsplatz Nord	de:09162:14:32:72	48.140812	11.56563		NO_MATCH_AND_SEEMS_UNSERVED								POINT(11.56563 48.140812)
797	München	Deaktiv: Karlsplatz Nord	de:09162:14:71:21	48.140704	11.565522		NO_MATCH_AND_SEEMS_UNSERVED								POINT(11.565522 48.140704)
798	München	Deidesheimer Straße	de:09162:296:1:1	48.168547	11.559422	bus	MATCHED	w372415474	5.0	1.0	Deidesheimer Straße	144	Ackermannstraße	Ackermannstraße	LINESTRING(11.559422 48.168547,11.559355739533496 48.1685419678858)
799	München	Deidesheimer Straße	de:09162:296:2:2	48.168691	11.559422	bus	MATCHED	w459152356	5.7	1.0	Deidesheimer Straße	144	Spiridon-Louis-Ring	Spiridon-Louis-Ring	LINESTRING(11.559422 48.168691,11.55937625 48.16864975)
800	München	Deidesheimer Straße	de:09162:296:3:3	48.168559	11.558578		NO_MATCH_AND_SEEMS_UNSERVED								POINT(11.558578 48.168559)
801	München	Denninger Straße	de:09162:654:1:1	48.148377	11.622771	bus	MATCHED	w386838010	2.1	1.0	Denninger Straße	187,188,189	Daphnestraße	Daphnestraße	LINESTRING(11.622771 48.148377,11.622794922620201 48.1483675513974)
802	München	Denninger Straße	de:09162:654:2:2	48.148622	11.622125	bus	MATCHED	w386838011	4.4	1.0	Denninger Straße	187,188,189	Richard-Strauss-Straße	Richard-Strauss-Straße	LINESTRING(11.622125 48.148622,11.622174828104733 48.14860131821686)
803	München	Deroystraße	de:09162:223:1:1	48.144307	11.545103	tram	MATCHED	n1659974234	2.8	1.0	Deroystraße	16,17,N17	Hackerbrücke	Hackerbrücke	LINESTRING(11.545103 48.144307,11.5450839 48.144328300000005)
804	München	Deroystraße	de:09162:223:2:2	48.144265	11.545786	tram	MATCHED	n1659974104	6.4	1.0	Deroystraße	16,17,N17	Marsstraße	Marsstraße	LINESTRING(11.545786 48.144265,11.545757100000001 48.1442111)
805	München	Deroystraße	de:09162:223:31:41	48.144223	11.545049		MATCHED	n3207960367	29.4	0.25	Deroystraße				LINESTRING(11.545049 48.144223,11.5454386 48.144266200000004)
806	München	Dessauerstraße	de:09162:333:3:DES 1	48.180732	11.531601	bus	MATCHED	w375853297	2.0	1.0	Dessauerstraße	163,50,60,N71	Olympia-Einkaufszentrum / Olympia-Einkaufszentrum	Olympia-Einkaufszentrum	LINESTRING(11.531601 48.180732,11.531607799342336 48.180714799748905)
807	München	Detmoldstraße	de:09162:337:1:1	48.192411	11.565162	bus	MATCHED	w384211895	5.5	1.0	Detmoldstraße	172,179	Max-Diamand-Straße	Max-Diamand-Straße	LINESTRING(11.565162 48.192411,11.565167341586797 48.19236180743751)
808	München	Detmoldstraße	de:09162:337:2:2	48.192255	11.565585	bus	MATCHED	w384211896	2.0	1.0	Detmoldstraße	172,179	Pulverturm	Pulverturm	LINESTRING(11.565585 48.192255,11.565570858996287 48.192239870365064)
809	München	Detmoldstraße Wendeschleife	de:09162:364:3:DTS 1	48.192003	11.557715		NO_MATCH_AND_SEEMS_UNSERVED								POINT(11.557715 48.192003)
810	München	Deutsches Museum	de:09162:69:2:1	48.13188	11.586138	tram	MATCHED	n1413262577	5.4	0.7	Deutsches Museum	17,21,N17	Isartor	Isartor	LINESTRING(11.586138 48.13188,11.5860655 48.1318804)
811	München	Deutsches Museum	de:09162:69:2:2	48.131826	11.586093	tram	MATCHED	n1072765095	11.0	0.56	Deutsches Museum	17,21,N17	Am Gasteig	Am Gasteig	LINESTRING(11.586093 48.131826,11.5862365 48.1318033)
812	München	Deutsches Museum	de:09162:69:31:41	48.131969	11.586174		NO_MATCH_AND_SEEMS_UNSERVED								POINT(11.586174 48.131969)
813	München	Deutsches Museum	de:09162:69:32:42	48.131766	11.586057		NO_MATCH_AND_SEEMS_UNSERVED								POINT(11.586057 48.131766)
814	München	Diakon-Kerolt-Weg	de:09162:1031:1:1	48.11215	11.617516	bus	MATCHED	w392318287	1.1	1.0	Diakon-Kerolt-Weg	55,N45	Ramersdorf	Ramersdorf	LINESTRING(11.617516 48.11215,11.617528479508227 48.112144022720216)
815	München	Diakon-Kerolt-Weg	de:09162:1031:2:2	48.111533	11.617606	bus	MATCHED	w392318286	4.1	1.0	Diakon-Kerolt-Weg	55,N45	Woferlstraße	Woferlstraße	LINESTRING(11.617606 48.111533,11.61766079670944 48.11153492044087)
816	München	Diakon-Kerolt-Weg	de:09162:1031:3:3	48.111455	11.617867		NO_MATCH_AND_SEEMS_UNSERVED								POINT(11.617867 48.111455)
817	München	Diefenbachstraße	de:09162:1318:1:1	48.080718	11.523427	bus	MATCHED	w376756193	10.5	1.0	Diefenbachstraße	136,270V	Allescherstraße	Allescherstraße	LINESTRING(11.523427 48.080718,11.523507030695066 48.080640555292355)
818	München	Diefenbachstraße	de:09162:1318:2:2	48.080352	11.523777	bus	MATCHED	w376756194	2.5	1.0	Diefenbachstraße	136,270V	Sollner Straße / Solln	Sollner Straße / Solln Bahnhof	LINESTRING(11.523777 48.080352,11.523765200000001 48.08037335)
819	München	Dientzenhoferstraße	de:09162:406:2:2	48.203338	11.577263	bus	MATCHED	w375743527	8.3	1.0	Dientzenhoferstraße	174	Röblingweg	Röblingweg	LINESTRING(11.577263 48.203338,11.577205166005424 48.2032744147413)
820	München	Dientzenhoferstraße	de:09162:406:3:DTZ 1	48.204763	11.577326		NO_MATCH_AND_SEEMS_UNSERVED								POINT(11.577326 48.204763)
821	München	Dietlindenstraße	de:09162:510:1:1	48.166546	11.590603	bus	MATCHED	w373592120	6.8	1.0	Dietlindenstraße	59	Potsdamer Straße	Potsdamer Straße	LINESTRING(11.590603 48.166546,11.590679207611595 48.16651149639483)
822	München	Dietlindenstraße	de:09162:510:2:2	48.16621	11.590971	bus	MATCHED	w373592121	4.3	1.0	Dietlindenstraße	59	Osterwaldstraße	Osterwaldstraße	LINESTRING(11.590971 48.16621,11.59099622995451 48.16617509650596)
823	München	Dietlindenstraße	de:09162:510:30:70	48.166983	11.589642		MATCHED	n11100005493	25.5	1.0	Dietlindenstraße				LINESTRING(11.589642 48.166983,11.5899405 48.166870800000005)
824	München	Dietlindenstraße	de:09162:510:3:3	48.16678	11.590639		MATCHED	n11100005491	2.9	1.0	Dietlindenstraße				LINESTRING(11.590639 48.16678,11.5906281 48.1667549)
825	München	Dietlindenstraße	de:09162:510:4:4	48.166456	11.590028		MATCHED	n11100005492	4.6	1.0	Dietlindenstraße				LINESTRING(11.590028 48.166456,11.590022300000001 48.166496900000006)
826	München	Dietlindenstraße	de:09162:510:51:51	48.167133	11.590935	light_rail	MATCHED	n2644689591	3.5	0.79	Dietlindenstraße	U3,U6	Nordfriedhof / Münchner Freiheit		LINESTRING(11.590935 48.167133,11.590941 48.167102)
827	München	Dietlindenstraße	de:09162:510:51:52	48.167169	11.590863	light_rail	MATCHED	n2644689593	6.6	0.67	Dietlindenstraße	U6	Münchner Freiheit / Nordfriedhof		LINESTRING(11.590863 48.167169,11.590775 48.167172)
828	München	Dillinger Straße	de:09162:1938:1:1	48.18193	11.495822	bus	MATCHED	w379853717	1.7	1.0	Dillinger Straße	169	Donauwörther Straße	Donauwörther Straße	LINESTRING(11.495822 48.18193,11.495809676864033 48.18191662694938)
829	München	Dillinger Straße	de:09162:1938:2:2	48.182289	11.495633	bus	MATCHED	w379853718	6.0	1.0	Dillinger Straße	163	Lauinger Straße	Lauinger Straße	LINESTRING(11.495633 48.182289,11.495629265360662 48.18234316624929)
830	München	Dom-Pedro-Straße	de:09162:153:1:1	48.159805	11.535123	bus	MATCHED	n4558661669	29.9	1.0	Dom-Pedro-Straße	144	Hubertusbrunnen	Hubertusbrunnen	LINESTRING(11.535123 48.159805,11.5355232 48.1597852)
831	München	Dom-Pedro-Straße	de:09162:153:2:2	48.159374	11.537692	bus	MATCHED	n4558661668	5.3	1.0	Dom-Pedro-Straße	144	Olympiapark West	Olympiapark West	LINESTRING(11.537692 48.159374,11.5376206 48.1593736)
832	München	Domagkstraße	de:09162:502:2:DOK 1	48.183792	11.590208	tram	MATCHED	n1328633980	17.9	0.46	Domagkstraße	12,23,27	Anni-Albers-Straße	Anni-Albers-Straße	LINESTRING(11.590208 48.183792,11.590201 48.1836311)
833	München	Domagkstraße	de:09162:502:2:DOK 2	48.183786	11.590333	tram	MATCHED	n1703279846	20.1	0.44	Domagkstraße	12,23,27	Schwabing Nord	Schwabing Nord	LINESTRING(11.590333 48.183786,11.590330300000002 48.183967100000004)
834	München	Domagkstraße	de:09162:502:3:DOK 3	48.184254	11.590827	bus	MATCHED	w372165366	4.3	0.8	Domagkstraße	150,50,N40	Domagkstraße West / Domagkstraße West	Domagkstraße West	LINESTRING(11.590827 48.184254,11.590876399999999 48.18423425)
835	München	Domagkstraße	de:09162:502:3:DOK 4	48.184068	11.591232	bus	MATCHED	w372165367	2.6	0.86	Domagkstraße	150,50,N40	Gertrud-Grunow-Straße	Gertrud-Grunow-Straße	LINESTRING(11.591232 48.184068,11.591199650090179 48.184076520630285)
836	München	Domagkstraße West	de:09162:425:1:1	48.184355	11.584198	bus	MATCHED	w277106231	1.5	1.0	Domagkstraße West	150,50	Abtstraße	Abtstraße	LINESTRING(11.584198 48.184355,11.584210400000002 48.18434430000001)
837	München	Domagkstraße West	de:09162:425:2:2	48.184631	11.584809	bus	MATCHED	w277106232	0.7	1.0	Domagkstraße West	140,141	Ingolstädter Straße	Ingolstädter Straße	LINESTRING(11.584809 48.184631,11.584809070204313 48.18463761503186)
838	München	Domagkstraße West	de:09162:425:3:3	48.18402	11.584503	bus	MATCHED	w277106230	4.0	1.0	Domagkstraße West	140,141,N40	Griegstraße	Griegstraße	LINESTRING(11.584503 48.18402,11.5845128 48.1839849)
839	München	Domagkstraße West	de:09162:425:4:4	48.184266	11.585159	bus	MATCHED	w277106229	1.8	1.0	Domagkstraße West	150,50,N40	Domagkstraße	Domagkstraße	LINESTRING(11.585159 48.184266,11.585182300000012 48.184263400000006)
840	München	Donauwörther Straße	de:09162:1943:1:1	48.184098	11.497034	bus	MATCHED	w379853719	3.7	1.0	Donauwörther Straße	163	Dillinger Straße	Dillinger Straße	LINESTRING(11.497034 48.184098,11.4970804 48.1840856)
841	München	Donauwörther Straße	de:09162:1943:2:2	48.184086	11.495965	bus	MATCHED	w379853720	12.1	1.0	Donauwörther Straße	169	Ohlauer Straße	Ohlauer Straße	LINESTRING(11.495965 48.184086,11.495804743597075 48.18406738053964)
842	München	Donnersbergerbrücke	de:09162:8:1:1	48.14267	11.534422	bus	MATCHED	w239196357	1.4	1.0	Donnersbergerbrücke	153,53,63	Trappentreustraße / Trappentreustraße	Westpark / Trappentreustraße	LINESTRING(11.534422 48.14267,11.534402925916174 48.142669040686165)
843	München	Donnersbergerbrücke	de:09162:8:31:71	48.143342	11.534485		NO_MATCH_AND_SEEMS_UNSERVED								POINT(11.534485 48.143342)
844	München	Donnersbergerbrücke	de:09162:8:3:3	48.142532	11.534898	bus	MATCHED	w239196358	7.8	1.0	Donnersbergerbrücke	153,53,63	Donnersbergerstraße	Donnersbergerstraße	LINESTRING(11.534898 48.142532,11.534887150814543 48.142601927129455)
845	München	Donnersbergerbrücke	de:09162:8:41:81	48.142808	11.537099	train	MATCHED	n737174132	43.2	0.26	Donnersbergerbrücke	S1,S2,S3,S4,S5,S6,S8	Hackerbrücke / Hirschgarten	Hirschgarten	LINESTRING(11.537099 48.142808,11.5365181 48.142813000000004)
846	München	Donnersbergerbrücke	de:09162:8:41:82	48.14273	11.537108	train	MATCHED	n737174140	43.7	0.26	Donnersbergerbrücke	RB55,RB56,RB57,RB58,S7	München Hbf / München Hbf / München Hbf / Harras / München Hbf / München Hbf / Heimeranplatz	Harras / Heimeranplatz	LINESTRING(11.537108 48.14273,11.536521 48.1427197)
847	München	Donnersbergerbrücke	de:09162:8:43:83	48.142646	11.537099	train	MATCHED	n316922237	42.8	0.26	Donnersbergerbrücke	S1,S2,S3,S4,S5,S6,S8	Hackerbrücke / München Hbf / München Hbf / München Hbf / München Hbf / München Hbf	Hackerbrücke	LINESTRING(11.537099 48.142646,11.536524 48.142631400000006)
848	München	Donnersbergerbrücke	de:09162:8:43:84	48.14255	11.537108	train	MATCHED	n737174148	43.3	0.43	Donnersbergerbrücke	RB55,RB56,RB57,RB58,S7	München Hbf / München Hbf / München Hbf / München Hbf / München Hbf / München Hbf / München Hbf / München Hbf / München Hbf	München Hbf Gleis 27-36	LINESTRING(11.537108 48.14255,11.5365269 48.142532900000006)
849	München	Donnersbergerstraße	de:09162:54:1:1	48.146069	11.535329	bus	MATCHED	w385034726	8.5	1.0	Donnersbergerstraße	153,53,63	Donnersbergerbrücke	Donnersbergerbrücke	LINESTRING(11.535329 48.146069,11.535293883960692 48.14599626525357)
850	München	Donnersbergerstraße	de:09162:54:2:2	48.146728	11.536614	bus	MATCHED	w385034727	5.6	1.0	Donnersbergerstraße	153,53,63	Schlörstraße	Schlörstraße	LINESTRING(11.536614 48.146728,11.536627255450243 48.14667807379306)
851	München	Donnersbergerstraße	de:09162:54:31:41	48.146081	11.536578		NO_MATCH_AND_SEEMS_UNSERVED								POINT(11.536578 48.146081)
852	München	Donnersbergerstraße	de:09162:54:32:42	48.146453	11.535222		NO_MATCH_AND_SEEMS_UNSERVED								POINT(11.535222 48.146453)
853	München	Donnersbergerstraße	de:09162:54:33:43	48.146273	11.534395		NO_MATCH_AND_SEEMS_UNSERVED								POINT(11.534395 48.146273)
854	München	Donnersbergerstraße	de:09162:54:34:44	48.146519	11.53444		NO_MATCH_AND_SEEMS_UNSERVED						Hirschgarten		POINT(11.53444 48.146519)
855	München	Donnersbergerstraße	de:09162:54:3:3	48.146369	11.535159	tram	MATCHED	n295537404	9.5	0.59	Donnersbergerstraße	16,17,N17	Burghausener Straße	Burghausener Straße	LINESTRING(11.535159 48.146369,11.535036 48.1463471)
856	München	Donnersbergerstraße	de:09162:54:4:4	48.146159	11.536605	tram	MATCHED	n290269350	8.2	0.62	Donnersbergerstraße	16,17,N17	Marsstraße	Marsstraße	LINESTRING(11.536605 48.146159,11.5367127 48.1461733)
857	München	Dorfstraße	de:09162:1809:1:1	48.16485	11.466096	bus	MATCHED	w375853299	11.0	1.0	Dorfstraße	143,160	Wöhlerstraße	Wöhlerstraße	LINESTRING(11.466096 48.16485,11.465948350000001 48.16484740000001)
858	München	Dorfstraße	de:09162:1809:2:2	48.164683	11.468109	bus	MATCHED	w375853298	4.5	1.0	Dorfstraße	143,N78	Sarasatestraße	Sarasatestraße	LINESTRING(11.468109 48.164683,11.468168014747905 48.164693625316254)
859	München	Dorfstraße	de:09162:1809:3:3	48.164101	11.467228	bus	MATCHED	w375853300	2.8	1.0	Dorfstraße	160	Menterstraße	Menterstraße	LINESTRING(11.467228 48.164101,11.46719799081588 48.16411653019248)
860	München	Dorfstraße	de:09162:1809:4:4	48.164928	11.466977	bus	MATCHED	w444978245	2.3	1.0	Dorfstraße	158	Karwinskistraße West	Karwinskistraße West	LINESTRING(11.466977 48.164928,11.466964372983643 48.164946794136654)
861	München	Drachenseestraße	de:09162:1305:1:1	48.116984	11.533218		NO_MATCH_AND_SEEMS_UNSERVED								POINT(11.533218 48.116984)
862	München	Drachenseestraße	de:09162:1305:2:2	48.116841	11.534063		NO_MATCH_AND_SEEMS_UNSERVED								POINT(11.534063 48.116841)
863	München	Drachenseestraße	de:09162:1305:3:3	48.116949	11.531296	bus	MATCHED	w377924345	5.4	1.0	Drachenseestraße	54,N40	Partnachplatz	Partnachplatz	LINESTRING(11.531296 48.116949,11.53126355 48.11690575)
864	München	Drachenseestraße	de:09162:1305:4:4	48.116745	11.532572	bus	MATCHED	w377924346	20.2	1.0	Drachenseestraße	54,N40	Harras / Harras	Harras	LINESTRING(11.532572 48.116745,11.532304823823807 48.11677735093835)
865	München	Drosselweg	de:09162:939:1:1	48.117332	11.690963	bus	MATCHED	n1282194278	0.4	1.0	Drosselweg	193,N79	Bahnstraße	Bahnstraße	LINESTRING(11.690963 48.117332,11.6909579 48.1173337)
866	München	Drosselweg	de:09162:939:2:2	48.117506	11.691106	bus	MATCHED	n666266339	2.8	1.0	Drosselweg	193,N79	Friedenspromenade / Friedenspromenade	Friedenspromenade	LINESTRING(11.691106 48.117506,11.6911325 48.1174887)
867	München	Drozzaweg	de:09162:1546:3:DZZ 1	48.120925	11.475852	bus	MATCHED	n2779899370	1.1	1.0	Drozzaweg	167	Haderunstraße / Krokusstraße	Haderunstraße / Krokusstraße	LINESTRING(11.475852 48.120925,11.4758577 48.1209161)
868	München	Drygalski-Allee	de:09162:1464:1:1	48.097844	11.509081	bus	MATCHED	n702460865	1.1	1.0	Drygalski-Allee	51	Machtlfinger Straße	Machtlfinger Straße	LINESTRING(11.509081 48.097844,11.509075900000001 48.0978344)
869	München	Drygalski-Allee	de:09162:1464:2:2	48.098576	11.507715	bus	MATCHED	w392274174	5.4	1.0	Drygalski-Allee	151,51	Waldfriedhof Haupteingang	Waldfriedhof Haupteingang	LINESTRING(11.507715 48.098576,11.50771519758681 48.098527142787304)
870	München	Drygalski-Allee	de:09162:1464:31:71	48.097712	11.510374		NO_MATCH_AND_SEEMS_UNSERVED								POINT(11.510374 48.097712)
871	München	Drygalski-Allee	de:09162:1464:32:72	48.09857	11.507742		NO_MATCH_AND_SEEMS_UNSERVED								POINT(11.507742 48.09857)
872	München	Drygalski-Allee	de:09162:1464:3:3	48.097388	11.507607	bus	MATCHED	w369932181	1.9	1.0	Drygalski-Allee	132,151	Züricher Straße / Züricher Straße	Züricher Straße	LINESTRING(11.507607 48.097388,11.507619498254794 48.09737312373783)
873	München	Drygalski-Allee	de:09162:1464:4:4	48.098696	11.508937	bus	MATCHED	w369932182	0.8	1.0	Drygalski-Allee	132,151	Südpark	Südpark	LINESTRING(11.508937 48.098696,11.508933335904766 48.098689071915125)
874	München	Dülferstraße	de:09162:780:1:1	48.213037	11.562153	bus	MATCHED	w256576396	2.3	1.0	Dülferstraße	60,N76	Hasenbergl	Hasenbergl	LINESTRING(11.562153 48.213037,11.562147719066585 48.21305705349863)
875	München	Dülferstraße	de:09162:780:2:2	48.212223	11.562881	bus	MATCHED	w371134624	6.7	1.0	Dülferstraße	141,172	Hasenbergl	Hasenbergl	LINESTRING(11.562881 48.212223,11.562876283447432 48.21216276709547)
876	München	Dülferstraße	de:09162:780:4:4	48.212618	11.562827	bus	MATCHED	w371134623	5.8	1.0	Dülferstraße	60,N41	Aschenbrennerstraße	Aschenbrennerstraße	LINESTRING(11.562827 48.212618,11.562818730312587 48.21256581009561)
877	München	Dülferstraße	de:09162:780:51:51	48.21242	11.563303	light_rail	MATCHED	n2622258756	12.5	0.52	Dülferstraße	U2	Hasenbergl / Harthof		LINESTRING(11.563303 48.21242,11.563469900000001 48.212410000000006)
878	München	Dülferstraße	de:09162:780:51:52	48.212348	11.563258	light_rail	MATCHED	n2622258741	12.1	0.53	Dülferstraße	U2	Hasenbergl / Harthof		LINESTRING(11.563258 48.212348,11.563407100000001 48.212304200000005)
879	München	Dülferstraße	de:09162:780:6:6	48.212217	11.562333	bus	MATCHED	w100023980	4.0	1.0	Dülferstraße	141,172,N41	Weitlstraße	Weitlstraße	LINESTRING(11.562333 48.212217,11.562329444927425 48.212252942348414)
880	München	Dülferstraße	de:09162:780:99:3	48.212384	11.563276		NO_MATCH_AND_SEEMS_UNSERVED								POINT(11.563276 48.212384)
881	München	Ebenböckstraße	de:09162:1625:1:1	48.145182	11.458811		NO_MATCH_AND_SEEMS_UNSERVED								POINT(11.458811 48.145182)
882	München	Ebenböckstraße	de:09162:1625:71:71	48.145781	11.461587		NO_MATCH_AND_SEEMS_UNSERVED								POINT(11.461587 48.145781)
883	München	Ebenböckstraße	de:09162:1625:71:72	48.145709	11.461452		NO_MATCH_AND_SEEMS_UNSERVED								POINT(11.461452 48.145709)
884	München	Eberlestraße	de:09162:1357:1:1	48.07836	11.507922	bus	MATCHED	w396706809	2.8	1.0	Eberlestraße	134	Bleibtreustraße	Bleibtreustraße	LINESTRING(11.507922 48.07836,11.507883997156018 48.07835834135857)
885	München	Eberlestraße	de:09162:1357:2:2	48.078432	11.508137	bus	MATCHED	w396706810	2.6	1.0	Eberlestraße	134	Parkstadt Solln	Parkstadt Solln	LINESTRING(11.508137 48.078432,11.508169564409092 48.07842297579267)
886	München	Edeltraudstraße	de:09162:934:3:ETR 1	48.114628	11.687001	bus	MATCHED	n679407965	1.5	1.0	Edeltraudstraße	185,E185	Florastraße	Florastraße	LINESTRING(11.687001 48.114628,11.686981000000001 48.114629300000004)
887	München	Edeltraudstraße	de:09162:934:3:ETR 2	48.114628	11.686866	bus	MATCHED	n679383191	3.8	1.0	Edeltraudstraße	185,E185	Turnerstraße	Turnerstraße	LINESTRING(11.686866 48.114628,11.686816100000001 48.1146358)
888	München	Edmund-Rumpler-Straße	de:09162:464:1:1	48.19577	11.609171	bus	MATCHED	w618084211	4.6	1.0	Edmund-Rumpler-Straße	178	Alois-Wolfmüller-Straße	Alois-Wolfmüller-Straße	LINESTRING(11.609171 48.19577,11.609185616876584 48.19580979656515)
889	München	Edmund-Rumpler-Straße	de:09162:464:1:2	48.19598	11.60944	bus	MATCHED	w618084208	2.6	1.0	Edmund-Rumpler-Straße	178	Bernsteinweg	Bernsteinweg	LINESTRING(11.60944 48.19598,11.60940625948454 48.19598415752034)
890	München	Eduard-Schmid-Straße	de:09162:41:2:1	48.126357	11.578386	tram	MATCHED	n1679739110	8.6	0.61	Eduard-Schmid-Straße	18,N27	Fraunhoferstraße	Fraunhoferstraße	LINESTRING(11.578386 48.126357,11.578397800000001 48.126279800000006)
891	München	Eduard-Schmid-Straße	de:09162:41:2:2	48.12613	11.578476	tram	MATCHED	n1475056046	9.5	0.59	Eduard-Schmid-Straße	18,N27	Mariahilfplatz	Mariahilfplatz	LINESTRING(11.578476 48.12613,11.578436900000002 48.126211500000004)
892	München	Eduard-Schmid-Straße	de:09162:41:31:31	48.126705	11.578008		NO_MATCH_AND_SEEMS_UNSERVED								POINT(11.578008 48.126705)
893	München	Eduard-Schmid-Straße	de:09162:41:31:32	48.126579	11.577766		NO_MATCH_AND_SEEMS_UNSERVED								POINT(11.577766 48.126579)
894	München	Eduard-Schmid-Straße	de:09162:41:33:73	48.125416	11.579455		NO_MATCH_AND_SEEMS_UNSERVED								POINT(11.579455 48.125416)
895	München	Effnerplatz	de:09162:650:1:1	48.151997	11.61342	tram	MATCHED	n1555908568	5.7	0.69	Effnerplatz	16,17,N17	Arabellastraße	Arabellastraße	LINESTRING(11.61342 48.151997,11.613487600000001 48.152021600000005)
896	München	Effnerplatz	de:09162:650:1:2	48.152027	11.613204	tram	MATCHED	n1555908584	8.0	0.63	Effnerplatz	16,17,N17	Herkomerplatz	Bundesfinanzhof / Herkomerplatz	LINESTRING(11.613204 48.152027,11.6131215 48.1519806)
897	München	Effnerplatz	de:09162:650:30:70	48.152884	11.615342		NO_MATCH_AND_SEEMS_UNSERVED								POINT(11.615342 48.152884)
898	München	Effnerplatz	de:09162:650:35:75	48.151943	11.61377		NO_MATCH_AND_SEEMS_UNSERVED								POINT(11.61377 48.151943)
899	München	Effnerplatz	de:09162:650:39:79	48.152398	11.613159		NO_MATCH_AND_SEEMS_UNSERVED								POINT(11.613159 48.152398)
900	München	Effnerplatz	de:09162:650:3:3	48.152074	11.612989		NO_MATCH_AND_SEEMS_UNSERVED								POINT(11.612989 48.152074)
901	München	Effnerplatz	de:09162:650:3:4	48.152116	11.612944	tram	MATCHED	n201678136	6.6	0.66	Effnerplatz	16,N17	Herkomerplatz	Herkomerplatz	LINESTRING(11.612944 48.152116,11.6130318 48.152126900000006)
902	München	Effnerplatz	de:09162:650:5:5	48.151841	11.613097	bus	MATCHED	w298553991	3.3	1.0	Effnerplatz	154,N72	Arabellastraße	Arabellastraße	LINESTRING(11.613097 48.151841,11.613140975844523 48.151847041780286)
903	München	Effnerplatz	de:09162:650:6:6	48.1522	11.612809	bus	MATCHED	w298553999	2.3	1.0	Effnerplatz	154	Herkomerplatz	Herkomerplatz	LINESTRING(11.612809 48.1522,11.612805454470275 48.15217920447833)
904	München	Effnerplatz	de:09162:650:8:8	48.15208	11.614749	bus	MATCHED	w316544404	1.1	1.0	Effnerplatz	59,N72	Richard-Strauss-Straße / Herkomerplatz	Herkomerplatz / Richard-Strauss-Straße	LINESTRING(11.614749 48.15208,11.614734253448205 48.15207900041286)
905	München	Effnerplatz	de:09162:650:9:9	48.152716	11.614705	bus	MATCHED	w298553995	2.7	1.0	Effnerplatz	59	Herzogpark	Herzogpark	LINESTRING(11.614705 48.152716,11.614712497153494 48.152691843621646)
906	München	Effnerstraße	de:09162:618:1:1	48.163209	11.624011	bus	MATCHED	w400511232	2.1	1.0	Effnerstraße	187	Priel	Priel	LINESTRING(11.624011 48.163209,11.624038654897022 48.163206080974966)
907	München	Ehrenbreitsteiner Straße	de:09162:313:1:1	48.187398	11.527846	bus	MATCHED	w379853722	13.1	1.0	Ehrenbreitsteiner Straße	163	Andernacher Straße	Andernacher Straße	LINESTRING(11.527846 48.187398,11.528021103357865 48.18738514979014)
908	München	Ehrenbreitsteiner Straße	de:09162:313:2:2	48.18723	11.52923	bus	MATCHED	w379853721	21.9	1.0	Ehrenbreitsteiner Straße	163	Lassallestraße	Lassallestraße	LINESTRING(11.52923 48.18723,11.529521991076534 48.187204022333724)
909	München	Ehrenbürgstraße	de:09162:1759:1:1	48.141436	11.413392	bus	MATCHED	w375853301	0.7	1.0	Ehrenbürgstraße	N80	Freiham	Freiham Bahnhof	LINESTRING(11.413392 48.141436,11.41338826975695 48.141430301318934)
910	München	Ehrenbürgstraße	de:09162:1759:2:2	48.141567	11.41491	bus	MATCHED	w375853302	3.9	1.0	Ehrenbürgstraße	N81	Neuaubing	Neuaubing Bahnhof	LINESTRING(11.41491 48.141567,11.414955470120303 48.141550137931276)
911	München	Ehrengutstraße	de:09162:146:1:1	48.121374	11.5575	bus	MATCHED	w391200979	3.2	1.0	Ehrengutstraße	62	Zenettistraße	Zenettistraße	LINESTRING(11.5575 48.121374,11.55750525873182 48.12140280043906)
912	München	Ehrengutstraße	de:09162:146:2:2	48.121368	11.55723	bus	MATCHED	w391200981	4.8	1.0	Ehrengutstraße	62	Lagerhausstraße	Lagerhausstraße	LINESTRING(11.55723 48.121368,11.557283702706519 48.12139214054463)
913	München	Ehrenmal	de:09162:1434:1:1	48.099512	11.478942	bus	MATCHED	w393515013	1.5	1.0	Ehrenmal	56	Zöllerstraße	Zöllerstraße	LINESTRING(11.478942 48.099512,11.478925444653669 48.099504916968876)
914	München	Ehrenmal	de:09162:1434:2:2	48.09923	11.478924	bus	MATCHED	w393515014	2.2	1.0	Ehrenmal	56	Bellinzonastraße	Bellinzonastraße	LINESTRING(11.478924 48.09923,11.478917873665466 48.09924916921656)
915	München	Eichelhäherstraße	de:09162:1756:3:EIC 1	48.173993	11.390638	bus	MATCHED	w379853723	1.8	1.0	Eichelhäherstraße	162,E162	Erlbachstraße	Erlbachstraße	LINESTRING(11.390638 48.173993,11.39063181329947 48.173977792470886)
916	München	Eininger Straße	de:09162:1962:3:EIN 1	48.185895	11.504068	bus	MATCHED	w409285622	3.4	1.0	Eininger Straße	176,710	Gröbenzeller Straße	Gröbenzeller Straße	LINESTRING(11.504068 48.185895,11.504043350000002 48.18592100000001)
917	München	Eininger Straße	de:09162:1962:3:EIN 2	48.186098	11.504158	bus	MATCHED	w409285626	4.5	1.0	Eininger Straße	176,710	Haylerstraße	Haylerstraße	LINESTRING(11.504158 48.186098,11.504216904753937 48.186087958697286)
918	München	Einsteinstraße	de:09162:662:2:1	48.136856	11.614004		MATCHED	n3186219273	3.4	0.78	Einsteinstraße	149,19,470,N74,X30	Grillparzerstraße / Grillparzerstraße	Grillparzerstraße	LINESTRING(11.614004 48.136856,11.6140127 48.1368257)
919	München	Einsteinstraße	de:09162:662:2:2	48.136808	11.61439		MATCHED	n3186212884	3.6	0.78	Einsteinstraße	149,19,470,N74,X30	Vogelweideplatz / Vogelweideplatz	Vogelweideplatz	LINESTRING(11.61439 48.136808,11.614345 48.1368196)
920	München	Einsteinstraße	de:09162:662:31:71	48.136957	11.614121		MATCHED	w308274817	11.9	0.44	Einsteinstraße			Grillparzerstraße	LINESTRING(11.614121 48.136957,11.614212689253238 48.13686885605506)
921	München	Einsteinstraße	de:09162:662:32:72	48.136808	11.61563		NO_MATCH_AND_SEEMS_UNSERVED								POINT(11.61563 48.136808)
922	München	Einsteinstraße	de:09162:662:3:3	48.13646	11.614767	bus	MATCHED	w373592124	3.8	0.82	Einsteinstraße	59	Ampfingstraße	Ampfingstraße	LINESTRING(11.614767 48.13646,11.61477495293486 48.13642583910262)
923	München	Einsteinstraße	de:09162:662:6:6	48.137227	11.614929	bus	MATCHED	w373592122	6.6	0.75	Einsteinstraße	59	Zaubzerstraße	Zaubzerstraße	LINESTRING(11.614929 48.137227,11.614986040430681 48.13718198813439)
924	München	Einsteinstraße	de:09162:662:99:4	48.135992	11.61536		NO_MATCH_AND_SEEMS_UNSERVED								POINT(11.61536 48.135992)
925	München	Einsteinstraße	de:09162:662:99:5	48.136874	11.614678		MATCHED	w308274816	36.4	0.21	Einsteinstraße			Vogelweideplatz	LINESTRING(11.614678 48.136874,11.614205294192024 48.13678975379953)
926	München	Elektrastraße	de:09162:652:1:1	48.150906	11.626499	bus	MATCHED	w400644787	6.9	1.0	Elektrastraße	185	Daphnestraße	Daphnestraße	LINESTRING(11.626499 48.150906,11.6265023 48.15084364999999)
927	München	Elektrastraße	de:09162:652:2:2	48.151397	11.626257	bus	MATCHED	w400644788	3.9	1.0	Elektrastraße	185	Arabellapark	Arabellapark	LINESTRING(11.626257 48.151397,11.626205034449798 48.15139279963152)
928	München	Elektrastraße	de:09162:652:31:71	48.150858	11.628521		NO_MATCH_AND_SEEMS_UNSERVED								POINT(11.628521 48.150858)
929	München	Elektrastraße	de:09162:652:32:72	48.151062	11.628763		NO_MATCH_AND_SEEMS_UNSERVED								POINT(11.628763 48.151062)
930	München	Elisabeth-Jost-Straße	de:09162:1735:1:1	48.155796	11.420525	bus	MATCHED	n8614751490	1.1	1.0	Elisabeth-Jost-Straße	157	Joseph-Suder-Bogen	Joseph-Suder-Bogen	LINESTRING(11.420525 48.155796,11.420510700000001 48.155798700000005)
931	München	Elisabeth-Jost-Straße	de:09162:1735:2:2	48.15588	11.420444	bus	MATCHED	n8614751496	0.7	1.0	Elisabeth-Jost-Straße	157	Aubing-Ost-Straße	Aubing-Ost-Straße	LINESTRING(11.420444 48.15588,11.420445 48.1558864)
932	München	Elisabeth-Kohn-Straße	de:09162:154:2:2	48.165018	11.553314		NO_MATCH_AND_SEEMS_UNSERVED								POINT(11.553314 48.165018)
933	München	Elisabeth-Kohn-Straße	de:09162:154:31:71	48.16533	11.553251		NO_MATCH_AND_SEEMS_UNSERVED								POINT(11.553251 48.16533)
934	München	Elisabeth-Kohn-Straße	de:09162:154:3:EKS 1	48.16533	11.553161		NO_MATCH_AND_SEEMS_UNSERVED								POINT(11.553161 48.16533)
935	München	Elisabethplatz	de:09162:47:1:1	48.157876	11.574855	tram	MATCHED	n1562831724	8.8	0.61	Elisabethplatz	27,28,N27	Nordendstraße	Nordendstraße	LINESTRING(11.574855 48.157876,11.5749463 48.157826)
936	München	Elisabethplatz	de:09162:47:1:72	48.157893	11.575053		MATCHED	n3207960369	28.3	0.26	Elisabethplatz				LINESTRING(11.575053 48.157893,11.5749917 48.157642)
937	München	Elisabethplatz	de:09162:47:2:2	48.15745	11.57508	tram	MATCHED	n1039459598	4.2	0.74	Elisabethplatz	27,28,N27	Kurfürstenplatz	Kurfürstenplatz	LINESTRING(11.57508 48.15745,11.5750468 48.157419100000006)
938	München	Elisabethplatz	de:09162:47:31:71	48.157738	11.574307		NO_MATCH_AND_SEEMS_UNSERVED								POINT(11.574307 48.157738)
939	München	Elisabethplatz	de:09162:47:33:73	48.1576	11.574262		NO_MATCH_AND_SEEMS_UNSERVED								POINT(11.574262 48.1576)
940	München	Elisabethplatz	de:09162:47:34:74	48.158571	11.574801		NO_MATCH_AND_SEEMS_UNSERVED								POINT(11.574801 48.158571)
941	München	Elisenhof	de:09162:90005	48.141795	11.561749		NO_MATCH_AND_SEEMS_UNSERVED								POINT(11.561749 48.141795)
942	München	Elisenstraße	de:09162:156:1:1	48.142556	11.561605		MATCHED	w373507700	4.3	1.0	Elisenstraße				LINESTRING(11.561605 48.142556,11.561638150000002 48.142588)
943	München	Elisenstraße	de:09162:156:2:2	48.142377	11.561794	bus	MATCHED	w373507696	2.3	1.0	Elisenstraße	100,58	Königsplatz	Königsplatz	LINESTRING(11.561794 48.142377,11.561788086872195 48.14239747910411)
944	München	Elisenstraße	de:09162:156:2:92	48.142377	11.561794		NO_MATCH_AND_SEEMS_UNSERVED								POINT(11.561794 48.142377)
945	München	Elisenstraße	de:09162:156:30:70	48.141987	11.562126		NO_MATCH_AND_SEEMS_UNSERVED								POINT(11.562126 48.141987)
946	München	Elisenstraße	de:09162:156:31:71	48.142281	11.560707		NO_MATCH_AND_SEEMS_UNSERVED								POINT(11.560707 48.142281)
947	München	Elisenstraße	de:09162:156:32:72	48.141759	11.561991		NO_MATCH_AND_SEEMS_UNSERVED								POINT(11.561991 48.141759)
948	München	Elisenstraße	de:09162:156:33:73	48.142586	11.560608		NO_MATCH_AND_SEEMS_UNSERVED								POINT(11.560608 48.142586)
949	München	Ellis-Kaut-Straße	de:09162:1721:1:1	48.145518	11.410535	bus	MATCHED_THOUGH_REVERSED_DIR	n5252296310	58.6	1.0	Ellis-Kaut-Straße	143,E162	Wiesentfelser Straße	Freiham Bahnhof	LINESTRING(11.410535 48.145518,11.410487900000001 48.1449919)
950	München	Ellis-Kaut-Straße	de:09162:1721:1:2	48.145524	11.410356	bus	MATCHED_THOUGH_REVERSED_DIR	n5252296309	53.5	1.0	Ellis-Kaut-Straße	143,E162	Freiham	Wiesentfelser Straße	LINESTRING(11.410356 48.145524,11.4106152 48.145075600000006)
951	München	Elsenheimerstraße	de:09162:1205:1:1	48.136154	11.523759	bus	MATCHED	w385034729	2.9	1.0	Elsenheimerstraße	62	Astallerstraße	Astallerstraße	LINESTRING(11.523759 48.136154,11.523722792726664 48.136164429260866)
952	München	Elsenheimerstraße	de:09162:1205:2:2	48.136046	11.524217	bus	MATCHED	w385034728	3.1	1.0	Elsenheimerstraße	62	Hauzenberger Straße	Hauzenberger Straße	LINESTRING(11.524217 48.136046,11.52423418048058 48.13602078694213)
953	München	Emdenstraße	de:09162:1038:1:1	48.107058	11.627838	bus	MATCHED	w392451668	3.8	1.0	Emdenstraße	155	Hofangerstraße	Hofangerstraße	LINESTRING(11.627838 48.107058,11.627871134499381 48.107084232293694)
954	München	Emdenstraße	de:09162:1038:99:2	48.10692	11.627461		NO_MATCH_AND_SEEMS_UNSERVED								POINT(11.627461 48.10692)
955	München	Emmerigweg	de:09162:543:1:1	48.19565	11.62411	bus	MATCHED	w372415518	2.1	1.0	Emmerigweg	181,182	Floriansmühlstraße / Kulturheimstraße / Floriansmühlstraße	Floriansmühlstraße / Kulturheimstraße	LINESTRING(11.62411 48.19565,11.624097536826753 48.19566718290357)
956	München	Emmerigweg	de:09162:543:2:2	48.195584	11.624299	bus	MATCHED	w372415506	4.0	1.0	Emmerigweg	181,182	Josef-Wirth-Weg	Josef-Wirth-Weg	LINESTRING(11.624299 48.195584,11.624324205099686 48.19561608126233)
957	München	Emmerigweg	de:09162:543:3:3	48.195411	11.623715	bus	MATCHED	w372415515	32.0	1.0	Emmerigweg	N40	Floriansmühlstraße	Floriansmühlstraße	LINESTRING(11.623715 48.195411,11.623301790570833 48.19549219470857)
958	München	Emmerigweg	de:09162:543:4:4	48.194764	11.623814	bus	MATCHED	w372415514	13.8	1.0	Emmerigweg	N40	Kulturheimstraße	Kulturheimstraße	LINESTRING(11.623814 48.194764,11.623736450000003 48.19465105000001)
959	München	Engelbertstraße	de:09162:1623:2:3	48.143887	11.458155	bus	NO_MATCH_BUT_OTHER_PLATFORM_MATCHED					56,57	Pasinger Marienplatz		POINT(11.458155 48.143887)
960	München	Engelbertstraße	de:09162:1623:3:ENG 1	48.143803	11.45794	bus	MATCHED	n3967125265	0.7	1.0	Engelbertstraße	259,265,56,57	Planegger Straße / Planegger Straße / Planegger Straße	Planegger Straße	LINESTRING(11.45794 48.143803,11.4579454 48.1437983)
961	München	Engelbertstraße	de:09162:1623:3:ENG 2	48.143695	11.458029	bus	MATCHED	n3967125264	32.3	1.0	Engelbertstraße	259,265	Rathaus Pasing / Pasinger Marienplatz	Rathaus Pasing	LINESTRING(11.458029 48.143695,11.4581982 48.143962900000005)
962	München	Englburgstraße	de:09162:1745:1:1	48.156719	11.435095	bus	MATCHED	n8614751486	2.7	1.0	Englburgstraße	157	Hellensteinstraße	Hellensteinstraße	LINESTRING(11.435095 48.156719,11.4351117 48.1566975)
963	München	Englburgstraße	de:09162:1745:2:2	48.156719	11.435248	bus	MATCHED	n8614751501	2.5	1.0	Englburgstraße	157	Staufener Straße	Staufener Straße	LINESTRING(11.435248 48.156719,11.4352158 48.156712500000005)
964	München	Englschalking	de:09162:710:41:81	48.157019	11.648346	train	MATCHED	n27120593	28.9	0.36	Englschalking	S8	Johanneskirchen / Johanneskirchen	Johanneskirchen	LINESTRING(11.648346 48.157019,11.6483816 48.156759900000004)
965	München	Englschalking	de:09162:710:42:82	48.157019	11.648293	train	MATCHED	n1379781760	29.5	0.36	Englschalking	S6,S8	Daglfing / Daglfing	Daglfing	LINESTRING(11.648293 48.157019,11.648328600000001 48.1567548)
966	München	Englschalkinger Straße	de:09162:605:1:1	48.156431	11.641654	bus	MATCHED	w364538247	4.1	1.0	Englschalkinger Straße	183,E183,E185	Memeler Straße	Memeler Straße	LINESTRING(11.641654 48.156431,11.641649458985315 48.15639399065049)
967	München	Englschalkinger Straße	de:09162:605:2:2	48.156725	11.641169	bus	MATCHED	w399786040	1.8	1.0	Englschalkinger Straße	154,183,184	Wilhelm-Dieß-Weg	Wilhelm-Dieß-Weg	LINESTRING(11.641169 48.156725,11.6411607 48.156709649999996)
968	München	Englschalkinger Straße	de:09162:605:3:3	48.157096	11.642022	bus	MATCHED	w364538246	2.6	1.0	Englschalkinger Straße	154,184,E183,E185,N72	Freischützstraße / Freischützstraße / Johanneskirchner Straße	Freischützstraße	LINESTRING(11.642022 48.157096,11.64199264827331 48.15708367551682)
969	München	Englschalkinger Straße	de:09162:605:4:4	48.155718	11.641699	bus	MATCHED	w399786039	12.3	1.0	Englschalkinger Straße	183,E183,E185	Englschalkinger Straße / Englschalkinger Straße	Englschalkinger Straße	LINESTRING(11.641699 48.155718,11.641734383982703 48.155825783661534)
970	München	Erhart	de:09162:20008:0:ERHA1	48.18308	11.389021		NO_MATCH_AND_SEEMS_UNSERVED								POINT(11.389021 48.18308)
971	München	Erhart	de:09162:20008:0:ERHA2	48.18302	11.388967		NO_MATCH_AND_SEEMS_UNSERVED								POINT(11.388967 48.18302)
972	München	Erlbachstraße	de:09162:1750:2:2	48.175095	11.395004	bus	MATCHED	n10087875492	8.2	0.71	Erlbachstraße	162,E162	Eichelhäherstraße	Eichelhäherstraße	LINESTRING(11.395004 48.175095,11.3950458 48.175026300000006)
973	München	Erlbachstraße	de:09162:1750:3:ERL 1	48.17464	11.394743	bus	MATCHED	w379853724	3.3	1.0	Erlbachstraße	162,E162	Federseestraße	Federseestraße	LINESTRING(11.394743 48.17464,11.39476593716935 48.17466504666199)
974	München	Erna-Eckstein-Straße	de:09162:1858:1:1	48.150199	11.476355	bus	MATCHED	n8555132965	20.3	1.0	Erna-Eckstein-Straße	161,180,N77	Berduxstraße	Berduxstraße	LINESTRING(11.476355 48.150199,11.4760921 48.1501497)
975	München	Eschenrieder Straße	de:09162:1855:1:1	48.179737	11.407912	bus	MATCHED	w371630495	21.5	1.0	Eschenrieder Straße	159	Osterangerstraße	Osterangerstraße	LINESTRING(11.407912 48.179737,11.40817215549123 48.17982140636867)
976	München	Eschenrieder Straße	de:09162:1855:1:2	48.179791	11.407832	bus	MATCHED	w371630507	18.9	1.0	Eschenrieder Straße	159	Lochhausen	Lochhausen Bahnhof	LINESTRING(11.407832 48.179791,11.408062696018188 48.179862706747954)
977	München	Esmarchstraße	de:09162:1821:1:1	48.184427	11.460284	bus	MATCHED	w398731641	5.3	1.0	Esmarchstraße	160,165	Vesaliusstraße	Vesaliusstraße	LINESTRING(11.460284 48.184427,11.460272050000002 48.184473700000005)
978	München	Esmarchstraße	de:09162:1821:2:2	48.185056	11.460042	bus	MATCHED	w398731640	0.9	1.0	Esmarchstraße	160,165	Pfarrer-Grimm-Straße	Pfarrer-Grimm-Straße	LINESTRING(11.460042 48.185056,11.460046936903952 48.18506301105796)
979	München	Ettalstraße	de:09162:1308:1:1	48.113362	11.514156	bus	MATCHED	w377924348	4.3	0.8	Ettalstraße	151,51,54,N40	Werdenfelsstraße	Werdenfelsstraße	LINESTRING(11.514156 48.113362,11.514213289487566 48.113365599731225)
980	München	Ettalstraße	de:09162:1308:2:2	48.113212	11.513446	bus	MATCHED	w377924347	14.3	0.62	Ettalstraße	151,51,54,N40	Luise-Kiesselbach-Platz / Pilsenseestraße	Luise-Kiesselbach-Platz	LINESTRING(11.513446 48.113212,11.513545178983573 48.113102229178445)
981	München	Ettenhuber	de:09162:20019:0:/ETTE	48.140944	11.736678		NO_MATCH_AND_SEEMS_UNSERVED								POINT(11.736678 48.140944)
982	München	Ettenhuber	de:09162:20019:0:ETTE1	48.140932	11.736597		NO_MATCH_AND_SEEMS_UNSERVED								POINT(11.736597 48.140932)
983	München	Ettenhuber	de:09162:20019:0:ETTE2	48.140914	11.736534		NO_MATCH_AND_SEEMS_UNSERVED								POINT(11.736534 48.140914)
984	München	Eulenspiegelstraße	de:09162:965:1:1	48.088046	11.669241	bus	MATCHED	w472939045	0.9	1.0	Eulenspiegelstraße	55,N45	Im Gefilde	Im Gefilde	LINESTRING(11.669241 48.088046,11.6692526 48.088043850000005)
985	München	Eulenspiegelstraße	de:09162:965:2:2	48.087962	11.669151	bus	MATCHED	w472939043	5.4	1.0	Eulenspiegelstraße	55,N45	Waldheimplatz / Waldheimplatz	Waldheimplatz	LINESTRING(11.669151 48.087962,11.669192271773156 48.08792261881709)
986	München	Euro-Industriepark Nord	de:09162:443:1:1	48.201075	11.602326	bus	MATCHED	w277228772	9.0	1.0	Euro-Industriepark Nord	180,182	Werner-Egk-Bogen / Werner-Egk-Bogen	Werner-Egk-Bogen	LINESTRING(11.602326 48.201075,11.602410554925035 48.20101672635152)
987	München	Euro-Industriepark Nord	de:09162:443:2:2	48.20071	11.603044	bus	MATCHED	w277228768	7.3	1.0	Euro-Industriepark Nord	180	Paul-Hindemith-Allee	Paul-Hindemith-Allee	LINESTRING(11.603044 48.20071,11.603124079401594 48.20074823412164)
988	München	Euro-Industriepark Nord	de:09162:443:30:70	48.200812	11.602236		NO_MATCH_AND_SEEMS_UNSERVED								POINT(11.602236 48.200812)
989	München	Euro-Industriepark Nord	de:09162:443:3:3	48.200003	11.601742		NO_MATCH_AND_SEEMS_UNSERVED								POINT(11.601742 48.200003)
990	München	Euro-Industriepark Nord	de:09162:443:4:4	48.200698	11.603233	bus	NO_MATCH_BUT_OTHER_PLATFORM_MATCHED					180,182	Paul-Hindemith-Allee		POINT(11.603233 48.200698)
991	München	Euro-Industriepark West	de:09162:415:1:1	48.192764	11.583847	bus	MATCHED	w277106233	5.5	1.0	Euro-Industriepark West	140,141	Ingolstädter Straße	Ingolstädter Straße	LINESTRING(11.583847 48.192764,11.583873401426114 48.19271780920245)
992	München	Euro-Industriepark West	de:09162:415:2:2	48.192524	11.584171	bus	MATCHED	w277106235	1.1	1.0	Euro-Industriepark West	140,141	Gundelkoferstraße	Gundelkoferstraße	LINESTRING(11.584171 48.192524,11.584182400000003 48.192517550000005)
993	München	Eversbuschstraße	de:09162:1839:1:1	48.191315	11.459619		MATCHED	w379853725	43.8	1.0	Eversbuschstraße			Servetstraße	LINESTRING(11.459619 48.191315,11.459788200000002 48.19093805000001)
994	München	Eversbuschstraße	de:09162:1839:2:2	48.190866	11.4597	bus	MATCHED	w379853726	0.9	1.0	Eversbuschstraße	164	Vesaliusstraße	Vesaliusstraße	LINESTRING(11.4597 48.190866,11.459697210757009 48.190874260691466)
995	München	Eversbuschstraße	de:09162:1839:3:3	48.191039	11.459745	bus	NO_MATCH_BUT_OTHER_PLATFORM_MATCHED					164	Servetstraße		POINT(11.459745 48.191039)
996	München	Fachnerstraße	de:09162:1208:2:1	48.129841	11.516896	tram	MATCHED	n1690677433	2.9	0.79	Fachnerstraße	18	Säulingstraße	Säulingstraße	LINESTRING(11.516896 48.129841,11.5169116 48.1298168)
997	München	Fachnerstraße	de:09162:1208:2:2	48.129847	11.517058	tram	MATCHED	n1690677430	3.1	0.78	Fachnerstraße	18	Westendstraße	Westendstraße	LINESTRING(11.517058 48.129847,11.5170163 48.129848)
998	München	Fachnerstraße	de:09162:1208:31:21	48.129853	11.516752		MATCHED	n3207960664	15.7	0.38	Fachnerstraße				LINESTRING(11.516752 48.129853,11.5169604 48.129832900000004)
999	München	Fachnerstraße	de:09162:1208:32:22	48.129823	11.517183		NO_MATCH_AND_SEEMS_UNSERVED								POINT(11.517183 48.129823)
1000	München	Fachnerstraße	de:09162:1208:33:73	48.130375	11.517884		NO_MATCH_AND_SEEMS_UNSERVED								POINT(11.517884 48.130375)
1001	München	Faganastraße	de:09162:1982:3:FAG 1	48.207296	11.533838		NO_MATCH_AND_SEEMS_UNSERVED								POINT(11.533838 48.207296)
1002	München	Faganastraße	de:09162:1982:3:FAG 2	48.207457	11.533416		NO_MATCH_AND_SEEMS_UNSERVED								POINT(11.533416 48.207457)
1003	München	Fasanenstraße	de:09162:1904:1:1	48.167223	11.487252	bus	MATCHED	w379853727	5.3	1.0	Fasanenstraße	162	Tannenweg	Tannenweg	LINESTRING(11.487252 48.167223,11.48730125 48.1671889)
1004	München	Fasanenstraße	de:09162:1904:2:2	48.167073	11.487629	bus	MATCHED	w379853728	3.9	1.0	Fasanenstraße	162	Reginbaldstraße	Reginbaldstraße	LINESTRING(11.487629 48.167073,11.487588408934744 48.16709544291258)
1005	München	Fasanenstraße	de:09162:1904:31:71	48.167079	11.487207		NO_MATCH_AND_SEEMS_UNSERVED								POINT(11.487207 48.167079)
1006	München	Fasanenstraße	de:09162:1904:32:72	48.167037	11.487234		NO_MATCH_AND_SEEMS_UNSERVED								POINT(11.487234 48.167037)
1007	München	Fasanerie	de:09162:310:1:1	48.197518	11.523903		MATCHED	w364459058	7.4	1.0	Fasanerie Bahnhof	175,S1	Moosach / Feldmoching / Moosach / Moosach / Merseburger Straße	Merseburger Straße	LINESTRING(11.523903 48.197518,11.523920648587167 48.19758334230687)
1008	München	Fasanerie	de:09162:310:2:2	48.196393	11.524469		MATCHED	w364459057	2.2	1.0	Fasanerie Bahnhof	175,N71,S1	Feldmoching / Feldmoching / Feldmoching / Feldmoching / Moosach / Kuckucksblumenstraße	Kuckucksblumenstraße	LINESTRING(11.524469 48.196393,11.524492400000009 48.19638085)
1009	München	Fasanerie	de:09162:310:31:71	48.196501	11.523526		NO_MATCH_AND_SEEMS_UNSERVED								POINT(11.523526 48.196501)
1010	München	Fasanerie	de:09162:310:33:73	48.196315	11.525394		NO_MATCH_AND_SEEMS_UNSERVED								POINT(11.525394 48.196315)
1011	München	Fasanerie	de:09162:310:41:81	48.197758	11.525789	trainish	MATCHED	n14342545	7.7	0.63	Fasanerie			Moosach	LINESTRING(11.525789 48.197758,11.525867700000001 48.1978025)
1012	München	Fasanerie	de:09162:310:42:82	48.197728	11.525834	trainish	MATCHED	w38959145	12.7	1.0	Fasanerie				LINESTRING(11.525834 48.197728,11.525986028922489 48.19778083621942)
1013	München	Fasanerie	de:09162:310:72:72	48.19562	11.521783		NO_MATCH_AND_SEEMS_UNSERVED								POINT(11.521783 48.19562)
1014	München	Fasaneriestraße	de:09162:105:1:1	48.157522	11.543765		MATCHED_AMBIGUOUSLY	n1698244806	7.0	1.0	Fasaneriestraße	12,53,N44	Albrechtstraße	Albrechtstraße	LINESTRING(11.543765 48.157522,11.543716600000002 48.1574679)
1015	München	Fasaneriestraße	de:09162:105:1:1	48.157522	11.543765		MATCHED_AMBIGUOUSLY	w309120833	21.2	1.0	Fasaneriestraße	12,53,N44	Albrechtstraße	Albrechtstraße	LINESTRING(11.543765 48.157522,11.543983845682458 48.15764472043553)
1016	München	Fasaneriestraße	de:09162:105:2:2	48.157198	11.543298		MATCHED_AMBIGUOUSLY	n1519557022	3.5	1.0	Fasaneriestraße	12,53,N43	Leonrodplatz	Leonrodplatz	LINESTRING(11.543298 48.157198,11.5433278 48.1572218)
1017	München	Fasaneriestraße	de:09162:105:2:2	48.157198	11.543298		MATCHED_AMBIGUOUSLY	w309120839	23.5	1.0	Fasaneriestraße	12,53,N43	Leonrodplatz	Leonrodplatz	LINESTRING(11.543298 48.157198,11.543067167374431 48.15705335603024)
1018	München	Fasaneriestraße	de:09162:105:31:71	48.157576	11.543666		MATCHED	n3144391829	27.3	0.27	Fasaneriestraße				LINESTRING(11.543666 48.157576,11.5435315 48.1573477)
1019	München	Fasaneriestraße	de:09162:105:32:72	48.157114	11.543378		NO_MATCH_AND_SEEMS_UNSERVED								POINT(11.543378 48.157114)
1020	München	Fasangarten	de:09162:1120:1:1	48.093416	11.604033		MATCHED	w392176993	24.8	1.0	Fasangarten	145,S3	Giesing / Giesing / Giesing / Cincinnatistraße	Cincinnatistraße	LINESTRING(11.604033 48.093416,11.603762021187155 48.093286679281576)
1021	München	Fasangarten	de:09162:1120:2:2	48.093158	11.603853		NO_MATCH_AND_SEEMS_UNSERVED								POINT(11.603853 48.093158)
1022	München	Fasangarten	de:09162:1120:31:71	48.092072	11.604661		NO_MATCH_AND_SEEMS_UNSERVED								POINT(11.604661 48.092072)
1023	München	Fasangarten	de:09162:1120:41:81	48.092702	11.606018	trainish	MATCHED	n35201967	70.5	0.19	Fasangarten			Giesing	LINESTRING(11.606018 48.092702,11.605784400000001 48.093316200000004)
1024	München	Fasangarten	de:09162:1120:42:82	48.09269	11.605982	train	MATCHED	n525847546	71.0	0.35	Fasangarten	S3	Fasanenpark	Fasanenpark	LINESTRING(11.605982 48.09269,11.6057362 48.093306500000004)
1025	München	Fasangartenstraße	de:09162:1053:3:FSS 1	48.089786	11.611093	bus	MATCHED	w392176992	5.7	0.77	Fasangartenstraße	145,N75	Landrichterstraße	Landrichterstraße	LINESTRING(11.611093 48.089786,11.61104065 48.089823599999995)
1026	München	Fasangartenstraße	de:09162:1053:3:FSS 2	48.089858	11.611255	bus	MATCHED	w392176991	4.9	0.79	Fasangartenstraße	145	Obernzeller Straße	Obernzeller Straße	LINESTRING(11.611255 48.089858,11.611249537705637 48.08990212762523)
1027	München	Federseestraße	de:09162:1748:1:1	48.175413	11.398013	bus	MATCHED	w379853730	18.1	1.0	Federseestraße	162,E162	Ziegeleistraße	Ziegeleistraße	LINESTRING(11.398013 48.175413,11.397778931205606 48.17536930494173)
1028	München	Federseestraße	de:09162:1748:2:2	48.175287	11.396037		MATCHED	w379853729	157.9	1.0	Federseestraße			Erlbachstraße	LINESTRING(11.396037 48.175287,11.398128470640163 48.17553220298686)
1029	München	Federseestraße	de:09162:1748:3:3	48.17558	11.398112	bus	NO_MATCH_BUT_OTHER_PLATFORM_MATCHED					162,E162	Erlbachstraße		POINT(11.398112 48.17558)
1030	München	Feldbergstraße	de:09162:953:1:1	48.108534	11.663456	bus	MATCHED	w468320620	3.5	1.0	Feldbergstraße	192	Am Hochacker	Hochacker	LINESTRING(11.663456 48.108534,11.663503171098334 48.10853658223784)
1031	München	Feldbergstraße	de:09162:953:2:2	48.108858	11.663133	bus	MATCHED	w468320610	15.6	1.0	Feldbergstraße	192	Bergerwaldstraße	Bergerwaldstraße	LINESTRING(11.663133 48.108858,11.662938302702205 48.108910498992884)
1032	München	Feldbergstraße	de:09162:953:3:3	48.10869	11.664049	bus	MATCHED	n4628543264	2.5	0.86	Feldbergstraße	194,N79	Am Hochacker / Am Hochacker	Hochacker	LINESTRING(11.664049 48.10869,11.664026100000001 48.1086741)
1033	München	Feldbergstraße	de:09162:953:4:4	48.10848	11.664004	bus	MATCHED	n4628543263	4.8	0.79	Feldbergstraße	194,N79	Himalajastraße	Himalajastraße	LINESTRING(11.664004 48.10848,11.664021400000001 48.1085215)
1034	München	Feldbergstraße	de:09162:953:5:5	48.107946	11.663393	bus	MATCHED	w468320617	3.6	1.0	Feldbergstraße	195	Alois-Hahn-Weg	Alois-Hahn-Weg	LINESTRING(11.663393 48.107946,11.663406102030565 48.10797710244849)
1035	München	Feldbergstraße	de:09162:953:6:6	48.10812	11.663717	bus	MATCHED	w468320616	9.0	1.0	Feldbergstraße	195	Am Hochacker	Hochacker	LINESTRING(11.663717 48.10812,11.663644026929324 48.108055058063385)
1036	München	Feldmoching	de:09162:320:1:1	48.213611	11.540863	train	MATCHED	n14342561	20.3	0.41	Feldmoching	RB33,S1	Moosach / Fasanerie / Moosach / Oberschleißheim	Fasanerie / Moosach	LINESTRING(11.540863 48.213611,11.541135200000001 48.213594500000006)
1037	München	Feldmoching	de:09162:320:2:2	48.213887	11.540603	bus	MATCHED	n9469558479	2.5	1.0	Feldmoching Bahnhof	170,171,172,173,N41,X206	Feldmoching	Feldmoching Bahnhof	LINESTRING(11.540603 48.213887,11.5406014 48.2138647)
1038	München	Feldmoching	de:09162:320:30:70	48.214	11.539632	bus	MATCHED	w421143781	17.6	1.0	Feldmoching Bahnhof	X206	Josef-Frankl-Straße	Josef-Frankl-Straße	LINESTRING(11.539632 48.214,11.53986789346275 48.21398382233143)
1039	München	Feldmoching	de:09162:320:3:3	48.213539	11.540495		MATCHED	w421143778	3.1	1.0	Feldmoching Bahnhof	170,171,172,173,N41,RB33,RE2,S1	Paidarstraße / Feldmoching Bf. Ost / Freising / Oberschleißheim / Lerchenstraße / Fasanerie / Ludwig-Beck-Straße / Unterschleißheim / Oberschleißheim	Feldmoching Bahnhof Ost / Lerchenstraße / Paidarstraße	LINESTRING(11.540495 48.213539,11.540498231536521 48.21356643450991)
1040	München	Feldmoching	de:09162:320:3:4	48.213282	11.540486	train	NO_MATCH_BUT_OTHER_PLATFORM_MATCHED					RB33,S1	Moosach / Oberschleißheim / Fasanerie / Oberschleißheim		POINT(11.540486 48.213282)
1041	München	Feldmoching	de:09162:320:3:5	48.213414	11.540486	bus	MATCHED	w1158377833	11.0	1.0	Feldmoching Bahnhof	S1	Oberschleißheim / Fasanerie		LINESTRING(11.540486 48.213414,11.540479719390687 48.21331472480791)
1042	München	Feldmoching	de:09162:320:41:81	48.214312	11.541186	trainish	NO_MATCH_AND_SEEMS_UNSERVED								POINT(11.541186 48.214312)
1043	München	Feldmoching	de:09162:320:42:82	48.213665	11.541195	trainish	MATCHED	n1452862956	8.3	0.62	Feldmoching				LINESTRING(11.541195 48.213665,11.5411952 48.2135904)
1044	München	Feldmoching	de:09162:320:42:83	48.213677	11.541357	trainish	MATCHED	n462107131	10.8	0.56	Feldmoching			Oberschleißheim / Freising	LINESTRING(11.541357 48.213677,11.5413387 48.213580500000006)
1045	München	Feldmoching	de:09162:320:51:51	48.213881	11.540827	light_rail	MATCHED	n2622047124	14.2	0.49	Feldmoching	U2	Hasenbergl / Hasenbergl		LINESTRING(11.540827 48.213881,11.5410178 48.213881900000004)
1046	München	Feldmoching	de:09162:320:51:52	48.213791	11.540827	light_rail	MATCHED	n2622046995	13.8	0.5	Feldmoching	U2	Hasenbergl / Hasenbergl		LINESTRING(11.540827 48.213791,11.540986100000001 48.2137267)
1047	München	Feldmoching	de:09162:320:6:6	48.213929	11.539022	bus	MATCHED	w390071265	8.0	1.0	Feldmoching Bahnhof	172	Paidarstraße	Paidarstraße	LINESTRING(11.539022 48.213929,11.539129867460458 48.21392859982564)
1048	München	Feldmoching Bf. Ost	de:09162:368:1:1	48.213575	11.543145	bus	MATCHED	w364395166	9.1	1.0	Feldmoching Bahnhof Ost	170,171	Feldmochinger Anger	Feldmochinger Anger	LINESTRING(11.543145 48.213575,11.543157965738802 48.21365643341342)
1049	München	Feldmoching Bf. Ost	de:09162:368:2:2	48.21406	11.543289	bus	MATCHED	w375743528	9.1	1.0	Feldmoching Bahnhof Ost	170,171	Feldmoching	Ludwig-Beck-Straße	LINESTRING(11.543289 48.21406,11.5432763 48.21414095)
1050	München	Feldmoching Bf. Ost	de:09162:368:31:71	48.213282	11.542426		NO_MATCH_AND_SEEMS_UNSERVED								POINT(11.542426 48.213282)
1051	München	Feldmoching Bf. Ost	de:09162:368:31:72	48.213438	11.542759		NO_MATCH_AND_SEEMS_UNSERVED								POINT(11.542759 48.213438)
1052	München	Feldmoching Bf. Ost	de:09162:368:33:73	48.213863	11.543639		NO_MATCH_AND_SEEMS_UNSERVED								POINT(11.543639 48.213863)
1053	München	Feldmoching Bf. Ost	de:09162:368:34:74	48.213755	11.544519		NO_MATCH_AND_SEEMS_UNSERVED								POINT(11.544519 48.213755)
1054	München	Feldmochinger Anger	de:09162:359:3:FEA 1	48.209044	11.543819	bus	MATCHED	w375743530	9.5	1.0	Feldmochinger Anger	170,171	Hasenbergl Süd	Hasenbergl Süd	LINESTRING(11.543819 48.209044,11.543692007925346 48.20904967159781)
1055	München	Feldmochinger Anger	de:09162:359:3:FEA 2	48.209152	11.543872	bus	MATCHED	w375743529	1.0	1.0	Feldmochinger Anger	170,171	Feldmoching Bf. Ost	Feldmoching Bahnhof Ost	LINESTRING(11.543872 48.209152,11.543870732787392 48.20914259995747)
1056	München	Feldmochinger See	de:09162:1973:1:1	48.218382	11.518297	bus	MATCHED	w398700053	5.5	1.0	Feldmochinger See	172	Kaiserhölzlstraße	Kaiserhölzlstraße	LINESTRING(11.518297 48.218382,11.51836865 48.21836975)
1057	München	Feldmochinger See	de:09162:1973:2:2	48.218166	11.51748	bus	MATCHED	w398700054	3.5	1.0	Feldmochinger See	172	Schwarzhölzlstraße	Schwarzhölzlstraße	LINESTRING(11.51748 48.218166,11.517440070744033 48.21814894449863)
1058	München	Feldmochinger Straße	de:09162:365	48.176796	11.520561		NO_MATCH_AND_SEEMS_UNSERVED								POINT(11.520561 48.176796)
1059	München	Ferchenbachstraße	de:09162:1964:1:1	48.20241	11.494196	bus	MATCHED	w409285629	3.1	1.0	Ferchenbachstraße	176,710	Kristallstraße / Kristallstraße	Kristallstraße	LINESTRING(11.494196 48.20241,11.494167292857476 48.202390255416425)
1060	München	Ferchenbachstraße	de:09162:1964:2:2	48.203009	11.493917	bus	MATCHED	w409285632	1.0	1.0	Ferchenbachstraße	176,710	Rangierbahnhof	Rangierbahnhof	LINESTRING(11.493917 48.203009,11.4939044 48.203011700000005)
1061	München	Ferchenbachstraße	de:09162:1964:3:3	48.202494	11.494115		MATCHED	w834014044	17.4	1.0	Ferchenbachstraße				LINESTRING(11.494115 48.202494,11.49390475 48.20242439999999)
1062	München	Fernpaßstraße	de:09162:1306:1:1	48.115185	11.522879	bus	MATCHED	w377924349	1.6	1.0	Fernpaßstraße	54,N40	Luise-Kiesselbach-Platz	Luise-Kiesselbach-Platz	LINESTRING(11.522879 48.115185,11.522877157830063 48.11517029267631)
1063	München	Fernpaßstraße	de:09162:1306:2:2	48.114825	11.522771	bus	MATCHED	w377924350	2.4	1.0	Fernpaßstraße	54,N40	Partnachplatz	Partnachplatz	LINESTRING(11.522771 48.114825,11.522741393489204 48.11481709629565)
1064	München	Fertigstraße	de:09162:1334:3:FER 2	48.088808	11.509179	bus	MATCHED	w376756195	7.3	1.0	Fertigstraße	136	Spindlerplatz	Spindlerplatz	LINESTRING(11.509179 48.088808,11.509274200000002 48.08882235000001)
1065	München	Fertigstraße	de:09162:1334:3:FER 3	48.088904	11.509162	bus	MATCHED	w376756201	1.6	1.0	Fertigstraße	136	Weltistraße	Weltistraße	LINESTRING(11.509162 48.088904,11.509150152105343 48.08889162775707)
1066	München	Finsterwalderstraße	de:09162:1914:1:1	48.176083	11.47446	bus	MATCHED	w379853732	1.0	1.0	Finsterwalderstraße	162	Kunstmannstraße	Kunstmannstraße	LINESTRING(11.47446 48.176083,11.474471855290679 48.17607824369948)
1067	München	Finsterwalderstraße	de:09162:1914:2:2	48.175556	11.475052	bus	MATCHED	w379853731	1.1	1.0	Finsterwalderstraße	162	Untermenzing	Untermenzing Bahnhof	LINESTRING(11.475052 48.175556,11.475066181115622 48.175552763499134)
1068	München	Finsterwalderstraße	de:09162:1914:31:71	48.176042	11.474729		NO_MATCH_AND_SEEMS_UNSERVED								POINT(11.474729 48.176042)
1069	München	Fischer-v. -Erlach-Straße	de:09162:1643:1:1	48.137629	11.479984		NO_MATCH_AND_SEEMS_UNSERVED								POINT(11.479984 48.137629)
1070	München	Fischer-v. -Erlach-Straße	de:09162:1643:2:2	48.137107	11.480263		NO_MATCH_AND_SEEMS_UNSERVED								POINT(11.480263 48.137107)
1071	München	Fischer-v. -Erlach-Straße	de:09162:1643:3:3	48.13881	11.479912		NO_MATCH_AND_SEEMS_UNSERVED								POINT(11.479912 48.13881)
1072	München	Fischer-v. -Erlach-Straße	de:09162:1643:4:4	48.138714	11.479652	bus	MATCHED	n11348603596	8.8	0.63	Fischer-von-Erlach-Straße	57	Mitterfeldstraße	Mitterfeldstraße	LINESTRING(11.479652 48.138714,11.479747300000001 48.1386667)
1073	München	Fischer-v. -Erlach-Straße	de:09162:1643:5:5	48.138672	11.480083	bus	MATCHED	n11385854481	6.5	0.67	Fischer-von-Erlach-Straße	57	Lohensteinstraße	Lohensteinstraße	LINESTRING(11.480083 48.138672,11.4800217 48.1386302)
1074	München	Flemischweg	de:09162:1543:3:FLE 1	48.128066	11.470318	bus	MATCHED	n783915214	6.2	0.76	Flemischweg	168	Wastl-Witt-Straße	Wastl-Witt-Straße	LINESTRING(11.470318 48.128066,11.470236700000001 48.1280553)
1075	München	Florastraße	de:09162:933:1:1	48.11741	11.682482	bus	MATCHED	n270315422	11.1	1.0	Florastraße	185,E185	Friedenspromenade	Friedenspromenade	LINESTRING(11.682482 48.11741,11.6825045 48.1173116)
1076	München	Florastraße	de:09162:933:2:2	48.117104	11.682689	bus	MATCHED	n679383187	0.6	1.0	Florastraße	185,E185	Edeltraudstraße	Edeltraudstraße	LINESTRING(11.682689 48.117104,11.6826924 48.117099)
1077	München	Florastraße	de:09162:933:3:3	48.117518	11.682482	bus	MATCHED	n861734948	6.0	1.0	Florastraße	192,N79	Friedenspromenade / Friedenspromenade	Friedenspromenade	LINESTRING(11.682482 48.117518,11.6825448 48.117551500000005)
1078	München	Floriansmühlstraße	de:09162:542:1:1	48.191309	11.62005	bus	MATCHED	w372415510	3.0	1.0	Floriansmühlstraße	181,N40	Situlistraße	Situlistraße	LINESTRING(11.62005 48.191309,11.620037326275698 48.19133479282773)
1079	München	Floriansmühlstraße	de:09162:542:2:2	48.1918	11.621433	bus	MATCHED	w372415519	0.8	1.0	Floriansmühlstraße	181,N40	Emmerigweg / Emmerigweg	Emmerigweg	LINESTRING(11.621433 48.1918,11.621443856098866 48.19180179287829)
1080	München	Floriansmühlstraße	de:09162:542:3:3	48.191482	11.621532	bus	MATCHED	w372415508	5.9	1.0	Floriansmühlstraße	181	Sondermeierstraße	Sondermeierstraße	LINESTRING(11.621532 48.191482,11.621605159231093 48.19146043913579)
1081	München	Floßlände	de:09162:1143:1:1	48.094754	11.545346	bus	MATCHED	w376756206	8.4	1.0	Floßlände	135	Maria-Einsiedel-Straße	Maria-Einsiedel-Straße	LINESTRING(11.545346 48.094754,11.545415769706231 48.09469424458446)
1082	München	Floßlände	de:09162:1143:2:2	48.094688	11.545732	bus	MATCHED	w376756207	1.8	1.0	Floßlände	135	Campingplatz Thalkirchen	Campingplatz Thalkirchen	LINESTRING(11.545732 48.094688,11.545712258075 48.09467906946808)
1083	München	Floßlände	de:09162:1143:31:71	48.094772	11.54601		NO_MATCH_AND_SEEMS_UNSERVED								POINT(11.54601 48.094772)
1084	München	Floßlände	de:09162:1143:31:72	48.094922	11.546199		NO_MATCH_AND_SEEMS_UNSERVED								POINT(11.546199 48.094922)
1085	München	Flurstraße	de:09162:22:1:1	48.135758	11.604913	bus	MATCHED	w384874855	2.8	1.0	Flurstraße	155	Max-Weber-Platz	Max-Weber-Platz	LINESTRING(11.604913 48.135758,11.60493226330601 48.13573604294561)
1086	München	Flurstraße	de:09162:22:2:2	48.135495	11.604895	bus	MATCHED	w384874854	2.0	1.0	Flurstraße	155	Kirchenstraße	Kirchenstraße	LINESTRING(11.604895 48.135495,11.604901700000003 48.135477550000004)
1087	München	Flurstraße	de:09162:22:3:3	48.135663	11.604778	tram	MATCHED	n4576060648	15.1	0.5	Flurstraße	19	Max-Weber-Platz	Max-Weber-Platz	LINESTRING(11.604778 48.135663,11.604576000000002 48.1356477)
1088	München	Flurstraße	de:09162:22:3:4	48.135597	11.604913	tram	MATCHED	n4576060647	10.5	0.57	Flurstraße	19,E7	Grillparzerstraße / Grillparzerstraße	Grillparzerstraße	LINESTRING(11.604913 48.135597,11.605053400000001 48.1355944)
1089	München	Flößergasse	de:09162:1157:31:71	48.103669	11.538321		MATCHED	w390214606	11.8	1.0	Flößergasse			Steinerstraße	LINESTRING(11.538321 48.103669,11.538442088467471 48.103599948805154)
1090	München	Flößergasse	de:09162:1157:3:FLO 1	48.103429	11.538078		NO_MATCH_AND_SEEMS_UNSERVED								POINT(11.538078 48.103429)
1091	München	Flößergasse	de:09162:1157:3:FLO 2	48.103393	11.537935	bus	MATCHED	w390214605	0.4	1.0	Flößergasse	134	Tölzer Straße	Tölzer Straße	LINESTRING(11.537935 48.103393,11.537935101151607 48.10338968132047)
1092	München	Flößergasse	de:09162:1157:4:4	48.103639	11.538267	bus	NO_MATCH_BUT_OTHER_PLATFORM_MATCHED					134	Steinerstraße		POINT(11.538267 48.103639)
1093	München	Fockensteinstraße	de:09162:1045:3:FOC 1	48.109703	11.589282	bus	MATCHED	w377924351	2.8	1.0	Fockensteinstraße	153,54,N44	Giesing / Giesing	Giesing Bahnhof	LINESTRING(11.589282 48.109703,11.589313888533175 48.10968973704101)
1094	München	Fockensteinstraße	de:09162:1045:3:FOC 2	48.109823	11.589049	bus	MATCHED	w377924352	2.1	1.0	Fockensteinstraße	153,54,N43	Valeppstraße	Valeppstraße	LINESTRING(11.589049 48.109823,11.589051337400814 48.10980439924057)
1095	München	Forst-Kasten-Allee	de:09162:1438:1:1	48.09476	11.476427		MATCHED	w396902867	5.1	1.0	Forst-Kasten-Allee			Appenzeller Straße	LINESTRING(11.476427 48.09476,11.476463101955785 48.094798900979846)
1096	München	Forst-Kasten-Allee	de:09162:1438:99:2	48.095246	11.477676	bus	NO_MATCH_BUT_OTHER_PLATFORM_MATCHED					166	Appenzeller Straße		POINT(11.477676 48.095246)
1097	München	Forstenried	de:09162:1356:32:71	48.084205	11.494842		NO_MATCH_AND_SEEMS_UNSERVED								POINT(11.494842 48.084205)
1098	München	Forstenried	de:09162:1356:32:72	48.084289	11.494878		NO_MATCH_AND_SEEMS_UNSERVED								POINT(11.494878 48.084289)
1099	München	Forstenried	de:09162:1356:3:FOR 1	48.084847	11.494708	bus	MATCHED	w369932185	0.9	1.0	Forstenried	132,134,N41	Nesselwanger Straße / Spielmannsauer Straße	Nesselwanger Straße / Spielmannsauer Straße	LINESTRING(11.494708 48.084847,11.494706910957829 48.08485532449569)
1100	München	Forstenried	de:09162:1356:3:FOR 2	48.084751	11.494878	bus	MATCHED	w369932184	3.3	1.0	Forstenried	132,134,N41	Hatzelweg / Hatzelweg	Hatzelweg	LINESTRING(11.494878 48.084751,11.49483320034816 48.084749283958566)
1101	München	Forstenrieder Allee	de:09162:1480:1:1	48.094676	11.498678	bus	MATCHED	w296502179	1.5	1.0	Forstenrieder Allee	63	Limmatstraße	Limmatstraße	LINESTRING(11.498678 48.094676,11.498693565818531 48.094667883553136)
1102	München	Forstenrieder Allee	de:09162:1480:1:2	48.094658	11.498193	bus	MATCHED	w296502181	1.4	1.0	Forstenrieder Allee	132,N41	Limmatstraße	Limmatstraße	LINESTRING(11.498193 48.094658,11.498188252826049 48.09464599239015)
1103	München	Forstenrieder Allee	de:09162:1480:1:3	48.094562	11.498418	bus	MATCHED	w296502183	1.4	1.0	Forstenrieder Allee	132,N41	Kriegelsteinerstraße	Kriegelsteinerstraße	LINESTRING(11.498418 48.094562,11.498424905960386 48.094549843651436)
1104	München	Forstenrieder Allee	de:09162:1480:31:71	48.095378	11.498202		NO_MATCH_AND_SEEMS_UNSERVED								POINT(11.498202 48.095378)
1105	München	Forstenrieder Allee	de:09162:1480:51:51	48.095048	11.49937	light_rail	MATCHED	n73706462	5.1	0.72	Forstenrieder Allee	U3	Basler Straße / Machtlfinger Straße		LINESTRING(11.49937 48.095048,11.4993303 48.0950104)
1106	München	Forstenrieder Allee	de:09162:1480:51:52	48.095132	11.49937	light_rail	MATCHED	n2650093533	3.3	0.8	Forstenrieder Allee	U3	Basler Straße		LINESTRING(11.49937 48.095132,11.4993342 48.0951491)
1107	München	Forstenrieder Allee	de:09162:1480:99:72	48.095096	11.49937		NO_MATCH_AND_SEEMS_UNSERVED								POINT(11.49937 48.095096)
1108	München	Forstenrieder Park	de:09162:1421:3:71	48.077339	11.488536	bus	NO_MATCH_AND_SEEMS_UNSERVED								POINT(11.488536 48.077339)
1109	München	Forstenrieder Park	de:09162:1421:3:FOP 1	48.077411	11.488482		NO_MATCH_AND_SEEMS_UNSERVED								POINT(11.488482 48.077411)
1110	München	Forstenrieder Park	de:09162:1421:4:4	48.077501	11.488446	bus	MATCHED	w369932183	5.7	1.0	Forstenrieder Park	132	Mindelheimer Straße	Mindelheimer Straße	LINESTRING(11.488446 48.077501,11.488522339092357 48.07749641803235)
1111	München	Frankfurter Ring	de:09162:750:1:1	48.187422	11.57314	bus	MATCHED	w372415509	1.4	1.0	Frankfurter Ring (U)	177,X35,X36	Oberhofer Platz / Schwabing Nord	Oberhofer Platz / Schwabing Nord (T)	LINESTRING(11.57314 48.187422,11.57312072374758 48.18742138644712)
1112	München	Frankfurter Ring	de:09162:750:2:2	48.187644	11.572115	bus	MATCHED	w372415513	7.5	1.0	Frankfurter Ring (U)	177,178,50,X35,X36	Moosacher Straße / Anhalter Platz / Moosacher Straße	Anhalter Platz / Moosacher Straße	LINESTRING(11.572115 48.187644,11.572099177197996 48.18757739178429)
1113	München	Frankfurter Ring	de:09162:750:3:3	48.187128	11.572583	bus	MATCHED	w372415517	6.4	1.0	Frankfurter Ring	150,179,50,N41	Korbinianplatz	Korbinianplatz	LINESTRING(11.572583 48.187128,11.572560648870091 48.1871840209449)
1114	München	Frankfurter Ring	de:09162:750:4:4	48.187853	11.572762	bus	MATCHED	w372415516	2.5	1.0	Frankfurter Ring	150,178,179,N41	Knorrstraße / Knorrstraße / Bremer Straße	Knorrstraße / Bremer Straße / Am Hart Süd	LINESTRING(11.572762 48.187853,11.572744749178735 48.187833870488085)
1115	München	Frankfurter Ring	de:09162:750:51:51	48.186835	11.572753	light_rail	MATCHED	n2624783026	4.4	0.75	Frankfurter Ring	U2	Milbertshofen / Am Hart		LINESTRING(11.572753 48.186835,11.5728044 48.1868148)
1116	München	Frankfurter Ring	de:09162:750:51:52	48.186823	11.572663	light_rail	MATCHED	n2624783020	2.2	0.85	Frankfurter Ring	U2	Milbertshofen / Am Hart		LINESTRING(11.572663 48.186823,11.5726388 48.1868118)
1117	München	Franz-Heubl-Straße	de:09162:996:1:1	48.101761	11.659117	bus	MATCHED	n11473708561	24.1	0.52	Franz-Heubl-Straße	195,197,N45	Hugo-Lang-Bogen / Hugo-Lang-Bogen	Hugo-Lang-Bogen	LINESTRING(11.659117 48.101761,11.6590337 48.1015516)
1118	München	Franz-Nißl-Straße	de:09162:1825:3:FNS 2	48.196075	11.460868		NO_MATCH_AND_SEEMS_UNSERVED								POINT(11.460868 48.196075)
1119	München	Franz-Nißl-Straße	de:09162:1825:3:FNS 3	48.196201	11.460976		NO_MATCH_AND_SEEMS_UNSERVED								POINT(11.460976 48.196201)
1120	München	Franz-Nißl-Straße	de:09162:1825:4:4	48.196345	11.461102	bus	MATCHED	w379853733	1.5	1.0	Franz-Nißl-Straße	160,164	Kleselstraße / Kleselstraße	Kleselstraße	LINESTRING(11.461102 48.196345,11.461115795799987 48.196334889382356)
1121	München	Franz-Nißl-Straße	de:09162:1825:4:5	48.196273	11.461012	bus	MATCHED	w379853734	2.8	1.0	Franz-Nißl-Straße	160,164	Georg-Reismüller-Straße	Georg-Reismüller-Straße	LINESTRING(11.461012 48.196273,11.461044249999999 48.196259149999996)
1122	München	Franz-Sperr-Weg	de:09162:344:31:71	48.203829	11.538141		NO_MATCH_AND_SEEMS_UNSERVED								POINT(11.538141 48.203829)
1123	München	Franz-Sperr-Weg	de:09162:344:32:72	48.203817	11.538258		NO_MATCH_AND_SEEMS_UNSERVED								POINT(11.538258 48.203817)
1124	München	Franz-Sperr-Weg	de:09162:344:3:3	48.203973	11.538815	bus	MATCHED	w375853303	1.0	1.0	Franz-Sperr-Weg	173,60,N76	Robinienstraße / Robinienstraße	Robinienstraße	LINESTRING(11.538815 48.203973,11.538802145187388 48.20397628725913)
1125	München	Franz-Sperr-Weg	de:09162:344:5:5	48.203829	11.538743	bus	MATCHED	w375853304	5.6	1.0	Franz-Sperr-Weg	173,60,N76	Georg-Zech-Allee / Max-Wönner-Straße	Georg-Zech-Allee / Max-Wönner-Straße	LINESTRING(11.538743 48.203829,11.538671574424878 48.203813556507946)
1126	München	Franz-Sperr-Weg	de:09162:344:99:1	48.203901	11.538779		NO_MATCH_AND_SEEMS_UNSERVED								POINT(11.538779 48.203901)
1127	München	Franz-Sperr-Weg	de:09162:344:99:2	48.203901	11.538779		NO_MATCH_AND_SEEMS_UNSERVED								POINT(11.538779 48.203901)
1128	München	Frasdorfer Straße	de:09162:1178:1:1	48.101275	11.5908	bus	MATCHED	w391474784	3.9	1.0	Frasdorfer Straße	139	Stadelheimer Straße	Stadelheimer Straße	LINESTRING(11.5908 48.101275,11.590827805250164 48.10124509578753)
1129	München	Frasdorfer Straße	de:09162:1178:2:2	48.101107	11.59116	bus	MATCHED	w391474785	2.6	1.0	Frasdorfer Straße	139,N75	Schwanseestraße	Schwanseestraße	LINESTRING(11.59116 48.101107,11.59119044793015 48.101095355087146)
1130	München	Frauendorferstraße	de:09162:1901:1:1	48.163766	11.476867	bus	MATCHED	w379853736	5.3	1.0	Frauendorferstraße	162,180	Obermenzing	Obermenzing Bahnhof	LINESTRING(11.476867 48.163766,11.47679632370165 48.16376081899834)
1131	München	Frauendorferstraße	de:09162:1901:2:2	48.163484	11.476265	bus	MATCHED	w379853735	8.9	1.0	Frauendorferstraße	162,180	Am Durchblick	Am Durchblick	LINESTRING(11.476265 48.163484,11.476250854981197 48.163563478078885)
1132	München	Frauendorferstraße	de:09162:1901:30:70	48.16219	11.476517		NO_MATCH_AND_SEEMS_UNSERVED								POINT(11.476517 48.16219)
1133	München	Frauenmantelanger	de:09162:396:1:1	48.209499	11.568495	bus	MATCHED	w277106236	0.3	1.0	Frauenmantelanger	141,170	Harthof	Harthof	LINESTRING(11.568495 48.209499,11.568491712790351 48.209500218386616)
1134	München	Frauenmantelanger	de:09162:396:2:2	48.209265	11.568019	bus	MATCHED	w277106237	4.5	1.0	Frauenmantelanger	141,170	Trenkleweg	Trenkleweg	LINESTRING(11.568019 48.209265,11.567963873231719 48.20924751466478)
1135	München	Fraunhoferstraße	de:09162:150:11:11	48.129961	11.573535		MATCHED	n10939163362	55.4	1.0	Fraunhoferstraße				LINESTRING(11.573535 48.129961,11.5729051 48.130226)
1136	München	Fraunhoferstraße	de:09162:150:1:1	48.128528	11.575188	tram	MATCHED	n1507407659	8.6	0.61	Fraunhoferstraße	18,N27	Eduard-Schmid-Straße	Eduard-Schmid-Straße	LINESTRING(11.575188 48.128528,11.5753038 48.1285298)
1137	München	Fraunhoferstraße	de:09162:150:2:2	48.128144	11.575915	tram	MATCHED	n1679671464	9.9	0.59	Fraunhoferstraße	18,N27	Müllerstraße	Müllerstraße	LINESTRING(11.575915 48.128144,11.5758089 48.1281971)
1138	München	Fraunhoferstraße	de:09162:150:32:42	48.128198	11.576023		NO_MATCH_AND_SEEMS_UNSERVED								POINT(11.576023 48.128198)
1139	München	Fraunhoferstraße	de:09162:150:33:43	48.128594	11.575376		NO_MATCH_AND_SEEMS_UNSERVED								POINT(11.575376 48.128594)
1140	München	Fraunhoferstraße	de:09162:150:34:74	48.127694	11.576275		NO_MATCH_AND_SEEMS_UNSERVED								POINT(11.576275 48.127694)
1141	München	Fraunhoferstraße	de:09162:150:3:3	48.127994	11.57667	bus	MATCHED	w369716794	0.3	1.0	Fraunhoferstraße	132	Corneliusbrücke	Corneliusbrücke	LINESTRING(11.57667 48.127994,11.576668654626532 48.127996990628034)
1142	München	Fraunhoferstraße	de:09162:150:4:4	48.12812	11.576535	bus	MATCHED	w369716793	17.1	1.0	Fraunhoferstraße	132	Klenzestraße	Klenzestraße	LINESTRING(11.576535 48.12812,11.576717310667124 48.12821320439731)
1143	München	Fraunhoferstraße	de:09162:150:51:51	48.129289	11.574361	light_rail	MATCHED	n2665022764	10.5	0.56	Fraunhoferstraße	U1,U2,U8	Sendlinger Tor		LINESTRING(11.574361 48.129289,11.5742878 48.1293693)
1144	München	Fraunhoferstraße	de:09162:150:51:52	48.129229	11.574253	light_rail	MATCHED	n2665022761	10.1	0.57	Fraunhoferstraße	U1,U2,U8	Kolumbusplatz		LINESTRING(11.574253 48.129229,11.5741625 48.1292965)
1145	München	Freiham	de:09162:1740:1:1	48.138666	11.411128		NO_MATCH_AND_SEEMS_UNSERVED								POINT(11.411128 48.138666)
1146	München	Freiham	de:09162:1740:2:2	48.13887	11.41147		NO_MATCH_AND_SEEMS_UNSERVED								POINT(11.41147 48.13887)
1147	München	Freiham	de:09162:1740:3:3	48.138714	11.41235		NO_MATCH_AND_SEEMS_UNSERVED								POINT(11.41235 48.138714)
1148	München	Freiham	de:09162:1740:41:81	48.140003	11.410158	train	MATCHED	n1736057577	6.7	0.55	Freiham	S5,S8	Neuaubing	Neuaubing	LINESTRING(11.410158 48.140003,11.410071 48.139989)
1149	München	Freiham	de:09162:1740:42:82	48.140033	11.410149	train	MATCHED	n616836527	6.6	0.55	Freiham	S5,S8	Harthaus	Harthaus	LINESTRING(11.410149 48.140033,11.410061500000001 48.140024800000006)
1150	München	Freiham	de:09162:1740:4:4	48.140668	11.409017		NO_MATCH_AND_SEEMS_UNSERVED								POINT(11.409017 48.140668)
1151	München	Freiham	de:09162:1740:5:5	48.140914	11.409538	bus	MATCHED	w621747392	3.9	1.0	Freiham Bahnhof	143,157,57,860,E162,N77,N80	Bildungscampus Freiham / Helmut-Schmidt-Allee / Freiham Bf. (Süd) / Clarita-Bernhard-Straße / Germering, Wotanstraße	Helmut-Schmidt-Allee / Germering, Wotanstraße / Freiham Bahnhof (Süd) / Bildungscampus Freiham / Clarita-Bernhard-Straße	LINESTRING(11.409538 48.140914,11.40950257780714 48.140939353055366)
1152	München	Freiham	de:09162:1740:6:6	48.141819	11.411569		MATCHED	n10980792417	14.2	1.0	Freiham Bahnhof				LINESTRING(11.411569 48.141819,11.411629900000001 48.141697900000004)
1153	München	Freiham	de:09162:1740:7:7	48.140632	11.411137	bus	MATCHED	n9448598950	18.2	1.0	Freiham Bahnhof	57,N77,N81	Freiham / Ehrenbürgstraße	Ehrenbürgstraße / Freiham Bahnhof	LINESTRING(11.411137 48.140632,11.4108944 48.140650300000004)
1154	München	Freiham	de:09162:1740:8:8	48.140872	11.410392		NO_MATCH_AND_SEEMS_UNSERVED								POINT(11.410392 48.140872)
1155	München	Freiham Bf. (Süd)	de:09162:1760:1:1	48.13869	11.411209	bus	MATCHED	w621752856	12.3	1.0	Freiham Bahnhof (Süd)	157	Freiham	Freiham Bahnhof	LINESTRING(11.411209 48.13869,11.411054108645285 48.13865017552242)
1156	München	Freiham Bf. (Süd)	de:09162:1760:2:2	48.13887	11.411371		NO_MATCH_AND_SEEMS_UNSERVED								POINT(11.411371 48.13887)
1157	München	Freiham Bf. (Süd)	de:09162:1760:3:3	48.138654	11.41235		NO_MATCH_AND_SEEMS_UNSERVED								POINT(11.41235 48.138654)
1158	München	Freiham Bf. (Süd)	de:09162:1760:5:5	48.138588	11.410805	bus	MATCHED_THOUGH_DISTANT	n9213634426	273.1	0.06	Freiham Bf.	143,860	Freiham		LINESTRING(11.410805 48.138588,11.411871300000001 48.140938500000004)
1159	München	Freiham Süd	de:09162:1764:1:1	48.132077	11.410958		NO_MATCH_AND_SEEMS_UNSERVED								POINT(11.410958 48.132077)
1160	München	Freiham Süd	de:09162:1764:99:2	48.132077	11.410958		NO_MATCH_AND_SEEMS_UNSERVED								POINT(11.410958 48.132077)
1161	München	Freiligrathstraße	de:09162:458:1:1	48.178372	11.585024	bus	MATCHED	w277106238	1.8	1.0	Freiligrathstraße	140,141,N40	Wilhelm-Hertz-Straße	Wilhelm-Hertz-Straße	LINESTRING(11.585024 48.178372,11.58503435 48.1783574)
1162	München	Freiligrathstraße	de:09162:458:2:2	48.177958	11.585536	bus	MATCHED	w277106239	0.8	1.0	Freiligrathstraße	140,141,N40	Griegstraße	Griegstraße	LINESTRING(11.585536 48.177958,11.585525405222908 48.177957963721596)
1163	München	Freimann	de:09162:420:3:41	48.194189	11.613393		NO_MATCH_AND_SEEMS_UNSERVED								POINT(11.613393 48.194189)
1164	München	Freimann	de:09162:420:3:42	48.193896	11.613088		NO_MATCH_AND_SEEMS_UNSERVED								POINT(11.613088 48.193896)
1165	München	Freimann	de:09162:420:51:51	48.191943	11.614345	light_rail	MATCHED	n1460229362	4.1	0.76	Freimann	U3,U6	Kieferngarten / Kieferngarten / Kieferngarten / Studentenstadt		LINESTRING(11.614345 48.191943,11.614384300000001 48.1919691)
1166	München	Freimann	de:09162:420:51:52	48.191979	11.614237	light_rail	MATCHED	n2644689594	4.4	0.75	Freimann	U6	Kieferngarten / Studentenstadt		LINESTRING(11.614237 48.191979,11.614203300000002 48.192011)
1167	München	Freimann Ost	de:09162:462:3:FRO 1	48.188722	11.613564		NO_MATCH_AND_SEEMS_UNSERVED								POINT(11.613564 48.188722)
1168	München	Freimann Ost	de:09162:462:3:FRO 2	48.18865	11.61386		NO_MATCH_AND_SEEMS_UNSERVED								POINT(11.61386 48.18865)
1169	München	Freimanner Hölzl	de:09162:466:1:1	48.192039	11.601239	bus	MATCHED	w618084201	3.9	1.0	Freimanner Hölzl	178	Lindberghstraße	Lindberghstraße	LINESTRING(11.601239 48.192039,11.601202400000007 48.192013450000005)
1170	München	Freischützstraße	de:09162:604:1:1	48.158379	11.641843	bus	MATCHED	w399786043	3.2	1.0	Freischützstraße	154,184,E183,E185	Englschalkinger Straße / Englschalkinger Straße	Englschalkinger Straße	LINESTRING(11.641843 48.158379,11.641878596092598 48.158363095586346)
1171	München	Freischützstraße	de:09162:604:2:2	48.159086	11.642534	bus	MATCHED	w399786041	4.3	1.0	Freischützstraße	154,N72	Stegmühlstraße	Stegmühlstraße	LINESTRING(11.642534 48.159086,11.64250938901154 48.1590505459028)
1172	München	Freischützstraße	de:09162:604:3:3	48.15881	11.641663	bus	MATCHED	w399786042	6.0	1.0	Freischützstraße	184,E183,E185	Knappertsbuschstraße / Knappertsbuschstraße	Knappertsbuschstraße	LINESTRING(11.641663 48.15881,11.641584489784908 48.15882302001809)
1173	München	Friedastraße	de:09162:1328:31:71	48.080892	11.528969		NO_MATCH_AND_SEEMS_UNSERVED								POINT(11.528969 48.080892)
1174	München	Friedastraße	de:09162:1328:32:72	48.080814	11.529005		NO_MATCH_AND_SEEMS_UNSERVED								POINT(11.529005 48.080814)
1175	München	Friedastraße	de:09162:1328:3:FRA 1	48.081228	11.529113	bus	MATCHED	w376756208	5.1	1.0	Friedastraße	134,135	Krankenhaus Martha Maria / Josephinenstraße	Josephinenstraße / Krankenhaus Martha-Maria	LINESTRING(11.529113 48.081228,11.529074290583285 48.081189766325565)
1176	München	Friedastraße	de:09162:1328:3:FRA 2	48.081294	11.528924	bus	MATCHED	w376756209	3.0	1.0	Friedastraße	134,135	Solln / Solln Bf. Wendeschleife	Solln Bahnhof Wendeschleife / Solln Bahnhof	LINESTRING(11.528924 48.081294,11.528910189481651 48.081269089185085)
1177	München	Friedenheimer Straße	de:09162:270:31:41	48.135195	11.512413		NO_MATCH_AND_SEEMS_UNSERVED								POINT(11.512413 48.135195)
1178	München	Friedenheimer Straße	de:09162:270:32:42	48.134961	11.512413		NO_MATCH_AND_SEEMS_UNSERVED								POINT(11.512413 48.134961)
1179	München	Friedenheimer Straße	de:09162:270:33:43	48.135033	11.509772		NO_MATCH_AND_SEEMS_UNSERVED								POINT(11.509772 48.135033)
1180	München	Friedenheimer Straße	de:09162:270:34:44	48.135303	11.509647		NO_MATCH_AND_SEEMS_UNSERVED								POINT(11.509647 48.135303)
1181	München	Friedenheimer Straße	de:09162:270:35:75	48.135603	11.509512		NO_MATCH_AND_SEEMS_UNSERVED								POINT(11.509512 48.135603)
1182	München	Friedenheimer Straße	de:09162:270:51:51	48.135255	11.510886	light_rail	MATCHED	n246922487	8.5	0.61	Friedenheimer Straße	U5	Laimer Platz		LINESTRING(11.510886 48.135255,11.510860200000002 48.1351801)
1183	München	Friedenheimer Straße	de:09162:270:51:52	48.135003	11.511048	light_rail	MATCHED	n2555822381	16.2	0.46	Friedenheimer Straße	U5	Westendstraße / Laimer Platz		LINESTRING(11.511048 48.135003,11.5108479 48.135060900000006)
1184	München	Friedensengel/Villa Stuck	de:09162:73:1:1	48.14047	11.600053	tram	MATCHED	n1688588828	6.4	0.67	Friedensengel/Villa Stuck	17,N17	Holbeinstraße	Holbeinstraße	LINESTRING(11.600053 48.14047,11.5999771 48.140497100000005)
1185	München	Friedensengel/Villa Stuck	de:09162:73:2:2	48.140938	11.600143	tram	MATCHED	n1688588851	7.5	0.64	Friedensengel/Villa Stuck	17,N17	Max-Weber-Platz	Max-Weber-Platz	LINESTRING(11.600143 48.140938,11.6002433 48.140942)
1186	München	Friedensengel/Villa Stuck	de:09162:73:31:71	48.14089	11.600314		MATCHED	n3207960962	26.2	0.27	Friedensengel/Villa Stuck				LINESTRING(11.600314 48.14089,11.600095600000001 48.1407055)
1187	München	Friedensengel/Villa Stuck	de:09162:73:32:72	48.140333	11.601625		NO_MATCH_AND_SEEMS_UNSERVED								POINT(11.601625 48.140333)
1188	München	Friedensengel/Villa Stuck	de:09162:73:3:3	48.14077	11.599478		NO_MATCH_AND_SEEMS_UNSERVED								POINT(11.599478 48.14077)
1189	München	Friedensengel/Villa Stuck	de:09162:73:4:4	48.140656	11.600736	bus	MATCHED	w372331837	2.2	1.0	Friedensengel/Villa Stuck	100	Reitmorstraße/Sammlung Schack	Reitmorstraße/Sammlung Schack	LINESTRING(11.600736 48.140656,11.600764699292826 48.14066224738478)
1190	München	Friedensengel/Villa Stuck	de:09162:73:5:5	48.140536	11.600664	bus	MATCHED	w372331838	6.3	1.0	Friedensengel/Villa Stuck	100	Prinzregentenplatz	Prinzregentenplatz	LINESTRING(11.600664 48.140536,11.600578933750466 48.140533364951644)
1191	München	Friedensengel/Villa Stuck	de:09162:73:6:6	48.140902	11.598337		NO_MATCH_AND_SEEMS_UNSERVED								POINT(11.598337 48.140902)
1192	München	Friedenspromenade	de:09162:929:1:1	48.118268	11.68401	bus	MATCHED	n1282194265	0.6	1.0	Friedenspromenade	193,N79	Drosselweg	Drosselweg	LINESTRING(11.68401 48.118268,11.684012000000001 48.118262900000005)
1193	München	Friedenspromenade	de:09162:929:2:2	48.118682	11.682923	bus	MATCHED	n679407970	4.1	1.0	Friedenspromenade	185,192,193,E185	Nikolaus-Prugger-Weg / Nikolaus-Prugger-Weg	Nikolaus-Prugger-Weg	LINESTRING(11.682923 48.118682,11.6829668 48.1186595)
1194	München	Friedenspromenade	de:09162:929:3:3	48.11804	11.682914	bus	MATCHED	n679383183	3.1	1.0	Friedenspromenade	185,192,E185,N79	Florastraße / Ottilienstraße	Florastraße / Ottilienstraße	LINESTRING(11.682914 48.11804,11.6829427 48.1180607)
1195	München	Friedhof Obermenzing	de:09162:1805:1:3	48.164371	11.447968	bus	MATCHED	w375853308	3.5	1.0	Friedhof Obermenzing	143,56	Bertha-von-Suttner-Weg	Bertha-von-Suttner-Weg	LINESTRING(11.447968 48.164371,11.447929776397586 48.164352233348225)
1196	München	Friedhof Obermenzing	de:09162:1805:2:4	48.164425	11.447591	bus	MATCHED	w375853309	23.2	1.0	Friedhof Obermenzing	143,56	Alte Allee / Alte Allee	Alte Allee	LINESTRING(11.447591 48.164425,11.447900700519552 48.16445230003878)
1197	München	Friedhof Obermenzing	de:09162:1805:31:71	48.164629	11.449855		NO_MATCH_AND_SEEMS_UNSERVED								POINT(11.449855 48.164629)
1198	München	Friedhof Obermenzing	de:09162:1805:32:72	48.164671	11.449855		NO_MATCH_AND_SEEMS_UNSERVED								POINT(11.449855 48.164671)
1199	München	Friedhof Obermenzing	de:09162:1805:3:FOM 1	48.164473	11.448938		NO_MATCH_AND_SEEMS_UNSERVED								POINT(11.448938 48.164473)
1200	München	Friedhof Obermenzing	de:09162:1805:3:FOM 2	48.164587	11.448903		NO_MATCH_AND_SEEMS_UNSERVED								POINT(11.448903 48.164587)
1201	München	Friedhof Perlach	de:09162:1035:1:3	48.098012	11.640684	bus	MATCHED	w392798288	4.8	1.0	Friedhof Perlach	55	Wilhelm-Hoegner-Straße	Wilhelm-Hoegner-Straße	LINESTRING(11.640684 48.098012,11.64072638344301 48.09797907279032)
1202	München	Friedhof Perlach	de:09162:1035:2:4	48.098006	11.64028	bus	MATCHED	w392798287	2.7	1.0	Friedhof Perlach	55	Thomas-Dehler-Straße	Thomas-Dehler-Straße	LINESTRING(11.64028 48.098006,11.640249284993258 48.098019411215894)
1203	München	Friedhof Perlach	de:09162:1035:3:FRP 1	48.097928	11.641187		NO_MATCH_AND_SEEMS_UNSERVED								POINT(11.641187 48.097928)
1204	München	Friedhof Perlach	de:09162:1035:3:FRP 2	48.097784	11.641034		MATCHED_THOUGH_NAMES_DIFFER	n8500693212	33.6	1.0	Schulbus				LINESTRING(11.641034 48.097784,11.641456000000002 48.097677600000004)
1205	München	Friedhof Riem	de:09162:803:1:1	48.132821	11.679967	bus	MATCHED	w386838014	12.5	1.0	Friedhof Riem	139	Paul-Wassermann-Straße	Paul-Wassermann-Straße	LINESTRING(11.679967 48.132821,11.679896751534045 48.13271921927102)
1206	München	Friedhof Riem	de:09162:803:2:2	48.132767	11.679779	bus	MATCHED	w386838015	1.9	1.0	Friedhof Riem	139	Truchthari-Anger	Truchthari-Anger	LINESTRING(11.679779 48.132767,11.679782742866879 48.13274988371683)
1207	München	Friedhof Untermenzing	de:09162:1818:3:FUM 1	48.177815	11.461793	bus	MATCHED	w398731643	2.3	1.0	Friedhof Untermenzing	160,165	Pfarrer-Grimm-Straße	Pfarrer-Grimm-Straße	LINESTRING(11.461793 48.177815,11.461773147822274 48.17783136241326)
1208	München	Friedhof Untermenzing	de:09162:1818:3:FUM 3	48.177904	11.461623	bus	MATCHED	w398731644	0.9	1.0	Friedhof Untermenzing	160,165	Von-Kahr-Straße / Steirerstraße	Steirerstraße / Von-Kahr-Straße	LINESTRING(11.461623 48.177904,11.461610393650432 48.17790427515566)
1209	München	Friedrich-Eckart-Straße	de:09162:641:1:1	48.140351	11.635411	bus	MATCHED	w389516331	4.6	1.0	Friedrich-Eckart-Straße	149,187,N74	Schwarzwaldstraße	Schwarzwaldstraße	LINESTRING(11.635411 48.140351,11.635469657731672 48.14033863061194)
1210	München	Friedrich-Eckart-Straße	de:09162:641:2:2	48.140297	11.636902	bus	MATCHED	w389516329	12.0	1.0	Friedrich-Eckart-Straße	149,190,191,N74	Zamdorf Siedlung	Zamdorf Siedlung	LINESTRING(11.636902 48.140297,11.637062556674284 48.140305928100204)
1211	München	Friedrich-Eckart-Straße	de:09162:641:3:3	48.141154	11.636911	bus	MATCHED	w389516332	7.8	1.0	Friedrich-Eckart-Straße	185,E185	Berg am Laim	Berg am Laim Bahnhof	LINESTRING(11.636911 48.141154,11.636896807618594 48.14108462440572)
1212	München	Friedrich-Eckart-Straße	de:09162:641:4:4	48.141364	11.637522	bus	MATCHED	w389516330	6.0	1.0	Friedrich-Eckart-Straße	185,E185	Nettelbeckstraße	Nettelbeckstraße	LINESTRING(11.637522 48.141364,11.63744553498971 48.14134682740638)
1213	München	Friedrich-Eckart-Straße	de:09162:641:5:5	48.140243	11.635662	bus	MATCHED	w461436584	14.5	1.0	Friedrich-Eckart-Straße	187	Berg am Laim	Berg am Laim Bahnhof	LINESTRING(11.635662 48.140243,11.635856089038407 48.140236324721045)
1214	München	Friedrich-Eckart-Straße	de:09162:641:6:6	48.140392	11.637701	bus	MATCHED	w462868719	4.0	1.0	Friedrich-Eckart-Straße	149,190,191	Friedrich-Eckart-Straße / Berg am Laim	Friedrich-Eckart-Straße / Berg am Laim Bahnhof	LINESTRING(11.637701 48.140392,11.637672710873046 48.14036156244404)
1215	München	Friedrich-Engels-Bogen	de:09162:915:1:1	48.106242	11.658866	bus	MATCHED	w467987489	4.5	1.0	Friedrich-Engels-Bogen	197,N45	Hugo-Lang-Bogen	Hugo-Lang-Bogen	LINESTRING(11.658866 48.106242,11.658876535238775 48.1062815038485)
1216	München	Friedrich-Engels-Bogen	de:09162:915:2:2	48.106446	11.659189	bus	MATCHED	w467987487	8.6	1.0	Friedrich-Engels-Bogen	197,N45	Peschelanger	Peschelanger	LINESTRING(11.659189 48.106446,11.65916105600036 48.1063709609686)
1217	München	Friedrich-Hebbel-Straße	de:09162:1336:1:1	48.11272	11.526553	bus	MATCHED	w369932188	5.1	1.0	Friedrich-Hebbel-Straße	132	Johann-Clanze-Straße	Johann-Clanze-Straße	LINESTRING(11.526553 48.11272,11.526549500000002 48.112765550000006)
1218	München	Friedrich-Hebbel-Straße	de:09162:1336:2:2	48.112222	11.526023	bus	MATCHED	w369932193	3.9	1.0	Friedrich-Hebbel-Straße	132	Grünstraße	Grünstraße	LINESTRING(11.526023 48.112222,11.526035560998254 48.112187900338)
1219	München	Friedrich-Hebbel-Straße	de:09162:1336:3:3	48.113056	11.526203		NO_MATCH_AND_SEEMS_UNSERVED								POINT(11.526203 48.113056)
1220	München	Friedrichstraße	de:09162:109:3:FRD 1	48.159973	11.580551	bus	MATCHED	w351235031	1.4	1.0	Friedrichstraße	53,59,N44	Kurfürstenplatz	Kurfürstenplatz	LINESTRING(11.580551 48.159973,11.580567701344291 48.15996764122843)
1221	München	Friesplatz	de:09162:957:1:1	48.100711	11.672691	bus	MATCHED	w466678110	1.9	0.88	Friesplatz	194	Lamprechtstraße	Lamprechtstraße	LINESTRING(11.672691 48.100711,11.6726742052165 48.10069872619697)
1222	München	Friesplatz	de:09162:957:2:2	48.099709	11.67243	bus	MATCHED	w466678109	2.8	1.0	Friesplatz	194	Nauestraße		LINESTRING(11.67243 48.099709,11.67239299546991 48.0997085011258)
1223	München	Friesplatz	de:09162:957:31:71	48.100303	11.672134		NO_MATCH_AND_SEEMS_UNSERVED								POINT(11.672134 48.100303)
1224	München	Fritz-Meyer-Weg	de:09162:601:1:1	48.172944	11.636534	bus	MATCHED	w399535968	4.6	1.0	Fritz-Meyer-Weg	50,N72	Regina-Ullmann-Straße	Regina-Ullmann-Straße	LINESTRING(11.636534 48.172944,11.636531813050468 48.172902876862395)
1225	München	Fritz-Meyer-Weg	de:09162:601:2:2	48.172861	11.636848	bus	MATCHED	w399535969	2.0	1.0	Fritz-Meyer-Weg	50,N72	St. Emmeram	Sankt Emmeram	LINESTRING(11.636848 48.172861,11.636827237566518 48.172872847482864)
1226	München	Fritz-Meyer-Weg	de:09162:601:31:71	48.172178	11.637486		MATCHED	n7526609563	74.4	0.12	Fritz-Meyer-Weg				LINESTRING(11.637486 48.172178,11.6366534 48.1725495)
1227	München	Fritz-Meyer-Weg	de:09162:601:3:3	48.171584	11.636138		NO_MATCH_AND_SEEMS_UNSERVED								POINT(11.636138 48.171584)
1228	München	Fritz-Meyer-Weg	de:09162:601:4:4	48.171543	11.63657		NO_MATCH_AND_SEEMS_UNSERVED								POINT(11.63657 48.171543)
1229	München	Fritz-Meyer-Weg	de:09162:601:5:5	48.172495	11.636713	tram	MATCHED	n927139977	10.4	1.0	Fritz-Meyer-Weg	16,17	St. Emmeram	St. Emmeram	LINESTRING(11.636713 48.172495,11.636676000000001 48.172584900000004)
1230	München	Fritz-Meyer-Weg	de:09162:601:5:6	48.172501	11.636579	tram	MATCHED	n297066059	8.8	1.0	Fritz-Meyer-Weg	16,17	Regina-Ullmann-Straße	Regina-Ullmann-Straße	LINESTRING(11.636579 48.172501,11.636599200000001 48.172423)
1231	München	Fröttmaning	de:09162:470:1:1	48.212372	11.619214		NO_MATCH_AND_SEEMS_UNSERVED								POINT(11.619214 48.212372)
1232	München	Fröttmaning	de:09162:470:31:71	48.21005	11.620723		NO_MATCH_AND_SEEMS_UNSERVED								POINT(11.620723 48.21005)
1233	München	Fröttmaning	de:09162:470:3:41	48.21066	11.618478		MATCHED	n3875388365	16.5	0.2	München Fröttmaning			München Fröttmaning	LINESTRING(11.618478 48.21066,11.6186571 48.2107479)
1234	München	Fröttmaning	de:09162:470:3:42	48.210708	11.618271		MATCHED	n3875392057	15.6	0.21	München Fröttmaning			München Fröttmaning	LINESTRING(11.618271 48.210708,11.6184268 48.210801700000005)
1235	München	Fröttmaning	de:09162:470:51:51	48.211768	11.616834	light_rail	MATCHED	n96886958	6.4	0.67	Fröttmaning	U6	Garching-Hochbrück		LINESTRING(11.616834 48.211768,11.616885 48.2118139)
1236	München	Fröttmaning	de:09162:470:51:53	48.211792	11.616753	light_rail	MATCHED	w245215107	4.7	0.69	Fröttmaning	U3,U6	Kieferngarten		LINESTRING(11.616753 48.211792,11.616796727089023 48.21182252695626)
1237	München	Fröttmaning	de:09162:470:52:52	48.211845	11.616519	light_rail	MATCHED	n2292220950	6.0	0.69	Fröttmaning	U6	Kieferngarten / Kieferngarten		LINESTRING(11.616519 48.211845,11.6165011 48.2118976)
1238	München	Fröttmaning	de:09162:470:52:54	48.211821	11.616618	light_rail	MATCHED	n2524492726	5.1	0.72	Fröttmaning	U6	Kieferngarten		LINESTRING(11.616618 48.211821,11.616665300000001 48.211854200000005)
1239	München	Fröttmaning Auensiedlung	de:09162:547:1:1	48.214796	11.635528	bus	MATCHED	w329181564	2.2	1.0	Fröttmaning Auensiedlung	181	Wallnerstraße	Wallnerstraße	LINESTRING(11.635528 48.214796,11.635517647439139 48.21481488925143)
1240	München	Fröttmaning Auensiedlung	de:09162:547:2:2	48.214767	11.635779	bus	MATCHED	w329181563	6.8	1.0	Fröttmaning Auensiedlung	181	Dirnismaning, Kranzberger A.	Dirnismaning, Kranzberger Allee	LINESTRING(11.635779 48.214767,11.635712221018025 48.2147248269336)
1241	München	Fuggerstraße	de:09162:1234:1:1	48.124073	11.534539	bus	MATCHED	w396721560	12.9	1.0	Fuggerstraße	130,134,157	Baumgartnerstraße / Baumgartnerstraße	Baumgartnerstraße	LINESTRING(11.534539 48.124073,11.53437569672085 48.12411279607346)
1242	München	Fuggerstraße	de:09162:1234:2:2	48.123023	11.535168		NO_MATCH_AND_SEEMS_UNSERVED								POINT(11.535168 48.123023)
1243	München	Fuggerstraße	de:09162:1234:3:3	48.123815	11.534701	bus	MATCHED	w396721561	21.2	1.0	Fuggerstraße	130,134,157	Ortlerstraße	Ortlerstraße	LINESTRING(11.534701 48.123815,11.534469570798782 48.12392544430703)
1244	München	Fürstenried West	de:09162:1500:1:1	48.088646	11.480595	bus	MATCHED	w370870306	7.5	1.0	Fürstenried West (U)	166	Gautinger Straße	Gautinger Straße	LINESTRING(11.480595 48.088646,11.480669575290733 48.088600751962296)
1245	München	Fürstenried West	de:09162:1500:1:2	48.088724	11.480344	bus	MATCHED	w370870305	7.6	1.0	Fürstenried West (U)	134,166,N41	Neurieder Straße	Neurieder Straße	LINESTRING(11.480344 48.088724,11.4804321015575 48.088689457993254)
1246	München	Fürstenried West	de:09162:1500:1:6	48.088796	11.480083	bus	MATCHED	w296466325	9.9	1.0	Fürstenried West (U)	166,56	Fürstenried West		LINESTRING(11.480083 48.088796,11.480203614878771 48.08875844770577)
1247	München	Fürstenried West	de:09162:1500:2:4	48.088418	11.481071	bus	MATCHED	w370870308	0.4	1.0	Fürstenried West (U)	261,267	Neuried, Starnberger Weg	Starnberger Weg	LINESTRING(11.481071 48.088418,11.481068532954854 48.08841499320006)
1248	München	Fürstenried West	de:09162:1500:2:5	48.088538	11.480856	bus	MATCHED	w370870307	4.4	1.0	Fürstenried West (U)	260,962	Neuried, Starnberger Weg	Starnberger Weg	LINESTRING(11.480856 48.088538,11.480889351816245 48.088505347669155)
1249	München	Fürstenried West	de:09162:1500:3:3	48.088586	11.480254	bus	MATCHED	w370870304	4.2	1.0	Fürstenried West (U)	134,166,56	Bellinzonastraße	Bellinzonastraße	LINESTRING(11.480254 48.088586,11.480198753047981 48.088594882774316)
1250	München	Fürstenried West	de:09162:1500:51:51	48.08831	11.480927	light_rail	MATCHED	n279106850	4.0	0.76	Fürstenried West	U3	Basler Straße		LINESTRING(11.480927 48.08831,11.480886 48.0882863)
1251	München	Fürstenried West	de:09162:1500:51:52	48.088364	11.480963	light_rail	MATCHED	n2650093491	4.7	0.73	Fürstenried West	U3			LINESTRING(11.480963 48.088364,11.4809555 48.0884063)
1252	München	Fürstenried West	de:09162:1500:99:73	48.08834	11.480936		NO_MATCH_AND_SEEMS_UNSERVED								POINT(11.480936 48.08834)
1253	München	Fürstenrieder Straße	de:09162:1602:2:1	48.139673	11.503601	tram	MATCHED	n1100959300	14.8	1.0	Fürstenrieder Straße	19,N19	Agnes-Bernauer-Straße	Agnes-Bernauer-Straße	LINESTRING(11.503601 48.139673,11.5037984 48.1396868)
1254	München	Fürstenrieder Straße	de:09162:1602:2:2	48.139745	11.503547	tram	MATCHED	n1100959275	3.8	1.0	Fürstenrieder Straße	19,N19	Agnes-Bernauer-Platz	Agnes-Bernauer-Platz	LINESTRING(11.503547 48.139745,11.5035456 48.139710400000006)
1255	München	Fürstenrieder Straße	de:09162:1602:31:21	48.139529	11.50379		NO_MATCH_AND_SEEMS_UNSERVED								POINT(11.50379 48.139529)
1256	München	Fürstenrieder Straße	de:09162:1602:32:22	48.139763	11.502748		NO_MATCH_AND_SEEMS_UNSERVED								POINT(11.502748 48.139763)
1257	München	Fürstenrieder Straße	de:09162:1602:33:43	48.139829	11.503565		NO_MATCH_AND_SEEMS_UNSERVED								POINT(11.503565 48.139829)
1258	München	Fürstenrieder Straße	de:09162:1602:34:74	48.139331	11.50326	bus	NO_MATCH_BUT_OTHER_PLATFORM_MATCHED					151,168,51,N78	Laim		POINT(11.50326 48.139331)
1259	München	Fürstenrieder Straße	de:09162:1602:35:75	48.140297	11.502963	bus	NO_MATCH_BUT_OTHER_PLATFORM_MATCHED					151,168,51,N78	Laimer Platz		POINT(11.502963 48.140297)
1260	München	Fürstenrieder Straße	de:09162:1602:36:76	48.139637	11.501723		NO_MATCH_AND_SEEMS_UNSERVED								POINT(11.501723 48.139637)
1261	München	Fürstenrieder Straße	de:09162:1602:37:77	48.139571	11.502577		NO_MATCH_AND_SEEMS_UNSERVED								POINT(11.502577 48.139571)
1262	München	Fürstenrieder Straße	de:09162:1602:3:3	48.140003	11.502963		MATCHED	w393388233	3.7	1.0	Fürstenrieder Straße			Laimer Platz	LINESTRING(11.502963 48.140003,11.502967024103755 48.14003626064844)
1263	München	Fürstenrieder Straße	de:09162:1602:4:4	48.139349	11.503349		MATCHED	w393388232	6.6	1.0	Fürstenrieder Straße			Laim Bahnhof	LINESTRING(11.503349 48.139349,11.503261525966272 48.139342395164746)
1264	München	Fürstenrieder Straße	de:09162:1602:5:5	48.139271	11.503125	tram	NO_MATCH_BUT_OTHER_PLATFORM_MATCHED					14	Agnes-Bernauer-Platz		POINT(11.503125 48.139271)
1265	München	Fürstenrieder Straße	de:09162:1602:6:6	48.13923	11.503044	tram	NO_MATCH_BUT_OTHER_PLATFORM_MATCHED					14	Laimer Platz		POINT(11.503044 48.13923)
1266	München	Gabelsbergerstraße	de:09162:9981:71:71	48.14665	11.570615		NO_MATCH_AND_SEEMS_UNSERVED								POINT(11.570615 48.14665)
1267	München	Gaiglstraße	de:09162:185:1:1	48.152428	11.55034	bus	MATCHED	w560341952	10.2	1.0	Gaiglstraße	153	Maillingerstraße	Maillingerstraße	LINESTRING(11.55034 48.152428,11.55042455 48.15250050000001)
1268	München	Gaiglstraße	de:09162:185:1:2	48.152398	11.550484	bus	MATCHED	w560341951	2.1	1.0	Gaiglstraße	153	Hochschule München (Lothstr.)	Hochschule München (Lothstraße)	LINESTRING(11.550484 48.152398,11.550503627331338 48.15238390960008)
1269	München	Gaiglstraße	de:09162:185:31:71	48.153195	11.548813		NO_MATCH_AND_SEEMS_UNSERVED								POINT(11.548813 48.153195)
1270	München	Galileiplatz	de:09162:133:1:1	48.144109	11.606728	bus	MATCHED	w377796547	2.1	1.0	Galileiplatz	54,68,N44	Wehrlestraße	Wehrlestraße	LINESTRING(11.606728 48.144109,11.606731775004251 48.14408989326103)
1271	München	Galileiplatz	de:09162:133:2:2	48.144361	11.606557	bus	MATCHED	w377796548	3.0	1.0	Galileiplatz	54,58,N43	Prinzregentenplatz	Prinzregentenplatz	LINESTRING(11.606557 48.144361,11.606537629864134 48.14433753169716)
1272	München	Galileiplatz	de:09162:133:31:71	48.144822	11.606431		NO_MATCH_AND_SEEMS_UNSERVED								POINT(11.606431 48.144822)
1273	München	Ganghoferbrücke	de:09162:1101:3:GBR 1	48.127916	11.539039	bus	MATCHED	w389670068	3.6	1.0	Ganghoferbrücke	134,153,53	Herzog-Ernst-Platz	Herzog-Ernst-Platz	LINESTRING(11.539039 48.127916,11.539039141167862 48.127883841346296)
1274	München	Ganghoferbrücke	de:09162:1101:3:GBR 2	48.127958	11.539165	bus	MATCHED	w389670067	2.9	1.0	Ganghoferbrücke	134,153,53	Ridlerstraße	Ridlerstraße	LINESTRING(11.539165 48.127958,11.539183308863004 48.12793458946939)
1275	München	Garmischer Straße	de:09162:1222:31:71	48.130519	11.527703		NO_MATCH_AND_SEEMS_UNSERVED								POINT(11.527703 48.130519)
1276	München	Garmischer Straße	de:09162:1222:3:3	48.130057	11.527622	bus	MATCHED	w396605048	4.1	1.0	Garmischer Straße	63	Siegenburger Straße	Siegenburger Straße	LINESTRING(11.527622 48.130057,11.527652282660187 48.13002603248615)
1277	München	Garmischer Straße	de:09162:1222:4:4	48.130177	11.529077	bus	MATCHED	w396605047	4.8	1.0	Garmischer Straße	63	Heimeranplatz / Heimeranplatz	Heimeranplatz	LINESTRING(11.529077 48.130177,11.5291158 48.13021175)
1278	München	Gartenstraße	de:09162:308:2:1	48.172004	11.56492	tram	MATCHED	n1038235773	4.6	1.0	Gartenstraße	27,N27	Petuelring	Petuelring	LINESTRING(11.56492 48.172004,11.5648663 48.171984200000004)
1279	München	Gartenstraße	de:09162:308:2:2	48.172327	11.564929	tram	MATCHED	n1672730633	4.3	1.0	Gartenstraße	27,N27	Ackermannstraße	Ackermannstraße	LINESTRING(11.564929 48.172327,11.5649777 48.172348500000005)
1280	München	Gartenstraße	de:09162:308:31:21	48.172315	11.565216		NO_MATCH_AND_SEEMS_UNSERVED								POINT(11.565216 48.172315)
1281	München	Gartenstraße	de:09162:308:32:22	48.172639	11.564911		NO_MATCH_AND_SEEMS_UNSERVED								POINT(11.564911 48.172639)
1282	München	Gartenstraße	de:09162:308:33:73	48.17186	11.565037		NO_MATCH_AND_SEEMS_UNSERVED								POINT(11.565037 48.17186)
1283	München	Gartenstraße	de:09162:308:34:74	48.172291	11.564731		MATCHED	n3207960862	20.8	0.31	Gartenstraße				LINESTRING(11.564731 48.172291,11.5649186 48.1721519)
1284	München	Gartenstraße	de:09162:308:35:75	48.171962	11.564632		NO_MATCH_AND_SEEMS_UNSERVED								POINT(11.564632 48.171962)
1285	München	Gautinger Straße	de:09162:1442:3:GAU 1	48.084901	11.478745	bus	MATCHED	w380595062	7.7	1.0	Gautinger Straße	166	Maxhofstraße	Maxhofstraße	LINESTRING(11.478745 48.084901,11.4788331 48.08486460000001)
1286	München	Gautinger Straße	de:09162:1442:3:GAU 2	48.084877	11.478466	bus	MATCHED	w380595052	6.4	1.0	Gautinger Straße	166	Vinzenz-Schüpfer-Straße	Vinzenz-Schüpfer-Straße	LINESTRING(11.478466 48.084877,11.478382958899978 48.08489290196248)
1287	München	Geisenhausenerstraße	de:09162:1324:1:1	48.098864	11.517992	bus	MATCHED	n330156750	2.5	1.0	Geisenhausenerstraße	51	Machtlfinger Straße	Machtlfinger Straße	LINESTRING(11.517992 48.098864,11.51796 48.098856100000006)
1288	München	Geisenhausenerstraße	de:09162:1324:2:2	48.098744	11.519393	bus	MATCHED	n330156720	4.7	1.0	Geisenhausenerstraße	51	Ratzingerplatz	Ratzingerplatz	LINESTRING(11.519393 48.098744,11.5193309 48.0987396)
1289	München	Geisenhausenerstraße	de:09162:1324:31:71	48.098876	11.518073		NO_MATCH_AND_SEEMS_UNSERVED								POINT(11.518073 48.098876)
1290	München	Geisenhausenerstraße	de:09162:1324:32:72	48.098738	11.519312		NO_MATCH_AND_SEEMS_UNSERVED								POINT(11.519312 48.098738)
1291	München	Gelbhofstraße	de:09162:1533:3:GHF 1	48.122316	11.475448	bus	MATCHED	n11010228194	53.4	0.38	Gelbhofstraße	167	Am Hedernfeld Nord	Am Hedernfeld Nord	LINESTRING(11.475448 48.122316,11.4761629 48.122354300000005)
1292	München	Gellertstraße	de:09162:553:1:1	48.162412	11.615235	bus	MATCHED	w400511234	10.5	1.0	Gellertstraße	187	Rümelinstraße / Rümelinstraße	Rümelinstraße	LINESTRING(11.615235 48.162412,11.615146450000001 48.16233895)
1293	München	Gellertstraße	de:09162:553:2:2	48.162777	11.615235	bus	MATCHED	w400511233	10.3	1.0	Gellertstraße	187	Gustav-Freytag-Straße	Gustav-Freytag-Straße	LINESTRING(11.615235 48.162777,11.615167200000002 48.16269595)
1294	München	Georg-Birk-Straße	de:09162:293:1:1	48.16397	11.556925	bus	MATCHED	w372415502	7.8	1.0	Georg-Birk-Straße	59	Barbarastraße	Barbarastraße	LINESTRING(11.556925 48.16397,11.55699974261515 48.16401859784706)
1295	München	Georg-Brauchle-Haus	de:09162:1039:1:1	48.110273	11.637369	bus	MATCHED	w414695747	3.9	1.0	Georg-Brauchle-Haus	199	Ostpark Eislaufzentrum	Ostpark Eislaufzentrum	LINESTRING(11.637369 48.110273,11.637417046632388 48.11025922649324)
1296	München	Georg-Brauchle-Haus	de:09162:1039:2:2	48.110159	11.638196	bus	MATCHED	w414695748	4.6	1.0	Georg-Brauchle-Haus	199	Staudingerstraße	Staudingerstraße	LINESTRING(11.638196 48.110159,11.638257626227695 48.11016219716474)
1297	München	Georg-Brauchle-Ring	de:09162:312:1:1	48.176635	11.528278	bus	MATCHED	w375853456	6.4	1.0	Georg-Brauchle-Ring	143	Wintrichring	Wintrichring	LINESTRING(11.528278 48.176635,11.528306431319653 48.17658030849515)
1298	München	Georg-Brauchle-Ring	de:09162:312:2:2	48.176611	11.530002	bus	MATCHED	w375853470	4.3	1.0	Georg-Brauchle-Ring	175	Georg-Brauchle-Ring	Georg-Brauchle-Ring	LINESTRING(11.530002 48.176611,11.529950557123943 48.1765932933268)
1299	München	Georg-Brauchle-Ring	de:09162:312:32:42	48.176077	11.528933		NO_MATCH_AND_SEEMS_UNSERVED								POINT(11.528933 48.176077)
1300	München	Georg-Brauchle-Ring	de:09162:312:4:4	48.17688	11.529329	bus	MATCHED	w375853338	2.9	1.0	Georg-Brauchle-Ring	143,N76	Olympia-Einkaufszentrum / Olympia-Einkaufszentrum / Olympia-Einkaufszentrum	Olympia-Einkaufszentrum	LINESTRING(11.529329 48.17688,11.529295287335751 48.17686669661076)
1301	München	Georg-Brauchle-Ring	de:09162:312:51:51	48.177192	11.529122	light_rail	MATCHED	n2552515970	8.3	0.62	Georg-Brauchle-Ring	U1,U7	Olympia-Einkaufszentrum / Olympia-Einkaufszentrum		LINESTRING(11.529122 48.177192,11.529148300000001 48.1772646)
1302	München	Georg-Brauchle-Ring	de:09162:312:51:52	48.177192	11.529014	light_rail	MATCHED	n2552515971	8.1	0.62	Georg-Brauchle-Ring	U1,U7	Westfriedhof		LINESTRING(11.529014 48.177192,11.5289794 48.1772611)
1303	München	Georg-Brauchle-Ring	de:09162:312:5:5	48.177611	11.529697	bus	MATCHED	w375853410	2.8	1.0	Georg-Brauchle-Ring	175	Gärtnerstraße	Gärtnerstraße	LINESTRING(11.529697 48.177611,11.529662746044576 48.17762087666842)
1304	München	Georg-Brauchle-Ring	de:09162:312:6:6	48.175988	11.529185	bus	MATCHED	w421240494	4.5	1.0	Georg-Brauchle-Ring	180	Riesstraße Süd	Riesstraße Süd	LINESTRING(11.529185 48.175988,11.529178700550025 48.17602830561806)
1305	München	Georg-Brauchle-Ring	de:09162:312:7:7	48.176077	11.528933	bus	MATCHED	w421240495	5.3	1.0	Georg-Brauchle-Ring	180	Hanauer Straße	Hanauer Straße	LINESTRING(11.528933 48.176077,11.528920426116184 48.17602981742862)
1306	München	Georg-Brauchle-Ring	de:09162:312:8:8	48.176239	11.529553		NO_MATCH_AND_SEEMS_UNSERVED								POINT(11.529553 48.176239)
1307	München	Georg-Hirth-Platz	de:09162:56:31:71	48.134943	11.556018		NO_MATCH_AND_SEEMS_UNSERVED								POINT(11.556018 48.134943)
1308	München	Georg-Hirth-Platz	de:09162:56:3:GHP 1	48.134679	11.55609	bus	MATCHED	w373538991	2.8	1.0	Georg-Hirth-Platz	58	Holzkirchner Bahnhof	Holzkirchner Bahnhof	LINESTRING(11.55609 48.134679,11.556078440927838 48.134654862721334)
1309	München	Georg-Hirth-Platz	de:09162:56:3:GHP 2	48.134529	11.556036	bus	MATCHED	w373538992	4.1	1.0	Georg-Hirth-Platz	68	Beethovenplatz	Beethovenplatz	LINESTRING(11.556036 48.134529,11.55600270710383 48.13455790549848)
1310	München	Georg-Reismüller-Straße	de:09162:1840:1:1	48.194393	11.463913	bus	MATCHED	w379853737	0.9	1.0	Georg-Reismüller-Straße	160,164,X36	Allach / St.-Johann-Straße	Allach Bahnhof (S) / Sankt-Johann-Straße	LINESTRING(11.463913 48.194393,11.463913425355942 48.19438512759828)
1311	München	Georg-Reismüller-Straße	de:09162:1840:2:2	48.194225	11.464255	bus	MATCHED	w379853738	4.4	1.0	Georg-Reismüller-Straße	160,164,X36	Höcherstraße / Franz-Nißl-Straße / Am Münchfeld	Höcherstraße / Franz-Nißl-Straße / Am Münchfeld	LINESTRING(11.464255 48.194225,11.46427964920371 48.19418902701036)
1312	München	Georg-Zech-Allee	de:09162:1987:1:1	48.208876	11.532805	bus	MATCHED	w390071264	11.7	1.0	Georg-Zech-Allee	173	Bergwachtstraße	Bergwachtstraße	LINESTRING(11.532805 48.208876,11.532891551611398 48.20878849820309)
1313	München	Georg-Zech-Allee	de:09162:1987:2:2	48.208709	11.532796	bus	MATCHED	w390071263	5.7	1.0	Georg-Zech-Allee	173	Franz-Sperr-Weg	Franz-Sperr-Weg	LINESTRING(11.532796 48.208709,11.532755171444125 48.20875258173546)
1314	München	Georgenstraße	de:09162:36:1:1	48.155329	11.583704	bus	MATCHED	w258777120	2.2	1.0	Georgenstraße	154,58,N40,N41,N45	Hohenzollernstraße / Giselastraße	Hohenzollernstraße / Giselastraße	LINESTRING(11.583704 48.155329,11.58369093036848 48.15534698994887)
1315	München	Georgenstraße	de:09162:36:2:2	48.155011	11.583192	bus	MATCHED	w258777119	4.2	1.0	Georgenstraße	154,68,N40,N41,N45	Siegestor	Siegestor	LINESTRING(11.583192 48.155011,11.583248435232948 48.15500765454124)
1316	München	Geretsrieder Straße	de:09162:1361:1:1	48.100075	11.533533	bus	MATCHED	w376756210	1.4	1.0	Geretsrieder Straße	136	Hofmannstraße	Hofmannstraße	LINESTRING(11.533533 48.100075,11.533518345194912 48.10006651967605)
1317	München	Geretsrieder Straße	de:09162:1361:2:2	48.099895	11.532796	bus	MATCHED	w376756211	1.8	1.0	Geretsrieder Straße	136	Tölzer Straße	Tölzer Straße	LINESTRING(11.532796 48.099895,11.532801570629498 48.099878899022784)
1318	München	Gerhardstraße	de:09162:1191:1:1	48.113116	11.566088	bus	MATCHED	w377924353	17.8	1.0	Gerhardstraße	153,54,N43	Schäftlarnstraße / Gasteig HP8	Schäftlarnstraße/Gasteig HP8	LINESTRING(11.566088 48.113116,11.566319511621296 48.11307544079713)
1319	München	Gerhardstraße	de:09162:1191:2:2	48.112774	11.565971	bus	MATCHED	w377924354	7.0	1.0	Gerhardstraße	153,54,N44	Candidplatz	Candidplatz	LINESTRING(11.565971 48.112774,11.565876608644267 48.11277570388087)
1320	München	Gerlachweg	de:09162:1830:3:GER 1	48.180079	11.445992	bus	MATCHED	n369801065	9.5	1.0	Gerlachweg	164	Goteboldstraße	Goteboldstraße	LINESTRING(11.445992 48.180079,11.446095300000001 48.1801297)
1321	München	Gerlachweg	de:09162:1830:3:GER 2	48.180133	11.446297	bus	MATCHED	n369801061	11.5	1.0	Gerlachweg	164	Auenbruggerstraße	Auenbruggerstraße	LINESTRING(11.446297 48.180133,11.4464412 48.1801699)
1322	München	Germeringer Weg	de:09162:1733:1:1	48.158115	11.413635	bus	MATCHED	n8614751492	22.6	1.0	Germeringer Weg	157	Ubostraße	Ubostraße	LINESTRING(11.413635 48.158115,11.413425700000001 48.1582626)
1323	München	Gern	de:09162:990:31:41	48.163766	11.529032		NO_MATCH_AND_SEEMS_UNSERVED								POINT(11.529032 48.163766)
1324	München	Gern	de:09162:990:32:42	48.16376	11.528898		NO_MATCH_AND_SEEMS_UNSERVED								POINT(11.528898 48.16376)
1325	München	Gern	de:09162:990:51:51	48.162795	11.529203	light_rail	MATCHED	n2552812061	15.4	0.47	Gern	U1,U7	Westfriedhof		LINESTRING(11.529203 48.162795,11.529187400000001 48.162933100000004)
1326	München	Gern	de:09162:990:51:52	48.162789	11.529095	light_rail	MATCHED	n2552812056	15.9	0.47	Gern	U1,U7	Rotkreuzplatz		LINESTRING(11.529095 48.162789,11.5290447 48.1629279)
1327	München	Gertrud-Grunow-Straße	de:09162:448:1:1	48.182918	11.596568	bus	MATCHED	w390071266	5.7	1.0	Gertrud-Grunow-Straße	150,50,N40	Zaunweg	Zaunweg	LINESTRING(11.596568 48.182918,11.59649244118987 48.182927044331414)
1328	München	Gertrud-Grunow-Straße	de:09162:448:2:2	48.18302	11.596756	bus	MATCHED	w390071267	3.8	1.0	Gertrud-Grunow-Straße	150,50,N40	Domagkstraße	Domagkstraße	LINESTRING(11.596756 48.18302,11.596783929709494 48.18299177814726)
1329	München	Gertrud-Grunow-Straße	de:09162:448:3:3	48.18308	11.594825		NO_MATCH_AND_SEEMS_UNSERVED								POINT(11.594825 48.18308)
1330	München	Gewerbegebiet Steinhausen	de:09162:639:3:GGS 1	48.138318	11.631081		NO_MATCH_AND_SEEMS_UNSERVED								POINT(11.631081 48.138318)
1331	München	Giechstraße	de:09162:1699:1:1	48.14276	11.414407		NO_MATCH_AND_SEEMS_UNSERVED								POINT(11.414407 48.14276)
1332	München	Giechstraße	de:09162:1699:2:2	48.142718	11.414425		NO_MATCH_AND_SEEMS_UNSERVED								POINT(11.414425 48.142718)
1333	München	Giesing	de:09162:1110:1:1	48.110471	11.594744	tram	MATCHED	n1503301173	7.8	1.0	Giesing Bahnhof	18,E7	MVG Museum / Chiemgaustraße	MVG Museum / Chiemgaustraße	LINESTRING(11.594744 48.110471,11.5948028 48.110412800000006)
1334	München	Giesing	de:09162:1110:1:2	48.110489	11.594861	tram	MATCHED	n302555371	11.4	0.34	Giesing Bahnhof	18,E7	Werinherstraße	Werinherstraße	LINESTRING(11.594861 48.110489,11.5947837 48.1105777)
1335	München	Giesing	de:09162:1110:2:11	48.110915	11.595436	bus	MATCHED	w239572223	3.2	1.0	Giesing Bahnhof	139	Chiemgaustraße	Chiemgaustraße	LINESTRING(11.595436 48.110915,11.595413167407997 48.11093929167822)
1336	München	Giesing	de:09162:1110:2:12	48.110885	11.595579		MATCHED	w239572224	5.1	1.0	Giesing Bahnhof				LINESTRING(11.595579 48.110885,11.59563975238895 48.110864013958135)
1337	München	Giesing	de:09162:1110:2:16	48.110825	11.595319	bus	MATCHED	w239572247	3.7	1.0	Giesing Bahnhof	153,220	Chiemgaustraße		LINESTRING(11.595319 48.110825,11.5953066 48.110792550000006)
1338	München	Giesing	de:09162:1110:32:22	48.110579	11.594996		NO_MATCH_AND_SEEMS_UNSERVED								POINT(11.594996 48.110579)
1339	München	Giesing	de:09162:1110:33:73	48.111137	11.594187		NO_MATCH_AND_SEEMS_UNSERVED								POINT(11.594187 48.111137)
1340	München	Giesing	de:09162:1110:34:74	48.110687	11.592417		NO_MATCH_AND_SEEMS_UNSERVED								POINT(11.592417 48.110687)
1341	München	Giesing	de:09162:1110:35:75	48.111863	11.59381		NO_MATCH_AND_SEEMS_UNSERVED								POINT(11.59381 48.111863)
1342	München	Giesing	de:09162:1110:3:13	48.110663	11.595678	bus	MATCHED	w239572246	3.7	1.0	Giesing Bahnhof	59,E220	Chiemgaustraße	Chiemgaustraße	LINESTRING(11.595678 48.110663,11.595726852340139 48.110670463908555)
1343	München	Giesing	de:09162:1110:3:14	48.110573	11.59557	bus	MATCHED	w239572248	3.6	1.0	Giesing Bahnhof	139	Chiemgaustraße	Chiemgaustraße	LINESTRING(11.59557 48.110573,11.595600877711545 48.11054777632563)
1344	München	Giesing	de:09162:1110:3:15	48.110597	11.595427	bus	MATCHED	w239572245	4.0	1.0	Giesing Bahnhof	220,O7	MVG Museum		LINESTRING(11.595427 48.110597,11.595386328849528 48.11061995802538)
1345	München	Giesing	de:09162:1110:40:81	48.110945	11.596145	trainish	MATCHED	n2473495346	21.5	0.4	Giesing				LINESTRING(11.596145 48.110945,11.5960535 48.111128)
1346	München	Giesing	de:09162:1110:40:82	48.110945	11.596199	train	MATCHED	n60303019	22.4	0.39	Giesing	S3,S5	Fasangarten / Perlach / St.-Martin-Straße	Sankt-Martin-Straße	LINESTRING(11.596199 48.110945,11.5961181 48.111139400000006)
1347	München	Giesing	de:09162:1110:40:83	48.110969	11.596343	train	MATCHED	n520170690	22.4	0.39	Giesing	S3,S5	Fasangarten / Perlach	Perlach / Fasangarten	LINESTRING(11.596343 48.110969,11.5962695 48.1111647)
1348	München	Giesing	de:09162:1110:4:4	48.110801	11.593989	bus	MATCHED	w373592125	3.8	1.0	Giesing Bahnhof	153,54,N43	Fockensteinstraße	Fockensteinstraße	LINESTRING(11.593989 48.110801,11.59394023968089 48.110790211672345)
1349	München	Giesing	de:09162:1110:51:51	48.111047	11.595705	light_rail	MATCHED	n2574384866	4.1	0.76	Giesing	U2,U8	Untersbergstraße		LINESTRING(11.595705 48.111047,11.595656400000001 48.111065200000006)
1350	München	Giesing	de:09162:1110:51:52	48.110969	11.595741	light_rail	MATCHED	n520170689	2.6	0.83	Giesing	U2,U8	Karl-Preis-Platz		LINESTRING(11.595741 48.110969,11.5957094 48.110958600000004)
1351	München	Giesing	de:09162:1110:5:5	48.111479	11.594286	bus	MATCHED	w137192466	1.7	1.0	Giesing Bahnhof	54,N44	Werinherstraße	Werinherstraße	LINESTRING(11.594286 48.111479,11.594263839918554 48.11147640119572)
1352	München	Giesing	de:09162:1110:6:21	48.110405	11.594636		NO_MATCH_AND_SEEMS_UNSERVED								POINT(11.594636 48.110405)
1353	München	Giesing	de:09162:1110:6:6	48.110309	11.594663		NO_MATCH_AND_SEEMS_UNSERVED								POINT(11.594663 48.110309)
1354	München	Giesing	de:09162:1110:99:3	48.111005	11.595714		NO_MATCH_AND_SEEMS_UNSERVED								POINT(11.595714 48.111005)
1355	München	Gilchinger Straße	de:09162:1736:1:1	48.164071	11.413311	bus	MATCHED	w379853739	4.1	1.0	Gilchinger Straße	162,E162,N80	Bergsonstraße / Bergsonstraße	Bergsonstraße	LINESTRING(11.413311 48.164071,11.41331805 48.164034300000004)
1356	München	Gilchinger Straße	de:09162:1736:2:2	48.164287	11.413329	bus	MATCHED	w379853740	3.7	1.0	Gilchinger Straße	162,E162,N81	Allinger Straße	Allinger Straße	LINESTRING(11.413329 48.164287,11.413368550000001 48.16426729999999)
1357	München	Gilgstraße	de:09162:1360:1:1	48.081877	11.508946	bus	MATCHED	w396613063	7.9	1.0	Gilgstraße	63,N41	Wilhelm-Busch-Straße	Wilhelm-Busch-Straße	LINESTRING(11.508946 48.081877,11.509031299999997 48.08183470000001)
1358	München	Gilgstraße	de:09162:1360:1:2	48.081853	11.508775	bus	MATCHED	w396613062	1.4	1.0	Gilgstraße	63,N41	Plattlinger Straße	Plattlinger Straße	LINESTRING(11.508775 48.081853,11.50875628755383 48.081854714251236)
1359	München	Giselastraße	de:09162:80:1:1	48.157079	11.585087	bus	MATCHED	w377796550	7.1	1.0	Giselastraße	154,54,58,N43	Thiemestraße	Thiemestraße	LINESTRING(11.585087 48.157079,11.584996303300219 48.15709964923599)
1360	München	Giselastraße	de:09162:80:2:2	48.157234	11.5848	bus	MATCHED	w377796549	5.5	1.0	Giselastraße	154,54,68,N44	Georgenstraße / Hohenzollernstraße	Hohenzollernstraße / Georgenstraße	LINESTRING(11.5848 48.157234,11.58486904762128 48.15721605518008)
1361	München	Giselastraße	de:09162:80:31:41	48.157468	11.584719		NO_MATCH_AND_SEEMS_UNSERVED								POINT(11.584719 48.157468)
1362	München	Giselastraße	de:09162:80:32:42	48.157025	11.584189		NO_MATCH_AND_SEEMS_UNSERVED								POINT(11.584189 48.157025)
1363	München	Giselastraße	de:09162:80:33:73	48.15742	11.584467		NO_MATCH_AND_SEEMS_UNSERVED								POINT(11.584467 48.15742)
1364	München	Giselastraße	de:09162:80:34:44	48.156455	11.584252		NO_MATCH_AND_SEEMS_UNSERVED								POINT(11.584252 48.156455)
1365	München	Giselastraße	de:09162:80:37:71	48.157144	11.586722		NO_MATCH_AND_SEEMS_UNSERVED								POINT(11.586722 48.157144)
1366	München	Giselastraße	de:09162:80:51:51	48.156515	11.584045	light_rail	MATCHED	n2641009031	5.8	0.69	Giselastraße	U3,U6	Münchner Freiheit / Münchner Freiheit		LINESTRING(11.584045 48.156515,11.5841078 48.1565455)
1367	München	Giselastraße	de:09162:80:51:52	48.156533	11.583946	light_rail	MATCHED	n2641009032	4.9	0.73	Giselastraße	U3,U6	Universität		LINESTRING(11.583946 48.156533,11.583942400000002 48.156577000000006)
1368	München	Glötzleweg	de:09162:1347:1:1	48.086047	11.510392	bus	MATCHED	w376756212	3.2	1.0	Glötzleweg	136	Bastian-Schmid-Platz	Bastian-Schmid-Platz	LINESTRING(11.510392 48.086047,11.510364526810607 48.086069558383684)
1369	München	Glötzleweg	de:09162:1347:2:2	48.086395	11.509817	bus	MATCHED	w376756213	8.5	1.0	Glötzleweg	136	Weltistraße	Weltistraße	LINESTRING(11.509817 48.086395,11.509921500000003 48.0863643)
1370	München	Gmunder Straße	de:09162:1327:1:1	48.095798	11.527559	bus	MATCHED	w376756215	2.4	1.0	Gmunder Straße	53	Kistlerhofstraße	Kistlerhofstraße	LINESTRING(11.527559 48.095798,11.527528202726192 48.09580385723569)
1371	München	Gmunder Straße	de:09162:1327:2:2	48.09554	11.527649	bus	MATCHED	w376756214	7.1	1.0	Gmunder Straße	53	Hofmannstraße	Hofmannstraße	LINESTRING(11.527649 48.09554,11.527676100000003 48.09560110000001)
1372	München	Gnadenwaldplatz	de:09162:944:1:1	48.118004	11.65423	bus	MATCHED	w376507794	3.2	1.0	Gnadenwaldplatz	195,N79	Rofanstraße	Rofanstraße	LINESTRING(11.65423 48.118004,11.65423292339192 48.1179755718271)
1373	München	Gnadenwaldplatz	de:09162:944:2:2	48.11804	11.653736	bus	MATCHED	w376507795	1.4	1.0	Gnadenwaldplatz	195,N79	St.-Augustinus-Straße	St.-Augustinus-Straße	LINESTRING(11.653736 48.11804,11.653718527021683 48.11804365013598)
1374	München	Goetheplatz	de:09162:40:1:1	48.130069	11.558569	bus	MATCHED	w301778031	4.0	1.0	Goetheplatz	58	Beethovenplatz	Beethovenplatz	LINESTRING(11.558569 48.130069,11.558523444296737 48.13005066982427)
1375	München	Goetheplatz	de:09162:40:1:2	48.130093	11.55838	bus	MATCHED	w301778034	2.5	1.0	Goetheplatz	68	Kapuzinerplatz/Arbeitsagentur	Kapuzinerplatz/Arbeitsagentur	LINESTRING(11.55838 48.130093,11.558375593193732 48.13011573690487)
1376	München	Goetheplatz	de:09162:40:31:71	48.129122	11.558371		NO_MATCH_AND_SEEMS_UNSERVED								POINT(11.558371 48.129122)
1377	München	Goetheplatz	de:09162:40:32:72	48.12836	11.556143		NO_MATCH_AND_SEEMS_UNSERVED								POINT(11.556143 48.12836)
1378	München	Goetheplatz	de:09162:40:33:73	48.129949	11.55821		NO_MATCH_AND_SEEMS_UNSERVED								POINT(11.55821 48.129949)
1379	München	Goetheplatz	de:09162:40:34:74	48.129403	11.558245		NO_MATCH_AND_SEEMS_UNSERVED								POINT(11.558245 48.129403)
1380	München	Goetheplatz	de:09162:40:35:75	48.130495	11.558272		NO_MATCH_AND_SEEMS_UNSERVED								POINT(11.558272 48.130495)
1381	München	Goetheplatz	de:09162:40:36:76	48.130489	11.558488		NO_MATCH_AND_SEEMS_UNSERVED								POINT(11.558488 48.130489)
1382	München	Goetheplatz	de:09162:40:3:3	48.129997	11.559108	bus	MATCHED	w373538961	7.1	0.74	Goetheplatz	N40,N41,N45	Kapuzinerplatz/Arbeitsagentur / Poccistraße	Kapuzinerplatz/Arbeitsagentur / Poccistraße	LINESTRING(11.559108 48.129997,11.559021257038246 48.12997030380854)
1383	München	Goetheplatz	de:09162:40:4:4	48.129619	11.55891		MATCHED	w373538960	3.0	1.0	Goetheplatz			Sendlinger Tor	LINESTRING(11.55891 48.129619,11.558890698001745 48.12964255252226)
1384	München	Goetheplatz	de:09162:40:51:51	48.129157	11.55768	light_rail	MATCHED	n99202259	10.1	0.57	Goetheplatz	U3,U6	Sendlinger Tor / Poccistraße / Sendlinger Tor		LINESTRING(11.55768 48.129157,11.557610200000001 48.1290795)
1385	München	Goetheplatz	de:09162:40:51:52	48.129217	11.557608	light_rail	MATCHED	n2644689604	8.9	0.6	Goetheplatz	U3,U6	Poccistraße		LINESTRING(11.557608 48.129217,11.5575015 48.1291802)
1386	München	Goetheplatz	de:09162:40:5:5	48.129793	11.55918	bus	NO_MATCH_BUT_OTHER_PLATFORM_MATCHED					N40,N41,N45	Sendlinger Tor		POINT(11.55918 48.129793)
1387	München	Goldlackplatz	de:09162:354:1:1	48.200129	11.550502	bus	MATCHED	w375853496	1.3	1.0	Goldlackplatz	60,N76	Pulverturmstraße	Pulverturmstraße	LINESTRING(11.550502 48.200129,11.550518975844339 48.20012935796264)
1388	München	Goldlackplatz	de:09162:354:2:2	48.200273	11.549936	bus	MATCHED	w375853533	3.0	1.0	Goldlackplatz	60,N76	Robinienstraße	Robinienstraße	LINESTRING(11.549936 48.200273,11.549950066799097 48.20024749175927)
1389	München	Gollierplatz	de:09162:102:3:GOL 1	48.136298	11.534422	bus	MATCHED	w385034730	10.5	1.0	Gollierplatz	153,53,63,N43	Trappentreustraße / Trappentreustraße	Trappentreustraße	LINESTRING(11.534422 48.136298,11.534446819727794 48.13639092297306)
1390	München	Gollierplatz	de:09162:102:3:GOL 2	48.136334	11.534225	bus	MATCHED	w385034731	9.7	1.0	Gollierplatz	153,53,63,N44	Kazmairstraße / Kazmairstraße	Kazmairstraße	LINESTRING(11.534225 48.136334,11.53425431540999 48.13641897691479)
1391	München	Gollierstraße	de:09162:9988:1:1	48.13616	11.533946		NO_MATCH_AND_SEEMS_UNSERVED								POINT(11.533946 48.13616)
1392	München	Gondrellplatz	de:09162:1554:1:1	48.124427	11.490135	tram	MATCHED	n34506272	5.1	1.0	Gondrellplatz	14,18	Senftenauerstraße	Senftenauerstraße	LINESTRING(11.490135 48.124427,11.490170800000001 48.124466600000005)
1393	München	Gondrellplatz	de:09162:1554:21:21	48.124648	11.490045		MATCHED	n3207960666	16.4	0.37	Gondrellplatz				LINESTRING(11.490045 48.124648,11.490136000000001 48.124513400000005)
1394	München	Gondrellplatz	de:09162:1554:31:71	48.124924	11.490126		NO_MATCH_AND_SEEMS_UNSERVED								POINT(11.490126 48.124924)
1395	München	Goteboldstraße	de:09162:1851:1:1	48.176527	11.443531	bus	MATCHED	n2758073646	8.0	1.0	Goteboldstraße	164	Campingplatz Obermenzing	Campingplatz Obermenzing	LINESTRING(11.443531 48.176527,11.443481400000001 48.176591200000004)
1396	München	Goteboldstraße	de:09162:1851:2:2	48.177054	11.443324	bus	MATCHED	n2758073690	2.7	1.0	Goteboldstraße	164	Gerlachweg	Gerlachweg	LINESTRING(11.443324 48.177054,11.443303700000001 48.177034000000006)
1397	München	Goteboldstraße	de:09162:1851:30:70	48.178581	11.442695		NO_MATCH_AND_SEEMS_UNSERVED								POINT(11.442695 48.178581)
1398	München	Gotzinger Platz	de:09162:1134:3:GOT 1	48.117626	11.550358	bus	MATCHED	w369716795	1.4	1.0	Gotzinger Platz	132	Großmarkthalle	Großmarkthalle	LINESTRING(11.550358 48.117626,11.550370042851842 48.11761600881751)
1399	München	Graf-Lehndorff-Straße	de:09162:811:1:1	48.14092	11.679895		MATCHED	w386838037	10.0	1.0	Graf-Lehndorff-Straße				LINESTRING(11.679895 48.14092,11.679790250000005 48.14097605)
1400	München	Graf-Lehndorff-Straße	de:09162:811:2:2	48.140572	11.6803	bus	MATCHED	w386838045	17.3	1.0	Graf-Lehndorff-Straße	190,194	Riemer Straße	Riemer Straße	LINESTRING(11.6803 48.140572,11.680148312927038 48.14069016064863)
1401	München	Graf-Lehndorff-Straße	de:09162:811:30:70	48.139943	11.677614		NO_MATCH_AND_SEEMS_UNSERVED								POINT(11.677614 48.139943)
1402	München	Graf-Lehndorff-Straße	de:09162:811:31:71	48.139188	11.679222		NO_MATCH_AND_SEEMS_UNSERVED								POINT(11.679222 48.139188)
1403	München	Graf-Lehndorff-Straße	de:09162:811:3:3	48.140362	11.679976	bus	MATCHED	w386838026	3.3	1.0	Graf-Lehndorff-Straße	183,190,194,E183,N74	Riem / Riem / An der Point	An der Point / Riem Bahnhof (S)	LINESTRING(11.679976 48.140362,11.680018749050861 48.14035583586819)
1404	München	Graf-Lehndorff-Straße	de:09162:811:3:4	48.140452	11.679859	bus	MATCHED	w386838017	1.6	1.0	Graf-Lehndorff-Straße	183,E183,N74	Riemer Straße	Riemer Straße	LINESTRING(11.679859 48.140452,11.679877549499574 48.14044464992073)
1405	München	Grafinger Straße	de:09162:896:1:1	48.124594	11.61925	bus	MATCHED	w389699074	1.8	1.0	Grafinger Straße	190,191	Altöttinger Straße	Altöttinger Straße	LINESTRING(11.61925 48.124594,11.619226002947363 48.12459462472108)
1406	München	Grafinger Straße	de:09162:896:2:2	48.124726	11.619385	bus	MATCHED	w389699073	5.0	1.0	Grafinger Straße	190,191	Sankt Pius / Sankt Pius	Sankt Pius	LINESTRING(11.619385 48.124726,11.619362514756306 48.1246833807965)
1407	München	Grafinger Straße	de:09162:896:30:70	48.124259	11.620454		NO_MATCH_AND_SEEMS_UNSERVED								POINT(11.620454 48.124259)
1408	München	Grashofstraße	de:09162:1981:1:1	48.21664	11.528978		NO_MATCH_AND_SEEMS_UNSERVED								POINT(11.528978 48.21664)
1409	München	Grashofstraße	de:09162:1981:2:2	48.217017	11.528799	bus	MATCHED	w398700056	4.5	1.0	Grashofstraße	172	Josef-Frankl-Straße	Josef-Frankl-Straße	LINESTRING(11.528799 48.217017,11.528804836445202 48.21705744789156)
1410	München	Grashofstraße	de:09162:1981:3:3	48.217628	11.528871	bus	MATCHED	w398700055	9.8	1.0	Grashofstraße	172	Schwarzhölzlstraße	Schwarzhölzlstraße	LINESTRING(11.528871 48.217628,11.528921651886897 48.21754639498675)
1411	München	Griechenstraße	de:09162:1173:1:1	48.093182	11.569654	bus	MATCHED	w378283322	2.7	1.0	Griechenstraße	139	Autharistraße	Autharistraße	LINESTRING(11.569654 48.093182,11.56964733790903 48.09315771965193)
1412	München	Griechenstraße	de:09162:1173:2:2	48.093122	11.569986	bus	MATCHED	w378283323	6.8	1.0	Griechenstraße	139	Säbener Straße	Säbener Straße	LINESTRING(11.569986 48.093122,11.56990631285886 48.093092050636635)
1413	München	Griegstraße	de:09162:423:1:1	48.182032	11.58506	bus	MATCHED	w277106240	1.4	1.0	Griegstraße	140,141,N40	Domagkstraße West / Domagkstraße West	Domagkstraße West	LINESTRING(11.58506 48.182032,11.58504155116934 48.18203067852417)
1414	München	Griegstraße	de:09162:423:2:2	48.181534	11.584746	bus	MATCHED	w277106241	2.3	1.0	Griegstraße	140,141,N40	Freiligrathstraße	Freiligrathstraße	LINESTRING(11.584746 48.181534,11.584747470195742 48.181513055944485)
1415	München	Grillparzerstraße	de:09162:23:1:1	48.13646	11.610186		MATCHED_AMBIGUOUSLY	n3186212279	11.8	1.0	Grillparzerstraße	149,19,470,N74,X30	Einsteinstraße	Einsteinstraße	LINESTRING(11.610186 48.13646,11.610338 48.136490800000004)
1416	München	Grillparzerstraße	de:09162:23:1:1	48.13646	11.610186		MATCHED_AMBIGUOUSLY	w308274818	9.5	1.0	Grillparzerstraße	149,19,470,N74,X30	Einsteinstraße	Einsteinstraße	LINESTRING(11.610186 48.13646,11.610061265203983 48.13644079973458)
1417	München	Grillparzerstraße	de:09162:23:2:2	48.136232	11.608632		MATCHED_AMBIGUOUSLY	n3186212972	41.7	1.0	Grillparzerstraße	149,19,470	Flurstraße / Kirchenstraße / Max-Weber-Platz	Flurstraße	LINESTRING(11.608632 48.136232,11.6081318 48.1360626)
1418	München	Grillparzerstraße	de:09162:23:2:2	48.136232	11.608632		MATCHED_AMBIGUOUSLY	w308081429	14.2	1.0	Grillparzerstraße	149,19,470	Flurstraße / Kirchenstraße / Max-Weber-Platz	Kirchenstraße / Max-Weber-Platz / Flurstraße	LINESTRING(11.608632 48.136232,11.608457675904624 48.136179626963234)
1419	München	Grillparzerstraße	de:09162:23:31:71	48.135573	11.609414		NO_MATCH_AND_SEEMS_UNSERVED								POINT(11.609414 48.135573)
1420	München	Grillparzerstraße	de:09162:23:34:74	48.136316	11.609782		NO_MATCH_AND_SEEMS_UNSERVED								POINT(11.609782 48.136316)
1421	München	Grillparzerstraße	de:09162:23:3:3	48.135794	11.609405		MATCHED_AMBIGUOUSLY	n3186228762	2.3	1.0	Grillparzerstraße	100,54,58,E7,N43,N74,X30	Haidenauplatz / Haidenauplatz	Haidenauplatz	LINESTRING(11.609405 48.135794,11.6094278 48.135808000000004)
1422	München	Grillparzerstraße	de:09162:23:3:3	48.135794	11.609405		MATCHED_AMBIGUOUSLY	w206093870	12.5	1.0	Grillparzerstraße	100,54,58,E7,N43,N74,X30	Haidenauplatz / Haidenauplatz	Haidenauplatz	LINESTRING(11.609405 48.135794,11.609331174177013 48.13589535593345)
1423	München	Grillparzerstraße	de:09162:23:4:4	48.135291	11.609863	bus	MATCHED_AMBIGUOUSLY	n3186228761	8.4	1.0	Grillparzerstraße	100,54,68,N44,N74,X30	Grillparzerstraße / Prinzregentenplatz		LINESTRING(11.609863 48.135291,11.6097737 48.1353372)
1424	München	Grillparzerstraße	de:09162:23:4:4	48.135291	11.609863	bus	MATCHED_AMBIGUOUSLY	w206097257	1.2	1.0	Grillparzerstraße	100,54,68,N44,N74,X30	Grillparzerstraße / Prinzregentenplatz	Grillparzerstraße / Prinzregentenplatz	LINESTRING(11.609863 48.135291,11.609849426064375 48.13529726630532)
1425	München	Grimmeisenstraße	de:09162:599:1:1	48.16527	11.644807	bus	MATCHED	w399786044	8.3	1.0	Grimmeisenstraße	154,N72	Johanneskirchner Straße / Johanneskirchner Straße	Johanneskirchner Straße	LINESTRING(11.644807 48.16527,11.644759781336953 48.16520218379468)
1426	München	Grimmeisenstraße	de:09162:599:2:2	48.165144	11.644601	bus	MATCHED	w399786045	9.5	1.0	Grimmeisenstraße	154	Stegmühlstraße	Stegmühlstraße	LINESTRING(11.644601 48.165144,11.644570956705737 48.16522724742811)
1427	München	Großhadern	de:09162:1530:1:1	48.116061	11.477244		NO_MATCH_AND_SEEMS_UNSERVED								POINT(11.477244 48.116061)
1428	München	Großhadern	de:09162:1530:2:2	48.115611	11.478268		NO_MATCH_AND_SEEMS_UNSERVED								POINT(11.478268 48.115611)
1429	München	Großhadern	de:09162:1530:3:3	48.115605	11.476741	bus	MATCHED	w393515020	3.6	1.0	Großhadern	160,268,X208	Martinsried, Würmtalstraße / Zinckgrafstraße	Martinsried, Würmtalstraße / Zinckgrafstraße	LINESTRING(11.476741 48.115605,11.476694637920648 48.115596984011226)
1430	München	Großhadern	de:09162:1530:4:4	48.115359	11.47631	bus	MATCHED	w393515021	3.6	1.0	Großhadern	160,268,X208	Platanenstraße / Klinikum Großhadern	Klinikum Großhadern (U) / Platanenstraße	LINESTRING(11.47631 48.115359,11.476262575387823 48.115365565748164)
1431	München	Großhadern	de:09162:1530:51:51	48.114687	11.477083	light_rail	MATCHED	n2643974272	47.2	0.23	Großhadern	U6	Haderner Stern		LINESTRING(11.477083 48.114687,11.4772096 48.1151026)
1432	München	Großhadern	de:09162:1530:51:52	48.114699	11.476975	light_rail	MATCHED	n2643974273	61.8	0.19	Großhadern	U6	Klinikum Großhadern / Klinikum Großhadern / Haderner Stern		LINESTRING(11.476975 48.114699,11.476837100000001 48.114150800000004)
1433	München	Großhadern	de:09162:1530:5:5	48.116013	11.477559	bus	MATCHED	w393515018	3.6	1.0	Großhadern	56,N40	Am Ährenfeld / Am Ährenfeld	Am Ährenfeld	LINESTRING(11.477559 48.116013,11.47755234434257 48.11604546617666)
1434	München	Großhadern	de:09162:1530:6:6	48.115239	11.477038	bus	MATCHED	w393515017	2.2	1.0	Großhadern	56,N40	Marchioninistraße	Marchioninistraße	LINESTRING(11.477038 48.115239,11.4770568 48.115224149999996)
1435	München	Großhaderner Straße	de:09162:1532:3:GHS 1	48.119407	11.481475		MATCHED	n2779899387	1.8	1.0	Großhaderner Straße			Wolkerweg / Haderner Stern	LINESTRING(11.481475 48.119407,11.4814512 48.119403000000005)
1436	München	Großhaderner Straße	de:09162:1532:3:GHS 2	48.119521	11.481332		MATCHED	n2779899392	0.8	1.0	Großhaderner Straße			Großhadern / Am Ährenfeld	LINESTRING(11.481332 48.119521,11.481343200000001 48.1195211)
1437	München	Großhesseloher Brücke	de:09162:1125:2:1	48.076541	11.550412	tram	MATCHED	n27233509	9.7	1.0	Großhesseloher Brücke	25,N27	Großhesseloher Brücke		LINESTRING(11.550412 48.076541,11.550314 48.076598800000006)
1438	München	Großhesseloher Brücke	de:09162:1125:2:2	48.076907	11.55017	tram	MATCHED	n430532238	5.4	1.0	Großhesseloher Brücke	25,N27	Schilcherweg	Schilcherweg	LINESTRING(11.55017 48.076907,11.5501786 48.0768585)
1439	München	Großhesseloher Brücke	de:09162:1125:2:3	48.077129	11.550394	tram	MATCHED	n1670410322	9.2	1.0	Großhesseloher Brücke	25,N27	Menterschwaige	Menterschwaige	LINESTRING(11.550394 48.077129,11.5503911 48.07721170000001)
1440	München	Großhesseloher Brücke	de:09162:1125:30:40	48.075779	11.549451		NO_MATCH_AND_SEEMS_UNSERVED								POINT(11.549451 48.075779)
1441	München	Großhesseloher Brücke	de:09162:1125:31:21	48.076499	11.550376	bus	MATCHED_AMBIGUOUSLY	n13479277923	5.7	1.0	Großhesseloher Brücke	N272	Grünwald, Bavariafilmplatz		LINESTRING(11.550376 48.076499,11.5503028 48.0765146)
1442	München	Großhesseloher Brücke	de:09162:1125:31:21	48.076499	11.550376	bus	MATCHED_AMBIGUOUSLY	w476186053	16.7	1.0	Großhesseloher Brücke	N272	Grünwald, Bavariafilmplatz		LINESTRING(11.550376 48.076499,11.550480337496213 48.07636623298592)
1443	München	Großhesseloher Brücke	de:09162:1125:32:22	48.076721	11.549936		MATCHED	n10617823788	38.4	1.0	Großhesseloher Brücke				LINESTRING(11.549936 48.076721,11.550044600000001 48.077058400000006)
1444	München	Großhesseloher Brücke	de:09162:1125:33:43	48.074975	11.54875		NO_MATCH_AND_SEEMS_UNSERVED								POINT(11.54875 48.074975)
1445	München	Großhesseloher Brücke	de:09162:1125:33:93	48.074975	11.54875		NO_MATCH_AND_SEEMS_UNSERVED								POINT(11.54875 48.074975)
1446	München	Großhesseloher Brücke	de:09162:1125:34:74	48.076205	11.549837		MATCHED	n3196103461	79.2	0.11	Großhesseloher Brücke				LINESTRING(11.549837 48.076205,11.5502006 48.076874600000004)
1447	München	Großlappen	de:09162:545:1:1	48.204183	11.62932	bus	MATCHED	w372415488	3.2	1.0	Großlappen	181,182	Josef-Wirth-Weg	Josef-Wirth-Weg	LINESTRING(11.62932 48.204183,11.629294492505522 48.2041596290994)
1448	München	Großlappen	de:09162:545:2:2	48.204344	11.629671	bus	MATCHED	w372415487	4.1	1.0	Großlappen	181,182	Klärwerk Gut Großlappen	Klärwerk Gut Großlappen	LINESTRING(11.629671 48.204344,11.629661829555026 48.204308049848265)
1449	München	Großmarkthalle	de:09162:1133:3:GRM 1	48.119785	11.55229	bus	MATCHED	w369716797	1.1	1.0	Großmarkthalle	132	Implerstraße	Implerstraße	LINESTRING(11.55229 48.119785,11.552292254965735 48.11977523061304)
1450	München	Großmarkthalle	de:09162:1133:3:GRM 2	48.119701	11.55237	bus	MATCHED	w369716796	0.3	1.0	Großmarkthalle	132	Lagerhausstraße	Lagerhausstraße	LINESTRING(11.55237 48.119701,11.552371758707006 48.119703216571175)
1451	München	Großmarkthalle	de:09162:1133:79:78	48.118628	11.553969		NO_MATCH_AND_SEEMS_UNSERVED								POINT(11.553969 48.118628)
1452	München	Großmarkthalle	de:09162:1133:79:79	48.1187	11.554194		NO_MATCH_AND_SEEMS_UNSERVED								POINT(11.554194 48.1187)
1453	München	Gruithuisenstraße	de:09162:1926:1:1	48.183349	11.483811	bus	MATCHED	w379853741	5.4	1.0	Gruithuisenstraße	162,163	Manzostraße	Manzostraße	LINESTRING(11.483811 48.183349,11.483738249999996 48.18335155)
1454	München	Gruithuisenstraße	de:09162:1926:2:2	48.183475	11.484143	bus	MATCHED	w379853742	2.4	0.86	Gruithuisenstraße	162,163	Korbinian-Beer-Straße	Korbinian-Beer-Straße	LINESTRING(11.484143 48.183475,11.484157980322877 48.18345542118509)
1455	München	Grusonstraße	de:09162:442:1:1	48.201746	11.592687	bus	MATCHED	w277228767	1.5	1.0	Grusonstraße	140,170,180	Paracelsusstraße	Paracelsusstraße	LINESTRING(11.592687 48.201746,11.592705864221623 48.20174241305803)
1456	München	Grusonstraße	de:09162:442:2:2	48.20168	11.593837	bus	MATCHED	w277228764	1.5	1.0	Grusonstraße	170,180	Werner-Egk-Bogen / Werner-Egk-Bogen	Werner-Egk-Bogen	LINESTRING(11.593837 48.20168,11.59381885 48.20167425000001)
1457	München	Grusonstraße	de:09162:442:3:3	48.202201	11.593603	bus	MATCHED	w277228780	14.4	1.0	Grusonstraße	140,170	Untere Länge	Untere Länge	LINESTRING(11.593603 48.202201,11.593570773464034 48.20207353533121)
1458	München	Gräfelfinger Straße	de:09162:1524:1:1	48.117092	11.495345	bus	MATCHED	n2779899393	4.8	1.0	Gräfelfinger Straße	167,N40	Holzapfelkreuth	Holzapfelkreuth	LINESTRING(11.495345 48.117092,11.4954029 48.117072500000006)
1459	München	Gräfelfinger Straße	de:09162:1524:2:2	48.117272	11.495283	bus	MATCHED	n1826192922	1.0	1.0	Gräfelfinger Straße	167,N40	Kurparkstraße / Haderner Stern	Haderner Stern / Kurparkstraße	LINESTRING(11.495283 48.117272,11.4952916 48.1172654)
1460	München	Gräfstraße	de:09162:9971:71:71	48.142826	11.461039		NO_MATCH_AND_SEEMS_UNSERVED								POINT(11.461039 48.142826)
1461	München	Gräfstraße	de:09162:9971:72:72	48.142748	11.460895		NO_MATCH_AND_SEEMS_UNSERVED								POINT(11.460895 48.142748)
1462	München	Gröbenzeller Straße	de:09162:366:1:1	48.183247	11.507527	bus	MATCHED	w409285635	4.5	1.0	Gröbenzeller Straße	176,710	Moosach / Moosach	Moosach Bahnhof	LINESTRING(11.507527 48.183247,11.507475003783123 48.18326794849266)
1463	München	Gröbenzeller Straße	de:09162:366:2:2	48.183703	11.506997	bus	MATCHED	w409285638	1.3	1.0	Gröbenzeller Straße	176,710	Eininger Straße	Eininger Straße	LINESTRING(11.506997 48.183703,11.507000896755407 48.183691268032526)
1464	München	Gröbenzeller Straße	de:09162:366:30:70	48.183409	11.503484		NO_MATCH_AND_SEEMS_UNSERVED								POINT(11.503484 48.183409)
1465	München	Gröbenzeller Straße	de:09162:366:31:71	48.183409	11.503269		NO_MATCH_AND_SEEMS_UNSERVED								POINT(11.503269 48.183409)
1466	München	Gröbenzeller Straße	de:09162:366:3:3	48.182589	11.507284		MATCHED	w379853744	13.9	1.0	Gröbenzeller Straße				LINESTRING(11.507284 48.182589,11.507403048186168 48.18268506987601)
1467	München	Gröbenzeller Straße	de:09162:366:4:4	48.182852	11.507805		MATCHED	w379853743	7.0	1.0	Gröbenzeller Straße				LINESTRING(11.507805 48.182852,11.507865875431582 48.182899822507636)
1468	München	Grünstraße	de:09162:1313:1:1	48.108996	11.526346		NO_MATCH_AND_SEEMS_UNSERVED								POINT(11.526346 48.108996)
1469	München	Grünstraße	de:09162:1313:2:2	48.109355	11.52614		NO_MATCH_AND_SEEMS_UNSERVED								POINT(11.52614 48.109355)
1470	München	Grünstraße	de:09162:1313:3:3	48.109961	11.526265	bus	MATCHED	w369932194	4.9	1.0	Grünstraße	132	Friedrich-Hebbel-Straße	Friedrich-Hebbel-Straße	LINESTRING(11.526265 48.109961,11.526327890442374 48.109947110430014)
1471	München	Grünstraße	de:09162:1313:4:4	48.109943	11.526185	bus	MATCHED	w369932198	2.1	1.0	Grünstraße	132	Höglwörther Straße	Höglwörther Straße	LINESTRING(11.526185 48.109943,11.526160023286872 48.1099333311374)
1472	München	Grüntal	de:09162:619:1:1	48.168739	11.621451	bus	MATCHED	w400511235	6.1	1.0	Grüntal	187	Rümelinstraße	Rümelinstraße	LINESTRING(11.621451 48.168739,11.621369200000002 48.1687354)
1473	München	Grüntal	de:09162:619:2:2	48.168613	11.621505	bus	MATCHED	w400511236	5.1	1.0	Grüntal	187	Bürgerpark Oberföhring	Bürgerpark Oberföhring	LINESTRING(11.621505 48.168613,11.621438018137576 48.16862174961057)
1474	München	Guido-Schneble-Straße	de:09162:1656:31:71	48.130273	11.49645		NO_MATCH_AND_SEEMS_UNSERVED								POINT(11.49645 48.130273)
1475	München	Guido-Schneble-Straße	de:09162:1656:32:72	48.130986	11.499675		NO_MATCH_AND_SEEMS_UNSERVED								POINT(11.499675 48.130986)
1476	München	Guido-Schneble-Straße	de:09162:1656:3:GUS 1	48.131448	11.498346	bus	MATCHED	n2775375424	1.2	1.0	Guido-Schneble-Straße	168,N78	Aindorferstraße	Aindorferstraße	LINESTRING(11.498346 48.131448,11.498331700000001 48.131442500000006)
1477	München	Guido-Schneble-Straße	de:09162:1656:3:GUS 2	48.131502	11.498184	bus	MATCHED	n783897969	1.5	1.0	Guido-Schneble-Straße	168,N78	Menaristraße	Menaristraße	LINESTRING(11.498184 48.131502,11.4981772 48.1314896)
1478	München	Guido-Schneble-Straße	de:09162:1656:4:4	48.131538	11.498615		NO_MATCH_AND_SEEMS_UNSERVED								POINT(11.498615 48.131538)
1479	München	Gulbranssonstraße	de:09162:1351:2:2	48.081835	11.503942		NO_MATCH_AND_SEEMS_UNSERVED								POINT(11.503942 48.081835)
1480	München	Gulbranssonstraße	de:09162:1351:3:3	48.082153	11.503556	bus	MATCHED	w396613064	9.7	1.0	Gulbranssonstraße	134,151,63,N41	Parkstadt Solln / Parkstadt Solln / Wilhelm-Busch-Straße	Wilhelm-Busch-Straße / Parkstadt Solln	LINESTRING(11.503556 48.082153,11.503604180974211 48.08223442196196)
1481	München	Gulbranssonstraße	de:09162:1351:4:4	48.082333	11.503933	bus	MATCHED	w396613065	4.2	1.0	Gulbranssonstraße	134,151,63,N41	Stäblistraße	Stäblistraße	LINESTRING(11.503933 48.082333,11.503896438082313 48.082304768742766)
1482	München	Gundelkoferstraße	de:09162:439:1:1	48.196093	11.58462	bus	MATCHED	w277106248	6.6	1.0	Gundelkoferstraße	140,141,180,294,295	Kollwitzstraße	Kollwitzstraße	LINESTRING(11.58462 48.196093,11.584574313890172 48.196143889375826)
1483	München	Gundelkoferstraße	de:09162:439:2:2	48.195572	11.58409	bus	MATCHED	w277106243	5.4	1.0	Gundelkoferstraße	140,141	Euro-Industriepark West	Euro-Industriepark West	LINESTRING(11.58409 48.195572,11.584079301516736 48.1955241190092)
1484	München	Gundelkoferstraße	de:09162:439:3:3	48.19592	11.582985	bus	MATCHED	w277106249	3.0	1.0	Gundelkoferstraße	141,180,294,295	Sudetendeutsche Straße	Sudetendeutsche Straße	LINESTRING(11.582985 48.19592,11.583024389424489 48.19591396701791)
1485	München	Gundermannstraße	de:09162:355:3:GNM 1	48.20423	11.552649	bus	MATCHED	w375853563	9.0	1.0	Gundermannstraße	60,N76	Hasenbergl Süd	Hasenbergl Süd	LINESTRING(11.552649 48.20423,11.552527770814928 48.20423739695118)
1486	München	Gundermannstraße	de:09162:355:3:GNM 2	48.204117	11.552514	bus	MATCHED	w375853561	1.5	1.0	Gundermannstraße	60,N76	Pulverturmstraße	Pulverturmstraße	LINESTRING(11.552514 48.204117,11.552521743439167 48.204129215020046)
1487	München	Gustav-Freytag-Straße	de:09162:552:1:1	48.158708	11.611848	bus	MATCHED	w400511237	2.2	1.0	Gustav-Freytag-Straße	187	Gellertstraße	Gellertstraße	LINESTRING(11.611848 48.158708,11.611831210882624 48.15869143681505)
1488	München	Gustav-Freytag-Straße	de:09162:552:2:2	48.15902	11.611929	bus	MATCHED	w400511238	4.1	1.0	Gustav-Freytag-Straße	187	Redwitzstraße	Redwitzstraße	LINESTRING(11.611929 48.15902,11.611899950000002 48.15898815)
1489	München	Gustav-Mahler-Straße	de:09162:454:1:1	48.202267	11.602856	bus	MATCHED	w277228771	3.8	1.0	Gustav-Mahler-Straße	140,170	Keilberthstraße	Keilberthstraße	LINESTRING(11.602856 48.202267,11.602807366547715 48.202255615293694)
1490	München	Gustav-Mahler-Straße	de:09162:454:2:2	48.202141	11.603368	bus	MATCHED	w277228760	1.7	1.0	Gustav-Mahler-Straße	140,170	Paul-Hindemith-Allee	Paul-Hindemith-Allee	LINESTRING(11.603368 48.202141,11.603390342470908 48.20214317861087)
1491	München	Gärtnerplatztheater	de:09162:114:3:GAP 1	48.132299	11.57508	bus	MATCHED	w391263849	6.7	1.0	Gärtnerplatztheater	52,62	Baaderstraße	Baaderstraße	LINESTRING(11.57508 48.132299,11.575005372161307 48.13233253095701)
1492	München	Gärtnerplatztheater	de:09162:114:3:GAP 2	48.132167	11.575466	bus	MATCHED	w391263832	9.6	1.0	Gärtnerplatztheater	52,62	Blumenstraße	Blumenstraße	LINESTRING(11.575466 48.132167,11.575565295689351 48.13211145297545)
1493	München	Gärtnerstraße	de:09162:330:1:1	48.177827	11.536686	bus	MATCHED	w375853577	3.4	1.0	Gärtnerstraße	175	Olympia-Pressestadt	Olympia-Pressestadt	LINESTRING(11.536686 48.177827,11.53664195 48.177834849999996)
1494	München	Gärtnerstraße	de:09162:330:2:2	48.176988	11.536237		NO_MATCH_AND_SEEMS_UNSERVED								POINT(11.536237 48.176988)
1495	München	Gärtnerstraße	de:09162:330:3:3	48.177563	11.536416	bus	MATCHED	w375853564	2.6	1.0	Gärtnerstraße	175	Georg-Brauchle-Ring	Georg-Brauchle-Ring	LINESTRING(11.536416 48.177563,11.536399009277188 48.17754291061162)
1496	München	Görresstraße	de:09162:35:19:71	48.154436	11.56156		NO_MATCH_AND_SEEMS_UNSERVED								POINT(11.56156 48.154436)
1497	München	Görresstraße	de:09162:35:19:72	48.15431	11.561506		NO_MATCH_AND_SEEMS_UNSERVED								POINT(11.561506 48.15431)
1498	München	Görresstraße	de:09162:35:33:73	48.156198	11.561596		NO_MATCH_AND_SEEMS_UNSERVED								POINT(11.561596 48.156198)
1499	München	Görresstraße	de:09162:35:33:74	48.15609	11.561569		NO_MATCH_AND_SEEMS_UNSERVED								POINT(11.561569 48.15609)
1500	München	Görresstraße	de:09162:35:3:GOR 1	48.156048	11.562162	bus	MATCHED	w377796551	4.8	1.0	Görresstraße	153,154	Infanteriestraße Süd	Infanteriestraße Süd	LINESTRING(11.562162 48.156048,11.562218569580326 48.15602734188592)
1501	München	Görresstraße	de:09162:35:3:GOR 2	48.15594	11.562207	bus	MATCHED	w377796552	1.8	1.0	Görresstraße	153,154	Josephsplatz	Josephsplatz	LINESTRING(11.562207 48.15594,11.562190843501517 48.155951601893015)
1502	München	Görzer Straße	de:09162:1059:31:71	48.095912	11.60909		NO_MATCH_AND_SEEMS_UNSERVED								POINT(11.60909 48.095912)
1503	München	Görzer Straße	de:09162:1059:3:GRZ 1	48.095546	11.609261	bus	MATCHED	w392176995	0.7	0.93	Görzer Straße	145,N75	Obernzeller Straße	Obernzeller Straße	LINESTRING(11.609261 48.095546,11.609253649999998 48.09555004999999)
1504	München	Görzer Straße	de:09162:1059:3:GRZ 2	48.09554	11.609548	bus	MATCHED	w392176996	2.6	0.86	Görzer Straße	145	Plassenburgstraße	Plassenburgstraße	LINESTRING(11.609548 48.09554,11.609514924130618 48.09553160480617)
1505	München	Görzer Straße Schule	de:09162:978:3:GSS 1	48.104557	11.609252	bus	MATCHED	w392176994	1.7	1.0	Görzer Straße Schule	145	Hochäckerstraße	Hochäckerstraße	LINESTRING(11.609252 48.104557,11.609239700000003 48.10454450000001)
1506	München	Hackerbrücke	de:09162:7:2:1	48.143599	11.548418		MATCHED	n1659974105	2.7	1.0	Hackerbrücke	16,17,N17,S1,S2,S3,S4,S5,S6,S8	Donnersbergerbrücke / Hopfenstraße / Hauptbahnhof (U, Tram)	Hopfenstraße	LINESTRING(11.548418 48.143599,11.5484115 48.1436233)
1507	München	Hackerbrücke	de:09162:7:2:2	48.143707	11.548265		MATCHED	n1659974106	7.8	1.0	Hackerbrücke	16,17,N17,S1,S2,S3,S4,S5,S6,S8	Donnersbergerbrücke / Deroystraße / Donnersbergerbrücke / Donnersbergerbrücke	Deroystraße	LINESTRING(11.548265 48.143707,11.548160500000002 48.143699700000006)
1508	München	Hackerbrücke	de:09162:7:31:41	48.143342	11.549253		MATCHED	n10973302711	4.7	1.0	Hackerbrücke				LINESTRING(11.549253 48.143342,11.549299900000001 48.143313500000005)
1509	München	Hackerbrücke	de:09162:7:32:42	48.143797	11.548283		MATCHED	n10973302709	9.5	1.0	Hackerbrücke				LINESTRING(11.548283 48.143797,11.548159 48.143817000000006)
1510	München	Hackerbrücke	de:09162:7:33:73	48.143336	11.548625		NO_MATCH_AND_SEEMS_UNSERVED								POINT(11.548625 48.143336)
1511	München	Hackerbrücke	de:09162:7:34:44	48.143785	11.548966		NO_MATCH_AND_SEEMS_UNSERVED								POINT(11.548966 48.143785)
1512	München	Hackerbrücke	de:09162:7:3:3	48.143486	11.550529		MATCHED	n4587126594	56.8	0.08	München ZOB				LINESTRING(11.550529 48.143486,11.5506182 48.142978500000005)
1513	München	Hackerbrücke	de:09162:7:40:81	48.141933	11.548238	trainish	MATCHED	n601733627	25.2	0.37	Hackerbrücke			München Hauptbahnhof (tief)	LINESTRING(11.548238 48.141933,11.548574400000001 48.1419058)
1514	München	Hackerbrücke	de:09162:7:40:82	48.142053	11.548265	trainish	MATCHED	n11218960	24.7	0.37	Hackerbrücke			Donnersbergerbrücke	LINESTRING(11.548265 48.142053,11.548594300000001 48.1420273)
1515	München	Haderner Stern	de:09162:1520:1:1	48.118484	11.49036	bus	MATCHED	n2779899406	2.2	1.0	Haderner Stern	N40	Großhaderner Straße	Großhaderner Straße	LINESTRING(11.49036 48.118484,11.490344700000001 48.118466700000006)
1516	München	Haderner Stern	de:09162:1520:1:2	48.118364	11.490333	bus	MATCHED	n2779899404	1.3	1.0	Haderner Stern	N40	Gräfelfinger Straße	Gräfelfinger Straße	LINESTRING(11.490333 48.118364,11.4903279 48.118374800000005)
1517	München	Haderner Stern	de:09162:1520:51:51	48.11837	11.488833	light_rail	MATCHED	n2643890391	59.0	0.12	Haderner Stern	U6	Holzapfelkreuth		LINESTRING(11.488833 48.11837,11.4896153 48.1182845)
1518	München	Haderner Stern	de:09162:1520:51:52	48.118424	11.488842	light_rail	MATCHED	n2643890443	40.0	0.16	Haderner Stern	U6	Holzapfelkreuth / Großhadern		LINESTRING(11.488842 48.118424,11.488310400000001 48.1184737)
1519	München	Haderner Stern	de:09162:1520:99:3	48.118394	11.488824		NO_MATCH_AND_SEEMS_UNSERVED								POINT(11.488824 48.118394)
1520	München	Hadersdorfer	de:09162:20011:0:HADE1	48.175556	11.647107		NO_MATCH_AND_SEEMS_UNSERVED								POINT(11.647107 48.175556)
1521	München	Hadersdorfer	de:09162:20011:0:HADE2	48.175604	11.647197		NO_MATCH_AND_SEEMS_UNSERVED								POINT(11.647197 48.175604)
1522	München	Haderunstraße	de:09162:1536:1:1	48.121794	11.479005	bus	MATCHED	w393515023	5.0	1.0	Haderunstraße	56	Krokusstraße	Krokusstraße	LINESTRING(11.479005 48.121794,11.479018551888188 48.121837837576585)
1523	München	Haderunstraße	de:09162:1536:2:2	48.122052	11.478718	bus	MATCHED	w393515024	0.9	1.0	Haderunstraße	56	Am Ährenfeld	Am Ährenfeld	LINESTRING(11.478718 48.122052,11.478713503489168 48.12204433178914)
1524	München	Haderunstraße	de:09162:1536:3:3	48.122244	11.479481	bus	MATCHED	w393515022	4.6	1.0	Haderunstraße	167	Großhaderner Straße	Großhaderner Straße	LINESTRING(11.479481 48.122244,11.479419464387247 48.12223984955526)
1525	München	Haidenauplatz	de:09162:46:11:71	48.132059	11.609863		MATCHED	n1237856654	15.0	0.39	Haidenauplatz			Ampfingstraße	LINESTRING(11.609863 48.132059,11.6098236 48.132190900000005)
1526	München	Haidenauplatz	de:09162:46:1:1	48.132125	11.609782		MATCHED	w205433828	3.2	1.0	Haidenauplatz	100,21,54,68,N19,N44,N74,X30	Grillparzerstraße / Ampfingstraße	Ampfingstraße / Grillparzerstraße	LINESTRING(11.609782 48.132125,11.609742190891936 48.132113643835325)
1527	München	Haidenauplatz	de:09162:46:1:2	48.132059	11.609521		MATCHED	w205432016	6.7	1.0	Haidenauplatz	100,21,54,58,E7,N19,N43,N74,X30	Ostbahnhof / Ostbahnhof	Ostbahnhof	LINESTRING(11.609521 48.132059,11.609458715441972 48.13201586219198)
1528	München	Haidenauplatz	de:09162:46:32:72	48.132773	11.609899		MATCHED	n3769568257	19.7	0.33	Haidenauplatz			Haidenauplatz	LINESTRING(11.609899 48.132773,11.6101589 48.132737600000006)
1529	München	Haidenauplatz	de:09162:46:3:3	48.132863	11.610285		MATCHED	w373507705	3.5	1.0	Haidenauplatz				LINESTRING(11.610285 48.132863,11.610262538019676 48.13283557362128)
1530	München	Haidenauplatz	de:09162:46:3:4	48.132737	11.610141	tram	MATCHED	w373507716	12.6	1.0	Haidenauplatz	E7	Haidenauplatz	Haidenauplatz	LINESTRING(11.610141 48.132737,11.610162972612384 48.13284900505692)
1531	München	Halfinger Straße	de:09162:926:3:HAL 1	48.126004	11.655614	bus	MATCHED	w468357869	6.1	1.0	Halfinger Straße	185,194	Truderinger Straße	Truderinger Straße	LINESTRING(11.655614 48.126004,11.655535248333894 48.12598731973699)
1532	München	Halfinger Straße	de:09162:926:3:HAL 2	48.126118	11.655371	bus	MATCHED	w468357871	6.6	1.0	Halfinger Straße	185,194	St.-Veit-Straße / Heltauer Straße	Heltauer Straße	LINESTRING(11.655371 48.126118,11.655452132942052 48.12609306970851)
1533	München	Halligenplatz	de:09162:911:1:1	48.119155	11.66051	bus	MATCHED	w843982792	1.3	1.0	Halligenplatz	139	Bajuwarenstraße	Bajuwarenstraße	LINESTRING(11.66051 48.119155,11.66052095497933 48.11916436430182)
1534	München	Halligenplatz	de:09162:911:2:2	48.119305	11.660582	bus	MATCHED	w843982791	3.3	1.0	Halligenplatz	139	St.-Augustinus-Straße	St.-Augustinus-Straße	LINESTRING(11.660582 48.119305,11.660546905033593 48.119287014559205)
1535	München	Hanauer Straße	de:09162:304:11:11	48.172693	11.527891	tram	MATCHED	n443022913	6.8	1.0	Hanauer Straße	20,N20	Westfriedhof	Westfriedhof	LINESTRING(11.527891 48.172693,11.5279816 48.172683600000006)
1536	München	Hanauer Straße	de:09162:304:11:12	48.172759	11.527981	tram	MATCHED	n202880094	40.1	1.0	Hanauer Straße	20,N20	Wintrichring	Wintrichring	LINESTRING(11.527981 48.172759,11.527518500000001 48.1729447)
1537	München	Hanauer Straße	de:09162:304:1:1	48.171614	11.528511	bus	MATCHED	w660279958	3.2	1.0	Hanauer Straße	180	Westfriedhof	Westfriedhof	LINESTRING(11.528511 48.171614,11.528498789581812 48.171585967371385)
1538	München	Hanauer Straße	de:09162:304:1:2	48.171884	11.528646	bus	MATCHED	w660279957	7.5	1.0	Hanauer Straße	180	Georg-Brauchle-Ring	Georg-Brauchle-Ring	LINESTRING(11.528646 48.171884,11.528679158375871 48.17181992585064)
1539	München	Hanauer Straße	de:09162:304:31:21	48.172621	11.52782		MATCHED	n3207960863	22.9	0.3	Hanauer Straße				LINESTRING(11.52782 48.172621,11.5277366 48.172819000000004)
1540	München	Hanauer Straße	de:09162:304:32:22	48.172855	11.528089		NO_MATCH_AND_SEEMS_UNSERVED								POINT(11.528089 48.172855)
1541	München	Hanauer Straße	de:09162:304:34:74	48.173472	11.526894		NO_MATCH_AND_SEEMS_UNSERVED								POINT(11.526894 48.173472)
1542	München	Hanauer Straße	de:09162:304:3:3	48.171908	11.529149		NO_MATCH_AND_SEEMS_UNSERVED								POINT(11.529149 48.171908)
1543	München	Hanauer Straße	de:09162:304:4:4	48.172172	11.529401		NO_MATCH_AND_SEEMS_UNSERVED								POINT(11.529401 48.172172)
1544	München	Hanebergstraße	de:09162:164:1:1	48.162615	11.537423	bus	MATCHED	n5518587415	14.8	1.0	Hanebergstraße	144	Dom-Pedro-Straße	Dom-Pedro-Straße	LINESTRING(11.537423 48.162615,11.537434900000001 48.1624823)
1545	München	Hanna-Kirchner-Weg	de:09162:1541:3:HKW 1	48.117692	11.469115	bus	MATCHED	n2779899414	5.1	1.0	Hanna-Kirchner-Weg	167	Wildanger	Wildanger	LINESTRING(11.469115 48.117692,11.469047400000001 48.1176851)
1546	München	Hannes-Meyer-Straße	de:09162:986:30:40	48.178701	11.595265		NO_MATCH_AND_SEEMS_UNSERVED								POINT(11.595265 48.178701)
1547	München	Hannes-Meyer-Straße	de:09162:986:31:41	48.179534	11.595795		NO_MATCH_AND_SEEMS_UNSERVED								POINT(11.595795 48.179534)
1548	München	Hans-Fischer-Straße	de:09162:101:1:1	48.127521	11.545974		MATCHED	n9101747776	25.8	1.0	Hans-Fischer-Straße				LINESTRING(11.545974 48.127521,11.5457163 48.1276768)
1549	München	Hans-Fischer-Straße	de:09162:101:2:2	48.127461	11.544555	bus	MATCHED	w392415434	4.7	0.79	Hans-Fischer-Straße	62	Herzog-Ernst-Platz	Herzog-Ernst-Platz	LINESTRING(11.544555 48.127461,11.544557560339165 48.12741867842115)
1550	München	Hans-Fischer-Straße	de:09162:101:30:70	48.127647	11.545858		MATCHED	n9101747775	19.2	0.33	Hans-Fischer-Straße				LINESTRING(11.545858 48.127647,11.5456619 48.127535200000004)
1551	München	Hans-Fischer-Straße	de:09162:101:4:4	48.127419	11.544932	bus	MATCHED	w396721562	6.0	1.0	Hans-Fischer-Straße	62	Poccistraße	Poccistraße	LINESTRING(11.544932 48.127419,11.544894202100476 48.12746684094109)
1552	München	Hans-Fischer-Straße	de:09162:101:79:79	48.127113	11.547043		NO_MATCH_AND_SEEMS_UNSERVED								POINT(11.547043 48.127113)
1553	München	Hans-Fischer-Straße	de:09162:101:99:3	48.128324	11.545112		MATCHED	w396721563	2.7	1.0	Hans-Fischer-Straße				LINESTRING(11.545112 48.128324,11.54508708262143 48.128306912887595)
1554	München	Hans-Steinkohl-Straße	de:09162:1762:1:1	48.135147	11.411048	bus	MATCHED	w375853579	2.1	1.0	Hans-Steinkohl-Straße	143	Clarita-Bernhard-Straße	Clarita-Bernhard-Straße	LINESTRING(11.411048 48.135147,11.41104750300877 48.135128521975716)
1555	München	Hans-Steinkohl-Straße	de:09162:1762:2:2	48.134625	11.411039	bus	MATCHED	w375853585	2.5	1.0	Hans-Steinkohl-Straße	143	Freiham, Möbel Höffner	Freiham Möbel Höffner	LINESTRING(11.411039 48.134625,11.411052853317711 48.13460491621315)
1556	München	Hans-Thonauer-Straße	de:09162:1214:1:1	48.135063	11.516878	bus	MATCHED	w373407725	2.1	1.0	Hans-Thonauer-Straße	130,157	Siglstraße	Siglstraße	LINESTRING(11.516878 48.135063,11.516851791312016 48.135055436079575)
1557	München	Hans-Thonauer-Straße	de:09162:1214:2:2	48.134883	11.51668		MATCHED	n1690677443	2.8	0.73	Hans-Thonauer-Straße	130,157,18	Siglstraße / Westendstraße	Siglstraße	LINESTRING(11.51668 48.134883,11.516696600000001 48.134860700000004)
1558	München	Hans-Thonauer-Straße	de:09162:1214:2:4	48.134883	11.51677		MATCHED	w156831629	2.6	0.74	Hans-Thonauer-Straße			Siglstraße / Westendstraße	LINESTRING(11.51677 48.134883,11.516735197482774 48.13488033840518)
1559	München	Hans-Thonauer-Straße	de:09162:1214:30:70	48.135039	11.517875		NO_MATCH_AND_SEEMS_UNSERVED								POINT(11.517875 48.135039)
1560	München	Hans-Thonauer-Straße	de:09162:1214:3:3	48.134781	11.517902	tram	MATCHED	n1690677436	11.4	1.0	Hans-Thonauer-Straße	18	Westendstraße	Westendstraße	LINESTRING(11.517902 48.134781,11.5177574 48.134814600000006)
1561	München	Hansapark	de:09162:1218:1:1	48.128276	11.534314	bus	MATCHED	w391191177	3.2	1.0	Hansapark	130,157,62,N44	Baumgartnerstraße / Baumgartnerstraße	Baumgartnerstraße	LINESTRING(11.534314 48.128276,11.534341146933906 48.12829777689248)
1562	München	Hansapark	de:09162:1218:2:2	48.128384	11.534656	bus	MATCHED	w391191176	8.4	1.0	Hansapark	130,157,62,N43	Heimeranplatz Süd / Hansastraße	Heimeranplatz Süd / Hansastraße	LINESTRING(11.534656 48.128384,11.534549906468197 48.128410996836614)
1563	München	Hansastraße	de:09162:1217:1:1	48.130812	11.531134	bus	MATCHED	w242507907	11.6	1.0	Hansastraße	130,157,62,N44	Hansapark	Hansapark	LINESTRING(11.531134 48.130812,11.53102150970163 48.13088404005599)
1564	München	Hansastraße	de:09162:1217:2:2	48.13113	11.531116	bus	MATCHED	w242507905	1.8	1.0	Hansastraße	62,N43	Heimeranplatz / Heimeranplatz	Heimeranplatz	LINESTRING(11.531116 48.13113,11.531117878340245 48.13111371937655)
1565	München	Harras	de:09162:1130:1:1	48.116781	11.536677	bus	MATCHED	w343215853	5.1	1.0	Harras	132,134,53,N40,N41	Am Harras / Am Harras / Am Harras	Am Harras	LINESTRING(11.536677 48.116781,11.536614540849568 48.11679917838935)
1566	München	Harras	de:09162:1130:1:2	48.116775	11.535931	bus	MATCHED	w343215850	9.3	1.0	Harras	130,157,54,X30	Am Harras	Am Harras	LINESTRING(11.535931 48.116775,11.535812831420536 48.11680090669171)
1567	München	Harras	de:09162:1130:3:3	48.117002	11.536533		MATCHED	w262854597	5.1	1.0	Harras	132,53,N41,RB55,RB56,RB57,RB58,S7	Solln / Johann-Clanze-Straße / Mittersendling / Mittersendling / Siemenswerke	Johann-Clanze-Straße	LINESTRING(11.536533 48.117002,11.536585974916362 48.11697311052162)
1568	München	Harras	de:09162:1130:3:4	48.11699	11.535554		MATCHED	w242595246	22.6	1.0	Harras	130,134,157,54,N40,RB55,RB56,RB57,RB58,S7	Donnersbergerbrücke / Ortlerstraße / Donnersbergerbrücke / München Hbf / München Hbf / Drachenseestraße / Heimeranplatz	Drachenseestraße / Ortlerstraße	LINESTRING(11.535554 48.11699,11.535857145216745 48.11697371615741)
1569	München	Harras	de:09162:1130:41:81	48.11828	11.536587	trainish	MATCHED	n1471188002	12.6	0.52	Harras			Donnersbergerbrücke / Heimeranplatz	LINESTRING(11.536587 48.11828,11.5366043 48.1183927)
1570	München	Harras	de:09162:1130:41:82	48.118298	11.536425	trainish	MATCHED	n27238497	12.3	0.53	Harras			Mittersendling / Siemenswerke	LINESTRING(11.536425 48.118298,11.5364628 48.1184054)
1571	München	Harras	de:09162:1130:51:51	48.116859	11.537908	light_rail	MATCHED	n73736211	4.0	0.76	Harras	U6	Implerstraße / Partnachplatz		LINESTRING(11.537908 48.116859,11.5379444 48.1168324)
1572	München	Harras	de:09162:1130:51:52	48.116931	11.537908	light_rail	MATCHED	n2553483707	2.5	0.84	Harras	U6	Partnachplatz		LINESTRING(11.537908 48.116931,11.537940800000001 48.116936100000004)
1573	München	Harras	de:09162:1130:5:5	48.116769	11.537746	bus	NO_MATCH_AND_SEEMS_UNSERVED								POINT(11.537746 48.116769)
1574	München	Harthof	de:09162:770:1:1	48.205386	11.568172	bus	MATCHED	w277106250	1.4	1.0	Harthof	141,170	Frauenmantelanger	Frauenmantelanger	LINESTRING(11.568172 48.205386,11.568154558386073 48.20539076830275)
1575	München	Harthof	de:09162:770:1:2	48.20511	11.568082	bus	MATCHED	w277106251	2.2	1.0	Harthof	141,170	Weyprechtstraße	Weyprechtstraße	LINESTRING(11.568082 48.20511,11.568082807552445 48.20509044496871)
1576	München	Harthof	de:09162:770:30:70	48.204111	11.568154		NO_MATCH_AND_SEEMS_UNSERVED								POINT(11.568154 48.204111)
1577	München	Harthof	de:09162:770:31:71	48.204105	11.568343		NO_MATCH_AND_SEEMS_UNSERVED								POINT(11.568343 48.204105)
1578	München	Harthof	de:09162:770:3:3	48.204901	11.569699	bus	MATCHED	w277106253	3.8	1.0	Harthof	171,N41	Röblingweg	Röblingweg	LINESTRING(11.569699 48.204901,11.569649101185778 48.204908150049455)
1579	München	Harthof	de:09162:770:4:4	48.204967	11.569052	bus	MATCHED	w277106252	1.1	1.0	Harthof	171,N41	Weyprechtstraße	Weyprechtstraße	LINESTRING(11.569052 48.204967,11.569064997359707 48.20497129479129)
1580	München	Harthof	de:09162:770:51:51	48.204248	11.569447	light_rail	MATCHED	n2622285800	3.4	0.79	Harthof	U2	Am Hart / Dülferstraße		LINESTRING(11.569447 48.204248,11.5694736 48.2042231)
1581	München	Harthof	de:09162:770:51:52	48.204248	11.569367	light_rail	MATCHED	n2622285804	5.0	0.72	Harthof	U2	Dülferstraße / Am Hart		LINESTRING(11.569367 48.204248,11.5693069 48.204228)
1582	München	Hasenbergl	de:09162:790:2:2	48.212881	11.556152	bus	MATCHED	w256558094	2.1	1.0	Hasenbergl	60,N76	Ittlingerstraße	Ittlingerstraße	LINESTRING(11.556152 48.212881,11.556167754949394 48.212896478903396)
1583	München	Hasenbergl	de:09162:790:30:70	48.21312	11.556988		NO_MATCH_AND_SEEMS_UNSERVED								POINT(11.556988 48.21312)
1584	München	Hasenbergl	de:09162:790:31:41	48.213372	11.555811	bus	NO_MATCH_AND_SEEMS_UNSERVED								POINT(11.555811 48.213372)
1585	München	Hasenbergl	de:09162:790:32:42	48.213276	11.555793	bus	NO_MATCH_AND_SEEMS_UNSERVED								POINT(11.555793 48.213276)
1586	München	Hasenbergl	de:09162:790:33:73	48.213498	11.553448		NO_MATCH_AND_SEEMS_UNSERVED								POINT(11.553448 48.213498)
1587	München	Hasenbergl	de:09162:790:3:3	48.213581	11.556539	bus	MATCHED	w371129977	5.7	1.0	Hasenbergl	60,N41,N76	Stanigplatz	Stanigplatz	LINESTRING(11.556539 48.213581,11.556465203767871 48.21356620204077)
1588	München	Hasenbergl	de:09162:790:4:4	48.213372	11.555811	bus	MATCHED	w371129979	3.3	1.0	Hasenbergl	172,N41	Paidarstraße	Paidarstraße	LINESTRING(11.555811 48.213372,11.555852556449675 48.21336121147567)
1589	München	Hasenbergl	de:09162:790:51:51	48.213432	11.555038	light_rail	MATCHED	n2622091377	9.6	0.58	Hasenbergl	U2	Feldmoching / Feldmoching / Dülferstraße		LINESTRING(11.555038 48.213432,11.5549421 48.213489700000004)
1590	München	Hasenbergl	de:09162:790:51:52	48.213372	11.555021	light_rail	MATCHED	n2622091365	8.9	0.6	Hasenbergl	U2	Dülferstraße / Feldmoching		LINESTRING(11.555021 48.213372,11.554901200000002 48.213375600000006)
1591	München	Hasenbergl	de:09162:790:5:5	48.213276	11.555793	bus	MATCHED	w371129980	10.9	1.0	Hasenbergl	172	Dülferstraße	Dülferstraße	LINESTRING(11.555793 48.213276,11.555651090769123 48.21330081433318)
1592	München	Hasenbergl Süd	de:09162:356:1:1	48.208313	11.551454	bus	MATCHED	w375743534	5.1	1.0	Hasenbergl Süd	170,171	Ittlingerstraße	Ittlingerstraße	LINESTRING(11.551454 48.208313,11.551492669088455 48.2082750298109)
1593	München	Hasenbergl Süd	de:09162:356:2:2	48.208445	11.551787	bus	MATCHED	w375743532	20.8	1.0	Hasenbergl Süd	170,171	Feldmochinger Anger	Feldmochinger Anger	LINESTRING(11.551787 48.208445,11.551508579238183 48.208430047712085)
1594	München	Hasenbergl Süd	de:09162:356:31:71	48.208523	11.552676		NO_MATCH_AND_SEEMS_UNSERVED								POINT(11.552676 48.208523)
1595	München	Hasenbergl Süd	de:09162:356:3:3	48.20787	11.552254	bus	MATCHED	w375743533	5.1	1.0	Hasenbergl Süd	60,N76	Gundermannstraße	Gundermannstraße	LINESTRING(11.552254 48.20787,11.552262300000002 48.20791530000001)
1596	München	Hasenbergl Süd	de:09162:356:4:4	48.208056	11.552604	bus	MATCHED	w375743531	3.4	1.0	Hasenbergl Süd	60,N76	Ittlingerstraße	Ittlingerstraße	LINESTRING(11.552604 48.208056,11.552581345680453 48.208029110590154)
1597	München	Hasenberglstraße	de:09162:358:3:HSL 1	48.207122	11.560249	bus	MATCHED	w375743535	8.3	1.0	Hasenberglstraße	170,171	Ittlingerstraße	Ittlingerstraße	LINESTRING(11.560249 48.207122,11.560357519656915 48.20713775031147)
1598	München	Hatzelweg	de:09162:1411:1:1	48.086329	11.496055	bus	MATCHED	w396706812	5.4	0.77	Hatzelweg	134	Bad Forstenried	Bad Forstenried	LINESTRING(11.496055 48.086329,11.49612762630511 48.08632794959926)
1599	München	Hatzelweg	de:09162:1411:2:2	48.086611	11.496414	bus	MATCHED	w396706811	3.8	1.0	Hatzelweg	134	Forstenried	Forstenried	LINESTRING(11.496414 48.086611,11.496457484874869 48.08662890777938)
1600	München	Hatzelweg	de:09162:1411:3:3	48.087001	11.495813	bus	MATCHED	w369932203	4.0	1.0	Hatzelweg	132,N41	Forstenried	Forstenried	LINESTRING(11.495813 48.087001,11.495825100000003 48.087035900000004)
1601	München	Hatzelweg	de:09162:1411:4:4	48.087211	11.496046	bus	MATCHED	w369932202	4.0	1.0	Hatzelweg	132,N41	Kriegelsteinerstraße	Kriegelsteinerstraße	LINESTRING(11.496046 48.087211,11.496001732844324 48.087189974866156)
1602	München	Hauptbahnhof Nord	de:09162:7000:1:1	48.141328	11.560716	tram	MATCHED	n1692237415	5.5	0.7	Hauptbahnhof Nord	20,21,N20	Hauptbahnhof (U, Tram) / Karlsplatz (Stachus)	Karlsplatz (Stachus) / Hauptbahnhof	LINESTRING(11.560716 48.141328,11.560725900000001 48.141377000000006)
1603	München	Hauptbahnhof Nord	de:09162:7000:2:2	48.142161	11.560437	tram	MATCHED	n1692237417	14.3	0.51	Hauptbahnhof Nord	20,21,N20	Karlstraße	Karlstraße	LINESTRING(11.560437 48.142161,11.5603545 48.1422771)
1604	München	Hauptbahnhof Nord	de:09162:7000:31:41	48.142281	11.560707		NO_MATCH_AND_SEEMS_UNSERVED								POINT(11.560707 48.142281)
1605	München	Hauptbahnhof Nord	de:09162:7000:32:42	48.142496	11.560752		MATCHED	n11766074782	21.8	0.22	Hauptbahnhof				LINESTRING(11.560752 48.142496,11.5604809 48.142570500000005)
1606	München	Hauptbahnhof Nord	de:09162:7000:33:43	48.141382	11.561066	bus	MATCHED	n9202615582	1.3	0.9	Hauptbahnhof Nord	68	Hauptbahnhof Süd	Hauptbahnhof Süd	LINESTRING(11.561066 48.141382,11.561057100000001 48.141392200000006)
1607	München	Hauptbahnhof Nord	de:09162:7000:34:44	48.141453	11.559979		MATCHED	n3183012396	22.2	0.22	Hauptbahnhof (tief)				LINESTRING(11.559979 48.141453,11.560027000000002 48.1412564)
1608	München	Hauptbahnhof Nord	de:09162:7000:35:45	48.141969	11.561991		NO_MATCH_AND_SEEMS_UNSERVED								POINT(11.561991 48.141969)
1609	München	Hauptbahnhof Nord	de:09162:7000:36:46	48.141124	11.560312		NO_MATCH_AND_SEEMS_UNSERVED								POINT(11.560312 48.141124)
1610	München	Hauptbahnhof Nord	de:09162:7000:37:77	48.142592	11.55988	bus	MATCHED	n12384465227	3.6	0.56	Hauptbahnhof (SEV)				LINESTRING(11.55988 48.142592,11.559834700000001 48.1425799)
1611	München	Hauptbahnhof Nord	de:09162:7000:38:78	48.142359	11.556485		MATCHED	n6864673995	33.6	0.23	Hauptbahnhof Nord			Kirchham, Schule	LINESTRING(11.556485 48.142359,11.556204000000001 48.142595500000006)
1612	München	Hauptbahnhof Nord	de:09162:7000:3:3	48.141376	11.559216	bus	MATCHED	w216942793	13.3	0.63	Hauptbahnhof Nord	100,58	Elisenstraße	Elisenstraße	LINESTRING(11.559216 48.141376,11.559042777312193 48.141405151654546)
1613	München	Hauptbahnhof Nord	de:09162:7000:5:4	48.141292	11.559988	tram	MATCHED	n1525294490	2.3	0.82	Hauptbahnhof Nord	16,17,N17	Hauptbahnhof (U, Tram)	Hauptbahnhof	LINESTRING(11.559988 48.141292,11.559985800000002 48.141313000000004)
1614	München	Hauptbahnhof Nord	de:09162:7000:5:5	48.141394	11.559853	tram	MATCHED	n295549560	7.6	0.64	Hauptbahnhof Nord	16,17,N17	Hopfenstraße	Hopfenstraße	LINESTRING(11.559853 48.141394,11.559751200000001 48.141389100000005)
1615	München	Hauptbahnhof Nord	de:09162:7000:6:6	48.141579	11.558245		MATCHED	w373538967	11.0	0.46	Hauptbahnhof Nord				LINESTRING(11.558245 48.141579,11.55810295662665 48.14160598158655)
1616	München	Hauptbahnhof Süd	de:09162:5000:2:1	48.139295	11.559126	tram	MATCHED	n1239251627	3.2	1.0	Hauptbahnhof Süd	18,19,N19	Holzkirchner Bahnhof	Holzkirchner Bahnhof	LINESTRING(11.559126 48.139295,11.559098200000001 48.139273)
1617	München	Hauptbahnhof Süd	de:09162:5000:2:2	48.139236	11.559557	tram	MATCHED	n1239251608	10.8	0.57	Hauptbahnhof Süd	18,19,N19	Karlsplatz (Stachus) / Hauptbahnhof (U, Tram)	Karlsplatz (Stachus) / Hauptbahnhof	LINESTRING(11.559557 48.139236,11.5596967 48.139261700000006)
1618	München	Hauptbahnhof Süd	de:09162:5000:31:41	48.139427	11.559575		NO_MATCH_AND_SEEMS_UNSERVED								POINT(11.559575 48.139427)
1619	München	Hauptbahnhof Süd	de:09162:5000:32:42	48.13914	11.559557		NO_MATCH_AND_SEEMS_UNSERVED								POINT(11.559557 48.13914)
1620	München	Hauptbahnhof Süd	de:09162:5000:33:43	48.139122	11.558183		NO_MATCH_AND_SEEMS_UNSERVED								POINT(11.558183 48.139122)
1621	München	Hauptbahnhof Süd	de:09162:5000:34:44	48.13887	11.558524		NO_MATCH_AND_SEEMS_UNSERVED								POINT(11.558524 48.13887)
1622	München	Hauptbahnhof Süd	de:09162:5000:3:3	48.139361	11.558165	bus	MATCHED	w517100223	3.1	1.0	Hauptbahnhof Süd	68	Holzkirchner Bahnhof	Holzkirchner Bahnhof	LINESTRING(11.558165 48.139361,11.558205619781665 48.13935550702047)
1623	München	Hauptbahnhof Süd	de:09162:5000:4:4	48.139409	11.560204		NO_MATCH_AND_SEEMS_UNSERVED								POINT(11.560204 48.139409)
1624	München	Hauptwerkstätte Tram	de:09162:9992:1:1	48.103153	11.602461		MATCHED_THOUGH_NAMES_DIFFER	n9409856287	19.2	0.1	MVG Museum				LINESTRING(11.602461 48.103153,11.6024206 48.103323800000005)
1625	München	Hauseggerstraße	de:09162:1831:1:1	48.191985	11.451885	bus	MATCHED	w379853745	4.8	1.0	Hauseggerstraße	164	Servetstraße	Servetstraße	LINESTRING(11.451885 48.191985,11.451946750000001 48.1919971)
1626	München	Hauseggerstraße	de:09162:1831:2:2	48.191902	11.451256	bus	MATCHED	w379853746	1.9	1.0	Hauseggerstraße	164	Riederstraße	Riederstraße	LINESTRING(11.451256 48.191902,11.45128085249265 48.19189687774814)
1627	München	Hauzenberger Straße	de:09162:1201:1:1	48.137263	11.522214	bus	MATCHED	w385034733	1.4	0.9	Hauzenberger Straße	62	Elsenheimerstraße	Elsenheimerstraße	LINESTRING(11.522214 48.137263,11.522222946005428 48.1372520470434)
1628	München	Hauzenberger Straße	de:09162:1201:2:2	48.137713	11.521918	bus	MATCHED	w385034732	2.9	0.85	Hauzenberger Straße	62	Lautensackstraße	Lautensackstraße	LINESTRING(11.521918 48.137713,11.521938787827704 48.137690420552495)
1629	München	Haylerstraße	de:09162:1967:3:HAY 1	48.188326	11.503278	bus	MATCHED	w409285647	4.1	1.0	Haylerstraße	176,710	Eininger Straße	Eininger Straße	LINESTRING(11.503278 48.188326,11.5032872 48.1883628)
1630	München	Haylerstraße	de:09162:1967:3:HAY 2	48.188374	11.503412	bus	MATCHED	w409285644	3.7	1.0	Haylerstraße	176,710	Max-Born-Straße	Max-Born-Straße	LINESTRING(11.503412 48.188374,11.503426950000001 48.18834235)
1631	München	Hbf	de:09162:100:11:11	48.139883	11.557491	train	MATCHED	n1654971118	6.5	0.5	München Hauptbahnhof	18,24,27N,28,29,47,60,62,62N,89,90,RB40,RB54,RB55,RB56,RB57,RB87,RE4,RE5	Ostbahnhof / Rosenheim / Ostbahnhof / Passau Hbf / Passau Hbf / Plattling / Harras / Passau Hbf / Salzburg Hauptbahnhof / Pasing / Ostbahnhof	München Ost	LINESTRING(11.557491 48.139883,11.557406700000001 48.139898200000005)
1632	München	Hbf	de:09162:100:11:12	48.139937	11.557491	train	MATCHED	n1654971124	5.9	0.51	München Hauptbahnhof	11,18,24,42,47,60,62,62N,83,89,90,91,DRF,RB40,RB54,RB86,RB87,RB89,RE5,RE80,RE9	Nürnberg Hbf / Augsburg Hbf / Augsburg Hbf / Ostbahnhof / Rosenheim / Ostbahnhof / Nürnberg Hbf / Rosenheim / Ansbach / Augsburg Hbf / Augsburg Hbf / Pasing / Ostbahnhof	Augsburg Hauptbahnhof / München Ost	LINESTRING(11.557491 48.139937,11.557412000000001 48.139933600000006)
1633	München	Hbf	de:09162:100:11:13	48.140027	11.557518	train	MATCHED	n1654971129	6.9	0.49	München Hauptbahnhof	11,18,28,41,42,47,60,62,62N,89,90,DRF,RB40,RB86,RB87,RE89,RE9	Augsburg Hbf / Ostbahnhof / Salzburg Hauptbahnhof / Pasing / Ostbahnhof / Augsburg Hbf / Passau Hbf / Passau Hbf	München Ost	LINESTRING(11.557518 48.140027,11.557428000000002 48.140041000000004)
1634	München	Hbf	de:09162:100:11:14	48.140081	11.557518	train	MATCHED	n1654971133	6.3	0.5	München Hauptbahnhof	11,18,24,25,27N,28,29,41,42,47,60,62,83,91N,DRF,RB86,RB87,RE16,RE80,RE89,RE9	Ingolstadt Hbf / Augsburg Hbf / Nürnberg Hbf / Rosenheim / Nürnberg Hbf / Ostbahnhof / Ingolstadt Hbf / Pasing / Augsburg Hbf / Nürnberg Hbf / Treuchtlingen / Rosenheim / Nürnberg Hbf	München Ost / Augsburg Hauptbahnhof	LINESTRING(11.557518 48.140081,11.5574337 48.1400791)
1635	München	Hbf	de:09162:100:11:15	48.140183	11.557527	train	MATCHED	n1654971140	5.8	0.51	München Hauptbahnhof	11,18,25,28,29,41,42,47,60,62,90,DRF,RB86,RB87,RE3,RE70,RE76,RE9	Tutzing / Passau Hbf / Nürnberg Hbf / Pasing / Augsburg Hbf / Pasing / Würzburg Hbf / Augsburg Hbf / Nürnberg Hbf / Nürnberg Hbf / Fürth (Bay) Hbf / Augsburg Hbf / Augsburg Hbf	Nürnberg Hauptbahnhof / Ingolstadt Hbf Gleis 4 / München Ost / München-Pasing	LINESTRING(11.557527 48.140183,11.557451200000001 48.1401957)
1636	München	Hbf	de:09162:100:16:16	48.140237	11.557545	train	MATCHED	n1654971176	6.6	0.49	München Hauptbahnhof	18,25,62,83,88,RB16,RB86,RB87,RB89,RE1,RE16,RE80,RE89,RE9	Tutzing / Petershausen / Nürnberg Hbf / Ingolstadt Hbf / Augsburg Hbf / Pasing / Weilheim (Oberbay) / Nürnberg Hbf / Dachau Bahnhof	München-Pasing	LINESTRING(11.557545 48.140237,11.5574566 48.1402325)
1637	München	Hbf	de:09162:100:16:17	48.140333	11.557572	train	MATCHED	n1654971179	7.5	0.47	München Hauptbahnhof	18,25,60,62,88,RB86,RB87,RB89,RE80,RE89,RE9	Augsburg Hbf / Nürnberg Hbf / Nürnberg Hbf / Augsburg Hbf / Pasing / Nürnberg Hbf / Ingolstadt Hbf / Pasing / Augsburg Hbf / Ingolstadt Hbf	München-Pasing / Augsburg Hauptbahnhof	LINESTRING(11.557572 48.140333,11.557474000000001 48.140348100000004)
1638	München	Hbf	de:09162:100:16:18	48.140386	11.557572	train	MATCHED	n1654971183	6.9	0.49	München Hauptbahnhof	11,18,25,28,42,62,DRF,RB16,RE1,RE16,RE2	Pasing / Ingolstadt Hbf / Augsburg Hbf / Augsburg Hbf / Petershausen / Nürnberg Hbf / Nürnberg Hbf / Dachau Bahnhof / Augsburg Hbf	München-Pasing	LINESTRING(11.557572 48.140386,11.5574797 48.1403863)
1639	München	Hbf	de:09162:100:16:19	48.1405	11.55759	train	MATCHED	n1654971187	6.9	0.49	München Hauptbahnhof	11,25,28,29,41,RB16,RB86,RB87,RE1,RE16	Pasing / Nürnberg Hbf / Petershausen / Pfaffenhofen (Ilm) / Augsburg Hbf / Nürnberg Hbf / Dachau Bahnhof / Nürnberg Hbf / Ingolstadt Hbf / Augsburg Hbf / Augsburg Hbf / Augsburg Hbf / Nürnberg Hbf	Nürnberg Hauptbahnhof / Ingolstadt Hbf Gleis 4	LINESTRING(11.55759 48.1405,11.557498200000001 48.140510600000006)
1640	München	Hbf	de:09162:100:16:20	48.140554	11.557608	train	MATCHED	n1654971190	7.7	0.47	München Hauptbahnhof	25,28,91,RB16,RE1,RE16,RE2,RE25,RE3,RE72	Augsburg Hbf / Augsburg Hbf / Dachau Bahnhof / Pfaffenhofen (Ilm) / Nürnberg Hbf / Dachau Bahnhof / Landshut (Bay) Hauptbahnhof / Pasing / Augsburg Hbf / Augsburg Hbf / Petershausen / Nürnberg Hbf / Ingolstadt Hbf / Nürnberg Hbf / Freising		LINESTRING(11.557608 48.140554,11.557504300000002 48.1405509)
1641	München	Hbf	de:09162:100:16:21	48.14065	11.557617	train	MATCHED	n1654971223	7.3	0.48	München Hauptbahnhof	18,25,RB16,RB33,RE1,RE16,RE25,RE3	Dachau Bahnhof / Nürnberg Hbf / Moosach / Pfaffenhofen (Ilm) / Augsburg Hbf / Freising / Petershausen / Augsburg Hbf		LINESTRING(11.557617 48.14065,11.557521000000001 48.1406627)
1642	München	Hbf	de:09162:100:1:1	48.141304	11.559126	bus	NO_MATCH_BUT_OTHER_PLATFORM_MATCHED					Lufthansa Express Bus	Nordfriedhof		POINT(11.559126 48.141304)
1643	München	Hbf	de:09162:100:1:2	48.141376	11.558793	bus	NO_MATCH_AND_SEEMS_UNSERVED								POINT(11.558793 48.141376)
1644	München	Hbf	de:09162:100:1:3	48.141471	11.558847	bus	NO_MATCH_AND_SEEMS_UNSERVED								POINT(11.558847 48.141471)
1645	München	Hbf	de:09162:100:22:22	48.140704	11.557617	train	MATCHED	n1654971229	6.7	0.49	München Hauptbahnhof	25,28,29,41,RB16,RE1,RE2	Petershausen / Augsburg Hbf / Nürnberg Hbf / Dachau Bahnhof / Nürnberg Hbf / Ingolstadt Hbf / Freising		LINESTRING(11.557617 48.140704,11.557527100000001 48.140703300000006)
1646	München	Hbf	de:09162:100:22:23	48.140812	11.557644	train	MATCHED	n1654971239	7.5	0.47	München Hauptbahnhof	25,28,29,41,88,91,RB16,RB33,RE1,RE2,RE25,RE3	Feldmoching / Ingolstadt Hbf / Nürnberg Hbf / Moosach / Petershausen / Dachau Bahnhof / Nürnberg Hbf / Freising / Pfaffenhofen (Ilm) / Ingolstadt Hbf / Nürnberg Hbf	Dachau Bahnhof	LINESTRING(11.557644 48.140812,11.5575451 48.140823700000006)
1647	München	Hbf	de:09162:100:22:24	48.14086	11.557662	train	MATCHED	n1654971249	8.3	0.46	München Hauptbahnhof	25,RB16,RB33,RB65,RB66,RE1,RE2,RE23,RE25,RE3,RE70,RE72,RE76	Nürnberg Hbf / Dachau Bahnhof / Moosburg / Pfaffenhofen (Ilm) / Pasing / Ingolstadt Hbf / Moosach / Freising / Petershausen	Freising / Petershausen (Oberbay)	LINESTRING(11.557662 48.14086,11.557551100000001 48.1408641)
1648	München	Hbf	de:09162:100:22:25	48.140968	11.557671	train	MATCHED	n1654971286	7.7	0.47	München Hauptbahnhof	88,DRF,RB33,RE2,RE3	Passau Hbf / Moosach / Freising / Buchloe / Moosach	Neufahrn (bei Freising) / Freising / Moosach	LINESTRING(11.557671 48.140968,11.5575674 48.140972500000004)
1649	München	Hbf	de:09162:100:22:26	48.141004	11.557671	trainish	MATCHED	n1654971302	7.3	0.48	München Hauptbahnhof				LINESTRING(11.557671 48.141004,11.557572700000001 48.141008400000004)
1650	München	Hbf	de:09162:100:27:27	48.141214	11.556161	train	MATCHED	w39688749	30.5	0.23	München Hauptbahnhof	88,RB55,RB56,RB57,RB6,RB60,RB65,RB66,RB68,RB74,RE25,RE61,RE62,RE70,RE72,RE76,RE96,S7	Pasing / Buchloe / Donnersbergerbrücke / Pasing	Petershausen (Oberbay)	LINESTRING(11.556161 48.141214,11.556419307012904 48.14100137599464)
1651	München	Hbf	de:09162:100:27:28	48.141292	11.556161	train	MATCHED	n1459244086	28.8	0.21	München Hbf Gleis 27-36	88,RB33,RB6,RB60,RB65,RB66,RB74,RE2,RE61,RE70,RE72,RE76,RE96	Buchloe / Pasing / Freising / Moosach	Buchloe / München-Pasing	LINESTRING(11.556161 48.141292,11.5557747 48.1413121)
1652	München	Hbf	de:09162:100:27:29	48.14134	11.556179	train	MATCHED	n1459244089	29.7	0.21	München Hbf Gleis 27-36	88,RB6,RB60,RB65,RB66,RB68,RB74,RE2,RE3,RE61,RE70,RE72,RE76,RE96,S7	Moosach / Pasing / Pasing / Buchloe / Geltendorf	München-Pasing	LINESTRING(11.556179 48.14134,11.5557806 48.1413498)
1653	München	Hbf	de:09162:100:27:30	48.141412	11.556206	train	MATCHED	n1654971363	30.8	0.2	München Hbf Gleis 27-36	88,RB55,RB6,RB60,RB68,RB74,RE2,RE61,RE70,RE72,RE76,RE96	Pasing / Geltendorf / Freising / Pasing / Buchloe	München-Pasing	LINESTRING(11.556206 48.141412,11.5557941 48.1414361)
1654	München	Hbf	de:09162:100:27:31	48.141453	11.556215	train	MATCHED	n1654971370	31.0	0.2	München Hbf Gleis 27-36	88,DRF,RB33,RB55,RB56,RB57,RB58,RB6,RB66,RB68,RB74,RE2,RE3,RE61,RE62,RE72,RE96,S1,S7	Pasing / Donnersbergerbrücke / Donnersbergerbrücke / Passau Hbf / Freising / Pasing / Moosach / Moosach / Buchloe	München-Pasing	LINESTRING(11.556215 48.141453,11.5558005 48.141477200000004)
1655	München	Hbf	de:09162:100:27:32	48.141537	11.556224	train	MATCHED	n1654971403	30.7	0.2	München Hbf Gleis 27-36	88,DRF,RB55,RB56,RB57,RE2,S1	Freising / Donnersbergerbrücke / Passau Hbf / Donnersbergerbrücke / Moosburg		LINESTRING(11.556224 48.141537,11.5558139 48.1415627)
1656	München	Hbf	de:09162:100:27:33	48.141579	11.556224	train	MATCHED	n1654971412	30.2	0.2	München Hbf Gleis 27-36	RB55,RB56,RB57,RB58,RE2,S1	Donnersbergerbrücke / Harras / Donnersbergerbrücke		LINESTRING(11.556224 48.141579,11.555820200000001 48.1416029)
1657	München	Hbf	de:09162:100:27:34	48.141669	11.556251	train	MATCHED	n1654971424	31.1	0.2	München Hbf Gleis 27-36	RB55,RB56,RB57,RB58,S1	Donnersbergerbrücke / Donnersbergerbrücke / Harras	Donnersbergerbrücke	LINESTRING(11.556251 48.141669,11.555833600000001 48.1416885)
1658	München	Hbf	de:09162:100:27:35	48.141705	11.556269	train	MATCHED	n1654971434	32.0	0.2	München Hbf Gleis 27-36	RB55,RB56,RB57,RB58,RE2,S1,S7	Donnersbergerbrücke / Freising / Donnersbergerbrücke		LINESTRING(11.556269 48.141705,11.555839800000001 48.1417281)
1659	München	Hbf	de:09162:100:27:36	48.141789	11.556296	train	MATCHED	n754726023	33.1	0.19	München Hbf Gleis 27-36	S7	Donnersbergerbrücke	Donnersbergerbrücke	LINESTRING(11.556296 48.141789,11.555853 48.141812200000004)
1660	München	Hbf	de:09162:100:2:4	48.141609	11.55794	bus	MATCHED_THOUGH_NAMES_DIFFER	w373538966	7.6	0.24	Hauptbahnhof Nord				LINESTRING(11.55794 48.141609,11.557866795115284 48.14165609758561)
1661	München	Hbf	de:09162:100:5:10	48.140159	11.553898	train	MATCHED	n1509744339	46.5	0.19	München Hauptbahnhof	60,DRF,RB40,RB54,RE4,RE5	Ostbahnhof / Passau Hbf / Ostbahnhof		LINESTRING(11.553898 48.140159,11.5533076 48.140296600000006)
1662	München	Hbf	de:09162:100:5:5	48.139829	11.553727	train	MATCHED	n480267606	46.9	0.18	München Hauptbahnhof	27N,89,90,RB40,RB54,RE4,RE5	Ostbahnhof / Rosenheim / Ostbahnhof		LINESTRING(11.553727 48.139829,11.5531305 48.139964500000005)
1663	München	Hbf	de:09162:100:5:6	48.139901	11.553772	train	MATCHED	w239209524	36.2	0.15	München Hauptbahnhof Gleis 5-10	60,RB40,RB54,RE4,RE5	Ostbahnhof / Ostbahnhof		LINESTRING(11.553772 48.139901,11.553381989675602 48.14009551161353)
1664	München	Hbf	de:09162:100:5:7	48.139955	11.553799	train	MATCHED	n1509744317	48.9	0.18	München Hauptbahnhof	60,89,RB40,RB48,RB54,RE4,RE5	Ostbahnhof / Ostbahnhof	München Ost	LINESTRING(11.553799 48.139955,11.5531716 48.140086600000004)
1665	München	Hbf	de:09162:100:5:8	48.140033	11.553826	train	MATCHED	n1459243934	46.2	0.19	München Hauptbahnhof	60,90,DRF,RB40,RB48	Ostbahnhof / Ostbahnhof / Salzburg Hauptbahnhof / Passau Hbf / Ostbahnhof		LINESTRING(11.553826 48.140033,11.5532439 48.1401771)
1666	München	Hbf	de:09162:100:5:9	48.140081	11.553853	train	MATCHED	n6025928112	51.0	0.24	München Hauptbahnhof	62,90,RB53,RB54,RE5,RE70	Ostbahnhof		LINESTRING(11.553853 48.140081,11.5531687 48.1400555)
1667	München	Hbf	de:09162:6:40:81	48.14122	11.559961	trainish	MATCHED	n478521700	22.0	0.29	München Hauptbahnhof (tief)			Karlsplatz (Stachus)	LINESTRING(11.559961 48.14122,11.5602467 48.141170800000005)
1668	München	Hbf	de:09162:6:40:82	48.141322	11.560042	trainish	MATCHED	n237680533	16.4	0.34	München Hauptbahnhof (tief)			Hackerbrücke	LINESTRING(11.560042 48.141322,11.5602443 48.141264400000004)
1669	München	Hechtseestraße	de:09162:1004:1:1	48.115761	11.621146	bus	MATCHED	w389538938	3.4	1.0	Hechtseestraße	155	Ramersdorf	Ramersdorf	LINESTRING(11.621146 48.115761,11.621191307471674 48.11576271112334)
1670	München	Hechtseestraße	de:09162:1004:2:2	48.115635	11.621289	bus	MATCHED	w389538939	1.5	1.0	Hechtseestraße	155	Krumbadstraße	Krumbadstraße	LINESTRING(11.621289 48.115635,11.621279238869494 48.11562364327492)
1671	München	Heckenstallerstraße	de:09162:1149:1:1	48.111323	11.539381	bus	MATCHED	w390206618	2.0	1.0	Heckenstallerstraße	134,153,54,N44	Brudermühlstraße / Neuhofen	Brudermühlstraße / Neuhofen	LINESTRING(11.539381 48.111323,11.539407686462681 48.11132631787629)
1672	München	Heckenstallerstraße	de:09162:1149:2:2	48.111161	11.539866	bus	MATCHED	w390206621	13.6	1.0	Heckenstallerstraße	134	Am Harras	Am Harras	LINESTRING(11.539866 48.111161,11.539851935982977 48.11103933875743)
1673	München	Heckscherstraße	de:09162:431:32:72	48.171507	11.582518		NO_MATCH_AND_SEEMS_UNSERVED								POINT(11.582518 48.171507)
1674	München	Heckscherstraße	de:09162:431:33:73	48.171525	11.582698		NO_MATCH_AND_SEEMS_UNSERVED								POINT(11.582698 48.171525)
1675	München	Heckscherstraße	de:09162:431:3:HEK 1	48.172489	11.582455	bus	MATCHED	w372415490	5.5	1.0	Heckscherstraße	142	Mildred-Scheel-Bogen	Mildred-Scheel-Bogen	LINESTRING(11.582455 48.172489,11.58246815346348 48.17253758392126)
1676	München	Heckscherstraße	de:09162:431:3:HEK 2	48.172357	11.582311	bus	MATCHED	w372415489	6.3	1.0	Heckscherstraße	142	Parzivalplatz	Parzivalplatz	LINESTRING(11.582311 48.172357,11.58230204493286 48.172300473494126)
1677	München	Heckscherstraße	de:09162:431:99:71	48.172351	11.582617		NO_MATCH_AND_SEEMS_UNSERVED								POINT(11.582617 48.172351)
1678	München	Hedwig-Kämpfer-Straße	de:09162:1725:1:1	48.138792	11.417515		NO_MATCH_AND_SEEMS_UNSERVED								POINT(11.417515 48.138792)
1679	München	Hedwig-Kämpfer-Straße	de:09162:1725:2:2	48.138702	11.417659		NO_MATCH_AND_SEEMS_UNSERVED								POINT(11.417659 48.138702)
1680	München	Heerstraße	de:09162:1908:1:1	48.170902	11.481682	bus	MATCHED	w379853748	2.6	1.0	Heerstraße	162	Reginbaldstraße	Reginbaldstraße	LINESTRING(11.481682 48.170902,11.481657629932013 48.17091937996812)
1681	München	Heerstraße	de:09162:1908:2:2	48.17077	11.482095	bus	MATCHED	w379853747	1.3	1.0	Heerstraße	162	Kunstmannstraße	Kunstmannstraße	LINESTRING(11.482095 48.17077,11.482078204074128 48.170768338770706)
1682	München	Heerstraße	de:09162:1908:31:71	48.170752	11.481574		NO_MATCH_AND_SEEMS_UNSERVED								POINT(11.481574 48.170752)
1683	München	Heerstraße	de:09162:1908:32:72	48.170674	11.481736		NO_MATCH_AND_SEEMS_UNSERVED								POINT(11.481736 48.170674)
1684	München	Heerstraße West	de:09162:1772:1:1	48.169446	11.474531	bus	MATCHED	w444978249	6.9	1.0	Heerstraße West	158	Karwinskistraße Ost	Karwinskistraße Ost	LINESTRING(11.474531 48.169446,11.474532250000001 48.169507650000014)
1685	München	Heideckstraße	de:09162:307:1:1	48.162597	11.542615	tram	MATCHED	n316327073	10.4	1.0	Heideckstraße	20,21,N20	Leonrodplatz	Leonrodplatz	LINESTRING(11.542615 48.162597,11.542737500000001 48.1625524)
1686	München	Heideckstraße	de:09162:307:2:2	48.163191	11.541815	tram	MATCHED	n546198877	11.5	1.0	Heideckstraße	20,21,N20	Olympiapark West	Olympiapark West	LINESTRING(11.541815 48.163191,11.541673900000001 48.163233000000005)
1687	München	Heideckstraße	de:09162:307:31:21	48.162525	11.542525		MATCHED	n3207960665	45.2	0.18	Heideckstraße				LINESTRING(11.542525 48.162525,11.542230100000001 48.1628806)
1688	München	Heideckstraße	de:09162:307:32:22	48.163268	11.541923		NO_MATCH_AND_SEEMS_UNSERVED								POINT(11.541923 48.163268)
1689	München	Heidemannstraße	de:09162:438:1:1	48.200949	11.586021	bus	MATCHED	w277106255	1.2	1.0	Heidemannstraße	140,141,170,180	Paracelsusstraße	Paracelsusstraße	LINESTRING(11.586021 48.200949,11.586036950339487 48.20095192025104)
1690	München	Heidemannstraße	de:09162:438:2:2	48.201758	11.585671	bus	MATCHED	w277106256	2.3	1.0	Heidemannstraße	141,170,294,295	Anton-Will-Straße	Anton-Will-Straße	LINESTRING(11.585671 48.201758,11.58565891291901 48.20173915449164)
1691	München	Heidemannstraße	de:09162:438:3:3	48.200602	11.58506	bus	MATCHED	w277106254	0.3	1.0	Heidemannstraße	140,141,180,294,295	Kollwitzstraße	Kollwitzstraße	LINESTRING(11.58506 48.200602,11.585064341840265 48.20060238528199)
1692	München	Heimburgstraße	de:09162:1681:1:1	48.148814	11.445812	bus	MATCHED	n8248725956	8.0	1.0	Heimburgstraße	57	Varnhagenstraße	Varnhagenstraße	LINESTRING(11.445812 48.148814,11.445748700000001 48.148756000000006)
1693	München	Heimburgstraße	de:09162:1681:2:2	48.148838	11.445669	bus	MATCHED	n8248725955	9.6	1.0	Heimburgstraße	57	Westkreuz	Westkreuz Bahnhof	LINESTRING(11.445669 48.148838,11.4455776 48.148776700000006)
1694	München	Heimburgstraße	de:09162:1681:31:71	48.148311	11.445714		NO_MATCH_AND_SEEMS_UNSERVED								POINT(11.445714 48.148311)
1695	München	Heimburgstraße	de:09162:1681:32:72	48.148233	11.445588		NO_MATCH_AND_SEEMS_UNSERVED								POINT(11.445588 48.148233)
1696	München	Heimeranplatz	de:09162:1150:1:1	48.133169	11.532895	bus	MATCHED	w242507903	2.0	1.0	Heimeranplatz	62,63,N44	Hansastraße / Garmischer Straße	Hansastraße / Garmischer Straße	LINESTRING(11.532895 48.133169,11.53287757251477 48.133155774350364)
1697	München	Heimeranplatz	de:09162:1150:2:2	48.133714	11.533668	bus	MATCHED	w242507906	2.5	1.0	Heimeranplatz	63,N43	Kazmairstraße	Kazmairstraße	LINESTRING(11.533668 48.133714,11.533684587804913 48.13369401482668)
1698	München	Heimeranplatz	de:09162:1150:32:42	48.133037	11.533569		NO_MATCH_AND_SEEMS_UNSERVED								POINT(11.533569 48.133037)
1699	München	Heimeranplatz	de:09162:1150:33:73	48.132995	11.533973		NO_MATCH_AND_SEEMS_UNSERVED								POINT(11.533973 48.132995)
1700	München	Heimeranplatz	de:09162:1150:3:3	48.1339	11.532796	bus	MATCHED	w242507904	0.7	1.0	Heimeranplatz	62	Astallerstraße	Astallerstraße	LINESTRING(11.532796 48.1339,11.532803667437513 48.133896449448244)
1701	München	Heimeranplatz	de:09162:1150:40:81	48.132743	11.531997	trainish	MATCHED	n25874621	47.9	0.25	Heimeranplatz			Harras	LINESTRING(11.531997 48.132743,11.531541200000001 48.1330475)
1702	München	Heimeranplatz	de:09162:1150:40:82	48.132809	11.532078	trainish	MATCHED	n737174136	45.3	0.25	Heimeranplatz			Donnersbergerbrücke	LINESTRING(11.532078 48.132809,11.5316598 48.1331046)
1703	München	Heimeranplatz	de:09162:1150:43:83	48.13339	11.530586	train	MATCHED	w27079804	16.3	1.0	Heimeranplatz	S2,S20,S4	Obermenzing / Pasing / Pasing / Pasing / Pasing / Mittersendling / Pasing	Pasing, Bahnsteig 2	LINESTRING(11.530586 48.13339,11.530704725756104 48.13326678152144)
1704	München	Heimeranplatz	de:09162:1150:4:4	48.133324	11.533443		NO_MATCH_AND_SEEMS_UNSERVED								POINT(11.533443 48.133324)
1705	München	Heimeranplatz	de:09162:1150:51:51	48.133582	11.53241	trainish	MATCHED	n737174133	7.7	0.63	Heimeranplatz	RB58,S7,U4,U5	Westendstraße / Harras		LINESTRING(11.53241 48.133582,11.532308800000001 48.1335962)
1706	München	Heimeranplatz	de:09162:1150:51:52	48.133492	11.53241	trainish	MATCHED	n2535330539	7.4	0.64	Heimeranplatz	RB58,S7,U4,U5	Donnersbergerbrücke / Donnersbergerbrücke / Schwanthalerhöhe		LINESTRING(11.53241 48.133492,11.532310200000001 48.133493800000004)
1707	München	Heimeranplatz Süd	de:09162:1159:3:71	48.130656	11.528125		NO_MATCH_AND_SEEMS_UNSERVED								POINT(11.528125 48.130656)
1708	München	Heimeranplatz Süd	de:09162:1159:3:HED 1	48.132047	11.529517	bus	MATCHED	w370009127	19.1	1.0	Heimeranplatz Süd	130,157	Hansastraße	Hansastraße	LINESTRING(11.529517 48.132047,11.529307335939608 48.132146643631295)
1709	München	Heimeranplatz Süd	de:09162:1159:3:HED 2	48.132227	11.529383	bus	MATCHED	w370009126	7.2	1.0	Heimeranplatz Süd	130,157	Westendstraße	Westendstraße	LINESTRING(11.529383 48.132227,11.5294640900431 48.13219204007861)
1710	München	Heinrich-Wieland-Straße	de:09162:1007:1:1	48.117224	11.640181	bus	MATCHED	w474340108	1.8	1.0	Heinrich-Wieland-Straße	195	St.-Veit-Straße	St.-Veit-Straße	LINESTRING(11.640181 48.117224,11.640178555681139 48.11720814518477)
1711	München	Heinrich-Wieland-Straße	de:09162:1007:2:2	48.117236	11.63957	bus	MATCHED	w474340104	1.9	1.0	Heinrich-Wieland-Straße	195	Michaelibad	Michaelibad	LINESTRING(11.63957 48.117236,11.639589787549346 48.117225298128595)
1712	München	Helene-Mayer-Ring	de:09162:781:1:1	48.182541	11.553934	bus	MATCHED	n10236212952	1.9	0.88	Helene-Mayer-Ring	173,180	Olympiazentrum	Olympiazentrum	LINESTRING(11.553934 48.182541,11.5539526 48.1825294)
1713	München	Helene-Mayer-Ring	de:09162:781:2:2	48.183391	11.553772	bus	MATCHED	n10236212950	1.5	0.9	Helene-Mayer-Ring	173,180	Lerchenauer Straße / Lerchenauer Straße	Lerchenauer Straße	LINESTRING(11.553772 48.183391,11.553790000000001 48.1833857)
1714	München	Helene-Wessel-Bogen	de:09162:771:1:1	48.196291	11.592525		NO_MATCH_AND_SEEMS_UNSERVED								POINT(11.592525 48.196291)
1715	München	Hellensteinstraße	de:09162:1747:1:1	48.153111	11.435589	bus	MATCHED	n8614751485	3.3	1.0	Hellensteinstraße	157	Tettnanger Straße	Tettnanger Straße	LINESTRING(11.435589 48.153111,11.435616900000001 48.153134400000006)
1716	München	Hellensteinstraße	de:09162:1747:2:2	48.153117	11.43576	bus	MATCHED	n8614751502	7.5	1.0	Hellensteinstraße	157	Englburgstraße	Englburgstraße	LINESTRING(11.43576 48.153117,11.4357349 48.1531827)
1717	München	Hellensteinstraße	de:09162:1747:31:71	48.151889	11.436389		NO_MATCH_AND_SEEMS_UNSERVED								POINT(11.436389 48.151889)
1718	München	Hellensteinstraße	de:09162:1747:32:72	48.151853	11.436488		NO_MATCH_AND_SEEMS_UNSERVED								POINT(11.436488 48.151853)
1719	München	Helmut-Schmidt-Allee	de:09162:1755:1:1	48.142646	11.408011	bus	MATCHED	n8517716437	40.9	1.0	Helmut-Schmidt-Allee	157	Annemarie-Renger-Straße		LINESTRING(11.408011 48.142646,11.4077699 48.1429768)
1720	München	Helmut-Schmidt-Allee	de:09162:1755:2:2	48.142604	11.407823	bus	MATCHED	n8517716438	11.1	1.0	Helmut-Schmidt-Allee	157	Bildungscampus Freiham	Bildungscampus Freiham	LINESTRING(11.407823 48.142604,11.407759500000001 48.142693900000005)
1721	München	Helmut-Schmidt-Allee	de:09162:1755:3:3	48.142461	11.407823	bus	MATCHED	n8517716440	19.7	1.0	Helmut-Schmidt-Allee	143,E162	Ellis-Kaut-Straße	Ellis-Kaut-Straße / Annemarie-Renger-Straße	LINESTRING(11.407823 48.142461,11.407569 48.1424102)
1722	München	Helmut-Schmidt-Allee	de:09162:1755:4:4	48.142053	11.408065	bus	MATCHED	w1222957129	7.8	0.69	Helmut-Schmidt-Allee	57,N77	Freiham	Freiham Bahnhof	LINESTRING(11.408065 48.142053,11.408130654110622 48.14210814513208)
1723	München	Helmut-Schmidt-Allee	de:09162:1755:5:5	48.142221	11.408209	bus	MATCHED	w1222957130	11.4	0.63	Helmut-Schmidt-Allee	57,N77	Annemarie-Renger-Straße	Annemarie-Renger-Straße	LINESTRING(11.408209 48.142221,11.40820205 48.14232315000002)
1724	München	Helsinkistraße	de:09162:817:3:HLS 1	48.129433	11.689408	bus	MATCHED	w386838054	3.2	1.0	Helsinkistraße	190	Lehrer-Wirth-Straße	Lehrer-Wirth-Straße	LINESTRING(11.689408 48.129433,11.689366047903613 48.12943725936579)
1725	München	Helsinkistraße	de:09162:817:3:HLS 2	48.129523	11.689408	bus	MATCHED	w386838066	1.9	1.0	Helsinkistraße	190	Messestadt West	Messestadt West	LINESTRING(11.689408 48.129523,11.689382623611221 48.129521970126895)
1726	München	Heltauer Straße	de:09162:807:1:1	48.130513	11.65803	bus	MATCHED	w467959186	1.4	1.0	Heltauer Straße	194	Halfinger Straße	Halfinger Straße	LINESTRING(11.65803 48.130513,11.65804802892084 48.13051489114203)
1727	München	Heltauer Straße	de:09162:807:2:2	48.130189	11.658048	bus	MATCHED	w467959184	4.5	1.0	Heltauer Straße	194	Schatzbogen	Schatzbogen	LINESTRING(11.658048 48.130189,11.657990802691327 48.130175619391174)
1728	München	Herkomerplatz	de:09162:76:2:1	48.150858	11.609045	tram	MATCHED	n1371832229	2.2	1.0	Herkomerplatz	16,17,N17	Effnerplatz	Effnerplatz	LINESTRING(11.609045 48.150858,11.6090177 48.150866400000005)
1729	München	Herkomerplatz	de:09162:76:2:2	48.1509	11.608587		MATCHED_AMBIGUOUSLY	n1545921487	4.5	1.0	Herkomerplatz	154,16,17,187,54,68,N17,N44	Mauerkircherstraße / Bundesfinanzhof	Mauerkircherstraße / Bundesfinanzhof	LINESTRING(11.608587 48.1509,11.608607500000002 48.150862000000004)
1730	München	Herkomerplatz	de:09162:76:2:2	48.1509	11.608587		MATCHED_AMBIGUOUSLY	w121899546	14.9	1.0	Herkomerplatz	154,16,17,187,54,68,N17,N44	Mauerkircherstraße / Bundesfinanzhof	Mauerkircherstraße / Bundesfinanzhof	LINESTRING(11.608587 48.1509,11.608787345561609 48.15090334631704)
1731	München	Herkomerplatz	de:09162:76:31:71	48.149773	11.610087		NO_MATCH_AND_SEEMS_UNSERVED								POINT(11.610087 48.149773)
1732	München	Herkomerplatz	de:09162:76:31:91	48.149773	11.610087		NO_MATCH_AND_SEEMS_UNSERVED								POINT(11.610087 48.149773)
1733	München	Herkomerplatz	de:09162:76:32:72	48.151205	11.609899		MATCHED	w378649824	31.9	0.24	Herkomerplatz				LINESTRING(11.609899 48.151205,11.60988725902585 48.15091785851403)
1734	München	Herkomerplatz	de:09162:76:33:73	48.150342	11.609036		NO_MATCH_AND_SEEMS_UNSERVED								POINT(11.609036 48.150342)
1735	München	Herkomerplatz	de:09162:76:34:74	48.150528	11.607689		NO_MATCH_AND_SEEMS_UNSERVED								POINT(11.607689 48.150528)
1736	München	Herkomerplatz	de:09162:76:3:3	48.150768	11.609045	bus	MATCHED	w377796553	0.1	1.0	Herkomerplatz	154	Effnerplatz	Effnerplatz	LINESTRING(11.609045 48.150768,11.609046136501592 48.15076745899921)
1737	München	Herkomerplatz	de:09162:76:4:4	48.150492	11.60883	bus	MATCHED	w377796554	10.4	1.0	Herkomerplatz	187,188,189,54,58,N43	Richard-Strauss-Straße / Wehrlestraße	Richard-Strauss-Straße / Wehrlestraße	LINESTRING(11.60883 48.150492,11.608744905222487 48.15056636189201)
1738	München	Herkomerplatz	de:09162:76:5:5	48.150738	11.609674	bus	MATCHED	w377796555	9.7	1.0	Herkomerplatz	187,188,189,N72	Effnerplatz / Isarring / Herkomerplatz	Isarring / Effnerplatz / Herkomerplatz	LINESTRING(11.609674 48.150738,11.609652115706623 48.15065211997271)
1739	München	Hermann-Gmeiner-Weg	de:09162:699:1:1	48.146387	11.640594	bus	MATCHED	w386838082	0.7	1.0	Hermann-Gmeiner-Weg	183,188,189,E183	Marienburger Straße	Marienburger Straße	LINESTRING(11.640594 48.146387,11.64058605000001 48.14639060000001)
1740	München	Hermann-Gmeiner-Weg	de:09162:699:2:2	48.146411	11.6393	bus	MATCHED	w386838098	2.3	1.0	Hermann-Gmeiner-Weg	185,188,189	Warthestraße	Warthestraße	LINESTRING(11.6393 48.146411,11.639327312240844 48.14640090912695)
1741	München	Hermann-Gmeiner-Weg	de:09162:699:31:71	48.14674	11.64028		NO_MATCH_AND_SEEMS_UNSERVED								POINT(11.64028 48.14674)
1742	München	Hermann-Gmeiner-Weg	de:09162:699:3:3	48.146003	11.63983	bus	MATCHED	w386838090	9.7	1.0	Hermann-Gmeiner-Weg	185,E185	Nettelbeckstraße	Nettelbeckstraße	LINESTRING(11.63983 48.146003,11.639872457040283 48.14608528515156)
1743	München	Hermann-Gmeiner-Weg	de:09162:699:5:5	48.146507	11.640459	bus	MATCHED	w386838074	1.9	1.0	Hermann-Gmeiner-Weg	183,E183	Posener Platz	Posener Platz	LINESTRING(11.640459 48.146507,11.640433214736037 48.146508049697765)
1744	München	Hermann-Lingg-Straße	de:09162:55:1:1	48.139128	11.551975	tram	MATCHED	n1239251640	10.8	1.0	Hermann-Lingg-Straße	18,19,N19	Holzapfelstraße	Holzapfelstraße	LINESTRING(11.551975 48.139128,11.5520815 48.1390614)
1745	München	Hermann-Lingg-Straße	de:09162:55:2:2	48.138978	11.551382	tram	MATCHED	n1239251669	7.0	1.0	Hermann-Lingg-Straße	18,19,N19	Holzkirchner Bahnhof	Holzkirchner Bahnhof	LINESTRING(11.551382 48.138978,11.551301400000002 48.1390108)
1746	München	Hermann-Lingg-Straße	de:09162:55:31:71	48.139044	11.551706		NO_MATCH_AND_SEEMS_UNSERVED								POINT(11.551706 48.139044)
1747	München	Hermann-Lingg-Straße	de:09162:55:32:72	48.139044	11.551706		NO_MATCH_AND_SEEMS_UNSERVED								POINT(11.551706 48.139044)
1748	München	Hermann-Lingg-Straße	de:09162:55:33:73	48.13899	11.551966		NO_MATCH_AND_SEEMS_UNSERVED								POINT(11.551966 48.13899)
1749	München	Hermann-Lingg-Straße	de:09162:55:34:74	48.137437	11.553565		NO_MATCH_AND_SEEMS_UNSERVED								POINT(11.553565 48.137437)
1750	München	Hermann-Lingg-Straße	de:09162:55:3:3	48.138654	11.549936		NO_MATCH_AND_SEEMS_UNSERVED								POINT(11.549936 48.138654)
1751	München	Hermann-Pünder-Straße	de:09162:1008:1:1	48.088256	11.635671	bus	MATCHED	w474358073	3.3	1.0	Hermann-Pünder-Straße	196	Ludwig-Linsert-Straße	Ludwig-Linsert-Straße	LINESTRING(11.635671 48.088256,11.635695056200806 48.08828059689481)
1752	München	Hermann-Pünder-Straße	de:09162:1008:2:2	48.08882	11.636093	bus	MATCHED	w474358069	4.5	1.0	Hermann-Pünder-Straße	196	Rudolf-Zorn-Straße	Rudolf-Zorn-Straße	LINESTRING(11.636093 48.08882,11.636092050000002 48.088779900000006)
1753	München	Herthastraße	de:09162:225:1:1	48.149216	11.503278		MATCHED	w391347164	8.0	1.0	Herthastraße			Winfriedstraße	LINESTRING(11.503278 48.149216,11.50321346797002 48.1491583073918)
1754	München	Herthastraße	de:09162:225:2:2	48.149641	11.503583		MATCHED	w391347163	1.6	1.0	Herthastraße			Kemnatenstraße	LINESTRING(11.503583 48.149641,11.503581352768736 48.149655371607096)
1755	München	Herthastraße	de:09162:225:31:71	48.150918	11.503313		NO_MATCH_AND_SEEMS_UNSERVED								POINT(11.503313 48.150918)
1756	München	Herthastraße	de:09162:225:32:72	48.148712	11.503484	bus	NO_MATCH_BUT_OTHER_PLATFORM_MATCHED					151,51,N78	Kemnatenstraße		POINT(11.503484 48.148712)
1757	München	Herzog-Ernst-Platz	de:09162:1102:1:1	48.12598	11.540297	bus	MATCHED	w389553089	2.0	1.0	Herzog-Ernst-Platz	134,153,53	Baumgartnerstraße / Sendlinger Kirche	Baumgartnerstraße / Sendlinger Kirche	LINESTRING(11.540297 48.12598,11.54029426012931 48.12596240562821)
1758	München	Herzog-Ernst-Platz	de:09162:1102:2:2	48.125716	11.540647	bus	MATCHED	w389553091	5.4	1.0	Herzog-Ernst-Platz	134,153,53	Ganghoferbrücke	Ganghoferbrücke	LINESTRING(11.540647 48.125716,11.540666954707467 48.125669388729165)
1759	München	Herzog-Ernst-Platz	de:09162:1102:3:3	48.125254	11.541213	bus	MATCHED	w263301390	1.4	1.0	Herzog-Ernst-Platz	62	Hans-Fischer-Straße	Hans-Fischer-Straße	LINESTRING(11.541213 48.125254,11.541208869153033 48.12526590041847)
1760	München	Herzog-Ernst-Platz	de:09162:1102:4:4	48.125494	11.541043	bus	MATCHED	w389553092	3.0	1.0	Herzog-Ernst-Platz	62	Baumgartnerstraße	Baumgartnerstraße	LINESTRING(11.541043 48.125494,11.54108220747979 48.12550114168834)
1761	München	Herzog-Ernst-Platz	de:09162:1102:5:5	48.125008	11.540773	bus	MATCHED	w389553090	5.9	1.0	Herzog-Ernst-Platz	N44	Sendlinger Kirche	Sendlinger Kirche	LINESTRING(11.540773 48.125008,11.540716201269413 48.12504440918892)
1762	München	Herzog-Ernst-Platz	de:09162:1102:7:7	48.125392	11.540135	bus	MATCHED	w389553093	4.7	1.0	Herzog-Ernst-Platz	N43	Baumgartnerstraße	Baumgartnerstraße	LINESTRING(11.540135 48.125392,11.540071640513371 48.12539585065598)
1763	München	Herzogpark	de:09162:512:1:1	48.156138	11.607284	bus	MATCHED	w373592127	1.8	1.0	Herzogpark	150,59	Osterwaldstraße / Amsterdamer Straße	Amsterdamer Straße / Osterwaldstraße	LINESTRING(11.607284 48.156138,11.607288185609056 48.15612231543074)
1764	München	Herzogpark	de:09162:512:2:2	48.155928	11.607123	bus	MATCHED	w373592126	2.7	1.0	Herzogpark	150,59	Effnerplatz / Arabellastraße	Effnerplatz / Arabellastraße	LINESTRING(11.607123 48.155928,11.607122650000012 48.1559519)
1765	München	Herzogstraße	de:09162:311:1:1	48.163718	11.564318	tram	MATCHED	n295611403	7.7	1.0	Herzogstraße	27,N27	Ackermannstraße	Ackermannstraße	LINESTRING(11.564318 48.163718,11.564295900000001 48.1637852)
1766	München	Herzogstraße	de:09162:311:2:2	48.163197	11.564049	tram	MATCHED	n1562420365	3.3	1.0	Herzogstraße	27,N27	Nordbad	Nordbad	LINESTRING(11.564049 48.163197,11.564073800000001 48.163172700000004)
1767	München	Herzogstraße	de:09162:311:31:21	48.1637	11.564435		NO_MATCH_AND_SEEMS_UNSERVED								POINT(11.564435 48.1637)
1768	München	Herzogstraße	de:09162:311:32:22	48.163718	11.564076		MATCHED	n3207960865	25.0	0.28	Herzogstraße				LINESTRING(11.564076 48.163718,11.564194500000001 48.163507900000006)
1769	München	Herzogstraße	de:09162:311:38:78	48.16352	11.562881		NO_MATCH_AND_SEEMS_UNSERVED								POINT(11.562881 48.16352)
1770	München	Herzogstraße	de:09162:311:38:79	48.163568	11.562611		NO_MATCH_AND_SEEMS_UNSERVED								POINT(11.562611 48.163568)
1771	München	Herzogstraße	de:09162:311:39:73	48.163688	11.563159		NO_MATCH_AND_SEEMS_UNSERVED								POINT(11.563159 48.163688)
1772	München	Hiendlmayrstraße	de:09162:172:30:70	48.120349	11.583479		NO_MATCH_AND_SEEMS_UNSERVED								POINT(11.583479 48.120349)
1773	München	Himalajastraße	de:09162:947:1:1	48.113278	11.665765	bus	MATCHED	w470677399	0.8	1.0	Himalajastraße	195	Batschkastraße	Batschkastraße	LINESTRING(11.665765 48.113278,11.6657553380171 48.113274269678634)
1774	München	Himalajastraße	de:09162:947:2:2	48.113278	11.666007	bus	MATCHED	w470677398	2.3	1.0	Himalajastraße	195	Simplonstraße	Simplonstraße	LINESTRING(11.666007 48.113278,11.66602146645481 48.113259443994394)
1775	München	Himalajastraße	de:09162:947:31:71	48.112096	11.665684		NO_MATCH_AND_SEEMS_UNSERVED								POINT(11.665684 48.112096)
1776	München	Himalajastraße	de:09162:947:3:3	48.111797	11.665989	bus	MATCHED	w470608853	1.8	1.0	Himalajastraße	194,N79	Feldbergstraße	Feldbergstraße	LINESTRING(11.665989 48.111797,11.66597294044483 48.111784509432376)
1777	München	Himalajastraße	de:09162:947:4:4	48.112138	11.666304	bus	MATCHED	w470608854	4.3	1.0	Himalajastraße	194,N79	Batschkastraße	Batschkastraße	LINESTRING(11.666304 48.112138,11.666305601282929 48.112177021623104)
1778	München	Himmelschlüsselstraße	de:09162:341:1:1	48.195333	11.534952	bus	MATCHED	w375853590	2.9	1.0	Himmelschlüsselstraße	60,N76	Lerchenauer See	Lerchenauer See	LINESTRING(11.534952 48.195333,11.534953319425856 48.19530650723489)
1779	München	Himmelschlüsselstraße	de:09162:341:2:2	48.195518	11.534781	bus	MATCHED	w375853595	10.1	1.0	Himmelschlüsselstraße	60,N76	Lassallestraße	Lassallestraße	LINESTRING(11.534781 48.195518,11.534812700000003 48.19560595)
1780	München	Himmelschlüsselstraße	de:09162:341:31:71	48.192776	11.534602		NO_MATCH_AND_SEEMS_UNSERVED								POINT(11.534602 48.192776)
1781	München	Himmelschlüsselstraße	de:09162:341:32:72	48.192698	11.534593		NO_MATCH_AND_SEEMS_UNSERVED								POINT(11.534593 48.192698)
1782	München	Hinterbrühl	de:09162:1145:3:HTB 1	48.087181	11.541168	bus	MATCHED	w376756216	4.2	1.0	Hinterbrühl	135	Josephinenstraße	Josephinenstraße	LINESTRING(11.541168 48.087181,11.5411222018131 48.08715927690897)
1783	München	Hinterbrühl	de:09162:1145:3:HTB 2	48.087037	11.541177	bus	MATCHED	w376756217	3.9	1.0	Hinterbrühl	135	Campingplatz Thalkirchen	Campingplatz Thalkirchen	LINESTRING(11.541177 48.087037,11.541190484471947 48.08700339727377)
1784	München	Hinterbärenbadstraße	de:09162:1226:1:1	48.120679	11.518531	bus	MATCHED	w396605054	14.4	0.62	Hinterbärenbadstraße	63	Siegenburger Straße	Siegenburger Straße	LINESTRING(11.518531 48.120679,11.518434097767434 48.12056697602761)
1785	München	Hinterbärenbadstraße	de:09162:1226:2:2	48.120547	11.518028	bus	MATCHED	w396605050	13.6	0.63	Hinterbärenbadstraße	63	Westpark	Westpark	LINESTRING(11.518028 48.120547,11.518125539559675 48.120650154223185)
1786	München	Hinterbärenbadstraße	de:09162:1226:31:71	48.121578	11.518908		NO_MATCH_AND_SEEMS_UNSERVED								POINT(11.518908 48.121578)
1787	München	Hippelstraße	de:09162:955:1:3	48.102463	11.665073	bus	MATCHED_THOUGH_OSM_NO_NAME	w953786974	4.5	0.27		194	Lamprechtstraße / Lamprechtstraße		LINESTRING(11.665073 48.102463,11.6651316 48.10247445)
1788	München	Hippelstraße	de:09162:955:3:HIP 1	48.102235	11.665298	bus	MATCHED	w472506833	3.0	1.0	Hippelstraße	194	Am Hochacker / Am Hochacker	Hochacker	LINESTRING(11.665298 48.102235,11.665324303559865 48.10221471067108)
1789	München	Hippelstraße	de:09162:955:3:HIP 2	48.102133	11.665441		MATCHED	w472506831	15.6	1.0	Hippelstraße			Lamprechtstraße	LINESTRING(11.665441 48.102133,11.665644592108299 48.10210053878454)
1790	München	Hirschauer Straße	de:09162:132:1:1	48.150978	11.595561		NO_MATCH_AND_SEEMS_UNSERVED								POINT(11.595561 48.150978)
1791	München	Hirschauer Straße	de:09162:132:2:2	48.15102	11.594969	bus	MATCHED	w377796556	9.9	1.0	Hirschauer Straße	154,54,68,N44	Chinesischer Turm	Chinesischer Turm	LINESTRING(11.594969 48.15102,11.595056362166849 48.15095329569352)
1792	München	Hirschgarten	de:09162:31:1:1	48.143384	11.519295		MATCHED	w385034735	3.7	1.0	Hirschgarten	151,51,62,N44,N78,S1,S2,S3,S4,S5,S6,S8	Lautensackstraße / Laim / Laim / Am Lokschuppen	Am Lokschuppen / Laim Bahnhof / Lautensackstraße	LINESTRING(11.519295 48.143384,11.519287349999999 48.14335095)
1793	München	Hirschgarten	de:09162:31:2:2	48.143617	11.519645	bus	MATCHED	w385034734	2.6	1.0	Hirschgarten	62,N43	Wilhelm-Hale-Straße	Wilhelm-Hale-Straße	LINESTRING(11.519645 48.143617,11.519650350000001 48.14364005000001)
1794	München	Hirschgarten	de:09162:31:40:81	48.143629	11.519169	trainish	MATCHED	n1452862969	23.5	0.38	Hirschgarten			Laim	LINESTRING(11.519169 48.143629,11.519484400000001 48.1436135)
1795	München	Hirschgarten	de:09162:31:40:82	48.143504	11.519142	train	MATCHED	n1452862960	21.0	0.57	Hirschgarten	S1,S2,S3,S4,S5,S6,S8	Donnersbergerbrücke	Donnersbergerbrücke	LINESTRING(11.519142 48.143504,11.5194229 48.1434902)
1796	München	Hirschgarten	de:09162:31:60:61	48.141388	11.519304		MATCHED	n10741075116	9.5	1.0	Hirschgarten				LINESTRING(11.519304 48.141388,11.519429200000001 48.1414034)
1797	München	Hirschgarten	de:09162:31:62:62	48.141172	11.519268		MATCHED	n10741075117	6.7	1.0	Hirschgarten				LINESTRING(11.519268 48.141172,11.519178400000001 48.1411687)
1798	München	Hirschgartenallee	de:09162:227:1:1	48.152848	11.507733		MATCHED	w391347165	0.1	1.0	Hirschgartenallee			Kemnatenstraße	LINESTRING(11.507733 48.152848,11.507732713491714 48.15284700333896)
1799	München	Hirschgartenallee	de:09162:227:2:2	48.152979	11.50847		MATCHED	w391347166	0.8	1.0	Hirschgartenallee			Romanplatz	LINESTRING(11.50847 48.152979,11.508479157967232 48.15298315925778)
1800	München	Hirschgartenallee	de:09162:227:32:72	48.154106	11.509656	bus	NO_MATCH_BUT_OTHER_PLATFORM_MATCHED					151,51,N78	Romanplatz		POINT(11.509656 48.154106)
1801	München	Hochmuttinger Straße	de:09162:1988:1:1	48.217418	11.533928	bus	MATCHED	n12176564757	4.7	0.74	Hochmuttinger Straße	171	Ludwig-Beck-Straße	Ludwig-Beck-Straße	LINESTRING(11.533928 48.217418,11.533865700000002 48.2174247)
1802	München	Hochschule München	de:09162:32:1:1	48.155472	11.55326		MATCHED	n3207960572	15.4	1.0	Hochschule München				LINESTRING(11.55326 48.155472,11.5533108 48.155337700000004)
1803	München	Hochschule München (Lothstr. )	de:09162:12:1:1	48.154478	11.553484	tram	MATCHED	n546198897	6.2	1.0	Hochschule München (Lothstraße)	20,21,N20	Sandstraße	Sandstraße	LINESTRING(11.553484 48.154478,11.5534798 48.1545336)
1804	München	Hochschule München (Lothstr. )	de:09162:12:2:2	48.154094	11.55414	tram	MATCHED	n202879541	7.8	1.0	Hochschule München (Lothstraße)	20,21,N20	Leonrodplatz	Leonrodplatz	LINESTRING(11.55414 48.154094,11.5541768 48.154028100000005)
1805	München	Hochschule München (Lothstr. )	de:09162:12:31:21	48.15446	11.553332		NO_MATCH_AND_SEEMS_UNSERVED								POINT(11.553332 48.15446)
1806	München	Hochschule München (Lothstr. )	de:09162:12:32:22	48.15413	11.554248		NO_MATCH_AND_SEEMS_UNSERVED								POINT(11.554248 48.15413)
1807	München	Hochschule München (Lothstr. )	de:09162:12:33:23	48.15398	11.554041		NO_MATCH_AND_SEEMS_UNSERVED								POINT(11.554041 48.15398)
1808	München	Hochschule München (Lothstr. )	de:09162:12:3:3	48.155365	11.553269		NO_MATCH_AND_SEEMS_UNSERVED								POINT(11.553269 48.155365)
1809	München	Hochschule München (Lothstr. )	de:09162:12:4:4	48.154556	11.554499	bus	MATCHED	w377796562	5.5	1.0	Hochschule München (Lothstraße)	153	Infanteriestraße Süd	Infanteriestraße Süd	LINESTRING(11.554499 48.154556,11.554514300639436 48.154507799802715)
1810	München	Hochschule München (Lothstr. )	de:09162:12:5:5	48.154687	11.554446	bus	MATCHED	w377796558	25.8	1.0	Hochschule München (Lothstraße)	153	Gaiglstraße	Gaiglstraße	LINESTRING(11.554446 48.154687,11.554709373324137 48.154837447520435)
1811	München	Hochschule München (Lothstr. )	de:09162:12:6:6	48.153848	11.554311		NO_MATCH_AND_SEEMS_UNSERVED								POINT(11.554311 48.153848)
1812	München	Hochäckerstraße	de:09162:1022:1:1	48.101071	11.607123	bus	MATCHED	w392176997	1.9	1.0	Hochäckerstraße	139	Mitterweg	Mitterweg	LINESTRING(11.607123 48.101071,11.607142697844289 48.10106026916575)
1813	München	Hochäckerstraße	de:09162:1022:2:2	48.100489	11.606449	bus	MATCHED	w392177003	0.4	1.0	Hochäckerstraße	145,N75	Plassenburgstraße	Plassenburgstraße	LINESTRING(11.606449 48.100489,11.60644423479713 48.10049030072586)
1814	München	Hochäckerstraße	de:09162:1022:3:3	48.101407	11.60644	bus	MATCHED	w392177013	1.4	1.0	Hochäckerstraße	139,145	Ständlerstraße	Ständlerstraße	LINESTRING(11.60644 48.101407,11.606427372422226 48.10141680601977)
1815	München	Hofangerstraße	de:09162:1037:1:1	48.110867	11.627407	bus	MATCHED	w392451681	1.1	1.0	Hofangerstraße	155	Berger-Kreuz-Straße	Berger-Kreuz-Straße	LINESTRING(11.627407 48.110867,11.627398330071976 48.11087500328062)
1816	München	Hofangerstraße	de:09162:1037:2:2	48.110375	11.627335	bus	MATCHED	w392451675	1.5	1.0	Hofangerstraße	155	Emdenstraße	Emdenstraße	LINESTRING(11.627335 48.110375,11.627351411568261 48.1103821284849)
1817	München	Hofbrunnstraße	de:09162:1346:1:1	48.083431	11.516833	bus	MATCHED	w376756221	4.7	1.0	Hofbrunnstraße	63,N41	Plattlinger Straße	Plattlinger Straße	LINESTRING(11.516833 48.083431,11.516881649999998 48.083458099999994)
1818	München	Hofbrunnstraße	de:09162:1346:2:2	48.083833	11.517642	bus	MATCHED	w376756219	12.4	1.0	Hofbrunnstraße	270V,63,N41	Marienstern	Marienstern	LINESTRING(11.517642 48.083833,11.517707103857576 48.083935223954235)
1819	München	Hofbrunnstraße	de:09162:1346:3:3	48.083911	11.516761	bus	MATCHED	w376756218	7.3	1.0	Hofbrunnstraße	136	Bastian-Schmid-Platz	Bastian-Schmid-Platz	LINESTRING(11.516761 48.083911,11.51666787281873 48.083932098690276)
1820	München	Hofbrunnstraße	de:09162:1346:4:4	48.083461	11.517552	bus	MATCHED	w376756220	2.6	1.0	Hofbrunnstraße	136,270V	Allescherstraße	Allescherstraße	LINESTRING(11.517552 48.083461,11.517527684548268 48.08347809218135)
1821	München	Hofbräuallee	de:09162:809:3:HBR 1	48.143845	11.700934	bus	MATCHED	w386838100	13.2	1.0	Hofbräuallee	186	Umschlagbahnhof	Umschlagbahnhof	LINESTRING(11.700934 48.143845,11.701104357243848 48.14387869267551)
1822	München	Hofmannstraße	de:09162:1302:1:1	48.100447	11.529203	bus	MATCHED	w376756234	6.5	1.0	Hofmannstraße	53,N41	Aidenbachstraße / Gmunder Straße	Gmunder Straße / Aidenbachstraße	LINESTRING(11.529203 48.100447,11.52921100372086 48.10050519009547)
1823	München	Hofmannstraße	de:09162:1302:2:2	48.100483	11.529356	bus	MATCHED	w376756222	1.9	1.0	Hofmannstraße	53,N41	Zielstattstraße	Zielstattstraße	LINESTRING(11.529356 48.100483,11.529359500000002 48.100499750000004)
1824	München	Hofmannstraße	de:09162:1302:31:71	48.099901	11.528682		NO_MATCH_AND_SEEMS_UNSERVED								POINT(11.528682 48.099901)
1825	München	Hofmannstraße	de:09162:1302:32:72	48.097496	11.528583		NO_MATCH_AND_SEEMS_UNSERVED								POINT(11.528583 48.097496)
1826	München	Hofmannstraße	de:09162:1302:3:3	48.099961	11.529544	bus	MATCHED	w376756225	1.9	1.0	Hofmannstraße	136	Aidenbachstraße	Aidenbachstraße	LINESTRING(11.529544 48.099961,11.529554337852195 48.09994563296136)
1827	München	Hofmannstraße	de:09162:1302:4:4	48.099697	11.528646	bus	MATCHED	w376756241	31.5	1.0	Hofmannstraße	136	Geretsrieder Straße	Geretsrieder Straße	LINESTRING(11.528646 48.099697,11.52822833002959 48.099651928719275)
1828	München	Hohenadelweg	de:09162:1860:1:1	48.202584	11.457221	bus	MATCHED	n9525315605	1.0	1.0	Hohenadelweg	160	Otto-Warburg-Straße	Otto-Warburg-Straße	LINESTRING(11.457221 48.202584,11.4572161 48.2025753)
1829	München	Hohenadelweg	de:09162:1860:2:2	48.20256	11.457095	bus	MATCHED	n9516678714	6.3	1.0	Hohenadelweg	160	Kleselstraße	Kleselstraße	LINESTRING(11.457095 48.20256,11.457148100000001 48.202516)
1830	München	Hohenlindener Straße	de:09162:614:3:HOH 1	48.136706	11.624739		NO_MATCH_AND_SEEMS_UNSERVED								POINT(11.624739 48.136706)
1831	München	Hohensteinstraße	de:09162:1714:3:HHN 1	48.145871	11.422223	bus	MATCHED	w379853749	2.3	1.0	Hohensteinstraße	267	Neuaubing	Neuaubing Bahnhof	LINESTRING(11.422223 48.145871,11.422203807917588 48.14585507559031)
1832	München	Hohensteinstraße	de:09162:1714:3:HHN 2	48.146111	11.422223	bus	MATCHED	w379853750	2.0	1.0	Hohensteinstraße	267	Altenburgstraße	Altenburgstraße	LINESTRING(11.422223 48.146111,11.422198414978205 48.146117700416134)
1833	München	Hohenzollernplatz	de:09162:140:1:1	48.161225	11.568172		MATCHED	w308976561	2.8	1.0	Hohenzollernplatz	12,27,53,59,N27,N44	Nordbad / Nordbad	Nordbad	LINESTRING(11.568172 48.161225,11.568207516820905 48.16121759988071)
1834	München	Hohenzollernplatz	de:09162:140:1:2	48.161111	11.568073		MATCHED	w308976560	0.4	1.0	Hohenzollernplatz	12,27,53,59,N27,N43	Kurfürstenplatz / Kurfürstenplatz	Kurfürstenplatz	LINESTRING(11.568073 48.161111,11.568067758681035 48.161111868319495)
1835	München	Hohenzollernplatz	de:09162:140:30:72	48.159038	11.568756		MATCHED_THOUGH_DISTANT	n1672730677	238.2	0.04	Hohenzollernplatz			Kurfürstenplatz	LINESTRING(11.568756 48.159038,11.5682694 48.161155300000004)
1836	München	Hohenzollernplatz	de:09162:140:51:51	48.16234	11.56881	light_rail	MATCHED	n2665022827	3.6	0.78	Hohenzollernplatz	U2,U8	Josephsplatz / Scheidplatz		LINESTRING(11.56881 48.16234,11.5688536 48.162355000000005)
1837	München	Hohenzollernplatz	de:09162:140:51:52	48.162358	11.568711	light_rail	MATCHED	n2543567561	3.2	0.8	Hohenzollernplatz	U2,U8	Scheidplatz / Josephsplatz		LINESTRING(11.568711 48.162358,11.568676900000002 48.162375700000005)
1838	München	Hohenzollernplatz Süd	de:09162:1401:1:1	48.15908	11.568675		NO_MATCH_AND_SEEMS_UNSERVED								POINT(11.568675 48.15908)
1839	München	Hohenzollernplatz Süd	de:09162:1401:2:2	48.1589	11.568612		NO_MATCH_AND_SEEMS_UNSERVED								POINT(11.568612 48.1589)
1840	München	Hohenzollernstraße	de:09162:108:1:1	48.159398	11.585024	bus	MATCHED	w351235032	11.7	1.0	Hohenzollernstraße	53,59,N44	Friedrichstraße	Friedrichstraße	LINESTRING(11.585024 48.159398,11.584870625584253 48.159421058710414)
1841	München	Hohenzollernstraße	de:09162:108:2:2	48.159188	11.585186	bus	MATCHED	w372415492	14.7	1.0	Hohenzollernstraße	54,N40,N41,N43,N45	Giselastraße / Georgenstraße	Giselastraße / Georgenstraße	LINESTRING(11.585186 48.159188,11.585180864001533 48.159055805274384)
1842	München	Hohenzollernstraße	de:09162:108:31:71	48.159176	11.585662		NO_MATCH_AND_SEEMS_UNSERVED								POINT(11.585662 48.159176)
1843	München	Hohenzollernstraße	de:09162:108:3:3	48.158828	11.585384	bus	MATCHED	w372415491	20.5	1.0	Hohenzollernstraße	54,N40,N41,N44,N45	Münchner Freiheit / Münchner Freiheit / Münchner Freiheit	Münchner Freiheit	LINESTRING(11.585384 48.158828,11.58540565 48.15901175)
1844	München	Holbeinstraße	de:09162:74:1:1	48.143336	11.60123	tram	MATCHED	n1688588868	5.4	1.0	Holbeinstraße	17,N17	Friedensengel/Villa Stuck	Friedensengel/Villa Stuck	LINESTRING(11.60123 48.143336,11.6012968 48.1433539)
1845	München	Holbeinstraße	de:09162:74:2:2	48.143012	11.60141	tram	MATCHED	n1688588864	6.7	1.0	Holbeinstraße	17,N17	Sternwartstraße	Sternwartstraße	LINESTRING(11.60141 48.143012,11.6013269 48.142989500000006)
1846	München	Holbeinstraße	de:09162:74:32:72	48.143815	11.601427		MATCHED	n3207960965	69.7	0.13	Holbeinstraße				LINESTRING(11.601427 48.143815,11.6013187 48.1431928)
1847	München	Holbeinstraße	de:09162:74:33:73	48.142479	11.606548		NO_MATCH_AND_SEEMS_UNSERVED								POINT(11.606548 48.142479)
1848	München	Holzapfelkreuth	de:09162:1510:1:1	48.116229	11.501364		NO_MATCH_AND_SEEMS_UNSERVED								POINT(11.501364 48.116229)
1849	München	Holzapfelkreuth	de:09162:1510:2:2	48.116655	11.502613	bus	MATCHED	w393388237	1.2	1.0	Holzapfelkreuth	151,51	Andreas-Vöst-Straße	Andreas-Vöst-Straße	LINESTRING(11.502613 48.116655,11.502608574525507 48.11664502800504)
1850	München	Holzapfelkreuth	de:09162:1510:32:72	48.116978	11.502658		NO_MATCH_AND_SEEMS_UNSERVED								POINT(11.502658 48.116978)
1851	München	Holzapfelkreuth	de:09162:1510:3:3	48.115893	11.502244	bus	MATCHED	w393388236	1.0	1.0	Holzapfelkreuth	151,167,51,N40	Waldfriedhof (Wendeschleife) / Waldfriedhof / Waldfriedhof / Waldfriedhof	Waldfriedhof / Waldfriedhof (Wendeschleife)	LINESTRING(11.502244 48.115893,11.502243970836622 48.115884306609274)
1852	München	Holzapfelkreuth	de:09162:1510:4:4	48.116373	11.501499	bus	MATCHED	w393388238	4.4	1.0	Holzapfelkreuth	167,N40	Gräfelfinger Straße	Gräfelfinger Straße	LINESTRING(11.501499 48.116373,11.501440400632685 48.1163688617571)
1853	München	Holzapfelkreuth	de:09162:1510:51:51	48.116259	11.502424	light_rail	MATCHED	n2643736033	12.0	0.53	Holzapfelkreuth	U6	Westpark		LINESTRING(11.502424 48.116259,11.5022728 48.1162216)
1854	München	Holzapfelkreuth	de:09162:1510:51:52	48.116367	11.502397	light_rail	MATCHED	n2643736100	10.0	0.57	Holzapfelkreuth	U6	Haderner Stern		LINESTRING(11.502397 48.116367,11.502262700000001 48.116362200000005)
1855	München	Holzapfelkreuth	de:09162:1510:73:73	48.115557	11.5022		NO_MATCH_AND_SEEMS_UNSERVED								POINT(11.5022 48.115557)
1856	München	Holzapfelstraße	de:09162:67:1:1	48.139319	11.54672	tram	MATCHED	n82762920	9.9	0.58	Holzapfelstraße	18,19,N19	Schrenkstraße	Schrenkstraße	LINESTRING(11.54672 48.139319,11.546587200000001 48.139309000000004)
1857	München	Holzapfelstraße	de:09162:67:2:2	48.13914	11.547636	tram	MATCHED	n1187566611	1.5	1.0	Holzapfelstraße	18,19,N19	Hermann-Lingg-Straße	Hermann-Lingg-Straße	LINESTRING(11.547636 48.13914,11.547633000000001 48.1391532)
1858	München	Holzapfelstraße	de:09162:67:31:21	48.139403	11.546747		NO_MATCH_AND_SEEMS_UNSERVED								POINT(11.546747 48.139403)
1859	München	Holzapfelstraße	de:09162:67:32:22	48.139098	11.547358		NO_MATCH_AND_SEEMS_UNSERVED								POINT(11.547358 48.139098)
1860	München	Holzapfelstraße	de:09162:67:33:43	48.139301	11.547457		NO_MATCH_AND_SEEMS_UNSERVED								POINT(11.547457 48.139301)
1861	München	Holzkirchner Bahnhof	de:09162:90:1:1	48.139104	11.55556	tram	MATCHED	n1239251713	9.9	1.0	Holzkirchner Bahnhof	18,19,N19	Hauptbahnhof Süd	Hauptbahnhof Süd	LINESTRING(11.55556 48.139104,11.555670800000001 48.139153300000004)
1862	München	Holzkirchner Bahnhof	de:09162:90:2:2	48.139212	11.554661	tram	MATCHED	n1239251699	7.7	1.0	Holzkirchner Bahnhof	18,19,N19	Hermann-Lingg-Straße	Hermann-Lingg-Straße	LINESTRING(11.554661 48.139212,11.554700700000001 48.1391477)
1863	München	Holzkirchner Bahnhof	de:09162:90:31:71	48.139277	11.556197		MATCHED	w640506976	93.0	0.06	München Hauptbahnhof				LINESTRING(11.556197 48.139277,11.55604705285637 48.140106999443155)
1864	München	Holzkirchner Bahnhof	de:09162:90:3:3	48.138888	11.55582	bus	MATCHED	w373538969	3.1	1.0	Holzkirchner Bahnhof	68	Georg-Hirth-Platz	Georg-Hirth-Platz	LINESTRING(11.55582 48.138888,11.555832826334795 48.13891479472337)
1865	München	Holzkirchner Bahnhof	de:09162:90:4:4	48.13887	11.556072	bus	MATCHED	w373538970	2.0	1.0	Holzkirchner Bahnhof	58	Hauptbahnhof Nord	Hauptbahnhof Nord	LINESTRING(11.556072 48.13887,11.556046354504135 48.1388743020236)
1866	München	Holzwiesenstraße	de:09162:1017:1:1	48.103255	11.637468	bus	MATCHED	w414695753	1.5	1.0	Holzwiesenstraße	139,196	Jakob-Kaiser-Straße	Jakob-Kaiser-Straße	LINESTRING(11.637468 48.103255,11.637474899999999 48.1032681)
1867	München	Holzwiesenstraße	de:09162:1017:2:2	48.103585	11.636713	bus	MATCHED	w414695751	1.8	1.0	Holzwiesenstraße	197,N45	Nawiaskystraße	Nawiaskystraße	LINESTRING(11.636713 48.103585,11.63669005 48.1035795)
1868	München	Holzwiesenstraße	de:09162:1017:30:70	48.103105	11.635617		NO_MATCH_AND_SEEMS_UNSERVED								POINT(11.635617 48.103105)
1869	München	Holzwiesenstraße	de:09162:1017:3:3	48.102559	11.636471	bus	MATCHED	w414695752	4.1	1.0	Holzwiesenstraße	139,196,197,N45	Wilhelm-Hoegner-Straße / Wilhelm-Hoegner-Straße / Schumacherring	Wilhelm-Hoegner-Straße / Schumacherring	LINESTRING(11.636471 48.102559,11.636475970214748 48.10252187116912)
1870	München	Hopfenstraße	de:09162:232:2:1	48.142323	11.554383	tram	MATCHED	n322027938	17.2	1.0	Hopfenstraße	16,17,N17	Hauptbahnhof Nord	Hauptbahnhof Nord	LINESTRING(11.554383 48.142323,11.554610700000001 48.1422953)
1871	München	Hopfenstraße	de:09162:232:2:2	48.142395	11.55441	tram	MATCHED	n21642945	3.6	1.0	Hopfenstraße	16,17,N17	Hackerbrücke	Hackerbrücke	LINESTRING(11.55441 48.142395,11.554411 48.142362600000006)
1872	München	Hopfenstraße	de:09162:232:31:41	48.142233	11.554392		MATCHED	w152974561	89.6	0.06	München Hauptbahnhof Gleis 27-36				LINESTRING(11.554392 48.142233,11.55508146574816 48.14157256682657)
1873	München	Hopfenstraße	de:09162:232:32:42	48.142455	11.554446		MATCHED	n3207960866	14.3	0.4	Hopfenstraße				LINESTRING(11.554446 48.142455,11.554505500000001 48.142333)
1874	München	Hopfenstraße	de:09162:232:33:73	48.142419	11.553592		NO_MATCH_AND_SEEMS_UNSERVED								POINT(11.553592 48.142419)
1875	München	Hopfenstraße	de:09162:232:34:74	48.142598	11.553628		NO_MATCH_AND_SEEMS_UNSERVED								POINT(11.553628 48.142598)
1876	München	Hopfenstraße	de:09162:232:35:75	48.144043	11.55635		NO_MATCH_AND_SEEMS_UNSERVED								POINT(11.55635 48.144043)
1877	München	Hortigstraße	de:09162:1944:3:HOR 1	48.187218	11.472097	bus	MATCHED	w379853752	0.7	1.0	Hortigstraße	163	Rueßstraße	Rueßstraße	LINESTRING(11.472097 48.187218,11.47210556170735 48.187216661471794)
1878	München	Hortigstraße	de:09162:1944:3:HOR 2	48.187146	11.472367	bus	MATCHED	w379853751	2.7	1.0	Hortigstraße	163	Angerlohstraße	Angerlohstraße	LINESTRING(11.472367 48.187146,11.4723345 48.18713585)
1879	München	Hubertusbrunnen	de:09162:158:1:1	48.159218	11.530065	bus	MATCHED	n4558661670	5.1	1.0	Hubertusbrunnen	144	Neuhausen / Neuhausen	Neuhausen	LINESTRING(11.530065 48.159218,11.5300059 48.1591947)
1880	München	Hubertusstraße	de:09162:221:1:1	48.155886	11.519636	tram	MATCHED	n1698244811	6.2	0.68	Hubertusstraße	12	Renatastraße	Renatastraße	LINESTRING(11.519636 48.155886,11.519692200000001 48.1559272)
1881	München	Hubertusstraße	de:09162:221:2:2	48.15603	11.520229	tram	MATCHED	n1698244828	10.2	0.58	Hubertusstraße	12	Romanplatz	Romanplatz	LINESTRING(11.520229 48.15603,11.5201243 48.1559711)
1882	München	Hufelandstraße	de:09162:762:1:1	48.192638	11.578547	bus	MATCHED	w526500474	2.4	1.0	Hufelandstraße	178	Oberhofer Weg	Oberhofer Weg	LINESTRING(11.578547 48.192638,11.578550925072596 48.19261652717033)
1883	München	Hufelandstraße	de:09162:762:1:2	48.19253	11.578547	bus	MATCHED	w526500473	1.5	1.0	Hufelandstraße	178	Anton-Ditt-Bogen	Anton-Ditt-Bogen	LINESTRING(11.578547 48.19253,11.578544735463945 48.192543576444095)
1884	München	Hugo-Lang-Bogen	de:09162:916:1:1	48.103819	11.659207	bus	MATCHED	w472615900	5.7	1.0	Hugo-Lang-Bogen	197,N45	Friedrich-Engels-Bogen	Friedrich-Engels-Bogen	LINESTRING(11.659207 48.103819,11.659148408845473 48.10378550112401)
1885	München	Hugo-Lang-Bogen	de:09162:916:2:2	48.103459	11.659701	bus	MATCHED	w472615898	5.2	1.0	Hugo-Lang-Bogen	195	Alois-Hahn-Weg	Alois-Hahn-Weg	LINESTRING(11.659701 48.103459,11.659631528158378 48.10346179883027)
1886	München	Hugo-Lang-Bogen	de:09162:916:3:3	48.103045	11.658875	bus	MATCHED	w472615896	1.4	1.0	Hugo-Lang-Bogen	195,197,N45	Oskar-Maria-Graf-Ring	Oskar-Maria-Graf-Ring	LINESTRING(11.658875 48.103045,11.658872290441371 48.1030570114414)
1887	München	Hugo-Troendle-Straße	de:09162:302:2:1	48.179282	11.514767	tram	MATCHED	n315108863	3.0	0.79	Hugo-Troendle-Straße	20,N20	Wintrichring	Wintrichring	LINESTRING(11.514767 48.179282,11.514804900000001 48.1792911)
1888	München	Hugo-Troendle-Straße	de:09162:302:2:2	48.179354	11.514821	tram	MATCHED	n296001285	9.7	0.59	Hugo-Troendle-Straße	20,N20	Pelkovenstraße	Pelkovenstraße	LINESTRING(11.514821 48.179354,11.514694500000001 48.179374900000006)
1889	München	Hugo-Troendle-Straße	de:09162:302:3:3	48.179438	11.514911		MATCHED	n10944072626	10.0	1.0	Hugo-Troendle-Straße				LINESTRING(11.514911 48.179438,11.5150418 48.179418600000005)
1890	München	Hugo-Troendle-Straße	de:09162:302:4:4	48.179204	11.514686		MATCHED	n10944072625	5.5	0.61	Hugo-Troendle-Straße				LINESTRING(11.514686 48.179204,11.5147461 48.1791758)
1891	München	Hultschiner Straße	de:09162:644:1:1	48.136244	11.634459		NO_MATCH_AND_SEEMS_UNSERVED								POINT(11.634459 48.136244)
1892	München	Hultschiner Straße	de:09162:644:2:2	48.13661	11.634117		NO_MATCH_AND_SEEMS_UNSERVED								POINT(11.634117 48.13661)
1893	München	Hultschiner Straße	de:09162:644:2:3	48.136772	11.634036		NO_MATCH_AND_SEEMS_UNSERVED								POINT(11.634036 48.136772)
1894	München	Humboldtstraße	de:09162:63:1:1	48.119167	11.574999	bus	MATCHED	w373538971	2.4	1.0	Humboldtstraße	52	Winterstraße	Winterstraße	LINESTRING(11.574999 48.119167,11.574992653090563 48.11914603780141)
1895	München	Humboldtstraße	de:09162:63:2:2	48.119917	11.575781	bus	MATCHED	w373538972	4.9	1.0	Humboldtstraße	52	Kolumbusplatz (Nord)	Kolumbusplatz (Nord)	LINESTRING(11.575781 48.119917,11.575745556170082 48.11987980467407)
1896	München	Humboldtstraße	de:09162:63:3:3	48.119545	11.57499		NO_MATCH_AND_SEEMS_UNSERVED								POINT(11.57499 48.119545)
1897	München	Humboldtstraße	de:09162:63:4:4	48.119785	11.574801	bus	MATCHED	w373538973	3.6	1.0	Humboldtstraße	58,N45	Claude-Lorrain-Straße	Claude-Lorrain-Straße	LINESTRING(11.574801 48.119785,11.57480655 48.11975285)
1898	München	Höcherstraße	de:09162:1824:3:HOC 2	48.19398	11.461919		NO_MATCH_AND_SEEMS_UNSERVED								POINT(11.461919 48.19398)
1899	München	Höcherstraße	de:09162:1824:3:HOC 4	48.19398	11.46173	bus	MATCHED	w398731647	7.7	1.0	Höcherstraße	160	St.-Johann-Straße	Sankt-Johann-Straße	LINESTRING(11.46173 48.19398,11.461770054991703 48.19391641524959)
1900	München	Höglwörther Straße	de:09162:1316:1:1	48.106302	11.5226	bus	MATCHED	w393391535	4.6	1.0	Höglwörther Straße	51,63	Murnauer Straße	Murnauer Straße	LINESTRING(11.5226 48.106302,11.522661194841074 48.106300383387264)
1901	München	Höglwörther Straße	de:09162:1316:2:2	48.106704	11.522771	bus	MATCHED	w393391534	13.7	1.0	Höglwörther Straße	51,63	Pilsenseestraße	Pilsenseestraße	LINESTRING(11.522771 48.106704,11.522797429600086 48.10658202197234)
1902	München	Höglwörther Straße	de:09162:1316:3:3	48.10644	11.521513	bus	MATCHED	w369932204	7.7	1.0	Höglwörther Straße	132,151	Aichacher Straße	Aichacher Straße	LINESTRING(11.521513 48.10644,11.521437493565946 48.10639265711004)
1903	München	Höglwörther Straße	de:09162:1316:4:4	48.106368	11.521702	bus	MATCHED	w369932205	2.0	1.0	Höglwörther Straße	132,151	Pilsenseestraße / Grünstraße	Grünstraße	LINESTRING(11.521702 48.106368,11.521690195754479 48.106384337187194)
1904	München	Hönigschmidplatz	de:09162:1652:1:1	48.129841	11.49018	bus	MATCHED	n783905630	4.6	1.0	Hönigschmidplatz	168,N78	Menaristraße	Menaristraße	LINESTRING(11.49018 48.129841,11.490147400000001 48.129806)
1905	München	Hönigschmidplatz	de:09162:1652:2:2	48.130105	11.489003	bus	MATCHED	n783905623	1.6	1.0	Hönigschmidplatz	168,N78	Willibaldstraße	Willibaldstraße	LINESTRING(11.489003 48.130105,11.4889946 48.130091300000004)
1906	München	Hönigschmidplatz	de:09162:1652:31:71	48.128372	11.488006		NO_MATCH_AND_SEEMS_UNSERVED								POINT(11.488006 48.128372)
1907	München	Hörweg	de:09162:1751:1:1	48.152015	11.406727	bus	MATCHED	w1194533522	2.3	1.0	Hörweg	143,157,57,N77	Neuaubing West	Neuaubing West	LINESTRING(11.406727 48.152015,11.406699699999992 48.152005800000005)
1908	München	Hörweg	de:09162:1751:2:2	48.152092	11.406601	bus	MATCHED	w1194533523	5.7	1.0	Hörweg	143,157,57,N77	Otto-Meitinger-Straße	Otto-Meitinger-Straße	LINESTRING(11.406601 48.152092,11.4066773 48.152089550000014)
1909	München	Hörweg	de:09162:1751:3:3	48.151763	11.405801		NO_MATCH_AND_SEEMS_UNSERVED								POINT(11.405801 48.151763)
1910	München	Ilse-Fehling-Straße	de:09162:1741:1:1	48.15721	11.426256		MATCHED	n8614751488	1.0	1.0	Ilse-Fehling-Straße			Staufener Straße	LINESTRING(11.426256 48.15721,11.4262587 48.1572186)
1911	München	Ilse-Fehling-Straße	de:09162:1741:2:2	48.157312	11.426193	bus	MATCHED	n8614751498	2.8	1.0	Ilse-Fehling-Straße	157	Joseph-Suder-Bogen	Joseph-Suder-Bogen	LINESTRING(11.426193 48.157312,11.4262305 48.157308900000004)
1912	München	Ilse-Fehling-Straße	de:09162:1741:3:3	48.157294	11.426795	bus	NO_MATCH_BUT_OTHER_PLATFORM_MATCHED					157	Staufener Straße		POINT(11.426795 48.157294)
1913	München	Iltisstraße	de:09162:940:3:ILT 1	48.103813	11.704078	bus	MATCHED	n307487541	3.7	1.0	Iltisstraße	185,E185	Sperberstraße		LINESTRING(11.704078 48.103813,11.7040436 48.1037892)
1914	München	Im Gefilde	de:09162:964:1:1	48.090812	11.661489	bus	MATCHED	w472882261	3.4	0.83	Im Gefilde	198,55,N45	Tribulaunstraße	Tribulaunstraße	LINESTRING(11.661489 48.090812,11.6614524015915 48.09079335437774)
1915	München	Im Gefilde	de:09162:964:2:2	48.09071	11.661318	bus	MATCHED	w472882259	3.6	0.82	Im Gefilde	198,55,N45	Eulenspiegelstraße / Isengaustraße	Eulenspiegelstraße / Isengaustraße	LINESTRING(11.661318 48.09071,11.66130475 48.090741050000005)
1916	München	Im Gefilde	de:09162:964:3:3	48.089576	11.661579		NO_MATCH_AND_SEEMS_UNSERVED								POINT(11.661579 48.089576)
1917	München	Im Wismat	de:09162:1768:1:1	48.173621	11.466402	bus	MATCHED	w444978250	2.4	1.0	Im Wismat	158	Thuillestraße	Thuillestraße	LINESTRING(11.466402 48.173621,11.466421750000002 48.17363780000001)
1918	München	Impfzentrum (Messe Nord)	de:09162:1261:1:1	48.139547	11.698077		NO_MATCH_AND_SEEMS_UNSERVED								POINT(11.698077 48.139547)
1919	München	Implerstraße	de:09162:1140:1:1	48.118778	11.548202	bus	MATCHED	w369716800	1.5	1.0	Implerstraße	132	Gotzinger Platz	Gotzinger Platz	LINESTRING(11.548202 48.118778,11.548194363751957 48.118790403374625)
1920	München	Implerstraße	de:09162:1140:2:2	48.119389	11.548858	bus	MATCHED	w369716798	2.2	1.0	Implerstraße	132	Senserstraße	Senserstraße	LINESTRING(11.548858 48.119389,11.548886577613095 48.11938346189745)
1921	München	Implerstraße	de:09162:1140:31:41	48.119623	11.548454		NO_MATCH_AND_SEEMS_UNSERVED								POINT(11.548454 48.119623)
1922	München	Implerstraße	de:09162:1140:32:72	48.119036	11.548472		NO_MATCH_AND_SEEMS_UNSERVED								POINT(11.548472 48.119036)
1923	München	Implerstraße	de:09162:1140:33:73	48.118298	11.547636		NO_MATCH_AND_SEEMS_UNSERVED								POINT(11.547636 48.118298)
1924	München	Implerstraße	de:09162:1140:34:44	48.119695	11.548211		NO_MATCH_AND_SEEMS_UNSERVED								POINT(11.548211 48.119695)
1925	München	Implerstraße	de:09162:1140:35:75	48.115197	11.548373		NO_MATCH_AND_SEEMS_UNSERVED								POINT(11.548373 48.115197)
1926	München	Implerstraße	de:09162:1140:3:3	48.119317	11.548975		MATCHED	n11866183231	2.5	1.0	Implerstraße			Parkhaus Blumengroßmarkt	LINESTRING(11.548975 48.119317,11.548979300000001 48.119294700000005)
1927	München	Implerstraße	de:09162:1140:51:51	48.120139	11.548472	light_rail	MATCHED	n99202271	7.6	0.64	Implerstraße	U6	Poccistraße / Harras		LINESTRING(11.548472 48.120139,11.5485241 48.120197600000004)
1928	München	Implerstraße	de:09162:1140:51:53	48.120145	11.548409	light_rail	MATCHED	n2562202420	5.2	0.72	Implerstraße	U3,U6	Poccistraße		LINESTRING(11.548409 48.120145,11.548340000000001 48.120139900000005)
1929	München	Implerstraße	de:09162:1140:52:52	48.120157	11.548283	light_rail	MATCHED	n2644689609	2.4	0.84	Implerstraße	U3,U6	Harras / Brudermühlstraße / Brudermühlstraße		LINESTRING(11.548283 48.120157,11.548300900000001 48.1201395)
1930	München	Implerstraße	de:09162:1140:57:57	48.122238	11.54858	trainish	NO_MATCH_AND_SEEMS_UNSERVED								POINT(11.54858 48.122238)
1931	München	In den Kirschen	de:09162:236:1:1	48.167157	11.509709	bus	MATCHED	w375853623	4.7	1.0	In den Kirschen	143,151,180,51,N78	Nederlinger Straße / Nederlinger Straße / Nederlinger Straße (West)	Nederlinger Straße (West) / Nederlinger Straße	LINESTRING(11.509709 48.167157,11.509648256838812 48.1671459430596)
1932	München	In den Kirschen	de:09162:236:2:2	48.167265	11.509368	bus	MATCHED	w375853607	1.3	1.0	In den Kirschen	143,151,180,51	Maria-Ward-Straße	Maria-Ward-Straße	LINESTRING(11.509368 48.167265,11.50937930496257 48.16727334827315)
1933	München	Infanteriestraße	de:09162:106:1:1	48.161459	11.5537		MATCHED_AMBIGUOUSLY	n199132948	16.4	1.0	Infanteriestraße	12,53,59,N44	Ackermannbogen / Leonrodplatz	Leonrodplatz	LINESTRING(11.5537 48.161459,11.5534794 48.161459)
1934	München	Infanteriestraße	de:09162:106:1:1	48.161459	11.5537		MATCHED_AMBIGUOUSLY	w309120847	11.2	1.0	Infanteriestraße	12,53,59,N44	Ackermannbogen / Leonrodplatz	Ackermannbogen / Leonrodplatz	LINESTRING(11.5537 48.161459,11.553847247317691 48.16148160000919)
1935	München	Infanteriestraße	de:09162:106:1:2	48.161405	11.553961		MATCHED_AMBIGUOUSLY	n1698244838	17.1	1.0	Infanteriestraße	12,53,N43	Barbarastraße	Barbarastraße	LINESTRING(11.553961 48.161405,11.554188600000002 48.1614281)
1936	München	Infanteriestraße	de:09162:106:1:2	48.161405	11.553961		MATCHED_AMBIGUOUSLY	w309120844	8.1	1.0	Infanteriestraße	12,53,N43	Barbarastraße	Barbarastraße	LINESTRING(11.553961 48.161405,11.553852390244398 48.16140240004711)
1937	München	Infanteriestraße	de:09162:106:31:71	48.161597	11.55361		MATCHED	n3144391630	23.7	0.3	Infanteriestraße				LINESTRING(11.55361 48.161597,11.5538319 48.1614439)
1938	München	Infanteriestraße	de:09162:106:32:72	48.161351	11.552658		NO_MATCH_AND_SEEMS_UNSERVED								POINT(11.552658 48.161351)
1939	München	Infanteriestraße	de:09162:106:3:3	48.161884	11.553125		NO_MATCH_AND_SEEMS_UNSERVED								POINT(11.553125 48.161884)
1940	München	Infanteriestraße Süd	de:09162:45:19:71	48.156869	11.558847		NO_MATCH_AND_SEEMS_UNSERVED								POINT(11.558847 48.156869)
1941	München	Infanteriestraße Süd	de:09162:45:19:72	48.157102	11.558865		NO_MATCH_AND_SEEMS_UNSERVED								POINT(11.558865 48.157102)
1942	München	Infanteriestraße Süd	de:09162:45:3:3	48.156521	11.559135	bus	NO_MATCH_BUT_OTHER_PLATFORM_MATCHED					153,154	Hochschule München (Lothstr.) / Winzererstraße		POINT(11.559135 48.156521)
1943	München	Infanteriestraße Süd	de:09162:45:3:INS 1	48.156587	11.558811		MATCHED	w377796570	28.6	1.0	Infanteriestraße Süd			Winzererstraße / Hochschule München (Lothstraße)	LINESTRING(11.558811 48.156587,11.559184559410372 48.15652793374745)
1944	München	Infanteriestraße Süd	de:09162:45:3:INS 2	48.156413	11.559045	bus	MATCHED	w377796566	3.8	1.0	Infanteriestraße Süd	153,154	Görresstraße	Görresstraße	LINESTRING(11.559045 48.156413,11.559096453855021 48.15641439723274)
1945	München	Ingolstädter Straße	de:09162:426:1:1	48.187338	11.584225	bus	MATCHED	w277106259	2.0	0.88	Ingolstädter Straße	140,141	Domagkstraße West	Domagkstraße West	LINESTRING(11.584225 48.187338,11.584234704151196 48.18732094946565)
1946	München	Ingolstädter Straße	de:09162:426:2:2	48.187799	11.585482	bus	MATCHED	w277106258	9.2	0.69	Ingolstädter Straße	177	Schwabing Nord	Schwabing Nord (T)	LINESTRING(11.585482 48.187799,11.585604379839316 48.18778992904575)
1947	München	Ingolstädter Straße	de:09162:426:3:3	48.187997	11.583596	bus	MATCHED	w277106257	11.7	0.65	Ingolstädter Straße	177	Oberhofer Platz	Oberhofer Platz	LINESTRING(11.583596 48.187997,11.583753017960785 48.18799580421754)
1948	München	Ingolstädter Straße	de:09162:426:4:4	48.188171	11.584566	bus	MATCHED	w277106260	5.9	0.76	Ingolstädter Straße	140,141	Euro-Industriepark West	Euro-Industriepark West	LINESTRING(11.584566 48.188171,11.584562217905004 48.188223759775774)
1949	München	Innsbrucker Ring	de:09162:1060:31:41	48.120523	11.6196		NO_MATCH_AND_SEEMS_UNSERVED								POINT(11.6196 48.120523)
1950	München	Innsbrucker Ring	de:09162:1060:32:42	48.120163	11.621262		NO_MATCH_AND_SEEMS_UNSERVED								POINT(11.621262 48.120163)
1951	München	Innsbrucker Ring	de:09162:1060:33:43	48.120427	11.621433		NO_MATCH_AND_SEEMS_UNSERVED								POINT(11.621433 48.120427)
1952	München	Innsbrucker Ring	de:09162:1060:34:74	48.120709	11.620517		NO_MATCH_AND_SEEMS_UNSERVED								POINT(11.620517 48.120709)
1953	München	Innsbrucker Ring	de:09162:1060:35:75	48.120151	11.619861		NO_MATCH_AND_SEEMS_UNSERVED								POINT(11.619861 48.120151)
1954	München	Innsbrucker Ring	de:09162:1060:51:51	48.120499	11.618702	light_rail	MATCHED	n2665022752	3.5	0.79	Innsbrucker Ring	U2,U8	Karl-Preis-Platz		LINESTRING(11.618702 48.120499,11.6186887 48.120469)
1955	München	Innsbrucker Ring	de:09162:1060:51:53	48.120565	11.618702	light_rail	MATCHED	n2642310553	0.9	0.93	Innsbrucker Ring	U5	Ostbahnhof		LINESTRING(11.618702 48.120565,11.618708100000001 48.120572)
1956	München	Innsbrucker Ring	de:09162:1060:52:52	48.120409	11.618702	light_rail	MATCHED	n3114624164	2.1	0.86	Innsbrucker Ring	U2,U8	Josephsburg / Michaelibad		LINESTRING(11.618702 48.120409,11.6186775 48.120398900000005)
1957	München	Innsbrucker Ring	de:09162:1060:52:54	48.120337	11.618693	light_rail	MATCHED	n1358742633	4.4	0.75	Innsbrucker Ring	U5	Michaelibad		LINESTRING(11.618693 48.120337,11.6186653 48.120302)
1958	München	Irisstraße	de:09162:352:1:1	48.19692	11.545624	bus	MATCHED	w390071269	2.1	1.0	Irisstraße	173	Robinienstraße	Robinienstraße	LINESTRING(11.545624 48.19692,11.545597255602361 48.19691535051723)
1959	München	Irisstraße	de:09162:352:2:2	48.196411	11.545777	bus	MATCHED	w390071268	1.0	1.0	Irisstraße	173	Schittgablerstraße	Schittgablerstraße	LINESTRING(11.545777 48.196411,11.545772910869886 48.196419104268195)
1960	München	Isarring	de:09162:620:1:1	48.15437	11.612144	bus	MATCHED	w386838101	10.9	1.0	Isarring	188,189	Mahirstraße	Mahirstraße	LINESTRING(11.612144 48.15437,11.612081479000087 48.154281836484806)
1961	München	Isarring	de:09162:620:2:2	48.153824	11.611363	bus	MATCHED	w386838102	2.5	1.0	Isarring	188,189	Herkomerplatz	Herkomerplatz	LINESTRING(11.611363 48.153824,11.61137137994325 48.153845824138145)
1962	München	Isartor	de:09162:3:2:1	48.133306	11.58321	tram	MATCHED	n203210007	3.6	0.76	Isartor	17,21,N17	Deutsches Museum	Deutsches Museum	LINESTRING(11.58321 48.133306,11.583248900000001 48.1333258)
1963	München	Isartor	de:09162:3:2:2	48.133576	11.583111	tram	MATCHED	n1680304960	5.1	0.71	Isartor	17,21,N17	Reichenbachplatz	Reichenbachplatz	LINESTRING(11.583111 48.133576,11.583130800000001 48.133531700000006)
1964	München	Isartor	de:09162:3:31:41	48.133396	11.583075		NO_MATCH_AND_SEEMS_UNSERVED								POINT(11.583075 48.133396)
1965	München	Isartor	de:09162:3:32:42	48.13354	11.58329		MATCHED	n1689058977	55.6	0.15	Isartor			Reichenbachplatz	LINESTRING(11.58329 48.13354,11.583195400000001 48.13403640000001)
1966	München	Isartor	de:09162:3:34:74	48.135255	11.582491		NO_MATCH_AND_SEEMS_UNSERVED								POINT(11.582491 48.135255)
1967	München	Isartor	de:09162:3:35:75	48.134607	11.581548		NO_MATCH_AND_SEEMS_UNSERVED								POINT(11.581548 48.134607)
1968	München	Isartor	de:09162:3:36:76	48.134428	11.578511		NO_MATCH_AND_SEEMS_UNSERVED								POINT(11.578511 48.134428)
1969	München	Isartor	de:09162:3:39:73	48.134511	11.579491		NO_MATCH_AND_SEEMS_UNSERVED								POINT(11.579491 48.134511)
1970	München	Isartor	de:09162:3:3:3	48.13405	11.583515	tram	MATCHED	n1689059012	3.0	0.79	Isartor	16,19,N19	Mariannenplatz	Mariannenplatz	LINESTRING(11.583515 48.13405,11.583499000000002 48.134074500000004)
1971	München	Isartor	de:09162:3:3:4	48.134116	11.583192		MATCHED	w313589392	0.8	1.0	Isartor	132,16,19,N19	Reichenbachplatz / Tal	Tal / Reichenbachplatz	LINESTRING(11.583192 48.134116,11.583181524312996 48.134118138143364)
1972	München	Isartor	de:09162:3:40:81	48.134212	11.58303	train	MATCHED	n478521713	11.5	0.54	Isartor	S1,S2,S3,S4,S5,S6,S8	Rosenheimer Platz / Marienplatz	Rosenheimer Platz	LINESTRING(11.58303 48.134212,11.583139200000002 48.1341389)
1973	München	Isartor	de:09162:3:40:82	48.134284	11.583147	train	MATCHED	n60013075	10.7	0.7	Isartor	S1,S2,S3,S4,S5,S6,S8	Marienplatz	Marienplatz	LINESTRING(11.583147 48.134284,11.5832438 48.1342129)
1974	München	Isartor	de:09162:3:71:71	48.135423	11.581		NO_MATCH_AND_SEEMS_UNSERVED								POINT(11.581 48.135423)
1975	München	Isartor/Zweibrückenstraße	de:09162:26:1:1	48.132737	11.583767	bus	MATCHED	w369593069	1.0	1.0	Isartor/Zweibrückenstraße	132	Boschbrücke	Boschbrücke	LINESTRING(11.583767 48.132737,11.583768658357698 48.132727802540096)
1976	München	Isartor/Zweibrückenstraße	de:09162:26:2:2	48.132791	11.584252		NO_MATCH_AND_SEEMS_UNSERVED								POINT(11.584252 48.132791)
1977	München	Isartor/Zweibrückenstraße	de:09162:26:31:71	48.132587	11.582922		NO_MATCH_AND_SEEMS_UNSERVED								POINT(11.582922 48.132587)
1978	München	Isengaustraße	de:09162:976:3:IGS 1	48.086461	11.661803	bus	MATCHED	w474364839	1.5	0.9	Isengaustraße	198	Klara-Ziegler-Bogen	Klara-Ziegler-Bogen	LINESTRING(11.661803 48.086461,11.6617981468494 48.086448250000004)
1979	München	Isengaustraße	de:09162:976:3:IGS 2	48.086425	11.66192	bus	MATCHED	w474364842	1.0	0.92	Isengaustraße	198	Im Gefilde	Im Gefilde	LINESTRING(11.66192 48.086425,11.661912494645108 48.08641794997972)
1980	München	Ittlingerstraße	de:09162:357:3:ITL 1	48.208409	11.555802	bus	MATCHED	w375743536	2.5	1.0	Ittlingerstraße	170,171,60,N76	Hasenbergl Süd / Hasenbergl Süd	Hasenbergl Süd	LINESTRING(11.555802 48.208409,11.555770798169476 48.20840137967488)
1981	München	Ittlingerstraße	de:09162:357:3:ITL 2	48.208289	11.555757	bus	MATCHED	w375743537	0.6	1.0	Ittlingerstraße	170,171,60,N76	Hasenbergl / Weitlstraße	Weitlstraße / Hasenbergl	LINESTRING(11.555757 48.208289,11.55576429213447 48.2082915136071)
1982	München	Ittlingerstraße	de:09162:357:99:69	48.210552	11.55609		NO_MATCH_AND_SEEMS_UNSERVED								POINT(11.55609 48.210552)
1983	München	Jagdhornstraße	de:09162:995:1:1	48.112228	11.704931	bus	MATCHED	n1029977787	1.7	1.0	Jagdhornstraße	193,N79	Von-Erckert-Straße	Von-Erckert-Straße	LINESTRING(11.704931 48.112228,11.7049181 48.1122158)
1984	München	Jagdhornstraße	de:09162:995:2:2	48.11239	11.70512	bus	MATCHED	n992677147	5.3	1.0	Jagdhornstraße	193,N79	Phantasiestraße	Phantasiestraße	LINESTRING(11.70512 48.11239,11.7050494 48.1123941)
1985	München	Jakob-Gelb-Platz	de:09162:1163:1:1	48.11338	11.571864	bus	MATCHED	w378497297	2.7	1.0	Jakob-Gelb-Platz	52	Winterstraße	Winterstraße	LINESTRING(11.571864 48.11338,11.571851044588259 48.113402337890186)
1986	München	Jakob-Gelb-Platz	de:09162:1163:2:2	48.11383	11.571927	bus	MATCHED	w378497296	0.8	1.0	Jakob-Gelb-Platz	52	Candidplatz	Candidplatz	LINESTRING(11.571927 48.11383,11.571916345469484 48.11383028493636)
1987	München	Jakob-Kaiser-Straße	de:09162:1016:1:1	48.104227	11.640792	bus	MATCHED	w376498494	4.9	1.0	Jakob-Kaiser-Straße	139,196	Neuperlach Zentrum / Neuperlach Zentrum	Neuperlach Zentrum	LINESTRING(11.640792 48.104227,11.640787340408464 48.10427112501824)
1988	München	Jakob-Kaiser-Straße	de:09162:1016:2:2	48.104443	11.639974	bus	MATCHED	w376498493	7.1	1.0	Jakob-Kaiser-Straße	139,196	Holzwiesenstraße	Holzwiesenstraße	LINESTRING(11.639974 48.104443,11.640055407304493 48.10441062508277)
1989	München	Jaspersallee	de:09162:1717:1:1	48.163838	11.435131	bus	MATCHED	w375853624	2.4	1.0	Jaspersallee	143,N81	Langwied	Langwied Bahnhof	LINESTRING(11.435131 48.163838,11.435146359080427 48.16381928972003)
1990	München	Jaspersallee	de:09162:1717:2:2	48.163556	11.435742	bus	MATCHED	w375853633	3.3	1.0	Jaspersallee	143,N80	Alte Allee / Alte Allee	Alte Allee	LINESTRING(11.435742 48.163556,11.435779647872081 48.16354024703833)
1991	München	Johann-Clanze-Straße	de:09162:1335:1:1	48.112828	11.533138		NO_MATCH_AND_SEEMS_UNSERVED								POINT(11.533138 48.112828)
1992	München	Johann-Clanze-Straße	de:09162:1335:2:2	48.113062	11.533892	bus	MATCHED	w369932207	4.1	1.0	Johann-Clanze-Straße	132,53,N41	Harras	Harras	LINESTRING(11.533892 48.113062,11.533871874942685 48.11302742020196)
1993	München	Johann-Clanze-Straße	de:09162:1335:30:70	48.113962	11.533829		NO_MATCH_AND_SEEMS_UNSERVED								POINT(11.533829 48.113962)
1994	München	Johann-Clanze-Straße	de:09162:1335:3:3	48.112498	11.53373		MATCHED	w376756253	85.4	1.0	Johann-Clanze-Straße			Adunistraße / Friedrich-Hebbel-Straße	LINESTRING(11.53373 48.112498,11.533674048747054 48.113265018120885)
1995	München	Johann-Clanze-Straße	de:09162:1335:4:4	48.113248	11.533668	bus	NO_MATCH_BUT_OTHER_PLATFORM_MATCHED					132,53,N41	Adunistraße / Friedrich-Hebbel-Straße		POINT(11.533668 48.113248)
1996	München	Johanneskirchen	de:09162:720:1:1	48.169398	11.647601		MATCHED	w399535971	0.9	0.77	Johanneskirchen Bahnhof	154,S6,S8	Bichlhofweg / Englschalking	Bichlhofweg	LINESTRING(11.647601 48.169398,11.647609576882493 48.169392389827316)
1997	München	Johanneskirchen	de:09162:720:1:2	48.169308	11.647601		MATCHED	w399535972	1.2	0.75	Johanneskirchen Bahnhof	154,S6,S8	Unterföhring / Lübecker Straße / Englschalking	Lübecker Straße	LINESTRING(11.647601 48.169308,11.647586160632715 48.16931210435101)
1998	München	Johanneskirchen	de:09162:720:3:3	48.168451	11.646209	bus	MATCHED	w364535415	6.1	0.67	Johanneskirchen Bahnhof	50	Bichlhofweg	Bichlhofweg	LINESTRING(11.646209 48.168451,11.646273107812865 48.16848508496949)
1999	München	Johanneskirchen	de:09162:720:40:82	48.167912	11.646002	trainish	MATCHED	n1501209665	32.5	0.31	Johanneskirchen			Unterföhring	LINESTRING(11.646002 48.167912,11.646076200000001 48.1676243)
2000	München	Johanneskirchen	de:09162:720:40:83	48.1679	11.645858	trainish	MATCHED	n650103868	33.3	0.31	Johanneskirchen			Englschalking	LINESTRING(11.645858 48.1679,11.6459355 48.1676051)
2001	München	Johanneskirchen	de:09162:720:41:81	48.167499	11.646173	trainish	NO_MATCH_AND_SEEMS_UNSERVED								POINT(11.646173 48.167499)
2002	München	Johanneskirchen Bf. West	de:09162:721:3:JOW 1	48.169338	11.644663	bus	MATCHED	w399535970	5.2	1.0	Johanneskirchen Bahnhof West	154,50	Johanneskirchen / Johanneskirchen	Johanneskirchen Bahnhof	LINESTRING(11.644663 48.169338,11.644594443202246 48.16932995374213)
2003	München	Johanneskirchner Straße	de:09162:602:1:1	48.16793	11.643145	bus	MATCHED	w399535975	4.1	1.0	Johanneskirchner Straße	50,N72	Regina-Ullmann-Straße	Regina-Ullmann-Straße	LINESTRING(11.643145 48.16793,11.643096438290305 48.16791274319894)
2004	München	Johanneskirchner Straße	de:09162:602:2:2	48.167481	11.643576	bus	MATCHED	w399535973	1.0	1.0	Johanneskirchner Straße	154	Grimmeisenstraße / Englschalkinger Straße	Grimmeisenstraße	LINESTRING(11.643576 48.167481,11.643567300000003 48.167488350000006)
2005	München	Johanneskirchner Straße	de:09162:602:32:72	48.166887	11.643774		NO_MATCH_AND_SEEMS_UNSERVED								POINT(11.643774 48.166887)
2006	München	Johanneskirchner Straße	de:09162:602:3:3	48.168397	11.643639	bus	MATCHED	w399535974	2.3	1.0	Johanneskirchner Straße	154,50	Johanneskirchen Bf. West	Johanneskirchen Bahnhof West	LINESTRING(11.643639 48.168397,11.643609300000001 48.168402449999995)
2007	München	Josef-Frankl-Straße	de:09162:1984:1:1	48.214928	11.53073	bus	MATCHED	w390071274	2.0	1.0	Josef-Frankl-Straße	173	Lerchenstraße	Lerchenstraße	LINESTRING(11.53073 48.214928,11.53070351540324 48.214928182300454)
2008	München	Josef-Frankl-Straße	de:09162:1984:1:2	48.214802	11.53055	bus	MATCHED	w390071273	3.1	1.0	Josef-Frankl-Straße	173	Bergwachtstraße	Bergwachtstraße	LINESTRING(11.53055 48.214802,11.53053412014559 48.21477642568776)
2009	München	Josef-Frankl-Straße	de:09162:1984:3:3	48.215174	11.531359	bus	MATCHED	w390071271	8.7	1.0	Josef-Frankl-Straße	172,X206	Grashofstraße / Oberschl., Schönleutnerstr.	Grashofstraße / Oberschleißheim, Schönleutnerstraße	LINESTRING(11.531359 48.215174,11.531467621455285 48.21514571560629)
2010	München	Josef-Frankl-Straße	de:09162:1984:3:4	48.21509	11.531278	bus	MATCHED	w390071270	4.0	1.0	Josef-Frankl-Straße	172,X206	Lerchenstraße / Feldmoching	Feldmoching Bahnhof / Lerchenstraße	LINESTRING(11.531278 48.21509,11.531224350000002 48.21509340000001)
2011	München	Josef-Lang-Straße	de:09162:1849:1:1	48.150163	11.472106	bus	MATCHED	w379853753	4.8	1.0	Josef-Lang-Straße	161,162,N77	Nusselstraße	Nusselstraße	LINESTRING(11.472106 48.150163,11.472170217748461 48.15015886130334)
2012	München	Josef-Lang-Straße	de:09162:1849:2:2	48.150055	11.471926	bus	MATCHED	w379853754	2.2	1.0	Josef-Lang-Straße	161,162,N77	Erna-Eckstein-Straße / Schmaedelstraße	Erna-Eckstein-Straße / Schmaedelstraße	LINESTRING(11.471926 48.150055,11.471896984153181 48.15005919298428)
2013	München	Josef-Lang-Straße	de:09162:1849:31:71	48.150163	11.471495	bus	NO_MATCH_AND_SEEMS_UNSERVED								POINT(11.471495 48.150163)
2014	München	Josef-Wirth-Weg	de:09162:544:1:1	48.199069	11.626248	bus	MATCHED	w372415493	3.4	1.0	Josef-Wirth-Weg	181,182	Emmerigweg	Emmerigweg	LINESTRING(11.626248 48.199069,11.626225888110344 48.19904264452298)
2015	München	Josef-Wirth-Weg	de:09162:544:2:2	48.199063	11.626499	bus	MATCHED	w372415494	9.3	1.0	Josef-Wirth-Weg	181,182	Großlappen	Großlappen	LINESTRING(11.626499 48.199063,11.626445049999997 48.19898755)
2016	München	Joseph-Dollinger-Bogen	de:09162:429:1:1	48.186494	11.607159	bus	MATCHED	w372415477	4.5	1.0	Joseph-Dollinger-Bogen	177	Lilienthalallee Süd	Lilienthalallee Süd	LINESTRING(11.607159 48.186494,11.6071054185696 48.18651271681053)
2017	München	Joseph-Dollinger-Bogen	de:09162:429:2:2	48.186362	11.606224	bus	MATCHED	w372415478	2.9	1.0	Joseph-Dollinger-Bogen	177	Studentenstadt	Studentenstadt (U)	LINESTRING(11.606224 48.186362,11.606244846960495 48.18634011686478)
2018	München	Joseph-Suder-Bogen	de:09162:1739:1:1	48.156509	11.423031	bus	MATCHED	n8614751489	1.9	1.0	Joseph-Suder-Bogen	157	Ilse-Fehling-Straße	Ilse-Fehling-Straße	LINESTRING(11.423031 48.156509,11.4230052 48.156506400000005)
2019	München	Joseph-Suder-Bogen	de:09162:1739:2:2	48.156605	11.422977	bus	MATCHED	n8614751497	2.4	1.0	Joseph-Suder-Bogen	157	Elisabeth-Jost-Straße	Elisabeth-Jost-Straße	LINESTRING(11.422977 48.156605,11.4229649 48.1565851)
2020	München	Josephinenstraße	de:09162:1331:31:71	48.082663	11.536075		NO_MATCH_AND_SEEMS_UNSERVED								POINT(11.536075 48.082663)
2021	München	Josephinenstraße	de:09162:1331:3:JPS 2	48.082411	11.537099	bus	MATCHED	w376756272	1.0	1.0	Josephinenstraße	135	Hinterbrühl	Hinterbrühl	LINESTRING(11.537099 48.082411,11.537101400832064 48.08240218245216)
2022	München	Josephinenstraße	de:09162:1331:3:JPS 7	48.082417	11.536937	bus	MATCHED	w376756262	1.5	1.0	Josephinenstraße	135	Friedastraße	Friedastraße	LINESTRING(11.536937 48.082417,11.536931125000226 48.08240390140526)
2023	München	Josephsburg	de:09162:1220:1:1	48.127155	11.634926		MATCHED	w371173862	0.5	1.0	Josephsburg				LINESTRING(11.634926 48.127155,11.634920317303976 48.12715283166877)
2024	München	Josephsburg	de:09162:1220:2:2	48.126915	11.634539	bus	MATCHED	w371173861	1.9	1.0	Josephsburg	187	Baumkirchner Straße	Baumkirchner Straße	LINESTRING(11.634539 48.126915,11.63452146081181 48.1269279186397)
2025	München	Josephsburg	de:09162:1220:30:72	48.127359	11.635123		NO_MATCH_AND_SEEMS_UNSERVED								POINT(11.635123 48.127359)
2026	München	Josephsburg	de:09162:1220:3:3	48.126747	11.634243	bus	MATCHED	w460402176	4.4	1.0	Josephsburg	187	Sankt Michael	Sankt Michael	LINESTRING(11.634243 48.126747,11.634235850005705 48.12670787737418)
2027	München	Josephsburg	de:09162:1220:51:51	48.126621	11.633803	light_rail	MATCHED	n2522357498	2.9	0.82	Josephsburg	U2	Innsbrucker Ring		LINESTRING(11.633803 48.126621,11.633764800000002 48.1266253)
2028	München	Josephsburg	de:09162:1220:51:52	48.126555	11.63383	light_rail	MATCHED	n3114542704	5.2	0.72	Josephsburg	U2	Kreillerstraße		LINESTRING(11.63383 48.126555,11.633810400000002 48.126510100000004)
2029	München	Josephsplatz	de:09162:130:1:1	48.154855	11.566312	bus	MATCHED	w377796579	4.8	1.0	Josephsplatz	153,154	Görresstraße	Görresstraße	LINESTRING(11.566312 48.154855,11.5662475 48.154858600000004)
2030	München	Josephsplatz	de:09162:130:2:2	48.154795	11.56607	bus	MATCHED	w377796574	6.0	1.0	Josephsplatz	153,154	Augustenstraße	Augustenstraße	LINESTRING(11.56607 48.154795,11.56601037102074 48.15483167040982)
2031	München	Josephsplatz	de:09162:130:51:51	48.155652	11.567112	light_rail	MATCHED	n2543567530	5.0	0.72	Josephsplatz	U2,U8	Hohenzollernplatz / Hohenzollernplatz		LINESTRING(11.567112 48.155652,11.5671573 48.1556853)
2032	München	Josephsplatz	de:09162:130:51:52	48.155676	11.567004	light_rail	MATCHED	n2543567532	4.2	0.76	Josephsplatz	U2,U8	Theresienstraße		LINESTRING(11.567004 48.155676,11.5669819 48.1557107)
2033	München	Kafkastraße	de:09162:960:1:1	48.098408	11.648876	bus	MATCHED	w391355830	4.6	0.8	Kafkastraße	197,198,55	Sudermannallee	Sudermannallee	LINESTRING(11.648876 48.098408,11.648814922497504 48.09841219987237)
2034	München	Kafkastraße	de:09162:960:2:2	48.098612	11.648634	bus	MATCHED	w391355831	1.7	0.89	Kafkastraße	197,198,55	Neuperlach Zentrum / Neuperlach Zentrum / Neuperlach Zentrum	Neuperlach Zentrum	LINESTRING(11.648634 48.098612,11.6486437 48.09859835)
2035	München	Kafkastraße	de:09162:960:31:71	48.098072	11.647125		NO_MATCH_AND_SEEMS_UNSERVED								POINT(11.647125 48.098072)
2036	München	Kafkastraße	de:09162:960:32:72	48.09815	11.647852		NO_MATCH_AND_SEEMS_UNSERVED								POINT(11.647852 48.09815)
2037	München	Kaiserhölzlstraße	de:09162:1978:3:KAI 1	48.216263	11.508335	bus	MATCHED	w398700058	1.0	1.0	Kaiserhölzlstraße	172	Siedlung Ludwigsfeld	Siedlung Ludwigsfeld	LINESTRING(11.508335 48.216263,11.508339600000001 48.21625434999999)
2038	München	Kaiserhölzlstraße	de:09162:1978:3:KAI 2	48.216287	11.508838	bus	MATCHED	w398700057	2.4	1.0	Kaiserhölzlstraße	172	Feldmochinger See	Feldmochinger See	LINESTRING(11.508838 48.216287,11.508808818948705 48.216277155513396)
2039	München	Kammerspiele	de:09162:18:1:KAM71	48.138037	11.58515		NO_MATCH_AND_SEEMS_UNSERVED								POINT(11.58515 48.138037)
2040	München	Kammerspiele	de:09162:18:1:KAM72	48.138246	11.585222		MATCHED	n3194144161	165.6	0.06	Kammerspiele				LINESTRING(11.585222 48.138246,11.5830383 48.138532000000005)
2041	München	Kammerspiele	de:09162:18:2:KAM 1	48.138588	11.583057	tram	MATCHED	n1239854170	5.5	0.7	Kammerspiele	19,21,N19	Nationaltheater	Nationaltheater	LINESTRING(11.583057 48.138588,11.583003300000001 48.138553400000006)
2042	München	Kammerspiele	de:09162:18:2:KAM 2	48.138462	11.583075	tram	MATCHED	n1239854160	5.4	0.7	Kammerspiele	19,21,N19	Maxmonument	Maxmonument	LINESTRING(11.583075 48.138462,11.5830678 48.138510700000005)
2043	München	Kandinskystraße	de:09162:1348:1:1	48.085375	11.506305		NO_MATCH_AND_SEEMS_UNSERVED								POINT(11.506305 48.085375)
2044	München	Kandinskystraße	de:09162:1348:1:2	48.085873	11.506503		NO_MATCH_AND_SEEMS_UNSERVED								POINT(11.506503 48.085873)
2045	München	Kandinskystraße	de:09162:1348:32:71	48.083791	11.506745		NO_MATCH_AND_SEEMS_UNSERVED								POINT(11.506745 48.083791)
2046	München	Kandinskystraße	de:09162:1348:32:72	48.083875	11.506979		NO_MATCH_AND_SEEMS_UNSERVED								POINT(11.506979 48.083875)
2047	München	Kapuzinerplatz/Arbeitsagentur	de:09162:58:1:1	48.126747	11.558515	bus	MATCHED	w373538989	1.4	1.0	Kapuzinerplatz/Arbeitsagentur	58,N45	Goetheplatz / Goetheplatz	Goetheplatz	LINESTRING(11.558515 48.126747,11.5584991 48.12674015000001)
2048	München	Kapuzinerplatz/Arbeitsagentur	de:09162:58:2:2	48.126747	11.558353	bus	MATCHED	w373538974	28.7	1.0	Kapuzinerplatz/Arbeitsagentur	68,N45	Kapuzinerstraße	Kapuzinerstraße	LINESTRING(11.558353 48.126747,11.558337098062337 48.1270046243485)
2049	München	Kapuzinerstraße	de:09162:59:11:71	48.124858	11.561758		NO_MATCH_AND_SEEMS_UNSERVED								POINT(11.561758 48.124858)
2050	München	Kapuzinerstraße	de:09162:59:1:1	48.125314	11.561542	bus	MATCHED	w373538975	1.4	1.0	Kapuzinerstraße	58,N45	Kapuzinerplatz/Arbeitsagentur	Kapuzinerplatz/Arbeitsagentur	LINESTRING(11.561542 48.125314,11.561526398722894 48.12530686947905)
2051	München	Kapuzinerstraße	de:09162:59:2:2	48.125212	11.561488	bus	MATCHED	w373538976	2.4	1.0	Kapuzinerstraße	68,N45	Baldeplatz	Baldeplatz	LINESTRING(11.561488 48.125212,11.561463361201229 48.125198194520955)
2052	München	Kapuzinerstraße	de:09162:59:3:3	48.124918	11.561569	bus	MATCHED	w373538977	5.6	1.0	Kapuzinerstraße	62	Zenettistraße	Zenettistraße	LINESTRING(11.561569 48.124918,11.5615343 48.12487285)
2053	München	Kapuzinerstraße	de:09162:59:4:4	48.12535	11.562171	bus	MATCHED	w373538978	9.4	1.0	Kapuzinerstraße	62	Waltherstraße	Waltherstraße	LINESTRING(11.562171 48.12535,11.56209914477382 48.125280592956116)
2054	München	Karl-Hänel-Straße	de:09162:1836:1:1	48.200081	11.447528	bus	MATCHED	w398731649	4.8	1.0	Karl-Hänel-Straße	164	Pregerstraße	Pregerstraße	LINESTRING(11.447528 48.200081,11.44747800162686 48.20005376655479)
2055	München	Karl-Hänel-Straße	de:09162:1836:2:2	48.200416	11.447834	bus	MATCHED	w398731648	1.7	1.0	Karl-Hänel-Straße	164	Augustenfelder Straße	Augustenfelder Straße	LINESTRING(11.447834 48.200416,11.447818632406685 48.20040455290934)
2056	München	Karl-Hänel-Straße	de:09162:1836:31:71	48.200279	11.447968		NO_MATCH_AND_SEEMS_UNSERVED								POINT(11.447968 48.200279)
2057	München	Karl-Marx-Ring	de:09162:1011:1:1	48.109026	11.650386	bus	MATCHED	w472615908	0.3	1.0	Karl-Marx-Ring	197,N45	Peschelanger	Peschelanger	LINESTRING(11.650386 48.109026,11.650382489501782 48.10902781045097)
2058	München	Karl-Marx-Ring	de:09162:1011:2:2	48.109229	11.649389	bus	MATCHED	w472615906	2.5	1.0	Karl-Marx-Ring	197,N45	Quiddestraße	Quiddestraße	LINESTRING(11.649389 48.109229,11.649417812451619 48.10921729997029)
2059	München	Karl-Preis-Platz	de:09162:1070:1:1	48.118586	11.610357	bus	MATCHED	w373592130	5.0	1.0	Karl-Preis-Platz	59	Aschheimer Straße	Aschheimer Straße	LINESTRING(11.610357 48.118586,11.610373657135643 48.11862912099054)
2060	München	Karl-Preis-Platz	de:09162:1070:2:2	48.118346	11.609117	bus	MATCHED	w373592134	3.8	1.0	Karl-Preis-Platz	145,N75	Thomasiusplatz	Thomasiusplatz	LINESTRING(11.609117 48.118346,11.609076241398004 48.118325156614)
2061	München	Karl-Preis-Platz	de:09162:1070:30:70	48.118778	11.609414		NO_MATCH_AND_SEEMS_UNSERVED								POINT(11.609414 48.118778)
2062	München	Karl-Preis-Platz	de:09162:1070:3:3	48.118724	11.609261	bus	MATCHED	w373592139	5.0	1.0	Karl-Preis-Platz	145,155,55,N45,N75,X200	Anzinger Straße / Ostbahnhof	Anzinger Straße	LINESTRING(11.609261 48.118724,11.609211087600666 48.11875345823319)
2063	München	Karl-Preis-Platz	de:09162:1070:4:4	48.118142	11.610006	bus	MATCHED	w373592137	1.4	1.0	Karl-Preis-Platz	155,55,59,N45	Ramersdorf / Ramersdorf	Ramersdorf	LINESTRING(11.610006 48.118142,11.609996218662326 48.11813098975537)
2064	München	Karl-Preis-Platz	de:09162:1070:51:51	48.117962	11.608398	light_rail	MATCHED	n2566428180	9.1	0.6	Karl-Preis-Platz	U2,U8	Giesing		LINESTRING(11.608398 48.117962,11.6082934 48.1179197)
2065	München	Karl-Preis-Platz	de:09162:1070:51:52	48.117908	11.608452	light_rail	MATCHED	n2566428179	10.2	0.57	Karl-Preis-Platz	U2,U8	Innsbrucker Ring		LINESTRING(11.608452 48.117908,11.6083929 48.117825)
2066	München	Karl-Preis-Platz	de:09162:1070:5:5	48.118166	11.609782	bus	MATCHED	n5078878901	24.2	1.0	Karl-Preis-Platz	X200	Taufkirchen, Hugo-Junkers-Str. / Taufkirchen, Lilienthalstr.		LINESTRING(11.609782 48.118166,11.609994 48.1180007)
2067	München	Karl-Schmid-Straße	de:09162:972:3:KSS 1	48.132119	11.66916	bus	MATCHED	w472560550	4.5	1.0	Karl-Schmid-Straße	194	Moosfeld Gewerbegebiet / Moosfeld Gewerbegebiet	Moosfeld Gewerbegebiet	LINESTRING(11.66916 48.132119,11.669109243342048 48.13209697661906)
2068	München	Karl-Schmid-Straße	de:09162:972:3:KSS 2	48.132293	11.669062	bus	MATCHED	w472560552	3.8	1.0	Karl-Schmid-Straße	194	Stahlgruberring	Stahlgruberring	LINESTRING(11.669062 48.132293,11.66909675 48.132268200000006)
2069	München	Karl-Theodor-Straße	de:09162:421:2:2	48.166732	11.574002	tram	MATCHED	n1562831842	6.6	0.66	Karl-Theodor-Straße	12,27,28	Clemensstraße	Clemensstraße	LINESTRING(11.574002 48.166732,11.5740274 48.1666752)
2070	München	Karl-Theodor-Straße	de:09162:421:31:21	48.166875	11.574226		MATCHED	w467941940	8.4	0.52	Karl-Theodor-Straße (SEV)				LINESTRING(11.574226 48.166875,11.5742211 48.16679965)
2071	München	Karl-Theodor-Straße	de:09162:421:32:22	48.166839	11.573867		MATCHED	n3207960869	12.1	0.43	Karl-Theodor-Straße				LINESTRING(11.573867 48.166839,11.5740288 48.166827000000005)
2072	München	Karl-Theodor-Straße	de:09162:421:33:73	48.167013	11.574658		MATCHED	n1698244845	48.8	0.17	Karl-Theodor-Straße			Scheidplatz	LINESTRING(11.574658 48.167013,11.5740437 48.166858500000004)
2073	München	Karl-Theodor-Straße	de:09162:421:39:71	48.166174	11.581611		NO_MATCH_AND_SEEMS_UNSERVED								POINT(11.581611 48.166174)
2074	München	Karl-von-Roth-Straße	de:09162:1916:3:KVR 1	48.179228	11.474747	bus	MATCHED	w379853755	5.3	0.78	Karl-von-Roth-Straße	162	Von-Reuter-Straße	Von-Reuter-Straße	LINESTRING(11.474747 48.179228,11.474751449999998 48.179275350000005)
2075	München	Karl-von-Roth-Straße	de:09162:1916:3:KVR 2	48.179198	11.47463	bus	MATCHED	w379853756	2.4	0.86	Karl-von-Roth-Straße	162	Untermenzing	Untermenzing Bahnhof	LINESTRING(11.47463 48.179198,11.474628199865345 48.1791765163668)
2076	München	Karlsfelder Straße	de:09162:1976:1:1	48.216071	11.480784	bus	MATCHED	w398700063	5.1	1.0	Karlsfelder Straße	172,176,706,710	Kristallstraße / Kristallstraße	Krauss-Maffei-Straße / Kristallstraße	LINESTRING(11.480784 48.216071,11.480731334790203 48.21610047434144)
2077	München	Karlsfelder Straße	de:09162:1976:2:2	48.216413	11.480829	bus	MATCHED	w398700062	4.3	1.0	Karlsfelder Straße	172,706,710	Karlsfeld, Münchn. Str./Würmk. / Karlsfeld, Münchner Straße	Münchner Straße / Münchner Straße/Würmkanal	LINESTRING(11.480829 48.216413,11.480809296138547 48.21637622500507)
2078	München	Karlsfelder Straße	de:09162:1976:31:71	48.217029	11.480981		NO_MATCH_AND_SEEMS_UNSERVED								POINT(11.480981 48.217029)
2079	München	Karlsfelder Straße	de:09162:1976:32:72	48.216526	11.47923		NO_MATCH_AND_SEEMS_UNSERVED								POINT(11.47923 48.216526)
2080	München	Karlsfelder Straße	de:09162:1976:3:3	48.217011	11.480056		MATCHED	n4970724430	4.6	1.0	Karlsfelder Straße				LINESTRING(11.480056 48.217011,11.480113300000001 48.217026100000005)
2081	München	Karlsplatz (Stachus)	de:09162:1:1:1	48.138378	11.565019	tram	MATCHED	n1240243467	4.3	0.74	Karlsplatz (Stachus)	16,17,18,27,28,N27	Sendlinger Tor / Sendlinger Tor	Sendlinger Tor	LINESTRING(11.565019 48.138378,11.5650508 48.1383462)
2082	München	Karlsplatz (Stachus)	de:09162:1:1:91	48.138378	11.565019	tram	NO_MATCH_BUT_OTHER_PLATFORM_MATCHED					N27	Sendlinger Tor		POINT(11.565019 48.138378)
2083	München	Karlsplatz (Stachus)	de:09162:1:2:2	48.138648	11.565189	tram	MATCHED	n82762925	5.1	0.71	Karlsplatz (Stachus)	17,18,27,28,N27	Ottostraße	Ottostraße	LINESTRING(11.565189 48.138648,11.5651504 48.138686400000005)
2084	München	Karlsplatz (Stachus)	de:09162:1:2:3	48.13836	11.565189	tram	MATCHED	n1240216392	4.5	0.73	Karlsplatz (Stachus)	16,17,18,19,20,21,N17,N19	Sendlinger Tor	Sendlinger Tor	LINESTRING(11.565189 48.13836,11.5652355 48.1383348)
2085	München	Karlsplatz (Stachus)	de:09162:1:2:92	48.138648	11.565189	tram	NO_MATCH_BUT_OTHER_PLATFORM_MATCHED					N27	Ottostraße		POINT(11.565189 48.138648)
2086	München	Karlsplatz (Stachus)	de:09162:1:31:41	48.139385	11.564803		MATCHED	w396812279	40.5	0.2	Karlsplatz (Stachus)			Sendlinger Tor	LINESTRING(11.564803 48.139385,11.564900316520237 48.13902673587737)
2087	München	Karlsplatz (Stachus)	de:09162:1:32:72	48.140105	11.565657		NO_MATCH_AND_SEEMS_UNSERVED								POINT(11.565657 48.140105)
2088	München	Karlsplatz (Stachus)	de:09162:1:33:73	48.13619	11.564615		NO_MATCH_AND_SEEMS_UNSERVED								POINT(11.564615 48.13619)
2089	München	Karlsplatz (Stachus)	de:09162:1:34:74	48.137323	11.563707		NO_MATCH_AND_SEEMS_UNSERVED								POINT(11.563707 48.137323)
2090	München	Karlsplatz (Stachus)	de:09162:1:35:75	48.139523	11.565091		NO_MATCH_AND_SEEMS_UNSERVED								POINT(11.565091 48.139523)
2091	München	Karlsplatz (Stachus)	de:09162:1:36:76	48.140147	11.565585		NO_MATCH_AND_SEEMS_UNSERVED								POINT(11.565585 48.140147)
2092	München	Karlsplatz (Stachus)	de:09162:1:38:38	48.139194	11.564552		MATCHED	w396812276	37.1	0.22	Karlsplatz (Stachus)			Sendlinger Tor	LINESTRING(11.564552 48.139194,11.56488861816485 48.13894785982558)
2093	München	Karlsplatz (Stachus)	de:09162:1:39:39	48.139835	11.565773		NO_MATCH_AND_SEEMS_UNSERVED								POINT(11.565773 48.139835)
2094	München	Karlsplatz (Stachus)	de:09162:1:40:81	48.139379	11.56571	train	MATCHED	n1562853769	3.3	0.87	Karlsplatz (Stachus)	S1,S2,S3,S4,S5,S6,S8	Marienplatz	Marienplatz	LINESTRING(11.56571 48.139379,11.5656712 48.139392900000004)
2095	München	Karlsplatz (Stachus)	de:09162:1:40:82	48.139757	11.565252	train	MATCHED	n1562853773	48.2	0.41	Karlsplatz (Stachus)	S1,S2,S3,S4,S5,S6,S8	Hauptbahnhof (U, Tram)	München Hauptbahnhof (tief)	LINESTRING(11.565252 48.139757,11.5657861 48.1395114)
2096	München	Karlsplatz (Stachus)	de:09162:1:41:71	48.139739	11.566231		NO_MATCH_AND_SEEMS_UNSERVED								POINT(11.566231 48.139739)
2097	München	Karlsplatz (Stachus)	de:09162:1:4:4	48.138636	11.56536	tram	MATCHED	n1240216278	5.2	0.71	Karlsplatz (Stachus)	16,17,18,19,21,N17,N19	Hauptbahnhof (U, Tram) / Hauptbahnhof (U, Tram) / Hauptbahnhof Süd	Hauptbahnhof Süd / Hauptbahnhof	LINESTRING(11.56536 48.138636,11.565333 48.138679200000006)
2098	München	Karlsplatz (Stachus)	de:09162:1:51:51	48.140434	11.567148	light_rail	MATCHED	n207583981	13.5	0.5	Karlsplatz (Stachus)	U4,U5	Odeonsplatz / Hauptbahnhof (U, Tram)		LINESTRING(11.567148 48.140434,11.566966200000001 48.1404283)
2099	München	Karlsplatz (Stachus)	de:09162:1:52:52	48.140165	11.566878	light_rail	MATCHED	n1530217049	28.3	0.34	Karlsplatz (Stachus)	U4,U5	Odeonsplatz / Hauptbahnhof (U, Tram)		LINESTRING(11.566878 48.140165,11.567195 48.140306300000006)
2100	München	Karlsplatz (Stachus)	de:09162:1:5:5	48.139289	11.564606	tram	MATCHED	n1240216268	7.0	0.54	Karlsplatz (Stachus)	20,N19,N20	Hauptbahnhof (U, Tram) / Hauptbahnhof Süd		LINESTRING(11.564606 48.139289,11.564515100000001 48.1392734)
2101	München	Karlsplatz (Stachus)	de:09162:1:6:6	48.138792	11.565648	bus	MATCHED	w396812282	10.1	1.0	Karlsplatz (Stachus)	N40,N45	Lenbachplatz	Lenbachplatz	LINESTRING(11.565648 48.138792,11.565594866041708 48.13870843407533)
2102	München	Karlsplatz (Stachus)	de:09162:1:6:8	48.13854	11.565603	bus	MATCHED	w396812283	2.3	1.0	Karlsplatz (Stachus)	N41	Lenbachplatz	Lenbachplatz	LINESTRING(11.565603 48.13854,11.565630660492467 48.13854860961291)
2103	München	Karlsplatz (Stachus)	de:09162:1:7:7	48.13896	11.564902	bus	MATCHED	w1192085277	50.1	1.0	Karlsplatz (Stachus)	N40,N41,N45	Sendlinger Tor		LINESTRING(11.564902 48.13896,11.564784398416357 48.138516609974545)
2104	München	Karlsplatz (Stachus)	de:09162:1:8:10	48.139727	11.564938	tram	MATCHED	n1239794141	13.3	0.52	Karlsplatz (Stachus)	19,20,21,N19,N20	Lenbachplatz	Lenbachplatz	LINESTRING(11.564938 48.139727,11.5648011 48.1398044)
2105	München	Karlsplatz (Stachus)	de:09162:1:8:9	48.139949	11.564588	tram	MATCHED	n292922895	4.8	0.72	Karlsplatz (Stachus)	19,21,N19	Hauptbahnhof (U, Tram) / Hauptbahnhof Nord	Hauptbahnhof / Hauptbahnhof Nord	LINESTRING(11.564588 48.139949,11.564524800000001 48.1399387)
2106	München	Karlsplatz (Stachus)	de:09162:1:8:93	48.139727	11.564938	tram	NO_MATCH_BUT_OTHER_PLATFORM_MATCHED					N19	Lenbachplatz		POINT(11.564938 48.139727)
2107	München	Karlsplatz (Stachus)	de:09162:1:9:14	48.140033	11.564094		NO_MATCH_AND_SEEMS_UNSERVED								POINT(11.564094 48.140033)
2108	München	Karlsplatz (Stachus)	de:09162:1:9:94	48.140015	11.564147	bus	NO_MATCH_AND_SEEMS_UNSERVED								POINT(11.564147 48.140015)
2109	München	Karlsplatz Alter bot. Garten	de:09162:473:1:1	48.141579	11.563348		NO_MATCH_AND_SEEMS_UNSERVED								POINT(11.563348 48.141579)
2110	München	Karlsplatz Alter bot. Garten	de:09162:473:2:2	48.141675	11.563007		NO_MATCH_AND_SEEMS_UNSERVED								POINT(11.563007 48.141675)
2111	München	Karlsplatz Alter bot. Garten	de:09162:473:3:3	48.141765	11.562638		NO_MATCH_AND_SEEMS_UNSERVED								POINT(11.562638 48.141765)
2112	München	Karlstraße	de:09162:15:2:1	48.144666	11.559629	tram	MATCHED	n1692237422	2.7	0.8	Karlstraße	20,21,N20	Hauptbahnhof Nord	Hauptbahnhof Nord	LINESTRING(11.559629 48.144666,11.559663400000002 48.1446575)
2113	München	Karlstraße	de:09162:15:2:2	48.14487	11.55971	tram	MATCHED	n1692237425	5.2	0.71	Karlstraße	20,21,N20	Stiglmaierplatz	Stiglmaierplatz	LINESTRING(11.55971 48.14487,11.5596417 48.1448794)
2114	München	Karlstraße	de:09162:15:31:21	48.144768	11.560033		NO_MATCH_AND_SEEMS_UNSERVED								POINT(11.560033 48.144768)
2115	München	Karlstraße	de:09162:15:32:22	48.145332	11.558075		NO_MATCH_AND_SEEMS_UNSERVED								POINT(11.558075 48.145332)
2116	München	Karlstraße	de:09162:15:33:23	48.145464	11.557742		NO_MATCH_AND_SEEMS_UNSERVED								POINT(11.557742 48.145464)
2117	München	Karlstraße	de:09162:15:34:74	48.145164	11.560437		NO_MATCH_AND_SEEMS_UNSERVED								POINT(11.560437 48.145164)
2118	München	Karlstraße	de:09162:15:35:75	48.144978	11.560141		NO_MATCH_AND_SEEMS_UNSERVED								POINT(11.560141 48.144978)
2119	München	Karlstraße	de:09162:15:3:3	48.145182	11.560285	bus	MATCHED	n9405624541	0.2	0.95	Karlstraße	68	Hauptbahnhof Nord	Hauptbahnhof Nord	LINESTRING(11.560285 48.145182,11.560288 48.1451829)
2120	München	Karolinenplatz	de:09162:52:11:11	48.144996	11.568334		NO_MATCH_AND_SEEMS_UNSERVED								POINT(11.568334 48.144996)
2121	München	Karolinenplatz	de:09162:52:12:12	48.144906	11.56819		NO_MATCH_AND_SEEMS_UNSERVED								POINT(11.56819 48.144906)
2122	München	Karolinenplatz	de:09162:52:2:1	48.145434	11.569699		MATCHED	n1679831843	6.2	0.69	Karolinenplatz	100,27,28,N27	Pinakotheken / Pinakotheken	Pinakotheken	LINESTRING(11.569699 48.145434,11.5697072 48.145489700000006)
2123	München	Karolinenplatz	de:09162:52:2:2	48.145392	11.569528		MATCHED	w83946927	2.0	0.84	Karolinenplatz	100,27,28,N27	Brienner Straße / Ottostraße	Brienner Straße / Ottostraße	LINESTRING(11.569528 48.145392,11.569549904587022 48.14538091895202)
2124	München	Karolinenplatz	de:09162:52:32:72	48.145092	11.568908		MATCHED	w117849709	62.5	0.14	Karolinenplatz			Pinakotheken	LINESTRING(11.568908 48.145092,11.569654057073386 48.14535053017493)
2125	München	Karolinenplatz	de:09162:52:33:43	48.144511	11.570031		NO_MATCH_AND_SEEMS_UNSERVED								POINT(11.570031 48.144511)
2126	München	Karolinenplatz	de:09162:52:34:44	48.145799	11.566672		NO_MATCH_AND_SEEMS_UNSERVED								POINT(11.566672 48.145799)
2127	München	Karolinenplatz	de:09162:52:35:75	48.143875	11.568549		NO_MATCH_AND_SEEMS_UNSERVED								POINT(11.568549 48.143875)
2128	München	Karolinenplatz	de:09162:52:3:3	48.144978	11.56934		MATCHED	n1672730688	30.9	0.24	Karolinenplatz			Ottostraße	LINESTRING(11.56934 48.144978,11.5694929 48.145236600000004)
2129	München	Karpfenstraße	de:09162:992:1:1	48.122412	11.661381		NO_MATCH_AND_SEEMS_UNSERVED								POINT(11.661381 48.122412)
2130	München	Karpfenstraße	de:09162:992:2:2	48.12237	11.662279		NO_MATCH_AND_SEEMS_UNSERVED								POINT(11.662279 48.12237)
2131	München	Karwinskistraße Ost	de:09162:1773:1:1	48.168044	11.475484	bus	MATCHED	w444978252	3.0	1.0	Karwinskistraße Ost	158	Obermenzing	Obermenzing Bahnhof	LINESTRING(11.475484 48.168044,11.47548545 48.16807055)
2132	München	Karwinskistraße West	de:09162:1766:1:1	48.168415	11.464587	bus	MATCHED	w444978253	24.1	1.0	Karwinskistraße West	158	Benderstraße	Benderstraße	LINESTRING(11.464587 48.168415,11.464665384452287 48.16862563727298)
2133	München	Kastenbauerstraße	de:09162:645:1:1	48.138642	11.639786	bus	MATCHED	w400200156	1.3	1.0	Kastenbauerstraße	191	Kronstadter Straße	Kronstadter Straße	LINESTRING(11.639786 48.138642,11.639801176286253 48.138635527956076)
2134	München	Kastenbauerstraße	de:09162:645:2:2	48.138222	11.639417	bus	MATCHED	w400200155	1.3	1.0	Kastenbauerstraße	191	Berg am Laim	Berg am Laim Bahnhof	LINESTRING(11.639417 48.138222,11.6394324 48.138227449999995)
2135	München	Kazmairstraße	de:09162:85:1:1	48.134895	11.534467	bus	MATCHED	w385034736	2.3	1.0	Kazmairstraße	153,53	Bergmannstraße	Bergmannstraße	LINESTRING(11.534467 48.134895,11.534436052001487 48.13489604984758)
2136	München	Kazmairstraße	de:09162:85:2:2	48.135267	11.534144	bus	MATCHED	w385034737	1.9	1.0	Kazmairstraße	153,53,63,N43	Gollierplatz	Gollierplatz	LINESTRING(11.534144 48.135267,11.534158312497006 48.13525240746124)
2137	München	Kazmairstraße	de:09162:85:3:3	48.134805	11.533856	bus	MATCHED	w385034738	0.5	1.0	Kazmairstraße	63,N44	Heimeranplatz	Heimeranplatz	LINESTRING(11.533856 48.134805,11.533850137168363 48.13480256515166)
2138	München	Keilberthstraße	de:09162:453:1:1	48.205224	11.599685	bus	MATCHED	w277228777	8.2	1.0	Keilberthstraße	140,170	Untere Länge	Untere Länge	LINESTRING(11.599685 48.205224,11.599686401608027 48.20514994195702)
2139	München	Keilberthstraße	de:09162:453:2:2	48.205392	11.599487	bus	MATCHED	w277228769	2.6	1.0	Keilberthstraße	140,170	Gustav-Mahler-Straße	Gustav-Mahler-Straße	LINESTRING(11.599487 48.205392,11.59949065 48.20536915)
2140	München	Keilberthstraße	de:09162:453:31:71	48.203446	11.599038		NO_MATCH_AND_SEEMS_UNSERVED								POINT(11.599038 48.203446)
2141	München	Keilberthstraße	de:09162:453:31:72	48.203338	11.599155		NO_MATCH_AND_SEEMS_UNSERVED								POINT(11.599155 48.203338)
2142	München	Kemnatenstraße	de:09162:226:1:1	48.151331	11.504347	bus	MATCHED	w391347168	2.0	1.0	Kemnatenstraße	151,51,N78	Hirschgartenallee	Hirschgartenallee	LINESTRING(11.504347 48.151331,11.50435969311137 48.15134723113007)
2143	München	Kemnatenstraße	de:09162:226:2:2	48.151343	11.504023		MATCHED	w391347167	1.6	1.0	Kemnatenstraße			Herthastraße	LINESTRING(11.504023 48.151343,11.504021549999997 48.151328799999995)
2144	München	Kemnatenstraße	de:09162:226:31:71	48.151319	11.504329		NO_MATCH_AND_SEEMS_UNSERVED								POINT(11.504329 48.151319)
2145	München	Kemptener Straße	de:09162:1448:3:KEM 1	48.078768	11.484188	bus	MATCHED	w396902868	2.5	1.0	Kemptener Straße	166	Allgäuer Straße	Allgäuer Straße	LINESTRING(11.484188 48.078768,11.48419867992486 48.078788858433995)
2146	München	Kieferngarten	de:09162:430:1:4	48.201901	11.611983	bus	MATCHED	w277228781	5.4	1.0	Kieferngarten (U)	178,182	Bernsteinweg	Bernsteinweg	LINESTRING(11.611983 48.201901,11.611985565580474 48.20194950999735)
2147	München	Kieferngarten	de:09162:430:32:72	48.202231	11.611929	bus	MATCHED	n13159489220	5.6	0.66	Kieferngarten (U)	180	Bernsteinweg	Bernsteinweg	LINESTRING(11.611929 48.202231,11.6119868 48.202198300000006)
2148	München	Kieferngarten	de:09162:430:33:73	48.201943	11.611749	bus	MATCHED	n13159489222	8.1	0.58	Kieferngarten (U)	178,182	Bernsteinweg	Bernsteinweg	LINESTRING(11.611749 48.201943,11.6118488 48.2019729)
2149	München	Kieferngarten	de:09162:430:3:1	48.202434	11.612477		NO_MATCH_AND_SEEMS_UNSERVED								POINT(11.612477 48.202434)
2150	München	Kieferngarten	de:09162:430:3:2	48.202716	11.612728		NO_MATCH_AND_SEEMS_UNSERVED								POINT(11.612728 48.202716)
2151	München	Kieferngarten	de:09162:430:3:3	48.202488	11.612692		NO_MATCH_AND_SEEMS_UNSERVED								POINT(11.612692 48.202488)
2152	München	Kieferngarten	de:09162:430:51:51	48.203847	11.613294	light_rail	MATCHED	n2644689612	2.8	0.82	Kieferngarten	U3,U6	Fröttmaning / Fröttmaning / Fröttmaning		LINESTRING(11.613294 48.203847,11.6132684 48.2038651)
2153	München	Kieferngarten	de:09162:430:51:53	48.203841	11.613366	light_rail	MATCHED	n2644689610	2.1	0.86	Kieferngarten	U6			LINESTRING(11.613366 48.203841,11.613392900000001 48.2038479)
2154	München	Kieferngarten	de:09162:430:52:52	48.203877	11.613133	light_rail	MATCHED	n2292220951	2.8	0.82	Kieferngarten	U6	Freimann		LINESTRING(11.613133 48.203877,11.6130954 48.203880600000005)
2155	München	Kieferngarten	de:09162:430:52:54	48.203859	11.613213	light_rail	MATCHED	n277608575	1.5	0.89	Kieferngarten	U6	Freimann / Freimann / Fröttmaning / Fröttmaning		LINESTRING(11.613213 48.203859,11.613228600000001 48.203867900000006)
2156	München	Kieferngarten	de:09162:430:71:71	48.20253	11.612108	bus	MATCHED	n13159489218	5.8	0.65	Kieferngarten (U)	140,170,180,N40	Bernsteinweg	Bernsteinweg	LINESTRING(11.612108 48.20253,11.6121803 48.202511300000005)
2157	München	Kieferngartenstraße	de:09162:474:1:1	48.206529	11.613932		NO_MATCH_AND_SEEMS_UNSERVED								POINT(11.613932 48.206529)
2158	München	Kieferngartenstraße	de:09162:474:2:2	48.206655	11.613977		NO_MATCH_AND_SEEMS_UNSERVED								POINT(11.613977 48.206655)
2159	München	Kiefernstraße	de:09162:1179:3:KIF 1	48.087758	11.599406	bus	MATCHED	w391474787	4.3	1.0	Kiefernstraße	145,220,E220,N75	Minnewitstraße / Minnewitstraße	Minnewitstraße	LINESTRING(11.599406 48.087758,11.59935854223152 48.08778065530617)
2160	München	Kiefernstraße	de:09162:1179:3:KIF 2	48.087428	11.599415	bus	MATCHED	w391474786	2.6	1.0	Kiefernstraße	145,220	Unterhaching, Bussardstraße / Landrichterstraße	Landrichterstraße / Bussardstraße	LINESTRING(11.599415 48.087428,11.599400181166633 48.087449234228764)
2161	München	Kiesmüllerstraße	de:09162:1051:3:FSK 1	48.089294	11.609018		NO_MATCH_AND_SEEMS_UNSERVED								POINT(11.609018 48.089294)
2162	München	Kirchenstraße	de:09162:118:1:1	48.133324	11.604949	bus	MATCHED	w384874856	1.4	1.0	Kirchenstraße	149,155	Ostbahnhof (Post)	Ostbahnhof (Post)	LINESTRING(11.604949 48.133324,11.604957614084922 48.133334765185424)
2163	München	Kirchenstraße	de:09162:118:2:2	48.132245	11.605173	bus	MATCHED	w384874857	2.5	1.0	Kirchenstraße	149,155	Flurstraße / Grillparzerstraße	Flurstraße / Grillparzerstraße	LINESTRING(11.605173 48.132245,11.605145449160187 48.132257592661425)
2164	München	Kirchtruderinger Straße	de:09162:801:1:1	48.126243	11.674029	bus	MATCHED	w386838104	6.3	1.0	Kirchtruderinger Straße	139	Truchthari-Anger	Truchthari-Anger	LINESTRING(11.674029 48.126243,11.673978334549485 48.12619805245461)
2165	München	Kirchtruderinger Straße	de:09162:801:2:2	48.126363	11.673948	bus	MATCHED	w386838103	2.9	1.0	Kirchtruderinger Straße	139	Schmuckerweg	Schmuckerweg	LINESTRING(11.673948 48.126363,11.673942932464483 48.12633698083849)
2166	München	Kistlerhofstraße	de:09162:1337:1:1	48.095582	11.523247		NO_MATCH_AND_SEEMS_UNSERVED								POINT(11.523247 48.095582)
2167	München	Kistlerhofstraße	de:09162:1337:2:2	48.095414	11.523544	bus	MATCHED	w376756280	1.7	1.0	Kistlerhofstraße	136,53,63,N41	Aidenbachstraße	Aidenbachstraße	LINESTRING(11.523544 48.095414,11.52352407736065 48.09540722251366)
2168	München	Kistlerhofstraße	de:09162:1337:3:3	48.095156	11.524217	bus	MATCHED	w376756290	2.3	1.0	Kistlerhofstraße	53	Gmunder Straße	Gmunder Straße	LINESTRING(11.524217 48.095156,11.524240700514259 48.095168992072004)
2169	München	Kistlerhofstraße	de:09162:1337:4:4	48.094778	11.523166	bus	MATCHED	w376756285	15.4	1.0	Kistlerhofstraße	136,63,N41	Leutstettener Straße	Leutstettener Straße	LINESTRING(11.523166 48.094778,11.523197800000002 48.0949151)
2170	München	Klagenfurter Straße	de:09162:1057:1:1	48.112666	11.603116	bus	MATCHED	w392177022	1.1	1.0	Klagenfurter Straße	145,N75	Thomasiusplatz	Thomasiusplatz	LINESTRING(11.603116 48.112666,11.603103389257413 48.112660791125116)
2171	München	Klagenfurter Straße	de:09162:1057:2:2	48.112342	11.602973	bus	MATCHED	w392177021	2.8	1.0	Klagenfurter Straße	145,N75	Balanstraße	Balanstraße	LINESTRING(11.602973 48.112342,11.602977198034695 48.112316630994)
2172	München	Klara-Ziegler-Bogen	de:09162:977:31:71	48.084109	11.661174		NO_MATCH_AND_SEEMS_UNSERVED								POINT(11.661174 48.084109)
2173	München	Klara-Ziegler-Bogen	de:09162:977:3:KZB 1	48.083983	11.661336	bus	MATCHED	w474359572	4.9	0.68	Klara-Ziegler-Bogen	198	Isengaustraße	Isengaustraße	LINESTRING(11.661336 48.083983,11.661318688290356 48.08402536970775)
2174	München	Kleiberweg	de:09162:1775:1:1	48.178569	11.403044	bus	MATCHED	n11635615288	9.8	0.68	Kleiberweg	N81	Sumpfmeisenweg	Sumpfmeisenweg	LINESTRING(11.403044 48.178569,11.4030401 48.1784807)
2175	München	Kleiberweg	de:09162:1775:2:2	48.178306	11.402019	bus	MATCHED	n11635615290	9.0	0.7	Kleiberweg	N80	Lochhausen	Lochhausen Bahnhof	LINESTRING(11.402019 48.178306,11.402020400000001 48.178387300000004)
2176	München	Klenzestraße	de:09162:96:1:1	48.125134	11.57128	bus	MATCHED	w369716804	8.1	1.0	Klenzestraße	132	Fraunhoferstraße	Fraunhoferstraße	LINESTRING(11.57128 48.125134,11.571360098550908 48.12518288522389)
2177	München	Klenzestraße	de:09162:96:2:2	48.125734	11.57075	bus	MATCHED	w369716802	1.5	1.0	Klenzestraße	132	Baldeplatz	Baldeplatz	LINESTRING(11.57075 48.125734,11.570748843404418 48.125720533849815)
2178	München	Klenzestraße / St. -Maximilian	de:09162:98:3:KMA 1	48.126585	11.573149		NO_MATCH_AND_SEEMS_UNSERVED								POINT(11.573149 48.126585)
2179	München	Kleselstraße	de:09162:1826:1:1	48.1988	11.458002	bus	MATCHED	w398731650	2.9	1.0	Kleselstraße	160,164	Franz-Nißl-Straße	Franz-Nißl-Straße	LINESTRING(11.458002 48.1988,11.457991776197975 48.19882507212543)
2180	München	Kleselstraße	de:09162:1826:2:2	48.199207	11.457032	bus	MATCHED	w398731651	1.9	1.0	Kleselstraße	164	Pregerstraße	Pregerstraße	LINESTRING(11.457032 48.199207,11.457055041077021 48.19920030855465)
2181	München	Kleselstraße	de:09162:1826:3:3	48.199979	11.458245	bus	MATCHED	w774640315	14.2	1.0	Kleselstraße	160	Hohenadelweg	Hohenadelweg	LINESTRING(11.458245 48.199979,11.458223552320591 48.19985177409003)
2182	München	Klinikum Großhadern	de:09162:1540:1:1	48.108876	11.474028	bus	MATCHED	w393515027	4.5	1.0	Klinikum Großhadern (U)	269,N40	Zöllerstraße / Klinikum Großhadern Ost	Klinikum Großhadern Ost	LINESTRING(11.474028 48.108876,11.474088410238968 48.10887608065773)
2183	München	Klinikum Großhadern	de:09162:1540:2:2	48.108822	11.4734	bus	MATCHED	w393515028	15.5	1.0	Klinikum Großhadern (U)	266	Klinikum Großhadern Ost	Klinikum Großhadern Ost	LINESTRING(11.4734 48.108822,11.473607455884162 48.10883000141946)
2184	München	Klinikum Großhadern	de:09162:1540:31:71	48.109032	11.474442		NO_MATCH_AND_SEEMS_UNSERVED								POINT(11.474442 48.109032)
2185	München	Klinikum Großhadern	de:09162:1540:32:72	48.108432	11.474819		NO_MATCH_AND_SEEMS_UNSERVED								POINT(11.474819 48.108432)
2186	München	Klinikum Großhadern	de:09162:1540:33:73	48.110441	11.47419		NO_MATCH_AND_SEEMS_UNSERVED								POINT(11.47419 48.110441)
2187	München	Klinikum Großhadern	de:09162:1540:34:74	48.108888	11.476211		NO_MATCH_AND_SEEMS_UNSERVED								POINT(11.476211 48.108888)
2188	München	Klinikum Großhadern	de:09162:1540:3:3	48.109074	11.473391	bus	MATCHED	w702114028	11.1	1.0	Klinikum Großhadern (U)	266,X910	Neuried, Ortsmitte	Großhadern / Neuried, Ortsmitte	LINESTRING(11.473391 48.109074,11.473537902055659 48.10909332246718)
2189	München	Klinikum Großhadern	de:09162:1540:4:4	48.109127	11.473921	bus	MATCHED	w1159317692	5.7	1.0	Klinikum Großhadern (U)	X208	Großhadern	Zöllerstraße	LINESTRING(11.473921 48.109127,11.47399686229186 48.10913662983171)
2190	München	Klinikum Großhadern	de:09162:1540:51:51	48.109026	11.473786	light_rail	MATCHED	n2643974215	11.7	0.54	Klinikum Großhadern	U6	Großhadern		LINESTRING(11.473786 48.109026,11.473634800000001 48.1089975)
2191	München	Klinikum Großhadern	de:09162:1540:51:52	48.109121	11.473714	light_rail	MATCHED	n2643974230	13.6	0.5	Klinikum Großhadern	U6	Großhadern		LINESTRING(11.473714 48.109121,11.4735324 48.1091369)
2192	München	Klinikum Großhadern Nord	de:09162:1474:1:1	48.112252	11.466501	bus	MATCHED	w423861611	4.9	1.0	Klinikum Großhadern Nord	266	Klinikum Großhadern Ost	Klinikum Großhadern Ost	LINESTRING(11.466501 48.112252,11.466561800000003 48.11226965)
2193	München	Klinikum Großhadern Nord	de:09162:1474:1:2	48.112432	11.467174	bus	MATCHED	w423861610	17.9	1.0	Klinikum Großhadern Nord	266	Martinsried, LMU Martinsried	LMU Martinsried	LINESTRING(11.467174 48.112432,11.466937851896624 48.112401980713194)
2194	München	Klinikum Großhadern Ost	de:09162:1472:1:1	48.110873	11.473876	bus	MATCHED	w393515025	4.5	1.0	Klinikum Großhadern Ost	266,56,N40	Klinikum Großhadern / Klinikum Großhadern / Max-Lebsche-Platz	Max-Lebsche-Platz / Klinikum Großhadern (U)	LINESTRING(11.473876 48.110873,11.473932313844948 48.1108873363802)
2195	München	Klinikum Großhadern Ost	de:09162:1472:2:2	48.111599	11.473948	bus	MATCHED	w393515026	1.1	1.0	Klinikum Großhadern Ost	266,56,N40	Marchioninistraße / Klinikum Großhadern Nord	Marchioninistraße / Klinikum Großhadern Nord	LINESTRING(11.473948 48.111599,11.473933077279616 48.1115990827756)
2196	München	Klinikum Harlaching	de:09162:1123:1:1	48.087091	11.554949	tram	MATCHED	n378259497	6.3	0.67	Klinikum Harlaching	25,N27	Menterschwaige	Menterschwaige	LINESTRING(11.554949 48.087091,11.5549522 48.0870344)
2197	München	Klinikum Harlaching	de:09162:1123:2:2	48.086617	11.554832	tram	MATCHED	n1493439816	7.2	0.65	Klinikum Harlaching	25,N27	Theodolindenplatz	Theodolindenplatz	LINESTRING(11.554832 48.086617,11.554821800000001 48.086681000000006)
2198	München	Klinikum Harlaching	de:09162:1123:30:70	48.087049	11.555838		NO_MATCH_AND_SEEMS_UNSERVED								POINT(11.555838 48.087049)
2199	München	Klinikum Harlaching	de:09162:1123:31:21	48.087121	11.554805		MATCHED	n11373873619	5.0	1.0	Klinikum Harlaching				LINESTRING(11.554805 48.087121,11.554815600000001 48.087076800000006)
2200	München	Klinikum Harlaching	de:09162:1123:32:22	48.087175	11.554976		NO_MATCH_AND_SEEMS_UNSERVED								POINT(11.554976 48.087175)
2201	München	Klinikum Harlaching	de:09162:1123:3:3	48.087109	11.556251	bus	MATCHED	w373400907	1.6	0.83	Klinikum Harlaching	139	Theodolindenstraße		LINESTRING(11.556251 48.087109,11.556238102846708 48.08709720338531)
2202	München	Klinikum Neuperlach	de:09162:962:1:1	48.096008	11.654985	bus	MATCHED	w391373621	8.0	0.72	Klinikum Neuperlach	195,198,55,N45	Tribulaunstraße / Tribulaunstraße	Tribulaunstraße	LINESTRING(11.654985 48.096008,11.654932682423274 48.09594473102762)
2203	München	Klinikum Neuperlach	de:09162:962:2:2	48.096536	11.654967	bus	MATCHED	w391373623	6.7	0.74	Klinikum Neuperlach	197,198,55	Sudermannallee	Sudermannallee	LINESTRING(11.654967 48.096536,11.654879060909801 48.096548341585795)
2204	München	Klinikum Neuperlach	de:09162:962:3:3	48.096506	11.655704	bus	MATCHED	w391373622	3.3	1.0	Klinikum Neuperlach	195,197,N45	Oskar-Maria-Graf-Ring	Oskar-Maria-Graf-Ring	LINESTRING(11.655704 48.096506,11.655701624453577 48.096535804962194)
2205	München	Klopstockstraße	de:09162:424:1:1	48.176024	11.579661	bus	MATCHED	w372415496	3.9	1.0	Klopstockstraße	142	Mildred-Scheel-Bogen	Mildred-Scheel-Bogen	LINESTRING(11.579661 48.176024,11.57971266342585 48.176019799305585)
2206	München	Klopstockstraße	de:09162:424:2:2	48.176083	11.578826	bus	MATCHED	w372415495	2.0	1.0	Klopstockstraße	142	Rümannstraße	Rümannstraße	LINESTRING(11.578826 48.176083,11.578808999999993 48.17606944999999)
2207	München	Klopstockstraße	de:09162:424:3:3	48.176161	11.579248		NO_MATCH_AND_SEEMS_UNSERVED								POINT(11.579248 48.176161)
2208	München	Klärwerk Gut Großlappen	de:09162:559:1:1	48.207158	11.631162	bus	MATCHED	w1459124519	3.1	0.84	Klärwerk Gut Großlappen	181,182	Großlappen	Großlappen	LINESTRING(11.631162 48.207158,11.631143192559394 48.207133426155025)
2209	München	Klärwerk Gut Großlappen	de:09162:559:2:2	48.207026	11.631314	bus	MATCHED	w1459124520	16.1	0.59	Klärwerk Gut Großlappen	181,182	Wallnerstraße	Wallnerstraße	LINESTRING(11.631314 48.207026,11.631202652742125 48.20690135492274)
2210	München	Knappertsbuschstraße	de:09162:635:1:1	48.160195	11.640298	bus	MATCHED	w399786046	5.9	1.0	Knappertsbuschstraße	184,E183,E185	Freischützstraße	Freischützstraße	LINESTRING(11.640298 48.160195,11.6402798 48.1602471)
2211	München	Knappertsbuschstraße	de:09162:635:2:2	48.16032	11.640855	bus	MATCHED	w399786047	2.3	1.0	Knappertsbuschstraße	E183	Bruno-Walter-Ring	Bruno-Walter-Ring	LINESTRING(11.640855 48.16032,11.640865893828131 48.16033915961043)
2212	München	Knappertsbuschstraße	de:09162:635:4:4	48.160135	11.640486	bus	NO_MATCH_BUT_OTHER_PLATFORM_MATCHED					184,E185	Bruno-Walter-Ring		POINT(11.640486 48.160135)
2213	München	Knorrstraße	de:09162:752:1:1	48.191548	11.570615	bus	MATCHED	w384211899	3.8	1.0	Knorrstraße	179,180	Frankfurter Ring / Frankfurter Ring / Am Hart Süd	Am Hart Süd / Frankfurter Ring	LINESTRING(11.570615 48.191548,11.57066196369812 48.19153552181319)
2214	München	Knorrstraße	de:09162:752:2:2	48.19165	11.571666	bus	MATCHED	w384211897	2.6	1.0	Knorrstraße	179,180	Max-Diamand-Straße	Max-Diamand-Straße	LINESTRING(11.571666 48.19165,11.571632750000008 48.19165710000001)
2215	München	Knorrstraße	de:09162:752:3:3	48.191446	11.572259	bus	MATCHED	w526500478	12.4	1.0	Knorrstraße	178,N41	Frankfurter Ring / Frankfurter Ring	Frankfurter Ring (U)	LINESTRING(11.572259 48.191446,11.572267900000003 48.19133435000001)
2216	München	Knorrstraße	de:09162:752:4:4	48.192063	11.572457	bus	MATCHED	w526500477	9.1	1.0	Knorrstraße	178,N41	Oberhofer Weg / Am Hart Süd	Oberhofer Weg	LINESTRING(11.572457 48.192063,11.572430598839743 48.191982871573316)
2217	München	Kollwitzstraße	de:09162:451:1:1	48.19856	11.585006	bus	MATCHED	w277106262	3.5	1.0	Kollwitzstraße	140,141,180,294,295	Heidemannstraße / Heidemannstraße	Heidemannstraße	LINESTRING(11.585006 48.19856,11.58500435230888 48.198528710908214)
2218	München	Kollwitzstraße	de:09162:451:2:2	48.198003	11.584593	bus	MATCHED	w277106261	0.9	1.0	Kollwitzstraße	140,141,180,294,295	Gundelkoferstraße / Gundelkoferstraße	Gundelkoferstraße	LINESTRING(11.584593 48.198003,11.584582721998258 48.19799815611387)
2219	München	Kolumbusplatz	de:09162:160:3:3	48.118538	11.576841		MATCHED	n3418102514	6.4	1.0	Kolumbusplatz				LINESTRING(11.576841 48.118538,11.576797800000001 48.118488600000006)
2220	München	Kolumbusplatz	de:09162:160:4:4	48.119107	11.576544	bus	MATCHED	w373538983	6.0	1.0	Kolumbusplatz	58,N45	Humboldtstraße	Humboldtstraße	LINESTRING(11.576544 48.119107,11.576471368819105 48.11913073656515)
2221	München	Kolumbusplatz	de:09162:160:51:51	48.119797	11.576751	light_rail	MATCHED	n2665022748	12.3	0.53	Kolumbusplatz	U2,U8	Fraunhoferstraße		LINESTRING(11.576751 48.119797,11.576745200000001 48.1199079)
2222	München	Kolumbusplatz	de:09162:160:51:53	48.119797	11.576652	light_rail	MATCHED	n2665022745	11.4	0.54	Kolumbusplatz	U1,U2	Fraunhoferstraße		LINESTRING(11.576652 48.119797,11.5765835 48.1198883)
2223	München	Kolumbusplatz	de:09162:160:52:52	48.119773	11.576544	light_rail	MATCHED	n2665022737	12.1	0.53	Kolumbusplatz	U1,U2,U8	Candidplatz / Silberhornstraße		LINESTRING(11.576544 48.119773,11.576529200000001 48.1198818)
2224	München	Kolumbusplatz (Nord)	de:09162:159:1:1	48.120577	11.576688	bus	MATCHED	w391263872	4.1	1.0	Kolumbusplatz (Nord)	52	Taubenstraße	Taubenstraße	LINESTRING(11.576688 48.120577,11.576635388944322 48.12056689562653)
2225	München	Kolumbusplatz (Nord)	de:09162:159:2:2	48.120703	11.576553	bus	MATCHED	w391263889	2.4	1.0	Kolumbusplatz (Nord)	52	Humboldtstraße	Humboldtstraße	LINESTRING(11.576553 48.120703,11.576521450950429 48.12070093848986)
2226	München	Kolumbusplatz (Nord)	de:09162:159:31:71	48.120967	11.577595		NO_MATCH_AND_SEEMS_UNSERVED								POINT(11.577595 48.120967)
2227	München	Kolumbusplatz/Humboldtstraße	de:09162:162:1:1	48.119233	11.575817	bus	MATCHED	w373538981	21.5	1.0	Kolumbusplatz/Humboldtstraße	68,N45	Silberhorn-/Ichostraße / Silberhornstraße	Silberhornstraße/Ichostraße / Silberhornstraße	LINESTRING(11.575817 48.119233,11.575562844242244 48.11932495716731)
2228	München	Konrad-Celtis-Straße	de:09162:1314:1:1	48.111143	11.526247		NO_MATCH_AND_SEEMS_UNSERVED								POINT(11.526247 48.111143)
2229	München	Konrad-Celtis-Straße	de:09162:1314:2:2	48.110579	11.526104		NO_MATCH_AND_SEEMS_UNSERVED								POINT(11.526104 48.110579)
2230	München	Korbinian-Beer-Straße	de:09162:1924:3:KBI 1	48.183541	11.478259	bus	MATCHED	w379853757	1.4	1.0	Korbinian-Beer-Straße	162,163	Krautheimstraße	Krautheimstraße	LINESTRING(11.478259 48.183541,11.478254600000001 48.183528550000005)
2231	München	Korbinian-Beer-Straße	de:09162:1924:3:KBI 2	48.183421	11.478259	bus	MATCHED	w379853758	0.5	1.0	Korbinian-Beer-Straße	162,163	Gruithuisenstraße	Gruithuisenstraße	LINESTRING(11.478259 48.183421,11.478252677878592 48.18342164196127)
2232	München	Korbinianplatz	de:09162:751:1:1	48.185853	11.572699	bus	MATCHED	w371166431	3.3	1.0	Korbinianplatz	150,50,N41	Milbertshofen / Milbertshofener Straße	Milbertshofener Straße / Milbertshofen	LINESTRING(11.572699 48.185853,11.572692538545892 48.185882316783996)
2233	München	Korbinianplatz	de:09162:751:2:2	48.186032	11.572843	bus	MATCHED	w371166427	0.6	1.0	Korbinianplatz	150,50,N41	Frankfurter Ring / Frankfurter Ring	Frankfurter Ring (U) / Frankfurter Ring	LINESTRING(11.572843 48.186032,11.572834714859443 48.18603166321767)
2234	München	Korbinianplatz	de:09162:751:39:78	48.184433	11.572493		NO_MATCH_AND_SEEMS_UNSERVED								POINT(11.572493 48.184433)
2235	München	Korbinianplatz	de:09162:751:39:79	48.184559	11.572493		NO_MATCH_AND_SEEMS_UNSERVED								POINT(11.572493 48.184559)
2236	München	Korbmacherweg	de:09162:1774:1:1	48.174688	11.418198	bus	MATCHED	n10587582125	1.4	0.9	Korbmacherweg	X80	Lochhausen	Lochhausen Bahnhof	LINESTRING(11.418198 48.174688,11.4182141 48.1746812)
2237	München	Korbmacherweg	de:09162:1774:2:2	48.175239	11.413159	bus	MATCHED	n10587582127	8.4	0.71	Korbmacherweg	X80	Von-Kahr-Straße	Von-Kahr-Straße	LINESTRING(11.413159 48.175239,11.4131672 48.175313900000006)
2238	München	Kornwegerstraße	de:09162:1502:1:1	48.112013	11.494303	bus	MATCHED	n470799752	1.2	1.0	Kornwegerstraße	54	Aurikelstraße	Aurikelstraße	LINESTRING(11.494303 48.112013,11.494304000000001 48.112002200000006)
2239	München	Kornwegerstraße	de:09162:1502:2:2	48.112049	11.495435	bus	MATCHED	n1842043032	7.3	1.0	Kornwegerstraße	160,268,54	Waldfriedhof (Wendeschleife) / Waldfriedhof	Waldfriedhof / Waldfriedhof (Wendeschleife)	LINESTRING(11.495435 48.112049,11.495522800000002 48.112019000000004)
2240	München	Kornwegerstraße	de:09162:1502:3:3	48.11242	11.494178	bus	MATCHED	n3888589857	3.2	1.0	Kornwegerstraße	160,268	Saalburgstraße	Saalburgstraße	LINESTRING(11.494178 48.11242,11.4941359 48.112416800000005)
2241	München	Kraftverkehr München	de:09162:20024:1:1	48.103675	11.601877		NO_MATCH_AND_SEEMS_UNSERVED								POINT(11.601877 48.103675)
2242	München	Kraftverkehr München Allach	de:09162:20037:1:1	48.193213	11.495525		NO_MATCH_AND_SEEMS_UNSERVED								POINT(11.495525 48.193213)
2243	München	Kraftverkehr München Hansastraße	de:09162:20033:1:1	48.127599	11.537126		NO_MATCH_AND_SEEMS_UNSERVED								POINT(11.537126 48.127599)
2244	München	Kraillinger Weg	de:09162:1629:1:1	48.138456	11.455182	bus	MATCHED	w435817316	0.8	1.0	Kraillinger Weg	259,265	Planegger Straße	Planegger Straße	LINESTRING(11.455182 48.138456,11.455173719674335 48.13846097371806)
2245	München	Kraillinger Weg	de:09162:1629:2:2	48.138222	11.45476	bus	MATCHED	w435817315	1.8	1.0	Kraillinger Weg	259,265	Siedlung am Haidelweg	Siedlung am Haidelweg	LINESTRING(11.45476 48.138222,11.45476204682167 48.138205927720136)
2246	München	Krankenhaus Martha Maria	de:09162:1156:1:1	48.086365	11.534377	bus	MATCHED	w396706813	4.2	1.0	Krankenhaus Martha-Maria	134	Wolfratshauser Straße	Wolfratshauser Straße	LINESTRING(11.534377 48.086365,11.534345702706215 48.0863334170488)
2247	München	Krankenhaus Martha Maria	de:09162:1156:2:2	48.086191	11.533964	bus	MATCHED	w396706816	3.0	1.0	Krankenhaus Martha-Maria	134	Friedastraße	Friedastraße	LINESTRING(11.533964 48.086191,11.533999449723703 48.08620373255318)
2248	München	Krankenhaus Pasing	de:09162:1664:1:1	48.145607	11.453161	bus	MATCHED	w142062127	3.4	1.0	Krankenhaus Pasing	160	Scapinellistraße	Scapinellistraße	LINESTRING(11.453161 48.145607,11.4531557 48.1455766)
2249	München	Krankenhaus Pasing	de:09162:1664:1:2	48.145661	11.453044	bus	MATCHED	w142062126	9.2	1.0	Krankenhaus Pasing	160	Avenariusplatz	Avenariusplatz	LINESTRING(11.453044 48.145661,11.453020917969965 48.14557966555203)
2250	München	Krankenhaus Pasing	de:09162:1664:31:72	48.145625	11.453107		NO_MATCH_AND_SEEMS_UNSERVED								POINT(11.453107 48.145625)
2251	München	Krauss-Maffei-Straße	de:09162:1857:1:1	48.19368	11.470974	bus	MATCHED	w379853759	2.6	1.0	Krauss-Maffei-Straße	163,706	Allach Bf. Ost	Allach Bahnhof Ost (S)	LINESTRING(11.470974 48.19368,11.471009611609766 48.1936804520305)
2252	München	Krauss-Maffei-Straße	de:09162:1857:2:2	48.193524	11.470705	bus	MATCHED	w379853762	5.4	1.0	Krauss-Maffei-Straße	163,706	Allacher Forstweg / Krauss-Maffei-Straße Ost	Allacher Forstweg / Krauss-Maffei-Straße Ost	LINESTRING(11.470705 48.193524,11.470632187001424 48.19352448791734)
2253	München	Krauss-Maffei-Straße Ost	de:09162:1856:1:1	48.193752	11.473274	bus	MATCHED	w379853761	2.7	1.0	Krauss-Maffei-Straße Ost	163	Krauss-Maffei-Straße	Krauss-Maffei-Straße	LINESTRING(11.473274 48.193752,11.47323724270123 48.193750813029844)
2254	München	Krauss-Maffei-Straße Ost	de:09162:1856:2:2	48.193686	11.473121	bus	MATCHED	w379853760	24.8	1.0	Krauss-Maffei-Straße Ost	163	Tubeufstraße	Tubeufstraße	LINESTRING(11.473121 48.193686,11.473260551653373 48.19348369676848)
2255	München	Krautheimstraße	de:09162:1918:31:71	48.182163	11.472295		NO_MATCH_AND_SEEMS_UNSERVED								POINT(11.472295 48.182163)
2256	München	Krautheimstraße	de:09162:1918:3:KRT 1	48.18284	11.472735	bus	MATCHED	w379853763	3.4	1.0	Krautheimstraße	162,163	Korbinian-Beer-Straße	Korbinian-Beer-Straße	LINESTRING(11.472735 48.18284,11.4726952 48.18282585000001)
2257	München	Krautheimstraße	de:09162:1918:3:KRT 2	48.182924	11.472645	bus	MATCHED	w379853764	0.7	1.0	Krautheimstraße	162,163	Rueßstraße / Von-Reuter-Straße	Von-Reuter-Straße / Rueßstraße	LINESTRING(11.472645 48.182924,11.472654150000002 48.18292555000001)
2258	München	Kreillerstraße	de:09162:1230:1:1	48.125644	11.644538	tram	MATCHED	n1237837365	17.5	0.47	Kreillerstraße	21,N19	St.-Veit-Straße		LINESTRING(11.644538 48.125644,11.644485900000001 48.125490600000006)
2259	München	Kreillerstraße	de:09162:1230:1:2	48.125626	11.644636	tram	MATCHED	n201387899	9.9	0.58	Kreillerstraße	21,N19	Mutschellestraße	Mutschellestraße	LINESTRING(11.644636 48.125626,11.6446495 48.125715)
2260	München	Kreillerstraße	de:09162:1230:31:41	48.126088	11.645544		NO_MATCH_AND_SEEMS_UNSERVED								POINT(11.645544 48.126088)
2261	München	Kreillerstraße	de:09162:1230:32:42	48.125872	11.645481		NO_MATCH_AND_SEEMS_UNSERVED								POINT(11.645481 48.125872)
2262	München	Kreillerstraße	de:09162:1230:33:43	48.125728	11.644475		MATCHED	n10781387946	34.6	1.0	Kreillerstraße				LINESTRING(11.644475 48.125728,11.644228400000001 48.125992100000005)
2263	München	Kreillerstraße	de:09162:1230:34:44	48.125692	11.644789		MATCHED	n10781387944	16.6	1.0	Kreillerstraße				LINESTRING(11.644789 48.125692,11.6447169 48.1255505)
2264	München	Kreillerstraße	de:09162:1230:35:45	48.125962	11.644331		NO_MATCH_AND_SEEMS_UNSERVED								POINT(11.644331 48.125962)
2265	München	Kreillerstraße	de:09162:1230:51:51	48.125812	11.646756	light_rail	MATCHED	n2665022756	11.0	0.55	Kreillerstraße	U2	Josephsburg		LINESTRING(11.646756 48.125812,11.6466195 48.1258501)
2266	München	Kreillerstraße	de:09162:1230:51:52	48.125752	11.64673	light_rail	MATCHED	n3114529601	9.8	0.58	Kreillerstraße	U2	Trudering		LINESTRING(11.64673 48.125752,11.6466016 48.1257328)
2267	München	Kriegelsteinerstraße	de:09162:1413:1:1	48.089984	11.496935	bus	MATCHED	w369932210	3.5	1.0	Kriegelsteinerstraße	132,N41	Forstenrieder Allee	Forstenrieder Allee	LINESTRING(11.496935 48.089984,11.496936650000002 48.09001580000001)
2268	München	Kriegelsteinerstraße	de:09162:1413:2:2	48.089828	11.496738	bus	MATCHED	w369932211	3.0	1.0	Kriegelsteinerstraße	132,N41	Hatzelweg	Hatzelweg	LINESTRING(11.496738 48.089828,11.496761623301786 48.089850007412956)
2269	München	Kriemhildenstraße	de:09162:219:2:1	48.152224	11.515261	tram	MATCHED	n297265351	13.1	0.53	Kriemhildenstraße	16,17,N17	Steubenplatz	Steubenplatz	LINESTRING(11.515261 48.152224,11.5154036 48.152155400000005)
2270	München	Kriemhildenstraße	de:09162:219:2:2	48.152278	11.515333	tram	MATCHED	n283339669	4.5	0.73	Kriemhildenstraße	16,17,N17	Romanplatz / Romanplatz	Romanplatz	LINESTRING(11.515333 48.152278,11.515273200000001 48.152283100000005)
2271	München	Kriemhildenstraße	de:09162:219:31:41	48.152188	11.515117		NO_MATCH_AND_SEEMS_UNSERVED								POINT(11.515117 48.152188)
2272	München	Kriemhildenstraße	de:09162:219:32:42	48.152326	11.515441		MATCHED	n3207961661	13.8	0.4	Kriemhildenstraße				LINESTRING(11.515441 48.152326,11.5153361 48.152223500000005)
2273	München	Kristallstraße	de:09162:1968:1:1	48.212258	11.484745	bus	MATCHED	w398700066	1.6	1.0	Kristallstraße	176,706,710	Krauss-Maffei-Straße / Ferchenbachstraße	Ferchenbachstraße	LINESTRING(11.484745 48.212258,11.484733900000002 48.21227015)
2274	München	Kristallstraße	de:09162:1968:2:2	48.213073	11.484539	bus	MATCHED	w398700065	4.6	1.0	Kristallstraße	172,710	Karlsfelder Straße	Karlsfelder Straße	LINESTRING(11.484539 48.213073,11.4845647 48.21303544999999)
2275	München	Kristallstraße	de:09162:1968:3:3	48.213079	11.485464	bus	MATCHED	w398700064	2.8	1.0	Kristallstraße	172,176	Opalstraße	Opalstraße	LINESTRING(11.485464 48.213079,11.4854417 48.21305825000001)
2276	München	Krokusstraße	de:09162:1538:1:1	48.125884	11.478852	bus	MATCHED	w393515031	0.7	1.0	Krokusstraße	167,56,N78	Terofalstraße	Terofalstraße	LINESTRING(11.478852 48.125884,11.478856912838973 48.125879081821644)
2277	München	Krokusstraße	de:09162:1538:2:2	48.125722	11.478852	bus	MATCHED	w393515030	6.4	1.0	Krokusstraße	56	Haderunstraße	Haderunstraße	LINESTRING(11.478852 48.125722,11.478938287187832 48.12572648098371)
2278	München	Krokusstraße	de:09162:1538:3:3	48.126076	11.479239	bus	MATCHED	w393515029	3.5	1.0	Krokusstraße	167	Gelbhofstraße	Gelbhofstraße	LINESTRING(11.479239 48.126076,11.479259073771628 48.12610443397281)
2279	München	Kronstadter Straße	de:09162:647:3:KRN 1	48.138666	11.647233	bus	MATCHED	w400200157	6.2	1.0	Kronstadter Straße	191	Rappelhofstraße	Rappelhofstraße	LINESTRING(11.647233 48.138666,11.647149511614 48.138670166695135)
2280	München	Kronstadter Straße	de:09162:647:3:KRN 2	48.138804	11.647403	bus	MATCHED	w400200158	2.2	1.0	Kronstadter Straße	191	Kastenbauerstraße	Kastenbauerstraße	LINESTRING(11.647403 48.138804,11.647421587975984 48.138788414204505)
2281	München	Kronwinkler Straße	de:09162:1715:1:1	48.161357	11.423004	bus	MATCHED	w375853735	1.2	1.0	Kronwinkler Straße	143,N81	Mariabrunner Straße	Mariabrunner Straße	LINESTRING(11.423004 48.161357,11.423015950000002 48.16135005000001)
2282	München	Kronwinkler Straße	de:09162:1715:2:2	48.161369	11.423633	bus	MATCHED	w375853785	2.9	1.0	Kronwinkler Straße	143,N80	Langwied	Langwied Bahnhof	LINESTRING(11.423633 48.161369,11.423598634901635 48.16135671020885)
2283	München	Krumbadstraße	de:09162:1005:3:KRU 1	48.116457	11.625206	bus	MATCHED	w389538940	6.4	1.0	Krumbadstraße	155,199	Berger-Kreuz-Straße	Berger-Kreuz-Straße	LINESTRING(11.625206 48.116457,11.62517866201936 48.11651135475929)
2284	München	Krumbadstraße	de:09162:1005:3:KRU 2	48.116727	11.625224	bus	MATCHED	w389538941	4.7	1.0	Krumbadstraße	155,199	Hechtseestraße / Bad-Schachener-Straße / Bad-Schachener-Straße	Hechtseestraße / Bad-Schachener-Straße	LINESTRING(11.625224 48.116727,11.625191300000001 48.116762800000004)
2285	München	Krähenweg	de:09162:1754:1:1	48.181271	11.391123		MATCHED	w379853766	6.0	1.0	Krähenweg			Pirolstraße	LINESTRING(11.391123 48.181271,11.39119701430805 48.18124855512035)
2286	München	Krähenweg	de:09162:1754:1:2	48.181379	11.39115		MATCHED	w379853765	3.8	1.0	Krähenweg			Gröbenzell, Am Sandberg	LINESTRING(11.39115 48.181379,11.391121771398861 48.18135078825069)
2287	München	Kuckucksblumenstraße	de:09162:385:3:KUK 1	48.19883	11.522412	bus	MATCHED	w409285653	10.5	1.0	Kuckucksblumenstraße	175	Fasanerie	Fasanerie Bahnhof	LINESTRING(11.522412 48.19883,11.522271744963012 48.1988419663503)
2288	München	Kuckucksblumenstraße	de:09162:385:3:KUK 2	48.198902	11.522385	bus	MATCHED	w409285651	1.6	1.0	Kuckucksblumenstraße	175,N71	Sonnentaustraße	Sonnentaustraße	LINESTRING(11.522385 48.198902,11.52240575 48.1988983)
2289	München	Kufsteiner Platz	de:09162:550:1:1	48.150055	11.601993	bus	MATCHED	w126856001	2.9	1.0	Kufsteiner Platz	187	Poschingerstraße	Poschingerstraße	LINESTRING(11.601993 48.150055,11.60195379311472 48.15005157934759)
2290	München	Kufsteiner Platz	de:09162:550:2:2	48.150318	11.602398	bus	MATCHED	w389700449	2.7	1.0	Kufsteiner Platz	187	Mauerkircherstraße	Mauerkircherstraße	LINESTRING(11.602398 48.150318,11.602372890496225 48.15030085732334)
2291	München	Kulturheimstraße	de:09162:558:1:1	48.19659	11.621397	bus	MATCHED	n13272085279	6.6	0.75	Kulturheimstraße	182,N40	Lützelsteiner Straße	Lützelsteiner Straße	LINESTRING(11.621397 48.19659,11.621344500000001 48.1966376)
2292	München	Kulturheimstraße	de:09162:558:2:2	48.196447	11.621244	bus	MATCHED	n13272085278	9.9	0.68	Kulturheimstraße	182,N40	Emmerigweg / Emmerigweg	Emmerigweg	LINESTRING(11.621244 48.196447,11.6213543 48.1963978)
2293	München	Kulturzentrum Trudering	de:09162:994:1:1	48.119563	11.670499	bus	MATCHED	n673714792	14.3	1.0	Kulturzentrum Trudering	193	Nikolaus-Prugger-Weg	Nikolaus-Prugger-Weg	LINESTRING(11.670499 48.119563,11.6706898 48.1195736)
2294	München	Kulturzentrum Trudering	de:09162:994:2:2	48.119803	11.670984	bus	MATCHED	n673714793	12.4	1.0	Kulturzentrum Trudering	193	Wasserburger Landstraße	Wasserburger Landstraße	LINESTRING(11.670984 48.119803,11.670822600000001 48.1197765)
2295	München	Kulturzentrum Trudering	de:09162:994:31:71	48.119983	11.671622		NO_MATCH_AND_SEEMS_UNSERVED								POINT(11.671622 48.119983)
2296	München	Kunihohstraße	de:09162:725:1:1	48.150288	11.657914		NO_MATCH_AND_SEEMS_UNSERVED								POINT(11.657914 48.150288)
2297	München	Kunihohstraße	de:09162:725:2:2	48.150432	11.657851		NO_MATCH_AND_SEEMS_UNSERVED								POINT(11.657851 48.150432)
2298	München	Kunihohstraße	de:09162:725:3:3	48.149659	11.657896	bus	MATCHED	w386838105	5.0	1.0	Kunihohstraße	183,E183	Schichtlstraße	Schichtlstraße	LINESTRING(11.657896 48.149659,11.657889837794722 48.149703458390476)
2299	München	Kunihohstraße	de:09162:725:4:4	48.149815	11.65803	bus	MATCHED	w386838106	5.0	1.0	Kunihohstraße	183,E183	Daglfing Bahnhof Ost	Daglfing Bahnhof Ost	LINESTRING(11.65803 48.149815,11.657963609004977 48.14980659235701)
2300	München	Kunreuthstraße	de:09162:1724:1:1	48.150552	11.413024	bus	MATCHED	w375853833	1.8	1.0	Kunreuthstraße	143,57,N77	Riesenburgstraße	Riesenburgstraße	LINESTRING(11.413024 48.150552,11.413027670162382 48.15056782069358)
2301	München	Kunreuthstraße	de:09162:1724:2:2	48.150384	11.413293	bus	MATCHED	w375853832	4.0	1.0	Kunreuthstraße	143,57,N77	Aubing / Neuaubing West	Neuaubing West / Aubing Bahnhof	LINESTRING(11.413293 48.150384,11.413276317712542 48.15035001993949)
2302	München	Kunreuthstraße	de:09162:1724:3:3	48.150624	11.412359		NO_MATCH_AND_SEEMS_UNSERVED								POINT(11.412359 48.150624)
2303	München	Kunstmannstraße	de:09162:1912:1:1	48.173945	11.47702	bus	MATCHED	w379853768	1.6	0.89	Kunstmannstraße	162	Heerstraße	Heerstraße	LINESTRING(11.47702 48.173945,11.477028714665972 48.17395840262989)
2304	München	Kunstmannstraße	de:09162:1912:2:2	48.173807	11.477442	bus	MATCHED	w379853767	2.9	0.85	Kunstmannstraße	162	Finsterwalderstraße	Finsterwalderstraße	LINESTRING(11.477442 48.173807,11.477441099999995 48.1737807)
2305	München	Kunstmannstraße	de:09162:1912:31:71	48.17328	11.47534		NO_MATCH_AND_SEEMS_UNSERVED								POINT(11.47534 48.17328)
2306	München	Kunstmannstraße	de:09162:1912:32:72	48.17313	11.475591		NO_MATCH_AND_SEEMS_UNSERVED								POINT(11.475591 48.17313)
2307	München	Kurfürstenplatz	de:09162:43:1:1	48.160398	11.574074		MATCHED	w343277915	3.0	0.8	Kurfürstenplatz	12,53,59,N43	Pündterplatz / Clemensstraße	Clemensstraße / Pündterplatz	LINESTRING(11.574074 48.160398,11.574035035851415 48.16040458565405)
2308	München	Kurfürstenplatz	de:09162:43:1:2	48.160302	11.574424		MATCHED	n1562831785	46.7	0.18	Kurfürstenplatz			Hohenzollernplatz	LINESTRING(11.574424 48.160302,11.5738628 48.16048970000001)
2309	München	Kurfürstenplatz	de:09162:43:31:71	48.160009	11.575331		NO_MATCH_AND_SEEMS_UNSERVED								POINT(11.575331 48.160009)
2310	München	Kurfürstenplatz	de:09162:43:32:72	48.160039	11.574712		MATCHED	n295634098	66.0	0.13	Kurfürstenplatz			Clemensstraße	LINESTRING(11.574712 48.160039,11.5740525 48.160436600000004)
2311	München	Kurfürstenplatz	de:09162:43:32:73	48.160356	11.575439		NO_MATCH_AND_SEEMS_UNSERVED								POINT(11.575439 48.160356)
2312	München	Kurfürstenplatz	de:09162:43:34:74	48.160428	11.577326		NO_MATCH_AND_SEEMS_UNSERVED								POINT(11.577326 48.160428)
2313	München	Kurfürstenplatz	de:09162:43:35:75	48.159398	11.574891		NO_MATCH_AND_SEEMS_UNSERVED								POINT(11.574891 48.159398)
2314	München	Kurfürstenplatz	de:09162:43:36:76	48.160734	11.575143		NO_MATCH_AND_SEEMS_UNSERVED								POINT(11.575143 48.160734)
2315	München	Kurfürstenplatz	de:09162:43:3:3	48.160506	11.574092		MATCHED	w343277914	12.5	0.56	Kurfürstenplatz	12,53,59,N44	Hohenzollernplatz	Hohenzollernplatz	LINESTRING(11.574092 48.160506,11.573925749999999 48.16052010000001)
2316	München	Kurfürstenplatz	de:09162:43:4:4	48.159907	11.574846	tram	MATCHED	n1672730695	8.0	0.63	Kurfürstenplatz	27,28,N27	Elisabethplatz	Elisabethplatz	LINESTRING(11.574846 48.159907,11.574921300000002 48.1599583)
2317	München	Kurfürstenplatz	de:09162:43:4:5	48.159997	11.574999	tram	MATCHED	n252269137	5.9	0.68	Kurfürstenplatz	27,28,N27	Hohenzollernplatz / Clemensstraße	Clemensstraße / Hohenzollernplatz	LINESTRING(11.574999 48.159997,11.5749572 48.1599519)
2318	München	Kurfürstenplatz	de:09162:43:6:6	48.160662	11.574972		NO_MATCH_AND_SEEMS_UNSERVED								POINT(11.574972 48.160662)
2319	München	Kurparkstraße	de:09162:1525:1:1	48.119443	11.496163	bus	MATCHED	n2779899422	3.6	1.0	Kurparkstraße	167	Gräfelfinger Straße	Gräfelfinger Straße	LINESTRING(11.496163 48.119443,11.4961888 48.119415200000006)
2320	München	Kurparkstraße	de:09162:1525:2:2	48.119509	11.496396	bus	MATCHED	n2779899427	7.8	1.0	Kurparkstraße	167	Stiftsbogen	Stiftsbogen	LINESTRING(11.496396 48.119509,11.4963887 48.119579400000006)
2321	München	Kurzstraße	de:09162:1117:1:1	48.104893	11.570067	tram	MATCHED	n1496658442	8.3	0.62	Kurzstraße	25,N27	Südtiroler Straße	Südtiroler Straße	LINESTRING(11.570067 48.104893,11.5700293 48.104823)
2322	München	Kurzstraße	de:09162:1117:2:2	48.104353	11.569681	tram	MATCHED	n1493333396	10.4	0.57	Kurzstraße	25,N27	Wettersteinplatz	Wettersteinplatz	LINESTRING(11.569681 48.104353,11.569711100000001 48.1044446)
2323	München	Kurzstraße	de:09162:1117:31:21	48.104857	11.569852		MATCHED	n10718602892	15.1	1.0	Kurzstraße				LINESTRING(11.569852 48.104857,11.5699299 48.1049828)
2324	München	Kurzstraße	de:09162:1117:32:22	48.104311	11.569798		MATCHED	n10718602893	3.2	1.0	Kurzstraße				LINESTRING(11.569798 48.104311,11.5698346 48.1042968)
2325	München	Kurzstraße	de:09162:1117:33:73	48.104503	11.569421		MATCHED	n3196072868	35.4	0.22	Kurzstraße				LINESTRING(11.569421 48.104503,11.5698618 48.104623200000006)
2326	München	Kustermannpark	de:09162:92:3:KUP 1	48.124181	11.601293	bus	MATCHED	w377924355	16.1	0.6	Kustermannpark	145,155,55,N45,N75	Anzinger Straße	Anzinger Straße / Sankt-Martin-Straße Ost	LINESTRING(11.601293 48.124181,11.601453892822615 48.12408390721885)
2327	München	Kölner Platz	de:09162:435:1:1	48.170159	11.577389		MATCHED	w277106263	5.0	1.0	Kölner Platz	12,140,141,27,N41	Scheidplatz	Scheidplatz Süd	LINESTRING(11.577389 48.170159,11.577323955563639 48.1701467492141)
2328	München	Kölner Platz	de:09162:435:1:3	48.170069	11.577416		MATCHED	w277106264	5.6	1.0	Kölner Platz	12,140,141,27,N41	Parzivalplatz / Parzivalplatz	Parzivalplatz	LINESTRING(11.577416 48.170069,11.577340482528108 48.170066448926335)
2329	München	Kölner Platz	de:09162:435:31:31	48.169895	11.577928		MATCHED	n3178723061	36.7	0.21	Kölner Platz			Parzivalplatz	LINESTRING(11.577928 48.169895,11.577541700000001 48.170100600000005)
2330	München	Kölner Platz	de:09162:435:32:72	48.170302	11.578763		NO_MATCH_AND_SEEMS_UNSERVED								POINT(11.578763 48.170302)
2331	München	Kölner Platz	de:09162:435:33:73	48.170189	11.57879		NO_MATCH_AND_SEEMS_UNSERVED								POINT(11.57879 48.170189)
2332	München	Kölner Platz	de:09162:435:99:2	48.170117	11.577398		MATCHED	n3178723161	12.8	0.42	Kölner Platz			Scheidplatz	LINESTRING(11.577398 48.170117,11.577226600000001 48.170115700000004)
2333	München	Königinstraße	de:09162:123:1:1	48.143983	11.584827	bus	MATCHED	w373507728	1.3	1.0	Königinstraße	100	Von-der-Tann-Straße	Von-der-Tann-Straße	LINESTRING(11.584827 48.143983,11.584826995651998 48.14397109259353)
2334	München	Königinstraße	de:09162:123:2:2	48.143533	11.585168	bus	MATCHED	w373507732	2.7	1.0	Königinstraße	100	Nationalmuseum/Haus der Kunst	Nationalmuseum/Haus der Kunst	LINESTRING(11.585168 48.143533,11.585138530579894 48.14354774182343)
2335	München	Königsplatz	de:09162:110:11:11	48.145691	11.565387		NO_MATCH_AND_SEEMS_UNSERVED								POINT(11.565387 48.145691)
2336	München	Königsplatz	de:09162:110:12:12	48.145871	11.565297		NO_MATCH_AND_SEEMS_UNSERVED								POINT(11.565297 48.145871)
2337	München	Königsplatz	de:09162:110:1:1	48.146956	11.564462	bus	MATCHED	w373507736	4.0	1.0	Königsplatz	100,68	Karlstraße / Stiglmaierplatz	Stiglmaierplatz / Karlstraße	LINESTRING(11.564462 48.146956,11.56450806383777 48.14697486023515)
2338	München	Königsplatz	de:09162:110:2:2	48.145458	11.563662	bus	MATCHED	w373507741	22.1	1.0	Königsplatz	100,58	Technische Universität	Technische Universität	LINESTRING(11.563662 48.145458,11.563762104795842 48.14564530752886)
2339	München	Königsplatz	de:09162:110:3:3	48.146279	11.563303		NO_MATCH_AND_SEEMS_UNSERVED								POINT(11.563303 48.146279)
2340	München	Königsplatz	de:09162:110:4:4	48.146435	11.563393		NO_MATCH_AND_SEEMS_UNSERVED								POINT(11.563393 48.146435)
2341	München	Königsplatz	de:09162:110:51:51	48.14496	11.563294	light_rail	MATCHED	n3352357478	5.1	0.72	Königsplatz	U2,U8	Theresienstraße		LINESTRING(11.563294 48.14496,11.563295400000001 48.145006)
2342	München	Königsplatz	de:09162:110:51:52	48.144996	11.563168	light_rail	MATCHED	n3352357484	5.2	0.71	Königsplatz	U2,U8	Hauptbahnhof (U, Tram)		LINESTRING(11.563168 48.144996,11.5631499 48.145041600000006)
2343	München	Lagerhausstraße	de:09162:1132:1:1	48.120427	11.55556	bus	MATCHED	w369716810	0.6	1.0	Lagerhausstraße	132,62	Tumblingerstraße / Großmarkthalle	Großmarkthalle / Tumblingerstraße	LINESTRING(11.55556 48.120427,11.555555590524744 48.12042224779929)
2344	München	Lagerhausstraße	de:09162:1132:2:2	48.120445	11.555191	bus	MATCHED	w369716809	3.5	1.0	Lagerhausstraße	132,62	Ehrengutstraße / Roecklplatz	Roecklplatz / Ehrengutstraße	LINESTRING(11.555191 48.120445,11.555214813079461 48.120418112330675)
2345	München	Laim	de:09162:9:2:2	48.143575	11.50343		NO_MATCH_AND_SEEMS_UNSERVED								POINT(11.50343 48.143575)
2346	München	Laim	de:09162:9:30:70	48.142137	11.503349		NO_MATCH_AND_SEEMS_UNSERVED								POINT(11.503349 48.142137)
2347	München	Laim	de:09162:9:31:71	48.143054	11.503574	bus	MATCHED	w264485688	4.7	1.0	Laim Bahnhof	151,168,51,N78	Nymphenburg Süd / Winfriedstraße	Winfriedstraße / Nymphenburg Süd	LINESTRING(11.503574 48.143054,11.503625809823973 48.143077795291994)
2348	München	Laim	de:09162:9:32:72	48.14315	11.50281		NO_MATCH_AND_SEEMS_UNSERVED								POINT(11.50281 48.14315)
2349	München	Laim	de:09162:9:33:73	48.143611	11.502864		NO_MATCH_AND_SEEMS_UNSERVED								POINT(11.502864 48.143611)
2350	München	Laim	de:09162:9:34:74	48.142742	11.504023		NO_MATCH_AND_SEEMS_UNSERVED								POINT(11.504023 48.142742)
2351	München	Laim	de:09162:9:35:75	48.143054	11.501984	bus	MATCHED	w435843551	42.7	0.14	Laim Bahnhof			Schäufeleinstraße / Pronnerplatz	LINESTRING(11.501984 48.143054,11.50217492482493 48.14341644941002)
2352	München	Laim	de:09162:9:36:76	48.142946	11.502658		NO_MATCH_AND_SEEMS_UNSERVED								POINT(11.502658 48.142946)
2353	München	Laim	de:09162:9:3:1	48.143408	11.502397	train	MATCHED	w264485685	7.0	1.0	Laim Bahnhof	S1,S2	Hirschgarten		LINESTRING(11.502397 48.143408,11.502491074775373 48.143410399411295)
2354	München	Laim	de:09162:9:3:3	48.143414	11.502056		MATCHED	w435843550	9.9	1.0	Laim Bahnhof	130,157,S1,S2,S3,S4,S5,S6,S8	Moosach / Pasing / Pasing / Pasing Bf. Nord / Schäufeleinstraße / Obermenzing / Pasing / Pasing / Moosach / Pasing / Moosach		LINESTRING(11.502056 48.143414,11.501923522743628 48.14342184945727)
2355	München	Laim	de:09162:9:3:7	48.143414	11.50184	bus	NO_MATCH_BUT_OTHER_PLATFORM_MATCHED					130,157	Pronnerplatz		POINT(11.50184 48.143414)
2356	München	Laim	de:09162:9:41:81	48.144594	11.503215	trainish	MATCHED	n1452862973	20.0	0.42	Laim			Obermenzing / Pasing / Moosach	LINESTRING(11.503215 48.144594,11.5029582 48.144647000000006)
2357	München	Laim	de:09162:9:42:82	48.144373	11.503457	trainish	MATCHED	n1452862971	46.3	0.25	Laim			Hirschgarten	LINESTRING(11.503457 48.144373,11.504071900000001 48.1443099)
2358	München	Laim	de:09162:9:42:83	48.144289	11.503448	train	MATCHED	n1468100875	46.2	0.42	Laim	S2,S3,S4,S5,S6,S8	Hirschgarten	Hirschgarten	LINESTRING(11.503448 48.144289,11.5040621 48.144226100000004)
2359	München	Laim	de:09162:9:4:4	48.143492	11.502954	bus	MATCHED	w264485686	3.0	1.0	Laim Bahnhof	168	Fürstenrieder Straße	Fürstenrieder Straße	LINESTRING(11.502954 48.143492,11.502945898000085 48.1435186859371)
2360	München	Laim	de:09162:9:5:5	48.144403	11.503313		NO_MATCH_AND_SEEMS_UNSERVED								POINT(11.503313 48.144403)
2361	München	Laim	de:09162:9:6:6	48.1433	11.50414	bus	NO_MATCH_BUT_OTHER_PLATFORM_MATCHED					151,51,N78	Fürstenrieder Straße		POINT(11.50414 48.1433)
2362	München	Laimer Platz	de:09162:280:1:1	48.135177	11.499729	bus	MATCHED	w248852367	5.3	1.0	Laimer Platz	57	Stroblstraße	Stroblstraße	LINESTRING(11.499729 48.135177,11.499706984643742 48.135131580753146)
2363	München	Laimer Platz	de:09162:280:1:4	48.135141	11.499388		MATCHED	w435817320	1.0	1.0	Laimer Platz				LINESTRING(11.499388 48.135141,11.499390750041504 48.13514988182146)
2364	München	Laimer Platz	de:09162:280:2:2	48.134907	11.503134		MATCHED	w248852369	2.7	1.0	Laimer Platz			Fürstenrieder Straße	LINESTRING(11.503134 48.134907,11.503141689819905 48.13488294812644)
2365	München	Laimer Platz	de:09162:280:31:41	48.135483	11.503556		NO_MATCH_AND_SEEMS_UNSERVED								POINT(11.503556 48.135483)
2366	München	Laimer Platz	de:09162:280:32:42	48.135303	11.503574		NO_MATCH_AND_SEEMS_UNSERVED								POINT(11.503574 48.135303)
2367	München	Laimer Platz	de:09162:280:33:43	48.135657	11.503152		NO_MATCH_AND_SEEMS_UNSERVED								POINT(11.503152 48.135657)
2368	München	Laimer Platz	de:09162:280:34:74	48.135944	11.502819	bus	NO_MATCH_BUT_OTHER_PLATFORM_MATCHED					151,168,51,N78	Aindorferstraße		POINT(11.502819 48.135944)
2369	München	Laimer Platz	de:09162:280:35:75	48.134757	11.503125	bus	NO_MATCH_BUT_OTHER_PLATFORM_MATCHED					151,168,51,N78	Fürstenrieder Straße		POINT(11.503125 48.134757)
2370	München	Laimer Platz	de:09162:280:3:3	48.13604	11.502837		MATCHED	w248852368	14.8	1.0	Laimer Platz			Aindorferstraße	LINESTRING(11.502837 48.13604,11.502806613719676 48.13590850966573)
2371	München	Laimer Platz	de:09162:280:51:51	48.135483	11.501921	light_rail	MATCHED	n246922490	6.5	0.67	Laimer Platz	U5			LINESTRING(11.501921 48.135483,11.5019854 48.1355221)
2372	München	Laimer Platz	de:09162:280:51:52	48.135429	11.501921	light_rail	MATCHED	n2517995104	4.6	0.74	Laimer Platz	U5	Friedenheimer Straße		LINESTRING(11.501921 48.135429,11.501973600000001 48.1354075)
2373	München	Laimer Platz	de:09162:280:5:5	48.13604	11.503161		NO_MATCH_AND_SEEMS_UNSERVED								POINT(11.503161 48.13604)
2374	München	Laimer Platz	de:09162:280:6:6	48.135075	11.502918	tram	NO_MATCH_BUT_OTHER_PLATFORM_MATCHED					14	Aindorferstraße		POINT(11.502918 48.135075)
2375	München	Laimer Platz	de:09162:280:7:7	48.135752	11.503035	tram	NO_MATCH_BUT_OTHER_PLATFORM_MATCHED					14	Fürstenrieder Straße		POINT(11.503035 48.135752)
2376	München	Laimer Platz	de:09162:280:99:5	48.135459	11.501921		NO_MATCH_AND_SEEMS_UNSERVED								POINT(11.501921 48.135459)
2377	München	Lamprechtstraße	de:09162:956:31:71	48.101557	11.668846		NO_MATCH_AND_SEEMS_UNSERVED								POINT(11.668846 48.101557)
2378	München	Lamprechtstraße	de:09162:956:32:72	48.101479	11.668882	bus	NO_MATCH_BUT_OTHER_PLATFORM_MATCHED					194	Friesplatz		POINT(11.668882 48.101479)
2379	München	Lamprechtstraße	de:09162:956:3:LAM 1	48.101443	11.669475	bus	MATCHED	w472506827	3.9	1.0	Lamprechtstraße	194	Hippelstraße	Hippelstraße	LINESTRING(11.669475 48.101443,11.669524950000001 48.10143325)
2380	München	Lamprechtstraße	de:09162:956:3:LAM 2	48.101293	11.66908	bus	MATCHED	w472506826	0.8	1.0	Lamprechtstraße	194	Friesplatz	Friesplatz	LINESTRING(11.66908 48.101293,11.66908898692558 48.10129742522927)
2381	München	Landrichterstraße	de:09162:1061:3:LAD 1	48.088706	11.607626	bus	MATCHED	w392177024	2.4	0.86	Landrichterstraße	145,N75	Kiefernstraße	Kiefernstraße	LINESTRING(11.607626 48.088706,11.607614677283564 48.08872615618912)
2382	München	Landrichterstraße	de:09162:1061:3:LAD 2	48.088568	11.607437	bus	MATCHED	w392177023	4.7	0.79	Landrichterstraße	145	Fasangartenstraße	Fasangartenstraße	LINESTRING(11.607437 48.088568,11.607375100000002 48.088561)
2383	München	Landshuter Allee	de:09162:29:1:1	48.151475	11.536677	bus	MATCHED	w385034739	2.5	1.0	Landshuter Allee	153,53,63	Schlörstraße	Schlörstraße	LINESTRING(11.536677 48.151475,11.536690390711339 48.15149534234521)
2384	München	Landshuter Allee	de:09162:29:2:2	48.152009	11.536264	bus	MATCHED	w385034740	4.7	1.0	Landshuter Allee	53,63	Rotkreuzplatz / Rotkreuzplatz	Rotkreuzplatz	LINESTRING(11.536264 48.152009,11.536296800000002 48.15197335)
2385	München	Landshuter Allee	de:09162:29:31:71	48.152908	11.537378		MATCHED	w385034741	26.3	1.0	Landshuter Allee			Volkartstraße Ost	LINESTRING(11.537378 48.152908,11.537307327487994 48.152676036147874)
2386	München	Landshuter Allee	de:09162:29:3:3	48.15262	11.53736	bus	NO_MATCH_BUT_OTHER_PLATFORM_MATCHED					144	Volkartstraße Ost		POINT(11.53736 48.15262)
2387	München	Landshuter Allee	de:09162:29:4:4	48.151415	11.538276	bus	MATCHED	w560341948	11.8	1.0	Landshuter Allee	153	Maillingerstraße	Maillingerstraße	LINESTRING(11.538276 48.151415,11.53812557535158 48.15144825852979)
2388	München	Langbürgener Straße	de:09162:1064:1:1	48.10797	11.612522		NO_MATCH_AND_SEEMS_UNSERVED								POINT(11.612522 48.10797)
2389	München	Langbürgener Straße	de:09162:1064:2:2	48.110423	11.612692	bus	MATCHED	w373592142	4.5	1.0	Langbürgener Straße	59	Ramersdorf	Ramersdorf	LINESTRING(11.612692 48.110423,11.612636540833536 48.11040636755121)
2390	München	Langbürgener Straße	de:09162:1064:3:3	48.110333	11.611956	bus	MATCHED	w373592141	4.6	1.0	Langbürgener Straße	59	Balanstraße	Balanstraße	LINESTRING(11.611956 48.110333,11.61195595226117 48.110291286892206)
2391	München	Langwied	de:09162:1800:1:1	48.163131	11.432284		MATCHED	w375853834	4.8	1.0	Langwied Bahnhof	143,N81,S3	Pasing / Kronwinkler Straße / Pasing / Pasing / Lochhausen / Pasing / Pasing	Kronwinkler Straße	LINESTRING(11.432284 48.163131,11.43229224985387 48.16317341088304)
2392	München	Langwied	de:09162:1800:2:2	48.163011	11.432625		MATCHED	w375853836	1.6	0.62	Langwied Bahnhof	143,N80,S3	Lochhausen / Pasing Bf. Nord / Jaspersallee	Jaspersallee	LINESTRING(11.432625 48.163011,11.432635992540476 48.16299811302531)
2393	München	Langwied	de:09162:1800:41:81	48.163053	11.432535	trainish	MATCHED	n1468100877	16.1	0.46	Langwied			Pasing	LINESTRING(11.432535 48.163053,11.4323203 48.1630327)
2394	München	Langwied	de:09162:1800:41:82	48.162969	11.432427	trainish	MATCHED	n1468100887	16.3	0.46	Langwied			Lochhausen	LINESTRING(11.432427 48.162969,11.432427500000001 48.1631153)
2395	München	Langwied Ortsmitte	de:09162:1853:1:1	48.181139	11.423858	bus	MATCHED	w371630516	28.9	1.0	Langwied Ortsmitte	159	Paulaner Brauerei	Paulaner Brauerei	LINESTRING(11.423858 48.181139,11.423489050000004 48.18105785)
2396	München	Langwied Ortsmitte	de:09162:1853:1:2	48.181205	11.423831	bus	MATCHED	w371630523	12.4	1.0	Langwied Ortsmitte	159	Osterangerstraße	Osterangerstraße	LINESTRING(11.423831 48.181205,11.42399495 48.181227)
2397	München	Langwied Ortsmitte	de:09162:1853:31:71	48.179845	11.422851		NO_MATCH_AND_SEEMS_UNSERVED								POINT(11.422851 48.179845)
2398	München	Langwied Ortsmitte	de:09162:1853:32:72	48.179935	11.422815		NO_MATCH_AND_SEEMS_UNSERVED								POINT(11.422815 48.179935)
2399	München	Langwieder See	de:09162:1793:3:LGW 1	48.198494	11.413769		MATCHED	n908559125	6.7	0.57	Langwieder See				LINESTRING(11.413769 48.198494,11.4137654 48.198553800000006)
2400	München	Lassallestraße	de:09162:322:1:1	48.186907	11.534144	bus	MATCHED	w375853839	4.2	1.0	Lassallestraße	50	Olympiapark Nord	Olympiapark Nord	LINESTRING(11.534144 48.186907,11.534090125239345 48.186919233333334)
2401	München	Lassallestraße	de:09162:322:2:2	48.186763	11.533362	bus	MATCHED	w375853842	1.2	1.0	Lassallestraße	163,50,60,N76	Olympia-Einkaufszentrum West	Olympia-Einkaufszentrum West (U)	LINESTRING(11.533362 48.186763,11.533374131597236 48.18677042412399)
2402	München	Lassallestraße	de:09162:322:3:3	48.1872	11.533281	bus	MATCHED	w379853769	1.0	1.0	Lassallestraße	163	Ehrenbreitsteiner Straße	Ehrenbreitsteiner Straße	LINESTRING(11.533281 48.1872,11.53327071075767 48.18720609907298)
2403	München	Lassallestraße	de:09162:322:4:4	48.187368	11.533874	bus	MATCHED	w375853841	1.1	1.0	Lassallestraße	60,N76	Himmelschlüsselstraße	Himmelschlüsselstraße	LINESTRING(11.533874 48.187368,11.533861350000002 48.18736270000001)
2404	München	Lauinger Straße	de:09162:1936:1:1	48.179258	11.496711	bus	MATCHED	w379853770	2.4	1.0	Lauinger Straße	162,163	Margarete-Steiff-Straße	Margarete-Steiff-Straße	LINESTRING(11.496711 48.179258,11.496739900000001 48.179249000000006)
2405	München	Lauinger Straße	de:09162:1936:2:2	48.179156	11.495822	bus	MATCHED	w379853771	5.0	1.0	Lauinger Straße	162,163	Untermenzinger Straße	Untermenzinger Straße	LINESTRING(11.495822 48.179156,11.495870280663421 48.17918675370492)
2406	München	Lauinger Straße	de:09162:1936:3:3	48.179504	11.496145	bus	MATCHED	w379853772	5.4	1.0	Lauinger Straße	169	Dillinger Straße	Dillinger Straße	LINESTRING(11.496145 48.179504,11.496161063761372 48.179456451117346)
2407	München	Lautensackstraße	de:09162:1202:2:1	48.139601	11.518288	tram	MATCHED	n682303430	6.8	0.66	Lautensackstraße	18,19,N19	Am Lokschuppen	Am Lokschuppen	LINESTRING(11.518288 48.139601,11.518258300000001 48.1396591)
2408	München	Lautensackstraße	de:09162:1202:2:2	48.139619	11.518154	tram	MATCHED	n282755659	7.9	0.63	Lautensackstraße	18,19,N19	Agnes-Bernauer-Straße / Siglstraße	Agnes-Bernauer-Straße / Siglstraße	LINESTRING(11.518154 48.139619,11.5181692 48.139549)
2409	München	Lautensackstraße	de:09162:1202:31:21	48.139709	11.518486		MATCHED	n10718612289	6.0	1.0	Lautensackstraße				LINESTRING(11.518486 48.139709,11.518473 48.139655600000005)
2410	München	Lautensackstraße	de:09162:1202:32:22	48.139655	11.518019		NO_MATCH_AND_SEEMS_UNSERVED								POINT(11.518019 48.139655)
2411	München	Lautensackstraße	de:09162:1202:33:33	48.140638	11.518711		NO_MATCH_AND_SEEMS_UNSERVED								POINT(11.518711 48.140638)
2412	München	Lautensackstraße	de:09162:1202:34:74	48.140339	11.518288		NO_MATCH_AND_SEEMS_UNSERVED								POINT(11.518288 48.140339)
2413	München	Lautensackstraße	de:09162:1202:35:75	48.141615	11.518935		NO_MATCH_AND_SEEMS_UNSERVED								POINT(11.518935 48.141615)
2414	München	Lautensackstraße	de:09162:1202:3:3	48.139649	11.519268	bus	MATCHED	w385034743	3.8	1.0	Lautensackstraße	62	Hirschgarten	Hirschgarten	LINESTRING(11.519268 48.139649,11.519267747429808 48.13961526233409)
2415	München	Lautensackstraße	de:09162:1202:4:4	48.139739	11.518845	bus	MATCHED	w385034742	3.0	1.0	Lautensackstraße	62	Hauzenberger Straße	Hauzenberger Straße	LINESTRING(11.518845 48.139739,11.518827607082933 48.13976362422386)
2416	München	Lebscheestraße	de:09162:1167:1:1	48.107784	11.565207	bus	MATCHED	w391263906	4.9	1.0	Lebschéestraße	52	Ludmillastraße	Ludmillastraße	LINESTRING(11.565207 48.107784,11.565141523585284 48.10779129432646)
2417	München	Lebscheestraße	de:09162:1167:2:2	48.107862	11.56483	bus	MATCHED	w391263923	5.7	1.0	Lebschéestraße	52	Wilhelm-Kuhnert-Straße	Wilhelm-Kuhnert-Straße	LINESTRING(11.56483 48.107862,11.564905899999998 48.107853600000006)
2418	München	Lehel	de:09162:590:1:1	48.139559	11.588725	tram	MATCHED	n1689112793	8.5	1.0	Lehel	16	Nationalmuseum/Haus der Kunst	Nationalmuseum/Haus der Kunst	LINESTRING(11.588725 48.139559,11.5886227 48.1395938)
2419	München	Lehel	de:09162:590:2:2	48.139571	11.588591	tram	MATCHED	n1689112790	2.6	1.0	Lehel	16	Maxmonument	Maxmonument	LINESTRING(11.588591 48.139571,11.588581000000001 48.1395932)
2420	München	Lehel	de:09162:590:31:41	48.139373	11.59072		NO_MATCH_AND_SEEMS_UNSERVED								POINT(11.59072 48.139373)
2421	München	Lehel	de:09162:590:32:72	48.138624	11.590028		NO_MATCH_AND_SEEMS_UNSERVED								POINT(11.590028 48.138624)
2422	München	Lehel	de:09162:590:33:73	48.137977	11.59107		NO_MATCH_AND_SEEMS_UNSERVED								POINT(11.59107 48.137977)
2423	München	Lehel	de:09162:590:51:51	48.139739	11.587899	light_rail	MATCHED	n207594097	20.2	0.41	Lehel	U4,U5	Odeonsplatz		LINESTRING(11.587899 48.139739,11.588165 48.1397046)
2424	München	Lehel	de:09162:590:52:52	48.139613	11.587791	light_rail	MATCHED	n2535330542	5.1	0.72	Lehel	U4,U5	Max-Weber-Platz		LINESTRING(11.587791 48.139613,11.5877257 48.1395977)
2425	München	Lehel	de:09162:590:99:35	48.139685	11.587845		NO_MATCH_AND_SEEMS_UNSERVED								POINT(11.587845 48.139685)
2426	München	Lehel	de:09162:590:99:36	48.139685	11.587845		NO_MATCH_AND_SEEMS_UNSERVED								POINT(11.587845 48.139685)
2427	München	Lehrer-Wirth-Straße	de:09162:816:3:LWI 1	48.129559	11.694538	bus	MATCHED	w386838108	0.4	1.0	Lehrer-Wirth-Straße	190	Helsinkistraße	Helsinkistraße	LINESTRING(11.694538 48.129559,11.694538419881956 48.12955584614047)
2428	München	Lehrer-Wirth-Straße	de:09162:816:3:LWI 2	48.129475	11.694583	bus	MATCHED	w386838107	3.5	1.0	Lehrer-Wirth-Straße	190	Mutter-Teresa-Straße	Mutter-Teresa-Straße	LINESTRING(11.694583 48.129475,11.694629750921212 48.1294714483759)
2429	München	Leienfelsstraße	de:09162:1700:31:71	48.15283	11.42702	bus	MATCHED	w365352218	0.4	1.0	Leienfelsstraße SEV				LINESTRING(11.42702 48.15283,11.4270177824784 48.15282676318871)
2430	München	Leienfelsstraße	de:09162:1700:32:72	48.152638	11.427244	bus	MATCHED	w365352219	0.5	1.0	Leienfelsstraße SEV				LINESTRING(11.427244 48.152638,11.42723882299866 48.1526412991409)
2431	München	Leienfelsstraße	de:09162:1700:41:81	48.154586	11.42825	train	MATCHED	n316920607	17.5	0.44	Leienfelsstraße	S4	Aubing / Pasing	Aubing	LINESTRING(11.42825 48.154586,11.428482200000001 48.154559600000006)
2432	München	Leienfelsstraße	de:09162:1700:42:82	48.154544	11.428232	train	MATCHED	n13803176	18.1	0.6	Leienfelsstraße	S20,S4	Pasing / Pasing / Pasing / Pasing / Pasing	München-Pasing / Pasing	LINESTRING(11.428232 48.154544,11.4284736 48.1545246)
2433	München	Leifstraße	de:09162:1185:1:1	48.091412	11.593666	bus	MATCHED	w391474789	0.5	1.0	Leifstraße	220	Minnewitstraße	Minnewitstraße	LINESTRING(11.593666 48.091412,11.59366986682225 48.091416099394166)
2434	München	Leifstraße	de:09162:1185:2:2	48.091484	11.593819	bus	MATCHED	w391474788	4.2	1.0	Leifstraße	220,E220,N75	Lincolnstraße	Lincolnstraße	LINESTRING(11.593819 48.091484,11.593847450810213 48.09145185086445)
2435	München	Leisaustraße	de:09162:1707:1:1	48.137755	11.429463		NO_MATCH_AND_SEEMS_UNSERVED								POINT(11.429463 48.137755)
2436	München	Leisaustraße	de:09162:1707:2:2	48.137665	11.429553		NO_MATCH_AND_SEEMS_UNSERVED								POINT(11.429553 48.137665)
2437	München	Lenbachplatz	de:09162:16:2:1	48.140866	11.568612	tram	MATCHED	n1239854182	2.7	0.8	Lenbachplatz	19,21,N19	Marienplatz (Theatinerstraße)	Marienplatz (Theatinerstraße)	LINESTRING(11.568612 48.140866,11.568596600000001 48.140888000000004)
2438	München	Lenbachplatz	de:09162:16:2:2	48.14089	11.568405	tram	MATCHED	n1239854155	4.3	0.74	Lenbachplatz	19,21,N19	Karlsplatz (Stachus)	Karlsplatz (Stachus)	LINESTRING(11.568405 48.14089,11.5684269 48.1408543)
2439	München	Lenbachplatz	de:09162:16:3:3	48.140986	11.568136	bus	MATCHED	w396812284	21.8	0.54	Lenbachplatz	N40,N41,N45	Karlsplatz (Stachus)	Karlsplatz (Stachus)	LINESTRING(11.568136 48.140986,11.568380400000006 48.1410937)
2440	München	Lenbachplatz	de:09162:16:4:4	48.140776	11.568882		MATCHED	n3194086682	30.4	0.24	Lenbachplatz				LINESTRING(11.568882 48.140776,11.568506600000001 48.140884)
2441	München	Lenbachplatz	de:09162:16:5:5	48.141154	11.569888	bus	MATCHED	w396812285	10.8	0.67	Lenbachplatz	N40,N41,N45	Maximiliansplatz	Maximiliansplatz	LINESTRING(11.569888 48.141154,11.569743950000001 48.1411445)
2442	München	Leonrodplatz	de:09162:11:1:1	48.159751	11.547834		MATCHED_AMBIGUOUSLY	n1698244859	14.2	1.0	Leonrodplatz	12,53,N44	Fasaneriestraße	Fasaneriestraße	LINESTRING(11.547834 48.159751,11.5477158 48.1596509)
2443	München	Leonrodplatz	de:09162:11:1:1	48.159751	11.547834		MATCHED_AMBIGUOUSLY	w309120850	15.0	1.0	Leonrodplatz	12,53,N44	Fasaneriestraße	Fasaneriestraße	LINESTRING(11.547834 48.159751,11.547993031408938 48.15983427325692)
2444	München	Leonrodplatz	de:09162:11:1:6	48.159841	11.548175		MATCHED	w342248488	9.6	1.0	Leonrodplatz				LINESTRING(11.548175 48.159841,11.548083447920291 48.15978018539831)
2445	München	Leonrodplatz	de:09162:11:2:2	48.159182	11.546972		MATCHED_AMBIGUOUSLY	n1519557031	9.7	1.0	Leonrodplatz	12,53,N43	Infanteriestraße	Infanteriestraße	LINESTRING(11.546972 48.159182,11.5470488 48.159252)
2446	München	Leonrodplatz	de:09162:11:2:2	48.159182	11.546972		MATCHED_AMBIGUOUSLY	w309120849	17.2	1.0	Leonrodplatz	12,53,N43	Infanteriestraße	Infanteriestraße	LINESTRING(11.546972 48.159182,11.546793132289512 48.159084292640344)
2447	München	Leonrodplatz	de:09162:11:2:5	48.15914	11.54672		MATCHED	w351185666	0.8	1.0	Leonrodplatz				LINESTRING(11.54672 48.15914,11.546711767320655 48.159135728832794)
2448	München	Leonrodplatz	de:09162:11:32:22	48.159074	11.54769		NO_MATCH_AND_SEEMS_UNSERVED								POINT(11.54769 48.159074)
2449	München	Leonrodplatz	de:09162:11:33:23	48.159583	11.546963		MATCHED	n10814197532	23.7	0.29	Leonrodplatz				LINESTRING(11.546963 48.159583,11.547025300000001 48.159792)
2450	München	Leonrodplatz	de:09162:11:34:24	48.159302	11.547834		NO_MATCH_AND_SEEMS_UNSERVED								POINT(11.547834 48.159302)
2451	München	Leonrodplatz	de:09162:11:35:75	48.160021	11.546433		NO_MATCH_AND_SEEMS_UNSERVED								POINT(11.546433 48.160021)
2452	München	Leonrodplatz	de:09162:11:36:76	48.159793	11.548346		NO_MATCH_AND_SEEMS_UNSERVED								POINT(11.548346 48.159793)
2453	München	Leonrodplatz	de:09162:11:37:71	48.159122	11.546451		NO_MATCH_AND_SEEMS_UNSERVED								POINT(11.546451 48.159122)
2454	München	Leonrodplatz	de:09162:11:38:72	48.159134	11.547133		NO_MATCH_AND_SEEMS_UNSERVED								POINT(11.547133 48.159134)
2455	München	Leonrodplatz	de:09162:11:3:3	48.159721	11.547034	tram	MATCHED	n316327076	3.5	1.0	Leonrodplatz	20,21,N20	Hochschule München (Lothstr.)	Hochschule München (Lothstraße)	LINESTRING(11.547034 48.159721,11.547081400000001 48.159719)
2456	München	Leonrodplatz	de:09162:11:3:4	48.159901	11.546972	tram	MATCHED	n202879550	2.7	1.0	Leonrodplatz	20,21,N20	Heideckstraße	Heideckstraße	LINESTRING(11.546972 48.159901,11.5469401 48.1598887)
2457	München	Lerchenauer See	de:09162:342:3:LSE 1	48.198039	11.535734	bus	MATCHED	w375853844	0.6	1.0	Lerchenauer See	60,N76	Max-Wönner-Straße	Max-Wönner-Straße	LINESTRING(11.535734 48.198039,11.535730450000003 48.1980345)
2458	München	Lerchenauer See	de:09162:342:3:LSE 2	48.19795	11.535401	bus	MATCHED	w375853843	2.4	1.0	Lerchenauer See	60,N76	Himmelschlüsselstraße	Himmelschlüsselstraße	LINESTRING(11.535401 48.19795,11.535404653200551 48.19792874164463)
2459	München	Lerchenauer Straße	de:09162:324:1:1	48.185469	11.551921	bus	MATCHED	w390071278	3.1	1.0	Lerchenauer Straße	173,180	Helene-Mayer-Ring	Helene-Mayer-Ring	LINESTRING(11.551921 48.185469,11.551901140435874 48.18549318170993)
2460	München	Lerchenauer Straße	de:09162:324:2:2	48.186182	11.550448	bus	MATCHED	w390071281	2.8	1.0	Lerchenauer Straße	50	Oberwiesenfeld	Oberwiesenfeld (U)	LINESTRING(11.550448 48.186182,11.550484203481998 48.1861754271926)
2461	München	Lerchenauer Straße	de:09162:324:3:3	48.185937	11.552379	bus	MATCHED	w390071275	11.9	1.0	Lerchenauer Straße	180,50	Preußenstraße	Preußenstraße	LINESTRING(11.552379 48.185937,11.5522192209875 48.18592740681383)
2462	München	Lerchenauer Straße	de:09162:324:4:4	48.186661	11.551481	bus	MATCHED	w390071276	3.7	1.0	Lerchenauer Straße	173	Schittgablerstraße	Schittgablerstraße	LINESTRING(11.551481 48.186661,11.551490801513356 48.18662875262777)
2463	München	Lerchenstraße	de:09162:1986:3:LRN 1	48.214557	11.534925	bus	MATCHED	w390071282	1.8	1.0	Lerchenstraße	172,173	Feldmoching / Feldmoching	Feldmoching Bahnhof	LINESTRING(11.534925 48.214557,11.534943600000002 48.2145464)
2464	München	Lerchenstraße	de:09162:1986:3:LRN 2	48.214659	11.534844	bus	MATCHED	w390071283	3.3	1.0	Lerchenstraße	172,173	Josef-Frankl-Straße / Josef-Frankl-Straße	Josef-Frankl-Straße	LINESTRING(11.534844 48.214659,11.534880517558383 48.214641483099754)
2465	München	Leuchtenbergring	de:09162:900:41:81	48.134523	11.616663	train	MATCHED	n1469098205	12.9	0.51	Leuchtenbergring	S1,S2,S4,S6,S8	Daglfing / Berg am Laim / Ostbahnhof / Ostbahnhof / Ostbahnhof / Ostbahnhof	Ostbahnhof	LINESTRING(11.616663 48.134523,11.616495200000001 48.134493000000006)
2466	München	Leuchtenbergring	de:09162:900:41:82	48.134434	11.616708	train	MATCHED	n417075327	13.7	0.65	Leuchtenbergring	S1	Ostbahnhof / Ostbahnhof / Ostbahnhof	Ostbahnhof	LINESTRING(11.616708 48.134434,11.616529900000002 48.1344046)
2467	München	Leuchtenbergring	de:09162:900:43:83	48.134074	11.615244	train	MATCHED	n1180848793	11.9	0.68	Leuchtenbergring	S1,S4,S8			LINESTRING(11.615244 48.134074,11.615390900000001 48.1341151)
2468	München	Leuchtenbergring	de:09162:900:43:84	48.133972	11.615297	train	MATCHED	n417075321	12.2	0.53	Leuchtenbergring	S2,S4,S6,S8	Daglfing / Daglfing / Ostbahnhof / Ostbahnhof / Berg am Laim / Ostbahnhof	Berg am Laim / Daglfing	LINESTRING(11.615297 48.133972,11.615446500000001 48.134017500000006)
2469	München	Leutstettener Straße	de:09162:1338:1:1	48.093374	11.522448	bus	MATCHED	w376756302	3.2	1.0	Leutstettener Straße	136,63,N41	Siemensallee / Siemensallee	Siemensallee	LINESTRING(11.522448 48.093374,11.522446036859769 48.09334540965641)
2470	München	Leutstettener Straße	de:09162:1338:2:2	48.09344	11.52278	bus	MATCHED	w376756296	0.5	1.0	Leutstettener Straße	136,63,N41	Kistlerhofstraße	Kistlerhofstraße	LINESTRING(11.52278 48.09344,11.522776418888983 48.09343573397322)
2471	München	Lilienthalallee Süd	de:09162:428:1:1	48.186715	11.602865	bus	MATCHED	w372415442	6.6	1.0	Lilienthalallee Süd	177	Joseph-Dollinger-Bogen	Joseph-Dollinger-Bogen	LINESTRING(11.602865 48.186715,11.602942950000012 48.18674365)
2472	München	Lilienthalallee Süd	de:09162:428:2:2	48.187069	11.60194	bus	MATCHED	w372415406	18.3	1.0	Lilienthalallee Süd	177	Max-Bill-Straße	Max-Bill-Straße	LINESTRING(11.60194 48.187069,11.602169599999991 48.187009800000006)
2473	München	Limesstraße	de:09162:1732:1:1	48.154196	11.418423	bus	MATCHED	w379853774	3.3	1.0	Limesstraße	162,E162	Ubostraße	Ubostraße	LINESTRING(11.418423 48.154196,11.418427081922944 48.15416620039074)
2474	München	Limesstraße	de:09162:1732:2:2	48.153926	11.418423	bus	MATCHED	w379853773	2.9	1.0	Limesstraße	162,E162	Plankenfelser Straße	Plankenfelser Straße	LINESTRING(11.418423 48.153926,11.418458450000001 48.15393605)
2475	München	Limmatstraße	de:09162:1409:1:1	48.094562	11.5014		NO_MATCH_AND_SEEMS_UNSERVED								POINT(11.5014 48.094562)
2476	München	Limmatstraße	de:09162:1409:2:2	48.094832	11.50069	bus	MATCHED	w296502182	2.3	1.0	Limmatstraße	132,63,N41	Forstenrieder Allee / Forstenrieder Allee	Forstenrieder Allee	LINESTRING(11.50069 48.094832,11.50070741381699 48.094814714764674)
2477	München	Limmatstraße	de:09162:1409:31:71	48.094868	11.502739		NO_MATCH_AND_SEEMS_UNSERVED								POINT(11.502739 48.094868)
2478	München	Limmatstraße	de:09162:1409:3:3	48.094634	11.500708	bus	MATCHED	w296502180	4.3	1.0	Limmatstraße	132,63,N41	Züricher Straße / Züricher Straße / Munckerstraße	Züricher Straße / Munckerstraße	LINESTRING(11.500708 48.094634,11.500766175508893 48.09463603766646)
2479	München	Lincolnstraße	de:09162:1182:3:LIN 1	48.094148	11.590504	bus	MATCHED	w391474791	8.8	1.0	Lincolnstraße	220	Leifstraße	Leifstraße	LINESTRING(11.590504 48.094148,11.590438910484751 48.09421370279056)
2480	München	Lincolnstraße	de:09162:1182:3:LIN 2	48.094082	11.590684	bus	MATCHED	w391474790	4.0	0.81	Lincolnstraße	220,E220,N75	Stettnerstraße	Stettnerstraße	LINESTRING(11.590684 48.094082,11.590640134381726 48.09410293109297)
2481	München	Lindberghstraße	de:09162:465:1:1	48.191716	11.605928	bus	MATCHED	w618084204	38.8	1.0	Lindberghstraße	178	Alois-Wolfmüller-Straße	Alois-Wolfmüller-Straße	LINESTRING(11.605928 48.191716,11.605890715517036 48.19136836943678)
2482	München	Lochhausen	de:09162:1810:1:1	48.176347	11.40776		MATCHED	w379853776	3.5	1.0	Lochhausen Bahnhof	162,8300,E162,N81,S3	Gröbenzell / Ziegeleistraße / Gröbenzell, Sportzentrum / Kleiberweg	Ziegeleistraße / Kleiberweg	LINESTRING(11.40776 48.176347,11.40773535944493 48.17632011660869)
2483	München	Lochhausen	de:09162:1810:1:2	48.176209	11.407661	bus	MATCHED	w379853777	3.8	1.0	Lochhausen Bahnhof	162,E162,N80	Asmarstraße	Asmarstraße	LINESTRING(11.407661 48.176209,11.407615020258698 48.17622469808367)
2484	München	Lochhausen	de:09162:1810:3:3	48.17709	11.407598		MATCHED	w379853775	2.2	1.0	Lochhausen Bahnhof	830,S3	Sumpfmeisenweg / Langwied	Sumpfmeisenweg	LINESTRING(11.407598 48.17709,11.407584250000001 48.17707210000001)
2485	München	Lochhausen	de:09162:1810:41:81	48.176083	11.408487	trainish	MATCHED	n1468100890	43.2	0.26	Lochhausen			Langwied	LINESTRING(11.408487 48.176083,11.408043800000002 48.1763343)
2486	München	Lochhausen	de:09162:1810:41:82	48.176161	11.408595	trainish	MATCHED	n1468100893	42.8	0.26	Lochhausen			Gröbenzell	LINESTRING(11.408595 48.176161,11.4081536 48.176407700000006)
2487	München	Lochhausen	de:09162:1810:4:4	48.177982	11.407311	bus	MATCHED	w371630529	6.5	1.0	Lochhausen Bahnhof	159	Eschenrieder Straße	Eschenrieder Straße	LINESTRING(11.407311 48.177982,11.4073539410143 48.17793090495812)
2488	München	Lochhausen	de:09162:1810:5:5	48.177	11.408218	bus	MATCHED	n9466965786	0.7	1.0	Lochhausen Bahnhof	X80	Korbmacherweg / Langwied	Korbmacherweg	LINESTRING(11.408218 48.177,11.408226200000001 48.177002300000005)
2489	München	Lochhausen	de:09162:1810:6:6	48.177132	11.408182	bus	MATCHED	n9466965785	2.1	1.0	Lochhausen Bahnhof	X80	Gröbenzell, Ziegelei-Ring / Gröbenzell, Puchheimer Straße	Gröbenzell, Ziegelei-Ring	LINESTRING(11.408182 48.177132,11.4082074 48.177140900000005)
2490	München	Lochhausener Straße	de:09162:1816:1:1	48.169673	11.456951	bus	MATCHED	w371630537	2.2	1.0	Lochhausener Straße	160,N78	Blutenburg	Blutenburg	LINESTRING(11.456951 48.169673,11.456976402440374 48.16968280747823)
2491	München	Lochhausener Straße	de:09162:1816:2:2	48.169338	11.457131	bus	MATCHED	w371630538	6.3	1.0	Lochhausener Straße	159,160	Campingplatz Obermenzing / Steirerstraße	Campingplatz Obermenzing / Steirerstraße	LINESTRING(11.457131 48.169338,11.457139041177628 48.1692812468556)
2492	München	Lochhausener Straße	de:09162:1816:3:3	48.16932	11.456996	bus	MATCHED	w371630536	27.6	1.0	Lochhausener Straße	159	Blutenburg	Blutenburg	LINESTRING(11.456996 48.16932,11.457056769375779 48.169075016429474)
2493	München	Lohengrinstraße	de:09162:624:1:1	48.16385	11.621756	bus	MATCHED	w386838110	8.7	1.0	Lohengrinstraße	187,188,189	Bürgerpark Oberföhring	Bürgerpark Oberföhring	LINESTRING(11.621756 48.16385,11.621806941848007 48.16392024489393)
2494	München	Lohengrinstraße	de:09162:624:2:2	48.164629	11.621972	bus	MATCHED	w386838109	1.5	1.0	Lohengrinstraße	187,188,189	Effnerstraße / Wahnfriedallee	Effnerstraße / Wahnfriedallee	LINESTRING(11.621972 48.164629,11.621989306146766 48.16462244012998)
2495	München	Lohensteinstraße	de:09162:1608:1:1	48.141585	11.482095	tram	MATCHED	n2610201717	6.6	0.66	Lohensteinstraße	14,19,N19	Willibaldplatz	Willibaldplatz	LINESTRING(11.482095 48.141585,11.482180900000001 48.141601200000004)
2496	München	Lohensteinstraße	de:09162:1608:2:2	48.141723	11.481116	tram	MATCHED	n1239748181	8.9	0.61	Lohensteinstraße	14,19,N19	Westbad	Westbad	LINESTRING(11.481116 48.141723,11.4809979 48.141708900000005)
2497	München	Lohensteinstraße	de:09162:1608:31:21	48.141579	11.481143		NO_MATCH_AND_SEEMS_UNSERVED								POINT(11.481143 48.141579)
2498	München	Lohensteinstraße	de:09162:1608:32:22	48.141795	11.481044		NO_MATCH_AND_SEEMS_UNSERVED								POINT(11.481044 48.141795)
2499	München	Lohensteinstraße	de:09162:1608:3:3	48.141789	11.481125	bus	MATCHED	w392482399	5.3	1.0	Lohensteinstraße	57	Westbad	Westbad	LINESTRING(11.481125 48.141789,11.481053349999998 48.141791000000005)
2500	München	Lohensteinstraße	de:09162:1608:4:4	48.141579	11.481224	bus	MATCHED	w392482398	0.7	1.0	Lohensteinstraße	57	Fischer-v.-Erlach-Straße	Fischer-von-Erlach-Straße	LINESTRING(11.481224 48.141579,11.481215251392038 48.14157894987033)
2501	München	Lorettoplatz	de:09162:1404:3:LOR 1	48.103831	11.488743	bus	MATCHED	w538582758	11.0	1.0	Lorettoplatz	54	Aurikelstraße		LINESTRING(11.488743 48.103831,11.488782227620732 48.103736042775374)
2502	München	Lorettoplatz	de:09162:1404:3:LOR 2	48.103561	11.488491	bus	MATCHED	w538582759	0.3	1.0	Lorettoplatz	54			LINESTRING(11.488491 48.103561,11.48849438845533 48.10355931671017)
2503	München	Lotte-Branz-Straße	de:09162:767:1:1	48.192255	11.590261	bus	MATCHED	w526500470	17.0	1.0	Lotte-Branz-Straße	178	Anton-Ditt-Bogen	Anton-Ditt-Bogen	LINESTRING(11.590261 48.192255,11.590232177433263 48.19240622721928)
2504	München	Lotte-Branz-Straße	de:09162:767:2:2	48.192464	11.590423	bus	MATCHED	w526500469	3.4	1.0	Lotte-Branz-Straße	178	Margot-Kalinke-Straße	Margot-Kalinke-Straße	LINESTRING(11.590423 48.192464,11.590465383608677 48.1924536637343)
2505	München	Ludmillastraße	de:09162:1168:1:1	48.110057	11.567202	bus	MATCHED	w391263945	3.9	1.0	Ludmillastraße	52	Candidplatz	Candidplatz	LINESTRING(11.567202 48.110057,11.567157401530977 48.110039375630386)
2506	München	Ludmillastraße	de:09162:1168:2:2	48.110087	11.566905	bus	MATCHED	w391263956	3.6	1.0	Ludmillastraße	52	Lebscheestraße	Lebschéestraße	LINESTRING(11.566905 48.110087,11.566922133103361 48.11011713546558)
2507	München	Ludwig-Beck-Straße	de:09162:1989:1:1	48.216939	11.53683	bus	MATCHED	n12176564758	4.6	0.83	Ludwig-Beck-Straße	171	Feldmoching	Feldmoching Bahnhof	LINESTRING(11.53683 48.216939,11.536801800000001 48.216976200000005)
2508	München	Ludwig-Beck-Straße	de:09162:1989:2:2	48.217053	11.536866	bus	MATCHED	n12161629318	5.2	0.81	Ludwig-Beck-Straße	171	Hochmuttinger Straße	Hochmuttinger Straße	LINESTRING(11.536866 48.217053,11.536811700000001 48.217024200000004)
2509	München	Ludwig-Erhard-Allee	de:09162:1013:1:1	48.085099	11.639821	bus	MATCHED	w483432102	5.2	1.0	Ludwig-Erhard-Allee	196	Curd-Jürgens-Straße	Curd-Jürgens-Straße	LINESTRING(11.639821 48.085099,11.639763656547004 48.085125162680974)
2510	München	Ludwig-Erhard-Allee	de:09162:1013:2:2	48.085177	11.639103	bus	MATCHED	w483432103	2.4	1.0	Ludwig-Erhard-Allee	196	Ludwig-Linsert-Straße	Ludwig-Linsert-Straße	LINESTRING(11.639103 48.085177,11.639129150000004 48.08518995)
2511	München	Ludwig-Linsert-Straße	de:09162:1012:1:1	48.086059	11.634836	bus	MATCHED	w483433520	1.4	1.0	Ludwig-Linsert-Straße	196	Ludwig-Erhard-Allee	Ludwig-Erhard-Allee	LINESTRING(11.634836 48.086059,11.634832932808466 48.08607126820675)
2512	München	Ludwig-Linsert-Straße	de:09162:1012:2:2	48.086491	11.634899	bus	MATCHED	w483433523	3.0	1.0	Ludwig-Linsert-Straße	196	Hermann-Pünder-Straße	Hermann-Pünder-Straße	LINESTRING(11.634899 48.086491,11.63488055 48.08646720000001)
2513	München	Ludwigsbrücke	de:09162:122:31:71	48.133834	11.585941		NO_MATCH_AND_SEEMS_UNSERVED								POINT(11.585941 48.133834)
2514	München	Ludwigsbrücke	de:09162:122:32:72	48.134398	11.586731		NO_MATCH_AND_SEEMS_UNSERVED								POINT(11.586731 48.134398)
2515	München	Ludwigsbrücke	de:09162:122:33:73	48.133025	11.585482		NO_MATCH_AND_SEEMS_UNSERVED								POINT(11.585482 48.133025)
2516	München	Ludwigsbrücke	de:09162:122:3:LBR 1	48.132533	11.585321	bus	MATCHED	w369593070	4.6	0.8	Ludwigsbrücke	132	Isartor	Isartor	LINESTRING(11.585321 48.132533,11.585354324233979 48.132568000548495)
2517	München	Ludwigsfeld (Campingplatz)	de:09162:381:2:2	48.199405	11.497492		MATCHED	n7785539541	2.7	1.0	Ludwigsfeld (Campingplatz)				LINESTRING(11.497492 48.199405,11.497459600000001 48.199393400000005)
2518	München	Ludwigsfeld (Campingplatz)	de:09162:381:3:LUC 1	48.199003	11.49734	bus	MATCHED	w409285657	8.2	1.0	Ludwigsfeld (Campingplatz)	175,N71	Am Blütenanger	Am Blütenanger	LINESTRING(11.49734 48.199003,11.4972313 48.19901705)
2519	München	Ludwigshöher Straße	de:09162:1155:1:1	48.091892	11.539516		NO_MATCH_AND_SEEMS_UNSERVED								POINT(11.539516 48.091892)
2520	München	Ludwigshöher Straße	de:09162:1155:2:2	48.091664	11.53912		NO_MATCH_AND_SEEMS_UNSERVED								POINT(11.53912 48.091664)
2521	München	Luise-Kiesselbach-Platz	de:09162:1307:1:1	48.113536	11.517462	bus	MATCHED	w396605060	11.7	0.65	Luise-Kiesselbach-Platz	54,N40	Ettalstraße	Ettalstraße	LINESTRING(11.517462 48.113536,11.517607299102245 48.11349650669744)
2522	München	Luise-Kiesselbach-Platz	de:09162:1307:2:2	48.11317	11.517696	bus	MATCHED	w396605059	6.7	0.74	Luise-Kiesselbach-Platz	54,N40	Fernpaßstraße	Fernpaßstraße	LINESTRING(11.517696 48.11317,11.517606229524551 48.11317059892332)
2523	München	Luise-Kiesselbach-Platz	de:09162:1307:3:3	48.113668	11.516662	bus	MATCHED	w396605057	17.8	0.58	Luise-Kiesselbach-Platz	63	Pilsenseestraße	Pilsenseestraße	LINESTRING(11.516662 48.113668,11.516726181017942 48.11382203189051)
2524	München	Luise-Kiesselbach-Platz	de:09162:1307:4:4	48.113266	11.517794		NO_MATCH_AND_SEEMS_UNSERVED								POINT(11.517794 48.113266)
2525	München	Luise-Kiesselbach-Platz	de:09162:1307:5:5	48.114076	11.517121	bus	MATCHED	w396605058	27.2	0.5	Luise-Kiesselbach-Platz	63	Westpark	Westpark	LINESTRING(11.517121 48.114076,11.517128546156972 48.11383149035612)
2526	München	Luise-Kiesselbach-Platz	de:09162:1307:6:6	48.112588	11.516761		NO_MATCH_AND_SEEMS_UNSERVED								POINT(11.516761 48.112588)
2527	München	Luisenstraße	de:09162:127:1:1	48.152662	11.567795	bus	MATCHED	w377796586	4.8	1.0	Luisenstraße	153,154	Augustenstraße	Augustenstraße	LINESTRING(11.567795 48.152662,11.567846064182515 48.15263564666025)
2528	München	Luisenstraße	de:09162:127:2:2	48.152356	11.56836		NO_MATCH_AND_SEEMS_UNSERVED								POINT(11.56836 48.152356)
2529	München	Luisenstraße	de:09162:127:3:3	48.1525	11.567965	bus	MATCHED	w377796583	12.2	1.0	Luisenstraße	153,154	Arcisstraße	Arcisstraße	LINESTRING(11.567965 48.1525,11.567807035241186 48.15252949055163)
2530	München	Lustheimstraße	de:09162:235:1:1	48.163856	11.486767	bus	MATCHED	w375853845	6.2	1.0	Lustheimstraße	143,158,162,180	Obermenzing	Obermenzing Bahnhof	LINESTRING(11.486767 48.163856,11.486845979015914 48.163874723821735)
2531	München	Lustheimstraße	de:09162:235:2:2	48.163724	11.485931	bus	MATCHED	w375853846	7.4	1.0	Lustheimstraße	143,158,162,180,N78	Amalienburgstraße / Amalienburgstraße / Amalienburgstraße / Amalienburgstraße	Amalienburgstraße	LINESTRING(11.485931 48.163724,11.486029469884006 48.16371260187826)
2532	München	Lübecker Straße	de:09162:728:1:1	48.166845	11.659557	bus	MATCHED	w327683564	5.1	1.0	Lübecker Straße	154	Westerlandanger	Westerlandanger	LINESTRING(11.659557 48.166845,11.65950375 48.16687405000001)
2533	München	Lübecker Straße	de:09162:728:2:2	48.167337	11.659575	bus	MATCHED	w327683566	4.8	1.0	Lübecker Straße	154	Johanneskirchen	Johanneskirchen Bahnhof	LINESTRING(11.659575 48.167337,11.659530238207893 48.167306351171554)
2534	München	Lüneburger Straße	de:09162:336:1:1	48.18296	11.563204	bus	MATCHED	w384211900	2.0	1.0	Lüneburger Straße	178	Anhalter Platz	Anhalter Platz	LINESTRING(11.563204 48.18296,11.563196109198941 48.18294289084691)
2535	München	Lüneburger Straße	de:09162:336:2:2	48.183235	11.56298	bus	MATCHED	w384211901	5.5	1.0	Lüneburger Straße	178	Schopenhauerstraße	Schopenhauerstraße	LINESTRING(11.56298 48.183235,11.562977177761683 48.18328465714061)
2536	München	Lüneburger Straße	de:09162:336:31:71	48.181564	11.563492		MATCHED_THOUGH_NAMES_DIFFER	n4456979862	65.0	0.05	Riesenfeldstraße				LINESTRING(11.563492 48.181564,11.5632766 48.1821308)
2537	München	Lüneburger Straße	de:09162:336:32:72	48.181379	11.563501		NO_MATCH_AND_SEEMS_UNSERVED								POINT(11.563501 48.181379)
2538	München	Lützelsteiner Straße	de:09162:549:1:1	48.199273	11.614381	bus	MATCHED	n8274222488	3.2	1.0	Lützelsteiner Straße	182,N40	Bernsteinweg	Bernsteinweg	LINESTRING(11.614381 48.199273,11.6143801 48.199302)
2539	München	Lützelsteiner Straße	de:09162:549:2:2	48.199135	11.614031	bus	MATCHED	n13272085276	2.2	0.87	Lützelsteiner Straße	182,N40	Kulturheimstraße	Kulturheimstraße	LINESTRING(11.614031 48.199135,11.6140603 48.199137500000006)
2540	München	MAN (Karlsfelder Straße)	de:09162:9986:72:72	48.217071	11.480568		NO_MATCH_AND_SEEMS_UNSERVED								POINT(11.480568 48.217071)
2541	München	MAN Siedlung	de:09162:1975:3:MAN 1	48.218358	11.483245	bus	MATCHED	w398700068	2.5	0.86	MAN Siedlung	176	Karlsfelder Straße	Karlsfelder Straße	LINESTRING(11.483245 48.218358,11.483277385641864 48.218351699526025)
2542	München	MAN Siedlung	de:09162:1975:3:MAN 2	48.218328	11.482562		MATCHED	w398700067	2.4	0.75	MAN Siedlung				LINESTRING(11.482562 48.218328,11.4825439 48.21834585)
2543	München	MTU-Museum	de:09162:8004:71:71	48.213737	11.481943		NO_MATCH_AND_SEEMS_UNSERVED								POINT(11.481943 48.213737)
2544	München	MVG Museum	de:09162:8019:2:2	48.103339	11.602505	tram	MATCHED	n9409856289	0.0	1.0	MVG Museum	E7	Chiemgaustraße	Chiemgaustraße	LINESTRING(11.602505 48.103339,11.6025054 48.1033391)
2545	München	MVG Museum	de:09162:8019:3:MVG 1	48.103741	11.60229	bus	MATCHED	w533461198	17.9	0.41	MVG Museum	O7	Giesing		LINESTRING(11.60229 48.103741,11.602059555370356 48.10369660635384)
2546	München	Machtlfinger Straße	de:09162:1470:1:1	48.09794	11.513186	bus	MATCHED	w477705914	4.0	1.0	Machtlfinger Straße	51	Geisenhausenerstraße	Geisenhausenerstraße	LINESTRING(11.513186 48.09794,11.513135250000001 48.0979507)
2547	München	Machtlfinger Straße	de:09162:1470:2:2	48.0983	11.51368	bus	MATCHED	w477705157	2.1	1.0	Machtlfinger Straße	51	Drygalski-Allee	Drygalski-Allee	LINESTRING(11.51368 48.0983,11.513677548681875 48.09828094986829)
2548	München	Machtlfinger Straße	de:09162:1470:31:71	48.09794	11.513132		NO_MATCH_AND_SEEMS_UNSERVED								POINT(11.513132 48.09794)
2549	München	Machtlfinger Straße	de:09162:1470:32:72	48.098306	11.513743		NO_MATCH_AND_SEEMS_UNSERVED								POINT(11.513743 48.098306)
2550	München	Machtlfinger Straße	de:09162:1470:51:51	48.097328	11.514992	light_rail	MATCHED	n2650093543	11.3	0.55	Machtlfinger Straße	U3	Aidenbachstraße / Forstenrieder Allee		LINESTRING(11.514992 48.097328,11.5149282 48.0974202)
2551	München	Machtlfinger Straße	de:09162:1470:51:52	48.097394	11.514947	light_rail	MATCHED	n2650093539	10.3	0.57	Machtlfinger Straße	U3	Forstenrieder Allee		LINESTRING(11.514947 48.097394,11.514979100000001 48.0973035)
2552	München	Mahirstraße	de:09162:621:2:2	48.155928	11.613752	bus	MATCHED	w386838114	1.1	1.0	Mahirstraße	188,189	Isarring	Isarring	LINESTRING(11.613752 48.155928,11.613759235190859 48.155919751130135)
2553	München	Mahirstraße	de:09162:621:31:71	48.154927	11.616214		NO_MATCH_AND_SEEMS_UNSERVED								POINT(11.616214 48.154927)
2554	München	Mahirstraße	de:09162:621:32:72	48.155844	11.613878		MATCHED	w386838115	84.1	0.11	Mahirstraße			Odinstraße	LINESTRING(11.613878 48.155844,11.61441569071868 48.15650949895514)
2555	München	Maillingerstraße	de:09162:180:2:2	48.15087	11.545004	bus	MATCHED	w560341950	1.5	1.0	Maillingerstraße	153	Gaiglstraße	Gaiglstraße	LINESTRING(11.545004 48.15087,11.545001206387804 48.150856430020355)
2556	München	Maillingerstraße	de:09162:180:31:41	48.150438	11.544178	bus	MATCHED	w560341949	14.8	1.0	Maillingerstraße	153	Landshuter Allee	Landshuter Allee	LINESTRING(11.544178 48.150438,11.544349652737083 48.15037017605325)
2557	München	Maillingerstraße	de:09162:180:32:42	48.150247	11.544115		NO_MATCH_AND_SEEMS_UNSERVED								POINT(11.544115 48.150247)
2558	München	Maillingerstraße	de:09162:180:51:51	48.150019	11.545588	light_rail	MATCHED	n2665065391	3.3	0.8	Maillingerstraße	U1,U7	Rotkreuzplatz		LINESTRING(11.545588 48.150019,11.545612100000001 48.1500441)
2559	München	Maillingerstraße	de:09162:180:51:52	48.149959	11.545561	light_rail	MATCHED	n2665065385	2.9	0.81	Maillingerstraße	U1,U7	Stiglmaierplatz		LINESTRING(11.545561 48.149959,11.5455834 48.149937200000004)
2560	München	Mainaustraße	de:09162:1704:2:2	48.149425	11.433919	bus	MATCHED	w379853778	3.3	1.0	Mainaustraße	162,57,N77	Sipplinger Straße	Sipplinger Straße	LINESTRING(11.433919 48.149425,11.433895742279866 48.14940000088714)
2561	München	Mainaustraße	de:09162:1704:3:1	48.149306	11.433757		NO_MATCH_AND_SEEMS_UNSERVED								POINT(11.433757 48.149306)
2562	München	Mainaustraße	de:09162:1704:3:3	48.149306	11.433757		NO_MATCH_AND_SEEMS_UNSERVED								POINT(11.433757 48.149306)
2563	München	Mainaustraße	de:09162:1704:4:4	48.149216	11.433505	bus	MATCHED	w379853779	2.9	1.0	Mainaustraße	162,57,N77	Ravensburger Ring / Überlinger Weg	Überlinger Weg / Ravensburger Ring	LINESTRING(11.433505 48.149216,11.43347376090702 48.14920039325689)
2564	München	Maistraße	de:09162:142:31:71	48.128468	11.562144		NO_MATCH_AND_SEEMS_UNSERVED								POINT(11.562144 48.128468)
2565	München	Maistraße	de:09162:142:3:MAS 1	48.129391	11.562126	bus	MATCHED	w393492288	3.7	1.0	Maistraße	62	Waltherstraße	Waltherstraße	LINESTRING(11.562126 48.129391,11.56210493223751 48.12936040383698)
2566	München	Mangfallplatz	de:09162:1210:1:1	48.097748	11.580371	bus	MATCHED	w378272118	0.7	1.0	Mangfallplatz	139	Mangfallplatz Süd	Mangfallplatz Süd	LINESTRING(11.580371 48.097748,11.580379543263067 48.09774543067657)
2567	München	Mangfallplatz	de:09162:1210:2:2	48.097874	11.581305	bus	MATCHED	w378272117	5.5	1.0	Mangfallplatz	139	Peter-Auzinger-Straße	Peter-Auzinger-Straße	LINESTRING(11.581305 48.097874,11.581267019259663 48.09791589477162)
2568	München	Mangfallplatz	de:09162:1210:39:79	48.097688	11.581727		NO_MATCH_AND_SEEMS_UNSERVED								POINT(11.581727 48.097688)
2569	München	Mangfallplatz	de:09162:1210:51:51	48.09707	11.579257	light_rail	MATCHED	n2665065351	4.5	0.74	Mangfallplatz	U1	St.-Quirin-Platz		LINESTRING(11.579257 48.09707,11.5792754 48.097031300000005)
2570	München	Mangfallplatz	de:09162:1210:51:52	48.097124	11.579203	light_rail	MATCHED	n2665065353	2.9	0.82	Mangfallplatz	U1			LINESTRING(11.579203 48.097124,11.5791654 48.097129100000004)
2571	München	Mangfallplatz Süd	de:09162:1211:1:1	48.09656	11.577613	bus	MATCHED	w391352805	5.6	1.0	Mangfallplatz Süd	139	Säbener Straße	Säbener Straße	LINESTRING(11.577613 48.09656,11.577551225364314 48.09653112881274)
2572	München	Mangfallplatz Süd	de:09162:1211:2:2	48.09644	11.577775	bus	MATCHED	w391352804	4.4	1.0	Mangfallplatz Süd	139	Mangfallplatz	Mangfallplatz	LINESTRING(11.577775 48.09644,11.577732017167124 48.09641239437318)
2573	München	Manzostraße	de:09162:1928:1:1	48.184092	11.489399	bus	MATCHED	w379853781	6.1	1.0	Manzostraße	162,163	Gruithuisenstraße	Gruithuisenstraße	LINESTRING(11.489399 48.184092,11.489325640795222 48.184066820680734)
2574	München	Manzostraße	de:09162:1928:2:2	48.183882	11.48886	bus	MATCHED	w379853780	2.1	1.0	Manzostraße	162,163	Waldhornstraße	Waldhornstraße	LINESTRING(11.48886 48.183882,11.488832390480214 48.183878945397076)
2575	München	Marchioninistraße	de:09162:1424:1:1	48.113746	11.476723	bus	MATCHED	w393515032	1.8	1.0	Marchioninistraße	56,N40	Klinikum Großhadern Ost	Klinikum Großhadern Ost	LINESTRING(11.476723 48.113746,11.476729406256041 48.11373044392718)
2576	München	Marchioninistraße	de:09162:1424:2:2	48.113614	11.477047	bus	MATCHED	w393515033	8.0	1.0	Marchioninistraße	56,N40	Großhadern	Großhadern	LINESTRING(11.477047 48.113614,11.476962729747179 48.11356943557091)
2577	München	Margarete-Steiff-Straße	de:09162:299:1:1	48.180516	11.501643	bus	MATCHED	w379853783	6.6	1.0	Margarete-Steiff-Straße	162,163	Moosach / Moosach	Moosach Bahnhof	LINESTRING(11.501643 48.180516,11.501563838767856 48.18048900173905)
2578	München	Margarete-Steiff-Straße	de:09162:299:2:2	48.180576	11.5014	bus	MATCHED	w379853782	0.1	1.0	Margarete-Steiff-Straße	162,163,169	Lauinger Straße / Lauinger Straße	Lauinger Straße	LINESTRING(11.5014 48.180576,11.501399693225466 48.18057501346531)
2579	München	Margaretenplatz	de:09162:1104:1:1	48.119977	11.540567	bus	MATCHED	w369932213	16.8	1.0	Margaretenplatz	132,153,53,N40,N41,N44	Am Harras / Am Harras	Am Harras	LINESTRING(11.540567 48.119977,11.540666320927045 48.12011247291425)
2580	München	Margaretenplatz	de:09162:1104:2:2	48.120091	11.540872	bus	MATCHED	w369932212	2.3	1.0	Margaretenplatz	132,153,53,N40,N41,N43	Sendlinger Kirche / Aberlestraße / Aberlestraße	Aberlestraße / Sendlinger Kirche	LINESTRING(11.540872 48.120091,11.540845797279747 48.12008004500321)
2581	München	Margot-Kalinke-Straße	de:09162:768:1:1	48.192872	11.596047	bus	MATCHED	w526500468	4.2	1.0	Margot-Kalinke-Straße	178	Lotte-Branz-Straße	Lotte-Branz-Straße	LINESTRING(11.596047 48.192872,11.59599465 48.192856899999995)
2582	München	Margot-Kalinke-Straße	de:09162:768:1:2	48.192716	11.596145	bus	MATCHED	w526500467	10.8	1.0	Margot-Kalinke-Straße	178	Maria-Probst-Straße	Maria-Probst-Straße	LINESTRING(11.596145 48.192716,11.596001100000008 48.192731599999995)
2583	München	Maria-Eich-Straße	de:09162:1674:3:SME 1	48.136951	11.441402	bus	MATCHED	w435817317	3.6	1.0	Maria-Eich-Straße	160	Dachstraße	Dachstraße	LINESTRING(11.441402 48.136951,11.44138419567872 48.136920544048564)
2584	München	Maria-Einsiedel-Straße	de:09162:1139:1:MES 1	48.09692	11.544088	bus	MATCHED	w376756306	4.8	1.0	Maria-Einsiedel-Straße	135	Thalkirchen (Tierpark)	Thalkirchen (Tierpark)	LINESTRING(11.544088 48.09692,11.544042886705014 48.09688960707337)
2585	München	Maria-Probst-Straße	de:09162:769:1:1	48.192914	11.598777	bus	MATCHED	w526500466	1.8	1.0	Maria-Probst-Straße	178	Margot-Kalinke-Straße	Margot-Kalinke-Straße	LINESTRING(11.598777 48.192914,11.598799643284979 48.192907540701434)
2586	München	Maria-Probst-Straße	de:09162:769:2:2	48.192752	11.599703	bus	MATCHED	w526500465	5.2	1.0	Maria-Probst-Straße	178	Am Ausbesserungswerk	Am Ausbesserungswerk	LINESTRING(11.599703 48.192752,11.59976545 48.19277225)
2587	München	Maria-Ward-Straße	de:09162:212:1:1	48.164059	11.506224	tram	MATCHED	n283340072	18.3	0.46	Maria-Ward-Straße	17,N17	Botanischer Garten	Botanischer Garten	LINESTRING(11.506224 48.164059,11.5059798 48.164081)
2588	München	Maria-Ward-Straße	de:09162:212:2:2	48.163826	11.506655	tram	MATCHED	n297255736	40.1	0.31	Maria-Ward-Straße	17,N17	Dall'Armistraße	Dall'Armistraße	LINESTRING(11.506655 48.163826,11.506179300000001 48.163995400000005)
2589	München	Maria-Ward-Straße	de:09162:212:31:41	48.164191	11.506134		MATCHED	n3207961663	17.0	0.36	Maria-Ward-Straße				LINESTRING(11.506134 48.164191,11.5060506 48.1640487)
2590	München	Maria-Ward-Straße	de:09162:212:33:73	48.164778	11.507536		NO_MATCH_AND_SEEMS_UNSERVED								POINT(11.507536 48.164778)
2591	München	Maria-Ward-Straße	de:09162:212:34:74	48.16503	11.50811		NO_MATCH_AND_SEEMS_UNSERVED								POINT(11.50811 48.16503)
2592	München	Maria-Ward-Straße	de:09162:212:3:3	48.164035	11.506997	bus	MATCHED	w341503393	1.1	0.91	Maria-Ward-Straße	143,151,180,51	Botanischer Garten / Dall'Armistraße	Dall'Armistraße / Botanischer Garten	LINESTRING(11.506997 48.164035,11.506993210714372 48.164044713528995)
2593	München	Maria-Ward-Straße	de:09162:212:4:4	48.164155	11.507455	bus	MATCHED	w375853848	8.8	0.7	Maria-Ward-Straße	143,151,180,51,N78	In den Kirschen	In den Kirschen	LINESTRING(11.507455 48.164155,11.507389534196383 48.16408862849925)
2594	München	Maria-Ward-Straße	de:09162:212:5:5	48.163826	11.506152	bus	MATCHED	w375853847	1.9	0.88	Maria-Ward-Straße	N78	Dall'Armistraße	Dall'Armistraße	LINESTRING(11.506152 48.163826,11.50614036243496 48.163810701922074)
2595	München	Mariabrunner Straße	de:09162:1713:1:1	48.160608	11.420471	bus	MATCHED	w375853849	1.9	1.0	Mariabrunner Straße	143,N80	Kronwinkler Straße	Kronwinkler Straße	LINESTRING(11.420471 48.160608,11.42044489558837 48.16060680477343)
2596	München	Mariabrunner Straße	de:09162:1713:2:2	48.160662	11.420094	bus	MATCHED	w375853850	5.4	1.0	Mariabrunner Straße	143,N81	Bergsonstraße / Bergsonstraße	Bergsonstraße	LINESTRING(11.420094 48.160662,11.420165747180283 48.1606676550888)
2597	München	Mariahilfplatz	de:09162:42:2:1	48.124001	11.581296	tram	MATCHED	n1506642433	9.4	0.6	Mariahilfplatz	18,N27	Ostfriedhof / Ostfriedhof	Ostfriedhof	LINESTRING(11.581296 48.124001,11.581383800000001 48.1239408)
2598	München	Mariahilfplatz	de:09162:42:2:2	48.124163	11.581278	tram	MATCHED	n302371739	7.5	0.64	Mariahilfplatz	18,N27	Eduard-Schmid-Straße	Eduard-Schmid-Straße	LINESTRING(11.581278 48.124163,11.581296700000001 48.124096400000006)
2599	München	Mariahilfplatz	de:09162:42:31:21	48.123893	11.581269		MATCHED	n10718659630	21.0	1.0	Mariahilfplatz				LINESTRING(11.581269 48.123893,11.581430500000002 48.123738)
2600	München	Mariahilfplatz	de:09162:42:32:22	48.124055	11.581521		MATCHED	n3195960962	13.3	0.41	Mariahilfplatz				LINESTRING(11.581521 48.124055,11.5813444 48.124039100000005)
2601	München	Mariahilfplatz	de:09162:42:33:73	48.12472	11.580775		NO_MATCH_AND_SEEMS_UNSERVED								POINT(11.580775 48.12472)
2602	München	Mariahilfplatz	de:09162:42:34:74	48.124558	11.580596		NO_MATCH_AND_SEEMS_UNSERVED								POINT(11.580596 48.124558)
2603	München	Mariahilfplatz	de:09162:42:35:75	48.12466	11.581287		NO_MATCH_AND_SEEMS_UNSERVED								POINT(11.581287 48.12466)
2604	München	Mariahilfplatz	de:09162:42:35:76	48.12466	11.581287	bus	NO_MATCH_AND_SEEMS_UNSERVED								POINT(11.581287 48.12466)
2605	München	Mariahilfplatz	de:09162:42:3:3	48.124217	11.580676	bus	MATCHED	w391263974	35.7	1.0	Mariahilfplatz	52	Taubenstraße	Taubenstraße	LINESTRING(11.580676 48.124217,11.580301983642332 48.12401551017529)
2606	München	Mariahilfplatz	de:09162:42:4:4	48.124768	11.581709	bus	MATCHED	w391263966	19.1	1.0	Mariahilfplatz	52	Schweigerstraße	Schweigerstraße	LINESTRING(11.581709 48.124768,11.58155376964419 48.12463084604707)
2607	München	Mariannenplatz	de:09162:84:2:1	48.135237	11.586659	tram	MATCHED	n1690677448	6.9	0.65	Mariannenplatz	16,19,N19	Isartor	Isartor	LINESTRING(11.586659 48.135237,11.586715900000002 48.1351876)
2608	München	Mariannenplatz	de:09162:84:2:2	48.135231	11.586911	tram	MATCHED	n1690677458	7.3	0.65	Mariannenplatz	16,19,N19	Maxmonument	Maxmonument	LINESTRING(11.586911 48.135231,11.586813000000001 48.135228700000006)
2609	München	Mariannenplatz	de:09162:84:31:71	48.134823	11.587495		NO_MATCH_AND_SEEMS_UNSERVED								POINT(11.587495 48.134823)
2610	München	Mariannenplatz	de:09162:84:32:72	48.135315	11.588177		NO_MATCH_AND_SEEMS_UNSERVED								POINT(11.588177 48.135315)
2611	München	Mariannenplatz	de:09162:84:33:73	48.135603	11.587701		NO_MATCH_AND_SEEMS_UNSERVED								POINT(11.587701 48.135603)
2612	München	Mariannenplatz	de:09162:84:34:74	48.134895	11.587746		NO_MATCH_AND_SEEMS_UNSERVED								POINT(11.587746 48.134895)
2613	München	Marienburger Straße	de:09162:701:1:1	48.147136	11.644097	bus	MATCHED	w386838116	3.2	1.0	Marienburger Straße	183,188,189,E183	Daglfing Bahnhof West	Daglfing Bahnhof West	LINESTRING(11.644097 48.147136,11.644070298307009 48.14715834984946)
2614	München	Marienburger Straße	de:09162:701:2:2	48.14716	11.643397	bus	MATCHED	w386838117	0.7	1.0	Marienburger Straße	183,188,189,E183	Hermann-Gmeiner-Weg / Hermann-Gmeiner-Weg	Hermann-Gmeiner-Weg	LINESTRING(11.643397 48.14716,11.6433996810455 48.147154213868774)
2615	München	Marienplatz	de:09162:2:2:MAR 2	48.136268	11.576814		NO_MATCH_AND_SEEMS_UNSERVED								POINT(11.576814 48.136268)
2616	München	Marienplatz	de:09162:2:31:7	48.136532	11.577398		MATCHED	n11222479939	5.8	1.0	Marienplatz				LINESTRING(11.577398 48.136532,11.5773743 48.1365819)
2617	München	Marienplatz	de:09162:2:31:71	48.1364	11.577793		MATCHED	w419267958	2.9	1.0	Marienplatz			Viktualienmarkt	LINESTRING(11.577793 48.1364,11.577759708936611 48.13641328989452)
2618	München	Marienplatz	de:09162:2:3:MAR 1	48.13691	11.576544		MATCHED	n2644689615	88.4	0.1	Marienplatz				LINESTRING(11.576544 48.13691,11.5764853 48.1377037)
2619	München	Marienplatz	de:09162:2:41:81	48.137257	11.575331	trainish	MATCHED	n478521714	23.8	0.38	Marienplatz			Isartor	LINESTRING(11.575331 48.137257,11.5755532 48.137102600000006)
2620	München	Marienplatz	de:09162:2:42:82	48.137311	11.57534	trainish	MATCHED	n19475890	27.5	0.35	Marienplatz			Karlsplatz (Stachus)	LINESTRING(11.57534 48.137311,11.575571100000001 48.1371181)
2621	München	Marienplatz	de:09162:2:4:4	48.136418	11.577784	bus	NO_MATCH_BUT_OTHER_PLATFORM_MATCHED					132	Viktualienmarkt		POINT(11.577784 48.136418)
2622	München	Marienplatz	de:09162:2:51:51	48.137719	11.576364	light_rail	MATCHED	w251869205	5.5	1.0	Marienplatz	U3,U6	Odeonsplatz		LINESTRING(11.576364 48.137719,11.576432769014012 48.137737102073466)
2623	München	Marienplatz	de:09162:2:52:52	48.137911	11.575152	light_rail	MATCHED	w251869352	13.4	1.0	Marienplatz	U3,U6	Sendlinger Tor / Odeonsplatz		LINESTRING(11.575152 48.137911,11.57531638760787 48.137959356932924)
2624	München	Marienplatz (Hl. -Geist-Kirche)	de:09162:147:3:1	48.136262	11.576886		NO_MATCH_AND_SEEMS_UNSERVED								POINT(11.576886 48.136262)
2625	München	Marienplatz (Hl. -Geist-Kirche)	de:09162:147:3:MHG 2	48.136286	11.576805		NO_MATCH_AND_SEEMS_UNSERVED								POINT(11.576805 48.136286)
2626	München	Marienplatz (Rindermarkt)	de:09162:166:2:2	48.135669	11.573652		MATCHED	w517099918	3.5	1.0	Marienplatz (Rindermarkt)			Sankt-Jakobs-Platz	LINESTRING(11.573652 48.135669,11.573699050594891 48.13566980419884)
2627	München	Marienplatz (Rindermarkt)	de:09162:166:2:3	48.135477	11.573777		MATCHED	w391264061	4.9	1.0	Marienplatz (Rindermarkt)			Viktualienmarkt	LINESTRING(11.573777 48.135477,11.573732450000003 48.1355098)
2628	München	Marienplatz (St. Peter)	de:09162:148:3:MPR 1	48.136904	11.575781		NO_MATCH_AND_SEEMS_UNSERVED								POINT(11.575781 48.136904)
2629	München	Marienplatz (Theatinerstraße)	de:09162:20:2:THE 1	48.139541	11.575215		MATCHED	n3194144473	4.2	0.66	Marienplatz (Theatinerstraße)			Lenbachplatz	LINESTRING(11.575215 48.139541,11.575234700000001 48.1395059)
2630	München	Marienplatz (Theatinerstraße)	de:09162:20:2:THE 2	48.139397	11.575403		MATCHED	n1239166849	5.4	0.61	Marienplatz (Theatinerstraße)			Nationaltheater	LINESTRING(11.575403 48.139397,11.5753716 48.1394412)
2631	München	Marienstern	de:09162:1345:1:1	48.08771	11.51986	bus	MATCHED	w392274172	0.7	1.0	Marienstern	270V,63,N41	Siemensallee	Siemensallee	LINESTRING(11.51986 48.08771,11.519856100000004 48.087704099999996)
2632	München	Marienstern	de:09162:1345:2:2	48.08768	11.519564	bus	MATCHED	w392274173	4.2	1.0	Marienstern	270V,63,N41	Hofbrunnstraße / Hofbrunnstraße	Hofbrunnstraße	LINESTRING(11.519564 48.08768,11.519533987607883 48.087647874786555)
2633	München	Markgrafenstraße	de:09162:951:1:1	48.111083	11.673454	bus	MATCHED	w474593339	2.5	1.0	Markgrafenstraße	192,195,N79	Vogesenstraße	Vogesenstraße	LINESTRING(11.673454 48.111083,11.673425651163045 48.111070266332746)
2634	München	Markgrafenstraße	de:09162:951:2:2	48.111389	11.674056	bus	MATCHED	w474593338	4.9	1.0	Markgrafenstraße	192,N79	Ottilienstraße	Ottilienstraße	LINESTRING(11.674056 48.111389,11.674004603880856 48.11136111441141)
2635	München	Markgrafenstraße	de:09162:951:31:71	48.111341	11.67367		NO_MATCH_AND_SEEMS_UNSERVED								POINT(11.67367 48.111341)
2636	München	Markgrafenstraße	de:09162:951:32:72	48.110543	11.672799		NO_MATCH_AND_SEEMS_UNSERVED								POINT(11.672799 48.110543)
2637	München	Markgrafenstraße	de:09162:951:33:73	48.112049	11.674604		NO_MATCH_AND_SEEMS_UNSERVED								POINT(11.674604 48.112049)
2638	München	Markgrafenstraße	de:09162:951:3:3	48.110747	11.673392		MATCHED	n10197040163	3.3	1.0	Markgrafenstraße				LINESTRING(11.673392 48.110747,11.673384700000002 48.110718000000006)
2639	München	Markgrafenstraße	de:09162:951:4:4	48.110945	11.673499	bus	MATCHED	w474593340	2.3	1.0	Markgrafenstraße	195	Zauberwaldstraße	Zauberwaldstraße	LINESTRING(11.673499 48.110945,11.673468689360865 48.11094190099262)
2640	München	Marschnerstraße	de:09162:1801:1:1	48.153351	11.455927	bus	MATCHED	w435534503	3.2	1.0	Marschnerstraße	56,N81	Rubensstraße	Rubensstraße	LINESTRING(11.455927 48.153351,11.455912083586101 48.15332395094997)
2641	München	Marschnerstraße	de:09162:1801:2:2	48.153237	11.45582	bus	MATCHED	w435534504	3.4	1.0	Marschnerstraße	56,N80	Pasing / Pasing	Pasing Bahnhof	LINESTRING(11.45582 48.153237,11.455791182746974 48.153261201495184)
2642	München	Marsopstraße	de:09162:1798:3:MSP 1	48.157282	11.467138	bus	MATCHED	w153916183	5.3	1.0	Marsopstraße	160	Menterstraße	Menterstraße	LINESTRING(11.467138 48.157282,11.467129050000002 48.1572343)
2643	München	Marsopstraße	de:09162:1798:3:MSP 2	48.15727	11.466968	bus	MATCHED	w153916182	4.7	1.0	Marsopstraße	160	Orthstraße	Orthstraße	LINESTRING(11.466968 48.15727,11.466987525913636 48.157310196249355)
2644	München	Marsstraße	de:09162:222:2:1	48.145014	11.541806	tram	MATCHED	n297272417	17.0	0.47	Marsstraße	16,17,N17	Deroystraße	Deroystraße	LINESTRING(11.541806 48.145014,11.5420314 48.144989200000005)
2645	München	Marsstraße	de:09162:222:2:2	48.145092	11.541806	tram	MATCHED	n295538135	3.5	0.77	Marsstraße	16,17,N17	Donnersbergerstraße	Donnersbergerstraße	LINESTRING(11.541806 48.145092,11.541828200000001 48.145064600000005)
2646	München	Marsstraße	de:09162:222:31:41	48.14493	11.541842		MATCHED	n3207960970	12.4	0.43	Marsstraße				LINESTRING(11.541842 48.14493,11.5419163 48.145029900000004)
2647	München	Marsstraße	de:09162:222:32:42	48.14517	11.541977		NO_MATCH_AND_SEEMS_UNSERVED								POINT(11.541977 48.14517)
2648	München	Marsstraße	de:09162:222:33:73	48.145122	11.541025		NO_MATCH_AND_SEEMS_UNSERVED								POINT(11.541025 48.145122)
2649	München	Martin-Empl-Ring	de:09162:805:1:1	48.140812	11.683048		NO_MATCH_AND_SEEMS_UNSERVED								POINT(11.683048 48.140812)
2650	München	Martin-Empl-Ring	de:09162:805:2:2	48.14104	11.681342	bus	MATCHED	w386838118	8.7	1.0	Martin-Empl-Ring	190	An der Point	An der Point	LINESTRING(11.681342 48.14104,11.68126525 48.141098500000005)
2651	München	Martin-Empl-Ring	de:09162:805:3:3	48.140794	11.681997	bus	MATCHED	w386838119	6.0	1.0	Martin-Empl-Ring	183,190,E183,N74	Riem / Graf-Lehndorff-Straße / Riem	Graf-Lehndorff-Straße / Riem Bahnhof (S)	LINESTRING(11.681997 48.140794,11.682077150000005 48.14079125000001)
2652	München	Martin-Empl-Ring	de:09162:805:99:72	48.140722	11.682069		NO_MATCH_AND_SEEMS_UNSERVED								POINT(11.682069 48.140722)
2653	München	Mathilde-Berghofer-Weichner-Straße	de:09162:1719:1:1	48.139733	11.418899		NO_MATCH_AND_SEEMS_UNSERVED								POINT(11.418899 48.139733)
2654	München	Mathilde-Berghofer-Weichner-Straße	de:09162:1719:2:2	48.139673	11.418926		NO_MATCH_AND_SEEMS_UNSERVED								POINT(11.418926 48.139673)
2655	München	Matterhornstraße	de:09162:913:1:1	48.114807	11.65256	bus	MATCHED	n884700531	8.2	1.0	Matterhornstraße	139,N79	St.-Augustinus-Straße	St.-Augustinus-Straße	LINESTRING(11.65256 48.114807,11.652614300000002 48.114871300000004)
2656	München	Matterhornstraße	de:09162:913:2:2	48.114514	11.652003	bus	MATCHED	n292826941	4.0	1.0	Matterhornstraße	139,N79	Corinthstraße	Corinthstraße	LINESTRING(11.652003 48.114514,11.651959900000001 48.114492000000006)
2657	München	Mauerkircherstraße	de:09162:77:1:1	48.148778	11.601239		MATCHED_AMBIGUOUSLY	n1570967044	13.5	1.0	Mauerkircherstraße	154,16,187,54,58,N43	Herkomerplatz / Herkomerplatz / Herkomerplatz	Herkomerplatz	LINESTRING(11.601239 48.148778,11.601395100000001 48.1488403)
2658	München	Mauerkircherstraße	de:09162:77:1:1	48.148778	11.601239		MATCHED_AMBIGUOUSLY	w143558080	8.2	1.0	Mauerkircherstraße	154,16,187,54,58,N43	Herkomerplatz / Herkomerplatz / Herkomerplatz	Herkomerplatz	LINESTRING(11.601239 48.148778,11.60133807740643 48.14881127203448)
2659	München	Mauerkircherstraße	de:09162:77:1:91	48.148778	11.601239		MATCHED	n3207960668	34.1	0.23	Mauerkircherstraße				LINESTRING(11.601239 48.148778,11.600788900000001 48.1488365)
2660	München	Mauerkircherstraße	de:09162:77:2:2	48.148892	11.600215		MATCHED_AMBIGUOUSLY	n1570966874	7.1	1.0	Mauerkircherstraße	154,16,187,54,68,N44	Tivolistraße / Tivolistraße / Kufsteiner Platz	Tivolistraße	LINESTRING(11.600215 48.148892,11.600241200000001 48.1488305)
2661	München	Mauerkircherstraße	de:09162:77:2:2	48.148892	11.600215		MATCHED_AMBIGUOUSLY	w364474868	4.6	1.0	Mauerkircherstraße	154,16,187,54,68,N44	Tivolistraße / Tivolistraße / Kufsteiner Platz	Tivolistraße / Kufsteiner Platz / Hirschauer Straße	LINESTRING(11.600215 48.148892,11.60027655 48.14889115)
2662	München	Max-Bill-Straße	de:09162:427:1:1	48.187578	11.59708	bus	MATCHED	w372415486	2.3	0.87	Max-Bill-Straße	177	Schwabing Nord	Schwabing Nord (T)	LINESTRING(11.59708 48.187578,11.5971042 48.187565250000006)
2663	München	Max-Bill-Straße	de:09162:427:2:2	48.187392	11.597026	bus	MATCHED	w372415485	2.6	0.86	Max-Bill-Straße	177	Lilienthalallee Süd	Lilienthalallee Süd	LINESTRING(11.597026 48.187392,11.597060438221215 48.18738919912387)
2664	München	Max-Born-Straße	de:09162:1963:30:70	48.19289	11.501301		NO_MATCH_AND_SEEMS_UNSERVED								POINT(11.501301 48.19289)
2665	München	Max-Born-Straße	de:09162:1963:31:71	48.193123	11.501661		NO_MATCH_AND_SEEMS_UNSERVED								POINT(11.501661 48.193123)
2666	München	Max-Born-Straße	de:09162:1963:3:MBO 1	48.191848	11.502074	bus	MATCHED	w409285660	2.7	1.0	Max-Born-Straße	176,710	Haylerstraße	Haylerstraße	LINESTRING(11.502074 48.191848,11.502086250000003 48.19182515000001)
2667	München	Max-Born-Straße	de:09162:1963:3:MBO 2	48.191878	11.502244	bus	MATCHED	w409285663	0.2	1.0	Max-Born-Straße	176,710	Rangierbahnhof	Rangierbahnhof	LINESTRING(11.502244 48.191878,11.502244800000001 48.191879500000006)
2668	München	Max-Diamand-Straße	de:09162:753:1:1	48.191494	11.567579	bus	MATCHED	w330249972	0.7	1.0	Max-Diamand-Straße	172,179,180	Knorrstraße / BMW-FIZ	Knorrstraße / BMW-FIZ	LINESTRING(11.567579 48.191494,11.567572319482862 48.19149010473966)
2669	München	Max-Diamand-Straße	de:09162:753:2:2	48.191608	11.567534	bus	MATCHED	w330249973	1.1	1.0	Max-Diamand-Straße	172,179,180	Detmoldstraße / Moosacher Straße	Moosacher Straße / Detmoldstraße	LINESTRING(11.567534 48.191608,11.567536373588057 48.191598046419514)
2670	München	Max-Lebsche-Platz	de:09162:1426:1:1	48.108642	11.475412	bus	MATCHED	w393515034	5.0	1.0	Max-Lebsche-Platz	56	Klinikum Großhadern Ost	Klinikum Großhadern Ost	LINESTRING(11.475412 48.108642,11.475477453369695 48.1086312945582)
2671	München	Max-Lebsche-Platz	de:09162:1426:2:2	48.108504	11.475394	bus	MATCHED	w393515035	5.3	1.0	Max-Lebsche-Platz	56	Zöllerstraße	Zöllerstraße	LINESTRING(11.475394 48.108504,11.475465317230315 48.10850573735349)
2672	München	Max-Lebsche-Platz	de:09162:1426:99:3	48.10857	11.475403		NO_MATCH_AND_SEEMS_UNSERVED								POINT(11.475403 48.10857)
2673	München	Max-Lebsche-Platz	de:09162:1426:99:4	48.10857	11.475403		NO_MATCH_AND_SEEMS_UNSERVED								POINT(11.475403 48.10857)
2674	München	Max-Weber-Platz	de:09162:580:1:1	48.136016	11.597843	tram	MATCHED	n1688588874	10.9	0.57	Max-Weber-Platz	17,N17	Wiener Platz	Wiener Platz	LINESTRING(11.597843 48.136016,11.5978864 48.135922300000004)
2675	München	Max-Weber-Platz	de:09162:580:2:2	48.135764	11.600628	bus	MATCHED	w384874869	2.2	1.0	Max-Weber-Platz	155			LINESTRING(11.600628 48.135764,11.600602577468392 48.13575480371314)
2676	München	Max-Weber-Platz	de:09162:580:30:70	48.135531	11.598625		MATCHED	n4471662224	18.3	0.34	Max-Weber-Platz				LINESTRING(11.598625 48.135531,11.5984748 48.135660900000005)
2677	München	Max-Weber-Platz	de:09162:580:31:71	48.135129	11.597637		NO_MATCH_AND_SEEMS_UNSERVED								POINT(11.597637 48.135129)
2678	München	Max-Weber-Platz	de:09162:580:32:72	48.134835	11.597628		MATCHED	n1239029981	58.5	0.15	Max-Weber-Platz (Johannisplatz)			Wörthstraße	LINESTRING(11.597628 48.134835,11.597951 48.1343553)
2679	München	Max-Weber-Platz	de:09162:580:33:73	48.135261	11.597915		MATCHED	n3195825061	44.7	0.19	Max-Weber-Platz				LINESTRING(11.597915 48.135261,11.5978963 48.1356629)
2680	München	Max-Weber-Platz	de:09162:580:3:3	48.13616	11.598023	tram	MATCHED	n1688588905	8.2	0.62	Max-Weber-Platz	17,N17	Friedensengel/Villa Stuck	Friedensengel/Villa Stuck	LINESTRING(11.598023 48.13616,11.597960800000001 48.1360989)
2681	München	Max-Weber-Platz	de:09162:580:4:4	48.135752	11.599864	bus	MATCHED	w384874863	3.8	1.0	Max-Weber-Platz	470			LINESTRING(11.599864 48.135752,11.599813900000004 48.135757700000006)
2682	München	Max-Weber-Platz	de:09162:580:51:51	48.135729	11.598894	light_rail	MATCHED	n2535330552	14.5	0.49	Max-Weber-Platz	U5	Lehel		LINESTRING(11.598894 48.135729,11.5986995 48.1357298)
2683	München	Max-Weber-Platz	de:09162:580:51:53	48.135657	11.598894	light_rail	MATCHED	n2535330549	15.4	0.47	Max-Weber-Platz	U4	Lehel		LINESTRING(11.598894 48.135657,11.5986919 48.1356267)
2684	München	Max-Weber-Platz	de:09162:580:52:52	48.135567	11.598894	light_rail	MATCHED	n2535330545	15.9	0.47	Max-Weber-Platz	U4,U5	Ostbahnhof / Prinzregentenplatz		LINESTRING(11.598894 48.135567,11.5986881 48.135605500000004)
2685	München	Max-Weber-Platz	de:09162:580:5:5	48.135681	11.598571	tram	MATCHED	n201741326	7.5	0.53	Max-Weber-Platz	17,19,21,25,N19	Max-Weber-Platz (Johannispl.) / Maximilianeum / Wiener Platz	Max-Weber-Platz (Johannisplatz) / Maximilianeum	LINESTRING(11.598571 48.135681,11.5984748 48.135660200000004)
2686	München	Max-Weber-Platz	de:09162:580:5:6	48.135621	11.598571		MATCHED	n1769891412	1.4	0.82	Max-Weber-Platz				LINESTRING(11.598571 48.135621,11.598567000000001 48.1356331)
2687	München	Max-Weber-Platz	de:09162:580:7:7	48.135327	11.599083		NO_MATCH_AND_SEEMS_UNSERVED								POINT(11.599083 48.135327)
2688	München	Max-Weber-Platz	de:09162:580:8:10	48.135477	11.599406		NO_MATCH_AND_SEEMS_UNSERVED								POINT(11.599406 48.135477)
2689	München	Max-Weber-Platz	de:09162:580:8:8	48.135489	11.599909	bus	MATCHED	w384874859	2.2	1.0	Max-Weber-Platz	155,470	Flurstraße / Grillparzerstraße	Flurstraße / Grillparzerstraße	LINESTRING(11.599909 48.135489,11.599906661338688 48.13550869074278)
2690	München	Max-Weber-Platz	de:09162:580:8:90	48.135477	11.599406		MATCHED	w384874858	2.8	0.75	Max-Weber-Platz				LINESTRING(11.599406 48.135477,11.5994140951675 48.13550124028798)
2691	München	Max-Weber-Platz	de:09162:580:9:9	48.135597	11.599927	tram	MATCHED	n4576034798	13.4	0.52	Max-Weber-Platz	17,19,21,25,E7,N19	Flurstraße	Flurstraße	LINESTRING(11.599927 48.135597,11.6001004 48.135629)
2692	München	Max-Weber-Platz (Johannispl. )	de:09162:581:2:MWJ 1	48.134404	11.598229	tram	MATCHED	n1744600782	3.8	0.76	Max-Weber-Platz (Johannisplatz)	25	Max-Weber-Platz	Max-Weber-Platz / Max-Weber-Platz (Johannisplatz)	LINESTRING(11.598229 48.134404,11.598194600000001 48.134429100000006)
2693	München	Max-Weber-Platz (Johannispl. )	de:09162:581:2:MWJ 2	48.134452	11.598023	tram	MATCHED	n3195824961	6.5	0.58	Max-Weber-Platz (Johannisplatz)	21,25,N19	Wörthstraße / Wörthstraße		LINESTRING(11.598023 48.134452,11.5980792 48.134407100000004)
2694	München	Max-Weber-Platz (Johannispl. )	de:09162:581:31:71	48.133816	11.597646		NO_MATCH_AND_SEEMS_UNSERVED								POINT(11.597646 48.133816)
2695	München	Max-Wönner-Straße	de:09162:343:3:MWO 1	48.199411	11.535913	bus	MATCHED	w375853861	5.9	1.0	Max-Wönner-Straße	60,N76	Franz-Sperr-Weg	Franz-Sperr-Weg	LINESTRING(11.535913 48.199411,11.535836850000003 48.19942595000001)
2696	München	Max-Wönner-Straße	de:09162:343:3:MWO 2	48.199333	11.535554	bus	MATCHED	w375853862	3.0	1.0	Max-Wönner-Straße	60,N76	Lerchenauer See	Lerchenauer See	LINESTRING(11.535554 48.199333,11.53559193242081 48.19934105823465)
2697	München	Maxhofstraße	de:09162:1441:3:MHS 1	48.08819	11.479221	bus	MATCHED	w380595066	17.6	1.0	Maxhofstraße	166	Fürstenried West / Fürstenried West	Fürstenried West (U)	LINESTRING(11.479221 48.08819,11.479363741544413 48.088316677663215)
2698	München	Maximilian-Kolbe-Allee	de:09162:1049:31:71	48.087626	11.641232		NO_MATCH_AND_SEEMS_UNSERVED								POINT(11.641232 48.087626)
2699	München	Maximilian-Kolbe-Allee	de:09162:1049:32:72	48.0881	11.64107		NO_MATCH_AND_SEEMS_UNSERVED								POINT(11.64107 48.0881)
2700	München	Maximilianeum	de:09162:21:2:1	48.136004	11.596029	tram	MATCHED	n1239085736	2.4	0.82	Maximilianeum	19,21,N19	Max-Weber-Platz / Max-Weber-Platz (Johannispl.)	Max-Weber-Platz / Max-Weber-Platz (Johannisplatz)	LINESTRING(11.596029 48.136004,11.596055100000001 48.136016100000006)
2701	München	Maximilianeum	de:09162:21:2:2	48.136142	11.595867	tram	MATCHED	n1239085738	15.1	0.5	Maximilianeum	19,21,N19	Maxmonument / Maxmonument	Maxmonument	LINESTRING(11.595867 48.136142,11.595687400000001 48.136205800000006)
2702	München	Maximilianeum	de:09162:21:31:21	48.135908	11.596127		MATCHED	n10699403045	6.5	1.0	Maximilianeum				LINESTRING(11.596127 48.135908,11.596053900000001 48.135940600000005)
2703	München	Maximilianeum	de:09162:21:32:22	48.136166	11.596047		MATCHED	n10699403046	3.7	1.0	Maximilianeum				LINESTRING(11.596047 48.136166,11.5960955 48.136157600000004)
2704	München	Maximiliansplatz	de:09162:8002:1:1	48.142011	11.572744	bus	MATCHED	w1350371943	3.5	0.83	Maximiliansplatz	N40,N41,N45	Odeonsplatz	Odeonsplatz	LINESTRING(11.572744 48.142011,11.572700183147296 48.142021586948914)
2705	München	Maximiliansplatz	de:09162:8002:2:2	48.142784	11.572295	bus	MATCHED	w1350371942	9.8	0.68	Maximiliansplatz	N40,N41,N45	Lenbachplatz	Lenbachplatz	LINESTRING(11.572295 48.142784,11.57235144327761 48.14270412662873)
2706	München	Maximiliansplatz	de:09162:8002:31:71	48.142005	11.569986		NO_MATCH_AND_SEEMS_UNSERVED								POINT(11.569986 48.142005)
2707	München	Maximiliansplatz	de:09162:8002:33:73	48.141711	11.571747		NO_MATCH_AND_SEEMS_UNSERVED								POINT(11.571747 48.141711)
2708	München	Maximiliansplatz	de:09162:8002:72:72	48.142287	11.571055		NO_MATCH_AND_SEEMS_UNSERVED								POINT(11.571055 48.142287)
2709	München	Maximilianstraße	de:09162:8008:33:73	48.137911	11.584719		NO_MATCH_AND_SEEMS_UNSERVED								POINT(11.584719 48.137911)
2710	München	Maximilianstraße	de:09162:8008:71:71	48.137971	11.584315		NO_MATCH_AND_SEEMS_UNSERVED								POINT(11.584315 48.137971)
2711	München	Maximilianstraße	de:09162:8008:72:72	48.138654	11.584836		NO_MATCH_AND_SEEMS_UNSERVED								POINT(11.584836 48.138654)
2712	München	Maxmonument	de:09162:19:2:1	48.137455	11.58824	tram	MATCHED	n1281703737	5.7	0.69	Maxmonument	19,21,N19	Maximilianeum	Maximilianeum	LINESTRING(11.58824 48.137455,11.588314400000002 48.1374681)
2713	München	Maxmonument	de:09162:19:2:2	48.137671	11.588034	tram	MATCHED	n398761	15.7	0.49	Maxmonument	19,21,N19	Kammerspiele	Kammerspiele	LINESTRING(11.588034 48.137671,11.587823400000001 48.137661400000006)
2714	München	Maxmonument	de:09162:19:31:21	48.137347	11.588429		MATCHED	n9849605018	9.0	1.0	Maxmonument				LINESTRING(11.588429 48.137347,11.5883105 48.1373638)
2715	München	Maxmonument	de:09162:19:32:22	48.137767	11.587764		NO_MATCH_AND_SEEMS_UNSERVED								POINT(11.587764 48.137767)
2716	München	Maxmonument	de:09162:19:33:73	48.137683	11.588339		NO_MATCH_AND_SEEMS_UNSERVED								POINT(11.588339 48.137683)
2717	München	Maxmonument	de:09162:19:34:74	48.13673	11.588797		NO_MATCH_AND_SEEMS_UNSERVED								POINT(11.588797 48.13673)
2718	München	Maxmonument	de:09162:19:35:75	48.137353	11.590064		NO_MATCH_AND_SEEMS_UNSERVED								POINT(11.590064 48.137353)
2719	München	Maxmonument	de:09162:19:3:3	48.137257	11.588474	tram	MATCHED	n439335320	3.3	0.78	Maxmonument	16,19,N19	Lehel / Maximilianeum	Lehel	LINESTRING(11.588474 48.137257,11.5884727 48.1372864)
2720	München	Maxmonument	de:09162:19:4:4	48.137857	11.587674	tram	MATCHED	n439335246	1.9	0.84	Maxmonument	16,19,N19	Mariannenplatz	Mariannenplatz	LINESTRING(11.587674 48.137857,11.5876807 48.1378404)
2721	München	Maxmonument	de:09162:19:5:5	48.137317	11.587728		MATCHED	n10706738386	23.6	1.0	Maxmonument				LINESTRING(11.587728 48.137317,11.5874889 48.137455800000005)
2722	München	Maxmonument	de:09162:19:79:79	48.137791	11.588591		NO_MATCH_AND_SEEMS_UNSERVED								POINT(11.588591 48.137791)
2723	München	Maxvorstadt/Samml. Brandhorst	de:09162:86:3:MAV 1	48.148347	11.57428	bus	MATCHED	w373507746	6.3	1.0	Maxvorstadt/Sammlung Brandhorst	68	Pinakotheken	Pinakotheken	LINESTRING(11.57428 48.148347,11.574354684434605 48.14831945079773)
2724	München	Melchiorstraße	de:09162:1326:3:MEL 1	48.072243	11.520399	bus	MATCHED	w376756313	9.8	1.0	Melchiorstraße	270,270V	Whistlerweg	Whistlerweg	LINESTRING(11.520399 48.072243,11.520529729171862 48.07223728394184)
2725	München	Melchiorstraße	de:09162:1326:3:MEL 2	48.072352	11.520337	bus	MATCHED	w376756310	2.7	1.0	Melchiorstraße	270,270V	Sollner Straße	Sollner Straße	LINESTRING(11.520337 48.072352,11.52030345 48.072343950000004)
2726	München	Melchiorstraße	de:09162:1326:4:3	48.072111	11.519735	bus	MATCHED	n4417416475	5.9	1.0	Melchiorstraße	135	Ringelnatzweg	Ringelnatzweg	LINESTRING(11.519735 48.072111,11.5196559 48.0721076)
2727	München	Melchiorstraße	de:09162:1326:4:4	48.072183	11.519474	bus	MATCHED	n4417416474	1.0	1.0	Melchiorstraße	135	Waldfriedhof Solln	Waldfriedhof Solln	LINESTRING(11.519474 48.072183,11.519485600000001 48.0721793)
2728	München	Memeler Straße	de:09162:606:1:1	48.153021	11.64116	bus	MATCHED	w400065986	54.4	1.0	Memeler Straße	183,E183,E185	Zoppoter Straße	Zoppoter Straße	LINESTRING(11.64116 48.153021,11.6412326 48.15350755000001)
2729	München	Memeler Straße	de:09162:606:2:2	48.153567	11.641411	bus	MATCHED	w400065987	18.7	1.0	Memeler Straße	183,E183,E185	Englschalkinger Straße	Englschalkinger Straße	LINESTRING(11.641411 48.153567,11.64139634913869 48.15339938071039)
2730	München	Menaristraße	de:09162:1654:1:1	48.128888	11.494537	bus	MATCHED	n783938453	3.6	1.0	Menaristraße	168,N78	Guido-Schneble-Straße	Guido-Schneble-Straße	LINESTRING(11.494537 48.128888,11.4944889 48.128885200000006)
2731	München	Menaristraße	de:09162:1654:2:2	48.128924	11.493899	bus	MATCHED	n783905617	2.6	1.0	Menaristraße	168,N78	Hönigschmidplatz	Hönigschmidplatz	LINESTRING(11.493899 48.128924,11.4938982 48.128900800000004)
2732	München	Menaristraße	de:09162:1654:31:71	48.128516	11.493899		NO_MATCH_AND_SEEMS_UNSERVED								POINT(11.493899 48.128516)
2733	München	Menaristraße	de:09162:1654:32:72	48.129697	11.492363		NO_MATCH_AND_SEEMS_UNSERVED								POINT(11.492363 48.129697)
2734	München	Menterschwaige	de:09162:1124:2:1	48.080064	11.55167	tram	MATCHED	n27233931	19.0	0.45	Menterschwaige	25,N27	Großhesseloher Brücke	Großhesseloher Brücke	LINESTRING(11.55167 48.080064,11.5516272 48.0798958)
2735	München	Menterschwaige	de:09162:1124:2:2	48.08022	11.551867	tram	MATCHED	n1495572898	10.0	0.58	Menterschwaige	25,N27	Klinikum Harlaching	Klinikum Harlaching	LINESTRING(11.551867 48.08022,11.551785800000001 48.0801481)
2736	München	Menterschwaige	de:09162:1124:31:21	48.08022	11.551571		NO_MATCH_AND_SEEMS_UNSERVED								POINT(11.551571 48.08022)
2737	München	Menterschwaige	de:09162:1124:32:22	48.080148	11.551706		MATCHED	n10699441502	34.6	1.0	Menterschwaige				LINESTRING(11.551706 48.080148,11.551610400000001 48.080452400000006)
2738	München	Menterstraße	de:09162:1799:3:MTS 1	48.161231	11.467138	bus	MATCHED	w435534505	0.6	1.0	Menterstraße	160	Dorfstraße	Dorfstraße	LINESTRING(11.467138 48.161231,11.46713206600031 48.16122707697242)
2739	München	Menterstraße	de:09162:1799:3:MTS 2	48.161213	11.466986	bus	MATCHED	w435534506	2.4	1.0	Menterstraße	160	Marsopstraße	Marsopstraße	LINESTRING(11.466986 48.161213,11.466997551431136 48.1612331709094)
2740	München	Merseburger Straße	de:09162:376:3:MEB 1	48.185955	11.521064	bus	MATCHED	w409285667	4.6	1.0	Merseburger Straße	175	Bingener Straße	Bingener Straße	LINESTRING(11.521064 48.185955,11.521066900000001 48.18599675)
2741	München	Merseburger Straße	de:09162:376:3:MEB 2	48.185919	11.521226	bus	MATCHED	w409285666	7.0	1.0	Merseburger Straße	175,N71	Fasanerie	Fasanerie Bahnhof	LINESTRING(11.521226 48.185919,11.521242201285434 48.185980621111156)
2742	München	Messestadt Ost	de:09162:1260:1:1	48.13345	11.703907		MATCHED	w386838121	16.0	1.0	Messestadt Ost			Parsdorf, Am Lerchenfeld	LINESTRING(11.703907 48.13345,11.704121883238702 48.13344081586769)
2743	München	Messestadt Ost	de:09162:1260:1:2	48.13327	11.703413	bus	MATCHED	w386838120	8.4	1.0	Messestadt Ost	186,190,N74	Selma-Lagerlöf-Straße / Messestadt West	Messestadt West	LINESTRING(11.703413 48.13327,11.703523707766925 48.13325512708675)
2744	München	Messestadt Ost	de:09162:1260:1:3	48.13345	11.703611	bus	MATCHED	w790297746	6.3	1.0	Messestadt Ost	186,190,234,234V,262,263V,459,N74	Dorfen / Ampfing / Aschheim, XXXLutz / Sigmund-Riefler-Bogen	Sigmund-Riefler-Bogen	LINESTRING(11.703611 48.13345,11.703528403097113 48.13343729930122)
2745	München	Messestadt Ost	de:09162:1260:1:4	48.133276	11.704087	bus	MATCHED	w386838124	2.9	1.0	Messestadt Ost	234,262,263V,459		Selma-Lagerlöf-Straße	LINESTRING(11.704087 48.133276,11.704059652869475 48.13325684064377)
2746	München	Messestadt Ost	de:09162:1260:1:5	48.13327	11.703045		MATCHED	w386838122	6.8	1.0	Messestadt Ost				LINESTRING(11.703045 48.13327,11.703133417716368 48.13325443858608)
2747	München	Messestadt Ost	de:09162:1260:51:51	48.13342	11.703261	light_rail	MATCHED	n2665022791	14.8	0.48	Messestadt Ost	U2	Messestadt West		LINESTRING(11.703261 48.13342,11.703459500000001 48.133431900000005)
2748	München	Messestadt Ost	de:09162:1260:51:52	48.133348	11.703261	light_rail	MATCHED	n2665022780	15.0	0.48	Messestadt Ost	U2			LINESTRING(11.703261 48.133348,11.7034564 48.1333168)
2749	München	Messestadt Ost	de:09162:1260:6:6	48.133642	11.704877	bus	MATCHED	n5281656130	14.9	1.0	Messestadt Ost	234,234V	Messestadt West	XXXLutz / Messestadt West	LINESTRING(11.704877 48.133642,11.7046814 48.133614400000006)
2750	München	Messestadt West	de:09162:1250:1:1	48.13333	11.690154	bus	MATCHED	w386838127	8.4	1.0	Messestadt West	139,183,190,E183,N74	Am Messesee / Am Messesee	Am Messesee	LINESTRING(11.690154 48.13333,11.69004288404845 48.133341188950546)
2751	München	Messestadt West	de:09162:1250:2:2	48.133516	11.689516	bus	MATCHED	w386838126	0.8	1.0	Messestadt West	139,183,190,234,263,263V,264,E183,N74	Helsinkistraße / Messestadt Ost / Am Messesee	Messestadt Ost	LINESTRING(11.689516 48.133516,11.689526590669697 48.13351606811334)
2752	München	Messestadt West	de:09162:1250:31:71	48.134506	11.688816		NO_MATCH_AND_SEEMS_UNSERVED								POINT(11.688816 48.134506)
2753	München	Messestadt West	de:09162:1250:31:74	48.134506	11.688986		NO_MATCH_AND_SEEMS_UNSERVED								POINT(11.688986 48.134506)
2754	München	Messestadt West	de:09162:1250:32:72	48.133013	11.688555		NO_MATCH_AND_SEEMS_UNSERVED								POINT(11.688555 48.133013)
2755	München	Messestadt West	de:09162:1250:33:73	48.132887	11.689022		NO_MATCH_AND_SEEMS_UNSERVED								POINT(11.689022 48.132887)
2756	München	Messestadt West	de:09162:1250:35:75	48.133654	11.688636		NO_MATCH_AND_SEEMS_UNSERVED								POINT(11.688636 48.133654)
2757	München	Messestadt West	de:09162:1250:36:76	48.133552	11.690963		NO_MATCH_AND_SEEMS_UNSERVED								POINT(11.690963 48.133552)
2758	München	Messestadt West	de:09162:1250:37:77	48.133318	11.691088		MATCHED	n8436044678	20.5	0.32	Messestadt West				LINESTRING(11.691088 48.133318,11.691357100000001 48.1333557)
2759	München	Messestadt West	de:09162:1250:38:78	48.134733	11.688807		NO_MATCH_AND_SEEMS_UNSERVED								POINT(11.688807 48.134733)
2760	München	Messestadt West	de:09162:1250:3:3	48.13333	11.689534		MATCHED	w386838128	1.0	1.0	Messestadt West			Am Messesee	LINESTRING(11.689534 48.13333,11.689528150092812 48.13333836750763)
2761	München	Messestadt West	de:09162:1250:4:4	48.133522	11.689992		MATCHED	w386838125	3.8	1.0	Messestadt West			Messestadt Ost / Helsinkistraße	LINESTRING(11.689992 48.133522,11.690043522986292 48.133519074505394)
2762	München	Messestadt West	de:09162:1250:51:51	48.133468	11.690756	light_rail	MATCHED	n2665022795	2.9	0.82	Messestadt West	U2	Moosfeld		LINESTRING(11.690756 48.133468,11.690754100000001 48.1334937)
2763	München	Messestadt West	de:09162:1250:51:52	48.133396	11.690756	light_rail	MATCHED	n2665022784	2.2	0.86	Messestadt West	U2	Messestadt Ost / Messestadt Ost		LINESTRING(11.690756 48.133396,11.6907644 48.1333774)
2764	München	Mettenstraße	de:09162:224:1:1	48.168068	11.514767	bus	MATCHED	w395816260	1.4	1.0	Mettenstraße	151,164,165,180	Sadelerstraße	Sadelerstraße	LINESTRING(11.514767 48.168068,11.514785634751908 48.168069388914084)
2765	München	Mettenstraße	de:09162:224:2:2	48.168379	11.514282	bus	MATCHED	w395816259	5.6	1.0	Mettenstraße	151,164,165,180	Nederlinger Straße (West) / Nederlinger Straße	Nederlinger Straße (West) / Nederlinger Straße	LINESTRING(11.514282 48.168379,11.514338366959997 48.1683449723016)
2766	München	Michael-Öchsner-Straße	de:09162:1731:1:1	48.137119	11.432895		NO_MATCH_AND_SEEMS_UNSERVED								POINT(11.432895 48.137119)
2767	München	Michaelibad	de:09162:1050:1:1	48.118694	11.630192	bus	MATCHED	w387536672	18.5	1.0	Michaelibad	195,199	Heinrich-Wieland-Straße	Heinrich-Wieland-Straße	LINESTRING(11.630192 48.118694,11.629986813465054 48.11878803800963)
2768	München	Michaelibad	de:09162:1050:2:2	48.118772	11.63144	bus	MATCHED	w387536675	6.8	1.0	Michaelibad	195,199	Bad-Schachener-Straße		LINESTRING(11.63144 48.118772,11.631529711616768 48.11876002509538)
2769	München	Michaelibad	de:09162:1050:30:70	48.118586	11.63224		NO_MATCH_AND_SEEMS_UNSERVED								POINT(11.63224 48.118586)
2770	München	Michaelibad	de:09162:1050:31:71	48.118184	11.63268		NO_MATCH_AND_SEEMS_UNSERVED								POINT(11.63268 48.118184)
2771	München	Michaelibad	de:09162:1050:3:3	48.119299	11.630659	bus	MATCHED	w460402170	16.2	1.0	Michaelibad	187			LINESTRING(11.630659 48.119299,11.630546099907075 48.11917485009983)
2772	München	Michaelibad	de:09162:1050:4:4	48.119107	11.630928	bus	MATCHED	w460402162	1.4	1.0	Michaelibad	187	Sankt Michael	Sankt Michael	LINESTRING(11.630928 48.119107,11.630922190723163 48.11911909789382)
2773	München	Michaelibad	de:09162:1050:51:51	48.118466	11.631467	light_rail	MATCHED	n2567911235	27.3	0.35	Michaelibad	U5,U8	Innsbrucker Ring / Innsbrucker Ring		LINESTRING(11.631467 48.118466,11.6318256 48.1184163)
2774	München	Michaelibad	de:09162:1050:51:52	48.118364	11.631413	light_rail	MATCHED	n2567911234	25.7	0.36	Michaelibad	U5,U8	Quiddestraße		LINESTRING(11.631413 48.118364,11.6317511 48.118315900000006)
2775	München	Milbertshofen	de:09162:740:1:1	48.182085	11.572987	bus	MATCHED	w396812287	11.2	1.0	Milbertshofen	N41	Rümannstraße	Rümannstraße	LINESTRING(11.572987 48.182085,11.572957477094233 48.1821836739827)
2776	München	Milbertshofen	de:09162:740:2:2	48.182085	11.573175	bus	MATCHED	w396812286	8.9	1.0	Milbertshofen	N41	Korbinianplatz	Korbinianplatz	LINESTRING(11.573175 48.182085,11.573156950000001 48.182164500000006)
2777	München	Milbertshofen	de:09162:740:51:51	48.180953	11.573193	light_rail	MATCHED	n2624817298	3.1	0.81	Milbertshofen	U2	Scheidplatz / Frankfurter Ring		LINESTRING(11.573193 48.180953,11.573230800000001 48.180942)
2778	München	Milbertshofen	de:09162:740:51:52	48.180947	11.573104	light_rail	MATCHED	n2624817297	3.0	0.81	Milbertshofen	U2	Frankfurter Ring / Scheidplatz		LINESTRING(11.573104 48.180947,11.573066 48.180936800000005)
2779	München	Milbertshofener Platz	de:09162:334:1:1	48.184799	11.566681	bus	MATCHED	w372415399	4.9	1.0	Milbertshofener Platz	177	Moosacher Straße	Moosacher Straße	LINESTRING(11.566681 48.184799,11.566615178632633 48.18479406621684)
2780	München	Milbertshofener Platz	de:09162:334:2:2	48.184349	11.566393	bus	MATCHED	w372415472	0.5	1.0	Milbertshofener Platz	177	Curt-Mezger-Platz	Curt-Mezger-Platz	LINESTRING(11.566393 48.184349,11.566387055143508 48.184346609894575)
2781	München	Milbertshofener Straße	de:09162:417:1:1	48.184343	11.575358	bus	MATCHED	w390071284	6.8	1.0	Milbertshofener Straße	150,50	Abtstraße	Abtstraße	LINESTRING(11.575358 48.184343,11.575269030976333 48.18435888602346)
2782	München	Milbertshofener Straße	de:09162:417:2:2	48.184463	11.575385	bus	MATCHED	w390071285	5.4	1.0	Milbertshofener Straße	150,50	Korbinianplatz	Korbinianplatz	LINESTRING(11.575385 48.184463,11.575448566188328 48.18443889975152)
2783	München	Mildred-Scheel-Bogen	de:09162:418:1:1	48.175311	11.581674	bus	MATCHED	n4715773791	5.5	1.0	Mildred-Scheel-Bogen	142	Heckscherstraße	Heckscherstraße	LINESTRING(11.581674 48.175311,11.5817461 48.1753232)
2784	München	Mildred-Scheel-Bogen	de:09162:418:2:2	48.175329	11.581898	bus	MATCHED	n4715767591	19.7	1.0	Mildred-Scheel-Bogen	142	Klopstockstraße	Klopstockstraße	LINESTRING(11.581898 48.175329,11.581870100000002 48.1755055)
2785	München	Mindelheimer Straße	de:09162:1422:2:2	48.080142	11.492264	bus	MATCHED	w369932214	2.1	1.0	Mindelheimer Straße	132	Spielmannsauer Straße	Spielmannsauer Straße	LINESTRING(11.492264 48.080142,11.4922915 48.080145650000006)
2786	München	Mindelheimer Straße	de:09162:1422:31:71	48.07977	11.492192		MATCHED	w369932215	33.8	0.22	Mindelheimer Straße			Forstenrieder Park	LINESTRING(11.492192 48.07977,11.492044450000002 48.080057450000005)
2787	München	Minnewitstraße	de:09162:1181:1:1	48.091178	11.597673	bus	MATCHED	w391474792	1.9	1.0	Minnewitstraße	145	Cincinnatistraße	Cincinnatistraße	LINESTRING(11.597673 48.091178,11.59769190570989 48.0911888390218)
2788	München	Minnewitstraße	de:09162:1181:2:2	48.090884	11.597295	bus	MATCHED	w391474794	1.3	1.0	Minnewitstraße	145,220	Kiefernstraße / Fasanenpark	Kiefernstraße	LINESTRING(11.597295 48.090884,11.59730319689199 48.09087359061416)
2789	München	Minnewitstraße	de:09162:1181:31:71	48.088538	11.599415		NO_MATCH_AND_SEEMS_UNSERVED								POINT(11.599415 48.088538)
2790	München	Minnewitstraße	de:09162:1181:32:72	48.088688	11.599307		NO_MATCH_AND_SEEMS_UNSERVED								POINT(11.599307 48.088688)
2791	München	Minnewitstraße	de:09162:1181:3:3	48.091136	11.596855	bus	MATCHED	w391474793	2.0	1.0	Minnewitstraße	220,E220,N75	Giesing / Leifstraße	Leifstraße	LINESTRING(11.596855 48.091136,11.5968500459076 48.0911183396984)
2792	München	Mitterfeldstraße	de:09162:1644:1:1	48.137395	11.484036	bus	MATCHED	n11348603589	10.2	0.68	Mitterfeldstraße	57	Stroblstraße	Stroblstraße	LINESTRING(11.484036 48.137395,11.483957 48.1374701)
2793	München	Mitterfeldstraße	de:09162:1644:2:2	48.136712	11.486093		NO_MATCH_AND_SEEMS_UNSERVED								POINT(11.486093 48.136712)
2794	München	Mitterfeldstraße	de:09162:1644:30:70	48.137023	11.485374		NO_MATCH_AND_SEEMS_UNSERVED								POINT(11.485374 48.137023)
2795	München	Mitterfeldstraße	de:09162:1644:3:3	48.136963	11.484772		NO_MATCH_AND_SEEMS_UNSERVED								POINT(11.484772 48.136963)
2796	München	Mitterfeldstraße	de:09162:1644:4:4	48.137677	11.483766	bus	MATCHED	n11348603591	19.1	0.56	Mitterfeldstraße	57	Fischer-v.-Erlach-Straße	Fischer-von-Erlach-Straße	LINESTRING(11.483766 48.137677,11.483962400000001 48.137565900000006)
2797	München	Mittersendling	de:09162:1300:31:41	48.106896	11.537189		NO_MATCH_AND_SEEMS_UNSERVED								POINT(11.537189 48.106896)
2798	München	Mittersendling	de:09162:1300:40:81	48.107976	11.536443	train	MATCHED	n737174131	15.8	0.62	Mittersendling	RB58,S20,S7	Harras / Heimeranplatz	Harras / Heimeranplatz	LINESTRING(11.536443 48.107976,11.5364506 48.107833600000006)
2799	München	Mittersendling	de:09162:1300:40:82	48.107964	11.536309	train	MATCHED	n27238496	14.7	0.64	Mittersendling	RB58,S20,S7	Siemenswerke / Siemenswerke	Siemenswerke	LINESTRING(11.536309 48.107964,11.5363188 48.107832200000004)
2800	München	Mitterweg	de:09162:1058:1:1	48.101431	11.610491	bus	MATCHED	w392318288	1.2	1.0	Mitterweg	139	Hochäckerstraße	Hochäckerstraße	LINESTRING(11.610491 48.101431,11.610493050674346 48.101420482034555)
2801	München	Mitterweg	de:09162:1058:1:2	48.101323	11.610429	bus	MATCHED	w392318289	1.8	1.0	Mitterweg	139	Anneliese-Fleyenschmidt-Straße	Anneliese-Fleyenschmidt-Straße	LINESTRING(11.610429 48.101323,11.610452996872066 48.10132658586074)
2802	München	Mitterweg	de:09162:1058:99:3	48.101377	11.610483		NO_MATCH_AND_SEEMS_UNSERVED								POINT(11.610483 48.101377)
2803	München	Moosach	de:09162:300:1:1	48.180438	11.507482	tram	MATCHED	n315108848	4.4	0.53	Moosach Bahnhof	20,N20	Pelkovenstraße	Pelkovenstraße	LINESTRING(11.507482 48.180438,11.5074549 48.1804733)
2804	München	Moosach	de:09162:300:1:2	48.180396	11.507284	tram	MATCHED	n315811033	4.2	0.54	Moosach Bahnhof	20,N20			LINESTRING(11.507284 48.180396,11.507340300000001 48.180398600000004)
2805	München	Moosach	de:09162:300:2:12	48.180636	11.507356	bus	MATCHED	w315868668	5.5	1.0	Moosach Bahnhof	51	Bunzlauer Platz	Bunzlauer Platz	LINESTRING(11.507356 48.180636,11.507331695559014 48.18058951060723)
2806	München	Moosach	de:09162:300:30:70	48.181055	11.5044		NO_MATCH_AND_SEEMS_UNSERVED								POINT(11.5044 48.181055)
2807	München	Moosach	de:09162:300:31:71	48.178126	11.507751		NO_MATCH_AND_SEEMS_UNSERVED								POINT(11.507751 48.178126)
2808	München	Moosach	de:09162:300:32:72	48.178863	11.508407		NO_MATCH_AND_SEEMS_UNSERVED								POINT(11.508407 48.178863)
2809	München	Moosach	de:09162:300:3:13	48.181115	11.506035	bus	MATCHED	w315868669	1.7	1.0	Moosach Bahnhof	162,163,169	Margarete-Steiff-Straße	Margarete-Steiff-Straße	LINESTRING(11.506035 48.181115,11.506013224949362 48.18111950494775)
2810	München	Moosach	de:09162:300:40:81	48.1796	11.505784	trainish	NO_MATCH_AND_SEEMS_UNSERVED								POINT(11.505784 48.1796)
2811	München	Moosach	de:09162:300:40:82	48.179624	11.505721	trainish	NO_MATCH_AND_SEEMS_UNSERVED								POINT(11.505721 48.179624)
2812	München	Moosach	de:09162:300:43:83	48.17936	11.505371	trainish	MATCHED	n2499632809	89.6	0.16	Moosach				LINESTRING(11.505371 48.17936,11.506073500000001 48.180014400000005)
2813	München	Moosach	de:09162:300:43:84	48.17942	11.505272	trainish	MATCHED	n14342547	88.6	0.16	Moosach			Fasanerie / Feldmoching	LINESTRING(11.505272 48.17942,11.5059623 48.180069700000004)
2814	München	Moosach	de:09162:300:45:85	48.17945	11.505227	trainish	MATCHED	n320498721	87.9	0.16	Moosach			München Hauptbahnhof / Laim	LINESTRING(11.505227 48.17945,11.505917400000001 48.1800919)
2815	München	Moosach	de:09162:300:4:14	48.180774	11.506107		MATCHED	w379853786	2.8	1.0	Moosach Bahnhof	162,163,169,RB33,S1	Ohlauer Straße / Margarete-Steiff-Straße / Laim / Feldmoching / Fasanerie / Fasanerie	Margarete-Steiff-Straße / Ohlauer Straße	LINESTRING(11.506107 48.180774,11.506133649374123 48.18079132900583)
2816	München	Moosach	de:09162:300:4:15	48.180612	11.505919	train	MATCHED	w379853785	3.8	1.0	Moosach Bahnhof	RB33,S1	Feldmoching / Laim / München Hbf		LINESTRING(11.505919 48.180612,11.505959262332452 48.18063304092529)
2817	München	Moosach	de:09162:300:51:51	48.181001	11.508146	light_rail	MATCHED	n2625811870	5.8	0.69	Moosach	U3	Moosacher St.-Martins-Platz		LINESTRING(11.508146 48.181001,11.5081497 48.1810534)
2818	München	Moosach	de:09162:300:51:52	48.180935	11.508146	light_rail	MATCHED	n2565119185	6.8	0.66	Moosach	U3	Moosacher St.-Martins-Platz		LINESTRING(11.508146 48.180935,11.5081649 48.1808756)
2819	München	Moosach	de:09162:300:5:16	48.18048	11.505371		MATCHED	w1333893536	1.9	0.49	Moosach Bahnhof	710,RB33,RE2,RE3,S1,X80	Gröbenzeller Straße / Fasanerie / Fasanerie / Untermenzing / Feldmoching / Laim / Freising	Untermenzing Bahnhof	LINESTRING(11.505371 48.18048,11.505395447438826 48.180475458144926)
2820	München	Moosach	de:09162:300:5:17	48.180576	11.505083	bus	MATCHED	w379853784	1.3	1.0	Moosach Bahnhof	176	Gröbenzeller Straße	Gröbenzeller Straße	LINESTRING(11.505083 48.180576,11.505098132377494 48.18056984967423)
2821	München	Moosach	de:09162:300:6:6	48.18163	11.508784	bus	MATCHED	n9464103404	11.8	1.0	Moosach Bahnhof	163,X35	Bunzlauer Platz	Bunzlauer Platz	LINESTRING(11.508784 48.18163,11.5088828 48.181713200000004)
2822	München	Moosach	de:09162:300:7:7	48.180929	11.50493		MATCHED	w967604311	11.9	1.0	Moosach Bahnhof				LINESTRING(11.50493 48.180929,11.50508640312471 48.1809523198013)
2823	München	Moosach	de:09162:300:8:8	48.18069	11.504751		NO_MATCH_AND_SEEMS_UNSERVED								POINT(11.504751 48.18069)
2824	München	Moosach	de:09162:300:99:11	48.180965	11.508146		MATCHED	w395816252	46.0	0.11	Moosach Bahnhof				LINESTRING(11.508146 48.180965,11.50757080498041 48.18081252520462)
2825	München	Moosach	de:09162:300:99:3	48.180965	11.508146		NO_MATCH_AND_SEEMS_UNSERVED								POINT(11.508146 48.180965)
2826	München	Moosach	de:09162:300:99:5	48.180965	11.508146		NO_MATCH_AND_SEEMS_UNSERVED								POINT(11.508146 48.180965)
2827	München	Moosacher St. -Martins-Platz	de:09162:370:1:1	48.181762	11.517381	bus	MATCHED	w379853789	21.2	1.0	Moosacher Sankt-Martins-Platz (U)	163,X35	Bingener Straße / Olympia-Einkaufszentrum West	Olympia-Einkaufszentrum West (U) / Bingener Straße	LINESTRING(11.517381 48.181762,11.51711234436214 48.18169834810609)
2828	München	Moosacher St. -Martins-Platz	de:09162:370:2:2	48.18187	11.517354	bus	MATCHED	w379853788	11.8	1.0	Moosacher Sankt-Martins-Platz (U)	163,X35	Pelkovenstraße	Pelkovenstraße (T)	LINESTRING(11.517354 48.18187,11.517513311854442 48.181869155077436)
2829	München	Moosacher St. -Martins-Platz	de:09162:370:31:41	48.18187	11.517354		NO_MATCH_AND_SEEMS_UNSERVED								POINT(11.517354 48.18187)
2830	München	Moosacher St. -Martins-Platz	de:09162:370:32:42	48.181762	11.517381		NO_MATCH_AND_SEEMS_UNSERVED								POINT(11.517381 48.181762)
2831	München	Moosacher St. -Martins-Platz	de:09162:370:51:51	48.181888	11.518594	light_rail	MATCHED	n2625875463	16.3	0.42	Moosacher Sankt-Martins-Platz	U3	Olympia-Einkaufszentrum / Moosach / Moosach		LINESTRING(11.518594 48.181888,11.5188061 48.1819238)
2832	München	Moosacher St. -Martins-Platz	de:09162:370:51:52	48.181816	11.518594	light_rail	MATCHED	n2625875406	16.8	0.42	Moosacher Sankt-Martins-Platz	U3	Olympia-Einkaufszentrum		LINESTRING(11.518594 48.181816,11.518818300000001 48.1817967)
2833	München	Moosacher Straße	de:09162:331:1:1	48.187134	11.566797	bus	MATCHED	w372415458	1.7	1.0	Moosacher Straße	177,178,50	Frankfurter Ring / Frankfurter Ring / Frankfurter Ring	Frankfurter Ring (U) / Frankfurter Ring	LINESTRING(11.566797 48.187134,11.566784950000011 48.18714655000001)
2834	München	Moosacher Straße	de:09162:331:2:2	48.187182	11.564704	bus	MATCHED	w372415471	68.3	1.0	Moosacher Straße	178,180,50	Anhalter Platz / Anhalter Platz	Anhalter Platz	LINESTRING(11.564704 48.187182,11.565614660167363 48.18726547760375)
2835	München	Moosacher Straße	de:09162:331:3:3	48.18756	11.566285	bus	MATCHED	w421240491	2.3	1.0	Moosacher Straße	180	Max-Diamand-Straße	Max-Diamand-Straße	LINESTRING(11.566285 48.18756,11.566265564769607 48.18757647246951)
2836	München	Moosacher Straße	de:09162:331:4:4	48.186835	11.565953	bus	MATCHED	w372415455	5.9	1.0	Moosacher Straße	177	Milbertshofener Platz	Milbertshofener Platz	LINESTRING(11.565953 48.186835,11.565970361814564 48.18688645340771)
2837	München	Moosfeld	de:09162:1240:51:51	48.130788	11.670957	light_rail	MATCHED	n2665022776	4.2	0.75	Moosfeld	U2	Trudering		LINESTRING(11.670957 48.130788,11.6709014 48.1307811)
2838	München	Moosfeld	de:09162:1240:51:52	48.130758	11.671038	light_rail	MATCHED	n2665022768	2.8	0.82	Moosfeld	U2	Messestadt West		LINESTRING(11.671038 48.130758,11.6710285 48.130734100000005)
2839	München	Moosfeld	de:09162:1240:99:31	48.13074	11.670903		NO_MATCH_AND_SEEMS_UNSERVED								POINT(11.670903 48.13074)
2840	München	Moosfeld	de:09162:1240:99:32	48.130722	11.670975		NO_MATCH_AND_SEEMS_UNSERVED								POINT(11.670975 48.130722)
2841	München	Moosfeld Gewerbegebiet	de:09162:973:1:1	48.136136	11.668217	bus	MATCHED	w468381461	1.4	1.0	Moosfeld Gewerbegebiet	194	Tierheim	Tierheim	LINESTRING(11.668217 48.136136,11.668198140596079 48.136138873434106)
2842	München	Moosfeld Gewerbegebiet	de:09162:973:2:2	48.135681	11.668388	bus	MATCHED	w468381464	0.0	1.0	Moosfeld Gewerbegebiet	194	Karl-Schmid-Straße	Karl-Schmid-Straße	LINESTRING(11.668388 48.135681,11.66838845 48.1356813)
2843	München	Moosfeld Gewerbegebiet	de:09162:973:3:3	48.135872	11.667651	bus	MATCHED	n10225626971	12.2	1.0	Moosfeld Gewerbegebiet	194			LINESTRING(11.667651 48.135872,11.667586400000001 48.1357707)
2844	München	Moselstraße	de:09162:611:3:MOS 1	48.141777	11.627326	bus	MATCHED	w400511240	2.4	1.0	Moselstraße	187	Vollmannstraße	Vollmannstraße	LINESTRING(11.627326 48.141777,11.627296897538852 48.14176867642503)
2845	München	Moselstraße	de:09162:611:3:MOS 2	48.141879	11.627155	bus	MATCHED	w400511239	3.3	1.0	Moselstraße	187	Schwarzwaldstraße	Schwarzwaldstraße	LINESTRING(11.627155 48.141879,11.627156606434532 48.14184915202073)
2846	München	Munckerstraße	de:09162:1350:1:1	48.089426	11.503089	bus	MATCHED	w396613067	0.7	1.0	Munckerstraße	151,63,N41	Staffelseestraße / Züricher Straße	Züricher Straße / Staffelseestraße	LINESTRING(11.503089 48.089426,11.503080852798888 48.089429240630245)
2847	München	Munckerstraße	de:09162:1350:2:2	48.089612	11.502739	bus	MATCHED	w396613068	0.6	1.0	Munckerstraße	151,63,N41	Stäblistraße	Stäblistraße	LINESTRING(11.502739 48.089612,11.502745202152386 48.08960794008999)
2848	München	Murnauer Straße	de:09162:1317:1:1	48.101977	11.524047	bus	MATCHED	w392275362	0.5	1.0	Murnauer Straße	51,63	Ratzingerplatz	Ratzingerplatz	LINESTRING(11.524047 48.101977,11.52405271752896 48.101978464835284)
2849	München	Murnauer Straße	de:09162:1317:2:2	48.101935	11.524451	bus	MATCHED	w392275363	1.2	1.0	Murnauer Straße	51,63	Höglwörther Straße	Höglwörther Straße	LINESTRING(11.524451 48.101935,11.524436182481098 48.10193191813104)
2850	München	Murnauer Straße	de:09162:1317:3:3	48.102175	11.524819		NO_MATCH_AND_SEEMS_UNSERVED								POINT(11.524819 48.102175)
2851	München	Murnauer Straße	de:09162:1317:4:4	48.102253	11.524595		NO_MATCH_AND_SEEMS_UNSERVED								POINT(11.524595 48.102253)
2852	München	Muspillistraße	de:09162:628:3:MUS 1	48.169901	11.624577	bus	MATCHED	w386838131	0.9	1.0	Muspillistraße	188,189	Oberföhring Post	Oberföhring Post	LINESTRING(11.624577 48.169901,11.62456662337167 48.16989777160972)
2853	München	Muspillistraße	de:09162:628:3:MUS 2	48.169901	11.624415	bus	MATCHED	w386838130	5.1	1.0	Muspillistraße	188,189	Bürgerpark Oberföhring	Bürgerpark Oberföhring	LINESTRING(11.624415 48.169901,11.624400028597043 48.169856571486406)
2854	München	Mutschellestraße	de:09162:904:1:1	48.126669	11.638582	tram	MATCHED	n201387894	5.1	0.71	Mutschellestraße	21,N19	Baumkirchner Straße	Baumkirchner Straße	LINESTRING(11.638582 48.126669,11.638634000000001 48.1266395)
2855	München	Mutschellestraße	de:09162:904:2:2	48.126687	11.637908	tram	MATCHED	n1237837408	3.5	0.77	Mutschellestraße	21,N19	Kreillerstraße	Kreillerstraße	LINESTRING(11.637908 48.126687,11.637881 48.1267129)
2856	München	Mutschellestraße	de:09162:904:31:21	48.126789	11.638618		MATCHED	n10706837050	3.4	1.0	Mutschellestraße				LINESTRING(11.638618 48.126789,11.638573000000001 48.126787400000005)
2857	München	Mutschellestraße	de:09162:904:32:22	48.126597	11.637881		MATCHED	n10706837051	24.5	1.0	Mutschellestraße				LINESTRING(11.637881 48.126597,11.6375551 48.1266259)
2858	München	Mutter-Teresa-Straße	de:09162:818:3:MTH 1	48.129595	11.699694	bus	MATCHED_THOUGH_REVERSED_DIR	w386838133	12.7	1.0	Mutter-Teresa-Straße	190	Lehrer-Wirth-Straße	Selma-Lagerlöf-Straße	LINESTRING(11.699694 48.129595,11.699764308514757 48.12949133618178)
2859	München	Mutter-Teresa-Straße	de:09162:818:3:MTH 2	48.129481	11.699802	bus	MATCHED_THOUGH_REVERSED_DIR	w386838132	12.6	1.0	Mutter-Teresa-Straße	190	Selma-Lagerlöf-Straße	Lehrer-Wirth-Straße	LINESTRING(11.699802 48.129481,11.699748419205964 48.12958814926926)
2860	München	Mönchbergstraße	de:09162:945:1:1	48.115701	11.66024	bus	MATCHED	w376507796	2.9	1.0	Mönchbergstraße	195	St.-Augustinus-Straße	St.-Augustinus-Straße	LINESTRING(11.66024 48.115701,11.66024985647751 48.115675922742135)
2861	München	Mönchbergstraße	de:09162:945:2:2	48.115947	11.659378	bus	MATCHED	w376507797	2.1	1.0	Mönchbergstraße	195	Simplonstraße	Simplonstraße	LINESTRING(11.659378 48.115947,11.659352926372259 48.115954868459994)
2862	München	Mühldorfstraße	de:09162:921:1:1	48.126489	11.613654	bus	MATCHED	w373592143	14.7	1.0	Mühldorfstraße	59	Ampfingstraße	Ampfingstraße	LINESTRING(11.613654 48.126489,11.613670589829386 48.12662078295204)
2863	München	Mühldorfstraße	de:09162:921:2:2	48.126855	11.613375	bus	MATCHED	w373592144	6.6	1.0	Mühldorfstraße	59	Sankt Pius	Sankt Pius	LINESTRING(11.613375 48.126855,11.613430150231379 48.126901299992106)
2864	München	Müllerstraße	de:09162:38:2:1	48.13164	11.572232	tram	MATCHED	n1689006761	9.4	0.6	Müllerstraße	16,17,19,21,N17,N19	Reichenbachplatz	Reichenbachplatz	LINESTRING(11.572232 48.13164,11.572248400000001 48.1317238)
2865	München	Müllerstraße	de:09162:38:2:2	48.131622	11.571909		MATCHED	n13151164428	20.8	0.32	Müllerstraße				LINESTRING(11.571909 48.131622,11.572164 48.131698300000004)
2866	München	Müllerstraße	de:09162:38:31:41	48.130968	11.572169		NO_MATCH_AND_SEEMS_UNSERVED								POINT(11.572169 48.130968)
2867	München	Müllerstraße	de:09162:38:32:42	48.131214	11.571837		NO_MATCH_AND_SEEMS_UNSERVED								POINT(11.571837 48.131214)
2868	München	Müllerstraße	de:09162:38:33:43	48.13149	11.571253		MATCHED	n10706830531	8.1	1.0	Müllerstraße				LINESTRING(11.571253 48.13149,11.5711838 48.131545900000006)
2869	München	Müllerstraße	de:09162:38:34:44	48.13176	11.57075		MATCHED	n1679671471	77.0	0.12	Müllerstraße			Sendlinger Tor	LINESTRING(11.57075 48.13176,11.570886900000001 48.1310736)
2870	München	Müllerstraße	de:09162:38:35:45	48.132161	11.571478		NO_MATCH_AND_SEEMS_UNSERVED								POINT(11.571478 48.132161)
2871	München	Müllerstraße	de:09162:38:36:46	48.131754	11.571343		NO_MATCH_AND_SEEMS_UNSERVED								POINT(11.571343 48.131754)
2872	München	Müllerstraße	de:09162:38:37:77	48.132119	11.571028		NO_MATCH_AND_SEEMS_UNSERVED								POINT(11.571028 48.132119)
2873	München	Müllerstraße	de:09162:38:3:3	48.131172	11.571334	tram	MATCHED	n1507407689	8.6	0.61	Müllerstraße	18,N27	Fraunhoferstraße	Fraunhoferstraße	LINESTRING(11.571334 48.131172,11.571219200000002 48.131179)
2874	München	Müllerstraße	de:09162:38:3:4	48.131202	11.571064	tram	MATCHED	n13151164427	9.1	0.48	Müllerstraße	16,17,18,19,21,N17,N19,N27	Sendlinger Tor		LINESTRING(11.571064 48.131202,11.5710482 48.131120800000005)
2875	München	Münchner Freiheit	de:09162:500:1:10	48.162334	11.586632	bus	MATCHED	w258747570	2.8	1.0	Münchner Freiheit	53,59,N44	Hohenzollernstraße	Hohenzollernstraße	LINESTRING(11.586632 48.162334,11.586601146424865 48.1623189702699)
2876	München	Münchner Freiheit	de:09162:500:1:7	48.16243	11.586659		MATCHED	n595311109	5.3	1.0	Münchner Freiheit	23,N40	Potsdamer Straße / Potsdamer Straße	Potsdamer Straße	LINESTRING(11.586659 48.16243,11.5866102 48.1623953)
2877	München	Münchner Freiheit	de:09162:500:1:8	48.162232	11.586533	bus	MATCHED	w351235037	13.4	1.0	Münchner Freiheit	142,54,59,N41,N45	Potsdamer Straße / Potsdamer Straße	Potsdamer Straße	LINESTRING(11.586533 48.162232,11.58657500903097 48.162114566578005)
2878	München	Münchner Freiheit	de:09162:500:2:6	48.16186	11.585797	bus	MATCHED	w351235036	7.3	1.0	Münchner Freiheit	53,N43	Hohenzollernstraße	Hohenzollernstraße	LINESTRING(11.585797 48.16186,11.58569903318995 48.161867004992644)
2879	München	Münchner Freiheit	de:09162:500:32:42	48.161081	11.586003		NO_MATCH_AND_SEEMS_UNSERVED								POINT(11.586003 48.161081)
2880	München	Münchner Freiheit	de:09162:500:33:43	48.161081	11.586408		MATCHED	n10783723338	24.0	1.0	Münchner Freiheit				LINESTRING(11.586408 48.161081,11.5864154 48.1612966)
2881	München	Münchner Freiheit	de:09162:500:3:9	48.162837	11.586183	bus	NO_MATCH_BUT_OTHER_PLATFORM_MATCHED					142,54,N40,N41,N45	Hohenzollernstraße		POINT(11.586183 48.162837)
2882	München	Münchner Freiheit	de:09162:500:41:41	48.162897	11.586246		MATCHED	w351235034	4.1	1.0	Münchner Freiheit			Hohenzollernstraße	LINESTRING(11.586246 48.162897,11.586225079375545 48.16286281661793)
2883	München	Münchner Freiheit	de:09162:500:51:51	48.161525	11.586372	light_rail	MATCHED	n2635396973	10.5	0.56	Münchner Freiheit	U3,U6	Dietlindenstraße / Dietlindenstraße		LINESTRING(11.586372 48.161525,11.5862668 48.161461700000004)
2884	München	Münchner Freiheit	de:09162:500:51:53	48.161507	11.586489	light_rail	MATCHED	n2635396972	8.0	0.62	Münchner Freiheit	U3	Bonner Platz		LINESTRING(11.586489 48.161507,11.5864528 48.1614389)
2885	München	Münchner Freiheit	de:09162:500:52:52	48.161543	11.586264	light_rail	MATCHED	n2635396974	8.3	0.62	Münchner Freiheit	U3,U6	Giselastraße		LINESTRING(11.586264 48.161543,11.586247700000001 48.1614689)
2886	München	Münchner Freiheit	de:09162:500:52:54	48.161561	11.586111	light_rail	MATCHED	n2635396979	7.7	0.63	Münchner Freiheit	U3	Giselastraße		LINESTRING(11.586111 48.161561,11.5860613 48.1614999)
2887	München	Münchner Freiheit	de:09162:500:99:1	48.162196	11.586731		NO_MATCH_AND_SEEMS_UNSERVED								POINT(11.586731 48.162196)
2888	München	Münchner Freiheit	de:09162:500:99:2	48.161531	11.5863		NO_MATCH_AND_SEEMS_UNSERVED								POINT(11.5863 48.161531)
2889	München	Münchner Freiheit	de:09162:500:99:3	48.161531	11.5863		NO_MATCH_AND_SEEMS_UNSERVED								POINT(11.5863 48.161531)
2890	München	Münchner Freiheit	de:09162:500:99:4	48.161531	11.5863		NO_MATCH_AND_SEEMS_UNSERVED								POINT(11.5863 48.161531)
2891	München	Münchner Freiheit	de:09162:500:99:5	48.161531	11.5863		NO_MATCH_AND_SEEMS_UNSERVED								POINT(11.5863 48.161531)
2892	München	Münchner Linien	de:09162:20013:0:MLNO1	48.198117	11.614597		NO_MATCH_AND_SEEMS_UNSERVED								POINT(11.614597 48.198117)
2893	München	Münchner Linien	de:09162:20013:0:MLNO2	48.198069	11.614579		NO_MATCH_AND_SEEMS_UNSERVED								POINT(11.614579 48.198069)
2894	München	Münchner Linien 2	de:09162:20100:0:1	48.202883	11.546594		NO_MATCH_AND_SEEMS_UNSERVED								POINT(11.546594 48.202883)
2895	München	Münchner Linien Moosach	de:09162:20025	48.175209	11.531233		NO_MATCH_AND_SEEMS_UNSERVED								POINT(11.531233 48.175209)
2896	München	Münchner Linien Ost	de:09162:10010	48.136808	11.619942		NO_MATCH_AND_SEEMS_UNSERVED								POINT(11.619942 48.136808)
2897	München	Münchner Linien West	de:09162:10001	48.133223	11.517444		NO_MATCH_AND_SEEMS_UNSERVED								POINT(11.517444 48.133223)
2898	München	Münsinger Straße	de:09162:1341:1:1	48.090404	11.517255	bus	MATCHED	w376756316	1.8	1.0	Münsinger Straße	136	Siemensallee	Siemensallee	LINESTRING(11.517255 48.090404,11.517266700000002 48.090389400000014)
2899	München	Münsinger Straße	de:09162:1341:2:2	48.090542	11.517857	bus	MATCHED	w376756319	0.9	1.0	Münsinger Straße	136	Spindlerplatz	Spindlerplatz	LINESTRING(11.517857 48.090542,11.517852865451182 48.09053469464944)
2900	München	Nachtlinienbeginn/-ende	de:09162:20020	48.141352	11.569349		NO_MATCH_AND_SEEMS_UNSERVED								POINT(11.569349 48.141352)
2901	München	Nailastraße	de:09162:1002:1:1	48.088538	11.633021	bus	MATCHED	w474595679	0.9	1.0	Nailastraße	196	Bayerwaldstraße	Bayerwaldstraße	LINESTRING(11.633021 48.088538,11.633033450000001 48.0885392)
2902	München	Nailastraße	de:09162:1002:2:2	48.088844	11.633866	bus	MATCHED	w474595678	3.7	1.0	Nailastraße	196	Rudolf-Zorn-Straße	Rudolf-Zorn-Straße	LINESTRING(11.633866 48.088844,11.633852266433808 48.088811823308234)
2903	München	Nationalmuseum/Haus der Kunst	de:09162:81:1:1	48.142754	11.588573	tram	MATCHED	n1414694871	12.0	0.54	Nationalmuseum/Haus der Kunst	16	Paradiesstraße	Paradiesstraße	LINESTRING(11.588573 48.142754,11.588489200000001 48.1428464)
2904	München	Nationalmuseum/Haus der Kunst	de:09162:81:2:2	48.143318	11.588573	tram	MATCHED	n1690131328	7.8	0.63	Nationalmuseum/Haus der Kunst	16	Lehel	Lehel	LINESTRING(11.588573 48.143318,11.5886671 48.1433479)
2905	München	Nationalmuseum/Haus der Kunst	de:09162:81:30:70	48.14303	11.589201		MATCHED	n3207960971	54.5	0.15	Nationalmuseum/Haus der Kunst				LINESTRING(11.589201 48.14303,11.588473700000002 48.1430882)
2906	München	Nationalmuseum/Haus der Kunst	de:09162:81:31:71	48.143707	11.589938		NO_MATCH_AND_SEEMS_UNSERVED								POINT(11.589938 48.143707)
2907	München	Nationalmuseum/Haus der Kunst	de:09162:81:3:3	48.142838	11.589201	bus	MATCHED	w372807083	0.4	1.0	Nationalmuseum/Haus der Kunst	100	Reitmorstraße/Sammlung Schack	Reitmorstraße/Sammlung Schack	LINESTRING(11.589201 48.142838,11.5892013 48.14283410000001)
2908	München	Nationalmuseum/Haus der Kunst	de:09162:81:4:4	48.143318	11.587881	bus	MATCHED	w372807084	5.6	1.0	Nationalmuseum/Haus der Kunst	100	Königinstraße	Königinstraße	LINESTRING(11.587881 48.143318,11.587932799999999 48.14328175)
2909	München	Nationalmuseum/Haus der Kunst	de:09162:81:79:79	48.142047	11.591914		NO_MATCH_AND_SEEMS_UNSERVED								POINT(11.591914 48.142047)
2910	München	Nationaltheater	de:09162:17:2:NAT 1	48.139355	11.57844		MATCHED	n1989334542	7.4	0.55	Nationaltheater			Kammerspiele	LINESTRING(11.57844 48.139355,11.5783853 48.1394104)
2911	München	Nationaltheater	de:09162:17:2:NAT 2	48.139361	11.579131		MATCHED	n1989334533	7.1	0.55	Nationaltheater			Marienplatz (Theatinerstraße)	LINESTRING(11.579131 48.139361,11.5790901 48.139303500000004)
2912	München	Nauestraße	de:09162:958:3:NAU 1	48.098822	11.677254	bus	MATCHED	w472506821	3.5	0.74	Nauestraße	194	Friesplatz		LINESTRING(11.677254 48.098822,11.677245296427806 48.09879135193007)
2913	München	Nawiaskystraße	de:09162:1041:1:1	48.106578	11.636381	bus	MATCHED	w414695755	1.0	1.0	Nawiaskystraße	197,N45	Holzwiesenstraße	Holzwiesenstraße	LINESTRING(11.636381 48.106578,11.636378898936211 48.10658692635024)
2914	München	Nawiaskystraße	de:09162:1041:2:2	48.107568	11.636686	bus	MATCHED	w414695754	0.9	1.0	Nawiaskystraße	197,N45	Staudingerstraße	Staudingerstraße	LINESTRING(11.636686 48.107568,11.636675485667254 48.107563220929286)
2915	München	Naßlstraße	de:09162:1845:1:1	48.190297	11.457329		NO_MATCH_AND_SEEMS_UNSERVED								POINT(11.457329 48.190297)
2916	München	Naßlstraße	de:09162:1845:2:2	48.190315	11.457472		NO_MATCH_AND_SEEMS_UNSERVED								POINT(11.457472 48.190315)
2917	München	Nederlinger Straße	de:09162:228:1:1	48.17053	11.509018		NO_MATCH_AND_SEEMS_UNSERVED								POINT(11.509018 48.17053)
2918	München	Nederlinger Straße	de:09162:228:2:2	48.17086	11.508784		NO_MATCH_AND_SEEMS_UNSERVED								POINT(11.508784 48.17086)
2919	München	Nederlinger Straße	de:09162:228:3:3	48.16944	11.510761		NO_MATCH_AND_SEEMS_UNSERVED								POINT(11.510761 48.16944)
2920	München	Nederlinger Straße	de:09162:228:4:4	48.171039	11.510976		NO_MATCH_AND_SEEMS_UNSERVED								POINT(11.510976 48.171039)
2921	München	Nederlinger Straße	de:09162:228:5:5	48.169374	11.510302	bus	MATCHED	w375853885	28.2	1.0	Nederlinger Straße	143,151,180,51	In den Kirschen	In den Kirschen	LINESTRING(11.510302 48.169374,11.510432026732417 48.169612225904295)
2922	München	Nederlinger Straße	de:09162:228:6:6	48.169542	11.511335	bus	MATCHED	w375853884	13.8	1.0	Nederlinger Straße	151,164,165,180	Mettenstraße	Mettenstraße	LINESTRING(11.511335 48.169542,11.51116255975358 48.16958689184673)
2923	München	Nederlinger Straße	de:09162:228:7:7	48.170356	11.511156	bus	MATCHED	w375853883	7.8	1.0	Nederlinger Straße	143	Amphionpark	Amphionpark	LINESTRING(11.511156 48.170356,11.511079092946352 48.1703086928181)
2924	München	Nederlinger Straße (West)	de:09162:239:1:1	48.17053	11.509018	bus	MATCHED	w327275036	7.8	1.0	Nederlinger Straße (West)	164,165,51	Nederlinger Straße / Nederlinger Straße	Nederlinger Straße	LINESTRING(11.509018 48.17053,11.508928550000002 48.1705662)
2925	München	Nederlinger Straße (West)	de:09162:239:2:2	48.17086	11.508784	bus	MATCHED	w394344134	24.2	1.0	Nederlinger Straße (West)	164,165,51,N78	Skagerrakstraße / Skagerrakstraße	Skagerrakstraße	LINESTRING(11.508784 48.17086,11.509057347055505 48.17074210125712)
2926	München	Nesselwanger Straße	de:09162:1355:3:NES 1	48.084703	11.490827	bus	MATCHED	w396706818	1.1	1.0	Nesselwanger Straße	134,N41	Forstenried	Forstenried	LINESTRING(11.490827 48.084703,11.490816960928251 48.084710555687536)
2927	München	Nesselwanger Straße	de:09162:1355:3:NES 2	48.084823	11.490836	bus	MATCHED	w396706820	1.2	1.0	Nesselwanger Straße	134,N41	Neurieder Straße	Neurieder Straße	LINESTRING(11.490836 48.084823,11.490849080560718 48.084816660244265)
2928	München	Nettelbeckstraße	de:09162:698:1:1	48.143318	11.639229	bus	MATCHED	w389517821	2.0	1.0	Nettelbeckstraße	185,E185	Hermann-Gmeiner-Weg / Posener Platz	Hermann-Gmeiner-Weg	LINESTRING(11.639229 48.143318,11.63923946078219 48.1433347475671)
2929	München	Nettelbeckstraße	de:09162:698:2:2	48.142748	11.638645	bus	MATCHED	w389517820	5.1	1.0	Nettelbeckstraße	185,E185	Friedrich-Eckart-Straße	Friedrich-Eckart-Straße	LINESTRING(11.638645 48.142748,11.638683100000002 48.14278660000001)
2930	München	Netzerstraße	de:09162:229:1:1	48.175263	11.507455		NO_MATCH_AND_SEEMS_UNSERVED								POINT(11.507455 48.175263)
2931	München	Netzerstraße	de:09162:229:2:2	48.176059	11.507015		NO_MATCH_AND_SEEMS_UNSERVED								POINT(11.507015 48.176059)
2932	München	Neuaubing	de:09162:1730:1:1	48.143683	11.423516		MATCHED	w379853794	5.2	1.0	Neuaubing Bahnhof	267,S5,S8	Freiham / Veldensteinstraße / Hohensteinstraße	Hohensteinstraße	LINESTRING(11.423516 48.143683,11.423489699892817 48.14372658305177)
2933	München	Neuaubing	de:09162:1730:1:2	48.14345	11.423444	train	MATCHED	w379853790	5.0	1.0	Neuaubing Bahnhof	S5,S8	Westkreuz	Veldensteinstraße	LINESTRING(11.423444 48.14345,11.423440156055362 48.143494508249645)
2934	München	Neuaubing	de:09162:1730:31:71	48.142706	11.422456		NO_MATCH_AND_SEEMS_UNSERVED								POINT(11.422456 48.142706)
2935	München	Neuaubing	de:09162:1730:3:3	48.142982	11.424208	bus	MATCHED	w379853791	7.3	1.0	Neuaubing Bahnhof	N80	Ehrenbürgstraße	Ehrenbürgstraße	LINESTRING(11.424208 48.142982,11.424116700591426 48.14295899398719)
2936	München	Neuaubing	de:09162:1730:41:81	48.141657	11.42198	trainish	MATCHED	n26510435	8.2	0.62	Neuaubing			Westkreuz	LINESTRING(11.42198 48.141657,11.422086700000001 48.141676200000006)
2937	München	Neuaubing	de:09162:1730:42:82	48.141747	11.422348	trainish	MATCHED	n616836533	20.6	0.41	Neuaubing			Freiham	LINESTRING(11.422348 48.141747,11.422076 48.141711900000004)
2938	München	Neuaubing	de:09162:1730:4:4	48.142724	11.423417	bus	MATCHED	w379853795	13.2	1.0	Neuaubing Bahnhof	N81	Überlinger Weg	Überlinger Weg	LINESTRING(11.423417 48.142724,11.423594650000002 48.14272745)
2939	München	Neuaubing	de:09162:1730:5:5	48.141633	11.423615		NO_MATCH_AND_SEEMS_UNSERVED								POINT(11.423615 48.141633)
2940	München	Neuaubing	de:09162:1730:6:6	48.141531	11.423777		NO_MATCH_AND_SEEMS_UNSERVED								POINT(11.423777 48.141531)
2941	München	Neuaubing Bf. /Limesstraße	de:09162:1776:1:1	48.143665	11.423525		NO_MATCH_AND_SEEMS_UNSERVED								POINT(11.423525 48.143665)
2942	München	Neuaubing Bf. /Limesstraße	de:09162:1776:1:2	48.143426	11.423462		NO_MATCH_AND_SEEMS_UNSERVED								POINT(11.423462 48.143426)
2943	München	Neuaubing Bf. /Limesstraße	de:09162:1776:3:3	48.142982	11.424172		NO_MATCH_AND_SEEMS_UNSERVED								POINT(11.424172 48.142982)
2944	München	Neuaubing Bf. /Limesstraße	de:09162:1776:4:4	48.142736	11.423444		NO_MATCH_AND_SEEMS_UNSERVED								POINT(11.423444 48.142736)
2945	München	Neuaubing West	de:09162:1726:1:1	48.152542	11.41023	bus	MATCHED	w375853886	9.7	1.0	Neuaubing West	143,157,57,N77	Kunreuthstraße / Aubing	Kunreuthstraße / Aubing Bahnhof	LINESTRING(11.41023 48.152542,11.410356172248543 48.15256479893718)
2946	München	Neuaubing West	de:09162:1726:2:2	48.152668	11.409269		NO_MATCH_AND_SEEMS_UNSERVED								POINT(11.409269 48.152668)
2947	München	Neuaubing West	de:09162:1726:31:71	48.149336	11.409808		NO_MATCH_AND_SEEMS_UNSERVED								POINT(11.409808 48.149336)
2948	München	Neuaubing West	de:09162:1726:3:3	48.15259	11.409853	bus	MATCHED	n8517716436	12.8	1.0	Neuaubing West	143,157,57,N77	Hörweg	Hörweg	LINESTRING(11.409853 48.15259,11.4100104 48.1526368)
2949	München	Neuaubing West	de:09162:1726:4:4	48.152752	11.409449		NO_MATCH_AND_SEEMS_UNSERVED								POINT(11.409449 48.152752)
2950	München	Neuaubing West	de:09162:1726:5:5	48.15271	11.409646		NO_MATCH_AND_SEEMS_UNSERVED								POINT(11.409646 48.15271)
2951	München	Neuer Südfriedhof	de:09162:1021:1:1	48.100975	11.622259	bus	MATCHED	w293224820	23.7	1.0	Neuer Südfriedhof	139	Anneliese-Fleyenschmidt-Straße	Anneliese-Fleyenschmidt-Straße	LINESTRING(11.622259 48.100975,11.622577150000003 48.100961500000004)
2952	München	Neuer Südfriedhof	de:09162:1021:2:2	48.100855	11.62305	bus	MATCHED	w392318291	34.3	1.0	Neuer Südfriedhof	139	Pfanzeltplatz	Pfanzeltplatz	LINESTRING(11.62305 48.100855,11.622590800000001 48.10087165)
2953	München	Neufreimann	de:09162:461:1:1	48.198393	11.598041	bus	MATCHED	n12176638126	14.3	0.49	Neufreimann	182	Werner-Egk-Bogen	Werner-Egk-Bogen	LINESTRING(11.598041 48.198393,11.598106000000001 48.198271600000005)
2954	München	Neuhausen	de:09162:204:1:1	48.156365	11.531574	tram	MATCHED	n1698366036	7.8	1.0	Neuhausen	12	Renatastraße	Renatastraße	LINESTRING(11.531574 48.156365,11.531470200000001 48.156356800000005)
2955	München	Neuhausen	de:09162:204:2:2	48.156323	11.531413	tram	MATCHED	n1698244867	12.7	1.0	Neuhausen	12	Volkartstraße	Volkartstraße	LINESTRING(11.531413 48.156323,11.5315638 48.1562696)
2956	München	Neuhausen	de:09162:204:32:72	48.156281	11.531233	bus	MATCHED	w483396732	6.4	1.0	Neuhausen	144	Rotkreuzplatz	Rotkreuzplatz	LINESTRING(11.531233 48.156281,11.531316696368007 48.15629354005831)
2957	München	Neuhausen	de:09162:204:3:3	48.157001	11.530488		NO_MATCH_AND_SEEMS_UNSERVED								POINT(11.530488 48.157001)
2958	München	Neuhausen	de:09162:204:4:4	48.156281	11.531233	bus	NO_MATCH_BUT_OTHER_PLATFORM_MATCHED					144	Rotkreuzplatz		POINT(11.531233 48.156281)
2959	München	Neuhausen	de:09162:204:71:71	48.156677	11.53064		NO_MATCH_AND_SEEMS_UNSERVED								POINT(11.53064 48.156677)
2960	München	Neuherbergstraße	de:09162:436:1:1	48.210061	11.587324	bus	MATCHED	w277106267	9.2	1.0	Neuherbergstraße	294,295	Neuherberg, FC Bayern Campus	Neuherberg, FC Bayern Campus	LINESTRING(11.587324 48.210061,11.587278026780629 48.209984207692315)
2961	München	Neuherbergstraße	de:09162:436:2:2	48.210564	11.586524	bus	MATCHED	w277106265	6.2	1.0	Neuherbergstraße	141,170	Rose-Pichler-Weg	Rose-Pichler-Weg	LINESTRING(11.586524 48.210564,11.5866032 48.21054530000001)
2962	München	Neuherbergstraße	de:09162:436:31:71	48.206392	11.580955		NO_MATCH_AND_SEEMS_UNSERVED								POINT(11.580955 48.206392)
2963	München	Neuherbergstraße	de:09162:436:3:3	48.210097	11.586866	bus	MATCHED	w277106266	10.7	1.0	Neuherbergstraße	141,170,294,295	Anton-Will-Straße	Anton-Will-Straße	LINESTRING(11.586866 48.210097,11.58689719755763 48.21000335838176)
2964	München	Neuhofen	de:09162:1151:1:1	48.107304	11.540162	bus	MATCHED	w390214607	25.0	1.0	Neuhofen	134	Heckenstallerstraße	Heckenstallerstraße	LINESTRING(11.540162 48.107304,11.540148203797765 48.10707921978027)
2965	München	Neuhofen	de:09162:1151:2:2	48.10701	11.53983	bus	MATCHED	w390214608	4.1	1.0	Neuhofen	134	Steinerstraße	Steinerstraße	LINESTRING(11.53983 48.10701,11.539842670338322 48.10704602758351)
2966	München	Neuhofen	de:09162:1151:31:71	48.107208	11.539659		NO_MATCH_AND_SEEMS_UNSERVED								POINT(11.539659 48.107208)
2967	München	Neumarkter Straße	de:09162:897:1:1	48.13125	11.627973	bus	MATCHED	n1289816977	2.3	1.0	Neumarkter Straße	190,191	Baumkirchner Platz	Baumkirchner Platz	LINESTRING(11.627973 48.13125,11.627965000000001 48.1312301)
2968	München	Neumarkter Straße	de:09162:897:2:2	48.131322	11.628134	bus	MATCHED	n1289817018	0.7	1.0	Neumarkter Straße	190,191	Schlüsselbergstraße	Schlüsselbergstraße	LINESTRING(11.628134 48.131322,11.6281291 48.1313168)
2969	München	Neumarkter Straße	de:09162:897:71:71	48.130788	11.631997		NO_MATCH_AND_SEEMS_UNSERVED								POINT(11.631997 48.130788)
2970	München	Neumarkter Straße	de:09162:897:99:72	48.131274	11.628072		NO_MATCH_AND_SEEMS_UNSERVED								POINT(11.628072 48.131274)
2971	München	Neunkirchner Straße	de:09162:1162:1:1	48.093014	11.54027	bus	MATCHED	w376756322	2.2	1.0	Neunkirchner Straße	134	Rupert-Mayer-Straße	Rupert-Mayer-Straße	LINESTRING(11.54027 48.093014,11.5402865 48.09299789999999)
2972	München	Neunkirchner Straße	de:09162:1162:2:2	48.092486	11.539722	bus	MATCHED	w376756325	2.8	1.0	Neunkirchner Straße	134	Wolfratshauser Straße	Wolfratshauser Straße	LINESTRING(11.539722 48.092486,11.53970130432177 48.09246448642893)
2973	München	Neuperlach Süd	de:09162:1010:1:1	48.089048	11.644547	bus	MATCHED	w387329451	8.0	1.0	Neuperlach Süd	210	Neubiberg, W.-Heisenberg-W.		LINESTRING(11.644547 48.089048,11.644473852744358 48.08910100034666)
2974	München	Neuperlach Süd	de:09162:1010:2:2	48.089906	11.644601	bus	MATCHED	w387329446	3.7	1.0	Neuperlach Süd	222,453,455,4900	Neubiberg, W.-Heisenberg-W. / Putzbrunn, Brennerei / Otto-Hahn-Ring	Otto-Hahn-Ring	LINESTRING(11.644601 48.089906,11.644555820507161 48.089893158540185)
2975	München	Neuperlach Süd	de:09162:1010:3:3	48.08975	11.644304	bus	MATCHED	w387329453	6.9	1.0	Neuperlach Süd	195,196,199,N79	Putzbrunner Straße / Otto-Hahn-Ring	Putzbrunner Straße / Otto-Hahn-Ring	LINESTRING(11.644304 48.08975,11.644219899129096 48.08972336988434)
2976	München	Neuperlach Süd	de:09162:1010:4:4	48.089612	11.644762	bus	MATCHED	w387329447	4.7	1.0	Neuperlach Süd	195,196,199,211,212,229,N79	Neubiberg, W.-Heisenberg-W. / Curd-Jürgens-Straße		LINESTRING(11.644762 48.089612,11.64477379233514 48.08957030240263)
2977	München	Neuperlach Süd	de:09162:1010:51:51	48.08897	11.64514	light_rail	MATCHED	n2476467536	2.8	0.82	Neuperlach Süd	U5	Therese-Giehse-Allee		LINESTRING(11.64514 48.08897,11.645129800000001 48.0889456)
2978	München	Neuperlach Süd	de:09162:1010:52:52	48.088934	11.645059	light_rail	MATCHED	n28179394	2.7	0.83	Neuperlach Süd	U5			LINESTRING(11.645059 48.088934,11.645083300000001 48.0889165)
2979	München	Neuperlach Süd	de:09162:1010:52:81	48.088898	11.644996	trainish	NO_MATCH_AND_SEEMS_UNSERVED								POINT(11.644996 48.088898)
2980	München	Neuperlach Süd	de:09162:1010:52:83	48.088898	11.644996	train	MATCHED	n99185841	5.7	0.7	Neuperlach Süd	S5	Neubiberg / Perlach / Perlach / Neubiberg	Perlach / Neubiberg	LINESTRING(11.644996 48.088898,11.6449733 48.0888488)
2981	München	Neuperlach Süd	de:09162:1010:5:5	48.08948	11.644079		MATCHED	w387329452	4.2	1.0	Neuperlach Süd				LINESTRING(11.644079 48.08948,11.644094150600646 48.089443501226576)
2982	München	Neuperlach Süd	de:09162:1010:6:6	48.0893	11.644277		MATCHED	w1075581238	4.0	1.0	Neuperlach Süd				LINESTRING(11.644277 48.0893,11.644292138794956 48.08926533111491)
2983	München	Neuperlach Süd	de:09162:1010:7:7	48.089186	11.644789	bus	MATCHED	w387329448	7.2	1.0	Neuperlach Süd	199,217	Neubiberg, Universität Bw-Ost	Universität Bw-Ost	LINESTRING(11.644789 48.089186,11.644741225384045 48.08912988258917)
2984	München	Neuperlach Süd	de:09162:1010:8:8	48.089816	11.644744		MATCHED	w387329449	4.6	1.0	Neuperlach Süd			Werner-Heisenberg-Weg	LINESTRING(11.644744 48.089816,11.644742286124563 48.089774216828424)
2985	München	Neuperlach Süd	de:09162:1010:9:9	48.089306	11.644053		NO_MATCH_AND_SEEMS_UNSERVED								POINT(11.644053 48.089306)
2986	München	Neuperlach Zentrum	de:09162:1030:1:11	48.101041	11.647403	bus	MATCHED	w250327758	1.7	0.89	Neuperlach Zentrum	192,196,197,198,55	Kafkastraße	Kafkastraße	LINESTRING(11.647403 48.101041,11.64739149713808 48.101027389991984)
2987	München	Neuperlach Zentrum	de:09162:1030:1:12	48.101119	11.646972	bus	MATCHED	w414695756	6.0	1.0	Neuperlach Zentrum	139,192,199	Neuperlach Zentrum / Neuperlach Zentrum / Neuperlach Zentrum	Neuperlach Zentrum	LINESTRING(11.646972 48.101119,11.646891364720378 48.101121180728086)
2988	München	Neuperlach Zentrum	de:09162:1030:1:4	48.101017	11.646846	bus	MATCHED	w250327761	1.0	1.0	Neuperlach Zentrum	55	Thomas-Dehler-Straße	Thomas-Dehler-Straße	LINESTRING(11.646846 48.101017,11.646859823273397 48.10101554554426)
2989	München	Neuperlach Zentrum	de:09162:1030:1:5	48.100939	11.647367	bus	MATCHED	w250327759	0.7	0.93	Neuperlach Zentrum	139,196,197,198	Schumacherring / Jakob-Kaiser-Straße	Schumacherring / Jakob-Kaiser-Straße	LINESTRING(11.647367 48.100939,11.647358137638287 48.100939452813705)
2990	München	Neuperlach Zentrum	de:09162:1030:2:10	48.100957	11.647861	bus	MATCHED	w250327760	1.8	1.0	Neuperlach Zentrum	192,197	Kafkastraße	Kafkastraße	LINESTRING(11.647861 48.100957,11.647872918500248 48.10094303775081)
2991	München	Neuperlach Zentrum	de:09162:1030:2:2	48.100861	11.647825	bus	MATCHED	w414695758	1.2	1.0	Neuperlach Zentrum	139,192,197,198,199,N79	Siegfried-Mollier-Straße	Siegfried-Mollier-Straße	LINESTRING(11.647825 48.100861,11.647837339637125 48.100854343490475)
2992	München	Neuperlach Zentrum	de:09162:1030:2:6	48.100771	11.648266		MATCHED	w250327757	1.9	0.78	Neuperlach Zentrum				LINESTRING(11.648266 48.100771,11.648244855206803 48.10078073534735)
2993	München	Neuperlach Zentrum	de:09162:1030:2:9	48.100879	11.64832	bus	MATCHED	w414695757	3.0	1.0	Neuperlach Zentrum	199,N79	Putzbrunner Straße	Putzbrunner Straße	LINESTRING(11.64832 48.100879,11.648282769478852 48.10086927052647)
2994	München	Neuperlach Zentrum	de:09162:1030:31:71	48.100117	11.645562		NO_MATCH_AND_SEEMS_UNSERVED								POINT(11.645562 48.100117)
2995	München	Neuperlach Zentrum	de:09162:1030:31:72	48.100393	11.645678		NO_MATCH_AND_SEEMS_UNSERVED								POINT(11.645678 48.100393)
2996	München	Neuperlach Zentrum	de:09162:1030:31:73	48.100681	11.645795		NO_MATCH_AND_SEEMS_UNSERVED								POINT(11.645795 48.100681)
2997	München	Neuperlach Zentrum	de:09162:1030:34:74	48.100651	11.646074		NO_MATCH_AND_SEEMS_UNSERVED								POINT(11.646074 48.100651)
2998	München	Neuperlach Zentrum	de:09162:1030:34:75	48.100339	11.645948		NO_MATCH_AND_SEEMS_UNSERVED								POINT(11.645948 48.100339)
2999	München	Neuperlach Zentrum	de:09162:1030:34:76	48.100075	11.645831		NO_MATCH_AND_SEEMS_UNSERVED								POINT(11.645831 48.100075)
3000	München	Neuperlach Zentrum	de:09162:1030:3:1	48.101203	11.646155		NO_MATCH_AND_SEEMS_UNSERVED								POINT(11.646155 48.101203)
3001	München	Neuperlach Zentrum	de:09162:1030:3:13	48.101203	11.646155		NO_MATCH_AND_SEEMS_UNSERVED								POINT(11.646155 48.101203)
3002	München	Neuperlach Zentrum	de:09162:1030:3:14	48.101203	11.646155		NO_MATCH_AND_SEEMS_UNSERVED								POINT(11.646155 48.101203)
3003	München	Neuperlach Zentrum	de:09162:1030:3:3	48.101203	11.646155		NO_MATCH_AND_SEEMS_UNSERVED								POINT(11.646155 48.101203)
3004	München	Neuperlach Zentrum	de:09162:1030:3:7	48.101203	11.646155		NO_MATCH_AND_SEEMS_UNSERVED								POINT(11.646155 48.101203)
3005	München	Neuperlach Zentrum	de:09162:1030:3:8	48.101203	11.646155		NO_MATCH_AND_SEEMS_UNSERVED								POINT(11.646155 48.101203)
3006	München	Neuperlach Zentrum	de:09162:1030:51:51	48.101185	11.646226	light_rail	MATCHED	n894671549	4.4	0.75	Neuperlach Zentrum	U5,U8	Quiddestraße		LINESTRING(11.646226 48.101185,11.6462771 48.101165200000004)
3007	München	Neuperlach Zentrum	de:09162:1030:51:52	48.101215	11.646101	light_rail	MATCHED	n894671538	2.2	0.86	Neuperlach Zentrum	U5,U8	Therese-Giehse-Allee		LINESTRING(11.646101 48.101215,11.6460813 48.1012008)
3008	München	Neurieder Straße	de:09162:1416:1:1	48.086917	11.485473	bus	MATCHED	w396706827	1.2	1.0	Neurieder Straße	134,N41	Fürstenried West / Fürstenried West	Fürstenried West (U)	LINESTRING(11.485473 48.086917,11.485476971267126 48.08692757989611)
3009	München	Neurieder Straße	de:09162:1416:2:2	48.086731	11.48532	bus	MATCHED	w396706823	0.2	1.0	Neurieder Straße	134,N41	Nesselwanger Straße	Roche West / Nesselwanger Straße	LINESTRING(11.48532 48.086731,11.485322223723099 48.08673202894233)
3010	München	Neurieder Straße	de:09162:1416:31:71	48.086839	11.485419		NO_MATCH_AND_SEEMS_UNSERVED								POINT(11.485419 48.086839)
3011	München	Neurieder Straße	de:09162:1416:31:72	48.086839	11.485419		NO_MATCH_AND_SEEMS_UNSERVED								POINT(11.485419 48.086839)
3012	München	Nikolaus-Prugger-Weg	de:09162:928:1:1	48.120109	11.676581	bus	MATCHED	n1283838773	2.0	1.0	Nikolaus-Prugger-Weg	185,192,E185	Friedenspromenade	Friedenspromenade	LINESTRING(11.676581 48.120109,11.6765574 48.1201001)
3013	München	Nikolaus-Prugger-Weg	de:09162:928:2:2	48.119911	11.676976	bus	MATCHED	n1283838772	2.2	1.0	Nikolaus-Prugger-Weg	185,192,E185	Schmuckerweg	Schmuckerweg	LINESTRING(11.676976 48.119911,11.6769558 48.11989680000001)
3014	München	Nikolaus-Prugger-Weg	de:09162:928:3:3	48.119323	11.677398	bus	MATCHED	n673714795	1.0	1.0	Nikolaus-Prugger-Weg	193	Friedenspromenade	Friedenspromenade	LINESTRING(11.677398 48.119323,11.6773866 48.1193186)
3015	München	Nikolaus-Prugger-Weg	de:09162:928:4:4	48.119587	11.676248	bus	MATCHED	n673714794	4.6	1.0	Nikolaus-Prugger-Weg	193	Kulturzentrum Trudering	Kulturzentrum Trudering	LINESTRING(11.676248 48.119587,11.6762905 48.1196173)
3016	München	Nordbad	de:09162:34:1:1	48.161033	11.562584		MATCHED_AMBIGUOUSLY	n1698244876	8.7	1.0	Nordbad	12,53,59,N44	Barbarastraße	Barbarastraße	LINESTRING(11.562584 48.161033,11.562468500000001 48.161022100000004)
3017	München	Nordbad	de:09162:34:1:1	48.161033	11.562584		MATCHED_AMBIGUOUSLY	w142773157	10.9	1.0	Nordbad	12,53,59,N44	Barbarastraße	Barbarastraße	LINESTRING(11.562584 48.161033,11.56272979037753 48.16102110096502)
3018	München	Nordbad	de:09162:34:2:2	48.160878	11.564318		MATCHED_AMBIGUOUSLY	n401253916	16.6	1.0	Nordbad	12,27,53,59,N27,N43	Hohenzollernplatz	Hohenzollernplatz	LINESTRING(11.564318 48.160878,11.564539900000002 48.160896300000005)
3019	München	Nordbad	de:09162:34:2:2	48.160878	11.564318		MATCHED_AMBIGUOUSLY	w142773158	9.2	1.0	Nordbad	12,27,53,59,N27,N43	Hohenzollernplatz	Hohenzollernplatz	LINESTRING(11.564318 48.160878,11.56419491403699 48.16086749838316)
3020	München	Nordbad	de:09162:34:31:71	48.160956	11.564138		NO_MATCH_AND_SEEMS_UNSERVED								POINT(11.564138 48.160956)
3021	München	Nordbad	de:09162:34:32:72	48.160494	11.563096		MATCHED	n3207960565	50.5	0.16	Nordbad				LINESTRING(11.563096 48.160494,11.5629632 48.1609393)
3022	München	Nordbad	de:09162:34:33:73	48.160039	11.562126		NO_MATCH_AND_SEEMS_UNSERVED								POINT(11.562126 48.160039)
3023	München	Nordbad	de:09162:34:34:74	48.160266	11.563438		NO_MATCH_AND_SEEMS_UNSERVED								POINT(11.563438 48.160266)
3024	München	Nordbad	de:09162:34:35:75	48.161297	11.563671		NO_MATCH_AND_SEEMS_UNSERVED								POINT(11.563671 48.161297)
3025	München	Nordbad	de:09162:34:36:76	48.159853	11.563644		NO_MATCH_AND_SEEMS_UNSERVED								POINT(11.563644 48.159853)
3026	München	Nordbad	de:09162:34:3:3	48.161375	11.563608	tram	MATCHED	n202832670	15.6	1.0	Nordbad	27,N27	Herzogstraße	Herzogstraße	LINESTRING(11.563608 48.161375,11.5635995 48.161515)
3027	München	Nordbad	de:09162:34:4:4	48.160872	11.562881	bus	MATCHED	w372196300	14.5	1.0	Nordbad	154	Winzererstraße	Winzererstraße	LINESTRING(11.562881 48.160872,11.562688934814453 48.16089154681851)
3028	München	Nordendstraße	de:09162:48:2:NOE 1	48.154903	11.575484		MATCHED	n1680052324	4.6	0.65	Nordendstraße			Elisabethplatz	LINESTRING(11.575484 48.154903,11.575424 48.154911000000006)
3029	München	Nordendstraße	de:09162:48:2:NOE 2	48.154825	11.575358		MATCHED	n3207961961	4.5	0.65	Nordendstraße				LINESTRING(11.575358 48.154825,11.575418 48.1548207)
3030	München	Nordfriedhof	de:09162:520:1:1	48.173016	11.59672		MATCHED	n448465137	68.7	0.08	München Nord / Schwabing			München Hauptbahnhof	LINESTRING(11.59672 48.173016,11.597640400000001 48.173071300000004)
3031	München	Nordfriedhof	de:09162:520:2:2	48.172249	11.596424		NO_MATCH_AND_SEEMS_UNSERVED								POINT(11.596424 48.172249)
3032	München	Nordfriedhof	de:09162:520:3:3	48.174107	11.598337	bus	MATCHED	n5970440167	2.6	1.0	Nordfriedhof	150	Alte Heide	Alte Heide (U)	LINESTRING(11.598337 48.174107,11.5983599 48.1741248)
3033	München	Nordfriedhof	de:09162:520:51:51	48.17307	11.596954	light_rail	MATCHED	n1615790329	10.7	0.56	Nordfriedhof	U3,U6	Dietlindenstraße / Alte Heide		LINESTRING(11.596954 48.17307,11.596930200000001 48.1731653)
3034	München	Nordfriedhof	de:09162:520:52:52	48.173118	11.596855	light_rail	MATCHED	n1615790330	9.2	0.59	Nordfriedhof	U6	Alte Heide / Dietlindenstraße		LINESTRING(11.596855 48.173118,11.596972200000002 48.173143100000004)
3035	München	Nordfriedhof	de:09162:520:8:8	48.173699	11.597888	bus	MATCHED	n448465136	2.6	0.55	München Nord / Schwabing	Lufthansa Express Bus	Flughafen, Terminal 2		LINESTRING(11.597888 48.173699,11.597906100000001 48.1736787)
3036	München	Nordfriedhof	de:09162:520:9:9	48.173064	11.597637	bus	MATCHED	n5970440163	7.1	1.0	Nordfriedhof	150,Lufthansa Express Bus	Herzogpark / München Hbf	Herzogpark	LINESTRING(11.597637 48.173064,11.597726900000001 48.1730413)
3037	München	Novak	de:09162:20014:0:NOVA1	48.203919	11.457212		NO_MATCH_AND_SEEMS_UNSERVED								POINT(11.457212 48.203919)
3038	München	Novak	de:09162:20014:0:NOVA2	48.203913	11.457248		NO_MATCH_AND_SEEMS_UNSERVED								POINT(11.457248 48.203913)
3039	München	Nusselstraße	de:09162:1841:3:NUE 1	48.150055	11.469204	bus	MATCHED	w379853797	3.5	1.0	Nusselstraße	161,162,N77	Josef-Lang-Straße	Josef-Lang-Straße	LINESTRING(11.469204 48.150055,11.469158779614016 48.150047348100124)
3040	München	Nusselstraße	de:09162:1841:3:NUE 2	48.150163	11.469124	bus	MATCHED	w379853796	3.0	1.0	Nusselstraße	161,162,N77	Pasing Bf. Nord / Offenbachstraße	Offenbachstraße / Pasing Bahnhof Nord	LINESTRING(11.469124 48.150163,11.46915763141138 48.15014852331715)
3041	München	Nymphenburg Süd	de:09162:157:1:1	48.146363	11.50246	bus	MATCHED	w377989562	4.2	1.0	Nymphenburg Süd	168	Laim	Laim Bahnhof	LINESTRING(11.50246 48.146363,11.502428000000002 48.14639375000001)
3042	München	Nymphenburg Süd	de:09162:157:2:2	48.146776	11.50246		NO_MATCH_AND_SEEMS_UNSERVED								POINT(11.50246 48.146776)
3043	München	Nymphenburg Süd	de:09162:157:31:71	48.147424	11.503403		NO_MATCH_AND_SEEMS_UNSERVED								POINT(11.503403 48.147424)
3044	München	Nymphenburg Süd	de:09162:157:32:72	48.1474	11.503161		NO_MATCH_AND_SEEMS_UNSERVED								POINT(11.503161 48.1474)
3045	München	Nymphenburger Straße	de:09162:8003:31:71	48.14858	11.552622		NO_MATCH_AND_SEEMS_UNSERVED								POINT(11.552622 48.14858)
3046	München	Nymphenburger Straße	de:09162:8003:32:72	48.148742	11.552766		NO_MATCH_AND_SEEMS_UNSERVED								POINT(11.552766 48.148742)
3047	München	Oberföhring Post	de:09162:626:1:1	48.172303	11.627155	bus	MATCHED	w386838134	1.8	1.0	Oberföhring Post	188,189	Bernheimerstraße	Bernheimer Straße	LINESTRING(11.627155 48.172303,11.62716989700436 48.17231620984416)
3048	München	Oberföhring Post	de:09162:626:2:2	48.17183	11.626203	bus	MATCHED	w386838135	2.4	1.0	Oberföhring Post	188,189	Muspillistraße	Muspillistraße	LINESTRING(11.626203 48.17183,11.626179049110782 48.17181566838838)
3049	München	Oberföhring Post	de:09162:626:3:3	48.171776	11.62641		NO_MATCH_AND_SEEMS_UNSERVED								POINT(11.62641 48.171776)
3050	München	Oberhofer Platz	de:09162:416:1:1	48.187697	11.575799	bus	MATCHED	w372415498	5.3	1.0	Oberhofer Platz	177	Frankfurter Ring	Frankfurter Ring (U)	LINESTRING(11.575799 48.187697,11.575870332158607 48.18769871248603)
3051	München	Oberhofer Platz	de:09162:416:2:2	48.187512	11.57587	bus	MATCHED	w372415497	3.8	1.0	Oberhofer Platz	177	Ingolstädter Straße	Ingolstädter Straße	LINESTRING(11.57587 48.187512,11.575818786799363 48.187514905464376)
3052	München	Oberhofer Weg	de:09162:757:1:1	48.192363	11.574882	bus	MATCHED	w526500476	5.0	1.0	Oberhofer Weg	178	Knorrstraße	Knorrstraße	LINESTRING(11.574882 48.192363,11.574939400000005 48.1923865)
3053	München	Oberhofer Weg	de:09162:757:1:2	48.192309	11.575008	bus	MATCHED	w526500475	13.3	1.0	Oberhofer Weg	178	Hufelandstraße	Hufelandstraße	LINESTRING(11.575008 48.192309,11.57484197670068 48.19226509923022)
3054	München	Obermenzing	de:09162:1900:1:1	48.164269	11.478682	bus	MATCHED	w375853904	16.7	1.0	Obermenzing Bahnhof	143,158,162,180	Frauendorferstraße / Sarasatestraße	Frauendorferstraße / Sarasatestraße	LINESTRING(11.478682 48.164269,11.4784587 48.16428525)
3055	München	Obermenzing	de:09162:1900:2:2	48.164107	11.478682	bus	MATCHED	w375853887	1.4	1.0	Obermenzing Bahnhof	143,158,162,180,N78	Lustheimstraße	Lustheimstraße	LINESTRING(11.478682 48.164107,11.478685879248204 48.16409505088646)
3056	München	Obermenzing	de:09162:1900:41:81	48.164257	11.477927	train	MATCHED	n1460254910	5.6	0.8	Obermenzing	S2	Heimeranplatz / Heimeranplatz / Laim	Laim	LINESTRING(11.477927 48.164257,11.4779449 48.1642081)
3057	München	Obermenzing	de:09162:1900:41:82	48.164281	11.47808	train	MATCHED	n27237618	8.0	0.74	Obermenzing	S2	Untermenzing	Untermenzing	LINESTRING(11.47808 48.164281,11.478102000000002 48.16421020000001)
3058	München	Obernzeller Straße	de:09162:1054:3:OBZ 1	48.092852	11.609926	bus	MATCHED	w392177026	1.9	0.88	Obernzeller Straße	145	Görzer Straße	Görzer Straße	LINESTRING(11.609926 48.092852,11.609930594771242 48.09286895605786)
3059	München	Obernzeller Straße	de:09162:1054:3:OBZ 2	48.092708	11.609728	bus	MATCHED	w392177025	1.2	0.91	Obernzeller Straße	145,N75	Fasangartenstraße	Fasangartenstraße	LINESTRING(11.609728 48.092708,11.609743 48.09271190000001)
3060	München	Obersendling	de:09162:1450:1:1	48.098474	11.537926	bus	MATCHED	w376756328	1.7	1.0	Obersendling	134,136	Siemenswerke / Rupert-Mayer-Straße	Rupert-Mayer-Straße / Siemenswerke	LINESTRING(11.537926 48.098474,11.537936649716231 48.098487048059994)
3061	München	Obersendling	de:09162:1450:1:2	48.098726	11.53815		NO_MATCH_AND_SEEMS_UNSERVED								POINT(11.53815 48.098726)
3062	München	Obersendling	de:09162:1450:4:4	48.098402	11.538105	bus	MATCHED	w376756331	8.3	1.0	Obersendling	134,136	Tölzer Straße / Tölzer Straße	Tölzer Straße	LINESTRING(11.538105 48.098402,11.538078871754388 48.09832947601613)
3063	München	Obersendling	de:09162:1450:51:51	48.09812	11.535572	light_rail	MATCHED	n2645995996	29.0	0.34	Obersendling	U3	Thalkirchen (Tierpark) / Aidenbachstraße		LINESTRING(11.535572 48.09812,11.5359539 48.098170800000005)
3064	München	Obersendling	de:09162:1450:51:52	48.098228	11.535554	light_rail	MATCHED	n2645996006	28.5	0.34	Obersendling	U3	Aidenbachstraße		LINESTRING(11.535554 48.098228,11.5359239 48.0982919)
3065	München	Oberwiesenfeld	de:09162:380:1:1	48.186068	11.545759	bus	MATCHED	w256979937	3.4	1.0	Oberwiesenfeld (U)	50,X35,X36	Lerchenauer Straße / Anhalter Platz	Lerchenauer Straße / Anhalter Platz	LINESTRING(11.545759 48.186068,11.545713435648606 48.18606787752052)
3066	München	Oberwiesenfeld	de:09162:380:2:2	48.186308	11.545687	bus	MATCHED	w256979938	3.0	1.0	Oberwiesenfeld (U)	50,X35,X36	Olympia-Einkaufszentrum West / Olympiapark Nord	Olympia-Einkaufszentrum West (U) / Olympiapark Nord	LINESTRING(11.545687 48.186308,11.545725999999993 48.1863002)
3067	München	Oberwiesenfeld	de:09162:380:51:51	48.186038	11.547654	light_rail	MATCHED	n2625984292	10.5	0.56	Oberwiesenfeld	U3	Olympia-Einkaufszentrum		LINESTRING(11.547654 48.186038,11.5476174 48.1859468)
3068	München	Oberwiesenfeld	de:09162:380:51:52	48.185973	11.547645	light_rail	MATCHED	n2625984318	11.2	0.55	Oberwiesenfeld	U3	Olympiazentrum		LINESTRING(11.547645 48.185973,11.547620400000001 48.1860724)
3069	München	Odeonsplatz	de:09162:60:19:74	48.143426	11.577766		NO_MATCH_AND_SEEMS_UNSERVED								POINT(11.577766 48.143426)
3070	München	Odeonsplatz	de:09162:60:19:75	48.143677	11.577883		NO_MATCH_AND_SEEMS_UNSERVED								POINT(11.577883 48.143677)
3071	München	Odeonsplatz	de:09162:60:19:76	48.143971	11.578026		NO_MATCH_AND_SEEMS_UNSERVED								POINT(11.578026 48.143971)
3072	München	Odeonsplatz	de:09162:60:19:77	48.144229	11.578161		NO_MATCH_AND_SEEMS_UNSERVED								POINT(11.578161 48.144229)
3073	München	Odeonsplatz	de:09162:60:1:1	48.14309	11.577981	bus	MATCHED	w373507756	1.3	1.0	Odeonsplatz	100,153,N40,N41,N45	Von-der-Tann-Straße / Von-der-Tann-Straße	Von-der-Tann-Straße	LINESTRING(11.577981 48.14309,11.577973004117776 48.14307937021286)
3074	München	Odeonsplatz	de:09162:60:2:2	48.142838	11.577892		MATCHED	n10786991084	4.4	1.0	Odeonsplatz				LINESTRING(11.577892 48.142838,11.5779168 48.1428742)
3075	München	Odeonsplatz	de:09162:60:31:78	48.144517	11.578269		NO_MATCH_AND_SEEMS_UNSERVED								POINT(11.578269 48.144517)
3076	München	Odeonsplatz	de:09162:60:3:3	48.143018	11.577658	bus	MATCHED	w373507751	3.7	1.0	Odeonsplatz	100,N40,N41,N45	Brienner Straße / Maximiliansplatz	Brienner Straße / Maximiliansplatz	LINESTRING(11.577658 48.143018,11.577615620434292 48.14303459614166)
3077	München	Odeonsplatz	de:09162:60:51:51	48.143384	11.578107	light_rail	MATCHED	n2562202545	7.8	0.63	Odeonsplatz	U3,U6	Universität		LINESTRING(11.578107 48.143384,11.5781196 48.143314100000005)
3078	München	Odeonsplatz	de:09162:60:51:52	48.143414	11.577937	light_rail	MATCHED	n2562202546	8.0	0.63	Odeonsplatz	U3,U6	Marienplatz / Universität		LINESTRING(11.577937 48.143414,11.577924600000001 48.1433429)
3079	München	Odeonsplatz	de:09162:60:53:53	48.142922	11.5764	light_rail	MATCHED	n928661369	4.9	0.73	Odeonsplatz	U4,U5	Karlsplatz (Stachus) / Karlsplatz (Stachus)		LINESTRING(11.5764 48.142922,11.576431000000001 48.1429605)
3080	München	Odeonsplatz	de:09162:60:54:54	48.142718	11.57632	light_rail	MATCHED	n2535330555	1.9	0.87	Odeonsplatz	U4,U5	Lehel		LINESTRING(11.57632 48.142718,11.576337500000001 48.142730300000004)
3081	München	Odinpark	de:09162:615:1:1	48.158055	11.619205	bus	MATCHED	w400510319	2.9	1.0	Odinpark	187	Arabellastraße		LINESTRING(11.619205 48.158055,11.619213150000004 48.1580291)
3082	München	Odinpark	de:09162:615:2:2	48.158001	11.619555	bus	MATCHED	w400510318	9.2	1.0	Odinpark	187	Priel		LINESTRING(11.619555 48.158001,11.619478033690855 48.157935961060424)
3083	München	Odinstraße	de:09162:622:1:1	48.158373	11.616061	bus	MATCHED	w386838136	3.6	1.0	Odinstraße	188,189	Wahnfriedallee	Wahnfriedallee	LINESTRING(11.616061 48.158373,11.61603241488314 48.15834644455014)
3084	München	Odinstraße	de:09162:622:2:2	48.159026	11.616447	bus	MATCHED	w386838137	2.1	1.0	Odinstraße	188,189	Mahirstraße	Mahirstraße	LINESTRING(11.616447 48.159026,11.616473973738149 48.15902050469252)
3085	München	Odinstraße	de:09162:622:3:3	48.158738	11.616456		NO_MATCH_AND_SEEMS_UNSERVED								POINT(11.616456 48.158738)
3086	München	Offenbachstr Süd	de:09162:1615:31:71	48.14282	11.463761		NO_MATCH_AND_SEEMS_UNSERVED								POINT(11.463761 48.14282)
3087	München	Offenbachstraße	de:09162:1618:2:1	48.146087	11.465746	tram	MATCHED	n1214219385	15.3	0.49	Offenbachstraße	14,19,N19	Am Knie	Am Knie	LINESTRING(11.465746 48.146087,11.465951200000001 48.146085600000006)
3088	München	Offenbachstraße	de:09162:1618:2:2	48.146177	11.465656	tram	MATCHED	n1214219362	6.4	0.67	Offenbachstraße	14,19,N19	Rathaus Pasing	Rathaus Pasing	LINESTRING(11.465656 48.146177,11.4657247 48.146142700000006)
3089	München	Offenbachstraße	de:09162:1618:31:21	48.146183	11.46465		NO_MATCH_AND_SEEMS_UNSERVED								POINT(11.46465 48.146183)
3090	München	Offenbachstraße	de:09162:1618:3:3	48.146399	11.464776	bus	MATCHED	n3831997674	8.1	0.71	Offenbachstraße	130,157,160,162,N77	Rathaus Pasing	Rathaus Pasing	LINESTRING(11.464776 48.146399,11.464669200000001 48.146383500000006)
3091	München	Offenbachstraße	de:09162:1618:4:4	48.146626	11.465539	bus	MATCHED	n2571836370	15.4	0.6	Offenbachstraße	160,162,N77	Nusselstraße / Pasing Bf. Nord	Nusselstraße / Pasing Bahnhof Nord	LINESTRING(11.465539 48.146626,11.4655587 48.1467643)
3092	München	Offenbachstraße	de:09162:1618:5:5	48.146015	11.465719	bus	MATCHED	n3831997571	31.6	0.47	Offenbachstraße	130,157	Am Knie	Am Knie	LINESTRING(11.465719 48.146015,11.466139400000001 48.1459732)
3093	München	Ohlauer Straße	de:09162:1942:3:OHL 1	48.183643	11.501014	bus	MATCHED	w379853800	2.0	1.0	Ohlauer Straße	163	Donauwörther Straße	Donauwörther Straße	LINESTRING(11.501014 48.183643,11.501015380893511 48.18362507171153)
3094	München	Ohlauer Straße	de:09162:1942:3:OHL 2	48.183505	11.501014	bus	MATCHED	w379853801	0.4	1.0	Ohlauer Straße	169	Moosach / Moosach	Moosach Bahnhof	LINESTRING(11.501014 48.183505,11.501019163625594 48.183504626614706)
3095	München	Olschewskibogen	de:09162:399:1:1	48.200255	11.558937	bus	MATCHED	w384211902	1.9	1.0	Olschewskibogen	179	Augustin-Rösch-Straße	Augustin-Rösch-Straße	LINESTRING(11.558937 48.200255,11.558922823129047 48.20024112758193)
3096	München	Olympia-Einkaufszentrum	de:09162:360:1:1	48.182139	11.529113	bus	MATCHED	w248446289	1.5	1.0	Olympia-Einkaufszentrum	143,175,N71	Claudiusplatz	Claudiusplatz	LINESTRING(11.529113 48.182139,11.529122908525153 48.18212756717038)
3097	München	Olympia-Einkaufszentrum	de:09162:360:2:2	48.182451	11.530173	bus	MATCHED	w248446286	10.8	1.0	Olympia-Einkaufszentrum	143,163,175,50,60,N76	Olympia-Einkaufszentrum West	Olympia-Einkaufszentrum West (U)	LINESTRING(11.530173 48.182451,11.530262673691032 48.18252742767697)
3098	München	Olympia-Einkaufszentrum	de:09162:360:3:3	48.18202	11.530371	bus	MATCHED	w248446288	4.9	1.0	Olympia-Einkaufszentrum	143,163,50,60	Dessauerstraße	Dessauerstraße	LINESTRING(11.530371 48.18202,11.53043719999999 48.182019050000015)
3099	München	Olympia-Einkaufszentrum	de:09162:360:4:4	48.181762	11.529185	bus	MATCHED	w248446284	7.9	1.0	Olympia-Einkaufszentrum	143,175,60,N76	Riesstraße Süd / Georg-Brauchle-Ring	Riesstraße Süd / Georg-Brauchle-Ring	LINESTRING(11.529185 48.181762,11.529219404890027 48.18169504072092)
3100	München	Olympia-Einkaufszentrum	de:09162:360:51:51	48.182595	11.530245	light_rail	MATCHED	n2552438501	26.0	0.36	Olympia-Einkaufszentrum	U1,U7			LINESTRING(11.530245 48.182595,11.5302954 48.1828268)
3101	München	Olympia-Einkaufszentrum	de:09162:360:52:52	48.182636	11.530137	light_rail	MATCHED	n2552438497	24.7	0.37	Olympia-Einkaufszentrum	U1,U7	Georg-Brauchle-Ring		LINESTRING(11.530137 48.182636,11.530340200000001 48.1828121)
3102	München	Olympia-Einkaufszentrum	de:09162:360:53:53	48.182139	11.530398	light_rail	MATCHED	n2625918743	37.9	0.29	Olympia-Einkaufszentrum	U3	Moosacher St.-Martins-Platz / Oberwiesenfeld		LINESTRING(11.530398 48.182139,11.5309027 48.182184500000005)
3103	München	Olympia-Einkaufszentrum	de:09162:360:53:54	48.182067	11.530407	light_rail	MATCHED	n2625918730	37.9	0.29	Olympia-Einkaufszentrum	U3	Oberwiesenfeld		LINESTRING(11.530407 48.182067,11.530917200000001 48.182071900000004)
3104	München	Olympia-Einkaufszentrum Ost	de:09162:319:3:OYO 1	48.183182	11.536731	bus	MATCHED	w375853905	3.7	1.0	Olympia-Einkaufszentrum Ost	175	Olympia-Einkaufszentrum / Olympia-Pressestadt	Olympia-Einkaufszentrum / Olympia-Pressestadt	LINESTRING(11.536731 48.183182,11.536773799358087 48.18319926470636)
3105	München	Olympia-Einkaufszentrum Ost	de:09162:319:3:OYO 2	48.183164	11.536893	bus	MATCHED	w375853907	2.0	1.0	Olympia-Einkaufszentrum Ost	175	Olympia-Einkaufszentrum West	Olympia-Einkaufszentrum West (U)	LINESTRING(11.536893 48.183164,11.536886599796588 48.183146882514365)
3106	München	Olympia-Einkaufszentrum West	de:09162:318:1:1	48.183858	11.531431	bus	MATCHED	w248446290	6.2	1.0	Olympia-Einkaufszentrum West (U)	163,175,50,60,N76,X35,X36	Riesstraße / Oberwiesenfeld / Lassallestraße / Lassallestraße / Lassallestraße	Lassallestraße / Oberwiesenfeld (U) / Riesstraße	LINESTRING(11.531431 48.183858,11.531378349172073 48.18381472272107)
3107	München	Olympia-Einkaufszentrum West	de:09162:318:2:2	48.184158	11.531395	bus	MATCHED	w248446287	0.8	1.0	Olympia-Einkaufszentrum West (U)	163,175,50,60,N76,X35,X36	Olympia-Einkaufszentrum / Bingener Straße / Olympia-Einkaufszentrum / Moosacher St.-Martins-Platz / Olympia-Einkaufszentrum	Bingener Straße / Moosacher Sankt-Martins-Platz (U) / Olympia-Einkaufszentrum	LINESTRING(11.531395 48.184158,11.531392440737855 48.18415133326998)
3108	München	Olympia-Pressestadt	de:09162:321:2:2	48.179773	11.536848	bus	MATCHED	w375853909	7.5	1.0	Olympia-Pressestadt	175	Olympia-Einkaufszentrum Ost	Olympia-Einkaufszentrum Ost	LINESTRING(11.536848 48.179773,11.536836386999475 48.17970561325191)
3109	München	Olympia-Pressestadt	de:09162:321:3:3	48.180031	11.536677	bus	MATCHED	w375853908	0.4	1.0	Olympia-Pressestadt	175	Gärtnerstraße	Gärtnerstraße	LINESTRING(11.536677 48.180031,11.536682187512389 48.1800314793236)
3110	München	Olympiaberg	de:09162:9029:3:TWD 1	48.16911	11.549199	bus	MATCHED	w459152359	1.4	1.0	Olympiaberg	144	Spiridon-Louis-Ring	Spiridon-Louis-Ring	LINESTRING(11.549199 48.16911,11.549199044312564 48.169097608761675)
3111	München	Olympiaberg	de:09162:9029:3:TWD 2	48.169296	11.549208	bus	MATCHED	w459152358	6.8	1.0	Olympiaberg	144	Olympiasee	Olympiasee	LINESTRING(11.549208 48.169296,11.549168599497897 48.169350761991524)
3112	München	Olympiahalle	de:09162:373:30:70	48.174676	11.551769		NO_MATCH_AND_SEEMS_UNSERVED								POINT(11.551769 48.174676)
3113	München	Olympiapark Nord	de:09162:323:1:1	48.186188	11.542462	bus	MATCHED	w371112646	5.6	1.0	Olympiapark Nord	50	Oberwiesenfeld	Oberwiesenfeld (U)	LINESTRING(11.542462 48.186188,11.54238619960501 48.18618936021048)
3114	München	Olympiapark Nord	de:09162:323:2:2	48.186613	11.54063	bus	MATCHED	w390071288	1.9	1.0	Olympiapark Nord	50	Lassallestraße	Lassallestraße	LINESTRING(11.54063 48.186613,11.540631198494712 48.186595595328406)
3115	München	Olympiapark Ost	de:09162:325:1:1	48.176329	11.559746	bus	MATCHED	w390071287	1.3	1.0	Olympiapark Eissportstadion	173,N76	Olympiazentrum / Riesstraße Süd	Olympiazentrum / Riesstraße Süd	LINESTRING(11.559746 48.176329,11.559746721852811 48.17631769945079)
3116	München	Olympiapark Ost	de:09162:325:2:2	48.175886	11.559575	bus	MATCHED	w390071286	1.1	1.0	Olympiapark Eissportstadion	173,N76	Petuelring / Petuelring / Petuelring	Petuelring	LINESTRING(11.559575 48.175886,11.559576959355605 48.175896103330075)
3117	München	Olympiapark Parkharfe	de:09162:475:1:1	48.17546	11.544034		NO_MATCH_AND_SEEMS_UNSERVED								POINT(11.544034 48.17546)
3118	München	Olympiapark Parkharfe	de:09162:475:2:2	48.175269	11.544142		NO_MATCH_AND_SEEMS_UNSERVED								POINT(11.544142 48.175269)
3119	München	Olympiapark Süd	de:09162:295:2:OYD 1	48.163358	11.55211		NO_MATCH_AND_SEEMS_UNSERVED								POINT(11.55211 48.163358)
3120	München	Olympiapark Süd	de:09162:295:3:3	48.163328	11.552146		MATCHED	n3127932806	54.6	0.15	Olympiapark Süd				LINESTRING(11.552146 48.163328,11.5524599 48.162884500000004)
3121	München	Olympiapark West	de:09162:306:2:1	48.166438	11.537324	tram	MATCHED	n316327070	1.8	0.84	Olympiapark West	20,21,N20	Heideckstraße	Heideckstraße	LINESTRING(11.537324 48.166438,11.537336600000001 48.166452)
3122	München	Olympiapark West	de:09162:306:2:2	48.166534	11.537351	tram	MATCHED	n5538123590	33.8	1.0	Olympiapark West	20,21,N20	Borstei	Hanebergstraße	LINESTRING(11.537351 48.166534,11.53716 48.1662581)
3123	München	Olympiapark West	de:09162:306:31:21	48.166804	11.536704		MATCHED	n202880062	50.4	0.16	Olympiapark West			Borstei	LINESTRING(11.536704 48.166804,11.5372733 48.166557600000004)
3124	München	Olympiapark West	de:09162:306:32:22	48.167037	11.537117		MATCHED	n3207960566	61.5	0.14	Olympiapark West				LINESTRING(11.537117 48.167037,11.5373145 48.166499800000004)
3125	München	Olympiapark West	de:09162:306:3:3	48.166127	11.537342	bus	NO_MATCH_BUT_OTHER_PLATFORM_MATCHED					144	Hanebergstraße		POINT(11.537342 48.166127)
3126	München	Olympiapark West	de:09162:306:4:4	48.164922	11.538159	bus	MATCHED	n5538123591	6.4	0.75	Olympiapark West	144	Toni-Merkens-Weg	Toni-Merkens-Weg	LINESTRING(11.538159 48.164922,11.538114400000001 48.164872900000006)
3127	München	Olympiasee	de:09162:290:1:1	48.171489	11.545957	bus	MATCHED	n6032184687	3.6	1.0	Olympiasee	144	Toni-Merkens-Weg	Toni-Merkens-Weg	LINESTRING(11.545957 48.171489,11.545993800000002 48.171468100000006)
3128	München	Olympiasee	de:09162:290:1:2	48.171387	11.546073	bus	MATCHED	n6032184688	29.1	1.0	Olympiasee	144	Olympiaberg	Olympiaberg	LINESTRING(11.546073 48.171387,11.5464391 48.1712937)
3129	München	Olympiastadion	de:09162:379:30:70	48.175257	11.547798		NO_MATCH_AND_SEEMS_UNSERVED								POINT(11.547798 48.175257)
3130	München	Olympiaturm	de:09162:9994:33:73	48.174059	11.55538		NO_MATCH_AND_SEEMS_UNSERVED								POINT(11.55538 48.174059)
3131	München	Olympiaturm	de:09162:9994:71:71	48.174394	11.560033		NO_MATCH_AND_SEEMS_UNSERVED								POINT(11.560033 48.174394)
3132	München	Olympiaturm	de:09162:9994:72:72	48.174424	11.560177		NO_MATCH_AND_SEEMS_UNSERVED								POINT(11.560177 48.174424)
3133	München	Olympiazentrum	de:09162:350:1:9	48.178743	11.556808	bus	MATCHED	w371108409	1.5	1.0	Olympiazentrum	173,180	Helene-Mayer-Ring	Helene-Mayer-Ring	LINESTRING(11.556808 48.178743,11.55681162234056 48.17872945203488)
3134	München	Olympiazentrum	de:09162:350:2:10	48.178659	11.556557	bus	MATCHED	w371108410	1.1	1.0	Olympiazentrum	173,180	Riesstraße Süd / Olympiapark Ost	Riesstraße Süd / Olympiapark Eissportstadion	LINESTRING(11.556557 48.178659,11.556543655405662 48.178655417295026)
3135	München	Olympiazentrum	de:09162:350:31:71	48.178486	11.555748		NO_MATCH_AND_SEEMS_UNSERVED								POINT(11.555748 48.178486)
3136	München	Olympiazentrum	de:09162:350:32:72	48.178599	11.555685		NO_MATCH_AND_SEEMS_UNSERVED								POINT(11.555685 48.178599)
3137	München	Olympiazentrum	de:09162:350:3:8	48.178983	11.556009		NO_MATCH_AND_SEEMS_UNSERVED								POINT(11.556009 48.178983)
3138	München	Olympiazentrum	de:09162:350:51:51	48.17939	11.556054	light_rail	MATCHED	n2626046623	11.6	0.54	Olympiazentrum	U3	Oberwiesenfeld		LINESTRING(11.556054 48.17939,11.556150800000001 48.1793087)
3139	München	Olympiazentrum	de:09162:350:51:53	48.179372	11.555955	light_rail	MATCHED	n2626046622	10.7	0.56	Olympiazentrum	U3			LINESTRING(11.555955 48.179372,11.555976800000002 48.1792765)
3140	München	Olympiazentrum	de:09162:350:52:52	48.179312	11.555784	light_rail	MATCHED	n2626046619	11.7	0.54	Olympiazentrum	U3	Petuelring		LINESTRING(11.555784 48.179312,11.5557627 48.1792073)
3141	München	Olympiazentrum	de:09162:350:52:54	48.179342	11.555865	light_rail	MATCHED	n2626046621	10.7	0.56	Olympiazentrum	U3,U8	Petuelring		LINESTRING(11.555865 48.179342,11.5559271 48.179254900000004)
3142	München	Omnibus-Verkehr Franken München	de:09162:20060:1:1	48.090416	11.502667		NO_MATCH_AND_SEEMS_UNSERVED								POINT(11.502667 48.090416)
3143	München	Opalstraße	de:09162:1974:31:71	48.216095	11.487		NO_MATCH_AND_SEEMS_UNSERVED								POINT(11.487 48.216095)
3144	München	Opalstraße	de:09162:1974:32:72	48.215976	11.487009		NO_MATCH_AND_SEEMS_UNSERVED								POINT(11.487009 48.215976)
3145	München	Opalstraße	de:09162:1974:3:OPA 1	48.216311	11.486623	bus	MATCHED	w398700070	51.9	1.0	Opalstraße	172,176	MAN, Siedlung / Siedlung Ludwigsfeld	Siedlung Ludwigsfeld / MAN Siedlung	LINESTRING(11.486623 48.216311,11.486695331537378 48.21584695183052)
3146	München	Opalstraße	de:09162:1974:3:OPA 2	48.216131	11.486524	bus	MATCHED	w398700069	16.0	1.0	Opalstraße	172	Kristallstraße	Kristallstraße	LINESTRING(11.486524 48.216131,11.486507422625815 48.21627420960411)
3147	München	Orleansstraße	de:09162:89:11:71	48.125542	11.599595		NO_MATCH_AND_SEEMS_UNSERVED								POINT(11.599595 48.125542)
3148	München	Orleansstraße	de:09162:89:1:1	48.125536	11.599757	bus	MATCHED	w208193664	0.8	1.0	Orleansstraße	145,155,55,N45,N75	Kustermannpark	Kustermannpark	LINESTRING(11.599757 48.125536,11.599766945596928 48.12553463475458)
3149	München	Orleansstraße	de:09162:89:2:2	48.125182	11.599972	bus	MATCHED	w377924358	2.8	1.0	Orleansstraße	145,155,55,N45,N75	Ostbahnhof (Post) / Ostbahnhof / Ostbahnhof	Ostbahnhof / Ostbahnhof (Post)	LINESTRING(11.599972 48.125182,11.600009349999997 48.12517760000001)
3150	München	Orleansstraße	de:09162:89:3:3	48.125626	11.600197	bus	MATCHED	w377924356	9.7	0.69	Orleansstraße	54,62,68,N44,N45	Ostbahnhof / Ostbahnhof	Ostbahnhof	LINESTRING(11.600197 48.125626,11.600072749999999 48.125600450000015)
3151	München	Orleansstraße	de:09162:89:4:4	48.125098	11.599002	bus	MATCHED	w377924357	8.1	0.71	Orleansstraße	54,58,62,N43,N45	Auerfeldstraße / St.-Cajetan-Straße	Auerfeldstraße	LINESTRING(11.599002 48.125098,11.5989231420201 48.12504744214173)
3152	München	Orleansstraße	de:09162:89:4:72	48.125098	11.599002		NO_MATCH_AND_SEEMS_UNSERVED								POINT(11.599002 48.125098)
3153	München	Orthstraße	de:09162:1797:1:1	48.153866	11.46686	bus	MATCHED	w389674272	3.2	1.0	Orthstraße	160	Marsopstraße	Marsopstraße	LINESTRING(11.46686 48.153866,11.466849672668776 48.153894263211214)
3154	München	Orthstraße	de:09162:1797:2:2	48.154238	11.466671	bus	MATCHED	w389674267	1.4	1.0	Orthstraße	160	Pasing Bf. Nord / Pasing Bf. Nord	Pasing Bahnhof Nord	LINESTRING(11.466671 48.154238,11.466669779547486 48.15425051263674)
3155	München	Ortlerstraße	de:09162:1236:1:1	48.120895	11.535006	bus	MATCHED	w391191179	8.2	1.0	Ortlerstraße	130,134,157	Fuggerstraße	Fuggerstraße	LINESTRING(11.535006 48.120895,11.534937698903931 48.1208373639303)
3156	München	Ortlerstraße	de:09162:1236:2:2	48.120187	11.534602	bus	MATCHED	w391191178	5.0	1.0	Ortlerstraße	130,134,157	Harras / Harras	Harras	LINESTRING(11.534602 48.120187,11.53462125 48.120230400000004)
3157	München	Oskar-Maria-Graf-Ring	de:09162:917:1:1	48.098768	11.657357	bus	MATCHED	w391373625	5.2	1.0	Oskar-Maria-Graf-Ring	195,197,N45	Franz-Heubl-Straße	Franz-Heubl-Straße	LINESTRING(11.657357 48.098768,11.657367000865221 48.09881472151371)
3158	München	Oskar-Maria-Graf-Ring	de:09162:917:2:2	48.09947	11.657527		NO_MATCH_AND_SEEMS_UNSERVED								POINT(11.657527 48.09947)
3159	München	Oskar-Maria-Graf-Ring	de:09162:917:3:3	48.098816	11.657033	bus	MATCHED	w391373626	31.8	1.0	Oskar-Maria-Graf-Ring	195,197,N45	Klinikum Neuperlach / Klinikum Neuperlach	Klinikum Neuperlach	LINESTRING(11.657033 48.098816,11.657234011283869 48.099068606311725)
3160	München	Oskar-von-Miller-Ring	de:09162:197:31:71	48.144924	11.574478		NO_MATCH_AND_SEEMS_UNSERVED								POINT(11.574478 48.144924)
3161	München	Oskar-von-Miller-Ring	de:09162:197:32:72	48.146393	11.573562		NO_MATCH_AND_SEEMS_UNSERVED								POINT(11.573562 48.146393)
3162	München	Oskar-von-Miller-Ring	de:09162:197:3:OVM 1	48.145368	11.57552	bus	MATCHED	w373507761	10.5	1.0	Oskar-von-Miller-Ring	58	Von-der-Tann-Straße	Von-der-Tann-Straße	LINESTRING(11.57552 48.145368,11.575380220107629 48.145377016995276)
3163	München	Ostbahnhof	de:09162:5:12:12	48.128822	11.604554	train	NO_MATCH_BUT_OTHER_PLATFORM_MATCHED					DRF,RB40,S2	Riem / Kufstein / Markt Schwaben		POINT(11.604554 48.128822)
3164	München	Ostbahnhof	de:09162:5:13:13	48.12872	11.604796	train	NO_MATCH_BUT_OTHER_PLATFORM_MATCHED					S2	Riem		POINT(11.604796 48.12872)
3165	München	Ostbahnhof	de:09162:5:14:14	48.127485	11.602559		NO_MATCH_AND_SEEMS_UNSERVED								POINT(11.602559 48.127485)
3166	München	Ostbahnhof	de:09162:5:15:15	48.127161	11.602496	bus	MATCHED	w384874873	5.8	1.0	Ostbahnhof	145,55			LINESTRING(11.602496 48.127161,11.602458097018552 48.12711555766348)
3167	München	Ostbahnhof	de:09162:5:16:16	48.127802	11.604006		MATCHED	w377924360	32.8	0.23	Ostbahnhof				LINESTRING(11.604006 48.127802,11.603565550225147 48.12779780046445)
3168	München	Ostbahnhof	de:09162:5:1:1	48.128054	11.603646		NO_MATCH_AND_SEEMS_UNSERVED								POINT(11.603646 48.128054)
3169	München	Ostbahnhof	de:09162:5:1:10	48.128054	11.603646		NO_MATCH_AND_SEEMS_UNSERVED								POINT(11.603646 48.128054)
3170	München	Ostbahnhof	de:09162:5:1:4	48.128054	11.603646		NO_MATCH_AND_SEEMS_UNSERVED								POINT(11.603646 48.128054)
3171	München	Ostbahnhof	de:09162:5:31:71	48.1289	11.602496		NO_MATCH_AND_SEEMS_UNSERVED								POINT(11.602496 48.1289)
3172	München	Ostbahnhof	de:09162:5:32:72	48.128978	11.60264		NO_MATCH_AND_SEEMS_UNSERVED								POINT(11.60264 48.128978)
3173	München	Ostbahnhof	de:09162:5:33:73	48.128072	11.603305		NO_MATCH_AND_SEEMS_UNSERVED								POINT(11.603305 48.128072)
3174	München	Ostbahnhof	de:09162:5:3:11	48.128246	11.604392	train	NO_MATCH_BUT_OTHER_PLATFORM_MATCHED					S1,S2,S3,S4,S6,S8	Rosenheimer Platz		POINT(11.604392 48.128246)
3175	München	Ostbahnhof	de:09162:5:3:2	48.127934	11.603943		MATCHED_AMBIGUOUSLY	w377924361	3.8	1.0	Ostbahnhof	100,54,58,N43,N45,N74,S1,S2,S6,S8,X200,X30	Karl-Preis-Platz / Rosenheimer Platz / Orleansstraße / Leuchtenbergring / Leuchtenbergring / Ostfriedhof	Orleansstraße / Ostfriedhof	LINESTRING(11.603943 48.127934,11.603985824423184 48.12795340338099)
3176	München	Ostbahnhof	de:09162:5:3:2	48.127934	11.603943		MATCHED_AMBIGUOUSLY	w377924359	41.8	1.0	Ostbahnhof	100,54,58,N43,N45,N74,S1,S2,S6,S8,X200,X30	Karl-Preis-Platz / Rosenheimer Platz / Orleansstraße / Leuchtenbergring / Leuchtenbergring / Ostfriedhof		LINESTRING(11.603943 48.127934,11.60434740498173 48.128195035095175)
3177	München	Ostbahnhof	de:09162:5:3:3	48.127994	11.603862		MATCHED	w377924364	2.8	1.0	Ostbahnhof	100,54,68,N44,S1,S2,S4,S6,S8	Haidenauplatz / Leuchtenbergring / Rosenheimer Platz / Leuchtenbergring / Trudering / Leuchtenbergring	Haidenauplatz	LINESTRING(11.603862 48.127994,11.603889503087895 48.12801179590239)
3178	München	Ostbahnhof	de:09162:5:3:5	48.12773	11.603655		MATCHED	w377924362	0.1	1.0	Ostbahnhof	145,55,N45,N75,S1,S3,S5	Rosenheimer Platz / Orleansstraße	Orleansstraße	LINESTRING(11.603655 48.12773,11.603653719343658 48.12773070337333)
3179	München	Ostbahnhof	de:09162:5:3:6	48.128294	11.604329		MATCHED	w377924366	7.4	1.0	Ostbahnhof	24,27N,62,62N,89,90,90N,91,DRF,N45,N74,N75,RB40,RB54,RE4,RE5,X30	Orleansstraße / München Hbf / München Hbf / Münster Hauptbahnhof / München Hbf / München Hbf / München Hbf / Köln Hbf / Dortmund Hbf / Ostbahnhof / Köln Hbf / München Hbf / Augsburg Hbf / München Hbf / Ostbahnhof / München Hbf / München Hbf / München Hbf / München Hbf / Halle(Saale)Hbf / Koblenz Hauptbahnhof / München Hbf / München Hbf / München Hbf / Haidenauplatz	Orleansstraße / Haidenauplatz / Ostbahnhof	LINESTRING(11.604329 48.128294,11.604250150931387 48.128253148976334)
3180	München	Ostbahnhof	de:09162:5:3:7	48.127796	11.603565	train	NO_MATCH_BUT_OTHER_PLATFORM_MATCHED					S1,S3,S5,S6	Rosenheimer Platz / Leuchtenbergring / St.-Martin-Straße		POINT(11.603565 48.127796)
3181	München	Ostbahnhof	de:09162:5:41:81	48.127712	11.604841	trainish	MATCHED	n1452724506	19.9	0.42	Ostbahnhof			Rosenheimer Platz	LINESTRING(11.604841 48.127712,11.6050371 48.1278335)
3182	München	Ostbahnhof	de:09162:5:41:82	48.127623	11.604967	trainish	MATCHED	n1452724502	20.4	0.41	Ostbahnhof			Rosenheimer Platz	LINESTRING(11.604967 48.127623,11.6051517 48.1277586)
3183	München	Ostbahnhof	de:09162:5:43:83	48.127587	11.605012	trainish	MATCHED	n213519696	20.9	0.41	Ostbahnhof			Rosenheimer Platz	LINESTRING(11.605012 48.127587,11.6052044 48.1277234)
3184	München	Ostbahnhof	de:09162:5:43:84	48.127521	11.605155	trainish	MATCHED	n737174147	18.6	0.43	Ostbahnhof			Sankt-Martin-Straße / Leuchtenbergring	LINESTRING(11.605155 48.127521,11.6053359 48.1276364)
3185	München	Ostbahnhof	de:09162:5:45:85	48.127491	11.605209	trainish	MATCHED	n1452724494	18.1	0.44	Ostbahnhof			Leuchtenbergring	LINESTRING(11.605209 48.127491,11.605381000000001 48.1276066)
3186	München	Ostbahnhof	de:09162:5:45:86	48.127419	11.605353	trainish	MATCHED	n1452724492	16.5	0.36	München Ost			München Hauptbahnhof	LINESTRING(11.605353 48.127419,11.6055168 48.1275185)
3187	München	Ostbahnhof	de:09162:5:47:87	48.127389	11.605407	train	MATCHED	n370658080	16.0	0.36	München Ost	24,27N,62N,89,DRF,RB40,RB48,RE4	München Hbf / München Hbf / Grafing-Bahnhof / Grafing-Bahnhof / Pasing / Rosenheim / München Hbf / Rosenheim / München Hbf / Rosenheim / München Hbf / Würzburg Hbf / München Hbf / Hamm (Westf), Hauptbahnhof / Nürnberg Hbf	München Hauptbahnhof / Rosenheim / Grafing Bahnhof	LINESTRING(11.605407 48.127389,11.6055585 48.127491500000005)
3188	München	Ostbahnhof	de:09162:5:47:88	48.127305	11.605533	train	MATCHED	n1452724488	16.4	0.53	München Ost	24,27N,62,62N,89,90,90N,91,91N,DRF,RB40,RB53,RB54,RE5	Salzburg Hauptbahnhof / Grafing-Bahnhof / Grafing-Bahnhof / Rosenheim / Rosenheim / Rosenheim / Rosenheim / Markt Schwaben	Rosenheim	LINESTRING(11.605533 48.127305,11.6056883 48.1274092)
3189	München	Ostbahnhof	de:09162:5:48:91	48.127371	11.60591	train	MATCHED	n1452724476	8.5	0.48	München Ost	RB40,RB48,RB54,RE4,RE5,S2	München Hbf / München Hbf / Dorfen / Grafing-Bahnhof / Riem / München Hbf / Markt Schwaben / München Hbf / Grafing-Bahnhof / München Hbf	Dorfen Bahnhof / Markt Schwaben	LINESTRING(11.60591 48.127371,11.6058245 48.1273204)
3190	München	Ostbahnhof	de:09162:5:48:92	48.127293	11.606036	trainish	MATCHED	n1452724475	8.7	0.47	München Ost				LINESTRING(11.606036 48.127293,11.60595 48.1272394)
3191	München	Ostbahnhof	de:09162:5:49:93	48.127269	11.60609	trainish	MATCHED	n1452724472	9.7	0.45	München Ost				LINESTRING(11.60609 48.127269,11.6059946 48.127209500000006)
3192	München	Ostbahnhof	de:09162:5:49:94	48.127191	11.606198	trainish	MATCHED	n1452724464	9.5	0.46	München Ost				LINESTRING(11.606198 48.127191,11.6061093 48.1271299)
3193	München	Ostbahnhof	de:09162:5:51:51	48.128054	11.603709	light_rail	MATCHED	n2508328248	2.1	0.86	Ostbahnhof	U5	Max-Weber-Platz		LINESTRING(11.603709 48.128054,11.6037297 48.1280409)
3194	München	Ostbahnhof	de:09162:5:51:52	48.128054	11.603565	light_rail	MATCHED	n320613486	3.3	0.8	Ostbahnhof	U5	Innsbrucker Ring		LINESTRING(11.603565 48.128054,11.603526200000001 48.128039900000005)
3195	München	Ostbahnhof	de:09162:5:8:8	48.128714	11.603628	tram	MATCHED	n1238942813	10.8	0.58	Ostbahnhof	21,N19	Haidenauplatz	Haidenauplatz	LINESTRING(11.603628 48.128714,11.603483 48.128717800000004)
3196	München	Ostbahnhof	de:09162:5:8:9	48.128756	11.603395	tram	MATCHED	n573747914	4.7	0.74	Ostbahnhof	21,E7,N19	Wörthstraße	Wörthstraße	LINESTRING(11.603395 48.128756,11.6034541 48.128742200000005)
3197	München	Ostbahnhof (Bildungszentrum)	de:09162:892:4:4	48.127485	11.602559	bus	MATCHED	w384874874	8.3	1.0	Ostbahnhof (Bildungszentrum)	155	Orleansstraße	Orleansstraße	LINESTRING(11.602559 48.127485,11.60246123591194 48.12744823932384)
3198	München	Ostbahnhof (Bildungszentrum)	de:09162:892:5:5	48.127359	11.602847		NO_MATCH_AND_SEEMS_UNSERVED								POINT(11.602847 48.127359)
3199	München	Ostbahnhof (Post)	de:09162:891:2:2	48.128822	11.604554	bus	MATCHED	w377924363	2.4	1.0	Ostbahnhof (Post)	149,155	Ostbahnhof (Bildungszentrum)	Ostbahnhof (Bildungszentrum)	LINESTRING(11.604554 48.128822,11.604523031856395 48.1288172976328)
3200	München	Ostbahnhof (Post)	de:09162:891:3:3	48.12872	11.604796	bus	MATCHED	w377924365	2.8	1.0	Ostbahnhof (Post)	149,155	Kirchenstraße	Kirchenstraße	LINESTRING(11.604796 48.12872,11.604786944744495 48.128744537516646)
3201	München	Ostbahnhof Friedenstraße	de:09162:895:11:71	48.126165	11.605452		NO_MATCH_AND_SEEMS_UNSERVED								POINT(11.605452 48.126165)
3202	München	Ostbahnhof Friedenstraße	de:09162:895:32:72	48.127149	11.6075		NO_MATCH_AND_SEEMS_UNSERVED								POINT(11.6075 48.127149)
3203	München	Ostbahnhof Friedenstraße	de:09162:895:33:73	48.126507	11.606144		NO_MATCH_AND_SEEMS_UNSERVED								POINT(11.606144 48.126507)
3204	München	Ostbahnhof Friedenstraße	de:09162:895:34:74	48.126705	11.606171		NO_MATCH_AND_SEEMS_UNSERVED								POINT(11.606171 48.126705)
3205	München	Ostbahnhof Friedenstraße	de:09162:895:35:75	48.129116	11.60953		NO_MATCH_AND_SEEMS_UNSERVED								POINT(11.60953 48.129116)
3206	München	Ostbahnhof Friedenstraße	de:09162:895:36:76	48.127473	11.607608	bus	NO_MATCH_BUT_OTHER_PLATFORM_MATCHED					RB40,RB40X,RE4,S2,S3,S6,S8	Ampfingstraße / Markt Schwaben / Dorfen / Ampfing / St.-Martin-Straße		POINT(11.607608 48.127473)
3207	München	Ostbahnhof Friedenstraße	de:09162:895:37:77	48.127688	11.607949	bus	NO_MATCH_AND_SEEMS_UNSERVED								POINT(11.607949 48.127688)
3208	München	Ostbahnhof Friedenstraße	de:09162:895:38:78	48.125998	11.605353		NO_MATCH_AND_SEEMS_UNSERVED								POINT(11.605353 48.125998)
3209	München	Ostbahnhof Friedenstraße	de:09162:895:3:OFS 1	48.127197	11.607213	bus	MATCHED_AMBIGUOUSLY	n13347823617	53.5	1.0	Ostbahnhof Friedenstraße	190,191	August-Everding-Straße		LINESTRING(11.607213 48.127197,11.607717000000001 48.1275394)
3210	München	Ostbahnhof Friedenstraße	de:09162:895:3:OFS 1	48.127197	11.607213	bus	MATCHED_AMBIGUOUSLY	n13347840736	89.0	1.0	Ostbahnhof Friedenstraße	190,191	August-Everding-Straße		LINESTRING(11.607213 48.127197,11.6080714 48.1277538)
3211	München	Ostbahnhof Friedenstraße	de:09162:895:3:OFS 1	48.127197	11.607213	bus	MATCHED_AMBIGUOUSLY	n1289817003	5.0	1.0	Ostbahnhof Friedenstraße	190,191	August-Everding-Straße	August-Everding-Straße	LINESTRING(11.607213 48.127197,11.6071527 48.1271768)
3212	München	Ostbahnhof Friedenstraße	de:09162:895:4:4	48.127209	11.607635		NO_MATCH_AND_SEEMS_UNSERVED								POINT(11.607635 48.127209)
3213	München	Ostbahnhof Friedenstraße	de:09162:895:5:5	48.126687	11.606153	bus	MATCHED	n5907095817	12.3	1.0	Ostbahnhof Friedenstraße	190,191	St.-Cajetan-Straße	Sankt-Cajetan-Straße / Wendling	LINESTRING(11.606153 48.126687,11.6062978 48.126740500000004)
3214	München	Ostbahnhof Friedenstraße	de:09162:895:6:6	48.127413	11.607491		NO_MATCH_AND_SEEMS_UNSERVED								POINT(11.607491 48.127413)
3215	München	Osterangerstraße	de:09162:1854:1:1	48.179558	11.418252	bus	MATCHED	w371630540	9.4	1.0	Osterangerstraße	159	Langwied Ortsmitte	Langwied Ortsmitte	LINESTRING(11.418252 48.179558,11.418132276905776 48.17953178000413)
3216	München	Osterangerstraße	de:09162:1854:1:2	48.179636	11.418225	bus	MATCHED	w371630539	0.6	1.0	Osterangerstraße	159	Eschenrieder Straße	Eschenrieder Straße	LINESTRING(11.418225 48.179636,11.418223745530172 48.17963080142067)
3217	München	Osterwaldstraße	de:09162:511:1:1	48.163322	11.596855	bus	MATCHED	w373592145	1.6	1.0	Osterwaldstraße	59	Dietlindenstraße	Dietlindenstraße	LINESTRING(11.596855 48.163322,11.596850747866824 48.16330824022786)
3218	München	Osterwaldstraße	de:09162:511:2:2	48.163604	11.595597	bus	MATCHED	w373592146	2.5	1.0	Osterwaldstraße	59	Herzogpark	Herzogpark	LINESTRING(11.595597 48.163604,11.595589761492608 48.163626036839254)
3219	München	Osterwaldstraße	de:09162:511:30:70	48.16237	11.597241		NO_MATCH_AND_SEEMS_UNSERVED								POINT(11.597241 48.16237)
3220	München	Osterwaldstraße	de:09162:511:31:71	48.162579	11.597484		NO_MATCH_AND_SEEMS_UNSERVED								POINT(11.597484 48.162579)
3221	München	Ostfriedhof	de:09162:1105:1:1	48.118832	11.584135	tram	MATCHED	n1475057939	6.8	0.66	Ostfriedhof	18,E7,N27	St.-Martins-Platz	St.-Martins-Platz	LINESTRING(11.584135 48.118832,11.5842249 48.1188239)
3222	München	Ostfriedhof	de:09162:1105:2:2	48.119467	11.582877	tram	MATCHED	n1679739111	22.6	0.41	Ostfriedhof	18,N27	Mariahilfplatz	Mariahilfplatz	LINESTRING(11.582877 48.119467,11.5825765 48.119493000000006)
3223	München	Ostfriedhof	de:09162:1105:31:31	48.119203	11.58312		NO_MATCH_AND_SEEMS_UNSERVED								POINT(11.58312 48.119203)
3224	München	Ostfriedhof	de:09162:1105:32:21	48.118754	11.584081		NO_MATCH_AND_SEEMS_UNSERVED								POINT(11.584081 48.118754)
3225	München	Ostfriedhof	de:09162:1105:32:91	48.118754	11.584081	bus	NO_MATCH_AND_SEEMS_UNSERVED								POINT(11.584081 48.118754)
3226	München	Ostfriedhof	de:09162:1105:34:24	48.11876	11.583156		NO_MATCH_AND_SEEMS_UNSERVED								POINT(11.583156 48.11876)
3227	München	Ostfriedhof	de:09162:1105:35:25	48.119317	11.584072		NO_MATCH_AND_SEEMS_UNSERVED								POINT(11.584072 48.119317)
3228	München	Ostfriedhof	de:09162:1105:3:3	48.118958	11.584135		NO_MATCH_AND_SEEMS_UNSERVED								POINT(11.584135 48.118958)
3229	München	Ostfriedhof	de:09162:1105:3:93	48.118958	11.584135	bus	NO_MATCH_AND_SEEMS_UNSERVED								POINT(11.584135 48.118958)
3230	München	Ostfriedhof	de:09162:1105:4:4	48.11873	11.58321		MATCHED	w136201346	4.3	1.0	Ostfriedhof	25,58,N27,N45,X30	Silberhornstraße / Silberhorn-/Ichostraße	Silberhornstraße / Silberhornstraße/Ichostraße	LINESTRING(11.58321 48.11873,11.583249246094246 48.11875780757776)
3231	München	Ostfriedhof	de:09162:1105:5:5	48.119401	11.583991		MATCHED	w136201080	3.6	1.0	Ostfriedhof	18,25,68,E7,N45,X30	Ostbahnhof / Carl-Amery-Platz	Carl-Amery-Platz / Ostbahnhof	LINESTRING(11.583991 48.119401,11.58402051145725 48.1194262742893)
3232	München	Ostfriedhof	de:09162:1105:5:95	48.119401	11.583991	bus	MATCHED	n1670275570	2.0	0.8	Ostfriedhof			Ostbahnhof / Carl-Amery-Platz	LINESTRING(11.583991 48.119401,11.583965200000002 48.119404200000005)
3233	München	Ostfriedhof	de:09162:1105:6:6	48.118484	11.582913		MATCHED	w378472766	17.6	0.35	Ostfriedhof			Silberhornstraße/Ichostraße	LINESTRING(11.582913 48.118484,11.583084561335111 48.118592251495315)
3234	München	Ostfriedhof	de:09162:1105:7:7	48.118622	11.583344		NO_MATCH_AND_SEEMS_UNSERVED								POINT(11.583344 48.118622)
3235	München	Ostfriedhof	de:09162:1105:7:97	48.118622	11.583344		MATCHED	n1127688004	12.1	0.44	Ostfriedhof			Silberhornstraße/Ichostraße / Silberhornstraße	LINESTRING(11.583344 48.118622,11.583189500000001 48.118655800000006)
3236	München	Ostpark Eislaufzentrum	de:09162:1028:1:1	48.111359	11.631997	bus	MATCHED	w414695760	0.1	1.0	Ostpark Eislaufzentrum	199	Berger-Kreuz-Straße	Berger-Kreuz-Straße	LINESTRING(11.631997 48.111359,11.631995962259913 48.11135902325202)
3237	München	Ostpark Eislaufzentrum	de:09162:1028:1:91	48.111359	11.631997		NO_MATCH_AND_SEEMS_UNSERVED								POINT(11.631997 48.111359)
3238	München	Ostpark Eislaufzentrum	de:09162:1028:2:2	48.110831	11.63215	bus	MATCHED	w414695759	1.4	1.0	Ostpark Eislaufzentrum	199	Georg-Brauchle-Haus	Georg-Brauchle-Haus	LINESTRING(11.63215 48.110831,11.632169224272463 48.11082929264136)
3239	München	Ostpark Eislaufzentrum	de:09162:1028:2:92	48.110831	11.63215		NO_MATCH_AND_SEEMS_UNSERVED								POINT(11.63215 48.110831)
3240	München	Ottilienstraße	de:09162:975:1:1	48.114034	11.677506	bus	MATCHED	n605012733	2.0	1.0	Ottilienstraße	192,N79	Florastraße	Florastraße	LINESTRING(11.677506 48.114034,11.677486 48.1140222)
3241	München	Ottilienstraße	de:09162:975:2:2	48.114466	11.677937		NO_MATCH_AND_SEEMS_UNSERVED								POINT(11.677937 48.114466)
3242	München	Ottilienstraße	de:09162:975:3:3	48.1141	11.677416	bus	MATCHED	n605012732	48.3	1.0	Ottilienstraße	192,N79	Markgrafenstraße	Markgrafenstraße	LINESTRING(11.677416 48.1141,11.6778805 48.1144035)
3243	München	Otto-Hahn-Ring	de:09162:970:3:OHR 1	48.092174	11.648993	bus	MATCHED	w303488013	2.1	1.0	Otto-Hahn-Ring	195,453,455	Putzbrunn, Brennerei / Tribulaunstraße / Putzbrunn,Seemannsiedl.	Brennerei / Tribulaunstraße	LINESTRING(11.648993 48.092174,11.649021039537683 48.09217739994836)
3244	München	Otto-Hahn-Ring	de:09162:970:3:OHR 2	48.092282	11.649074	bus	MATCHED	w303488012	4.1	1.0	Otto-Hahn-Ring	195,453,455	Neuperlach Süd / Neuperlach Süd	Neuperlach Süd	LINESTRING(11.649074 48.092282,11.649020736684557 48.09227110004929)
3245	München	Otto-Meitinger-Straße	de:09162:1753:1:1	48.149461	11.405047	bus	MATCHED	n8517716445	9.9	1.0	Otto-Meitinger-Straße	157,57,N77	Hörweg	Hörweg	LINESTRING(11.405047 48.149461,11.4050341 48.149550000000005)
3246	München	Otto-Meitinger-Straße	de:09162:1753:2:2	48.149659	11.404804	bus	MATCHED	n8517716444	28.3	0.49	Otto-Meitinger-Straße	157,57,N77	Aubinger Allee	Aubinger Allee	LINESTRING(11.404804 48.149659,11.4048187 48.149404800000006)
3247	München	Otto-Warburg-Straße	de:09162:1828:1:1	48.205368	11.457472	bus	MATCHED	w774642841	2.0	0.88	Otto-Warburg-Straße	160	Hohenadelweg	Hohenadelweg	LINESTRING(11.457472 48.205368,11.457460076986814 48.20535237576364)
3248	München	Otto-Warburg-Straße	de:09162:1828:2:2	48.206553	11.457643	bus	MATCHED	w774642840	3.9	0.82	Otto-Warburg-Straße	160	Karlsfeld (S) West	Karlsfeld West	LINESTRING(11.457643 48.206553,11.457675694578162 48.20658036018461)
3249	München	Ottostraße	de:09162:53:2:OTO 1	48.142419	11.567866	tram	MATCHED	n1242527914	12.7	0.53	Ottostraße	27,28,N27	Karolinenplatz	Karolinenplatz	LINESTRING(11.567866 48.142419,11.567851300000001 48.142532900000006)
3250	München	Ottostraße	de:09162:53:2:OTO 2	48.142251	11.567687	tram	MATCHED	n1242527935	14.8	0.5	Ottostraße	27,28,N27	Karlsplatz (Stachus) / Karlsplatz (Stachus)	Karlsplatz (Stachus)	LINESTRING(11.567687 48.142251,11.567688500000001 48.142118200000006)
3251	München	Ottostraße	de:09162:53:32:72	48.141825	11.565998		MATCHED	n6980296213	145.9	0.07	Ottostraße				LINESTRING(11.565998 48.141825,11.5677935 48.142352800000005)
3252	München	Paidarstraße	de:09162:346:1:1	48.214725	11.545328	bus	MATCHED	w383645721	2.0	1.0	Paidarstraße	172,N41	Hasenbergl / Hasenbergl	Hasenbergl	LINESTRING(11.545328 48.214725,11.545320492251768 48.21474182677355)
3253	München	Paidarstraße	de:09162:346:2:2	48.214874	11.544483	bus	MATCHED	w383645722	2.9	1.0	Paidarstraße	172,N41	Feldmoching / Feldmoching	Feldmoching Bahnhof	LINESTRING(11.544483 48.214874,11.544444350000003 48.214868300000006)
3254	München	Pappelallee	de:09162:383:3:PAP 1	48.200411	11.512683	bus	MATCHED	w409285668	0.7	1.0	Pappelallee	175	Sonnentaustraße	Sonnentaustraße	LINESTRING(11.512683 48.200411,11.512687034306339 48.20041635551945)
3255	München	Pappelallee	de:09162:383:3:PAP 2	48.200488	11.512728	bus	MATCHED	w409285669	0.9	1.0	Pappelallee	175,N71	Am Blütenanger	Am Blütenanger	LINESTRING(11.512728 48.200488,11.512727795531179 48.2004803423116)
3256	München	Paracelsusstraße	de:09162:441:1:1	48.201333	11.590261	bus	MATCHED	w277228774	2.3	1.0	Paracelsusstraße	140,170,180	Grusonstraße / Grusonstraße	Grusonstraße	LINESTRING(11.590261 48.201333,11.590232517176544 48.201325611562986)
3257	München	Paracelsusstraße	de:09162:441:2:2	48.201345	11.588869	bus	MATCHED	w277228759	0.8	1.0	Paracelsusstraße	140,170,180	Heidemannstraße / Heidemannstraße	Heidemannstraße	LINESTRING(11.588869 48.201345,11.588873912202763 48.201338685120035)
3258	München	Paradiesstraße	de:09162:79:2:PDI 1	48.146321	11.592938	tram	MATCHED	n1690131628	2.2	0.82	Paradiesstraße	16	Nationalmuseum/Haus der Kunst	Nationalmuseum/Haus der Kunst	LINESTRING(11.592938 48.146321,11.592960000000001 48.146307900000004)
3259	München	Paradiesstraße	de:09162:79:2:PDI 2	48.146357	11.593064	tram	MATCHED	n1690131332	5.2	0.71	Paradiesstraße	16	Tivolistraße	Tivolistraße	LINESTRING(11.593064 48.146357,11.593002 48.1463776)
3260	München	Paradiesstraße	de:09162:79:31:41	48.146489	11.593379		MATCHED	n3207960973	33.9	0.22	Paradiesstraße				LINESTRING(11.593379 48.146489,11.592977300000001 48.146345600000004)
3261	München	Paradiesstraße	de:09162:79:32:42	48.146231	11.595858		NO_MATCH_AND_SEEMS_UNSERVED								POINT(11.595858 48.146231)
3262	München	Paradiesstraße	de:09162:79:33:73	48.146195	11.594187		NO_MATCH_AND_SEEMS_UNSERVED								POINT(11.594187 48.146195)
3263	München	Paradiesstraße	de:09162:79:3:PDI21	48.14674	11.594654		NO_MATCH_AND_SEEMS_UNSERVED								POINT(11.594654 48.14674)
3264	München	Pariser Straße	de:09162:8006:1:1	48.126813	11.597035		NO_MATCH_AND_SEEMS_UNSERVED								POINT(11.597035 48.126813)
3265	München	Pariser Straße	de:09162:8006:2:2	48.125872	11.598598		NO_MATCH_AND_SEEMS_UNSERVED								POINT(11.598598 48.125872)
3266	München	Pariser Straße	de:09162:8006:31:71	48.126327	11.597879		NO_MATCH_AND_SEEMS_UNSERVED								POINT(11.597879 48.126327)
3267	München	Parkhaus Blumengroßmarkt	de:09162:1135:1:1	48.119101	11.557877		MATCHED	n9548393876	37.2	1.0	Parkhaus Blumengroßmarkt			Schäftlarnstraße/Gasteig HP8	LINESTRING(11.557877 48.119101,11.5574629 48.1192889)
3268	München	Parkhaus Blumengroßmarkt	de:09162:1135:31:71	48.119263	11.559261		NO_MATCH_AND_SEEMS_UNSERVED								POINT(11.559261 48.119263)
3269	München	Parkhaus Blumengroßmarkt	de:09162:1135:32:72	48.118538	11.558452		NO_MATCH_AND_SEEMS_UNSERVED								POINT(11.558452 48.118538)
3270	München	Parkhaus Nord	de:09162:472:1:1	48.223032	11.621604		NO_MATCH_AND_SEEMS_UNSERVED								POINT(11.621604 48.223032)
3271	München	Parkhaus Nord	de:09162:472:2:2	48.222913	11.621981		NO_MATCH_AND_SEEMS_UNSERVED								POINT(11.621981 48.222913)
3272	München	Parkplatz Großmarkt	de:09162:1136:1:1	48.115101	11.555649		NO_MATCH_AND_SEEMS_UNSERVED								POINT(11.555649 48.115101)
3273	München	Parkstadt Solln	de:09162:1352:1:1	48.080118	11.503538	bus	MATCHED	w396706834	3.1	1.0	Parkstadt Solln	134	Eberlestraße	Eberlestraße	LINESTRING(11.503538 48.080118,11.503496939721334 48.08011306885195)
3274	München	Parkstadt Solln	de:09162:1352:2:2	48.079476	11.503736	bus	MATCHED	w396706830	15.0	1.0	Parkstadt Solln	134,151	Gulbranssonstraße	Gulbranssonstraße	LINESTRING(11.503736 48.079476,11.503770917340598 48.07960870729272)
3275	München	Parkstadt Solln	de:09162:1352:31:71	48.07929	11.503233		NO_MATCH_AND_SEEMS_UNSERVED								POINT(11.503233 48.07929)
3276	München	Parkstadt Solln	de:09162:1352:3:3	48.079512	11.503035		NO_MATCH_AND_SEEMS_UNSERVED								POINT(11.503035 48.079512)
3277	München	Partnachplatz	de:09162:1330:1:1	48.116685	11.526571	bus	MATCHED	w377924368	12.5	1.0	Partnachplatz	54,N40	Fernpaßstraße	Fernpaßstraße	LINESTRING(11.526571 48.116685,11.526507469783237 48.11658134927137)
3278	München	Partnachplatz	de:09162:1330:2:2	48.116427	11.526742	bus	MATCHED	w377924369	0.7	1.0	Partnachplatz	54,N40	Drachenseestraße	Drachenseestraße	LINESTRING(11.526742 48.116427,11.526751558984554 48.11642764274287)
3279	München	Partnachplatz	de:09162:1330:39:73	48.115989	11.52587		NO_MATCH_AND_SEEMS_UNSERVED								POINT(11.52587 48.115989)
3280	München	Partnachplatz	de:09162:1330:3:3	48.116043	11.526068		NO_MATCH_AND_SEEMS_UNSERVED								POINT(11.526068 48.116043)
3281	München	Partnachplatz	de:09162:1330:51:51	48.116937	11.526418	light_rail	MATCHED	n73745334	15.6	0.47	Partnachplatz	U6	Harras / Westpark		LINESTRING(11.526418 48.116937,11.526619100000001 48.116899000000004)
3282	München	Partnachplatz	de:09162:1330:51:52	48.11702	11.526445	light_rail	MATCHED	n2644689621	16.4	0.46	Partnachplatz	U6	Westpark		LINESTRING(11.526445 48.11702,11.5266645 48.1170155)
3283	München	Parzivalplatz	de:09162:433:3:2	48.171207	11.585446	bus	MATCHED	w277106268	2.1	0.88	Parzivalplatz	142,N41	Kölner Platz / Heckscherstraße	Heckscherstraße / Kölner Platz	LINESTRING(11.585446 48.171207,11.585419245583665 48.17120194973889)
3284	München	Parzivalplatz	de:09162:433:3:6	48.171033	11.585446	bus	MATCHED	w277106269	2.3	0.87	Parzivalplatz	142,N41	Potsdamer Straße	Potsdamer Straße	LINESTRING(11.585446 48.171033,11.585428099591361 48.171050249972566)
3285	München	Parzivalplatz	de:09162:433:4:4	48.17189	11.585958		MATCHED	n1703279849	3.3	0.79	Parzivalplatz	12,140,141,23,27,N40	Wilhelm-Hertz-Straße / Schwabinger Tor	Schwabinger Tor	LINESTRING(11.585958 48.17189,11.585931100000002 48.171913200000006)
3286	München	Parzivalplatz	de:09162:433:4:5	48.171614	11.585887		MATCHED	n595311119	5.4	0.71	Parzivalplatz	12,140,141,23,27,N40	Potsdamer Straße / Kölner Platz / Potsdamer Straße	Potsdamer Straße / Kölner Platz	LINESTRING(11.585887 48.171614,11.5859126 48.1715687)
3287	München	Parzivalplatz	de:09162:433:99:1	48.171776	11.585923		MATCHED	w265278392	5.9	0.59	Parzivalplatz			Potsdamer Straße / Kölner Platz	LINESTRING(11.585923 48.171776,11.585859798268066 48.17174354788324)
3288	München	Parzivalplatz	de:09162:433:99:3	48.17068	11.586165		MATCHED	w265278394	119.5	0.08	Parzivalplatz			Wilhelm-Hertz-Straße / Schwabinger Tor	LINESTRING(11.586165 48.17068,11.585982149628167 48.171747553847915)
3289	München	Pasing	de:09162:10:11:11	48.149701	11.458847	bus	MATCHED	n2468831380	49.7	0.14	Pasing Bahnhof	X730,X731,X732,X733	Odelzh., R.-Diesel-Str./Brücke / Geiselbullach, Gewerbepark Ost / Sulzemoos, Gewerbegebiet P+R / Sulzemoos, Hauptstraße	Freiham Möbel Höffner	LINESTRING(11.458847 48.149701,11.459083600000001 48.149283200000006)
3290	München	Pasing	de:09162:10:12:12	48.148802	11.459898	bus	MATCHED	n3831997164	9.8	0.5	Pasing Bahnhof	130,157	Rathaus Pasing	Rathaus Pasing	LINESTRING(11.459898 48.148802,11.4600174 48.148839900000006)
3291	München	Pasing	de:09162:10:13:13	48.149653	11.458631		NO_MATCH_AND_SEEMS_UNSERVED								POINT(11.458631 48.149653)
3292	München	Pasing	de:09162:10:13:14	48.149827	11.458766		MATCHED	w1286807079	8.9	0.28	Pasing Bahnhof				LINESTRING(11.458766 48.149827,11.458780143305594 48.14990626079346)
3293	München	Pasing	de:09162:10:15:15	48.148838	11.461218	tram	MATCHED	n2574527123	5.5	0.32	Pasing Bahnhof	19,N19	Rathaus Pasing		LINESTRING(11.461218 48.148838,11.4611871 48.1487927)
3294	München	Pasing	de:09162:10:15:16	48.148766	11.461165	tram	MATCHED	n3831996962	3.3	0.38	Pasing Bahnhof	14	Rathaus Pasing		LINESTRING(11.461165 48.148766,11.461129000000001 48.148749)
3295	München	Pasing	de:09162:10:1:1	48.14897	11.460509	bus	MATCHED	n2468831369	9.5	0.51	Pasing Bahnhof	130,56	Marschnerstraße	Marschnerstraße	LINESTRING(11.460509 48.14897,11.460387800000001 48.1489958)
3296	München	Pasing	de:09162:10:2:2	48.149126	11.460087		MATCHED	n2468831375	11.2	0.39	Pasing Bahnhof	162,259,265,N77,RB6,RB66,S20,S4	München Hbf / Heimeranplatz / Scapinellistraße	Scapinellistraße	LINESTRING(11.460087 48.149126,11.459941800000001 48.149152900000004)
3297	München	Pasing	de:09162:10:2:3	48.149246	11.459736	train	NO_MATCH_BUT_OTHER_PLATFORM_MATCHED					RB6,RB60,RB65,RB66,RB68,RB74,RE61,RE62,RE70,RE72,RE76,RE96,S3,S4	München Hbf / München Hbf / München Hbf / München Hbf / München Hbf / München Hbf / Tutzing / Leienfelsstraße / Fürstenfeldbruck / München Hbf / Heimeranplatz / München Hbf		POINT(11.459736 48.149246)
3298	München	Pasing	de:09162:10:31:71	48.14861	11.460491		NO_MATCH_AND_SEEMS_UNSERVED								POINT(11.460491 48.14861)
3299	München	Pasing	de:09162:10:32:72	48.149755	11.458685		MATCHED	w1286807078	3.2	0.4	Pasing Bahnhof			Sulzemoos, Hauptstraße / Steingaden, Feuerwehrhaus / Rudolf-Diesel-Straße/Brücke / Sulzemoos, Gewerbegebiet P+R / Gewerbepark Ost, Geiselbullach	LINESTRING(11.458685 48.149755,11.458697950000003 48.1497828)
3300	München	Pasing	de:09162:10:41:81	48.149791	11.461461	trainish	MATCHED	n1468335003	9.9	0.29	München-Pasing			Heimeranplatz	LINESTRING(11.461461 48.149791,11.461450200000002 48.149702500000004)
3301	München	Pasing	de:09162:10:42:82	48.149599	11.461793	trainish	MATCHED	w54367410	20.7	1.0	Pasing, Bahnsteig 2				LINESTRING(11.461793 48.149599,11.462019671391126 48.14949121511842)
3302	München	Pasing	de:09162:10:43:83	48.149677	11.46165	trainish	MATCHED	n2468831411	14.8	0.43	München-Pasing			München Hbf Gleis 27-36	LINESTRING(11.46165 48.149677,11.461472 48.149737)
3303	München	Pasing	de:09162:10:43:84	48.149779	11.461721	trainish	MATCHED	n2468831429	14.6	0.43	München-Pasing			Geltendorf / Tutzing / Aubing / Buchloe / Kaufering / Starnberg / Leienfelsstraße / Fürstenfeldbruck	LINESTRING(11.461721 48.149779,11.4615413 48.1498324)
3304	München	Pasing	de:09162:10:45:85	48.149815	11.461748	trainish	MATCHED	n615422391	14.5	0.49	Pasing			Laim	LINESTRING(11.461748 48.149815,11.4615699 48.149868500000004)
3305	München	Pasing	de:09162:10:45:86	48.149911	11.461829	trainish	MATCHED	n601733617	16.0	0.47	Pasing			Laim	LINESTRING(11.461829 48.149911,11.461633800000001 48.14997210000001)
3306	München	Pasing	de:09162:10:47:87	48.149953	11.461856	trainish	MATCHED	n1302634121	16.1	0.46	Pasing			Westkreuz	LINESTRING(11.461856 48.149953,11.4616573 48.15000980000001)
3307	München	Pasing	de:09162:10:47:88	48.150049	11.461937	trainish	MATCHED	n237620737	17.6	0.44	Pasing			Leienfelsstraße / Langwied	LINESTRING(11.461937 48.150049,11.4617216 48.150114800000004)
3308	München	Pasing	de:09162:10:49:89	48.150097	11.461955	trainish	MATCHED	n2468831488	16.4	0.41	München-Pasing			München Hauptbahnhof	LINESTRING(11.461955 48.150097,11.4617502 48.150152000000006)
3309	München	Pasing	de:09162:10:49:90	48.150187	11.462027		MATCHED	n1717055699	15.0	0.33	München-Pasing			Mering / Augsburg Hauptbahnhof / Mammendorf	LINESTRING(11.462027 48.150187,11.4618452 48.150245500000004)
3310	München	Pasing	de:09162:10:4:4	48.149365	11.459377		MATCHED	n2468831384	11.3	0.25	Pasing Bahnhof	160,56,57,N80,N81,RB6,RB60,RB65,RB66,RB68,RB74,RE61,RE62,RE70,RE72,RE76,RE96,S20	Puchheim / Scapinellistraße / Avenariusplatz / Fürstenfeldbruck / Weilheim (Oberbay) / Marschnerstraße / Volmstraße / Buchloe / Buchloe / Tutzing / Starnberg / Kaufering / Aubing / Geltendorf / Starnberg	Marschnerstraße / Volmstraße / Scapinellistraße / Avenariusplatz	LINESTRING(11.459377 48.149365,11.459229200000001 48.149388)
3311	München	Pasing	de:09162:10:4:5	48.149479	11.459009		MATCHED	n2468831387	11.3	0.39	Pasing Bahnhof	157,159,HEX,S2,S3,S4,S5,S6,S8	Freiham, Möbel Höffner / Scapinellistraße / St. Wolfgang / Heimeranplatz / Laim / Leienfelsstraße / Westkreuz	Scapinellistraße / St. Wolfgang	LINESTRING(11.459009 48.149479,11.458864400000001 48.1495109)
3312	München	Pasing	de:09162:10:61:61	48.149497	11.461012		MATCHED	n8231142779	22.9	1.0	Pasing Bahnhof				LINESTRING(11.461012 48.149497,11.4607176 48.1495582)
3313	München	Pasing	de:09162:10:6:6	48.148844	11.460329		MATCHED	n2584061038	10.1	0.4	Pasing Bahnhof	259,265,56,S2,S3,S4,S5,S6,S8	Pasinger Marienplatz / Laim / Langwied / Westkreuz	Pasinger Marienplatz	LINESTRING(11.460329 48.148844,11.460462300000001 48.148828)
3314	München	Pasing	de:09162:10:7:7	48.149012	11.459862		MATCHED	n2468831367	10.1	0.4	Pasing Bahnhof	162,N77,S3,S4,S5,S6,S8	Leienfelsstraße / Langwied / Rathaus Pasing / Laim / Westkreuz	Rathaus Pasing	LINESTRING(11.459862 48.149012,11.4599902 48.148981400000004)
3315	München	Pasing	de:09162:10:8:8	48.148928	11.459575		MATCHED	n2468831366	6.1	0.33	Pasing Bahnhof	57,S3,S4,S6,S8	Westkreuz / Langwied / Leienfelsstraße		LINESTRING(11.459575 48.148928,11.459612 48.1488786)
3316	München	Pasing	de:09162:10:9:10	48.14933	11.458901	train	NO_MATCH_BUT_OTHER_PLATFORM_MATCHED					11,18,24,42,47,60,62,DRF,RB86,RB87,RB89,RE70,RE80,RE89,RE9	Mammendorf / München Hbf / Bonn Hbf / Mering / München Hbf / Augsburg Hbf / München Hbf / Augsburg Hbf / München Hbf / Augsburg Hbf / Augsburg Hbf / Mammendorf		POINT(11.458901 48.14933)
3317	München	Pasing	de:09162:10:9:9	48.149198	11.459296		MATCHED	n2468831376	9.7	0.41	Pasing Bahnhof	11,159,160,18,24,42,47,57,60,62,DRF,RB86,RB87,RB89,RE80,RE89,RE9	München Hbf / München Hbf / München Hbf / München Hbf / Ostbahnhof / München Hbf / München Hbf / Rathaus Pasing / München Hbf / München Hbf / München Hbf / München Hbf / München Süd / München Hbf / München Hbf / Pasinger Marienplatz / München Hbf / München Hbf / München Hbf	Pasinger Marienplatz / Rathaus Pasing	LINESTRING(11.459296 48.149198,11.459418900000001 48.149169500000006)
3318	München	Pasing Bf. Nord	de:09162:1796:1:1	48.150774	11.462162	bus	MATCHED	w239068421	4.5	1.0	Pasing Bahnhof Nord	160	Orthstraße	Orthstraße	LINESTRING(11.462162 48.150774,11.4622037646778 48.1508032405632)
3319	München	Pasing Bf. Nord	de:09162:1796:2:2	48.15045	11.462449	bus	MATCHED	w239068422	3.1	1.0	Pasing Bahnhof Nord	160,161	Nusselstraße / Offenbachstraße	Nusselstraße / Offenbachstraße	LINESTRING(11.462449 48.15045,11.462484529752102 48.15043554997465)
3320	München	Pasing Bf. Nord	de:09162:1796:31:71	48.151529	11.46315		MATCHED	n12246062406	53.0	0.14	Pasing Bahnhof Nord				LINESTRING(11.46315 48.151529,11.4636315 48.1511773)
3321	München	Pasing Bf. Nord	de:09162:1796:32:72	48.15093	11.463644	bus	MATCHED	n12246062405	3.6	0.66	Pasing Bahnhof Nord	S4	Laim / Fürstenfeldbruck / Leienfelsstraße / Langwied / Leienfelsstraße		LINESTRING(11.463644 48.15093,11.4636144 48.1509044)
3322	München	Pasinger Heuweg	de:09162:1834:1:1	48.182858	11.447546		MATCHED	n391502192	47.7	1.0	Pasinger Heuweg			Riederstraße / Gerlachweg	LINESTRING(11.447546 48.182858,11.4478875 48.182495200000005)
3323	München	Pasinger Heuweg	de:09162:1834:2:2	48.183553	11.446791		MATCHED	n391502191	141.6	1.0	Pasinger Heuweg			Auenbruggerstraße	LINESTRING(11.446791 48.183553,11.4477328 48.182446600000006)
3324	München	Pasinger Heuweg	de:09162:1834:30:70	48.182026	11.444591		NO_MATCH_AND_SEEMS_UNSERVED								POINT(11.444591 48.182026)
3325	München	Pasinger Heuweg	de:09162:1834:31:71	48.18181	11.444905		NO_MATCH_AND_SEEMS_UNSERVED								POINT(11.444905 48.18181)
3326	München	Pasinger Heuweg	de:09162:1834:32:72	48.182427	11.447708		NO_MATCH_AND_SEEMS_UNSERVED								POINT(11.447708 48.182427)
3327	München	Pasinger Heuweg	de:09162:1834:33:73	48.182505	11.447905	bus	NO_MATCH_BUT_OTHER_PLATFORM_MATCHED					164	Riederstraße / Gerlachweg		POINT(11.447905 48.182505)
3328	München	Pasinger Heuweg	de:09162:1834:3:3	48.182481	11.447914		NO_MATCH_AND_SEEMS_UNSERVED								POINT(11.447914 48.182481)
3329	München	Pasinger Heuweg	de:09162:1834:4:4	48.182457	11.447699	bus	NO_MATCH_BUT_OTHER_PLATFORM_MATCHED					164	Auenbruggerstraße		POINT(11.447699 48.182457)
3330	München	Pasinger Marienplatz	de:09162:1622:1:1	48.146674	11.46006		MATCHED	n11254634064	28.5	0.12	Rathaus Pasing			Offenbachstraße	LINESTRING(11.46006 48.146674,11.4604362 48.146624800000005)
3331	München	Pasinger Marienplatz	de:09162:1622:2:2	48.146291	11.45908	bus	MATCHED	n3967125268	6.6	0.75	Pasinger Marienplatz	259,265,56,57	Engelbertstraße	Engelbertstraße	LINESTRING(11.45908 48.146291,11.45912 48.1463443)
3332	München	Pasinger Marienplatz	de:09162:1622:31:21	48.146596	11.459575		NO_MATCH_AND_SEEMS_UNSERVED								POINT(11.459575 48.146596)
3333	München	Pasinger Marienplatz	de:09162:1622:32:22	48.146524	11.459062		NO_MATCH_AND_SEEMS_UNSERVED								POINT(11.459062 48.146524)
3334	München	Pasinger Marienplatz	de:09162:1622:3:3	48.147142	11.459916		NO_MATCH_AND_SEEMS_UNSERVED								POINT(11.459916 48.147142)
3335	München	Pasinger Marienplatz	de:09162:1622:3:4	48.147358	11.460015		NO_MATCH_AND_SEEMS_UNSERVED								POINT(11.460015 48.147358)
3336	München	Pasinger Marienplatz	de:09162:1622:5:5	48.146632	11.459359		NO_MATCH_AND_SEEMS_UNSERVED								POINT(11.459359 48.146632)
3337	München	Pasinger Marienplatz	de:09162:1622:5:6	48.146632	11.459359		NO_MATCH_AND_SEEMS_UNSERVED								POINT(11.459359 48.146632)
3338	München	Pasinger Marienplatz	de:09162:1622:5:8	48.146632	11.459359		NO_MATCH_AND_SEEMS_UNSERVED								POINT(11.459359 48.146632)
3339	München	Pasinger Marienplatz	de:09162:1622:7:7	48.148383	11.460527		NO_MATCH_AND_SEEMS_UNSERVED								POINT(11.460527 48.148383)
3340	München	Pasinger Marienplatz	de:09162:1622:9:9	48.146267	11.459314	bus	NO_MATCH_BUT_OTHER_PLATFORM_MATCHED					259,56,57	Rathaus Pasing		POINT(11.459314 48.146267)
3341	München	Paul-Gerhardt-Allee	de:09162:1847:1:1	48.156371	11.478502	bus	MATCHED	w379853804	3.2	1.0	Paul-Gerhardt-Allee	162,180	Peter-Anders-Straße	Peter-Anders-Straße	LINESTRING(11.478502 48.156371,11.4785401 48.156384100000004)
3342	München	Paul-Gerhardt-Allee	de:09162:1847:2:2	48.156497	11.478798	bus	MATCHED	w379853803	10.5	1.0	Paul-Gerhardt-Allee	162,180	Am Durchblick	Am Durchblick	LINESTRING(11.478798 48.156497,11.47873673984572 48.156411705429264)
3343	München	Paul-Henri-Spaak-Straße	de:09162:814:1:1	48.138408	11.68922	bus	MATCHED	w386838139	3.9	1.0	Paul-Henri-Spaak-Straße	183,190,E183,N74	Am Messesee	Am Messesee	LINESTRING(11.68922 48.138408,11.68919515 48.1384393)
3344	München	Paul-Henri-Spaak-Straße	de:09162:814:2:2	48.138516	11.689462	bus	MATCHED	w386838138	3.4	1.0	Paul-Henri-Spaak-Straße	183,190,E183,N74	An der Point	An der Point	LINESTRING(11.689462 48.138516,11.6894326 48.138539099999996)
3345	München	Paul-Hindemith-Allee	de:09162:444:1:1	48.200692	11.605344	bus	MATCHED	w277228778	3.7	1.0	Paul-Hindemith-Allee	180,182	Euro-Industriepark Nord	Euro-Industriepark Nord	LINESTRING(11.605344 48.200692,11.605390592607758 48.20068111147012)
3346	München	Paul-Hindemith-Allee	de:09162:444:2:2	48.200399	11.606207	bus	MATCHED	w277228775	3.1	1.0	Paul-Hindemith-Allee	140,170,178,180,182	Bernsteinweg	Bernsteinweg	LINESTRING(11.606207 48.200399,11.606165792268962 48.200400670386394)
3347	München	Paul-Hindemith-Allee	de:09162:444:30:70	48.199979	11.608919		NO_MATCH_AND_SEEMS_UNSERVED								POINT(11.608919 48.199979)
3348	München	Paul-Hindemith-Allee	de:09162:444:31:71	48.200267	11.609108		NO_MATCH_AND_SEEMS_UNSERVED								POINT(11.609108 48.200267)
3349	München	Paul-Hindemith-Allee	de:09162:444:3:3	48.200806	11.605991	bus	MATCHED	w277228765	3.4	1.0	Paul-Hindemith-Allee	140,170	Gustav-Mahler-Straße	Gustav-Mahler-Straße	LINESTRING(11.605991 48.200806,11.6059896962309 48.200836996879296)
3350	München	Paul-Hindemith-Allee	de:09162:444:4:4	48.200021	11.605425	bus	MATCHED	w526500464	1.4	1.0	Paul-Hindemith-Allee	178	Am Ausbesserungswerk	Am Ausbesserungswerk	LINESTRING(11.605425 48.200021,11.605442539898387 48.20001648050991)
3351	München	Paul-Preuß-Straße	de:09162:1985:1:1	48.216694	11.540477		NO_MATCH_AND_SEEMS_UNSERVED								POINT(11.540477 48.216694)
3352	München	Paul-Wassermann-Straße	de:09162:824:1:1	48.135525	11.684549	bus	MATCHED	w386838140	16.8	1.0	Paul-Wassermann-Straße	139	Friedhof Riem	Friedhof Riem	LINESTRING(11.684549 48.135525,11.6847719 48.13550370000001)
3353	München	Paul-Wassermann-Straße	de:09162:824:1:2	48.135369	11.684522	bus	MATCHED	w386838141	19.4	1.0	Paul-Wassermann-Straße	139	Am Messesee	Am Messesee	LINESTRING(11.684522 48.135369,11.684769464684228 48.13542302549651)
3354	München	Paulaner Brauerei	de:09162:1852:1:1	48.175868	11.437027	bus	MATCHED	w371630542	15.3	1.0	Paulaner Brauerei	159	Langwied Ortsmitte / Campingplatz Obermenzing	Campingplatz Obermenzing / Langwied Ortsmitte	LINESTRING(11.437027 48.175868,11.43712719097993 48.175988535508274)
3355	München	Pelkovenstraße	de:09162:301:2:1	48.181037	11.510931	tram	MATCHED	n527374215	4.5	0.73	Pelkovenstraße	20,N20	Hugo-Troendle-Straße	Hugo-Troendle-Straße	LINESTRING(11.510931 48.181037,11.5109808 48.1810592)
3356	München	Pelkovenstraße	de:09162:301:2:2	48.181109	11.510868	tram	MATCHED	n3207960568	4.6	0.63	Pelkovenstraße	20,N20	Moosach		LINESTRING(11.510868 48.181109,11.510867500000002 48.1810674)
3357	München	Pelkovenstraße	de:09162:301:32:72	48.180911	11.512108		NO_MATCH_AND_SEEMS_UNSERVED								POINT(11.512108 48.180911)
3358	München	Pelkovenstraße	de:09162:301:33:73	48.181337	11.511129		MATCHED	n527374214	40.0	0.2	Pelkovenstraße			Moosach Bahnhof	LINESTRING(11.511129 48.181337,11.5107604 48.1810746)
3359	München	Pelkovenstraße	de:09162:301:34:74	48.181618	11.511084		NO_MATCH_AND_SEEMS_UNSERVED								POINT(11.511084 48.181618)
3360	München	Pelkovenstraße	de:09162:301:35:75	48.18081	11.511632		NO_MATCH_AND_SEEMS_UNSERVED								POINT(11.511632 48.18081)
3361	München	Pelkovenstraße	de:09162:301:3:3	48.180426	11.510778		NO_MATCH_AND_SEEMS_UNSERVED								POINT(11.510778 48.180426)
3362	München	Pelkovenstraße	de:09162:301:3:4	48.180552	11.510671		NO_MATCH_AND_SEEMS_UNSERVED								POINT(11.510671 48.180552)
3363	München	Pelkovenstraße	de:09162:301:5:5	48.181217	11.512225	bus	MATCHED	w379853806	3.1	1.0	Pelkovenstraße (T)	163,X35	Moosacher St.-Martins-Platz	Moosacher Sankt-Martins-Platz (U)	LINESTRING(11.512225 48.181217,11.51226299039842 48.18122933426395)
3364	München	Pelkovenstraße	de:09162:301:6:6	48.181451	11.513015	bus	MATCHED	w379853805	1.9	1.0	Pelkovenstraße (T)	163,X35	Moosach	Moosach Bahnhof	LINESTRING(11.513015 48.181451,11.512990646401136 48.18144688335814)
3365	München	Penzoltstraße	de:09162:1922:31:71	48.180474	11.482212		NO_MATCH_AND_SEEMS_UNSERVED								POINT(11.482212 48.180474)
3366	München	Penzoltstraße	de:09162:1922:32:72	48.180474	11.480002		NO_MATCH_AND_SEEMS_UNSERVED								POINT(11.480002 48.180474)
3367	München	Perlach	de:09162:1000:1:1	48.09374	11.630578	bus	MATCHED	w369986823	9.4	1.0	Perlach Bahnhof	196	Wolframstraße / Weidener Straße		LINESTRING(11.630578 48.09374,11.630452097829908 48.09373116983515)
3368	München	Perlach	de:09162:1000:41:81	48.093452	11.631404	train	MATCHED	n3737206790	0.7	0.95	Perlach	S5	Giesing		LINESTRING(11.631404 48.093452,11.6314018 48.093457900000004)
3369	München	Perlach	de:09162:1000:41:82	48.09338	11.631377	train	MATCHED	n33407678	1.8	0.88	Perlach	S5	Neuperlach Süd / Giesing	Neuperlach Süd / Giesing	LINESTRING(11.631377 48.09338,11.6313948 48.093369700000004)
3370	München	Perlschneiderstraße	de:09162:1633:1:1	48.135393	11.463698	bus	MATCHED	n3967121834	8.4	0.71	Perlschneiderstraße	56	Siegmannstraße	Siegmannstraße	LINESTRING(11.463698 48.135393,11.4635868 48.135405500000005)
3371	München	Perlschneiderstraße	de:09162:1633:2:2	48.135537	11.463186	bus	MATCHED	n3967122466	8.2	0.71	Perlschneiderstraße	56	Seeholzenweg	Seeholzenweg	LINESTRING(11.463186 48.135537,11.4632865 48.135505800000004)
3372	München	Perlschneiderstraße	de:09162:1633:31:71	48.135459	11.463437		NO_MATCH_AND_SEEMS_UNSERVED								POINT(11.463437 48.135459)
3373	München	Perlschneiderstraße	de:09162:1633:31:72	48.135459	11.463437		NO_MATCH_AND_SEEMS_UNSERVED								POINT(11.463437 48.135459)
3374	München	Peschelanger	de:09162:914:1:1	48.109217	11.654536		NO_MATCH_AND_SEEMS_UNSERVED								POINT(11.654536 48.109217)
3375	München	Peschelanger	de:09162:914:2:2	48.10902	11.654949		NO_MATCH_AND_SEEMS_UNSERVED								POINT(11.654949 48.10902)
3376	München	Peschelanger	de:09162:914:3:3	48.109217	11.654868	bus	MATCHED	w472615902	7.2	1.0	Peschelanger	197,N45	Karl-Marx-Ring	Karl-Marx-Ring	LINESTRING(11.654868 48.109217,11.654964686683288 48.10921378717119)
3377	München	Peschelanger	de:09162:914:4:4	48.109014	11.654204	bus	MATCHED	w472615904	4.3	1.0	Peschelanger	197,N45	Friedrich-Engels-Bogen	Friedrich-Engels-Bogen	LINESTRING(11.654204 48.109014,11.654149022735563 48.109025734350055)
3378	München	Peslmüllerstraße	de:09162:1669:3:PEM 1	48.141268	11.446208	bus	MATCHED	n6661035285	19.1	1.0	Peslmüllerstraße	267V	Krankenhaus Pasing		LINESTRING(11.446208 48.141268,11.4460031 48.1413712)
3379	München	Peter-Anders-Straße	de:09162:1846:1:1	48.152872	11.476472	bus	MATCHED	w379853807	9.8	1.0	Peter-Anders-Straße	162,180	Paul-Gerhardt-Allee	Paul-Gerhardt-Allee	LINESTRING(11.476472 48.152872,11.47639685 48.152799550000005)
3380	München	Peter-Anders-Straße	de:09162:1846:2:2	48.153675	11.476786	bus	MATCHED	w379853808	0.8	1.0	Peter-Anders-Straße	162,180	Schmaedelstraße	Schmaedelstraße	LINESTRING(11.476786 48.153675,11.476796588722843 48.15367650969058)
3381	München	Peter-Anders-Straße	de:09162:1846:31:71	48.153147	11.476804		NO_MATCH_AND_SEEMS_UNSERVED								POINT(11.476804 48.153147)
3382	München	Peter-Auzinger-Straße	de:09162:1189:1:1	48.098522	11.582725	bus	MATCHED	w378272120	2.4	1.0	Peter-Auzinger-Straße	139,220	Stadelheimer Straße / Stettnerstraße	Stettnerstraße / Stadelheimer Straße	LINESTRING(11.582725 48.098522,11.582693534314602 48.09852748797508)
3383	München	Peter-Auzinger-Straße	de:09162:1189:2:2	48.098774	11.582671	bus	MATCHED	w378272119	13.6	1.0	Peter-Auzinger-Straße	139,220,E220	Soyerhofstraße / Mangfallplatz	Mangfallplatz / Soyerhofstraße	LINESTRING(11.582671 48.098774,11.58281719752773 48.09884673875228)
3384	München	Pettenkoferstraße	de:09162:8016:1:1	48.134673	11.558524		NO_MATCH_AND_SEEMS_UNSERVED								POINT(11.558524 48.134673)
3385	München	Petuelring	de:09162:340:1:3	48.175436	11.56642		NO_MATCH_AND_SEEMS_UNSERVED								POINT(11.56642 48.175436)
3386	München	Petuelring	de:09162:340:1:4	48.175395	11.566609	bus	MATCHED	w349142799	6.5	1.0	Petuelring	173,177,178,N76	Olympiapark Ost	Olympiapark Eissportstadion	LINESTRING(11.566609 48.175395,11.566540768162932 48.175431662135054)
3387	München	Petuelring	de:09162:340:1:5	48.175353	11.566537	bus	MATCHED	w1069199796	5.8	1.0	Petuelring	173,177,178	Schopenhauerstraße	Schopenhauerstraße	LINESTRING(11.566537 48.175353,11.566477884712377 48.17538727528006)
3388	München	Petuelring	de:09162:340:1:7	48.175436	11.566681		MATCHED	w1069199798	6.0	1.0	Petuelring				LINESTRING(11.566681 48.175436,11.566617319751952 48.175468805056354)
3389	München	Petuelring	de:09162:340:1:8	48.175311	11.566465	bus	MATCHED	w349142801	9.1	1.0	Petuelring	173,177	Curt-Mezger-Platz	Curt-Mezger-Platz	LINESTRING(11.566465 48.175311,11.566383563529666 48.175371533374786)
3390	München	Petuelring	de:09162:340:21:21	48.175556	11.566142		NO_MATCH_AND_SEEMS_UNSERVED								POINT(11.566142 48.175556)
3391	München	Petuelring	de:09162:340:22:22	48.175167	11.566842		NO_MATCH_AND_SEEMS_UNSERVED								POINT(11.566842 48.175167)
3392	München	Petuelring	de:09162:340:2:1	48.175245	11.566187	tram	MATCHED	n3207960573	19.4	0.44	Petuelring	27,N27			LINESTRING(11.566187 48.175245,11.566199200000002 48.175419700000006)
3393	München	Petuelring	de:09162:340:2:2	48.175083	11.566267	tram	MATCHED	n295613382	29.7	0.37	Petuelring	27,N27	Gartenstraße	Gartenstraße	LINESTRING(11.566267 48.175083,11.5660734 48.174849200000004)
3394	München	Petuelring	de:09162:340:2:6	48.175131	11.566465		NO_MATCH_AND_SEEMS_UNSERVED								POINT(11.566465 48.175131)
3395	München	Petuelring	de:09162:340:31:71	48.174933	11.566492		MATCHED	n3550647222	29.6	0.25	Petuelring				LINESTRING(11.566492 48.174933,11.5661339 48.1748175)
3396	München	Petuelring	de:09162:340:51:51	48.175748	11.565881	light_rail	MATCHED	n3331619707	15.3	0.48	Petuelring	U3,U8	Olympiazentrum / Olympiazentrum / Olympiazentrum		LINESTRING(11.565881 48.175748,11.5658899 48.1756103)
3397	München	Petuelring	de:09162:340:51:52	48.175646	11.565872	light_rail	MATCHED	n3331619708	9.6	0.58	Petuelring	U3,U8	Scheidplatz / Scheidplatz		LINESTRING(11.565872 48.175646,11.5659045 48.175729100000005)
3398	München	Petuelring Nord	de:09162:378:1:1	48.176161	11.564902		NO_MATCH_AND_SEEMS_UNSERVED								POINT(11.564902 48.176161)
3399	München	Petuelring Nord	de:09162:378:2:2	48.176874	11.565127		NO_MATCH_AND_SEEMS_UNSERVED								POINT(11.565127 48.176874)
3400	München	Petuelring Nord	de:09162:378:30:70	48.17812	11.567103		NO_MATCH_AND_SEEMS_UNSERVED								POINT(11.567103 48.17812)
3401	München	Petuelring Nord	de:09162:378:3:3	48.177641	11.567372		NO_MATCH_AND_SEEMS_UNSERVED								POINT(11.567372 48.177641)
3402	München	Pfanzeltplatz	de:09162:1019:2:2	48.099787	11.630757	bus	MATCHED	w392318292	7.0	1.0	Pfanzeltplatz	139,55,N45	Wilhelm-Hoegner-Straße / Wilhelm-Hoegner-Straße	Wilhelm-Hoegner-Straße	LINESTRING(11.630757 48.099787,11.630670270879351 48.09981030062582)
3403	München	Pfanzeltplatz	de:09162:1019:30:70	48.102781	11.630111		MATCHED_THOUGH_DISTANT	w376496665	235.8	0.04	Pfanzeltplatz			Neuer Südfriedhof / Weddigenstraße	LINESTRING(11.630111 48.102781,11.630439226781885 48.10067190586633)
3404	München	Pfarrer-Grimm-Straße	de:09162:1819:1:1	48.179606	11.461165	bus	MATCHED	w398731653	1.6	1.0	Pfarrer-Grimm-Straße	160,165	Friedhof Untermenzing	Friedhof Untermenzing	LINESTRING(11.461165 48.179606,11.461177468428714 48.179594263308154)
3405	München	Pfarrer-Grimm-Straße	de:09162:1819:2:2	48.17927	11.461488	bus	MATCHED	w398731652	2.4	1.0	Pfarrer-Grimm-Straße	160,165	Esmarchstraße	Esmarchstraße	LINESTRING(11.461488 48.17927,11.461463492597934 48.17928439238115)
3406	München	Phantasiestraße	de:09162:931:1:1	48.11302	11.70141	bus	MATCHED	n992677150	4.4	1.0	Phantasiestraße	193,N79	Jagdhornstraße	Jagdhornstraße	LINESTRING(11.70141 48.11302,11.7013519 48.1130293)
3407	München	Phantasiestraße	de:09162:931:2:2	48.113392	11.701024	bus	MATCHED	n992677148	1.4	1.0	Phantasiestraße	193,N79	Bahnstraße	Bahnstraße	LINESTRING(11.701024 48.113392,11.701027600000002 48.1133795)
3408	München	Pilsenseestraße	de:09162:1315:1:1	48.109151	11.520534	bus	MATCHED	w383610604	1.7	1.0	Pilsenseestraße	151,51,63	Ettalstraße / Luise-Kiesselbach-Platz	Luise-Kiesselbach-Platz	LINESTRING(11.520534 48.109151,11.520515397354425 48.10914180020175)
3409	München	Pilsenseestraße	de:09162:1315:2:2	48.109559	11.519699	bus	MATCHED	w383610606	1.5	1.0	Pilsenseestraße	151,51,63	Höglwörther Straße / Höglwörther Straße	Höglwörther Straße	LINESTRING(11.519699 48.109559,11.519687300000005 48.109570299999994)
3410	München	Pinakotheken	de:09162:51:1:1	48.148706	11.571873	tram	MATCHED	n1679831847	7.9	0.63	Pinakotheken	27,28,N27	Schellingstraße	Schellingstraße	LINESTRING(11.571873 48.148706,11.571840600000002 48.1487734)
3411	München	Pinakotheken	de:09162:51:2:2	48.149192	11.57199	tram	MATCHED	n1672730748	6.2	0.68	Pinakotheken	27,28,N27	Karolinenplatz	Karolinenplatz	LINESTRING(11.57199 48.149192,11.572025400000001 48.149142000000005)
3412	München	Pinakotheken	de:09162:51:32:72	48.149276	11.568971		NO_MATCH_AND_SEEMS_UNSERVED								POINT(11.568971 48.149276)
3413	München	Pinakotheken	de:09162:51:33:73	48.14915	11.57216		NO_MATCH_AND_SEEMS_UNSERVED								POINT(11.57216 48.14915)
3414	München	Pinakotheken	de:09162:51:3:3	48.149156	11.571433	bus	MATCHED	w373507771	1.8	0.88	Pinakotheken	100,68	Technische Universität	Technische Universität	LINESTRING(11.571433 48.149156,11.571444555677587 48.14914165451549)
3415	München	Pinakotheken	de:09162:51:4:4	48.146734	11.57084	bus	MATCHED	w373507766	0.4	0.95	Pinakotheken	58	Oskar-von-Miller-Ring	Oskar-von-Miller-Ring	LINESTRING(11.57084 48.146734,11.570835409009772 48.146734947287875)
3416	München	Pinakotheken	de:09162:51:5:5	48.147094	11.569573	bus	MATCHED	w1459112718	51.9	0.39	Pinakotheken	100	Karolinenplatz	Karolinenplatz	LINESTRING(11.569573 48.147094,11.57021870377541 48.146916442755604)
3417	München	Pinakotheken	de:09162:51:71:5	48.14897	11.5719		NO_MATCH_AND_SEEMS_UNSERVED								POINT(11.5719 48.14897)
3418	München	Pinakotheken	de:09162:51:71:71	48.14897	11.5719		MATCHED	n3207960570	3.2	0.73	Pinakotheken				LINESTRING(11.5719 48.14897,11.5719407 48.1489622)
3419	München	Pirolstraße	de:09162:1752:3:PIR 1	48.179737	11.395767	bus	MATCHED	w379853809	2.5	1.0	Pirolstraße	830,N80	Sumpfmeisenweg	Sumpfmeisenweg	LINESTRING(11.395767 48.179737,11.395757250698551 48.17975843991271)
3420	München	Pirolstraße	de:09162:1752:3:PIR 2	48.179863	11.395579	bus	MATCHED	w379853810	6.2	1.0	Pirolstraße	830,N81	Gröbenzell, Am Sandberg	Gröbenzell, Am Sandberg / Krähenweg	LINESTRING(11.395579 48.179863,11.395651499234395 48.17983619598489)
3421	München	Planegger Straße	de:09162:1626:1:1	48.139799	11.457374	bus	MATCHED	n3967122369	1.4	0.9	Planegger Straße	56	Siegmannstraße	Siegmannstraße	LINESTRING(11.457374 48.139799,11.4573921 48.139802)
3422	München	Planegger Straße	de:09162:1626:2:2	48.140494	11.456754	bus	MATCHED	n3967122108	14.8	0.61	Planegger Straße	259,265,56,57	Engelbertstraße / Engelbertstraße	Engelbertstraße	LINESTRING(11.456754 48.140494,11.456604500000001 48.140582200000004)
3423	München	Planegger Straße	de:09162:1626:3:3	48.140392	11.45758	bus	MATCHED	n3967125261	11.8	0.65	Planegger Straße	57	Weinbergerstraße	Weinbergerstraße	LINESTRING(11.45758 48.140392,11.457714500000002 48.140448600000006)
3424	München	Planegger Straße	de:09162:1626:4:4	48.140039	11.456637	bus	MATCHED	n3967121854	7.1	0.74	Planegger Straße	259,265	Kraillinger Weg	Kraillinger Weg	LINESTRING(11.456637 48.140039,11.456576400000001 48.1399902)
3425	München	Plankenfelser Straße	de:09162:1728:1:1	48.149707	11.420579	bus	MATCHED	w379853811	4.4	1.0	Plankenfelser Straße	162,E162	Altenburgstraße / Wiesentfelser Straße	Altenburgstraße	LINESTRING(11.420579 48.149707,11.420597752814004 48.14966936158878)
3426	München	Plankenfelser Straße	de:09162:1728:2:2	48.150007	11.420633	bus	MATCHED	w379853812	5.2	1.0	Plankenfelser Straße	162,E162	Limesstraße	Limesstraße	LINESTRING(11.420633 48.150007,11.420640159325039 48.14996054092813)
3427	München	Plassenburgstraße	de:09162:1055:1:1	48.097406	11.607689	bus	MATCHED	w392177027	4.1	1.0	Plassenburgstraße	145,N75	Görzer Straße	Görzer Straße	LINESTRING(11.607689 48.097406,11.607710762470862 48.09737220747688)
3428	München	Plassenburgstraße	de:09162:1055:2:2	48.097334	11.60803	bus	MATCHED	w392177028	3.1	1.0	Plassenburgstraße	145	Hochäckerstraße	Hochäckerstraße	LINESTRING(11.60803 48.097334,11.60804415949995 48.09730746765769)
3429	München	Platanenstraße	de:09162:1563:1:1	48.114442	11.483524	bus	MATCHED	n2779899432	1.0	1.0	Platanenstraße	160,268	Saalburgstraße	Saalburgstraße	LINESTRING(11.483524 48.114442,11.4835306 48.1144502)
3430	München	Platanenstraße	de:09162:1563:2:2	48.114711	11.483092	bus	MATCHED	n2779899438	9.5	1.0	Platanenstraße	160,268	Großhadern	Großhadern	LINESTRING(11.483092 48.114711,11.4829656 48.114722500000006)
3431	München	Plattlinger Straße	de:09162:1403:3:PLS 1	48.078792	11.512746	bus	MATCHED	w396613069	0.4	1.0	Plattlinger Straße	63,N41	Hofbrunnstraße	Hofbrunnstraße	LINESTRING(11.512746 48.078792,11.512748757856633 48.07878910896948)
3432	München	Plattlinger Straße	de:09162:1403:3:PLS 2	48.078924	11.512692	bus	MATCHED	w396613072	2.0	1.0	Plattlinger Straße	63,N41	Gilgstraße	Gilgstraße	LINESTRING(11.512692 48.078924,11.512708058038648 48.078909383456086)
3433	München	Plettstraße	de:09162:1043:1:1	48.109229	11.644232	bus	MATCHED	w400579534	2.2	1.0	Plettstraße	197,199,N45	Staudingerstraße / Staudingerstraße	Staudingerstraße	LINESTRING(11.644232 48.109229,11.6442595 48.1092209)
3434	München	Plettstraße	de:09162:1043:2:2	48.109032	11.644421	bus	MATCHED	w400579533	2.4	1.0	Plettstraße	197,199,N45	Quiddestraße / Quiddestraße	Quiddestraße	LINESTRING(11.644421 48.109032,11.644453000000004 48.109030950000005)
3435	München	Poccistraße	de:09162:30:1:1	48.12577	11.548777	bus	MATCHED	w370907828	18.2	1.0	Poccistraße	62	Hans-Fischer-Straße	Hans-Fischer-Straße	LINESTRING(11.548777 48.12577,11.548935316927574 48.125645026515876)
3436	München	Poccistraße	de:09162:30:2:2	48.124972	11.549343	bus	MATCHED	w370907832	3.0	1.0	Poccistraße	N40,N41	Aberlestraße	Aberlestraße	LINESTRING(11.549343 48.124972,11.54930732655876 48.12496003011132)
3437	München	Poccistraße	de:09162:30:31:71	48.124984	11.550026		NO_MATCH_AND_SEEMS_UNSERVED								POINT(11.550026 48.124984)
3438	München	Poccistraße	de:09162:30:32:42	48.12538	11.549927		NO_MATCH_AND_SEEMS_UNSERVED								POINT(11.549927 48.12538)
3439	München	Poccistraße	de:09162:30:33:43	48.125344	11.550125		NO_MATCH_AND_SEEMS_UNSERVED								POINT(11.550125 48.125344)
3440	München	Poccistraße	de:09162:30:34:74	48.125932	11.550852		NO_MATCH_AND_SEEMS_UNSERVED								POINT(11.550852 48.125932)
3441	München	Poccistraße	de:09162:30:35:75	48.126519	11.553116		NO_MATCH_AND_SEEMS_UNSERVED								POINT(11.553116 48.126519)
3442	München	Poccistraße	de:09162:30:3:3	48.126106	11.551697	bus	MATCHED	w393492295	8.2	1.0	Poccistraße	N40,N41	Goetheplatz	Goetheplatz	LINESTRING(11.551697 48.126106,11.5516175 48.12605525)
3443	München	Poccistraße	de:09162:30:4:4	48.125536	11.548831	bus	MATCHED	w370907827	0.8	1.0	Poccistraße	62	Tumblingerstraße	Tumblingerstraße	LINESTRING(11.548831 48.125536,11.548819831464616 48.125535452109254)
3444	München	Poccistraße	de:09162:30:51:51	48.125488	11.550412	light_rail	MATCHED	n2633692409	16.9	0.45	Poccistraße	U3,U6	Implerstraße / Goetheplatz		LINESTRING(11.550412 48.125488,11.550205700000001 48.1255517)
3445	München	Poccistraße	de:09162:30:51:52	48.125548	11.550322	light_rail	MATCHED	n2633692407	11.4	0.54	Poccistraße	U3,U6	Implerstraße		LINESTRING(11.550322 48.125548,11.5503158 48.1254457)
3446	München	Polkostraße	de:09162:1803:1:1	48.160374	11.445893	bus	MATCHED	w391350358	3.6	1.0	Polkostraße	56,N80	Rubensstraße	Rubensstraße	LINESTRING(11.445893 48.160374,11.445934453148833 48.16035794896722)
3447	München	Polkostraße	de:09162:1803:2:2	48.159535	11.447223		NO_MATCH_AND_SEEMS_UNSERVED								POINT(11.447223 48.159535)
3448	München	Polkostraße	de:09162:1803:31:71	48.160386	11.44663		NO_MATCH_AND_SEEMS_UNSERVED								POINT(11.44663 48.160386)
3449	München	Polkostraße	de:09162:1803:32:72	48.16044	11.446585		NO_MATCH_AND_SEEMS_UNSERVED								POINT(11.446585 48.16044)
3450	München	Polkostraße	de:09162:1803:3:3	48.160392	11.446082	bus	MATCHED	w391350357	4.7	1.0	Polkostraße	56,N81	Alte Allee / Alte Allee	Alte Allee	LINESTRING(11.446082 48.160392,11.446032250000004 48.1604175)
3451	München	Poschingerstraße	de:09162:555:3:POS 1	48.152572	11.605937	bus	MATCHED	w398742550	4.3	1.0	Poschingerstraße	187	Redwitzstraße	Redwitzstraße	LINESTRING(11.605937 48.152572,11.605915731208183 48.15253651373192)
3452	München	Poschingerstraße	de:09162:555:3:POS 2	48.152632	11.605802	bus	MATCHED	w398742549	3.9	1.0	Poschingerstraße	187	Kufsteiner Platz	Kufsteiner Platz	LINESTRING(11.605802 48.152632,11.605823306360994 48.152600329192)
3453	München	Posener Platz	de:09162:608:1:1	48.148383	11.640405	bus	MATCHED	w400065988	2.8	1.0	Posener Platz	183,E183,E185	Hermann-Gmeiner-Weg / Hermann-Gmeiner-Weg	Hermann-Gmeiner-Weg	LINESTRING(11.640405 48.148383,11.640413298606196 48.14835832766521)
3454	München	Posener Platz	de:09162:608:2:2	48.147975	11.640612	bus	MATCHED	w400065989	4.1	1.0	Posener Platz	183,E183,E185	Zoppoter Straße / Englschalkinger Straße	Zoppoter Straße	LINESTRING(11.640612 48.147975,11.640580903961299 48.147944936914506)
3455	München	Posener Platz	de:09162:608:31:71	48.148407	11.640944		NO_MATCH_AND_SEEMS_UNSERVED								POINT(11.640944 48.148407)
3456	München	Potsdamer Straße	de:09162:434:1:1	48.166624	11.586057	bus	MATCHED	w277106271	4.6	0.8	Potsdamer Straße	142,N40,N41	Münchner Freiheit / Münchner Freiheit	Münchner Freiheit	LINESTRING(11.586057 48.166624,11.586052550000002 48.16666550000001)
3457	München	Potsdamer Straße	de:09162:434:2:2	48.167882	11.586426	bus	MATCHED	w277106272	3.0	0.84	Potsdamer Straße	142,N40,N41	Parzivalplatz / Parzivalplatz	Parzivalplatz	LINESTRING(11.586426 48.167882,11.586401869732414 48.16790388155412)
3458	München	Potsdamer Straße	de:09162:434:30:70	48.167355	11.585671		NO_MATCH_AND_SEEMS_UNSERVED								POINT(11.585671 48.167355)
3459	München	Potsdamer Straße	de:09162:434:3:3	48.167301	11.587019	bus	MATCHED	w277106270	13.0	0.63	Potsdamer Straße	59	Dietlindenstraße	Dietlindenstraße	LINESTRING(11.587019 48.167301,11.587194019616396 48.16730075037189)
3460	München	Potsdamer Straße	de:09162:434:4:4	48.16772	11.586282	tram	MATCHED	n1703279850	10.9	0.57	Potsdamer Straße	23	Parzivalplatz	Parzivalplatz	LINESTRING(11.586282 48.16772,11.586242200000001 48.1678143)
3461	München	Potsdamer Straße	de:09162:434:5:5	48.166786	11.586192		MATCHED	w265278396	8.0	0.64	Potsdamer Straße	23,59	Münchner Freiheit / Münchner Freiheit	Münchner Freiheit	LINESTRING(11.586192 48.166786,11.58617245077749 48.16685689152046)
3462	München	Pregerstraße	de:09162:1837:3:PRE 1	48.201243	11.453349	bus	MATCHED	w398731655	5.4	1.0	Pregerstraße	164	Kleselstraße	Kleselstraße	LINESTRING(11.453349 48.201243,11.453420072982189 48.201233472886955)
3463	München	Pregerstraße	de:09162:1837:3:PRE 2	48.201315	11.453403	bus	MATCHED	w398731654	4.6	1.0	Pregerstraße	164	Karl-Hänel-Straße	Karl-Hänel-Straße	LINESTRING(11.453403 48.201315,11.453342963540313 48.20130507136894)
3464	München	Preußenstraße	de:09162:754:1:1	48.18638	11.557895	bus	MATCHED	w390071289	25.5	1.0	Preußenstraße	180,50	Anhalter Platz	Anhalter Platz	LINESTRING(11.557895 48.18638,11.55755399867832 48.18635426511065)
3465	München	Preußenstraße	de:09162:754:2:2	48.186476	11.556323	bus	MATCHED	w475370189	8.2	0.71	Preußenstraße	180,50	Lerchenauer Straße / Lerchenauer Straße	Lerchenauer Straße	LINESTRING(11.556323 48.186476,11.556226023546719 48.18644125055424)
3466	München	Priel	de:09162:617:1:1	48.160878	11.621783	bus	MATCHED	w400511243	12.7	1.0	Priel	187	Odinpark	Odinpark	LINESTRING(11.621783 48.160878,11.621777700000003 48.16076385)
3467	München	Priel	de:09162:617:2:2	48.161159	11.621747	bus	MATCHED	w400511244	4.5	1.0	Priel	187	Lohengrinstraße	Lohengrinstraße	LINESTRING(11.621747 48.161159,11.621790656625626 48.161130487343456)
3468	München	Priel	de:09162:617:31:71	48.161195	11.622574		NO_MATCH_AND_SEEMS_UNSERVED								POINT(11.622574 48.161195)
3469	München	Prinz-Eugen-Park	de:09162:632:1:1	48.162561	11.629401		MATCHED	w399721634	77.1	1.0	Prinz-Eugen-Park				LINESTRING(11.629401 48.162561,11.629350666848405 48.161868742242)
3470	München	Prinz-Eugen-Park	de:09162:632:2:2	48.162478	11.628988	bus	MATCHED	w399721636	3.5	1.0	Prinz-Eugen-Park	N72	Schlösselgarten	Schlösselgarten	LINESTRING(11.628988 48.162478,11.62897774179477 48.16250846602735)
3471	München	Prinz-Eugen-Park	de:09162:632:3:3	48.162567	11.629266	tram	MATCHED	n1540439852	12.3	0.54	Prinz-Eugen-Park	16,17	Taimerhofstraße	Taimerhofstraße	LINESTRING(11.629266 48.162567,11.629228000000001 48.162674700000004)
3472	München	Prinz-Eugen-Park	de:09162:632:3:4	48.162567	11.629149	tram	MATCHED	n1540439853	7.1	0.65	Prinz-Eugen-Park	16,17	Schlösselgarten	Schlösselgarten	LINESTRING(11.629149 48.162567,11.6291712 48.1625049)
3473	München	Prinzregentenplatz	de:09162:570:1:1	48.139146	11.607024	bus	MATCHED	w373507780	1.7	1.0	Prinzregentenplatz	100,54,58,N43	Grillparzerstraße	Grillparzerstraße	LINESTRING(11.607024 48.139146,11.60700785 48.13915625)
3474	München	Prinzregentenplatz	de:09162:570:2:2	48.139541	11.606925	bus	MATCHED	w373507776	2.0	1.0	Prinzregentenplatz	100,54,68,N44	Galileiplatz / Friedensengel/Villa Stuck	Galileiplatz / Friedensengel/Villa Stuck	LINESTRING(11.606925 48.139541,11.606906271314132 48.13952779247589)
3475	München	Prinzregentenplatz	de:09162:570:32:42	48.138672	11.607823		NO_MATCH_AND_SEEMS_UNSERVED								POINT(11.607823 48.138672)
3476	München	Prinzregentenplatz	de:09162:570:51:51	48.139236	11.606934	light_rail	MATCHED	n2535330557	7.4	0.64	Prinzregentenplatz	U4	Max-Weber-Platz		LINESTRING(11.606934 48.139236,11.606967000000001 48.1392989)
3477	München	Prinzregentenplatz	de:09162:570:51:52	48.139194	11.607024	light_rail	MATCHED	n248795453	8.1	0.62	Prinzregentenplatz	U4	Böhmerwaldplatz		LINESTRING(11.607024 48.139194,11.607110800000001 48.139237900000005)
3478	München	Pronnerplatz	de:09162:1648:1:1	48.143581	11.496495	bus	MATCHED	w389689122	1.3	1.0	Pronnerplatz	130,157	Laim	Laim Bahnhof	LINESTRING(11.496495 48.143581,11.496489008970325 48.14357047007429)
3479	München	Pronnerplatz	de:09162:1648:2:2	48.143809	11.497232	bus	MATCHED	w389689123	1.3	1.0	Pronnerplatz	130,157	Pörtschacher Straße	Pörtschacher Straße	LINESTRING(11.497232 48.143809,11.497236346303964 48.14379769188008)
3480	München	Pulverturm	de:09162:397:1:1	48.196075	11.564731	bus	MATCHED	w384211904	0.8	1.0	Pulverturm	172,179	Detmoldstraße	Detmoldstraße	LINESTRING(11.564731 48.196075,11.56472638324826 48.19608112896416)
3481	München	Pulverturm	de:09162:397:2:2	48.195968	11.565028	bus	MATCHED	w384211903	1.6	1.0	Pulverturm	172,179	Augustin-Rösch-Straße / Augustin-Rösch-Straße	Augustin-Rösch-Straße	LINESTRING(11.565028 48.195968,11.56500787607874 48.19596382284301)
3482	München	Pulverturm	de:09162:397:31:71	48.197477	11.564444		NO_MATCH_AND_SEEMS_UNSERVED								POINT(11.564444 48.197477)
3483	München	Pulverturm	de:09162:397:32:72	48.197261	11.564875		NO_MATCH_AND_SEEMS_UNSERVED								POINT(11.564875 48.197261)
3484	München	Pulverturmstraße	de:09162:363:1:1	48.201662	11.553574	bus	MATCHED	w375853939	1.8	1.0	Pulverturmstraße	60,N76	Gundermannstraße	Gundermannstraße	LINESTRING(11.553574 48.201662,11.553561423081364 48.201647695798705)
3485	München	Pulverturmstraße	de:09162:363:2:2	48.202159	11.553422	bus	MATCHED	w375853938	1.8	1.0	Pulverturmstraße	60,N76	Goldlackplatz	Goldlackplatz	LINESTRING(11.553422 48.202159,11.553439917389069 48.202147491916705)
3486	München	Putzbrunner Straße	de:09162:974:1:1	48.096632	11.646801	bus	MATCHED	w476054891	1.8	1.0	Putzbrunner Straße	199,N79	Neuperlach Zentrum	Neuperlach Zentrum	LINESTRING(11.646801 48.096632,11.646795088488162 48.09661632416182)
3487	München	Putzbrunner Straße	de:09162:974:2:2	48.09626	11.64611	bus	MATCHED	w476054890	0.3	1.0	Putzbrunner Straße	199,N79	Neuperlach Süd / Neuperlach Süd	Neuperlach Süd	LINESTRING(11.64611 48.09626,11.646106485897459 48.096258483483176)
3488	München	Putzbrunner Straße	de:09162:974:3:3	48.096356	11.646945		MATCHED	w1027520997	1.9	0.79	Putzbrunner Straße				LINESTRING(11.646945 48.096356,11.6469399824433 48.09637230455778)
3489	München	Pöllatstraße	de:09162:1112:1:1	48.105121	11.590738	bus	MATCHED	w391474795	5.5	1.0	Pöllatstraße	220,E220	Chiemgaustraße	Chiemgaustraße	LINESTRING(11.590738 48.105121,11.590801570086937 48.10514665379614)
3490	München	Pöllatstraße	de:09162:1112:2:2	48.105283	11.590711	bus	MATCHED	w391474796	0.6	1.0	Pöllatstraße	220	Traunsteiner Straße	Traunsteiner Straße	LINESTRING(11.590711 48.105283,11.590717398013757 48.10527935495894)
3491	München	Pörtschacher Straße	de:09162:1605:1:1	48.144493	11.490234	bus	MATCHED	w389527411	2.5	1.0	Pörtschacher Straße	130,157	Veldener Straße	Veldener Straße	LINESTRING(11.490234 48.144493,11.490204207616308 48.14448335294038)
3492	München	Pörtschacher Straße	de:09162:1605:2:2	48.144193	11.490396	bus	MATCHED	w389527410	2.8	1.0	Pörtschacher Straße	130,157	Pronnerplatz	Pronnerplatz	LINESTRING(11.490396 48.144193,11.490433332773724 48.14419165011415)
3493	München	Pühnstraße	de:09162:638:3:PUH 1	48.146668	11.632141	bus	MATCHED	w386838146	2.5	1.0	Pühnstraße	185,188,189	Warthestraße	Warthestraße	LINESTRING(11.632141 48.146668,11.632170700000003 48.14665775000002)
3494	München	Pühnstraße	de:09162:638:3:PUH 2	48.146848	11.632006	bus	MATCHED	w386838144	19.8	1.0	Pühnstraße	185,188,189	Vollmannstraße	Vollmannstraße	LINESTRING(11.632006 48.146848,11.631742071740698 48.146872689486706)
3495	München	Pündterplatz	de:09162:452:3:PUN 1	48.162603	11.576868	bus	MATCHED	w351235038	2.0	1.0	Pündterplatz	53,59,N43	Bismarckstraße	Bismarckstraße	LINESTRING(11.576868 48.162603,11.576891184735057 48.162612800224)
3496	München	Quiddestraße	de:09162:1040:1:1	48.108582	11.646577	bus	MATCHED	w414695763	11.3	1.0	Quiddestraße	199	Plettstraße	Plettstraße	LINESTRING(11.646577 48.108582,11.646533633727872 48.10848500816351)
3497	München	Quiddestraße	de:09162:1040:2:2	48.108546	11.646307	bus	MATCHED	w414695765	19.9	1.0	Quiddestraße	139,192,199,N79	Siegfried-Mollier-Straße	Siegfried-Mollier-Straße	LINESTRING(11.646307 48.108546,11.646242760676259 48.108719600501956)
3498	München	Quiddestraße	de:09162:1040:30:70	48.107706	11.646226		NO_MATCH_AND_SEEMS_UNSERVED								POINT(11.646226 48.107706)
3499	München	Quiddestraße	de:09162:1040:3:3	48.109223	11.646864	bus	MATCHED	w414695762	0.8	1.0	Quiddestraße	197,N45	Plettstraße	Plettstraße	LINESTRING(11.646864 48.109223,11.646872474935936 48.109219049122174)
3500	München	Quiddestraße	de:09162:1040:4:4	48.10908	11.646972	bus	MATCHED	w414695761	8.4	1.0	Quiddestraße	197,N45	Karl-Marx-Ring	Karl-Marx-Ring	LINESTRING(11.646972 48.10908,11.646888575055911 48.10902965099872)
3501	München	Quiddestraße	de:09162:1040:51:51	48.108222	11.646712	light_rail	MATCHED	n2567946492	12.5	0.52	Quiddestraße	U5,U8	Michaelibad		LINESTRING(11.646712 48.108222,11.646737900000002 48.1081105)
3502	München	Quiddestraße	de:09162:1040:51:52	48.108222	11.646622	light_rail	MATCHED	n2567946494	12.8	0.52	Quiddestraße	U5,U8	Neuperlach Zentrum		LINESTRING(11.646622 48.108222,11.646564600000001 48.10811330000001)
3503	München	Quiddestraße	de:09162:1040:5:5	48.10881	11.646604	bus	MATCHED	w414695764	5.2	1.0	Quiddestraße	139,192,N79	Corinthstraße	Corinthstraße	LINESTRING(11.646604 48.10881,11.646560472101882 48.10877336201193)
3504	München	Quiddestraße	de:09162:1040:99:6	48.108222	11.646676		NO_MATCH_AND_SEEMS_UNSERVED								POINT(11.646676 48.108222)
3505	München	Ramersdorf	de:09162:1003:1:1	48.114741	11.613124	bus	MATCHED	w373592147	11.5	1.0	Ramersdorf	55,59,N45	Langbürgener Straße / Diakon-Kerolt-Weg	Diakon-Kerolt-Weg / Langbürgener Straße	LINESTRING(11.613124 48.114741,11.613125958291356 48.11484416873371)
3506	München	Ramersdorf	de:09162:1003:2:2	48.115503	11.614193	bus	MATCHED	w373592148	2.4	1.0	Ramersdorf	155	Hechtseestraße	Hechtseestraße	LINESTRING(11.614193 48.115503,11.614160243144546 48.11550310932073)
3507	München	Ramersdorf	de:09162:1003:3:3	48.115689	11.613761	bus	MATCHED	w364937156	9.5	1.0	Ramersdorf	155,55,59,N45	Karl-Preis-Platz / Karl-Preis-Platz	Karl-Preis-Platz	LINESTRING(11.613761 48.115689,11.613888706451034 48.11568630004796)
3508	München	Rangierbahnhof	de:09162:1965:1:1	48.193991	11.496118	bus	MATCHED	w409285670	4.6	1.0	Rangierbahnhof	176,710,X36	Max-Born-Straße / Bingener Straße	Max-Born-Straße / Bingener Straße	LINESTRING(11.496118 48.193991,11.49606498763788 48.19401190682535)
3509	München	Rangierbahnhof	de:09162:1965:2:2	48.194207	11.496199	bus	MATCHED	w409285671	1.8	1.0	Rangierbahnhof	176,710	Ferchenbachstraße	Ferchenbachstraße	LINESTRING(11.496199 48.194207,11.49618615447469 48.194192906908306)
3510	München	Rappelhofstraße	de:09162:656:1:1	48.140099	11.64805	bus	MATCHED	w400200160	4.6	1.0	Rappelhofstraße	149,191	Süskindstraße / Kronstadter Straße	Kronstadter Straße / Süskindstraße	LINESTRING(11.64805 48.140099,11.648047221319434 48.140140104557176)
3511	München	Rappelhofstraße	de:09162:656:2:2	48.140093	11.64832	bus	MATCHED	w400200159	4.8	1.0	Rappelhofstraße	149,191	Zamilapark	Zamilapark	LINESTRING(11.64832 48.140093,11.64830534872746 48.14013467613021)
3512	München	Rathaus Pasing	de:09162:1624:1:1	48.146722	11.461838		MATCHED	n1576005920	7.1	0.67	Rathaus Pasing	130,14,157,160,162,19,N19,N77	Pasing / Pasing / Pasing / Pasing / Pasing / Pasing		LINESTRING(11.461838 48.146722,11.461898900000001 48.1466733)
3513	München	Rathaus Pasing	de:09162:1624:2:2	48.14695	11.461308		NO_MATCH_AND_SEEMS_UNSERVED								POINT(11.461308 48.14695)
3514	München	Rathaus Pasing	de:09162:1624:34:74	48.146381	11.46147		NO_MATCH_AND_SEEMS_UNSERVED								POINT(11.46147 48.146381)
3515	München	Rathaus Pasing	de:09162:1624:35:75	48.146968	11.461389		NO_MATCH_AND_SEEMS_UNSERVED								POINT(11.461389 48.146968)
3516	München	Rathaus Pasing	de:09162:1624:3:3	48.146536	11.46191		MATCHED	n2571836365	25.0	0.28	Rathaus Pasing			Pasing Bahnhof	LINESTRING(11.46191 48.146536,11.4616789 48.146699700000006)
3517	München	Rathaus Pasing	de:09162:1624:4:4	48.146572	11.461003		MATCHED	n3765409861	24.4	0.42	Rathaus Pasing	130,14,157,160,162,19,259,265,56,57,N19,N77	Offenbachstraße / Pasing / Offenbachstraße / Pasing / Offenbachstraße / Pasing	Pasing Bahnhof / Offenbachstraße	LINESTRING(11.461003 48.146572,11.460677700000002 48.1465971)
3518	München	Rathenaustraße	de:09162:409:1:1	48.200913	11.573705		NO_MATCH_AND_SEEMS_UNSERVED								POINT(11.573705 48.200913)
3519	München	Rathenaustraße	de:09162:409:2:2	48.200357	11.573445	bus	MATCHED	w375743538	8.0	1.0	Rathenaustraße	171,174,N41	Am Hart	Am Hart (U)	LINESTRING(11.573445 48.200357,11.573482540264667 48.20042430695643)
3520	München	Rathenaustraße	de:09162:409:31:71	48.201273	11.573777		NO_MATCH_AND_SEEMS_UNSERVED								POINT(11.573777 48.201273)
3521	München	Rathenaustraße	de:09162:409:3:3	48.200452	11.57367	bus	MATCHED	w375743539	7.9	1.0	Rathenaustraße	171,174,N41	Röblingweg / Siedlung am Hart	Siedlung am Hart / Röblingweg	LINESTRING(11.57367 48.200452,11.573617250000002 48.20039050000001)
3522	München	Ratzingerplatz	de:09162:1303:1:1	48.099008	11.523121	bus	MATCHED	w376756337	4.3	1.0	Ratzingerplatz	51	Aidenbachstraße	Aidenbachstraße	LINESTRING(11.523121 48.099008,11.52317364601076 48.09902396737269)
3523	München	Ratzingerplatz	de:09162:1303:2:2	48.099727	11.523588	bus	MATCHED	w376756344	8.2	1.0	Ratzingerplatz	51,63	Aidenbachstraße / Aidenbachstraße	Aidenbachstraße	LINESTRING(11.523588 48.099727,11.523585511214371 48.09980027859557)
3524	München	Ratzingerplatz	de:09162:1303:31:71	48.099595	11.522951		NO_MATCH_AND_SEEMS_UNSERVED								POINT(11.522951 48.099595)
3525	München	Ratzingerplatz	de:09162:1303:33:73	48.09902	11.523148		NO_MATCH_AND_SEEMS_UNSERVED								POINT(11.523148 48.09902)
3526	München	Ratzingerplatz	de:09162:1303:3:3	48.09959	11.522987	bus	MATCHED	w376756334	2.2	1.0	Ratzingerplatz	51	Geisenhausenerstraße	Geisenhausenerstraße	LINESTRING(11.522987 48.09959,11.522961581023308 48.09959972270117)
3527	München	Ratzingerplatz	de:09162:1303:4:4	48.098912	11.523984	bus	MATCHED	w376756341	10.0	1.0	Ratzingerplatz	136,51,63,N41	Hofmannstraße / Hofmannstraße / Murnauer Straße	Murnauer Straße / Hofmannstraße	LINESTRING(11.523984 48.098912,11.523897558268924 48.09884265832378)
3528	München	Ravensburger Ring	de:09162:1702:1:1	48.150181	11.437063	bus	MATCHED	w398179137	0.9	1.0	Ravensburger Ring	57,N77	Westkreuz	Westkreuz Bahnhof	LINESTRING(11.437063 48.150181,11.437074376381393 48.15017759166871)
3529	München	Ravensburger Ring	de:09162:1702:2:2	48.150462	11.436703	bus	MATCHED	w398179138	2.0	1.0	Ravensburger Ring	162,57,N77	Überlinger Weg / Mainaustraße	Mainaustraße	LINESTRING(11.436703 48.150462,11.436690516566333 48.1504462036756)
3530	München	Redwitzstraße	de:09162:551:1:1	48.155556	11.608758	bus	MATCHED	w400511246	12.9	1.0	Redwitzstraße	187	Gustav-Freytag-Straße	Gustav-Freytag-Straße	LINESTRING(11.608758 48.155556,11.60864215 48.15546965)
3531	München	Redwitzstraße	de:09162:551:2:2	48.155413	11.608389	bus	MATCHED	w400511245	16.1	1.0	Redwitzstraße	187	Poschingerstraße	Poschingerstraße	LINESTRING(11.608389 48.155413,11.608476759064091 48.15554508442439)
3532	München	Regerplatz	de:09162:111:2:REG 1	48.124403	11.588079		MATCHED	w366269467	18.5	1.0	Regerplatz	25,E7,N45	Carl-Amery-Platz	Carl-Amery-Platz	LINESTRING(11.588079 48.124403,11.588263404202422 48.12451421081997)
3533	München	Regerplatz	de:09162:111:2:REG 2	48.124325	11.588186		MATCHED	w366269464	22.3	1.0	Regerplatz	25,E7,N45	Regerplatz / Rosenheimer Platz	Regerplatz / Rosenheimer Platz	LINESTRING(11.588186 48.124325,11.58798924445195 48.12417350162261)
3534	München	Regerplatz	de:09162:111:31:71	48.125026	11.588609		MATCHED	n1294816170	70.1	0.13	Regerplatz			Carl-Amery-Platz	LINESTRING(11.588609 48.125026,11.5882377 48.1244463)
3535	München	Regerplatz	de:09162:111:32:72	48.125128	11.588752		NO_MATCH_AND_SEEMS_UNSERVED								POINT(11.588752 48.125128)
3536	München	Regerplatz	de:09162:111:33:73	48.125128	11.589354		NO_MATCH_AND_SEEMS_UNSERVED								POINT(11.589354 48.125128)
3537	München	Regerplatz	de:09162:111:3:REG 3	48.124588	11.589201	bus	MATCHED	w391263989	6.4	1.0	Regerplatz	62,N45	Schwester-Eubulina-Platz	Schwester-Eubulina-Platz	LINESTRING(11.589201 48.124588,11.589125490207548 48.12461590980979)
3538	München	Regerplatz	de:09162:111:3:REG 4	48.124606	11.589381	bus	MATCHED	w391263997	10.3	1.0	Regerplatz	62,N45	Regerplatz / Schweigerstraße	Schweigerstraße / Regerplatz	LINESTRING(11.589381 48.124606,11.589278378909043 48.12466768626061)
3539	München	Regina-Ullmann-Straße	de:09162:556:1:1	48.169919	11.635348	bus	MATCHED	w373390898	1.1	1.0	Regina-Ullmann-Straße	50,N72	Fritz-Meyer-Weg	Fritz-Meyer-Weg	LINESTRING(11.635348 48.169919,11.635334019165793 48.16992224894905)
3540	München	Regina-Ullmann-Straße	de:09162:556:2:2	48.170027	11.635024	bus	MATCHED	w373390899	1.4	1.0	Regina-Ullmann-Straße	50,N72	Taimerhofstraße / Johanneskirchner Straße	Johanneskirchner Straße / Taimerhofstraße	LINESTRING(11.635024 48.170027,11.635042083476426 48.17003017624968)
3541	München	Regina-Ullmann-Straße	de:09162:556:2:92	48.170027	11.635024	bus	NO_MATCH_AND_SEEMS_UNSERVED								POINT(11.635024 48.170027)
3542	München	Regina-Ullmann-Straße	de:09162:556:31:71	48.169398	11.634099		MATCHED	n1540439877	82.3	0.11	Regina-Ullmann-Straße			Taimerhofstraße	LINESTRING(11.634099 48.169398,11.6350169 48.169811900000006)
3543	München	Regina-Ullmann-Straße	de:09162:556:3:3	48.168901	11.635707		NO_MATCH_AND_SEEMS_UNSERVED								POINT(11.635707 48.168901)
3544	München	Regina-Ullmann-Straße	de:09162:556:5:5	48.169871	11.635186	tram	MATCHED	n1540439874	8.5	0.62	Regina-Ullmann-Straße	16,17	Fritz-Meyer-Weg	Fritz-Meyer-Weg	LINESTRING(11.635186 48.169871,11.635194400000001 48.16994690000001)
3545	München	Regina-Ullmann-Straße	de:09162:556:5:6	48.169919	11.63506	tram	MATCHED	n7526607128	5.8	0.58	Regina-Ullmann-Straße	16,17	Taimerhofstraße		LINESTRING(11.63506 48.169919,11.635135 48.169904200000005)
3546	München	Reginbaldstraße	de:09162:1906:1:1	48.168901	11.484817	bus	MATCHED	w379853814	1.6	1.0	Reginbaldstraße	162	Fasanenstraße	Fasanenstraße	LINESTRING(11.484817 48.168901,11.484838332886158 48.168898842923554)
3547	München	Reginbaldstraße	de:09162:1906:2:2	48.169128	11.484718	bus	MATCHED	w379853813	0.5	1.0	Reginbaldstraße	162	Heerstraße	Heerstraße	LINESTRING(11.484718 48.169128,11.484712850000003 48.16913085)
3548	München	Reginbaldstraße	de:09162:1906:31:71	48.16917	11.479481		NO_MATCH_AND_SEEMS_UNSERVED								POINT(11.479481 48.16917)
3549	München	Reginbaldstraße	de:09162:1906:32:72	48.168841	11.480712		NO_MATCH_AND_SEEMS_UNSERVED								POINT(11.480712 48.168841)
3550	München	Reichenbachplatz	de:09162:68:2:1	48.133264	11.576733	tram	MATCHED	n1689006765	3.5	0.77	Reichenbachplatz	16,17,19,21,N17,N19	Isartor / Isartor	Isartor	LINESTRING(11.576733 48.133264,11.576738200000001 48.1332955)
3551	München	Reichenbachplatz	de:09162:68:2:2	48.133312	11.576508	tram	MATCHED	n1689006779	5.0	0.71	Reichenbachplatz	16,17,19,21,N17,N19	Müllerstraße	Müllerstraße	LINESTRING(11.576508 48.133312,11.5765639 48.133287700000004)
3552	München	Reichenbachplatz	de:09162:68:31:71	48.134535	11.575385		NO_MATCH_AND_SEEMS_UNSERVED								POINT(11.575385 48.134535)
3553	München	Reichenbachplatz	de:09162:68:32:72	48.134613	11.575224		NO_MATCH_AND_SEEMS_UNSERVED								POINT(11.575224 48.134613)
3554	München	Reitmorstraße/Sammlung Schack	de:09162:121:1:1	48.141945	11.593621	bus	MATCHED	w373507786	1.8	1.0	Reitmorstraße/Sammlung Schack	100	Friedensengel/Villa Stuck	Friedensengel/Villa Stuck	LINESTRING(11.593621 48.141945,11.593600358586427 48.141937370888236)
3555	München	Reitmorstraße/Sammlung Schack	de:09162:121:2:2	48.142107	11.593756	bus	MATCHED	w373507790	2.2	1.0	Reitmorstraße/Sammlung Schack	100	Nationalmuseum/Haus der Kunst	Nationalmuseum/Haus der Kunst	LINESTRING(11.593756 48.142107,11.593750300177119 48.142087200280436)
3556	München	Renatastraße	de:09162:220:1:1	48.156545	11.526364	tram	MATCHED	n1698244893	3.2	0.78	Renatastraße	12	Neuhausen	Neuhausen	LINESTRING(11.526364 48.156545,11.5263384 48.156567800000005)
3557	München	Renatastraße	de:09162:220:2:2	48.156725	11.526831	tram	MATCHED	n1698244898	10.0	0.58	Renatastraße	12	Hubertusstraße	Hubertusstraße	LINESTRING(11.526831 48.156725,11.5267408 48.156657800000005)
3558	München	Rennbahnstraße	de:09162:731:1:1	48.140446	11.662738	bus	MATCHED	w386838148	6.3	1.0	Rennbahnstraße	183,190,E183,N74	Tierheim	Tierheim	LINESTRING(11.662738 48.140446,11.662653132777397 48.140451721846915)
3559	München	Rennbahnstraße	de:09162:731:2:2	48.140704	11.662315	bus	MATCHED	w386838147	6.5	1.0	Rennbahnstraße	183,190,E183,N74	Burgauerstraße / Trabrennbahn	Burgauerstraße / Trabrennbahn	LINESTRING(11.662315 48.140704,11.66240145 48.14069735000001)
3560	München	Rennbahnstraße	de:09162:731:2:72	48.140848	11.662118		NO_MATCH_AND_SEEMS_UNSERVED								POINT(11.662118 48.140848)
3561	München	Rennbahnstraße	de:09162:731:33:73	48.14074	11.661902		NO_MATCH_AND_SEEMS_UNSERVED								POINT(11.661902 48.14074)
3562	München	Rennbahnstraße	de:09162:731:34:74	48.14068	11.661444		NO_MATCH_AND_SEEMS_UNSERVED								POINT(11.661444 48.14068)
3563	München	Rennbahnstraße	de:09162:731:35:75	48.140536	11.661615		NO_MATCH_AND_SEEMS_UNSERVED								POINT(11.661615 48.140536)
3564	München	Richard-Strauss-Straße	de:09162:680:1:1	48.148646	11.616286	bus	MATCHED	w307596902	5.9	1.0	Richard-Strauss-Straße	59	Böhmerwaldplatz	Böhmerwaldplatz	LINESTRING(11.616286 48.148646,11.616216749361515 48.148620459897856)
3565	München	Richard-Strauss-Straße	de:09162:680:2:2	48.148982	11.616744	bus	MATCHED	w249746695	3.3	1.0	Richard-Strauss-Straße	187,188,189	Herkomerplatz	Herkomerplatz	LINESTRING(11.616744 48.148982,11.61670053642101 48.14897490290574)
3566	München	Richard-Strauss-Straße	de:09162:680:30:70	48.148964	11.61589		NO_MATCH_AND_SEEMS_UNSERVED								POINT(11.61589 48.148964)
3567	München	Richard-Strauss-Straße	de:09162:680:3:3	48.149144	11.616331	bus	MATCHED	w249746693	5.7	1.0	Richard-Strauss-Straße	59	Effnerplatz	Effnerplatz	LINESTRING(11.616331 48.149144,11.616402993717706 48.14916085025641)
3568	München	Richard-Strauss-Straße	de:09162:680:4:4	48.148796	11.616708	bus	MATCHED	w249746694	1.2	1.0	Richard-Strauss-Straße	187,188,189	Denninger Straße	Denninger Straße	LINESTRING(11.616708 48.148796,11.616722299059568 48.14879185764105)
3569	München	Richard-Strauss-Straße	de:09162:680:51:51	48.148532	11.616546	light_rail	MATCHED	n2535330568	22.5	0.39	Richard-Strauss-Straße	U4	Böhmerwaldplatz		LINESTRING(11.616546 48.148532,11.6165822 48.148331500000005)
3570	München	Richard-Strauss-Straße	de:09162:680:52:52	48.148526	11.616672	light_rail	MATCHED	n207598531	22.1	0.39	Richard-Strauss-Straße	U4	Arabellapark / Arabellapark		LINESTRING(11.616672 48.148526,11.616619 48.1483306)
3571	München	Richard-Strauss-Straße	de:09162:680:99:75	48.148532	11.6166		NO_MATCH_AND_SEEMS_UNSERVED								POINT(11.6166 48.148532)
3572	München	Ridlerstraße	de:09162:27:1:1	48.13056	11.539102	bus	MATCHED	w377450892	3.4	1.0	Ridlerstraße	134,153,53	Ganghoferbrücke	Ganghoferbrücke	LINESTRING(11.539102 48.13056,11.539086317809257 48.130531217372805)
3573	München	Ridlerstraße	de:09162:27:2:2	48.131028	11.53939	bus	MATCHED	w377450891	1.1	1.0	Ridlerstraße	134,153,53	Schwanthalerhöhe	Schwanthalerhöhe	LINESTRING(11.53939 48.131028,11.539388250000002 48.131038100000005)
3574	München	Riedenburger Straße	de:09162:646:1:1	48.135914	11.623903	tram	MATCHED	n3836574974	8.1	0.63	Riedenburger Straße	19	Vogelweideplatz	Vogelweideplatz	LINESTRING(11.623903 48.135914,11.6237948 48.1359125)
3575	München	Riedenburger Straße	de:09162:646:1:2	48.13583	11.623822	tram	MATCHED	n3033385213	24.8	0.4	Riedenburger Straße	19	Berg am Laim	Berg am Laim Bahnhof	LINESTRING(11.623822 48.13583,11.6241477 48.135783700000005)
3576	München	Riedenburger Straße	de:09162:646:3:3	48.136172	11.624478	bus	MATCHED	w467285359	6.1	1.0	Riedenburger Straße	149,N74	Schwarzwaldstraße	Schwarzwaldstraße	LINESTRING(11.624478 48.136172,11.624507550000002 48.13622325)
3577	München	Riederstraße	de:09162:1832:1:1	48.186362	11.445561	bus	MATCHED	n369805922	3.6	1.0	Riederstraße	164	Hauseggerstraße	Hauseggerstraße	LINESTRING(11.445561 48.186362,11.4455304 48.1863364)
3578	München	Riederstraße	de:09162:1832:2:2	48.185949	11.445687		MATCHED	n369805919	1.8	1.0	Riederstraße			Pasinger Heuweg	LINESTRING(11.445687 48.185949,11.4456953 48.185964000000006)
3579	München	Riederstraße	de:09162:1832:31:71	48.185386	11.446109		NO_MATCH_AND_SEEMS_UNSERVED								POINT(11.446109 48.185386)
3580	München	Riederstraße	de:09162:1832:32:72	48.185368	11.445965		NO_MATCH_AND_SEEMS_UNSERVED								POINT(11.445965 48.185368)
3581	München	Riederstraße	de:09162:1832:33:73	48.186086	11.445237		NO_MATCH_AND_SEEMS_UNSERVED								POINT(11.445237 48.186086)
3582	München	Riederstraße	de:09162:1832:3:3	48.186332	11.44539	bus	NO_MATCH_BUT_OTHER_PLATFORM_MATCHED					164	Pasinger Heuweg		POINT(11.44539 48.186332)
3583	München	Riem	de:09162:800:1:1	48.143348	11.679141		MATCHED	w241123634	4.6	1.0	Riem Bahnhof (S)	190,S2	Martin-Empl-Ring / Ostbahnhof / Berg am Laim	Martin-Empl-Ring	LINESTRING(11.679141 48.143348,11.679084619166543 48.14333187326092)
3584	München	Riem	de:09162:800:1:2	48.143438	11.678898	bus	MATCHED	w241123632	1.8	1.0	Riem Bahnhof (S)	190,194	Graf-Lehndorff-Straße	Graf-Lehndorff-Straße	LINESTRING(11.678898 48.143438,11.6789219 48.143433600000016)
3585	München	Riem	de:09162:800:3:3	48.144648	11.681117		MATCHED	w483030908	1.8	1.0	Riem (S), Dornach			Dornach, Bahnhofstraße	LINESTRING(11.681117 48.144648,11.681121550987772 48.14463166154851)
3586	München	Riem	de:09162:800:41:81	48.143953	11.677874	train	MATCHED	w99953978	23.1	1.0	Riem	S2	Feldkirchen		LINESTRING(11.677874 48.143953,11.67757987709789 48.1438861313243)
3587	München	Riem	de:09162:800:42:82	48.144001	11.677874	train	MATCHED	n1460254934	8.0	0.74	Riem	S2	Ostbahnhof / Berg am Laim / Leuchtenbergring / Ostbahnhof / Ostbahnhof	Berg am Laim	LINESTRING(11.677874 48.144001,11.6777668 48.143991500000006)
3588	München	Riem	de:09162:800:42:83	48.144091	11.677829	trainish	MATCHED	n1460254939	6.6	0.67	Riem				LINESTRING(11.677829 48.144091,11.6777405 48.1440867)
3589	München	Riem	de:09162:800:44:84	48.144151	11.67782	trainish	MATCHED	w99341610	13.3	0.48	Riem				LINESTRING(11.67782 48.144151,11.677762995657115 48.144037249465995)
3590	München	Riemer Straße	de:09162:825:1:1	48.139679	11.674092	bus	MATCHED	n9383553682	2.1	1.0	Riemer Straße	183,190,194,E183,N74	Graf-Lehndorff-Straße	Graf-Lehndorff-Straße	LINESTRING(11.674092 48.139679,11.674120700000001 48.139679400000006)
3591	München	Riemer Straße	de:09162:825:2:2	48.139763	11.674029	bus	MATCHED	n9383553681	5.3	1.0	Riemer Straße	183,190,194,E183,N74	Tierheim / Tierheim	Tierheim	LINESTRING(11.674029 48.139763,11.6740896 48.139788100000004)
3592	München	Riesenburgstraße	de:09162:1722:1:1	48.148317	11.41376	bus	MATCHED	w375853940	4.7	1.0	Riesenburgstraße	143,57,N77	Wiesentfelser Straße / Wiesentfelser Straße	Wiesentfelser Straße	LINESTRING(11.41376 48.148317,11.413707016566601 48.14834013856426)
3593	München	Riesenburgstraße	de:09162:1722:2:2	48.148868	11.413778	bus	MATCHED	w375853941	1.6	1.0	Riesenburgstraße	143,57,N77	Kunreuthstraße	Kunreuthstraße	LINESTRING(11.413778 48.148868,11.413756027397785 48.14886713875348)
3594	München	Riesenburgstraße	de:09162:1722:3:3	48.148568	11.413123		NO_MATCH_AND_SEEMS_UNSERVED								POINT(11.413123 48.148568)
3595	München	Riesstraße	de:09162:314:3:RIT 2	48.184565	11.53329	bus	MATCHED	w375853942	6.2	1.0	Riesstraße	175	Olympia-Einkaufszentrum Ost	Olympia-Einkaufszentrum Ost	LINESTRING(11.53329 48.184565,11.533207231228587 48.18456441130171)
3596	München	Riesstraße	de:09162:314:99:1	48.184793	11.532913		NO_MATCH_AND_SEEMS_UNSERVED								POINT(11.532913 48.184793)
3597	München	Riesstraße Süd	de:09162:369:1:1	48.176197	11.535868	bus	MATCHED	w421240498	7.1	1.0	Riesstraße Süd	180,N76	Olympiazentrum / Olympiapark Ost	Olympiapark Eissportstadion / Olympiazentrum	LINESTRING(11.535868 48.176197,11.535774549999998 48.1762083)
3598	München	Riesstraße Süd	de:09162:369:2:2	48.176449	11.53674	bus	MATCHED	w421240499	3.7	1.0	Riesstraße Süd	180,N76	Georg-Brauchle-Ring / Georg-Brauchle-Ring	Georg-Brauchle-Ring	LINESTRING(11.53674 48.176449,11.536789613085649 48.17644432517889)
3599	München	Rindermarkt	de:09162:28:2:2	48.135669	11.573652		NO_MATCH_AND_SEEMS_UNSERVED								POINT(11.573652 48.135669)
3600	München	Rindermarkt	de:09162:28:2:3	48.135477	11.573777		NO_MATCH_AND_SEEMS_UNSERVED								POINT(11.573777 48.135477)
3601	München	Rindermarkt	de:09162:28:31:71	48.135609	11.572996		NO_MATCH_AND_SEEMS_UNSERVED								POINT(11.572996 48.135609)
3602	München	Rindermarkt	de:09162:28:3:RIN 1	48.135956	11.574101		NO_MATCH_AND_SEEMS_UNSERVED								POINT(11.574101 48.135956)
3603	München	Ringelnatzweg	de:09162:1304:1:1	48.075347	11.523409	bus	MATCHED	n4417416476	3.8	1.0	Ringelnatzweg	135	Sollner Straße	Sollner Straße	LINESTRING(11.523409 48.075347,11.523445800000001 48.075371100000005)
3604	München	Ringelnatzweg	de:09162:1304:2:2	48.075365	11.523085	bus	MATCHED	n4417416477	4.2	1.0	Ringelnatzweg	135	Melchiorstraße	Melchiorstraße	LINESTRING(11.523085 48.075365,11.523046200000001 48.075337100000006)
3605	München	Robinienstraße	de:09162:353:1:1	48.200764	11.543774		MATCHED	w375853947	1.5	1.0	Robinienstraße			Goldlackplatz	LINESTRING(11.543774 48.200764,11.543763550896314 48.20075265884038)
3606	München	Robinienstraße	de:09162:353:2:2	48.200872	11.543962	bus	MATCHED	w375853946	1.8	1.0	Robinienstraße	60,N76	Franz-Sperr-Weg	Franz-Sperr-Weg	LINESTRING(11.543962 48.200872,11.543939915358132 48.20087946683964)
3607	München	Robinienstraße	de:09162:353:3:3	48.199985	11.543549	bus	MATCHED	w375853945	1.3	1.0	Robinienstraße	173	Irisstraße	Irisstraße	LINESTRING(11.543549 48.199985,11.543542658178994 48.19999586807315)
3608	München	Robinienstraße	de:09162:353:4:4	48.200428	11.543342	bus	MATCHED	w375853943	3.2	1.0	Robinienstraße	173	Franz-Sperr-Weg	Franz-Sperr-Weg	LINESTRING(11.543342 48.200428,11.543360154011024 48.200401632264935)
3609	München	Robinienstraße	de:09162:353:5:5	48.200806	11.544124	bus	NO_MATCH_BUT_OTHER_PLATFORM_MATCHED					60,N76	Goldlackplatz		POINT(11.544124 48.200806)
3610	München	Rockefellerstraße	de:09162:446:1:1	48.210714	11.57517	bus	MATCHED	w277106273	2.6	1.0	Rockefellerstraße	141,170	Trenkleweg	Trenkleweg	LINESTRING(11.57517 48.210714,11.575204094195355 48.21071132281333)
3611	München	Rockefellerstraße	de:09162:446:2:2	48.210642	11.575421	bus	MATCHED	w277106274	2.6	1.0	Rockefellerstraße	141,170	Rose-Pichler-Weg	Rose-Pichler-Weg	LINESTRING(11.575421 48.210642,11.575454727153993 48.210636528024494)
3612	München	Rockefellerstraße	de:09162:446:31:71	48.210349	11.574936		NO_MATCH_AND_SEEMS_UNSERVED								POINT(11.574936 48.210349)
3613	München	Roecklplatz	de:09162:129:1:1	48.120829	11.561902	bus	MATCHED	w369716811	5.8	1.0	Roecklplatz	132	Baldeplatz	Baldeplatz	LINESTRING(11.561902 48.120829,11.56184776964573 48.120791753963154)
3614	München	Roecklplatz	de:09162:129:2:2	48.120583	11.561381	bus	MATCHED	w369716812	3.7	1.0	Roecklplatz	132	Lagerhausstraße	Lagerhausstraße	LINESTRING(11.561381 48.120583,11.561341602387234 48.12056300840342)
3615	München	Rofanstraße	de:09162:943:3:ROF 1	48.119845	11.650314	bus	MATCHED	w476088322	4.3	1.0	Rofanstraße	195,N79	St.-Veit-Straße	St.-Veit-Straße	LINESTRING(11.650314 48.119845,11.650256994780287 48.11984034375095)
3616	München	Rofanstraße	de:09162:943:3:ROF 2	48.119743	11.650305	bus	MATCHED	w476088315	5.5	1.0	Rofanstraße	195,N79	Gnadenwaldplatz	Gnadenwaldplatz	LINESTRING(11.650305 48.119743,11.650233592725794 48.11975479655001)
3617	München	Romanplatz	de:09162:215:19:49	48.15564	11.514201		NO_MATCH_AND_SEEMS_UNSERVED								POINT(11.514201 48.15564)
3618	München	Romanplatz	de:09162:215:2:1	48.155718	11.512198	tram	MATCHED	n1698244900	7.2	0.66	Romanplatz	12			LINESTRING(11.512198 48.155718,11.5121072 48.155696400000004)
3619	München	Romanplatz	de:09162:215:2:2	48.155658	11.512333	tram	MATCHED	n1670856527	15.5	0.5	Romanplatz	12	Hubertusstraße	Hubertusstraße	LINESTRING(11.512333 48.155658,11.512539 48.155680000000004)
3620	München	Romanplatz	de:09162:215:30:70	48.154034	11.509602		NO_MATCH_AND_SEEMS_UNSERVED								POINT(11.509602 48.154034)
3621	München	Romanplatz	de:09162:215:31:21	48.155568	11.512386		NO_MATCH_AND_SEEMS_UNSERVED								POINT(11.512386 48.155568)
3622	München	Romanplatz	de:09162:215:32:72	48.156198	11.511425		NO_MATCH_AND_SEEMS_UNSERVED								POINT(11.511425 48.156198)
3623	München	Romanplatz	de:09162:215:33:73	48.15455	11.510509		NO_MATCH_AND_SEEMS_UNSERVED								POINT(11.510509 48.15455)
3624	München	Romanplatz	de:09162:215:34:74	48.156353	11.511731		NO_MATCH_AND_SEEMS_UNSERVED								POINT(11.511731 48.156353)
3625	München	Romanplatz	de:09162:215:35:75	48.154148	11.513348		NO_MATCH_AND_SEEMS_UNSERVED								POINT(11.513348 48.154148)
3626	München	Romanplatz	de:09162:215:36:76	48.153633	11.513249		NO_MATCH_AND_SEEMS_UNSERVED								POINT(11.513249 48.153633)
3627	München	Romanplatz	de:09162:215:37:47	48.154945	11.511749		MATCHED	w316635258	24.2	0.29	Romanplatz				LINESTRING(11.511749 48.154945,11.51143984753173 48.155012181347445)
3628	München	Romanplatz	de:09162:215:38:78	48.153794	11.512773		NO_MATCH_AND_SEEMS_UNSERVED								POINT(11.512773 48.153794)
3629	München	Romanplatz	de:09162:215:39:79	48.154016	11.512979		NO_MATCH_AND_SEEMS_UNSERVED								POINT(11.512979 48.154016)
3630	München	Romanplatz	de:09162:215:3:3	48.155221	11.511174		MATCHED	w372837022	1.6	0.8	Romanplatz			Wilhelm-Hale-Straße / Hirschgartenallee	LINESTRING(11.511174 48.155221,11.511169071853733 48.15520657505025)
3631	München	Romanplatz	de:09162:215:40:80	48.154304	11.510931		NO_MATCH_AND_SEEMS_UNSERVED								POINT(11.510931 48.154304)
3632	München	Romanplatz	de:09162:215:4:4	48.155904	11.511228	bus	MATCHED	n13121109501	10.2	0.55	Romanplatz	151,51,N78	Wilhelm-Hale-Straße		LINESTRING(11.511228 48.155904,11.5113096 48.1559779)
3633	München	Romanplatz	de:09162:215:6:6	48.154807	11.511326	tram	MATCHED	n297278174	5.4	0.71	Romanplatz	16,17,N17	Kriemhildenstraße	Kriemhildenstraße	LINESTRING(11.511326 48.154807,11.511346300000001 48.154760800000005)
3634	München	Romanplatz	de:09162:215:7:5	48.155179	11.511443	tram	MATCHED	n295532715	9.6	0.6	Romanplatz	16		Schloss Nymphenburg	LINESTRING(11.511443 48.155179,11.511484900000001 48.1552608)
3635	München	Romanplatz	de:09162:215:7:7	48.155131	11.511524	tram	MATCHED_THOUGH_REVERSED_DIR	w154551797	18.9	0.27	Romanplatz	17,N17	Schloss Nymphenburg	Kriemhildenstraße / Hirschgartenallee	LINESTRING(11.511524 48.155131,11.511302950902548 48.15504675063705)
3636	München	Romanplatz	de:09162:215:8:8	48.154939	11.51174	bus	MATCHED	n6405656688	6.1	0.77	Romanplatz	151,51,N78	Schloss Nymphenburg	Schloss Nymphenburg	LINESTRING(11.51174 48.154939,11.511697900000001 48.154985700000005)
3637	München	Rose-Pichler-Weg	de:09162:447:1:1	48.210846	11.582823	bus	MATCHED	w277106276	1.8	1.0	Rose-Pichler-Weg	141,170	Rockefellerstraße	Rockefellerstraße	LINESTRING(11.582823 48.210846,11.582801265630648 48.210839829502284)
3638	München	Rose-Pichler-Weg	de:09162:447:2:2	48.210816	11.58126	bus	MATCHED	w277106275	1.5	1.0	Rose-Pichler-Weg	141,170	Neuherbergstraße	Neuherbergstraße	LINESTRING(11.58126 48.210816,11.581240547735865 48.210817216560535)
3639	München	Rose-Pichler-Weg	de:09162:447:31:71	48.207858	11.577433		NO_MATCH_AND_SEEMS_UNSERVED								POINT(11.577433 48.207858)
3640	München	Rosenheimer Platz	de:09162:4:11:11	48.12908	11.593477		MATCHED	n11148616543	10.7	1.0	Rosenheimer Platz				LINESTRING(11.593477 48.12908,11.593509200000002 48.1289863)
3641	München	Rosenheimer Platz	de:09162:4:2:1	48.128852	11.594124	tram	MATCHED	n1293262020	14.5	0.51	Rosenheimer Platz	25,E7	Wörthstraße	Wörthstraße	LINESTRING(11.594124 48.128852,11.5941869 48.1289753)
3642	München	Rosenheimer Platz	de:09162:4:2:2	48.128834	11.593989	tram	MATCHED	n1293262051	2.8	0.8	Rosenheimer Platz	25,E7	Regerplatz	Regerplatz	LINESTRING(11.593989 48.128834,11.5940253 48.1288281)
3643	München	Rosenheimer Platz	de:09162:4:31:21	48.128804	11.594232		NO_MATCH_AND_SEEMS_UNSERVED								POINT(11.594232 48.128804)
3644	München	Rosenheimer Platz	de:09162:4:32:22	48.128366	11.593657		NO_MATCH_AND_SEEMS_UNSERVED								POINT(11.593657 48.128366)
3645	München	Rosenheimer Platz	de:09162:4:33:73	48.12902	11.594016		NO_MATCH_AND_SEEMS_UNSERVED								POINT(11.594016 48.12902)
3646	München	Rosenheimer Platz	de:09162:4:34:74	48.12833	11.594133		NO_MATCH_AND_SEEMS_UNSERVED								POINT(11.594133 48.12833)
3647	München	Rosenheimer Platz	de:09162:4:3:3	48.127653	11.595292		NO_MATCH_AND_SEEMS_UNSERVED								POINT(11.595292 48.127653)
3648	München	Rosenheimer Platz	de:09162:4:40:81	48.129259	11.59284	train	MATCHED	n478521696	18.0	0.6	Rosenheimer Platz	S1,S2,S3,S4,S5,S6,S8	Ostbahnhof / Ostbahnhof / Ostbahnhof / Ostbahnhof	Ostbahnhof	LINESTRING(11.59284 48.129259,11.593012300000002 48.129145300000005)
3649	München	Rosenheimer Platz	de:09162:4:40:82	48.129349	11.592974	train	MATCHED	n60013076	17.6	0.6	Rosenheimer Platz	S1,S2,S3,S4,S5,S6,S8	Isartor / Isartor	Isartor	LINESTRING(11.592974 48.129349,11.5931428 48.129238300000004)
3650	München	Rosenheimer Platz	de:09162:4:61:61	48.128996	11.593055		MATCHED	n11148616544	26.9	1.0	Rosenheimer Platz				LINESTRING(11.593055 48.128996,11.593342900000001 48.128849200000005)
3651	München	Rotkreuzplatz	de:09162:190:1:1	48.152842	11.533982	bus	MATCHED	w385034746	2.5	1.0	Rotkreuzplatz	53,62,63	Rotkreuzplatz	Rotkreuzplatz	LINESTRING(11.533982 48.152842,11.53397008180173 48.152821221109996)
3652	München	Rotkreuzplatz	de:09162:190:2:2	48.152602	11.533928	bus	MATCHED	w385034747	3.1	1.0	Rotkreuzplatz	144,53	Landshuter Allee / Landshuter Allee	Landshuter Allee	LINESTRING(11.533928 48.152602,11.533955338050058 48.15262310377189)
3653	München	Rotkreuzplatz	de:09162:190:31:71	48.153255	11.531664		NO_MATCH_AND_SEEMS_UNSERVED								POINT(11.531664 48.153255)
3654	München	Rotkreuzplatz	de:09162:190:32:42	48.152566	11.534683		NO_MATCH_AND_SEEMS_UNSERVED								POINT(11.534683 48.152566)
3655	München	Rotkreuzplatz	de:09162:190:3:3	48.152979	11.5325	bus	MATCHED	w385034745	13.6	1.0	Rotkreuzplatz	62	Winthirplatz	Winthirplatz	LINESTRING(11.5325 48.152979,11.53268249443224 48.152982982868984)
3656	München	Rotkreuzplatz	de:09162:190:4:4	48.153195	11.533955		MATCHED_AMBIGUOUSLY	n3569314267	20.1	1.0	Rotkreuzplatz	12,N44	Winthirplatz / Volkartstraße	Volkartstraße	LINESTRING(11.533955 48.153195,11.533715200000001 48.153111)
3657	München	Rotkreuzplatz	de:09162:190:4:4	48.153195	11.533955		MATCHED_AMBIGUOUSLY	w133877835	5.5	1.0	Rotkreuzplatz	12,N44	Winthirplatz / Volkartstraße	Volkartstraße / Winthirplatz	LINESTRING(11.533955 48.153195,11.5338896 48.153171349999994)
3658	München	Rotkreuzplatz	de:09162:190:51:51	48.154208	11.533012	light_rail	MATCHED	n2555459463	8.1	0.62	Rotkreuzplatz	U1,U7	Gern		LINESTRING(11.533012 48.154208,11.5330486 48.1541398)
3659	München	Rotkreuzplatz	de:09162:190:51:52	48.154166	11.532877	light_rail	MATCHED	n2555459462	6.4	0.67	Rotkreuzplatz	U1,U7	Maillingerstraße		LINESTRING(11.532877 48.154166,11.5328815 48.1541081)
3660	München	Rotkreuzplatz	de:09162:190:5:5	48.153165	11.534251		MATCHED_AMBIGUOUSLY	n3569314268	8.5	1.0	Rotkreuzplatz	12,53,N43	Albrechtstraße	Albrechtstraße	LINESTRING(11.534251 48.153165,11.5343444 48.153208600000006)
3661	München	Rotkreuzplatz	de:09162:190:5:5	48.153165	11.534251		MATCHED_AMBIGUOUSLY	w157584837	7.3	1.0	Rotkreuzplatz	12,53,N43	Albrechtstraße	Albrechtstraße	LINESTRING(11.534251 48.153165,11.534158283115854 48.15314344158138)
3662	München	Rotkreuzplatz	de:09162:190:6:6	48.152662	11.533766	bus	MATCHED	w385034744	10.7	1.0	Rotkreuzplatz	62,63	Landshuter Allee	Landshuter Allee	LINESTRING(11.533766 48.152662,11.533644693578161 48.15271340486366)
3663	München	Rubensstraße	de:09162:1802:1:1	48.157174	11.450403	bus	MATCHED	w375935067	9.8	1.0	Rubensstraße	56,N80	Marschnerstraße	Marschnerstraße	LINESTRING(11.450403 48.157174,11.450354941598675 48.1572556217256)
3664	München	Rubensstraße	de:09162:1802:2:2	48.157678	11.449963	bus	MATCHED	w435534507	2.8	1.0	Rubensstraße	56,N81	Polkostraße	Polkostraße	LINESTRING(11.449963 48.157678,11.449929097646887 48.15768881605286)
3665	München	Rudolf-Zorn-Straße	de:09162:1006:1:1	48.090734	11.635492	bus	MATCHED	w475877860	7.5	1.0	Rudolf-Zorn-Straße	196	Hermann-Pünder-Straße	Hermann-Pünder-Straße	LINESTRING(11.635492 48.090734,11.635395672577548 48.09075225986844)
3666	München	Rudolf-Zorn-Straße	de:09162:1006:2:2	48.090674	11.634333	bus	MATCHED	w475877861	5.8	1.0	Rudolf-Zorn-Straße	196	Nailastraße	Nailastraße	LINESTRING(11.634333 48.090674,11.634320561439248 48.09062289673376)
3667	München	Rueßstraße	de:09162:1945:1:1	48.1842	11.472492	bus	MATCHED	w379853815	1.9	1.0	Rueßstraße	163	Krautheimstraße	Krautheimstraße	LINESTRING(11.472492 48.1842,11.47248918568664 48.184216553572135)
3668	München	Rueßstraße	de:09162:1945:2:2	48.184349	11.472618	bus	MATCHED	w379853816	7.6	1.0	Rueßstraße	163	Hortigstraße	Hortigstraße	LINESTRING(11.472618 48.184349,11.472586151296703 48.18428397171241)
3669	München	Rupert-Mayer-Straße	de:09162:1154:31:71	48.09608	11.537485		NO_MATCH_AND_SEEMS_UNSERVED								POINT(11.537485 48.09608)
3670	München	Rupert-Mayer-Straße	de:09162:1154:31:72	48.0962	11.537369		NO_MATCH_AND_SEEMS_UNSERVED								POINT(11.537369 48.0962)
3671	München	Rupert-Mayer-Straße	de:09162:1154:3:RMS 1	48.096422	11.541133	bus	MATCHED	w376756350	6.9	1.0	Rupert-Mayer-Straße	134	Obersendling	Obersendling	LINESTRING(11.541133 48.096422,11.541044750000008 48.09640295)
3672	München	Rupert-Mayer-Straße	de:09162:1154:3:RMS 2	48.096296	11.541061	bus	MATCHED	w376756347	6.3	1.0	Rupert-Mayer-Straße	134	Neunkirchner Straße	Neunkirchner Straße	LINESTRING(11.541061 48.096296,11.540977100000001 48.09629935000001)
3673	München	Ruth-Schaumann-Straße	de:09162:657:3:RSM 1	48.142185	11.647457	bus	MATCHED	w400200161	1.6	1.0	Ruth-Schaumann-Straße	149,191	Rappelhofstraße	Rappelhofstraße	LINESTRING(11.647457 48.142185,11.647471610421485 48.14219509779939)
3674	München	Röblingweg	de:09162:402:1:1	48.204416	11.572843	bus	MATCHED	w375743540	0.1	1.0	Röblingweg	171,174,N41	Rathenaustraße	Rathenaustraße	LINESTRING(11.572843 48.204416,11.572842049465088 48.20441715615016)
3675	München	Röblingweg	de:09162:402:2:2	48.205099	11.572511	bus	MATCHED	w375743541	1.6	1.0	Röblingweg	171,N41	Harthof	Harthof	LINESTRING(11.572511 48.205099,11.572522999817373 48.205110604218746)
3676	München	Rümannstraße	de:09162:419:1:1	48.175808	11.57305	bus	MATCHED	w372415500	2.5	1.0	Rümannstraße	142,N41	Barlachstraße / Milbertshofen	Barlachstraße / Milbertshofen	LINESTRING(11.57305 48.175808,11.573021059309905 48.17581933165018)
3677	München	Rümannstraße	de:09162:419:2:2	48.175688	11.573912		NO_MATCH_AND_SEEMS_UNSERVED								POINT(11.573912 48.175688)
3678	München	Rümannstraße	de:09162:419:31:71	48.175616	11.574783		NO_MATCH_AND_SEEMS_UNSERVED								POINT(11.574783 48.175616)
3679	München	Rümannstraße	de:09162:419:3:3	48.176401	11.572574	bus	MATCHED	w372415499	3.0	1.0	Rümannstraße	N41	Scheidplatz	Scheidplatz	LINESTRING(11.572574 48.176401,11.5725506 48.1763788)
3680	München	Rümannstraße	de:09162:419:4:4	48.175616	11.573193	bus	MATCHED	w372415501	3.3	1.0	Rümannstraße	142	Scheidplatz	Scheidplatz	LINESTRING(11.573193 48.175616,11.573237751158082 48.175613161431755)
3681	München	Rümelinstraße	de:09162:554:2:2	48.166857	11.618747	bus	MATCHED	w400511248	4.7	1.0	Rümelinstraße	187	Grüntal	Grüntal	LINESTRING(11.618747 48.166857,11.618738900000004 48.1668991)
3682	München	Rümelinstraße	de:09162:554:3:RUM 1	48.165941	11.617858	bus	MATCHED	w400511247	3.7	1.0	Rümelinstraße	187	Gellertstraße	Gellertstraße	LINESTRING(11.617858 48.165941,11.617834458680973 48.16597024111309)
3683	München	Saalburgstraße	de:09162:1562:3:SAA 1	48.113866	11.48718	bus	MATCHED	n2779899451	6.8	1.0	Saalburgstraße	160,268	Platanenstraße	Platanenstraße	LINESTRING(11.48718 48.113866,11.487089200000002 48.113867000000006)
3684	München	Saalburgstraße	de:09162:1562:3:SAA 2	48.113536	11.487952	bus	MATCHED	n2779899446	0.2	1.0	Saalburgstraße	160,268	Kornwegerstraße	Kornwegerstraße	LINESTRING(11.487952 48.113536,11.4879516 48.113534300000005)
3685	München	Saarstraße	de:09162:155:3:SST 1	48.164593	11.561111		NO_MATCH_AND_SEEMS_UNSERVED								POINT(11.561111 48.164593)
3686	München	Sadelerstraße	de:09162:206:3:SAD 1	48.168559	11.522412	bus	MATCHED	w395816263	8.5	1.0	Sadelerstraße	151,164,165,180	Westfriedhof / Westfriedhof	Westfriedhof	LINESTRING(11.522412 48.168559,11.52252656542266 48.16855858193882)
3687	München	Sadelerstraße	de:09162:206:3:SAD 2	48.168661	11.522304	bus	MATCHED	w395816262	3.4	1.0	Sadelerstraße	151,164,165,180	Mettenstraße	Mettenstraße	LINESTRING(11.522304 48.168661,11.522344160024002 48.16864726016218)
3688	München	Salvatore	de:09162:20015:0:SALV1	48.20059	11.564067		NO_MATCH_AND_SEEMS_UNSERVED								POINT(11.564067 48.20059)
3689	München	Salvatore	de:09162:20015:0:SALV2	48.200548	11.564076		NO_MATCH_AND_SEEMS_UNSERVED								POINT(11.564076 48.200548)
3690	München	Salzmannstraße	de:09162:968:3:SAL 1	48.081276	11.676895	bus	MATCHED	w475877852	0.1	1.0	Salzmannstraße	221	Waldperlach	Waldperlach	LINESTRING(11.676895 48.081276,11.67689635 48.081275350000006)
3691	München	Salzmannstraße	de:09162:968:3:SAL 2	48.081276	11.676733	bus	MATCHED	w475877855	2.7	1.0	Salzmannstraße	221	Neubiberg,Brunhildenstr.	Brunhildenstraße	LINESTRING(11.676733 48.081276,11.676728056539872 48.08125210025171)
3692	München	Salzsenderweg	de:09162:631:3:SAW 1	48.165018	11.62959		NO_MATCH_AND_SEEMS_UNSERVED								POINT(11.62959 48.165018)
3693	München	Salzsenderweg	de:09162:631:3:SAW 2	48.164826	11.629293		NO_MATCH_AND_SEEMS_UNSERVED								POINT(11.629293 48.164826)
3694	München	Sandstraße	de:09162:13:2:1	48.150516	11.558102	tram	MATCHED	n546198923	11.2	0.56	Sandstraße	20,21,N20	Stiglmaierplatz	Stiglmaierplatz	LINESTRING(11.558102 48.150516,11.5580756 48.1506154)
3695	München	Sandstraße	de:09162:13:2:2	48.150672	11.558138	tram	MATCHED	n353285669	8.4	0.62	Sandstraße	20,21,N20	Hochschule München (Lothstr.)	Hochschule München (Lothstraße)	LINESTRING(11.558138 48.150672,11.558125400000002 48.150596500000006)
3696	München	Sandstraße	de:09162:13:31:21	48.150444	11.557922		NO_MATCH_AND_SEEMS_UNSERVED								POINT(11.557922 48.150444)
3697	München	Sandstraße	de:09162:13:32:22	48.150744	11.558254		MATCHED	n4088931863	19.6	0.33	Sandstraße				LINESTRING(11.558254 48.150744,11.558105600000001 48.1505979)
3698	München	Sandstraße	de:09162:13:33:73	48.151187	11.557356		NO_MATCH_AND_SEEMS_UNSERVED								POINT(11.557356 48.151187)
3699	München	Sandstraße	de:09162:13:34:74	48.151319	11.557653		NO_MATCH_AND_SEEMS_UNSERVED								POINT(11.557653 48.151319)
3700	München	Sandstraße	de:09162:13:35:75	48.149342	11.558245		NO_MATCH_AND_SEEMS_UNSERVED								POINT(11.558245 48.149342)
3701	München	Sankt -Augustinus-Straße	de:09162:912:1:1	48.116667	11.655937	bus	MATCHED	w376507801	5.2	1.0	St.-Augustinus-Straße	139,N79	Halligenplatz / St.-Augustinus-Straße	St.-Augustinus-Straße / Halligenplatz	LINESTRING(11.655937 48.116667,11.65586883950853 48.11665496237394)
3702	München	Sankt -Augustinus-Straße	de:09162:912:2:2	48.116703	11.655695	bus	MATCHED	w460751055	6.2	1.0	St.-Augustinus-Straße	139,N79	Matterhornstraße	Matterhornstraße	LINESTRING(11.655695 48.116703,11.655624550628106 48.11667369936761)
3703	München	Sankt -Augustinus-Straße	de:09162:912:3:3	48.117242	11.65609	bus	MATCHED	w376507800	4.5	1.0	St.-Augustinus-Straße	195,N79	Mönchbergstraße / St.-Augustinus-Straße	St.-Augustinus-Straße / Mönchbergstraße	LINESTRING(11.65609 48.117242,11.656041562997652 48.117266408962145)
3704	München	Sankt -Augustinus-Straße	de:09162:912:3:4	48.117272	11.656333	bus	MATCHED	w376507802	4.7	1.0	St.-Augustinus-Straße	195,N79	Gnadenwaldplatz	Gnadenwaldplatz	LINESTRING(11.656333 48.117272,11.656269957816402 48.11727733343058)
3705	München	Sankt -Augustinus-Straße	de:09162:912:5:5	48.117218	11.656979		NO_MATCH_AND_SEEMS_UNSERVED								POINT(11.656979 48.117218)
3706	München	Sankt -Cajetan-Straße	de:09162:161:3:STC 1	48.121224	11.599182	bus	MATCHED	w377924370	1.7	1.0	Sankt-Cajetan-Straße	190,191,54,N44	Ostbahnhof Friedenstraße / Orleansstraße	Orleansstraße / Ostbahnhof Friedenstraße	LINESTRING(11.599182 48.121224,11.599159339966448 48.12122730741299)
3707	München	Sankt -Cajetan-Straße	de:09162:161:3:STC 2	48.12135	11.598858	bus	MATCHED	w377924371	6.4	1.0	Sankt-Cajetan-Straße	54,N43	St.-Martin-Straße Ost		LINESTRING(11.598858 48.12135,11.598828796980516 48.1214040615908)
3708	München	Sankt -Jakobs-Platz	de:09162:131:1:1	48.135339	11.572708	bus	MATCHED	w389545995	1.2	1.0	Sankt-Jakobs-Platz	52,62	Viktualienmarkt	Marienplatz (Rindermarkt)	LINESTRING(11.572708 48.135339,11.572695032959508 48.135332497254524)
3709	München	Sankt -Jakobs-Platz	de:09162:131:2:2	48.135357	11.572286		MATCHED	w389545994	1.3	1.0	Sankt-Jakobs-Platz			Sendlinger Tor	LINESTRING(11.572286 48.135357,11.572298649739432 48.13534935821021)
3710	München	Sankt -Jakobs-Platz	de:09162:131:3:3	48.135147	11.571846	bus	NO_MATCH_BUT_OTHER_PLATFORM_MATCHED					52,62	Viktualienmarkt		POINT(11.571846 48.135147)
3711	München	Sankt -Johann-Straße	de:09162:1823:3:SJS 1	48.191752	11.466348	bus	MATCHED	w379853818	1.5	1.0	Sankt-Johann-Straße	160,164	Allach / Allach	Allach Bahnhof (S)	LINESTRING(11.466348 48.191752,11.466362516313076 48.191742925916195)
3712	München	Sankt -Johann-Straße	de:09162:1823:3:SJS 2	48.191794	11.466483	bus	MATCHED	w379853817	1.8	1.0	Sankt-Johann-Straße	160,164	Georg-Reismüller-Straße	Georg-Reismüller-Straße	LINESTRING(11.466483 48.191794,11.466471000869877 48.19180796539214)
3713	München	Sankt -Martin-Straße	de:09162:1100:31:61	48.118682	11.596666	bus	MATCHED	n10965755368	7.1	1.0	Sankt-Martin-Straße				LINESTRING(11.596666 48.118682,11.5965722 48.118673)
3714	München	Sankt -Martin-Straße	de:09162:1100:31:62	48.118808	11.596595	bus	MATCHED	n10965755367	8.6	1.0	Sankt-Martin-Straße				LINESTRING(11.596595 48.118808,11.596482400000001 48.1187921)
3715	München	Sankt -Martin-Straße	de:09162:1100:41:81	48.118322	11.595804	train	MATCHED	n520170703	14.2	0.62	Sankt-Martin-Straße	S3,S5	Giesing / Giesing	Giesing	LINESTRING(11.595804 48.118322,11.595828200000001 48.1184485)
3716	München	Sankt -Martin-Straße	de:09162:1100:41:82	48.11834	11.595642	train	MATCHED	n21113537	33.9	0.46	Sankt-Martin-Straße	S3,S5	Ostbahnhof / Ostbahnhof	Ostbahnhof	LINESTRING(11.595642 48.11834,11.5957153 48.1186413)
3717	München	Sankt -Martin-Straße Ost	de:09162:1025:1:1	48.119167	11.600529	bus	MATCHED	w377924372	4.7	1.0	Sankt-Martin-Straße Ost	54,N44	St.-Cajetan-Straße	Sankt-Cajetan-Straße	LINESTRING(11.600529 48.119167,11.600481400000001 48.11913915)
3718	München	Sankt -Martin-Straße Ost	de:09162:1025:2:2	48.119239	11.600179	bus	MATCHED	w377924373	0.7	1.0	Sankt-Martin-Straße Ost	54,N43	Thomasiusplatz	Thomasiusplatz	LINESTRING(11.600179 48.119239,11.600169547047418 48.11923754645487)
3719	München	Sankt -Martin-Straße Ost	de:09162:1025:31:71	48.119401	11.599685		NO_MATCH_AND_SEEMS_UNSERVED								POINT(11.599685 48.119401)
3720	München	Sankt -Martin-Straße Ost	de:09162:1025:32:72	48.119479	11.599532		NO_MATCH_AND_SEEMS_UNSERVED								POINT(11.599532 48.119479)
3721	München	Sankt -Martin-Straße Ost	de:09162:1025:39:41	48.119185	11.60035		NO_MATCH_AND_SEEMS_UNSERVED								POINT(11.60035 48.119185)
3722	München	Sankt -Martin-Straße Ost	de:09162:1025:39:42	48.119185	11.60035		NO_MATCH_AND_SEEMS_UNSERVED								POINT(11.60035 48.119185)
3723	München	Sankt -Martin-Straße Ost	de:09162:1025:3:3	48.11888	11.600556		NO_MATCH_AND_SEEMS_UNSERVED								POINT(11.600556 48.11888)
3724	München	Sankt -Martins-Platz	de:09162:1106:2:1	48.117266	11.588411	tram	MATCHED	n538480080	9.8	0.5	St.-Martins-Platz	18,E7,N27	Ostfriedhof / Ostfriedhof	Ostfriedhof	LINESTRING(11.588411 48.117266,11.588285500000001 48.1172393)
3725	München	Sankt -Martins-Platz	de:09162:1106:2:2	48.117182	11.588393	tram	MATCHED	n1475056049	5.0	0.61	St.-Martins-Platz	18,E7,N27	Werinherstraße	Werinherstraße	LINESTRING(11.588393 48.117182,11.5884561 48.1171961)
3726	München	Sankt -Martins-Platz	de:09162:1106:31:21	48.117278	11.589085		NO_MATCH_AND_SEEMS_UNSERVED								POINT(11.589085 48.117278)
3727	München	Sankt -Martins-Platz	de:09162:1106:32:22	48.117032	11.589237		NO_MATCH_AND_SEEMS_UNSERVED								POINT(11.589237 48.117032)
3728	München	Sankt -Martins-Platz	de:09162:1106:33:73	48.117104	11.58842		MATCHED	n3195961062	13.3	0.38	Sankt-Martins-Platz				LINESTRING(11.58842 48.117104,11.588370300000001 48.1172186)
3729	München	Sankt -Martins-Platz	de:09162:1106:33:93	48.117104	11.58842		NO_MATCH_AND_SEEMS_UNSERVED								POINT(11.58842 48.117104)
3730	München	Sankt -Martins-Platz	de:09162:1106:34:44	48.116817	11.588285		NO_MATCH_AND_SEEMS_UNSERVED								POINT(11.588285 48.116817)
3731	München	Sankt -Martins-Platz	de:09162:1106:35:45	48.116925	11.588618		NO_MATCH_AND_SEEMS_UNSERVED								POINT(11.588618 48.116925)
3732	München	Sankt -Martins-Platz	de:09162:1106:36:46	48.116661	11.588303		NO_MATCH_AND_SEEMS_UNSERVED								POINT(11.588303 48.116661)
3733	München	Sankt -Martins-Platz	de:09162:1106:37:47	48.116907	11.588851		NO_MATCH_AND_SEEMS_UNSERVED								POINT(11.588851 48.116907)
3734	München	Sankt -Martins-Platz	de:09162:1106:38:78	48.117338	11.588456		NO_MATCH_AND_SEEMS_UNSERVED								POINT(11.588456 48.117338)
3735	München	Sankt -Martins-Platz	de:09162:1106:38:98	48.117338	11.588456		NO_MATCH_AND_SEEMS_UNSERVED								POINT(11.588456 48.117338)
3736	München	Sankt -Martins-Platz	de:09162:1106:39:79	48.117434	11.587288		NO_MATCH_AND_SEEMS_UNSERVED								POINT(11.587288 48.117434)
3737	München	Sankt -Martins-Platz	de:09162:1106:3:3	48.116907	11.589588		NO_MATCH_AND_SEEMS_UNSERVED								POINT(11.589588 48.116907)
3738	München	Sankt -Martins-Platz	de:09162:1106:40:71	48.115461	11.58877		NO_MATCH_AND_SEEMS_UNSERVED								POINT(11.58877 48.115461)
3739	München	Sankt -Pauls-Kirche	de:09162:9982:71:71	48.13598	11.549559		NO_MATCH_AND_SEEMS_UNSERVED								POINT(11.549559 48.13598)
3740	München	Sankt -Pauls-Kirche	de:09162:9982:72:72	48.137575	11.552739		NO_MATCH_AND_SEEMS_UNSERVED								POINT(11.552739 48.137575)
3741	München	Sankt -Pauls-Kirche	de:09162:9982:73:73	48.136166	11.551355		NO_MATCH_AND_SEEMS_UNSERVED								POINT(11.551355 48.136166)
3742	München	Sankt -Pauls-Kirche	de:09162:9982:74:74	48.13613	11.550017		NO_MATCH_AND_SEEMS_UNSERVED								POINT(11.550017 48.13613)
3743	München	Sankt -Pauls-Kirche	de:09162:9982:75:75	48.137443	11.55123		NO_MATCH_AND_SEEMS_UNSERVED								POINT(11.55123 48.137443)
3744	München	Sankt -Pauls-Platz	de:09162:8005:1:1	48.136406	11.551517		NO_MATCH_AND_SEEMS_UNSERVED								POINT(11.551517 48.136406)
3745	München	Sankt -Quirin-Platz	de:09162:1200:11:11	48.103045	11.58223		NO_MATCH_AND_SEEMS_UNSERVED								POINT(11.58223 48.103045)
3746	München	Sankt -Quirin-Platz	de:09162:1200:12:12	48.102913	11.582024		NO_MATCH_AND_SEEMS_UNSERVED								POINT(11.582024 48.102913)
3747	München	Sankt -Quirin-Platz	de:09162:1200:1:1	48.103771	11.582024	bus	MATCHED	w391474797	2.9	1.0	Sankt-Quirin-Platz	220,E220,X204	Tegernseer Landstraße / Traunsteiner Straße	Traunsteiner Straße	LINESTRING(11.582024 48.103771,11.58198665856113 48.103778586891565)
3748	München	Sankt -Quirin-Platz	de:09162:1200:2:2	48.104131	11.581575	bus	MATCHED	w387523468	2.6	1.0	Sankt-Quirin-Platz	220,X204	Unterhaching, Sommerstraße / Soyerhofstraße	Soyerhofstraße	LINESTRING(11.581575 48.104131,11.581592190392662 48.10411110627163)
3749	München	Sankt -Quirin-Platz	de:09162:1200:51:51	48.104695	11.581206	light_rail	MATCHED	n2665065357	33.1	0.29	Sankt-Quirin-Platz	U1	Wettersteinplatz		LINESTRING(11.581206 48.104695,11.5814736 48.104457200000006)
3750	München	Sankt -Quirin-Platz	de:09162:1200:51:52	48.104647	11.581108	light_rail	MATCHED	n2665065355	32.6	0.3	Sankt-Quirin-Platz	U1	Mangfallplatz / Mangfallplatz		LINESTRING(11.581108 48.104647,11.581335500000002 48.1043961)
3751	München	Sankt -Veit-Straße	de:09162:906:1:1	48.12198	11.642238	tram	MATCHED	w374530454	7.5	1.0	St.-Veit-Straße	21,N19	Kreillerstraße		LINESTRING(11.642238 48.12198,11.64225963592033 48.12204583504193)
3752	München	Sankt -Veit-Straße	de:09162:906:1:2	48.121962	11.64231		MATCHED	w206665430	14.8	1.0	St.-Veit-Straße				LINESTRING(11.64231 48.121962,11.642373381464369 48.12208829299265)
3753	München	Sankt -Veit-Straße	de:09162:906:3:3	48.121992	11.64204	bus	MATCHED	w464894363	2.5	1.0	St.-Veit-Straße	185,195,N79	Heinrich-Wieland-Straße / Rofanstraße / Thomas-Hauser-Straße / Halfinger Straße	Heinrich-Wieland-Straße / Rofanstraße / Thomas-Hauser-Straße	LINESTRING(11.64204 48.121992,11.642007500000002 48.12198545)
3754	München	Sankt -Veit-Straße	de:09162:906:4:4	48.12225	11.642256	bus	MATCHED	w464894365	3.5	1.0	St.-Veit-Straße	N79	Rofanstraße	Rofanstraße	LINESTRING(11.642256 48.12225,11.6422812 48.122277100000005)
3755	München	Sankt Achaz	de:09162:1365:1:1	48.110537	11.538995	bus	MATCHED	n11280961961	13.7	0.36	St. Achaz	X204	Brudermühlstraße	Brudermühlstraße	LINESTRING(11.538995 48.110537,11.5391743 48.110508900000006)
3756	München	Sankt Achaz	de:09162:1365:2:2	48.110843	11.540108	bus	NO_MATCH_BUT_OTHER_PLATFORM_MATCHED					X204	St. Achaz		POINT(11.540108 48.110843)
3757	München	Sankt Emmeram	de:09162:600:1:1	48.175976	11.631153	bus	MATCHED	w386838151	0.6	1.0	Sankt Emmeram	50,N72	Fritz-Meyer-Weg	Fritz-Meyer-Weg	LINESTRING(11.631153 48.175976,11.631160977992643 48.17597444164012)
3758	München	Sankt Emmeram	de:09162:600:2:2	48.176557	11.630686	bus	MATCHED	w386838150	11.6	1.0	Sankt Emmeram	188,189,50,N72	Unterföhring, Feringastraße / Unterföhring, Feringastr.Ost	Unterföhring, Feringastraße Ost / Unterföhring, Feringastraße	LINESTRING(11.630686 48.176557,11.630661978289952 48.1764543495011)
3759	München	Sankt Emmeram	de:09162:600:3:3	48.176784	11.630829	bus	MATCHED	w386838152	2.2	1.0	St. Emmeram	232	Unterföhring, Feringastraße / Unterföhring, Feringastraße	Unterföhring, Feringastraße	LINESTRING(11.630829 48.176784,11.630821923842934 48.176803511509775)
3760	München	Sankt Emmeram	de:09162:600:4:4	48.176431	11.630443	bus	MATCHED	w386838149	4.6	1.0	Sankt Emmeram	188,189	Bernheimerstraße	Bernheimer Straße	LINESTRING(11.630443 48.176431,11.630462600000003 48.17639150000001)
3761	München	Sankt Emmeram	de:09162:600:5:5	48.176113	11.631494	tram	MATCHED	n1540439880	13.5	0.42	St. Emmeram	17	Fritz-Meyer-Weg	Fritz-Meyer-Weg	LINESTRING(11.631494 48.176113,11.6316751 48.176124300000005)
3762	München	Sankt Emmeram	de:09162:600:5:6	48.176137	11.631817	tram	MATCHED	n2883672675	3.6	0.61	St. Emmeram	16	Fritz-Meyer-Weg	Fritz-Meyer-Weg	LINESTRING(11.631817 48.176137,11.6317848 48.176161500000006)
3763	München	Sankt Emmeram	de:09162:600:7:7	48.176844	11.630695		NO_MATCH_AND_SEEMS_UNSERVED								POINT(11.630695 48.176844)
3764	München	Sankt Emmeram	de:09162:600:8:8	48.176557	11.631449	tram	MATCHED	n4882022741	5.9	0.55	St. Emmeram	16,17			LINESTRING(11.631449 48.176557,11.6314168 48.17650870000001)
3765	München	Sankt Michael	de:09162:907:1:1	48.123911	11.632294	bus	MATCHED	w566403569	4.9	1.0	Sankt Michael	187	Michaelibad	Michaelibad	LINESTRING(11.632294 48.123911,11.632351342727523 48.12393218211785)
3766	München	Sankt Michael	de:09162:907:2:2	48.123911	11.632545	bus	MATCHED	w566403570	4.8	1.0	Sankt Michael	187	Josephsburg	Josephsburg	LINESTRING(11.632545 48.123911,11.63248115984278 48.123907939502935)
3767	München	Sankt Pius	de:09162:898:1:1	48.124499	11.613007	bus	MATCHED	w373592151	5.8	1.0	Sankt Pius	59	Aschheimer Straße	Aschheimer Straße	LINESTRING(11.613007 48.124499,11.613000042157854 48.1244468554242)
3768	München	Sankt Pius	de:09162:898:2:2	48.124457	11.613303	bus	MATCHED	w373592149	2.6	1.0	Sankt Pius	59	Mühldorfstraße	Mühldorfstraße	LINESTRING(11.613303 48.124457,11.61329285417871 48.124479800864215)
3769	München	Sankt Pius	de:09162:898:31:71	48.124624	11.613977		NO_MATCH_AND_SEEMS_UNSERVED								POINT(11.613977 48.124624)
3770	München	Sankt Pius	de:09162:898:32:72	48.124768	11.611345	bus	NO_MATCH_BUT_OTHER_PLATFORM_MATCHED					190,191	August-Everding-Straße		POINT(11.611345 48.124768)
3771	München	Sankt Pius	de:09162:898:33:73	48.124954	11.613007		NO_MATCH_AND_SEEMS_UNSERVED								POINT(11.613007 48.124954)
3772	München	Sankt Pius	de:09162:898:3:3	48.124678	11.61271	bus	MATCHED	w373592152	33.1	1.0	Sankt Pius	190,191	Grafinger Straße	Grafinger Straße	LINESTRING(11.61271 48.124678,11.612268730543843 48.12464320041719)
3773	München	Sankt Pius	de:09162:898:4:4	48.124804	11.612082	bus	MATCHED	w373592150	2.4	1.0	Sankt Pius	190,191	August-Everding-Straße	August-Everding-Straße	LINESTRING(11.612082 48.124804,11.61210315304509 48.124787255023335)
3774	München	Sankt Wolfgang	de:09162:1861:1:1	48.156521	11.457589	bus	MATCHED	n8222649750	2.9	1.0	St. Wolfgang	159	Pasing		LINESTRING(11.457589 48.156521,11.4576005 48.1565457)
3775	München	Sankt Wolfgang	de:09162:1861:2:2	48.156515	11.457742	bus	MATCHED	n8222683841	3.1	1.0	St. Wolfgang	159	Blutenburg	Blutenburg	LINESTRING(11.457742 48.156515,11.457748200000001 48.1565426)
3776	München	Sapporobogen	de:09162:291:1:1	48.16941	11.537449	bus	MATCHED	n4558672097	7.0	1.0	Sapporobogen	144	Olympiapark West	Olympiapark West	LINESTRING(11.537449 48.16941,11.537518 48.169453000000004)
3777	München	Sarasatestraße	de:09162:1811:1:1	48.164551	11.473543	bus	MATCHED	w375853949	6.3	1.0	Sarasatestraße	143,N78	Obermenzing	Obermenzing Bahnhof	LINESTRING(11.473543 48.164551,11.47351978375058 48.164496067934024)
3778	München	Sarasatestraße	de:09162:1811:2:2	48.164653	11.473337	bus	MATCHED	w375853956	1.3	1.0	Sarasatestraße	143,158	Dorfstraße / Dorfstraße	Dorfstraße	LINESTRING(11.473337 48.164653,11.473341488849169 48.164664210342124)
3779	München	Scapinellistraße	de:09162:1662:1:1	48.148083	11.454185	bus	MATCHED	w379853820	3.9	1.0	Scapinellistraße	157,160,162,N77,N81	Pasing / Pasing / Pasing / Pasing	Pasing Bahnhof	LINESTRING(11.454185 48.148083,11.454201978599924 48.14811609389314)
3780	München	Scapinellistraße	de:09162:1662:2:2	48.148365	11.454059	bus	MATCHED	w379853819	4.2	1.0	Scapinellistraße	157,160,162,N77,N80	Krankenhaus Pasing / Betschartstraße / Betschartstraße	Betschartstraße / Krankenhaus Pasing	LINESTRING(11.454059 48.148365,11.454084398684428 48.1483988920101)
3781	München	Scapinellistraße	de:09162:1662:31:71	48.146662	11.451939		NO_MATCH_AND_SEEMS_UNSERVED								POINT(11.451939 48.146662)
3782	München	Scapinellistraße	de:09162:1662:32:72	48.146872	11.452325		NO_MATCH_AND_SEEMS_UNSERVED								POINT(11.452325 48.146872)
3783	München	Schatzbogen	de:09162:969:1:1	48.132947	11.660043	bus	MATCHED	w472545385	3.3	1.0	Schatzbogen	194	Heltauer Straße	Heltauer Straße	LINESTRING(11.660043 48.132947,11.660068864661659 48.132922369933496)
3784	München	Schatzbogen	de:09162:969:2:2	48.133276	11.660644	bus	MATCHED	w472545387	5.4	1.0	Schatzbogen	194	Stahlgruberring	Stahlgruberring	LINESTRING(11.660644 48.133276,11.660584657712336 48.1332480213658)
3785	München	Scheidplatz	de:09162:400:2:2	48.171608	11.572583	bus	MATCHED	w277106277	20.1	1.0	Scheidplatz	142	Rümannstraße	Rümannstraße	LINESTRING(11.572583 48.171608,11.572631506631938 48.171430442062245)
3786	München	Scheidplatz	de:09162:400:31:31	48.172525	11.573032		NO_MATCH_AND_SEEMS_UNSERVED								POINT(11.573032 48.172525)
3787	München	Scheidplatz	de:09162:400:32:72	48.171165	11.573598		NO_MATCH_AND_SEEMS_UNSERVED								POINT(11.573598 48.171165)
3788	München	Scheidplatz	de:09162:400:3:3	48.171267	11.572951	tram	MATCHED	n199132961	6.8	1.0	Scheidplatz	27,28	Karl-Theodor-Straße	Karl-Theodor-Straße	LINESTRING(11.572951 48.171267,11.5729836 48.171323900000004)
3789	München	Scheidplatz	de:09162:400:3:4	48.171393	11.572996		MATCHED	n3563405758	7.8	1.0	Scheidplatz				LINESTRING(11.572996 48.171393,11.5730646 48.1713402)
3790	München	Scheidplatz	de:09162:400:51:51	48.171537	11.572987	light_rail	MATCHED	n885944731	2.2	0.85	Scheidplatz	U3	Petuelring		LINESTRING(11.572987 48.171537,11.573016500000001 48.1715412)
3791	München	Scheidplatz	de:09162:400:51:53	48.171549	11.572906	light_rail	MATCHED	n1106322240	3.2	0.8	Scheidplatz	U2,U8	Milbertshofen / Petuelring / Hohenzollernplatz		LINESTRING(11.572906 48.171549,11.572864000000001 48.1715431)
3792	München	Scheidplatz	de:09162:400:52:52	48.171549	11.572681	light_rail	MATCHED	n885944750	2.1	0.86	Scheidplatz	U3	Bonner Platz		LINESTRING(11.572681 48.171549,11.5726533 48.1715437)
3793	München	Scheidplatz	de:09162:400:52:54	48.171549	11.572762	light_rail	MATCHED	n885944729	3.8	0.77	Scheidplatz	U2,U8	Hohenzollernplatz / Milbertshofen		LINESTRING(11.572762 48.171549,11.572812500000001 48.1715437)
3794	München	Scheidplatz	de:09162:400:5:1	48.171477	11.573041	bus	MATCHED	w1472840172	5.4	1.0	Scheidplatz	144	Angererstraße	Angererstraße	LINESTRING(11.573041 48.171477,11.573014094613262 48.17152215723759)
3795	München	Scheidplatz	de:09162:400:5:5	48.171782	11.572933	bus	MATCHED	w277106278	8.9	1.0	Scheidplatz	140,141	Scheidplatz	Scheidplatz	LINESTRING(11.572933 48.171782,11.572918570427104 48.171861615300806)
3796	München	Scheidplatz	de:09162:400:6:6	48.171662	11.572654		NO_MATCH_AND_SEEMS_UNSERVED								POINT(11.572654 48.171662)
3797	München	Scheidplatz	de:09162:400:7:7	48.170177	11.574343		MATCHED	n12473425446	4.0	0.76	Scheidplatz	12,140,141,27,N41	Kölner Platz	Kölner Platz	LINESTRING(11.574343 48.170177,11.574385600000001 48.170198500000005)
3798	München	Scheidplatz	de:09162:400:8:8	48.170308	11.574325		MATCHED	w1348466928	9.6	0.56	Scheidplatz Süd	12,140,141,27,N41	Rümannstraße / Karl-Theodor-Straße / Scheidplatz	Rümannstraße / Scheidplatz / Karl-Theodor-Straße	LINESTRING(11.574325 48.170308,11.574207101755372 48.170273873096136)
3799	München	Scheidplatz	de:09162:400:99:21	48.171537	11.572933		NO_MATCH_AND_SEEMS_UNSERVED								POINT(11.572933 48.171537)
3800	München	Scheidplatz	de:09162:400:9:9	48.170722	11.573661	bus	MATCHED	w277106280	4.9	0.79	Scheidplatz	144	Scheidplatz	Scheidplatz	LINESTRING(11.573661 48.170722,11.573655170041288 48.1706780440864)
3801	München	Scheidplatz Süd	de:09162:398:1:1	48.170177	11.574316		NO_MATCH_AND_SEEMS_UNSERVED								POINT(11.574316 48.170177)
3802	München	Scheidplatz Süd	de:09162:398:2:2	48.170722	11.573661		NO_MATCH_AND_SEEMS_UNSERVED								POINT(11.573661 48.170722)
3803	München	Scheidplatz Süd	de:09162:398:31:31	48.170356	11.574146		MATCHED	n12473425440	14.3	0.17	Scheidplatz			Karl-Theodor-Straße	LINESTRING(11.574146 48.170356,11.574010300000001 48.1702644)
3804	München	Scheidplatz Süd	de:09162:398:32:72	48.171231	11.573598		NO_MATCH_AND_SEEMS_UNSERVED								POINT(11.573598 48.171231)
3805	München	Scheidplatz Süd	de:09162:398:33:73	48.16953	11.57384		MATCHED	w277106279	77.1	0.05	Scheidplatz			Kölner Platz	LINESTRING(11.57384 48.16953,11.57420685134396 48.17017826290397)
3806	München	Scheidplatz Süd	de:09162:398:3:3	48.170308	11.574253		NO_MATCH_AND_SEEMS_UNSERVED								POINT(11.574253 48.170308)
3807	München	Schellingstraße	de:09162:49:1:1	48.151241	11.573337	tram	MATCHED	n1672730758	3.8	0.76	Schellingstraße	27,28,N27	Pinakotheken	Pinakotheken	LINESTRING(11.573337 48.151241,11.573370800000001 48.1512156)
3808	München	Schellingstraße	de:09162:49:2:2	48.15081	11.57322	tram	MATCHED	n1679831863	7.0	0.65	Schellingstraße	27,28,N27	Nordendstraße	Nordendstraße	LINESTRING(11.57322 48.15081,11.5731897 48.1508698)
3809	München	Schellingstraße	de:09162:49:3:3	48.150882	11.573553		NO_MATCH_AND_SEEMS_UNSERVED								POINT(11.573553 48.150882)
3810	München	Schellingstraße	de:09162:49:4:4	48.151175	11.572996		NO_MATCH_AND_SEEMS_UNSERVED								POINT(11.572996 48.151175)
3811	München	Schellingstraße	de:09162:49:5:5	48.151068	11.572933	bus	MATCHED	w377796589	3.3	0.83	Schellingstraße	153,154	Türkenstraße	Türkenstraße	LINESTRING(11.572933 48.151068,11.572974854673003 48.15105781192907)
3812	München	Schellingstraße	de:09162:49:6:6	48.151002	11.573616	bus	MATCHED	w377796591	0.5	0.94	Schellingstraße	153,154	Arcisstraße	Arcisstraße	LINESTRING(11.573616 48.151002,11.57361298727693 48.15099749069012)
3813	München	Schichtlstraße	de:09162:702:1:1	48.147184	11.658569	bus	MATCHED	w386838153	11.8	1.0	Schichtlstraße	183,E183	Kunihohstraße	Kunihohstraße	LINESTRING(11.658569 48.147184,11.658477600000003 48.14727125000001)
3814	München	Schichtlstraße	de:09162:702:2:2	48.146968	11.658426	bus	MATCHED	w386838154	5.1	1.0	Schichtlstraße	183,E183	Trabrennbahn	Trabrennbahn	LINESTRING(11.658426 48.146968,11.658430990679282 48.14692255465157)
3815	München	Schilcherweg	de:09162:1126:2:SHH 1	48.071391	11.547547	tram	MATCHED	n1493475923	5.6	0.7	Schilcherweg	25	Großhesseloher Brücke	Großhesseloher Brücke	LINESTRING(11.547547 48.071391,11.547498000000001 48.071428600000004)
3816	München	Schilcherweg	de:09162:1126:2:SHH 2	48.071343	11.547394	tram	MATCHED	n798706412	11.7	0.55	Schilcherweg	25	Grünwald, Bavariafilmplatz	Grünwald, Bavariafilmplatz	LINESTRING(11.547394 48.071343,11.5473645 48.071239600000006)
3817	München	Schilcherweg	de:09162:1126:3:SHH22	48.071367	11.547178		NO_MATCH_AND_SEEMS_UNSERVED								POINT(11.547178 48.071367)
3818	München	Schittgablerstraße	de:09162:338:2:2	48.191267	11.548957	bus	MATCHED	w390071291	3.6	0.82	Schittgablerstraße	173	Lerchenauer Straße	Lerchenauer Straße	LINESTRING(11.548957 48.191267,11.548934887022842 48.191296122114444)
3819	München	Schittgablerstraße	de:09162:338:31:71	48.190997	11.549011		NO_MATCH_AND_SEEMS_UNSERVED								POINT(11.549011 48.190997)
3820	München	Schittgablerstraße	de:09162:338:32:72	48.191075	11.548966		NO_MATCH_AND_SEEMS_UNSERVED								POINT(11.548966 48.191075)
3821	München	Schittgablerstraße	de:09162:338:3:3	48.19162	11.548921	bus	MATCHED	w390071290	10.4	0.67	Schittgablerstraße	173	Irisstraße	Irisstraße	LINESTRING(11.548921 48.19162,11.548961734045655 48.19153025288963)
3822	München	Schittgablerstraße	de:09162:338:99:1	48.191434	11.547978		NO_MATCH_AND_SEEMS_UNSERVED								POINT(11.547978 48.191434)
3823	München	Schloss Blutenburg	de:09162:1812:1:1	48.164059	11.455308	bus	MATCHED	w375853960	28.5	1.0	Schloss Blutenburg	143	Bertha-von-Suttner-Weg	Bertha-von-Suttner-Weg	LINESTRING(11.455308 48.164059,11.45496929250049 48.16417885320088)
3824	München	Schloss Blutenburg	de:09162:1812:2:2	48.164383	11.454535	bus	MATCHED	w375853961	1.8	1.0	Schloss Blutenburg	56	Bertha-von-Suttner-Weg	Bertha-von-Suttner-Weg	LINESTRING(11.454535 48.164383,11.454517480251608 48.164371358689614)
3825	München	Schloss Nymphenburg	de:09162:214:1:1	48.157941	11.511434		MATCHED	w154551799	4.5	0.74	Schloss Nymphenburg	151,17,51,N17,N78	Romanplatz / Romanplatz	Romanplatz	LINESTRING(11.511434 48.157941,11.511423823745597 48.15798085149819)
3826	München	Schloss Nymphenburg	de:09162:214:2:2	48.159062	11.511515	tram	MATCHED	n283339676	10.6	0.57	Schloss Nymphenburg	17,N17	Dall'Armistraße	Dall'Armistraße	LINESTRING(11.511515 48.159062,11.5114844 48.1591553)
3827	München	Schloss Nymphenburg	de:09162:214:38:74	48.159793	11.505559		NO_MATCH_AND_SEEMS_UNSERVED								POINT(11.505559 48.159793)
3828	München	Schloss Nymphenburg	de:09162:214:38:75	48.159308	11.505604		NO_MATCH_AND_SEEMS_UNSERVED								POINT(11.505604 48.159308)
3829	München	Schloss Nymphenburg	de:09162:214:39:71	48.157708	11.506359		MATCHED_THOUGH_OSM_NO_NAME	n7162260590	33.2	0.07					LINESTRING(11.506359 48.157708,11.5059126 48.1577094)
3830	München	Schloss Nymphenburg	de:09162:214:39:72	48.15772	11.506655		NO_MATCH_AND_SEEMS_UNSERVED								POINT(11.506655 48.15772)
3831	München	Schloss Nymphenburg	de:09162:214:3:3	48.159074	11.511668	bus	MATCHED	w372834290	1.3	0.9	Schloss Nymphenburg	151,51,N78	Dall'Armistraße	Dall'Armistraße	LINESTRING(11.511668 48.159074,11.511666150000002 48.15908585)
3832	München	Schloss Nymphenburg	de:09162:214:3:93	48.159074	11.511668	bus	NO_MATCH_AND_SEEMS_UNSERVED								POINT(11.511668 48.159074)
3833	München	Schloss Nymphenburg	de:09162:214:73:73	48.157947	11.511264		MATCHED	n297295162	18.9	0.34	Schloss Nymphenburg			Romanplatz	LINESTRING(11.511264 48.157947,11.5114595 48.157838000000005)
3834	München	Schlossrondell	de:09162:9983:71:71	48.157582	11.508632		NO_MATCH_AND_SEEMS_UNSERVED								POINT(11.508632 48.157582)
3835	München	Schlossrondell	de:09162:9983:72:72	48.157378	11.508479		NO_MATCH_AND_SEEMS_UNSERVED								POINT(11.508479 48.157378)
3836	München	Schlörstraße	de:09162:103:1:1	48.150085	11.537108	bus	MATCHED	w385034748	5.1	0.78	Schlörstraße	153,53,63	Landshuter Allee / Landshuter Allee	Landshuter Allee	LINESTRING(11.537108 48.150085,11.53715351380674 48.15005011684181)
3837	München	Schlörstraße	de:09162:103:2:2	48.149923	11.536551	bus	MATCHED	w385034749	8.4	0.71	Schlörstraße	153,53,63	Donnersbergerstraße	Donnersbergerstraße	LINESTRING(11.536551 48.149923,11.53656456491944 48.149848142791306)
3838	München	Schlösselgarten	de:09162:633:1:1	48.158151	11.629248		MATCHED	w399721637	6.7	1.0	Schlösselgarten				LINESTRING(11.629248 48.158151,11.629200330788361 48.158100118588436)
3839	München	Schlösselgarten	de:09162:633:2:2	48.15875	11.628763	bus	MATCHED	w399721638	8.8	1.0	Schlösselgarten	N72	Cosimabad	Cosimabad	LINESTRING(11.628763 48.15875,11.628822672624352 48.15881814839574)
3840	München	Schlösselgarten	de:09162:633:3:3	48.158726	11.629051	tram	MATCHED	n1540439870	7.5	0.64	Schlösselgarten	16,17	Prinz-Eugen-Park	Prinz-Eugen-Park	LINESTRING(11.629051 48.158726,11.6290087 48.158787700000005)
3841	München	Schlösselgarten	de:09162:633:3:4	48.158726	11.628934	tram	MATCHED	n1540439869	10.8	0.57	Schlösselgarten	16,17	Cosimabad	Cosimabad	LINESTRING(11.628934 48.158726,11.628964900000001 48.1586311)
3842	München	Schlüsselbergstraße	de:09162:902:1:1	48.129871	11.622385	tram	MATCHED	n201383963	12.7	0.53	Schlüsselbergstraße	21,N19	Ampfingstraße	Ampfingstraße	LINESTRING(11.622385 48.129871,11.622214900000001 48.129864000000005)
3843	München	Schlüsselbergstraße	de:09162:902:2:2	48.129631	11.623382	tram	MATCHED	n1237837517	4.4	0.73	Schlüsselbergstraße	21,N19	Baumkirchner Straße	Baumkirchner Straße	LINESTRING(11.623382 48.129631,11.6234389 48.129642600000004)
3844	München	Schlüsselbergstraße	de:09162:902:30:70	48.129793	11.623472		NO_MATCH_AND_SEEMS_UNSERVED								POINT(11.623472 48.129793)
3845	München	Schlüsselbergstraße	de:09162:902:31:21	48.129943	11.62252		MATCHED	n10732420139	5.0	1.0	Schlüsselbergstraße				LINESTRING(11.62252 48.129943,11.622459600000001 48.129923600000005)
3846	München	Schlüsselbergstraße	de:09162:902:32:22	48.129541	11.623337		MATCHED	n10732420140	10.5	1.0	Schlüsselbergstraße				LINESTRING(11.623337 48.129541,11.6231959 48.1295481)
3847	München	Schlüsselbergstraße	de:09162:902:3:3	48.130099	11.62305	bus	MATCHED	w387515032	4.1	0.81	Schlüsselbergstraße	190,191	Neumarkter Straße	Neumarkter Straße	LINESTRING(11.62305 48.130099,11.62305251297692 48.13006237974167)
3848	München	Schlüsselbergstraße	de:09162:902:3:4	48.130045	11.622888	bus	MATCHED	w387515034	3.1	1.0	Schlüsselbergstraße	190,191	Altöttinger Straße	Altöttinger Straße	LINESTRING(11.622888 48.130045,11.622906501989421 48.13006980422339)
3849	München	Schlüsselbergstraße	de:09162:902:73:73	48.129469	11.622879		MATCHED	n3186265563	30.4	0.24	Schlüsselbergstraße				LINESTRING(11.622879 48.129469,11.6228554 48.1297415)
3850	München	Schlüsselbergstraße	de:09162:902:74:74	48.129433	11.622601		NO_MATCH_AND_SEEMS_UNSERVED								POINT(11.622601 48.129433)
3851	München	Schmaedelstraße	de:09162:1844:31:71	48.152033	11.475762		NO_MATCH_AND_SEEMS_UNSERVED								POINT(11.475762 48.152033)
3852	München	Schmaedelstraße	de:09162:1844:32:72	48.151331	11.475304		NO_MATCH_AND_SEEMS_UNSERVED								POINT(11.475304 48.151331)
3853	München	Schmaedelstraße	de:09162:1844:3:SCM 1	48.150834	11.474972	bus	MATCHED	w379853822	4.3	1.0	Schmaedelstraße	161,162,180,N77	Josef-Lang-Straße / Erna-Eckstein-Straße	Erna-Eckstein-Straße / Josef-Lang-Straße	LINESTRING(11.474972 48.150834,11.475007092560327 48.150864977546036)
3854	München	Schmaedelstraße	de:09162:1844:3:SCM 2	48.150924	11.475187	bus	MATCHED	w379853821	15.1	1.0	Schmaedelstraße	162	Peter-Anders-Straße	Peter-Anders-Straße	LINESTRING(11.475187 48.150924,11.475122399999998 48.150795050000006)
3855	München	Schmaedelstraße	de:09162:1844:4:4	48.151319	11.475466		NO_MATCH_AND_SEEMS_UNSERVED								POINT(11.475466 48.151319)
3856	München	Schmuckerweg	de:09162:908:1:1	48.121956	11.67014	bus	MATCHED	w472545396	11.7	1.0	Schmuckerweg	139,185,192,194,E185,N79	Bajuwarenstraße	Bajuwarenstraße	LINESTRING(11.67014 48.121956,11.670243733636621 48.121876806752084)
3857	München	Schmuckerweg	de:09162:908:2:2	48.121614	11.670472	bus	MATCHED	w1150285397	7.9	1.0	Schmuckerweg	139,185,192,194,E185,N79	Kirchtruderinger Straße / Spertentalstraße / Nikolaus-Prugger-Weg	Nikolaus-Prugger-Weg / Kirchtruderinger Straße / Spertentalstraße	LINESTRING(11.670472 48.121614,11.670399012236064 48.121665491736906)
3858	München	Schmuckerweg	de:09162:908:31:71	48.122544	11.671676		NO_MATCH_AND_SEEMS_UNSERVED								POINT(11.671676 48.122544)
3859	München	Schmuckerweg	de:09162:908:32:72	48.121404	11.671963		NO_MATCH_AND_SEEMS_UNSERVED								POINT(11.671963 48.121404)
3860	München	Schmuckerweg	de:09162:908:33:73	48.121056	11.671343		NO_MATCH_AND_SEEMS_UNSERVED								POINT(11.671343 48.121056)
3861	München	Schmuckerweg	de:09162:908:3:3	48.122028	11.671478		NO_MATCH_AND_SEEMS_UNSERVED								POINT(11.671478 48.122028)
3862	München	Schneemannstraße	de:09162:1322:1:1	48.105307	11.532212	bus	MATCHED	w376756356	2.0	1.0	Schneemannstraße	53,N41	Adunistraße	Adunistraße	LINESTRING(11.532212 48.105307,11.532225575460801 48.105322933611816)
3863	München	Schneemannstraße	de:09162:1322:2:2	48.106008	11.532661	bus	MATCHED	w376756353	1.4	1.0	Schneemannstraße	53,N41	Zielstattstraße	Zielstattstraße	LINESTRING(11.532661 48.106008,11.532662553473038 48.10599529045475)
3864	München	Schopenhauerstraße	de:09162:335:1:1	48.179336	11.56404	bus	MATCHED	w384211905	2.0	1.0	Schopenhauerstraße	178	Lüneburger Straße	Lüneburger Straße	LINESTRING(11.56404 48.179336,11.564014249872722 48.17933054567387)
3865	München	Schopenhauerstraße	de:09162:335:2:2	48.17948	11.563806	bus	MATCHED	w384211906	0.6	1.0	Schopenhauerstraße	178	Petuelring / Petuelring	Petuelring	LINESTRING(11.563806 48.17948,11.563804693355431 48.179474294651214)
3866	München	Schragenhofstraße	de:09162:234:3:1	48.172483	11.502271		NO_MATCH_AND_SEEMS_UNSERVED								POINT(11.502271 48.172483)
3867	München	Schrannenhalle	de:09162:165:1:1	48.13408	11.574694	bus	MATCHED	n8273444667	19.1	1.0	Schrannenhalle	132	Isartor/Zweibrückenstraße	Isartor/Zweibrückenstraße	LINESTRING(11.574694 48.13408,11.574834300000001 48.1342239)
3868	München	Schrenkstraße	de:09162:66:2:1	48.139661	11.541177	tram	MATCHED	n1187566618	3.4	0.77	Schrenkstraße	18,19,N19	Trappentreustraße	Trappentreustraße	LINESTRING(11.541177 48.139661,11.5411657 48.139631300000005)
3869	München	Schrenkstraße	de:09162:66:2:2	48.139577	11.541357	tram	MATCHED	n1187566622	6.5	0.67	Schrenkstraße	18,19,N19	Holzapfelstraße	Holzapfelstraße	LINESTRING(11.541357 48.139577,11.541276300000002 48.139598500000005)
3870	München	Schrenkstraße	de:09162:66:31:21	48.139733	11.541142		NO_MATCH_AND_SEEMS_UNSERVED								POINT(11.541142 48.139733)
3871	München	Schrenkstraße	de:09162:66:32:22	48.139505	11.541276		NO_MATCH_AND_SEEMS_UNSERVED								POINT(11.541276 48.139505)
3872	München	Schumacherring	de:09162:1034:1:1	48.099542	11.640396	bus	MATCHED	w414695766	3.9	1.0	Schumacherring	197	Holzwiesenstraße	Holzwiesenstraße	LINESTRING(11.640396 48.099542,11.640447825083923 48.09954084926023)
3873	München	Schumacherring	de:09162:1034:2:2	48.099428	11.641492	bus	MATCHED	w414695767	2.8	1.0	Schumacherring	197	Neuperlach Zentrum / Neuperlach Zentrum		LINESTRING(11.641492 48.099428,11.641524690714837 48.09944085004746)
3874	München	Schwabing Nord	de:09162:503:1:1	48.186673	11.590944	tram	MATCHED	n587888531	3.0	0.79	Schwabing Nord	23	Domagkstraße	Domagkstraße	LINESTRING(11.590944 48.186673,11.590966100000001 48.18665)
3875	München	Schwabing Nord	de:09162:503:1:5	48.186637	11.591025	tram	MATCHED	n2708987463	2.2	0.82	Schwabing Nord	12,27	Domagkstraße	Domagkstraße	LINESTRING(11.591025 48.186637,11.5910422 48.186653500000006)
3876	München	Schwabing Nord	de:09162:503:2:2	48.187057	11.591609	tram	MATCHED	n587888552	7.3	0.65	Schwabing Nord	12,23,27			LINESTRING(11.591609 48.187057,11.591547 48.1870064)
3877	München	Schwabing Nord	de:09162:503:30:40	48.188189	11.591366		NO_MATCH_AND_SEEMS_UNSERVED								POINT(11.591366 48.188189)
3878	München	Schwabing Nord	de:09162:503:31:41	48.188195	11.591034		NO_MATCH_AND_SEEMS_UNSERVED								POINT(11.591034 48.188195)
3879	München	Schwabing Nord	de:09162:503:32:42	48.189476	11.589992		NO_MATCH_AND_SEEMS_UNSERVED								POINT(11.589992 48.189476)
3880	München	Schwabing Nord	de:09162:503:3:3	48.188057	11.591833		MATCHED	n3167499781	151.6	0.06	Schwabing Nord				LINESTRING(11.591833 48.188057,11.5912199 48.1867564)
3881	München	Schwabing Nord	de:09162:503:4:4	48.187793	11.59186	bus	MATCHED	w311172481	5.6	0.77	Schwabing Nord (T)	177,X35,X36	Max-Bill-Straße / Studentenstadt	Studentenstadt (U) / Max-Bill-Straße	LINESTRING(11.59186 48.187793,11.591818539173321 48.18783507818477)
3882	München	Schwabing Nord	de:09162:503:6:6	48.187991	11.593621	bus	MATCHED	w311172482	3.2	0.84	Schwabing Nord (T)	177,X35,X36	Frankfurter Ring / Ingolstädter Straße	Frankfurter Ring (U) / Ingolstädter Straße	LINESTRING(11.593621 48.187991,11.59359582213888 48.187968100641356)
3883	München	Schwabinger Tor	de:09162:459:1:1	48.172753	11.586282	tram	MATCHED	n587913266	11.9	0.55	Schwabinger Tor	12,23,27	Parzivalplatz	Parzivalplatz	LINESTRING(11.586282 48.172753,11.586136900000001 48.1727089)
3884	München	Schwabinger Tor	de:09162:459:1:2	48.172693	11.586596	tram	MATCHED	n6126219457	6.8	0.66	Schwabinger Tor	12,23,27	Am Münchner Tor	Am Münchner Tor	LINESTRING(11.586596 48.172693,11.5866796 48.172717600000006)
3885	München	Schwankhardtweg	de:09162:804:1:1	48.135159	11.681503		NO_MATCH_AND_SEEMS_UNSERVED								POINT(11.681503 48.135159)
3886	München	Schwankhardtweg	de:09162:804:2:2	48.135141	11.681351		NO_MATCH_AND_SEEMS_UNSERVED								POINT(11.681351 48.135141)
3887	München	Schwanseestraße	de:09162:1109:1:1	48.103303	11.596747	tram	MATCHED	w391474799	111.6	1.0	Schwanseestraße	18	Chiemgaustraße	Chiemgaustraße / Balanstraße	LINESTRING(11.596747 48.103303,11.596293881221957 48.10234615132154)
3888	München	Schwanseestraße	de:09162:1109:2:2	48.102379	11.596361	bus	NO_MATCH_BUT_OTHER_PLATFORM_MATCHED					139,N75	Chiemgaustraße / Balanstraße		POINT(11.596361 48.102379)
3889	München	Schwanseestraße	de:09162:1109:31:21	48.103183	11.596586		MATCHED	n202912613	20.2	0.32	Schwanseestraße			Chiemgaustraße	LINESTRING(11.596586 48.103183,11.5967781 48.1033118)
3890	München	Schwanseestraße	de:09162:1109:3:3	48.102913	11.596639	bus	MATCHED	w391474798	0.9	1.0	Schwanseestraße	139	Frasdorfer Straße	Frasdorfer Straße	LINESTRING(11.596639 48.102913,11.596647496378925 48.102907259391074)
3891	München	Schwanthalerhöhe	de:09162:250:1:1	48.133636	11.539659	bus	MATCHED	w248984566	3.7	1.0	Schwanthalerhöhe	134,153,53	Ridlerstraße	Ridlerstraße	LINESTRING(11.539659 48.133636,11.539650639331859 48.13360317112565)
3892	München	Schwanthalerhöhe	de:09162:250:2:2	48.133312	11.53983	bus	MATCHED	w248984565	0.8	1.0	Schwanthalerhöhe	134,153,53	Bergmannstraße / Alter Messeplatz	Alter Messeplatz / Bergmannstraße	LINESTRING(11.53983 48.133312,11.539821162407007 48.13331678695391)
3893	München	Schwanthalerhöhe	de:09162:250:30:70	48.133115	11.539255		NO_MATCH_AND_SEEMS_UNSERVED								POINT(11.539255 48.133115)
3894	München	Schwanthalerhöhe	de:09162:250:4:4	48.134733	11.539668		NO_MATCH_AND_SEEMS_UNSERVED								POINT(11.539668 48.134733)
3895	München	Schwanthalerhöhe	de:09162:250:51:51	48.133804	11.541007	light_rail	MATCHED	n207588044	6.6	0.67	Schwanthalerhöhe	U4,U5	Heimeranplatz		LINESTRING(11.541007 48.133804,11.541051000000001 48.133855600000004)
3896	München	Schwanthalerhöhe	de:09162:250:51:52	48.133732	11.541007	light_rail	MATCHED	n2517665764	3.3	0.8	Schwanthalerhöhe	U4,U5	Theresienwiese		LINESTRING(11.541007 48.133732,11.5410435 48.133715200000005)
3897	München	Schwanthalerhöhe	de:09162:250:57:57	48.13354	11.544618	trainish	NO_MATCH_AND_SEEMS_UNSERVED								POINT(11.544618 48.13354)
3898	München	Schwanthalerstraße	de:09162:9995:1:1	48.137575	11.552703		NO_MATCH_AND_SEEMS_UNSERVED								POINT(11.552703 48.137575)
3899	München	Schwarzhölzlstraße	de:09162:1979:3:SHS 1	48.218196	11.524954	bus	MATCHED	w398700071	2.0	1.0	Schwarzhölzlstraße	172	Feldmochinger See	Feldmochinger See	LINESTRING(11.524954 48.218196,11.5249327 48.21818545000001)
3900	München	Schwarzhölzlstraße	de:09162:1979:3:SHS 2	48.218095	11.524963	bus	MATCHED	w398700072	2.1	1.0	Schwarzhölzlstraße	172	Grashofstraße	Grashofstraße	LINESTRING(11.524963 48.218095,11.524935492584563 48.218099373118434)
3901	München	Schwarzwaldstraße	de:09162:613:3:SCW 1	48.13914	11.628628	bus	MATCHED	w400200162	3.6	1.0	Schwarzwaldstraße	149,187,N74	Moselstraße / Vogelweideplatz	Vogelweideplatz / Moselstraße	LINESTRING(11.628628 48.13914,11.628595871425984 48.139115999120065)
3902	München	Schwarzwaldstraße	de:09162:613:3:SCW 2	48.139032	11.628655	bus	MATCHED	w400200163	2.9	1.0	Schwarzwaldstraße	149,187,N74	Friedrich-Eckart-Straße / Friedrich-Eckart-Straße	Friedrich-Eckart-Straße	LINESTRING(11.628655 48.139032,11.628616299999992 48.139033649999995)
3903	München	Schweigerstraße	de:09162:116:1:1	48.126609	11.583021	bus	MATCHED	w391152386	3.7	0.82	Schweigerstraße	52,62	Regerplatz / Mariahilfplatz	Regerplatz / Mariahilfplatz	LINESTRING(11.583021 48.126609,11.582981820993533 48.12662906345587)
3904	München	Schweigerstraße	de:09162:116:2:2	48.126843	11.58303	bus	MATCHED	w391264005	5.8	0.77	Schweigerstraße	52,62	Baaderstraße	Baaderstraße	LINESTRING(11.58303 48.126843,11.582954316508552 48.12685470884181)
3905	München	Schweigerstraße	de:09162:116:31:71	48.126279	11.584		NO_MATCH_AND_SEEMS_UNSERVED								POINT(11.584 48.126279)
3906	München	Schweigerstraße	de:09162:116:32:72	48.126291	11.583102		NO_MATCH_AND_SEEMS_UNSERVED								POINT(11.583102 48.126291)
3907	München	Schwester-Eubulina-Platz	de:09162:138:1:1	48.123521	11.593136	bus	MATCHED	w383544646	10.6	0.67	Schwester-Eubulina-Platz	62,N45	Regerplatz	Regerplatz	LINESTRING(11.593136 48.123521,11.59327881485238 48.1235255808462)
3908	München	Schwester-Eubulina-Platz	de:09162:138:2:2	48.123371	11.593298	bus	MATCHED	w383544647	10.8	0.67	Schwester-Eubulina-Platz	62,N45	Auerfeldstraße	Auerfeldstraße	LINESTRING(11.593298 48.123371,11.593442499094069 48.12336865960299)
3909	München	Schwester-Eubulina-Platz	de:09162:138:31:71	48.122963	11.593379		NO_MATCH_AND_SEEMS_UNSERVED								POINT(11.593379 48.122963)
3910	München	Schwester-Eubulina-Platz	de:09162:138:32:32	48.123437	11.592453		NO_MATCH_AND_SEEMS_UNSERVED								POINT(11.592453 48.123437)
3911	München	Schäftlarnstraße / Gasteig HP8	de:09162:1148:1:1	48.112354	11.552811	bus	MATCHED	w377924374	5.7	1.0	Schäftlarnstraße/Gasteig HP8	153,54,N43,X204,X30	Brudermühlstraße	Brudermühlstraße / Implerstraße	LINESTRING(11.552811 48.112354,11.552803200000001 48.11240535000001)
3912	München	Schäftlarnstraße / Gasteig HP8	de:09162:1148:2:2	48.112091	11.554428	bus	MATCHED	w377924375	1.9	1.0	Schäftlarnstraße/Gasteig HP8	153,54,N44,X204,X30	Candidplatz / Gerhardstraße	Gerhardstraße / Candidplatz	LINESTRING(11.554428 48.112091,11.554402985231851 48.112089177244954)
3913	München	Schäftlarnstraße / Gasteig HP8	de:09162:1148:31:71	48.112294	11.552793		NO_MATCH_AND_SEEMS_UNSERVED								POINT(11.552793 48.112294)
3914	München	Schäufeleinstraße	de:09162:1203:1:1	48.141729	11.512369	bus	MATCHED	w389689923	7.1	0.74	Schäufeleinstraße	130,157	Laim	Laim Bahnhof	LINESTRING(11.512369 48.141729,11.512335548734557 48.141668992730736)
3915	München	Schäufeleinstraße	de:09162:1203:2:2	48.141471	11.512099	bus	MATCHED	w389689924	2.7	0.85	Schäufeleinstraße	130,157	Agnes-Bernauer-Straße	Agnes-Bernauer-Straße	LINESTRING(11.512099 48.141471,11.512124493434397 48.14148873741148)
3916	München	Schäufeleinstraße	de:09162:1203:31:71	48.14071	11.511569		NO_MATCH_AND_SEEMS_UNSERVED								POINT(11.511569 48.14071)
3917	München	Schäufeleinstraße	de:09162:1203:32:72	48.141891	11.512638		NO_MATCH_AND_SEEMS_UNSERVED								POINT(11.512638 48.141891)
3918	München	Seeholzenweg	de:09162:1632:1:1	48.132281	11.469276	bus	MATCHED	w393515045	1.9	1.0	Seeholzenweg	56	Perlschneiderstraße	Perlschneiderstraße	LINESTRING(11.469276 48.132281,11.46925100742767 48.13227813117706)
3919	München	Seeholzenweg	de:09162:1632:2:2	48.132647	11.468252	bus	MATCHED	w393515044	2.5	1.0	Seeholzenweg	56	Blumenau	Blumenau	LINESTRING(11.468252 48.132647,11.468221255376873 48.13265519749947)
3920	München	Seidlstraße	de:09162:99:11:11	48.142311	11.556036	bus	NO_MATCH_BUT_OTHER_PLATFORM_MATCHED					6207	Kirchham, Schule		POINT(11.556036 48.142311)
3921	München	Seidlstraße	de:09162:99:31:71	48.142922	11.556781		NO_MATCH_AND_SEEMS_UNSERVED								POINT(11.556781 48.142922)
3922	München	Seidlstraße	de:09162:99:3:SEI 1	48.141897	11.55679		MATCHED	w152974567	85.2	0.05	München Hauptbahnhof Gleis 27-36				LINESTRING(11.55679 48.141897,11.555658358616746 48.141782273653995)
3923	München	Selma-Lagerlöf-Straße	de:09162:819:1:1	48.129793	11.702748	bus	MATCHED	w386838158	2.3	1.0	Selma-Lagerlöf-Straße	190	Mutter-Teresa-Straße	Mutter-Teresa-Straße	LINESTRING(11.702748 48.129793,11.702734077561843 48.129811069093606)
3924	München	Selma-Lagerlöf-Straße	de:09162:819:2:2	48.129535	11.70247	bus	MATCHED	w386838157	4.8	1.0	Selma-Lagerlöf-Straße	190	Messestadt Ost		LINESTRING(11.70247 48.129535,11.70240953578226 48.12952112525355)
3925	München	Sendlinger Kirche	de:09162:1103:1:1	48.122076	11.541043	bus	MATCHED	w394357830	1.2	1.0	Sendlinger Kirche	153,53,N44	Margaretenplatz	Margaretenplatz	LINESTRING(11.541043 48.122076,11.54104086753054 48.122086650429964)
3926	München	Sendlinger Kirche	de:09162:1103:2:2	48.121896	11.541222	bus	MATCHED	w394357829	1.7	1.0	Sendlinger Kirche	153,53,N43	Herzog-Ernst-Platz / Herzog-Ernst-Platz	Herzog-Ernst-Platz	LINESTRING(11.541222 48.121896,11.541200776823652 48.12189098758776)
3927	München	Sendlinger Tor	de:09162:50:10:10	48.133169	11.567076	bus	MATCHED	w477009660	8.1	1.0	Sendlinger Tor	52	St.-Jakobs-Platz / St.-Jakobs-Platz	Sankt-Jakobs-Platz	LINESTRING(11.567076 48.133169,11.567095284120898 48.13309746391911)
3928	München	Sendlinger Tor	de:09162:50:11:11	48.132905	11.565109		MATCHED	w370925041	51.6	1.0	Sendlinger Tor			Goetheplatz / Maistraße	LINESTRING(11.565109 48.132905,11.565716495042262 48.13312784795438)
3929	München	Sendlinger Tor	de:09162:50:1:1	48.133528	11.565513		MATCHED	n3195430469	13.7	0.41	Sendlinger Tor				LINESTRING(11.565513 48.133528,11.565642 48.1336159)
3930	München	Sendlinger Tor	de:09162:50:1:8	48.133264	11.565827	tram	MATCHED	n1507408115	5.5	0.7	Sendlinger Tor	27,28			LINESTRING(11.565827 48.133264,11.5657569 48.133279400000006)
3931	München	Sendlinger Tor	de:09162:50:2:2	48.132947	11.565773	bus	MATCHED	w370925042	22.4	1.0	Sendlinger Tor	N40,N41,N45	Karlsplatz (Stachus) / Karlsplatz (Stachus)	Karlsplatz (Stachus) / Sankt-Jakobs-Platz	LINESTRING(11.565773 48.132947,11.565503625313378 48.13285694133722)
3932	München	Sendlinger Tor	de:09162:50:31:41	48.133888	11.566627		NO_MATCH_AND_SEEMS_UNSERVED								POINT(11.566627 48.133888)
3933	München	Sendlinger Tor	de:09162:50:32:42	48.132521	11.56748		NO_MATCH_AND_SEEMS_UNSERVED								POINT(11.56748 48.132521)
3934	München	Sendlinger Tor	de:09162:50:33:73	48.135321	11.565162		NO_MATCH_AND_SEEMS_UNSERVED								POINT(11.565162 48.135321)
3935	München	Sendlinger Tor	de:09162:50:34:74	48.133432	11.568513		NO_MATCH_AND_SEEMS_UNSERVED								POINT(11.568513 48.133432)
3936	München	Sendlinger Tor	de:09162:50:35:75	48.133744	11.568477		NO_MATCH_AND_SEEMS_UNSERVED								POINT(11.568477 48.133744)
3937	München	Sendlinger Tor	de:09162:50:36:76	48.133097	11.568522		NO_MATCH_AND_SEEMS_UNSERVED								POINT(11.568522 48.133097)
3938	München	Sendlinger Tor	de:09162:50:37:77	48.132383	11.564624		NO_MATCH_AND_SEEMS_UNSERVED								POINT(11.564624 48.132383)
3939	München	Sendlinger Tor	de:09162:50:38:78	48.134661	11.566169		NO_MATCH_AND_SEEMS_UNSERVED								POINT(11.566169 48.134661)
3940	München	Sendlinger Tor	de:09162:50:3:3	48.13363	11.566196	tram	MATCHED	n1507408439	13.4	0.52	Sendlinger Tor	16,17,18,19,21,27,28,N17,N19,N27	Müllerstraße / Müllerstraße	Müllerstraße	LINESTRING(11.566196 48.13363,11.566297 48.13353)
3941	München	Sendlinger Tor	de:09162:50:3:5	48.133792	11.56607	tram	MATCHED	n1154697139	8.0	0.63	Sendlinger Tor	17,18,27,28	Karlsplatz (Stachus) / Karlsplatz (Stachus)	Karlsplatz (Stachus)	LINESTRING(11.56607 48.133792,11.5660138 48.1338536)
3942	München	Sendlinger Tor	de:09162:50:4:4	48.133804	11.566223	tram	MATCHED	n1507408269	10.1	0.58	Sendlinger Tor	16,17,18,19,21,N17,N19,N27	Karlsplatz (Stachus) / Karlsplatz (Stachus) / Karlsplatz (Stachus)	Karlsplatz (Stachus)	LINESTRING(11.566223 48.133804,11.5661254 48.1338675)
3943	München	Sendlinger Tor	de:09162:50:51:51	48.133336	11.566564	light_rail	MATCHED	n2624960956	13.7	0.5	Sendlinger Tor	U3,U6	Marienplatz		LINESTRING(11.566564 48.133336,11.5667413 48.1333677)
3944	München	Sendlinger Tor	de:09162:50:51:52	48.133438	11.566519	light_rail	MATCHED	n2560372331	11.8	0.54	Sendlinger Tor	U3,U6	Marienplatz / Goetheplatz / Goetheplatz		LINESTRING(11.566519 48.133438,11.5666721 48.133467)
3945	München	Sendlinger Tor	de:09162:50:53:53	48.1336	11.567363	light_rail	MATCHED	n2665022798	2.4	0.84	Sendlinger Tor	U1,U2,U7,U8	Hauptbahnhof (U, Tram) / Hauptbahnhof (U, Tram)		LINESTRING(11.567363 48.1336,11.567362000000001 48.133578500000006)
3946	München	Sendlinger Tor	de:09162:50:54:54	48.133384	11.566672	light_rail	MATCHED	n29913714	2.6	0.83	Sendlinger Tor	U1,U2,U7,U8	Fraunhoferstraße		LINESTRING(11.566672 48.133384,11.5666437 48.133370400000004)
3947	München	Sendlinger Tor	de:09162:50:6:6	48.133175	11.565675	bus	NO_MATCH_BUT_OTHER_PLATFORM_MATCHED					62,N40,N41,N45	Goetheplatz / Maistraße		POINT(11.565675 48.133175)
3948	München	Sendlinger Tor	de:09162:50:7:7	48.134517	11.565657		NO_MATCH_AND_SEEMS_UNSERVED								POINT(11.565657 48.134517)
3949	München	Sendlinger Tor	de:09162:50:9:9	48.133642	11.56775	bus	NO_MATCH_BUT_OTHER_PLATFORM_MATCHED					62	St.-Jakobs-Platz / St.-Jakobs-Platz		POINT(11.56775 48.133642)
3950	München	Senftenauerstraße	de:09162:1552:1:1	48.125764	11.498076	tram	MATCHED	n1690677459	19.4	0.44	Senftenauerstraße	14,18	Gondrellplatz	Gondrellplatz	LINESTRING(11.498076 48.125764,11.498334600000002 48.1257875)
3951	München	Senftenauerstraße	de:09162:1552:2:2	48.12559	11.497528	tram	MATCHED	n1099427195	11.1	0.56	Senftenauerstraße	14,18	Ammerseestraße / Ammerseestraße	Ammerseestraße	LINESTRING(11.497528 48.12559,11.497380600000001 48.125575500000004)
3952	München	Senftenauerstraße	de:09162:1552:31:21	48.125968	11.497771		MATCHED	n3207960672	32.2	0.23	Senftenauerstraße				LINESTRING(11.497771 48.125968,11.497823700000001 48.1256804)
3953	München	Senftenauerstraße Süd	de:09162:1501:31:71	48.124451	11.493782		NO_MATCH_AND_SEEMS_UNSERVED								POINT(11.493782 48.124451)
3954	München	Senserstraße	de:09162:1128:1:1	48.122945	11.548714	bus	MATCHED	w369716813	2.4	1.0	Senserstraße	132	Aberlestraße	Aberlestraße	LINESTRING(11.548714 48.122945,11.548684505397912 48.12295354311283)
3955	München	Senserstraße	de:09162:1128:2:2	48.122987	11.548472	bus	MATCHED	w369716817	2.7	1.0	Senserstraße	132	Implerstraße	Implerstraße	LINESTRING(11.548472 48.122987,11.548484731144448 48.12296433967737)
3956	München	Sentilostraße	de:09162:1343	48.087788	11.51721		NO_MATCH_AND_SEEMS_UNSERVED								POINT(11.51721 48.087788)
3957	München	Servetstraße	de:09162:1829:1:1	48.194632	11.456206	bus	MATCHED	w379853824	1.8	1.0	Servetstraße	164	Eversbuschstraße	Eversbuschstraße	LINESTRING(11.456206 48.194632,11.456186462525533 48.19464188414174)
3958	München	Servetstraße	de:09162:1829:2:2	48.194878	11.456664	bus	MATCHED	w379853823	0.9	1.0	Servetstraße	164	Hauseggerstraße	Hauseggerstraße	LINESTRING(11.456664 48.194878,11.456668295528758 48.194870792049684)
3959	München	Siedlung Ludwigsfeld	de:09162:1969:31:71	48.217221	11.489228		NO_MATCH_AND_SEEMS_UNSERVED								POINT(11.489228 48.217221)
3960	München	Siedlung Ludwigsfeld	de:09162:1969:3:SLU 1	48.217358	11.489201	bus	MATCHED	w398700073	2.7	1.0	Siedlung Ludwigsfeld	172	Opalstraße	Opalstraße	LINESTRING(11.489201 48.217358,11.489164164252628 48.21735635166091)
3961	München	Siedlung Ludwigsfeld	de:09162:1969:3:SLU 2	48.217191	11.489758	bus	MATCHED	w398700074	1.2	1.0	Siedlung Ludwigsfeld	172	Kaiserhölzlstraße	Kaiserhölzlstraße	LINESTRING(11.489758 48.217191,11.489771646779468 48.21718598391217)
3962	München	Siedlung am Haidelweg	de:09162:1630:1:1	48.135878	11.453457	bus	MATCHED	w435817319	5.3	1.0	Siedlung am Haidelweg	259,265	Kraillinger Weg	Kraillinger Weg	LINESTRING(11.453457 48.135878,11.45339611087702 48.13585318547961)
3963	München	Siedlung am Haidelweg	de:09162:1630:2:2	48.135776	11.453107	bus	MATCHED	w435817318	26.0	1.0	Siedlung am Haidelweg	259,265	Lochham, Heitmeiersiedlung	Lochham, Heitmeiersiedlung	LINESTRING(11.453107 48.135776,11.453294815935383 48.13597311067838)
3964	München	Siedlung am Hart	de:09162:413:2:2	48.201267	11.577299		NO_MATCH_AND_SEEMS_UNSERVED								POINT(11.577299 48.201267)
3965	München	Siedlung am Hart	de:09162:413:3:SAH 1	48.201165	11.576877	bus	MATCHED	w329026620	1.4	1.0	Siedlung am Hart	174	Dientzenhoferstraße	Dientzenhoferstraße	LINESTRING(11.576877 48.201165,11.576895119919428 48.201163619190204)
3966	München	Siegenburger Straße	de:09162:1224:1:1	48.126016	11.521531	bus	MATCHED	w396605062	3.7	0.82	Siegenburger Straße	63	Hinterbärenbadstraße	Hinterbärenbadstraße	LINESTRING(11.521531 48.126016,11.521571244421146 48.126034823613466)
3967	München	Siegenburger Straße	de:09162:1224:2:2	48.126777	11.523076	bus	MATCHED	w396605061	9.0	0.7	Siegenburger Straße	63	Garmischer Straße	Garmischer Straße	LINESTRING(11.523076 48.126777,11.522956845981936 48.12676307623495)
3968	München	Siegestor	de:09162:1192:1:1	48.151421	11.581871	bus	MATCHED	w817844156	10.7	1.0	Siegestor	154,58,N40,N41,N45	Georgenstraße	Georgenstraße	LINESTRING(11.581871 48.151421,11.581872557346104 48.15151736134925)
3969	München	Siegestor	de:09162:1192:2:2	48.151475	11.581611	bus	NO_MATCH_BUT_OTHER_PLATFORM_MATCHED					154,68,N40,N41,N45	Universität / Universität		POINT(11.581611 48.151475)
3970	München	Siegestor	de:09162:1192:3:3	48.152338	11.582123		NO_MATCH_AND_SEEMS_UNSERVED								POINT(11.582123 48.152338)
3971	München	Siegfried-Mollier-Straße	de:09162:1048:1:1	48.106656	11.646559	bus	MATCHED	w414695768	3.8	1.0	Siegfried-Mollier-Straße	139,192,199,N79	Quiddestraße / Quiddestraße	Quiddestraße	LINESTRING(11.646559 48.106656,11.646509022814943 48.10666390636631)
3972	München	Siegfried-Mollier-Straße	de:09162:1048:2:2	48.106476	11.646217	bus	MATCHED	w414695769	8.9	1.0	Siegfried-Mollier-Straße	139,192,199,N79	Neuperlach Zentrum / Neuperlach Zentrum / Neuperlach Zentrum / Neuperlach Zentrum	Neuperlach Zentrum	LINESTRING(11.646217 48.106476,11.646247415520547 48.106398343107955)
3973	München	Siegfried-Mollier-Straße	de:09162:1048:31:71	48.105894	11.646523		NO_MATCH_AND_SEEMS_UNSERVED								POINT(11.646523 48.105894)
3974	München	Siegfried-Mollier-Straße	de:09162:1048:32:72	48.105888	11.646253		NO_MATCH_AND_SEEMS_UNSERVED								POINT(11.646253 48.105888)
3975	München	Siegmannstraße	de:09162:1628:1:1	48.137443	11.460985	bus	NO_MATCH_BUT_OTHER_PLATFORM_MATCHED					56	Perlschneiderstraße		POINT(11.460985 48.137443)
3976	München	Siegmannstraße	de:09162:1628:2:2	48.137269	11.461335	bus	MATCHED	n3967122096	6.3	0.75	Siegmannstraße	56	Planegger Straße	Planegger Straße	LINESTRING(11.461335 48.137269,11.4612656 48.1373017)
3977	München	Siegmannstraße	de:09162:1628:31:73	48.137875	11.462207		NO_MATCH_AND_SEEMS_UNSERVED								POINT(11.462207 48.137875)
3978	München	Siegmannstraße	de:09162:1628:31:74	48.137743	11.462377		NO_MATCH_AND_SEEMS_UNSERVED								POINT(11.462377 48.137743)
3979	München	Siegmannstraße	de:09162:1628:99:72	48.137353	11.461174		MATCHED	n3967121932	5.5	0.61	Siegmannstraße			Perlschneiderstraße	LINESTRING(11.461174 48.137353,11.4611028 48.1373655)
3980	München	Siemensallee	de:09162:1339:1:1	48.090608	11.520525	bus	MATCHED	w376756365	2.5	1.0	Siemensallee	136	Münsinger Straße	Münsinger Straße	LINESTRING(11.520525 48.090608,11.520508780182215 48.09058865038747)
3981	München	Siemensallee	de:09162:1339:2:2	48.09032	11.520813	bus	MATCHED	w376756359	0.8	1.0	Siemensallee	270V,63,N41	Marienstern	Marienstern	LINESTRING(11.520813 48.09032,11.520806349999999 48.090325500000006)
3982	München	Siemensallee	de:09162:1339:3:3	48.090698	11.521361	bus	MATCHED	w376756363	1.8	1.0	Siemensallee	136,270V,63,N41	Leutstettener Straße	Leutstettener Straße	LINESTRING(11.521361 48.090698,11.521361550000002 48.0907143)
3983	München	Siemenswerke	de:09162:1310:1:1	48.095522	11.532419	bus	MATCHED	w376756368	15.6	1.0	Siemenswerke	136	Obersendling	Obersendling	LINESTRING(11.532419 48.095522,11.532214119397388 48.09549085006489)
3984	München	Siemenswerke	de:09162:1310:2:2	48.095618	11.532392	train	MATCHED	w376756371	14.6	1.0	Siemenswerke	RB55,RB56,RB57,RB58,S20,S7	Holzkirchen / Solln / Solln / Otterfing		LINESTRING(11.532392 48.095618,11.5321987 48.09559560000001)
3985	München	Siemenswerke	de:09162:1310:31:71	48.095318	11.531637		NO_MATCH_AND_SEEMS_UNSERVED								POINT(11.531637 48.095318)
3986	München	Siemenswerke	de:09162:1310:3:3	48.095336	11.531476	bus	MATCHED	w376756374	2.9	1.0	Siemenswerke	136	Baierbrunner Straße	Baierbrunner Straße	LINESTRING(11.531476 48.095336,11.531469135674984 48.09536137530403)
3987	München	Siemenswerke	de:09162:1310:41:81	48.094616	11.532886	train	MATCHED	w33275292	18.1	1.0	Siemenswerke	RB55,RB56,RB57,RB58,S20,S7	Mittersendling / Harras / Mittersendling / Solln		LINESTRING(11.532886 48.094616,11.532883335589244 48.094453558699705)
3988	München	Siemenswerke	de:09162:1310:42:82	48.094634	11.532823	trainish	MATCHED	w33275290	16.4	1.0	Siemenswerke				LINESTRING(11.532823 48.094634,11.53271855876587 48.094503847363036)
3989	München	Siglstraße	de:09162:1216:1:1	48.135453	11.51377	bus	MATCHED	w373410845	16.3	1.0	Siglstraße	130,157	Agnes-Bernauer-Straße	Agnes-Bernauer-Straße	LINESTRING(11.51377 48.135453,11.513746472827359 48.135306991180215)
3990	München	Siglstraße	de:09162:1216:2:2	48.134979	11.514084		MATCHED	w156831637	15.4	1.0	Siglstraße	130,157,18	Hans-Thonauer-Straße / Lautensackstraße	Lautensackstraße / Hans-Thonauer-Straße	LINESTRING(11.514084 48.134979,11.514290789952124 48.134974900240714)
3991	München	Siglstraße	de:09162:1216:2:3	48.134901	11.514327	tram	MATCHED	n294042587	9.5	0.59	Siglstraße	18	Hans-Thonauer-Straße	Hans-Thonauer-Straße	LINESTRING(11.514327 48.134901,11.5142035 48.134920900000004)
3992	München	Siglstraße	de:09162:1216:2:4	48.134979	11.514201		MATCHED	n10944098552	5.2	1.0	Siglstraße				LINESTRING(11.514201 48.134979,11.5142713 48.134979300000005)
3993	München	Siglstraße	de:09162:1216:31:71	48.134967	11.513231		MATCHED	n3207962561	69.8	0.13	Siglstraße				LINESTRING(11.513231 48.134967,11.514167700000002 48.13493810000001)
3994	München	Siglstraße	de:09162:1216:32:72	48.135183	11.513258		MATCHED	n1690677460	69.5	0.13	Siglstraße			Lautensackstraße	LINESTRING(11.513258 48.135183,11.5141273 48.1349552)
3995	München	Siglstraße Nord	de:09162:9952:1:1	48.138528	11.513653		NO_MATCH_AND_SEEMS_UNSERVED								POINT(11.513653 48.138528)
3996	München	Siglstraße Nord	de:09162:9952:1:2	48.138726	11.51386		NO_MATCH_AND_SEEMS_UNSERVED								POINT(11.51386 48.138726)
3997	München	Sigmund-Riefler-Bogen	de:09162:979:1:1	48.13694	11.715334	bus	MATCHED	w386838159	4.7	1.0	Sigmund-Riefler-Bogen	186,234,234V,262,263V,459	Feldkirchen, Olympiastraße / Umschlagbahnhof	Umschlagbahnhof / Olympiastraße	LINESTRING(11.715334 48.13694,11.71534725 48.136898900000006)
3998	München	Sigmund-Riefler-Bogen	de:09162:979:2:2	48.136418	11.715199	bus	MATCHED	w386838160	4.5	1.0	Sigmund-Riefler-Bogen	186,234,234V,262,263V,459	Messestadt Ost / Messestadt Ost / Messestadt Ost	Messestadt Ost	LINESTRING(11.715199 48.136418,11.715194598528932 48.136458644230615)
3999	München	Silberdistelstraße	de:09162:1636:31:71	48.129307	11.478322		NO_MATCH_AND_SEEMS_UNSERVED								POINT(11.478322 48.129307)
4000	München	Silberdistelstraße	de:09162:1636:3:SIL 1	48.129559	11.479526	bus	MATCHED	n783915209	25.0	1.0	Silberdistelstraße	168,N78	Krokusstraße / Blumenau	Blumenau / Krokusstraße	LINESTRING(11.479526 48.129559,11.479200800000001 48.1295012)
4001	München	Silberdistelstraße	de:09162:1636:3:SIL 2	48.129421	11.479553	bus	MATCHED	n2675515899	0.2	1.0	Silberdistelstraße	168,N78	Willibaldstraße	Willibaldstraße	LINESTRING(11.479553 48.129421,11.4795557 48.129421)
4002	München	Silberhorn-/Ichostraße	de:09162:1187:31:71	48.115989	11.580533		NO_MATCH_AND_SEEMS_UNSERVED								POINT(11.580533 48.115989)
4003	München	Silberhorn-/Ichostraße	de:09162:1187:3:ICH 1	48.115965	11.57967	bus	MATCHED	w373538986	4.8	0.77	Silberhornstraße/Ichostraße	58,N45	Kolumbusplatz	Kolumbusplatz	LINESTRING(11.57967 48.115965,11.579733904127778 48.115961930545566)
4004	München	Silberhorn-/Ichostraße	de:09162:1187:4:4	48.116097	11.580605	bus	MATCHED	n8544837219	19.7	0.54	Silberhornstraße/Ichostraße	68	Ostfriedhof	Ostfriedhof	LINESTRING(11.580605 48.116097,11.5807654 48.1162379)
4005	München	Silberhornstraße	de:09162:1170:1:1	48.115479	11.579688		MATCHED	w154513974	8.4	1.0	Silberhornstraße	25,N27,X30	Tegernseer Landstraße / Tegernseer Landstraße	Tegernseer Landstraße	LINESTRING(11.579688 48.115479,11.579759487333554 48.115537970249406)
4006	München	Silberhornstraße	de:09162:1170:21:21	48.115143	11.579688		MATCHED	n1493315933	51.8	0.16	Silberhornstraße			Ostfriedhof	LINESTRING(11.579688 48.115143,11.5799307 48.1155793)
4007	München	Silberhornstraße	de:09162:1170:22:22	48.115155	11.57967		MATCHED	n372518938	35.6	0.22	Silberhornstraße			Tegernseer Landstraße	LINESTRING(11.57967 48.115155,11.579742300000001 48.115471600000006)
4008	München	Silberhornstraße	de:09162:1170:2:2	48.115581	11.579994		MATCHED	w154513975	9.9	1.0	Silberhornstraße	25,N27,X30	Ostfriedhof / Ostfriedhof	Ostfriedhof	LINESTRING(11.579994 48.115581,11.579917111290982 48.11550814042467)
4009	München	Silberhornstraße	de:09162:1170:31:71	48.115551	11.577739		MATCHED	n10925157720	40.5	1.0	Silberhornstraße				LINESTRING(11.577739 48.115551,11.5782504 48.115427200000006)
4010	München	Silberhornstraße	de:09162:1170:32:72	48.114987	11.580003		NO_MATCH_AND_SEEMS_UNSERVED								POINT(11.580003 48.114987)
4011	München	Silberhornstraße	de:09162:1170:3:3	48.115329	11.578601	bus	MATCHED	w373538987	3.1	1.0	Silberhornstraße	58,68,N45	Ostfriedhof / Silberhorn-/Ichostraße	Ostfriedhof	LINESTRING(11.578601 48.115329,11.5785649 48.11534199999999)
4012	München	Silberhornstraße	de:09162:1170:51:51	48.114765	11.581063	light_rail	MATCHED	n2567788693	4.5	0.74	Silberhornstraße	U2,U8	Kolumbusplatz		LINESTRING(11.581063 48.114765,11.5810235 48.114795300000004)
4013	München	Silberhornstraße	de:09162:1170:51:52	48.114711	11.581018	light_rail	MATCHED	n2567788692	5.7	0.7	Silberhornstraße	U2,U8	Untersbergstraße		LINESTRING(11.581018 48.114711,11.580966400000001 48.1146734)
4014	München	Simplonstraße	de:09162:946:1:1	48.114514	11.66316	bus	MATCHED	w376507799	3.5	1.0	Simplonstraße	195	Mönchbergstraße	Mönchbergstraße	LINESTRING(11.66316 48.114514,11.663129072510973 48.11449043958991)
4015	München	Simplonstraße	de:09162:946:2:2	48.114681	11.66245	bus	MATCHED	w376507798	4.8	1.0	Simplonstraße	195	Himalajastraße	Himalajastraße	LINESTRING(11.66245 48.114681,11.662392343420592 48.1147003459297)
4016	München	Sipplinger Straße	de:09162:1706:3:SIP 1	48.149186	11.430972	bus	MATCHED	w379853825	1.8	1.0	Sipplinger Straße	162,57,N77	Mainaustraße	Mainaustraße	LINESTRING(11.430972 48.149186,11.430994480892243 48.149180726472736)
4017	München	Sipplinger Straße	de:09162:1706:3:SIP 2	48.149365	11.430999	bus	MATCHED	w379853826	6.6	1.0	Sipplinger Straße	162,57,N77	Wertheimer Straße	Wertheimer Straße	LINESTRING(11.430999 48.149365,11.43101398554518 48.14930622554591)
4018	München	Situlistraße	de:09162:541:1:1	48.190153	11.615405	bus	MATCHED	w372415503	28.4	1.0	Situlistraße	181,N40	Studentenstadt / Studentenstadt	Studentenstadt (U)	LINESTRING(11.615405 48.190153,11.615705608355128 48.19030988247134)
4019	München	Situlistraße	de:09162:541:2:2	48.190117	11.615756	bus	MATCHED	w372415504	3.1	1.0	Situlistraße	181,N40	Floriansmühlstraße / Floriansmühlstraße	Floriansmühlstraße	LINESTRING(11.615756 48.190117,11.615720646374122 48.19010200958336)
4020	München	Skagerrakstraße	de:09162:230:1:1	48.172693	11.504374	bus	MATCHED	w395816266	2.3	0.87	Skagerrakstraße	164,165,51	Nederlinger Straße (West)	Nederlinger Straße (West)	LINESTRING(11.504374 48.172693,11.504390365650385 48.172675583349445)
4021	München	Skagerrakstraße	de:09162:230:2:2	48.172813	11.504598	bus	MATCHED	w395816265	2.6	0.86	Skagerrakstraße	164,165,N78	Untermenzinger Straße	Untermenzinger Straße	LINESTRING(11.504598 48.172813,11.50460955615017 48.17279088990963)
4022	München	Skagerrakstraße	de:09162:230:3:3	48.172717	11.503493	bus	MATCHED	w1168126897	5.9	0.76	Skagerrakstraße	51	Warschauer Straße	Warschauer Straße	LINESTRING(11.503493 48.172717,11.503566787091913 48.17269782863429)
4023	München	Solln	de:09162:1320:1:1	48.078834	11.527361	bus	MATCHED	w242612133	3.1	1.0	Solln Bahnhof	134,135,136,270	Solln Bf. Wendeschleife / Friedastraße	Solln Bahnhof Wendeschleife / Friedastraße	LINESTRING(11.527361 48.078834,11.527392610137182 48.0788520547276)
4024	München	Solln	de:09162:1320:2:2	48.079206	11.527415	bus	MATCHED	w242612135	1.5	1.0	Solln Bahnhof	134,135,136,270	Sollner Straße / Diefenbachstraße	Sollner Straße / Diefenbachstraße	LINESTRING(11.527415 48.079206,11.527414667977478 48.07919290994378)
4025	München	Solln	de:09162:1320:31:71	48.078156	11.525897		MATCHED	n12675832755	0.7	0.4	Solln Bahnhof			Friedastraße	LINESTRING(11.525897 48.078156,11.5258908 48.0781514)
4026	München	Solln	de:09162:1320:41:81	48.080196	11.526876	train	MATCHED	w156364075	17.7	1.0	Solln	RB55,RB56,RB57,RB58,S20,S7	Holzkirchen / Deisenhofen / Großhesselohe, Isartalbahnhof / Deisenhofen	Otterfing / Holzkirchen	LINESTRING(11.526876 48.080196,11.526952468502747 48.080045510093264)
4027	München	Solln	de:09162:1320:42:82	48.08019	11.52702	train	MATCHED	w156364076	19.6	1.0	Solln	RB55,RB56,RB57,RB58,S20,S7	Siemenswerke / Harras		LINESTRING(11.52702 48.08019,11.527081760940685 48.0800185566908)
4028	München	Solln Bf. Wendeschleife	de:09162:1329:3:SOW 1	48.081444	11.527577	bus	MATCHED	w242612136	4.6	1.0	Solln Bahnhof Wendeschleife	135,136,270	Friedastraße / Solln	Friedastraße / Solln Bahnhof	LINESTRING(11.527577 48.081444,11.52757527682661 48.08140287465431)
4029	München	Sollner Straße	de:09162:1325:1:1	48.076649	11.525062	bus	MATCHED	w376756379	1.7	1.0	Sollner Straße	134,135,270,270V	Diefenbachstraße / Solln	Diefenbachstraße / Solln Bahnhof	LINESTRING(11.525062 48.076649,11.525044138319355 48.07663924317224)
4030	München	Sollner Straße	de:09162:1325:2:2	48.077111	11.525322	bus	MATCHED	w376756377	1.9	1.0	Sollner Straße	134,135,270,270V	Melchiorstraße / Ringelnatzweg / Stridbeckstraße	Stridbeckstraße / Melchiorstraße / Ringelnatzweg	LINESTRING(11.525322 48.077111,11.525345300000001 48.07711895)
4031	München	Sondermeierstraße	de:09162:629:1:1	48.190812	11.624811	bus	MATCHED	w372415507	5.9	1.0	Sondermeierstraße	181	Floriansmühlstraße / Floriansmühlstraße	Floriansmühlstraße	LINESTRING(11.624811 48.190812,11.624732449999993 48.1908069)
4032	München	Sondermeierstraße	de:09162:629:2:2	48.190818	11.624038	bus	MATCHED	w372415512	2.4	1.0	Sondermeierstraße	181	Bayerischer Rundfunk	Bayerischer Rundfunk	LINESTRING(11.624038 48.190818,11.624067450000002 48.190809650000006)
4033	München	Sonnentaustraße	de:09162:384:31:71	48.199231	11.518261		MATCHED	w409285673	35.7	0.22	Sonnentaustraße			Kuckucksblumenstraße	LINESTRING(11.518261 48.199231,11.518729827622778 48.19916158892152)
4034	München	Sonnentaustraße	de:09162:384:31:72	48.199321	11.518288		NO_MATCH_AND_SEEMS_UNSERVED								POINT(11.518288 48.199321)
4035	München	Sonnentaustraße	de:09162:384:3:SON 2	48.199237	11.518711	bus	MATCHED	w409285672	2.3	0.87	Sonnentaustraße	175,N71	Pappelallee	Pappelallee	LINESTRING(11.518711 48.199237,11.518739894094699 48.19922944027327)
4036	München	Soyerhofstraße	de:09162:1184:1:1	48.101791	11.581889	bus	MATCHED	w378272122	2.6	1.0	Soyerhofstraße	220	Peter-Auzinger-Straße	Peter-Auzinger-Straße	LINESTRING(11.581889 48.101791,11.581893385474334 48.10176766610118)
4037	München	Soyerhofstraße	de:09162:1184:2:2	48.101407	11.582042	bus	MATCHED	w378272121	1.3	1.0	Soyerhofstraße	220,E220	St.-Quirin-Platz	Sankt-Quirin-Platz	LINESTRING(11.582042 48.101407,11.58203422817299 48.101396721429694)
4038	München	Sperberstraße	de:09162:938:1:1	48.107466	11.699586	bus	MATCHED	n679127056	12.6	1.0	Sperberstraße	185,E185	Togostraße	Togostraße	LINESTRING(11.699586 48.107466,11.699734900000001 48.1075201)
4039	München	Sperberstraße	de:09162:938:2:2	48.107652	11.700296	bus	MATCHED	n679383129	0.9	1.0	Sperberstraße	185,E185	Iltisstraße		LINESTRING(11.700296 48.107652,11.700303700000001 48.1076588)
4040	München	Spertentalstraße	de:09162:949:1:1	48.117644	11.670203	bus	MATCHED	w460747280	11.5	1.0	Spertentalstraße	195	Zauberwaldstraße	Zauberwaldstraße	LINESTRING(11.670203 48.117644,11.670053678775679 48.11767197309288)
4041	München	Spertentalstraße	de:09162:949:2:2	48.117998	11.66996	bus	MATCHED	w460747283	1.6	1.0	Spertentalstraße	194,N79	Batschkastraße	Batschkastraße	LINESTRING(11.66996 48.117998,11.66994056842984 48.11800394473872)
4042	München	Spertentalstraße	de:09162:949:3:3	48.117764	11.670203	bus	MATCHED	w460747278	5.2	1.0	Spertentalstraße	195	Batschkastraße	Batschkastraße	LINESTRING(11.670203 48.117764,11.670136535918381 48.11774863557955)
4043	München	Spertentalstraße	de:09162:949:3:4	48.117878	11.670086	bus	MATCHED	w460747276	4.7	1.0	Spertentalstraße	194,N79	Schmuckerweg	Schmuckerweg	LINESTRING(11.670086 48.117878,11.670065850000002 48.11791815)
4044	München	Spiegelbergstraße	de:09162:1850:1:1	48.197986	11.466923	bus	MATCHED	w379853855	2.5	1.0	Spiegelbergstraße	X36	Am Münchfeld	Am Münchfeld	LINESTRING(11.466923 48.197986,11.466955513554717 48.19798004962164)
4045	München	Spiegelbergstraße	de:09162:1850:2:2	48.197968	11.467579	bus	MATCHED	w379853856	0.3	1.0	Spiegelbergstraße	X36	Storchenweg	Storchenweg	LINESTRING(11.467579 48.197968,11.467575400000003 48.1979684)
4046	München	Spielmannsauer Straße	de:09162:1423:1:1	48.082561	11.493971	bus	MATCHED	w369932216	5.4	1.0	Spielmannsauer Straße	132	Mindelheimer Straße	Mindelheimer Straße	LINESTRING(11.493971 48.082561,11.494006014822531 48.082603525521456)
4047	München	Spielmannsauer Straße	de:09162:1423:2:2	48.082195	11.494016	bus	MATCHED	w369932217	4.2	1.0	Spielmannsauer Straße	132	Forstenried	Forstenried	LINESTRING(11.494016 48.082195,11.49399540599973 48.08215998228959)
4048	München	Spindlerplatz	de:09162:1342:1:1	48.089924	11.51421	bus	MATCHED	w376756387	2.1	1.0	Spindlerplatz	136	Münsinger Straße	Münsinger Straße	LINESTRING(11.51421 48.089924,11.514237177363242 48.089917591796535)
4049	München	Spindlerplatz	de:09162:1342:31:71	48.09002	11.51465		NO_MATCH_AND_SEEMS_UNSERVED								POINT(11.51465 48.09002)
4050	München	Spindlerplatz	de:09162:1342:31:72	48.090152	11.514587		NO_MATCH_AND_SEEMS_UNSERVED								POINT(11.514587 48.090152)
4051	München	Spindlerplatz	de:09162:1342:3:3	48.090014	11.514147	bus	MATCHED	w376756383	3.8	1.0	Spindlerplatz	136	Fertigstraße	Fertigstraße	LINESTRING(11.514147 48.090014,11.514197050000007 48.090008000000005)
4052	München	Spiridon-Louis-Ring	de:09162:9015:1:1	48.16778	11.55485	bus	MATCHED	w372415505	1.3	1.0	Spiridon-Louis-Ring	144	Deidesheimer Straße	Deidesheimer Straße	LINESTRING(11.55485 48.16778,11.554864426834618 48.16778642344139)
4053	München	Spiridon-Louis-Ring	de:09162:9015:2:2	48.16799	11.554679	bus	MATCHED	w459152357	1.5	1.0	Spiridon-Louis-Ring	144	Olympiaberg	Olympiaberg	LINESTRING(11.554679 48.16799,11.554669504507489 48.16797789543265)
4054	München	Spixstraße	de:09162:1146:1:1	48.110831	11.579185	bus	MATCHED	w377924376	8.1	0.72	Spixstraße	153,54,N43	Tegernseer Landstraße	Tegernseer Landstraße	LINESTRING(11.579185 48.110831,11.57925787168012 48.11088449991876)
4055	München	Spixstraße	de:09162:1146:2:2	48.111209	11.579913	bus	MATCHED	w377924377	7.0	0.74	Spixstraße	153,54,N44	Valeppstraße	Valeppstraße	LINESTRING(11.579913 48.111209,11.579833582339369 48.11117464719587)
4056	München	Spixstraße	de:09162:1146:31:71	48.110243	11.578646		NO_MATCH_AND_SEEMS_UNSERVED								POINT(11.578646 48.110243)
4057	München	Spixstraße	de:09162:1146:32:72	48.112192	11.58056		NO_MATCH_AND_SEEMS_UNSERVED								POINT(11.58056 48.112192)
4058	München	Stadelheimer Straße	de:09162:1177:1:1	48.099985	11.585788	bus	MATCHED	w391474800	15.2	1.0	Stadelheimer Straße	139	Peter-Auzinger-Straße	Peter-Auzinger-Straße	LINESTRING(11.585788 48.099985,11.58597942858393 48.10003115501196)
4059	München	Stadelheimer Straße	de:09162:1177:2:2	48.099901	11.586471	bus	MATCHED	w391474801	3.0	1.0	Stadelheimer Straße	139,N75	Frasdorfer Straße	Frasdorfer Straße	LINESTRING(11.586471 48.099901,11.586501158175665 48.09988333158745)
4060	München	Stadtwerke München	de:09162:285:1:1	48.171273	11.530586	tram	MATCHED	n5233473685	8.5	0.61	Stadtwerke München	21	Westfriedhof		LINESTRING(11.530586 48.171273,11.5306279 48.1712014)
4061	München	Staffelseestraße	de:09162:1405:1:1	48.092186	11.506314		NO_MATCH_AND_SEEMS_UNSERVED								POINT(11.506314 48.092186)
4062	München	Staffelseestraße	de:09162:1405:2:2	48.091934	11.506323	bus	MATCHED	w396613071	4.3	1.0	Staffelseestraße	151,63	Züricher Straße / Züricher Straße	Züricher Straße	LINESTRING(11.506323 48.091934,11.506343714421739 48.09197056289124)
4063	München	Staffelseestraße	de:09162:1405:30:70	48.092012	11.502999		NO_MATCH_AND_SEEMS_UNSERVED								POINT(11.502999 48.092012)
4064	München	Staffelseestraße	de:09162:1405:3:3	48.092666	11.506646		MATCHED	w396613070	144.2	1.0	Staffelseestraße			Munckerstraße	LINESTRING(11.506646 48.092666,11.505879194527818 48.0914752614149)
4065	München	Staffelseestraße	de:09162:1405:4:4	48.091466	11.505865	bus	NO_MATCH_BUT_OTHER_PLATFORM_MATCHED					151,63	Munckerstraße		POINT(11.505865 48.091466)
4066	München	Stahlgruberring	de:09162:971:1:1	48.134212	11.663923	bus	MATCHED	w472545377	6.8	0.74	Stahlgruberring	194	Karl-Schmid-Straße	Karl-Schmid-Straße	LINESTRING(11.663923 48.134212,11.663903546798764 48.134271837370264)
4067	München	Stahlgruberring	de:09162:971:2:2	48.134559	11.663438	bus	MATCHED	w472545379	3.6	1.0	Stahlgruberring	194	Schatzbogen	Schatzbogen	LINESTRING(11.663438 48.134559,11.663446127514067 48.13452710126572)
4068	München	Stanigplatz	de:09162:349:1:1	48.216826	11.55352	bus	MATCHED	w375853965	5.7	1.0	Stanigplatz	60,N41,N76	Stösserstraße	Stösserstraße	LINESTRING(11.55352 48.216826,11.55346886619397 48.216787957789)
4069	München	Stanigplatz	de:09162:349:2:2	48.216323	11.553062		NO_MATCH_AND_SEEMS_UNSERVED								POINT(11.553062 48.216323)
4070	München	Stanigplatz	de:09162:349:3:3	48.216862	11.553332	bus	MATCHED	w375853966	4.6	1.0	Stanigplatz	60,N41	Hasenbergl / Hasenbergl	Hasenbergl	LINESTRING(11.553332 48.216862,11.5533131 48.216822250000014)
4071	München	Staudingerstraße	de:09162:1042:1:1	48.109241	11.638905	bus	MATCHED	w414695771	3.6	1.0	Staudingerstraße	197,N45	Nawiaskystraße	Nawiaskystraße	LINESTRING(11.638905 48.109241,11.638945335932673 48.10922382612192)
4072	München	Staudingerstraße	de:09162:1042:2:2	48.109637	11.639399	bus	MATCHED	w414695772	2.9	1.0	Staudingerstraße	199	Georg-Brauchle-Haus	Georg-Brauchle-Haus	LINESTRING(11.639399 48.109637,11.639378270613127 48.10965937536582)
4073	München	Staudingerstraße	de:09162:1042:3:3	48.109038	11.639795	bus	MATCHED	w414695770	3.5	1.0	Staudingerstraße	197,199,N45	Plettstraße	Plettstraße	LINESTRING(11.639795 48.109038,11.639748373340169 48.10903487378652)
4074	München	Staufener Straße	de:09162:1743:1:1	48.157684	11.430128	bus	MATCHED	n8614751487	0.8	1.0	Staufener Straße	157	Englburgstraße	Englburgstraße	LINESTRING(11.430128 48.157684,11.430123700000001 48.157690900000006)
4075	München	Staufener Straße	de:09162:1743:2:2	48.157798	11.430101	bus	MATCHED	n8614751500	0.3	1.0	Staufener Straße	157	Ilse-Fehling-Straße	Ilse-Fehling-Straße	LINESTRING(11.430101 48.157798,11.430102300000001 48.1577956)
4076	München	Stegener Weg	de:09162:1213:2:1	48.125926	11.508146	tram	MATCHED	n29013675	10.2	0.58	Stegener Weg	18	Ammerseestraße	Ammerseestraße	LINESTRING(11.508146 48.125926,11.508264500000001 48.1258794)
4077	München	Stegener Weg	de:09162:1213:2:2	48.125812	11.508434	tram	MATCHED	n682319627	10.7	0.57	Stegener Weg	18	Säulingstraße	Säulingstraße	LINESTRING(11.508434 48.125812,11.5082996 48.1258472)
4078	München	Stegener Weg	de:09162:1213:31:21	48.125818	11.508191		MATCHED	n3207962562	8.4	0.52	Stegener Weg				LINESTRING(11.508191 48.125818,11.5082825 48.1258629)
4079	München	Stegener Weg	de:09162:1213:32:22	48.125842	11.509117		MATCHED	n10729654333	14.3	1.0	Stegener Weg				LINESTRING(11.509117 48.125842,11.509065900000001 48.1257177)
4080	München	Stegmühlstraße	de:09162:603:1:1	48.16243	11.645238	bus	MATCHED	w399786049	4.5	1.0	Stegmühlstraße	154,N72	Grimmeisenstraße	Grimmeisenstraße	LINESTRING(11.645238 48.16243,11.645211862901839 48.16239308641731)
4081	München	Stegmühlstraße	de:09162:603:2:2	48.162537	11.644996	bus	MATCHED	w399786048	5.9	1.0	Stegmühlstraße	154	Freischützstraße	Freischützstraße	LINESTRING(11.644996 48.162537,11.64498260091558 48.16248436881365)
4082	München	Steinerstraße	de:09162:1152:1:1	48.104293	11.540558	bus	MATCHED	w377983594	1.9	1.0	Steinerstraße	134	Neuhofen	Neuhofen	LINESTRING(11.540558 48.104293,11.540535397698285 48.10428544805014)
4083	München	Steinerstraße	de:09162:1152:2:2	48.104185	11.540189	bus	MATCHED	w377983595	1.8	1.0	Steinerstraße	134	Flößergasse	Flößergasse	LINESTRING(11.540189 48.104185,11.54020642339979 48.104173752453335)
4084	München	Steirerstraße	de:09162:1817:1:1	48.17292	11.460374	bus	MATCHED	n452618738	3.9	1.0	Steirerstraße	160	Friedhof Untermenzing	Friedhof Untermenzing	LINESTRING(11.460374 48.17292,11.4603698 48.172885300000004)
4085	München	Steirerstraße	de:09162:1817:2:2	48.172627	11.459988	bus	MATCHED	n452618737	0.9	1.0	Steirerstraße	160,N78	Lochhausener Straße	Lochhausener Straße	LINESTRING(11.459988 48.172627,11.4599983 48.1726223)
4086	München	Stephansplatz	de:09162:141:30:70	48.13059	11.566142		NO_MATCH_AND_SEEMS_UNSERVED								POINT(11.566142 48.13059)
4087	München	Stephansplatz	de:09162:141:3:SPH 1	48.130782	11.565899	bus	MATCHED	w391391408	6.3	1.0	Stephansplatz	62	Sendlinger Tor	Sendlinger Tor	LINESTRING(11.565899 48.130782,11.565815009028213 48.13078116589449)
4088	München	Sternstraße	de:09162:9996:1:1	48.139325	11.590755		NO_MATCH_AND_SEEMS_UNSERVED								POINT(11.590755 48.139325)
4089	München	Sternwartstraße	de:09162:75:1:1	48.146393	11.603592	tram	MATCHED	n1688588913	6.4	0.67	Sternwartstraße	17,N17	Holbeinstraße	Holbeinstraße	LINESTRING(11.603592 48.146393,11.603583400000002 48.146335500000006)
4090	München	Sternwartstraße	de:09162:75:2:2	48.145997	11.603179	tram	MATCHED	n1688588910	9.2	0.6	Sternwartstraße	17,N17	Bundesfinanzhof	Bundesfinanzhof	LINESTRING(11.603179 48.145997,11.6030639 48.145967500000005)
4091	München	Sternwartstraße	de:09162:75:32:72	48.145506	11.604176		NO_MATCH_AND_SEEMS_UNSERVED								POINT(11.604176 48.145506)
4092	München	Sternwartstraße	de:09162:75:33:73	48.146339	11.603709		MATCHED	n3207960577	31.2	0.24	Sternwartstraße				LINESTRING(11.603709 48.146339,11.6033667 48.1461764)
4093	München	Stettnerstraße	de:09162:1183:1:1	48.096572	11.586839	bus	MATCHED	w391474802	1.9	1.0	Stettnerstraße	220	Lincolnstraße	Lincolnstraße	LINESTRING(11.586839 48.096572,11.586823498476909 48.09658508222867)
4094	München	Stettnerstraße	de:09162:1183:2:2	48.0974	11.586911	bus	MATCHED	w391474803	2.4	1.0	Stettnerstraße	220,E220,N75	Peter-Auzinger-Straße / Stadelheimer Straße	Peter-Auzinger-Straße / Stadelheimer Straße	LINESTRING(11.586911 48.0974,11.586881305011609 48.097407769684324)
4095	München	Steubenplatz	de:09162:216:1:1	48.149983	11.520849	tram	MATCHED	n297270141	9.7	0.59	Steubenplatz	16,17,N17	Briefzentrum	Briefzentrum	LINESTRING(11.520849 48.149983,11.5209796 48.1499802)
4096	München	Steubenplatz	de:09162:216:2:2	48.150259	11.519744	tram	MATCHED	n283339665	8.3	0.62	Steubenplatz	16,17,N17	Kriemhildenstraße	Kriemhildenstraße	LINESTRING(11.519744 48.150259,11.5196337 48.1502458)
4097	München	Steubenplatz	de:09162:216:31:41	48.149893	11.520822		NO_MATCH_AND_SEEMS_UNSERVED								POINT(11.520822 48.149893)
4098	München	Steubenplatz	de:09162:216:32:42	48.150348	11.519789		NO_MATCH_AND_SEEMS_UNSERVED								POINT(11.519789 48.150348)
4099	München	Steubenplatz	de:09162:216:33:73	48.150067	11.519789	bus	NO_MATCH_AND_SEEMS_UNSERVED								POINT(11.519789 48.150067)
4100	München	Steubenplatz	de:09162:216:3:3	48.150582	11.520444	bus	MATCHED	w372057130	1.6	1.0	Steubenplatz	62,N43	Dankwartstraße	Dankwartstraße	LINESTRING(11.520444 48.150582,11.520426073734512 48.150573493493354)
4101	München	Steubenplatz	de:09162:216:4:4	48.150534	11.520067	bus	MATCHED	w372057132	6.5	1.0	Steubenplatz	62,N44	Wilhelm-Hale-Straße	Wilhelm-Hale-Straße	LINESTRING(11.520067 48.150534,11.52012690335719 48.15057702202702)
4102	München	Stieglstraße	de:09162:1862:1:1	48.187656	11.45431		NO_MATCH_AND_SEEMS_UNSERVED								POINT(11.45431 48.187656)
4103	München	Stieglstraße	de:09162:1862:2:2	48.187554	11.454364		NO_MATCH_AND_SEEMS_UNSERVED								POINT(11.454364 48.187554)
4104	München	Stiftsbogen	de:09162:1526:3:STF 1	48.120553	11.491321		MATCHED	w398313501	10.3	1.0	Stiftsbogen			Kurparkstraße	LINESTRING(11.491321 48.120553,11.491183200000002 48.12055335)
4105	München	Stiftsbogen	de:09162:1526:3:STF 2	48.120691	11.491411	bus	MATCHED	w398313502	7.5	1.0	Stiftsbogen	167	Wolkerweg	Wolkerweg	LINESTRING(11.491411 48.120691,11.491510148225636 48.12068160005776)
4106	München	Stiftsbogen	de:09162:1526:5:5	48.120571	11.491779	bus	NO_MATCH_BUT_OTHER_PLATFORM_MATCHED					167	Kurparkstraße		POINT(11.491779 48.120571)
4107	München	Stiglmaierplatz	de:09162:170:2:1	48.147028	11.558668	tram	MATCHED	n1077566340	3.9	0.75	Stiglmaierplatz	20,21,N20	Karlstraße	Karlstraße	LINESTRING(11.558668 48.147028,11.558717300000001 48.147040700000005)
4108	München	Stiglmaierplatz	de:09162:170:2:2	48.147142	11.558838	tram	MATCHED	n353285654	4.0	0.75	Stiglmaierplatz	20,21,N20	Sandstraße	Sandstraße	LINESTRING(11.558838 48.147142,11.558787200000001 48.1471542)
4109	München	Stiglmaierplatz	de:09162:170:31:41	48.147777	11.558281		NO_MATCH_AND_SEEMS_UNSERVED								POINT(11.558281 48.147777)
4110	München	Stiglmaierplatz	de:09162:170:32:42	48.147256	11.558533		NO_MATCH_AND_SEEMS_UNSERVED								POINT(11.558533 48.147256)
4111	München	Stiglmaierplatz	de:09162:170:33:43	48.146854	11.559135		MATCHED	n10942611282	11.6	1.0	Stiglmaierplatz				LINESTRING(11.559135 48.146854,11.559137300000002 48.146749400000004)
4112	München	Stiglmaierplatz	de:09162:170:35:75	48.148167	11.558641		NO_MATCH_AND_SEEMS_UNSERVED								POINT(11.558641 48.148167)
4113	München	Stiglmaierplatz	de:09162:170:36:76	48.148173	11.558937		NO_MATCH_AND_SEEMS_UNSERVED								POINT(11.558937 48.148173)
4114	München	Stiglmaierplatz	de:09162:170:37:77	48.146638	11.558398	bus	MATCHED	n10942611281	15.0	1.0	Stiglmaierplatz	100	Hauptbahnhof Nord		LINESTRING(11.558398 48.146638,11.5583474 48.1465077)
4115	München	Stiglmaierplatz	de:09162:170:38:78	48.146495	11.558695		NO_MATCH_AND_SEEMS_UNSERVED								POINT(11.558695 48.146495)
4116	München	Stiglmaierplatz	de:09162:170:39:79	48.147124	11.560294		NO_MATCH_AND_SEEMS_UNSERVED								POINT(11.560294 48.147124)
4117	München	Stiglmaierplatz	de:09162:170:40:80	48.147358	11.559431		NO_MATCH_AND_SEEMS_UNSERVED								POINT(11.559431 48.147358)
4118	München	Stiglmaierplatz	de:09162:170:51:51	48.147933	11.556979	light_rail	MATCHED	n2665065381	4.9	0.73	Stiglmaierplatz	U1,U7	Maillingerstraße		LINESTRING(11.556979 48.147933,11.557045200000001 48.1479371)
4119	München	Stiglmaierplatz	de:09162:170:51:52	48.147849	11.556943	light_rail	MATCHED	n2665065374	5.9	0.69	Stiglmaierplatz	U1,U7	Hauptbahnhof (U, Tram)		LINESTRING(11.556943 48.147849,11.557015100000001 48.147826200000004)
4120	München	Stiglmaierplatz	de:09162:170:99:21	48.147064	11.558497		NO_MATCH_AND_SEEMS_UNSERVED								POINT(11.558497 48.147064)
4121	München	Storchenweg	de:09162:1960:1:1	48.196644	11.482482	bus	MATCHED	w758808541	11.4	1.0	Storchenweg	X36	Spiegelbergstraße	Spiegelbergstraße	LINESTRING(11.482482 48.196644,11.482621265279475 48.19660140015103)
4122	München	Storchenweg	de:09162:1960:2:2	48.196608	11.482266	bus	MATCHED	w758808542	16.9	1.0	Storchenweg	X36	Rangierbahnhof	Rangierbahnhof	LINESTRING(11.482266 48.196608,11.482043640416117 48.19664144753571)
4123	München	Stridbeckstraße	de:09162:1359:1:1	48.076349	11.519869	bus	MATCHED	w396706840	2.1	1.0	Stridbeckstraße	134	Sollner Straße	Sollner Straße	LINESTRING(11.519869 48.076349,11.51988833130476 48.076335646577)
4124	München	Stridbeckstraße	de:09162:1359:2:2	48.076391	11.519169	bus	MATCHED	w396706837	5.1	1.0	Stridbeckstraße	134	Bleibtreustraße	Bleibtreustraße	LINESTRING(11.519169 48.076391,11.519101631142652 48.07638184974181)
4125	München	Stroblstraße	de:09162:1646:1:1	48.136214	11.493288	bus	MATCHED	w389672944	3.0	0.84	Stroblstraße	57	Mitterfeldstraße	Mitterfeldstraße	LINESTRING(11.493288 48.136214,11.493321099999987 48.1361986)
4126	München	Stroblstraße	de:09162:1646:2:2	48.135902	11.494016	bus	NO_MATCH_BUT_OTHER_PLATFORM_MATCHED					57	Laimer Platz		POINT(11.494016 48.135902)
4127	München	Stroblstraße	de:09162:1646:3:3	48.136088	11.492192		MATCHED	w389672945	0.9	0.85	Stroblstraße			Laimer Platz	LINESTRING(11.492192 48.136088,11.492197986245051 48.13609523448237)
4128	München	Studentenstadt	de:09162:540:1:1	48.183733	11.608093	bus	MATCHED	w372415520	12.4	1.0	Studentenstadt (U)	50,N40,X35,X36	Schwabing Nord / Alte Heide	Alte Heide (U) / Schwabing Nord (T)	LINESTRING(11.608093 48.183733,11.608180492423067 48.18382844069979)
4129	München	Studentenstadt	de:09162:540:2:2	48.183511	11.608165		NO_MATCH_AND_SEEMS_UNSERVED								POINT(11.608165 48.183511)
4130	München	Studentenstadt	de:09162:540:31:71	48.183493	11.608165	bus	MATCHED	n9464103401	23.9	1.0	Studentenstadt (U)	X35,X36	Alte Heide	Alte Heide (U)	LINESTRING(11.608165 48.183493,11.608310900000001 48.183684)
4131	München	Studentenstadt	de:09162:540:3:3	48.184176	11.60856	bus	MATCHED	w372415521	17.1	1.0	Studentenstadt (U)	233	Unterföhring, Apianstraße		LINESTRING(11.60856 48.184176,11.608702120576039 48.18429638806571)
4132	München	Studentenstadt	de:09162:540:4:4	48.184469	11.608875	bus	MATCHED	w372415522	0.7	1.0	Studentenstadt (U)	181,231	Unterföhring, Siedlerstraße / Situlistraße	Situlistraße / Unterföhring, Siedlerstraße	LINESTRING(11.608875 48.184469,11.608879470611027 48.184463843999424)
4133	München	Studentenstadt	de:09162:540:51:51	48.183481	11.607707	light_rail	MATCHED	n2644689644	54.0	0.23	Studentenstadt	U3,U6	Freimann / Alte Heide		LINESTRING(11.607707 48.183481,11.6081313 48.183874700000004)
4134	München	Studentenstadt	de:09162:540:51:52	48.183535	11.60759	light_rail	MATCHED	n1609070463	55.6	0.22	Studentenstadt	U6	Alte Heide / Freimann		LINESTRING(11.60759 48.183535,11.6071612 48.1831253)
4135	München	Studentenstadt	de:09162:540:5:5	48.184733	11.609315		MATCHED	w372415523	2.4	1.0	Studentenstadt (U)				LINESTRING(11.609315 48.184733,11.609284401953325 48.18472659530504)
4136	München	Studentenstadt	de:09162:540:6:6	48.183469	11.607832	bus	MATCHED	w372415525	8.7	1.0	Studentenstadt (U)	50	Unterföhring, Feringastraße / Unterföhring, Feringastraße	Unterföhring, Feringastraße	LINESTRING(11.607832 48.183469,11.607895233931387 48.18353469481675)
4137	München	Studentenstadt	de:09162:540:7:7	48.183912	11.608273	bus	MATCHED	w372415524	28.3	1.0	Studentenstadt (U)	177	Joseph-Dollinger-Bogen	Joseph-Dollinger-Bogen	LINESTRING(11.608273 48.183912,11.60850734121095 48.18411280506556)
4138	München	Studentenstadt	de:09162:540:8:8	48.183068	11.607967	bus	MATCHED	w370188329	3.4	1.0	Studentenstadt (U)	N40	Situlistraße	Situlistraße	LINESTRING(11.607967 48.183068,11.607921572910321 48.18306302086466)
4139	München	Stäblistraße	de:09162:1354:1:1	48.086899	11.502846	bus	MATCHED	w396613074	5.0	1.0	Stäblistraße	134,151,63,N41	Gulbranssonstraße	Gulbranssonstraße	LINESTRING(11.502846 48.086899,11.502890306522579 48.086865011638636)
4140	München	Stäblistraße	de:09162:1354:2:2	48.086377	11.503188	bus	MATCHED	w396613073	7.6	1.0	Stäblistraße	134,151,63,N41	Bad Forstenried / Munckerstraße	Bad Forstenried / Munckerstraße	LINESTRING(11.503188 48.086377,11.503125756504698 48.086322527595954)
4141	München	Stäblistraße	de:09162:1354:3:3	48.087782	11.50387		NO_MATCH_AND_SEEMS_UNSERVED								POINT(11.50387 48.087782)
4142	München	Stäblistraße	de:09162:1354:4:4	48.087542	11.503511		NO_MATCH_AND_SEEMS_UNSERVED								POINT(11.503511 48.087542)
4143	München	Ständlerstraße	de:09162:1023:1:1	48.105546	11.604545	bus	MATCHED	w377997885	1.4	1.0	Ständlerstraße	139,145,N75	Hochäckerstraße / Hochäckerstraße / Görzer Straße Schule	Hochäckerstraße / Görzer Straße Schule	LINESTRING(11.604545 48.105546,11.604533400603556 48.10555601157868)
4144	München	Ständlerstraße	de:09162:1023:2:2	48.103789	11.605668	bus	MATCHED	w377997884	2.3	1.0	Ständlerstraße	139,145	Balanstraße / Balanstraße	Balanstraße	LINESTRING(11.605668 48.103789,11.605692203260334 48.103775601292156)
4145	München	Ständlerstraße	de:09162:1023:3:3	48.104863	11.606054		NO_MATCH_AND_SEEMS_UNSERVED								POINT(11.606054 48.104863)
4146	München	Ständlerstraße	de:09162:1023:5:5	48.103801	11.605398		NO_MATCH_AND_SEEMS_UNSERVED								POINT(11.605398 48.103801)
4147	München	Ständlerstraße	de:09162:1023:99:4	48.104599	11.605182		MATCHED	w392177029	75.8	1.0	Ständlerstraße				LINESTRING(11.605182 48.104599,11.604693664239392 48.10519751990367)
4148	München	Stösserstraße	de:09162:351:1:1	48.219747	11.557554	bus	MATCHED	w375853969	13.7	1.0	Stösserstraße	60,N41,N76	Aschenbrennerstraße	Aschenbrennerstraße	LINESTRING(11.557554 48.219747,11.557737651172877 48.219753768685685)
4149	München	Stösserstraße	de:09162:351:2:2	48.219794	11.5567	bus	MATCHED	w375853967	3.4	1.0	Stösserstraße	60,N41	Stanigplatz	Stanigplatz	LINESTRING(11.5567 48.219794,11.55672306345799 48.21976786042402)
4150	München	Stücklenstraße	de:09162:1771:1:1	48.171722	11.474064	bus	MATCHED	w444978255	2.2	1.0	Stücklenstraße	158	Heerstraße West	Heerstraße West	LINESTRING(11.474064 48.171722,11.47408816938987 48.17171076625041)
4151	München	Sudermannallee	de:09162:961:31:71	48.100819	11.652883		NO_MATCH_AND_SEEMS_UNSERVED								POINT(11.652883 48.100819)
4152	München	Sudermannallee	de:09162:961:3:SUA 1	48.0974	11.652658	bus	MATCHED	w464924982	2.8	0.85	Sudermannallee	197,198,55	Klinikum Neuperlach / Klinikum Neuperlach	Klinikum Neuperlach	LINESTRING(11.652658 48.0974,11.652678191944448 48.097378684199406)
4153	München	Sudermannallee	de:09162:961:3:SUA 2	48.097658	11.652739	bus	MATCHED	w1028908501	13.8	0.62	Sudermannallee	197,198,55	Kafkastraße	Kafkastraße	LINESTRING(11.652739 48.097658,11.652767749392133 48.09753511925249)
4154	München	Sudetendeutsche Straße	de:09162:414:1:1	48.196099	11.578359	bus	MATCHED	w375743549	2.6	1.0	Sudetendeutsche Straße	141,180,294,295	Gundelkoferstraße	Gundelkoferstraße	LINESTRING(11.578359 48.196099,11.57832442843706 48.196100801126484)
4155	München	Sudetendeutsche Straße	de:09162:414:2:2	48.196207	11.578556	bus	MATCHED	w375743546	2.4	1.0	Sudetendeutsche Straße	141,180,294,295	Am Hart / Am Hart Süd / Am Hart	Am Hart Süd / Am Hart (U)	LINESTRING(11.578556 48.196207,11.578530029562634 48.19619410070411)
4156	München	Sumpfmeisenweg	de:09162:1744:1:1	48.179624	11.398417	bus	MATCHED	w379853832	2.1	1.0	Sumpfmeisenweg	830,N80	Lochhausen / Kleiberweg	Lochhausen Bahnhof / Kleiberweg	LINESTRING(11.398417 48.179624,11.398440839436372 48.179614677811195)
4157	München	Sumpfmeisenweg	de:09162:1744:2:2	48.179761	11.398471	bus	MATCHED	w379853831	3.8	1.0	Sumpfmeisenweg	830,N81	Pirolstraße	Pirolstraße	LINESTRING(11.398471 48.179761,11.398434301804356 48.17973674998554)
4158	München	Sylvensteinstraße	de:09162:1431:1:1	48.11284	11.540225	bus	MATCHED	w392295850	1.7	1.0	Sylvensteinstraße	153,54,N43	Am Harras / Am Harras	Am Harras	LINESTRING(11.540225 48.11284,11.540230573929898 48.11282559309527)
4159	München	Sylvensteinstraße	de:09162:1431:2:2	48.11311	11.539246	bus	MATCHED	w392295855	20.1	1.0	Sylvensteinstraße	134,153,54,N44	Heckenstallerstraße	Heckenstallerstraße	LINESTRING(11.539246 48.11311,11.53924095 48.11329095000001)
4160	München	Sylvensteinstraße	de:09162:1431:5:5	48.11395	11.539192		NO_MATCH_AND_SEEMS_UNSERVED								POINT(11.539192 48.11395)
4161	München	Sylvensteinstraße	de:09162:1431:99:3	48.112972	11.539722		NO_MATCH_AND_SEEMS_UNSERVED								POINT(11.539722 48.112972)
4162	München	Sylvensteinstraße	de:09162:1431:99:4	48.114142	11.539453		NO_MATCH_AND_SEEMS_UNSERVED								POINT(11.539453 48.114142)
4163	München	Säbener Straße	de:09162:1174:1:1	48.094928	11.573786	bus	MATCHED	w391474804	1.7	1.0	Säbener Straße	139	Griechenstraße	Griechenstraße	LINESTRING(11.573786 48.094928,11.57378200234535 48.09491329111393)
4164	München	Säbener Straße	de:09162:1174:2:2	48.094784	11.573984	bus	MATCHED	w391474805	4.0	1.0	Säbener Straße	139	Mangfallplatz Süd	Mangfallplatz Süd	LINESTRING(11.573984 48.094784,11.5740295685374 48.094802205391595)
4165	München	Säulingstraße	de:09162:1212:1:1	48.127263	11.511479	tram	MATCHED	n29013669	6.1	0.68	Säulingstraße	18	Stegener Weg	Stegener Weg	LINESTRING(11.511479 48.127263,11.511561200000001 48.1272627)
4166	München	Säulingstraße	de:09162:1212:2:2	48.127581	11.512503	tram	MATCHED	n682317772	5.6	0.69	Säulingstraße	18	Fachnerstraße	Fachnerstraße	LINESTRING(11.512503 48.127581,11.5124285 48.127576700000006)
4167	München	Säulingstraße	de:09162:1212:31:21	48.127269	11.511264		NO_MATCH_AND_SEEMS_UNSERVED								POINT(11.511264 48.127269)
4168	München	Säulingstraße	de:09162:1212:32:22	48.127509	11.512539		MATCHED	n3207962563	42.9	0.19	Säulingstraße				LINESTRING(11.512539 48.127509,11.511980300000001 48.1274132)
4169	München	Südpark	de:09162:1466:1:1	48.100681	11.510662	bus	MATCHED	w369932219	7.5	1.0	Südpark	132,151	Drygalski-Allee	Drygalski-Allee	LINESTRING(11.510662 48.100681,11.510733749999998 48.100728000000004)
4170	München	Südpark	de:09162:1466:2:2	48.101161	11.511542	bus	MATCHED	w369932220	12.7	1.0	Südpark	132,151	Aichacher Straße	Aichacher Straße	LINESTRING(11.511542 48.101161,11.511434955027052 48.101072153538816)
4171	München	Südtiroler Straße	de:09162:1118:2:1	48.100753	11.566591	tram	MATCHED	n3196104262	3.9	0.66	Südtiroler Straße	25,N27	Tiroler Platz		LINESTRING(11.566591 48.100753,11.5666238 48.10072520000001)
4172	München	Südtiroler Straße	de:09162:1118:2:2	48.100717	11.566672	tram	MATCHED	n1493333370	7.7	0.64	Südtiroler Straße	25,N27	Kurzstraße	Kurzstraße	LINESTRING(11.566672 48.100717,11.5666873 48.1007851)
4173	München	Südtiroler Straße	de:09162:1118:31:21	48.100837	11.566501		MATCHED	n10729666452	2.0	0.78	Südtiroler Straße (Ersatzhaltestelle)				LINESTRING(11.566501 48.100837,11.566502 48.100819300000005)
4174	München	Südtiroler Straße	de:09162:1118:32:22	48.100681	11.566797		MATCHED	n10729666453	7.1	0.55	Südtiroler Straße (Ersatzhaltestelle)				LINESTRING(11.566797 48.100681,11.5668292 48.1007413)
4175	München	Süskindstraße	de:09162:643:3:SKS 1	48.139781	11.647493	bus	MATCHED	w400200164	7.7	1.0	Süskindstraße	149,190,191,N74	Burgauerstraße / Rappelhofstraße	Rappelhofstraße / Burgauerstraße	LINESTRING(11.647493 48.139781,11.647400485433261 48.139811327856066)
4176	München	Süskindstraße	de:09162:643:3:SKS 2	48.139937	11.647745	bus	MATCHED	w400200165	2.5	1.0	Süskindstraße	149,190,191,N74	Zamdorf Siedlung	Zamdorf Siedlung	LINESTRING(11.647745 48.139937,11.647723525050063 48.139919250046184)
4177	München	Taimerhofstraße	de:09162:637:1:1	48.166863	11.630713	bus	MATCHED	w390187017	2.4	1.0	Taimerhofstraße	N72	Prinz-Eugen-Park	Prinz-Eugen-Park	LINESTRING(11.630713 48.166863,11.630742 48.16687305)
4178	München	Taimerhofstraße	de:09162:637:2:2	48.167109	11.631575		MATCHED	w390187018	5.1	1.0	Taimerhofstraße				LINESTRING(11.631575 48.167109,11.631520300000002 48.16708175000001)
4179	München	Taimerhofstraße	de:09162:637:3:3	48.166684	11.630784	tram	MATCHED	n927140599	9.1	0.6	Taimerhofstraße	16,17	Regina-Ullmann-Straße	Regina-Ullmann-Straße	LINESTRING(11.630784 48.166684,11.6308313 48.166759500000005)
4180	München	Taimerhofstraße	de:09162:637:3:4	48.166726	11.630677	tram	MATCHED	n7526599697	4.3	0.65	Taimerhofstraße	16,17	Prinz-Eugen-Park		LINESTRING(11.630677 48.166726,11.630729800000001 48.1667107)
4181	München	Tal	de:09162:93:1:1	48.135896	11.579491		NO_MATCH_AND_SEEMS_UNSERVED								POINT(11.579491 48.135896)
4182	München	Tal	de:09162:93:2:2	48.136028	11.579589	bus	MATCHED	w369593072	4.2	1.0	Tal	132	Marienplatz	Marienplatz	LINESTRING(11.579589 48.136028,11.579546019029827 48.13600328142612)
4183	München	Tannenweg	de:09162:1903:1:1	48.165312	11.489722	bus	MATCHED	n7504114343	9.0	1.0	Tannenweg	162	Amalienburgstraße	Amalienburgstraße	LINESTRING(11.489722 48.165312,11.489601700000001 48.165323300000004)
4184	München	Tannenweg	de:09162:1903:2:2	48.165449	11.489686	bus	MATCHED	n7504114342	17.5	1.0	Tannenweg	162	Fasanenstraße	Fasanenstraße	LINESTRING(11.489686 48.165449,11.489462300000001 48.16549860000001)
4185	München	Taubenstraße	de:09162:117:1:1	48.12162	11.578781	bus	MATCHED	w391264048	4.6	0.8	Taubenstraße	52	Mariahilfplatz	Mariahilfplatz	LINESTRING(11.578781 48.12162,11.57875425965906 48.12165746767541)
4186	München	Taubenstraße	de:09162:117:2:2	48.122124	11.579015	bus	MATCHED	w391264041	3.1	0.84	Taubenstraße	52	Kolumbusplatz (Nord)	Kolumbusplatz (Nord)	LINESTRING(11.579015 48.122124,11.579034885204848 48.122148540966016)
4187	München	Technische Universität	de:09162:95:1:1	48.149971	11.566411	bus	MATCHED_AMBIGUOUSLY	w373507801	209.4	1.0	Technische Universität	100,68	Königsplatz	Pinakotheken	LINESTRING(11.566411 48.149971,11.566088403042741 48.1481002042409)
4188	München	Technische Universität	de:09162:95:1:1	48.149971	11.566411	bus	MATCHED_AMBIGUOUSLY	w373507795	6.8	1.0	Technische Universität	100,68	Königsplatz	Königsplatz	LINESTRING(11.566411 48.149971,11.566475384286957 48.15001396535144)
4189	München	Technische Universität	de:09162:95:2:2	48.148101	11.566106	bus	NO_MATCH_BUT_OTHER_PLATFORM_MATCHED					100,58	Pinakotheken / Pinakotheken		POINT(11.566106 48.148101)
4190	München	Technische Universität	de:09162:95:31:71	48.150121	11.566833		NO_MATCH_AND_SEEMS_UNSERVED								POINT(11.566833 48.150121)
4191	München	Technische Universität	de:09162:95:39:79	48.150534	11.566582		NO_MATCH_AND_SEEMS_UNSERVED								POINT(11.566582 48.150534)
4192	München	Tegernseer Landstraße	de:09162:1115:1:1	48.112061	11.576266	tram	MATCHED	n372524717	5.4	0.7	Tegernseer Landstraße	25,N27	Wettersteinplatz	Wettersteinplatz	LINESTRING(11.576266 48.112061,11.5762774 48.1120134)
4193	München	Tegernseer Landstraße	de:09162:1115:2:2	48.112456	11.576499	tram	MATCHED	n1493315919	6.3	0.67	Tegernseer Landstraße	25,N27	Silberhornstraße	Silberhornstraße	LINESTRING(11.576499 48.112456,11.5764557 48.1124069)
4194	München	Tegernseer Landstraße	de:09162:1115:31:21	48.113068	11.576266		NO_MATCH_AND_SEEMS_UNSERVED								POINT(11.576266 48.113068)
4195	München	Tegernseer Landstraße	de:09162:1115:32:72	48.11242	11.577254		NO_MATCH_AND_SEEMS_UNSERVED								POINT(11.577254 48.11242)
4196	München	Tegernseer Landstraße	de:09162:1115:33:73	48.113236	11.57676		NO_MATCH_AND_SEEMS_UNSERVED								POINT(11.57676 48.113236)
4197	München	Tegernseer Landstraße	de:09162:1115:34:24	48.112144	11.576032		MATCHED	n3196067914	25.8	0.27	Tegernseer Landstraße				LINESTRING(11.576032 48.112144,11.5763593 48.11222)
4198	München	Tegernseer Landstraße	de:09162:1115:35:75	48.111263	11.575718		NO_MATCH_AND_SEEMS_UNSERVED								POINT(11.575718 48.111263)
4199	München	Tegernseer Landstraße	de:09162:1115:3:3	48.111947	11.57534	bus	MATCHED	w377924378	4.1	1.0	Tegernseer Landstraße	153,54,N43,X204,X30	Candidplatz	Candidplatz	LINESTRING(11.57534 48.111947,11.575392106868307 48.111935243002215)
4200	München	Tegernseer Landstraße	de:09162:1115:4:4	48.112498	11.576724	bus	MATCHED	w377924379	8.9	1.0	Tegernseer Landstraße	153,54,N44,X30	Spixstraße / Silberhornstraße	Silberhornstraße / Spixstraße	LINESTRING(11.576724 48.112498,11.576666469570842 48.112427846424886)
4201	München	Tegernseer Landstraße	de:09162:1115:5:5	48.111119	11.576948	bus	MATCHED	n11401154057	30.9	0.48	Tegernseer Landstraße	X204	Unterhaching, Sommerstraße / St.-Quirin-Platz	Sommerstraße	LINESTRING(11.576948 48.111119,11.5765873 48.1112563)
4202	München	Terofalstraße	de:09162:1542:1:1	48.12556	11.476014		NO_MATCH_AND_SEEMS_UNSERVED								POINT(11.476014 48.12556)
4203	München	Terofalstraße	de:09162:1542:2:2	48.125728	11.475942	bus	MATCHED	w393515054	1.0	1.0	Terofalstraße	167,56,N78	Blumenau	Blumenau	LINESTRING(11.475942 48.125728,11.475938996456401 48.12571958739763)
4204	München	Terofalstraße	de:09162:1542:3:3	48.125578	11.474702	bus	MATCHED	w393515050	7.5	1.0	Terofalstraße	168	Blumenau	Blumenau	LINESTRING(11.474702 48.125578,11.474601617176559 48.12557905920577)
4205	München	Terofalstraße	de:09162:1542:4:4	48.125848	11.475313	bus	MATCHED	w393515049	8.2	1.0	Terofalstraße	56	Krokusstraße	Krokusstraße	LINESTRING(11.475313 48.125848,11.475316788598693 48.1259214312758)
4206	München	Tessiner Straße	de:09162:1452:2:2	48.090716	11.475178	bus	MATCHED	w396902869	7.2	1.0	Tessiner Straße	166	Fürstenried West / Fürstenried West	Fürstenried West (U)	LINESTRING(11.475178 48.090716,11.475264982940837 48.09068789333757)
4207	München	Tessiner Straße	de:09162:1452:99:1	48.090938	11.474945		NO_MATCH_AND_SEEMS_UNSERVED								POINT(11.474945 48.090938)
4208	München	Tettnanger Straße	de:09162:1749:1:1	48.152056	11.440557	bus	MATCHED	n8614751484	1.1	1.0	Tettnanger Straße	157	Westkreuz	Westkreuz Bahnhof	LINESTRING(11.440557 48.152056,11.4405535 48.1520652)
4209	München	Tettnanger Straße	de:09162:1749:2:2	48.152056	11.440746	bus	MATCHED	n8614751504	0.7	1.0	Tettnanger Straße	157	Hellensteinstraße	Hellensteinstraße	LINESTRING(11.440746 48.152056,11.440738600000001 48.1520518)
4210	München	Thalkirchen (Tierpark)	de:09162:1440:1:1	48.101011	11.546684	bus	MATCHED	w297721738	1.6	1.0	Thalkirchen (Tierpark)	135	Zentralländstraße	Zentralländstraße	LINESTRING(11.546684 48.101011,11.546662314760866 48.101010370696706)
4211	München	Thalkirchen (Tierpark)	de:09162:1440:31:41	48.101737	11.546846		NO_MATCH_AND_SEEMS_UNSERVED								POINT(11.546846 48.101737)
4212	München	Thalkirchen (Tierpark)	de:09162:1440:39:71	48.101077	11.547582		NO_MATCH_AND_SEEMS_UNSERVED								POINT(11.547582 48.101077)
4213	München	Thalkirchen (Tierpark)	de:09162:1440:39:72	48.101089	11.547906		NO_MATCH_AND_SEEMS_UNSERVED								POINT(11.547906 48.101089)
4214	München	Thalkirchen (Tierpark)	de:09162:1440:51:51	48.102709	11.546064	light_rail	MATCHED	n2650093573	19.0	0.43	Thalkirchen (Tierpark)	U3	Brudermühlstraße / Obersendling		LINESTRING(11.546064 48.102709,11.5458861 48.102831800000004)
4215	München	Thalkirchen (Tierpark)	de:09162:1440:51:52	48.102709	11.545983	light_rail	MATCHED	n2650093580	15.6	0.47	Thalkirchen (Tierpark)	U3	Obersendling		LINESTRING(11.545983 48.102709,11.5460627 48.102838500000004)
4216	München	Theodolindenplatz	de:09162:1122:2:1	48.090296	11.556844	tram	MATCHED	n3196104363	10.0	0.46	Theodolindenplatz	25,N27	Klinikum Harlaching		LINESTRING(11.556844 48.090296,11.556963900000001 48.090335800000005)
4217	München	Theodolindenplatz	de:09162:1122:2:2	48.090374	11.557096	tram	MATCHED	n1493398941	3.2	0.78	Theodolindenplatz	25,N27	Authariplatz	Authariplatz	LINESTRING(11.557096 48.090374,11.5570669 48.0903946)
4218	München	Theodolindenplatz	de:09162:1122:31:21	48.0902	11.556521		NO_MATCH_AND_SEEMS_UNSERVED								POINT(11.556521 48.0902)
4219	München	Theodolindenplatz	de:09162:1122:32:22	48.09026	11.556772		MATCHED	n206155331	4.4	0.65	Theodolindenplatz			Klinikum Harlaching	LINESTRING(11.556772 48.09026,11.5568296 48.090249500000006)
4220	München	Theodolindenplatz	de:09162:1122:33:23	48.09017	11.55776		NO_MATCH_AND_SEEMS_UNSERVED								POINT(11.55776 48.09017)
4221	München	Theodolindenplatz	de:09162:1122:34:74	48.090668	11.558102		NO_MATCH_AND_SEEMS_UNSERVED								POINT(11.558102 48.090668)
4222	München	Theodolindenstraße	de:09162:1171:3:THS 1	48.088658	11.559719	bus	MATCHED	w391474807	2.2	0.87	Theodolindenstraße	139	Klinikum Harlaching		LINESTRING(11.559719 48.088658,11.559749007790376 48.08865801370575)
4223	München	Theodolindenstraße	de:09162:1171:3:THS 2	48.088406	11.559467	bus	MATCHED	w391474806	2.0	0.88	Theodolindenstraße	139	Autharistraße	Autharistraße	LINESTRING(11.559467 48.088406,11.559447673350283 48.08839300076727)
4224	München	Therese-Giehse-Allee	de:09162:1020:31:41	48.09545	11.643487		NO_MATCH_AND_SEEMS_UNSERVED								POINT(11.643487 48.09545)
4225	München	Therese-Giehse-Allee	de:09162:1020:31:42	48.095486	11.643298		NO_MATCH_AND_SEEMS_UNSERVED								POINT(11.643298 48.095486)
4226	München	Therese-Giehse-Allee	de:09162:1020:33:71	48.094712	11.642912		NO_MATCH_AND_SEEMS_UNSERVED								POINT(11.642912 48.094712)
4227	München	Therese-Giehse-Allee	de:09162:1020:34:72	48.094196	11.642777		NO_MATCH_AND_SEEMS_UNSERVED								POINT(11.642777 48.094196)
4228	München	Therese-Giehse-Allee	de:09162:1020:51:51	48.094754	11.642849	light_rail	MATCHED	n2568156908	6.1	0.68	Therese-Giehse-Allee	U5	Neuperlach Zentrum		LINESTRING(11.642849 48.094754,11.6427958 48.094711800000006)
4229	München	Therese-Giehse-Allee	de:09162:1020:51:52	48.09479	11.642714	light_rail	MATCHED	n67134965	7.2	0.65	Therese-Giehse-Allee	U5	Neuperlach Süd / Neuperlach Süd		LINESTRING(11.642714 48.09479,11.6426409 48.094748200000005)
4230	München	Theresienhöhe	de:09162:251:3:THH 1	48.132557	11.545974	bus	MATCHED	w391341459	2.2	1.0	Theresienhöhe	134	Alter Messeplatz	Alter Messeplatz	LINESTRING(11.545974 48.132557,11.545968107209552 48.132537835052325)
4231	München	Theresienstraße	de:09162:120:3:41	48.151325	11.564426		NO_MATCH_AND_SEEMS_UNSERVED								POINT(11.564426 48.151325)
4232	München	Theresienstraße	de:09162:120:3:42	48.151349	11.5643		NO_MATCH_AND_SEEMS_UNSERVED								POINT(11.5643 48.151349)
4233	München	Theresienstraße	de:09162:120:51:51	48.151403	11.564453	light_rail	MATCHED	n2665022820	15.1	0.48	Theresienstraße	U2,U8	Josephsplatz		LINESTRING(11.564453 48.151403,11.564554600000001 48.1515204)
4234	München	Theresienstraße	de:09162:120:51:52	48.151433	11.564354	light_rail	MATCHED	n2665022824	14.8	0.48	Theresienstraße	U2,U8	Königsplatz		LINESTRING(11.564354 48.151433,11.5643977 48.151563)
4235	München	Theresienstraße Ost	de:09162:245:1:1	48.14713	11.579473		NO_MATCH_AND_SEEMS_UNSERVED								POINT(11.579473 48.14713)
4236	München	Theresienwiese	de:09162:240:31:41	48.135447	11.551939		NO_MATCH_AND_SEEMS_UNSERVED								POINT(11.551939 48.135447)
4237	München	Theresienwiese	de:09162:240:32:42	48.135249	11.551697		NO_MATCH_AND_SEEMS_UNSERVED								POINT(11.551697 48.135249)
4238	München	Theresienwiese	de:09162:240:34:34	48.137401	11.552622		NO_MATCH_AND_SEEMS_UNSERVED								POINT(11.552622 48.137401)
4239	München	Theresienwiese	de:09162:240:35:75	48.136472	11.553547		NO_MATCH_AND_SEEMS_UNSERVED								POINT(11.553547 48.136472)
4240	München	Theresienwiese	de:09162:240:36:76	48.135525	11.553098		NO_MATCH_AND_SEEMS_UNSERVED								POINT(11.553098 48.135525)
4241	München	Theresienwiese	de:09162:240:43:43	48.136298	11.553152		NO_MATCH_AND_SEEMS_UNSERVED								POINT(11.553152 48.136298)
4242	München	Theresienwiese	de:09162:240:51:51	48.135752	11.552209	light_rail	MATCHED	n207594090	7.7	0.63	Theresienwiese	U4,U5	Schwanthalerhöhe		LINESTRING(11.552209 48.135752,11.5521165 48.135720500000005)
4243	München	Theresienwiese	de:09162:240:51:52	48.135675	11.552326	light_rail	MATCHED	n2517730912	5.9	0.69	Theresienwiese	U4,U5	Hauptbahnhof (U, Tram) / Schwanthalerhöhe		LINESTRING(11.552326 48.135675,11.5523419 48.135622700000006)
4244	München	Thiemestraße	de:09162:136:31:71	48.156551	11.589372	bus	NO_MATCH_BUT_OTHER_PLATFORM_MATCHED					154,54,58,N43	Chinesischer Turm		POINT(11.589372 48.156551)
4245	München	Thiemestraße	de:09162:136:3:THI 1	48.156587	11.58868		MATCHED	w377796594	4.3	1.0	Thiemestraße			Chinesischer Turm	LINESTRING(11.58868 48.156587,11.588732936704236 48.156571511781245)
4246	München	Thiemestraße	de:09162:136:3:THI 2	48.156719	11.588716	bus	MATCHED	w377796595	4.7	1.0	Thiemestraße	154,54,68,N44	Giselastraße	Giselastraße	LINESTRING(11.588716 48.156719,11.588770281185441 48.15669712434705)
4247	München	Thomas-Dehler-Straße	de:09162:1015:1:1	48.097448	11.644169	bus	MATCHED	w414695773	14.0	1.0	Thomas-Dehler-Straße	55	Friedhof Perlach	Friedhof Perlach	LINESTRING(11.644169 48.097448,11.644095637503028 48.097332065397595)
4248	München	Thomas-Dehler-Straße	de:09162:1015:2:2	48.097286	11.644529	bus	MATCHED	w414695774	7.4	1.0	Thomas-Dehler-Straße	55	Neuperlach Zentrum	Neuperlach Zentrum	LINESTRING(11.644529 48.097286,11.644567851175792 48.097347245491214)
4249	München	Thomas-Hauser-Straße	de:09162:942:3:TOH 1	48.129511	11.650808	bus	MATCHED	n679407973	2.2	1.0	Thomas-Hauser-Straße	185,E185,N79	Ursberger Straße / St.-Veit-Straße	Ursberger Straße / St.-Veit-Straße	LINESTRING(11.650808 48.129511,11.650778 48.1295121)
4250	München	Thomas-Hauser-Straße	de:09162:942:3:TOH 2	48.129415	11.650709	bus	MATCHED	n1289803297	2.3	1.0	Thomas-Hauser-Straße	185,E185,N79	Truderinger Straße, Brücke	Truderinger Straße, Brücke	LINESTRING(11.650709 48.129415,11.6506862 48.129428600000004)
4251	München	Thomasiusplatz	de:09162:1026:1:1	48.115941	11.602838	bus	MATCHED	w377924383	6.2	1.0	Thomasiusplatz	145,N75	Karl-Preis-Platz	Karl-Preis-Platz	LINESTRING(11.602838 48.115941,11.602779132970158 48.11590177740604)
4252	München	Thomasiusplatz	de:09162:1026:2:2	48.116337	11.603494	bus	MATCHED	w377924380	3.6	1.0	Thomasiusplatz	145,N75	Klagenfurter Straße	Klagenfurter Straße	LINESTRING(11.603494 48.116337,11.603452200000001 48.116320200000004)
4253	München	Thomasiusplatz	de:09162:1026:3:3	48.116115	11.602083	bus	MATCHED	w377924381	1.2	0.91	Thomasiusplatz	54,N44	St.-Martin-Straße Ost	Sankt-Martin-Straße Ost	LINESTRING(11.602083 48.116115,11.602086743892347 48.116104850390066)
4254	München	Thomasiusplatz	de:09162:1026:4:4	48.115641	11.601643	bus	MATCHED	w377924382	4.1	1.0	Thomasiusplatz	54,N43	Ungsteiner Straße	Ungsteiner Straße	LINESTRING(11.601643 48.115641,11.601687887265292 48.11566259812443)
4255	München	Thomasiusplatz West	de:09162:984:3:THW 1	48.115629	11.601616		NO_MATCH_AND_SEEMS_UNSERVED								POINT(11.601616 48.115629)
4256	München	Thuillestraße	de:09162:1769:1:1	48.173699	11.469546	bus	MATCHED	w444978258	4.0	1.0	Thuillestraße	158	Bauseweinallee	Bauseweinallee	LINESTRING(11.469546 48.173699,11.469492420726626 48.17369337782994)
4257	München	Tierheim	de:09162:810:1:1	48.139379	11.66899	bus	MATCHED	w386838162	5.8	1.0	Tierheim	194	Moosfeld Gewerbegebiet	Moosfeld Gewerbegebiet	LINESTRING(11.66899 48.139379,11.668985078345543 48.13943104063077)
4258	München	Tierheim	de:09162:810:1:91	48.139379	11.66899		NO_MATCH_AND_SEEMS_UNSERVED								POINT(11.66899 48.139379)
4259	München	Tierheim	de:09162:810:2:2	48.139997	11.668415	bus	MATCHED	w386838163	10.0	1.0	Tierheim	183,190,E183,N74	Rennbahnstraße	Rennbahnstraße	LINESTRING(11.668415 48.139997,11.668547962275108 48.139981318359666)
4260	München	Tierheim	de:09162:810:31:71	48.139769	11.673904		NO_MATCH_AND_SEEMS_UNSERVED								POINT(11.673904 48.139769)
4261	München	Tierheim	de:09162:810:33:73	48.139643	11.672197		NO_MATCH_AND_SEEMS_UNSERVED								POINT(11.672197 48.139643)
4262	München	Tierheim	de:09162:810:3:3	48.139703	11.670158	bus	MATCHED	w386838161	3.9	1.0	Tierheim	183,190,194,E183,N74	Riemer Straße	Riemer Straße	LINESTRING(11.670158 48.139703,11.670116506964801 48.13972443174985)
4263	München	Tierpark (Alemannenstr. )	de:09162:1165:1:1	48.100825	11.559171	bus	MATCHED	n9443064732	5.7	0.65	Tierpark (Alemannenstraße)	52			LINESTRING(11.559171 48.100825,11.559095800000001 48.1008152)
4264	München	Tierpark (Alemannenstr. )	de:09162:1165:3:2	48.100609	11.558731	bus	MATCHED	w391264055	2.7	0.85	Tierpark (Alemannenstraße)	52	Wilhelm-Kuhnert-Straße	Wilhelm-Kuhnert-Straße	LINESTRING(11.558731 48.100609,11.558765365589888 48.100617355296436)
4265	München	Tiroler Platz	de:09162:1119:2:1	48.096218	11.563635	tram	MATCHED	n3196104364	3.5	0.69	Tiroler Platz	25,N27	Authariplatz		LINESTRING(11.563635 48.096218,11.563675100000001 48.096202000000005)
4266	München	Tiroler Platz	de:09162:1119:2:2	48.0962	11.563743	tram	MATCHED	n1493340358	9.8	0.59	Tiroler Platz	25,N27	Südtiroler Straße	Südtiroler Straße	LINESTRING(11.563743 48.0962,11.563723600000001 48.0962875)
4267	München	Tiroler Platz	de:09162:1119:31:21	48.096146	11.563429		MATCHED	n10732319949	11.7	1.0	Tiroler Platz				LINESTRING(11.563429 48.096146,11.5633853 48.096044500000005)
4268	München	Tiroler Platz	de:09162:1119:32:22	48.096218	11.563896		MATCHED	n10732319950	78.0	1.0	Tiroler Platz				LINESTRING(11.563896 48.096218,11.5636723 48.095533)
4269	München	Tiroler Platz	de:09162:1119:33:73	48.095492	11.563653		MATCHED	n202778019	66.0	0.13	Tiroler Platz			Authariplatz	LINESTRING(11.563653 48.095492,11.5636202 48.096085300000006)
4270	München	Tischlerstraße	de:09162:1436:3:TIS 1	48.095156	11.480577	bus	MATCHED	w396902870	0.7	1.0	Tischlerstraße	166	Forst-Kasten-Allee	Forst-Kasten-Allee	LINESTRING(11.480577 48.095156,11.480583324774894 48.095150859821544)
4271	München	Tivolistraße	de:09162:78:2:1	48.149821	11.596289	tram	MATCHED	n2431541950	6.1	0.68	Tivolistraße	16	Mauerkircherstraße	Mauerkircherstraße	LINESTRING(11.596289 48.149821,11.5962955 48.1498761)
4272	München	Tivolistraße	de:09162:78:2:2	48.149821	11.596127	tram	MATCHED	n2431541948	3.1	0.79	Tivolistraße	16	Paradiesstraße	Paradiesstraße	LINESTRING(11.596127 48.149821,11.5961616 48.1498062)
4273	München	Tivolistraße	de:09162:78:31:41	48.14924	11.597538		NO_MATCH_AND_SEEMS_UNSERVED								POINT(11.597538 48.14924)
4274	München	Tivolistraße	de:09162:78:32:42	48.149467	11.598014		NO_MATCH_AND_SEEMS_UNSERVED								POINT(11.598014 48.149467)
4275	München	Tivolistraße	de:09162:78:3:3	48.150145	11.596253	bus	MATCHED	w377796597	2.8	1.0	Tivolistraße	154,54,58,N43	Mauerkircherstraße	Mauerkircherstraße	LINESTRING(11.596253 48.150145,11.596278326026125 48.15012668670309)
4276	München	Tivolistraße	de:09162:78:4:4	48.150282	11.596388	bus	MATCHED	w377796596	2.9	1.0	Tivolistraße	154,54,68,N44	Hirschauer Straße	Hirschauer Straße	LINESTRING(11.596388 48.150282,11.596384049999998 48.150255650000005)
4277	München	Tivolistraße	de:09162:78:4:5	48.150354	11.59619		MATCHED	n3207962364	57.5	0.15	Tivolistraße				LINESTRING(11.59619 48.150354,11.5962288 48.149838)
4278	München	Tivolistraße	de:09162:78:79:79	48.149437	11.597071		NO_MATCH_AND_SEEMS_UNSERVED								POINT(11.597071 48.149437)
4279	München	Togostraße	de:09162:937:3:TOG 1	48.106452	11.697035	bus	MATCHED	n307487481	6.9	1.0	Togostraße	185,E185	Birkhahnweg	Birkhahnweg	LINESTRING(11.697035 48.106452,11.6970819 48.1065057)
4280	München	Togostraße	de:09162:937:3:TOG 2	48.106506	11.697386	bus	MATCHED	n307487487	17.1	1.0	Togostraße	185,E185	Sperberstraße	Sperberstraße	LINESTRING(11.697386 48.106506,11.6972424 48.106386500000006)
4281	München	Toni-Merkens-Weg	de:09162:8888:3:PAH 1	48.170698	11.541672		MATCHED	w1324030962	145.0	1.0	Toni-Merkens-Weg			Olympiasee	LINESTRING(11.541672 48.170698,11.539749523626625 48.170481668138194)
4282	München	Toni-Merkens-Weg	de:09162:8888:3:PAH 2	48.17074	11.54151		MATCHED	w1324030961	134.0	1.0	Toni-Merkens-Weg			Sapporobogen	LINESTRING(11.54151 48.17074,11.539732593382787 48.170543499410236)
4283	München	Toni-Merkens-Weg	de:09162:8888:4:4	48.17056	11.539578	bus	NO_MATCH_BUT_OTHER_PLATFORM_MATCHED					144	Sapporobogen		POINT(11.539578 48.17056)
4284	München	Toni-Merkens-Weg	de:09162:8888:5:5	48.1705	11.539731	bus	NO_MATCH_BUT_OTHER_PLATFORM_MATCHED					144	Olympiasee		POINT(11.539731 48.1705)
4285	München	Trabrennbahn	de:09162:703:3:TRR 1	48.142916	11.661462	bus	MATCHED	w386838164	4.0	1.0	Trabrennbahn	183,E183	Schichtlstraße	Schichtlstraße	LINESTRING(11.661462 48.142916,11.661453111268356 48.142880577032074)
4286	München	Trabrennbahn	de:09162:703:3:TRR 2	48.142856	11.661282	bus	MATCHED	w386838165	1.5	1.0	Trabrennbahn	183,E183	Rennbahnstraße	Rennbahnstraße	LINESTRING(11.661282 48.142856,11.661270300604057 48.142866745415375)
4287	München	Trappentreustraße	de:09162:65:2:1	48.139931	11.535267	tram	MATCHED	n739548517	4.2	0.75	Trappentreustraße	18,19,N19	Schrenkstraße	Schrenkstraße	LINESTRING(11.535267 48.139931,11.5353071 48.139957800000005)
4288	München	Trappentreustraße	de:09162:65:2:2	48.140021	11.535132	tram	MATCHED	n26043409	4.0	0.76	Trappentreustraße	18,19,N19	Barthstraße	Barthstraße	LINESTRING(11.535132 48.140021,11.5351608 48.139991)
4289	München	Trappentreustraße	de:09162:65:31:21	48.139817	11.535311		NO_MATCH_AND_SEEMS_UNSERVED								POINT(11.535311 48.139817)
4290	München	Trappentreustraße	de:09162:65:32:22	48.140147	11.535132		NO_MATCH_AND_SEEMS_UNSERVED								POINT(11.535132 48.140147)
4291	München	Trappentreustraße	de:09162:65:3:3	48.139439	11.533964	bus	MATCHED	w385034819	12.0	1.0	Trappentreustraße	153,53,63,N44	Gollierplatz	Gollierplatz	LINESTRING(11.533964 48.139439,11.53399465 48.1395449)
4292	München	Trappentreustraße	de:09162:65:4:4	48.139709	11.534808	bus	MATCHED	w385034818	3.6	1.0	Trappentreustraße	153,53,63	Donnersbergerbrücke	Am Lokschuppen / Donnersbergerbrücke	LINESTRING(11.534808 48.139709,11.5348194 48.1396775)
4293	München	Trappentreustraße	de:09162:65:5:5	48.140267	11.533102	bus	MATCHED	n10725419896	16.9	1.0	Trappentreustraße	N43	Am Lokschuppen		LINESTRING(11.533102 48.140267,11.5333144 48.140212700000006)
4294	München	Trappentreustraße	de:09162:65:6:6	48.14044	11.534377	bus	MATCHED	w560341947	1.6	1.0	Trappentreustraße	153	Donnersbergerbrücke		LINESTRING(11.534377 48.14044,11.534374150000009 48.14042595000001)
4295	München	Traunsteiner Straße	de:09162:1111:1:1	48.104599	11.587845	bus	MATCHED	w389541203	6.5	1.0	Traunsteiner Straße	220,E220	Pöllatstraße	Pöllatstraße	LINESTRING(11.587845 48.104599,11.587833885751913 48.104657400376766)
4296	München	Traunsteiner Straße	de:09162:1111:2:2	48.104803	11.586929	bus	MATCHED	w389541207	10.7	1.0	Traunsteiner Straße	220	St.-Quirin-Platz	Sankt-Quirin-Platz	LINESTRING(11.586929 48.104803,11.586812272864707 48.104747526999866)
4297	München	Trenkleweg	de:09162:404:1:1	48.210044	11.571487	bus	MATCHED	w277106282	1.9	1.0	Trenkleweg	141,170	Frauenmantelanger	Frauenmantelanger	LINESTRING(11.571487 48.210044,11.57151153178845 48.21004102212863)
4298	München	Trenkleweg	de:09162:404:2:2	48.210026	11.57208	bus	MATCHED	w277106281	5.6	1.0	Trenkleweg	141,170	Rockefellerstraße	Rockefellerstraße	LINESTRING(11.57208 48.210026,11.57200955 48.210009)
4299	München	Tribulaunstraße	de:09162:963:1:1	48.094358	11.654123	bus	MATCHED	w303494047	1.7	0.89	Tribulaunstraße	195,198,55,N45	Klinikum Neuperlach / Klinikum Neuperlach	Klinikum Neuperlach	LINESTRING(11.654123 48.094358,11.654125645434162 48.09437276778789)
4300	München	Tribulaunstraße	de:09162:963:2:2	48.094586	11.653952	bus	MATCHED	w391373633	2.7	1.0	Tribulaunstraße	195	Otto-Hahn-Ring	Otto-Hahn-Ring	LINESTRING(11.653952 48.094586,11.653970719888424 48.09460670705374)
4301	München	Tribulaunstraße	de:09162:963:3:3	48.093884	11.654455	bus	MATCHED	w303494048	2.2	0.87	Tribulaunstraße	198,55,N45	Im Gefilde	Im Gefilde	LINESTRING(11.654455 48.093884,11.654448090575247 48.09386479571065)
4302	München	Tribulaunstraße	de:09162:963:4:4	48.094358	11.653395		NO_MATCH_AND_SEEMS_UNSERVED								POINT(11.653395 48.094358)
4303	München	Trimburgstraße	de:09162:1723:1:1	48.13833	11.426508	bus	MATCHED	n10236198308	1.1	1.0	Trimburgstraße	267	Veldensteinstraße	Veldensteinstraße	LINESTRING(11.426508 48.13833,11.426493800000001 48.1383329)
4304	München	Trimburgstraße	de:09162:1723:2:2	48.1383	11.426346	bus	MATCHED	n10236223709	1.6	1.0	Trimburgstraße	267	Lochham, Waldheimstraße	Waldheimstraße	LINESTRING(11.426346 48.1383,11.426366600000001 48.1383049)
4305	München	Truchthari-Anger	de:09162:802:1:1	48.129217	11.676769	bus	MATCHED	w386838166	2.2	1.0	Truchthari-Anger	139	Friedhof Riem	Friedhof Riem	LINESTRING(11.676769 48.129217,11.676741041308434 48.129222969178755)
4306	München	Truchthari-Anger	de:09162:802:2:2	48.128984	11.676338	bus	MATCHED	w386838167	6.3	1.0	Truchthari-Anger	139	Kirchtruderinger Straße	Kirchtruderinger Straße	LINESTRING(11.676338 48.128984,11.676289789497403 48.12893717085499)
4307	München	Trudering	de:09162:920:1:1	48.125434	11.66351	bus	NO_MATCH_BUT_OTHER_PLATFORM_MATCHED					N79	Truderinger Straße		POINT(11.66351 48.125434)
4308	München	Trudering	de:09162:920:1:7	48.125506	11.66333		MATCHED	w241504685	2.4	1.0	Trudering Bahnhof			Bajuwarenstraße / Truderinger Straße	LINESTRING(11.66333 48.125506,11.663341302235406 48.1254858215107)
4309	München	Trudering	de:09162:920:2:2	48.125572	11.663007	bus	NO_MATCH_BUT_OTHER_PLATFORM_MATCHED					139,185,193,194,E185	Bajuwarenstraße / Truderinger Straße		POINT(11.663007 48.125572)
4310	München	Trudering	de:09162:920:38:78	48.126675	11.66378		NO_MATCH_AND_SEEMS_UNSERVED								POINT(11.66378 48.126675)
4311	München	Trudering	de:09162:920:3:3	48.125566	11.663591		MATCHED	w241504668	8.4	1.0	Trudering Bahnhof	139,185,192,193,194,E185,N79,S4,S6	Bajuwarenstraße / Berg am Laim / Bajuwarenstraße / Gronsdorf	Bajuwarenstraße	LINESTRING(11.663591 48.125566,11.6634869 48.125596200000004)
4312	München	Trudering	de:09162:920:40:81	48.125956	11.663043	trainish	NO_MATCH_AND_SEEMS_UNSERVED								POINT(11.663043 48.125956)
4313	München	Trudering	de:09162:920:40:82	48.126004	11.663061	trainish	NO_MATCH_AND_SEEMS_UNSERVED								POINT(11.663061 48.126004)
4314	München	Trudering	de:09162:920:40:83	48.125974	11.663393	trainish	MATCHED	n1469875156	4.5	0.74	Trudering			Gronsdorf	LINESTRING(11.663393 48.125974,11.663337400000001 48.1259895)
4315	München	Trudering	de:09162:920:40:84	48.126052	11.663474	trainish	MATCHED	n28176433	7.4	0.64	Trudering			Berg am Laim	LINESTRING(11.663474 48.126052,11.6633796 48.126071800000005)
4316	München	Trudering	de:09162:920:4:4	48.12565	11.663223	train	MATCHED	n11015940470	8.0	1.0	Trudering Bahnhof	S4,S6	Gronsdorf / Berg am Laim		LINESTRING(11.663223 48.12565,11.663123200000001 48.1256756)
4317	München	Trudering	de:09162:920:51:51	48.12577	11.662324	light_rail	MATCHED	n2522357431	6.9	0.66	Trudering	U2	Kreillerstraße		LINESTRING(11.662324 48.12577,11.6622316 48.125774500000006)
4318	München	Trudering	de:09162:920:52:52	48.125656	11.66227	light_rail	MATCHED	n1692348556	6.4	0.67	Trudering	U2	Moosfeld		LINESTRING(11.66227 48.125656,11.662185000000001 48.125665000000005)
4319	München	Trudering	de:09162:920:5:5	48.125224	11.664022	bus	MATCHED	w241504687	7.0	1.0	Trudering Bahnhof	139			LINESTRING(11.664022 48.125224,11.664057599999996 48.12516555000001)
4320	München	Trudering	de:09162:920:5:6	48.125158	11.664211		MATCHED	n11015940469	9.5	1.0	Trudering Bahnhof				LINESTRING(11.664211 48.125158,11.6642826 48.125087)
4321	München	Trudering Bf. Nord	de:09162:826:1:1	48.127257	11.663753		NO_MATCH_AND_SEEMS_UNSERVED								POINT(11.663753 48.127257)
4322	München	Truderinger Straße	de:09162:927:1:1	48.126088	11.661049	bus	MATCHED	w241504684	2.6	1.0	Truderinger Straße	185,194,E185,N79	Halfinger Straße / Truderinger Straße, Brücke	Halfinger Straße / Truderinger Straße, Brücke	LINESTRING(11.661049 48.126088,11.661062098126637 48.126066057823074)
4323	München	Truderinger Straße	de:09162:927:2:2	48.125902	11.661354	bus	MATCHED	w241504667	1.9	1.0	Truderinger Straße	185,194,E185,N79	Trudering	Trudering Bahnhof	LINESTRING(11.661354 48.125902,11.661329856341645 48.125907370286)
4324	München	Tubeufstraße	de:09162:1948:3:TUB 1	48.191327	11.473445	bus	MATCHED	w379853833	1.3	1.0	Tubeufstraße	163	Angerlohstraße	Angerlohstraße	LINESTRING(11.473445 48.191327,11.473451419674438 48.19133825673726)
4325	München	Tubeufstraße	de:09162:1948:3:TUB 2	48.191758	11.473588	bus	MATCHED	w379853834	2.5	1.0	Tubeufstraße	163	Krauss-Maffei-Straße Ost	Krauss-Maffei-Straße Ost	LINESTRING(11.473588 48.191758,11.473582849748876 48.1917354469831)
4326	München	Tumblingerstraße	de:09162:83:1:1	48.123089	11.55405	bus	MATCHED	w391342071	2.4	1.0	Tumblingerstraße	62	Lagerhausstraße	Lagerhausstraße	LINESTRING(11.55405 48.123089,11.554032465402107 48.12310746451285)
4327	München	Tumblingerstraße	de:09162:83:2:2	48.123365	11.553727	bus	MATCHED	w391342073	2.6	1.0	Tumblingerstraße	62	Poccistraße	Poccistraße	LINESTRING(11.553727 48.123365,11.55369269346033 48.12336635239663)
4328	München	Tumblingerstraße	de:09162:83:31:71	48.124756	11.555488		NO_MATCH_AND_SEEMS_UNSERVED								POINT(11.555488 48.124756)
4329	München	Tumblingerstraße	de:09162:83:32:72	48.122808	11.554544		NO_MATCH_AND_SEEMS_UNSERVED								POINT(11.554544 48.122808)
4330	München	Tumblingerstraße	de:09162:83:33:73	48.123131	11.554365		NO_MATCH_AND_SEEMS_UNSERVED								POINT(11.554365 48.123131)
4331	München	Tumblingerstraße	de:09162:83:33:74	48.123113	11.554499		NO_MATCH_AND_SEEMS_UNSERVED								POINT(11.554499 48.123113)
4332	München	Tumblingerstraße	de:09162:83:35:75	48.124588	11.556036		NO_MATCH_AND_SEEMS_UNSERVED								POINT(11.556036 48.124588)
4333	München	Tumblingerstraße	de:09162:83:36:76	48.124522	11.556161		NO_MATCH_AND_SEEMS_UNSERVED								POINT(11.556161 48.124522)
4334	München	Turnerstraße	de:09162:935:1:1	48.112073	11.690738	bus	MATCHED	n679408000	1.5	1.0	Turnerstraße	185,E185	Edeltraudstraße	Edeltraudstraße	LINESTRING(11.690738 48.112073,11.6907271 48.1120613)
4335	München	Turnerstraße	de:09162:935:2:2	48.111389	11.690756	bus	MATCHED	n679383091	1.4	1.0	Turnerstraße	185,E185	Birkhahnweg	Birkhahnweg	LINESTRING(11.690756 48.111389,11.6907373 48.1113915)
4336	München	Tölzer Straße	de:09162:1158:1:1	48.100705	11.53833	bus	MATCHED	w376756396	6.1	1.0	Tölzer Straße	134	Flößergasse	Flößergasse	LINESTRING(11.53833 48.100705,11.53833445006242 48.10065039825677)
4337	München	Tölzer Straße	de:09162:1158:2:2	48.100039	11.538141	bus	MATCHED	w376756398	2.0	1.0	Tölzer Straße	134,136	Obersendling	Obersendling	LINESTRING(11.538141 48.100039,11.538133896772111 48.10002187097727)
4338	München	Tölzer Straße	de:09162:1158:3:3	48.100495	11.537809	bus	MATCHED	w376756393	5.7	1.0	Tölzer Straße	136	Geretsrieder Straße	Geretsrieder Straße	LINESTRING(11.537809 48.100495,11.537748400000009 48.100463100000006)
4339	München	Türkenstraße	de:09162:125:1:1	48.150396	11.575718		NO_MATCH_AND_SEEMS_UNSERVED								POINT(11.575718 48.150396)
4340	München	Türkenstraße	de:09162:125:2:2	48.150163	11.576167		NO_MATCH_AND_SEEMS_UNSERVED								POINT(11.576167 48.150163)
4341	München	Türkenstraße	de:09162:125:3:3	48.150259	11.576167	bus	MATCHED	w377796600	34.3	1.0	Türkenstraße	153,154	Schellingstraße	Schellingstraße	LINESTRING(11.576167 48.150259,11.575713337124407 48.15031584814989)
4342	München	Türkenstraße	de:09162:125:4:4	48.150306	11.575691	bus	MATCHED	w377796601	39.3	1.0	Türkenstraße	153,154	Universität	Universität	LINESTRING(11.575691 48.150306,11.57621440232791 48.150258799398266)
4343	München	Ubostraße	de:09162:1711:1:1	48.156857	11.415889	bus	MATCHED	w375853981	5.1	1.0	Ubostraße	143,162,E162	Limesstraße / Aubing	Aubing Bahnhof / Limesstraße	LINESTRING(11.415889 48.156857,11.415873843334913 48.15690200066257)
4344	München	Ubostraße	de:09162:1711:2:2	48.157258	11.415871	bus	MATCHED	w375853976	3.6	1.0	Ubostraße	143,162,E162	Bergsonstraße	Bergsonstraße	LINESTRING(11.415871 48.157258,11.415841100000002 48.15728335000001)
4345	München	Ubostraße	de:09162:1711:31:71	48.157792	11.415306		NO_MATCH_AND_SEEMS_UNSERVED								POINT(11.415306 48.157792)
4346	München	Ubostraße	de:09162:1711:32:72	48.156395	11.416321		NO_MATCH_AND_SEEMS_UNSERVED								POINT(11.416321 48.156395)
4347	München	Ubostraße	de:09162:1711:3:3	48.157007	11.415054	bus	MATCHED	n8614751494	53.2	1.0	Ubostraße	157	Germeringer Weg	Germeringer Weg / Aubing-Ost-Straße	LINESTRING(11.415054 48.157007,11.4157243 48.156840100000004)
4348	München	Ubostraße	de:09162:1711:4:4	48.156875	11.415216	bus	MATCHED	n8614751491	36.7	1.0	Ubostraße	157	Aubing-Ost-Straße / Aubing	Germeringer Weg / Aubing Bahnhof	LINESTRING(11.415216 48.156875,11.41568 48.1567632)
4349	München	Umschlagbahnhof	de:09162:808:3:USB 1	48.144499	11.705767	bus	MATCHED	w386838168	9.7	1.0	Umschlagbahnhof	186	Hofbräuallee	Hofbräuallee	LINESTRING(11.705767 48.144499,11.705896916693902 48.14449735000636)
4350	München	Umschlagbahnhof	de:09162:808:3:USB 2	48.144337	11.705875	bus	MATCHED	w386838169	6.9	1.0	Umschlagbahnhof	186	Sigmund-Riefler-Bogen	Sigmund-Riefler-Bogen	LINESTRING(11.705875 48.144337,11.705792350000001 48.14436595)
4351	München	Ungererstraße	de:09162:9980:30:40	48.164545	11.587971		NO_MATCH_AND_SEEMS_UNSERVED								POINT(11.587971 48.164545)
4352	München	Ungererstraße	de:09162:9980:71:71	48.164581	11.586273		NO_MATCH_AND_SEEMS_UNSERVED								POINT(11.586273 48.164581)
4353	München	Ungsteiner Straße	de:09162:1044:1:1	48.115137	11.596783	bus	MATCHED	w377924384	1.5	0.9	Ungsteiner Straße	54,N43	Werinherstraße	Werinherstraße	LINESTRING(11.596783 48.115137,11.596790074929707 48.11512456071057)
4354	München	Ungsteiner Straße	de:09162:1044:2:2	48.114957	11.597457	bus	MATCHED	w377924385	50.5	0.39	Ungsteiner Straße	54,N44	Thomasiusplatz	Thomasiusplatz	LINESTRING(11.597457 48.114957,11.596779159773101 48.11494405216944)
4355	München	Universität	de:09162:70:19:71	48.150972	11.581251		NO_MATCH_AND_SEEMS_UNSERVED								POINT(11.581251 48.150972)
4356	München	Universität	de:09162:70:1:1	48.149168	11.580119	bus	MATCHED	w377796603	2.5	1.0	Universität	153,154	Türkenstraße	Türkenstraße	LINESTRING(11.580119 48.149168,11.580088073609454 48.149175860048395)
4357	München	Universität	de:09162:70:2:2	48.149036	11.580182	bus	MATCHED	w377796602	3.5	1.0	Universität	153,154	Siegestor / Von-der-Tann-Straße	Von-der-Tann-Straße / Siegestor	LINESTRING(11.580182 48.149036,11.580135128137668 48.14903220167219)
4358	München	Universität	de:09162:70:30:40	48.1509	11.582024		NO_MATCH_AND_SEEMS_UNSERVED								POINT(11.582024 48.1509)
4359	München	Universität	de:09162:70:32:72	48.149222	11.579482		NO_MATCH_AND_SEEMS_UNSERVED								POINT(11.579482 48.149222)
4360	München	Universität	de:09162:70:33:73	48.148281	11.580048		NO_MATCH_AND_SEEMS_UNSERVED								POINT(11.580048 48.148281)
4361	München	Universität	de:09162:70:34:74	48.149365	11.579428		NO_MATCH_AND_SEEMS_UNSERVED								POINT(11.579428 48.149365)
4362	München	Universität	de:09162:70:3:3	48.14882	11.580299	bus	MATCHED	w377796605	3.8	1.0	Universität	68,N40,N41,N45	Von-der-Tann-Straße / Amalienstraße	Amalienstraße / Von-der-Tann-Straße	LINESTRING(11.580299 48.14882,11.580291946383984 48.14885426091932)
4363	München	Universität	de:09162:70:4:4	48.149407	11.580955	bus	MATCHED	w377796604	0.9	1.0	Universität	58,N40,N41,N45	Siegestor	Siegestor	LINESTRING(11.580955 48.149407,11.58095510067688 48.14941503409626)
4364	München	Universität	de:09162:70:51:51	48.150055	11.581045	light_rail	MATCHED	n2641070376	34.9	0.3	Universität	U3,U6	Giselastraße		LINESTRING(11.581045 48.150055,11.5810641 48.1503682)
4365	München	Universität	de:09162:70:51:52	48.150073	11.580946	light_rail	MATCHED	n2641070375	35.9	0.3	Universität	U3,U6	Odeonsplatz / Odeonsplatz		LINESTRING(11.580946 48.150073,11.581222700000001 48.150337400000005)
4366	München	Untere Länge	de:09162:449:3:UNL 1	48.205895	11.594133	bus	MATCHED	w277228766	0.7	1.0	Untere Länge	140,170	Grusonstraße / Grusonstraße	Grusonstraße	LINESTRING(11.594133 48.205895,11.594138752230693 48.20589958737167)
4367	München	Untere Länge	de:09162:449:3:UNL 2	48.205727	11.594313	bus	MATCHED	w277228779	4.5	1.0	Untere Länge	140,170	Keilberthstraße	Keilberthstraße	LINESTRING(11.594313 48.205727,11.59428175165429 48.20569277021784)
4368	München	Untermenzing	de:09162:1930:1:1	48.177665	11.473813	bus	MATCHED	w241105185	8.8	1.0	Untermenzing Bahnhof	164,165,X80	Zaunerstraße / Moosach	Moosach Bahnhof / Zaunerstraße	LINESTRING(11.473813 48.177665,11.473694442210235 48.177658342595684)
4369	München	Untermenzing	de:09162:1930:2:2	48.177827	11.473732	bus	MATCHED	w241105184	5.1	1.0	Untermenzing Bahnhof	164,165,N78,X80	Willi-Wien-Straße / Von-Kahr-Straße	Willi-Wien-Straße / Von-Kahr-Straße	LINESTRING(11.473732 48.177827,11.473663289599221 48.17782130906371)
4370	München	Untermenzing	de:09162:1930:3:3	48.177455	11.474406	bus	MATCHED	w379853835	2.7	1.0	Untermenzing Bahnhof	162	Karl-von-Roth-Straße	Karl-von-Roth-Straße	LINESTRING(11.474406 48.177455,11.474389727568635 48.17743341172256)
4371	München	Untermenzing	de:09162:1930:3:4	48.177341	11.474244	bus	MATCHED	w379853836	2.6	1.0	Untermenzing Bahnhof	162	Finsterwalderstraße	Finsterwalderstraße	LINESTRING(11.474244 48.177341,11.474241745719894 48.17731782607985)
4372	München	Untermenzing	de:09162:1930:41:81	48.177761	11.472591	train	MATCHED	n1460254943	6.3	0.78	Untermenzing	S2	Obermenzing	Obermenzing	LINESTRING(11.472591 48.177761,11.4726165 48.177707100000006)
4373	München	Untermenzing	de:09162:1930:41:82	48.177785	11.472735	train	MATCHED	n1698492592	7.6	0.75	Untermenzing	S2	Allach	Allach	LINESTRING(11.472735 48.177785,11.4727584 48.1777183)
4374	München	Untermenzinger Straße	de:09162:1934:1:1	48.178462	11.495211	bus	MATCHED	w379853843	3.9	1.0	Untermenzinger Straße	162,163	Lauinger Straße	Lauinger Straße	LINESTRING(11.495211 48.178462,11.495190091237172 48.17842975840328)
4375	München	Untermenzinger Straße	de:09162:1934:2:2	48.178378	11.494267	bus	MATCHED	w379853844	1.9	1.0	Untermenzinger Straße	162,163,164,165,N78	Waldhornstraße / Waldhornstraße	Waldhornstraße	LINESTRING(11.494267 48.178378,11.4942911 48.178372550000006)
4376	München	Untermenzinger Straße	de:09162:1934:3:3	48.177761	11.495112	bus	MATCHED	w379853838	1.4	1.0	Untermenzinger Straße	164,165	Skagerrakstraße	Skagerrakstraße	LINESTRING(11.495112 48.177761,11.49509395 48.17776330000001)
4377	München	Untersbergstraße	de:09162:1160:31:41	48.11254	11.587782		NO_MATCH_AND_SEEMS_UNSERVED								POINT(11.587782 48.11254)
4378	München	Untersbergstraße	de:09162:1160:32:42	48.11245	11.587692		NO_MATCH_AND_SEEMS_UNSERVED								POINT(11.587692 48.11245)
4379	München	Untersbergstraße	de:09162:1160:51:51	48.11254	11.587737	light_rail	MATCHED	n2567741990	13.9	0.5	Untersbergstraße	U2,U8	Silberhornstraße		LINESTRING(11.587737 48.11254,11.587600400000001 48.112624700000005)
4380	München	Untersbergstraße	de:09162:1160:51:52	48.11248	11.587674	light_rail	MATCHED	n2567741979	12.3	0.53	Untersbergstraße	U2,U8	Giesing		LINESTRING(11.587674 48.11248,11.587524 48.112527)
4381	München	Ursberger Straße	de:09162:941:1:1	48.131094	11.644933	bus	MATCHED	w398718475	3.5	1.0	Ursberger Straße	185,E185	Berg am Laim Bf. (Süd)	Berg am Laim Bahnhof (Süd)	LINESTRING(11.644933 48.131094,11.644886572091085 48.13109331703649)
4382	München	Ursberger Straße	de:09162:941:2:2	48.130806	11.645391	bus	MATCHED	w398718474	2.6	1.0	Ursberger Straße	185,E185	Thomas-Hauser-Straße	Thomas-Hauser-Straße	LINESTRING(11.645391 48.130806,11.645359289998694 48.13079536051604)
4383	München	Ursberger Straße	de:09162:941:71:71	48.128834	11.644088		NO_MATCH_AND_SEEMS_UNSERVED								POINT(11.644088 48.128834)
4384	München	Ursberger Straße	de:09162:941:72:72	48.12881	11.643415		NO_MATCH_AND_SEEMS_UNSERVED								POINT(11.643415 48.12881)
4385	München	Valeppstraße	de:09162:1046:1:1	48.110933	11.583982	bus	MATCHED	w377924386	8.4	1.0	Valeppstraße	153,54,N44	Fockensteinstraße	Fockensteinstraße	LINESTRING(11.583982 48.110933,11.58387456112113 48.110954937560436)
4386	München	Valeppstraße	de:09162:1046:2:2	48.110927	11.584494	bus	MATCHED	w377924387	6.8	1.0	Valeppstraße	153,54,N43	Spixstraße	Spixstraße	LINESTRING(11.584494 48.110927,11.58451615 48.1108673)
4387	München	Valeppstraße	de:09162:1046:31:71	48.110717	11.58586		NO_MATCH_AND_SEEMS_UNSERVED								POINT(11.58586 48.110717)
4388	München	Valeppstraße	de:09162:1046:32:72	48.110315	11.585545		NO_MATCH_AND_SEEMS_UNSERVED								POINT(11.585545 48.110315)
4389	München	Valeppstraße	de:09162:1046:33:73	48.110369	11.586354		NO_MATCH_AND_SEEMS_UNSERVED								POINT(11.586354 48.110369)
4390	München	Varnhagenstraße	de:09162:1682:1:1	48.150696	11.449451	bus	MATCHED	w392587793	5.2	1.0	Varnhagenstraße	57	Volmstraße	Volmstraße	LINESTRING(11.449451 48.150696,11.449384544254933 48.15068051186726)
4391	München	Varnhagenstraße	de:09162:1682:2:2	48.150486	11.448552	bus	MATCHED	w392587792	9.3	1.0	Varnhagenstraße	57	Heimburgstraße	Heimburgstraße	LINESTRING(11.448552 48.150486,11.448663044039609 48.150524197744616)
4392	München	Varnhagenstraße	de:09162:1682:31:71	48.148287	11.445534		NO_MATCH_AND_SEEMS_UNSERVED								POINT(11.445534 48.148287)
4393	München	Veldener Straße	de:09162:1215:1:1	48.144876	11.483551	bus	MATCHED	w389527419	0.5	1.0	Veldener Straße	130,157	Pörtschacher Straße	Pörtschacher Straße	LINESTRING(11.483551 48.144876,11.483544686101917 48.14487535414739)
4394	München	Veldener Straße	de:09162:1215:2:2	48.145236	11.482149	bus	MATCHED	w389527420	6.0	1.0	Veldener Straße	130,157	Am Knie	Am Knie	LINESTRING(11.482149 48.145236,11.482167764647436 48.14518384930674)
4395	München	Veldensteinstraße	de:09162:1716:1:1	48.140596	11.425196	bus	MATCHED	w379853846	2.0	1.0	Veldensteinstraße	267	Neuaubing	Neuaubing Bahnhof	LINESTRING(11.425196 48.140596,11.425173152074544 48.14060534671171)
4396	München	Veldensteinstraße	de:09162:1716:1:2	48.140488	11.425133	bus	MATCHED	w379853845	2.3	1.0	Veldensteinstraße	267	Trimburgstraße	Trimburgstraße	LINESTRING(11.425133 48.140488,11.42511906714086 48.140506491676526)
4397	München	Vesaliusstraße	de:09162:1822:1:1	48.188811	11.461443	bus	MATCHED	w379853847	6.5	1.0	Vesaliusstraße	160,164,165	Allach / Allach / Allach	Allach Bahnhof (S)	LINESTRING(11.461443 48.188811,11.461524590913871 48.18883215222386)
4398	München	Vesaliusstraße	de:09162:1822:2:2	48.188332	11.460679	bus	MATCHED	w379853849	7.6	1.0	Vesaliusstraße	160,165	Esmarchstraße	Esmarchstraße	LINESTRING(11.460679 48.188332,11.460697450604737 48.18826468007451)
4399	München	Vesaliusstraße	de:09162:1822:3:3	48.189171	11.460644	bus	MATCHED	w379853848	8.0	1.0	Vesaliusstraße	164	Eversbuschstraße	Eversbuschstraße	LINESTRING(11.460644 48.189171,11.460642480488358 48.18924329682749)
4400	München	Viehhof	de:09162:8017:31:71	48.123221	11.558183		NO_MATCH_AND_SEEMS_UNSERVED								POINT(11.558183 48.123221)
4401	München	Viktualienmarkt	de:09162:112:1:1	48.135183	11.575053		MATCHED	w391264074	9.5	1.0	Viktualienmarkt			Marienplatz (Rindermarkt)	LINESTRING(11.575053 48.135183,11.57500581479864 48.13510319610312)
4402	München	Viktualienmarkt	de:09162:112:2:2	48.135483	11.575556		NO_MATCH_AND_SEEMS_UNSERVED								POINT(11.575556 48.135483)
4403	München	Viktualienmarkt	de:09162:112:3:3	48.135273	11.574577		NO_MATCH_AND_SEEMS_UNSERVED								POINT(11.574577 48.135273)
4404	München	Viktualienmarkt	de:09162:112:3:4	48.135459	11.573786		NO_MATCH_AND_SEEMS_UNSERVED								POINT(11.573786 48.135459)
4405	München	Viktualienmarkt	de:09162:112:5:5	48.135087	11.574855	bus	MATCHED	w391264068	4.2	1.0	Viktualienmarkt	132,52,62	Schrannenhalle / Blumenstraße	Blumenstraße / Schrannenhalle	LINESTRING(11.574855 48.135087,11.574853266331768 48.13504935651085)
4406	München	Vinzenz-Schüpfer-Straße	de:09162:1444:1:1	48.083533	11.483874	bus	MATCHED	w396902871	1.9	1.0	Vinzenz-Schüpfer-Straße	166	Gautinger Straße	Gautinger Straße	LINESTRING(11.483874 48.083533,11.483871519168831 48.083516037258356)
4407	München	Vinzenz-Schüpfer-Straße	de:09162:1444:1:2	48.083431	11.483766	bus	MATCHED	w396902872	5.3	1.0	Vinzenz-Schüpfer-Straße	166	Allgäuer Straße	Allgäuer Straße	LINESTRING(11.483766 48.083431,11.483698064877226 48.083443614847525)
4408	München	Vinzenz-Schüpfer-Straße	de:09162:1444:33:73	48.083059	11.485707		NO_MATCH_AND_SEEMS_UNSERVED								POINT(11.485707 48.083059)
4409	München	Vinzenz-Schüpfer-Straße	de:09162:1444:34:74	48.083065	11.485536		NO_MATCH_AND_SEEMS_UNSERVED								POINT(11.485536 48.083065)
4410	München	Vinzenz-Schüpfer-Straße	de:09162:1444:99:71	48.083479	11.48382		NO_MATCH_AND_SEEMS_UNSERVED								POINT(11.48382 48.083479)
4411	München	Vinzenz-Schüpfer-Straße	de:09162:1444:99:72	48.083479	11.48382		NO_MATCH_AND_SEEMS_UNSERVED								POINT(11.48382 48.083479)
4412	München	Vogelloh	de:09162:1956:1:1	48.213402	11.467435	bus	MATCHED	w398700075	31.2	1.0	Vogelloh	706	Karlsfeld, Evangelische Kirche	Karlsfeld, Evangelische Kirche	LINESTRING(11.467435 48.213402,11.467590800000002 48.21366235000001)
4413	München	Vogelweideplatz	de:09162:612:1:1	48.137491	11.619735	bus	MATCHED	w389697577	2.4	1.0	Vogelweideplatz	149,470,N74,X30	Einsteinstraße	Einsteinstraße	LINESTRING(11.619735 48.137491,11.619711998314349 48.1374764742894)
4414	München	Vogelweideplatz	de:09162:612:2:2	48.137305	11.619915	bus	MATCHED	w389697576	10.2	1.0	Vogelweideplatz	149,470,N74,X30	Schimmelberg / Vollmannstraße / Parsdorf, Am Lerchenfeld / Neupullach, Anw. Ostermaier / Riedenburger Straße	Neupullach, Anwesen Ostermaier / Schimmelberg / Riedenburger Straße / Vollmannstraße / Parsdorf, Am Lerchenfeld	LINESTRING(11.619915 48.137305,11.619778454008578 48.13729975080468)
4415	München	Vogelweideplatz	de:09162:612:31:71	48.137317	11.621541		NO_MATCH_AND_SEEMS_UNSERVED								POINT(11.621541 48.137317)
4416	München	Vogelweideplatz	de:09162:612:3:3	48.137257	11.62022	tram	MATCHED	n3033385191	10.0	0.58	Vogelweideplatz	19	Einsteinstraße	Einsteinstraße	LINESTRING(11.62022 48.137257,11.620091200000001 48.1372319)
4417	München	Vogelweideplatz	de:09162:612:3:4	48.137149	11.620355	tram	MATCHED	n3033385195	5.2	0.71	Vogelweideplatz	19	Riedenburger Straße	Riedenburger Straße	LINESTRING(11.620355 48.137149,11.620420600000001 48.1371319)
4418	München	Vogesenstraße	de:09162:952:1:1	48.109673	11.671505	bus	MATCHED	w483420233	4.3	1.0	Vogesenstraße	192,195,N79	Markgrafenstraße / Markgrafenstraße	Markgrafenstraße	LINESTRING(11.671505 48.109673,11.671451095894888 48.10965863120725)
4419	München	Vogesenstraße	de:09162:952:2:2	48.109385	11.671047	bus	MATCHED	w483420235	3.8	1.0	Vogesenstraße	192,195,N79	Am Hochacker / Am Hochacker	Am Hochacker / Hochacker	LINESTRING(11.671047 48.109385,11.67108368350428 48.10940937305777)
4420	München	Vogesenstraße	de:09162:952:3:3	48.109475	11.671846	bus	MATCHED	w483420234	1.5	1.0	Vogesenstraße	195	Markgrafenstraße	Markgrafenstraße	LINESTRING(11.671846 48.109475,11.671826327833699 48.1094780394043)
4421	München	Voglerstraße	de:09162:1709:1:1	48.137107	11.427289		NO_MATCH_AND_SEEMS_UNSERVED								POINT(11.427289 48.137107)
4422	München	Voglerstraße	de:09162:1709:2:2	48.137017	11.427361		NO_MATCH_AND_SEEMS_UNSERVED								POINT(11.427361 48.137017)
4423	München	Volkartstraße	de:09162:205:2:1	48.155263	11.532626	tram	MATCHED	n1473157049	5.4	0.7	Volkartstraße	12	Neuhausen	Neuhausen	LINESTRING(11.532626 48.155263,11.5325646 48.1552887)
4424	München	Volkartstraße	de:09162:205:2:2	48.155155	11.532572	tram	MATCHED	n1698244938	12.3	0.54	Volkartstraße	12	Rotkreuzplatz	Rotkreuzplatz	LINESTRING(11.532572 48.155155,11.5326795 48.1550706)
4425	München	Volkartstraße	de:09162:205:32:72	48.155263	11.532733		MATCHED	n3207960982	16.6	0.36	Volkartstraße				LINESTRING(11.532733 48.155263,11.532668600000001 48.155120000000004)
4426	München	Volkartstraße	de:09162:205:33:73	48.154705	11.532661		NO_MATCH_AND_SEEMS_UNSERVED								POINT(11.532661 48.154705)
4427	München	Volkartstraße	de:09162:205:34:74	48.15443	11.533066		NO_MATCH_AND_SEEMS_UNSERVED								POINT(11.533066 48.15443)
4428	München	Volkartstraße	de:09162:205:71:71	48.155221	11.532401		NO_MATCH_AND_SEEMS_UNSERVED								POINT(11.532401 48.155221)
4429	München	Volkartstraße Ost	de:09162:163:0:1	48.15627	11.537557	bus	MATCHED	n4558661671	7.5	1.0	Volkartstraße Ost	144	Dom-Pedro-Straße	Dom-Pedro-Straße	LINESTRING(11.537557 48.15627,11.537514900000001 48.156209200000006)
4430	München	Vollmannstraße	de:09162:610:1:1	48.147681	11.627928	bus	MATCHED	w386838172	2.5	1.0	Vollmannstraße	185,187,188,189	Daphnestraße / Daphnestraße	Daphnestraße	LINESTRING(11.627928 48.147681,11.627906662807806 48.14766351848407)
4431	München	Vollmannstraße	de:09162:610:2:2	48.146944	11.628143	bus	MATCHED	w386838170	11.7	1.0	Vollmannstraße	187,X30	Vogelweideplatz / Moselstraße	Moselstraße / Vogelweideplatz	LINESTRING(11.628143 48.146944,11.628171370406436 48.14704717765981)
4432	München	Vollmannstraße	de:09162:610:31:71	48.147495	11.628889		NO_MATCH_AND_SEEMS_UNSERVED								POINT(11.628889 48.147495)
4433	München	Vollmannstraße	de:09162:610:3:3	48.147244	11.629167	bus	MATCHED	w386838171	1.4	1.0	Vollmannstraße	185,188,189	Pühnstraße	Pühnstraße	LINESTRING(11.629167 48.147244,11.629171397350616 48.14723159294929)
4434	München	Vollmannstraße	de:09162:610:4:4	48.146608	11.62826	bus	MATCHED	w1120772613	2.9	0.85	Vollmannstraße	X30	Cosimabad	Cosimabad	LINESTRING(11.62826 48.146608,11.6282302 48.146590800000006)
4435	München	Volmstraße	de:09162:1683:1:1	48.150738	11.454535	bus	MATCHED	w392587794	4.4	1.0	Volmstraße	57	Pasing / Pasing	Pasing Bahnhof	LINESTRING(11.454535 48.150738,11.454588688086208 48.1507217448899)
4436	München	Volmstraße	de:09162:1683:2:2	48.150876	11.45449	bus	MATCHED	w392587795	2.1	1.0	Volmstraße	57	Varnhagenstraße	Varnhagenstraße	LINESTRING(11.45449 48.150876,11.454501597672104 48.1508585267626)
4437	München	Von-Erckert-Straße	de:09162:932:1:1	48.111221	11.709836	bus	MATCHED	n992677155	23.9	1.0	Von-Erckert-Straße	193,N79	Haar, H.Stießb.-Str.(Schleife) / Haar, Hans-Stießberger-Straße	Hans-Stießberger-Straße / Hans-Stießberger-Straße (Schleife)	LINESTRING(11.709836 48.111221,11.7095289 48.111282)
4438	München	Von-Erckert-Straße	de:09162:932:2:2	48.111653	11.708884	bus	MATCHED	n270586921	1.8	1.0	Von-Erckert-Straße	193,N79	Jagdhornstraße	Jagdhornstraße	LINESTRING(11.708884 48.111653,11.7088598 48.111650600000004)
4439	München	Von-Kahr-Str. (Schleife)	de:09162:1933	48.176988	11.461928		NO_MATCH_AND_SEEMS_UNSERVED								POINT(11.461928 48.176988)
4440	München	Von-Kahr-Straße	de:09162:1814:3:3	48.177	11.462566	bus	MATCHED	w398731657	3.1	1.0	Von-Kahr-Straße	164,165,X80	Willi-Wien-Straße / Untermenzing	Willi-Wien-Straße / Untermenzing Bahnhof	LINESTRING(11.462566 48.177,11.462597800000003 48.1770182)
4441	München	Von-Kahr-Straße	de:09162:1814:4:4	48.177347	11.463168	bus	MATCHED	w398731656	4.3	1.0	Von-Kahr-Straße	164,165,N78,X80	Steirerstraße / Campingplatz Obermenzing / Friedhof Untermenzing / Korbmacherweg	Campingplatz Obermenzing / Korbmacherweg / Steirerstraße / Friedhof Untermenzing	LINESTRING(11.463168 48.177347,11.46311455137309 48.17733139613975)
4442	München	Von-Reuter-Straße	de:09162:1921:1:1	48.18169	11.475142	bus	MATCHED	w379853851	1.8	1.0	Von-Reuter-Straße	162,163	Krautheimstraße	Krautheimstraße	LINESTRING(11.475142 48.18169,11.47511788338783 48.18168739355603)
4443	München	Von-Reuter-Straße	de:09162:1921:2:2	48.181145	11.475133	bus	MATCHED	w379853850	0.8	1.0	Von-Reuter-Straße	162	Karl-von-Roth-Straße	Karl-von-Roth-Straße	LINESTRING(11.475133 48.181145,11.47514425 48.18114565)
4444	München	Von-Reuter-Straße	de:09162:1921:32:72	48.181253	11.475753		NO_MATCH_AND_SEEMS_UNSERVED								POINT(11.475753 48.181253)
4445	München	Von-der-Tann-Straße	de:09162:124:1:1	48.145667	11.579167	bus	MATCHED	w373507817	1.0	1.0	Von-der-Tann-Straße	153,58,N40,N41,N45	Universität / Universität	Universität	LINESTRING(11.579167 48.145667,11.579169136419422 48.14567554552428)
4446	München	Von-der-Tann-Straße	de:09162:124:2:2	48.14493	11.578493	bus	MATCHED	w373507805	0.2	1.0	Von-der-Tann-Straße	100,153,N40,N41,N45	Odeonsplatz / Odeonsplatz	Odeonsplatz	LINESTRING(11.578493 48.14493,11.578493884593016 48.144928518183704)
4447	München	Von-der-Tann-Straße	de:09162:124:30:70	48.145422	11.576921		NO_MATCH_AND_SEEMS_UNSERVED								POINT(11.576921 48.145422)
4448	München	Von-der-Tann-Straße	de:09162:124:31:71	48.146866	11.579149		NO_MATCH_AND_SEEMS_UNSERVED								POINT(11.579149 48.146866)
4449	München	Von-der-Tann-Straße	de:09162:124:32:72	48.14668	11.579257		NO_MATCH_AND_SEEMS_UNSERVED								POINT(11.579257 48.14668)
4450	München	Von-der-Tann-Straße	de:09162:124:33:73	48.145272	11.579688		NO_MATCH_AND_SEEMS_UNSERVED								POINT(11.579688 48.145272)
4451	München	Von-der-Tann-Straße	de:09162:124:34:74	48.145356	11.578206		NO_MATCH_AND_SEEMS_UNSERVED								POINT(11.578206 48.145356)
4452	München	Von-der-Tann-Straße	de:09162:124:35:75	48.145542	11.578449		NO_MATCH_AND_SEEMS_UNSERVED								POINT(11.578449 48.145542)
4453	München	Von-der-Tann-Straße	de:09162:124:3:3	48.14493	11.578817	bus	MATCHED	w373507809	5.7	1.0	Von-der-Tann-Straße	100	Königinstraße	Königinstraße	LINESTRING(11.578817 48.14493,11.578800923991144 48.144879787173565)
4454	München	Von-der-Tann-Straße	de:09162:124:4:4	48.145158	11.579212		MATCHED	w373507814	9.5	1.0	Von-der-Tann-Straße				LINESTRING(11.579212 48.145158,11.5793209 48.14511260000001)
4455	München	Von-der-Tann-Straße	de:09162:124:5:5	48.145553	11.578844		NO_MATCH_AND_SEEMS_UNSERVED								POINT(11.578844 48.145553)
4456	München	Wahnfriedallee	de:09162:623:1:1	48.161872	11.619403	bus	MATCHED	w386838174	0.5	1.0	Wahnfriedallee	188,189	Lohengrinstraße	Lohengrinstraße	LINESTRING(11.619403 48.161872,11.619396913539795 48.16187414926702)
4457	München	Wahnfriedallee	de:09162:623:2:2	48.16198	11.619232	bus	MATCHED	w386838173	4.8	1.0	Wahnfriedallee	188,189	Odinstraße	Odinstraße	LINESTRING(11.619232 48.16198,11.619296849999994 48.161982849999994)
4458	München	Waldfriedhof	de:09162:1311:30:70	48.11221	11.501292		NO_MATCH_AND_SEEMS_UNSERVED								POINT(11.501292 48.11221)
4459	München	Waldfriedhof	de:09162:1311:34:74	48.112606	11.502505		NO_MATCH_AND_SEEMS_UNSERVED								POINT(11.502505 48.112606)
4460	München	Waldfriedhof	de:09162:1311:35:75	48.111617	11.502155		NO_MATCH_AND_SEEMS_UNSERVED								POINT(11.502155 48.111617)
4461	München	Waldfriedhof	de:09162:1311:3:3	48.112246	11.501723	bus	MATCHED	w380595120	4.8	1.0	Waldfriedhof	151,160,268,54	Kornwegerstraße / Kornwegerstraße	Kornwegerstraße	LINESTRING(11.501723 48.112246,11.501784463876414 48.11223229675676)
4462	München	Waldfriedhof	de:09162:1311:4:4	48.112636	11.502514	bus	MATCHED	w380595117	5.9	1.0	Waldfriedhof	151,51,N40	Holzapfelkreuth / Holzapfelkreuth	Holzapfelkreuth	LINESTRING(11.502514 48.112636,11.50250695210704 48.11258317492383)
4463	München	Waldfriedhof	de:09162:1311:5:5	48.111575	11.502164	bus	MATCHED	w380595115	12.1	1.0	Waldfriedhof	151,51	Waldfriedhof Haupteingang	Waldfriedhof Haupteingang	LINESTRING(11.502164 48.111575,11.502152823627334 48.11168376457035)
4464	München	Waldfriedhof	de:09162:1311:6:6	48.112091	11.502846	bus	MATCHED	w380595119	2.1	1.0	Waldfriedhof	151,51,54,N40	Werdenfelsstraße	Werdenfelsstraße	LINESTRING(11.502846 48.112091,11.502827113181375 48.1120766500053)
4465	München	Waldfriedhof	de:09162:1311:8:8	48.112906	11.502523	bus	MATCHED	n10129822521	1.1	1.0	Waldfriedhof	167	Holzapfelkreuth		LINESTRING(11.502523 48.112906,11.502521300000002 48.112896600000006)
4466	München	Waldfriedhof	de:09162:1311:9:9	48.112252	11.502766		NO_MATCH_AND_SEEMS_UNSERVED								POINT(11.502766 48.112252)
4467	München	Waldfriedhof (Wendeschleife)	de:09162:1312:3:WAS 1	48.11224	11.502936		NO_MATCH_AND_SEEMS_UNSERVED								POINT(11.502936 48.11224)
4468	München	Waldfriedhof (Wendeschleife)	de:09162:1312:3:WAS 2	48.112312	11.503098	bus	MATCHED	w380595113	2.8	1.0	Waldfriedhof (Wendeschleife)	160,167,268	Waldfriedhof / Waldfriedhof	Waldfriedhof	LINESTRING(11.503098 48.112312,11.503067251228055 48.112297462101864)
4469	München	Waldfriedhof Haupteingang	de:09162:1462:1:1	48.108174	11.502038	bus	MATCHED	n2779899467	3.5	1.0	Waldfriedhof Haupteingang	151,51	Drygalski-Allee / Drygalski-Allee	Drygalski-Allee	LINESTRING(11.502038 48.108174,11.501998 48.1081577)
4470	München	Waldfriedhof Haupteingang	de:09162:1462:2:2	48.10716	11.502343	bus	MATCHED	n2779899465	11.7	1.0	Waldfriedhof Haupteingang	151,51	Waldfriedhof	Waldfriedhof	LINESTRING(11.502343 48.10716,11.502499700000001 48.1071572)
4471	München	Waldfriedhof Haupteingang	de:09162:1462:31:71	48.1086	11.502065		NO_MATCH_AND_SEEMS_UNSERVED								POINT(11.502065 48.1086)
4472	München	Waldfriedhof Haupteingang	de:09162:1462:32:72	48.107124	11.502334		NO_MATCH_AND_SEEMS_UNSERVED								POINT(11.502334 48.107124)
4473	München	Waldfriedhof Solln	de:09162:1362:1:1	48.068918	11.516986		NO_MATCH_AND_SEEMS_UNSERVED								POINT(11.516986 48.068918)
4474	München	Waldfriedhof Solln	de:09162:1362:2:2	48.069134	11.517013	bus	MATCHED	n4417416478	4.4	1.0	Waldfriedhof Solln	135	Melchiorstraße	Melchiorstraße	LINESTRING(11.517013 48.069134,11.5170562 48.069107300000006)
4475	München	Waldfriedhof Solln	de:09162:1362:31:71	48.06893	11.518217		NO_MATCH_AND_SEEMS_UNSERVED								POINT(11.518217 48.06893)
4476	München	Waldheimplatz	de:09162:966:2:2	48.085141	11.675026	bus	MATCHED	n3223552796	3.8	1.0	Waldheimplatz	221,55,N45	Waldperlach (Süd) / Waldperlach / Waldperlach	Waldperlach / Waldperlach (Süd)	LINESTRING(11.675026 48.085141,11.6750313 48.085107400000005)
4477	München	Waldheimplatz	de:09162:966:31:71	48.085507	11.674469		NO_MATCH_AND_SEEMS_UNSERVED								POINT(11.674469 48.085507)
4478	München	Waldheimplatz	de:09162:966:4:4	48.085999	11.67438	bus	MATCHED	n281216754	7.1	1.0	Waldheimplatz	55,N45	Eulenspiegelstraße	Eulenspiegelstraße	LINESTRING(11.67438 48.085999,11.6744477 48.085954300000004)
4479	München	Waldheimplatz	de:09162:966:5:5	48.085531	11.67491	bus	MATCHED	n3223552797	2.1	1.0	Waldheimplatz	55	Am Hain	Am Hain	LINESTRING(11.67491 48.085531,11.6749091 48.085511800000006)
4480	München	Waldheimplatz	de:09162:966:5:6	48.085393	11.674892	bus	MATCHED	n3238173661	4.6	1.0	Waldheimplatz	221	Waldheimplatz		LINESTRING(11.674892 48.085393,11.6749471 48.0853734)
4481	München	Waldhornstraße	de:09162:1932:1:1	48.179348	11.490216	bus	MATCHED	w379853853	2.8	1.0	Waldhornstraße	162,163,164,165	Untermenzinger Straße / Untermenzinger Straße	Untermenzinger Straße	LINESTRING(11.490216 48.179348,11.490178015589345 48.179350050209585)
4482	München	Waldhornstraße	de:09162:1932:2:2	48.179803	11.489857	bus	MATCHED	w379853854	11.2	1.0	Waldhornstraße	162,163	Manzostraße	Manzostraße	LINESTRING(11.489857 48.179803,11.48984371117255 48.179702713488965)
4483	München	Waldhornstraße	de:09162:1932:31:71	48.18184	11.489381		NO_MATCH_AND_SEEMS_UNSERVED								POINT(11.489381 48.18184)
4484	München	Waldhornstraße	de:09162:1932:3:3	48.179594	11.489246	bus	MATCHED	w379853852	1.4	1.0	Waldhornstraße	163,164,165,N78	Von-Reuter-Straße / Zaunerstraße	Zaunerstraße / Von-Reuter-Straße	LINESTRING(11.489246 48.179594,11.4892292 48.17958819999999)
4485	München	Waldhüterstraße	de:09162:1574:3:WHU 1	48.114646	11.4673	bus	MATCHED	n364817884	4.7	1.0	Waldhüterstraße	160,268	Zinckgrafstraße / Zinckgrafstraße	Zinckgrafstraße	LINESTRING(11.4673 48.114646,11.467361200000001 48.1146545)
4486	München	Waldhüterstraße	de:09162:1574:3:WHU 2	48.114717	11.46695	bus	MATCHED	n364817886	6.3	1.0	Waldhüterstraße	160,268	Martinsried, Würmtalstraße	Martinsried, Würmtalstraße	LINESTRING(11.46695 48.114717,11.466866900000001 48.114708300000004)
4487	München	Waldperlach	de:09162:967:1:1	48.082261	11.672448	bus	MATCHED	w475872777	4.9	1.0	Waldperlach	221,55,N45	Waldheimplatz / Waldheimplatz / Waldheimplatz	Waldheimplatz	LINESTRING(11.672448 48.082261,11.672425798339034 48.08230283869658)
4488	München	Waldperlach	de:09162:967:2:2	48.081372	11.6727		NO_MATCH_AND_SEEMS_UNSERVED								POINT(11.6727 48.081372)
4489	München	Waldperlach	de:09162:967:3:3	48.081985	11.672637	bus	MATCHED	w475872778	5.2	1.0	Waldperlach	221	Salzmannstraße	Salzmannstraße	LINESTRING(11.672637 48.081985,11.6727044 48.08197225000001)
4490	München	Waldperlach (Süd)	de:09162:991:1:1	48.081312	11.672664	bus	MATCHED	w475872776	2.7	1.0	Waldperlach (Süd)	55,N45	Waldperlach	Waldperlach	LINESTRING(11.672664 48.081312,11.672689250000001 48.08132965)
4491	München	Waldsassener Straße	de:09162:1052:3:WSS 1	48.090074	11.610743		NO_MATCH_AND_SEEMS_UNSERVED								POINT(11.610743 48.090074)
4492	München	Wallnerstraße	de:09162:546:1:1	48.210193	11.633003	bus	MATCHED	w329181568	3.8	1.0	Wallnerstraße	181,182	Klärwerk Gut Großlappen	Klärwerk Gut Großlappen	LINESTRING(11.633003 48.210193,11.632991318494547 48.210159318868754)
4493	München	Wallnerstraße	de:09162:546:2:2	48.210528	11.633515	bus	MATCHED	w329181567	7.0	1.0	Wallnerstraße	181,182	Fröttmaning Auensiedlung	Fröttmaning Auensiedlung	LINESTRING(11.633515 48.210528,11.6334391 48.2104903)
4494	München	Waltherstraße	de:09162:143:3:WTH 1	48.127569	11.563752	bus	MATCHED	w393492315	4.6	1.0	Waltherstraße	62	Kapuzinerstraße	Kapuzinerstraße	LINESTRING(11.563752 48.127569,11.56379592932315 48.12759788253525)
4495	München	Waltherstraße	de:09162:143:3:WTH 2	48.127509	11.563941	bus	MATCHED	w393492308	6.6	1.0	Waltherstraße	62	Stephansplatz	Stephansplatz	LINESTRING(11.563941 48.127509,11.563880213091892 48.12746582117534)
4496	München	Waltherstraße	de:09162:143:4:4	48.128708	11.564812		NO_MATCH_AND_SEEMS_UNSERVED								POINT(11.564812 48.128708)
4497	München	Warschauer Straße	de:09162:241:1:1	48.174418	11.502721	bus	MATCHED	w1168126895	3.7	0.82	Warschauer Straße	51	Skagerrakstraße	Skagerrakstraße	LINESTRING(11.502721 48.174418,11.50271015 48.17438580000001)
4498	München	Warschauer Straße	de:09162:241:2:2	48.174364	11.502837	bus	MATCHED	w1168126894	9.5	0.69	Warschauer Straße	51	Baubergerstraße	Baubergerstraße	LINESTRING(11.502837 48.174364,11.502904700000009 48.174436050000004)
4499	München	Warthestraße	de:09162:609:1:1	48.146327	11.636884	bus	MATCHED	w386838175	2.8	1.0	Warthestraße	185,188,189	Pühnstraße	Pühnstraße	LINESTRING(11.636884 48.146327,11.636904830474258 48.14634795424745)
4500	München	Warthestraße	de:09162:609:2:2	48.146183	11.637585	bus	MATCHED	w386838176	0.9	1.0	Warthestraße	185,188,189	Hermann-Gmeiner-Weg / Hermann-Gmeiner-Weg	Hermann-Gmeiner-Weg	LINESTRING(11.637585 48.146183,11.637586627570156 48.14617465064918)
4501	München	Wasserburger Landstraße	de:09162:993:1:1	48.12111	11.665145	bus	MATCHED	n330914389	4.5	1.0	Wasserburger Landstraße	193	Kulturzentrum Trudering	Kulturzentrum Trudering	LINESTRING(11.665145 48.12111,11.665204600000001 48.121101800000005)
4502	München	Wasserburger Landstraße	de:09162:993:2:2	48.12132	11.665307	bus	MATCHED	n393953737	11.2	1.0	Wasserburger Landstraße	193	Bajuwarenstraße	Bajuwarenstraße	LINESTRING(11.665307 48.12132,11.665173300000001 48.1213655)
4503	München	Wasserburger Landstraße	de:09162:993:30:70	48.1221	11.663187		NO_MATCH_AND_SEEMS_UNSERVED								POINT(11.663187 48.1221)
4504	München	Wastl-Witt-Straße	de:09162:1544:3:WWI 1	48.126597	11.469609	bus	MATCHED	w1033939211	2.4	0.86	Wastl-Witt-Straße	168	Terofalstraße	Terofalstraße	LINESTRING(11.469609 48.126597,11.4696092 48.12657535)
4505	München	Watzinger	de:09162:20017:0:WATZ1	48.1405	11.524136		NO_MATCH_AND_SEEMS_UNSERVED								POINT(11.524136 48.1405)
4506	München	Watzinger	de:09162:20017:0:WATZ2	48.140536	11.524145		NO_MATCH_AND_SEEMS_UNSERVED								POINT(11.524145 48.140536)
4507	München	Weddigenstraße	de:09162:1033:1:1	48.103897	11.624658	bus	MATCHED	w377996837	4.7	1.0	Weddigenstraße	55,N45	Adilostraße	Adilostraße	LINESTRING(11.624658 48.103897,11.624675278627478 48.10393734671079)
4508	München	Weddigenstraße	de:09162:1033:2:2	48.103699	11.624604	bus	MATCHED	w377996836	3.9	1.0	Weddigenstraße	55,N45	Pfanzeltplatz	Pfanzeltplatz	LINESTRING(11.624604 48.103699,11.62457111832612 48.10372678960552)
4509	München	Wehnerstraße	de:09162:1668:33:73	48.140788	11.446935		MATCHED	n6661035286	39.6	0.1	Peslmüllerstraße			Krankenhaus Pasing	LINESTRING(11.446935 48.140788,11.446559 48.141040100000005)
4510	München	Wehnerstraße	de:09162:1668:33:74	48.140686	11.446989		NO_MATCH_AND_SEEMS_UNSERVED								POINT(11.446989 48.140686)
4511	München	Wehnerstraße	de:09162:1668:39:71	48.142724	11.444213		NO_MATCH_AND_SEEMS_UNSERVED								POINT(11.444213 48.142724)
4512	München	Wehnerstraße	de:09162:1668:39:72	48.142784	11.443971		NO_MATCH_AND_SEEMS_UNSERVED								POINT(11.443971 48.142784)
4513	München	Wehnerstraße	de:09162:1668:3:WEN 1	48.140404	11.448004	bus	MATCHED	w435817322	0.3	0.95	Wehnerstraße	160	Avenariusplatz	Avenariusplatz	LINESTRING(11.448004 48.140404,11.448001551962857 48.14040192437285)
4514	München	Wehnerstraße	de:09162:1668:3:WEN 2	48.140638	11.448148	bus	MATCHED	w435817321	2.3	1.0	Wehnerstraße	160,267V	Lochham / Dachstraße / Peslmüllerstraße	Dachstraße / Lochham S-Bahn / Peslmüllerstraße	LINESTRING(11.448148 48.140638,11.448175494744023 48.14064762907882)
4515	München	Wehrlestraße	de:09162:134:3:WEH 1	48.148191	11.608165	bus	MATCHED	w377796607	5.7	1.0	Wehrlestraße	54,68,N44	Herkomerplatz	Herkomerplatz	LINESTRING(11.608165 48.148191,11.608147900032868 48.148240908496426)
4516	München	Wehrlestraße	de:09162:134:3:WEH 2	48.148269	11.607994	bus	MATCHED	w377796606	0.8	1.0	Wehrlestraße	54,58,N43	Galileiplatz	Galileiplatz	LINESTRING(11.607994 48.148269,11.607992223952857 48.14826189126198)
4517	München	Weidener Straße	de:09162:998:31:71	48.092342	11.627892		NO_MATCH_AND_SEEMS_UNSERVED								POINT(11.627892 48.092342)
4518	München	Weidener Straße	de:09162:998:31:72	48.092264	11.627883		NO_MATCH_AND_SEEMS_UNSERVED								POINT(11.627883 48.092264)
4519	München	Weidener Straße	de:09162:998:3:WDS 1	48.092504	11.628188	bus	MATCHED	w475874505	2.2	1.0	Weidener Straße	196	Perlach	Perlach Bahnhof	LINESTRING(11.628188 48.092504,11.62817925 48.0924852)
4520	München	Weidener Straße	de:09162:998:3:WDS 2	48.09254	11.628009	bus	MATCHED	w475874508	10.7	1.0	Weidener Straße	196	Bayerwaldstraße	Bayerwaldstraße	LINESTRING(11.628009 48.09254,11.628004350000001 48.09244365000001)
4521	München	Weinbergerstraße	de:09162:1627:1:1	48.140315	11.462207	bus	MATCHED	n4337099682	4.8	0.79	Weinbergerstraße	57	Benedikterstraße	Benedikterstraße	LINESTRING(11.462207 48.140315,11.4622677 48.140301400000006)
4522	München	Weinbergerstraße	de:09162:1627:2:2	48.14047	11.460913	bus	MATCHED	n4337099703	8.9	0.7	Weinbergerstraße	57	Planegger Straße	Planegger Straße	LINESTRING(11.460913 48.14047,11.4607986 48.140494600000004)
4523	München	Weinbergerstraße	de:09162:1627:71:71	48.140566	11.461784		NO_MATCH_AND_SEEMS_UNSERVED								POINT(11.461784 48.140566)
4524	München	Weinbergerstraße	de:09162:1627:72:72	48.140434	11.462045		NO_MATCH_AND_SEEMS_UNSERVED								POINT(11.462045 48.140434)
4525	München	Weitlstraße	de:09162:405:1:1	48.208523	11.563033	bus	MATCHED	w277106283	0.4	1.0	Weitlstraße	141,170,171,172,N41	Caracciolastraße	Caracciolastraße	LINESTRING(11.563033 48.208523,11.563036922134259 48.208520789852976)
4526	München	Weitlstraße	de:09162:405:5:5	48.209074	11.563357		NO_MATCH_AND_SEEMS_UNSERVED								POINT(11.563357 48.209074)
4527	München	Weitlstraße	de:09162:405:6:6	48.208744	11.564031		NO_MATCH_AND_SEEMS_UNSERVED								POINT(11.564031 48.208744)
4528	München	Weltistraße	de:09162:1332:3:WEL 1	48.087494	11.507104	bus	MATCHED	w376756402	5.5	1.0	Weltistraße	136	Glötzleweg	Glötzleweg	LINESTRING(11.507104 48.087494,11.50715353969042 48.087530561157365)
4529	München	Weltistraße	de:09162:1332:3:WEL 2	48.0875	11.50732	bus	MATCHED	w376756405	2.6	1.0	Weltistraße	136	Fertigstraße	Fertigstraße	LINESTRING(11.50732 48.0875,11.507310347286532 48.08747794707232)
4530	München	Werdenfelsstraße	de:09162:1309:1:1	48.112594	11.507374	bus	MATCHED	w377924388	6.4	1.0	Werdenfelsstraße	151,51,54,N40	Waldfriedhof / Waldfriedhof	Waldfriedhof	LINESTRING(11.507374 48.112594,11.507459988426813 48.11259271598904)
4531	München	Werdenfelsstraße	de:09162:1309:2:2	48.112474	11.508281	bus	MATCHED	w377924389	5.0	1.0	Werdenfelsstraße	151,51,54,N40	Ettalstraße	Ettalstraße	LINESTRING(11.508281 48.112474,11.508218865501457 48.112456299337346)
4532	München	Werinherstraße	de:09162:1107:1:1	48.11467	11.59248	tram	MATCHED	n1503301371	13.4	0.52	Werinherstraße	18,E7	Giesing	Giesing Bahnhof	LINESTRING(11.59248 48.11467,11.5925448 48.114558)
4533	München	Werinherstraße	de:09162:1107:2:2	48.115245	11.592363	tram	MATCHED	n1504957924	13.7	0.52	Werinherstraße	18,E7	St.-Martins-Platz	St.-Martins-Platz	LINESTRING(11.592363 48.115245,11.592240700000001 48.1153373)
4534	München	Werinherstraße	de:09162:1107:31:71	48.114885	11.591842		MATCHED	n3195931970	46.7	0.18	Werinherstraße				LINESTRING(11.591842 48.114885,11.592462900000001 48.114947)
4535	München	Werinherstraße	de:09162:1107:32:72	48.115143	11.591375		NO_MATCH_AND_SEEMS_UNSERVED								POINT(11.591375 48.115143)
4536	München	Werinherstraße	de:09162:1107:33:73	48.113932	11.592858		NO_MATCH_AND_SEEMS_UNSERVED								POINT(11.592858 48.113932)
4537	München	Werinherstraße	de:09162:1107:34:74	48.114106	11.592453		NO_MATCH_AND_SEEMS_UNSERVED								POINT(11.592453 48.114106)
4538	München	Werinherstraße	de:09162:1107:3:3	48.114478	11.592813	bus	MATCHED	w377924391	6.0	1.0	Werinherstraße	54,N44	Ungsteiner Straße	Ungsteiner Straße	LINESTRING(11.592813 48.114478,11.5927557 48.11451535)
4539	München	Werinherstraße	de:09162:1107:4:4	48.114574	11.592354	bus	MATCHED	w377924390	4.2	1.0	Werinherstraße	54,N43	Giesing	Giesing Bahnhof	LINESTRING(11.592354 48.114574,11.592356000000002 48.11461154999999)
4540	München	Werksviertel	de:09162:9993:30:70	48.126183	11.605479		NO_MATCH_AND_SEEMS_UNSERVED								POINT(11.605479 48.126183)
4541	München	Werksviertel	de:09162:9993:39:71	48.125182	11.607815		NO_MATCH_AND_SEEMS_UNSERVED								POINT(11.607815 48.125182)
4542	München	Werner-Egk-Bogen	de:09162:440:1:1	48.20159	11.597726	bus	MATCHED	w380044853	7.9	1.0	Werner-Egk-Bogen	180	Grusonstraße	Grusonstraße	LINESTRING(11.597726 48.20159,11.59762143130038 48.20160211280412)
4543	München	Werner-Egk-Bogen	de:09162:440:2:2	48.201315	11.598382	bus	MATCHED	w277228773	1.4	1.0	Werner-Egk-Bogen	180	Euro-Industriepark Nord	Euro-Industriepark Nord	LINESTRING(11.598382 48.201315,11.598396981062056 48.20132219912435)
4544	München	Werner-Egk-Bogen	de:09162:440:3:3	48.201099	11.597664	bus	MATCHED	n12176638127	4.4	0.83	Werner-Egk-Bogen	182	Neufreimann	Neufreimann	LINESTRING(11.597664 48.201099,11.597713500000001 48.201078100000004)
4545	München	Werner-Egk-Bogen	de:09162:440:4:4	48.201303	11.598508	bus	NO_MATCH_BUT_OTHER_PLATFORM_MATCHED					180,182	Euro-Industriepark Nord		POINT(11.598508 48.201303)
4546	München	Wertheimer Straße	de:09162:1708:1:1	48.148395	11.425501	bus	MATCHED	w379853858	3.1	1.0	Wertheimer Straße	162,57,N77	Sipplinger Straße	Sipplinger Straße	LINESTRING(11.425501 48.148395,11.425466955319296 48.14837879582294)
4547	München	Wertheimer Straße	de:09162:1708:2:2	48.148646	11.42596	bus	MATCHED	w379853857	2.7	1.0	Wertheimer Straße	162,57,N77	Altenburgstraße	Altenburgstraße	LINESTRING(11.42596 48.148646,11.4259292 48.1486337)
4548	München	Westbad	de:09162:1612:2:1	48.142233	11.475529	tram	MATCHED	n846727538	4.5	0.73	Westbad	14,19,N19	Lohensteinstraße	Lohensteinstraße	LINESTRING(11.475529 48.142233,11.475586600000002 48.142246300000004)
4549	München	Westbad	de:09162:1612:2:2	48.142311	11.475475	tram	MATCHED	n201346354	6.8	0.66	Westbad	14,19,N19	Am Knie	Am Knie	LINESTRING(11.475475 48.142311,11.475389400000001 48.14229)
4550	München	Westbad	de:09162:1612:31:21	48.142586	11.474199		NO_MATCH_AND_SEEMS_UNSERVED								POINT(11.474199 48.142586)
4551	München	Westbad	de:09162:1612:32:22	48.142736	11.474433		NO_MATCH_AND_SEEMS_UNSERVED								POINT(11.474433 48.142736)
4552	München	Westbad	de:09162:1612:33:73	48.142155	11.475618		NO_MATCH_AND_SEEMS_UNSERVED								POINT(11.475618 48.142155)
4553	München	Westbad	de:09162:1612:34:74	48.142449	11.475169		NO_MATCH_AND_SEEMS_UNSERVED								POINT(11.475169 48.142449)
4554	München	Westbad	de:09162:1612:3:3	48.141723	11.473373	bus	MATCHED	n2773764911	4.0	0.81	Westbad	57	Benedikterstraße	Benedikterstraße	LINESTRING(11.473373 48.141723,11.473337 48.1416965)
4555	München	Westbad	de:09162:1612:4:4	48.141543	11.473148	bus	MATCHED	n2773764899	1.9	0.88	Westbad	57	Lohensteinstraße	Lohensteinstraße	LINESTRING(11.473148 48.141543,11.473163900000001 48.141556800000004)
4556	München	Westendstraße	de:09162:260:19:19	48.134721	11.523184		MATCHED	n3195427251	9.8	0.49	Westendstraße				LINESTRING(11.523184 48.134721,11.5232984 48.1347651)
4557	München	Westendstraße	de:09162:260:1:1	48.134685	11.523508	bus	MATCHED	w369998785	7.7	1.0	Westendstraße	130,157	Heimeranplatz Süd	Heimeranplatz Süd	LINESTRING(11.523508 48.134685,11.523406833005454 48.134670662446034)
4558	München	Westendstraße	de:09162:260:2:2	48.134392	11.52216	tram	MATCHED	n29013800	6.5	0.67	Westendstraße	18	Fachnerstraße	Fachnerstraße	LINESTRING(11.52216 48.134392,11.5221309 48.134447200000004)
4559	München	Westendstraße	de:09162:260:2:3	48.134571	11.522097	tram	MATCHED	n1690677461	6.9	0.66	Westendstraße	18	Hans-Thonauer-Straße	Hans-Thonauer-Straße	LINESTRING(11.522097 48.134571,11.522005100000001 48.1345673)
4560	München	Westendstraße	de:09162:260:31:41	48.134104	11.522115		MATCHED	n3792851208	45.0	0.18	Westendstraße				LINESTRING(11.522115 48.134104,11.522062400000001 48.134507400000004)
4561	München	Westendstraße	de:09162:260:32:72	48.134751	11.522996		NO_MATCH_AND_SEEMS_UNSERVED								POINT(11.522996 48.134751)
4562	München	Westendstraße	de:09162:260:32:92	48.134751	11.522996		NO_MATCH_AND_SEEMS_UNSERVED								POINT(11.522996 48.134751)
4563	München	Westendstraße	de:09162:260:33:73	48.134547	11.522241		MATCHED	n11083151034	8.4	1.0	Westendstraße				LINESTRING(11.522241 48.134547,11.522154400000002 48.1345958)
4564	München	Westendstraße	de:09162:260:4:4	48.134781	11.522349	bus	MATCHED	w369998782	8.6	1.0	Westendstraße	130,157	Hans-Thonauer-Straße	Hans-Thonauer-Straße	LINESTRING(11.522349 48.134781,11.522427015836135 48.134723516066146)
4565	München	Westendstraße	de:09162:260:51:51	48.134787	11.52145	light_rail	MATCHED	n1703373356	2.6	0.83	Westendstraße	U4,U5	Friedenheimer Straße / Friedenheimer Straße		LINESTRING(11.52145 48.134787,11.5214823 48.134778700000005)
4566	München	Westendstraße	de:09162:260:51:52	48.134697	11.521441	light_rail	MATCHED	n2507422079	3.0	0.81	Westendstraße	U4,U5	Heimeranplatz		LINESTRING(11.521441 48.134697,11.521476900000001 48.134684500000006)
4567	München	Westendstraße	de:09162:260:5:5	48.13381	11.523256		NO_MATCH_AND_SEEMS_UNSERVED								POINT(11.523256 48.13381)
4568	München	Westerlandanger	de:09162:727:3:WAN 1	48.16222	11.662585	bus	MATCHED	w327683565	5.0	1.0	Westerlandanger	154	Lübecker Straße	Lübecker Straße	LINESTRING(11.662585 48.16222,11.662540368107026 48.16225400809594)
4569	München	Westfriedhof	de:09162:200:1:1	48.16932	11.527864	bus	MATCHED	w394625905	2.6	1.0	Westfriedhof	164,165			LINESTRING(11.527864 48.16932,11.527830153652523 48.16931390412763)
4570	München	Westfriedhof	de:09162:200:1:3	48.169284	11.528197	bus	MATCHED	w394625908	2.3	1.0	Westfriedhof	180	Sadelerstraße	Sadelerstraße	LINESTRING(11.528197 48.169284,11.528226685026526 48.16927774043415)
4571	München	Westfriedhof	de:09162:200:1:4	48.169266	11.527873	bus	MATCHED	w394625909	2.7	1.0	Westfriedhof	165	Sadelerstraße	Sadelerstraße	LINESTRING(11.527873 48.169266,11.527838134961765 48.16925903698511)
4572	München	Westfriedhof	de:09162:200:1:7	48.169338	11.528197	bus	MATCHED	w394625910	1.8	1.0	Westfriedhof	151,180	Sadelerstraße / Westfriedhof	Westfriedhof	LINESTRING(11.528197 48.169338,11.52822142113653 48.16933525107151)
4573	München	Westfriedhof	de:09162:200:1:9	48.169248	11.527505	bus	MATCHED	w1172003501	1.7	1.0	Westfriedhof	164	Sadelerstraße		LINESTRING(11.527505 48.169248,11.527483144757296 48.169244571918696)
4574	München	Westfriedhof	de:09162:200:2:2	48.169859	11.528691		MATCHED	n339439941	6.2	0.7	Westfriedhof	180,20,N20	Hanauer Straße / Hanauer Straße	Hanauer Straße	LINESTRING(11.528691 48.169859,11.5287196 48.1698065)
4575	München	Westfriedhof	de:09162:200:2:5	48.169649	11.528655		MATCHED	n339439942	6.7	0.69	Westfriedhof	180,20,21,N20	Borstei / Westfriedhof	Borstei	LINESTRING(11.528655 48.169649,11.5286974 48.1695961)
4576	München	Westfriedhof	de:09162:200:31:71	48.169176	11.528143		NO_MATCH_AND_SEEMS_UNSERVED								POINT(11.528143 48.169176)
4577	München	Westfriedhof	de:09162:200:51:51	48.170135	11.528565	light_rail	MATCHED	n2552664567	4.6	0.74	Westfriedhof	U1,U7	Georg-Brauchle-Ring		LINESTRING(11.528565 48.170135,11.528593500000001 48.1701716)
4578	München	Westfriedhof	de:09162:200:51:52	48.170135	11.52843	light_rail	MATCHED	n2552664563	4.4	0.75	Westfriedhof	U1,U7	Gern		LINESTRING(11.52843 48.170135,11.5284013 48.170169800000004)
4579	München	Westfriedhof	de:09162:200:6:6	48.170302	11.528529	tram	MATCHED	n3784620362	3.1	0.72	Westfriedhof	21	Westfriedhof		LINESTRING(11.528529 48.170302,11.528562800000001 48.170319000000006)
4580	München	Westfriedhof	de:09162:200:8:8	48.169116	11.528709		MATCHED	n3207960984	66.4	0.13	Westfriedhof				LINESTRING(11.528709 48.169116,11.5287077 48.169713400000006)
4581	München	Westkreuz	de:09162:1720:1:1	48.149198	11.441024		MATCHED	w242493290	2.5	1.0	Westkreuz Bahnhof	157,57,N77,S5,S6,S8	Betschartstraße / Neuaubing / Heimburgstraße / Lochham	Heimburgstraße / Betschartstraße	LINESTRING(11.441024 48.149198,11.440995800000001 48.14921000000001)
4582	München	Westkreuz	de:09162:1720:1:2	48.149342	11.441051		MATCHED	w242493289	1.2	1.0	Westkreuz Bahnhof	157,162,57,N77,S5,S6,S8	Pasing / Ravensburger Ring / Pasing / Tettnanger Straße / Pasing	Ravensburger Ring / Tettnanger Straße	LINESTRING(11.441051 48.149342,11.441049800000005 48.149331100000005)
4583	München	Westkreuz	de:09162:1720:41:81	48.149042	11.443836	trainish	MATCHED	n13568152	4.7	0.74	Westkreuz			Lochham / Neuaubing	LINESTRING(11.443836 48.149042,11.4437954 48.149010200000006)
4584	München	Westkreuz	de:09162:1720:41:82	48.148982	11.443989	trainish	MATCHED	n615421829	1.9	0.87	Westkreuz			Pasing	LINESTRING(11.443989 48.148982,11.443969800000001 48.1489707)
4585	München	Westpark	de:09162:1340:1:1	48.118352	11.51748	bus	MATCHED	w396605063	9.3	1.0	Westpark	63	Hinterbärenbadstraße	Hinterbärenbadstraße	LINESTRING(11.51748 48.118352,11.517445905040947 48.1182715032031)
4586	München	Westpark	de:09162:1340:2:2	48.117362	11.516671		NO_MATCH_AND_SEEMS_UNSERVED								POINT(11.516671 48.117362)
4587	München	Westpark	de:09162:1340:31:41	48.11792	11.516366		NO_MATCH_AND_SEEMS_UNSERVED								POINT(11.516366 48.11792)
4588	München	Westpark	de:09162:1340:32:42	48.118046	11.51642		NO_MATCH_AND_SEEMS_UNSERVED								POINT(11.51642 48.118046)
4589	München	Westpark	de:09162:1340:3:3	48.118406	11.517112	bus	MATCHED	w298518762	6.4	1.0	Westpark	63	Luise-Kiesselbach-Platz	Aidenbachstraße / Luise-Kiesselbach-Platz	LINESTRING(11.517112 48.118406,11.517131708264337 48.11834982387342)
4590	München	Westpark	de:09162:1340:51:51	48.117902	11.516582	light_rail	MATCHED	n60338757	9.2	0.59	Westpark	U6	Partnachplatz		LINESTRING(11.516582 48.117902,11.5166828 48.117854200000004)
4591	München	Westpark	de:09162:1340:51:52	48.117968	11.516591	light_rail	MATCHED	n2633940812	9.7	0.58	Westpark	U6	Holzapfelkreuth		LINESTRING(11.516591 48.117968,11.516719 48.1179841)
4592	München	Wettersteinplatz	de:09162:1190:1:1	48.109163	11.574649	tram	MATCHED	w136448985	18.0	1.0	Wettersteinplatz	25,N27	Kurzstraße	Kurzstraße	LINESTRING(11.574649 48.109163,11.574753112124903 48.10930918960449)
4593	München	Wettersteinplatz	de:09162:1190:1:2	48.109409	11.574981	tram	MATCHED	w136448984	16.6	1.0	Wettersteinplatz	25,N27	Tegernseer Landstraße	Tegernseer Landstraße	LINESTRING(11.574981 48.109409,11.574859936649904 48.10928402145587)
4594	München	Wettersteinplatz	de:09162:1190:31:41	48.108714	11.574649		MATCHED	n1496660321	39.9	0.2	Wettersteinplatz			Kurzstraße	LINESTRING(11.574649 48.108714,11.5745874 48.109070300000006)
4595	München	Wettersteinplatz	de:09162:1190:32:42	48.109097	11.574891		MATCHED	n10787024690	10.4	1.0	Wettersteinplatz				LINESTRING(11.574891 48.109097,11.5749429 48.1091837)
4596	München	Wettersteinplatz	de:09162:1190:33:43	48.109499	11.574783		MATCHED	n1496660322	15.4	0.38	Wettersteinplatz			Tegernseer Landstraße	LINESTRING(11.574783 48.109499,11.5749855 48.109471400000004)
4597	München	Wettersteinplatz	de:09162:1190:34:44	48.108612	11.575403		NO_MATCH_AND_SEEMS_UNSERVED								POINT(11.575403 48.108612)
4598	München	Wettersteinplatz	de:09162:1190:39:79	48.110573	11.577739		NO_MATCH_AND_SEEMS_UNSERVED								POINT(11.577739 48.110573)
4599	München	Wettersteinplatz	de:09162:1190:3:3	48.108744	11.574864		MATCHED	n3196103964	60.8	0.14	Wettersteinplatz				LINESTRING(11.574864 48.108744,11.574805300000001 48.109289600000004)
4600	München	Wettersteinplatz	de:09162:1190:51:51	48.1083	11.575691	light_rail	MATCHED	n2554223953	7.7	0.63	Wettersteinplatz	U1	Candidplatz		LINESTRING(11.575691 48.1083,11.575777800000001 48.108262800000006)
4601	München	Wettersteinplatz	de:09162:1190:51:52	48.108234	11.575619	light_rail	MATCHED	n2665065359	9.0	0.6	Wettersteinplatz	U1	St.-Quirin-Platz		LINESTRING(11.575619 48.108234,11.5757062 48.1081784)
4602	München	Weyprechtstraße	de:09162:408:1:1	48.204602	11.564228	bus	MATCHED	w277106285	5.0	1.0	Weyprechtstraße	141,170,171,N41	Harthof / Harthof	Harthof	LINESTRING(11.564228 48.204602,11.564294586978566 48.20460441968201)
4603	München	Weyprechtstraße	de:09162:408:2:2	48.204985	11.563968	bus	MATCHED	w277106284	6.2	1.0	Weyprechtstraße	141,170,171,172,N41	Caracciolastraße / Caracciolastraße	Caracciolastraße	LINESTRING(11.563968 48.204985,11.563890591518916 48.2050066511488)
4604	München	Weyprechtstraße	de:09162:408:4:4	48.204991	11.563537	bus	MATCHED	w375743550	7.3	1.0	Weyprechtstraße	172	Augustin-Rösch-Straße	Augustin-Rösch-Straße	LINESTRING(11.563537 48.204991,11.56352628681251 48.20505653902208)
4605	München	Weyprechtstraße	de:09162:408:99:3	48.204763	11.563959		NO_MATCH_AND_SEEMS_UNSERVED								POINT(11.563959 48.204763)
4606	München	Whistlerweg	de:09162:1363:1:1	48.071859	11.52402	bus	MATCHED	n6145758610	9.9	1.0	Whistlerweg	270,270V	Großhesselohe, Marienstraße	Großhesselohe, Marienstraße	LINESTRING(11.52402 48.071859,11.523887100000001 48.071865200000005)
4607	München	Whistlerweg	de:09162:1363:1:2	48.071943	11.523804	bus	MATCHED	n6145758609	7.8	1.0	Whistlerweg	270,270V	Melchiorstraße	Melchiorstraße	LINESTRING(11.523804 48.071943,11.523907900000001 48.071936)
4608	München	Wiener Platz	de:09162:72:2:1	48.134134	11.595687	tram	MATCHED	n1688813279	7.5	0.64	Wiener Platz	17,21,N17	Am Gasteig	Am Gasteig	LINESTRING(11.595687 48.134134,11.5956834 48.1340669)
4609	München	Wiener Platz	de:09162:72:2:2	48.134044	11.595822	tram	MATCHED	n1688813285	11.2	0.56	Wiener Platz	17,21,N17	Max-Weber-Platz (Johannispl.) / Max-Weber-Platz / Max-Weber-Platz	Max-Weber-Platz	LINESTRING(11.595822 48.134044,11.595945200000001 48.134101300000005)
4610	München	Wiesentfelser Straße	de:09162:1718:1:1	48.146411	11.415054	bus	MATCHED	w375854083	5.9	1.0	Wiesentfelser Straße	57,N77	Altenburgstraße	Altenburgstraße	LINESTRING(11.415054 48.146411,11.414975963857312 48.14640283870639)
4611	München	Wiesentfelser Straße	de:09162:1718:1:2	48.146542	11.414776	bus	MATCHED	w375854080	2.4	1.0	Wiesentfelser Straße	57,E162,N77	Riesenburgstraße / Ellis-Kaut-Straße	Riesenburgstraße	LINESTRING(11.414776 48.146542,11.414743928898783 48.146538600402415)
4612	München	Wiesentfelser Straße	de:09162:1718:3:3	48.146411	11.414048	bus	MATCHED	w375854081	4.1	1.0	Wiesentfelser Straße	143,E162	Riesenburgstraße / Plankenfelser Straße	Riesenburgstraße	LINESTRING(11.414048 48.146411,11.413993125985204 48.146406878870074)
4613	München	Wiesentfelser Straße	de:09162:1718:3:4	48.146548	11.41403		MATCHED	w375854048	13.7	1.0	Wiesentfelser Straße			Ellis-Kaut-Straße	LINESTRING(11.41403 48.146548,11.413847288498403 48.14653578295586)
4614	München	Wiesentfelser Straße	de:09162:1718:5:5	48.146656	11.414263	bus	NO_MATCH_BUT_OTHER_PLATFORM_MATCHED					143	Ellis-Kaut-Straße		POINT(11.414263 48.146656)
4615	München	Wildanger	de:09162:1545:3:WDA 1	48.119677	11.473489	bus	MATCHED	n629107370	3.6	1.0	Wildanger	167	Drozzaweg	Drozzaweg	LINESTRING(11.473489 48.119677,11.4734458 48.119662700000006)
4616	München	Wilhelm-Busch-Straße	de:09162:1349:1:1	48.082279	11.505919	bus	MATCHED	w396613076	2.2	1.0	Wilhelm-Busch-Straße	63,N41	Gulbranssonstraße	Gulbranssonstraße	LINESTRING(11.505919 48.082279,11.505938406188546 48.08226401424419)
4617	München	Wilhelm-Busch-Straße	de:09162:1349:2:2	48.082267	11.506503	bus	MATCHED	w396613075	4.0	1.0	Wilhelm-Busch-Straße	63,N41	Gilgstraße	Gilgstraße	LINESTRING(11.506503 48.082267,11.506553672380692 48.08227962157112)
4618	München	Wilhelm-Dieß-Weg	de:09162:634:1:1	48.155209	11.637288	bus	MATCHED	w399786036	1.0	1.0	Wilhelm-Dieß-Weg	154,183,184	Cosimabad	Cosimabad	LINESTRING(11.637288 48.155209,11.637297430639606 48.155214954059645)
4619	München	Wilhelm-Dieß-Weg	de:09162:634:2:2	48.155059	11.637495	bus	MATCHED	w399786037	1.4	1.0	Wilhelm-Dieß-Weg	154,183,184,N72	Englschalkinger Straße / Englschalkinger Straße	Englschalkinger Straße	LINESTRING(11.637495 48.155059,11.637477751139143 48.155053930361326)
4620	München	Wilhelm-Hale-Straße	de:09162:983:1:1	48.14731	11.520256		NO_MATCH_AND_SEEMS_UNSERVED								POINT(11.520256 48.14731)
4621	München	Wilhelm-Hale-Straße	de:09162:983:2:2	48.147454	11.520498		MATCHED	w385034821	72.5	1.0	Wilhelm-Hale-Straße			Steubenplatz	LINESTRING(11.520498 48.147454,11.52045095 48.1468025)
4622	München	Wilhelm-Hale-Straße	de:09162:983:3:3	48.146896	11.520444	bus	NO_MATCH_BUT_OTHER_PLATFORM_MATCHED					62,N43	Steubenplatz		POINT(11.520444 48.146896)
4623	München	Wilhelm-Hale-Straße	de:09162:983:4:4	48.146231	11.520175	bus	MATCHED	w385034820	3.4	1.0	Wilhelm-Hale-Straße	151,51,62,N44,N78	Hirschgarten	Hirschgarten	LINESTRING(11.520175 48.146231,11.520139323890689 48.1462503015794)
4624	München	Wilhelm-Hertz-Straße	de:09162:432:1:1	48.17564	11.58568	bus	MATCHED	w277106287	1.8	1.0	Wilhelm-Hertz-Straße	140,141,N40	Freiligrathstraße	Freiligrathstraße	LINESTRING(11.58568 48.17564,11.585672399999998 48.17562424999999)
4625	München	Wilhelm-Hertz-Straße	de:09162:432:2:2	48.176018	11.585159	bus	MATCHED	w277106286	1.2	1.0	Wilhelm-Hertz-Straße	140,141,N40	Parzivalplatz	Parzivalplatz	LINESTRING(11.585159 48.176018,11.585160799999997 48.17602895)
4626	München	Wilhelm-Hoegner-Straße	de:09162:1014:1:1	48.09866	11.637288	bus	MATCHED	w414695778	13.0	1.0	Wilhelm-Hoegner-Straße	55	Friedhof Perlach	Friedhof Perlach	LINESTRING(11.637288 48.09866,11.637120509667932 48.098691477235334)
4627	München	Wilhelm-Hoegner-Straße	de:09162:1014:2:2	48.099026	11.635851	bus	MATCHED	w414695777	2.7	1.0	Wilhelm-Hoegner-Straße	139,55,N45	Pfanzeltplatz	Pfanzeltplatz	LINESTRING(11.635851 48.099026,11.635841450000001 48.09904945)
4628	München	Wilhelm-Hoegner-Straße	de:09162:1014:3:3	48.099182	11.636623	bus	MATCHED	w414695776	1.5	1.0	Wilhelm-Hoegner-Straße	139,196,N45	Holzwiesenstraße / Holzwiesenstraße	Holzwiesenstraße	LINESTRING(11.636623 48.099182,11.636604549813784 48.09917767299166)
4629	München	Wilhelm-Hoegner-Straße	de:09162:1014:4:4	48.09866	11.636255	bus	MATCHED	w414695775	1.7	1.0	Wilhelm-Hoegner-Straße	196	Wolframstraße	Wolframstraße	LINESTRING(11.636255 48.09866,11.63625705 48.09864509999999)
4630	München	Wilhelm-Kuhnert-Straße	de:09162:1166:1:1	48.103909	11.561812	bus	MATCHED	w391264088	4.2	1.0	Wilhelm-Kuhnert-Straße	52	Lebscheestraße	Lebschéestraße	LINESTRING(11.561812 48.103909,11.56182858658629 48.10394513687514)
4631	München	Wilhelm-Kuhnert-Straße	de:09162:1166:2:2	48.103525	11.56139	bus	MATCHED	w391264082	2.3	1.0	Wilhelm-Kuhnert-Straße	52	Tierpark (Alemannenstr.)		LINESTRING(11.56139 48.103525,11.561403309727934 48.10354320552027)
4632	München	Willi-Wien-Straße	de:09162:1820:1:1	48.177395	11.468531	bus	MATCHED	w398731658	0.7	1.0	Willi-Wien-Straße	164,165	Untermenzing	Untermenzing Bahnhof	LINESTRING(11.468531 48.177395,11.468533373963103 48.177388899264535)
4633	München	Willi-Wien-Straße	de:09162:1820:2:2	48.177593	11.467453	bus	MATCHED	w398731659	1.0	1.0	Willi-Wien-Straße	164,165,N78	Von-Kahr-Straße	Von-Kahr-Straße	LINESTRING(11.467453 48.177593,11.46745535000001 48.17758425)
4634	München	Willibaldplatz	de:09162:1606:2:1	48.14086	11.488779	tram	MATCHED	n846740604	12.2	0.54	Willibaldplatz	14,19,N19	Agnes-Bernauer-Platz	Agnes-Bernauer-Platz	LINESTRING(11.488779 48.14086,11.488941800000001 48.1408471)
4635	München	Willibaldplatz	de:09162:1606:2:2	48.140932	11.488806	tram	MATCHED	n1649458570	4.2	0.74	Willibaldplatz	14,19,N19	Lohensteinstraße	Lohensteinstraße	LINESTRING(11.488806 48.140932,11.488764600000001 48.1409062)
4636	München	Willibaldplatz	de:09162:1606:31:21	48.140806	11.488635		MATCHED	n10725615958	18.0	1.0	Willibaldplatz				LINESTRING(11.488635 48.140806,11.4887186 48.1406544)
4637	München	Willibaldplatz	de:09162:1606:32:22	48.14104	11.488752		NO_MATCH_AND_SEEMS_UNSERVED								POINT(11.488752 48.14104)
4638	München	Willibaldplatz	de:09162:1606:33:73	48.140632	11.488069		NO_MATCH_AND_SEEMS_UNSERVED								POINT(11.488069 48.140632)
4639	München	Willibaldplatz	de:09162:1606:33:74	48.14047	11.488141		NO_MATCH_AND_SEEMS_UNSERVED								POINT(11.488141 48.14047)
4640	München	Willibaldplatz	de:09162:1606:35:75	48.140626	11.489596		NO_MATCH_AND_SEEMS_UNSERVED								POINT(11.489596 48.140626)
4641	München	Willibaldplatz	de:09162:1606:36:41	48.140656	11.488716		NO_MATCH_AND_SEEMS_UNSERVED								POINT(11.488716 48.140656)
4642	München	Willibaldplatz	de:09162:1606:37:77	48.14131	11.488536		NO_MATCH_AND_SEEMS_UNSERVED								POINT(11.488536 48.14131)
4643	München	Willibaldplatz	de:09162:1606:38:78	48.141465	11.48859		NO_MATCH_AND_SEEMS_UNSERVED								POINT(11.48859 48.141465)
4644	München	Willibaldplatz	de:09162:1606:3:3	48.140464	11.488662		MATCHED	n7064592014	9.4	0.49	Willibaldplatz				LINESTRING(11.488662 48.140464,11.4887229 48.140538400000004)
4645	München	Willibaldstraße	de:09162:1638:1:1	48.130129	11.482455	bus	MATCHED	n783915226	0.9	1.0	Willibaldstraße	168,N78	Silberdistelstraße	Silberdistelstraße	LINESTRING(11.482455 48.130129,11.4824636 48.130123100000006)
4646	München	Willibaldstraße	de:09162:1638:2:2	48.130099	11.483901	bus	MATCHED	n783938460	1.0	1.0	Willibaldstraße	168,N78	Hönigschmidplatz	Hönigschmidplatz	LINESTRING(11.483901 48.130099,11.4838977 48.1301076)
4647	München	Willibaldstraße	de:09162:1638:31:71	48.126201	11.483524		NO_MATCH_AND_SEEMS_UNSERVED								POINT(11.483524 48.126201)
4648	München	Winfriedstraße	de:09162:238:1:WFS 1	48.147406	11.503161		MATCHED	w391347184	4.2	1.0	Winfriedstraße			Laim Bahnhof	LINESTRING(11.503161 48.147406,11.503160424837757 48.1474433900885)
4649	München	Winfriedstraße	de:09162:238:2:WFS 2	48.147406	11.503403	bus	MATCHED	w391347185	29.5	1.0	Winfriedstraße	151,51,N78	Herthastraße	Herthastraße	LINESTRING(11.503403 48.147406,11.503463758584335 48.14766855544388)
4650	München	Winfriedstraße	de:09162:238:32:72	48.1474	11.503394		NO_MATCH_AND_SEEMS_UNSERVED								POINT(11.503394 48.1474)
4651	München	Winterstraße	de:09162:1169:1:1	48.115311	11.57278	bus	MATCHED	w391264100	2.2	1.0	Winterstraße	52	Humboldtstraße	Humboldtstraße	LINESTRING(11.57278 48.115311,11.572774440694515 48.115291785034294)
4652	München	Winterstraße	de:09162:1169:2:2	48.115905	11.572915	bus	MATCHED	w391264094	7.5	1.0	Winterstraße	52	Jakob-Gelb-Platz	Jakob-Gelb-Platz	LINESTRING(11.572915 48.115905,11.572889071842004 48.11583959393369)
4653	München	Winthirplatz	de:09162:207:1:1	48.151973	11.527891	bus	MATCHED	w385034822	5.7	1.0	Winthirplatz	62,N44	Dankwartstraße	Dankwartstraße	LINESTRING(11.527891 48.151973,11.527822464140417 48.1519499681169)
4654	München	Winthirplatz	de:09162:207:2:2	48.151883	11.528116	bus	MATCHED	w385034823	4.8	1.0	Winthirplatz	62,N43	Rotkreuzplatz / Rotkreuzplatz	Rotkreuzplatz	LINESTRING(11.528116 48.151883,11.52805866152937 48.15186281230815)
4655	München	Wintrichring	de:09162:303:2:1	48.176024	11.52145	tram	MATCHED	n315108870	6.3	0.67	Wintrichring	20,N20	Hanauer Straße	Hanauer Straße	LINESTRING(11.52145 48.176024,11.521532800000001 48.176011100000004)
4656	München	Wintrichring	de:09162:303:2:2	48.176095	11.521531	tram	MATCHED	n296000970	8.8	0.61	Wintrichring	20,N20	Hugo-Troendle-Straße	Hugo-Troendle-Straße	LINESTRING(11.521531 48.176095,11.521412900000001 48.1761041)
4657	München	Wintrichring	de:09162:303:31:21	48.176065	11.521001		MATCHED	n10725545984	5.8	1.0	Wintrichring				LINESTRING(11.521001 48.176065,11.5210453 48.176022100000004)
4658	München	Wintrichring	de:09162:303:32:22	48.176413	11.521145		MATCHED	n3207960986	46.9	0.17	Wintrichring				LINESTRING(11.521145 48.176413,11.521476600000002 48.176054300000004)
4659	München	Wintrichring	de:09162:303:34:74	48.175419	11.52322		NO_MATCH_AND_SEEMS_UNSERVED								POINT(11.52322 48.175419)
4660	München	Wintrichring	de:09162:303:3:3	48.175221	11.521325	bus	MATCHED	w375854084	8.3	1.0	Wintrichring	143	Georg-Brauchle-Ring	Georg-Brauchle-Ring	LINESTRING(11.521325 48.175221,11.521244450000001 48.175169350000004)
4661	München	Wintrichring	de:09162:303:4:4	48.175269	11.520651	bus	MATCHED	w375854087	1.7	1.0	Wintrichring	143	Amphionpark	Amphionpark	LINESTRING(11.520651 48.175269,11.520671774470763 48.17526178558551)
4662	München	Winzererstraße	de:09162:44:1:1	48.157732	11.560374	bus	MATCHED	w377796609	1.5	1.0	Winzererstraße	154	Nordbad	Nordbad	LINESTRING(11.560374 48.157732,11.560388888792549 48.15774169361087)
4663	München	Winzererstraße	de:09162:44:2:2	48.157714	11.559988	bus	MATCHED	w377796608	2.1	1.0	Winzererstraße	154	Infanteriestraße Süd	Infanteriestraße Süd	LINESTRING(11.559988 48.157714,11.559967595033633 48.15770096039142)
4664	München	Winzererstraße	de:09162:44:31:71	48.160045	11.562054		NO_MATCH_AND_SEEMS_UNSERVED								POINT(11.562054 48.160045)
4665	München	Woferlstraße	de:09162:1032:1:1	48.108432	11.619061	bus	MATCHED	w392318293	1.2	1.0	Woferlstraße	55,N45	Diakon-Kerolt-Weg	Diakon-Kerolt-Weg	LINESTRING(11.619061 48.108432,11.619045362613065 48.10842892690902)
4666	München	Woferlstraße	de:09162:1032:2:2	48.108384	11.618783		NO_MATCH_AND_SEEMS_UNSERVED								POINT(11.618783 48.108384)
4667	München	Woferlstraße	de:09162:1032:3:3	48.108762	11.618711	bus	MATCHED	w392318294	2.4	1.0	Woferlstraße	55,N45	Adilostraße	Adilostraße	LINESTRING(11.618711 48.108762,11.618695051503355 48.108743245897344)
4668	München	Wolframstraße	de:09162:1029:1:1	48.094958	11.635968	bus	MATCHED	w400568143	1.8	1.0	Wolframstraße	196	Wilhelm-Hoegner-Straße	Wilhelm-Hoegner-Straße	LINESTRING(11.635968 48.094958,11.635958329766847 48.094972611025526)
4669	München	Wolframstraße	de:09162:1029:2:2	48.094886	11.635537	bus	MATCHED	w400568142	2.8	1.0	Wolframstraße	196	Perlach	Perlach Bahnhof	LINESTRING(11.635537 48.094886,11.635572303589669 48.0948777510328)
4670	München	Wolfratshauser Straße	de:09162:1161:1:1	48.090212	11.537054	bus	MATCHED	w376756417	8.4	1.0	Wolfratshauser Straße	136	Carola-Neher-Straße	Carola-Neher-Straße	LINESTRING(11.537054 48.090212,11.537123117908251 48.09015237963966)
4671	München	Wolfratshauser Straße	de:09162:1161:2:2	48.09002	11.537908	bus	MATCHED	w376756411	12.0	1.0	Wolfratshauser Straße	134	Neunkirchner Straße	Neunkirchner Straße	LINESTRING(11.537908 48.09002,11.537870142374382 48.09012446629988)
4672	München	Wolfratshauser Straße	de:09162:1161:31:71	48.0917	11.539138		NO_MATCH_AND_SEEMS_UNSERVED								POINT(11.539138 48.0917)
4673	München	Wolfratshauser Straße	de:09162:1161:32:72	48.091928	11.539543		NO_MATCH_AND_SEEMS_UNSERVED								POINT(11.539543 48.091928)
4674	München	Wolfratshauser Straße	de:09162:1161:3:3	48.089576	11.53718	bus	MATCHED	w376756414	5.7	1.0	Wolfratshauser Straße	134	Krankenhaus Martha Maria	Krankenhaus Martha-Maria	LINESTRING(11.53718 48.089576,11.537210545044964 48.08962283160923)
4675	München	Wolkerweg	de:09162:1527:3:WKW 1	48.120505	11.486524	bus	MATCHED	w402487367	3.9	1.0	Wolkerweg	167	Stiftsbogen	Stiftsbogen	LINESTRING(11.486524 48.120505,11.486481434461124 48.12052612000774)
4676	München	Wolkerweg	de:09162:1527:3:WKW 2	48.120649	11.486668	bus	MATCHED	w402487368	3.4	1.0	Wolkerweg	167	Großhaderner Straße	Großhaderner Straße	LINESTRING(11.486668 48.120649,11.486711149324144 48.12065945863603)
4677	München	Wöhlerstraße	de:09162:1808:1:1	48.164862	11.462746	bus	MATCHED	w375854089	7.8	1.0	Wöhlerstraße	143,160	Blutenburg / Blutenburg	Blutenburg	LINESTRING(11.462746 48.164862,11.462642449999997 48.164850200000004)
4678	München	Wöhlerstraße	de:09162:1808:2:2	48.164695	11.464183	bus	MATCHED	w375854088	4.7	1.0	Wöhlerstraße	143,160,N78	Dorfstraße / Dorfstraße	Dorfstraße	LINESTRING(11.464183 48.164695,11.464246635280707 48.16469407481929)
4679	München	Wörthstraße	de:09162:88:2:1	48.131754	11.598229	tram	MATCHED	n1239029986	6.9	0.66	Wörthstraße	21,N19	Ostbahnhof	Ostbahnhof	LINESTRING(11.598229 48.131754,11.5982445 48.131815)
4680	München	Wörthstraße	de:09162:88:2:2	48.131993	11.598122	tram	MATCHED	n1239029830	3.2	0.78	Wörthstraße	21,E7,N19	Wörthstraße / Max-Weber-Platz / Max-Weber-Platz	Max-Weber-Platz / Wörthstraße	LINESTRING(11.598122 48.131993,11.598104300000001 48.131967200000005)
4681	München	Wörthstraße	de:09162:88:3:3	48.131856	11.597457	tram	MATCHED	n1293262052	3.1	0.78	Wörthstraße	25,E7	Rosenheimer Platz	Rosenheimer Platz	LINESTRING(11.597457 48.131856,11.5974503 48.1318282)
4682	München	Wörthstraße	de:09162:88:3:4	48.131832	11.59761	tram	MATCHED	n1293262076	3.8	0.76	Wörthstraße	25,E7	Max-Weber-Platz (Johannispl.) / Max-Weber-Platz	Max-Weber-Platz / Max-Weber-Platz (Johannisplatz)	LINESTRING(11.59761 48.131832,11.597567300000001 48.1318501)
4683	München	Wörthstraße Ost	de:09162:171:1:1	48.130555	11.59964		NO_MATCH_AND_SEEMS_UNSERVED								POINT(11.59964 48.130555)
4684	München	Wörthstraße Ost	de:09162:171:2:2	48.13086	11.600188		NO_MATCH_AND_SEEMS_UNSERVED								POINT(11.600188 48.13086)
4685	München	ZHS Olympiazentrum	de:09162:374:30:70	48.177467	11.54858		NO_MATCH_AND_SEEMS_UNSERVED								POINT(11.54858 48.177467)
4686	München	ZOB	de:09162:145:10:10	48.142227	11.549882		MATCHED	w315165693	6.0	0.64	München ZOB (10)			Zentraler Busbahnhof	LINESTRING(11.549882 48.142227,11.54990295 48.142279450000004)
4687	München	ZOB	de:09162:145:11:11	48.142233	11.549801		MATCHED	w315165694	5.9	0.64	München ZOB (11)			Nordbahnhof / West / München ZOB (13) / München ZOB (12) / FlixBus Karlsruhe / Zentraler Busbahnhof / München ZOB (16) / München ZOB (17) / Ulm, Eberhard-Finckh-Straße	LINESTRING(11.549801 48.142233,11.54981575 48.142285150000006)
4688	München	ZOB	de:09162:145:12:12	48.142239	11.549702		MATCHED	w315165695	6.0	0.64	München ZOB (12)			Ulm, Eberhard-Finckh-Straße / FlixBus Karlsruhe / München ZOB (13)	LINESTRING(11.549702 48.142239,11.549720800000001 48.1422916)
4689	München	ZOB	de:09162:145:13:13	48.142239	11.549613		MATCHED	w315165696	6.6	0.61	München ZOB (13)			Zentraler Busbahnhof / Fernbus-Terminal Hbf / München ZOB (14) / München ZOB (17) / Goethestraße II / München ZOB (26) / Regensburg central station (Fernbushaltestelle) / Terminal 2	LINESTRING(11.549613 48.142239,11.549630500000001 48.142297150000005)
4690	München	ZOB	de:09162:145:14:14	48.142251	11.549523		MATCHED	w315165697	5.9	0.64	München ZOB (14)			Terminal 2 / Flixbus: Memmingen Flughafen FMM (Allgäu Airport) / München Ost (Busbahnhof Messestadt Ost) / Kirchheim (T) ZOB Bussteig 10 / München ZOB (17)	LINESTRING(11.549523 48.142251,11.5495383 48.142303250000005)
4691	München	ZOB	de:09162:145:15:15	48.142263	11.549424		MATCHED	w315165698	5.4	0.66	München ZOB (15)			Fernbushaltestelle Lindau Berliner Platz / Terminal 2 / Ulm, Eberhard-Finckh-Straße / Kirchdorf, Allgäu Skyline Park / München ZOB (29)	LINESTRING(11.549424 48.142263,11.5494463 48.1423092)
4692	München	ZOB	de:09162:145:16:16	48.142257	11.549343		MATCHED	w315165699	6.5	0.62	München ZOB (16)			München ZOB (21) / Nordbahnhof / West / München Ost (Busbahnhof Messestadt Ost) / München ZOB (19) / FlixBus Karlsruhe / München ZOB (27) / Zentraler Busbahnhof / SEV, Fernbusse	LINESTRING(11.549343 48.142257,11.549351350000002 48.14231545)
4693	München	ZOB	de:09162:145:17:17	48.142263	11.549235		MATCHED	w315165700	6.6	0.62	München ZOB (17)			SEV, Fernbusse / München ZOB (19) / München ZOB (26) / München ZOB (18) / Garmisch-Partenkirchen, Bahnhof / München ZOB (21) / München ZOB (20)	LINESTRING(11.549235 48.142263,11.5492453 48.142321800000005)
4694	München	ZOB	de:09162:145:19:19	48.142473	11.549101		MATCHED	w315165704	0.6	0.95	München ZOB (19)			München ZOB (27) / München ZOB (20) / München ZOB (21) / München ZOB (22) / München ZOB (26) / Regensburg central station (Fernbushaltestelle) / München ZOB (29) / Ulm, Eberhard-Finckh-Straße / Flixbus: Memmingen Flughafen FMM (Allgäu Airport) / Nordbahnhof / West	LINESTRING(11.549101 48.142473,11.549104250000001 48.14246825000001)
4695	München	ZOB	de:09162:145:1:1	48.142179	11.550754		MATCHED	w315165705	5.1	0.67	München ZOB (1)				LINESTRING(11.550754 48.142179,11.5507448 48.1422249)
4696	München	ZOB	de:09162:145:1:2	48.142173	11.550664		MATCHED	w315165706	6.4	0.62	München ZOB (2)				LINESTRING(11.550664 48.142173,11.550657350000002 48.142230600000005)
4697	München	ZOB	de:09162:145:1:3	48.142179	11.550556		NO_MATCH_AND_SEEMS_UNSERVED								POINT(11.550556 48.142179)
4698	München	ZOB	de:09162:145:1:4	48.142191	11.550466		MATCHED	w315165708	5.8	0.65	München ZOB (4)				LINESTRING(11.550466 48.142191,11.5504751 48.1422425)
4699	München	ZOB	de:09162:145:1:5	48.142191	11.550367		NO_MATCH_AND_SEEMS_UNSERVED								POINT(11.550367 48.142191)
4700	München	ZOB	de:09162:145:20:20	48.142532	11.549999		MATCHED	w619246821	23.0	0.16	München ZOB (22)			Ulm, Eberhard-Finckh-Straße / Terminal 2 / München ZOB (23) / Zentraler Omnibusbahnhof (ZOB) / München ZOB (25) / FlixBus Karlsruhe	LINESTRING(11.549999 48.142532,11.5496902 48.14254425)
4701	München	ZOB	de:09162:145:21:21	48.142508	11.550232		MATCHED	w619246824	10.2	0.26	München ZOB (23)			München ZOB (27) / München ZOB (25) / Garmisch-Partenkirchen, Bahnhof / Terminal 2 / Ulm, Eberhard-Finckh-Straße	LINESTRING(11.550232 48.142508,11.55009485 48.14251465)
4702	München	ZOB	de:09162:145:22:22	48.142502	11.550403		MATCHED	w619246825	4.2	0.37	München ZOB (24)				LINESTRING(11.550403 48.142502,11.550347550000001 48.1424967)
4703	München	ZOB	de:09162:145:23:23	48.142467	11.550628		MATCHED	w619246826	3.5	0.39	München ZOB (25)			Zentraler Busbahnhof / Flixbus / Terminal 2	LINESTRING(11.550628 48.142467,11.550586299999999 48.1424806)
4704	München	ZOB	de:09162:145:25:25	48.1427	11.549298		MATCHED	w619246832	6.8	0.31	München ZOB (27)			München ZOB (29) / München ZOB (28)	LINESTRING(11.549298 48.1427,11.549363200000002 48.1427424)
4705	München	ZOB	de:09162:145:2:2	48.142173	11.550664		NO_MATCH_AND_SEEMS_UNSERVED								POINT(11.550664 48.142173)
4706	München	ZOB	de:09162:145:3:3	48.142179	11.550556		MATCHED	w315165707	6.4	0.62	München ZOB (3)				LINESTRING(11.550556 48.142179,11.55056435 48.142236700000005)
4707	München	ZOB	de:09162:145:4:4	48.142191	11.550466		NO_MATCH_AND_SEEMS_UNSERVED								POINT(11.550466 48.142191)
4708	München	ZOB	de:09162:145:5:5	48.142191	11.550367		MATCHED	w315165710	6.5	0.62	München ZOB (5)				LINESTRING(11.550367 48.142191,11.5503784 48.14224885)
4709	München	ZOB	de:09162:145:6:6	48.142203	11.550268		MATCHED	w315165711	5.9	0.64	München ZOB (6)				LINESTRING(11.550268 48.142203,11.550276700000001 48.142255500000005)
4710	München	ZOB	de:09162:145:7:7	48.142203	11.550179		MATCHED	w315165713	6.5	0.62	München ZOB (7)			München ZOB (13) / München ZOB (18)	LINESTRING(11.550179 48.142203,11.5501903 48.142261000000005)
4711	München	ZOB	de:09162:145:8:8	48.142209	11.55008		MATCHED	w315165714	6.5	0.62	München ZOB (8)			München ZOB (10)	LINESTRING(11.55008 48.142209,11.5500936 48.1422671)
4712	München	ZOB	de:09162:145:9:9	48.142221	11.550008		MATCHED	w315165715	5.9	0.64	München ZOB (9)				LINESTRING(11.550008 48.142221,11.5499972 48.1422736)
4713	München	Zamdorf Siedlung	de:09162:642:1:1	48.139919	11.644079	bus	MATCHED	w400200167	1.6	1.0	Zamdorf Siedlung	149,190,191,N74	Süskindstraße	Süskindstraße	LINESTRING(11.644079 48.139919,11.644100452515676 48.13991830589784)
4714	München	Zamdorf Siedlung	de:09162:642:2:2	48.140057	11.643055	bus	MATCHED	w400200166	2.2	1.0	Zamdorf Siedlung	149,190,191,N74	Friedrich-Eckart-Straße / Friedrich-Eckart-Straße	Friedrich-Eckart-Straße	LINESTRING(11.643055 48.140057,11.643038972780417 48.14004087571044)
4715	München	Zamdorfer Straße	de:09162:640:1:1	48.137977	11.634494		MATCHED	n10212287457	1.1	1.0	Zamdorfer Straße				LINESTRING(11.634494 48.137977,11.634490000000001 48.137986500000004)
4716	München	Zamdorfer Straße	de:09162:640:2:2	48.138222	11.635204	bus	MATCHED	w389513406	9.8	1.0	Zamdorfer Straße	185,187,190,191,E185	Friedrich-Eckart-Straße / Friedrich-Eckart-Straße / Friedrich-Eckart-Straße	Friedrich-Eckart-Straße	LINESTRING(11.635204 48.138222,11.635080383970006 48.13819115839154)
4717	München	Zamilapark	de:09162:648:3:ZAM 1	48.142383	11.649775	bus	MATCHED	w400200169	6.1	1.0	Zamilapark	149,191	Ruth-Schaumann-Straße	Ruth-Schaumann-Straße	LINESTRING(11.649775 48.142383,11.649767500000001 48.142328700000014)
4718	München	Zauberwaldstraße	de:09162:950:1:1	48.114034	11.671784	bus	MATCHED	w476073979	3.9	1.0	Zauberwaldstraße	195	Spertentalstraße	Spertentalstraße	LINESTRING(11.671784 48.114034,11.671777960825267 48.113999109369296)
4719	München	Zauberwaldstraße	de:09162:950:2:2	48.11365	11.671802	bus	MATCHED	w476073974	2.5	1.0	Zauberwaldstraße	195	Markgrafenstraße	Markgrafenstraße	LINESTRING(11.671802 48.11365,11.671781149811789 48.11366791684589)
4720	München	Zaubzerstraße	de:09162:663:3:1	48.139409	11.614848	bus	MATCHED	w373592153	5.0	1.0	Zaubzerstraße	59	Böhmerwaldplatz	Böhmerwaldplatz	LINESTRING(11.614848 48.139409,11.61487928265286 48.139448486687314)
4721	München	Zaubzerstraße	de:09162:663:3:2	48.139475	11.614785	bus	MATCHED	w373592154	2.7	1.0	Zaubzerstraße	59	Einsteinstraße	Einsteinstraße	LINESTRING(11.614785 48.139475,11.614753151577055 48.139463174064645)
4722	München	Zaunerstraße	de:09162:1931:1:1	48.178012	11.48126	bus	MATCHED	w379853859	1.1	1.0	Zaunerstraße	164,165	Waldhornstraße	Waldhornstraße	LINESTRING(11.48126 48.178012,11.481255799999998 48.1780217)
4723	München	Zaunerstraße	de:09162:1931:2:2	48.178156	11.480344	bus	MATCHED	w379853860	2.3	1.0	Zaunerstraße	164,165,N78	Untermenzing	Untermenzing Bahnhof	LINESTRING(11.480344 48.178156,11.480375260415064 48.17815341666883)
4724	München	Zaunweg	de:09162:457:1:1	48.180546	11.601535	bus	MATCHED	w378141769	1.2	1.0	Zaunweg	150,50,N40	Alte Heide	Alte Heide (U)	LINESTRING(11.601535 48.180546,11.601545632190973 48.18055430854006)
4725	München	Zaunweg	de:09162:457:2:2	48.180917	11.601257	bus	MATCHED	w378141767	1.4	1.0	Zaunweg	150,50,N40	Gertrud-Grunow-Straße	Gertrud-Grunow-Straße	LINESTRING(11.601257 48.180917,11.601257494670493 48.18090413418798)
4726	München	Zehntfeldstraße	de:09162:980:30:70	48.114741	11.643945		NO_MATCH_AND_SEEMS_UNSERVED								POINT(11.643945 48.114741)
4727	München	Zenettistraße	de:09162:144:1:1	48.122442	11.558919	bus	MATCHED	w391201000	1.7	1.0	Zenettistraße	62	Ehrengutstraße	Ehrengutstraße	LINESTRING(11.558919 48.122442,11.558936661996906 48.12245149046992)
4728	München	Zenettistraße	de:09162:144:2:2	48.122484	11.559189	bus	MATCHED	w391201003	0.9	1.0	Zenettistraße	62	Kapuzinerstraße	Kapuzinerstraße	LINESTRING(11.559189 48.122484,11.55918221263487 48.122477793364695)
4729	München	Zenettistraße	de:09162:144:30:70	48.122694	11.559512		NO_MATCH_AND_SEEMS_UNSERVED								POINT(11.559512 48.122694)
4730	München	Zenettistraße	de:09162:144:31:71	48.12276	11.559377		NO_MATCH_AND_SEEMS_UNSERVED								POINT(11.559377 48.12276)
4731	München	Zentralländstraße	de:09162:1141:3:ZEL 1	48.100555	11.548157	bus	MATCHED	w376756419	6.9	1.0	Zentralländstraße	135	Bad Maria Einsiedel	Bad Maria Einsiedel	LINESTRING(11.548157 48.100555,11.548190650285663 48.100612404662144)
4732	München	Ziegeleistraße	de:09162:1746:3:ZIE 1	48.176281	11.403547	bus	MATCHED	w379853861	2.1	1.0	Ziegeleistraße	162,E162	Lochhausen	Lochhausen Bahnhof	LINESTRING(11.403547 48.176281,11.403520132908405 48.17627519923065)
4733	München	Ziegeleistraße	de:09162:1746:3:ZIE 2	48.176371	11.403376	bus	MATCHED	w379853862	2.8	1.0	Ziegeleistraße	162,E162	Federseestraße	Federseestraße	LINESTRING(11.403376 48.176371,11.40340139836749 48.17635242851052)
4734	München	Zielstattstraße	de:09162:1323:1:1	48.102349	11.530056	bus	MATCHED	w376756426	4.0	1.0	Zielstattstraße	53,N41	Schneemannstraße	Schneemannstraße	LINESTRING(11.530056 48.102349,11.530014599999998 48.10237229999999)
4735	München	Zielstattstraße	de:09162:1323:2:2	48.102805	11.530065	bus	MATCHED	w376756423	1.8	1.0	Zielstattstraße	53,N41	Hofmannstraße	Hofmannstraße	LINESTRING(11.530065 48.102805,11.530055900000002 48.10278985)
4736	München	Zielstattstraße	de:09162:1323:31:71	48.102481	11.529652		NO_MATCH_AND_SEEMS_UNSERVED								POINT(11.529652 48.102481)
4737	München	Zielstattstraße	de:09162:1323:32:72	48.102781	11.530191		NO_MATCH_AND_SEEMS_UNSERVED								POINT(11.530191 48.102781)
4738	München	Zinckgrafstraße	de:09162:1572:3:3	48.115029	11.471944	bus	NO_MATCH_BUT_OTHER_PLATFORM_MATCHED					160	Großhadern		POINT(11.471944 48.115029)
4739	München	Zinckgrafstraße	de:09162:1572:3:ZIN 1	48.115029	11.47198	bus	MATCHED	n364817882	0.6	1.0	Zinckgrafstraße	268	Großhadern	Großhadern	LINESTRING(11.47198 48.115029,11.4719733 48.1150254)
4740	München	Zinckgrafstraße	de:09162:1572:3:ZIN 2	48.115077	11.471324	bus	MATCHED	n364817879	2.3	1.0	Zinckgrafstraße	160,268	Waldhüterstraße	Waldhüterstraße	LINESTRING(11.471324 48.115077,11.4712932 48.115076900000005)
4741	München	Zoppoter Straße	de:09162:607:1:1	48.150804	11.640657	bus	MATCHED	w400065991	5.6	1.0	Zoppoter Straße	183,E183,E185	Posener Platz	Posener Platz	LINESTRING(11.640657 48.150804,11.6406367 48.150755849999996)
4742	München	Zoppoter Straße	de:09162:607:2:2	48.150372	11.640711	bus	MATCHED	w400065990	17.9	1.0	Zoppoter Straße	183,E183,E185	Memeler Straße	Memeler Straße	LINESTRING(11.640711 48.150372,11.6407607 48.150529350000006)
4743	München	Zöllerstraße	de:09162:1432:3:ZOE 1	48.105265	11.475313	bus	MATCHED	w393515056	3.1	1.0	Zöllerstraße	269,56	Max-Lebsche-Platz / Klinikum Großhadern	Klinikum Großhadern (U) / Max-Lebsche-Platz	LINESTRING(11.475313 48.105265,11.475302616300072 48.10529172625615)
4744	München	Zöllerstraße	de:09162:1432:3:ZOE 2	48.105241	11.475169	bus	MATCHED	w393515055	1.7	1.0	Zöllerstraße	269,56	Ehrenmal / Neuried, Falkenweg	Falkenweg / Ehrenmal	LINESTRING(11.475169 48.105241,11.475160170548218 48.10525487927198)
4745	München	Züricher Straße	de:09162:1408:1:1	48.094994	11.505173	bus	MATCHED	w369932222	8.0	1.0	Züricher Straße	132,151	Drygalski-Allee / Drygalski-Allee	Drygalski-Allee	LINESTRING(11.505173 48.094994,11.505225936839157 48.09505653488997)
4746	München	Züricher Straße	de:09162:1408:2:2	48.094454	11.503493	bus	MATCHED	w369932221	7.3	1.0	Züricher Straße	132,63,N41	Limmatstraße	Forstenrieder Allee / Limmatstraße	LINESTRING(11.503493 48.094454,11.503585419245578 48.094432149199164)
4747	München	Züricher Straße	de:09162:1408:33:73	48.093986	11.503484		NO_MATCH_AND_SEEMS_UNSERVED								POINT(11.503484 48.093986)
4748	München	Züricher Straße	de:09162:1408:3:3	48.094208	11.504679	bus	MATCHED	w396613077	1.2	1.0	Züricher Straße	151,63	Staffelseestraße	Staffelseestraße	LINESTRING(11.504679 48.094208,11.504672519157921 48.09421811238623)
4749	München	Überlinger Weg	de:09162:1737:1:1	48.144996	11.434808	bus	MATCHED	w379853868	1.1	1.0	Überlinger Weg	162	Betschartstraße	Betschartstraße	LINESTRING(11.434808 48.144996,11.434822021967218 48.144998406777155)
4750	München	Überlinger Weg	de:09162:1737:2:2	48.145008	11.435015	bus	MATCHED	w379853864	3.6	1.0	Überlinger Weg	162	Mainaustraße	Mainaustraße	LINESTRING(11.435015 48.145008,11.435001399999999 48.14497675)
4751	München	Überlinger Weg	de:09162:1737:3:3	48.144427	11.434673	bus	MATCHED	w379853863	1.1	1.0	Überlinger Weg	N80	Neuaubing	Neuaubing Bahnhof	LINESTRING(11.434673 48.144427,11.434665559224083 48.14441818371022)
4752	München	Überlinger Weg	de:09162:1737:4:4	48.144253	11.434583	bus	MATCHED	w379853866	4.3	1.0	Überlinger Weg	N81	Betschartstraße	Betschartstraße	LINESTRING(11.434583 48.144253,11.434638293468737 48.144264669416444)
4753	Ostbahnhof	Standplatz GVG	de:09162:812:1:1	48.130698	11.608111		NO_MATCH_AND_SEEMS_UNSERVED								POINT(11.608111 48.130698)
4754	Truderinger Straße	Brücke	de:09162:923:1:1	48.127665	11.656198	bus	MATCHED	n1283838769	0.8	1.0	Truderinger Straße, Brücke	185,E185,N79	Thomas-Hauser-Straße	Thomas-Hauser-Straße	LINESTRING(11.656198 48.127665,11.6562078 48.127667900000006)
4755	Truderinger Straße	Brücke	de:09162:923:2:2	48.1277	11.655578	bus	MATCHED	n1289803283	1.7	1.0	Truderinger Straße, Brücke	185,E185,N79	Truderinger Straße	Truderinger Straße	LINESTRING(11.655578 48.1277,11.6555652 48.1276871)
