	Ortsteil	Haltestelle	globaleID	lat	lon	mode	match_state	osm_id	distance	rating	osm_name	routes	official_direction	osm_direction	WKT
0	Jüchen	Roggenweg	de:05116:23457:0:1	51.131863	6.468184	bus	MATCHED	n2457955480	77.3	0.17	Roggenweg	090	Jüchen Dürselen		LINESTRING(6.468184 51.131863,6.467255300000001 51.1322394)
1	Mönchengladbach	Abtshof	de:05116:23867:0:1	51.228091	6.487193	bus	MATCHED_THOUGH_REVERSED_DIR	n324327671	4.3	0.64	Abtshof	025	Mönchengl. Rhein-Maas-Zentrum	Trabrennbahn Tribüne / Trabrennbahn	LINESTRING(6.487193 51.228091,6.4872223 51.2281253)
2	Mönchengladbach	Abtshof	de:05116:23867:0:2	51.22795	6.486816	bus	MATCHED	n324327668	5.2	0.69	Abtshof	025,036	Mönchengl Trabrennbahn Tribüne / Mönchengl. Trabrennbahn / Mönchengl. Rhein-Maas-Zentrum	Rhein-Maas-Zentrum	LINESTRING(6.486816 51.22795,6.4868851 51.227968000000004)
3	Mönchengladbach	Abzw. Buchholz	de:05116:23551:0:1	51.122741	6.387067	bus	MATCHED	n7369610982	4.7	0.55	Abzweig Buchholz	016,NE6	Mönchengladbach Chur / MG Buchholz Wendeplatz / Mönchengl Wickrathhahn Denkmal	Buchholz Wendeplatz / Enger Weg / An der Wey	LINESTRING(6.387067 51.122741,6.3870236 51.1227086)
4	Mönchengladbach	Abzw. Buchholz	de:05116:23551:0:2	51.122809	6.387085	bus	MATCHED	n7369610981	6.4	0.65	Abzweig Buchholz	016,AST	Mönchengl Wickrathhahn Denkmal	Wickrathhahn Denkmal	LINESTRING(6.387085 51.122809,6.3871457000000005 51.1228521)
5	Mönchengladbach	Abzw. Genhülsen	de:05116:23087:0:1	51.152271	6.401916	bus	MATCHED	n7363116624	4.7	0.72	Abzweig Genhülsen	004,NE4	Mönchengladbach Stadtwald	Stadtwald	LINESTRING(6.401916 51.152271,6.401982 51.152263500000004)
6	Mönchengladbach	Abzw. Genhülsen	de:05116:23087:0:2	51.152372	6.401763	bus	MATCHED	n4653922127	2.7	0.78	Abzweig Genhülsen	004,NE5	Mönchengladbach Günhoven / Mönchengladbach Waldesrand	Günhoven / Waldesrand	LINESTRING(6.401763 51.152372,6.4017366 51.152390200000006)
7	Mönchengladbach	Abzw. Herdt	de:05116:23522:0:1	51.171369	6.347172	bus	MATCHED	n7514289992	10.2	0.44	Abzweig Herdt	025,AST	Mönchengladbach Herdt / Mönchengl. Gerkerathwinkel	Gerkerathwinkel	LINESTRING(6.347172 51.171369,6.3470260000000005 51.1713759)
8	Mönchengladbach	Abzw. Herdt	de:05116:23522:0:2	51.171509	6.346912	bus	MATCHED_THOUGH_REVERSED_DIR	n7514289990	5.9	0.42	Abzweig Herdt	025	Mönchengl. Gerkerathwinkel	Herdt	LINESTRING(6.346912 51.171509,6.3469842000000005 51.171480800000005)
9	Mönchengladbach	Abzw. Schriefers	de:05116:23542:1:1	51.138689	6.344558	bus	MATCHED_THOUGH_REVERSED_DIR	n7371456007	2.4	0.55	Abzweigung Schriefers	017	Mönchengl. Schriefersmühle	Erkelenzer Straße	LINESTRING(6.344558 51.138689,6.344589900000001 51.138680400000005)
10	Mönchengladbach	Abzw. Schriefers	de:05116:23542:1:2	51.138689	6.344298	bus	MATCHED_THOUGH_REVERSED_DIR	n7370165483	2.7	0.54	Abzweigung Schriefers	017	MG, Erkelenzer Straße	Schriefersmühle	LINESTRING(6.344298 51.138689,6.344267800000001 51.1386734)
11	Mönchengladbach	Abzw. Schriefers	de:05116:23542:1:3	51.138954	6.344963	bus	MATCHED	n7512726745	107.0	0.25	Abzweigung Schriefers	026,027,AST	Mönchengladbach Merreter	Merreter	LINESTRING(6.344963 51.138954,6.3438952 51.1396419)
12	Mönchengladbach	Adlerstraße	de:05116:23353:0:1	51.223956	6.463882	bus	MATCHED	n4656995267	1.6	0.85	Adlerstraße	005,007,015,025	Neuwerk Ver.-Stelle / Mönchengladbach Hoven Kreuz	Neuwerk Verwaltungsstelle	LINESTRING(6.463882 51.223956,6.4638891 51.223942400000006)
13	Mönchengladbach	Adlerstraße	de:05116:23353:0:2	51.224046	6.463935	bus	MATCHED	n4656995270	0.7	0.94	Adlerstraße	005,007,025,NE1	Mönchengladbach, Nespelerstraße / Mönchengladbach Hoven Kreuz / Mönchengladbach Hoven Kreuz	Hoven Kreuz / Nespelerstraße	LINESTRING(6.463935 51.224046,6.4639328 51.224052500000006)
14	Mönchengladbach	Adolf-Kempken-Weg	de:05116:23378:0:1	51.139089	6.410261	bus	MATCHED	n2265959483	78.1	0.33	Adolf-Kempken-Weg	016,026	Mönchengladbach Daimlerstraße / Mönchengladbach Hompeschstraße	Reinartz	LINESTRING(6.410261 51.139089,6.4107582 51.138460900000005)
15	Mönchengladbach	Adolf-Kempken-Weg	de:05116:23378:0:2	51.138994	6.410315	bus	MATCHED	n2265960800	22.3	0.54	Adolf-Kempken-Weg	016,026	Mönchengladbach Schumannstraße	Schumannstraße	LINESTRING(6.410315 51.138994,6.4103344 51.138794100000005)
16	Mönchengladbach	Akazienstraße	de:05116:23513:0:1	51.173514	6.427446	bus	MATCHED	n1214461134	4.4	0.72	Akazienstraße	014,024	Mönchengladbach Oberlinstraße / Mönchengladbach Erlenstraße	Zedernstraße	LINESTRING(6.427446 51.173514,6.4274458 51.1734741)
17	Mönchengladbach	Akazienstraße	de:05116:23513:0:2	51.173678	6.427661	bus	MATCHED	n1214461126	13.6	0.48	Akazienstraße	014	Mönchengladbach Ohler	Ohler / Zedernstraße	LINESTRING(6.427661 51.173678,6.4277879 51.173585800000005)
18	Mönchengladbach	Aktienstraße	de:05116:23245:0:1	51.181939	6.431183	bus	MATCHED	n605394877	6.3	0.76	Aktienstraße	009	Mönchengladbach Brunnenstraße	Brunnenstraße	LINESTRING(6.431183 51.181939,6.4312522 51.18190310000001)
19	Mönchengladbach	Aktienstraße	de:05116:23245:0:2	51.181821	6.430554	bus	MATCHED	n605394871	4.8	0.8	Aktienstraße	009	Mönchengl. Dahl Wasserwerk	Dahl Wasserwerk	LINESTRING(6.430554 51.181821,6.430508700000001 51.1818533)
20	Mönchengladbach	Alleestraße	de:05116:23131:0:1	51.191618	6.447604	bus	MATCHED	n679990099	5.8	0.78	Alleestraße	005,NE3	Mönchengl. Volksgartenstraße	Volksgartenstraße	LINESTRING(6.447604 51.191618,6.447530700000001 51.1915933)
21	Mönchengladbach	Alter Markt	de:05116:23214:0:1	51.195249	6.431345	bus	MATCHED	n285204784	5.0	0.8	Alter Markt	003,007,008,009,010,013,019,023,033,NE2,NE4	Mönchengladbach Grünewald / Mönchengladbach Grünewald / MG Parkstraße	Venn Kirche / Parkstraße / Grünewald	LINESTRING(6.431345 51.195249,6.4314163 51.195251400000004)
22	Mönchengladbach	Altmülfort	de:05116:23458:0:1	51.151189	6.459704	bus	MATCHED	n7371753731	173.4	0.23	Altmülfort	020,022	Mönchengladbach Dohrer Straße	Dohrer Straße	LINESTRING(6.459704 51.151189,6.459852000000001 51.152744500000004)
23	Mönchengladbach	Altmülfort	de:05116:23458:0:2	51.151245	6.459767	bus	MATCHED	n7372572332	171.3	0.23	Altmülfort	020,022	Mönchengladbach Bruchstraße	Bruchstraße	LINESTRING(6.459767 51.151245,6.459990400000001 51.1527784)
24	Mönchengladbach	Am Baumhof	de:05116:23261:0:1	51.215218	6.47255	bus	MATCHED	n825970478	8.6	0.59	Am Baumhof	005,007,010,SB1	Mönchengladbach Polizeipräsidium / Mönchengladbach Dohrweg / Mönchengl. Bendhütter Straße / Mönchengladbach Dohrweg	Dohrweg / Polizeipräsidium	LINESTRING(6.47255 51.215218,6.472666 51.2152429)
25	Mönchengladbach	Am Baumhof	de:05116:23261:0:2	51.215162	6.472227	bus	MATCHED	n4656996005	2.3	0.88	Am Baumhof	005,010,NE1,SB1	Mönchengladbach, Weberstraße / Mönchengladbach Tonderner Str. / Mönchengl. Bendhütter Straße	Tonderner Straße / Weberstraße / Bendhütter Straße	LINESTRING(6.472227 51.215162,6.4722021000000005 51.215148500000005)
26	Mönchengladbach	Am Birnbaum	de:05116:23904:0:1	51.111728	6.397586	bus	MATCHED	n13070327250	69.2	0.18	Am Birnbaum	016	Mönchengladbach Niersstraße		LINESTRING(6.397586 51.111728,6.396687600000001 51.111470000000004)
27	Mönchengladbach	Am Borussiapark	de:05116:23226:0:1	51.170642	6.390318	bus	MATCHED	n1872810186	35.2	0.46	Am Borussiapark	007,017	Mönchengladb. Dahlener Heide	Dahlener Heide	LINESTRING(6.390318 51.170642,6.390679700000001 51.170861800000004)
28	Mönchengladbach	Am Bour	de:05116:23176:0:1	51.200839	6.449455	bus	MATCHED	n574333766	3.8	0.74	Am Bour	007,010,017,036	MG Hbf /Europaplatz / Mönchengladbach Voltastraße / MG Hbf /Europaplatz / MG Hbf /Europaplatz	H 5 / H 2 / H 14	LINESTRING(6.449455 51.200839,6.449401300000001 51.2008444)
29	Mönchengladbach	Am Bour	de:05116:23176:0:2	51.201059	6.450371	bus	MATCHED	n574333765	3.9	0.83	Am Bour	007,017,036,NE1	Mönchengladbach Voltastraße / Bozener Straße	Bozener Straße / Voltastraße	LINESTRING(6.450371 51.201059,6.450394800000001 51.201027100000005)
30	Mönchengladbach	Am Brückensteg	de:05116:23204:0:1	51.199972	6.483105	bus	MATCHED	n574323746	105.3	0.29	Am Brückensteg	017	Mönchengladbach Habichtstraße	Habichtstraße	LINESTRING(6.483105 51.199972,6.4843861 51.200470800000005)
31	Mönchengladbach	Am Düvel	de:05116:23111:1:1	51.15457	6.50559	bus	MATCHED	n7363116606	4.7	0.8	Am Düvel	004,018	Mönchengl. Schloss-Dyck-Straße	Schloss-Dyck-Straße	LINESTRING(6.50559 51.15457,6.5055921 51.1545276)
32	Mönchengladbach	Am Düvel	de:05116:23111:1:2	51.155015	6.50524	bus	MATCHED	n4653910569	3.6	0.84	Am Düvel	004,018,NE3	Mönchengladbach Konstantinstr. / Mönchengladbach Erftstraße	Erftstraße / Konstantinstraße	LINESTRING(6.50524 51.155015,6.5052478 51.1550469)
33	Mönchengladbach	Am Düvel	de:05116:23111:2:3	51.155392	6.505483	bus	MATCHED	n7363116603	4.3	0.72	Am Düvel	864	Mönchengladbach Horster Straße		LINESTRING(6.505483 51.155392,6.5055396000000005 51.1553771)
34	Mönchengladbach	Am Düvel	de:05116:23111:2:4	51.15546	6.505456	bus	MATCHED	n7363116602	5.1	0.69	Am Düvel	864	Mönchengladbach Konstantinstr.		LINESTRING(6.505456 51.15546,6.505407600000001 51.155425400000006)
35	Mönchengladbach	Am Fußfall	de:05116:23113:0:1	51.153184	6.509687	bus	MATCHED	n7363116586	43.2	0.42	Am Fußfall	004,018	Mönchengladbach Spulstraße	Spulstraße	LINESTRING(6.509687 51.153184,6.510304700000001 51.153183000000006)
36	Mönchengladbach	Am Fußfall	de:05116:23113:0:2	51.153212	6.50992	bus	MATCHED	n4653910571	7.0	0.75	Am Fußfall	004,018,NE3	Mönchengl. Schloss-Dyck-Straße	Schloss-Dyck-Straße	LINESTRING(6.50992 51.153212,6.5098383 51.153248000000005)
37	Mönchengladbach	Am Gerstacker	de:05116:23641:0:1	51.178425	6.450137	bus	MATCHED	n6404108071	1.7	0.85	Am Gerstacker	016,097,NE5	Mönchengladbach Kabelwerk	Scheidt & Bachmann / Kabelwerk	LINESTRING(6.450137 51.178425,6.4501203 51.1784143)
38	Mönchengladbach	Am Gerstacker	de:05116:23641:0:2	51.178487	6.450182	bus	MATCHED	n6404108070	0.1	0.95	Am Gerstacker	016,097,NE4	Mönchengl. Webschulstraße / Mönchengl. Scheidt & Bachmann	Kabelwerk / Webschulstraße	LINESTRING(6.450182 51.178487,6.4501809 51.178485900000005)
39	Mönchengladbach	Am Hasenberg	de:05116:23442:0:1	51.154271	6.424158	bus	MATCHED	n7371753776	3.8	0.83	Am Hasenberg	020,022	Mönchengladbach Espenstraße	Espenstraße	LINESTRING(6.424158 51.154271,6.4241263 51.154242800000006)
40	Mönchengladbach	Am Hasenberg	de:05116:23442:0:2	51.15426	6.42388	bus	MATCHED	n7371753779	3.8	0.83	Am Hasenberg	020,022	Mönchengladbach Sperberstr.	Sperberstraße	LINESTRING(6.42388 51.15426,6.423929200000001 51.154274400000006)
41	Mönchengladbach	Am Hockstein	de:05116:23340:0:1	51.153989	6.415238	bus	MATCHED	n7363116545	9.2	0.7	Am Hockstein	004	Mönchengladbach Klusenstraße	Klusenstraße	LINESTRING(6.415238 51.153989,6.4152355000000005 51.1539067)
42	Mönchengladbach	Am Hommelsbach	de:05116:23054:0:1	51.225756	6.459677	bus	MATCHED	n325850309	8.0	0.6	Am Hommelsbach	002	Mönchengladbach Hoven Kreuz	Hoven Kreuz	LINESTRING(6.459677 51.225756,6.459707300000001 51.22568690000001)
43	Mönchengladbach	Am Hülserhof	de:05116:23207:0:1	51.203377	6.480446	bus	MATCHED	n574328243	4.2	0.82	Am Hülserhof	017,029	Mönchengl. Lürrip Volksbadstr.	Lürrip Volksbadstraße	LINESTRING(6.480446 51.203377,6.480467900000001 51.203411800000005)
44	Mönchengladbach	Am Hülserhof	de:05116:23207:0:2	51.203164	6.480896	bus	MATCHED	n574321054	5.0	0.8	Am Hülserhof	017,029	Mönchengladbach Tierheim	Tierheim	LINESTRING(6.480896 51.203164,6.480853000000001 51.203128500000005)
45	Mönchengladbach	Am Kammerhof	de:05116:23038:0:1	51.130132	6.442843	bus	MATCHED	n2331748684	4.1	0.82	Am Kammerhof	002	Mönchengl Güdderath Schule	Güdderath Schule	LINESTRING(6.442843 51.130132,6.4427941 51.1301525)
46	Mönchengladbach	Am Kammerhof	de:05116:23038:0:2	51.129811	6.442295	bus	MATCHED	n2331748672	5.4	0.78	Am Kammerhof	002	Mönchengl. Laurentiuskirche	Laurentiuskirche	LINESTRING(6.442295 51.129811,6.4423513 51.1297774)
47	Mönchengladbach	Am Kauert	de:05116:23160:0:1	51.134631	6.417852	bus	MATCHED	n3433812552	3.6	0.82	Am Kauert	006	Mönchengladbach Trompeterallee	Trompeterallee	LINESTRING(6.417852 51.134631,6.4178402000000006 51.134662500000005)
48	Mönchengladbach	Am Kauert	de:05116:23160:0:2	51.134338	6.417816	bus	MATCHED	n7366235257	3.6	0.82	Am Kauert	006,NE6	Mönchengladbach Am Ringofen	Am Ringofen	LINESTRING(6.417816 51.134338,6.4178648 51.1343277)
49	Mönchengladbach	Am Kirschbaum	de:05116:23485:0:1	51.197073	6.339968	bus	MATCHED	n2874401465	1.7	0.9	Am Kirschbaum	026	Mönchengl. Matthiaskapelle	Herdter Hof	LINESTRING(6.339968 51.197073,6.339948000000001 51.1970639)
50	Mönchengladbach	Am Kirschbaum	de:05116:23485:0:2	51.196876	6.340184	bus	MATCHED	n2874401464	2.9	0.86	Am Kirschbaum	026	Mönchengl. Hardter Landstraße / Mönchengl. Hardter Landstraße	Hardter Landstraße	LINESTRING(6.340184 51.196876,6.3402209 51.1968648)
51	Mönchengladbach	Am Klingelsberg	de:05116:23374:0:1	51.125369	6.409372	bus	MATCHED_THOUGH_REVERSED_DIR	n7369905808	2.6	0.73	Am Klingelsberg	016,AST,NE6	Mönchengl Konrad-Bäumer-Straße	Wickrath Markt	LINESTRING(6.409372 51.125369,6.4094062 51.125359200000005)
52	Mönchengladbach	Am Klingelsberg	de:05116:23374:0:2	51.125352	6.409237	bus	MATCHED_THOUGH_REVERSED_DIR	n7369905810	3.1	0.7	Am Klingelsberg	016	Mönchengladb. Wickrath Markt	Konrad-Bäumer-Straße	LINESTRING(6.409237 51.125352,6.409207 51.1253314)
53	Mönchengladbach	Am Lauterkamp	de:05116:23411:0:1	51.205449	6.479557	bus	MATCHED	n1323453467	2.5	0.87	Am Lauterkamp	005,007	Mönchengl. Lürrip Volksbadstr.	Lürrip Volksbadstraße	LINESTRING(6.479557 51.205449,6.4795807000000005 51.2054654)
54	Mönchengladbach	Am Lauterkamp	de:05116:23411:0:2	51.205674	6.48033	bus	MATCHED	n1323453468	3.6	0.83	Am Lauterkamp	005,007,NE1	Mönchengladbach Bernhardstraße	Bernhardstraße	LINESTRING(6.48033 51.205674,6.4803267 51.205641400000005)
55	Mönchengladbach	Am Minto	de:05116:23060:0:1	51.194157	6.438531	bus	MATCHED	n285204802	2.8	0.86	Am Minto	003,007,008,009,010,013,019,023,033,NE1,NE2,NE4	Mönchengl. Museum Abteiberg	Museum Abteiberg	LINESTRING(6.438531 51.194157,6.4384918 51.1941621)
56	Mönchengladbach	Am Nordkanal	de:05116:23256:0:1	51.235539	6.482836	bus	MATCHED	n1613370616	2.1	0.89	Am Nordkanal	036	Willich Neersen Bf	Neersen Bahnhof	LINESTRING(6.482836 51.235539,6.482819200000001 51.235554500000006)
57	Mönchengladbach	Am Nordkanal	de:05116:23256:0:2	51.235398	6.485962	bus	MATCHED	n7375079209	2.2	0.88	Am Nordkanal	036	Mönchengl. Trabrennbahn	Trabrennbahn	LINESTRING(6.485962 51.235398,6.4859463 51.235380400000004)
58	Mönchengladbach	Am Nordpark	de:05116:23225:0:1	51.172788	6.394217	bus	MATCHED	n1872761004	16.6	0.6	Am Nordpark	007,017	Mönchengladb. Am Borussiapark	Am Borussiapark	LINESTRING(6.394217 51.172788,6.3939839 51.1727603)
59	Mönchengladbach	Am Nordpark	de:05116:23225:0:2	51.173334	6.395672	bus	MATCHED	n1872760989	11.8	0.66	Am Nordpark	007,014,017,035,NE5	Mönchengladbach Lilienthalstr.	Lilienthalstraße	LINESTRING(6.395672 51.173334,6.3955703 51.173249600000005)
60	Mönchengladbach	Am Nordpark	de:05116:23225:0:3	51.173323	6.395062	bus	MATCHED	n7371491561	32.3	0.47	Am Nordpark	014,035	MG Nordpark Busbhf. / MG Nordpark Busbhf.	Nordpark Busbahnhof	LINESTRING(6.395062 51.173323,6.3953831 51.173531800000006)
61	Mönchengladbach	Am Ringerberg	de:05116:23143:0:1	51.199466	6.413657	bus	MATCHED	n7373428310	3.4	0.84	Am Ringerberg	035	Mönchengladbach Metzenweg	Metzenweg	LINESTRING(6.413657 51.199466,6.413703900000001 51.199456700000006)
62	Mönchengladbach	Am Ringerberg	de:05116:23143:0:2	51.198936	6.412866	bus	MATCHED	n7373391976	2.6	0.87	Am Ringerberg	035	Mönchengladbach Nicodemstraße	Nicodemstraße	LINESTRING(6.412866 51.198936,6.4128322 51.198926300000004)
63	Mönchengladbach	Am Ringofen	de:05116:23161:0:1	51.1371	6.419505	bus	MATCHED	n5808529961	2.2	0.87	Am Ringofen	006,SB1	Mönchengladb. Wickrath Markt / Mönchengladbach Am Kauert	Am Kauert / Wickrath Markt	LINESTRING(6.419505 51.1371,6.4194804 51.137111600000004)
64	Mönchengladbach	Am Ringofen	de:05116:23161:0:2	51.136863	6.419442	bus	MATCHED	n3433812553	15.8	0.6	Am Ringofen	006,NE6,SB1	Mönchengladbach Reinartz / Mönchengladbach Reststrauch	Reinartz / Reststrauch	LINESTRING(6.419442 51.136863,6.4193673 51.1367289)
65	Mönchengladbach	Am Schomm	de:05116:23435:0:1	51.142223	6.44269	bus	MATCHED	n697163665	1.3	0.91	Am Schomm	020	Mönchengladbach Luisental	Luisental	LINESTRING(6.44269 51.142223,6.4427064000000005 51.1422177)
66	Mönchengladbach	Am Schomm	de:05116:23435:0:2	51.141913	6.442142	bus	MATCHED	w1293046261	1.2	0.91	Am Schomm	020,022	Mönchengladbach An den Fichten	An den Fichten	LINESTRING(6.442142 51.141913,6.442127861305113 51.1419063996512)
67	Mönchengladbach	Am Schomm	de:05116:23435:0:3	51.142381	6.442151	bus	MATCHED	w1293046260	5.3	0.78	Am Schomm	022	Mönchengladbach Kohrstraße	Kohrstraße	LINESTRING(6.442151 51.142381,6.442166650000001 51.14233465)
68	Mönchengladbach	Am Sebastianspfad	de:05116:23192:0:1	51.123649	6.393705	bus	MATCHED	n3545020699	1.6	0.85	Am Sebastianspfad	016,NE6	Mönchengl Wickrathhahn Denkmal / Mönchengladbach Dahler Weg	Wickrathhahn Denkmal	LINESTRING(6.393705 51.123649,6.3937018000000005 51.12366290000001)
69	Mönchengladbach	Am Sebastianspfad	de:05116:23192:0:2	51.123587	6.393831	bus	MATCHED	n7369620691	2.9	0.86	Am Sebastianspfad	016,AST	Mönchengladbach Dahler Weg	Dahler Weg	LINESTRING(6.393831 51.123587,6.3938531 51.1235647)
70	Mönchengladbach	Am Sternenfeld	de:05116:23104:0:1	51.157381	6.482773	bus	MATCHED	n866472483	3.5	0.74	Am Sternenfeld	004,SB4	Mönchengladbach Asternweg / Mönchengl. Konstantinplatz	Zoppenbroicher Straße / Konstantinplatz / Asternweg	LINESTRING(6.482773 51.157381,6.4827235000000005 51.15738)
71	Mönchengladbach	Am Sternenfeld	de:05116:23104:0:2	51.157607	6.482611	bus	MATCHED	n866472480	9.1	0.56	Am Sternenfeld	004,NE3,SB4	Mönchengl. Weg zur Waldesruh / Mönchengladbach Asternweg / Mönchengladbach Druckerstraße	Druckerstraße / Weg zur Waldesruh	LINESTRING(6.482611 51.157607,6.4827168 51.157559000000006)
72	Mönchengladbach	Am Sternenfeld	de:05116:23104:0:3	51.157652	6.483285	bus	MATCHED	n3226853675	2.9	0.85	Am Sternenfeld	018,020,021,022	Mönchengl. Zoppenbroicher Str.	Zoppenbroicher Straße	LINESTRING(6.483285 51.157652,6.483254100000001 51.1576687)
73	Mönchengladbach	Am Sternenfeld	de:05116:23104:0:4	51.157742	6.483132	bus	MATCHED	n3226854707	7.7	0.72	Am Sternenfeld	018,020,021,022	Mönchengladbach Asternweg / Mönchengladbach Arnoldstraße / Mönchengladbach Friesenstraße	Friesenstraße / Asternweg / Arnoldstraße	LINESTRING(6.483132 51.157742,6.4831231 51.157672700000006)
74	Mönchengladbach	Am Torfbend	de:05116:23455:0:1	51.158542	6.467457	bus	MATCHED	n7371753742	2.4	0.88	Am Torfbend	020,022	Mönchengladbach Brückenstraße	Brückenstraße	LINESTRING(6.467457 51.158542,6.467461800000001 51.158563300000004)
75	Mönchengladbach	Am Torfbend	de:05116:23455:0:2	51.158688	6.467762	bus	MATCHED	n7372572323	4.2	0.82	Am Torfbend	020,022	Mönchengl. Schule Torfbend	Schule Torfbend	LINESTRING(6.467762 51.158688,6.4677699 51.1586506)
76	Mönchengladbach	Am Woltershof	de:05116:23057:0:1	51.217542	6.450973	bus	MATCHED	n7338822054	5.2	0.79	Am Woltershof	002,003	Mönchengladbach Spielkaulenweg	Spielkaulenweg	LINESTRING(6.450973 51.217542,6.450927 51.2175792)
77	Mönchengladbach	Am Woltershof	de:05116:23057:0:2	51.21721	6.450137	bus	MATCHED	n4653149666	4.9	0.8	Am Woltershof	002,003	Mönchengladbach Ehrenstraße	Ehrenstraße	LINESTRING(6.450137 51.21721,6.4501511 51.217167)
78	Mönchengladbach	Amtsgericht	de:05116:23390:0:1	51.172472	6.44375	bus	MATCHED	n3143595503	6.5	0.76	Amtsgericht	016,019	Mönchengl Hugo-Junkers-Gymnas.	Hugo-Junkers-Gymnasium	LINESTRING(6.44375 51.172472,6.443692400000001 51.172425800000006)
79	Mönchengladbach	Amtsgericht	de:05116:23390:0:2	51.172946	6.443975	bus	MATCHED	n3143595505	21.4	0.55	Amtsgericht	016	Mönchengladbach Gartenstraße	Gartenstraße	LINESTRING(6.443975 51.172946,6.444280200000001 51.172952800000004)
80	Mönchengladbach	Amtsgericht	de:05116:23390:0:3	51.173103	6.443642	bus	MATCHED	n3143595507	26.9	0.51	Amtsgericht	019	Mönchengladbach Breite Straße	Breite Straße	LINESTRING(6.443642 51.173103,6.443696900000001 51.173342700000006)
81	Mönchengladbach	An den Fichten	de:05116:23434:0:1	51.138729	6.444119	bus	MATCHED	n1746660962	3.4	0.84	An den Fichten	020,022	Mönchengladbach Am Schomm / Mönchengladbach Am Schomm	Am Schomm	LINESTRING(6.444119 51.138729,6.444160800000001 51.1387446)
82	Mönchengladbach	An den Fichten	de:05116:23434:0:2	51.138266	6.444352	bus	MATCHED	n4697316023	4.4	0.81	An den Fichten	020,022	MG Odenkirchen Bf	Odenkirchen Bf	LINESTRING(6.444352 51.138266,6.444293600000001 51.138280300000005)
83	Mönchengladbach	An der Holter Heide	de:05116:23221:0:1	51.184693	6.4002	bus	MATCHED	n7368867999	4.7	0.81	An der Holter Heide	015,025,035	Mönchengladbach Immelmannstr. / Mönchengladbach Holt Friedhof / Mönchengl. Hehner Str. Brücke	Immelmannstraße	LINESTRING(6.4002 51.184693,6.4002603 51.184710700000004)
84	Mönchengladbach	An der Holter Heide	de:05116:23221:0:2	51.184817	6.399733	bus	MATCHED	n7366335791	2.6	0.87	An der Holter Heide	015,025	Mönchengladbach Lindberghstr.	Lindberghstraße	LINESTRING(6.399733 51.184817,6.399717900000001 51.184796000000006)
85	Mönchengladbach	An der Holter Heide	de:05116:23221:0:3	51.184811	6.400478	bus	MATCHED	n4675033836	79.1	0.33	An der Holter Heide	015	Mönchengladbach Holt Friedhof	Holt Friedhof	LINESTRING(6.400478 51.184811,6.3993631 51.184932)
86	Mönchengladbach	An der Siep	de:05116:23471:0:1	51.166192	6.481956	bus	MATCHED	n7372572334	11.1	0.67	An der Siep	020,022	Mönchengl. Meerkamp Kirche / Mönchengl. Meerkamp Kirche	Meerkamp Kirche	LINESTRING(6.481956 51.166192,6.4820799000000004 51.1661298)
87	Mönchengladbach	An der Wey	de:05116:23553:0:1	51.11117	6.394415	bus	MATCHED	n7370025614	2.8	0.79	An der Wey	016	Mönchengladbach Chur / Mönchengladbach Am Birnbaum	Abzweig Buchholz	LINESTRING(6.394415 51.11117,6.3944036 51.1111456)
88	Mönchengladbach	An der Wey	de:05116:23553:0:2	51.1113	6.395349	bus	MATCHED	n5104800423	2.2	0.82	An der Wey	016	Mönchengl. Beckrath Ortsmitte	Ortsmitte	LINESTRING(6.395349 51.1113,6.3953182 51.1113045)
89	Mönchengladbach	Annakirchstr.	de:05116:23274:0:1	51.203811	6.41283	bus	MATCHED	n4660165095	3.2	0.72	Annakirchstraße	008,NE2	Mönchengladbach Ebelshof	Ebelshof	LINESTRING(6.41283 51.203811,6.412864000000001 51.203830800000006)
90	Mönchengladbach	Annakirchstr.	de:05116:23274:0:2	51.204261	6.411977	bus	MATCHED	n4660165094	4.1	0.69	Annakirchstraße	008	Mönchengladbach Metzenweg	Metzenweg	LINESTRING(6.411977 51.204261,6.411918600000001 51.2042664)
91	Mönchengladbach	Annakirchstr.	de:05116:23274:0:3	51.203822	6.412785		NO_MATCH_AND_SEEMS_UNSERVED								POINT(6.412785 51.203822)
92	Mönchengladbach	Annakirchstr.	de:05116:23274:0:4	51.204075	6.412183		NO_MATCH_AND_SEEMS_UNSERVED								POINT(6.412183 51.204075)
93	Mönchengladbach	Annaplatz	de:05116:23273:0:1	51.205207	6.412507	bus	MATCHED	n4665492274	2.9	0.86	Annaplatz	010	Mönchengladbach Ebelshof	Ebelshof	LINESTRING(6.412507 51.205207,6.4125383000000005 51.205223700000005)
94	Mönchengladbach	Annaplatz	de:05116:23273:0:2	51.205207	6.412705	bus	MATCHED	n4665492277	5.4	0.79	Annaplatz	010	Mönchengl Bleichgrabenstraße	Bleichgrabenstraße	LINESTRING(6.412705 51.205207,6.4127703 51.2051808)
95	Mönchengladbach	Arnoldstraße	de:05116:23105:0:1	51.155911	6.485998	bus	MATCHED	n7372741040	9.9	0.69	Arnoldstraße	022	Mönchengl. Am Sternenfeld	Am Sternenfeld	LINESTRING(6.485998 51.155911,6.4858795 51.15596)
96	Mönchengladbach	Arnoldstraße	de:05116:23105:0:2	51.155956	6.48572	bus	MATCHED	n7372741038	9.4	0.7	Arnoldstraße	022	Mönchengladbach Dionysiusstr.	Dionysiusstraße	LINESTRING(6.48572 51.155956,6.4855903 51.1559328)
97	Mönchengladbach	Asdonkstraße	de:05116:23055	51.224474	6.458833		NO_MATCH_AND_SEEMS_UNSERVED								POINT(6.458833 51.224474)
98	Mönchengladbach	Asternweg	de:05116:23106:0:1	51.156795	6.486824	bus	MATCHED	n1532721118	7.5	0.61	Asternweg	004,018,021	Mönchengl. Konstantinplatz / Mönchengl. Am Sternenfeld / Mönchengl. Giesenk. Altenheim / Mönchengl. Konstantinplatz	Giesenkirchen Altenheim / Konstantinplatz	LINESTRING(6.486824 51.156795,6.4868307000000005 51.156727800000006)
99	Mönchengladbach	Asternweg	de:05116:23106:0:2	51.156756	6.486214	bus	MATCHED	n4653922144	10.0	0.55	Asternweg	004,018,021,NE3	Mönchengl. Konstantinplatz / Mönchengl. Am Sternenfeld / Mönchengl. Am Sternenfeld	Am Sternenfeld	LINESTRING(6.486214 51.156756,6.4860823000000005 51.156792)
100	Mönchengladbach	Auf dem Damm	de:05116:23154:0:1	51.117836	6.412893	bus	MATCHED	n7366244197	7.0	0.74	Auf dem Damm	006,NE6	Mönchengladbach Postillionsweg	Postillionsweg	LINESTRING(6.412893 51.117836,6.412813300000001 51.117798300000004)
101	Mönchengladbach	Auf dem Damm	de:05116:23154:0:2	51.117351	6.412911	bus	MATCHED	n7366244199	5.2	0.78	Auf dem Damm	006	Mönchengl. Schlossbad Ndrh.	Schlossbad Ndrh.	LINESTRING(6.412911 51.117351,6.412978900000001 51.1173707)
102	Mönchengladbach	Bahner	de:05116:23101:0:1	51.162598	6.475075	bus	MATCHED	n7363115765	6.8	0.75	Bahner	004	Mönchengladbach Körschgenstr.	Körschgenstraße	LINESTRING(6.475075 51.162598,6.4750028 51.1625577)
103	Mönchengladbach	Bahner	de:05116:23101:0:2	51.162846	6.474931	bus	MATCHED	n1532721123	6.2	0.77	Bahner	004,NE3	Mönchengladbach Zoppenbroich	Zoppenbroich	LINESTRING(6.474931 51.162846,6.4750041000000005 51.1628777)
104	Mönchengladbach	Bau	de:05116:23538:1:1	51.151409	6.322918	bus	MATCHED_THOUGH_OSM_NO_NAME	n322813626	2.1	0.29		026,027,AST	Mönchengladbach Woof		LINESTRING(6.322918 51.151409,6.3229476 51.1514098)
105	Mönchengladbach	Bau	de:05116:23538:1:2	51.151031	6.323071		MATCHED	n2380108806	26.2	0.28	Bau			Woof	LINESTRING(6.323071 51.151031,6.3227729 51.1511737)
106	Mönchengladbach	Bau	de:05116:23538:1:3	51.150986	6.323187	bus	MATCHED	n2380108799	30.3	0.49	Bau	411	Mönchengladbach Knoor	Knorr	LINESTRING(6.323187 51.150986,6.322778400000001 51.1510752)
107	Mönchengladbach	Baum	de:05116:23892:0:1	51.129292	6.36053	bus	MATCHED	n7514290008	7.7	0.73	Baum	027	Mönchengladbach Hilderath	Hilderath	LINESTRING(6.36053 51.129292,6.3606334 51.129316700000004)
108	Mönchengladbach	Beckrath Ortsmitte	de:05116:23554:0:1	51.110132	6.387058	bus	MATCHED	n7370025616	2.8	0.63	Ortsmitte	016	Mönchengladbach An der Wey	An der Wey	LINESTRING(6.387058 51.110132,6.387094 51.110121400000004)
109	Mönchengladbach	Beckrath Ortsmitte	de:05116:23554:0:2	51.11016	6.387112	bus	MATCHED	n4467059997	6.9	0.55	Ortsmitte	016	Mönchengl. Beckrather Dorfstr.	Beckrather Dorfstraße	LINESTRING(6.387112 51.11016,6.3871609000000005 51.110213800000004)
110	Mönchengladbach	Beckrath Schule	de:05116:23557:0:1	51.106838	6.377419	bus	MATCHED	n7370025621	8.0	0.73	Beckrath, Schule	016	Mönchengladbach Enger Weg	Enger Weg	LINESTRING(6.377419 51.106838,6.377512800000001 51.1067977)
111	Mönchengladbach	Beckrath Schule	de:05116:23557:0:2	51.106844	6.377221	bus	MATCHED	n5104344726	6.5	0.76	Beckrath, Schule	016,AST,NE6	Mönchengl. Beckrather Dorfstr. / Mönchengladbach Herrather Weg / Mönchengl Am Emil-Esser-Platz / Mönchengladbach Herrath Bf	Herrather Weg	LINESTRING(6.377221 51.106844,6.3773109 51.106858)
112	Mönchengladbach	Beckrather Dorfstr.	de:05116:23555:0:1	51.108576	6.383931	bus	MATCHED	n5102828121	3.9	0.75	Beckrather Dorfstraße	016	Mönchengl. Beckrath Ortsmitte	Ortsmitte	LINESTRING(6.383931 51.108576,6.383986200000001 51.1085736)
113	Mönchengladbach	Beckrather Dorfstr.	de:05116:23555:0:2	51.10857	6.383806	bus	MATCHED	n7369905821	1.6	0.82	Beckrather Dorfstraße	016,AST,NE6	Mönchengl. Beckrath Schule / Mönchengladbach Enger Weg	Enger Weg	LINESTRING(6.383806 51.10857,6.383783500000001 51.108569200000005)
114	Mönchengladbach	Beerenweg	de:05116:23509:0:1	51.171374	6.420412	bus	MATCHED	n8907379747	2.8	0.79	Beerenweg	024	Mönchengl Watelerstr. Friedhof		LINESTRING(6.420412 51.171374,6.4204454 51.1713607)
115	Mönchengladbach	Beerenweg	de:05116:23509:0:2	51.171414	6.420906	bus	MATCHED	n1214461144	3.9	0.83	Beerenweg	024,NE5	Mönchengl. Preyerstr. Friedhof	Preyerstraße Friedhof	LINESTRING(6.420906 51.171414,6.4209212 51.1714477)
116	Mönchengladbach	Beller Mühle	de:05116:23030:0:1	51.143097	6.456084	bus	MATCHED	n2331748691	5.8	0.78	Beller Mühle	001,002,NE6	Möncheng Odenkirchen Gymnasium	Odenkirchen Gymnasium	LINESTRING(6.456084 51.143097,6.456019100000001 51.1431291)
117	Mönchengladbach	Beller Mühle	de:05116:23030:0:2	51.142522	6.455887	bus	MATCHED	n2331748687	21.4	0.55	Beller Mühle	001,002	Mönchengl. Kochschulstraße	Kochschulstraße	LINESTRING(6.455887 51.142522,6.455872100000001 51.1423302)
118	Mönchengladbach	Beltinghoven	de:05116:23885:0:1	51.197805	6.38271	bus	MATCHED_THOUGH_REVERSED_DIR	n285179443	9.7	0.45	Beltinghoven	013,023,NE2	Mönchengladbach Vorster Straße	Moosheide	LINESTRING(6.38271 51.197805,6.3828015 51.1977399)
119	Mönchengladbach	Beltinghoven	de:05116:23885:0:2	51.197822	6.381488	bus	MATCHED_THOUGH_REVERSED_DIR	n285179439	6.7	0.54	Beltinghoven	013,023	Mönchengladbach Moosheide	Vorster Straße	LINESTRING(6.381488 51.197822,6.3815643 51.1978583)
120	Mönchengladbach	Bendhütter Straße	de:05116:23181:0:1	51.217942	6.469397	bus	MATCHED	n7367216619	6.6	0.75	Bendhütter Straße	007,036	Mönchengladbach Nordring / Mönchengladbach Am Baumhof	Am Baumhof / Nordring	LINESTRING(6.469397 51.217942,6.4693168000000005 51.2179104)
121	Mönchengladbach	Bendhütter Straße	de:05116:23181:0:2	51.21797	6.469424	bus	MATCHED	n7367216622	7.1	0.74	Bendhütter Straße	007,036,NE1	Mönchengl Neuwerk Schulzentrum / Mönchengl Liebfrauenstraße	Liebfrauenstraße / Neuwerk Schulzentrum	LINESTRING(6.469424 51.21797,6.469522400000001 51.217985000000006)
122	Mönchengladbach	Bergstraße	de:05116:23355:0:1	51.210626	6.438828	bus	MATCHED_THOUGH_REVERSED_DIR	n4250164154	3.2	0.7	Bergstraße	015,025,035	Mönchengladbach Schürenweg / Mönchengladbach Rembrandtstr.	Elisabethkirche	LINESTRING(6.438828 51.210626,6.438859300000001 51.210605300000005)
123	Mönchengladbach	Bergstraße	de:05116:23355:0:2	51.21061	6.438603	bus	MATCHED_THOUGH_REVERSED_DIR	n4250164155	0.4	0.9	Bergstraße	015,025,035	Mönchengladb. Elisabethkirche	Rembrandtstraße / Schürenweg	LINESTRING(6.438603 51.21061,6.4385972 51.2106098)
124	Mönchengladbach	Berliner Str.	de:05116:23165:0:1	51.15888	6.439663	bus	MATCHED	n4655157204	6.2	0.63	Berliner Straße	006,014,016,NE6	Mönchengladbach Egerstraße / Mönchengladbach Taunusstraße	Egerstraße / Taunusstraße	LINESTRING(6.439663 51.15888,6.439575400000001 51.15889060000001)
125	Mönchengladbach	Berliner Str.	de:05116:23165:0:2	51.158897	6.439726	bus	MATCHED	n4655157205	6.3	0.63	Berliner Straße	006,014,016,NE6	MG Rheydt Hbf / MG Rheydt Hbf	Rheydt Hauptbahnhof	LINESTRING(6.439726 51.158897,6.439815100000001 51.1589024)
126	Mönchengladbach	Bernhardstraße	de:05116:23409:0:1	51.208364	6.482647	bus	MATCHED	n1313874172	6.6	0.76	Bernhardstraße	005,007	Mönchengladbach Am Lauterkamp	Am Lauterkamp	LINESTRING(6.482647 51.208364,6.4826107 51.208418800000004)
127	Mönchengladbach	Bernhardstraße	de:05116:23409:0:2	51.208392	6.482638	bus	MATCHED	n1313874182	10.3	0.68	Bernhardstraße	005,007,NE1	Mönchengladbach Mühlenweg	Mühlenweg	LINESTRING(6.482638 51.208392,6.48278 51.2083675)
128	Mönchengladbach	Biesel	de:05116:23470:0:1	51.169448	6.483213	bus	MATCHED	n4697315996	41.5	0.43	Biesel	020,022	Mönchengladbach Tackhütte	Tackhütte	LINESTRING(6.483213 51.169448,6.483654400000001 51.169198400000006)
129	Mönchengladbach	Birkenallee Friedhof	de:05116:23253:0:1	51.21245	6.422038	bus	MATCHED_THOUGH_REVERSED_DIR	n4093292107	5.1	0.6	Birkenallee Friedhof	009,019	Mönchengladbach Großheide	Stakelberg	LINESTRING(6.422038 51.21245,6.4219724000000005 51.2124706)
130	Mönchengladbach	Birkenallee Friedhof	de:05116:23253:0:2	51.212405	6.422146	bus	MATCHED_THOUGH_REVERSED_DIR	n4093292108	2.8	0.72	Birkenallee Friedhof	009,019	Mönchengladbach Stakelberg	Großheide	LINESTRING(6.422146 51.212405,6.4221858 51.2124083)
131	Mönchengladbach	Bismarckplatz	de:05116:23014:1:1	51.194388	6.443544	bus	MATCHED	n838517348	19.4	0.57	Bismarckplatz	001,002,009,015,017,019,025,036,097,NE5,SB1,SB4,SB81,SB83	Mönchengladbach Hermges / Mönchengl Waldnieler Straße / Mönchengladbach Friedrichstr. / Mönchengladbach Hermges / Mönchengladbach Fliethstraße / Mönchengladbach Fliethstraße	Friedrichstraße / Hermges / Waldnieler Straße / Bleichstraße / Fliethstraße	LINESTRING(6.443544 51.194388,6.4434329 51.194228200000005)
132	Mönchengladbach	Bismarckstraße	de:05116:23013:0:1	51.195565	6.442609	bus	MATCHED	n4250163833	7.7	0.73	Bismarckstraße	001	Mönchengladbach Bismarckplatz	Bismarckplatz	LINESTRING(6.442609 51.195565,6.4425238 51.1955213)
133	Mönchengladbach	Bismarckstraße	de:05116:23013:0:2	51.196037	6.44207	bus	MATCHED	n4250163834	21.1	0.55	Bismarckstraße	001	Mönchengl Kaiser-Friedr.-Halle	Kaiser-Friedrich-Halle	LINESTRING(6.44207 51.196037,6.441963100000001 51.1962142)
134	Mönchengladbach	Bismarckstraße	de:05116:23014:1:2	51.194191	6.443633	bus	MATCHED	n4609580040	9.1	0.55	Bismarckplatz	001,002,005,009,015,017,019,025,036,097,NE4,SB1,SB4,SB81,SB83	MG Hbf /Europaplatz / MG Hbf /Europaplatz / MG Hbf /Europaplatz / MG Hbf /Europaplatz / MG Hbf /Europaplatz / MG Hbf /Europaplatz / MG Hbf /Europaplatz / MG Hbf /Europaplatz / Mönchengladbach Bismarckstraße / MG Hbf /Europaplatz	H 17 / Bismarckstraße / H 20 / H 7 / H 3 / H 12 / H 18 / H 19	LINESTRING(6.443633 51.194191,6.443743700000001 51.1942347)
135	Mönchengladbach	Bleichstraße	de:05116:23139:0:1	51.190723	6.432548	bus	MATCHED	n4654040796	137.2	0.25	Bleichstraße	005,015,017,025,036	Mönchengladbach Geroplatz / Mönchengladbach Geroplatz	Geroplatz	LINESTRING(6.432548 51.190723,6.434354900000001 51.1902417)
136	Mönchengladbach	Bleichstraße	de:05116:23139:0:2	51.190791	6.433608	bus	MATCHED	n4675344039	8.0	0.73	Bleichstraße	015,017,025	Mönchenglad. Musikschule/VHS	Musikschule / VHS	LINESTRING(6.433608 51.190791,6.433705300000001 51.19082950000001)
137	Mönchengladbach	Bockmühlstraße	de:05116:23475:0:1	51.132478	6.463396	bus	MATCHED	n7372741032	5.2	0.79	Bockmühlstraße	022	Mönchengladbach Merodestraße	Merodestraße	LINESTRING(6.463396 51.132478,6.463460100000001 51.1324539)
138	Mönchengladbach	Bogenstraße	de:05116:23338:0:1	51.158266	6.413926	bus	MATCHED	n2528364537	2.2	0.88	Bogenstraße	004,019	Mönchengladbach Hirschweg	Hirschweg	LINESTRING(6.413926 51.158266,6.4139426 51.1582492)
139	Mönchengladbach	Bonnenbroich Spark.	de:05116:23172:0:1	51.181241	6.459552	bus	MATCHED	n440219180	6.8	0.69	Bonnenbroich Sparkasse	006,016	Mönchengladbach Köhlersfahrt / Mönchengl. Bonnenbroicher Str.	Köhlersfahrt / Bonnenbroicher Straße	LINESTRING(6.459552 51.181241,6.4595191000000005 51.1811833)
140	Mönchengladbach	Bonnenbroich Spark.	de:05116:23172:0:2	51.181359	6.460001	bus	MATCHED	n440175763	4.9	0.74	Bonnenbroich Sparkasse	006,016	Mönchengl. Scheidt & Bachmann	Scheidt & Bachmann	LINESTRING(6.460001 51.181359,6.459936300000001 51.1813756)
141	Mönchengladbach	Bonnenbroich Spark.	de:05116:23172:0:3	51.18177	6.46063	bus	MATCHED	n7369973189	21.2	0.52	Bonnenbroich Sparkasse	008,NE3	Mönchengladbach Köhlersfahrt / Mönchengl. Bonnenbroicher Str.	Bonnenbroicher Straße / Köhlersfahrt	LINESTRING(6.46063 51.18177,6.4604238 51.1819092)
142	Mönchengladbach	Bonnenbroich Spark.	de:05116:23172:0:4	51.181962	6.460486	bus	MATCHED	n7369405516	19.3	0.53	Bonnenbroich Sparkasse	008	Mönchengl. Stiegerfeldstraße	Stiegerfeldstraße	LINESTRING(6.460486 51.181962,6.4606623 51.181829)
143	Mönchengladbach	Bonnenbroicher Str.	de:05116:23171:0:1	51.178769	6.462723	bus	MATCHED	n440239735	8.2	0.62	Bonnenbroicher Straße	006,NE3	Mönchengladbach Memelstraße	Memelstraße	LINESTRING(6.462723 51.178769,6.462714 51.1786955)
144	Mönchengladbach	Bonnenbroicher Str.	de:05116:23171:0:2	51.179186	6.462426	bus	MATCHED	n440172608	3.0	0.73	Bonnenbroicher Straße	006	Mönchengl. Bonnenbroich Spark.	Bonnenbroich Sparkasse	LINESTRING(6.462426 51.179186,6.4624689 51.179181500000006)
145	Mönchengladbach	Bootstraße	de:05116:23093:0:1	51.166029	6.432369	bus	MATCHED	n4653923459	7.7	0.73	Bootstraße	004,019,020,022,NE4	Mönchengladbach Mittelstraße	Mittelstraße	LINESTRING(6.432369 51.166029,6.4323953000000005 51.1659614)
146	Mönchengladbach	Bootstraße	de:05116:23093:0:2	51.167122	6.431057	bus	MATCHED	n314428412	4.4	0.81	Bootstraße	004,019,020,022	Mönchengl Dahlener Str.Friedh. / Mönchengladbach Urftstraße	Dahlener Straße Friedhof / Urftstraße	LINESTRING(6.431057 51.167122,6.4310758 51.167160100000004)
147	Mönchengladbach	Boschstraße	de:05116:23376	51.145475	6.408994		NO_MATCH_AND_SEEMS_UNSERVED								POINT(6.408994 51.145475)
148	Mönchengladbach	Bozener Straße	de:05116:23177:0:1	51.203349	6.451997	bus	MATCHED	n4086106923	3.9	0.82	Bozener Straße	036	Mönchengl Alsstr. Unterführung	Alsstraße Unterführung	LINESTRING(6.451997 51.203349,6.4519862 51.203383)
149	Mönchengladbach	Bozener Straße	de:05116:23177:0:2	51.203147	6.452365	bus	MATCHED	n4086106922	5.4	0.78	Bozener Straße	036	Mönchengladbach Voltastraße	Voltastraße	LINESTRING(6.452365 51.203147,6.4523421 51.203101100000005)
150	Mönchengladbach	Breite Straße	de:05116:23425:0:1	51.177344	6.44243	bus	MATCHED	n4092082008	8.8	0.71	Breite Straße	019	Mönchengl. Webschulstraße	Webschulstraße	LINESTRING(6.44243 51.177344,6.4424481 51.1774226)
151	Mönchengladbach	Breite Straße	de:05116:23425:0:2	51.177108	6.442268	bus	MATCHED	n4092082007	2.8	0.86	Breite Straße	019	Mönchengladbach Amtsgericht	Amtsgericht	LINESTRING(6.442268 51.177108,6.4422408 51.1770896)
152	Mönchengladbach	Breiter Graben	de:05116:23072:0:1	51.206664	6.39092	bus	MATCHED	n12439052338	29.5	1.0	Breiter Graben	008,NE2	Mönchengladbach Eselsweg / Mönchengladbach Leostraße	Leostraße	LINESTRING(6.39092 51.206664,6.3911195 51.2068978)
153	Mönchengladbach	Breiter Graben	de:05116:23072:0:2	51.206473	6.390822	bus	MATCHED	n287753272	3.2	1.0	Breiter Graben	033	Mönchengladbach Eselsweg	Eselsweg	LINESTRING(6.390822 51.206473,6.390826400000001 51.2064442)
154	Mönchengladbach	Breiter Graben	de:05116:23072:0:3	51.206676	6.390911	bus	MATCHED	n12803778461	30.2	1.0	Breiter Graben	008	Mönchengladbach Eselsweg	Eselsweg	LINESTRING(6.390911 51.206676,6.3910231 51.206938400000006)
155	Mönchengladbach	Broich Kapellchen	de:05116:23531:0:1	51.155894	6.345034	bus	MATCHED	n7512726905	10.6	0.68	Broich Kapellchen	025,026,027	Mönchengladbach Wyenhütte	Wyenhütte	LINESTRING(6.345034 51.155894,6.3449603 51.1558104)
156	Mönchengladbach	Broich Kapellchen	de:05116:23531:0:2	51.155821	6.344981	bus	MATCHED	n7512726907	12.3	0.65	Broich Kapellchen	025,026	Mönchengladbach Weg nach Woof	Weg nach Woof	LINESTRING(6.344981 51.155821,6.3451573 51.1558227)
157	Mönchengladbach	Broich Schule	de:05116:23529:0:1	51.160209	6.333931	bus	MATCHED	n4741626291	1.3	0.87	Broich Schule	025,026,AST	Mönchengladbach Weg nach Woof / Mönchengladbach Genhodder	Weg nach Woof	LINESTRING(6.333931 51.160209,6.333913000000001 51.160207)
158	Mönchengladbach	Broich Schule	de:05116:23529:0:2	51.159635	6.334569	bus	MATCHED	n2853140230	3.0	0.78	Broich Schule	025,026	Mönchengladbach Genhodder	Genhodder / Weg nach Woof	LINESTRING(6.334569 51.159635,6.334600200000001 51.1596533)
159	Mönchengladbach	Bruchstraße	de:05116:23875:0:1	51.155082	6.460351	bus	MATCHED	n7371753734	78.6	0.33	Bruchstraße	020,022	Mönchengladbach Altmülfort	Altmülfort	LINESTRING(6.460351 51.155082,6.4614751 51.155080600000005)
160	Mönchengladbach	Bruchstraße	de:05116:23875:0:2	51.155077	6.460567	bus	MATCHED	n7372572329	13.2	0.64	Bruchstraße	020,022	Mönchengladbach Brückenstraße	Brückenstraße	LINESTRING(6.460567 51.155077,6.4607358 51.1550244)
161	Mönchengladbach	Brunnenstraße	de:05116:23246:0:1	51.18324	6.43651	bus	MATCHED	n604976999	8.9	0.71	Brunnenstraße	009	Mönchengladbach Hephata	Hephata	LINESTRING(6.43651 51.18324,6.436577300000001 51.1831723)
162	Mönchengladbach	Brunnenstraße	de:05116:23246:0:2	51.183308	6.436681	bus	MATCHED	n604981238	4.3	0.82	Brunnenstraße	009	Mönchengladbach Aktienstraße	Aktienstraße	LINESTRING(6.436681 51.183308,6.436665700000001 51.183345)
163	Mönchengladbach	Brückenstraße	de:05116:23456:0:1	51.15524	6.465714	bus	MATCHED_THOUGH_REVERSED_DIR	n7372572326	4.5	0.63	Brückenstraße	020,022	Mönchengladbach Bruchstraße	Am Torfbend	LINESTRING(6.465714 51.15524,6.4657524 51.1552073)
164	Mönchengladbach	Brückenstraße	de:05116:23456:0:2	51.155032	6.465507	bus	MATCHED_THOUGH_REVERSED_DIR	n7371753739	6.4	0.55	Brückenstraße	020,022	Mönchengladbach Am Torfbend	Bruchstraße	LINESTRING(6.465507 51.155032,6.465518500000001 51.1550889)
165	Mönchengladbach	Buchenhof	de:05116:23121:0:1	51.193943	6.465166		NO_MATCH_AND_SEEMS_UNSERVED								POINT(6.465166 51.193943)
166	Mönchengladbach	Buchholz Kirche	de:05116:23563:0:1	51.11801	6.357692	bus	MATCHED	n7369905824	4.5	0.81	Buchholz Kirche	016	Mönchengl. Laurentiusstraße	Laurentiusstraße	LINESTRING(6.357692 51.11801,6.357644400000001 51.1180375)
167	Mönchengladbach	Buchholz Kirche	de:05116:23563:0:2	51.118044	6.35779	bus	MATCHED	n7369905826	4.8	0.8	Buchholz Kirche	016,AST,NE6	MG Buchholz Wendeplatz	Buchholz Wendeplatz	LINESTRING(6.35779 51.118044,6.357844900000001 51.1180187)
168	Mönchengladbach	Buchholz Kreuzung	de:05116:23561:0:1	51.113894	6.352985	bus	MATCHED	n7369610966	36.4	0.45	Buchholz Kreuzung	016	Mönchengl Am Emil-Esser-Platz	Am Emil-Esser-Platz	LINESTRING(6.352985 51.113894,6.3526847 51.114161100000004)
169	Mönchengladbach	Buchholz Kreuzung	de:05116:23561:0:2	51.113837	6.353029	bus	MATCHED	n7369610968	8.1	0.72	Buchholz Kreuzung	016	Mönchengl. Buchholz Kirche / Mönchengl. Laurentiusstraße	Laurentiusstraße	LINESTRING(6.353029 51.113837,6.353020600000001 51.1139098)
170	Mönchengladbach	Buhsen	de:05116:23526:0:1	51.169989	6.333563	bus	MATCHED	n7512726927	5.6	0.67	Buhsen	025,026,AST	Mönchengladbach Weg nach Peel / Mönchengladbach Koch	Koch	LINESTRING(6.333563 51.169989,6.3336088 51.1699478)
171	Mönchengladbach	Buhsen	de:05116:23526:0:2	51.170051	6.334371	bus	MATCHED_THOUGH_REVERSED_DIR	n7512726929	6.8	0.53	Buhsen	025,026	Mönchengladbach Koch	Weg nach Peel	LINESTRING(6.334371 51.170051,6.3342793 51.170071500000006)
172	Mönchengladbach	Bungt	de:05116:23123:0:1	51.18994	6.470062	bus	MATCHED	n4795302880	8.8	0.7	Bungt	005	Mönchengladbach Volksbad	Volksbad	LINESTRING(6.470062 51.18994,6.4701474 51.189998)
173	Mönchengladbach	Bungt	de:05116:23123:0:2	51.189619	6.470026	bus	MATCHED	n7365469257	6.9	0.74	Bungt	005	Mönchengladbach Bungtstraße	Bungtstraße	LINESTRING(6.470026 51.189619,6.4699458000000005 51.1895831)
174	Mönchengladbach	Bungtstraße	de:05116:23124:0:1	51.188471	6.467151	bus	MATCHED	n4795302881	4.0	0.81	Bungtstraße	005	Mönchengladbach Bungt	Bungt	LINESTRING(6.467151 51.188471,6.4671782 51.188439300000006)
175	Mönchengladbach	Bungtstraße	de:05116:23124:0:2	51.188544	6.467412	bus	MATCHED	n11964181047	24.3	0.52	Bungtstraße	005	Mönchengl Volksgarten Restaur.	Volksgarten Restaurant	LINESTRING(6.467412 51.188544,6.4677047000000005 51.188661100000004)
176	Mönchengladbach	Bunter Garten	de:05116:23357:0:1	51.204149	6.436681	bus	MATCHED	n4089674966	5.3	0.79	Bunter Garten	015,025	Mönchengl Kaiser-Friedr.-Halle	Kaiser-Friedrich-Halle	LINESTRING(6.436681 51.204149,6.436724600000001 51.204109900000006)
177	Mönchengladbach	Bunter Garten	de:05116:23357:0:2	51.204796	6.436734	bus	MATCHED	n4171168871	4.1	0.82	Bunter Garten	015,025	Mönchengladbach Schürenweg	Schürenweg	LINESTRING(6.436734 51.204796,6.4367922 51.204796)
178	Mönchengladbach	Burgbongert	de:05116:23422:0:1	51.129456	6.450497	bus	MATCHED	n268745403	4.5	0.81	Burgbongert	022	Mönchengl. Laurentiuskirche / Mönchengl. Schleestraße	Laurentiuskirche / Schleestraße	LINESTRING(6.450497 51.129456,6.4505372 51.1294247)
179	Mönchengladbach	Burggrafenstraße	de:05116:23145:0:1	51.194028	6.422209	bus	MATCHED	n285179511	1.5	0.9	Burggrafenstraße	005,013,015,023,025,NE4	Mönchengladbach Sternstraße / Mönchengl. Waldhausen Kirche / Mönchengl. Waldhausener Höhe	Waldhausener Höhe / Sternstraße / Waldhausen Kirche	LINESTRING(6.422209 51.194028,6.422214 51.1940411)
180	Mönchengladbach	Burggrafenstraße	de:05116:23145:0:2	51.194152	6.42123	bus	MATCHED	n285179505	9.5	0.69	Burggrafenstraße	005,013,015,023,025	Mönchengl Waldnieler Straße / Mönchengl Waldnieler Straße	Waldnieler Straße	LINESTRING(6.42123 51.194152,6.4213059 51.19408120000001)
181	Mönchengladbach	Burgmühle	de:05116:23033:0:1	51.135104	6.452769	bus	MATCHED	n2331748698	5.5	0.77	Burgmühle	001,002,026,NE6	Mönchengl. Laurentiuskirche / Mönchengl. Manderscheider Str.	Laurentiuskirche / Manderscheider Straße	LINESTRING(6.452769 51.135104,6.4527353000000005 51.135149000000006)
182	Mönchengladbach	Burgmühle	de:05116:23033:0:2	51.134879	6.452832	bus	MATCHED	n445007259	5.0	0.79	Burgmühle	001,002,026	MG Straßburger Allee / Möncheng Odenkirchen Gymnasium / Möncheng OdenkirchenTiergarten	Odenkirchen Tiergarten	LINESTRING(6.452832 51.134879,6.4528932 51.134901400000004)
183	Mönchengladbach	Burgmühle	de:05116:23033:0:3	51.134766	6.451943	bus	MATCHED	n4697316028	3.8	0.85	Burgmühle	020,022,026,097	MG Straßburger Allee	Straßburger Allee	LINESTRING(6.451943 51.134766,6.451977800000001 51.1347925)
184	Mönchengladbach	Burgmühle	de:05116:23033:0:4	51.134682	6.452123	bus	MATCHED	n1581924541	6.1	0.79	Burgmühle	020,022,026,097	Mönchengl. Laurentiuskirche / Mönchengl. Schleestraße / Mönchengl. Laurentiuskirche	Schleestraße / Laurentiuskirche	LINESTRING(6.452123 51.134682,6.452104 51.1346288)
185	Mönchengladbach	Bylandtstraße	de:05116:23096:0:1	51.168378	6.455285	bus	MATCHED	n4653923455	7.7	0.73	Bylandtstraße	004,006,008	Mönchengladbach Geneicken Bf	Geneicken Bahnhof	LINESTRING(6.455285 51.168378,6.455368300000001 51.1683322)
186	Mönchengladbach	Bäumchesweg	de:05116:23445:0:1	51.157522	6.430734	bus	MATCHED_THOUGH_REVERSED_DIR	n4697316012	2.5	0.74	Bäumchesweg	020,022	Mönchengladbach Schmölderpark	Eisenbahnstraße	LINESTRING(6.430734 51.157522,6.4307337 51.1574996)
187	Mönchengladbach	Bäumchesweg	de:05116:23445:0:2	51.157567	6.431246	bus	MATCHED_THOUGH_REVERSED_DIR	n4697316010	3.2	0.7	Bäumchesweg	020,022	Mönchengladbach Eisenbahnstr.	Schmölderpark	LINESTRING(6.431246 51.157567,6.4312487 51.157595500000006)
188	Mönchengladbach	Böcklinstraße	de:05116:1:4:23223	51.180306	6.407746	bus	NO_MATCH_BUT_OTHER_PLATFORM_MATCHED					014,017	Mönchengladbach Lilienthalstr.		POINT(6.407746 51.180306)
189	Mönchengladbach	Böcklinstraße	de:05116:23223:0:1	51.179383	6.405626		NO_MATCH_AND_SEEMS_UNSERVED								POINT(6.405626 51.179383)
190	Mönchengladbach	Böcklinstraße	de:05116:23223:0:2	51.17949	6.405976		NO_MATCH_AND_SEEMS_UNSERVED								POINT(6.405976 51.17949)
191	Mönchengladbach	Böcklinstraße	de:05116:23223:0:3	51.179659	6.406219		NO_MATCH_AND_SEEMS_UNSERVED								POINT(6.406219 51.179659)
192	Mönchengladbach	Böcklinstraße	de:05116:23223:1:1	51.179383	6.405626	bus	MATCHED	n4656995679	24.4	1.0	Böcklinstraße	007,035	Mönchengladbach Lilienthalstr.	Lilienthalstraße	LINESTRING(6.405626 51.179383,6.405341300000001 51.1792561)
193	Mönchengladbach	Böcklinstraße	de:05116:23223:1:2	51.17949	6.405976	bus	MATCHED	n4656995681	17.4	1.0	Böcklinstraße	014,017,NE5	Mönchengladbach Engelsholt / Mönchengladbach Holt Kirche	Engelsholt / Holt Kirche	LINESTRING(6.405976 51.17949,6.405874900000001 51.1793467)
194	Mönchengladbach	Böcklinstraße	de:05116:23223:1:3	51.180194	6.406901	bus	MATCHED	n13249394708	30.9	1.0	Böcklinstraße	007,035	Mönchengladbach Immelmannstr. / Mönchengladbach Holt Kirche	Immelmannstraße / Holt Kirche	LINESTRING(6.406901 51.180194,6.407225400000001 51.1803827)
195	Mönchengladbach	Böningstr.	de:05116:23439:0:1	51.150671	6.427688	bus	MATCHED	n7371756588	4.1	0.68	Böningstraße	020,022	Mönchengl. Hockstein Kirche	Hockstein Kirche	LINESTRING(6.427688 51.150671,6.4277457 51.150664600000006)
196	Mönchengladbach	Böningstr.	de:05116:23439:0:2	51.150597	6.427796	bus	MATCHED	n7372572302	4.5	0.67	Böningstraße	020,022	Mönchengladbach Reststrauch	Reststrauch	LINESTRING(6.427796 51.150597,6.4277378 51.150579400000005)
197	Mönchengladbach	Cecilienstraße	de:05116:23019:0:1	51.176375	6.438935	bus	MATCHED	n2208515866	7.2	0.74	Cecilienstraße	001,002	Mönchengladbach Nordstraße	Nordstraße	LINESTRING(6.438935 51.176375,6.4388471 51.176342000000005)
198	Mönchengladbach	Cecilienstraße	de:05116:23019:0:2	51.176184	6.438962	bus	MATCHED	n2208515873	7.6	0.73	Cecilienstraße	001,002	Mönchengladbach Hochschule	Hochschule	LINESTRING(6.438962 51.176184,6.439044300000001 51.1761393)
199	Mönchengladbach	Chur	de:05116:23552:0:1	51.114695	6.392582	bus	MATCHED_THOUGH_DISTANT	n13272669251	348.8	0.05	Chur	016	Mönchengl. Abzw. Buchholz		LINESTRING(6.392582 51.114695,6.3949498 51.1119362)
200	Mönchengladbach	Chur	de:05116:23552:0:2	51.114593	6.392627	bus	MATCHED_THOUGH_DISTANT	n13272669248	314.6	0.06	Chur	016,AST,NE6	Mönchengladbach An der Wey / Mönchengl. Abzw. Buchholz / Mönchengl. Beckrather Dorfstr.		LINESTRING(6.392627 51.114593,6.3949221000000005 51.112162500000004)
201	Mönchengladbach	Clemens-August-Str.	de:05116:23036:0:1	51.140673	6.460827	bus	MATCHED	n957005546	10.6	0.43	Clemens-August-Straße	001,002	Mönchengl.Kamphaus.Höhe Kirche	Kamphausener Höhe Kirche	LINESTRING(6.460827 51.140673,6.460676500000001 51.140663700000005)
202	Mönchengladbach	Dahl Wasserwerk	de:05116:23244:0:1	51.180526	6.426907	bus	MATCHED	n848712674	15.8	0.61	Dahl Wasserwerk	009	Mönchengladbach Aktienstraße	Aktienstraße	LINESTRING(6.426907 51.180526,6.4271276 51.1805559)
203	Mönchengladbach	Dahl Wasserwerk	de:05116:23244:0:2	51.180582	6.427042	bus	MATCHED	n848712669	15.1	0.62	Dahl Wasserwerk	009	Mönchengladbach Seilerweg	Seilerweg	LINESTRING(6.427042 51.180582,6.4268364 51.180541600000005)
204	Mönchengladbach	Dahlener Heide	de:05116:23227:0:1	51.169189	6.387588	bus	MATCHED	n3423134900	8.1	0.72	Dahlener Heide	007,017	Mönchengladbach Dorthausen	Dorthausen	LINESTRING(6.387588 51.169189,6.387475200000001 51.169206900000006)
205	Mönchengladbach	Dahlener Heide	de:05116:23227:0:2	51.168958	6.387498	bus	MATCHED	n2324258209	6.2	0.76	Dahlener Heide	007,017,NE5	Mönchengladbach Am Nordpark / MG Nordpark Busbhf.	Am Nordpark / Nordpark Busbahnhof	LINESTRING(6.387498 51.168958,6.387559400000001 51.1689172)
206	Mönchengladbach	Dahler Weg	de:05116:23383:0:1	51.124404	6.398951	bus	MATCHED	n7369620698	5.6	0.67	Dahler Weg	016,NE6	Mönchengl. Am Sebastianspfad / Mönchengl. Wickrath Siedlung	Wickrath Siedlung	LINESTRING(6.398951 51.124404,6.3989856000000005 51.124358400000006)
207	Mönchengladbach	Dahler Weg	de:05116:23383:0:2	51.124489	6.399481	bus	MATCHED_THOUGH_REVERSED_DIR	n7369620696	4.0	0.65	Dahler Weg	016,AST	Mönchengl. Wickrath Siedlung	Am Sebastianspfad	LINESTRING(6.399481 51.124489,6.3994701 51.1245239)
208	Mönchengladbach	Daimlerstraße	de:05116:23377:0:1	51.141913	6.411752	bus	MATCHED	n7369592527	111.4	0.28	Daimlerstraße	016	Mönchengl. Adolf-Kempken-Weg	Adolf-Kempken-Weg	LINESTRING(6.411752 51.141913,6.4102335 51.1416138)
209	Mönchengladbach	Daimlerstraße	de:05116:23377:0:2	51.141806	6.411186	bus	MATCHED	n11100976789	29.7	0.32	Daimlerstraße	016	Mönchengladbach Reinartz		LINESTRING(6.411186 51.141806,6.4108098 51.1416819)
210	Mönchengladbach	Dammer Feld	de:05116:23665:0:1	51.221475	6.477743	bus	MATCHED_THOUGH_REVERSED_DIR	n7366281921	6.1	0.56	Dammer Feld	025,036	Mönchengladbach Polizeipräsidium	Neuwerk Markt	LINESTRING(6.477743 51.221475,6.477799500000001 51.2215166)
211	Mönchengladbach	Dammer Feld	de:05116:23665:0:2	51.221211	6.477787	bus	MATCHED_THOUGH_REVERSED_DIR	n7366337709	4.4	0.63	Dammer Feld	025,036	Mönchengladbach Neuwerk Markt / Mönchengladbach Neuwerk Markt	Polizeipräsidium	LINESTRING(6.477787 51.221211,6.477757400000001 51.2211762)
212	Mönchengladbach	Dammer Straße	de:05116:23184:0:1	51.220429	6.479422	bus	MATCHED	n1336441431	81.4	0.32	Dammer Straße	010	Mönchengl. Schonskanterweg	Schonskanterweg	LINESTRING(6.479422 51.220429,6.480376400000001 51.220009000000005)
213	Mönchengladbach	Dammer Straße	de:05116:23184:0:2	51.220361	6.47962	bus	MATCHED	n1323453358	28.8	0.49	Dammer Straße	010	Mönchengladbach Polizeipräsidium	Polizeipräsidium	LINESTRING(6.47962 51.220361,6.479985800000001 51.2202416)
214	Mönchengladbach	Dammer Straße	de:05116:23184:0:3	51.220558	6.479108		NO_MATCH_AND_SEEMS_UNSERVED								POINT(6.479108 51.220558)
215	Mönchengladbach	Dammer Straße	de:05116:23184:0:4	51.220609	6.479009		NO_MATCH_AND_SEEMS_UNSERVED								POINT(6.479009 51.220609)
216	Mönchengladbach	Dionysiusstr.	de:05116:23466:0:1	51.152874	6.485989		MATCHED	n7372741042	4.6	0.43	Dionysiusstraße			Arnoldstraße	LINESTRING(6.485989 51.152874,6.4860468000000004 51.1528537)
217	Mönchengladbach	Dionysiusstr.	de:05116:23466:0:2	51.153257	6.485944		NO_MATCH_AND_SEEMS_UNSERVED								POINT(6.485944 51.153257)
218	Mönchengladbach	Dionysiusstr.	de:05116:23466:0:3	51.152271	6.485881		NO_MATCH_AND_SEEMS_UNSERVED								POINT(6.485881 51.152271)
219	Mönchengladbach	Dionysiusstr.	de:05116:23466:0:4	51.152355	6.485845		NO_MATCH_AND_SEEMS_UNSERVED								POINT(6.485845 51.152355)
220	Mönchengladbach	Dionysiusstr.	de:05116:23466:1:1	51.15302	6.485935	bus	NO_MATCH_BUT_OTHER_PLATFORM_MATCHED					022	Mönchengladbach Arnoldstraße		POINT(6.485935 51.15302)
221	Mönchengladbach	Dionysiusstr.	de:05116:23466:1:2	51.153257	6.485944	bus	MATCHED	n7372741036	4.3	0.65	Dionysiusstraße	022	Mönchengladbach Eberhardstraße	Eberhardstraße	LINESTRING(6.485944 51.153257,6.4860031000000005 51.15326820000001)
222	Mönchengladbach	Dohler Straße	de:05116:23169:0:1	51.175007	6.466388	bus	MATCHED	n7369405571	25.3	0.52	Dohler Straße	008	Mönchengl. Franziskuskirche	Franziskuskirche	LINESTRING(6.466388 51.175007,6.4660375000000005 51.1749522)
223	Mönchengladbach	Dohler Straße	de:05116:23169:0:2	51.175007	6.466433	bus	MATCHED	n7369405573	10.8	0.68	Dohler Straße	008	Mönchengladbach Merowingerstr.	Merowingerstraße	LINESTRING(6.466433 51.175007,6.466587400000001 51.175000100000005)
224	Mönchengladbach	Dohrer Straße	de:05116:23460:0:1	51.150473	6.460926	bus	MATCHED_THOUGH_REVERSED_DIR	n2358285828	7.4	0.51	Dohrer Straße	014,020,022,NE3	Mönchengladbach Römerbrunnen	Altmülfort / Giesenkirchener Straße	LINESTRING(6.460926 51.150473,6.4609104 51.150539)
225	Mönchengladbach	Dohrer Straße	de:05116:23460:0:2	51.150349	6.461339	bus	MATCHED_THOUGH_REVERSED_DIR	n2358285916	4.0	0.65	Dohrer Straße	014,020,022	Mönchengl Giesenkirchener Str. / Mönchengladbach Altmülfort	Römerbrunnen	LINESTRING(6.461339 51.150349,6.461377400000001 51.1503219)
226	Mönchengladbach	Dohrweg	de:05116:23870:0:1	51.215314	6.47644	bus	MATCHED	n4656996001	5.4	0.68	Dohrweg	005,007,035	Mönchengladbach Am Baumhof / Mönchengl. Jakobshöhe / Mönchengladbach Uedding Kirche	Uedding Kirche / Jakobshöhe	LINESTRING(6.47644 51.215314,6.4764051 51.2152704)
227	Mönchengladbach	Dohrweg	de:05116:23870:0:2	51.215432	6.476233	bus	MATCHED	n4656996002	7.0	0.63	Dohrweg	005,010,035,NE1	Mönchengladbach Am Baumhof / Mönchengladbach Uedding Kirche / Mönchengladbach Klumpenstraße	Am Baumhof / Klumpenstraße	LINESTRING(6.476233 51.215432,6.476313 51.215470200000006)
228	Mönchengladbach	Donk Wendeplatz	de:05116:23347:0:1	51.2374	6.462435	bus	MATCHED	n324318543	5.6	0.67	Donk Wendeplatz	015	Mönchengladbach Neuwerk Donk	Neuwerk Donk	LINESTRING(6.462435 51.2374,6.4625012 51.237429000000006)
229	Mönchengladbach	Dorthausen	de:05116:23228:0:1	51.165989	6.379943	bus	MATCHED	n7367216606	6.5	0.76	Dorthausen	007,017,025,NE4	Mönchengl. Kothausen / Mönchengl. Kothausen Kapelle	Kothausen / Kothausen Kapelle	LINESTRING(6.379943 51.165989,6.379868 51.166023)
230	Mönchengladbach	Dorthausen	de:05116:23228:0:2	51.166355	6.381129	bus	MATCHED	n7367216612	2.6	0.87	Dorthausen	007,017,NE5	Mönchengladb. Dahlener Heide	Dahlener Heide	LINESTRING(6.381129 51.166355,6.381166400000001 51.166358300000006)
231	Mönchengladbach	Dorthausen	de:05116:23228:0:4	51.166755	6.379772	bus	MATCHED	n7368839687	4.9	0.8	Dorthausen	025	Mönchengl. Wolfsittard Hoven	Wolfsittard Hoven	LINESTRING(6.379772 51.166755,6.379839400000001 51.166766700000004)
232	Mönchengladbach	Druckerstraße	de:05116:23344:0:1	51.16702	6.460639	bus	MATCHED	n7487589161	23.9	0.53	Druckerstraße	SB4	Mönchengl. Am Sternenfeld	Am Sternenfeld	LINESTRING(6.460639 51.16702,6.460979200000001 51.1670371)
233	Mönchengladbach	Druckerstraße	de:05116:23344:0:2	51.167076	6.460899	bus	MATCHED	n960187315	13.6	0.64	Druckerstraße	NE3,SB4	Mönchengladbach, Kronenstraße	Kronenstraße	LINESTRING(6.460899 51.167076,6.4607079 51.167096)
234	Mönchengladbach	Duvenstraße	de:05116:23642:0:1	51.148129	6.450137	bus	MATCHED_THOUGH_REVERSED_DIR	n7371570569	2.1	0.76	Duvenstraße	014,097	Mönchengl Beller Mühle Sportpl / Mönchengl. Geistenbecker Str.	Mülfort / Giesenkirchener Straße	LINESTRING(6.450137 51.148129,6.450167 51.148126000000005)
235	Mönchengladbach	Duvenstraße	de:05116:23642:0:2	51.147971	6.450047	bus	MATCHED_THOUGH_REVERSED_DIR	n7371491578	4.9	0.61	Duvenstraße	014,097,NE6	Mönchengl Giesenkirchener Str. / Mönchengladbach Mülfort / Mönchengl Giesenkirchener Str.	Beller Mühle Sportplatz / Geistenbecker Straße	LINESTRING(6.450047 51.147971,6.4499908 51.1479445)
236	Mönchengladbach	Dyker Weg	de:05116:23051:0:1	51.225548	6.44437	bus	MATCHED	n324344533	9.5	0.69	Dyker Weg	003,007	Mönchengl Bettrath Kirche	Bettrath Kirche	LINESTRING(6.44437 51.225548,6.444307500000001 51.2254719)
237	Mönchengladbach	Dyker Weg	de:05116:23051:0:2	51.225425	6.444792	bus	MATCHED	n757336730	5.5	0.77	Dyker Weg	003,007	Mönchengladbach Eschenhof	Eschenhof	LINESTRING(6.444792 51.225425,6.4448433000000005 51.2254626)
238	Mönchengladbach	Dülkener Str.	de:05116:23064:0:1	51.197777	6.416837	bus	MATCHED	n4653149898	3.6	0.74	Dülkener Straße	003,033	Mönchengladbach Nicodemstraße	Nicodemstraße	LINESTRING(6.416837 51.197777,6.4167926 51.197793700000005)
239	Mönchengladbach	Dülkener Str.	de:05116:23064:0:2	51.197574	6.417735	bus	MATCHED	n4653149901	3.5	0.74	Dülkener Straße	003,033,NE2	Mönchengladbach Sternstraße	Sternstraße	LINESTRING(6.417735 51.197574,6.417701200000001 51.197551100000005)
240	Mönchengladbach	Ebelshof	de:05116:23275:0:1	51.205995	6.410575	bus	MATCHED	n4660164508	6.6	0.76	Ebelshof	008,010,NE2	Mönchengladbach Kärntner Str.	Kärntner Straße	LINESTRING(6.410575 51.205995,6.410669 51.205994800000006)
241	Mönchengladbach	Ebelshof	de:05116:23275:0:2	51.205831	6.410683	bus	MATCHED	n4660164507	13.1	0.64	Ebelshof	008,010	Mönchengladbach Annakirchstr. / Mönchengladbach, Annaplatz	Annakirchstraße / Annaplatz	LINESTRING(6.410683 51.205831,6.410530100000001 51.2058985)
242	Mönchengladbach	Eberhardstraße	de:05116:23465:0:1	51.152034	6.484121		NO_MATCH_AND_SEEMS_UNSERVED								POINT(6.484121 51.152034)
243	Mönchengladbach	Eberhardstraße	de:05116:23465:0:2	51.151995	6.48395		NO_MATCH_AND_SEEMS_UNSERVED								POINT(6.48395 51.151995)
244	Mönchengladbach	Eberhardstraße	de:05116:23465:1:1	51.151905	6.483348	bus	MATCHED	n6519048509	48.5	0.4	Eberhardstraße	014,022,NE3	Mönchengladbach Waater Straße / Mönchengladbach Dionysiusstr.	Waater Straße / Dionysiusstraße	LINESTRING(6.483348 51.151905,6.4827037 51.1517453)
245	Mönchengladbach	Eberhardstraße	de:05116:23465:1:2	51.152006	6.483977	bus	MATCHED	n7371491580	48.7	0.4	Eberhardstraße	014,022	Mönchengladbach Kruchenstraße	Kruchenstraße	LINESTRING(6.483977 51.152006,6.4832915 51.151931600000005)
246	Mönchengladbach	Egerstraße	de:05116:23345:0:1	51.156091	6.441217	bus	MATCHED	n7371491565	14.6	0.61	Egerstraße	014	Mönchengladbach Gotzweg	Gotzweg	LINESTRING(6.441217 51.156091,6.441063700000001 51.1560019)
247	Mönchengladbach	Egerstraße	de:05116:23345:0:2	51.156097	6.441118	bus	MATCHED	n7371491567	8.9	0.7	Egerstraße	014	Mönchengladbach Berliner Str.	Berliner Straße	LINESTRING(6.441118 51.156097,6.4412421 51.156114200000005)
248	Mönchengladbach	Ehrenstraße	de:05116:23056:0:1	51.219945	6.453811	bus	MATCHED	n4653149667	7.0	0.75	Ehrenstraße	002,003	Mönchengladbach Am Woltershof	Am Woltershof	LINESTRING(6.453811 51.219945,6.4537133 51.2199303)
249	Mönchengladbach	Ehrenstraße	de:05116:23056:0:2	51.220699	6.454243	bus	MATCHED	n4653149668	4.5	0.81	Ehrenstraße	002,003	Mönchengladbach Hoven Kreuz / Mönchengl Bettrath Kirche	Bettrath Kirche / Hoven Kreuz	LINESTRING(6.454243 51.220699,6.454308 51.220696700000005)
250	Mönchengladbach	Eibenstraße	de:05116:23446:0:1	51.154823	6.429296	bus	MATCHED	n7371753773	5.0	0.8	Eibenstraße	020,022	Mönchengladbach Eisenbahnstr.	Eisenbahnstraße	LINESTRING(6.429296 51.154823,6.4292691 51.154781400000005)
251	Mönchengladbach	Eibenstraße	de:05116:23446:0:2	51.155043	6.430311	bus	MATCHED	n7372572305	2.4	0.87	Eibenstraße	020,022	Mönchengladbach Espenstraße	Espenstraße	LINESTRING(6.430311 51.155043,6.430335400000001 51.155058600000004)
252	Mönchengladbach	Eicken Markt	de:05116:23004:0:1	51.204751	6.446957	bus	MATCHED	n4096075000	15.2	0.61	Eicken Markt	002,003,033,NE1	Mönchengladbach Matthiasstraße	Matthiasstraße / H 7	LINESTRING(6.446957 51.204751,6.4469034 51.204618700000005)
253	Mönchengladbach	Eicken Markt	de:05116:23004:0:2	51.205021	6.446876	bus	MATCHED	n4096075001	9.8	0.69	Eicken Markt	002,003,033	Mönchengladbach Eickener Höhe	Eickener Höhe	LINESTRING(6.446876 51.205021,6.4469998 51.204978700000005)
254	Mönchengladbach	Eickener Höhe	de:05116:23003:0:1	51.205876	6.445592	bus	MATCHED	n4096075002	10.5	0.68	Eickener Höhe	002,003,033,NE1	Mönchengladbach Eicken Markt	Eicken Markt	LINESTRING(6.445592 51.205876,6.4455156 51.2057943)
255	Mönchengladbach	Eickener Höhe	de:05116:23003:0:2	51.205905	6.445601	bus	MATCHED	n4096075003	6.2	0.76	Eickener Höhe	002,003,033	Mönchengladbach Konzenstraße	Konzenstraße	LINESTRING(6.445601 51.205905,6.4456812 51.205929700000006)
256	Mönchengladbach	Eickesmühle	de:05116:23453:0:1	51.160508	6.458608	bus	MATCHED	n7371753751	16.0	0.6	Eickesmühle	020,022	Mönchengl. Schule Torfbend	Schule Torfbend	LINESTRING(6.458608 51.160508,6.458380600000001 51.1605232)
257	Mönchengladbach	Eickesmühle	de:05116:23453:0:2	51.160621	6.458429	bus	MATCHED	n7372572320	31.4	0.48	Eickesmühle	020,022	Mönchengladbach Römerstraße	Römerstraße	LINESTRING(6.458429 51.160621,6.4588342 51.1604997)
258	Mönchengladbach	Eisenbahnstr.	de:05116:23444:0:1	51.157218	6.435046	bus	MATCHED	n1782413904	11.1	0.59	Eisenbahnstraße	020,022	Mönchengladbach Bäumchesweg	Bäumchesweg	LINESTRING(6.435046 51.157218,6.4350737 51.1571196)
259	Mönchengladbach	Eisenbahnstr.	de:05116:23444:0:2	51.157133	6.435001	bus	MATCHED	n1782413903	9.7	0.61	Eisenbahnstraße	020,022	Mönchengladbach Eibenstraße	Eibenstraße	LINESTRING(6.435001 51.157133,6.4349933 51.1572205)
260	Mönchengladbach	Elisabeth-Krankenhaus	de:05116:23342:0:1	51.158739	6.421194	bus	MATCHED	n4138068612	7.5	0.69	Elisabeth Krankenhaus	004,019	Mönchengladbach Hubertusstraße	Hubertusstraße	LINESTRING(6.421194 51.158739,6.4211331000000005 51.1587941)
261	Mönchengladbach	Elisabeth-Krankenhaus	de:05116:23342:0:2	51.15817	6.421589	bus	MATCHED	n4138068692	7.8	0.68	Elisabeth Krankenhaus	004	Mönchengladbach Hirschweg	Hirschweg	LINESTRING(6.421589 51.15817,6.421673 51.158123700000004)
262	Mönchengladbach	Elisabethkirche	de:05116:23009:0:1	51.2103	6.443526		NO_MATCH_AND_SEEMS_UNSERVED								POINT(6.443526 51.2103)
263	Mönchengladbach	Elisabethkirche	de:05116:23009:0:2	51.210165	6.443759		MATCHED	n825970426	3.7	0.71	Elisabethkirche			Künkelstraße	LINESTRING(6.443759 51.210165,6.4437869 51.210137100000004)
264	Mönchengladbach	Elisabethkirche	de:05116:23009:0:3	51.211003	6.442124		NO_MATCH_AND_SEEMS_UNSERVED								POINT(6.442124 51.211003)
265	Mönchengladbach	Elisabethkirche	de:05116:23009:0:4	51.210773	6.442933		NO_MATCH_AND_SEEMS_UNSERVED								POINT(6.442933 51.210773)
266	Mönchengladbach	Elisabethkirche	de:05116:23009:1:1	51.210182	6.443463	bus	MATCHED	n759041876	5.0	0.8	Elisabethkirche	001,015	Mönchengladbach Schwogenstraße	Schwogenstraße	LINESTRING(6.443463 51.210182,6.4434066 51.210210100000005)
267	Mönchengladbach	Elisabethkirche	de:05116:23009:1:2	51.210171	6.443714	bus	NO_MATCH_BUT_OTHER_PLATFORM_MATCHED					001,015	Mönchengl. Künkelstraße		POINT(6.443714 51.210171)
268	Mönchengladbach	Elisabethkirche	de:05116:23009:2:3	51.21093	6.442322	bus	MATCHED	n4116388864	3.8	0.83	Elisabethkirche	015,025,035	Mönchengladbach Bergstraße	Bergstraße	LINESTRING(6.442322 51.21093,6.4423275 51.21096360000001)
269	Mönchengladbach	Elisabethkirche	de:05116:23009:2:4	51.21079	6.442933	bus	MATCHED	n4116388863	6.3	0.76	Elisabethkirche	015,025,035	Mönchengl. Künkelstraße / Mönchengl. Künkelstraße	Künkelstraße	LINESTRING(6.442933 51.21079,6.442921800000001 51.210733700000006)
270	Mönchengladbach	Engelsholt	de:05116:23403:0:1	51.180723	6.409057	bus	MATCHED	n4665522668	110.5	0.28	Engelsholt	014,017	Mönchengladbach Böcklinstraße	Böcklinstraße	LINESTRING(6.409057 51.180723,6.407617800000001 51.180313000000005)
271	Mönchengladbach	Engelsholt	de:05116:23403:0:2	51.180971	6.410108	bus	MATCHED	n4665522667	1.1	0.93	Engelsholt	014,017	Möncheng Bahn-/Monschauer Str.	Bahn-/Monschauer Straße	LINESTRING(6.410108 51.180971,6.410096800000001 51.18096430000001)
272	Mönchengladbach	Enger Weg	de:05116:23556:0:1	51.106765	6.381263	bus	MATCHED	n5102828221	7.1	0.75	Enger Weg	016	Mönchengl. Beckrather Dorfstr.	Beckrather Dorfstraße	LINESTRING(6.381263 51.106765,6.3813282000000005 51.106716600000006)
273	Mönchengladbach	Enger Weg	de:05116:23556:0:2	51.106765	6.381228	bus	MATCHED	n7369905819	4.3	0.81	Enger Weg	016	Mönchengl. Beckrath Schule	Beckrath Schule	LINESTRING(6.381228 51.106765,6.3812180000000005 51.106803500000005)
274	Mönchengladbach	Enscheder Straße	de:05116:23832:0:1	51.176691	6.395933	bus	MATCHED	n7370178389	2.4	0.86	Enscheder Straße	017	Mönchengl Belgrader Str	Belgrader Straße	LINESTRING(6.395933 51.176691,6.395904300000001 51.176702500000005)
275	Mönchengladbach	Enscheder Straße	de:05116:23832:0:2	51.175677	6.396993	bus	MATCHED	n7370178387	3.6	0.82	Enscheder Straße	017	Mönchengladbach Lilienthalstr.	Lilienthalstraße	LINESTRING(6.396993 51.175677,6.3970205 51.175649500000006)
276	Mönchengladbach	Entenweide	de:05116:23239:0:1	51.178972	6.420466	bus	MATCHED	n7371570578	6.1	0.77	Entenweide	009,014	Mönchengladbach Ohlerkamp	Ohlerkamp	LINESTRING(6.420466 51.178972,6.420466500000001 51.178916900000004)
277	Mönchengladbach	Entenweide	de:05116:23239:0:2	51.179546	6.420394	bus	MATCHED	n7371491563	9.3	0.7	Entenweide	009,014	Mönchengl. Landscheidung / Möncheng Bahn-/Monschauer Str.	Landscheidung / Bahn-/Monschauer Straße	LINESTRING(6.420394 51.179546,6.4204862 51.179606500000006)
278	Mönchengladbach	Erftstraße	de:05116:23421:0:1	51.157747	6.504162	bus	MATCHED	n7363116562	8.1	0.72	Erftstraße	004	Mönchengladbach Am Düvel	Am Düvel	LINESTRING(6.504162 51.157747,6.5041126 51.1576807)
279	Mönchengladbach	Erftstraße	de:05116:23421:0:2	51.157821	6.504216	bus	MATCHED	n7363116559	7.3	0.74	Erftstraße	004	Mönchengladbach Wilms	Wilms	LINESTRING(6.504216 51.157821,6.5042876000000005 51.1578688)
280	Mönchengladbach	Erkelenzer Straße	de:05116:23415:0:1	51.143395	6.351089	bus	MATCHED	n7370178385	19.7	0.56	Erkelenzer Straße	017,SB81	Mönchengl. Abzw. Schriefers / Mönchengl. Schriefersmühle	Abzweigung Schriefers / Schriefersmühle	LINESTRING(6.351089 51.143395,6.351305900000001 51.1435073)
281	Mönchengladbach	Erkelenzer Straße	de:05116:23415:0:2	51.143328	6.351251	bus	MATCHED	n7371456003	5.8	0.76	Erkelenzer Straße	017,SB81	Hilderather Str. / Hilderather Str. / Hilderather Str.	Hilderather Straße	LINESTRING(6.351251 51.143328,6.351324900000001 51.143352)
282	Mönchengladbach	Erlenstraße	de:05116:23511:0:1	51.17071	6.428156	bus	MATCHED	n1214461167	6.3	0.76	Erlenstraße	024	Mönchengladbach Zedernstraße	Zedernstraße	LINESTRING(6.428156 51.17071,6.4281322 51.170655000000004)
283	Mönchengladbach	Erlenstraße	de:05116:23511:0:2	51.170755	6.427841	bus	MATCHED	n1214461129	4.2	0.82	Erlenstraße	024,NE5	Mönchengl Watelerstr. Friedhof	Watelerstraße Friedhof	LINESTRING(6.427841 51.170755,6.4278139 51.1707891)
284	Mönchengladbach	Eschenhof	de:05116:23050:0:1	51.229064	6.439178	bus	MATCHED	n324344531	9.5	0.7	Eschenhof	003,007	Mönchengladbach Dyker Weg	Dyker Weg	LINESTRING(6.439178 51.229064,6.439095900000001 51.2291326)
285	Mönchengladbach	Eschenhof	de:05116:23050:0:2	51.229177	6.43916	bus	MATCHED	n757336725	15.2	0.61	Eschenhof	003,007	Mönchengl. Lockhütte	Lockhütte	LINESTRING(6.43916 51.229177,6.4392374000000006 51.229304600000006)
286	Mönchengladbach	Eselsweg	de:05116:23071:0:1	51.204306	6.389205	bus	MATCHED	n7369405556	4.9	0.8	Eselsweg	008,033	Mönchengl. Breiter Graben / Mönchengl. Breiter Graben	Breiter Graben	LINESTRING(6.389205 51.204306,6.3892519000000005 51.2042736)
287	Mönchengladbach	Eselsweg	de:05116:23071:0:2	51.204357	6.389241	bus	MATCHED	n7369405559	9.4	0.7	Eselsweg	008,033,NE2	Mönchengladbach Venn Kirche / Mönchengladbach Venn Kirche	Venn Kirche	LINESTRING(6.389241 51.204357,6.389146500000001 51.204297000000004)
288	Mönchengladbach	Espenstraße	de:05116:23443:0:1	51.154733	6.425874	bus	MATCHED	n4697316017	9.0	0.71	Espenstraße	020,022	Mönchengladbach Eibenstraße	Eibenstraße	LINESTRING(6.425874 51.154733,6.425987500000001 51.154694400000004)
289	Mönchengladbach	Espenstraße	de:05116:23443:0:2	51.154925	6.426485	bus	MATCHED	n4697316016	3.5	0.84	Espenstraße	020,022	Mönchengladbach Am Hasenberg	Am Hasenberg	LINESTRING(6.426485 51.154925,6.426456900000001 51.1549509)
290	Mönchengladbach	Feldstraße	de:05116:23448:0:1	51.162322	6.429305	bus	MATCHED	n7371753767	93.1	0.3	Feldstraße	020,022	Mönchengladbach Urftstraße	Urftstraße	LINESTRING(6.429305 51.162322,6.429549300000001 51.1631446)
291	Mönchengladbach	Feldstraße	de:05116:23448:0:2	51.162553	6.429287	bus	MATCHED	n7372572311	2.6	0.87	Feldstraße	020,022	Mönchengladbach Schmölderpark	Schmölderpark	LINESTRING(6.429287 51.162553,6.4292498 51.162556200000004)
292	Mönchengladbach	Fernbusbahnhof	de:05116:23200:1:1	51.198289	6.446814		MATCHED_THOUGH_OSM_NO_NAME	w1011498032	55.3	0.05					LINESTRING(6.446814 51.198289,6.447070357891477 51.19781836481234)
293	Mönchengladbach	Fliethstraße	de:05116:23015:1:1	51.190543	6.44207	bus	MATCHED	n679990079	12.6	0.65	Fliethstraße	001,002,009,019,097,NE5,SB81	Mönchengl. Monforts Quartier / Mönchengl.Theodor-Heuss-Straße	Theodor-Heuss-Straße / Monforts Quartier	LINESTRING(6.44207 51.190543,6.4420280000000005 51.1904328)
294	Mönchengladbach	Fliethstraße	de:05116:23015:1:3	51.190965	6.440175	bus	NO_MATCH_BUT_OTHER_PLATFORM_MATCHED					036	Mönchengladbach Bleichstraße		POINT(6.440175 51.190965)
295	Mönchengladbach	Fliethstraße	de:05116:23015:2:2	51.191933	6.442538	bus	MATCHED	n4609580041	14.8	0.62	Fliethstraße	001,002,005,009,019,036,097,NE4,SB81	Mönchengladbach Bismarckplatz	Bismarckplatz	LINESTRING(6.442538 51.191933,6.4427494 51.1919337)
296	Mönchengladbach	Flughafen RAS	de:05116:23869:0:1	51.228659	6.493553	bus	MATCHED_THOUGH_NAMES_DIFFER	n7366294202	5.2	0.37	R.A.S.	025	Mönchengl Trabrennbahn Tribüne	Trabrennbahn Tribüne	LINESTRING(6.493553 51.228659,6.4936274 51.228664)
297	Mönchengladbach	Flughafen RAS	de:05116:23869:0:2	51.228507	6.493813	bus	MATCHED_THOUGH_NAMES_DIFFER	n7369285973	4.7	0.37	R.A.S.	025	Mönchengl Flughafen Halle 6	Flughafen Halle 6	LINESTRING(6.493813 51.228507,6.493751700000001 51.22848990000001)
298	Mönchengladbach	Flören	de:05116:23419:0:1	51.161111	6.496733	bus	MATCHED	n4653922135	7.7	0.73	Flören	004	Mönchengladbach Wilms	Wilms	LINESTRING(6.496733 51.161111,6.4968021 51.161056900000005)
299	Mönchengladbach	Flören	de:05116:23419:0:2	51.161285	6.496122	bus	MATCHED	n4653922134	5.9	0.77	Flören	004	Mönchengl Giesenk. Friedhof	Giesenkirchen Friedhof	LINESTRING(6.496122 51.161285,6.4961475 51.161335300000005)
300	Mönchengladbach	Frankenstraße	de:05116:23397:0:1	51.179203	6.470691	bus	MATCHED	n298449576	6.5	0.76	Frankenstraße	008	Mönchengladbach Sportplatz 08	Sportplatz 08	LINESTRING(6.470691 51.179203,6.470606900000001 51.179178900000004)
301	Mönchengladbach	Frankenstraße	de:05116:23397:0:2	51.17905	6.470852	bus	MATCHED	w1094635385	2.6	0.85	Frankenstraße	008	Mönchengladbach Köhlersfahrt	Köhlersfahrt	LINESTRING(6.470852 51.17905,6.4708853500000005 51.17906055)
302	Mönchengladbach	Frankfurter Straße	de:05116:23855:1:1	51.161584	6.448395	bus	MATCHED_THOUGH_REVERSED_DIR	n7371753758	1.8	0.79	Frankfurter Straße	020	Mönchengladbach Keplerstraße	Theater	LINESTRING(6.448395 51.161584,6.4483826 51.1615977)
303	Mönchengladbach	Frankfurter Straße	de:05116:23855:1:2	51.161488	6.448395	bus	MATCHED_THOUGH_REVERSED_DIR	n7371753761	1.1	0.84	Frankfurter Straße	020	Mönchengladbach Theater	Keplerstraße	LINESTRING(6.448395 51.161488,6.4484094 51.1614833)
304	Mönchengladbach	Franziskuskirche	de:05116:23167:0:1	51.173238	6.462669	bus	MATCHED	n440169237	4.4	0.81	Franziskuskirche	006,008,NE3	Mönchengl. Freiligrathstraße	Freiligrathstraße	LINESTRING(6.462669 51.173238,6.4626136 51.1732567)
305	Mönchengladbach	Franziskuskirche	de:05116:23167:0:2	51.173193	6.462606	bus	MATCHED	n440169354	5.5	0.78	Franziskuskirche	006,008	Mönchengladbach Memelstraße / Mönchengladbach, Dohler Straße	Memelstraße / Dohler Straße	LINESTRING(6.462606 51.173193,6.462684500000001 51.173187000000006)
306	Mönchengladbach	Freiligrathstraße	de:05116:23166:0:1	51.171797	6.459201	bus	MATCHED	n440223822	4.2	0.81	Freiligrathstraße	006,008,NE3	Mönchengladbach Geneicken Bf	Geneicken Bahnhof	LINESTRING(6.459201 51.171797,6.459144200000001 51.171808600000006)
307	Mönchengladbach	Freiligrathstraße	de:05116:23166:0:2	51.17196	6.459875	bus	MATCHED	n440224033	4.0	0.81	Freiligrathstraße	006,008	Mönchengl. Franziskuskirche	Franziskuskirche	LINESTRING(6.459875 51.17196,6.459924200000001 51.1719415)
308	Mönchengladbach	Friedhof	de:05116:23950:0:1	51.215297	6.434722	bus	MATCHED	n1300452068	12.1	0.5	Kaldenkirchener Straße / Friedhof	089	Mönchengl.Graf-Haeseler-Stein	Graf-Haeseler-Stein	LINESTRING(6.434722 51.215297,6.4348121 51.2152042)
309	Mönchengladbach	Friedhof	de:05116:23950:0:2	51.215865	6.43492	bus	MATCHED	n4171214572	7.3	0.57	Kaldenkirchener Straße / Friedhof	089	Mönchengladbach Schürenweg	Schürenweg	LINESTRING(6.43492 51.215865,6.434827500000001 51.215896300000004)
310	Mönchengladbach	Friedrichstr.	de:05116:23358:0:1	51.192924	6.441397	bus	MATCHED	n7366294200	5.1	0.66	Friedrichstraße	015,017,025	Mönchenglad. Musikschule/VHS	Musikschule / VHS	LINESTRING(6.441397 51.192924,6.441344600000001 51.1929559)
311	Mönchengladbach	Friedrichstr.	de:05116:23358:0:2	51.192384	6.440723	bus	MATCHED	n7369300086	3.6	0.7	Friedrichstraße	015,017,025	Mönchengladbach Bismarckplatz	Bismarckplatz	LINESTRING(6.440723 51.192384,6.4407731 51.1923765)
312	Mönchengladbach	Friesenstraße	de:05116:23518:0:1	51.155573	6.481066	bus	MATCHED	n7371753728	3.3	0.85	Friesenstraße	020	Mönchengl. Am Sternenfeld	Am Sternenfeld	LINESTRING(6.481066 51.155573,6.4811129 51.155573000000004)
313	Mönchengladbach	Friesenstraße	de:05116:23518:0:2	51.155516	6.481075	bus	MATCHED	n7371753725	6.3	0.76	Friesenstraße	020	Möncheng Trimpelshütter Straße	Trimpelshütter Straße	LINESTRING(6.481075 51.155516,6.4809942000000005 51.155540200000004)
314	Mönchengladbach	Gartenstraße	de:05116:23391:0:1	51.173548	6.447909	bus	MATCHED	n4676969299	0.8	0.94	Gartenstraße	016,097,NE5	Mönchengladbach Amtsgericht / Mönchengladbach Rathaus Rheydt	Amtsgericht / Rathaus Rheydt	LINESTRING(6.447909 51.173548,6.4478979 51.173549)
315	Mönchengladbach	Gartenstraße	de:05116:23391:0:2	51.173543	6.448502	bus	MATCHED	n4676968270	6.6	0.76	Gartenstraße	016,097,NE4	Mönchengladbach Kabelwerk / Mönchengl. Grenzlandstadion	Kabelwerk / Grenzlandstation	LINESTRING(6.448502 51.173543,6.448595200000001 51.1735313)
316	Mönchengladbach	Gasstraße	de:05116:23025:0:1	51.158936	6.446733	bus	MATCHED	n1767474843	8.0	0.73	Gasstraße	001,002,NE3	Mönchengladbach NEW	NEW	LINESTRING(6.446733 51.158936,6.4466251 51.158958600000005)
317	Mönchengladbach	Gasstraße	de:05116:23025:0:2	51.159178	6.446733	bus	MATCHED	n1767474852	6.7	0.75	Gasstraße	001,002	Mönchengladbach Theater	Theater	LINESTRING(6.446733 51.159178,6.4468195 51.1591522)
318	Mönchengladbach	Geistenbeck Spark.	de:05116:23438:0:1	51.148929	6.438657	bus	MATCHED	n7372741046	5.7	0.75	Geistenbeck Sparkasse	020,022	Mönchengladbach Reststrauch / Mönchengladbach Reststrauch	Reststrauch	LINESTRING(6.438657 51.148929,6.438576500000001 51.148933400000004)
319	Mönchengladbach	Geistenbeck Spark.	de:05116:23438:0:2	51.149132	6.441531	bus	MATCHED	n7371570574	2.1	0.85	Geistenbeck Sparkasse	014,020,NE6	Mönchengl. Geistenbecker Str.	Geistenbecker Straße	LINESTRING(6.441531 51.149132,6.441526700000001 51.149113)
320	Mönchengladbach	Geistenbeck Spark.	de:05116:23438:0:3	51.148501	6.439654	bus	MATCHED	n7371491573	4.1	0.78	Geistenbeck Sparkasse	022	Mönchengladbach Kohrstraße	Kohrstraße	LINESTRING(6.439654 51.148501,6.439602600000001 51.1485179)
321	Mönchengladbach	Geistenbeck Spark.	de:05116:23438:0:4	51.149515	6.439681	bus	MATCHED	n7372741052	1.3	0.87	Geistenbeck Sparkasse	014	Mönchengladbach Gotzweg	Gotzweg	LINESTRING(6.439681 51.149515,6.439699500000001 51.1495144)
322	Mönchengladbach	Geistenbecker Str.	de:05116:23437:0:1	51.148805	6.445601	bus	MATCHED	n7371491575	6.4	0.66	Geistenbecker Straße	014,020	Mönchengl. Geistenbeck Spark. / Mönchengl. Geistenbeck Spark.	Geistenbeck Sparkasse	LINESTRING(6.445601 51.148805,6.4455928 51.148862300000005)
323	Mönchengladbach	Geistenbecker Str.	de:05116:23437:0:2	51.148822	6.445484	bus	MATCHED	n7371570572	3.5	0.73	Geistenbecker Straße	014,020,NE6	Mönchengladbach Luisental / Mönchengl. Duvenstraße	Duvenstraße / Luisental	LINESTRING(6.445484 51.148822,6.445451500000001 51.148846000000006)
324	Mönchengladbach	Geneicken Bahnhof	de:05116:23097:1:1	51.169893	6.455851	bus	MATCHED	n440224725	6.0	0.77	Geneicken Bahnhof	004,006,008,SB81	Mönchengladbach Kabelwerk / Mönchengl. Freiligrathstraße / Mönchengl Hermann-Löns-Straße	Kabelwerk / Hermann-Löns-Straße / Freiligrathstraße	LINESTRING(6.455851 51.169893,6.455931400000001 51.1698749)
325	Mönchengladbach	Geneicken Bahnhof	de:05116:23097:1:2	51.169921	6.455716	bus	MATCHED	n440224250	10.0	0.69	Geneicken Bahnhof	004,006,008,NE3,SB81	Mönchengladbach Rathaus Rheydt / Mönchengl Dorfbroicher Straße	Rathaus Rheydt / Dorfbroicher Straße	LINESTRING(6.455716 51.169921,6.4555781 51.169945500000004)
326	Mönchengladbach	Genhausen	de:05116:23539:1:1	51.148186	6.328865	bus	MATCHED	n7512726747	182.5	0.22	Genhausen	026,027,AST	Mönchengladbach Bau	Bau	LINESTRING(6.328865 51.148186,6.326811200000001 51.1491966)
327	Mönchengladbach	Genhausen	de:05116:23539:90:1	51.148152	6.329628	trainish	MATCHED	n123283841	8.6	0.32	Mönchengladbach-Genhausen			Wegberg / Mönchengladbach-Rheindahlen	LINESTRING(6.329628 51.148152,6.3295048000000005 51.1481548)
328	Mönchengladbach	Genhodder	de:05116:23528:0:1	51.16582	6.329943	bus	MATCHED	n7512726915	14.3	0.47	Genhodder	025,026,AST	Mönchengladbach Weg nach Peel / Mönchengladbach Broich Schule	Broich Schule	LINESTRING(6.329943 51.16582,6.330107000000001 51.165743600000006)
329	Mönchengladbach	Genhodder	de:05116:23528:0:2	51.166243	6.329583	bus	MATCHED	n7512726917	55.5	0.38	Genhodder	025,026	Mönchengladbach Weg nach Peel	Weg nach Peel	LINESTRING(6.329583 51.166243,6.3299181 51.165791000000006)
330	Mönchengladbach	Genholland	de:05116:23891:0:1	51.127658	6.356811	bus	MATCHED	n7514290011	8.5	0.72	Genholland	027	Mönchengladbach Baum	Baum	LINESTRING(6.356811 51.127658,6.3566932000000005 51.1276772)
331	Mönchengladbach	Gerkerath	de:05116:23230:0:1	51.165122	6.359111	bus	MATCHED	n7368839685	3.1	0.77	Gerkerath	025,AST	Mönchengl. Gerkerathwinkel / Mönchengl Gerkerather Mühle	Gerkerathwinkel / Gerkerather Mühle	LINESTRING(6.359111 51.165122,6.359154800000001 51.165126300000004)
332	Mönchengladbach	Gerkerath	de:05116:23230:0:2	51.164716	6.358347	bus	NO_MATCH_BUT_OTHER_PLATFORM_MATCHED					025	Mönchengl. Kothausen Kapelle		POINT(6.358347 51.164716)
333	Mönchengladbach	Gerkerath	de:05116:23230:0:3	51.165426	6.358527		NO_MATCH_AND_SEEMS_UNSERVED								POINT(6.358527 51.165426)
334	Mönchengladbach	Gerkerath	de:05116:23230:0:4	51.165358	6.358563	bus	MATCHED	n7368868012	61.2	0.37	Gerkerath	025	Mönchengl. Kothausen Kapelle	Kothausen Kapelle	LINESTRING(6.358563 51.165358,6.359305 51.165066200000005)
335	Mönchengladbach	Gerkerather Weg	de:05116:23236:0:1	51.154294	6.357359	bus	MATCHED	n7363116661	45.7	0.41	Gerkerather Weg	004,025,AST	Mönchengl. Rheindahlen Bf	Rheindahlen Bahnhof	LINESTRING(6.357359 51.154294,6.3575813000000005 51.153908200000004)
336	Mönchengladbach	Gerkerather Weg	de:05116:23236:0:2	51.154243	6.357386	bus	MATCHED	n7363116664	47.1	0.41	Gerkerather Weg	004,025	MG Rheindahlen Friedhof / Mönchengl Gerkerather Mühle	Gerkerather Mühle	LINESTRING(6.357386 51.154243,6.3577821000000005 51.153900900000004)
337	Mönchengladbach	Gerkerathwinkel	de:05116:23521:0:1	51.168902	6.352787	bus	MATCHED	n7514289988	13.6	0.48	Gerkerathwinkel	025,AST	Mönchengladbach Gerkerath / Mönchengladbach Abzw. Herdt	Gerkerath	LINESTRING(6.352787 51.168902,6.352599700000001 51.168934400000005)
338	Mönchengladbach	Gerkerathwinkel	de:05116:23521:0:2	51.16902	6.352553	bus	MATCHED_THOUGH_REVERSED_DIR	n7514289986	2.4	0.75	Gerkerathwinkel	025	Mönchengladbach Gerkerath	Abzweig Herdt	LINESTRING(6.352553 51.16902,6.3525393 51.169039500000004)
339	Mönchengladbach	Geroplatz	de:05116:23140:0:1	51.191117	6.430509	bus	MATCHED	n4654040795	101.2	0.29	Geroplatz	005,015,025,NE3	Mönchengl. Stadtverwaltung / Mönchengl Waldnieler Straße	Waldnieler Straße / Hügelstraße / Stadtverwaltung	LINESTRING(6.430509 51.191117,6.4319099 51.190888)
340	Mönchengladbach	Geroplatz	de:05116:23140:0:2	51.190943	6.430815	bus	MATCHED	n4654040288	8.1	0.73	Geroplatz	005,015,017,025	Mönchengl Math.-Nat.-Gymnasium / Mönchengladbach Bleichstraße	Bleichstraße / Math.-Nat. Gymnasium	LINESTRING(6.430815 51.190943,6.4307916 51.190872000000006)
341	Mönchengladbach	Geroplatz	de:05116:23140:0:3	51.190672	6.429449	bus	NO_MATCH_BUT_OTHER_PLATFORM_MATCHED					017,036	Mönchengladbach Turmstraße / Hügelstraße		POINT(6.429449 51.190672)
342	Mönchengladbach	Geusenstraße	de:05116:23645:0:1	51.148862	6.3676	bus	MATCHED	n166244895	3.6	0.75	Geusenstraße	025	Mönchengl. Rheindahlen Bf	Rheindahlen Bahnhof	LINESTRING(6.3676 51.148862,6.367604200000001 51.148894500000004)
343	Mönchengladbach	Geusenstraße	de:05116:23645:0:2	51.148772	6.367825	bus	MATCHED	n166244902	2.2	0.82	Geusenstraße	026,027	Mönchengladbach Günhoven	Günhoven	LINESTRING(6.367825 51.148772,6.3678023 51.148785200000006)
344	Mönchengladbach	Giesenk. Altenheim	de:05116:23108:0:1	51.154846	6.495098	bus	MATCHED	n4653922141	4.1	0.61	Giesenkirchen Altenheim	004,018	Mönchengl. Konstantinplatz / Mönchengladbach Pferdmenges	Pferdmenges	LINESTRING(6.495098 51.154846,6.495079100000001 51.154811)
345	Mönchengladbach	Giesenk. Altenheim	de:05116:23108:0:2	51.154891	6.495035	bus	MATCHED	n1532450742	4.9	0.58	Giesenkirchen Altenheim	004,018,NE3	Mönchengladbach Asternweg / Mönchengladbach Pferdmenges / Mönchengl. Konstantinplatz	Konstantinplatz / Asternweg	LINESTRING(6.495035 51.154891,6.4950793 51.154925500000004)
346	Mönchengladbach	Gotzweg	de:05116:23346:0:1	51.15266	6.43969	bus	MATCHED	n7371570576	21.8	0.55	Gotzweg	014	Mönchengl. Geistenbeck Spark.	Geistenbeck Sparkasse	LINESTRING(6.43969 51.15266,6.4396496 51.1528542)
347	Mönchengladbach	Gotzweg	de:05116:23346:0:2	51.152896	6.43978	bus	MATCHED	n7371491571	18.3	0.58	Gotzweg	014	Mönchengladbach Egerstraße	Egerstraße	LINESTRING(6.43978 51.152896,6.439820200000001 51.152733700000006)
348	Mönchengladbach	Gracht	de:05116:23343:0:1	51.166434	6.448466	bus	MATCHED	n1532721131	7.2	0.74	Gracht	022,SB4	Mönchengladbach, Kronenstraße	Kronenstraße	LINESTRING(6.448466 51.166434,6.448553700000001 51.166400700000004)
349	Mönchengladbach	Gracht	de:05116:23343:0:2	51.166541	6.448386	bus	MATCHED	n4697316009	4.5	0.81	Gracht	022,NE3	Mönchengladbach Rathaus Rheydt / MG Marienplatz / MG Rheydt Hbf	Rheydt Hauptbahnhof / Rathaus Rheydt	LINESTRING(6.448386 51.166541,6.4483706000000005 51.16658)
350	Mönchengladbach	Graf-Haeseler-Stein	de:05116:23488:0:1	51.218786	6.436752	bus	MATCHED	n7385944280	5.5	0.78	Graf-Haeseler-Stein	089	Viersen Helenabrunn Wasserw.	Helenabrunn Wasserwerk	LINESTRING(6.436752 51.218786,6.4367063 51.218746)
351	Mönchengladbach	Graf-Haeseler-Stein	de:05116:23488:0:2	51.219112	6.436294	bus	MATCHED	n7397958650	12.8	0.65	Graf-Haeseler-Stein	089	Mönchengladbach Friedhof	Kaldenkirchener Straße / Friedhof	LINESTRING(6.436294 51.219112,6.436266900000001 51.2189981)
352	Mönchengladbach	Grenzlandstadion	de:05116:23392:0:1	51.174038	6.451745	bus	MATCHED	n7369592529	6.2	0.77	Grenzlandstation	016,NE5	Mönchengladbach Gartenstraße	Gartenstraße	LINESTRING(6.451745 51.174038,6.451670200000001 51.1740676)
353	Mönchengladbach	Grenzlandstadion	de:05116:23392:0:2	51.174128	6.452733	bus	MATCHED	n7370025605	5.1	0.79	Grenzlandstation	016,NE4	Mönchengladbach Kabelwerk	Kabelwerk	LINESTRING(6.452733 51.174128,6.45268 51.1740962)
354	Mönchengladbach	Griesbarth	de:05116:23545:0:1	51.136981	6.38041	bus	MATCHED	n1425141336	7.6	0.73	Griesbarth	026,027,AST	Mönchengl. Mennrath Sportplatz	Mennrath, Sportplatz	LINESTRING(6.38041 51.136981,6.3804571 51.1369193)
355	Mönchengladbach	Griesbarth	de:05116:23545:0:2	51.137055	6.380599	bus	MATCHED	n1425141337	2.0	0.89	Griesbarth	026,027,AST	Mönchengladbach Hilderath / Mönchengladbach Genholland	Hilderath / Genholland	LINESTRING(6.380599 51.137055,6.3805855000000005 51.1370705)
356	Mönchengladbach	Großheide	de:05116:23254:0:1	51.215449	6.420259	bus	MATCHED	n4093292113	11.0	0.67	Großheide	009,019	Mönchengl. Kliniken Maria Hilf	Kliniken Maria Hilf	LINESTRING(6.420259 51.215449,6.4203951 51.2153994)
357	Mönchengladbach	Großheide	de:05116:23254:0:2	51.215455	6.420313	bus	MATCHED	n4093292112	13.7	0.63	Großheide	009,019	Mönchengl.Birkenallee Friedhof	Birkenallee Friedhof	LINESTRING(6.420313 51.215455,6.4201204 51.215478100000006)
358	Mönchengladbach	Grunewaldstr.	de:05116:23349:0:1	51.232653	6.477725	bus	MATCHED	n324325163	3.3	0.75	Grunewaldstraße	015	Mönchengladbach Senefelderstr.	Senefelderstraße	LINESTRING(6.477725 51.232653,6.477731800000001 51.232623700000005)
359	Mönchengladbach	Grunewaldstr.	de:05116:23349:0:2	51.232383	6.478317	bus	MATCHED	n324325161	3.1	0.76	Grunewaldstraße	015	Mönchengladbach Neuwerk Donk	Neuwerk Donk	LINESTRING(6.478317 51.232383,6.478360800000001 51.2323828)
360	Mönchengladbach	Grünewald	de:05116:23062:0:1	51.196066	6.424904	bus	MATCHED	n4653149904	3.9	0.81	Grünewald	003,033	Mönchengladbach Sternstraße	Sternstraße	LINESTRING(6.424904 51.196066,6.4249277000000005 51.196098000000006)
361	Mönchengladbach	Grünewald	de:05116:23062:0:2	51.19597	6.425227	bus	MATCHED	n4653149907	6.5	0.75	Grünewald	003,033,NE2	Mönchengl. Stadtverwaltung / Mönchengl. Stadtverwaltung	Stadtverwaltung	LINESTRING(6.425227 51.19597,6.4252503 51.195913700000006)
362	Mönchengladbach	Grünewald	de:05116:23062:0:3	51.195458	6.425622	bus	MATCHED	n285179528	7.2	0.73	Grünewald	007,013,023,NE4	Mönchengl Waldnieler Straße	Waldnieler Straße	LINESTRING(6.425622 51.195458,6.4255288 51.1954853)
363	Mönchengladbach	Grünewald	de:05116:23062:0:4	51.195379	6.425604	bus	MATCHED	n285179523	7.0	0.74	Grünewald	007,013,023,NE5	Mönchengl. Stadtverwaltung / Mönchengl. Stadtverwaltung	Stadtverwaltung	LINESTRING(6.425604 51.195379,6.4256972 51.1954019)
364	Mönchengladbach	Gutenbergstr.	de:05116:23212:0:1	51.203535	6.459992	bus	MATCHED	w817877358	8.5	0.56	Gutenbergstraße	007,017	Mönchengladbach Voltastraße	Voltastraße	LINESTRING(6.459992 51.203535,6.460102450000001 51.20356755)
365	Mönchengladbach	Gutenbergstr.	de:05116:23212:0:2	51.203558	6.460207	bus	MATCHED	n574333760	5.9	0.64	Gutenbergstraße	007,017,NE1	Mönchengladbach Nakatenusstr.	Nakatenusstraße	LINESTRING(6.460207 51.203558,6.4602462 51.203511400000004)
366	Mönchengladbach	Görlitzer Str.	de:05116:23423:0:1	51.127404	6.452123	bus	MATCHED	n732706974	9.4	0.62	Görlitzer Straße	022	Mönchengl. Burgbongert	Burgbongert	LINESTRING(6.452123 51.127404,6.452165600000001 51.127484)
367	Mönchengladbach	Görresstraße	de:05116:23533:0:1	51.152902	6.354224	bus	MATCHED	n7348436840	8.5	0.72	Görresstraße	025,026,027	Mönchengl. Rheindahlen Bf	Rheindahlen Bahnhof	LINESTRING(6.354224 51.152902,6.354103500000001 51.1528902)
368	Mönchengladbach	Görresstraße	de:05116:23533:0:2	51.152755	6.354646	bus	MATCHED	n7348436844	6.3	0.76	Görresstraße	025,026	Mönchengladbach Wyenhütte	Wyenhütte	LINESTRING(6.354646 51.152755,6.354699 51.152801000000004)
369	Mönchengladbach	Günhoven	de:05116:23083:0:1	51.150118	6.389869	bus	MATCHED	n7363116646	8.1	0.71	Günhoven	004,NE4	Mönchengl. Abzw. Genhülsen	Abzweig Genhülsen	LINESTRING(6.389869 51.150118,6.3899403 51.150060100000005)
370	Mönchengladbach	Günhoven	de:05116:23083:0:2	51.150045	6.388405	bus	MATCHED	n7363116639	8.4	0.59	Günhoven	004,027,NE5	Mönchengl Günhoven Denkmal / Mönchengladbach Voosen / Mönchengl. Geusenstraße	Geusenstraße / Voosen / Günhoven Denkmal	LINESTRING(6.388405 51.150045,6.3882854 51.150054700000005)
371	Mönchengladbach	Günhoven	de:05116:23083:0:3	51.150766	6.388594	bus	MATCHED	n7363116637	63.7	0.35	Günhoven	004	Mönchengl Genhülsen Trafo	Genhülsen Trafo	LINESTRING(6.388594 51.150766,6.3887008000000005 51.1501977)
372	Mönchengladbach	HQ Antrim Drive	de:05116:23500	51.174951	6.303793		NO_MATCH_AND_SEEMS_UNSERVED								POINT(6.303793 51.174951)
373	Mönchengladbach	HQ Grenville Road	de:05116:23492	51.17878	6.313647		NO_MATCH_AND_SEEMS_UNSERVED								POINT(6.313647 51.17878)
374	Mönchengladbach	HQ Post	de:05116:23490	51.180092	6.328065		NO_MATCH_AND_SEEMS_UNSERVED								POINT(6.328065 51.180092)
375	Mönchengladbach	HQ Snyders Road	de:05116:23493	51.178977	6.304997		NO_MATCH_AND_SEEMS_UNSERVED								POINT(6.304997 51.178977)
376	Mönchengladbach	HQ Theater	de:05116:23491	51.178915	6.318606		NO_MATCH_AND_SEEMS_UNSERVED								POINT(6.318606 51.178915)
377	Mönchengladbach	HQ Waterworks	de:05116:23501	51.17628	6.299445		NO_MATCH_AND_SEEMS_UNSERVED								POINT(6.299445 51.17628)
378	Mönchengladbach	Habichtstraße	de:05116:23205:0:1	51.200946	6.480985	bus	MATCHED	n574323748	4.2	0.82	Habichtstraße	017	Mönchengl. Am Hülserhof	Am Hülserhof	LINESTRING(6.480985 51.200946,6.481028800000001 51.200971800000005)
379	Mönchengladbach	Hagelkreuzstr.	de:05116:23249:0:1	51.202252	6.430752	bus	MATCHED	n4093292114	10.1	0.61	Hagelkreuzstraße	005,009	Mönchengl Franziskanerstraße	Franziskanerstraße	LINESTRING(6.430752 51.202252,6.4308088 51.202169000000005)
380	Mönchengladbach	Hagelkreuzstr.	de:05116:23249:0:2	51.201998	6.430689	bus	MATCHED	n4093292115	31.9	0.42	Hagelkreuzstraße	009	Mönchengl Krankenhaus Bethesda	Krankenhaus Bethesda	LINESTRING(6.430689 51.201998,6.4305269 51.201730100000006)
381	Mönchengladbach	Halbinsel	de:05116:23156:0:1	51.125493	6.416055	bus	MATCHED	n3433812545	4.2	0.81	Halbinsel	006,016	Mönchengl. Schlossbad Ndrh.	Schlossbad Ndrh.	LINESTRING(6.416055 51.125493,6.4159952 51.125497900000006)
382	Mönchengladbach	Halbinsel	de:05116:23156:0:2	51.125408	6.415974	bus	MATCHED	n3433812544	3.6	0.82	Halbinsel	006,016	Mönchengladbach NEW Kunstwerk	NEW Kunstwerk	LINESTRING(6.415974 51.125408,6.416022000000001 51.1253961)
383	Mönchengladbach	Hamburgring 1	de:05116:23497:0:1	51.143948	6.34896	bus	MATCHED	n7340719394	14.7	1.0	Hamburgring 1	004,007	Mönchengl. Hamburgring 2	Hamburgring 2	LINESTRING(6.34896 51.143948,6.348924200000001 51.1440782)
384	Mönchengladbach	Hamburgring 2	de:05116:23417:0:1	51.145131	6.350065	bus	NO_MATCH					097	Jüchen Nordring / Mönchengl. Mongshof / Mönchengladbach Sasserath		POINT(6.350065 51.145131)
385	Mönchengladbach	Hamburgring 2	de:05116:23498:0:1	51.149606	6.351619	bus	MATCHED	n7255692001	59.1	1.0	Hamburgring 2	004,007	Mönchengl. Hamburgring 3	Hamburgring 3	LINESTRING(6.351619 51.149606,6.3507981000000004 51.149482500000005)
386	Mönchengladbach	Hamburgring 3	de:05116:23499:0:1	51.147797	6.352454	bus	MATCHED	n7340719390	18.3	1.0	Hamburgring 3	004,007	Hilderather Str. / Hilderather Str.	Hilderather Straße	LINESTRING(6.352454 51.147797,6.3522607 51.147907200000006)
387	Mönchengladbach	Hamern	de:05116:23280:0:1	51.200321	6.401035	bus	MATCHED	n287753268	9.2	0.7	Hamern	010	Mönchengladbach Thomassenweg	Thomassenweg	LINESTRING(6.401035 51.200321,6.4009713 51.200393700000006)
388	Mönchengladbach	Hardt Markt	de:05116:23290:0:1	51.205634	6.341872	bus	MATCHED	n284906078	7.3	0.74	Hardt Markt	013,023,026,NE2,SB83	Mönchengl. Hardter Waldstraße / Schwalmtal Waldnieler Heide / Mönchengladbach Nikolausstraße / Mönchengladbach Tomper Straße	Hardterwald Klinik / Tomper Straße / Waldnieler Heide / Hardter Waldstraße / Nikolausstraße	LINESTRING(6.341872 51.205634,6.3418663 51.2056996)
389	Mönchengladbach	Hardt Markt	de:05116:23290:0:2	51.205122	6.342546	bus	MATCHED	n284907685	12.8	0.65	Hardt Markt	013,015,023,026,SB83	Mönchengl. Hardter Landstraße / Mönchengl Hardt Verwaltungsst. / Mönchengl Hardt Verwaltungsst. / Mönchengl. Waldhausen Kirche	Waldhausen Kirche / Karrenweg / Hardt Verwaltungsstelle	LINESTRING(6.342546 51.205122,6.3426160000000005 51.2050154)
390	Mönchengladbach	Hardter Landstraße	de:05116:23484:0:1	51.199978	6.341091	bus	MATCHED	n7512726963	20.4	0.56	Hardter Landstraße	026,NE2	Mönchengladbach Am Kirschbaum / Mönchengl. Wehresbäumchen	Am Kirschbaum	LINESTRING(6.341091 51.199978,6.3408172 51.1999154)
391	Mönchengladbach	Hardter Landstraße	de:05116:23484:0:2	51.199938	6.340938	bus	NO_MATCH_BUT_OTHER_PLATFORM_MATCHED					026	Mönchengl. Hardter Waldstraße		POINT(6.340938 51.199938)
392	Mönchengladbach	Hardter Landstraße	de:05116:23484:0:3	51.199527	6.341675	bus	MATCHED	n7512726961	66.2	0.35	Hardter Landstraße	026	Mönchengl. Karrenweg	Hardter Waldstraße	LINESTRING(6.341675 51.199527,6.3414457 51.2001044)
393	Mönchengladbach	Hardter Waldstraße	de:05116:23483:0:1	51.202972	6.341154	bus	MATCHED	n7342747638	26.6	0.51	Hardter Waldstraße	026,NE2	Mönchengl. Hardter Landstraße	Hardter Landstraße	LINESTRING(6.341154 51.202972,6.3410941 51.2032084)
394	Mönchengladbach	Hardter Waldstraße	de:05116:23483:0:2	51.203034	6.341136	bus	MATCHED	n7342747641	9.5	0.7	Hardter Waldstraße	015,023,026	Mönchengladbach Hardt Markt	Hardt Markt	LINESTRING(6.341136 51.203034,6.3412321 51.2029738)
395	Mönchengladbach	Hardterbroich Markt	de:05116:23133:0:1	51.187469	6.453533	bus	MATCHED	n440183693	10.5	0.54	Hardterbroich Markt	005,006,NE3	Mönchengl Grevenbroicher Str. / Mönchengl. Volksgartenstraße / Mönchengl. Stiegerfeldstraße	Grevenbroicher Straße / Stiegerfeldstraße	LINESTRING(6.453533 51.187469,6.4535276 51.187375)
396	Mönchengladbach	Hardterbroich Markt	de:05116:23133:0:2	51.186765	6.454485	bus	MATCHED	n4654040284	10.8	0.68	Hardterbroich Markt	005,008	Mönchengl. Volksgartenstraße / Mönchengl Gabelsbergerstraße	Gabelsbergerstraße / Volksgartenstraße	LINESTRING(6.454485 51.186765,6.454574200000001 51.186844300000004)
397	Mönchengladbach	Hardterbroich Markt	de:05116:23133:0:3	51.18717	6.455177	bus	MATCHED	n7369863327	48.9	0.4	Hardterbroich Markt	008,NE1	Mönchengl. Stiegerfeldstraße / Mönchengl. Volksgartenstraße	Stiegerfeldstraße / Stadtverwaltung	LINESTRING(6.455177 51.18717,6.454478000000001 51.187192700000004)
398	Mönchengladbach	Hardterwald Klinik	de:05116:23369:0:1	51.188426	6.364124	bus	MATCHED	n7369413190	16.0	0.45	Hardterwald Klinik	015	Mönchengl. Wehresbäumchen	Wehresbäumchen / Hehn Schrammen / Hehn Pauen	LINESTRING(6.364124 51.188426,6.3639185000000005 51.188489000000004)
399	Mönchengladbach	Hardterwald Klinik	de:05116:23369:0:2	51.188218	6.364115	bus	NO_MATCH_BUT_OTHER_PLATFORM_MATCHED					015,NE2	Mönchengladbach Hehn Schrammen		POINT(6.364115 51.188218)
400	Mönchengladbach	Hauptstraße	de:05116:23021:0:1	51.167595	6.44084	bus	MATCHED	n1761180485	5.3	0.79	Hauptstraße	001,002	MG Marienplatz	Marienplatz	LINESTRING(6.44084 51.167595,6.4407676 51.167608400000006)
401	Mönchengladbach	Hauptstraße	de:05116:23021:0:2	51.167589	6.440858	bus	MATCHED	n1761180471	4.7	0.8	Hauptstraße	001,002	Mönchengladbach Nordstraße	Nordstraße	LINESTRING(6.440858 51.167589,6.4409245 51.1675824)
402	Mönchengladbach	Haus Butzen	de:05116:23285:0:1	51.198058	6.367654	bus	MATCHED_THOUGH_REVERSED_DIR	n285179429	17.5	0.31	Haus Butzen	013,023,NE2	Mönchengl. Heilstättenweg	Vorster Straße	LINESTRING(6.367654 51.198058,6.3678593 51.197967600000005)
403	Mönchengladbach	Haus Butzen	de:05116:23285:0:2	51.198272	6.36636	bus	MATCHED_THOUGH_REVERSED_DIR	n285179425	5.3	0.59	Haus Butzen	013,023	Mönchengladbach Vorster Straße	Heilstättenweg	LINESTRING(6.36636 51.198272,6.3664331 51.19828570000001)
404	Mönchengladbach	Haus Horst	de:05116:23972:0:1	51.168727	6.51876	bus	MATCHED	n3795570544	5.4	0.79	Haus Horst	018	Mönchengladbach Stadt	Stadt	LINESTRING(6.51876 51.168727,6.5187261 51.1687706)
405	Mönchengladbach	Haus am Buchenhain	de:05116:23504:0:1	51.163246	6.410126	bus	MATCHED	n1214461131	4.8	0.8	Haus am Buchenhain	024,NE5	Mönchengladbach Pongser Heide / Mönchengladbach Schützenstraße	Pongser Heide / Hockstein Schützenstraße	LINESTRING(6.410126 51.163246,6.410152200000001 51.1632857)
406	Mönchengladbach	Hehn Kirche	de:05116:23370:0:1	51.18092	6.371292	bus	MATCHED_THOUGH_REVERSED_DIR	n4675344043	4.4	0.63	Hehn Kirche	025,NE4	Mönchengladbach Heiligenpesch	Hehn Pauen	LINESTRING(6.371292 51.18092,6.371355 51.180921700000006)
407	Mönchengladbach	Hehn Kirche	de:05116:23370:0:2	51.181044	6.371202	bus	MATCHED_THOUGH_REVERSED_DIR	n4675344045	5.4	0.59	Hehn Kirche	025	Mönchengladbach Hehn Pauen	Heiligenpesch	LINESTRING(6.371202 51.181044,6.3711321000000005 51.181022600000006)
408	Mönchengladbach	Hehn Meurer	de:05116:23366:0:1	51.183645	6.37635	bus	MATCHED	n4675030712	11.5	0.66	Hehn Meurer	015,025,NE4	Mönchengladbach Hehn Pauen	Hehn Pauen	LINESTRING(6.37635 51.183645,6.3762452000000005 51.1837249)
409	Mönchengladbach	Hehn Meurer	de:05116:23366:0:2	51.183719	6.37714	bus	MATCHED	n4675030714	4.9	0.8	Hehn Meurer	015,025,NE2	Mönchengladbach Rönneterweg	Rönneterweg	LINESTRING(6.37714 51.183719,6.3771578 51.18367610000001)
410	Mönchengladbach	Hehn Pauen	de:05116:23367:0:1	51.183477	6.372352	bus	MATCHED	n7348436820	8.6	0.71	Hehn Pauen	015,025,NE4	Mönchengladbach Hehn Kirche / Mönchengladbach Hehn Schrammen	Hehn Kirche / Hehn Schrammen	LINESTRING(6.372352 51.183477,6.372369900000001 51.1835536)
411	Mönchengladbach	Hehn Pauen	de:05116:23367:0:2	51.183522	6.372487	bus	MATCHED	n7348436817	9.3	0.7	Hehn Pauen	015,025,NE2	Mönchengladbach Hehn Meurer	Hehn Meurer / Stationsweg	LINESTRING(6.372487 51.183522,6.3724749 51.1834386)
412	Mönchengladbach	Hehn Schrammen	de:05116:23368:0:1	51.1861	6.367663	bus	MATCHED	n7369413185	6.3	0.76	Hehn Schrammen	015	Mönchengl. Hardterwald Klinik	Hardterwald Klinik	LINESTRING(6.367663 51.1861,6.3677315000000005 51.1860639)
413	Mönchengladbach	Hehn Schrammen	de:05116:23368:0:2	51.186072	6.36769	bus	MATCHED	n7369413187	5.6	0.78	Hehn Schrammen	015,NE2	Mönchengladbach Hehn Pauen	Hehn Pauen	LINESTRING(6.36769 51.186072,6.367623900000001 51.186044300000006)
414	Mönchengladbach	Hehner Str. Brücke	de:05116:23363:0:1	51.187733	6.408509	bus	MATCHED_THOUGH_REVERSED_DIR	n7369300096	7.7	0.4	Hehner Straße Brücke	015,025,NE4	Mönchengladbach Holt Kirche	Holter Sportstätten / Zur Schmiede	LINESTRING(6.408509 51.187733,6.408548400000001 51.1877973)
415	Mönchengladbach	Hehner Str. Brücke	de:05116:23363:0:2	51.18766	6.408348	bus	MATCHED	n7366281922	8.3	0.5	Hehner Straße Brücke	015,025,035	Mönchengladbach Immelmannstr. / Mönchengladbach, Holter Sportstätten / Mönchengladbach Zur Schmiede	Holt Kirche / Immelmannstraße	LINESTRING(6.408348 51.18766,6.4083056 51.1875901)
416	Mönchengladbach	Heidgesberg	de:05116:23886:0:1	51.189349	6.38836	bus	MATCHED	n7369405553	2.0	0.83	Heidgesberg	008,033	Mönchengladbach Rönneter Ring / Mönchengladbach Moosheide / MG, NEW Box	NEW Box / Moosheide	LINESTRING(6.38836 51.189349,6.3883323 51.1893435)
417	Mönchengladbach	Heiligenpesch	de:05116:23371:0:1	51.177682	6.371472	bus	MATCHED_THOUGH_REVERSED_DIR	n7368868001	6.0	0.56	Heiligenpesch	025,NE4	Mönchengladbach Wolfsittard	Hehn Kirche	LINESTRING(6.371472 51.177682,6.371552500000001 51.177701600000006)
418	Mönchengladbach	Heiligenpesch	de:05116:23371:0:2	51.177355	6.371481	bus	MATCHED_THOUGH_REVERSED_DIR	n7368839690	7.0	0.53	Heiligenpesch	025	Mönchengladbach Hehn Kirche	Wolfsittard	LINESTRING(6.371481 51.177355,6.3713877000000005 51.177332400000004)
419	Mönchengladbach	Heilstättenweg	de:05116:23286:0:1	51.198796	6.36345	bus	MATCHED_THOUGH_REVERSED_DIR	n285179422	10.0	0.44	Heilstättenweg	013,023,NE2	Mönchengl. Louise-Gueury-Str. / Mönchengl. Louise-Gueury-Str.	Haus Butzen	LINESTRING(6.36345 51.198796,6.3633158000000005 51.19876360000001)
420	Mönchengladbach	Heilstättenweg	de:05116:23286:0:2	51.198931	6.36265	bus	MATCHED_THOUGH_REVERSED_DIR	n285179418	6.9	0.53	Heilstättenweg	013,023	Mönchengladbach Haus Butzen	Louise-Gueury-Straße	LINESTRING(6.36265 51.198931,6.362561400000001 51.198959300000006)
421	Mönchengladbach	Hensenweg	de:05116:23066:0:1	51.197732	6.409327	bus	MATCHED	n285179488	12.5	0.65	Hensenweg	003,023,033	Mönchengladbach Ostmarkstraße	Ostmarkstraße	LINESTRING(6.409327 51.197732,6.4091486 51.197729100000004)
422	Mönchengladbach	Hensenweg	de:05116:23066:0:2	51.197726	6.409327	bus	MATCHED	n285179484	7.0	0.75	Hensenweg	003,013,023,033,NE2	Mönchengl. Waldhausen Kirche / Mönchengladbach Nicodemstraße	Stadtverwaltung / Nicodemstraße	LINESTRING(6.409327 51.197726,6.409289800000001 51.197667200000005)
423	Mönchengladbach	Hephata	de:05116:23247:0:1	51.183927	6.438765	bus	MATCHED	n604972711	17.8	0.58	Hephata	009	Mönchengladbach Hermges	Hermges	LINESTRING(6.438765 51.183927,6.438556500000001 51.183835)
424	Mönchengladbach	Hephata	de:05116:23247:0:2	51.183865	6.438522	bus	MATCHED	n604972712	16.8	0.6	Hephata	009	Mönchengladbach Brunnenstraße	Brunnenstraße	LINESTRING(6.438522 51.183865,6.438683800000001 51.183976900000005)
425	Mönchengladbach	Herdt	de:05116:23523:0:1	51.176803	6.344289	bus	MATCHED	n7514289998	21.8	0.55	Herdt	025	Mönchengl. Koch Tankstelle	Koch Tankstelle	LINESTRING(6.344289 51.176803,6.3445938 51.17684250000001)
426	Mönchengladbach	Herdt	de:05116:23523:0:2	51.176809	6.344702	bus	MATCHED	n7514289996	7.6	0.73	Herdt	025	Mönchengladbach Abzw. Herdt	Abzweig Herdt	LINESTRING(6.344702 51.176809,6.3445944 51.1768)
427	Mönchengladbach	Herdter Hof	de:05116:23487:0:1	51.181478	6.341522	bus	MATCHED	w803146804	10.9	0.64	Herdter Hof	026	Mönchengladbach Weg nach Herdt	Weg nach Herdt	LINESTRING(6.341522 51.181478,6.34136775 51.181466150000006)
428	Mönchengladbach	Herdter Hof	de:05116:23487:0:2	51.182638	6.34154	bus	MATCHED	n4796884249	11.8	0.66	Herdter Hof	026	Mönchengl. Matthiaskapelle	Am Kirschbaum	LINESTRING(6.34154 51.182638,6.341638700000001 51.1827236)
429	Mönchengladbach	Herdter Hof	de:05116:23487:0:3	51.181478	6.341522		NO_MATCH_AND_SEEMS_UNSERVED								POINT(6.341522 51.181478)
430	Mönchengladbach	Herdter Hof	de:05116:23487:0:4	51.182638	6.34154		NO_MATCH_AND_SEEMS_UNSERVED								POINT(6.34154 51.182638)
431	Mönchengladbach	Hermges	de:05116:23017:0:1	51.184653	6.441585	bus	MATCHED	n4649011127	10.9	0.67	Hermges	001,002,005,009,SB1	Mönchengladbach Hephata / Mönchengl Brandenberger Straße / Mönchengladbach Hochschule / Mönchengl Math.-Nat.-Gymnasium	Hephata / Brandenberger Straße / Math.-Nat. Gymnasium / Hochschule	LINESTRING(6.441585 51.184653,6.4417112 51.1847106)
432	Mönchengladbach	Hermges	de:05116:23017:0:2	51.184608	6.443382	bus	MATCHED	n2266383989	12.8	0.64	Hermges	001,002,005,009,SB1	Mönchengladbach Bismarckplatz / Mönchengl.Theodor-Heuss-Straße / Mönchengl Ückelhofer Straße	Bismarckplatz / Fliethstraße / Ückelhofer Straße	LINESTRING(6.443382 51.184608,6.4432748 51.1845148)
433	Mönchengladbach	Hermges	de:05116:23017:0:3	51.184265	6.443831	bus	MATCHED	n7373648306	10.1	0.68	Hermges	019,097,NE5,SB4	Mönchengl. Webschulstraße	Webschulstraße	LINESTRING(6.443831 51.184265,6.4437202000000005 51.1842071)
434	Mönchengladbach	Hermges	de:05116:23017:0:4	51.184383	6.443984	bus	MATCHED	n7373648308	7.7	0.72	Hermges	019,097,NE3,NE4,SB4	Mönchengladbach Bismarckplatz / Mönchengl.Theodor-Heuss-Straße	Bismarckplatz / Geroplatz / Fliethstraße	LINESTRING(6.443984 51.184383,6.4440930000000005 51.184372700000004)
435	Mönchengladbach	Herrath Bahnhof	de:05116:23559:1:1	51.104977	6.367816	bus	NO_MATCH_BUT_OTHER_PLATFORM_MATCHED					016	Mönchengladbach Herrather Weg / Mönchengladbach Herrather Weg / Mönchengladbach Wickrath Bf		POINT(6.367816 51.104977)
436	Mönchengladbach	Herrath Bahnhof	de:05116:23559:1:2	51.104988	6.367995	bus	MATCHED_THOUGH_REVERSED_DIR	w335871575	2.5	0.57	Herrath Bf	016,AST,NE6	Mönchengl Am Emil-Esser-Platz	Herrather Weg	LINESTRING(6.367995 51.104988,6.368031300604781 51.10498893808045)
437	Mönchengladbach	Herrath Bahnhof	de:05116:23559:89:1	51.105062	6.367744		NO_MATCH_AND_SEEMS_UNSERVED								POINT(6.367744 51.105062)
438	Mönchengladbach	Herrath Bahnhof	de:05116:23559:89:2	51.105101	6.368184		NO_MATCH_AND_SEEMS_UNSERVED								POINT(6.368184 51.105101)
439	Mönchengladbach	Herrath Bahnhof	de:05116:23559:89:3	51.104853	6.369954		MATCHED_THOUGH_OSM_NO_NAME	w335871574	44.5	0.15	Herrath Bf			Am Emil-Esser-Platz / Buchholz Wendeplatz	LINESTRING(6.369954 51.104853,6.369962753655677 51.10525303292622)
440	Mönchengladbach	Herrath Bahnhof	de:05116:23559:90:1	51.104029	6.367061	train	MATCHED	n1451964499	84.6	0.23	Herrath	RB33	Mönchengladbach Wickrath Bf	Wickrath	LINESTRING(6.367061 51.104029,6.3679044000000005 51.104573900000005)
441	Mönchengladbach	Herrath Bahnhof	de:05116:23559:90:2	51.104097	6.366962	train	MATCHED	n150900270	84.1	0.23	Herrath	RB33	Erkelenz, Bf	Erkelenz	LINESTRING(6.366962 51.104097,6.3678116000000005 51.1046308)
442	Mönchengladbach	Herrather Weg	de:05116:23558:0:1	51.106037	6.374445	bus	MATCHED	n7369610972	30.0	0.49	Herrather Weg	016	Mönchengladbach Enger Weg	Beckrath Schule	LINESTRING(6.374445 51.106037,6.3740404 51.1059478)
443	Mönchengladbach	Herrather Weg	de:05116:23558:0:2	51.106049	6.374508	bus	MATCHED	n7369610974	5.1	0.69	Herrather Weg	016	Mönchengladbach Herrath Bf / Mönchengl. Beckrath Schule		LINESTRING(6.374508 51.106049,6.374449800000001 51.106076)
444	Mönchengladbach	Hilderath	de:05116:23544:0:1	51.134732	6.362525	bus	MATCHED	n7512726763	1.0	0.93	Hilderath	026,AST	Mönchengladbach Griesbarth	Griesbarth	LINESTRING(6.362525 51.134732,6.3625297000000005 51.1347238)
445	Mönchengladbach	Hilderath	de:05116:23544:0:2	51.13471	6.362336	bus	MATCHED	n7512726765	4.2	0.82	Hilderath	026,AST	Mönchengladbach Sittard	Sittard	LINESTRING(6.362336 51.13471,6.362331800000001 51.1347481)
446	Mönchengladbach	Hilderath	de:05116:23544:0:3	51.13458	6.362183	bus	MATCHED	n7512726768	5.3	0.79	Hilderath	027	Mönchengladbach Sittard / Mönchengladbach Griesbarth	Griesbarth / Sittard	LINESTRING(6.362183 51.13458,6.362219400000001 51.1346222)
447	Mönchengladbach	Hilderather Str. 	de:05116:23078:1:1	51.146777	6.3593	bus	MATCHED	w335777905	6.9	1.0	Hilderather Straße	004,007	Mönchengl Helenastraße	Helenastraße	LINESTRING(6.3593 51.146777,6.35920285 51.14678695)
448	Mönchengladbach	Hilderather Str. 	de:05116:23078:1:2	51.147013	6.359138	bus	MATCHED	w335777902	6.6	1.0	Hilderather Straße	007,017,026,027,AST,NE4	Mönchengl. Abzw. Schriefers / Mönchengladbach Industriehof / Mönchengl Helenastraße	Erkelenzer Straße / Helenastraße / Industriehof / Südwall	LINESTRING(6.359138 51.147013,6.3590436884759525 51.147017486504396)
449	Mönchengladbach	Hilderather Str. 	de:05116:23078:1:3	51.147228	6.358886	bus	MATCHED	w335777906	1.1	1.0	Hilderather Straße	017,025,026,AST,SB81	Mönchengladbach Sittard / Hilderather Str. / Mönchengl. Abzw. Schriefers / Mönchengladbach Max-Reger-Str. / Mönchengl. Geusenstraße / Mönchengladbach Südwall / Mönchengladbach Industriehof / Mönchengladbach Voosen	Industriehof / Sittard / Voosen	LINESTRING(6.358886 51.147228,6.35888993204915 51.14721798769359)
450	Mönchengladbach	Hilderather Str. 	de:05116:23078:1:4	51.147295	6.359156	bus	MATCHED	w335777903	0.9	1.0	Hilderather Straße	004,007,017,NE5,SB81	Mönchengladbach Industriehof / Mönchengl. Hamburgring 1 / MG, Erkelenzer Straße	Industriehof / Erkelenzer Straße / Hamburgring 1	LINESTRING(6.359156 51.147295,6.359161781689006 51.14728745230877)
451	Mönchengladbach	Hilderather Str. 	de:05116:23078:1:5	51.146963	6.359497	bus	MATCHED	w402738664	8.1	1.0	Hilderather Straße	026	Mönchengladbach Industriehof	Abzweigung Schriefers / Industriehof	LINESTRING(6.359497 51.146963,6.35952655 51.14689245)
452	Mönchengladbach	Hirschweg	de:05116:23341:0:1	51.155302	6.415858	bus	MATCHED	n7363116618	4.1	0.82	Hirschweg	004,019	Mönch. Elisabeth-Krankenhaus	Elisabeth Krankenhaus	LINESTRING(6.415858 51.155302,6.415917 51.1552986)
453	Mönchengladbach	Hirschweg	de:05116:23341:0:2	51.155449	6.416675	bus	MATCHED	n7363116615	4.2	0.82	Hirschweg	004	Mönchengladbach Am Hockstein	Am Hockstein	LINESTRING(6.416675 51.155449,6.416615500000001 51.155441700000004)
454	Mönchengladbach	Hittastraße	de:05116:23047	51.192181	6.42502		NO_MATCH_AND_SEEMS_UNSERVED								POINT(6.42502 51.192181)
455	Mönchengladbach	Hochschule	de:05116:23018:0:1	51.179242	6.439573	bus	MATCHED	n4092082010	6.2	0.77	Hochschule	001,002,SB1	MG Marienplatz / Mönchengladbach Cecilienstraße	Marienplatz / Cecilienstraße	LINESTRING(6.439573 51.179242,6.439517 51.179285300000004)
456	Mönchengladbach	Hochschule	de:05116:23018:0:2	51.179208	6.439573	bus	MATCHED	n4092082009	4.1	0.82	Hochschule	001,002,SB1	Mönchengladbach Hermges / Mönchengl Brandenberger Straße	Brandenberger Straße / Hermges	LINESTRING(6.439573 51.179208,6.439627700000001 51.1792208)
457	Mönchengladbach	Hockstein Kirche	de:05116:23440:0:1	51.151324	6.420664	bus	MATCHED	n4697316018	4.7	0.8	Hockstein Kirche	020,022	Mönchengladbach Sperberstr.	Sperberstraße	LINESTRING(6.420664 51.151324,6.4207197 51.1513001)
458	Mönchengladbach	Hockstein Kirche	de:05116:23440:0:2	51.151313	6.420466	bus	MATCHED	n4697316019	5.1	0.79	Hockstein Kirche	020,022	Mönchengladbach Böningstr.	Böningstraße	LINESTRING(6.420466 51.151313,6.420529200000001 51.15129)
459	Mönchengladbach	Hohe Straße	de:05116:23233:0:1	51.155511	6.366684	bus	MATCHED_THOUGH_REVERSED_DIR	n7367202182	9.1	0.46	Hohe Straße	007,017,NE4	Mönchengladbach, Vogtsgarten	Kothausen	LINESTRING(6.366684 51.155511,6.3667696000000005 51.1555721)
460	Mönchengladbach	Hohe Straße	de:05116:23233:0:2	51.156108	6.367043	bus	MATCHED_THOUGH_REVERSED_DIR	n7367216589	7.8	0.5	Hohe Straße	007,017,NE5	Mönchengl. Kothausen	Vogtsgarten	LINESTRING(6.367043 51.156108,6.3669361 51.156089300000005)
461	Mönchengladbach	Holt Friedhof	de:05116:23364:0:1	51.184158	6.395681	bus	MATCHED	n7348436802	16.7	0.6	Holt Friedhof	015,025,NE4	Mönchengl. Weg zum Nordpark	Weg zum Nordpark	LINESTRING(6.395681 51.184158,6.3958713000000005 51.1842491)
462	Mönchengladbach	Holt Friedhof	de:05116:23364:0:2	51.184254	6.396023	bus	MATCHED	n7348436804	12.5	0.65	Holt Friedhof	015,025	Mönchengl. An der Holter Heide	An der Holter Heide	LINESTRING(6.396023 51.184254,6.3959188000000005 51.1841627)
463	Mönchengladbach	Holt Kirche	de:05116:23218:0:1	51.182058	6.409453	bus	MATCHED	n4656995257	5.9	0.77	Holt Kirche	007,015,025,NE4	Mönchengladbach Immelmannstr. / Mönchengladbach Böcklinstraße / Mönchengladbach Immelmannstr.	Böcklinstraße / Immelmannstraße	LINESTRING(6.409453 51.182058,6.4093762000000005 51.182079400000006)
464	Mönchengladbach	Holt Kirche	de:05116:23218:0:2	51.18212	6.409551	bus	MATCHED	n4656995260	6.4	0.76	Holt Kirche	007,015,025,NE5	Mönchengl. Hehner Str. Brücke / Mönchengl Monschauer Straße	Monschauer Straße / Hehner Straße Brücke	LINESTRING(6.409551 51.18212,6.4096324000000005 51.1820937)
465	Mönchengladbach	Holt Seniorenheim	de:05116:23262:0:1	51.182317	6.407216	bus	MATCHED	n7366335790	7.2	0.74	Holt Seniorenheim	015,025,035	Mönchengladbach Holt Kirche / Mönchengladbach Böcklinstraße	Böcklinstraße / Holt Kirche	LINESTRING(6.407216 51.182317,6.407149700000001 51.1822669)
466	Mönchengladbach	Holter Sportstätten	de:05116:23609:0:1	51.190965	6.407899	bus	MATCHED	n7373428316	6.1	0.77	Holter Sportstätten	035	Mönchengl. Waldhausen Kirche	Waldhausen Kirche	LINESTRING(6.407899 51.190965,6.407985500000001 51.190963100000005)
467	Mönchengladbach	Holter Sportstätten	de:05116:23609:0:2	51.191793	6.408276	bus	MATCHED	n7373391970	4.1	0.82	Holter Sportstätten	035	Mönchengl. Hehner Str. Brücke	Hehner Straße Brücke	LINESTRING(6.408276 51.191793,6.4082416 51.1918233)
468	Mönchengladbach	Hompeschstraße	de:05116:23549:0:1	51.134073	6.404413	bus	MATCHED	n7512726891	21.5	0.55	Hompeschstraße	026,AST	Mönchengladbach Wickrath Bf / Mönchengladbach Wickrath Bf	Wickrath Bf	LINESTRING(6.404413 51.134073,6.404568500000001 51.1339066)
469	Mönchengladbach	Hompeschstraße	de:05116:23549:0:2	51.133971	6.404449	bus	MATCHED	n7512726893	13.5	0.64	Hompeschstraße	026,AST	Mönchengladbach Wickrath Otten	Otten	LINESTRING(6.404449 51.133971,6.4043888 51.1340866)
470	Mönchengladbach	Hompeschstraße	de:05116:23549:0:3	51.134456	6.403892	bus	NO_MATCH_BUT_OTHER_PLATFORM_MATCHED					026	Mönchengl. Adolf-Kempken-Weg		POINT(6.403892 51.134456)
471	Mönchengladbach	Hompeschstraße	de:05116:23549:0:4	51.134535	6.40382		NO_MATCH_AND_SEEMS_UNSERVED								POINT(6.40382 51.134535)
472	Mönchengladbach	Horster Schelsen	de:05116:23119:0:1	51.153032	6.518607	bus	MATCHED	n4653910565	5.1	0.67	Horster Schelsen	004,018	Mönchengl. Schelsen Kirche	Schelsen Kirche / Schelsen Post	LINESTRING(6.518607 51.153032,6.5185526000000005 51.153063)
473	Mönchengladbach	Horster Schelsen	de:05116:23119:0:2	51.153043	6.518688	bus	NO_MATCH_BUT_OTHER_PLATFORM_MATCHED					018	Mönchengladbach Schelsen Post		POINT(6.518688 51.153043)
474	Mönchengladbach	Horster Straße	de:05116:23834:0:1	51.158846	6.515939	bus	MATCHED_THOUGH_REVERSED_DIR	n405789892	4.1	0.65	Horster Straße	864	Korschenbroich Steinhausen	Konstantinstraße	LINESTRING(6.515939 51.158846,6.5159628000000005 51.1588793)
475	Mönchengladbach	Horster Straße	de:05116:23834:0:2	51.158936	6.516478	bus	MATCHED_THOUGH_REVERSED_DIR	n405789894	6.1	0.56	Horster Straße	864	Mönchengladbach Am Düvel	Steinhausen	LINESTRING(6.516478 51.158936,6.516532600000001 51.1588927)
476	Mönchengladbach	Hoven Kreuz	de:05116:23053:0:1	51.223349	6.455626	bus	MATCHED	n4656995673	3.3	0.84	Hoven Kreuz	002,007,025	Mönchengladbach Ehrenstraße / Mönchengl Bettrath Kirche	Ehrenstraße / Bettrath Kirche	LINESTRING(6.455626 51.223349,6.4555819 51.2233608)
477	Mönchengladbach	Hoven Kreuz	de:05116:23053:0:2	51.223517	6.455824	bus	MATCHED	n324344604	6.1	0.66	Hoven Kreuz	002,007,015,025,NE1	Mönchengl. Am Hommelsbach / Mönchengl Bettrath Kirche / Mönchengladbach Adlerstraße	Am Hommelsbach / Adlerstraße	LINESTRING(6.455824 51.223517,6.4559094 51.2235049)
478	Mönchengladbach	Hubertusstraße	de:05116:23090:0:1	51.161347	6.418975	bus	MATCHED	n4138113505	8.7	0.7	Hubertusstraße	004,019,NE4	Mönchengladbach Steinrathshof	Steinrathshof	LINESTRING(6.418975 51.161347,6.4190771 51.161302500000005)
479	Mönchengladbach	Hubertusstraße	de:05116:23090:0:2	51.160322	6.418921	bus	MATCHED	n7363116548	4.8	0.82	Hubertusstraße	004	Mönch. Elisabeth-Krankenhaus	Elisabeth Krankenhaus	LINESTRING(6.418921 51.160322,6.4188634 51.160298700000006)
480	Mönchengladbach	Hubertusstraße	de:05116:23090:0:3	51.160767	6.417564	bus	MATCHED	n4653922129	6.9	0.77	Hubertusstraße	004,019	Mönchengladbach Schützenstraße / Mönchengladbach Bogenstraße	Hockstein Schützenstraße	LINESTRING(6.417564 51.160767,6.4174837 51.160803)
481	Mönchengladbach	Hunsrückstraße	de:05116:23905:0:1	51.169735	6.434336	bus	MATCHED	n1214461157	5.5	0.78	Hunsrückstraße	014,024	Mönchengladbach Spessartstraße	Spessartstraße	LINESTRING(6.434336 51.169735,6.4343383 51.1696858)
482	Mönchengladbach	Hunsrückstraße	de:05116:23905:0:2	51.169673	6.434911	bus	MATCHED	n4665522682	6.7	0.75	Hunsrückstraße	014,024,NE5	Mönchengladbach Oberlinstraße	Oberlinstraße	LINESTRING(6.434911 51.169673,6.4348519 51.169720700000006)
483	Mönchengladbach	Högden	de:05116:23974:0:1	51.163978	6.500093	bus	MATCHED_THOUGH_DISTANT	n7344907149	388.3	0.15	Högden	018	Mönchengl. Puttschen	Puttschen	LINESTRING(6.500093 51.163978,6.5042248 51.1663092)
484	Mönchengladbach	Hügelstraße	de:05116:23489:0:1	51.186647	6.429701		NO_MATCH_AND_SEEMS_UNSERVED								POINT(6.429701 51.186647)
485	Mönchengladbach	Hügelstraße	de:05116:23489:1:1	51.186709	6.429817	bus	MATCHED	n13065016708	4.8	0.8	Hügelstraße	036	Mönchengladbach, Vitusstraße	Vitusstraße	LINESTRING(6.429817 51.186709,6.42982 51.186666200000005)
486	Mönchengladbach	Im Schlaun	de:05116:23381:0:1	51.115896	6.405266	bus	MATCHED	n3543833486	5.6	0.78	Im Schlaun	016,AST,NE6	Mönchengladbach Kinkelbach / Mönchengl. Beckrather Dorfstr. / Mönchengladbach Chur	Kinkelbach / Beckrather Dorfstraße	LINESTRING(6.405266 51.115896,6.4052451 51.1158477)
487	Mönchengladbach	Immelmannstr.	de:05116:23219:0:1	51.183415	6.40594	bus	MATCHED	n7366281924	7.2	0.64	Immelmannstraße	015,025,035	Mönchengl. Hehner Str. Brücke / Mönchengladbach Lindberghstr.	Hehner Straße Brücke / Holt Friedhof / Lindberghstraße	LINESTRING(6.40594 51.183415,6.4060039 51.1834658)
488	Mönchengladbach	Immelmannstr.	de:05116:23219:0:2	51.183567	6.405778	bus	MATCHED	n7368867996	5.4	0.68	Immelmannstraße	015,025,035,NE4	Mönchengladbach Holt Friedhof / Mönchengl. Holt Seniorenheim	Holt Seniorenheim	LINESTRING(6.405778 51.183567,6.4057086000000005 51.183544700000006)
489	Mönchengladbach	In der Aue	de:05116:23507:0:1	51.166626	6.417915	bus	MATCHED	n1214461141	5.6	0.78	In der Aue	024	Mönchengl. Preyerstr. Friedhof	Preyerstraße Friedhof	LINESTRING(6.417915 51.166626,6.417942900000001 51.1665792)
490	Mönchengladbach	In der Aue	de:05116:23507:0:2	51.166626	6.417196	bus	MATCHED	n1214461155	3.6	0.84	In der Aue	024,NE5	Mönchengladbach Pongs Mitte	Pongs Mitte	LINESTRING(6.417196 51.166626,6.417198600000001 51.166658500000004)
491	Mönchengladbach	In der Duis	de:05116:23876:0:1	51.195075	6.398852	bus	MATCHED	n287753249	6.8	0.75	In der Duis	033	Mönchengladbach Rönneter Ring	Rönneterring	LINESTRING(6.398852 51.195075,6.3988415000000005 51.195014300000004)
492	Mönchengladbach	In der Duis	de:05116:23876:0:2	51.194895	6.398942	bus	MATCHED	n287753247	7.1	0.75	In der Duis	033	Mönchengladbach Stationsweg	Stationsweg	LINESTRING(6.398942 51.194895,6.3989545 51.1949583)
493	Mönchengladbach	Industriehof	de:05116:23535:0:1	51.149639	6.360054	bus	MATCHED	n7367202162	5.2	0.79	Industriehof	004,007,017,025,026,027,AST,NE4	Hilderather Str. / Hilderather Str. / Hilderather Str. / Hilderather Str.	Hilderather Straße	LINESTRING(6.360054 51.149639,6.3600026000000005 51.149605)
494	Mönchengladbach	Industriehof	de:05116:23535:0:2	51.149572	6.360342	bus	MATCHED	n5881501793	1.6	0.91	Industriehof	004,007,017,025,026,NE5	Mönchengl. Rheindahlen Bf / Mönchengl. Rheindahlen Bf / Mönchengl. Rheind.Bahnübergang	Rheindahlen Bahnhof / Rheindahlen Bahnübergang	LINESTRING(6.360342 51.149572,6.3603299 51.14956)
495	Mönchengladbach	Jahnhalle	de:05116:23175:0:1	51.19159	6.455572	bus	MATCHED	n440220435	6.8	0.74	Jahnhalle	006	Mönchengl Anton-Kreitz-Straße	Anton-Kreitz-Straße	LINESTRING(6.455572 51.19159,6.4554811 51.1915673)
496	Mönchengladbach	Jahnhalle	de:05116:23175:0:2	51.191641	6.455545	bus	MATCHED	n440184689	9.0	0.7	Jahnhalle	006	Mönchengladbach Prinzenstraße	Prinzenstraße	LINESTRING(6.455545 51.191641,6.4556678000000005 51.1916657)
497	Mönchengladbach	Jakobshöhe	de:05116:23701:0:1	51.214295	6.47891	bus	MATCHED	n7373428292	11.5	0.66	Jakobshöhe	035	Mönchengladbach Willicher Damm	Willicher Damm	LINESTRING(6.47891 51.214295,6.4787938 51.2143688)
498	Mönchengladbach	Jakobshöhe	de:05116:23701:0:2	51.213598	6.478578	bus	MATCHED	n7373428290	5.8	0.77	Jakobshöhe	035	Mönchengladbach Dohrweg	Dohrweg	LINESTRING(6.478578 51.213598,6.4786418 51.2136307)
499	Mönchengladbach	Jenaer Straße	de:05116:23130:0:1	51.193538	6.445313	bus	MATCHED	n4654036327	6.7	0.76	Jenaer Straße	005,NE3	Mönchengladbach Alleestraße	Alleestraße	LINESTRING(6.445313 51.193538,6.4452584 51.193488900000006)
500	Mönchengladbach	Jostenfeld	de:05116:23115:0:1	51.151471	6.514268	bus	MATCHED	n4653910567	6.6	0.63	Jostenfeld	004,018	Mönchengladbach Schelsen Post	Schelsen Post / Spulstraße	LINESTRING(6.514268 51.151471,6.5142709000000005 51.1514116)
501	Mönchengladbach	Jostenfeld	de:05116:23115:0:2	51.151443	6.514358	bus	NO_MATCH_BUT_OTHER_PLATFORM_MATCHED					018	Mönchengladbach Spulstraße		POINT(6.514358 51.151443)
502	Mönchengladbach	Kabelstraße	de:05116:23401:0:1	51.185673	6.417573	bus	MATCHED_THOUGH_REVERSED_DIR	n4692283639	5.4	0.59	Kabelstraße	017	Möncheng Bahn-/Monschauer Str.	Landgrafenstraße	LINESTRING(6.417573 51.185673,6.417640100000001 51.1856492)
503	Mönchengladbach	Kabelstraße	de:05116:23401:0:2	51.185256	6.416963	bus	MATCHED_THOUGH_REVERSED_DIR	w1293046263	6.3	0.52	Kabelstraße	017	Mönchengl. Landgrafenstraße	Bahn-/Monschauer Straße	LINESTRING(6.416963 51.185256,6.416951500000001 51.18531225)
504	Mönchengladbach	Kabelwerk	de:05116:23393:1:1	51.174889	6.453874	bus	MATCHED	n6404108069	4.4	0.72	Kabelwerk	016,097,NE5,SB81	Mönchengl. Grenzlandstadion / Mönchengladbach Gartenstraße / Mönchengladbach Geneicken Bf	Gartenstraße / Grenzlandstation / Geneicken Bahnhof / Am Gerstacker	LINESTRING(6.453874 51.174889,6.453848000000001 51.17492540000001)
505	Mönchengladbach	Kabelwerk	de:05116:23393:1:2	51.174951	6.454	bus	MATCHED	n6404108068	3.4	0.76	Kabelwerk	016,097,NE4,SB81	Mönchengl. Scheidt & Bachmann / Mönchengladbach Am Gerstacker	Am Gerstacker / Scheidt & Bachmann / Grenzlandstation	LINESTRING(6.454 51.174951,6.4539616 51.174969100000006)
506	Mönchengladbach	Kaiserstraße	de:05116:23006:0:1	51.199899	6.445771	bus	MATCHED	n4096075006	5.2	0.79	Kaiserstraße	002,003,033,NE1	MG Hbf /Europaplatz / MG Hbf /Europaplatz / MG Hbf /Europaplatz	H 4 / H 10	LINESTRING(6.445771 51.199899,6.4456992 51.199885900000005)
507	Mönchengladbach	Kaiserstraße	de:05116:23006:0:2	51.20049	6.445682	bus	MATCHED	n4096075007	6.7	0.75	Kaiserstraße	002,003,033	Mönchengladbach Matthiasstraße	Matthiasstraße	LINESTRING(6.445682 51.20049,6.4457374000000005 51.200441000000005)
508	Mönchengladbach	Kamphaus. Höhe Kirche	de:05116:23035:0:1	51.138159	6.463801	bus	MATCHED	n957005376	4.9	0.75	Kamphausener Höhe Kirche	001,002	Mön. Clemens-August-Str.	Clemens-August-Straße	LINESTRING(6.463801 51.138159,6.4638663 51.1381427)
509	Mönchengladbach	Kamphaus. Höhe Kirche	de:05116:23035:0:2	51.137776	6.463459	bus	MATCHED	n957005305	16.1	0.57	Kamphausener Höhe Kirche	001,002,022	Mönchengl. Manderscheider Str.	Manderscheider Straße	LINESTRING(6.463459 51.137776,6.463246000000001 51.137830900000004)
510	Mönchengladbach	Kapuzinerplatz	de:05116:23202:0:2	51.195092	6.434929	bus	MATCHED	n4656995675	7.1	0.75	Kapuzinerplatz	003,007,008,009,010,013,019,023,033,NE1,NE2,NE3,NE5	Mönchengladbach Kleiststraße	Kleiststraße	LINESTRING(6.434929 51.195092,6.4349902000000005 51.1950409)
511	Mönchengladbach	Karrenweg	de:05116:23482:0:1	51.199049	6.34764	bus	MATCHED	n284930368	5.3	0.79	Karrenweg	015,023,026	Mönchengladbach Rasseln / Mönchengl. Hardter Waldstraße / Mönchengl Hardt Verwaltungsst.	Rasseln / Hardt Verwaltungsstelle / Hardter Waldstraße	LINESTRING(6.34764 51.199049,6.347715900000001 51.199049900000006)
512	Mönchengladbach	Karrenweg	de:05116:23482:0:2	51.198773	6.347343	bus	MATCHED	n284932075	9.4	0.7	Karrenweg	015,023,026	Mönchengl. Wehresbäumchen	Wehresbäumchen	LINESTRING(6.347343 51.198773,6.347220900000001 51.198737)
513	Mönchengladbach	Karstraße	de:05116:23216:0:1	51.186923	6.416594	bus	MATCHED	n365535134	7.4	0.74	Karstraße	007	Mönchengl Monschauer Straße	Monschauer Straße	LINESTRING(6.416594 51.186923,6.4164979 51.18695)
514	Mönchengladbach	Karstraße	de:05116:23216:0:2	51.187046	6.416783	bus	MATCHED	n365535136	6.1	0.77	Karstraße	007,NE5	Mönchengladbach Weststraße	Weststraße	LINESTRING(6.416783 51.187046,6.4168623 51.187023)
515	Mönchengladbach	Keplerstraße	de:05116:23451:0:1	51.16248	6.454835	bus	MATCHED	n7371753755	1.2	0.92	Keplerstraße	020,022	Mönchengladbach Römerstraße	Römerstraße	LINESTRING(6.454835 51.16248,6.4548253 51.1624713)
516	Mönchengladbach	Keplerstraße	de:05116:23451:0:2	51.162587	6.454925	bus	MATCHED	n7372572317	1.6	0.91	Keplerstraße	020,022	Mönchengladbach, Frankfurter Straße / Mönchengladbach Lehwaldstraße	Lehwaldstraße / Frankfurter Straße	LINESTRING(6.454925 51.162587,6.454904 51.1625815)
517	Mönchengladbach	Kinkelbach	de:05116:23382:0:1	51.115078	6.407988	bus	MATCHED	n3543833487	4.0	0.82	Kinkelbach	016	Mönchengl Konrad-Bäumer-Straße	Konrad-Bäumer-Straße	LINESTRING(6.407988 51.115078,6.4080428000000005 51.1150886)
518	Mönchengladbach	Kleiststraße	de:05116:23203:0:2	51.195306	6.438262	bus	MATCHED	n4656995676	14.1	0.63	Kleiststraße	003,007,008,009,010,013,019,023,033,NE1,NE2,NE3,NE5	MG Hbf /Europaplatz / MG Hbf /Europaplatz / MG Hbf /Europaplatz / MG Hbf /Europaplatz / MG Hbf /Europaplatz / MG Hbf /Europaplatz / MG Hbf /Europaplatz / Mönchengladbach Bismarckplatz	H 9 / H 15 / H 19 / H 18 / Bismarckplatz / H 8 / H 16	LINESTRING(6.438262 51.195306,6.4382605 51.1951794)
519	Mönchengladbach	Kliniken Maria Hilf	de:05116:23255:0:1	51.218555	6.418032	bus	MATCHED_THOUGH_REVERSED_DIR	n4093292117	5.5	0.59	Kliniken Maria Hilf	009,019	Viersen Wegweiser	Großheide	LINESTRING(6.418032 51.218555,6.4180558 51.2186018)
520	Mönchengladbach	Kliniken Maria Hilf	de:05116:23255:0:2	51.218313	6.418292	bus	MATCHED_THOUGH_REVERSED_DIR	n4093292116	0.8	0.87	Kliniken Maria Hilf	009,019	Mönchengladbach Großheide	Wegweiser	LINESTRING(6.418292 51.218313,6.4183012 51.2183172)
521	Mönchengladbach	Klumpenstraße	de:05116:23496:0:1	51.218234	6.47688	bus	MATCHED	n7373428286	10.9	0.67	Klumpenstraße	035	Mönchengladbach Dohrweg	Dohrweg	LINESTRING(6.47688 51.218234,6.4768907 51.2183317)
522	Mönchengladbach	Klumpenstraße	de:05116:23496:0:2	51.218257	6.476934	bus	MATCHED	n7373428288	5.6	0.78	Klumpenstraße	035	Mönchengladbach Polizeipräsidium	Polizeipräsidium	LINESTRING(6.476934 51.218257,6.477008700000001 51.2182376)
523	Mönchengladbach	Klusenstraße	de:05116:23339:0:1	51.153556	6.411941	bus	MATCHED	n7363116543	2.1	0.89	Klusenstraße	004	Mönchengladbach Stadtwald	Stadtwald	LINESTRING(6.411941 51.153556,6.411954000000001 51.153539)
524	Mönchengladbach	Knoor	de:05116:23540:0:1	51.14534	6.331973	bus	MATCHED_THOUGH_DISTANT	n13180405198	293.5	0.18	Knorr	026,027,AST	Mönchengladbach Genhausen / Wegberg, Kipshoven Ort	Kipshoven	LINESTRING(6.331973 51.14534,6.334164 51.143090400000006)
525	Mönchengladbach	Koch	de:05116:23525:0:1	51.169944	6.339896	bus	MATCHED	n7512726933	7.6	0.61	Koch	025,026,AST	Mönchengladbach Abzw. Herdt / Mönchengladbach Buhsen	Koch Tankstelle	LINESTRING(6.339896 51.169944,6.3399951 51.16991590000001)
526	Mönchengladbach	Koch	de:05116:23525:0:2	51.16991	6.339609	bus	MATCHED_THOUGH_REVERSED_DIR	n7512726935	5.0	0.61	Koch	025,026	Mönchengl. Koch Tankstelle	Buhsen	LINESTRING(6.339609 51.16991,6.339545800000001 51.1699302)
527	Mönchengladbach	Koch Tankstelle	de:05116:23524:0:1	51.171211	6.341477	bus	MATCHED_THOUGH_REVERSED_DIR	n7512726941	13.1	0.38	Koch Tankstelle	025,026	Mönchengladbach Koch	Herdt / Weg nach Herdt	LINESTRING(6.341477 51.171211,6.341579 51.17131010000001)
528	Mönchengladbach	Koch Tankstelle	de:05116:23524:0:2	51.170619	6.341504	bus	MATCHED_THOUGH_REVERSED_DIR	n7512726938	10.2	0.44	Koch Tankstelle	025,026	Mönchengladbach Weg nach Herdt / Mönchengladbach Herdt	Koch	LINESTRING(6.341504 51.170619,6.341439500000001 51.170536500000004)
529	Mönchengladbach	Kochschulstraße	de:05116:23029:0:1	51.148084	6.45639	bus	MATCHED	n2331748735	4.9	0.8	Kochschulstraße	001,002,NE6	Mönchengladbach Beller Mühle	Beller Mühle	LINESTRING(6.45639 51.148084,6.4563198 51.148079800000005)
530	Mönchengladbach	Kochschulstraße	de:05116:23029:0:2	51.148355	6.456417	bus	MATCHED	n2331748732	5.6	0.78	Kochschulstraße	001,002	Mönchengl Giesenkirchener Str.	Giesenkirchener Straße	LINESTRING(6.456417 51.148355,6.4564954000000006 51.1483441)
531	Mönchengladbach	Kohrstraße	de:05116:23477:0:1	51.146692	6.440103	bus	MATCHED	n4706687769	6.4	0.76	Kohrstraße	022	Mönchengl. Geistenbeck Spark.	Geistenbeck Sparkasse	LINESTRING(6.440103 51.146692,6.440189200000001 51.146710000000006)
532	Mönchengladbach	Kohrstraße	de:05116:23477:0:2	51.146213	6.440148	bus	MATCHED	n4706687768	5.6	0.78	Kohrstraße	022	Mönchengladbach Am Schomm	Am Schomm	LINESTRING(6.440148 51.146213,6.440069800000001 51.1462027)
533	Mönchengladbach	Konstantinplatz	de:05116:23107:0:1	51.15577	6.490544	bus	MATCHED	n1532450746	3.4	0.76	Konstantinplatz	004,SB4	Mönchengl. Nellessenweg / Mönchengl. Giesenk. Altenheim / Mönchengladbach Asternweg / Mönchengl Giesenk. Friedhof	Giesenkirchen Altenheim / Giesenkirchen Friedhof / Nellessenweg	LINESTRING(6.490544 51.15577,6.4905004 51.15578420000001)
534	Mönchengladbach	Konstantinplatz	de:05116:23107:0:2	51.155601	6.489978	bus	MATCHED	n1532450744	3.9	0.74	Konstantinplatz	004,014,021,AST,NE3,SB4	Jüchen Waat / Mönchengl. Giesenk. Altenheim / Mönchengladbach Asternweg / Mönchengl. Am Sternenfeld / Mönchengladbach Waater Straße	Asternweg / Giesenkirchen Altenheim / Waater Straße / Am Sternenfeld	LINESTRING(6.489978 51.155601,6.4900029 51.155632600000004)
535	Mönchengladbach	Konstantinstr.	de:05116:23110:0:1	51.154846	6.502868	bus	MATCHED	n4653922136	6.6	0.46	Konstantinstraße	004,018	Mönchengladbach Pferdmenges / Mönchengladbach Am Düvel	Am Düvel / Horster Straße	LINESTRING(6.502868 51.154846,6.5029174 51.1547958)
536	Mönchengladbach	Konstantinstr.	de:05116:23110:0:2	51.154891	6.503201	bus	MATCHED	n4653910572	7.4	0.45	Konstantinstraße	004,018,NE3	Mönchengladbach Pferdmenges / Mönchengladbach Am Düvel	Pferdmenges	LINESTRING(6.503201 51.154891,6.5031593 51.154951700000005)
537	Mönchengladbach	Konzenstraße	de:05116:23002:0:1	51.208606	6.446823	bus	MATCHED	n4649969637	4.5	0.81	Konzenstraße	002,003,033,NE1	Mönchengladbach Eickener Höhe	Eickener Höhe	LINESTRING(6.446823 51.208606,6.446758300000001 51.208604)
538	Mönchengladbach	Konzenstraße	de:05116:23002:0:2	51.208004	6.4464	bus	MATCHED	n4649969635	7.1	0.75	Konzenstraße	002,003,033	Mönchengl. Künkelstraße / Mönchengl. Künkelstraße	Künkelstraße	LINESTRING(6.4464 51.208004,6.446500800000001 51.20801)
539	Mönchengladbach	Kothausen	de:05116:23232:0:1	51.161291	6.373268	bus	MATCHED	n7367216592	13.7	0.63	Kothausen	007,017,NE4	Mönchengladbach Hohe Straße	Hohe Straße	LINESTRING(6.373268 51.161291,6.3730823 51.161251400000005)
540	Mönchengladbach	Kothausen	de:05116:23232:0:2	51.161708	6.374194	bus	MATCHED	n7367216594	8.4	0.72	Kothausen	007,017,025,NE5	Mönchengladbach Dorthausen / Mönchengladbach Dorthausen	Dorthausen	LINESTRING(6.374194 51.161708,6.3742967 51.16174710000001)
541	Mönchengladbach	Kothausen Kapelle	de:05116:23229:0:1	51.163432	6.37228	bus	MATCHED	n7368839686	13.0	0.64	Kothausen Kapelle	025	Mönchengladbach Gerkerath	Gerkerath	LINESTRING(6.37228 51.163432,6.3723841000000006 51.163528500000005)
542	Mönchengladbach	Kothausen Kapelle	de:05116:23229:0:2	51.163477	6.372352	bus	MATCHED	n7368868009	4.7	0.8	Kothausen Kapelle	025	Mönchengl. Kothausen	Kothausen	LINESTRING(6.372352 51.163477,6.372345200000001 51.1634347)
543	Mönchengladbach	Krefelder Str.	de:05116:23266:0:1	51.206434	6.459372	bus	MATCHED	n12981571278	89.6	1.0	Krefelder Straße	010	Mönchengladbach Voltastraße	Voltastraße	LINESTRING(6.459372 51.206434,6.458415400000001 51.2058984)
544	Mönchengladbach	Krefelder Str.	de:05116:23266:0:2	51.207706	6.461205	bus	MATCHED	n4665492288	195.1	1.0	Krefelder Straße	010	Mönchengladbach Zeppelinstraße	Zeppelinstraße	LINESTRING(6.461205 51.207706,6.4593742 51.2063822)
545	Mönchengladbach	Kronenstraße	de:05116:23854:0:1	51.16653	6.451826	bus	MATCHED	n7372741043	51.6	0.39	Kronenstraße	022,SB4	Mönchengladbach Lehwaldstraße / Mönchengladbach Druckerstraße	Lehwaldstraße / Druckerstraße	LINESTRING(6.451826 51.16653,6.4524784 51.166313200000005)
546	Mönchengladbach	Kronenstraße	de:05116:23854:0:2	51.166434	6.452006	bus	MATCHED	n7487589156	82.4	0.32	Kronenstraße	NE3,SB4	Mönchengladbach Gracht / Mönchengladbach Rathaus Rheydt	Rathaus Rheydt / Gracht	LINESTRING(6.452006 51.166434,6.4531792 51.166367300000005)
547	Mönchengladbach	Kruchenstraße	de:05116:23516:0:1	51.150947	6.47759	bus	MATCHED	n2358287182	5.7	0.78	Kruchenstraße	014,020,022,NE3	Mönchengladbach Eberhardstraße / Möncheng Trimpelshütter Straße	Eberhardstraße / Trimpelshütter Straße	LINESTRING(6.47759 51.150947,6.4776178 51.150899)
548	Mönchengladbach	Kruchenstraße	de:05116:23516:0:2	51.150964	6.477787	bus	MATCHED	n2358286565	6.9	0.75	Kruchenstraße	014,020,022	Mönchengl. Weg n.Trimpelshütte	Weg nach Trimpelshütte	LINESTRING(6.477787 51.150964,6.477776100000001 51.15102520000001)
549	Mönchengladbach	Kärntner Str.	de:05116:23276:0:1	51.208432	6.408375	bus	MATCHED	n4660165092	4.1	0.71	Kärntner Straße	008,010,NE2	Mönchengladbach Leostraße	Leostraße	LINESTRING(6.408375 51.208432,6.4083892 51.208468200000006)
550	Mönchengladbach	Kärntner Str.	de:05116:23276:0:2	51.208606	6.408114	bus	MATCHED	n4660165090	7.0	0.65	Kärntner Straße	008,010	Mönchengladbach Ebelshof	Ebelshof	LINESTRING(6.408114 51.208606,6.408091300000001 51.208544700000004)
551	Mönchengladbach	Köhlersfahrt	de:05116:23173:0:1	51.181601	6.465867	bus	MATCHED	n7369405567	28.7	0.5	Köhlersfahrt	008,016	Mönchengladbach Ritterstraße / Mönchengladbach Frankenstraße	Ritterstraße / Frankenstraße	LINESTRING(6.465867 51.181601,6.4662521 51.1815124)
552	Mönchengladbach	Köhlersfahrt	de:05116:23173:0:2	51.181556	6.466693	bus	MATCHED	n7369405569	75.4	0.33	Köhlersfahrt	008,016	Mönchengl. Bonnenbroich Spark. / Mönchengl. Bonnenbroich Spark.	Bonnenbroich Sparkasse	LINESTRING(6.466693 51.181556,6.4656288 51.181663500000006)
553	Mönchengladbach	Kölner Straße	de:05116:23476	51.120396	6.463199		NO_MATCH_AND_SEEMS_UNSERVED								POINT(6.463199 51.120396)
554	Mönchengladbach	Körschgenstr.	de:05116:23102:0:1	51.160491	6.476898	bus	MATCHED	n7363115768	6.1	0.68	Körschgenstraße	004	Mönchengl. Weg zur Waldesruh	Weg zur Waldesruh	LINESTRING(6.476898 51.160491,6.4769087 51.1604369)
555	Mönchengladbach	Körschgenstr.	de:05116:23102:0:2	51.16039	6.477141	bus	MATCHED	n1532721136	11.4	0.59	Körschgenstraße	004,NE3	Mönchengladbach Bahner	Bahner	LINESTRING(6.477141 51.16039,6.477096 51.1604888)
556	Mönchengladbach	Kühlenhof	de:05116:23897:0:1	51.214706	6.352868	bus	MATCHED	n1117543681	4.5	0.81	Kühlenhof	023	Mönchengladbach Piperlohof	Piperlohof	LINESTRING(6.352868 51.214706,6.3528340000000005 51.214739900000005)
557	Mönchengladbach	Künkelstraße	de:05116:23001:0:1	51.212056	6.448655		NO_MATCH_AND_SEEMS_UNSERVED								POINT(6.448655 51.212056)
558	Mönchengladbach	Künkelstraße	de:05116:23001:0:2	51.212146	6.448682		NO_MATCH_AND_SEEMS_UNSERVED								POINT(6.448682 51.212146)
559	Mönchengladbach	Künkelstraße	de:05116:23001:0:3	51.212478	6.448808		NO_MATCH_AND_SEEMS_UNSERVED								POINT(6.448808 51.212478)
560	Mönchengladbach	Künkelstraße	de:05116:23001:0:4	51.212641	6.448871		NO_MATCH_AND_SEEMS_UNSERVED								POINT(6.448871 51.212641)
561	Mönchengladbach	Künkelstraße	de:05116:23001:1:1	51.212388	6.448772	bus	MATCHED	n759041730	11.7	0.52	Künkelstraße	002,003,015,025,035,NE1	Mönchengl. Süchtelner Straße / Mönchengladbach Konzenstraße / Mönchengladb. Elisabethkirche / Mönchengladb. Elisabethkirche		LINESTRING(6.448772 51.212388,6.448616800000001 51.2123478)
562	Mönchengladbach	Künkelstraße	de:05116:23001:2:2	51.212185	6.4487	bus	MATCHED	n759041799	12.3	0.5	Künkelstraße	001,002,003,015,025	Mönchengladb. Elisabethkirche / Mönchengladbach Spielkaulenweg	Elisabethkirche / Spielkaulenweg / Süchtelner Straße	LINESTRING(6.4487 51.212185,6.448875500000001 51.2121964)
563	Mönchengladbach	Künkelstraße	de:05116:23001:3:3	51.212478	6.448808	bus	MATCHED	w785249800	13.5	0.46	Künkelstraße	033	Mönchengladbach Konzenstraße	Eicken Markt / Konzenstraße / Elisabethkirche	LINESTRING(6.448808 51.212478,6.44865535 51.2124029)
564	Mönchengladbach	Künkelstraße	de:05116:23001:4:4	51.212641	6.448871		NO_MATCH_AND_SEEMS_UNSERVED								POINT(6.448871 51.212641)
565	Mönchengladbach	Landgericht	de:05116:23011:0:1	51.203248	6.440885	bus	MATCHED	n759041884	13.8	0.63	Landgericht	001,015	Mönchengl Kaiser-Friedr.-Halle	Kaiser-Friedrich-Halle	LINESTRING(6.440885 51.203248,6.4407902 51.2033569)
566	Mönchengladbach	Landgericht	de:05116:23011:0:2	51.20295	6.440705	bus	MATCHED	n1599397437	8.3	0.72	Landgericht	001,015	Mönchengladbach Schwogenstraße	Schwogenstraße	LINESTRING(6.440705 51.20295,6.4408149 51.202921100000005)
567	Mönchengladbach	Landgrafenstraße	de:05116:23400:0:1	51.188229	6.422164	bus	MATCHED	n12246611912	11.1	1.0	Landgrafenstraße	017	Mönchengladbach Kabelstraße	Kabelstraße	LINESTRING(6.422164 51.188229,6.4220328 51.188172200000004)
568	Mönchengladbach	Landgrafenstraße	de:05116:23400:0:2	51.188578	6.423044	bus	MATCHED	n12246611913	4.1	1.0	Landgrafenstraße	017	Mönchengladbach Turmstraße	Turmstraße	LINESTRING(6.423044 51.188578,6.423014500000001 51.1885465)
569	Mönchengladbach	Landgrafenstraße	de:05116:23400:0:4	51.188178	6.422307		NO_MATCH_AND_SEEMS_UNSERVED								POINT(6.422307 51.188178)
570	Mönchengladbach	Landscheidung	de:05116:23237:0:1	51.180785	6.423224	bus	MATCHED	n4661001717	5.9	0.77	Landscheidung	009	Mönchengladbach Ziegelgrund	Ziegelgrund	LINESTRING(6.423224 51.180785,6.4233076 51.180787200000005)
571	Mönchengladbach	Langer Weg	de:05116:23610:0:1	51.196336	6.480312	bus	MATCHED	n679990138	6.0	0.64	Langer Weg (031)	031	Korschenbroich Gilleshütte		LINESTRING(6.480312 51.196336,6.4802967 51.196282800000006)
572	Mönchengladbach	Langer Weg	de:05116:23610:0:2	51.195987	6.481336	bus	MATCHED	n679990137	87.6	0.15	Langer Weg (031)	031	Mönchengladb. Lürrip S-Bf.		LINESTRING(6.481336 51.195987,6.4802469 51.1963762)
573	Mönchengladbach	Laurentiuskirche	de:05116:23037:0:1	51.13219	6.449086	bus	MATCHED	n2331748742	4.4	0.8	Laurentiuskirche	002,026,NE6	Mönchengladbach Titzer Straße / Mönchengladbach Am Kammerhof	Am Kammerhof / Titzer Straße	LINESTRING(6.449086 51.13219,6.4490996 51.132229)
574	Mönchengladbach	Laurentiuskirche	de:05116:23037:0:2	51.132207	6.449158	bus	MATCHED	n2331748738	6.3	0.75	Laurentiuskirche	002,026	Mönchengladbach Burgmühle / Mönchengl. Manderscheider Str. / Mönchengladbach Burgmühle	Burgmühle	LINESTRING(6.449158 51.132207,6.4492456 51.1321944)
575	Mönchengladbach	Laurentiuskirche	de:05116:23037:0:3	51.131722	6.450721	bus	MATCHED	n4697316029	5.5	0.8	Laurentiuskirche	022,097	Mönchengladbach Burgmühle	Burgmühle	LINESTRING(6.450721 51.131722,6.4507886 51.131696600000005)
576	Mönchengladbach	Laurentiuskirche	de:05116:23037:0:4	51.132167	6.450461	bus	MATCHED	n3775446970	4.3	0.83	Laurentiuskirche	022,097	Mönchengladbach Görlitzer Str. / Mönchengladbach Mocken	Görlitzer Straße / Mocken	LINESTRING(6.450461 51.132167,6.4504004 51.1321754)
577	Mönchengladbach	Laurentiusplatz	de:05116:23424	51.132416	6.45082		NO_MATCH_AND_SEEMS_UNSERVED								POINT(6.45082 51.132416)
578	Mönchengladbach	Laurentiusstraße	de:05116:23562:0:1	51.116279	6.354601	bus	MATCHED	n7369905828	9.0	0.71	Laurentiusstraße	016	Mönchengl. Buchholz Kreuzung	Buchholz Kreuzung	LINESTRING(6.354601 51.116279,6.354482300000001 51.1162469)
579	Mönchengladbach	Laurentiusstraße	de:05116:23562:0:2	51.116245	6.354566	bus	MATCHED	n7369905830	8.6	0.71	Laurentiusstraße	016	Mönchengl. Buchholz Kirche	Buchholz Kirche	LINESTRING(6.354566 51.116245,6.354663 51.116293000000006)
580	Mönchengladbach	Lehmkuhlenweg	de:05116:23198:0:1	51.209186	6.468256	bus	MATCHED	n7373428298	14.3	0.62	Lehmkuhlenweg	035	Mönchengladbach Nordring	Nordring	LINESTRING(6.468256 51.209186,6.468459200000001 51.2091684)
581	Mönchengladbach	Lehmkuhlenweg	de:05116:23198:0:2	51.209152	6.468301	bus	MATCHED	n7373428300	8.5	0.71	Lehmkuhlenweg	035	Mönchengladbach Willicher Damm	Willicher Damm	LINESTRING(6.468301 51.209152,6.4683633 51.2090861)
582	Mönchengladbach	Lehwaldstraße	de:05116:23449:0:1	51.164908	6.452545	bus	MATCHED	n4697316008	4.9	0.8	Lehwaldstraße	022	Mönchengl. St.-Josef-Kirche	St.-Josef-Kirche	LINESTRING(6.452545 51.164908,6.452513300000001 51.164947600000005)
583	Mönchengladbach	Lehwaldstraße	de:05116:23449:0:2	51.164547	6.45365	bus	MATCHED	n4697315087	5.2	0.79	Lehwaldstraße	022	Mönchengladbach Gracht	Gracht	LINESTRING(6.45365 51.164547,6.4537148 51.1645702)
584	Mönchengladbach	Leostraße	de:05116:23277:0:1	51.207728	6.40267	bus	MATCHED	n4660164509	11.2	0.67	Leostraße	008,010,NE2	Mönchengl. Breiter Graben / Mönchengladbach Windmühlenweg / Mönchengl. Breiter Graben	Breiter Graben / Windmühlenweg	LINESTRING(6.40267 51.207728,6.402512000000001 51.2077091)
585	Mönchengladbach	Leostraße	de:05116:23277:0:2	51.207964	6.403596	bus	MATCHED	n4660164511	9.9	0.69	Leostraße	008,010	Mönchengladbach Kärntner Str.	Kärntner Straße	LINESTRING(6.403596 51.207964,6.4037367000000005 51.2079521)
586	Mönchengladbach	Lilienthalstr.	de:05116:23224:0:1	51.176229	6.40055		NO_MATCH_AND_SEEMS_UNSERVED								POINT(6.40055 51.176229)
587	Mönchengladbach	Lilienthalstr.	de:05116:23224:0:2	51.17548	6.399643		NO_MATCH_AND_SEEMS_UNSERVED								POINT(6.399643 51.17548)
588	Mönchengladbach	Lilienthalstr.	de:05116:23224:1:1	51.176161	6.400541	bus	MATCHED	n759041790	6.6	0.66	Lilienthalstraße	007,014,017,035	Mönchengladbach Am Nordpark / Mönchengladbach Am Nordpark / Mönchengl., Enscheder Straße	Am Nordpark / Enscheder Straße	LINESTRING(6.400541 51.176161,6.400497100000001 51.176213700000005)
589	Mönchengladbach	Lilienthalstr.	de:05116:23224:1:2	51.17548	6.399643	bus	MATCHED	n1872810189	15.4	0.54	Lilienthalstraße	007,014,017,035,NE5	Mönchengladbach Böcklinstraße / Mönchengladbach Böcklinstraße	Böcklinstraße	LINESTRING(6.399643 51.17548,6.399861400000001 51.175465100000004)
590	Mönchengladbach	Lindberghstr.	de:05116:23868:0:1	51.181906	6.403703	bus	MATCHED	n7366335794	5.2	0.68	Lindberghstraße	015,025,035	Mönchengl Josef-Drauschke-Str.	Josef-Drauschke-Straße	LINESTRING(6.403703 51.181906,6.403634500000001 51.1818869)
591	Mönchengladbach	Lochnerallee	de:05116:23251:0:1	51.204863	6.425335	bus	MATCHED	n4093292121	14.1	0.63	Lochnerallee	009,019	Mönchengladbach Stakelberg	Stakelberg	LINESTRING(6.425335 51.204863,6.4254574 51.2047619)
592	Mönchengladbach	Lochnerallee	de:05116:23251:0:2	51.204976	6.425209	bus	MATCHED	n4093292122	19.6	0.57	Lochnerallee	009,019	Mönchengl Franziskanerstraße / Mönchengladbach Wasserturm	Franziskanerstraße / Wasserturm	LINESTRING(6.425209 51.204976,6.425091500000001 51.2051358)
593	Mönchengladbach	Lockhütte	de:05116:23049:0:1	51.231815	6.438235	bus	MATCHED	n757315610	16.5	0.6	Lockhütte	003,007	Mönchengladbach Eschenhof	Eschenhof	LINESTRING(6.438235 51.231815,6.4380424000000005 51.23190090000001)
594	Mönchengladbach	Lockhütte	de:05116:23049:0:2	51.231691	6.438387	bus	MATCHED	n757315657	19.2	0.57	Lockhütte	003,007	Viersen Neuwerker Straße	Neuwerker Straße	LINESTRING(6.438387 51.231691,6.438274900000001 51.231848400000004)
595	Mönchengladbach	Louise-Gueury-Str.	de:05116:23287:0:1	51.19897	6.358464	bus	MATCHED	n285068276	8.3	0.62	Louise-Gueury-Straße	013,NE2	Mönchengl. Vossenbäumchen	Vossenbäumchen	LINESTRING(6.358464 51.19897,6.358418800000001 51.199039400000004)
596	Mönchengladbach	Louise-Gueury-Str.	de:05116:23287:0:2	51.198976	6.357826	bus	MATCHED	n1755951834	67.8	0.3	Louise-Gueury-Straße	013	Mönchengl. Heilstättenweg	Heilstättenweg	LINESTRING(6.357826 51.198976,6.3568579000000005 51.198942200000005)
597	Mönchengladbach	Louise-Gueury-Str.	de:05116:23287:0:3	51.198171	6.35815	bus	MATCHED	n285063953	6.1	0.67	Louise-Gueury-Straße	023	Mönchengl. Wehresbäumchen	Wehresbäumchen	LINESTRING(6.35815 51.198171,6.3580895 51.1981319)
598	Mönchengladbach	Louise-Gueury-Str.	de:05116:23287:0:4	51.198216	6.35815	bus	MATCHED	n285066870	10.3	0.59	Louise-Gueury-Straße	023	Mönchengl. Heilstättenweg	Heilstättenweg	LINESTRING(6.35815 51.198216,6.3582475 51.198146400000006)
599	Mönchengladbach	Luisental	de:05116:23436:0:1	51.145075	6.446517	bus	MATCHED	n7371756591	29.6	0.49	Luisental	020	Mönchengl. Geistenbecker Str.	Geistenbecker Straße	LINESTRING(6.446517 51.145075,6.4466139 51.1448162)
600	Mönchengladbach	Luisental	de:05116:23436:0:2	51.145052	6.4464	bus	MATCHED	n7372572299	105.3	0.29	Luisental	020	Mönchengladbach Am Schomm	Am Schomm	LINESTRING(6.4464 51.145052,6.446690800000001 51.144123)
601	Mönchengladbach	Lürrip Kirche	de:05116:23209:0:1	51.204014	6.471185	bus	MATCHED_THOUGH_REVERSED_DIR	n574328246	14.0	0.36	Lürrip Kirche	007,017,029	Mönchengl. Lürriper Straße	Lürrip Volksbadstraße / Neuwerk Markt	LINESTRING(6.471185 51.204014,6.4710274000000005 51.2039368)
602	Mönchengladbach	Lürrip Kirche	de:05116:23209:0:2	51.20412	6.471724	bus	MATCHED_THOUGH_REVERSED_DIR	n574328247	4.1	0.65	Lürrip Kirche	007,017,029,NE1	Mönchengl. Lürrip Volksbadstr.	Lürriper Straße	LINESTRING(6.471724 51.20412,6.471712 51.204156000000005)
603	Mönchengladbach	Lürrip S-Bf.	de:05116:23189:1:1	51.198137	6.472496	bus	MATCHED	n679990134	9.4	0.42	Lürrip S-Bahnhof	031	Mönchengladbach Langer Weg / Korschenbroich Bf		LINESTRING(6.472496 51.198137,6.472481500000001 51.198052800000006)
604	Mönchengladbach	Lürrip S-Bf.	de:05116:23189:1:2	51.198255	6.472523	bus	MATCHED	n10834053209	11.3	0.39	Lürrip S-Bahnhof	031	MG Hbf /Europaplatz / Mönchengladbach Rohrend		LINESTRING(6.472523 51.198255,6.4724278 51.198337200000005)
605	Mönchengladbach	Lürrip S-Bf.	de:05116:23189:1:3	51.199572	6.473476	bus	MATCHED	n7365469303	34.7	0.38	Lürrip S-Bahnhof	005	Mönchengl. Lürrip Volksbadstr.	Lürrip Volksbadstraße	LINESTRING(6.473476 51.199572,6.473417100000001 51.199262700000006)
606	Mönchengladbach	Lürrip S-Bf.	de:05116:23189:1:4	51.199499	6.47344	bus	MATCHED	n7365469305	8.1	0.6	Lürrip S-Bahnhof	005	Mönchengladbach Volksbad	Volksbad	LINESTRING(6.47344 51.199499,6.4733476 51.1994557)
607	Mönchengladbach	Lürrip S-Bf.	de:05116:23189:97:1	51.199663	6.471948	train	MATCHED	n1041508895	22.6	0.32	Mönchengladbach-Lürrip	S8	MG Hbf /Europaplatz / Korschenbroich Bf	Korschenbroich	LINESTRING(6.471948 51.199663,6.472268000000001 51.1996332)
608	Mönchengladbach	Lürrip S-Bf.	de:05116:23189:98:2	51.199646	6.47255	train	MATCHED	n150900626	19.5	0.35	Mönchengladbach-Lürrip	S8	MG Hbf /Europaplatz / MG Hbf /Europaplatz / Korschenbroich Bf	Mönchengladbach Hbf	LINESTRING(6.47255 51.199646,6.4722740000000005 51.1996722)
609	Mönchengladbach	Lürrip Volksbadstr.	de:05116:23208:0:1	51.204132	6.475542	bus	MATCHED	n574328244	5.5	0.59	Lürrip Volksbadstraße	005,007,017,029	Mönchengladbach Am Lauterkamp / Mönchengladbach Lürrip Kirche / Mönchengladb. Lürrip S-Bf.	Lürrip S-Bahnhof / Lürrip Kirche	LINESTRING(6.475542 51.204132,6.475535600000001 51.204181500000004)
610	Mönchengladbach	Lürrip Volksbadstr.	de:05116:23208:0:2	51.204194	6.476135	bus	MATCHED	n574328245	5.4	0.72	Lürrip Volksbadstraße	007,017,029,NE1	Mönchengl. Am Hülserhof / Mönchengladbach Am Lauterkamp	Am Lauterkamp / Am Hülserhof	LINESTRING(6.476135 51.204194,6.476110500000001 51.2041478)
611	Mönchengladbach	Lürriper Straße	de:05116:23210:0:1	51.20389	6.468346	bus	MATCHED	n574333756	5.0	0.8	Lürriper Straße	007,017,029	Mönchengl Robert-Koch-Straße / Mönchengladbach Nakatenusstr.	Nakatenusstraße	LINESTRING(6.468346 51.20389,6.4682879 51.203915800000004)
612	Mönchengladbach	Lürriper Straße	de:05116:23210:0:2	51.203873	6.467987	bus	MATCHED	n1326040496	9.1	0.71	Lürriper Straße	007,017,029,NE1	Mönchengladbach Lürrip Kirche	Lürrip Kirche	LINESTRING(6.467987 51.203873,6.4680172 51.2037935)
613	Mönchengladbach	Lürriper Straße	de:05116:23210:0:3	51.203693	6.466999		NO_MATCH_AND_SEEMS_UNSERVED								POINT(6.466999 51.203693)
614	Mönchengladbach	MG Buchholz Wendeplatz	de:05116:23564:0:1	51.119313	6.36168	bus	MATCHED	n7342747635	3.9	0.78	Buchholz Wendeplatz	016	Mönchengl. Buchholz Kirche	Buchholz Kirche	LINESTRING(6.36168 51.119313,6.3616479 51.1193417)
615	Mönchengladbach	MG Buchholz Wendeplatz	de:05116:23564:0:2	51.119319	6.361734	bus	MATCHED	n7342747633	5.7	0.73	Buchholz Wendeplatz	016,AST,NE6	Mönchengl. Abzw. Buchholz / Mönchengl. Abzw. Buchholz	Wickrathhahn Denkmal / Abzweig Buchholz	LINESTRING(6.361734 51.119319,6.3617911000000005 51.119282600000005)
616	Mönchengladbach	MG Flughafen Terminal	de:05116:23257:0:1	51.228339	6.502302	bus	MATCHED	n4665492949	2.2	0.73	Flughafen Terminal	025	Mönchengl Flughafen Halle 6	Flughafen Halle 6	LINESTRING(6.502302 51.228339,6.502318900000001 51.228356100000006)
617	Mönchengladbach	MG Hardt Gewerbegebiet	de:05116:23895:0:1	51.209872	6.335836	bus	MATCHED	n1761419658	10.3	0.66	Hardt Gewerbegebiet	023	Mönchengladbach Tomper Straße	Tomper Straße	LINESTRING(6.335836 51.209872,6.3356994 51.2099069)
618	Mönchengladbach	MG Hbf /Europaplatz	de:05116:23007:1:1	51.197208	6.444181	bus	MATCHED_THOUGH_NAMES_DIFFER	w1259354459	1.3	0.15	H 1	089,NE2	Mönchengl. Sinn / Mönchengl Kaiser-Friedr.-Halle	Kaiser-Friedrich-Halle / Alter Markt	LINESTRING(6.444181 51.197208,6.444197550000002 51.19720220000001)
619	Mönchengladbach	MG Hbf /Europaplatz	de:05116:23007:1:2	51.197326	6.44437	bus	MATCHED_THOUGH_NAMES_DIFFER	w1385644148	1.1	0.31	H 2	008,010,NE4	Mönchengl. Sinn	Sinn	LINESTRING(6.44437 51.197326,6.444372889798205 51.19731645492499)
620	Mönchengladbach	MG Hbf /Europaplatz	de:05116:23007:1:6	51.197011	6.444235	bus	MATCHED_THOUGH_NAMES_DIFFER	w1443272037	2.2	0.14	H 6	006	Mönchengladbach Vitusbad	Vitusbad	LINESTRING(6.444235 51.197011,6.4442487 51.19699335)
621	Mönchengladbach	MG Hbf /Europaplatz	de:05116:23007:1:7	51.197129	6.444433	bus	MATCHED_THOUGH_NAMES_DIFFER	w1443272036	1.8	0.15	H 7	NE1,NE4,SB4	Mönchengladbach Vitusbad / Mönchengladbach Bismarckplatz	Hardterbroich Markt / Bismarckplatz	LINESTRING(6.444433 51.197129,6.44442345 51.19711355)
622	Mönchengladbach	MG Hbf /Europaplatz	de:05116:23007:2:3	51.197529	6.444694	bus	MATCHED_THOUGH_NAMES_DIFFER	w1385644149	1.2	0.31	H 3	009,019	Mönchengl. Sinn	Sinn	LINESTRING(6.444694 51.197529,6.444698777297032 51.19751896215718)
623	Mönchengladbach	MG Hbf /Europaplatz	de:05116:23007:2:4	51.197647	6.444909	bus	MATCHED_THOUGH_NAMES_DIFFER	w1259354457	0.2	0.33	H 4	003,033	MG Hbf /Europaplatz / Mönchengl. Sinn	Sinn	LINESTRING(6.444909 51.197647,6.444912000000003 51.19764710000001)
624	Mönchengladbach	MG Hbf /Europaplatz	de:05116:23007:2:5	51.19776	6.445089	bus	MATCHED_THOUGH_NAMES_DIFFER	w1443272038	0.6	0.32	H 5	007,017	Mönchengl. Sinn / Mönchengladbach Bismarckplatz	Sinn / Bismarckplatz	LINESTRING(6.445089 51.19776,6.445095718765509 51.1977563096216)
625	Mönchengladbach	MG Hbf /Europaplatz	de:05116:23007:2:8	51.197388	6.444819	bus	MATCHED_THOUGH_NAMES_DIFFER	w1443272035	1.9	0.3	H 8	008,009,019	Mönchengladbach Bismarckplatz / Mönchengladbach Vitusbad	Bismarckplatz / Vitusbad	LINESTRING(6.444819 51.197388,6.444807150000001 51.19737310000001)
626	Mönchengladbach	MG Hbf /Europaplatz	de:05116:23007:2:9	51.197495	6.445008	bus	MATCHED_THOUGH_NAMES_DIFFER	w1443272034	1.9	0.3	H 9	013,023	Mönchengl. Sinn	Sinn	LINESTRING(6.445008 51.197495,6.44503495 51.197498700000004)
627	Mönchengladbach	MG Hbf /Europaplatz	de:05116:23007:3:10	51.196927	6.444379	bus	MATCHED_THOUGH_NAMES_DIFFER	w1443272032	1.1	0.3	H 10	002	Mönchengladbach Bismarckplatz	Bismarckplatz	LINESTRING(6.444379 51.196927,6.44436945 51.1969196)
628	Mönchengladbach	MG Hbf /Europaplatz	de:05116:23007:3:11	51.197051	6.444595	bus	MATCHED_THOUGH_NAMES_DIFFER	w1443272031	2.5	0.3	H 11	097,SB1	Mönchengladbach Bismarckplatz	Bismarckplatz	LINESTRING(6.444595 51.197051,6.44457025 51.19703495)
629	Mönchengladbach	MG Hbf /Europaplatz	de:05116:23007:3:12	51.197259	6.444882	bus	MATCHED_THOUGH_NAMES_DIFFER	w1443272030	1.1	0.15	H 12	SB81,SB83	Mönchengladbach Bismarckplatz	Bismarckplatz	LINESTRING(6.444882 51.197259,6.444898200000001 51.19725835)
630	Mönchengladbach	MG Hbf /Europaplatz	de:05116:23007:3:15	51.196538	6.444568	bus	MATCHED_THOUGH_NAMES_DIFFER	w1101498217	5.5	0.26	H 15	005,NE3	Mönchengladbach Jenaer Straße	Jenaer Straße	LINESTRING(6.444568 51.196538,6.444584230391431 51.19648943855877)
631	Mönchengladbach	MG Hbf /Europaplatz	de:05116:23007:3:16	51.196792	6.444514	bus	MATCHED_THOUGH_NAMES_DIFFER	w1419005465	0.2	0.16	H 16	003,033	Mönchengladbach Kaiserstraße	Kaiserstraße	LINESTRING(6.444514 51.196792,6.44451615 51.19679315000002)
632	Mönchengladbach	MG Hbf /Europaplatz	de:05116:23007:3:17	51.196904	6.444694	bus	MATCHED_THOUGH_NAMES_DIFFER	w1259354458	1.1	0.3	H 17	002	Mönchengladbach Kaiserstraße	Kaiserstraße	LINESTRING(6.444694 51.196904,6.444706240699201 51.19691040614863)
633	Mönchengladbach	MG Hbf /Europaplatz	de:05116:23007:3:5	51.197169	6.443265		NO_MATCH_AND_SEEMS_UNSERVED								POINT(6.443265 51.197169)
634	Mönchengladbach	MG Hbf /Europaplatz	de:05116:23007:3:6	51.197929	6.44578		NO_MATCH_AND_SEEMS_UNSERVED								POINT(6.44578 51.197929)
635	Mönchengladbach	MG Hbf /Europaplatz	de:05116:23007:3:7	51.19655	6.443454		NO_MATCH_AND_SEEMS_UNSERVED								POINT(6.443454 51.19655)
636	Mönchengladbach	MG Hbf /Europaplatz	de:05116:23007:3:8	51.197833	6.445493		NO_MATCH_AND_SEEMS_UNSERVED								POINT(6.445493 51.197833)
637	Mönchengladbach	MG Hbf /Europaplatz	de:05116:23007:4:10	51.196572	6.44437	bus	NO_MATCH_BUT_OTHER_PLATFORM_MATCHED					SB81	Mönchengladbach Bismarckplatz		POINT(6.44437 51.196572)
638	Mönchengladbach	MG Hbf /Europaplatz	de:05116:23007:4:11	51.196769	6.443714		NO_MATCH_AND_SEEMS_UNSERVED								POINT(6.443714 51.196769)
639	Mönchengladbach	MG Hbf /Europaplatz	de:05116:23007:4:12	51.197873	6.445628		NO_MATCH_AND_SEEMS_UNSERVED								POINT(6.445628 51.197873)
640	Mönchengladbach	MG Hbf /Europaplatz	de:05116:23007:4:13	51.197372	6.44508	bus	MATCHED_THOUGH_NAMES_DIFFER	w1443272027	1.6	0.3	H 13	015,025	Mönchengladbach Bismarckplatz	Bismarckplatz	LINESTRING(6.44508 51.197372,6.445069050000001 51.19735935)
641	Mönchengladbach	MG Hbf /Europaplatz	de:05116:23007:4:14	51.197473	6.44525	bus	MATCHED_THOUGH_NAMES_DIFFER	w1443272033	0.7	0.31	H 14	036	Mönchengladbach Bismarckplatz	Bismarckplatz	LINESTRING(6.44525 51.197473,6.4452447500000005 51.19746790000001)
642	Mönchengladbach	MG Hbf /Europaplatz	de:05116:23007:4:18	51.197135	6.445053	bus	MATCHED_THOUGH_NAMES_DIFFER	w1385644146	1.4	0.3	H 18	010,036,SB1	Mönchengladbach Am Bour / Mönchengladbach Am Bour / Mönchengladbach Voltastraße	Voltastraße / Am Bour	LINESTRING(6.445053 51.197135,6.445073229663334 51.19713399066812)
643	Mönchengladbach	MG Hbf /Europaplatz	de:05116:23007:4:19	51.19727	6.445277	bus	MATCHED_THOUGH_NAMES_DIFFER	w1259354455	1.0	0.31	H 19	007,017,NE1	Mönchengladbach Am Bour	Am Bour / Lürrip Kirche	LINESTRING(6.445277 51.19727,6.445291282136807 51.197268192138566)
644	Mönchengladbach	MG Hbf /Europaplatz	de:05116:23007:4:20	51.197377	6.44543	bus	MATCHED_THOUGH_NAMES_DIFFER	w1419005462	0.8	0.31	H 20	005,015,025	Mönchengl Kaiser-Friedr.-Halle / Mönchengladbach Vitusbad	Vitusbad / Kaiser-Friedrich-Halle	LINESTRING(6.44543 51.197377,6.445428709411765 51.19736989411765)
645	Mönchengladbach	MG Hbf /Europaplatz	de:05116:23007:4:9	51.197974	6.445736		NO_MATCH_AND_SEEMS_UNSERVED								POINT(6.445736 51.197974)
646	Mönchengladbach	MG Hbf /Europaplatz	de:05116:23007:5:21	51.197951	6.445502		MATCHED_THOUGH_NAMES_DIFFER	w1259354460	0.5	0.11	H 21				LINESTRING(6.445502 51.197951,6.4455063 51.197947750000004)
647	Mönchengladbach	MG Hbf /Europaplatz	de:05116:23007:5:22	51.198053	6.445691		NO_MATCH_AND_SEEMS_UNSERVED								POINT(6.445691 51.198053)
648	Mönchengladbach	MG Hbf /Europaplatz	de:05116:23007:5:23	51.198176	6.445906		NO_MATCH_AND_SEEMS_UNSERVED								POINT(6.445906 51.198176)
649	Mönchengladbach	MG Hbf /Europaplatz	de:05116:23007:5:24	51.197777	6.44561	bus	MATCHED_THOUGH_NAMES_DIFFER	w1101498221	0.4	0.16	H 24	029,031	Mönchengladbach Vitusbad		LINESTRING(6.44561 51.197777,6.445610849680999 51.197773201178784)
650	Mönchengladbach	MG Hbf /Europaplatz	de:05116:23007:5:25	51.197923	6.44587		NO_MATCH_AND_SEEMS_UNSERVED								POINT(6.44587 51.197923)
651	Mönchengladbach	MG Hbf /Europaplatz	de:05116:23007:5:26	51.198041	6.446086		MATCHED_THOUGH_OSM_NO_NAME	w1259354454	1.3	0.27					LINESTRING(6.446086 51.198041,6.44606835 51.198037649999996)
652	Mönchengladbach	MG Hbf /Europaplatz	de:05116:23007:89:1	51.197433	6.447927	bus	MATCHED_THOUGH_NAMES_DIFFER	w1454883804	11.3	0.19	Schienenersatzverkehr				LINESTRING(6.447927 51.197433,6.448008700000001 51.1975209)
653	Mönchengladbach	MG Hbf /Europaplatz	de:05116:23007:90:1	51.196809	6.44578	train	MATCHED	n36132033	2.0	0.72	Mönchengladbach Hbf	14,78,DRF,RB33,RE8	Köln Hbf / Köln Hbf / MG Rheydt Hbf / MG Rheydt Hbf / Köln Hbf	Rheydt Hauptbahnhof	LINESTRING(6.44578 51.196809,6.4457661 51.196793500000005)
654	Mönchengladbach	MG Hbf /Europaplatz	de:05116:23007:91:2	51.196769	6.445852	train	MATCHED	n1070715480	0.5	0.66	Mönchengladbach Hbf	RB33,RB34,RB35	MG Rheydt Hbf / Viersen Bahnhof	Viersen / Rheydt Hauptbahnhof	LINESTRING(6.445852 51.196769,6.445852400000001 51.1967645)
655	Mönchengladbach	MG Hbf /Europaplatz	de:05116:23007:91:3	51.196696	6.446014	train	MATCHED	n1070715493	4.1	0.52	Mönchengladbach Hbf	RB33,RB34,RB35,RE42	Viersen Bahnhof / MG Rheydt Hbf	Viersen	LINESTRING(6.446014 51.196696,6.445978200000001 51.196667000000005)
656	Mönchengladbach	MG Hbf /Europaplatz	de:05116:23007:92:4	51.196657	6.446095	train	MATCHED	n344540304	3.9	0.53	Mönchengladbach Hbf	47,78,RE13,RE42,RE8	Viersen Bahnhof / Viersen Bahnhof / Köln Hbf / Venlo(Gr)	Viersen	LINESTRING(6.446095 51.196657,6.4460559 51.196631800000006)
657	Mönchengladbach	MG Hbf /Europaplatz	de:05116:23007:92:5	51.196589	6.44623	train	MATCHED_THOUGH_REVERSED_DIR	n1070715469	2.7	0.46	Mönchengladbach Hbf	14,RE13,RE4,S8	Viersen Bahnhof / Viersen Bahnhof / MG Rheydt Hbf / Mönchengladb. Lürrip S-Bf. / Mönchengladb. Lürrip S-Bf. / MG Rheydt Hbf / MG Rheydt Hbf	Rheydt Hauptbahnhof	LINESTRING(6.44623 51.196589,6.446207800000001 51.196568600000006)
658	Mönchengladbach	MG Hbf /Europaplatz	de:05116:23007:93:6	51.19655	6.446319	train	MATCHED	n1070715539	2.7	0.57	Mönchengladbach Hbf	RB27,RE8	MG Rheydt Hbf	Rheydt Hauptbahnhof	LINESTRING(6.446319 51.19655,6.4462942000000005 51.196531500000006)
659	Mönchengladbach	MG Hbf /Europaplatz	de:05116:23007:93:7	51.196482	6.446454	train	MATCHED	n1070715421	1.8	0.6	Mönchengladbach Hbf	14,DRF,RE13,RE4	Neuss Hauptbahnhof / Korschenbroich Bf / Venlo(Gr) / MG Rheydt Hbf / MG Rheydt Hbf / Krefeld Hbf / Viersen Bahnhof / Neuss Hauptbahnhof	Neuss Hbf / Viersen	LINESTRING(6.446454 51.196482,6.446446600000001 51.1964662)
660	Mönchengladbach	MG Hbf /Europaplatz	de:05116:23007:98:8	51.196454	6.446535	train	MATCHED	n457885697	2.4	0.58	Mönchengladbach Hbf	RE4	MG Rheydt Hbf / MG Rheydt Hbf		LINESTRING(6.446535 51.196454,6.446513 51.196437700000004)
661	Mönchengladbach	MG Hbf /Europaplatz	de:05116:23007:98:9	51.196409	6.446625	train	MATCHED	n3198511553	2.0	0.59	Mönchengladbach Hbf	S8	Mönchengladb. Lürrip S-Bf.	Mönchengladbach-Lürrip	LINESTRING(6.446625 51.196409,6.446608400000001 51.196394700000006)
662	Mönchengladbach	MG Marienplatz	de:05116:23022:1:1	51.165787	6.440355	bus	MATCHED	w335903199	0.3	1.0	Marienplatz	004,019	Mönchengladbach Bootstraße	Bootstraße	LINESTRING(6.440355 51.165787,6.440352600414374 51.16578933346655)
663	Mönchengladbach	MG Marienplatz	de:05116:23022:1:2	51.165803	6.440606	bus	MATCHED	w335903194	0.8	1.0	Marienplatz	020,022	Mönchengladbach Bootstraße	Bootstraße	LINESTRING(6.440606 51.165803,6.4406053 51.16579585000001)
664	Mönchengladbach	MG Marienplatz	de:05116:23022:1:3	51.165809	6.440831	bus	MATCHED	w335903198	0.9	1.0	Marienplatz	014,024,SB81	Mönchengladbach Hunsrückstraße / Mönchengl Dahlener Str.Friedh.	Dahlener Straße Friedhof / Hunsrückstraße	LINESTRING(6.440831 51.165809,6.440837900706063 51.165801872317424)
665	Mönchengladbach	MG Marienplatz	de:05116:23022:2:4	51.166006	6.442367	bus	MATCHED	w335903195	3.6	1.0	Marienplatz	004,020,022,SB81	Mönchengladbach, Reitbahnstraße / Mönchengladbach Gracht / Mönchengladbach Rathaus Rheydt	Reitbahnstraße / Rathaus Rheydt / Gracht	LINESTRING(6.442367 51.166006,6.442375200000001 51.165974250000005)
666	Mönchengladbach	MG Marienplatz	de:05116:23022:2:5	51.165939	6.44199	bus	MATCHED	w335903196	3.5	1.0	Marienplatz	006,008,016,019,097,NE4	Mönchengladbach Rathaus Rheydt	Rathaus Rheydt	LINESTRING(6.44199 51.165939,6.442005257839961 51.16590920755772)
667	Mönchengladbach	MG Marienplatz	de:05116:23022:3:6	51.165544	6.441648	bus	MATCHED	w335903201	4.5	1.0	Marienplatz	001,002,SB1	Mönchengladbach Hauptstraße / Mönchengladbach Hochschule	Hochschule / Hauptstraße	LINESTRING(6.441648 51.165544,6.441707500000001 51.165559200000004)
668	Mönchengladbach	MG Marienplatz	de:05116:23022:3:8	51.165437	6.441621	bus	MATCHED	w335903202	4.9	1.0	Marienplatz	006,016,NE3,NE5,NE6,SB1	Mönchengladbach Theater / Mönchengladbach Hunsrückstraße / MG Rheydt Hbf	Rheydt Hauptbahnhof / Theater / Hunsrückstraße	LINESTRING(6.441621 51.165437,6.44156035 51.16541515)
669	Mönchengladbach	MG Marienplatz	de:05116:23022:3:9	51.16555	6.441558	bus	MATCHED	w335903200	4.0	1.0	Marienplatz	001,002,014,024	MG Rheydt Hbf / MG Rheydt Hbf / MG Rheydt Hbf / MG Marienplatz	Rheydt Hauptbahnhof	LINESTRING(6.441558 51.16555,6.441503900000001 51.16553895)
670	Mönchengladbach	MG Marienplatz	de:05116:23022:4:7	51.164981	6.441972	bus	MATCHED	w335903197	2.9	1.0	Marienplatz	008,097	MG Rheydt Hbf / Mönchengladbach Theater	Rheydt Hauptbahnhof / Theater	LINESTRING(6.441972 51.164981,6.441964407039735 51.16495515732618)
671	Mönchengladbach	MG Nordpark Busbhf. 	de:05116:23890:0:1	51.17584	6.390265	bus	MATCHED	n1872810192	10.8	0.44	Nordpark Busbahnhof	008,017,035	Mönchengl Belgrader Str / Mönchengladbach Am Nordpark	Belgrader Straße / Am Nordpark	LINESTRING(6.390265 51.17584,6.390115300000001 51.1758175)
672	Mönchengladbach	MG Nordpark Busbhf. 	de:05116:23890:0:2	51.175919	6.39004	bus	MATCHED	n1872810187	13.8	0.39	Nordpark Busbahnhof	014,017,035	Mönchengl Belgrader Str / Mönchengladbach Am Nordpark		LINESTRING(6.39004 51.175919,6.3899371 51.176025300000006)
673	Mönchengladbach	MG Odenkirchen Bahnhof	de:05116:23190:1:1	51.137162	6.446391	bus	MATCHED	n7512726770	8.8	0.52	Odenkirchen Bahnhof	026	MG Straßburger Allee	Straßburger Allee	LINESTRING(6.446391 51.137162,6.4462647 51.137163)
674	Mönchengladbach	MG Odenkirchen Bahnhof	de:05116:23190:1:2	51.136863	6.446373	bus	MATCHED	n3429965022	5.1	0.69	Odenkirchen Bf	020,022	MG Straßburger Allee	Straßburger Allee	LINESTRING(6.446373 51.136863,6.446377 51.136817)
675	Mönchengladbach	MG Odenkirchen Bahnhof	de:05116:23190:1:3	51.136964	6.446382	bus	MATCHED	n3429965028	2.7	0.75	Odenkirchen Bf	020,022	Mönchengladbach An den Fichten / MG Rheydt Hbf / Jüchen Hochneukirch Bf	An den Fichten	LINESTRING(6.446382 51.136964,6.446378500000001 51.136988300000006)
676	Mönchengladbach	MG Odenkirchen Bahnhof	de:05116:23190:90:6	51.138058	6.446517	train	MATCHED	n2911579701	15.1	0.25	Rheydt-Odenkirchen	RB27,RE8	MG Rheydt Hbf / MG Rheydt Hbf	Rheydt Hauptbahnhof	LINESTRING(6.446517 51.138058,6.446625500000001 51.138175000000004)
677	Mönchengladbach	MG Odenkirchen Bahnhof	de:05116:23190:90:7	51.138109	6.446382	train	MATCHED	n150899210	14.3	0.26	Rheydt-Odenkirchen	RB27,RE8	Jüchen Hochneukirch Bf / Jüchen Hochneukirch Bf / Grevenbroich Bf		LINESTRING(6.446382 51.138109,6.4464782000000005 51.1382228)
678	Mönchengladbach	MG Parkstraße	de:05116:23248:0:1	51.197563	6.430743	bus	MATCHED	w788278294	23.1	0.46	Parkstraße	008,009,010,019,NE2	Mönchengl Krankenhaus Bethesda	Krankenhaus Bethesda	LINESTRING(6.430743 51.197563,6.4310558 51.197497150000004)
679	Mönchengladbach	MG Parkstraße	de:05116:23248:0:2	51.197338	6.43041	bus	MATCHED	n4660165106	7.9	0.63	Parkstraße	008,009,010,019	Mönchengl. Stadtverwaltung	Kapuzinerplatz / Stadtverwaltung	LINESTRING(6.43041 51.197338,6.430318700000001 51.1972966)
680	Mönchengladbach	MG Regiopark 1	de:05116:23194:0:1	51.113352	6.438711	bus	MATCHED	n4649969865	12.1	0.55	Regiopark I	016,097,SB1	MG Regiopark 2		LINESTRING(6.438711 51.113352,6.4385422000000005 51.113328)
681	Mönchengladbach	MG Regiopark 1	de:05116:23194:0:2	51.1132	6.438549	bus	MATCHED	n4649969864	13.6	0.54	Regiopark I	002,016,097,SB1	MG Regiopark 2 / Mönchengl. Schlossbad Ndrh. / Mönchengl. Mongshof / Möncheng Hanns-M.Schleyer-Str2	Schlossbad Ndrh. / Mongshof / Hanns-Martin-Schleyer-Straße II	LINESTRING(6.438549 51.1132,6.4387331 51.1132378)
682	Mönchengladbach	MG Regiopark 2	de:05116:23195:0:1	51.110076	6.438944	bus	MATCHED	n2331748803	12.4	0.38	Regiopark II	016,097,SB1	MG Regiopark 3	Regiopark III	LINESTRING(6.438944 51.110076,6.4389884 51.109967700000006)
683	Mönchengladbach	MG Regiopark 2	de:05116:23195:0:2	51.10963	6.439995	bus	MATCHED	n2331748800	11.7	0.39	Regiopark II	002,016,097,SB1	MG Regiopark 3 / MG Regiopark 1		LINESTRING(6.439995 51.10963,6.4399417 51.109729800000004)
684	Mönchengladbach	MG Regiopark 3	de:05116:23196:0:1	51.107831	6.443957	bus	MATCHED	n4649969629	15.2	0.35	Regiopark III	016,097,SB1	Jüchen Nordring		LINESTRING(6.443957 51.107831,6.443849500000001 51.107950100000004)
685	Mönchengladbach	MG Regiopark 3	de:05116:23196:0:2	51.107515	6.44464	bus	MATCHED_THOUGH_REVERSED_DIR	n2357051535	3.4	0.47	Regiopark III	002,016,097,SB1	MG Regiopark 2	Nordring	LINESTRING(6.44464 51.107515,6.444615700000001 51.107489)
686	Mönchengladbach	MG Rheindahlen Friedhof	de:05116:23534:0:1	51.159945	6.351026	bus	MATCHED	n7340704084	13.0	0.44	Rheindahlen Friedhof	004	Mönchengl. Gerkerather Weg		LINESTRING(6.351026 51.159945,6.3511994000000005 51.1599877)
687	Mönchengladbach	MG Rheydt Hbf	de:05116:23023:1:1	51.163268	6.441918	bus	MATCHED	n3198340189	39.2	0.35	Rheydt Hauptbahnhof	020,022	MG Marienplatz	Theater / Marienplatz	LINESTRING(6.441918 51.163268,6.4414834 51.163045800000006)
688	Mönchengladbach	MG Rheydt Hbf	de:05116:23023:1:2	51.163043	6.441504	bus	MATCHED	n3198340177	16.0	0.3	Rheydt Hauptbahnhof	020,022	MG Marienplatz	Theater / Marienplatz	LINESTRING(6.441504 51.163043,6.4414349 51.1629056)
689	Mönchengladbach	MG Rheydt Hbf	de:05116:23023:1:3	51.162818	6.441451	bus	MATCHED	n3198353613	6.0	0.45	Rheydt Hauptbahnhof	001,002	MG Odenkirchen Bf / Mönchengladbach Theater		LINESTRING(6.441451 51.162818,6.441391 51.162779)
690	Mönchengladbach	MG Rheydt Hbf	de:05116:23023:1:4	51.162632	6.441253	bus	MATCHED	n3198353568	2.1	0.56	Rheydt Hauptbahnhof	024	MG Marienplatz		LINESTRING(6.441253 51.162632,6.441266400000001 51.162649)
691	Mönchengladbach	MG Rheydt Hbf	de:05116:23023:1:5	51.162604	6.441037	bus	MATCHED	n3198342155	1.3	0.59	Rheydt Hauptbahnhof	008	MG Marienplatz	Marienplatz	LINESTRING(6.441037 51.162604,6.4410439 51.162615300000006)
692	Mönchengladbach	MG Rheydt Hbf	de:05116:23023:2:6	51.162739	6.440858	bus	MATCHED	n3198353609	5.8	0.61	Rheydt Hauptbahnhof	014,016,NE6	MG Marienplatz / MG Marienplatz / MG Marienplatz	Marienplatz	LINESTRING(6.440858 51.162739,6.4409403 51.162731)
693	Mönchengladbach	MG Rheydt Hbf	de:05116:23023:2:7	51.162914	6.440867	bus	MATCHED	n3198340173	11.8	0.52	Rheydt Hauptbahnhof	006	MG Marienplatz	Marienplatz	LINESTRING(6.440867 51.162914,6.4410144 51.1628631)
694	Mönchengladbach	MG Rheydt Hbf	de:05116:23023:2:8	51.163049	6.440912	bus	MATCHED	n3198340186	11.5	0.52	Rheydt Hauptbahnhof	001,002,SB1	MG Marienplatz / Mönchengladbach Wickrath Bf / MG Hbf /Europaplatz	Marienplatz	LINESTRING(6.440912 51.163049,6.441064300000001 51.1630108)
695	Mönchengladbach	MG Rheydt Hbf	de:05116:23023:2:9	51.162728	6.440597	bus	MATCHED	n6224468877	2.6	0.68	Rheydt Hauptbahnhof	006,014,016,NE6,SB1	Mönchengladbach Berliner Str. / Mönchengladbach Reststrauch	Berliner Straße / Reststrauch	LINESTRING(6.440597 51.162728,6.440560100000001 51.1627323)
696	Mönchengladbach	MG Rheydt Hbf	de:05116:23023:90:2	51.162874	6.439879	train	MATCHED	w313801441	23.1	0.48	Rheydt Hbf	14,RB27,RB33,RE4,RE8	MG Hbf /Europaplatz / MG Hbf /Europaplatz / MG Hbf /Europaplatz / MG Hbf /Europaplatz / MG Hbf /Europaplatz / MG Hbf /Europaplatz		LINESTRING(6.439879 51.162874,6.4398008747921125 51.16307554375438)
697	Mönchengladbach	MG Rheydt Hbf	de:05116:23023:91:3	51.162874	6.439456	train	MATCHED	w44674150	23.0	0.31	Rheydt Hbf	RB27,RB33,RB34,RE4,RE8	Erkelenz, Bf / Mönchengladbach Wickrath Bf / Mönchengl. Rheindahlen Bf / MG Odenkirchen Bf / MG Hbf /Europaplatz	Wickrath / Mönchengladbach-Rheindahlen / Rheydt-Odenkirchen / Erkelenz	LINESTRING(6.439456 51.162874,6.439512069537593 51.16307813733448)
698	Mönchengladbach	MG Rheydt Hbf	de:05116:23023:92:4	51.162874	6.439393	train	MATCHED	n3218812643	18.4	0.27	Rheydt Hauptbahnhof	14,RB34,RE4	Mönchengladbach Wickrath Bf / Erkelenz, Bf / MG Hbf /Europaplatz / MG Hbf /Europaplatz / MG Hbf /Europaplatz / MG Hbf /Europaplatz	Mönchengladbach Hbf	LINESTRING(6.439393 51.162874,6.4393874 51.1630392)
699	Mönchengladbach	MG Rheydt Hbf	de:05116:23023:93:1	51.162874	6.439941	train	MATCHED	n36132060	18.8	0.26	Rheydt Hauptbahnhof	RB27,RE8	MG Hbf /Europaplatz		LINESTRING(6.439941 51.162874,6.4399395 51.163043)
700	Mönchengladbach	MG Straßburger Allee	de:05116:23433:0:1	51.135967	6.448026	bus	MATCHED	n1581924555	4.5	0.75	Straßburger Allee	020,022,026,097	MG Odenkirchen Bf / MG Odenkirchen Bf / Mönchengl Beller Mühle Sportpl	Odenkirchen Bf / Beller Mühle Sportplatz	LINESTRING(6.448026 51.135967,6.4480447000000005 51.136005700000005)
701	Mönchengladbach	MG Straßburger Allee	de:05116:23433:0:2	51.135724	6.448341	bus	MATCHED	n4697316025	5.9	0.72	Straßburger Allee	020,022,026,097	Mönchengladbach Burgmühle / Mönchengladbach Burgmühle	Burgmühle	LINESTRING(6.448341 51.135724,6.4483008 51.1356775)
702	Mönchengladbach	Manderscheider Str.	de:05116:23034:0:1	51.135984	6.457216	bus	MATCHED	n957004963	11.6	0.6	Manderscheider Straße	001,002	Mönchengl.Kamphaus.Höhe Kirche	Kamphausener Höhe Kirche	LINESTRING(6.457216 51.135984,6.4573822000000005 51.135983700000004)
703	Mönchengladbach	Manderscheider Str.	de:05116:23034:0:2	51.135961	6.457135	bus	MATCHED	n957005169	9.3	0.63	Manderscheider Straße	001,002,022	Mönchengladbach Burgmühle / Mönchengl. Laurentiuskirche / Mönchengl. Laurentiuskirche	Burgmühle / Laurentiuskirche	LINESTRING(6.457135 51.135961,6.457023 51.136005600000004)
704	Mönchengladbach	Marktfeldstr.	de:05116:23268:0:1	51.20192	6.421957	bus	MATCHED	n4660165100	8.4	0.63	Marktfeldstraße	008,010,NE2	Mönchengladbach Metzenweg	Metzenweg	LINESTRING(6.421957 51.20192,6.4218736000000005 51.201974400000005)
705	Mönchengladbach	Marktfeldstr.	de:05116:23268:0:2	51.201801	6.422487	bus	MATCHED	n4660165101	8.1	0.63	Marktfeldstraße	008,010	Mönchengladbach Wasserturm	Wasserturm	LINESTRING(6.422487 51.201801,6.4225222 51.201731200000005)
706	Mönchengladbach	Matthiaskapelle	de:05116:23486:0:1	51.191111	6.340139	bus	MATCHED	n639088332	4.9	0.7	Matthiaskapelle	026	Mönchengladbach Herdter Hof	Am Kirschbaum / Herdter Hof	LINESTRING(6.340139 51.191111,6.340131100000001 51.191155200000004)
707	Mönchengladbach	Matthiaskapelle	de:05116:23486:0:2	51.191308	6.34013	bus	NO_MATCH_BUT_OTHER_PLATFORM_MATCHED					026	Mönchengladbach Am Kirschbaum		POINT(6.34013 51.191308)
708	Mönchengladbach	Matthiasstraße	de:05116:23005:0:1	51.202618	6.444694	bus	MATCHED	n2517331201	5.2	0.79	Matthiasstraße	002,003,033,NE1	Mönchengladbach Kaiserstraße	Kaiserstraße	LINESTRING(6.444694 51.202618,6.444633400000001 51.202644500000005)
709	Mönchengladbach	Matthiasstraße	de:05116:23005:0:2	51.202719	6.445152	bus	MATCHED	n4096075015	6.3	0.76	Matthiasstraße	002,003,033	Mönchengladbach Eicken Markt	Eicken Markt	LINESTRING(6.445152 51.202719,6.4451821 51.202666)
710	Mönchengladbach	Max-Reger-Str.	de:05116:23080:0:1	51.146455	6.366962	bus	MATCHED	n7363115756	5.2	0.69	Max-Reger-Straße	004,NE4	Mönchengl Rhdl. Umgehungsstr.	Rheindahlen Umgehungsstraße	LINESTRING(6.366962 51.146455,6.3669821 51.1464099)
711	Mönchengladbach	Max-Reger-Str.	de:05116:23080:0:2	51.146377	6.366199	bus	MATCHED	n7363115759	8.0	0.64	Max-Reger-Straße	004,026,NE5	Mönchengladbach Sittard / Mönchengl Helenastraße	Helenastraße	LINESTRING(6.366199 51.146377,6.3660946 51.1464055)
712	Mönchengladbach	Meerkamp Kirche	de:05116:23469:0:2	51.166181	6.486986	bus	MATCHED	n3226799376	12.6	0.65	Meerkamp Kirche	020	Mönchengladbach Worringer Str.	Am Sternenfeld / Worringer Straße	LINESTRING(6.486986 51.166181,6.486815900000001 51.166143000000005)
713	Mönchengladbach	Meerkamp Kirche	de:05116:23469:0:3	51.166215	6.487283	bus	MATCHED	n3226797829	5.1	0.79	Meerkamp Kirche	021,022	Mönchengladbach Worringer Str.	Worringer Straße / Am Sternenfeld	LINESTRING(6.487283 51.166215,6.4872253 51.166242600000004)
714	Mönchengladbach	Meerkamp Kirche	de:05116:23469:0:4	51.165668	6.487202	bus	MATCHED	n3226802111	5.3	0.68	Meerkamp Kirche	018	Mönchengl. Am Sternenfeld		LINESTRING(6.487202 51.165668,6.4871455000000005 51.165636500000005)
715	Mönchengladbach	Memelstraße	de:05116:23170:0:1	51.176319	6.464537	bus	MATCHED	n440170216	12.2	0.65	Memelstraße	006,NE3	Mönchengl. Franziskuskirche	Franziskuskirche	LINESTRING(6.464537 51.176319,6.4645408 51.1762097)
716	Mönchengladbach	Memelstraße	de:05116:23170:0:2	51.176319	6.464555	bus	MATCHED	n440169863	9.6	0.69	Memelstraße	006	Mönchengl. Bonnenbroicher Str.	Bonnenbroicher Straße	LINESTRING(6.464555 51.176319,6.4645697 51.176405)
717	Mönchengladbach	Mennrath Eckartz	de:05116:23547:0:1	51.136316	6.3881	bus	MATCHED_THOUGH_REVERSED_DIR	n7512726897	7.8	0.5	Mennrath Eckartz	026,AST	Mönchengladbach Wickrath Otten	Mennrath, Sportplatz	LINESTRING(6.3881 51.136316,6.3881002 51.136386)
718	Mönchengladbach	Mennrath Eckartz	de:05116:23547:0:2	51.135707	6.389573	bus	MATCHED_THOUGH_REVERSED_DIR	n7512726899	7.0	0.53	Mennrath Eckartz	026,AST	Mönchengl. Mennrath Sportplatz	Otten	LINESTRING(6.389573 51.135707,6.389597200000001 51.135645800000006)
719	Mönchengladbach	Mennrath Sportplatz	de:05116:23546:0:1	51.137353	6.383159	bus	MATCHED	n1425141338	5.9	0.77	Mennrath, Sportplatz	026,027,AST	Mönchengl Mennrathschmidt / Mönchengl. Mennrath Eckartz	Mennrathschmidt / Mennrath Eckartz	LINESTRING(6.383159 51.137353,6.3831633000000005 51.137300100000004)
720	Mönchengladbach	Mennrath Sportplatz	de:05116:23546:0:2	51.137398	6.382458	bus	MATCHED	n4819713637	4.9	0.8	Mennrath, Sportplatz	026,027,AST	Mönchengladbach Griesbarth / Mönchengladbach Max-Reger-Str.	Griesbarth	LINESTRING(6.382458 51.137398,6.3824762 51.1374408)
721	Mönchengladbach	Merodestraße	de:05116:23474:0:1	51.134586	6.464241	bus	MATCHED	n7372741029	3.3	0.85	Merodestraße	022	Mönchengl.Kamphaus.Höhe Kirche	Kamphausener Höhe Kirche	LINESTRING(6.464241 51.134586,6.4642879 51.134585900000005)
722	Mönchengladbach	Merowingerstr.	de:05116:23395:0:1	51.175829	6.470233	bus	MATCHED	n5075673345	4.6	0.68	Merowingerstraße	008	Mönchengladbach, Dohler Straße	Dohler Straße	LINESTRING(6.470233 51.175829,6.470182800000001 51.17580280000001)
723	Mönchengladbach	Merowingerstr.	de:05116:23395:0:2	51.175959	6.470736	bus	MATCHED	n5075671738	7.1	0.63	Merowingerstraße	008	Mönchengladbach Sportplatz 08	Sportplatz 08	LINESTRING(6.470736 51.175959,6.4708190000000005 51.1759228)
724	Mönchengladbach	Merreter	de:05116:23541:0:1	51.141434	6.336249	bus	MATCHED	n7512726752	5.2	0.79	Merreter	026,027,AST	Mönchengladbach Knoor	Knoor	LINESTRING(6.336249 51.141434,6.336209200000001 51.141473600000005)
725	Mönchengladbach	Metzenweg	de:05116:23269:0:1	51.202347	6.419172	bus	MATCHED	n1425132963	9.6	0.7	Metzenweg	008,010,NE2	Mönchengl Bebericher Straße / Mönchengladbach Annakirchstr.	Bebericher Straße / Annakirchstraße	LINESTRING(6.419172 51.202347,6.4192895000000005 51.2023914)
726	Mönchengladbach	Metzenweg	de:05116:23269:0:2	51.202314	6.419604	bus	MATCHED	n4660165099	12.9	0.64	Metzenweg	008,010	Mönchengladbach Marktfeldstr.	Marktfeldenstraße	LINESTRING(6.419604 51.202314,6.4197125 51.202220100000005)
727	Mönchengladbach	Metzenweg	de:05116:23269:0:3	51.202224	6.417888	bus	MATCHED	n7373428308	29.2	0.49	Metzenweg	035	Mönchengl Bebericher Straße	Bebericher Straße	LINESTRING(6.417888 51.202224,6.4182804 51.2023146)
728	Mönchengladbach	Metzenweg	de:05116:23269:0:4	51.202184	6.417978	bus	MATCHED	n7373391978	78.0	0.33	Metzenweg	035	Mönchengladbach, Am Ringerberg	Am Ringerberg	LINESTRING(6.417978 51.202184,6.418666 51.202736400000006)
729	Mönchengladbach	Mittelstraße	de:05116:23889:0:1	51.165719	6.437983	bus	MATCHED	n4653923458	6.5	0.76	Mittelstraße	004,019,020,022,NE4	MG Marienplatz / MG Rheydt Hbf / MG Marienplatz	Marienplatz / Rheydt Hauptbahnhof	LINESTRING(6.437983 51.165719,6.438017800000001 51.165665000000004)
730	Mönchengladbach	Mocken	de:05116:23263:0:1	51.127658	6.453434	bus	MATCHED	n7376842683	8.3	0.72	Mocken	097	Mönchengl. Laurentiuskirche	Laurentiuskirche	LINESTRING(6.453434 51.127658,6.453545 51.1276853)
731	Mönchengladbach	Mocken	de:05116:23263:0:2	51.12772	6.453389	bus	MATCHED	n7376842684	6.7	0.76	Mocken	097	Mönchengl. Mongshof / Mönchengladbach Sasserath / Mönchengladbach, Grünstraße	Sasserath / Grünstraße	LINESTRING(6.453389 51.12772,6.4532965 51.127706)
732	Mönchengladbach	Monforts Quartier	de:05116:23136:1:1	51.183229	6.449544	bus	MATCHED	n4654040790	8.6	0.71	Monforts Quartier	005,SB81	Mönchengladbach Fliethstraße / Mönchengl Ückelhofer Straße	Ückelhofer Straße	LINESTRING(6.449544 51.183229,6.4495591 51.183305600000004)
733	Mönchengladbach	Monforts Quartier	de:05116:23136:1:2	51.183263	6.449499	bus	MATCHED	n7365407677	7.5	0.74	Monforts Quartier	005,SB81	Mönchengl. Scheidt & Bachmann / Mönchengladbach Rheinstraße	Rheinstraße	LINESTRING(6.449499 51.183263,6.4494474 51.183203600000006)
734	Mönchengladbach	Monforts Quartier	de:05116:23136:1:3	51.182362	6.450353	bus	MATCHED	n440220346	8.9	0.71	Monforts Quartier	006	Mönchengl. Scheidt & Bachmann	Scheidt & Bachmann	LINESTRING(6.450353 51.182362,6.4503328 51.182283000000005)
735	Mönchengladbach	Monforts Quartier	de:05116:23136:1:4	51.182226	6.450497	bus	MATCHED	n440178340	6.5	0.76	Monforts Quartier	006	Mönchengladbach Rheinstraße	Rheinstraße / Fliethstraße	LINESTRING(6.450497 51.182226,6.4505898 51.1822297)
736	Mönchengladbach	Mongshof	de:05116:23427:0:1	51.119798	6.454404	bus	MATCHED	n4317874340	8.7	0.71	Mongshof	020,097	MG Regiopark 1 / Jüchen Nordring / Mönchengl. Rostocker Straße	Nordring / Rostocker Straße	LINESTRING(6.454404 51.119798,6.454429 51.1197214)
737	Mönchengladbach	Mongshof	de:05116:23427:0:2	51.119702	6.454368	bus	MATCHED	n7371756604	10.4	0.68	Mongshof	020,097	Mönchengladbach Sasserath	Sasserath	LINESTRING(6.454368 51.119702,6.454227100000001 51.1196732)
738	Mönchengladbach	Mongshof	de:05116:23427:0:3	51.121151	6.452554		NO_MATCH_AND_SEEMS_UNSERVED								POINT(6.452554 51.121151)
739	Mönchengladbach	Mongshof	de:05116:23427:0:4	51.121185	6.452617		NO_MATCH_AND_SEEMS_UNSERVED								POINT(6.452617 51.121185)
740	Mönchengladbach	Moosheide	de:05116:23283:0:1	51.197704	6.388216	bus	MATCHED	n285179446	11.6	0.66	Moosheide	013,023,NE2	Mönchengladbach Beltinghoven	Beltinghoven	LINESTRING(6.388216 51.197704,6.3880778000000005 51.1977611)
741	Mönchengladbach	Moosheide	de:05116:23283:0:2	51.197704	6.388154	bus	MATCHED	n285179451	11.5	0.66	Moosheide	013,023,NE2	Mönchengladbach Poeth	Poeth	LINESTRING(6.388154 51.197704,6.388017700000001 51.197646000000006)
742	Mönchengladbach	Moosheide	de:05116:23283:0:3	51.198025	6.386833	bus	MATCHED	n1481723284	6.3	0.76	Moosheide	008,033	Mönchengladbach Venn Kirche	Venn Kirche	LINESTRING(6.386833 51.198025,6.386879400000001 51.19797620000001)
743	Mönchengladbach	Moosheide	de:05116:23283:0:4	51.197991	6.386833	bus	MATCHED	n1481723283	5.9	0.77	Moosheide	008,033	Mönchengladbach Heidgesberg / Mönchengladbach Rönneter Ring	Rönneterring / Heidgesberg	LINESTRING(6.386833 51.197991,6.3867709 51.197955300000004)
744	Mönchengladbach	Museum Abteiberg	de:05116:23061:0:1	51.194005	6.434731	bus	MATCHED	n285204792	11.4	0.67	Museum Abteiberg	003,007,008,009,010,013,019,023,033,NE1,NE2,NE4	Mönchengladbach Alter Markt / Mönchengl. Stadtverwaltung	Alter Markt	LINESTRING(6.434731 51.194005,6.4348847000000005 51.1940382)
745	Mönchengladbach	Musikschule/VHS	de:05116:23359:0:1	51.191641	6.437202	bus	MATCHED	n4872576721	7.4	0.71	Musikschule / VHS	015,017,025	Mönchengladbach Bleichstraße	Bleichstraße	LINESTRING(6.437202 51.191641,6.4371548 51.1917003)
746	Mönchengladbach	Musikschule/VHS	de:05116:23359:0:2	51.191415	6.436097	bus	MATCHED	n7369300088	6.7	0.73	Musikschule / VHS	015,017,025	Mönchengladbach Friedrichstr.	Friedrichstraße	LINESTRING(6.436097 51.191415,6.4361157 51.1913561)
747	Mönchengladbach	Mönchen Reinh. -Schneider-Weg	de:05116:23074:0:1	51.200884	6.382791	bus	MATCHED	n7357583031	8.1	0.58	Reinhold-Schneider-Weg	003	Mönchengl Stefan-Zweig-Weg	Stefan-Zweig-Weg	LINESTRING(6.382791 51.200884,6.3826947 51.200923700000004)
748	Mönchengladbach	Möncheng Bahn-/Monschauer Str. 	de:05116:23402:0:1	51.182654	6.413288	bus	MATCHED	n4665522663	19.4	0.51	Bahn-/Monschauer Straße	014,017	Mönchengladbach Engelsholt	Engelsholt	LINESTRING(6.413288 51.182654,6.413027700000001 51.1825947)
749	Mönchengladbach	Möncheng Bahn-/Monschauer Str. 	de:05116:23402:0:2	51.182868	6.413648	bus	MATCHED	n4665522665	34.8	0.41	Bahn-/Monschauer Straße	014,017	Mönchengladbach Kabelstraße / Mönchengladbach Ziegelgrund	Kabelstraße / Ziegelgrund	LINESTRING(6.413648 51.182868,6.4141200000000005 51.1829667)
750	Mönchengladbach	Möncheng Hanns-M. Schleyer-Str1	de:05116:23042:0:1	51.118913	6.438342	bus	MATCHED	n2331748725	5.6	0.5	Hanns-Martin-Schleyer-Straße I	002	Möncheng Hanns-M.Schleyer-Str2	Hanns-Martin-Schleyer-Straße II	LINESTRING(6.438342 51.118913,6.438420900000001 51.1189192)
751	Mönchengladbach	Möncheng Hanns-M. Schleyer-Str1	de:05116:23042:0:2	51.118901	6.438989	bus	MATCHED	n7338822038	4.3	0.54	Hanns-Martin-Schleyer-Straße I	002	Mönchengl Marie-Bernays-Ring	Marie-Bernays-Ring	LINESTRING(6.438989 51.118901,6.4389763 51.118938400000005)
752	Mönchengladbach	Möncheng Hanns-M. Schleyer-Str2	de:05116:23874:0:1	51.116133	6.442852	bus	MATCHED	n4649969866	3.8	0.69	Hanns-Martin-Schleyer-Straße II	002	MG Regiopark 1		LINESTRING(6.442852 51.116133,6.4427975 51.1161315)
753	Mönchengladbach	Möncheng Hanns-M. Schleyer-Str2	de:05116:23874:0:2	51.117103	6.44225	bus	MATCHED	n4649969628	10.9	0.56	Hanns-Martin-Schleyer-Straße II	002	Möncheng Hanns-M.Schleyer-Str1	Hanns-Martin-Schleyer-Straße I	LINESTRING(6.44225 51.117103,6.4421511 51.1171792)
754	Mönchengladbach	Möncheng Odenkirchen Gymnasium	de:05116:23031:0:1	51.140104	6.454925	bus	MATCHED	n2331748782	6.8	0.67	Odenkirchen Gymnasium	001,002,026,NE6	Mönchengladbach Burgmühle / Möncheng OdenkirchenTiergarten	Odenkirchen Tiergarten	LINESTRING(6.454925 51.140104,6.454831400000001 51.140119500000004)
755	Mönchengladbach	Möncheng Odenkirchen Gymnasium	de:05116:23031:0:2	51.13976	6.454746	bus	MATCHED	n2331748779	6.8	0.67	Odenkirchen Gymnasium	001,002,026	MG Odenkirchen Bf / Mönchengladbach Beller Mühle	Beller Mühle	LINESTRING(6.454746 51.13976,6.4548294 51.139791100000004)
756	Mönchengladbach	Möncheng OdenkirchenTiergarten	de:05116:23032:0:1	51.137472	6.453677	bus	MATCHED	n2331748790	4.6	0.73	Odenkirchen Tiergarten	001,002,NE6	Mönchengladbach Burgmühle	Burgmühle	LINESTRING(6.453677 51.137472,6.453613000000001 51.137480100000005)
757	Mönchengladbach	Möncheng OdenkirchenTiergarten	de:05116:23032:0:2	51.137105	6.453542	bus	MATCHED	n2331748785	5.0	0.72	Odenkirchen Tiergarten	001,002	Möncheng Odenkirchen Gymnasium	Odenkirchen Gymnasium	LINESTRING(6.453542 51.137105,6.4536097 51.13708990000001)
758	Mönchengladbach	Möncheng Puffkohlen Sportplatz	de:05116:23478:0:1	51.162908	6.485971	bus	MATCHED	n7371753722	6.0	0.67	Puffkohlen Sportplatz	020,021,022	Mönchengladbach Ruckes	Ruckes	LINESTRING(6.485971 51.162908,6.486008600000001 51.1628593)
759	Mönchengladbach	Möncheng Trimpelshütter Straße	de:05116:23517:0:1	51.154575	6.476045	bus	MATCHED	n866433068	5.9	0.67	Trimpelshütter Straße	020	Mönchengladbach Friesenstraße	Friesenstraße	LINESTRING(6.476045 51.154575,6.4761293 51.154576600000006)
760	Mönchengladbach	Möncheng Trimpelshütter Straße	de:05116:23517:0:2	51.15488	6.47617	bus	MATCHED	n866433866	5.6	0.68	Trimpelshütter Straße	020	Mönchengladbach Kruchenstraße	Kruchenstraße	LINESTRING(6.47617 51.15488,6.4761012000000004 51.154905400000004)
761	Mönchengladbach	Mönchengl Als-/Zeppelinstraße	de:05116:23179:0:1	51.209771	6.461025	bus	MATCHED	n7373517119	10.4	0.57	Als-/Zeppelinstraße	036	Mönchengladbach Nordring	Nordring	LINESTRING(6.461025 51.209771,6.4611706 51.209791300000006)
762	Mönchengladbach	Mönchengl Als-/Zeppelinstraße	de:05116:23179:0:2	51.209765	6.460926	bus	MATCHED	n7375079204	8.6	0.6	Als-/Zeppelinstraße	036	Mönchengl Alsstr. Unterführung	Alsstraße Unterführung	LINESTRING(6.460926 51.209765,6.4609809 51.2098342)
763	Mönchengladbach	Mönchengl Alsstr. Unterführung	de:05116:23178:0:1	51.20689	6.45568	bus	MATCHED	n7373517121	9.9	0.58	Alsstraße Unterführung	036	Mönchengl Als-/Zeppelinstraße	Als-/Zeppelinstraße	LINESTRING(6.45568 51.20689,6.4558089 51.206926)
764	Mönchengladbach	Mönchengl Alsstr. Unterführung	de:05116:23178:0:2	51.206912	6.455698	bus	MATCHED	n3828373505	8.2	0.6	Alsstraße Unterführung	036	Bozener Straße	Bozener Straße	LINESTRING(6.455698 51.206912,6.4556975 51.20698530000001)
765	Mönchengladbach	Mönchengl Am Emil-Esser-Platz	de:05116:23560:0:1	51.103826	6.360611	bus	MATCHED	n10539800769	30.0	0.23	Am Emil-Esser-Platz	016	Mönchengladbach Herrath Bf		LINESTRING(6.360611 51.103826,6.360966 51.103977500000006)
766	Mönchengladbach	Mönchengl Am Emil-Esser-Platz	de:05116:23560:0:2	51.103928	6.360809	bus	MATCHED	n7369610970	6.4	0.47	Am Emil-Esser-Platz	016,AST,NE6	Mönchengl. Buchholz Kreuzung / Mönchengl. Buchholz Kirche	Buchholz Kreuzung / Herrath Bf	LINESTRING(6.360809 51.103928,6.3607809 51.10398300000001)
767	Mönchengladbach	Mönchengl Anton-Kreitz-Straße	de:05116:23103:0:1	51.190475	6.451476	bus	MATCHED	n440184597	8.2	0.59	Anton-Kreitz-Straße	006	Mönchengl. Volksgartenstraße	Volksgartenstraße	LINESTRING(6.451476 51.190475,6.451521100000001 51.1905428)
768	Mönchengladbach	Mönchengl Auf der Steinbrücke	de:05116:23148:0:1	51.099009	6.414115	bus	MATCHED	n7366235273	5.9	0.68	Auf der Steinbrücke	006,016,NE6	Mönchengladbach Wanlo Kirche	Wanlo Kirche	LINESTRING(6.414115 51.099009,6.414031400000001 51.099012900000005)
769	Mönchengladbach	Mönchengl Auf der Steinbrücke	de:05116:23148:0:2	51.099111	6.414205	bus	MATCHED	n7366235276	9.3	0.61	Auf der Steinbrücke	006,016,NE6	Mönchengladbach Wanlo Kreuz	Wanlo Kreuz	LINESTRING(6.414205 51.099111,6.4143366 51.099124100000004)
770	Mönchengladbach	Mönchengl Bebericher Straße	de:05116:23270:0:1	51.204346	6.421158	bus	MATCHED	n4665492286	7.4	0.63	Bebericher Straße	010,035	Mönchengladbach Rembrandtstr. / Mönchengl Windberger Allee	Rembrandtstraße / Windberger Allee	LINESTRING(6.421158 51.204346,6.4212579000000005 51.2043231)
771	Mönchengladbach	Mönchengl Bebericher Straße	de:05116:23270:0:2	51.204171	6.420879	bus	MATCHED	n1425132945	4.1	0.7	Bebericher Straße	010,035	Mönchengladbach Metzenweg / Mönchengladbach Metzenweg	Metzenweg	LINESTRING(6.420879 51.204171,6.420840800000001 51.204198700000006)
772	Mönchengladbach	Mönchengl Belgrader Str	de:05116:23833:0:1	51.178054	6.392942		MATCHED	n7369405547	23.1	0.19	Belgrader Straße			NEW Box / Enscheder Straße	LINESTRING(6.392942 51.178054,6.3927816 51.1778728)
773	Mönchengladbach	Mönchengl Beller Mühle Sportpl	de:05116:23643:0:1	51.14149	6.450146	bus	MATCHED	n7376912287	1.3	0.76	Beller Mühle Sportplatz	097	MG Straßburger Allee	Straßburger Allee	LINESTRING(6.450146 51.14149,6.450131000000001 51.1414836)
774	Mönchengladbach	Mönchengl Beller Mühle Sportpl	de:05116:23643:0:2	51.141259	6.4502	bus	MATCHED	n7379776017	3.9	0.68	Beller Mühle Sportplatz	097	Mönchengl. Duvenstraße	Duvenstraße	LINESTRING(6.4502 51.141259,6.450255100000001 51.1412557)
775	Mönchengladbach	Mönchengl Bertolt-Brecht-Platz	de:05116:23073:0:1	51.201486	6.384794	bus	MATCHED	n287753260	3.3	0.68	Bertolt-Brecht-Platz	003	Mönchen Reinh.-Schneider-Weg	Reinhold-Schneider-Weg	LINESTRING(6.384794 51.201486,6.3847754000000005 51.201459)
776	Mönchengladbach	Mönchengl Bertolt-Brecht-Platz	de:05116:23073:0:2	51.201126	6.385369	bus	MATCHED	n287753258	12.5	0.52	Bertolt-Brecht-Platz	003	Mönchengladbach Venn Kirche / Mönchengl. Winkeln Kreuz	Venn Kirche / Winkeln Kreuz	LINESTRING(6.385369 51.201126,6.3851955 51.2011516)
777	Mönchengladbach	Mönchengl Bettrath Kirche	de:05116:23052:0:1	51.223832	6.449571	bus	MATCHED	n324344557	11.3	0.53	Bettrath Kirche	003,007,015,025	Mönchengladbach Hoven Kreuz / Mönchengladbach Ehrenstraße	Ehrenstraße / Hoven Kreuz	LINESTRING(6.449571 51.223832,6.4495673 51.223730800000006)
778	Mönchengladbach	Mönchengl Bettrath Kirche	de:05116:23052:0:2	51.223889	6.450092	bus	MATCHED	n1746185750	3.9	0.65	Bettrath Kirche	003,007,015,025,NE1	Mönchengladbach Dyker Weg / Mönchengl Graf-Haeseler-Straße	Graf-Haeseler-Straße / Dyker Weg	LINESTRING(6.450092 51.223889,6.450099300000001 51.2239238)
779	Mönchengladbach	Mönchengl Bleichgrabenstraße	de:05116:23272:0:1	51.206231	6.415552	bus	MATCHED	n4665492280	4.2	0.75	Bleichgrabenstraße	010	Mönchengladbach, Annaplatz	Annaplatz	LINESTRING(6.415552 51.206231,6.4155297000000004 51.20626600000001)
780	Mönchengladbach	Mönchengl Bleichgrabenstraße	de:05116:23272:0:2	51.20609	6.415202	bus	MATCHED	n4665492278	4.5	0.74	Bleichgrabenstraße	010	Mönchengl Windberger Allee	Windberger Allee	LINESTRING(6.415202 51.20609,6.4152319 51.206054200000004)
781	Mönchengladbach	Mönchengl Brandenberger Straße	de:05116:23414:0:1	51.182576	6.440462	bus	MATCHED	n4092082006	7.9	0.62	Brandenberger Straße	001,002	Mönchengladbach Hochschule	Hochschule	LINESTRING(6.440462 51.182576,6.4403546 51.182596700000005)
782	Mönchengladbach	Mönchengl Brandenberger Straße	de:05116:23414:0:2	51.182609	6.440471	bus	MATCHED	n4092082005	8.0	0.62	Brandenberger Straße	001,002	Mönchengladbach Hermges	Hermges	LINESTRING(6.440471 51.182609,6.4405858 51.182610200000006)
783	Mönchengladbach	Mönchengl Broichmühlenweg	de:05116:23351:0:1	51.228851	6.480887	bus	MATCHED	n1438406329	3.8	0.63	Broichmühlenweg	015	Mönchengladbach Senefelderstr. / Mönchengl Neersbroicher Straße	Neersbroicher Straße	LINESTRING(6.480887 51.228851,6.480832800000001 51.2288555)
784	Mönchengladbach	Mönchengl Broichmühlenweg	de:05116:23351:0:2	51.229126	6.481192		MATCHED	n324325175	3.8	0.58	Broichmühlenweg			Senefelderstraße	LINESTRING(6.481192 51.229126,6.4812456 51.229122700000005)
785	Mönchengladbach	Mönchengl Corresburger Weg	de:05116:23118:0:1	51.15586	6.518661	bus	MATCHED	n7344907112	4.5	0.62	Corresburger Weg	018	Mönchengl. Ringesfeldchen	Ringesfeldchen	LINESTRING(6.518661 51.15586,6.5187248 51.1558587)
786	Mönchengladbach	Mönchengl Corresburger Weg	de:05116:23118:0:2	51.156514	6.518544	bus	MATCHED	n365127150	3.9	0.63	Corresburger Weg	018	Mönchengl. Schelsen Kirche	Schelsen Kirche	LINESTRING(6.518544 51.156514,6.518498800000001 51.1564935)
787	Mönchengladbach	Mönchengl Dahlener Str. Friedh. 	de:05116:23092:1:1	51.166203	6.427635	bus	MATCHED	n1106435210	7.1	0.59	Dahlener Straße Friedhof	004,019,NE4,SB81	Mönchengladbach Bootstraße / MG Marienplatz	Bootstraße / Marienplatz	LINESTRING(6.427635 51.166203,6.427645200000001 51.1661396)
788	Mönchengladbach	Mönchengl Dahlener Str. Friedh. 	de:05116:23092:1:2	51.166513	6.427284	bus	MATCHED	n1106435276	5.5	0.62	Dahlener Straße Friedhof	004,019,SB81	Mönchengladbach Schützenstraße / Mönchengladbach Steinrathshof	Steinrathshof / Hockstein Schützenstraße	LINESTRING(6.427284 51.166513,6.427209700000001 51.166530400000006)
789	Mönchengladbach	Mönchengl Dorfbroicher Straße	de:05116:23095:0:1	51.167961	6.451098	bus	MATCHED	n4653923457	4.0	0.71	Dorfbroicher Straße	004,006,008	Mönchengladbach Bylandtstraße	Bylandtstraße	LINESTRING(6.451098 51.167961,6.451088800000001 51.1679253)
790	Mönchengladbach	Mönchengl Dorfbroicher Straße	de:05116:23095:0:2	51.169138	6.452078	bus	MATCHED	n4653922131	3.7	0.72	Dorfbroicher Straße	004,006,008,NE3	Mönchengladbach Rathaus Rheydt	Rathaus Rheydt	LINESTRING(6.452078 51.169138,6.452025900000001 51.169131300000004)
791	Mönchengladbach	Mönchengl Flughafen Halle 6	de:05116:23258:0:1	51.229064	6.498655	bus	MATCHED	n7366294203	4.0	0.7	Flughafen Halle 6	025	Mönchengl. Flughafen RAS	R.A.S.	LINESTRING(6.498655 51.229064,6.498610200000001 51.229086200000005)
792	Mönchengladbach	Mönchengl Flughafen Halle 6	de:05116:23258:0:2	51.229233	6.498862	bus	MATCHED	n7369285975	7.8	0.62	Flughafen Halle 6	025	MG Flughafen Terminal	Flughafen Terminal	LINESTRING(6.498862 51.229233,6.498970300000001 51.2292172)
793	Mönchengladbach	Mönchengl Franziskanerstraße	de:05116:23250:0:1	51.202466	6.427006	bus	MATCHED	n4093292111	13.3	0.51	Franziskanerstraße	005,009	Mönchengladbach Lochnerallee / Mönchengladbach Wasserturm	Wasserturm / Lochnerallee	LINESTRING(6.427006 51.202466,6.4268160000000005 51.202464600000006)
794	Mönchengladbach	Mönchengl Franziskanerstraße	de:05116:23250:0:2	51.202319	6.427122	bus	MATCHED	n4093292110	1.8	0.71	Franziskanerstraße	009	Mönchengladbach Hagelkreuzstr.	Hagelkreuzstraße	LINESTRING(6.427122 51.202319,6.4271374 51.202305700000004)
795	Mönchengladbach	Mönchengl Gabelsbergerstraße	de:05116:23902:0:1	51.188319	6.460073	bus	MATCHED	n7939020776	6.2	0.62	Gabelsbergerstraße	008	Mönchengl. Hardterbroich Markt	Hardterbroich Markt	LINESTRING(6.460073 51.188319,6.460012900000001 51.1882779)
796	Mönchengladbach	Mönchengl Gabelsbergerstraße	de:05116:23902:0:2	51.188685	6.459758	bus	MATCHED	n7939020772	3.1	0.55	Gabelsbergerstraße	008,NE1	Mönchengladbach Reyerhütte / Mönchengl. Hardterbroich Markt	Reyerhütte	LINESTRING(6.459758 51.188685,6.4597880000000005 51.1887053)
797	Mönchengladbach	Mönchengl Genhülsen Kapelle	de:05116:23085:0:1	51.154789	6.39428	bus	MATCHED	n7363116554	5.3	0.68	Genhülsen Kapelle	004	Mönchengladbach Waldesrand	Waldesrand	LINESTRING(6.39428 51.154789,6.3942285000000005 51.1547544)
798	Mönchengladbach	Mönchengl Genhülsen Kapelle	de:05116:23085:0:2	51.154711	6.394487	bus	MATCHED	n7363116550	3.6	0.72	Genhülsen Kapelle	004	Mönchengl Genhülsen Trafo	Genhülsen Trafo	LINESTRING(6.394487 51.154711,6.394526600000001 51.154732100000004)
799	Mönchengladbach	Mönchengl Genhülsen Trafo	de:05116:23084:0:1	51.156136	6.388531	bus	MATCHED	n7640269508	4.7	0.58	Genhülsen Trafo	004	Mönchengl Genhülsen Kapelle		LINESTRING(6.388531 51.156136,6.388479800000001 51.1561633)
800	Mönchengladbach	Mönchengl Genhülsen Trafo	de:05116:23084:0:2	51.156328	6.389294	bus	MATCHED	n7363116556	6.3	0.53	Genhülsen Trafo	004	Mönchengladbach Günhoven	Genhülsen Kapelle / Günhoven	LINESTRING(6.389294 51.156328,6.3893839 51.156324500000004)
801	Mönchengladbach	Mönchengl Gerkerather Mühle	de:05116:23231:0:1	51.156114	6.357404	bus	MATCHED	n7368712984	11.6	0.57	Gerkerather Mühle	025,AST	Mönchengl. Gerkerather Weg	Gerkerather Weg	LINESTRING(6.357404 51.156114,6.3572967 51.1560349)
802	Mönchengladbach	Mönchengl Gerkerather Mühle	de:05116:23231:0:2	51.156029	6.357386	bus	MATCHED	n7368868014	6.5	0.66	Gerkerather Mühle	025	Mönchengladbach Gerkerath	Gerkerath	LINESTRING(6.357386 51.156029,6.357458 51.1560665)
803	Mönchengladbach	Mönchengl Giesenk. Friedhof	de:05116:23413:0:1	51.159511	6.493041	bus	MATCHED	n7363116571	20.9	0.46	Giesenkirchen Friedhof	004	Mönchengladbach Flören	Flören	LINESTRING(6.493041 51.159511,6.4930118000000006 51.1593244)
804	Mönchengladbach	Mönchengl Giesenk. Friedhof	de:05116:23413:0:2	51.159494	6.492978	bus	MATCHED	n7363116573	8.1	0.61	Giesenkirchen Friedhof	004	Mönchengl. Konstantinplatz	Konstantinplatz	LINESTRING(6.492978 51.159494,6.492916800000001 51.1594326)
805	Mönchengladbach	Mönchengl Giesenkirchener Str. 	de:05116:23028:0:1	51.150676	6.45533	bus	MATCHED	n1767474856	3.7	0.66	Giesenkirchener Straße	001,002,NE6	Mönchengl. Kochschulstraße	Kochschulstraße	LINESTRING(6.45533 51.150676,6.4552909000000005 51.150654200000005)
806	Mönchengladbach	Mönchengl Giesenkirchener Str. 	de:05116:23028:0:2	51.151645	6.454323	bus	MATCHED	n2331748704	13.0	0.35	Giesenkirchener Straße	001,002,014	Mönchengladbach Mülfort / Mönchengl. Duvenstraße	Kochschulstraße / Duvenstraße / Mülfort	LINESTRING(6.454323 51.151645,6.4545003 51.1516785)
807	Mönchengladbach	Mönchengl Giesenkirchener Str. 	de:05116:23028:0:3	51.150828	6.457468	bus	MATCHED	n1769382370	7.0	0.6	Giesenkirchener Straße	014,NE3	Mönchengladbach Dohrer Straße	Dohrer Straße	LINESTRING(6.457468 51.150828,6.4574385 51.1507683)
808	Mönchengladbach	Mönchengl Graf-Haeseler-Straße	de:05116:23354:0:1	51.221554	6.448134	bus	MATCHED	n759041929	3.0	0.69	Graf-Haeseler-Straße	015,025,NE1	Mönchengladbach Nelkenstraße	Nelkenstraße	LINESTRING(6.448134 51.221554,6.448112200000001 51.2215307)
809	Mönchengladbach	Mönchengl Graf-Haeseler-Straße	de:05116:23354:0:2	51.221678	6.44817	bus	MATCHED	n4675033897	7.0	0.6	Graf-Haeseler-Straße	015,025	Mönchengl Bettrath Kirche	Bettrath Kirche	LINESTRING(6.44817 51.221678,6.4482299 51.2217283)
810	Mönchengladbach	Mönchengl Grevenbroicher Str. 	de:05116:23134:0:1	51.184772	6.456138	bus	MATCHED	n440220215	14.2	0.52	Grevenbroicher Straße	005,006	Mönchengladbach Rheinstraße	Rheinstraße	LINESTRING(6.456138 51.184772,6.455937700000001 51.184753300000004)
811	Mönchengladbach	Mönchengl Grevenbroicher Str. 	de:05116:23134:0:2	51.184766	6.456156	bus	MATCHED	n440182054	8.4	0.59	Grevenbroicher Straße	005,006	Mönchengl. Hardterbroich Markt / Mönchengl. Hardterbroich Markt	Hardterbroich Markt	LINESTRING(6.456156 51.184766,6.456271500000001 51.184746200000006)
812	Mönchengladbach	Mönchengl Güdderath Kreuz	de:05116:23039:0:1	51.126248	6.43951	bus	MATCHED	n2331748712	9.5	0.58	Güdderath Kreuz	002	Mönchengl Nievelsteinstr. / Mönchengl Nievelsteinstr.	Nievelsteinstraße	LINESTRING(6.43951 51.126248,6.439382500000001 51.1262764)
813	Mönchengladbach	Mönchengl Güdderath Kreuz	de:05116:23039:0:2	51.126705	6.439375	bus	MATCHED	n2331748716	14.4	0.52	Güdderath Kreuz	002	Mönchengl Güdderath Schule	Güdderath Schule	LINESTRING(6.439375 51.126705,6.439432 51.126829400000005)
814	Mönchengladbach	Mönchengl Güdderath Schule	de:05116:23040:0:1	51.128114	6.439214	bus	MATCHED	n2331748719	5.3	0.7	Güdderath Schule	002	Mönchengl Güdderath Kreuz	Güdderath Kreuz	LINESTRING(6.439214 51.128114,6.4391476 51.1281362)
815	Mönchengladbach	Mönchengl Güdderath Schule	de:05116:23040:0:2	51.128306	6.439573	bus	MATCHED	n2331748722	8.3	0.64	Güdderath Schule	002	Mönchengladbach Am Kammerhof	Am Kammerhof	LINESTRING(6.439573 51.128306,6.4396838 51.1282804)
816	Mönchengladbach	Mönchengl Günhoven Denkmal	de:05116:23861:0:1	51.144275	6.386474	bus	MATCHED	n7514290000	4.7	0.71	Günhoven Denkmal	027	Mönchengladbach Günhoven	Günhoven	LINESTRING(6.386474 51.144275,6.3865347 51.1442941)
817	Mönchengladbach	Mönchengl Günhoven Denkmal	de:05116:23861:0:2	51.144263	6.386519	bus	MATCHED	n7514290018	6.2	0.67	Günhoven Denkmal	027	Mönchengl Mennrathschmidt	Mennrathschmidt	LINESTRING(6.386519 51.144263,6.3865033 51.144207800000004)
818	Mönchengladbach	Mönchengl Hardt Verwaltungsst. 	de:05116:23289:0:1	51.202933	6.34516	bus	MATCHED	n284892873	5.7	0.5	Hardt Verwaltungsstelle	013,023,026,NE2	Mönchengl. Vossenbäumchen / Mönchengladbach Hardt Markt	Hardt Markt	LINESTRING(6.34516 51.202933,6.3452412 51.2029336)
819	Mönchengladbach	Mönchengl Hardt Verwaltungsst. 	de:05116:23289:0:2	51.201982	6.346678	bus	MATCHED	n284900351	5.8	0.65	Hardt Verwaltungsstelle	015,023	Mönchengl. Karrenweg	Karrenweg / Vossenbäumchen	LINESTRING(6.346678 51.201982,6.3466952 51.2019309)
820	Mönchengladbach	Mönchengl Hehnerh. Kahle Heide	de:05116:23222:0:1	51.18275	6.399535	bus	MATCHED	n7366335792	2.7	0.63	Kahle Heide	015,025,035	Mönchengl. An der Holter Heide / Mönchengl. An der Holter Heide	An der Holter Heide	LINESTRING(6.399535 51.18275,6.399564300000001 51.182765800000006)
821	Mönchengladbach	Mönchengl Helenastraße	de:05116:23079:0:1	51.145774	6.363396	bus	MATCHED	n4653925933	7.9	0.58	Helenastraße	004,NE4	Mönchengladbach Max-Reger-Str.	Max-Reger-Straße	LINESTRING(6.363396 51.145774,6.363448900000001 51.1457108)
822	Mönchengladbach	Mönchengl Helenastraße	de:05116:23079:0:2	51.145509	6.362111	bus	MATCHED	n4653923463	6.6	0.6	Helenastraße	004,026,NE5	Hilderather Str. / Hilderather Str. / Hilderather Str.	Hilderather Straße	LINESTRING(6.362111 51.145509,6.362044 51.145551100000006)
823	Mönchengladbach	Mönchengl Hermann-Löns-Straße	de:05116:23098:0:1	51.169893	6.460863	bus	MATCHED	n4653910583	4.0	0.69	Hermann-Löns-Straße	004	Mönchengladbach Niersbrücke	Niersbrücke	LINESTRING(6.460863 51.169893,6.4608555 51.1698578)
824	Mönchengladbach	Mönchengl Hermann-Löns-Straße	de:05116:23098:0:2	51.169972	6.46036	bus	MATCHED	n4653923454	4.7	0.67	Hermann-Löns-Straße	004	Mönchengladbach Geneicken Bf	Geneicken Bahnhof	LINESTRING(6.46036 51.169972,6.46037 51.1700134)
825	Mönchengladbach	Mönchengl Hochneukircher Weg	de:05116:23151:0:1	51.110431	6.418337	bus	MATCHED	n4655156904	7.1	0.65	Hochneukircher Weg	006,016,NE6	Mönchengladbach Sandgrube	Sandgrube	LINESTRING(6.418337 51.110431,6.4182386000000005 51.110417000000005)
826	Mönchengladbach	Mönchengl Hochneukircher Weg	de:05116:23151:0:2	51.110702	6.418274	bus	MATCHED	n4655156905	8.1	0.63	Hochneukircher Weg	006,016,NE6	Mönchengl Wickrathberg Kirche	Wickrathberg Kirche	LINESTRING(6.418274 51.110702,6.4183852 51.1107218)
827	Mönchengladbach	Mönchengl Hugo-Junkers-Gymnas. 	de:05116:23389:0:1	51.170856	6.44419	bus	MATCHED	n4092082011	19.3	0.45	Hugo-Junkers-Gymnasium	016,019	Mönchengladbach Rheydt Markt	Rheydt Markt	LINESTRING(6.44419 51.170856,6.4441514 51.170684300000005)
828	Mönchengladbach	Mönchengl Hugo-Junkers-Gymnas. 	de:05116:23389:0:2	51.170664	6.444235	bus	MATCHED	n4092082012	22.2	0.43	Hugo-Junkers-Gymnasium	016,019	Mönchengladbach Amtsgericht / Mönchengladbach Amtsgericht	Amtsgericht	LINESTRING(6.444235 51.170664,6.4442344 51.1708634)
829	Mönchengladbach	Mönchengl Josef-Drauschke-Str. 	de:05116:23220:0:1	51.181123	6.400757	bus	MATCHED	n7366335793	6.3	0.62	Josef-Drauschke-Straße	015,025,035	Mönchengl Hehnerh. Kahle Heide	Kahle Heide	LINESTRING(6.400757 51.181123,6.4007056 51.181169800000006)
830	Mönchengladbach	Mönchengl Kaiser-Friedr. -Halle	de:05116:23012:0:1	51.198655	6.438729	bus	MATCHED	n4109257190	5.7	0.63	Kaiser-Friedrich-Halle	001,015,025	Mönchengladbach Bismarckstraße / MG Hbf /Europaplatz / MG Hbf /Europaplatz	Bismarckstraße / H 13 / H 1	LINESTRING(6.438729 51.198655,6.4386608 51.198626600000004)
831	Mönchengladbach	Mönchengl Kaiser-Friedr. -Halle	de:05116:23012:0:2	51.199325	6.438127	bus	MATCHED	n825970480	5.8	0.63	Kaiser-Friedrich-Halle	001,015,025	Mönchengladbach Landgericht / Mönchengladbach Bunter Garten	Bunter Garten / Landgericht	LINESTRING(6.438127 51.199325,6.438209400000001 51.199328)
832	Mönchengladbach	Mönchengl Klosterhofweg 1	de:05116:23043:0:1	51.121129	6.443813	bus	MATCHED	n4317892073	5.5	0.62	Klosterhofweg I	002	Mönchengl Klosterhofweg 2	Klosterhofweg II	LINESTRING(6.443813 51.121129,6.4438027 51.1210797)
833	Mönchengladbach	Mönchengl Klosterhofweg 1	de:05116:23043:0:2	51.121715	6.442942	bus	MATCHED	n4649969621	5.1	0.63	Klosterhofweg I	002	Mönchengl Marie-Juchacz-Str.	Marie-Juchacz-Straße	LINESTRING(6.442942 51.121715,6.4430034 51.1217399)
834	Mönchengladbach	Mönchengl Klosterhofweg 2	de:05116:23044:0:1	51.120847	6.448862	bus	MATCHED	n4317890995	19.5	0.45	Klosterhofweg II	002	Mönchengl. Rostocker Straße	Rostocker Straße	LINESTRING(6.448862 51.120847,6.4491396000000005 51.1208606)
835	Mönchengladbach	Mönchengl Klosterhofweg 2	de:05116:23044:0:2	51.120914	6.449095	bus	MATCHED	n4649969624	18.3	0.46	Klosterhofweg II	002	Mönchengl Klosterhofweg 1	Klosterhofweg I	LINESTRING(6.449095 51.120914,6.4488405 51.1208765)
836	Mönchengladbach	Mönchengl Konrad-Bäumer-Straße	de:05116:23260:0:1	51.121546	6.402589	bus	MATCHED	n7369905814	9.1	0.59	Konrad-Bäumer-Straße	016,AST,NE6	Mönchengladbach Im Schlaun	Im Schlaun	LINESTRING(6.402589 51.121546,6.4024805 51.1215903)
837	Mönchengladbach	Mönchengl Konrad-Bäumer-Straße	de:05116:23260:0:2	51.121991	6.404674	bus	MATCHED	n3543833489	7.7	0.61	Konrad-Bäumer-Straße	016	Mönchengl. Am Klingelsberg	Am Klingelsberg	LINESTRING(6.404674 51.121991,6.4047701 51.121957)
838	Mönchengladbach	Mönchengl Krankenhaus Bethesda	de:05116:23122:0:1	51.199392	6.428245	bus	MATCHED	n4093292119	16.4	0.49	Krankenhaus Bethesda	005,008,009,010,019,NE2	Mönchengladbach Wasserturm / Mönchengladbach Hagelkreuzstr. / Mönchengladbach Wasserturm	Hagelkreuzstraße / Wasserturm	LINESTRING(6.428245 51.199392,6.428441100000001 51.1993109)
839	Mönchengladbach	Mönchengl Krankenhaus Bethesda	de:05116:23122:0:2	51.199263	6.428407	bus	MATCHED	n2352695721	18.7	0.47	Krankenhaus Bethesda	005,008,009,010,019	MG Parkstraße / Mönchengladbach Sternstraße	Parkstraße / Sternstraße	LINESTRING(6.428407 51.199263,6.428185600000001 51.1993571)
840	Mönchengladbach	Mönchengl Liebfrauenstraße	de:05116:23182:0:1	51.221419	6.470727	bus	MATCHED	n7340704069	88.7	0.25	Liebfrauenstraße	036,NE1	Mönchengladbach Neuwerk Markt	Neuwerk Markt	LINESTRING(6.470727 51.221419,6.4705738 51.2206276)
841	Mönchengladbach	Mönchengl Liebfrauenstraße	de:05116:23182:0:2	51.221813	6.470852	bus	MATCHED	n333248825	5.8	0.62	Liebfrauenstraße	010,036	Neuwerk Ver.-Stelle / Mönchengl. Bendhütter Straße	Bendhütter Straße	LINESTRING(6.470852 51.221813,6.4707688 51.22181500000001)
842	Mönchengladbach	Mönchengl Liebfrauenstraße	de:05116:23182:0:3	51.221953	6.47026	bus	MATCHED	n7340704063	17.4	0.47	Liebfrauenstraße	007	Neuwerk Ver.-Stelle	Neuwerk Verwaltungsstelle	LINESTRING(6.47026 51.221953,6.4701781 51.222101)
843	Mönchengladbach	Mönchengl Liebfrauenstraße	de:05116:23182:0:4	51.221953	6.470682	bus	MATCHED	n7925885989	5.0	0.49	Liebfrauenstraße	035,SB1	Mönchengladbach Neuwerk Markt	Neuwerk Markt	LINESTRING(6.470682 51.221953,6.470613200000001 51.2219399)
844	Mönchengladbach	Mönchengl Liebfrauenstraße	de:05116:23182:0:5	51.221683	6.470242	bus	MATCHED	n7340704054	6.1	0.62	Liebfrauenstraße	005	Mönchengl Neuwerk Schulzentrum	Neuwerk Schulzentrum	LINESTRING(6.470242 51.221683,6.4701646 51.2217083)
845	Mönchengladbach	Mönchengl Marie-Bernays-Ring	de:05116:23048:0:1	51.1207	6.431794	bus	MATCHED	n2331748755	4.3	0.66	Marie-Bernays-Ring	002	Möncheng Hanns-M.Schleyer-Str1	Hanns-Martin-Schleyer-Straße I	LINESTRING(6.431794 51.1207,6.4318425 51.120675600000006)
846	Mönchengladbach	Mönchengl Marie-Bernays-Ring	de:05116:23048:0:2	51.120745	6.43165	bus	MATCHED	n7338822042	3.1	0.7	Marie-Bernays-Ring	002	Mönchengl Marie-Juchacz-Str.	Marie-Juchacz-Straße	LINESTRING(6.43165 51.120745,6.4316237 51.1207672)
847	Mönchengladbach	Mönchengl Marie-Juchacz-Str. 	de:05116:23045:0:1	51.123423	6.43368	bus	MATCHED	n2331748762	6.5	0.62	Marie-Juchacz-Straße	002	Mönchengl Marie-Bernays-Ring	Marie-Bernays-Ring	LINESTRING(6.43368 51.123423,6.433604300000001 51.1234562)
848	Mönchengladbach	Mönchengl Marie-Juchacz-Str. 	de:05116:23045:0:2	51.123609	6.434129	bus	MATCHED	n2331748759	20.0	0.46	Marie-Juchacz-Straße	002	Mönchengl Nievelsteinstr.	Nievelsteinstraße	LINESTRING(6.434129 51.123609,6.434410000000001 51.1236412)
849	Mönchengladbach	Mönchengl Math. -Nat. -Gymnasium	de:05116:23138:0:1	51.189293	6.436699	bus	MATCHED	n4654040792	9.0	0.6	Math.-Nat. Gymnasium	005	Mönchengladbach Bleichstraße	Bleichstraße	LINESTRING(6.436699 51.189293,6.436747700000001 51.1893681)
850	Mönchengladbach	Mönchengl Math. -Nat. -Gymnasium	de:05116:23138:0:2	51.188234	6.437309	bus	MATCHED	n4654040286	6.8	0.64	Math.-Nat. Gymnasium	005	Mönchengladbach Hermges	Hermges	LINESTRING(6.437309 51.188234,6.4372917 51.188174000000004)
851	Mönchengladbach	Mönchengl Maurus-Ahn-Straße	de:05116:23600:0:1	51.196842	6.454243	bus	MATCHED	n1072642446	30.9	0.41	Maurus-Ahn-Straße (029, 031)	029,031	Mönchengladbach Rohrplatz / Mönchengladbach Rohrplatz	Rohrplatz (031) / Rohrplatz (029)	LINESTRING(6.454243 51.196842,6.4546846 51.196858600000006)
852	Mönchengladbach	Mönchengl Maurus-Ahn-Straße	de:05116:23600:0:2	51.196966	6.454566	bus	MATCHED	n4416409566	29.4	0.25	Maurus-Ahn-Straße (029, 031)	029,031	Mönchengladbach Vitusbad		LINESTRING(6.454566 51.196966,6.454867 51.1971512)
853	Mönchengladbach	Mönchengl Mennrathschmidt	de:05116:23862:0:1	51.141434	6.386734	bus	MATCHED_THOUGH_DISTANT	n7514290015	282.7	0.15	Mennrathschmidt	027	Mönchengl Günhoven Denkmal	Günhoven Denkmal	LINESTRING(6.386734 51.141434,6.3852751 51.1390645)
854	Mönchengladbach	Mönchengl Mennrathschmidt	de:05116:23862:0:2	51.14144	6.386806	bus	MATCHED_THOUGH_DISTANT	n7514290013	263.6	0.16	Mennrathschmidt	027	Mönchengl. Mennrath Sportplatz	Mennrath, Sportplatz	LINESTRING(6.386806 51.14144,6.3852691 51.139277)
855	Mönchengladbach	Mönchengl Monschauer Straße	de:05116:23217:0:1	51.184344	6.412866	bus	MATCHED	n759041707	6.0	0.7	Monschauer Straße	007	Mönchengladbach Holt Kirche	Holt Kirche	LINESTRING(6.412866 51.184344,6.4127828000000004 51.184358200000005)
856	Mönchengladbach	Mönchengl Monschauer Straße	de:05116:23217:0:2	51.184259	6.412767	bus	MATCHED	n4656995261	12.1	0.6	Monschauer Straße	007,NE5	Mönchengladbach Karstraße	Karstraße	LINESTRING(6.412767 51.184259,6.4129315 51.184224300000004)
857	Mönchengladbach	Mönchengl Neersbroicher Straße	de:05116:23185:0:1	51.226938	6.47688	bus	MATCHED	n519472610	7.0	0.64	Neersbroicher Straße	015	Mönchengladbach Neuwerk Markt	Neuwerk Markt	LINESTRING(6.47688 51.226938,6.4767831000000005 51.2269215)
858	Mönchengladbach	Mönchengl Neersbroicher Straße	de:05116:23185:0:2	51.226921	6.476871	bus	MATCHED	n519472599	8.1	0.62	Neersbroicher Straße	015	Mönchengl Broichmühlenweg	Broichmühlenweg	LINESTRING(6.476871 51.226921,6.476978600000001 51.226948)
859	Mönchengladbach	Mönchengl Neuwerk Schulzentrum	de:05116:23404:0:1	51.220935	6.468786	bus	MATCHED	n7340704060	10.2	0.45	Neuwerk Schulzentrum	005,007	Mönchengl. Bendhütter Straße / Mönchengladbach Neuwerk Markt	Bendhütter Straße / Neuwerk Markt	LINESTRING(6.468786 51.220935,6.4686412 51.2209213)
860	Mönchengladbach	Mönchengl Neuwerk Schulzentrum	de:05116:23404:0:2	51.220755	6.46849	bus	MATCHED	n7340704057	8.1	0.64	Neuwerk Schulzentrum	007	Mönchengl Liebfrauenstraße	Liebfrauenstraße	LINESTRING(6.46849 51.220755,6.4685997 51.220777600000005)
861	Mönchengladbach	Mönchengl Nievelsteinstr. 	de:05116:23041:0:1	51.125154	6.438558	bus	MATCHED	n2331748776	3.8	0.59	Nievelsteinstraße	002	Mönchengl Marie-Juchacz-Str.	Marie-Juchacz-Straße	LINESTRING(6.438558 51.125154,6.4385745000000005 51.125186400000004)
862	Mönchengladbach	Mönchengl Nievelsteinstr. 	de:05116:23041:0:2	51.123378	6.440292		MATCHED	n4317893645	13.2	0.22	Nievelsteinstraße				LINESTRING(6.440292 51.123378,6.4401826 51.123474400000006)
863	Mönchengladbach	Mönchengl Nievelsteinstr. 	de:05116:23041:0:3	51.123773	6.439681	bus	MATCHED	n2331748772	6.4	0.38	Nievelsteinstraße	002	Mönchengl Klosterhofweg 1 / Mönchengl Güdderath Kreuz	Klosterhofweg I / Güdderath Kreuz	LINESTRING(6.439681 51.123773,6.439649 51.123718800000006)
864	Mönchengladbach	Mönchengl Nordpark Impfzentrum	de:05116:23416:0:1	51.178848	6.392358		NO_MATCH_AND_SEEMS_UNSERVED								POINT(6.392358 51.178848)
865	Mönchengladbach	Mönchengl Nordpark Impfzentrum	de:05116:23416:0:2	51.179011	6.392456		NO_MATCH_AND_SEEMS_UNSERVED								POINT(6.392456 51.179011)
866	Mönchengladbach	Mönchengl Oppelner Str. 1	de:05116:23864:0:1	51.122972	6.444424	bus	MATCHED	n4317888213	5.1	0.56	Oppelner Straße I	002,020	Mönchengl. Oppelner Str. 2		LINESTRING(6.444424 51.122972,6.444351500000001 51.1229735)
867	Mönchengladbach	Mönchengl Pescher-/Reyerh. Str. 	de:05116:23127:0:1	51.194737	6.458123	bus	MATCHED	n4795035842	5.3	0.45	Pescher-/Reyerhütter Straße	005,008	Mönchengladbach Prinzenstraße / Mönchengladbach Reyerhütte / Mönchengladbach Prinzenstraße	Prinzenstraße	LINESTRING(6.458123 51.194737,6.4580655 51.194768200000006)
868	Mönchengladbach	Mönchengl Pescher-/Reyerh. Str. 	de:05116:23127:0:2	51.19472	6.45798	bus	MATCHED	n4795035841	7.8	0.56	Pescher-/Reyerhütter Straße	008,NE1	Mönchengladbach Reyerhütte	Reyerhütte	LINESTRING(6.45798 51.19472,6.4580687 51.1946768)
869	Mönchengladbach	Mönchengl Rhdl. Umgehungsstr. 	de:05116:23081:0:1	51.147318	6.37043	bus	MATCHED	n7363116654	5.9	0.64	Rheindahlen Umgehungsstraße	004,NE4	Mönchengladbach Voosen	Voosen	LINESTRING(6.37043 51.147318,6.3705002 51.147288100000004)
870	Mönchengladbach	Mönchengl Rhdl. Umgehungsstr. 	de:05116:23081:0:2	51.147166	6.369837	bus	MATCHED	n7363116657	6.5	0.63	Rheindahlen Umgehungsstraße	004,NE5	Mönchengladbach Max-Reger-Str.	Max-Reger-Straße	LINESTRING(6.369837 51.147166,6.3697946000000005 51.147218200000005)
871	Mönchengladbach	Mönchengl Robert-Koch-Straße	de:05116:23598:0:1	51.200946	6.461492	bus	MATCHED	n4416407325	11.5	0.56	Robert-Koch-Straße (029)	029	Mönchengl. Lürriper Straße	Lürriper Straße	LINESTRING(6.461492 51.200946,6.461654200000001 51.20093060000001)
872	Mönchengladbach	Mönchengl Robert-Koch-Straße	de:05116:23598:0:2	51.200974	6.461582	bus	MATCHED	n4416407324	7.8	0.46	Robert-Koch-Straße (029)	029	Mönchengladbach Rohrplatz		LINESTRING(6.461582 51.200974,6.4614728 51.2009866)
873	Mönchengladbach	Mönchengl Stefan-Zweig-Weg	de:05116:23075:0:1	51.200225	6.379799	bus	MATCHED	n287753264	2.3	0.7	Stefan-Zweig-Weg	003	Mönchengl Thomas-Mann-Str.	Thomas-Mann-Straße	LINESTRING(6.379799 51.200225,6.3797696 51.2002334)
874	Mönchengladbach	Mönchengl Stoltenhoffstraße	de:05116:23431:0:1	51.130939	6.45886	bus	MATCHED	n4697315083	3.5	0.71	Stoltenhoffstraße	020,022	Mönchengladbach Talstraße / Mönchengladbach Bockmühlstraße	Talstraße / Bockmühlstraße	LINESTRING(6.45886 51.130939,6.458812 51.130930500000005)
875	Mönchengladbach	Mönchengl Stoltenhoffstraße	de:05116:23431:0:2	51.131063	6.45868	bus	MATCHED	n7371756597	13.9	0.54	Stoltenhoffstraße	020	Mönchengl. Schleestraße	Schleestraße	LINESTRING(6.45868 51.131063,6.4585033 51.1311204)
876	Mönchengladbach	Mönchengl Thomas-Mann-Str. 	de:05116:23076:0:1	51.198914	6.382871	bus	MATCHED	n287753262	7.1	0.61	Thomas-Mann-Straße	003	Mönchengl Bertolt-Brecht-Platz	Bertolt-Brecht-Platz	LINESTRING(6.382871 51.198914,6.3829685000000005 51.198894700000004)
877	Mönchengladbach	Mönchengl Trabrennbahn Tribüne	de:05116:23259:0:1	51.230212	6.489421	bus	MATCHED	n7366294201	13.6	1.0	Trabrennbahn Tribüne	025	Mönchengladbach Abtshof	Abtshof	LINESTRING(6.489421 51.230212,6.4894699000000005 51.2303299)
878	Mönchengladbach	Mönchengl Trabrennbahn Tribüne	de:05116:23259:0:2	51.23024	6.489501	bus	MATCHED	n4665492948	11.0	1.0	Trabrennbahn Tribüne	025	Mönchengl. Flughafen RAS	R.A.S.	LINESTRING(6.489501 51.23024,6.4896421 51.2301961)
879	Mönchengladbach	Mönchengl Volksgarten Restaur. 	de:05116:23125:0:1	51.191489	6.462974	bus	MATCHED	n4171983753	33.0	0.39	Volksgarten Restaurant	005	Mönchengladbach Bungtstraße	Bungtstraße	LINESTRING(6.462974 51.191489,6.4630517 51.191196100000006)
880	Mönchengladbach	Mönchengl Volksgarten Restaur. 	de:05116:23125:0:2	51.191438	6.462103	bus	MATCHED	n11944981871	14.9	0.51	Volksgarten Restaurant	005	Mönchengladbach Reyerhütte	Reyerhütte	LINESTRING(6.462103 51.191438,6.462275 51.191517100000006)
881	Mönchengladbach	Mönchengl Waldnieler Straße	de:05116:23141:0:1	51.19378	6.425335	bus	MATCHED	n285179519	13.2	0.54	Waldnieler Straße	007,013,023,NE4	Mönchengladbach Weststraße / Mönchengl. Burggrafenstraße	Weststraße / Burggrafenstraße	LINESTRING(6.425335 51.19378,6.42522 51.1936857)
882	Mönchengladbach	Mönchengl Waldnieler Straße	de:05116:23141:0:2	51.193059	6.425227	bus	MATCHED	n285179515	6.3	0.64	Waldnieler Straße	007,013,023,NE5	Mönchengladbach Grünewald	Grünewald	LINESTRING(6.425227 51.193059,6.4253168 51.1930635)
883	Mönchengladbach	Mönchengl Waldnieler Straße	de:05116:23141:0:3	51.192164	6.42697	bus	MATCHED	n838895203	3.3	0.71	Waldnieler Straße	005,015,025,SB83	Mönchengl. Burggrafenstraße / Mönchengl. Waldhausen Kirche	Waldhausen Kirche / Burggrafenstraße	LINESTRING(6.42697 51.192164,6.427002600000001 51.1921855)
884	Mönchengladbach	Mönchengl Waldnieler Straße	de:05116:23141:0:4	51.192575	6.425416	bus	MATCHED	n1735092585	7.7	0.61	Waldnieler Straße	005,015,025,SB83	Mönchengladbach Geroplatz / Mönchengladbach Bismarckplatz	Bismarckplatz / Geroplatz	LINESTRING(6.425416 51.192575,6.4253627 51.1925144)
885	Mönchengladbach	Mönchengl Watelerstr. Friedhof	de:05116:23510:0:1	51.171363	6.42361	bus	MATCHED	n8907379753	4.8	0.52	Watelerstraße Friedhof	024	Mönchengladbach Erlenstraße		LINESTRING(6.42361 51.171363,6.423616900000001 51.1713199)
886	Mönchengladbach	Mönchengl Watelerstr. Friedhof	de:05116:23510:0:2	51.171301	6.42405	bus	MATCHED	n1214461162	4.5	0.67	Watelerstraße Friedhof	024,NE5	Mönchengladbach Beerenweg	Beerenweg	LINESTRING(6.42405 51.171301,6.4240659 51.17134050000001)
887	Mönchengladbach	Mönchengl Wetschewell Hoven	de:05116:23568:0:1	51.132382	6.435046	bus	MATCHED	n5530277899	7.3	0.65	Wetschewell Hoven	026	Mönchengladbach Stöhr & Co.	Stöhr & Co.	LINESTRING(6.435046 51.132382,6.435112200000001 51.132331300000004)
888	Mönchengladbach	Mönchengl Wetschewell Hoven	de:05116:23568:0:2	51.132466	6.43527	bus	MATCHED	n5530277898	5.4	0.69	Wetschewell Hoven	026,NE6	Mönchengladbach Wetschewell	Wetschewell	LINESTRING(6.43527 51.132466,6.4352324 51.1325079)
889	Mönchengladbach	Mönchengl Wickrathberg Kirche	de:05116:23152:0:1	51.112349	6.415624	bus	MATCHED	n535186136	6.8	0.64	Wickrathberg Kirche	006,016,NE6	Mönchengl Hochneukircher Weg	Hochneukircher Weg	LINESTRING(6.415624 51.112349,6.4156614 51.112292200000006)
890	Mönchengladbach	Mönchengl Wickrathberg Kirche	de:05116:23152:0:2	51.112664	6.415148	bus	MATCHED	n7366235261	122.1	0.23	Wickrathberg Kirche	006,016,NE6	Mönchengladbach Niersstraße / Mönchengladbach Postillionsweg	Postillionsweg	LINESTRING(6.415148 51.112664,6.416506900000001 51.11197670000001)
891	Mönchengladbach	Mönchengl Wickrathhahn Denkmal	de:05116:23550:0:1	51.122595	6.389986	bus	MATCHED	n7369620689	4.5	0.58	Wickrathhahn Denkmal	016,NE6	Mönchengl. Am Sebastianspfad / Mönchengl. Abzw. Buchholz	Abzweig Buchholz	LINESTRING(6.389986 51.122595,6.389963900000001 51.122632800000005)
892	Mönchengladbach	Mönchengl Wickrathhahn Denkmal	de:05116:23550:0:2	51.12269	6.389618	bus	MATCHED	n7369620687	7.7	0.65	Wickrathhahn Denkmal	016,AST	Mönchengl. Am Sebastianspfad	Am Sebastianspfad / Dahler Weg	LINESTRING(6.389618 51.12269,6.3896357 51.1226217)
893	Mönchengladbach	Mönchengl Windberger Allee	de:05116:23271:0:1	51.206394	6.420286	bus	MATCHED	n2271678868	69.8	0.13	Windberger Allee	010	Mönchengl Bleichgrabenstraße	Bebericher Straße	LINESTRING(6.420286 51.206394,6.4207488 51.2058376)
894	Mönchengladbach	Mönchengl Windberger Allee	de:05116:23271:0:2	51.206147	6.420556	bus	MATCHED	n2271678866	6.8	0.47	Windberger Allee	010	Mönchengl Bebericher Straße	Bleichgrabenstraße	LINESTRING(6.420556 51.206147,6.420562400000001 51.206208200000006)
895	Mönchengladbach	Mönchengl Ückelhofer Straße	de:05116:23137:0:1	51.184766	6.446589	bus	MATCHED	n7365469297	5.6	0.69	Ückelhofer Straße	005	Mönchengladbach Hermges	Hermges	LINESTRING(6.446589 51.184766,6.4465593000000005 51.1848126)
896	Mönchengladbach	Mönchengl Ückelhofer Straße	de:05116:23137:0:2	51.184935	6.447415	bus	MATCHED	n7365469301	5.5	0.69	Ückelhofer Straße	005	Mönchengl. Monforts Quartier	Monforts Quartier	LINESTRING(6.447415 51.184935,6.4474594000000005 51.1848937)
897	Mönchengladbach	Mühlenweg	de:05116:23191:0:1	51.211729	6.486214	bus	MATCHED	n1323453359	7.8	0.72	Mühlenweg	005,007	Mönchengladbach Bernhardstraße	Bernhardstraße	LINESTRING(6.486214 51.211729,6.4861206000000005 51.211691300000005)
898	Mönchengladbach	Mühlenweg	de:05116:23191:0:2	51.211651	6.486205	bus	MATCHED	n1323453353	6.4	0.75	Mühlenweg	005,007,NE1	Mönchengladbach Nonnenmühle	Nonnenmühle	LINESTRING(6.486205 51.211651,6.4862842 51.211680300000005)
899	Mönchengladbach	Mülfort	de:05116:23027:0:1	51.154513	6.450964	bus	MATCHED	n2331748769	91.7	1.0	Mülfort	001,002,097,NE3	Mönchengl Giesenkirchener Str. / Mönchengl Giesenkirchener Str. / Mönchengl. Duvenstraße	Giesenkirchener Straße / Duvenstraße	LINESTRING(6.450964 51.154513,6.4501735 51.155171)
900	Mönchengladbach	Mülfort	de:05116:23027:0:2	51.153736	6.451934	bus	MATCHED	n13428084815	4.0	1.0	Mülfort	001,002,097	Mönchengladbach NEW	NEW	LINESTRING(6.451934 51.153736,6.4519798 51.153757000000006)
901	Mönchengladbach	NEW	de:05116:23026:0:1	51.156914	6.448134	bus	MATCHED	n1767474863	5.6	0.78	NEW	001,002,097,NE3	Mönchengladbach Mülfort	Mülfort	LINESTRING(6.448134 51.156914,6.4480705 51.156884000000005)
902	Mönchengladbach	NEW	de:05116:23026:0:2	51.156981	6.448206	bus	MATCHED	n1767474884	5.0	0.8	NEW	001,002,097	Mönchengladbach Theater / Mönchengladbach Gasstraße	Theater / Gasstraße	LINESTRING(6.448206 51.156981,6.4482596 51.1570108)
903	Mönchengladbach	NEW Box	de:05116:23410:0:1	51.180537	6.388782	bus	MATCHED	n7369405549	7.8	0.59	NEW Box	008	Mönchengladbach Heidgesberg / Mönchengl Belgrader Str	Belgrader Straße	LINESTRING(6.388782 51.180537,6.388836700000001 51.1804761)
904	Mönchengladbach	NEW Box	de:05116:23410:0:2	51.180712	6.388755		MATCHED	n7369405551	3.3	0.71	NEW Box			Heidgesberg	LINESTRING(6.388755 51.180712,6.3887105 51.1807219)
905	Mönchengladbach	NEW Kunstwerk	de:05116:23157:0:1	51.127004	6.413082	bus	MATCHED	n3433812546	7.7	0.72	NEW Kunstwerk	006,016,NE6	Mönchengladbach Halbinsel / Mönchengl. Schlossbad Ndrh.	Halbinsel	LINESTRING(6.413082 51.127004,6.4130408 51.1269399)
906	Mönchengladbach	NEW Kunstwerk	de:05116:23157:0:2	51.12706	6.412956	bus	MATCHED	n3358582074	8.0	0.72	NEW Kunstwerk	006,016	Mönchengladb. Wickrath Markt	Wickrath Markt	LINESTRING(6.412956 51.12706,6.4130677 51.1270759)
907	Mönchengladbach	Nakatenusstr.	de:05116:23211:0:1	51.203822	6.463891	bus	MATCHED	n574333759	25.0	0.45	Nakatenusstraße	007,017	Mönchengladbach Gutenbergstr.	Gutenbergstraße	LINESTRING(6.463891 51.203822,6.4635404 51.203867100000004)
908	Mönchengladbach	Nakatenusstr.	de:05116:23211:0:2	51.203822	6.464483	bus	MATCHED	n574333757	6.9	0.65	Nakatenusstraße	007,017,NE1	Mönchengl. Lürriper Straße	Lürriper Straße	LINESTRING(6.464483 51.203822,6.4645196 51.2037642)
909	Mönchengladbach	Nelkenstraße	de:05116:23866:0:1	51.218921	6.448233	bus	MATCHED	n4675033895	10.7	0.68	Nelkenstraße	015,025,NE1	Mönchengladbach Spielkaulenweg	Spielkaulenweg	LINESTRING(6.448233 51.218921,6.448146100000001 51.218841700000006)
910	Mönchengladbach	Nelkenstraße	de:05116:23866:0:2	51.218848	6.448224	bus	MATCHED	n759041694	14.9	0.62	Nelkenstraße	015,025	Mönchengl Graf-Haeseler-Straße	Graf-Haeseler-Straße	LINESTRING(6.448224 51.218848,6.448321300000001 51.218967000000006)
911	Mönchengladbach	Nellessenweg	de:05116:23464:0:1	51.15759	6.493813	bus	MATCHED	n7487589164	9.9	0.55	Nellessenweg	SB4	Mönchengl. Konstantinplatz	Konstantinplatz	LINESTRING(6.493813 51.15759,6.493850800000001 51.1576755)
912	Mönchengladbach	Nespelerstraße	de:05116:23619:0:1	51.222696	6.464205	bus	MATCHED	n7365469311	5.4	0.77	Nespelerstraße	005	Mönchengladbach Adlerstraße	Adlerstraße	LINESTRING(6.464205 51.222696,6.464268700000001 51.222723900000005)
913	Mönchengladbach	Nespelerstraße	de:05116:23619:0:2	51.222668	6.464241	bus	MATCHED	n7365469313	4.7	0.79	Nespelerstraße	005	Mönchengladbach, Weberstraße	Weberstraße	LINESTRING(6.464241 51.222668,6.464203400000001 51.2226331)
914	Mönchengladbach	Neuwerk Donk	de:05116:23348:0:1	51.234009	6.469101	bus	MATCHED	n324318557	6.2	0.76	Neuwerk Donk	015	Mönchengladbach Grunewaldstr.	Grunewaldstraße	LINESTRING(6.469101 51.234009,6.4690133 51.2340194)
915	Mönchengladbach	Neuwerk Donk	de:05116:23348:0:2	51.234307	6.469155	bus	MATCHED	n324318555	3.2	0.85	Neuwerk Donk	015	Mönchengl. Donk Wendeplatz	Donk Wendeplatz	LINESTRING(6.469155 51.234307,6.469201 51.234306600000004)
916	Mönchengladbach	Neuwerk Markt	de:05116:23183:0:1	51.223872	6.472972	bus	MATCHED	n7357583010	12.5	0.67	Neuwerk Markt	035,036,NE1,SB1	Mönchengladbach, Dammer Feld / Neuwerk Ver.-Stelle / Mönchengladbach Polizeipräsidium	Dammer Feld / Künkelstraße / Neuwerk Verwaltungsstelle / Polizeipräsidium	LINESTRING(6.472972 51.223872,6.4730846 51.223958800000005)
917	Mönchengladbach	Neuwerk Markt	de:05116:23183:0:2	51.224097	6.473323	bus	MATCHED	n681548955	7.8	0.75	Neuwerk Markt	010,015,025	Neuwerk Ver.-Stelle / Mönchengl Liebfrauenstraße	Neuwerk Verwaltungsstelle / Liebfrauenstraße	LINESTRING(6.473323 51.224097,6.473408 51.224142500000006)
918	Mönchengladbach	Neuwerk Markt	de:05116:23183:0:3	51.224299	6.47299	bus	MATCHED	n9705008265	16.8	0.61	Neuwerk Markt	007,010,015,025	Mönchengladbach Neuwerk Markt / Mönchengl Neersbroicher Straße / Mönchengladbach Polizeipräsidium / Mönchengl Neuwerk Schulzentrum / Mönchengladbach, Dammer Feld	Polizeipräsidium / Dammer Feld / Neersbroicher Straße / Neuwerk Schulzentrum	LINESTRING(6.47299 51.224299,6.4728496 51.224422100000005)
919	Mönchengladbach	Neuwerk Markt	de:05116:23183:0:4	51.224007	6.473008	bus	MATCHED	n7357583013	36.9	0.44	Neuwerk Markt	005,035,036,SB1	Mönchengl Liebfrauenstraße / Mönchengl Liebfrauenstraße / Neuwerk Ver.-Stelle / Mönchengl Liebfrauenstraße	Liebfrauenstraße	LINESTRING(6.473008 51.224007,6.4728199 51.2236969)
920	Mönchengladbach	Neuwerk Ver. -Stelle	de:05116:23352:0:1	51.224485	6.468158	bus	MATCHED	n4656996008	6.5	0.58	Neuwerk Verwaltungsstelle	005,007,015,025	Mönchengladbach Neuwerk Markt / Mönchengladbach Neuwerk Markt	Neuwerk Markt	LINESTRING(6.468158 51.224485,6.468198 51.2244321)
921	Mönchengladbach	Neuwerk Ver. -Stelle	de:05116:23352:0:2	51.224643	6.46884	bus	MATCHED	n4656996006	12.9	0.49	Neuwerk Verwaltungsstelle	005,015,025,NE1	Mönchengladbach Adlerstraße / Mönchengladbach Adlerstraße	Adlerstraße	LINESTRING(6.46884 51.224643,6.4689933 51.224708)
922	Mönchengladbach	Neuwerk Ver. -Stelle	de:05116:23352:0:3	51.224266	6.468625	bus	MATCHED	n7341550293	2.1	0.68	Neuwerk Verwaltungsstelle	007	Mönchengladbach Adlerstraße / Mönchengladbach Neuwerk Markt	Adlerstraße	LINESTRING(6.468625 51.224266,6.4686541 51.224271800000004)
923	Mönchengladbach	Neuwerk Ver. -Stelle	de:05116:23352:0:4	51.224192	6.468652	bus	MATCHED	n7341550296	33.2	0.36	Neuwerk Verwaltungsstelle	010	Mönchengladbach Neuwerk Markt	Neuwerk Markt	LINESTRING(6.468652 51.224192,6.4688366 51.2239166)
924	Mönchengladbach	Nicodemstraße	de:05116:23065:0:1	51.198036	6.412992	bus	MATCHED	n344894786	4.9	0.8	Nicodemstraße	003,033	Mönchengladbach Hensenweg	Hensenweg	LINESTRING(6.412992 51.198036,6.4129803 51.1980792)
925	Mönchengladbach	Nicodemstraße	de:05116:23065:0:2	51.197901	6.411249	bus	MATCHED	n285179493	2.5	0.87	Nicodemstraße	003,033,NE2	Mönchengladbach Dülkener Str.	Dülkener Straße	LINESTRING(6.411249 51.197901,6.4112488 51.197878200000005)
926	Mönchengladbach	Nicodemstraße	de:05116:23065:0:3	51.197676	6.412166	bus	MATCHED	n7373428312	43.1	0.42	Nicodemstraße	035	Mönchengladbach, Am Ringerberg	Am Ringerberg	LINESTRING(6.412166 51.197676,6.412167200000001 51.197288400000005)
927	Mönchengladbach	Nicodemstraße	de:05116:23065:0:4	51.19843	6.412534	bus	MATCHED	n7373391974	179.4	0.22	Nicodemstraße	035	Mönchengl. Waldhausen Kirche	Waldhausen Kirche	LINESTRING(6.412534 51.19843,6.411905 51.1968663)
928	Mönchengladbach	Niersbrücke	de:05116:23099:0:1	51.16942	6.464367	bus	MATCHED	n4653910579	8.1	0.73	Niersbrücke	004	Mönchengladbach Zoppenbroich	Zoppenbroich	LINESTRING(6.464367 51.16942,6.4644503 51.169369800000005)
929	Mönchengladbach	Niersbrücke	de:05116:23099:0:2	51.169645	6.463441	bus	MATCHED	n4653910578	3.0	0.86	Niersbrücke	004	Mönchengl Hermann-Löns-Straße	Hermann-Löns-Straße	LINESTRING(6.463441 51.169645,6.4634197 51.169668200000004)
930	Mönchengladbach	Niersstraße	de:05116:23906:0:1	51.113747	6.410683	bus	MATCHED	n7645487912	110.6	0.13	Niersstraße	016	Mönchengl Wickrathberg Kirche		LINESTRING(6.410683 51.113747,6.409123800000001 51.1135886)
931	Mönchengladbach	Niersstraße	de:05116:23906:0:2	51.113674	6.409336	bus	MATCHED	n3543833488	7.3	0.62	Niersstraße	016,NE6	Mönchengladbach An der Wey / Mönchengladbach Chur	Abzweig Buchholz	LINESTRING(6.409336 51.113674,6.4092336 51.113685200000006)
932	Mönchengladbach	Nikolausstraße	de:05116:23412:0:1	51.209355	6.341315	bus	MATCHED	n2894313356	7.8	0.73	Nikolausstraße	023	MG Hardt Gewerbegebiet	Hardt Gewerbegebiet	LINESTRING(6.341315 51.209355,6.3413943 51.2093062)
933	Mönchengladbach	Nonnenmühle	de:05116:23408:0:1	51.214031	6.487148	bus	MATCHED_THOUGH_REVERSED_DIR	n1323453360	4.2	0.64	Nonnenmühle	005,007	Mönchengladbach Mühlenweg	Uedding Kirche	LINESTRING(6.487148 51.214031,6.4872085 51.21403230000001)
934	Mönchengladbach	Nonnenmühle	de:05116:23408:0:2	51.213851	6.487175	bus	MATCHED_THOUGH_REVERSED_DIR	n1323453349	7.0	0.53	Nonnenmühle	005,007,NE1	Mönchengladbach Uedding Kirche / Mönchengladbach Uedding Kirche	Mühlenweg	LINESTRING(6.487175 51.213851,6.4871036 51.213807200000005)
935	Mönchengladbach	Nordp. Stadion Nord	de:05116:23893	51.176426	6.388468		NO_MATCH_AND_SEEMS_UNSERVED								POINT(6.388468 51.176426)
936	Mönchengladbach	Nordp. Stadion Süd	de:05116:23894:0:1	51.17187	6.385135		MATCHED_THOUGH_NAMES_DIFFER	n1448626269	56.0	0.06	Bushalt Süd				LINESTRING(6.385135 51.17187,6.385046300000001 51.1723707)
937	Mönchengladbach	Nordring	de:05116:23197:0:1	51.212602	6.463513	bus	MATCHED	n1599368169	7.6	0.72	Nordring	036	Mönchengl. Bendhütter Straße	Bendhütter Straße	LINESTRING(6.463513 51.212602,6.463621300000001 51.2126097)
938	Mönchengladbach	Nordring	de:05116:23197:0:2	51.213266	6.46407	bus	MATCHED	n1599366797	1.7	0.89	Nordring	036	Mönchengl Als-/Zeppelinstraße	Als-/Zeppelinstraße	LINESTRING(6.46407 51.213266,6.4640652 51.213281300000006)
939	Mönchengladbach	Nordring	de:05116:23197:0:3	51.213007	6.462022	bus	MATCHED	n7373391984	7.3	0.74	Nordring	035	Mönchengl. Süchtelner Straße	Süchtelner Straße	LINESTRING(6.462022 51.213007,6.462124800000001 51.213019)
940	Mönchengladbach	Nordring	de:05116:23197:0:4	51.21151	6.464205	bus	MATCHED	n7373428302	6.3	0.75	Nordring	035	Mönchengl. Lehmkuhlenweg	Lehmkuhlenweg	LINESTRING(6.464205 51.21151,6.4642116000000005 51.2114537)
941	Mönchengladbach	Nordstraße	de:05116:23020:0:1	51.171836	6.439492	bus	MATCHED	n4092082013	10.6	0.68	Nordstraße	001,002	Mönchengladbach Hauptstraße	Hauptstraße	LINESTRING(6.439492 51.171836,6.439376500000001 51.1717748)
942	Mönchengladbach	Nordstraße	de:05116:23020:0:2	51.171864	6.43951	bus	MATCHED	n4092082014	10.2	0.69	Nordstraße	001,002	Mönchengladbach Cecilienstraße	Cecilienstraße	LINESTRING(6.43951 51.171864,6.439612 51.1719298)
943	Mönchengladbach	Oberlinstraße	de:05116:23514:0:1	51.170146	6.431084	bus	MATCHED	n1214461147	4.7	0.8	Oberlinstraße	014,024	Mönchengladbach Hunsrückstraße	Hunsrückstraße	LINESTRING(6.431084 51.170146,6.4310725 51.1701045)
944	Mönchengladbach	Oberlinstraße	de:05116:23514:0:2	51.170107	6.431291	bus	MATCHED	n1214461136	5.8	0.78	Oberlinstraße	014,024,NE5	Mönchengladbach Erlenstraße / Mönchengladbach Zedernstraße	Erlenstraße / Zedernstraße	LINESTRING(6.431291 51.170107,6.431313500000001 51.170157)
945	Mönchengladbach	Ohler	de:05116:23242:0:1	51.175542	6.428533	bus	MATCHED	n1356464745	7.0	0.75	Ohler	009,014	Mönchengladbach Akazienstraße / Mönchengladbach Seilerweg	Akazienstraße / Seilerweg	LINESTRING(6.428533 51.175542,6.428548200000001 51.1754801)
946	Mönchengladbach	Ohler	de:05116:23242:0:2	51.175536	6.428461	bus	MATCHED	n1356464748	3.6	0.84	Ohler	009,014	Mönchengladbach Ohler Schule	Ohler Schule	LINESTRING(6.428461 51.175536,6.428454400000001 51.1755677)
947	Mönchengladbach	Ohler Schule	de:05116:23241:0:1	51.174844	6.423673	bus	MATCHED	n1356464751	8.7	0.71	Ohler Schule	009,014	Mönchengladbach Ohler	Ohler	LINESTRING(6.423673 51.174844,6.4237712 51.174795700000004)
948	Mönchengladbach	Ohler Schule	de:05116:23241:0:2	51.174832	6.423484	bus	MATCHED	n1356464756	56.4	0.38	Ohler Schule	009,014	Mönchengladbach Ohlerkamp	Ohlerkamp	LINESTRING(6.423484 51.174832,6.424278 51.1749231)
949	Mönchengladbach	Ohlerkamp	de:05116:23240:0:1	51.17619	6.422343	bus	MATCHED	n4661002262	8.8	1.0	Ohlerkamp	009,014	Mönchengladbach Ohler Schule	Ohler Schule	LINESTRING(6.422343 51.17619,6.422322500000001 51.1761124)
950	Mönchengladbach	Ohlerkamp	de:05116:23240:0:2	51.176404	6.422299	bus	MATCHED	n4661001721	5.0	1.0	Ohlerkamp	009,014	Mönchengladbach Entenweide	Entenweide	LINESTRING(6.422299 51.176404,6.4223698 51.176403500000006)
951	Mönchengladbach	Oppelner Str. 2	de:05116:23865:0:1	51.123057	6.447505	bus	MATCHED	n4649969862	4.1	0.64	Oppelner Straße II	002,020	MG Regiopark 3 / Mönchengl Klosterhofweg 2 / Mönchengl. Mongshof	Regiopark III / Klosterhofweg II / Mongshof	LINESTRING(6.447505 51.123057,6.4475018 51.1230205)
952	Mönchengladbach	Orffstraße	de:05116:23380:0:1	51.132979	6.407413	bus	NO_MATCH_BUT_OTHER_PLATFORM_MATCHED					016,026	Mönchengladbach Schumannstraße		POINT(6.407413 51.132979)
953	Mönchengladbach	Orffstraße	de:05116:23380:0:2	51.133103	6.407557	bus	MATCHED	n7369592525	6.1	0.77	Orffstraße	016,026	Mönchengladbach Wickrath Bf / Mönchengladbach Wickrath Bf	Wickrath Bf	LINESTRING(6.407557 51.133103,6.4074701 51.133097600000006)
954	Mönchengladbach	Ostmarkstraße	de:05116:23067:0:1	51.197478	6.401979	bus	MATCHED	n285179469	5.3	0.79	Ostmarkstraße	003,013,023,033	Mönchengladbach Stationsweg	Stationsweg	LINESTRING(6.401979 51.197478,6.401967600000001 51.1975253)
955	Mönchengladbach	Ostmarkstraße	de:05116:23067:0:2	51.197433	6.402904	bus	MATCHED	n285179478	7.1	0.75	Ostmarkstraße	003,013,023,033,NE2	Mönchengladbach Hensenweg	Hensenweg	LINESTRING(6.402904 51.197433,6.4028925 51.19737000000001)
956	Mönchengladbach	Pferdmenges	de:05116:23109:0:1	51.154435	6.498691	bus	MATCHED	n4653922138	10.5	0.54	Pferdmenges	004,018	Mönchengl. Giesenk. Altenheim / Mönchengladbach Konstantinstr.	Konstantinstraße	LINESTRING(6.498691 51.154435,6.4988352 51.154409900000005)
957	Mönchengladbach	Pferdmenges	de:05116:23109:0:2	51.154429	6.49853	bus	MATCHED	n1532450748	4.8	0.7	Pferdmenges	004,018,NE3	Mönchengladbach Konstantinstr. / Mönchengl. Giesenk. Altenheim	Giesenkirchen Altenheim	LINESTRING(6.49853 51.154429,6.4985073 51.1544699)
958	Mönchengladbach	Pilgramsweg	de:05116:23597:0:1	51.200422	6.488468	bus	MATCHED	n574321057	10.5	0.68	Pilgramsweg	029	Korschenbroich Zollhausstraße	Korschenbroich Zollhausstraße	LINESTRING(6.488468 51.200422,6.4885280000000005 51.2003356)
959	Mönchengladbach	Pilgramsweg	de:05116:23597:0:2	51.200417	6.488513	bus	MATCHED	n574321059	5.6	0.67	Pilgramsweg	029	Mönchengladbach Tierheim		LINESTRING(6.488513 51.200417,6.488495400000001 51.2004661)
960	Mönchengladbach	Piperlohof	de:05116:23898:0:1	51.214127	6.341747	bus	MATCHED	n7348436864	4.8	0.8	Piperlohof	023	Mönchengl. Karrenweg	Karrenweg	LINESTRING(6.341747 51.214127,6.341762 51.21408520000001)
961	Mönchengladbach	Poeth	de:05116:23282:0:1	51.197782	6.391621	bus	MATCHED_THOUGH_REVERSED_DIR	n285179455	8.3	0.49	Poeth	013,023,NE2	Mönchengladbach Moosheide	Stationsweg	LINESTRING(6.391621 51.197782,6.3917234 51.1977448)
962	Mönchengladbach	Poeth	de:05116:23282:0:2	51.197974	6.392313	bus	MATCHED_THOUGH_REVERSED_DIR	n285179459	7.2	0.52	Poeth	013,023,NE2	Mönchengladbach Stationsweg / Mönchengladbach Stationsweg	Moosheide	LINESTRING(6.392313 51.197974,6.392209500000001 51.197971800000005)
963	Mönchengladbach	Poether Weg	de:05116:23069:0:1	51.200428	6.393867	bus	MATCHED	n287753238	5.9	0.66	Poether Weg	003,NE2	Mönchengladbach Stationsweg / Mönchengladbach Venn Kirche	Venn Kirche	LINESTRING(6.393867 51.200428,6.3939509 51.200422)
964	Mönchengladbach	Poether Weg	de:05116:23069:0:2	51.200636	6.392627	bus	MATCHED	n287753241	8.1	0.72	Poether Weg	003	Mönchengladbach Stationsweg	Stationsweg	LINESTRING(6.392627 51.200636,6.392725 51.20059680000001)
965	Mönchengladbach	Polizeipräsidium	de:05116:23405:0:1	51.22179	6.48059	bus	MATCHED	n6772298028	13.5	0.63	Polizeipräsidium	010,025,035,036,SB1	Mönchengladbach Klumpenstraße / Mönchengladbach Dammer Straße / Mönchengladbach, Dammer Feld / Mönchengladbach Am Baumhof	Dammer Straße / Dammer Feld / Klumpenstraße / Am Baumhof	LINESTRING(6.48059 51.22179,6.4805478 51.2219083)
966	Mönchengladbach	Polizeipräsidium	de:05116:23405:0:2	51.221773	6.480707	bus	MATCHED	n6772298029	37.2	0.44	Polizeipräsidium	010,025,035,036,SB1	Mönchengladbach Neuwerk Markt / Mönchengl. Rhein-Maas-Zentrum / Mönchengladbach Neuwerk Markt	Rhein-Maas-Zentrum / Neuwerk Markt	LINESTRING(6.480707 51.221773,6.481000900000001 51.2220522)
967	Mönchengladbach	Pongs	de:05116:23502:0:1	51.166992	6.405168	bus	MATCHED	n1214461150	5.4	0.79	Pongs	024	Mönchengladbach Pongs Mitte	Pongs Mitte	LINESTRING(6.405168 51.166992,6.405244400000001 51.166989300000004)
968	Mönchengladbach	Pongs Mitte	de:05116:23506:0:1	51.165685	6.410037	bus	MATCHED_THOUGH_REVERSED_DIR	n1214461164	2.2	0.76	Pongs Mitte	024	Mönchengladbach In der Aue	Haus am Buchenhain	LINESTRING(6.410037 51.165685,6.410033500000001 51.1657043)
969	Mönchengladbach	Pongs Mitte	de:05116:23506:0:2	51.165657	6.410225	bus	MATCHED_THOUGH_REVERSED_DIR	n1214461139	6.9	0.53	Pongs Mitte	024,NE5	Mönchengl. Haus am Buchenhain	In der Aue	LINESTRING(6.410225 51.165657,6.4102912000000005 51.1656114)
970	Mönchengladbach	Pongser Heide	de:05116:23503:0:1	51.165212	6.404575	bus	MATCHED	n1214461169	3.6	0.84	Pongser Heide	024	Mönchengladbach Pongs	Pongs	LINESTRING(6.404575 51.165212,6.4046013 51.165239400000004)
971	Mönchengladbach	Postillionsweg	de:05116:23153:0:1	51.115394	6.41283	bus	MATCHED	n4655156910	6.4	0.76	Postillionsweg	006,NE6	Mönchengl Wickrathberg Kirche	Wickrathberg Kirche	LINESTRING(6.41283 51.115394,6.4127399 51.11540230000001)
972	Mönchengladbach	Postillionsweg	de:05116:23153:0:2	51.11492	6.412839	bus	MATCHED	n535186984	9.5	0.7	Postillionsweg	006	Mönchengladbach Auf dem Damm	Auf dem Damm	LINESTRING(6.412839 51.11492,6.4129401 51.1148633)
973	Mönchengladbach	Preyerstr. Friedhof	de:05116:23508:0:1	51.167831	6.418624	bus	MATCHED	n4733774950	4.6	0.71	Preyerstraße Friedhof	024	Mönchengladbach Beerenweg	Erlenstraße	LINESTRING(6.418624 51.167831,6.4186832 51.1678493)
974	Mönchengladbach	Preyerstr. Friedhof	de:05116:23508:0:2	51.16809	6.418472	bus	MATCHED	n1214461122	5.7	0.68	Preyerstraße Friedhof	024,NE5	Mönchengladbach In der Aue	In der Aue	LINESTRING(6.418472 51.16809,6.4184101 51.1680569)
975	Mönchengladbach	Prinzenstraße	de:05116:23128:0:1	51.19454	6.454314	bus	MATCHED	n440220524	10.9	0.52	Prinzenstraße	005,006,008,NE1	Mönchengladbach Vitusbad / Mönchengl Pescher-/Reyerh.Str. / Mönchengladbach Jahnhalle / Mönchengl Pescher-/Reyerh.Str.	Pescher-/Reyerhütter Straße / Jahnhalle	LINESTRING(6.454314 51.19454,6.4542824 51.194444000000004)
976	Mönchengladbach	Prinzenstraße	de:05116:23128:0:2	51.194641	6.454261	bus	MATCHED	n440185885	5.3	0.78	Prinzenstraße	005,006	Mönchengladbach Vitusbad	Vitusbad	LINESTRING(6.454261 51.194641,6.4543232 51.1946681)
977	Mönchengladbach	Puttschen	de:05116:23479:0:1	51.166744	6.4911	bus	MATCHED	n3320962580	4.5	0.81	Puttschen	018,020,021,022	Mönchengl. Meerkamp Kirche / Mönchengladbach, Ruwerstraße / Mönchengl. Meerkamp Kirche	Ruwerstraße / Meerkamp Kirche	LINESTRING(6.4911 51.166744,6.4910749 51.1667816)
978	Mönchengladbach	Rasseln	de:05116:23896:0:1	51.2186	6.360881	bus	NO_MATCH_BUT_OTHER_PLATFORM_MATCHED					023	Mönchengladbach Rasseln		POINT(6.360881 51.2186)
979	Mönchengladbach	Rasseln	de:05116:23896:0:2	51.218645	6.361015	bus	MATCHED_THOUGH_DISTANT	w1412247252	371.8	0.05	Rasseln	023	Mönchengladbach Kühlenhof		LINESTRING(6.361015 51.218645,6.3656555500000005 51.220281)
980	Mönchengladbach	Rathaus Rheydt	de:05116:23094:1:1	51.166936	6.447281	bus	MATCHED	n1106435205	9.3	0.7	Rathaus Rheydt	004,006,008,016,019,097,NE3,NE4,SB4,SB81	Mönchengladbach Rheydt Markt / Mönchengl. Webschulstraße / Mönchengl Dorfbroicher Straße / Mönchengladbach Steubenstraße / Mönchengladbach Gartenstraße / Mönchengladbach Geneicken Bf	Gartenstraße / Steubenstraße / Rheydt Markt / Webschulstraße / Geneicken Bahnhof / Dorfbroicher Straße	LINESTRING(6.447281 51.166936,6.4473989000000005 51.166898100000004)
981	Mönchengladbach	Rathaus Rheydt	de:05116:23094:1:2	51.167527	6.44693	bus	MATCHED	w787517827	10.7	0.68	Rathaus Rheydt	004,006,008,016,019,097,NE3,NE5,SB4,SB81	MG Marienplatz / Mönchengladbach Gracht / MG Marienplatz / MG Marienplatz / MG Marienplatz	Marienplatz / Gracht	LINESTRING(6.44693 51.167527,6.446824566292545 51.16759648236551)
982	Mönchengladbach	Reinartz	de:05116:23162:0:1	51.142544	6.425658	bus	MATCHED	n4655157197	7.9	0.72	Reinartz	006,016	Mönchengladbach Daimlerstraße / Mönchengladbach Am Ringofen	Daimlerstraße / Am Ringofen	LINESTRING(6.425658 51.142544,6.425566300000001 51.142586)
983	Mönchengladbach	Reinartz	de:05116:23162:0:2	51.14308	6.426377	bus	MATCHED	n4655157195	8.7	0.7	Reinartz	006,016,NE6	Mönchengladbach Reststrauch	Reststrauch	LINESTRING(6.426377 51.14308,6.4264991 51.1430671)
984	Mönchengladbach	Reitbahnstraße	de:05116:23418:0:1	51.162818	6.446131	bus	MATCHED	n7371760726	60.2	0.37	Reitbahnstraße	020	Mönchengladbach, Frankfurter Straße	Frankfurter Straße	LINESTRING(6.446131 51.162818,6.4458976 51.1622971)
985	Mönchengladbach	Rembrandtstr.	de:05116:23144:0:1	51.207087	6.427392	bus	MATCHED	n7373428306	9.4	0.61	Rembrandtstraße	035	Mönchengladbach Bergstraße	Bergstraße	LINESTRING(6.427392 51.207087,6.427522000000001 51.207066000000005)
986	Mönchengladbach	Rembrandtstr.	de:05116:23144:0:2	51.207036	6.427113	bus	MATCHED	n7373391980	5.5	0.69	Rembrandtstraße	035	Mönchengl Bebericher Straße	Bebericher Straße	LINESTRING(6.427113 51.207036,6.4271706 51.2070694)
987	Mönchengladbach	Reststrauch	de:05116:23163:0:1	51.149544	6.432054	bus	MATCHED	n2575887438	6.3	0.63	Reststrauch	006,016,020,SB1	Mönchengladbach Böningstr. / Mönchengladbach Am Ringofen / Mönchengladbach Reinartz	Am Ringofen / Böningstraße / Reinartz / Geistenbeck Sparkasse	LINESTRING(6.432054 51.149544,6.4319638 51.149550000000005)
988	Mönchengladbach	Reststrauch	de:05116:23163:0:2	51.149583	6.432449	bus	MATCHED	n2575887398	6.4	0.75	Reststrauch	006,016,NE6,SB1	Mönchengladbach Taunusstraße / MG Rheydt Hbf	Rheydt Hauptbahnhof / Taunusstraße / Geistenbeck Sparkasse	LINESTRING(6.432449 51.149583,6.4325336 51.14956170000001)
989	Mönchengladbach	Reststrauch	de:05116:23163:0:3	51.149825	6.432629	bus	NO_MATCH_BUT_OTHER_PLATFORM_MATCHED					022	Mönchengladbach Böningstr.		POINT(6.432629 51.149825)
990	Mönchengladbach	Reststrauch	de:05116:23163:0:4	51.149831	6.432746	bus	NO_MATCH_BUT_OTHER_PLATFORM_MATCHED					020,022,NE6	Mönchengl. Geistenbeck Spark. / Mönchengl. Geistenbeck Spark.		POINT(6.432746 51.149831)
991	Mönchengladbach	Reyerhütte	de:05116:23126:0:1	51.191286	6.45718	bus	MATCHED	n4794970973	12.0	0.5	Reyerhütte	005	Mönchengl Volksgarten Restaur. / Mönchengl Pescher-/Reyerh.Str.	Volksgarten Restaurant / Gabelsbergerstraße	LINESTRING(6.45718 51.191286,6.457072200000001 51.191369900000005)
992	Mönchengladbach	Reyerhütte	de:05116:23126:0:2	51.191359	6.457216	bus	MATCHED	n4660165109	10.1	0.54	Reyerhütte	008,NE1	Mönchengl Gabelsbergerstraße / Mönchengl Pescher-/Reyerh.Str. / Mönchengl Gabelsbergerstraße	Pescher-/Reyerhütter Straße	LINESTRING(6.457216 51.191359,6.4573609 51.1913579)
993	Mönchengladbach	Rhein-Maas-Zentrum	de:05116:23186:0:1	51.225841	6.484767	bus	MATCHED	n324327673	9.7	0.68	Rhein-Maas-Zentrum	025	Mönchengladbach Polizeipräsidium	Polizeipräsidium	LINESTRING(6.484767 51.225841,6.4846607 51.2258976)
994	Mönchengladbach	Rhein-Maas-Zentrum	de:05116:23186:0:2	51.224749	6.483653	bus	MATCHED	w788199576	8.3	0.58	Rhein-Maas-Zentrum	025,036	Mönchengladbach Abtshof / Mönchengladbach Polizeipräsidium	Abtshof	LINESTRING(6.483653 51.224749,6.483752271941751 51.224707864671835)
995	Mönchengladbach	Rheind. Bahnübergang	de:05116:23234:0:1	51.150823	6.362794	bus	MATCHED	n6320614581	11.6	0.62	Rheindahlen Bahnübergang	007,017,NE4	Mönchengladbach Industriehof	Industriehof	LINESTRING(6.362794 51.150823,6.362692200000001 51.150904800000006)
996	Mönchengladbach	Rheind. Bahnübergang	de:05116:23234:0:2	51.150952	6.363028	bus	MATCHED	n6320614582	8.0	0.68	Rheindahlen Bahnübergang	007,017,NE5	Mönchengladbach, Vogtsgarten	Vogtsgarten	LINESTRING(6.363028 51.150952,6.363131800000001 51.150922)
997	Mönchengladbach	Rheindahlen Bahnhof	de:05116:23235:1:1	51.151403	6.358365	bus	MATCHED	n4298779891	4.3	0.82	Rheindahlen Bahnhof	025,026,027	Mönchengl. Geusenstraße / Mönchengladbach Industriehof	Geusenstraße / Industriehof	LINESTRING(6.358365 51.151403,6.3583303 51.1513712)
998	Mönchengladbach	Rheindahlen Bahnhof	de:05116:23235:1:2	51.151183	6.358895	bus	MATCHED	n4298779890	8.4	0.72	Rheindahlen Bahnhof	025,026	Mönchengladbach Görresstraße	Görresstraße	LINESTRING(6.358895 51.151183,6.3589466 51.151251)
999	Mönchengladbach	Rheindahlen Bahnhof	de:05116:23235:1:3	51.151251	6.359354	bus	MATCHED	n4298779892	8.8	0.68	Rheindahlen Bf	004,025,AST	Mönchengladbach Industriehof	Industriehof	LINESTRING(6.359354 51.151251,6.359246700000001 51.151292700000006)
1000	Mönchengladbach	Rheindahlen Bahnhof	de:05116:23235:1:4	51.151488	6.359246	bus	MATCHED	n4298790689	7.1	0.71	Rheindahlen Bf	004,025	Mönchengl. Gerkerather Weg	Gerkerather Weg	LINESTRING(6.359246 51.151488,6.3593047 51.15153960000001)
1001	Mönchengladbach	Rheindahlen Bahnhof	de:05116:23235:90:1	51.150654	6.35735	train	MATCHED	n89465747	25.0	0.29	Mönchengladbach-Rheindahlen	RB34	MG Rheydt Hbf / Mönchengladbach Genhausen	Rheydt Hauptbahnhof / Mönchengladbach-Genhausen	LINESTRING(6.35735 51.150654,6.3577038 51.1506872)
1002	Mönchengladbach	Rheindahlener Str.	de:05116:23386	51.131519	6.408842		NO_MATCH_AND_SEEMS_UNSERVED								POINT(6.408842 51.131519)
1003	Mönchengladbach	Rheinstraße	de:05116:23135:0:1	51.183803	6.453362	bus	MATCHED	n440220164	8.5	0.72	Rheinstraße	005,006	Mönchengl. Monforts Quartier / Mönchengl. Monforts Quartier	Monforts Quartier	LINESTRING(6.453362 51.183803,6.4532448 51.183821800000004)
1004	Mönchengladbach	Rheinstraße	de:05116:23135:0:2	51.183448	6.452374	bus	MATCHED	n440179230	6.1	0.77	Rheinstraße	005,006	Mönchengl Grevenbroicher Str.	Grevenbroicher Straße	LINESTRING(6.452374 51.183448,6.4523687 51.183393200000005)
1005	Mönchengladbach	Rheydt Markt	de:05116:23388:0:1	51.168462	6.445843	bus	MATCHED	n4092082015	17.1	0.59	Rheydt Markt	016,019	Mönchengladbach Rathaus Rheydt	Rathaus Rheydt	LINESTRING(6.445843 51.168462,6.4460828 51.168430900000004)
1006	Mönchengladbach	Rheydt Markt	de:05116:23388:0:2	51.168496	6.446095	bus	MATCHED	n4092082016	8.5	0.72	Rheydt Markt	016,019	Mönchengl Hugo-Junkers-Gymnas.	Hugo-Junkers-Gymnasium	LINESTRING(6.446095 51.168496,6.4459743000000005 51.1685056)
1007	Mönchengladbach	Ringesfeldchen	de:05116:23971:0:1	51.165944	6.529494	bus	MATCHED	n7344907152	196.4	0.21	Ringesfeldchen	018	Mönchengladbach Haus Horst	Haus Horst	LINESTRING(6.529494 51.165944,6.5267493000000005 51.166316300000005)
1008	Mönchengladbach	Ritterstraße	de:05116:23398:0:1	51.181444	6.47096	bus	MATCHED	n298441879	2.5	0.87	Ritterstraße	016	Mönchengladbach Köhlersfahrt	Köhlersfahrt	LINESTRING(6.47096 51.181444,6.470969800000001 51.181466)
1009	Mönchengladbach	Ritterstraße	de:05116:23398:0:2	51.18141	6.471284	bus	MATCHED	n298440600	5.8	0.78	Ritterstraße	016	Mönchengl. Schloss Rheydt	Schloss Rheydt	LINESTRING(6.471284 51.18141,6.471297300000001 51.1813585)
1010	Mönchengladbach	Rochusstraße	de:05116:23536:0:1	51.15777	6.335566	bus	MATCHED	n2853213261	18.2	0.42	Rochusstraße	026,027,AST	Mönchengladbach Broich Schule / Mönchengladbach Weg nach Woof	Görresstraße	LINESTRING(6.335566 51.15777,6.3353956 51.1576463)
1011	Mönchengladbach	Rohrend	de:05116:23608:0:1	51.196966	6.460091	bus	MATCHED	n679990132	84.8	0.16	Rohrend (031)	031	Mönchengladb. Lürrip S-Bf.	Gilleshütte (031)	LINESTRING(6.460091 51.196966,6.4590734 51.196550800000004)
1012	Mönchengladbach	Rohrend	de:05116:23608:0:2	51.197113	6.460198	bus	MATCHED	n679990130	94.8	0.14	Rohrend (031)	031	Mönchengladbach Rohrplatz		LINESTRING(6.460198 51.197113,6.4590075 51.1967039)
1013	Mönchengladbach	Rohrplatz	de:05116:23599:0:1	51.198345	6.457827	bus	MATCHED	n492128159	11.5	0.52	Rohrplatz (029)	029	Mönchengl Robert-Koch-Straße	Robert-Koch-Straße (029)	LINESTRING(6.457827 51.198345,6.457989400000001 51.1983295)
1014	Mönchengladbach	Rohrplatz	de:05116:23599:0:2	51.198374	6.457827	bus	MATCHED	n492128162	5.4	0.68	Rohrplatz (029)	029	Mönchengl Maurus-Ahn-Straße		LINESTRING(6.457827 51.198374,6.4577491 51.1983723)
1015	Mönchengladbach	Rohrplatz	de:05116:23599:0:3	51.198171	6.457953	bus	MATCHED	n492128143	4.9	0.7	Rohrplatz (031)	031	Mönchengladbach Rohrend	Rohrend (031)	LINESTRING(6.457953 51.198171,6.4579725 51.198128600000004)
1016	Mönchengladbach	Rohrplatz	de:05116:23599:0:4	51.197974	6.458563	bus	MATCHED	n492128155	12.3	0.51	Rohrplatz (031)	031	Mönchengl Maurus-Ahn-Straße		LINESTRING(6.458563 51.197974,6.4586028 51.1978665)
1017	Mönchengladbach	Rossweide	de:05116:23565:0:1	51.131232	6.418193	bus	MATCHED	n6218300064	4.0	0.82	Rossweide	026	Mönchengladbach Wilhelmshöhe	Wilhelmshöhe	LINESTRING(6.418193 51.131232,6.4182264 51.1312032)
1018	Mönchengladbach	Rossweide	de:05116:23565:0:2	51.131316	6.418382	bus	MATCHED	n4819713639	11.0	0.67	Rossweide	026,NE6	Mönchengladb. Wickrath Markt / Mönchengladb. Wickrath Markt	Wickrath Markt	LINESTRING(6.418382 51.131316,6.418225100000001 51.1313095)
1019	Mönchengladbach	Rostocker Straße	de:05116:23046:0:1	51.124816	6.446176	bus	MATCHED	n4317890534	3.6	0.83	Rostocker Straße	002,020	Mönchengl Oppelner Str. 1		LINESTRING(6.446176 51.124816,6.4461339 51.1248352)
1020	Mönchengladbach	Ruckes	de:05116:23480:0:1	51.164536	6.491882	bus	MATCHED	n3320962581	6.5	0.76	Ruckes	020,021,022	Mönchengl. Puttschen / Korschenbroich Trietenbroich	Puttschen / Von-Galen-Straße	LINESTRING(6.491882 51.164536,6.491975 51.1645326)
1021	Mönchengladbach	Rudolfstraße	de:05116:23360	51.194405	6.415903		NO_MATCH_AND_SEEMS_UNSERVED								POINT(6.415903 51.194405)
1022	Mönchengladbach	Ruwerstraße	de:05116:23472:0:1	51.166592	6.486564	bus	MATCHED	n3320962582	3.5	0.84	Ruwerstraße	020,022	Mönchengladbach Biesel	Biesel	LINESTRING(6.486564 51.166592,6.486609400000001 51.166605800000006)
1023	Mönchengladbach	Römerbrunnen	de:05116:23461:0:1	51.150332	6.465202	bus	MATCHED	n2358285998	16.0	0.6	Römerbrunnen	014,020,022,NE3	Mönchengl. Weg n.Trimpelshütte	Weg nach Trimpelshütte	LINESTRING(6.465202 51.150332,6.46501 51.150253600000006)
1024	Mönchengladbach	Römerbrunnen	de:05116:23461:0:2	51.150349	6.464735	bus	MATCHED	n866443932	11.3	0.67	Römerbrunnen	014,020,022	Mönchengladbach Dohrer Straße	Dohrer Straße	LINESTRING(6.464735 51.150349,6.464853300000001 51.1504185)
1025	Mönchengladbach	Römerstraße	de:05116:23452:0:1	51.162553	6.457369	bus	MATCHED	n4697316004	5.2	0.79	Römerstraße	020,022	Mönchengladbach Eickesmühle	Eickesmühle	LINESTRING(6.457369 51.162553,6.457296400000001 51.1625419)
1026	Mönchengladbach	Römerstraße	de:05116:23452:0:2	51.16288	6.456821	bus	MATCHED	n4697315989	3.9	0.83	Römerstraße	020,022	Mönchengladbach Keplerstraße	Keplerstraße	LINESTRING(6.456821 51.16288,6.4567651 51.16288350000001)
1027	Mönchengladbach	Rönneter Ring	de:05116:23877:0:1	51.192677	6.392016	bus	MATCHED_THOUGH_REVERSED_DIR	n287753251	9.2	0.41	Rönneterring	033	Mönchengladbach Moosheide / Mönchengladbach Heidgesberg	In der Duis	LINESTRING(6.392016 51.192677,6.3920724 51.192602400000006)
1028	Mönchengladbach	Rönneter Ring	de:05116:23877:0:2	51.192485	6.392762	bus	MATCHED_THOUGH_REVERSED_DIR	n287753253	3.4	0.61	Rönneterring	033	Mönchengladbach In der Duis	Moosheide	LINESTRING(6.392762 51.192485,6.3927778 51.192514)
1029	Mönchengladbach	Rönneterweg	de:05116:23365:0:1	51.183527	6.380814	bus	MATCHED	n4675030718	5.2	0.79	Rönneterweg	015,025,NE4	Mönchengladbach Hehn Meurer	Hehn Meurer	LINESTRING(6.380814 51.183527,6.3808197 51.183573900000006)
1030	Mönchengladbach	Rönneterweg	de:05116:23365:0:2	51.183493	6.380913	bus	MATCHED	n4675030716	8.3	0.72	Rönneterweg	015,025,NE2	Mönchengl. Weg zum Nordpark / Mönchengladbach Moosheide	Weg zum Nordpark	LINESTRING(6.380913 51.183493,6.380859500000001 51.183426700000005)
1031	Mönchengladbach	Sandgrube	de:05116:23150:0:1	51.106359	6.418418	bus	MATCHED_THOUGH_REVERSED_DIR	n7366244190	3.9	0.66	Sandgrube	006,016,NE6	Mönchengladbach Wanlo Kreuz	Hochneukircher Weg	LINESTRING(6.418418 51.106359,6.418443600000001 51.106390000000005)
1032	Mönchengladbach	Sandgrube	de:05116:23150:0:2	51.10553	6.418768	bus	MATCHED_THOUGH_REVERSED_DIR	n7366244192	4.9	0.61	Sandgrube	006,016,NE6	Mönchengl Hochneukircher Weg	Wanlo Kreuz	LINESTRING(6.418768 51.10553,6.418707100000001 51.105507800000005)
1033	Mönchengladbach	Sandstraße	de:05116:23385:0:1	51.129659	6.406758	bus	MATCHED	n4819713638	3.4	0.84	Sandstraße	026	Mönchengladbach Wickrath Bf	Wickrath Bf	LINESTRING(6.406758 51.129659,6.4068068 51.129657900000005)
1034	Mönchengladbach	Sandstraße	de:05116:23385:0:2	51.129259	6.406515	bus	MATCHED	w803146779	3.4	0.83	Sandstraße	026	Mönchengl. Wickrathhahner Str.	Wickrathhahner Straße	LINESTRING(6.406515 51.129259,6.406493450000001 51.129231700000005)
1035	Mönchengladbach	Sandstraße	de:05116:23385:0:3	51.12812	6.406174	bus	MATCHED	n7369592521	4.3	0.82	Sandstraße	016	Mönchengl. Wickrath Siedlung	Wickrath Siedlung	LINESTRING(6.406174 51.12812,6.4061444000000005 51.128086200000006)
1036	Mönchengladbach	Sandstraße	de:05116:23385:0:4	51.128306	6.406317	bus	MATCHED	n3545018895	4.0	0.82	Sandstraße	016,AST,NE6	Mönchengl. Wickrathhahner Str.	Wickrathhahner Straße	LINESTRING(6.406317 51.128306,6.406356400000001 51.128331800000005)
1037	Mönchengladbach	Sasserath	de:05116:23428:0:1	51.12158	6.461519	bus	MATCHED	n4317882124	4.1	0.82	Sasserath	020	Mönchengl. Mongshof	Mongshof	LINESTRING(6.461519 51.12158,6.461463500000001 51.121569400000006)
1038	Mönchengladbach	Sasserath	de:05116:23428:0:2	51.121557	6.461492	bus	MATCHED	n7371756603	5.7	0.78	Sasserath	020,097	Mönchengladbach, Grünstraße / Mönchengl. Sasserather Pfad	Sasserather Pfad / Grünstraße	LINESTRING(6.461492 51.121557,6.4615697 51.1215411)
1039	Mönchengladbach	Sasserath	de:05116:23428:0:3	51.121298	6.462588	bus	MATCHED	n5407414582	12.2	0.65	Sasserath	097	Jüchen Abzw. Schaan / Mönchengl. Mongshof	Abzweigung Schaan	LINESTRING(6.462588 51.121298,6.4624427 51.121236700000004)
1040	Mönchengladbach	Sasserath	de:05116:23428:0:4	51.121348	6.462579	bus	MATCHED	n7376842674	6.8	0.75	Sasserath	097	Mönchengladbach, Grünstraße	Grünstraße	LINESTRING(6.462579 51.121348,6.462652 51.121388700000004)
1041	Mönchengladbach	Sasserath	de:05116:23428:0:5	51.121726	6.462022		NO_MATCH_AND_SEEMS_UNSERVED								POINT(6.462022 51.121726)
1042	Mönchengladbach	Sasserather Pfad	de:05116:23429:0:1	51.123936	6.463621	bus	MATCHED	n4317883389	5.6	0.78	Sasserather Pfad	020	Mönchengl. Mongshof / Mönchengladbach Sasserath	Sasserath	LINESTRING(6.463621 51.123936,6.463605800000001 51.1239854)
1043	Mönchengladbach	Sasserather Pfad	de:05116:23429:0:2	51.123812	6.463702	bus	MATCHED	n7371756600	2.7	0.85	Sasserather Pfad	020	Mönchengladbach Talstraße	Talstraße	LINESTRING(6.463702 51.123812,6.4637354 51.1238241)
1044	Mönchengladbach	Saumstraße	de:05116:23008	51.212911	6.447999		NO_MATCH_AND_SEEMS_UNSERVED								POINT(6.447999 51.212911)
1045	Mönchengladbach	Scheidt & Bachmann	de:05116:23174:1:1	51.179805	6.453021	bus	MATCHED	n440177798	9.2	0.7	Scheidt & Bachmann	006,016	Mönchengl. Bonnenbroich Spark.	Bonnenbroich Sparkasse	LINESTRING(6.453021 51.179805,6.4531295 51.179758500000005)
1046	Mönchengladbach	Scheidt & Bachmann	de:05116:23174:1:2	51.179912	6.453335	bus	MATCHED	n440177856	19.1	0.57	Scheidt & Bachmann	006,016	Mönchengladbach Am Gerstacker / Mönchengl. Monforts Quartier	Am Gerstacker / Monforts Quartier	LINESTRING(6.453335 51.179912,6.4535067 51.1800458)
1047	Mönchengladbach	Scheidt & Bachmann	de:05116:23174:1:3	51.179546	6.452203	bus	MATCHED	n7865865185	5.4	0.78	Scheidt & Bachmann	SB81	Mönchengladbach Kabelwerk	Kabelwerk	LINESTRING(6.452203 51.179546,6.4521651 51.1795885)
1048	Mönchengladbach	Scheidt & Bachmann	de:05116:23174:1:4	51.179524	6.452132	bus	MATCHED	n7865865187	8.7	0.71	Scheidt & Bachmann	SB81	Mönchengl. Monforts Quartier	Monforts Quartier	LINESTRING(6.452132 51.179524,6.4521275000000005 51.1794455)
1049	Mönchengladbach	Schelsen Kirche	de:05116:23117:0:1	51.153894	6.516083	bus	MATCHED	n7340704079	3.1	0.84	Schelsen Kirche	004,018	Mönchengl Corresburger Weg / Mönchengladbach Spulstraße	Corresburger Weg / Spulstraße	LINESTRING(6.516083 51.153894,6.516114300000001 51.153913100000004)
1050	Mönchengladbach	Schelsen Kirche	de:05116:23117:0:2	51.15462	6.51549	bus	MATCHED	n2699875953	4.4	0.81	Schelsen Kirche	018,NE3	Mönchengladbach Spulstraße / Mönchengl. Horster Schelsen	Horster Schelsen / Spulstraße	LINESTRING(6.51549 51.15462,6.5154274 51.154622800000006)
1051	Mönchengladbach	Schelsen Kirche	de:05116:23117:0:3	51.153882	6.516002		NO_MATCH_AND_SEEMS_UNSERVED								POINT(6.516002 51.153882)
1052	Mönchengladbach	Schelsen Post	de:05116:23116:0:1	51.150896	6.518769	bus	MATCHED	n4653910566	5.1	0.67	Schelsen Post	004,018	Mönchengl. Horster Schelsen	Horster Schelsen / Jostenfeld	LINESTRING(6.518769 51.150896,6.518841 51.150887000000004)
1053	Mönchengladbach	Schelsen Post	de:05116:23116:0:2	51.150411	6.518346	bus	NO_MATCH_BUT_OTHER_PLATFORM_MATCHED					018	Mönchengladbach Jostenfeld		POINT(6.518346 51.150411)
1054	Mönchengladbach	Schleestraße	de:05116:23432:0:1	51.131965	6.45665	bus	MATCHED	n4697315086	4.5	0.81	Schleestraße	020,022	Mönchengl Stoltenhoffstraße	Stoltenhoffstraße	LINESTRING(6.45665 51.131965,6.4565861 51.13196730000001)
1055	Mönchengladbach	Schleestraße	de:05116:23432:0:2	51.13272	6.455806	bus	MATCHED	n7371756594	15.6	0.61	Schleestraße	020	Mönchengladbach Burgmühle	Burgmühle	LINESTRING(6.455806 51.13272,6.455675200000001 51.132833100000006)
1056	Mönchengladbach	Schloss Rheydt	de:05116:23399:0:1	51.180706	6.478353	bus	MATCHED	n364691435	10.3	0.68	Schloss Rheydt	016	Mönchengladbach Ritterstraße	Ritterstraße	LINESTRING(6.478353 51.180706,6.4784986 51.1806896)
1057	Mönchengladbach	Schloss Rheydt	de:05116:23399:0:2	51.180357	6.478614	bus	MATCHED	n1930712907	6.3	0.76	Schloss Rheydt	016	Korschenbroich Neustadt	Neustadt	LINESTRING(6.478614 51.180357,6.4785857 51.1803031)
1058	Mönchengladbach	Schloss-Dyck-Straße	de:05116:23112:0:1	51.153094	6.506956	bus	MATCHED	n4653910570	29.8	0.32	Schloss-Dyck-Straße	004,018	Mönchengladbach Am Fußfall	Am Düvel / Am Fußfall	LINESTRING(6.506956 51.153094,6.5073072000000005 51.152942900000006)
1059	Mönchengladbach	Schloss-Dyck-Straße	de:05116:23112:0:2	51.153246	6.506965	bus	MATCHED	n7363116592	3.7	0.83	Schloss-Dyck-Straße	004,018,NE3	Mönchengladbach Am Düvel	Am Düvel	LINESTRING(6.506965 51.153246,6.506999 51.1532715)
1060	Mönchengladbach	Schlossbad Ndrh.	de:05116:23155:0:1	51.122707	6.413154	bus	MATCHED	n3358582075	11.2	0.66	Schlossbad Ndrh.	006,016,NE6,SB1	MG Regiopark 1 / Mönchengladbach Auf dem Damm	Auf dem Damm	LINESTRING(6.413154 51.122707,6.4130085 51.122749600000006)
1061	Mönchengladbach	Schlossbad Ndrh.	de:05116:23155:0:2	51.121845	6.413028	bus	MATCHED	n3433812543	7.5	0.73	Schlossbad Ndrh.	006,016,SB1	Mönchengladbach Halbinsel / Mönchengladb. Wickrath Markt	Wickrath Markt / Halbinsel	LINESTRING(6.413028 51.121845,6.4131345 51.121837600000006)
1062	Mönchengladbach	Schlossbad Ndrh.	de:05116:23155:0:3	51.122758	6.412148	bus	MATCHED	n7379884235	7.3	0.65	Schlossbad Ndrh.	SB1	Mönchengladb. Wickrath Markt	Wickrath Markt	LINESTRING(6.412148 51.122758,6.4122085 51.122705100000005)
1063	Mönchengladbach	Schmölderpark	de:05116:23447:0:1	51.159624	6.428874	bus	MATCHED_THOUGH_REVERSED_DIR	n7372572308	5.6	0.58	Schmölderpark	020,022	Mönchengladbach Feldstraße	Bäumchesweg	LINESTRING(6.428874 51.159624,6.428813300000001 51.159591000000006)
1064	Mönchengladbach	Schmölderpark	de:05116:23447:0:2	51.160852	6.429045	bus	MATCHED_THOUGH_REVERSED_DIR	n7371753770	14.8	0.35	Schmölderpark	020,022	Mönchengladbach Bäumchesweg / Mönchengladbach Eibenstraße	Feldstraße	LINESTRING(6.429045 51.160852,6.429175900000001 51.160956000000006)
1065	Mönchengladbach	Schonskanterweg	de:05116:23406:0:1	51.216659	6.482486	bus	MATCHED	n1323453355	10.3	0.68	Schonskanterweg	010	Mönchengladbach Uedding Kirche	Uedding Kirche	LINESTRING(6.482486 51.216659,6.482358400000001 51.216613300000006)
1066	Mönchengladbach	Schonskanterweg	de:05116:23406:0:2	51.217345	6.482342	bus	MATCHED	n1323453350	4.9	0.8	Schonskanterweg	010	Mönchengladbach Dammer Straße	Dammer Straße	LINESTRING(6.482342 51.217345,6.482405300000001 51.217363500000005)
1067	Mönchengladbach	Schriefers	de:05116:23863:0:1	51.137816	6.347442	bus	MATCHED	n7514290007	4.0	0.82	Schriefers	027	Mönchengladbach Sittard	Sittard	LINESTRING(6.347442 51.137816,6.347386200000001 51.1378071)
1068	Mönchengladbach	Schriefers	de:05116:23863:0:2	51.137861	6.347361	bus	MATCHED	n7514290004	1.9	0.84	Schriefers	027	Mönchengl. Abzw. Schriefers		LINESTRING(6.347361 51.137861,6.347371600000001 51.1378763)
1069	Mönchengladbach	Schriefersmühle	de:05116:23634:1:1	51.136649	6.341486	bus	MATCHED	n4609580050	7.0	0.75	Schriefersmühle	017,SB81	Wegberg, Abzw. Schönhausen / Wegberg, Abzw. Schönhausen / Wegberg, Kipshoven Kieswerk	Kipshoven / Abzweig Schönhausen	LINESTRING(6.341486 51.136649,6.3413867 51.136645200000004)
1070	Mönchengladbach	Schriefersmühle	de:05116:23634:1:2	51.136716	6.341567	bus	MATCHED	n442921552	10.7	0.68	Schriefersmühle	017,SB81	MG, Erkelenzer Straße / Mönchengl. Abzw. Schriefers	Abzweigung Schriefers / Erkelenzer Straße	LINESTRING(6.341567 51.136716,6.3416965 51.136665400000005)
1071	Mönchengladbach	Schule Torfbend	de:05116:23454:0:1	51.158981	6.4661	bus	MATCHED	n7371753748	5.1	0.79	Schule Torfbend	020,022	Mönchengladbach Am Torfbend	Am Torfbend	LINESTRING(6.4661 51.158981,6.4661046 51.1589353)
1072	Mönchengladbach	Schule Torfbend	de:05116:23454:0:2	51.158976	6.466262	bus	MATCHED	n7371753745	3.4	0.84	Schule Torfbend	020,022	Mönchengladbach Eickesmühle	Eickesmühle	LINESTRING(6.466262 51.158976,6.4662702 51.159006000000005)
1073	Mönchengladbach	Schumannstraße	de:05116:23379:0:1	51.134518	6.409219	bus	NO_MATCH_BUT_OTHER_PLATFORM_MATCHED					016,026	Mönchengl. Adolf-Kempken-Weg		POINT(6.409219 51.134518)
1074	Mönchengladbach	Schumannstraße	de:05116:23379:0:2	51.134186	6.408833	bus	MATCHED	n4676969291	3.7	0.74	Schumannstraße	016,026	Mönchengladbach Orffstraße	Orffstraße / Adolf-Kempken-Weg	LINESTRING(6.408833 51.134186,6.4087901 51.1342061)
1075	Mönchengladbach	Schwogenstraße	de:05116:23010:0:1	51.206428	6.441801	bus	MATCHED	n759041924	7.1	0.74	Schwogenstraße	001,015	Mönchengladbach Landgericht	Landgericht	LINESTRING(6.441801 51.206428,6.4417026 51.2064451)
1076	Mönchengladbach	Schwogenstraße	de:05116:23010:0:2	51.205826	6.441864	bus	MATCHED	n1599395714	8.3	0.72	Schwogenstraße	001,015	Mönchengladb. Elisabethkirche	Elisabethkirche	LINESTRING(6.441864 51.205826,6.4419521 51.205776300000004)
1077	Mönchengladbach	Schürenweg	de:05116:23356:0:1	51.207891	6.435171	bus	MATCHED	n4116403190	0.6	0.95	Schürenweg	015,025	Mönchengladbach Bunter Garten	Bunter Garten	LINESTRING(6.435171 51.207891,6.435175500000001 51.20788640000001)
1078	Mönchengladbach	Schürenweg	de:05116:23356:0:2	51.208004	6.435531	bus	MATCHED	n4116403191	0.5	0.95	Schürenweg	015,025	Mönchengladbach Bergstraße / Mönchengladbach Friedhof	Kaldenkirchener Straße / Friedhof / Bergstraße	LINESTRING(6.435531 51.208004,6.4355243 51.2080062)
1079	Mönchengladbach	Schützenstraße	de:05116:23089:1:1	51.159117	6.414887	bus	MATCHED	n1106435283	9.9	0.59	Hockstein Schützenstraße	004,NE4,SB81	Mönchengl Dahlener Str.Friedh. / Mönchengladbach Hubertusstraße	Dahlener Straße Friedhof / Hubertusstraße	LINESTRING(6.414887 51.159117,6.415013200000001 51.1590763)
1080	Mönchengladbach	Schützenstraße	de:05116:23089:1:2	51.159049	6.414528	bus	MATCHED	n1106435255	9.0	0.71	Schützenstraße	004,NE5,SB81	Mönchengladbach Stadtwald	Stadtwald	LINESTRING(6.414528 51.159049,6.4144385 51.159106900000005)
1081	Mönchengladbach	Seilerweg	de:05116:23243:0:1	51.176894	6.42873	bus	MATCHED	n1356427893	5.7	0.78	Seilerweg	009	Mönchengl. Dahl Wasserwerk	Dahl Wasserwerk	LINESTRING(6.42873 51.176894,6.428797500000001 51.1769225)
1082	Mönchengladbach	Seilerweg	de:05116:23243:0:2	51.176482	6.429036	bus	MATCHED	n1356427895	7.1	0.74	Seilerweg	009	Mönchengladbach Ohler	Ohler	LINESTRING(6.429036 51.176482,6.4289487 51.1764486)
1083	Mönchengladbach	Senefelderstr.	de:05116:23350:0:1	51.231314	6.47927	bus	MATCHED	n324325164	6.6	0.63	Senefelderstraße	015	Mönchengl Broichmühlenweg	Broichmühlenweg	LINESTRING(6.47927 51.231314,6.4791789 51.2312986)
1084	Mönchengladbach	Senefelderstr.	de:05116:23350:0:2	51.231269	6.479306	bus	MATCHED	n4675033864	7.5	0.61	Senefelderstraße	015	Mönchengladbach Grunewaldstr.	Grunewaldstraße	LINESTRING(6.479306 51.231269,6.4794105 51.231286000000004)
1085	Mönchengladbach	Sinn	de:05116:23059:0:1	51.195441	6.441478	bus	MATCHED	n285204809	11.5	0.66	Sinn	003,007,008,009,010,013,019,023,033,NE1,NE2,NE4	Mönchengladbach Am Minto	Am Minto	LINESTRING(6.441478 51.195441,6.4415123 51.195542)
1086	Mönchengladbach	Sittard	de:05116:23543:0:1	51.137066	6.355913	bus	MATCHED_THOUGH_REVERSED_DIR	n7512726756	6.8	0.53	Sittard	026,027,AST	Mönchengladbach Genholland / Mönchengladbach Hilderath	Hilderather Straße	LINESTRING(6.355913 51.137066,6.3559932 51.1371011)
1087	Mönchengladbach	Sittard	de:05116:23543:0:2	51.136356	6.357054	bus	MATCHED_THOUGH_REVERSED_DIR	n7512726758	5.6	0.58	Sittard	026,AST	Hilderather Str. / Hilderather Str.	Genholland / Hilderath	LINESTRING(6.357054 51.136356,6.3571247 51.1363324)
1088	Mönchengladbach	Sittard	de:05116:23543:0:3	51.13653	6.355823	bus	MATCHED	n7512726754	5.6	0.78	Sittard	027	Mönchengl. Schriefers	Abzweigung Schriefers	LINESTRING(6.355823 51.13653,6.3557557000000005 51.136557)
1089	Mönchengladbach	Sperberstr.	de:05116:23441:0:1	51.153189	6.421158	bus	MATCHED	n7371753782	4.6	0.64	Sperberstraße	020,022	Mönchengladbach Am Hasenberg	Am Hasenberg	LINESTRING(6.421158 51.153189,6.4211498 51.153148)
1090	Mönchengladbach	Sperberstr.	de:05116:23441:0:2	51.153189	6.421032	bus	MATCHED	n7371756585	1.5	0.72	Sperberstraße	020,022	Mönchengl. Hockstein Kirche	Hockstein Kirche	LINESTRING(6.421032 51.153189,6.421026400000001 51.1532022)
1091	Mönchengladbach	Spessartstraße	de:05116:23515:0:1	51.169656	6.437821	bus	MATCHED	n4665522661	7.8	0.73	Spessartstraße	014,024	MG Marienplatz	Marienplatz	LINESTRING(6.437821 51.169656,6.4378555 51.169589)
1092	Mönchengladbach	Spielkaulenweg	de:05116:23058:0:1	51.215562	6.448673	bus	MATCHED	n759041771	7.8	0.73	Spielkaulenweg	002,003,015,025,NE1	Mönchengl. Künkelstraße	Künkelstraße	LINESTRING(6.448673 51.215562,6.448629400000001 51.2154971)
1093	Mönchengladbach	Spielkaulenweg	de:05116:23058:0:2	51.21573	6.448368	bus	MATCHED	n4370779023	6.6	0.76	Spielkaulenweg	002,003,015,025	Mönchengladbach Am Woltershof / Mönchengladbach Nelkenstraße	Am Woltershof / Nelkenstraße	LINESTRING(6.448368 51.21573,6.4483873 51.215788200000006)
1094	Mönchengladbach	Spinnerstraße	de:05116:23180:0:1	51.215179	6.467493		NO_MATCH_AND_SEEMS_UNSERVED								POINT(6.467493 51.215179)
1095	Mönchengladbach	Spinnerstraße	de:05116:23180:0:2	51.215466	6.467744		NO_MATCH_AND_SEEMS_UNSERVED								POINT(6.467744 51.215466)
1096	Mönchengladbach	Sportplatz 08	de:05116:23396:0:1	51.176899	6.472856	bus	MATCHED	n1930186073	9.9	0.68	Sportplatz 08	008	Mönchengladbach Merowingerstr.	Merowingerstraße	LINESTRING(6.472856 51.176899,6.4728465 51.176810100000004)
1097	Mönchengladbach	Sportplatz 08	de:05116:23396:0:2	51.176882	6.472874	bus	MATCHED	n4678701869	6.4	0.75	Sportplatz 08	008	Mönchengladbach Frankenstraße	Frankenstraße	LINESTRING(6.472874 51.176882,6.4728954000000005 51.1769381)
1098	Mönchengladbach	Spulstraße	de:05116:23114:0:1	51.152801	6.512022	bus	MATCHED	n7363116582	39.5	0.44	Spulstraße	004,018	Mönchengladbach Jostenfeld	Jostenfeld	LINESTRING(6.512022 51.152801,6.5122415 51.152474000000005)
1099	Mönchengladbach	Spulstraße	de:05116:23114:0:2	51.152879	6.511986	bus	MATCHED	n4653910568	5.6	0.78	Spulstraße	004,018,NE3	Mönchengladbach Am Fußfall	Am Fußfall	LINESTRING(6.511986 51.152879,6.5120529000000005 51.152906800000004)
1100	Mönchengladbach	St. -Josef-Kirche	de:05116:23450:0:1	51.162604	6.452266	bus	MATCHED	n4697316006	2.0	0.86	St.-Josef-Kirche	022	Mönchengladbach Keplerstraße	Keplerstraße	LINESTRING(6.452266 51.162604,6.452238400000001 51.1626096)
1101	Mönchengladbach	St. -Josef-Kirche	de:05116:23450:0:2	51.162204	6.452814		NO_MATCH_AND_SEEMS_UNSERVED								POINT(6.452814 51.162204)
1102	Mönchengladbach	Stadt	de:05116:23973:0:1	51.168085	6.506947	bus	MATCHED_THOUGH_DISTANT	n7344907143	200.5	0.21	Stadt	018	Mönchengladbach Högden	Högden	LINESTRING(6.506947 51.168085,6.5098007 51.1679133)
1103	Mönchengladbach	Stadtverwaltung	de:05116:23201:0:1	51.19615	6.431937	bus	MATCHED	n4350819492	7.1	1.0	Stadtverwaltung	NE1,NE2,NE3,NE5	Mönchengladbach Kapuzinerplatz	Kapuzinerplatz / H 19 / H 1	LINESTRING(6.431937 51.19615,6.431997300000001 51.1960988)
1104	Mönchengladbach	Stadtverwaltung	de:05116:23201:0:2	51.196139	6.431884	bus	MATCHED	w788278295	28.7	1.0	Stadtverwaltung	003,007,008,009,010,013,019,023,033	Mönchengladbach Kapuzinerplatz	Kapuzinerplatz	LINESTRING(6.431884 51.196139,6.431572500000001 51.195971150000005)
1105	Mönchengladbach	Stadtwald	de:05116:23088:1:1	51.155787	6.408959	bus	MATCHED	n2528362209	7.7	0.72	Stadtwald	004,NE4,SB81	Mönchengladbach Bogenstraße / Mönchengladbach Schützenstraße	Bogenstraße / Hockstein Schützenstraße	LINESTRING(6.408959 51.155787,6.4090426 51.1557413)
1106	Mönchengladbach	Stadtwald	de:05116:23088:1:2	51.154863	6.409444	bus	MATCHED	n2528362906	8.9	0.7	Stadtwald	004	Mönchengl. Abzw. Genhülsen	Abzweig Genhülsen	LINESTRING(6.409444 51.154863,6.4095012 51.154934100000006)
1107	Mönchengladbach	Stadtwald	de:05116:23088:1:3	51.156097	6.409192	bus	MATCHED	n2528363265	7.8	0.72	Stadtwald	004,NE5,SB81	Mönchengladbach Voosen / Mönchengl. Abzw. Genhülsen	Voosen / Abzweig Genhülsen	LINESTRING(6.409192 51.156097,6.409150100000001 51.156162300000005)
1108	Mönchengladbach	Stakelberg	de:05116:23252:0:1	51.209461	6.423296	bus	MATCHED_THOUGH_REVERSED_DIR	n4093292124	5.9	0.57	Stakelberg	009,019	Mönchengl.Birkenallee Friedhof	Lochnerallee	LINESTRING(6.423296 51.209461,6.423211200000001 51.209459800000005)
1109	Mönchengladbach	Stakelberg	de:05116:23252:0:2	51.209934	6.423179	bus	MATCHED_THOUGH_REVERSED_DIR	n4093292125	5.2	0.6	Stakelberg	009,019	Mönchengladbach Lochnerallee	Birkenallee Friedhof	LINESTRING(6.423179 51.209934,6.4232459 51.209953500000005)
1110	Mönchengladbach	Stationsweg	de:05116:23068:0:1	51.198025	6.398457	bus	MATCHED	n285179465	3.0	0.76	Stationsweg	003,013,023,033,NE2	Mönchengladbach Poeth / Mönchengladbach Ostmarkstraße / Mönchengladbach In der Duis / Mönchengladbach Poether Weg	Poether Weg / Poeth / In der Duis	LINESTRING(6.398457 51.198025,6.3984588 51.198052100000005)
1111	Mönchengladbach	Stationsweg	de:05116:23068:0:2	51.198188	6.397038	bus	MATCHED	n344894784	4.3	0.8	Stationsweg	003,NE2	Mönchengladbach Ostmarkstraße / Mönchengladbach Poeth	Hardt Markt / Ostmarkstraße	LINESTRING(6.397038 51.198188,6.3969794 51.198176200000006)
1112	Mönchengladbach	Stationsweg	de:05116:23068:0:3	51.197963	6.396292	bus	MATCHED	n285179462	6.6	0.75	Stationsweg	013,023	Mönchengladbach Ostmarkstraße / Mönchengl. Waldhausen Kirche	Hensenweg / Waldhausen Kirche	LINESTRING(6.396292 51.197963,6.396213100000001 51.197930500000005)
1113	Mönchengladbach	Stationsweg	de:05116:23068:0:4	51.197653	6.397442	bus	MATCHED	n344894785	11.3	0.66	Stationsweg	033	Mönchengladbach Ostmarkstraße	Ostmarkstraße	LINESTRING(6.397442 51.197653,6.3974428 51.197754800000006)
1114	Mönchengladbach	Steinrathshof	de:05116:23091:0:1	51.163336	6.423107	bus	MATCHED	n4138068691	11.1	0.67	Steinrathshof	004,019,NE4	Mönchengl Dahlener Str.Friedh.	Dahlener Straße Friedhof	LINESTRING(6.423107 51.163336,6.423237 51.1632795)
1115	Mönchengladbach	Steinrathshof	de:05116:23091:0:2	51.163347	6.422873	bus	MATCHED	n4138068611	3.6	0.84	Steinrathshof	004,019	Mönchengladbach Hubertusstraße / Mönchengladbach Hubertusstraße	Hubertusstraße	LINESTRING(6.422873 51.163347,6.4228256 51.1633598)
1116	Mönchengladbach	Sternstraße	de:05116:23063:0:1	51.197073	6.419945	bus	MATCHED	n4653149902	5.0	0.82	Sternstraße	003,033	Mönchengladbach Dülkener Str.	Dülkener Straße	LINESTRING(6.419945 51.197073,6.419898600000001 51.197107)
1117	Mönchengladbach	Sternstraße	de:05116:23063:0:2	51.196871	6.421247	bus	MATCHED	n7357583027	6.5	0.78	Sternstraße	003,033,NE2	Mönchengladbach Grünewald	Grünewald	LINESTRING(6.421247 51.196871,6.4211777 51.196832400000005)
1118	Mönchengladbach	Sternstraße	de:05116:23063:0:3	51.195942	6.421014	bus	MATCHED	n7357583020	8.8	0.73	Sternstraße	005	Mönchengl Krankenhaus Bethesda	Krankenhaus Bethesda	LINESTRING(6.421014 51.195942,6.4211323 51.195969500000004)
1119	Mönchengladbach	Sternstraße	de:05116:23063:0:4	51.19637	6.421185	bus	MATCHED	n7357583023	11.7	0.65	Sternstraße	005	Mönchengl. Burggrafenstraße	Burggrafenstraße	LINESTRING(6.421185 51.19637,6.421029900000001 51.1963304)
1120	Mönchengladbach	Steubenstraße	de:05116:23633:0:1	51.176437	6.445906	bus	MATCHED	n1532721141	2.8	0.86	Steubenstraße	097,NE3	Mönchengl. Webschulstraße	Webschulstraße	LINESTRING(6.445906 51.176437,6.4459428 51.1764262)
1121	Mönchengladbach	Steubenstraße	de:05116:23633:0:2	51.176832	6.445538	bus	MATCHED	n7376912289	6.9	0.75	Steubenstraße	097	Mönchengladbach Rathaus Rheydt	Rathaus Rheydt	LINESTRING(6.445538 51.176832,6.4454976 51.1767751)
1122	Mönchengladbach	Stiegerfeldstraße	de:05116:23168:0:1	51.184079	6.458725	bus	MATCHED	n7369405562	6.4	0.76	Stiegerfeldstraße	008,NE3	Mönchengl. Bonnenbroich Spark.	Bonnenbroich Sparkasse	LINESTRING(6.458725 51.184079,6.4587399 51.184022600000006)
1123	Mönchengladbach	Stiegerfeldstraße	de:05116:23168:0:2	51.183882	6.459354	bus	MATCHED	n7369405565	87.6	0.31	Stiegerfeldstraße	008	Mönchengl. Hardterbroich Markt	Hardterbroich Markt	LINESTRING(6.459354 51.183882,6.4582594 51.1842649)
1124	Mönchengladbach	Stöhr & Co.	de:05116:23569:0:1	51.133498	6.43836	bus	MATCHED	n7512726775	8.2	0.72	Stöhr & Co.	026	Mönchengladbach Titzer Straße	Titzer Straße	LINESTRING(6.43836 51.133498,6.4384721 51.133475100000005)
1125	Mönchengladbach	Stöhr & Co.	de:05116:23569:0:2	51.133842	6.439501	bus	MATCHED	n7512726773	6.8	0.75	Stöhr & Co.	026,NE6	Mönchengl Wetschewell Hoven	Wetschewell Hoven	LINESTRING(6.439501 51.133842,6.4394109 51.1338644)
1126	Mönchengladbach	Süchtelner Straße	de:05116:23664:0:1	51.214335	6.454261	bus	MATCHED_THOUGH_REVERSED_DIR	n7373428304	3.9	0.64	Süchtelner Straße	035	Mönchengl. Künkelstraße	Nordring	LINESTRING(6.454261 51.214335,6.454290800000001 51.214305100000004)
1127	Mönchengladbach	Süchtelner Straße	de:05116:23664:0:2	51.214419	6.455132	bus	MATCHED_THOUGH_REVERSED_DIR	n7373391982	33.8	0.18	Süchtelner Straße	035	Mönchengladbach Nordring	Künkelstraße	LINESTRING(6.455132 51.214419,6.4556043 51.2144835)
1128	Mönchengladbach	Südwall	de:05116:23644:0:1	51.144601	6.356272	bus	MATCHED	n7370165479	27.4	0.33	Südwall	017	Hilderather Str.	Hilderather Straße	LINESTRING(6.356272 51.144601,6.356081700000001 51.144816500000005)
1129	Mönchengladbach	Tackhütte	de:05116:23473:0:1	51.171138	6.48033	bus	MATCHED	n3226838177	10.4	0.68	Tackhütte	020,022	Mönchengladbach An der Siep	An der Siep	LINESTRING(6.48033 51.171138,6.4804708 51.1711691)
1130	Mönchengladbach	Talstraße	de:05116:23430:0:1	51.127658	6.461905	bus	MATCHED	n12043860026	0.8	0.94	Talstraße	020	Mönchengl. Sasserather Pfad	Sasserather Pfad	LINESTRING(6.461905 51.127658,6.4618995 51.127664100000004)
1131	Mönchengladbach	Talstraße	de:05116:23430:0:2	51.128249	6.461645	bus	MATCHED	n5407455453	2.9	0.85	Talstraße	020	Mönchengl Stoltenhoffstraße	Stoltenhoffstraße	LINESTRING(6.461645 51.128249,6.4616464 51.128275300000006)
1132	Mönchengladbach	Taunusstraße	de:05116:23164:0:1	51.154801	6.43563	bus	MATCHED_THOUGH_REVERSED_DIR	n4655157202	4.1	0.63	Taunusstraße	006,016,NE6	Mönchengladbach Reststrauch / Mönchengladbach Reststrauch	Berliner Straße	LINESTRING(6.43563 51.154801,6.4356887 51.154797900000005)
1133	Mönchengladbach	Taunusstraße	de:05116:23164:0:2	51.154716	6.435486	bus	MATCHED_THOUGH_REVERSED_DIR	n4655157199	3.6	0.65	Taunusstraße	006,016,NE6	Mönchengladbach Berliner Str.	Reststrauch	LINESTRING(6.435486 51.154716,6.4354559 51.1547422)
1134	Mönchengladbach	Theater	de:05116:23024:0:1	51.161359	6.44508	bus	MATCHED	n1767474861	13.7	0.63	Theater	001,002,097,NE3	Mönchengladbach Gasstraße / Mönchengladbach NEW	NEW / Gasstraße	LINESTRING(6.44508 51.161359,6.4451445000000005 51.1612432)
1135	Mönchengladbach	Theater	de:05116:23024:0:2	51.161314	6.445188	bus	MATCHED	n1767474860	4.8	0.8	Theater	001,002,020,097	MG Rheydt Hbf / MG Rheydt Hbf / MG Marienplatz	Rheydt Hauptbahnhof / Marienplatz	LINESTRING(6.445188 51.161314,6.4452452000000005 51.1613386)
1136	Mönchengladbach	Theodor-Heuss-Straße	de:05116:23016:0:1	51.188212	6.443193	bus	MATCHED	n4649011128	14.3	0.63	Theodor-Heuss-Straße	001,002,009,019,097,NE5	Mönchengladbach Hermges / Mönchengladbach Hermges	Hermges	LINESTRING(6.443193 51.188212,6.4431785 51.1880838)
1137	Mönchengladbach	Theodor-Heuss-Straße	de:05116:23016:0:2	51.186489	6.444038	bus	MATCHED	w817838677	17.3	0.4	Theodor-Heuss-Straße	001,002,009,019,097,NE3,NE4	Mönchengladbach Fliethstraße / Mönchengladbach Geroplatz		LINESTRING(6.444038 51.186489,6.444156090294062 51.18635248427129)
1138	Mönchengladbach	Thomassenweg	de:05116:23279:0:1	51.203518	6.397146	bus	MATCHED	n287753269	6.9	0.75	Thomassenweg	010	Mönchengladbach Leostraße	Leostraße	LINESTRING(6.397146 51.203518,6.397208900000001 51.203470300000006)
1139	Mönchengladbach	Tierheim	de:05116:23206:0:1	51.201824	6.483582	bus	MATCHED	n574321056	5.6	0.67	Tierheim	017,029	Mönchengladbach Pilgramsweg / Mönchengl. Am Brückensteg		LINESTRING(6.483582 51.201824,6.483643300000001 51.2018562)
1140	Mönchengladbach	Tierheim	de:05116:23206:0:2	51.201897	6.483384	bus	MATCHED_THOUGH_REVERSED_DIR	n574321055	10.0	0.44	Tierheim	029	Mönchengl. Am Hülserhof	Pilgramsweg / Am Brückensteg	LINESTRING(6.483384 51.201897,6.483326600000001 51.2018144)
1141	Mönchengladbach	Titzer Straße	de:05116:23570:0:1	51.134417	6.443571	bus	MATCHED_THOUGH_REVERSED_DIR	n4819713645	3.7	0.67	Titzer Straße	026	Mönchengl. Laurentiuskirche	Stöhr & Co.	LINESTRING(6.443571 51.134417,6.443619900000001 51.1344307)
1142	Mönchengladbach	Titzer Straße	de:05116:23570:0:2	51.134039	6.444011	bus	MATCHED_THOUGH_REVERSED_DIR	n4819713523	4.3	0.64	Titzer Straße	026,NE6	Mönchengladbach Stöhr & Co.	Laurentiuskirche	LINESTRING(6.444011 51.134039,6.4439573 51.1340194)
1143	Mönchengladbach	Tomper Straße	de:05116:23291:0:1	51.207458	6.333626	bus	MATCHED	n284912662	6.6	0.76	Tomper Straße	013	Schwalmtal Hehler	Hehler	LINESTRING(6.333626 51.207458,6.3335717 51.207506800000004)
1144	Mönchengladbach	Tomper Straße	de:05116:23291:0:2	51.207148	6.334587	bus	MATCHED	n284910653	3.2	0.85	Tomper Straße	013,023	Mönchengladbach Hardt Markt	Hardt Markt	LINESTRING(6.334587 51.207148,6.334563500000001 51.207123)
1145	Mönchengladbach	Tonderner Str.	de:05116:23264:0:1	51.211943	6.467619	bus	MATCHED	n1599380462	8.3	0.6	Tonderner Straße	010,SB1	Mönchengladbach Zeppelinstraße	Zeppelinstraße	LINESTRING(6.467619 51.211943,6.4675323 51.2119945)
1146	Mönchengladbach	Tonderner Str.	de:05116:23264:0:2	51.212022	6.467735	bus	MATCHED	n4665493992	7.3	0.62	Tonderner Straße	010,SB1	Mönchengladbach Am Baumhof	Am Baumhof	LINESTRING(6.467735 51.212022,6.4678265 51.2119895)
1147	Mönchengladbach	Trabrennbahn	de:05116:23187:0:1	51.231382	6.488172	bus	MATCHED	n7373517114	6.9	0.74	Trabrennbahn	036	Mönchengl. Am Nordkanal	Am Nordkanal	LINESTRING(6.488172 51.231382,6.488172400000001 51.2314439)
1148	Mönchengladbach	Trabrennbahn	de:05116:23187:0:2	51.231404	6.488136	bus	MATCHED	n7373517113	9.4	0.69	Trabrennbahn	036	Mönchengladbach Abtshof	Abtshof	LINESTRING(6.488136 51.231404,6.488017500000001 51.231443500000005)
1149	Mönchengladbach	Trompeterallee	de:05116:23159:0:1	51.131632	6.41442	bus	MATCHED	n4655157194	4.7	0.79	Trompeterallee	006,016,026	Mönchengladb. Wickrath Markt / Mönchengladb. Wickrath Markt / Mönchengladb. Wickrath Markt	Wickrath Markt	LINESTRING(6.41442 51.131632,6.4143663 51.1316068)
1150	Mönchengladbach	Trompeterallee	de:05116:23159:0:2	51.13166	6.41442	bus	MATCHED	n3358582073	7.3	0.73	Trompeterallee	006,016,NE6	Mönchengladbach Wickrath Bf / Mönchengladbach Am Kauert	Am Kauert / Wickrath Bf	LINESTRING(6.41442 51.13166,6.4145168 51.1316847)
1151	Mönchengladbach	Turmstraße	de:05116:23142:0:1	51.189743	6.42529	bus	MATCHED	n4692286989	31.0	0.48	Turmstraße	017	Mönchengl. Landgrafenstraße	Landgrafenstraße	LINESTRING(6.42529 51.189743,6.4248722 51.189649300000006)
1152	Mönchengladbach	Turmstraße	de:05116:23142:0:2	51.189997	6.42617	bus	MATCHED	n4692283649	6.2	0.77	Turmstraße	017	Mönchengladbach Geroplatz	Geroplatz	LINESTRING(6.42617 51.189997,6.426196200000001 51.189943500000005)
1153	Mönchengladbach	Uedding Kirche	de:05116:23407:0:1	51.214577	6.482701	bus	MATCHED	w787814762	3.0	0.78	Uedding Kirche	005,007,NE1	Mönchengladbach Dohrweg / Mönchengladbach Dohrweg / Mönchengladbach Nonnenmühle	Dohrweg	LINESTRING(6.482701 51.214577,6.4826855000000005 51.214602250000006)
1154	Mönchengladbach	Uedding Kirche	de:05116:23407:0:2	51.214537	6.48262	bus	MATCHED_THOUGH_REVERSED_DIR	w787814763	5.1	0.6	Uedding Kirche	005	Mönchengladbach Dohrweg	Nonnenmühle	LINESTRING(6.48262 51.214537,6.482633850000001 51.214492050000004)
1155	Mönchengladbach	Uedding Kirche	de:05116:23407:0:3	51.214695	6.482261	bus	MATCHED	n1323453351	11.3	0.67	Uedding Kirche	010	Mönchengladbach Dohrweg	Dohrweg	LINESTRING(6.482261 51.214695,6.4822126 51.214792100000004)
1156	Mönchengladbach	Uedding Kirche	de:05116:23407:0:4	51.21483	6.482324	bus	MATCHED	n1323453356	7.9	0.73	Uedding Kirche	010	Mönchengl. Schonskanterweg	Schonskanterweg	LINESTRING(6.482324 51.21483,6.4824355 51.214817700000005)
1157	Mönchengladbach	Urftstraße	de:05116:23888:0:1	51.165465	6.429629	bus	MATCHED_THOUGH_REVERSED_DIR	n7372572314	3.0	0.71	Urftstraße	020,022	Mönchengladbach Bootstraße	Feldstraße	LINESTRING(6.429629 51.165465,6.4295856 51.165466200000004)
1158	Mönchengladbach	Urftstraße	de:05116:23888:0:2	51.165313	6.429665	bus	MATCHED_THOUGH_REVERSED_DIR	n7371753764	4.8	0.61	Urftstraße	020,022	Mönchengladbach Feldstraße	Bootstraße	LINESTRING(6.429665 51.165313,6.4297323 51.165302800000006)
1159	Mönchengladbach	Venn Kirche	de:05116:23070:0:1	51.202105	6.386725	bus	MATCHED	n287753230	5.4	0.77	Venn Kirche	003	Mönchengl Bertolt-Brecht-Platz	Bertolt-Brecht-Platz	LINESTRING(6.386725 51.202105,6.3866703000000005 51.202139300000006)
1160	Mönchengladbach	Venn Kirche	de:05116:23070:0:2	51.202055	6.386923	bus	MATCHED	n287753232	4.0	0.81	Venn Kirche	003	Mönchengladbach Poether Weg	Poether Weg	LINESTRING(6.386923 51.202055,6.3868969 51.2020234)
1161	Mönchengladbach	Venn Kirche	de:05116:23070:0:3	51.202314	6.388127	bus	MATCHED	n287753234	4.4	0.8	Venn Kirche	008,033	Mönchengladbach Eselsweg	Eselsweg	LINESTRING(6.388127 51.202314,6.3881519 51.20235)
1162	Mönchengladbach	Venn Kirche	de:05116:23070:0:4	51.201481	6.387794	bus	MATCHED	n287753236	5.5	0.77	Venn Kirche	008,033	Mönchengladbach Moosheide	Moosheide	LINESTRING(6.387794 51.201481,6.3877679 51.2015279)
1163	Mönchengladbach	Venn Kirche	de:05116:23070:0:5	51.201762	6.388378	bus	MATCHED	n7643012047	5.6	0.67	Venn Kirche	NE2	Mönchengladbach Poether Weg	Stationsweg	LINESTRING(6.388378 51.201762,6.3883714000000005 51.2017116)
1164	Mönchengladbach	Vitusbad	de:05116:23129:0:1	51.197	6.451305	bus	MATCHED	n445382021	3.4	0.84	Vitusbad	005,006,008,029,031,NE1	Mönchengl Maurus-Ahn-Straße / Mönchengladbach Prinzenstraße	Prinzenstraße / Maurus-Ahn-Straße (029, 031)	LINESTRING(6.451305 51.197,6.451325700000001 51.1969725)
1165	Mönchengladbach	Vitusbad	de:05116:23129:0:2	51.197856	6.450506	bus	MATCHED	n440185892	7.9	0.73	Vitusbad	005,006,008,029,031	MG Hbf /Europaplatz / MG Hbf /Europaplatz / MG Hbf /Europaplatz / MG Hbf /Europaplatz	H 2 / H 15	LINESTRING(6.450506 51.197856,6.4504253 51.197906200000006)
1166	Mönchengladbach	Vitusstraße	de:05116:23505:1:1	51.189586	6.432683	bus	MATCHED	n12051064756	10.2	0.69	Vitusstraße	036	Mönchengladbach Fliethstraße	Fliethstraße	LINESTRING(6.432683 51.189586,6.432768 51.189660800000006)
1167	Mönchengladbach	Vogtsgarten	de:05116:23375:0:1	51.153274	6.365166	bus	MATCHED	n7367202177	18.2	0.58	Vogtsgarten	007,017,NE4	Mönchengl. Rheind.Bahnübergang	Rheindahlen Bahnübergang	LINESTRING(6.365166 51.153274,6.3652272000000005 51.153432800000004)
1168	Mönchengladbach	Vogtsgarten	de:05116:23375:0:2	51.15324	6.365148	bus	MATCHED	n7367202179	85.2	0.32	Vogtsgarten	007,017,NE5	Mönchengladbach Hohe Straße	Hohe Straße	LINESTRING(6.365148 51.15324,6.3656522 51.153937400000004)
1169	Mönchengladbach	Volksbad	de:05116:23120:0:1	51.19512	6.474239	bus	MATCHED	n4795331424	37.1	0.44	Volksbad	005	Mönchengladb. Lürrip S-Bf.	Lürrip S-Bahnhof	LINESTRING(6.474239 51.19512,6.473771800000001 51.1952774)
1170	Mönchengladbach	Volksbad	de:05116:23120:0:2	51.195154	6.47405	bus	MATCHED	n11964181050	33.8	0.46	Volksbad	005	Mönchengladbach Bungt	Bungt	LINESTRING(6.47405 51.195154,6.4735879 51.195243700000006)
1171	Mönchengladbach	Volksbad	de:05116:23120:0:3	51.195215	6.473907	bus	MATCHED	n11964181051	11.7	0.51	Volksbad	005	Mönchengladbach Bungt		LINESTRING(6.473907 51.195215,6.473773 51.1952773)
1172	Mönchengladbach	Volksgartenstraße	de:05116:23132:0:1	51.188927	6.451521	bus	MATCHED	n440184120	6.8	0.75	Volksgartenstraße	005,006,NE3	Mönchengl. Hardterbroich Markt	Hardterbroich Markt	LINESTRING(6.451521 51.188927,6.4514787 51.188871600000006)
1173	Mönchengladbach	Volksgartenstraße	de:05116:23132:0:2	51.190644	6.449104	bus	MATCHED	n2630227499	7.2	0.73	Volksgartenstraße	005,NE1	Mönchengl. Sinn / Mönchengladbach Fliethstraße	Fliethstraße	LINESTRING(6.449104 51.190644,6.449201 51.1906661)
1174	Mönchengladbach	Volksgartenstraße	de:05116:23132:0:3	51.19003	6.450497	bus	MATCHED	n440220413	8.0	0.72	Volksgartenstraße	006	Mönchengladbach Jahnhalle	Jahnhalle	LINESTRING(6.450497 51.19003,6.450584 51.189983500000004)
1175	Mönchengladbach	Voltastraße	de:05116:23213:0:1	51.202415	6.453272	bus	MATCHED	n574333764	15.1	0.62	Voltastraße	007,010,017,036,SB1	MG Hbf /Europaplatz / Mönchengladbach Am Bour	Am Bour / H 11	LINESTRING(6.453272 51.202415,6.453057 51.2024034)
1176	Mönchengladbach	Voltastraße	de:05116:23213:0:2	51.202668	6.453856	bus	MATCHED	n1326040497	9.1	0.71	Voltastraße	007,010,017,NE1,SB1	Mönchengladbach Krefelder Str. / Mönchengladbach Zeppelinstraße / Mönchengladbach Gutenbergstr.	Krefelder Straße / Zeppelinstraße / Gutenbergstraße	LINESTRING(6.453856 51.202668,6.4539644 51.202623100000004)
1177	Mönchengladbach	Voltastraße	de:05116:23213:0:3	51.202651	6.453793		NO_MATCH_AND_SEEMS_UNSERVED								POINT(6.453793 51.202651)
1178	Mönchengladbach	Voosen	de:05116:23082:0:1	51.14969	6.380976	bus	MATCHED	n4609580049	10.1	0.68	Voosen	004,NE4,SB81	Mönchengladbach Stadtwald / Mönchengladbach Günhoven / Mönchengladbach Günhoven	Günhoven / Stadtwald	LINESTRING(6.380976 51.14969,6.3810453 51.149610300000006)
1179	Mönchengladbach	Voosen	de:05116:23082:0:2	51.14969	6.380536	bus	MATCHED	n1106435268	6.1	0.76	Voosen	004,NE5,SB81	Mönchengl Rhdl. Umgehungsstr. / Hilderather Str.	Hilderather Straße / Rheindahlen Umgehungsstraße	LINESTRING(6.380536 51.14969,6.3805185 51.149743900000004)
1180	Mönchengladbach	Vorster Straße	de:05116:23284:0:1	51.197833	6.372074	bus	MATCHED	n285179432	16.6	0.6	Vorster Straße	013,023,NE2	Mönchengladbach Haus Butzen	Haus Butzen	LINESTRING(6.372074 51.197833,6.3718520000000005 51.197887)
1181	Mönchengladbach	Vorster Straße	de:05116:23284:0:2	51.197833	6.371822	bus	MATCHED	n285179436	12.6	0.65	Vorster Straße	013,023	Mönchengladbach Beltinghoven	Beltinghoven	LINESTRING(6.371822 51.197833,6.371957800000001 51.197757900000006)
1182	Mönchengladbach	Vossenbäumchen	de:05116:23288:0:1	51.199488	6.351278	bus	MATCHED	n284932926	10.9	0.67	Vossenbäumchen	013,NE2	Mönchengl Hardt Verwaltungsst.	Hardt Verwaltungsstelle	LINESTRING(6.351278 51.199488,6.351235 51.199581900000005)
1183	Mönchengladbach	Vossenbäumchen	de:05116:23288:0:2	51.199347	6.35205	bus	MATCHED	n1720969879	11.1	0.67	Vossenbäumchen	013	Mönchengl. Louise-Gueury-Str.	Louise-Gueury-Straße	LINESTRING(6.35205 51.199347,6.3521654000000005 51.199279100000005)
1184	Mönchengladbach	Waater Straße	de:05116:23463:0:1	51.153403	6.491029		NO_MATCH_AND_SEEMS_UNSERVED								POINT(6.491029 51.153403)
1185	Mönchengladbach	Waater Straße	de:05116:23463:0:2	51.153426	6.491109		NO_MATCH_AND_SEEMS_UNSERVED								POINT(6.491109 51.153426)
1186	Mönchengladbach	Waater Straße	de:05116:23463:1:1	51.152913	6.489663	bus	MATCHED	n7371570565	18.5	0.58	Waater Straße	014,NE3	Mönchengl. Schelsen Kirche / Mönchengl. Konstantinplatz	Schelsen Kirche / Konstantinplatz	LINESTRING(6.489663 51.152913,6.489422800000001 51.1528435)
1187	Mönchengladbach	Waater Straße	de:05116:23463:1:2	51.152868	6.489492	bus	MATCHED	n7371491582	25.7	0.52	Waater Straße	014	Mönchengladbach Eberhardstraße	Eberhardstraße	LINESTRING(6.489492 51.152868,6.489819000000001 51.1529728)
1188	Mönchengladbach	Waldesrand	de:05116:23086:0:1	51.154333	6.399661	bus	MATCHED	n7363116536	5.8	0.78	Waldesrand	004	Mönchengl. Abzw. Genhülsen	Abzweig Genhülsen	LINESTRING(6.399661 51.154333,6.399669500000001 51.154281000000005)
1189	Mönchengladbach	Waldesrand	de:05116:23086:0:2	51.154322	6.399463	bus	MATCHED	n7363116539	3.5	0.84	Waldesrand	004	Mönchengl Genhülsen Kapelle	Genhülsen Kapelle	LINESTRING(6.399463 51.154322,6.3994394 51.154349700000004)
1190	Mönchengladbach	Waldhausen Kirche	de:05116:23281:0:1	51.195334	6.412965	bus	MATCHED	n285179496	10.3	0.68	Waldhausen Kirche	013,023,SB83	Mönchengladbach Hensenweg / Mönchengladbach Ostmarkstraße / Mönchengladbach Hardt Markt	Ostmarkstraße / Hardt Markt	LINESTRING(6.412965 51.195334,6.4128188 51.1953456)
1191	Mönchengladbach	Waldhausen Kirche	de:05116:23281:0:2	51.195142	6.412228	bus	MATCHED	n285179501	1.3	0.92	Waldhausen Kirche	013,023,SB83	Mönchengl Waldnieler Straße / Mönchengl. Burggrafenstraße	Burggrafenstraße / Waldnieler Straße	LINESTRING(6.412228 51.195142,6.412212200000001 51.195147500000004)
1192	Mönchengladbach	Waldhausen Kirche	de:05116:23281:0:3	51.194703	6.411132	bus	MATCHED	n7373428314	37.6	0.44	Waldhausen Kirche	035	Mönchengladbach Nicodemstraße	Nicodemstraße	LINESTRING(6.411132 51.194703,6.4107583 51.19445940000001)
1193	Mönchengladbach	Waldhausen Kirche	de:05116:23281:0:4	51.194619	6.410701	bus	MATCHED	n7373391972	8.4	0.71	Waldhausen Kirche	035	Mönchengladbach, Holter Sportstätten	Holter Sportstätten	LINESTRING(6.410701 51.194619,6.4107004000000005 51.19469470000001)
1194	Mönchengladbach	Waldhausener Höhe	de:05116:23361:0:1	51.192057	6.415283	bus	MATCHED	n4675033841	5.5	0.78	Waldhausener Höhe	015,025,NE4	Mönchengladbach Zur Schmiede / Mönchengladbach Zur Schmiede	Zur Schmiede	LINESTRING(6.415283 51.192057,6.4152624000000005 51.192105100000006)
1195	Mönchengladbach	Waldhausener Höhe	de:05116:23361:0:2	51.192964	6.415777	bus	MATCHED	n4675033840	4.6	0.81	Waldhausener Höhe	015,025	Mönchengl. Burggrafenstraße	Burggrafenstraße	LINESTRING(6.415777 51.192964,6.415838000000001 51.1929797)
1196	Mönchengladbach	Wanlo Kirche	de:05116:23147:0:1	51.096476	6.413459	bus	MATCHED	n6438178826	5.1	0.79	Wanlo Kirche	006,016,NE6	Mönchengladbach Wanlo Markt	Wanlo Markt	LINESTRING(6.413459 51.096476,6.413394500000001 51.0964552)
1197	Mönchengladbach	Wanlo Kirche	de:05116:23147:0:2	51.096437	6.413486	bus	MATCHED	n6438178827	4.5	0.81	Wanlo Kirche	006,016,NE6	Mönchengl Auf der Steinbrücke	Auf der Steinbrücke	LINESTRING(6.413486 51.096437,6.4135415 51.0964565)
1198	Mönchengladbach	Wanlo Kreuz	de:05116:23149:1:1	51.101519	6.416675	bus	MATCHED	n7366235283	6.0	0.77	Wanlo Kreuz	006,016,NE6	Mönchengl Auf der Steinbrücke	Auf der Steinbrücke	LINESTRING(6.416675 51.101519,6.41659 51.1015267)
1199	Mönchengladbach	Wanlo Kreuz	de:05116:23149:1:2	51.101536	6.416711	bus	MATCHED	n7366235282	3.9	0.83	Wanlo Kreuz	006,016,NE6	Mönchengladbach Sandgrube	Sandgrube	LINESTRING(6.416711 51.101536,6.4167481 51.1015102)
1200	Mönchengladbach	Wanlo Markt	de:05116:23146:0:1	51.094851	6.41327	bus	MATCHED	n4655156903	6.2	0.65	Wanlo Markt	006,016,NE6	Mönchengladbach Wanlo Kirche	Niersstraße / Wanlo Kirche	LINESTRING(6.41327 51.094851,6.4132743 51.094795600000005)
1201	Mönchengladbach	Wasserturm	de:05116:23267:0:1	51.20094	6.426251	bus	MATCHED	n4093292105	7.4	0.73	Wasserturm	008,010,NE2	Mönchengladbach Marktfeldstr.	Marktfeldenstraße	LINESTRING(6.426251 51.20094,6.4263406000000005 51.2009751)
1202	Mönchengladbach	Wasserturm	de:05116:23267:0:2	51.201059	6.425721	bus	MATCHED	n2352695722	5.0	0.78	Wasserturm	008,010	Mönchengl Krankenhaus Bethesda	Krankenhaus Bethesda	LINESTRING(6.425721 51.201059,6.425663 51.2010324)
1203	Mönchengladbach	Wasserturm	de:05116:23267:0:3	51.201199	6.426907	bus	MATCHED_THOUGH_REVERSED_DIR	n436128659	12.4	0.38	Wasserturm	019	Mönchengladbach Lochnerallee	Krankenhaus Bethesda	LINESTRING(6.426907 51.201199,6.426737800000001 51.2011647)
1204	Mönchengladbach	Wasserturm	de:05116:23267:0:4	51.201599	6.426826	bus	MATCHED_THOUGH_REVERSED_DIR	n4093292106	3.9	0.64	Wasserturm	005,019	Mönchengl Krankenhaus Bethesda	Lochnerallee	LINESTRING(6.426826 51.201599,6.426881300000001 51.2016057)
1205	Mönchengladbach	Weberstraße	de:05116:23618:0:1	51.217666	6.464681	bus	MATCHED_THOUGH_REVERSED_DIR	n7365469307	5.8	0.56	Weberstraße	005	Mönchengladbach, Nespelerstraße	Am Baumhof	LINESTRING(6.464681 51.217666,6.4646694 51.217614600000005)
1206	Mönchengladbach	Weberstraße	de:05116:23618:0:2	51.21775	6.464591	bus	MATCHED_THOUGH_REVERSED_DIR	n7365469309	3.1	0.68	Weberstraße	005	Mönchengladbach Am Baumhof	Nespelerstraße	LINESTRING(6.464591 51.21775,6.4645494 51.2177608)
1207	Mönchengladbach	Webschulstraße	de:05116:23426:0:1	51.17985	6.44464	bus	MATCHED	n1532721138	6.2	0.77	Webschulstraße	019,097,NE3,NE4,SB4	Mönchengladbach Hermges	Hermges	LINESTRING(6.44464 51.17985,6.4446725 51.179797900000004)
1208	Mönchengladbach	Webschulstraße	de:05116:23426:0:2	51.180458	6.44419	bus	MATCHED	n4785887259	9.0	0.71	Webschulstraße	019,097,NE5,SB4	Mönchengladbach Rathaus Rheydt / Mönchengladbach Steubenstraße / Mönchengladbach Am Gerstacker / Mönchengladbach Breite Straße	Breite Straße / Rathaus Rheydt / Steubenstraße / Am Gerstacker	LINESTRING(6.44419 51.180458,6.4441201 51.180390300000006)
1209	Mönchengladbach	Weg n. Trimpelshütte	de:05116:23462:0:1	51.150716	6.472685	bus	MATCHED	n2358284195	5.8	0.71	Weg nach Trimpelshütte	014,020,022,NE3	Mönchengladbach Kruchenstraße	Kruchenstraße	LINESTRING(6.472685 51.150716,6.4727072 51.1506659)
1210	Mönchengladbach	Weg n. Trimpelshütte	de:05116:23462:0:2	51.150704	6.472595	bus	MATCHED	n2358285209	5.8	0.71	Weg nach Trimpelshütte	014,020,022	Mönchengladbach Römerbrunnen	Römerbrunnen	LINESTRING(6.472595 51.150704,6.472559100000001 51.150751)
1211	Mönchengladbach	Weg nach Herdt	de:05116:23494:0:1	51.177108	6.34145	bus	MATCHED	n7512726944	158.4	0.24	Weg nach Herdt	026	Mönchengl. Koch Tankstelle	Koch Tankstelle	LINESTRING(6.34145 51.177108,6.3413241000000005 51.1785292)
1212	Mönchengladbach	Weg nach Herdt	de:05116:23494:0:2	51.176944	6.341459	bus	MATCHED	n7512726947	11.0	0.67	Weg nach Herdt	026	Mönchengladbach Herdter Hof		LINESTRING(6.341459 51.176944,6.3415441 51.177026700000006)
1213	Mönchengladbach	Weg nach Peel	de:05116:23527:0:1	51.168321	6.328658	bus	MATCHED	n7512726921	79.5	0.17	Weg nach Peel	025,026,AST	Mönchengladbach Buhsen / Mönchengladbach Genhodder	Genhodder	LINESTRING(6.328658 51.168321,6.329604000000001 51.16871750000001)
1214	Mönchengladbach	Weg nach Peel	de:05116:23527:0:2	51.168175	6.328272	bus	MATCHED	n7512726923	89.3	0.31	Weg nach Peel	025,026	Mönchengladbach Buhsen	Buhsen	LINESTRING(6.328272 51.168175,6.329389000000001 51.1685643)
1215	Mönchengladbach	Weg nach Woof	de:05116:23530:0:1	51.158857	6.337129	bus	MATCHED_THOUGH_DISTANT	n7512726909	206.5	0.21	Weg nach Woof	025,026,027	Mönchengl. Broich Kapellchen	Broich Kapellchen	LINESTRING(6.337129 51.158857,6.3398051 51.1580731)
1216	Mönchengladbach	Weg nach Woof	de:05116:23530:0:2	51.158795	6.337318	bus	MATCHED	n7512726911	177.7	0.22	Weg nach Woof	025,026	Mönchengladbach Broich Schule	Broich Schule	LINESTRING(6.337318 51.158795,6.3396765 51.158201700000006)
1217	Mönchengladbach	Weg zum Nordpark	de:05116:23193:0:1	51.183938	6.3881	bus	MATCHED	n7348436808	7.2	0.73	Weg zum Nordpark	015,025,NE4	Mönchengladbach Rönneterweg	Rönneterweg	LINESTRING(6.3881 51.183938,6.3880813000000005 51.184001300000006)
1218	Mönchengladbach	Weg zum Nordpark	de:05116:23193:0:2	51.18395	6.387956	bus	MATCHED	n7348436810	6.4	0.75	Weg zum Nordpark	015,025	Mönchengladbach Holt Friedhof	Holt Friedhof	LINESTRING(6.387956 51.18395,6.388010100000001 51.183903400000005)
1219	Mönchengladbach	Weg zur Waldesruh	de:05116:23459:0:1	51.159347	6.479036	bus	MATCHED	n7363116612	10.4	0.68	Weg zur Waldesruh	004	Mönchengl. Am Sternenfeld	Am Sternenfeld	LINESTRING(6.479036 51.159347,6.4791081 51.159265600000005)
1220	Mönchengladbach	Weg zur Waldesruh	de:05116:23459:0:2	51.158953	6.479898	bus	MATCHED	n7363116609	10.2	0.69	Weg zur Waldesruh	004,NE3	Mönchengladbach Körschgenstr.	Körschgenstraße	LINESTRING(6.479898 51.158953,6.4798207 51.1590306)
1221	Mönchengladbach	Wehresbäumchen	de:05116:23481:0:1	51.197422	6.351718	bus	MATCHED	n285057818	5.7	0.78	Wehresbäumchen	015,023	Mönchengl. Karrenweg	Karrenweg	LINESTRING(6.351718 51.197422,6.351652700000001 51.197453100000004)
1222	Mönchengladbach	Wehresbäumchen	de:05116:23481:0:2	51.197056	6.353541	bus	MATCHED	n285059840	5.1	0.79	Wehresbäumchen	015,023,NE2	Mönchengl. Hardterwald Klinik / Mönchengl. Louise-Gueury-Str.	Louise-Gueury-Straße / Hardterwald Klinik	LINESTRING(6.353541 51.197056,6.353552700000001 51.197011)
1223	Mönchengladbach	Weststraße	de:05116:23215:0:1	51.190351	6.421634	bus	MATCHED	n365562314	7.2	0.74	Weststraße	007	Mönchengladbach Karstraße	Karstraße	LINESTRING(6.421634 51.190351,6.4215311 51.1903524)
1224	Mönchengladbach	Weststraße	de:05116:23215:0:2	51.190532	6.421912	bus	MATCHED	n365562319	5.7	0.78	Weststraße	007,NE5	Mönchengl Waldnieler Straße	Waldnieler Straße	LINESTRING(6.421912 51.190532,6.421992800000001 51.190526600000005)
1225	Mönchengladbach	Wetschewell	de:05116:23567:0:1	51.131666	6.429476	bus	MATCHED_THOUGH_REVERSED_DIR	n4819713642	4.0	0.65	Wetschewell	026	Mönchengl Wetschewell Hoven	Wilhelmshöhe	LINESTRING(6.429476 51.131666,6.4294818000000005 51.131702100000005)
1226	Mönchengladbach	Wetschewell	de:05116:23567:0:2	51.131615	6.429368	bus	MATCHED_THOUGH_REVERSED_DIR	n4819713640	4.1	0.65	Wetschewell	026,NE6	Mönchengladbach Wilhelmshöhe	Wetschewell Hoven	LINESTRING(6.429368 51.131615,6.4293643000000005 51.1315785)
1227	Mönchengladbach	Wickrath Bahnhof	de:05116:23860:1:1	51.131632	6.409758	bus	MATCHED	w337356826	9.1	0.64	Wickrath Bf	016,026,AST	Mönchengladbach Herrath Bf / Mönchengladbach Trompeterallee / MG Rheydt Hbf / Mönchengladb. Wickrath Markt	Sandstraße / Trompeterallee	LINESTRING(6.409758 51.131632,6.409627909063351 51.13162792593721)
1228	Mönchengladbach	Wickrath Bahnhof	de:05116:23860:1:2	51.131824	6.409291	bus	MATCHED	w337356827	2.3	0.8	Wickrath Bf	016	Mönchengladbach Orffstraße	Schumannstraße / Hompeschstraße	LINESTRING(6.409291 51.131824,6.409286819663395 51.131844862603984)
1229	Mönchengladbach	Wickrath Bahnhof	de:05116:23860:2:3	51.131919	6.408015	bus	MATCHED_THOUGH_NAMES_DIFFER	n12462924040	7.1	0.28	DB Ersatzverkehr	026	Mönchengladbach Sandstraße		LINESTRING(6.408015 51.131919,6.4079207 51.131896000000005)
1230	Mönchengladbach	Wickrath Bahnhof	de:05116:23860:2:4	51.13201	6.408069	bus	MATCHED_THOUGH_NAMES_DIFFER	n12463228581	6.4	0.29	DB Ersatzverkehr	026	Mönchengladbach Orffstraße / Mönchengladbach Hompeschstraße		LINESTRING(6.408069 51.13201,6.4081213 51.1319632)
1231	Mönchengladbach	Wickrath Bahnhof	de:05116:23860:89:1	51.13166	6.409686		NO_MATCH_AND_SEEMS_UNSERVED								POINT(6.409686 51.13166)
1232	Mönchengladbach	Wickrath Bahnhof	de:05116:23860:89:2	51.131795	6.409336		NO_MATCH_AND_SEEMS_UNSERVED								POINT(6.409336 51.131795)
1233	Mönchengladbach	Wickrath Bahnhof	de:05116:23860:90:1	51.132996	6.411824	train	MATCHED	n150899633	0.9	0.6	Wickrath	RB33,RE4	MG Rheydt Hbf	Rheydt Hauptbahnhof	LINESTRING(6.411824 51.132996,6.4118212 51.1329883)
1234	Mönchengladbach	Wickrath Bahnhof	de:05116:23860:91:2	51.133013	6.411716	train	MATCHED	n1450277018	38.9	0.18	Wickrath	RB33,RE4	Mönchengladbach Herrath Bf / Erkelenz, Bf	Herrath	LINESTRING(6.411716 51.133013,6.4114304 51.1327135)
1235	Mönchengladbach	Wickrath Markt	de:05116:23158:1:1	51.128977	6.41274	bus	MATCHED	w335773073	6.4	0.75	Wickrath Markt	006,016,SB1	Mönchengl. Schlossbad Ndrh. / Mönchengladbach NEW Kunstwerk / Mönchengl. Schlossbad Ndrh.	Schlossbad Ndrh.	LINESTRING(6.41274 51.128977,6.412648000000001 51.128974400000004)
1236	Mönchengladbach	Wickrath Markt	de:05116:23158:1:2	51.12918	6.412857	bus	MATCHED	w335773074	12.0	0.65	Wickrath Markt	016,AST,NE6	Mönchengladbach Hompeschstraße / Mönchengladbach NEW Kunstwerk / Mönchengl. Wickrathhahner Str. / Mönchengl. Am Klingelsberg	Wickrathhahner Straße / NEW Kunstwerk	LINESTRING(6.412857 51.12918,6.412726800000001 51.129110250000004)
1237	Mönchengladbach	Wickrath Markt	de:05116:23158:1:3	51.129298	6.412902	bus	MATCHED	w335773075	7.1	0.74	Wickrath Markt	026,AST	Mönchengl. Am Klingelsberg / Mönchengl. Wickrathhahner Str.	Wickrathhahner Straße / Am Klingelsberg / NEW Kunstwerk	LINESTRING(6.412902 51.129298,6.4128004 51.129297199999996)
1238	Mönchengladbach	Wickrath Markt	de:05116:23158:1:4	51.129095	6.412839	bus	MATCHED	w335773076	19.2	0.4	Wickrath Markt	006,016,026,NE6,SB1	Mönchengladbach Am Ringofen / Mönchengladbach Rossweide / Mönchengladbach Trompeterallee	Trompeterallee / Am Ringofen / Rossweide	LINESTRING(6.412839 51.129095,6.412826131444776 51.1289222808212)
1239	Mönchengladbach	Wickrath Otten	de:05116:23548:0:1	51.135335	6.398574	bus	MATCHED_THOUGH_NAMES_DIFFER	n3433812551	5.2	0.46	Otten	026,AST	Mönchengladbach Hompeschstraße / Mönchengladbach Hompeschstraße	Hompeschstraße	LINESTRING(6.398574 51.135335,6.3986225 51.135299700000004)
1240	Mönchengladbach	Wickrath Otten	de:05116:23548:0:2	51.135319	6.397289	bus	MATCHED_THOUGH_NAMES_DIFFER	n3433812550	4.8	0.46	Otten	026,AST	Mönchengl. Mennrath Eckartz	Mennrath Eckartz	LINESTRING(6.397289 51.135319,6.3972935 51.135362)
1241	Mönchengladbach	Wickrath Siedlung	de:05116:23384:0:1	51.126152	6.404251	bus	MATCHED	n7369592517	4.3	0.72	Wickrath Siedlung	016,NE6	Mönchengladbach Dahler Weg / Mönchengladbach Sandstraße	Dahler Weg	LINESTRING(6.404251 51.126152,6.404189400000001 51.1261523)
1242	Mönchengladbach	Wickrath Siedlung	de:05116:23384:0:2	51.126293	6.404422	bus	MATCHED	n7370025611	4.1	0.82	Wickrath Siedlung	016,AST	Mönchengladbach Sandstraße	Sandstraße	LINESTRING(6.404422 51.126293,6.404469000000001 51.1262716)
1243	Mönchengladbach	Wickrathhahner Str.	de:05116:23387:0:1	51.128345	6.408267	bus	MATCHED	n3433812548	13.5	0.57	Wickrathhahner Straße	016,026	Mönchengladbach Sandstraße / Mönchengladbach Sandstraße	Sandstraße	LINESTRING(6.408267 51.128345,6.4081009 51.1284068)
1244	Mönchengladbach	Wickrathhahner Str.	de:05116:23387:0:2	51.128351	6.408177	bus	MATCHED	n3433812547	8.8	0.64	Wickrathhahner Straße	016,026,AST,NE6	Mönchengladb. Wickrath Markt / Mönchengladb. Wickrath Markt	Wickrath Markt	LINESTRING(6.408177 51.128351,6.4082699000000005 51.128298300000004)
1245	Mönchengladbach	Wilhelmshöhe	de:05116:23566:0:1	51.132134	6.424149	bus	MATCHED	n7512726781	7.1	0.74	Wilhelmshöhe	026	Mönchengladbach Wetschewell	Wetschewell / Marienplatz	LINESTRING(6.424149 51.132134,6.4241994 51.132078400000005)
1246	Mönchengladbach	Wilhelmshöhe	de:05116:23566:0:2	51.132072	6.424751	bus	MATCHED	n7512726779	12.2	0.65	Wilhelmshöhe	026,NE6	Mönchengladbach Rossweide	Rossweide	LINESTRING(6.424751 51.132072,6.4246429 51.1321585)
1247	Mönchengladbach	Willicher Damm	de:05116:23199:0:1	51.209028	6.472999	bus	MATCHED	n7373428294	8.6	0.71	Willicher Damm	035	Mönchengl. Lehmkuhlenweg	Lehmkuhlenweg	LINESTRING(6.472999 51.209028,6.472997100000001 51.209105)
1248	Mönchengladbach	Willicher Damm	de:05116:23199:0:2	51.209158	6.473188	bus	MATCHED	n7373428296	7.6	0.72	Willicher Damm	035	Mönchengl. Jakobshöhe	Jakobshöhe	LINESTRING(6.473188 51.209158,6.473297100000001 51.2091592)
1249	Mönchengladbach	Wilms	de:05116:23420:0:1	51.159984	6.500937	bus	MATCHED	n7363116565	6.4	0.76	Wilms	004	Mönchengladbach Erftstraße	Erftstraße	LINESTRING(6.500937 51.159984,6.500948 51.159927200000006)
1250	Mönchengladbach	Wilms	de:05116:23420:0:2	51.160114	6.50047	bus	MATCHED	n7363116568	7.2	0.74	Wilms	004	Mönchengladbach Flören	Flören	LINESTRING(6.50047 51.160114,6.500412900000001 51.1601675)
1251	Mönchengladbach	Windmühlenweg	de:05116:23278:0:1	51.203259	6.404269	bus	MATCHED	n287753270	5.5	0.78	Windmühlenweg	010	Mönchengladbach Hamern	Hamern	LINESTRING(6.404269 51.203259,6.4042919000000005 51.203306500000004)
1252	Mönchengladbach	Winkeln Kreuz	de:05116:23077:0:1	51.206254	6.372137	bus	MATCHED	n338635216	9.7	0.56	Winkeln Kreuz	003	Mönchengl Bertolt-Brecht-Platz	Bertolt-Brecht-Platz	LINESTRING(6.372137 51.206254,6.3720495 51.2061859)
1253	Mönchengladbach	Wolfsittard	de:05116:23372:0:1	51.173892	6.373143	bus	MATCHED_THOUGH_REVERSED_DIR	n7368868003	5.1	0.6	Wolfsittard	025,NE4	Mönchengl. Wolfsittard Hoven	Heiligenpesch	LINESTRING(6.373143 51.173892,6.3732126000000004 51.1739041)
1254	Mönchengladbach	Wolfsittard	de:05116:23372:0:2	51.174162	6.372999	bus	MATCHED_THOUGH_REVERSED_DIR	n7368839689	7.8	0.5	Wolfsittard	025	Mönchengladbach Heiligenpesch	Wolfsittard Hoven	LINESTRING(6.372999 51.174162,6.3728897 51.1741479)
1255	Mönchengladbach	Wolfsittard Hoven	de:05116:23373:0:1	51.169251	6.376053	bus	MATCHED	n7368839688	5.9	0.77	Wolfsittard Hoven	025,NE4	Mönchengladbach Dorthausen	Dorthausen	LINESTRING(6.376053 51.169251,6.3759939 51.169213000000006)
1256	Mönchengladbach	Wolfsittard Hoven	de:05116:23373:0:2	51.169228	6.37608	bus	MATCHED	n7368868006	7.9	0.73	Wolfsittard Hoven	025	Mönchengladbach Wolfsittard	Wolfsittard	LINESTRING(6.37608 51.169228,6.3761912 51.169215900000005)
1257	Mönchengladbach	Woof	de:05116:23537:0:1	51.152986	6.324984	bus	MATCHED	n2380108811	11.2	0.67	Woof	026,027,AST	Mönchengladbach Rochusstraße	Weg nach Woof	LINESTRING(6.324984 51.152986,6.3249763 51.1528858)
1258	Mönchengladbach	Worringer Str.	de:05116:23468:0:2	51.163606	6.485261	bus	MATCHED	n4706660803	117.5	0.23	Worringer Straße	020,021,022	Mönchengl. Zoppenbroicher Str.	Zoppenbroicher Straße	LINESTRING(6.485261 51.163606,6.486001000000001 51.1645545)
1259	Mönchengladbach	Wyenhütte	de:05116:23532:0:1	51.154542	6.349715	bus	MATCHED_THOUGH_REVERSED_DIR	n7512726903	6.1	0.56	Wyenhütte	025,026,027	Mönchengladbach Görresstraße	Broich Kapellchen	LINESTRING(6.349715 51.154542,6.3497439 51.1545934)
1260	Mönchengladbach	Wyenhütte	de:05116:23532:0:2	51.15444	6.35002	bus	MATCHED_THOUGH_REVERSED_DIR	n7512726901	5.9	0.57	Wyenhütte	025,026	Mönchengl. Broich Kapellchen	Görresstraße	LINESTRING(6.35002 51.15444,6.3500264 51.154386800000005)
1261	Mönchengladbach	Zedernstraße	de:05116:23512:0:1	51.171363	6.428614	bus	MATCHED_THOUGH_REVERSED_DIR	n1214461174	4.9	0.61	Zedernstraße	014,024	Mönchengladbach Akazienstraße / Mönchengladbach Akazienstraße	Erlenstraße / Oberlinstraße	LINESTRING(6.428614 51.171363,6.4285535000000005 51.1713846)
1262	Mönchengladbach	Zeppelinstraße	de:05116:23265:0:1	51.208094	6.461851	bus	MATCHED	n3828370994	58.3	0.37	Zeppelinstraße	010,SB1	Mönchengladbach Voltastraße / Mönchengladbach Krefelder Str.	Krefelder Straße / Voltastraße	LINESTRING(6.461851 51.208094,6.4612005 51.207765200000004)
1263	Mönchengladbach	Zeppelinstraße	de:05116:23265:0:2	51.208522	6.46248	bus	MATCHED	n3828370993	64.2	0.36	Zeppelinstraße	010,SB1	Mönchengladbach Tonderner Str.	Tonderner Straße	LINESTRING(6.46248 51.208522,6.4619495 51.2080513)
1264	Mönchengladbach	Ziegelgrund	de:05116:23238:0:1	51.181066	6.421625	bus	MATCHED	n4661001719	4.8	1.0	Ziegelgrund	009,014	Mönchengladbach Entenweide	Entenweide	LINESTRING(6.421625 51.181066,6.421561100000001 51.181082800000006)
1265	Mönchengladbach	Zoppenbroich	de:05116:23100:0:1	51.166536	6.470817	bus	MATCHED	n4653910581	4.4	0.81	Zoppenbroich	004	Mönchengladbach Bahner	Bahner	LINESTRING(6.470817 51.166536,6.470756700000001 51.1665238)
1266	Mönchengladbach	Zoppenbroich	de:05116:23100:0:2	51.166434	6.471221	bus	MATCHED	n960187285	4.2	0.82	Zoppenbroich	004,NE3	Mönchengladbach Niersbrücke / Mönchengladbach Druckerstraße	Niersbrücke / Druckerstraße	LINESTRING(6.471221 51.166434,6.471280500000001 51.166426900000005)
1267	Mönchengladbach	Zoppenbroicher Str.	de:05116:23467:0:1	51.161759	6.484192	bus	MATCHED	n4697315998	7.3	0.65	Zoppenbroicher Straße	020,021,022	Möncheng Puffkohlen Sportplatz	Ruckes / Puffkohlen Sportplatz	LINESTRING(6.484192 51.161759,6.4842924 51.161776200000006)
1268	Mönchengladbach	Zoppenbroicher Str.	de:05116:23467:0:2	51.161376	6.484094	bus	MATCHED	n4697315999	4.3	0.71	Zoppenbroicher Straße	020,021,022	Mönchengl. Am Sternenfeld	Am Sternenfeld	LINESTRING(6.484094 51.161376,6.4840336 51.1613691)
1269	Mönchengladbach	Zur Schmiede	de:05116:23362:0:1	51.190211	6.413145	bus	MATCHED	n4675033838	7.6	0.74	Zur Schmiede	015,025	Mönchengl. Hehner Str. Brücke	Hehner Straße Brücke	LINESTRING(6.413145 51.190211,6.4131865 51.190273700000006)
1270	Mönchengladbach	Zur Schmiede	de:05116:23362:0:2	51.190278	6.413342	bus	MATCHED	n7369300092	99.9	0.14	Zur Schmiede	015,025,NE4	Mönchengl. Hehner Str. Brücke / Mönchengl. Waldhausener Höhe	Waldhausener Höhe	LINESTRING(6.413342 51.190278,6.4144442 51.190850100000006)
