	Ortsteil	Haltestelle	globaleID	lat	lon	mode	match_state	osm_id	distance	rating	osm_name	routes	official_direction	osm_direction	WKT
0	Ahlden (Aller)	Denkmal	de:03358:1046::1	52.760289	9.545388	bus	MATCHED	n11778971402	14.4	0.47	Ahlden, Denkmal	554,602	Ahlden(Aller) Hastra		LINESTRING(9.545388 52.760289,9.5452107 52.760217700000005)
1	Ahlden (Aller)	Denkmal	de:03358:1046::2	52.760275	9.545218	bus	MATCHED	n2998171338	3.9	0.74	Ahlden, Denkmal	554,602	Ahlden(Aller) Neue Straße / Ahlden(Aller) Neue Straße / Hodenhagen Allerstraße / Ahlden(Aller) Schule		LINESTRING(9.545218 52.760275,9.545196800000001 52.760308)
2	Ahlden (Aller)	Eilte Albert-Borchert-Straße	de:03358:23209::1	52.76031	9.4968	bus	MATCHED	n11778993378	58.0	0.21	Eilte, Albert-Borchert-Straße	554,602	Eilte Süd / Eilte Süd		LINESTRING(9.4968 52.76031,9.4976579 52.7603378)
3	Ahlden (Aller)	Eilte Albert-Borchert-Straße	de:03358:23209::2	52.760184	9.496683	bus	MATCHED	n2998171347	67.1	0.19	Eilte, Albert-Borchert-Straße	554,602	Ahlden(Aller) Hastra		LINESTRING(9.496683 52.760184,9.4976708 52.7602528)
4	Ahlden (Aller)	Eilte Mühlenhof	de:03358:23210::1	52.756551	9.481993	bus	NO_MATCH_BUT_OTHER_PLATFORM_MATCHED					554	Eilte Süd		POINT(9.481993 52.756551)
5	Ahlden (Aller)	Eilte Mühlenhof	de:03358:23210::2	52.756548	9.481974	bus	MATCHED	n3005522260	19.1	0.41	Eilte, Mühlenhof	554	Bosse Abzw. L 157		LINESTRING(9.481974 52.756548,9.481764 52.756663200000006)
6	Ahlden (Aller)	Eilte Süd	de:03358:23211::1	52.755762	9.49176	bus	MATCHED	n2998171339	43.5	0.25	Eilte, Süd	554	Eilte Mühlenhof		LINESTRING(9.49176 52.755762,9.4917914 52.755371700000005)
7	Ahlden (Aller)	Eilte Süd	de:03358:23211::2	52.756551	9.492169	bus	NO_MATCH_BUT_OTHER_PLATFORM_MATCHED					554,602	Eilte Albert-Borchert-Straße / Ahlden(Aller) Neue Straße		POINT(9.492169 52.756551)
8	Ahlden (Aller)	Hastra	de:03358:1047::1	52.761053	9.527357	bus	NO_MATCH					554,602	Eilte Albert-Borchert-Straße / Hodenhagen Allerstraße		POINT(9.527357 52.761053)
9	Ahlden (Aller)	Hastra	de:03358:1047::2	52.76106	9.528779	bus	NO_MATCH					554,602	Ahlden(Aller) Denkmal		POINT(9.528779 52.76106)
10	Ahlden (Aller)	Neue Straße	de:03358:1048::1	52.760167	9.551541	bus	MATCHED	n2998171341	44.1	0.25	Ahlden, Neue Straße	554,600,602	Eilte Albert-Borchert-Straße / Hodenhagen Allerstraße / Hodenhagen Bahnhof / Ahlden(Aller) Twachtweg / Hodenhagen Schulstraße / Ahlden(Aller) Schule / Ahlden(Aller) Hastra		LINESTRING(9.551541 52.760167,9.5509609 52.760350200000005)
11	Ahlden (Aller)	Neue Straße	de:03358:1048::2	52.760238	9.551679	bus	MATCHED	n2125236425	40.1	0.25	Ahlden - Neue Straße	554,600,602	Ahlden(Aller) Denkmal / Hodenhagen Allerstraße / Ahlden(Aller) Schule / Ahlden(Aller) Twachtweg / Ahlden(Aller) Schule		LINESTRING(9.551679 52.760238,9.551785 52.760592300000006)
12	Ahlden (Aller)	Schule	de:03358:1049::1	52.759181	9.546813	bus	MATCHED	n2998171343	19.2	0.41	Ahlden, Schule	554,600,602	Ahlden(Aller) Twachtweg / Ahlden(Aller) Neue Straße / Ahlden(Aller) Neue Straße / Ahlden(Aller) Denkmal		LINESTRING(9.546813 52.759181,9.5468572 52.759351900000006)
13	Ahlden (Aller)	Schule	de:03358:1049::2	52.759171	9.546805	bus	NO_MATCH_BUT_OTHER_PLATFORM_MATCHED					554,600	Ahlden(Aller) Neue Straße		POINT(9.546805 52.759171)
14	Ahlden (Aller)	Twachtweg	de:03358:1050::1	52.757967	9.552554	bus	MATCHED	n7981734678	41.0	0.26	Ahlden, Twachtweg	602	Büchten zur Linde		LINESTRING(9.552554 52.757967,9.5526592 52.757604300000004)
15	Ahlden (Aller)	Twachtweg	de:03358:1050::2	52.757967	9.552554	bus	MATCHED	n7981734679	16.6	0.44	Ahlden, Twachtweg	602	Ahlden(Aller) Denkmal / Ahlden(Aller) Neue Straße / Ahlden(Aller) Schule		LINESTRING(9.552554 52.757967,9.5524755 52.7578259)
16	Bad Fallingbostel	Abzw. Adolphsheide	de:03358:4694::1	52.873823	9.702908	bus	NO_MATCH					450	Bad Fallingbostel Abzw. Düshorner Straße / Bad Fallingbostel Hermann-Löns-Schule / Bad Fallingbostel Kreisverwaltung		POINT(9.702908 52.873823)
17	Bad Fallingbostel	Abzw. Adolphsheide	de:03358:4694::2	52.873815	9.7029	bus	NO_MATCH					450	Bad Fallingbostel Abzw. Klint		POINT(9.7029 52.873815)
18	Bad Fallingbostel	Abzw. Düshorner Straße	de:03358:4700::1	52.857403	9.674327	bus	NO_MATCH					450	Bad Fallingbostel Hermann-Löns-Schule		POINT(9.674327 52.857403)
19	Bad Fallingbostel	Abzw. Düshorner Straße	de:03358:4700::2	52.856804	9.672872	bus	NO_MATCH					450	Bad Fallingbostel Abzw. Adolphsheide / Bad Fallingbostel Kreisverwaltung / Oerbke Gillweg / Lehmhorst		POINT(9.672872 52.856804)
20	Bad Fallingbostel	Abzw. Klint	de:03358:4695::1	52.878147	9.719198		NO_MATCH_AND_SEEMS_UNSERVED								POINT(9.719198 52.878147)
21	Bad Fallingbostel	Abzw. Klint	de:03358:4695::2	52.878167	9.719167		NO_MATCH_AND_SEEMS_UNSERVED								POINT(9.719167 52.878167)
22	Bad Fallingbostel	Abzw. Klint	de:03358:469::1	52.878147	9.719198	bus	MATCHED	n12945375608	21.0	0.3	Klint Abzweigung	450	Bad Fallingbostel Abzw. Adolphsheide / Vierde Wisselhorster Weg		LINESTRING(9.719198 52.878147,9.7191196 52.8779641)
23	Bad Fallingbostel	Abzw. Klint	de:03358:469::2	52.878167	9.719167	bus	MATCHED	n2959073833	43.4	0.25	Bad Fallingbostel, Abzw. Klint	450	Vierde Küddelser Straße		LINESTRING(9.719167 52.878167,9.718641700000001 52.877940800000005)
24	Bad Fallingbostel	Adolphsheide Adolphsheider Straße/Prümm	de:03358:9080340::1	52.88356	9.70846		MATCHED	n9175224933	131.0	0.08	Adolphsheider Straße / Prümm				LINESTRING(9.70846 52.88356,9.7083248 52.882384900000005)
25	Bad Fallingbostel	Adolphsheide Adolphsheider Straße/Prümm	de:03358:9080340::2	52.883581	9.708809		NO_MATCH_AND_SEEMS_UNSERVED								POINT(9.708809 52.883581)
26	Bad Fallingbostel	Adolphsheide Adolphsheider Straße/Prümm	de:03358:908034::1	52.88356	9.70846		MATCHED	n9175224934	128.8	0.08	Adolphsheider Straße / Prümm				LINESTRING(9.70846 52.88356,9.708221100000001 52.8824113)
27	Bad Fallingbostel	Adolphsheide An der Wasserkuhle	de:03358:9080341::1	52.88086	9.70312		MATCHED	n9196544798	7.3	0.46	An der Wasserkuhle				LINESTRING(9.70312 52.88086,9.7032284 52.880855200000006)
28	Bad Fallingbostel	Adolphsheide An der Wasserkuhle	de:03358:9080341::2	52.880757	9.703164		MATCHED	n9196544799	4.3	0.55	An der Wasserkuhle				LINESTRING(9.703164 52.880757,9.7031962 52.8807904)
29	Bad Fallingbostel	Adolphsheide Blumenlage/Gemeindebrunnen	de:03358:9000343::1	52.877808	9.701805		MATCHED	n9196544797	48.0	0.14	Blumenlage / Am Gemeindebrunnen				LINESTRING(9.701805 52.877808,9.701605 52.877393600000005)
30	Bad Fallingbostel	Adolphsheide Blumenlage/Gemeindebrunnen	de:03358:9000343::2	52.877657	9.701898		MATCHED	n9196544796	33.2	0.19	Blumenlage / Am Gemeindebrunnen				LINESTRING(9.701898 52.877657,9.7017243 52.877377300000006)
31	Bad Fallingbostel	Adolphsheide Blumenlage/Gemeindebrunnen	de:03358:900034::1	52.877808	9.701805		NO_MATCH_AND_SEEMS_UNSERVED								POINT(9.701805 52.877808)
32	Bad Fallingbostel	Adolphsheide Bärenkamp	de:03358:9090342::1	52.880674	9.70744		MATCHED	n9175224935	7.7	0.45	Bärenkamp / Adolphsheider Straße				LINESTRING(9.70744 52.880674,9.7073283 52.8806888)
33	Bad Fallingbostel	Adolphsheide Bärenkamp	de:03358:9090342::2	52.88075	9.707344		MATCHED	n9175224936	3.4	0.59	Bärenkamp / Adolphsheider Straße				LINESTRING(9.707344 52.88075,9.7073927 52.880741500000006)
34	Bad Fallingbostel	Adolphsheide Soltauer Straße	de:03358:9000344::1	52.87294	9.700429		MATCHED	n8849235102	53.4	0.11	Soltauer Str. / Abzw. Adolphsheider Str.				LINESTRING(9.700429 52.87294,9.700884700000001 52.8733331)
35	Bad Fallingbostel	Adolphsheide Soltauer Straße	de:03358:9000344::2	52.872965	9.700678		MATCHED	n2959073834	7.2	0.38	Soltauer Str. / Abzw. Adolphsheider Str.				LINESTRING(9.700678 52.872965,9.7007068 52.8729024)
36	Bad Fallingbostel	Am Hamberg	de:03358:9000361::1	52.86639	9.70322		MATCHED_THOUGH_NAMES_DIFFER	n9203478054	18.6	0.11	Scharnhorststraße				LINESTRING(9.70322 52.86639,9.7034926 52.866361600000005)
37	Bad Fallingbostel	Am Hamberg	de:03358:900036::1	52.86639	9.70322		NO_MATCH_AND_SEEMS_UNSERVED								POINT(9.70322 52.86639)
38	Bad Fallingbostel	Am Kreuzberg	de:03358:4696::1	52.865717	9.684978	bus	MATCHED	n9175058365	0.9	0.89	Bad Fallingbostel Am Kreuzberg	511	Bad Fallingbostel Am Wiethop		LINESTRING(9.684978 52.865717,9.684969800000001 52.8657101)
39	Bad Fallingbostel	Am Kreuzberg	de:03358:4696::2	52.865569	9.68484	bus	MATCHED	n2989011258	1.2	0.88	Bad Fallingbostel Am Kreuzberg	511	Bad Fallingbostel Walsroder Straße / Bad Fallingbostel Tietlinger Lönsweg / Bad Fallingbostel Walsroder Straße		LINESTRING(9.68484 52.865569,9.684844 52.865558400000005)
40	Bad Fallingbostel	Am Wiethop	de:03358:4697::1	52.862641	9.68429	bus	MATCHED	n2989023320	12.4	0.5	Bad Fallingbostel Am Wiethop	511	Bad Fallingbostel Kampgartenstraße		LINESTRING(9.68429 52.862641,9.6842179 52.862743200000004)
41	Bad Fallingbostel	Am Wiethop	de:03358:4697::2	52.862553	9.684474	bus	MATCHED	n9180611008	13.6	0.48	Bad Fallingbostel Am Wiethop	511	Bad Fallingbostel Am Kreuzberg		LINESTRING(9.684474 52.862553,9.6844149 52.862669700000005)
42	Bad Fallingbostel	Amtsfelde	de:03358:2883::1	52.94624	9.718349	bus	MATCHED	n2959091679	87.1	0.16	Amtsfelde	450	Riepe(Bad Fallingbostel)		LINESTRING(9.718349 52.94624,9.717669800000001 52.946906600000005)
43	Bad Fallingbostel	Amtsfelde	de:03358:2883::2	52.94624	9.718349	bus	NO_MATCH_BUT_OTHER_PLATFORM_MATCHED					450	Dorfmark Kriegerweg		POINT(9.718349 52.94624)
44	Bad Fallingbostel	Avenriep	de:03358:3911::1	52.943508	9.744664	bus	MATCHED	n12806537147	60.7	0.2	Avenriep	450	Eickhof(Bad Fallingbostel)		LINESTRING(9.744664 52.943508,9.744942400000001 52.94298920000001)
45	Bad Fallingbostel	Avenriep	de:03358:3911::2	52.943058	9.744991	bus	MATCHED	n2959090220	3.1	0.77	Avenriep	450	Bad Fallingbostel-Riepe 14		LINESTRING(9.744991 52.943058,9.745017 52.943080800000004)
46	Bad Fallingbostel	Bad Fallingbostel	de:03358:4693::1	52.862751	9.699577		MATCHED	n249144228	7.4	0.54	Bad Fallingbostel			Dorfmark / Walsrode	LINESTRING(9.699577 52.862751,9.699656300000001 52.8627048)
47	Bad Fallingbostel	Bad Fallingbostel	de:03358:4693::2	52.862788	9.700049		NO_MATCH_AND_SEEMS_UNSERVED								POINT(9.700049 52.862788)
48	Bad Fallingbostel	Bahnhof	de:03358:4698::1	52.863205	9.700821	bus	MATCHED	n9203478065	36.1	0.27	Bahnhof Fallingbostel	450,511	Bad Fallingbostel Goethering		LINESTRING(9.700821 52.863205,9.700324700000001 52.8630823)
49	Bad Fallingbostel	Bahnhof	de:03358:4698::2	52.863201	9.700813	bus	MATCHED	n2960311956	19.7	0.38	Bahnhof Fallingbostel	450,511	Oerbke Gillweg / Bad Fallingbostel Goethering / Bad Fallingbostel Kreisverwaltung		LINESTRING(9.700813 52.863201,9.700521100000001 52.8632104)
50	Bad Fallingbostel	Bahnhofstraße	de:03358:14405::1	52.864566	9.698125		NO_MATCH_AND_SEEMS_UNSERVED								POINT(9.698125 52.864566)
51	Bad Fallingbostel	Bahnhofstraße	de:03358:14405::2	52.864566	9.698135		NO_MATCH_AND_SEEMS_UNSERVED								POINT(9.698135 52.864566)
52	Bad Fallingbostel	Brock(Bad Fallingbostel)	de:03358:15019::1	52.888285	9.745217	bus	MATCHED_THOUGH_OSM_NO_NAME	n12923681126	46.9	0.09		450	Dorfmark Bahnhof / Vierde Küddelser Straße		LINESTRING(9.745217 52.888285,9.745557400000001 52.888652400000005)
53	Bad Fallingbostel	Brock(Bad Fallingbostel)	de:03358:15019::2	52.888273	9.745241	bus	MATCHED	n2959072230	11.2	0.53	Brock (Bad Fallingbostel)	450	Dorfmark Stargarder Straße / Vierde Küddelser Straße		LINESTRING(9.745241 52.888273,9.7454059 52.888283900000005)
54	Bad Fallingbostel	Diekhus	de:03358:20276::1	52.920185	9.75525	bus	MATCHED_THOUGH_DISTANT	n10869252481	363.1	0.05	Diekhus	450	Dorfmark Rieper Straße 25 / Dorfmark Rieper Str. 20		LINESTRING(9.75525 52.920185,9.750572700000001 52.918554)
55	Bad Fallingbostel	Diekhus	de:03358:20276::2	52.920187	9.755248	bus	MATCHED	n2959090217	103.3	0.14	Diekhus	450	Bad Fallingbostel-Riepe 14 / Eickhof(Bad Fallingbostel)		LINESTRING(9.755248 52.920187,9.7547172 52.9210585)
56	Bad Fallingbostel	Dorfmark	de:03358:20977::1	52.898685	9.770712		MATCHED	n4551524472	44.9	0.18	Dorfmark			Soltau (Han)	LINESTRING(9.770712 52.898685,9.7703866 52.898332200000006)
57	Bad Fallingbostel	Dorfmark	de:03358:20977::3	52.898618	9.770811		MATCHED	n3856407827	42.1	0.19	Dorfmark			Bad Fallingbostel	LINESTRING(9.770811 52.898618,9.7704489 52.898309000000005)
58	Bad Fallingbostel	Dorfmark Am Breiten Stein	de:03358:9000345::1	52.90419	9.77593		MATCHED	n9169765255	17.1	0.25	Am Breiten Stein				LINESTRING(9.77593 52.90419,9.7758759 52.904039600000004)
59	Bad Fallingbostel	Dorfmark Am Friedhof	de:03358:9000346::1	52.906901	9.77277		MATCHED	n8788095040	8.4	0.42	Am Friedhof				LINESTRING(9.77277 52.906901,9.7727156 52.906833500000005)
60	Bad Fallingbostel	Dorfmark Am Krempel	de:03358:9090347::1	52.90975	9.77108		NO_MATCH_AND_SEEMS_UNSERVED								POINT(9.77108 52.90975)
61	Bad Fallingbostel	Dorfmark Am Steinkamp	de:03358:9000348::1	52.900023	9.758049		MATCHED	n8772610525	18.3	0.26	Am Steinkamp				LINESTRING(9.758049 52.900023,9.7577826 52.90005420000001)
62	Bad Fallingbostel	Dorfmark Bahnhof	de:03358:20978::1	52.899302	9.770565	bus	NO_MATCH_BUT_OTHER_PLATFORM_MATCHED					450	Bad Fallingbostel Hermann-Löns-Schule / Dorfmark Schule / Brock(Bad Fallingbostel) / Dorfmark Stargarder Straße / Dorfmark Kriegerweg		POINT(9.770565 52.899302)
63	Bad Fallingbostel	Dorfmark Bahnhof	de:03358:20978::2	52.899232	9.770494	bus	MATCHED	n2959041942	20.6	0.39	Dorfmark Bahnhof	450	Dorfmark Schule / Dorfmark Kirche		LINESTRING(9.770494 52.899232,9.7707422 52.899123)
64	Bad Fallingbostel	Dorfmark Busgarage	de:03358:14570::1	52.900562	9.759143		NO_MATCH_AND_SEEMS_UNSERVED								POINT(9.759143 52.900562)
65	Bad Fallingbostel	Dorfmark Feldstraße	de:03358:9090349::1	52.900883	9.764663		MATCHED	n8832671304	6.6	0.37	Feldstraße				LINESTRING(9.764663 52.900883,9.764587 52.9009201)
66	Bad Fallingbostel	Dorfmark Feldstraße	de:03358:9090349::2	52.900941	9.764762		MATCHED	n2959041941	40.3	0.1	Dorfmark Schule				LINESTRING(9.764762 52.900941,9.764194 52.9010575)
67	Bad Fallingbostel	Dorfmark Haupt-/Poststraße	de:03358:9090350::1	52.899797	9.767961		MATCHED	n9014075577	10.3	0.35	Hauptstraße / Poststraße				LINESTRING(9.767961 52.899797,9.767964800000001 52.899889200000004)
68	Bad Fallingbostel	Dorfmark Haupt-/Poststraße	de:03358:9090350::2	52.89977	9.7681		MATCHED	n9014075576	6.3	0.43	Hauptstraße / Poststraße				LINESTRING(9.7681 52.89977,9.768010700000001 52.8997534)
69	Bad Fallingbostel	Dorfmark Kirche	de:03358:20979::1	52.90195	9.770109	bus	MATCHED	n2959041938	83.6	0.16	Dorfmark Kirche	450	Dorfmark Bahnhof		LINESTRING(9.770109 52.90195,9.769820300000001 52.902681)
70	Bad Fallingbostel	Dorfmark Kirche	de:03358:20979::2	52.901897	9.770194	bus	MATCHED	n8788095038	101.2	0.07	Kirche	450	Dorfmark Von-Notze-Park		LINESTRING(9.770194 52.901897,9.7698864 52.902787800000006)
71	Bad Fallingbostel	Dorfmark Koppelweg/Hospitz	de:03358:9000351::1	52.89846	9.755034		NO_MATCH_AND_SEEMS_UNSERVED								POINT(9.755034 52.89846)
72	Bad Fallingbostel	Dorfmark Kriegerweg	de:03358:20980::1	52.907681	9.732459	bus	MATCHED	n2959041939	10.1	0.55	Dorfmark, Kriegerweg	450	Bad Fallingbostel Abzw. Klint / Amtsfelde		LINESTRING(9.732459 52.907681,9.732347800000001 52.9076201)
73	Bad Fallingbostel	Dorfmark Kriegerweg	de:03358:20980::2	52.907681	9.732459	bus	NO_MATCH_BUT_OTHER_PLATFORM_MATCHED					450	Dorfmark Rieper Straße 12a		POINT(9.732459 52.907681)
74	Bad Fallingbostel	Dorfmark Landratenhof	de:03358:9090352::1	52.903461	9.758853		MATCHED	n8565635294	21.1	0.23	Landratenhof				LINESTRING(9.758853 52.903461,9.7589077 52.903647500000005)
75	Bad Fallingbostel	Dorfmark Landratenhof	de:03358:9090352::2	52.903315	9.758783		NO_MATCH_AND_SEEMS_UNSERVED								POINT(9.758783 52.903315)
76	Bad Fallingbostel	Dorfmark Marktstraße/KiTa	de:03358:9090353::1	52.903374	9.772277		MATCHED	n9169765256	33.0	0.12	Marktstraße				LINESTRING(9.772277 52.903374,9.772739600000001 52.903275400000005)
77	Bad Fallingbostel	Dorfmark Meyerhopsweg	de:03358:9000354::1	52.901717	9.756913		MATCHED	n8738343782	6.1	0.38	Meyerhopsweg				LINESTRING(9.756913 52.901717,9.756922000000001 52.901772)
78	Bad Fallingbostel	Dorfmark Oelsweg	de:03358:9090355::1	52.90696	9.76012		NO_MATCH_AND_SEEMS_UNSERVED								POINT(9.76012 52.90696)
79	Bad Fallingbostel	Dorfmark Rennbahn/Friedhof	de:03358:9080356::1	52.905586	9.774947		MATCHED	n8788095039	5.5	0.52	Rennbahn / Friedhof				LINESTRING(9.774947 52.905586,9.7749541 52.905537)
80	Bad Fallingbostel	Dorfmark Rieper Str. 20	de:03358:100247::1	52.914959	9.758861	bus	NO_MATCH					450	Dorfmark Rieper Straße 12a / Dorfmark Westendorfer Straße / Dorfmark Rieper Straße 12a		POINT(9.758861 52.914959)
81	Bad Fallingbostel	Dorfmark Rieper Str. 20	de:03358:100247::2	52.914958	9.75886	bus	NO_MATCH					450	Dorfmark Rieper Straße 25 / Diekhus		POINT(9.75886 52.914958)
82	Bad Fallingbostel	Dorfmark Rieper Straße 12a	de:03358:20981::1	52.908274	9.762476	bus	MATCHED	n9830781249	163.9	0.1	Dorfmark Rieper Straße 12	450	Wense(Oerbke) Krug / Dorfmark Rieper Str. 20		LINESTRING(9.762476 52.908274,9.7601455 52.908706300000006)
83	Bad Fallingbostel	Dorfmark Rieper Straße 12a	de:03358:20981::2	52.907935	9.764804	bus	NO_MATCH_BUT_OTHER_PLATFORM_MATCHED					450	Dorfmark Von-Notze-Park / Dorfmark Rieper Str. 20 / Dorfmark Rieper Straße 25		POINT(9.764804 52.907935)
84	Bad Fallingbostel	Dorfmark Rieper Straße 25	de:03358:20982::1	52.911949	9.76025	bus	MATCHED_THOUGH_DISTANT	n9830781250	361.7	0.05	Dorfmark Rieper Straße 12	450	Dorfmark Rieper Str. 20		LINESTRING(9.76025 52.911949,9.7599471 52.908703100000004)
85	Bad Fallingbostel	Dorfmark Rieper Straße 25	de:03358:20982::2	52.911947	9.76025	bus	NO_MATCH_BUT_OTHER_PLATFORM_MATCHED					450	Diekhus / Dorfmark Rieper Str. 20		POINT(9.76025 52.911947)
86	Bad Fallingbostel	Dorfmark Schule	de:03358:20983::1	52.902265	9.762473	bus	NO_MATCH					450	Dorfmark Stargarder Straße		POINT(9.762473 52.902265)
87	Bad Fallingbostel	Dorfmark Schule	de:03358:20983::2	52.90226	9.762459	bus	NO_MATCH					450	Dorfmark Rieper Straße 12a / Dorfmark Kirche		POINT(9.762459 52.90226)
88	Bad Fallingbostel	Dorfmark Stargarder Straße	de:03358:20984::1	52.896359	9.754841	bus	MATCHED	n2959041934	82.9	0.16	Dorfmark Stargarder Straße	450	Brock(Bad Fallingbostel) / Vierde Küddelser Straße		LINESTRING(9.754841 52.896359,9.7559088 52.896731300000006)
89	Bad Fallingbostel	Dorfmark Stargarder Straße	de:03358:20984::2	52.896387	9.755079	bus	MATCHED	n9093435189	30.7	0.31	Dorfmark Stargarder Straße	450	Dorfmark Bahnhof / Dorfmark Von-Notze-Park / Dorfmark Schule		LINESTRING(9.755079 52.896387,9.755282000000001 52.896634500000005)
90	Bad Fallingbostel	Dorfmark Unterer Mittelhof	de:03358:9000358::1	52.90693	9.76384		MATCHED	n8566883142	35.6	0.17	Unterer Mittelhof				LINESTRING(9.76384 52.90693,9.764110200000001 52.9072049)
91	Bad Fallingbostel	Dorfmark Visselhöver Straße	de:03358:9090359::1	52.904709	9.761883		MATCHED	n8738343783	15.3	0.28	Visselhöveder Straße				LINESTRING(9.761883 52.904709,9.762057800000001 52.904796700000006)
92	Bad Fallingbostel	Dorfmark Von-Notze-Park	de:03358:20985::1	52.90479	9.768867	bus	MATCHED	n2959041937	47.3	0.22	Dorfmark Von-Notz-Park	450	Dorfmark Kirche		LINESTRING(9.768867 52.90479,9.7682094 52.904939500000005)
93	Bad Fallingbostel	Dorfmark Von-Notze-Park	de:03358:20985::2	52.904839	9.768859	bus	MATCHED	n9074650759	43.1	0.23	Dorfmark Von-Notz-Park	450	Dorfmark Westendorfer Straße		LINESTRING(9.768859 52.904839,9.7682689 52.904990600000005)
94	Bad Fallingbostel	Dorfmark Westendorfer Straße	de:03358:20986::1	52.908389	9.768292	bus	MATCHED	n2960292536	5.8	0.6	Dorfmark Westendorfer Straße 70	450	Dorfmark Von-Notze-Park / Vierde Wisselhorster Weg		LINESTRING(9.768292 52.908389,9.7683681 52.9083648)
95	Bad Fallingbostel	Dorfmark Westendorfer Straße	de:03358:20986::2	52.908105	9.767781	bus	MATCHED	n8788095037	24.1	0.32	Dorfmark Westendorfer Straße 70	450	Mengebostel Erbhofkrug		LINESTRING(9.767781 52.908105,9.767965700000001 52.908290300000004)
96	Bad Fallingbostel	Dorfmark Wiesenstraße	de:03358:9080360::1	52.89492	9.75657		MATCHED	n9161048453	13.5	0.27	Wiesenstraße				LINESTRING(9.75657 52.89492,9.756729700000001 52.8948471)
97	Bad Fallingbostel	Düshorner Straße	de:03358:18660::1	52.86332	9.688144		MATCHED	n9116702062	40.4	0.2	Düshorner Straße				LINESTRING(9.688144 52.86332,9.688130300000001 52.863682700000005)
98	Bad Fallingbostel	Düshorner Straße	de:03358:18660::2	52.864978	9.690989		MATCHED	n2989023318	5.0	0.43	Bad Fallingbostel, Cafe Berlin				LINESTRING(9.690989 52.864978,9.690943 52.864942600000006)
99	Bad Fallingbostel	Eickhof(Bad Fallingbostel)	de:03358:23162::1	52.927993	9.752546	bus	NO_MATCH					450	Dorfmark Rieper Straße 25 / Diekhus		POINT(9.752546 52.927993)
100	Bad Fallingbostel	Eickhof(Bad Fallingbostel)	de:03358:23162::2	52.927989	9.752528	bus	NO_MATCH					450	Avenriep		POINT(9.752528 52.927989)
101	Bad Fallingbostel	Fuhrhop	de:03358:28882::1	52.928825	9.822305	bus	NO_MATCH_BUT_OTHER_PLATFORM_MATCHED					450	Jettebruch Schule		POINT(9.822305 52.928825)
102	Bad Fallingbostel	Fuhrhop	de:03358:28882::2	52.928821	9.822299	bus	MATCHED	n2960291930	126.2	0.12	Fuhrhop	450	Wense(Oerbke) Krug		LINESTRING(9.822299 52.928821,9.820562500000001 52.9283888)
103	Bad Fallingbostel	Goethering	de:03358:4701::1	52.8598	9.706139	bus	MATCHED	n2960311960	60.7	0.2	Bad Fallingbostel Goethering	450,511	Oerbke Gillweg		LINESTRING(9.706139 52.8598,9.7053936 52.8601066)
104	Bad Fallingbostel	Goethering	de:03358:4701::2	52.860108	9.705575	bus	MATCHED	n9203478062	9.8	0.56	Bad Fallingbostel Goethering	450,511	Oerbke Gillweg / Bad Fallingbostel Kreisverwaltung / Bad Fallingbostel Bahnhof		LINESTRING(9.705575 52.860108,9.7055295 52.860191400000005)
105	Bad Fallingbostel	Hallenbad	de:03358:9000362::1	52.86204	9.6941		NO_MATCH_AND_SEEMS_UNSERVED								POINT(9.6941 52.86204)
106	Bad Fallingbostel	Hermann-Löns-Schule	de:03358:4702::1	52.86822	9.694298	bus	NO_MATCH_BUT_OTHER_PLATFORM_MATCHED					450,511	Bad Fallingbostel Idinger Heide		POINT(9.694298 52.86822)
107	Bad Fallingbostel	Hermann-Löns-Schule	de:03358:4702::2	52.868249	9.694294	bus	MATCHED	n2960311961	8.8	0.58	Bad Fallingbostel, Hermann-Löns-Schule	450	Bad Fallingbostel Idinger Heide		LINESTRING(9.694294 52.868249,9.6943284 52.868324900000005)
108	Bad Fallingbostel	Hindenburgstraße/Bahnhofstraße	de:03358:18673::1	52.864668	9.697598		MATCHED_THOUGH_OSM_NO_NAME	n13456196367	33.3	0.07					LINESTRING(9.697598 52.864668,9.6976361 52.8643694)
109	Bad Fallingbostel	Honerdingen Wolters Brotkate	de:03358:18674::1	52.868262	9.626941		MATCHED_THOUGH_OSM_NO_NAME	n12750731729	28.2	0.08					LINESTRING(9.626941 52.868262,9.6273105 52.868382100000005)
110	Bad Fallingbostel	Idinger Heide	de:03358:4703::1	52.872392	9.692998	bus	MATCHED	n2959072231	42.8	0.25	Bad Fallingbostel, Idinger Heide	450,511	Bad Fallingbostel Kreisverwaltung / Bad Fallingbostel Goethering / Wenzingen Abzw. / Bad Fallingbostel Michelsenstraße		LINESTRING(9.692998 52.872392,9.692399700000001 52.872261800000004)
111	Bad Fallingbostel	Idinger Heide	de:03358:4703::2	52.872398	9.693072	bus	NO_MATCH_BUT_OTHER_PLATFORM_MATCHED					450	Bad Fallingbostel Abzw. Düshorner Straße / Bad Fallingbostel Michelsenstraße / Bad Fallingbostel Kreisverwaltung / Bad Fallingbostel Abzw. Adolphsheide		POINT(9.693072 52.872398)
112	Bad Fallingbostel	Jettebruch Bahnhof	de:03358:47045::1	52.93443	9.790654	bus	MATCHED	n2960292537	26.4	0.33	Jettebruch Bahnhof	450	Mengebostel Ortsmitte		LINESTRING(9.790654 52.93443,9.7910345 52.9343718)
113	Bad Fallingbostel	Jettebruch Bahnhof	de:03358:47045::2	52.93443	9.790654	bus	MATCHED	n9167717391	22.9	0.36	Jettebruch Bahnhof	450	Jettebruch Kreuzung		LINESTRING(9.790654 52.93443,9.7909401 52.934318700000006)
114	Bad Fallingbostel	Jettebruch Kreuzung	de:03358:47046::1	52.934685	9.790328	bus	NO_MATCH					450	Jettebruch Bahnhof		POINT(9.790328 52.934685)
115	Bad Fallingbostel	Jettebruch Kreuzung	de:03358:47046::2	52.934648	9.790282	bus	NO_MATCH					450	Jettebruch Schule		POINT(9.790282 52.934648)
116	Bad Fallingbostel	Jettebruch Schule	de:03358:47047::1	52.931005	9.798545	bus	MATCHED	n2960291931	2.4	0.53	Jettebruch Kreuzung	450	Jettebruch Kreuzung		LINESTRING(9.798545 52.931005,9.7985694 52.931020200000006)
117	Bad Fallingbostel	Jettebruch Schule	de:03358:47047::2	52.930998	9.798242	bus	MATCHED	n9167717392	21.3	0.25	Jettebruch Kreuzung	450	Fuhrhop		LINESTRING(9.798242 52.930998,9.7985503 52.930952600000005)
118	Bad Fallingbostel	Kampgartenstraße	de:03358:4699::1	52.864452	9.69029	bus	NO_MATCH_BUT_OTHER_PLATFORM_MATCHED					511	Bad Fallingbostel Kreisverwaltung		POINT(9.69029 52.864452)
119	Bad Fallingbostel	Kampgartenstraße	de:03358:4699::2	52.864447	9.690068	bus	MATCHED	n9116892986	86.7	0.12	Bad Fallingbostel, Cafe Berlin	511	Bad Fallingbostel Am Wiethop		LINESTRING(9.690068 52.864447,9.690840900000001 52.865070300000006)
120	Bad Fallingbostel	Kreisverwaltung	de:03358:4704::1	52.865738	9.698937	bus	MATCHED	n2960311959	5.7	0.67	Bad Fallingbostel Kreisverwaltung	450,511	Bad Fallingbostel Bahnhof / Bad Fallingbostel Goethering		LINESTRING(9.698937 52.865738,9.6990186 52.8657234)
121	Bad Fallingbostel	Kreisverwaltung	de:03358:4704::2	52.865789	9.699315	bus	NO_MATCH_BUT_OTHER_PLATFORM_MATCHED					450,511	Bad Fallingbostel Hermann-Löns-Schule / Bad Fallingbostel Kampgartenstraße / Bad Fallingbostel Hermann-Löns-Schule / Bad Fallingbostel Bahnhof / Bad Fallingbostel Tietlinger Lönsweg / Bad Fallingbostel Goethering / Bad Fallingbostel Walsroder Straße / Bad Fallingbostel Michelsenstraße / Bad Fallingbostel Michelsenstraße / Bad Fallingbostel Abzw. Adolphsheide		POINT(9.699315 52.865789)
122	Bad Fallingbostel	Kreisverwaltung	de:03358:4704::3	52.865791	9.69896		MATCHED	n9203478050	48.0	0.18	Bad Fallingbostel Kreisverwaltung				LINESTRING(9.69896 52.865791,9.6982472 52.865796200000005)
123	Bad Fallingbostel	Lehmhorst	de:03358:9000022::1	52.892007	9.703447	bus	NO_MATCH					450	Vierde Küddelser Straße		POINT(9.703447 52.892007)
124	Bad Fallingbostel	Liethweg/DJH	de:03358:9090363::1	52.870762	9.697217		MATCHED	n9196544794	11.3	0.39	Liethweg DJH				LINESTRING(9.697217 52.870762,9.697100200000001 52.870689600000006)
125	Bad Fallingbostel	Liethweg/DJH	de:03358:909036::1	52.870762	9.697217		MATCHED	n9196544795	22.0	0.26	Liethweg DJH				LINESTRING(9.697217 52.870762,9.6975193 52.8706861)
126	Bad Fallingbostel	Mengebostel Erbhofkrug	de:03358:60519::1	52.921268	9.776888	bus	MATCHED	n9118731148	66.0	0.19	Mengebostel Erbhofkrug	450	Dorfmark Westendorfer Straße		LINESTRING(9.776888 52.921268,9.7764375 52.92074040000001)
127	Bad Fallingbostel	Mengebostel Erbhofkrug	de:03358:60519::2	52.921385	9.777134	bus	MATCHED	n2960292533	39.9	0.26	Mengebostel Erbhofkrug	450	Mengebostel Ortsmitte		LINESTRING(9.777134 52.921385,9.777570200000001 52.9216282)
128	Bad Fallingbostel	Mengebostel Ortsmitte	de:03358:60520::1	52.925447	9.776141	bus	MATCHED_THOUGH_DISTANT	n9166810186	373.2	0.05	Mengebostel Ortsmitte	450	Mengebostel Erbhofkrug		LINESTRING(9.776141 52.925447,9.7816925 52.9254681)
129	Bad Fallingbostel	Mengebostel Ortsmitte	de:03358:60520::2	52.925528	9.776197	bus	MATCHED_THOUGH_DISTANT	n9166810185	357.3	0.05	Mengebostel Ortsmitte	450	Jettebruch Bahnhof		LINESTRING(9.776197 52.925528,9.7815112 52.9254741)
130	Bad Fallingbostel	Michelsenstraße	de:03358:4705::1	52.870073	9.695447	bus	MATCHED	n9193011250	152.2	0.1	Bad Fallingbostel Michelsenstraße	511	Wenzingen Abzw. / Bad Fallingbostel Kreisverwaltung		LINESTRING(9.695447 52.870073,9.694656400000001 52.8713544)
131	Bad Fallingbostel	Michelsenstraße	de:03358:4705::2	52.870001	9.695362	bus	MATCHED	n2989023319	182.0	0.09	Bad Fallingbostel Michelsenstraße	450,511	Wenzingen Abzw. / Bad Fallingbostel Kreisverwaltung / Bad Fallingbostel Walsroder Straße		LINESTRING(9.695362 52.870001,9.6944347 52.871537800000006)
132	Bad Fallingbostel	Nordbosteler Straße	de:03358:9000364::1	52.866291	9.707536		MATCHED	n9203478055	29.7	0.14	Scharnhorststraße				LINESTRING(9.707536 52.866291,9.707775 52.8660663)
133	Bad Fallingbostel	Oerbke Hartemer Weg	de:03358:9000368::1	52.84617	9.706975		NO_MATCH_AND_SEEMS_UNSERVED								POINT(9.706975 52.84617)
134	Bad Fallingbostel	Riepe 14	de:03358:9118579::1	52.938873	9.737152	bus	NO_MATCH					450	Eickhof(Bad Fallingbostel) / Avenriep		POINT(9.737152 52.938873)
135	Bad Fallingbostel	Riepe 14	de:03358:9118579::2	52.938873	9.737152	bus	NO_MATCH					450	Riepe(Bad Fallingbostel)		POINT(9.737152 52.938873)
136	Bad Fallingbostel	Riepe(Bad Fallingbostel)	de:03358:77674::1	52.93386	9.725282	bus	MATCHED	n2959090221	91.2	0.15	Riepe	450	Bad Fallingbostel-Riepe 14		LINESTRING(9.725282 52.93386,9.72404 52.9341907)
137	Bad Fallingbostel	Riepe(Bad Fallingbostel)	de:03358:77674::2	52.933858	9.725283	bus	MATCHED	n9077724029	103.8	0.14	Riepe	450	Amtsfelde		LINESTRING(9.725283 52.933858,9.7239325 52.934310200000006)
138	Bad Fallingbostel	Rooksberg	de:03358:18671	52.871769	9.683806		NO_MATCH_AND_SEEMS_UNSERVED								POINT(9.683806 52.871769)
139	Bad Fallingbostel	Scharnhorststraße	de:03358:9000365::1	52.86515	9.69397		MATCHED	n9196544792	6.6	0.59	Scharnhorststraße				LINESTRING(9.69397 52.86515,9.694039100000001 52.865108500000005)
140	Bad Fallingbostel	Scharnhorststraße	de:03358:9000365::2	52.865213	9.694013		MATCHED	n9196544793	36.9	0.22	Scharnhorststraße				LINESTRING(9.694013 52.865213,9.694082100000001 52.8648839)
141	Bad Fallingbostel	Stettiner Straße	de:03358:18671::1	52.871193	9.679146		NO_MATCH_AND_SEEMS_UNSERVED								POINT(9.679146 52.871193)
142	Bad Fallingbostel	Stettiner Straße	de:03358:18672::1	52.871193	9.679146		NO_MATCH_AND_SEEMS_UNSERVED								POINT(9.679146 52.871193)
143	Bad Fallingbostel	Tietlinger Lönsweg	de:03358:4706::1	52.869863	9.679545	bus	MATCHED	n2989011252	31.5	0.31	Bad Fallingbostel, Tietlinger Lönsweg	402,511	Bad Fallingbostel Walsroder Straße / Bad Fallingbostel Am Kreuzberg		LINESTRING(9.679545 52.869863,9.679983100000001 52.8697633)
144	Bad Fallingbostel	Tietlinger Lönsweg	de:03358:4706::2	52.869817	9.679403	bus	MATCHED_THOUGH_DISTANT	n9175058366	256.1	0.05	Tietlinger Lönsweg / Am Kreuzberg	511	Elferdingen		LINESTRING(9.679403 52.869817,9.6830905 52.8692487)
145	Bad Fallingbostel	Uhlenweg	de:03358:9000366::1	52.860428	9.702013		NO_MATCH_AND_SEEMS_UNSERVED								POINT(9.702013 52.860428)
146	Bad Fallingbostel	Vierde Camping	de:03358:9000369::1	52.877132	9.730189		NO_MATCH_AND_SEEMS_UNSERVED								POINT(9.730189 52.877132)
147	Bad Fallingbostel	Vierde Küddelser Straße	de:03358:93948::1	52.882328	9.734171	bus	MATCHED	n2959072229	14.0	0.48	Vierde Küddelser Straße	450	Brock(Bad Fallingbostel) / Brock(Bad Fallingbostel) / Vierde Wisselhorster Weg		LINESTRING(9.734171 52.882328,9.7342054 52.88245250000001)
148	Bad Fallingbostel	Vierde Küddelser Straße	de:03358:93948::2	52.881758	9.728916	bus	MATCHED	n2959072232	69.3	0.1	Vierde Wisselhorster Weg	450	Dorfmark Kriegerweg / Brock(Bad Fallingbostel) / Dorfmark Bahnhof		LINESTRING(9.728916 52.881758,9.7297553 52.882119)
149	Bad Fallingbostel	Vierde Schützenhaus	de:03358:9090371::1	52.884438	9.727138		MATCHED	n9100660352	12.7	0.43	Vierde Schützenhaus				LINESTRING(9.727138 52.884438,9.7270599 52.8845424)
150	Bad Fallingbostel	Vierde Schützenhaus	de:03358:9090371::2	52.884438	9.727138		MATCHED	n9100660353	18.3	0.35	Vierde Schützenhaus				LINESTRING(9.727138 52.884438,9.727157700000001 52.8846019)
151	Bad Fallingbostel	Vierde Wisselhorster Weg	de:03358:93949::1	52.882376	9.73442	bus	NO_MATCH					450	Bad Fallingbostel Abzw. Klint / Vierde Küddelser Straße		POINT(9.73442 52.882376)
152	Bad Fallingbostel	Walsroder Straße	de:03358:4707::1	52.866223	9.690917	bus	MATCHED	n9175058368	4.8	0.7	Bad Fallingbostel Walsroder Straße	402,511	Bad Fallingbostel Michelsenstraße / Bad Fallingbostel Zwei Linden / Bad Fallingbostel Hermann-Löns-Schule / Bad Fallingbostel Kreisverwaltung		LINESTRING(9.690917 52.866223,9.690850300000001 52.866238700000004)
153	Bad Fallingbostel	Walsroder Straße	de:03358:4707::2	52.866097	9.691088	bus	MATCHED	n2989011260	18.4	0.42	Bad Fallingbostel Walsroder Straße	511	Bad Fallingbostel Tietlinger Lönsweg / Bad Fallingbostel Michelsenstraße		LINESTRING(9.691088 52.866097,9.691342800000001 52.8660366)
154	Bad Fallingbostel	Zwei Linden	de:03358:24025::1	52.864038	9.699364	bus	NO_MATCH					402	Bomlitz Walsroder Straße		POINT(9.699364 52.864038)
155	Bispingen	Bahnhof	de:03358:10441::1	53.086062	9.99307	bus	MATCHED	n7121815309	49.6	0.23	Bispingen, Bahnhof	154,156	Bispingen Kreissparkasse		LINESTRING(9.99307 53.086062,9.9935916 53.085746)
156	Bispingen	Bahnhof	de:03358:10441::2	53.086005	9.993207	bus	MATCHED	n1401946320	11.3	0.52	Bispingen, Bahnhof	154,156,157	Bispingen Nord		LINESTRING(9.993207 53.086005,9.9931844 53.085904500000005)
157	Bispingen	Behringen(Bispingen) Haverbecker Straße (L 211)	de:03358:7965::1	53.112885	9.958881	bus	MATCHED	n3613137877	9.3	0.27	Behringen, Haverbecker Straße	156	Behringen(Bispingen) Süd		LINESTRING(9.958881 53.112885,9.9587567 53.112847800000004)
158	Bispingen	Behringen(Bispingen) Haverbecker Straße (L 211)	de:03358:7965::2	53.11294	9.95889	bus	MATCHED	n2383962545	1.3	0.42	Behringen, Haverbecker Straße	156	Behringen(Bispingen) Nord	Oberhaverbeck, Ortsmitte	LINESTRING(9.95889 53.11294,9.9589096 53.1129419)
159	Bispingen	Behringen(Bispingen) Heberer Straße	de:03358:7966::1	53.11226	9.958148		NO_MATCH_AND_SEEMS_UNSERVED								POINT(9.958148 53.11226)
160	Bispingen	Behringen(Bispingen) Heberer Straße	de:03358:7966::2	53.112366	9.958254	bus	MATCHED	n3613137878	2.0	0.83	Behringen, Heberer Straße	156	Scharrl Kreuzung / Heber(Schneverdingen) Scharrler Straße		LINESTRING(9.958254 53.112366,9.9582733 53.112351800000006)
161	Bispingen	Behringen(Bispingen) Nord	de:03358:7967::1	53.117641	9.953789	bus	MATCHED	n3613213938	14.6	0.47	Behringen, Nord	156	Behringen(Bispingen) Haverbecker Straße (L 211)		LINESTRING(9.953789 53.117641,9.953595400000001 53.1177015)
162	Bispingen	Behringen(Bispingen) Nord	de:03358:7967::2	53.117632	9.953888	bus	MATCHED	n2383962546	8.3	0.59	Behringen, Nord	156	Oberhaverbeck Ortsmitte		LINESTRING(9.953888 53.117632,9.9538626 53.1177052)
163	Bispingen	Behringen(Bispingen) Ortsmitte	de:03358:7968::1	53.112569	9.959862	bus	MATCHED	n3613155916	118.4	0.12	Behringen, Ortsmitte	154,157	Behringen(Bispingen) Ostende		LINESTRING(9.959862 53.112569,9.9614583 53.1130275)
164	Bispingen	Behringen(Bispingen) Ortsmitte	de:03358:7968::2	53.11261	9.95992	bus	MATCHED	n3613137875	13.9	0.48	Behringen, Ortsmitte	154	Behringen(Bispingen) Süd		LINESTRING(9.95992 53.11261,9.9600367 53.1127132)
165	Bispingen	Behringen(Bispingen) Ostende	de:03358:7969::1	53.116624	9.972289	bus	MATCHED	n2372962595	16.3	0.44	Behringen, Ostende	154,157	Volkwardingen Ort		LINESTRING(9.972289 53.116624,9.972132400000001 53.116511800000005)
166	Bispingen	Behringen(Bispingen) Ostende	de:03358:7969::2	53.11673	9.97249	bus	MATCHED	n4980521767	8.0	0.6	Behringen, Ostende	154	Behringen(Bispingen) Ortsmitte		LINESTRING(9.97249 53.11673,9.9725902 53.1167688)
167	Bispingen	Behringen(Bispingen) Süd	de:03358:7970::1	53.10516	9.970601	bus	MATCHED	n2372962592	9.8	0.56	Behringen, Süd	154,156	Bispingen Horstfeldweg		LINESTRING(9.970601 53.10516,9.9704548 53.105162)
168	Bispingen	Behringen(Bispingen) Süd	de:03358:7970::2	53.10528	9.970484	bus	MATCHED	n3055187034	19.8	0.4	Behringen, Süd	154,156,157	Behringen(Bispingen) Haverbecker Straße (L 211) / Behringen(Bispingen) Heberer Straße / Behringen(Bispingen) Ortsmitte		LINESTRING(9.970484 53.10528,9.9702832 53.105410600000006)
169	Bispingen	Borstel in der Kuhle	de:03358:12293::1	53.101205	10.00374	bus	MATCHED	n3625962846	26.2	0.34	Borstel in der Kuhle	154	Bispingen Neuborstel / Hützel Zum Wintersberg		LINESTRING(10.00374 53.101205,10.0039187 53.1014143)
170	Bispingen	Borstel in der Kuhle	de:03358:12293::2	53.101388	10.004341		MATCHED	n2380899466	14.9	0.4	Borstel in der Kuhle				LINESTRING(10.004341 53.101388,10.004163 53.10130710000001)
171	Bispingen	Borstel in der Kuhle Nord	de:03358:12294::1	53.104762	10.003182	bus	NO_MATCH_BUT_OTHER_PLATFORM_MATCHED					154	Hützel Zum Wintersberg		POINT(10.003182 53.104762)
172	Bispingen	Borstel in der Kuhle Nord	de:03358:12294::2	53.104753	10.00313		MATCHED	n2380899465	5.1	0.64	Borstel in der Kuhle Nord				LINESTRING(10.00313 53.104753,10.0030622 53.1047315)
173	Bispingen	Brockmannsheide	de:03358:10442::1	53.090341	9.998139	bus	MATCHED	n3613730719	23.3	0.37	Bispingen, Brockmannsheide	154	Bispingen Neuborstel		LINESTRING(9.998139 53.090341,9.998249600000001 53.0905399)
174	Bispingen	Brockmannsheide	de:03358:10442::2	53.09001	9.99808	bus	MATCHED	n2372956617	5.2	0.69	Bispingen, Brockmannsheide	154	Bispingen Kreissparkasse		LINESTRING(9.99808 53.09001,9.9980103 53.0899888)
175	Bispingen	Center Parcs	de:03358:10443::1	53.068526	9.99552	bus	MATCHED	n2372956619	2.4	0.81	Bispingen, Center Parcs	150,300	Töpingen Ortsmitte / Timmerloh		LINESTRING(9.99552 53.068526,9.9954968 53.06854190000001)
176	Bispingen	Center Parcs	de:03358:10443::2	53.067799	9.995697	bus	MATCHED	n4798379670	102.7	0.14	Bispingen, Center Parcs	150,300	Bispingen Jugendherberge		LINESTRING(9.995697 53.067799,9.995616100000001 53.068721100000005)
177	Bispingen	Evendorf Brocken	de:03358:97002::1	53.142031	10.056844		NO_MATCH_AND_SEEMS_UNSERVED								POINT(10.056844 53.142031)
178	Bispingen	G Li 1920 R Welle LKSFA n LKHAR	de:03358:29168::1	53.150418	10.034559		NO_MATCH_AND_SEEMS_UNSERVED								POINT(10.034559 53.150418)
179	Bispingen	Hohe Luft	de:03358:10444::1	53.080113	9.990415	bus	MATCHED	n3613288005	13.4	0.49	Bispingen, Hohe Luft	150	Bispingen Wilhelmshöhe		LINESTRING(9.990415 53.080113,9.9904832 53.0802266)
180	Bispingen	Hohe Luft	de:03358:10444::2	53.080078	9.99045	bus	MATCHED	n1401946323	10.6	0.54	Bispingen, Hohe Luft	150	Bispingen Schule		LINESTRING(9.99045 53.080078,9.9906006 53.0800496)
181	Bispingen	Horstfeldweg	de:03358:10445::1	53.099296	9.979153	bus	MATCHED	n3613288006	60.0	0.2	Bispingen, Horstfeldweg	154,156	Bispingen Nord		LINESTRING(9.979153 53.099296,9.978521800000001 53.09967880000001)
182	Bispingen	Horstfeldweg	de:03358:10445::2	53.099229	9.979291	bus	MATCHED	n2292328370	79.8	0.17	Bispingen, Horstfeldweg	154,156,157	Behringen(Bispingen) Süd		LINESTRING(9.979291 53.099229,9.9786345 53.0998278)
183	Bispingen	Hörpel Bahnhof	de:03358:45073::1	53.144818	10.050801	bus	MATCHED	n2380922677	20.2	0.4	Hörpel, Bahnhof	154,157	Hützel Adolfshausen Ort		LINESTRING(10.050801 53.144818,10.0505657 53.1447049)
184	Bispingen	Hörpel Bahnhof	de:03358:45073::2	53.144856	10.050762	bus	MATCHED	n3633051395	18.3	0.42	Hörpel, Bahnhof	154	Hörpel Ortsmitte		LINESTRING(10.050762 53.144856,10.050491300000001 53.144834200000005)
185	Bispingen	Hörpel Mühle	de:03358:45075::1	53.137349	10.022867	bus	MATCHED	n3626689266	30.1	0.32	Hörpel, Mühle	154	Volkwardingen Ort		LINESTRING(10.022867 53.137349,10.023187700000001 53.1375394)
186	Bispingen	Hörpel Mühle	de:03358:45075::2	53.137177	10.022713	bus	NO_MATCH_BUT_OTHER_PLATFORM_MATCHED					154,157	Hörpel Ortsmitte		POINT(10.022713 53.137177)
187	Bispingen	Hörpel Ortsmitte	de:03358:45076::1	53.142317	10.030665	bus	MATCHED	n3626689267	20.1	0.4	Hörpel, Ortsmitte	154	Hörpel Mühle	Volkwardingen, Ortsmitte	LINESTRING(10.030665 53.142317,10.030373200000001 53.142275000000005)
188	Bispingen	Hörpel Ortsmitte	de:03358:45076::2	53.14226	10.0306	bus	MATCHED	n2380922674	2.2	0.82	Hörpel, Ortsmitte	154,157	Hörpel Bahnhof		LINESTRING(10.0306 53.14226,10.0306104 53.1422784)
189	Bispingen	Hützel Adolfshausen Haus 6/9	de:03358:45736::1	53.116371	10.036549		NO_MATCH_AND_SEEMS_UNSERVED								POINT(10.036549 53.116371)
190	Bispingen	Hützel Adolfshausen Ort	de:03358:45737::1	53.107787	10.029991	bus	MATCHED	n3634455095	29.3	0.21	Adolfshausen	154	Hützel Meyer / Hützel Im Siek / Hörpel Bahnhof		LINESTRING(10.029991 53.107787,10.029760600000001 53.1075631)
191	Bispingen	Hützel Ehlbeck	de:03358:45738::1	53.094653	10.023282	bus	MATCHED	n3634135022	50.1	0.23	Hützel, Ehlbeck	154	Bispingen Hützeler Straße		LINESTRING(10.023282 53.094653,10.023827800000001 53.094961600000005)
192	Bispingen	Hützel Ehlbeck	de:03358:45738::2	53.094453	10.022889	bus	MATCHED	n3634135021	4.8	0.7	Hützel, Ehlbeck	154	Hützel Im Siek		LINESTRING(10.022889 53.094453,10.0228981 53.0944103)
193	Bispingen	Hützel Im Siek	de:03358:45739::1	53.098712	10.032336	bus	MATCHED	n376398964	7.2	0.62	Hützel, Im Siek	154	Hützel Meyer / Hützel Ehlbeck		LINESTRING(10.032336 53.098712,10.032421600000001 53.0987506)
194	Bispingen	Hützel Im Siek	de:03358:45739::2	53.098673	10.032351	bus	MATCHED	n3634469986	11.8	0.52	Hützel, Im Siek	154	Steinbeck(Luhe) Auf der Maatheide		LINESTRING(10.032351 53.098673,10.032511300000001 53.098629700000004)
195	Bispingen	Hützel Meyer	de:03358:45740::1	53.096466	10.025203	bus	MATCHED	n3634176390	73.6	0.18	Hützel, Meyer	154	Hützel Im Siek / Hützel Adolfshausen Ort / Hützel Ehlbeck		LINESTRING(10.025203 53.096466,10.026275 53.096321100000004)
196	Bispingen	Hützel Meyer	de:03358:45740::2	53.096504	10.025203	bus	MATCHED	n3634176391	75.9	0.17	Hützel, Meyer	154	Hützel Zum Wintersberg		LINESTRING(10.025203 53.096504,10.026333900000001 53.096454900000005)
197	Bispingen	Hützel Zum Wintersberg	de:03358:45741::1	53.096584	10.020522	bus	MATCHED	n376058752	81.6	0.16	Hützel, Zum Wintersberg	154	Borstel in der Kuhle		LINESTRING(10.020522 53.096584,10.0217249 53.096467100000005)
198	Bispingen	Hützel Zum Wintersberg	de:03358:45741::2	53.096547	10.020514	bus	MATCHED	n376398211	94.4	0.15	Hützel, Zum Wintersberg	154	Hützel Meyer		LINESTRING(10.020514 53.096547,10.0218846 53.096349700000005)
199	Bispingen	Hützeler Straße	de:03358:10446::1	53.086048	10.006507	bus	MATCHED	n3613633049	28.9	0.32	Bispingen, Hützeler Straße	154	Hützel Ehlbeck		LINESTRING(10.006507 53.086048,10.0063265 53.08581220000001)
200	Bispingen	Hützeler Straße	de:03358:10446::2	53.086067	10.006472	bus	MATCHED	n3613633050	28.8	0.32	Bispingen, Hützeler Straße	154	Bispingen Kreissparkasse		LINESTRING(10.006472 53.086067,10.0061622 53.0858879)
201	Bispingen	Iserhatsche	de:03358:10447::1	53.070673	10.009972		MATCHED	n3504564234	18.0	0.35	Iserhatsche				LINESTRING(10.009972 53.070673,10.010080100000001 53.0708209)
202	Bispingen	Iserhatsche	de:03358:10447::2	53.070632	10.009837		MATCHED	n3612962513	31.1	0.25	Iserhatsche				LINESTRING(10.009837 53.070632,10.0102592 53.0707474)
203	Bispingen	Jugendherberge	de:03358:10448::1	53.076105	9.994187	bus	MATCHED	n1579585098	9.2	0.57	Bispingen, Jugendherberge	150,300	Bispingen Center Parcs		LINESTRING(9.994187 53.076105,9.994109 53.076173000000004)
204	Bispingen	Jugendherberge	de:03358:10448::2	53.076105	9.994187	bus	NO_MATCH_BUT_OTHER_PLATFORM_MATCHED					150,300	Bispingen Schule		POINT(9.994187 53.076105)
205	Bispingen	Kirche	de:03358:10449::1	53.08164	9.996557		NO_MATCH_AND_SEEMS_UNSERVED								POINT(9.996557 53.08164)
206	Bispingen	Kreissparkasse	de:03358:10450::1	53.082965	9.997595	bus	MATCHED	n1401946321	6.5	0.64	Bispingen, Kreissparkasse	154,156	Bispingen Schule		LINESTRING(9.997595 53.082965,9.997515 53.0829978)
207	Bispingen	Kreissparkasse	de:03358:10450::2	53.082097	9.996639	bus	MATCHED	n2469260339	21.8	0.38	Bispingen, Kreissparkasse	154,156,157	Bispingen Brockmannsheide / Bispingen Hützeler Straße / Bispingen Bahnhof / Bispingen Luhetalbad		LINESTRING(9.996639 53.082097,9.996887500000001 53.0822231)
208	Bispingen	Luhetalbad	de:03358:25717::1	53.090604	10.00516	bus	NO_MATCH					154	Bispingen Brockmannsheide		POINT(10.00516 53.090604)
209	Bispingen	Messpunkt Bispingen	de:03358:60973::1	53.099716	9.976383		NO_MATCH_AND_SEEMS_UNSERVED								POINT(9.976383 53.099716)
210	Bispingen	Neuborstel	de:03358:10451::1	53.094674	9.999174	bus	MATCHED	n3613712279	9.8	0.56	Bispingen, Neuborstel	154	Borstel in der Kuhle Nord / Borstel in der Kuhle		LINESTRING(9.999174 53.094674,9.999303600000001 53.09463280000001)
211	Bispingen	Neuborstel	de:03358:10451::2	53.094684	9.99913	bus	MATCHED	n377058270	11.8	0.51	Bispingen, Neuborstel	154	Bispingen Brockmannsheide		LINESTRING(9.99913 53.094684,9.998991 53.094749900000004)
212	Bispingen	Niederhaverbeck Nord	de:03358:67111::1	53.154097	9.906256		MATCHED	n1817744194	6.1	0.47	Niederhaverbeck, Cafe Waldhof				LINESTRING(9.906256 53.154097,9.9063462 53.1541026)
213	Bispingen	Niederhaverbeck Nord	de:03358:67111::2	53.154173	9.906166		MATCHED	n1817744196	24.4	0.22	Niederhaverbeck, Cafe Waldhof				LINESTRING(9.906166 53.154173,9.9060165 53.1543733)
214	Bispingen	Niederhaverbeck Ortsmitte	de:03358:67112::1	53.14922	9.908937	bus	MATCHED	n1817744193	27.4	0.5	Niederhaverbeck, Ortsmitte	156	Einem Ortsmitte	Einem, Ortsmitte	LINESTRING(9.908937 53.14922,9.9089559 53.149465600000006)
215	Bispingen	Niederhaverbeck Ortsmitte	de:03358:67112::2	53.14896	9.90902	bus	MATCHED	n1817744192	15.4	0.46	Niederhaverbeck, Ortsmitte	156	Oberhaverbeck Ortsmitte		LINESTRING(9.90902 53.14896,9.9088966 53.149076400000006)
216	Bispingen	Nord	de:03358:10452::1	53.090568	9.987402	bus	MATCHED	n2372956618	16.5	0.44	Bispingen Nord	154,156	Bispingen Bahnhof		LINESTRING(9.987402 53.090568,9.987603400000001 53.090481800000006)
217	Bispingen	Nord	de:03358:10452::2	53.090614	9.987422	bus	NO_MATCH_BUT_OTHER_PLATFORM_MATCHED					154,156,157	Bispingen Horstfeldweg		POINT(9.987422 53.090614)
218	Bispingen	Oberhaverbeck Ortsmitte	de:03358:69412::1	53.14346	9.9222	bus	MATCHED	n1817744191	6.2	0.65	Oberhaverbeck, Ortsmitte	156	Niederhaverbeck Ortsmitte		LINESTRING(9.9222 53.14346,9.922266 53.143420400000004)
219	Bispingen	Oberhaverbeck Ortsmitte	de:03358:69412::2	53.142737	9.920614	bus	MATCHED	n1817744188	4.3	0.72	Oberhaverbeck, Ortsmitte	156	Behringen(Bispingen) Nord		LINESTRING(9.920614 53.142737,9.9205503 53.1427375)
220	Bispingen	Schule	de:03358:10453::1	53.080804	9.996809	bus	MATCHED	n1401946318	29.6	0.32	Bispingen, Schule	150,154,156,157,300	Scharrl Kreuzung / Bispingen Jugendherberge / Bispingen Hohe Luft / Bispingen Kreissparkasse		LINESTRING(9.996809 53.080804,9.997088600000001 53.080598300000005)
221	Bispingen	Snow Dome	de:03358:10454::1	53.103889	9.982525		MATCHED	n6223386789	13.7	0.42	Bispingen, Snow Dome				LINESTRING(9.982525 53.103889,9.9824148 53.103993)
222	Bispingen	Steinbeck Haus Druhwald	de:03358:45074::1	53.122233	10.053451	bus	MATCHED	n3810782198	86.9	0.1	Hörpel, Haus Druhwald	154	Steinbeck(Luhe) Grevenhof		LINESTRING(10.053451 53.122233,10.0526984 53.1228691)
223	Bispingen	Steinbeck Haus Druhwald	de:03358:45074::2	53.122202	10.053539	bus	MATCHED	n2380922676	3.8	0.46	Hörpel, Haus Druhwald	154	Hörpel Bahnhof / Steinbeck(Luhe) Ortsmitte / Hörpel Ortsmitte		LINESTRING(10.053539 53.122202,10.0535259 53.1222356)
224	Bispingen	Steinbeck(Luhe) Am Scharrlberg	de:03358:87095::1	53.108092	10.067853	bus	MATCHED	n3634469990	8.0	0.6	Steinbeck, Am Scharrlberg	154	Steinbeck Haus Druhwald / Steinbeck(Luhe) Ortsmitte		LINESTRING(10.067853 53.108092,10.067894500000001 53.1081598)
225	Bispingen	Steinbeck(Luhe) Am Scharrlberg	de:03358:87095::2	53.108032	10.067819	bus	MATCHED	n2380904241	5.5	0.68	Steinbeck, Am Scharrlberg	154	Steinbeck(Luhe) Grevenhof		LINESTRING(10.067819 53.108032,10.0678923 53.108053500000004)
226	Bispingen	Steinbeck(Luhe) Auf der Maatheide	de:03358:87096::1	53.103241	10.04774	bus	MATCHED	n3634331362	7.4	0.62	Steinbeck, Auf der Maatheide	154	Steinbeck(Luhe) Ortsmitte		LINESTRING(10.04774 53.103241,10.0478501 53.10324000000001)
227	Bispingen	Steinbeck(Luhe) Auf der Maatheide	de:03358:87096::2	53.103224	10.04764	bus	MATCHED	n3634335235	3.0	0.78	Steinbeck, Auf der Maatheide	154	Hützel Im Siek		LINESTRING(10.04764 53.103224,10.0476276 53.103250100000004)
228	Bispingen	Steinbeck(Luhe) Grevenhof	de:03358:87097::1	53.110454	10.074695	bus	MATCHED	n3634252991	7.2	0.62	Steinbeck, Grevenhof	154	Steinbeck(Luhe) Am Scharrlberg		LINESTRING(10.074695 53.110454,10.074765000000001 53.1105035)
229	Bispingen	Steinbeck(Luhe) Grevenhof	de:03358:87097::2	53.11042	10.07471	bus	MATCHED	n2380904242	16.3	0.44	Steinbeck, Grevenhof	154	Steinbeck(Luhe) Grevenhof		LINESTRING(10.07471 53.11042,10.0749452 53.1104588)
230	Bispingen	Steinbeck(Luhe) Ortsmitte	de:03358:87098::1	53.105117	10.055888	bus	MATCHED	n3634482895	17.3	0.43	Steinbeck, Ortsmitte	154	Steinbeck(Luhe) Auf der Maatheide		LINESTRING(10.055888 53.105117,10.056145800000001 53.1051255)
231	Bispingen	Steinbeck(Luhe) Ortsmitte	de:03358:87098::2	53.105073	10.055694	bus	MATCHED	n2380899467	5.3	0.68	Steinbeck, Ortsmitte	154	Steinbeck(Luhe) Am Scharrlberg		LINESTRING(10.055694 53.105073,10.0557178 53.1050277)
232	Bispingen	Volkwardingen Ort	de:03358:94520::1	53.13116	9.99941	bus	MATCHED	n3625964799	10.2	0.5	Volkwardingen, Ortsmitte	154	Behringen(Bispingen) Ostende	Behringen, Haverbecker Straße	LINESTRING(9.99941 53.13116,9.9992943 53.1311005)
233	Bispingen	Volkwardingen Ort	de:03358:94520::2	53.1312	9.99956	bus	MATCHED	n2372962589	15.0	0.42	Volkwardingen, Ortsmitte	154,157	Hörpel Mühle		LINESTRING(9.99956 53.1312,9.999458800000001 53.131080000000004)
234	Bispingen	Wilhelmshöhe	de:03358:10455::1	53.076064	9.977896	bus	MATCHED	n3613288007	6.8	0.63	Bispingen, Wilhelmshöhe	150	Timmerloh		LINESTRING(9.977896 53.076064,9.9779967 53.0760724)
235	Bispingen	Wilhelmshöhe	de:03358:10455::2	53.075963	9.977781	bus	MATCHED	n1579585100	28.1	0.33	Bispingen, Wilhelmshöhe	150	Bispingen Hohe Luft		LINESTRING(9.977781 53.075963,9.978001800000001 53.076177300000005)
236	Bomlitz	Ahornstraße/Lindenweg	de:03358:18665::1	52.897674	9.668515		NO_MATCH_AND_SEEMS_UNSERVED								POINT(9.668515 52.897674)
237	Bomlitz	Ahrsen Am Bienenzentrum	de:03358:1516::1	52.940497	9.629756		MATCHED	n3607893089	10.5	0.41	Ahrsen, Am Bienenzaun				LINESTRING(9.629756 52.940497,9.6296 52.940495000000006)
238	Bomlitz	Ahrsen Am Bienenzentrum	de:03358:1516::2	52.93966	9.629982		MATCHED	n3607893088	15.0	0.34	Ahrsen, Am Bienenzaun				LINESTRING(9.629982 52.93966,9.630197 52.939624300000006)
239	Bomlitz	Ahrsen Am Friedhof	de:03358:18698::1	52.940836	9.628555		MATCHED	n9965860436	23.8	0.27	Ahrsen, Friedhof				LINESTRING(9.628555 52.940836,9.628897 52.9407804)
240	Bomlitz	Ahrsen Denkmal	de:03358:1515::1	52.942176	9.63193	bus	MATCHED	n686770909	25.9	0.34	Ahrsen, Denkmal	520	Jarlingen Ortsmitte / Jarlingen Großer Kamp		LINESTRING(9.63193 52.942176,9.632296400000001 52.942102600000005)
241	Bomlitz	Ahrsen Denkmal	de:03358:1515::2	52.942176	9.631938	bus	MATCHED	n3607893090	16.3	0.44	Ahrsen, Denkmal	520	Ahrsen Hof Becker		LINESTRING(9.631938 52.942176,9.63218 52.9421903)
242	Bomlitz	Ahrsen Hof Becker	de:03358:1517::1	52.949095	9.632031	bus	MATCHED	n686770932	5.7	0.67	Ahrsen, Hof Becker	520	Ahrsen Denkmal		LINESTRING(9.632031 52.949095,9.6321087 52.949115400000004)
243	Bomlitz	Ahrsen Hof Becker	de:03358:1517::2	52.949107	9.631965	bus	MATCHED	n686770930	65.0	0.19	Ahrsen, Hof Becker	520	Ahrsen Hof Gehrke		LINESTRING(9.631965 52.949107,9.6318354 52.9485279)
244	Bomlitz	Ahrsen Hof Gehrke	de:03358:1518::1	52.955071	9.635243	bus	MATCHED	n686770947	13.1	0.49	Ahrsen, Hof Gehrke	520	Ahrsen Hof Becker		LINESTRING(9.635243 52.955071,9.6354114 52.955011400000004)
245	Bomlitz	Ahrsen Hof Gehrke	de:03358:1518::2	52.955076	9.635237	bus	MATCHED	n686770950	11.7	0.52	Ahrsen, Hof Gehrke	520	Löverschen		LINESTRING(9.635237 52.955076,9.6351592 52.954982300000005)
246	Bomlitz	An den Buchen/Aspeloh	de:03358:18666::1	52.898823	9.664073		NO_MATCH_AND_SEEMS_UNSERVED								POINT(9.664073 52.898823)
247	Bomlitz	Benefeld Aldi	de:03358:18692::1	52.908138	9.64081		NO_MATCH_AND_SEEMS_UNSERVED								POINT(9.64081 52.908138)
248	Bomlitz	Benefeld Am Mühlenhof	de:03358:18695::1	52.904022	9.6238		NO_MATCH_AND_SEEMS_UNSERVED								POINT(9.6238 52.904022)
249	Bomlitz	Benefeld Combi-Markt	de:03358:18696::1	52.904431	9.628058		MATCHED_THOUGH_OSM_NO_NAME	n13275875488	25.4	0.09					LINESTRING(9.628058 52.904431,9.6279777 52.904654)
250	Bomlitz	Benefeld Grundschule	de:03358:8219::1	52.901524	9.635083	bus	MATCHED	n2795034745	124.0	0.12	Benefeld, Grundschule	401,506,511,520	Benefeld Waldorfschule / Benefeld Walter-Christoph-Platz		LINESTRING(9.635083 52.901524,9.6337021 52.902262900000004)
251	Bomlitz	Benefeld Grundschule	de:03358:8219::2	52.901526	9.635093	bus	NO_MATCH_BUT_OTHER_PLATFORM_MATCHED					511,520	Benefeld Walter-Christoph-Platz		POINT(9.635093 52.901526)
252	Bomlitz	Benefeld Uferstraße	de:03358:18694::1	52.909219	9.625228		MATCHED	n9965983764	38.3	0.18	Bomlitz, Uferstraße / Feldstraße				LINESTRING(9.625228 52.909219,9.6252613 52.90887540000001)
253	Bomlitz	Benefeld Waldorfschule	de:03358:8220::1	52.904237	9.636936	bus	MATCHED	n3607928081	41.2	0.26	Benefeld, Waldorfschule	401,506,511,520,885	Bomlitz Industriepark 2 / Kettenburg Hilligensehl / Bomlitz Schulzentrum		LINESTRING(9.636936 52.904237,9.6371503 52.904583800000005)
254	Bomlitz	Benefeld Waldorfschule	de:03358:8220::2	52.904231	9.636917	bus	MATCHED	n1224785162	91.8	0.15	Benefeld, Waldorfschule	401,506,511,520,885	Bomlitz Industriepark 2 / Benefeld Grundschule / Benefeld Grundschule / Benefeld Walter-Christoph-Platz		LINESTRING(9.636917 52.904231,9.6376223 52.9049379)
255	Bomlitz	Benefeld Walter-Christoph-Platz	de:03358:8221::1	52.904404	9.629136	bus	NO_MATCH_BUT_OTHER_PLATFORM_MATCHED					506,511,520	Benefeld Grundschule / Benefeld Waldorfschule		POINT(9.629136 52.904404)
256	Bomlitz	Benefeld Walter-Christoph-Platz	de:03358:8221::2	52.90434	9.63004	bus	MATCHED	n139743930	10.0	0.55	Benefeld, Walter-Christoph-Platz	401,506,511,520	Cordingen Warnautal / Hünzingen Ortsmitte / Benefeld Waldorfschule / Cordingen Bahnhof / Hünzingen Kolonie		LINESTRING(9.63004 52.90434,9.6300805 52.904253100000005)
257	Bomlitz	Benefeld Wiesenstraße	de:03358:18693::1	52.909639	9.634186		NO_MATCH_AND_SEEMS_UNSERVED								POINT(9.634186 52.909639)
258	Bomlitz	Benefeld Zum Hohen Felde	de:03358:18691::1	52.906912	9.633194		NO_MATCH_AND_SEEMS_UNSERVED								POINT(9.633194 52.906912)
259	Bomlitz	Bommelsen Bosselsmoor	de:03358:11423::1	52.94493	9.689274	bus	NO_MATCH_BUT_OTHER_PLATFORM_MATCHED					401,520	Bomlitz-Kleinharl / Löverschen		POINT(9.689274 52.94493)
260	Bomlitz	Bommelsen Bosselsmoor	de:03358:11423::2	52.94406	9.68999	bus	MATCHED	n2958977181	4.0	0.73	Bommelsen Bosselsmoor	401,520			LINESTRING(9.68999 52.94406,9.6900165 52.94402770000001)
261	Bomlitz	Bommelsen Dorfgemeinschaftshaus	de:03358:18815::1	52.939703	9.68879		MATCHED	n9830810061	15.1	0.39	Bommelsen Dorfgemeinschaftshaus				LINESTRING(9.68879 52.939703,9.6888108 52.939567700000005)
262	Bomlitz	Bommelsen Gästehaus	de:03358:18817::1	52.947496	9.690417		MATCHED	n9830810055	15.4	0.39	Gästehaus Bommelsen				LINESTRING(9.690417 52.947496,9.690514100000001 52.9473708)
263	Bomlitz	Bommelsen Kaffeestuv	de:03358:18816::1	52.941977	9.69024		MATCHED	n9830810058	5.5	0.62	Bommelsen Kaffeestuv				LINESTRING(9.69024 52.941977,9.690177400000001 52.942008900000005)
264	Bomlitz	Borg(Bomlitz) Böhmeufer	de:03358:11791::1	52.884225	9.619811	bus	MATCHED	n2988989491	38.4	0.27	Borg, Böhmeufer	511	Borg(Bomlitz) Ortsmitte		LINESTRING(9.619811 52.884225,9.619936500000001 52.884562200000005)
265	Bomlitz	Borg(Bomlitz) Böhmeufer	de:03358:11791::2	52.884211	9.6198	bus	NO_MATCH_BUT_OTHER_PLATFORM_MATCHED					401,511	Benefeld Walter-Christoph-Platz / Walsrode Vogelpark		POINT(9.6198 52.884211)
266	Bomlitz	Borg(Bomlitz) Ortsmitte	de:03358:11792::1	52.88784	9.621081	bus	MATCHED	n9965983754	29.8	0.32	Borg, Ortsmitte	511	Borg(Bomlitz) Siedlung		LINESTRING(9.621081 52.88784,9.620989900000001 52.8875777)
267	Bomlitz	Borg(Bomlitz) Ortsmitte	de:03358:11792::2	52.887882	9.620893	bus	MATCHED	n2988989492	21.3	0.39	Borg, Ortsmitte	401,511	Borg(Bomlitz) Böhmeufer		LINESTRING(9.620893 52.887882,9.620891400000001 52.887690600000006)
268	Bomlitz	Borg(Bomlitz) Siedlung	de:03358:11793::1	52.893393	9.621086	bus	NO_MATCH_BUT_OTHER_PLATFORM_MATCHED					511	Cordingen Schule		POINT(9.621086 52.893393)
269	Bomlitz	Borg(Bomlitz) Siedlung	de:03358:11793::2	52.893436	9.62124	bus	MATCHED_THOUGH_DISTANT	n2910837075	315.8	0.06	Borg, Siedlung	401,511	Borg(Bomlitz) Ortsmitte		LINESTRING(9.62124 52.893436,9.6196569 52.8961083)
270	Bomlitz	Cordingen Bahnhof	de:03358:18225::1	52.904535	9.621053	bus	MATCHED	n2988989495	1.5	0.86	Cordingen, Bahnhof	511	Benefeld Walter-Christoph-Platz		LINESTRING(9.621053 52.904535,9.621053100000001 52.904521100000004)
271	Bomlitz	Cordingen Bahnhof	de:03358:18225::2	52.904633	9.621033	bus	MATCHED_THOUGH_OSM_NO_NAME	n12800093037	36.2	0.11		401,511	Cordingen Schule		LINESTRING(9.621033 52.904633,9.620721600000001 52.9043677)
272	Bomlitz	Cordingen Holzindustrie	de:03358:18821::1	52.909681	9.62284		MATCHED	n9965983763	93.9	0.1	Cordingen, Holzindustrie				LINESTRING(9.62284 52.909681,9.6232188 52.9104937)
273	Bomlitz	Cordingen Schule	de:03358:18226::1	52.900042	9.619517	bus	MATCHED	n2988989493	37.7	0.27	Cordingen, Schule	511	Cordingen Bahnhof		LINESTRING(9.619517 52.900042,9.619537900000001 52.8997031)
274	Bomlitz	Cordingen Schule	de:03358:18226::2	52.900044	9.619506	bus	MATCHED	n9965983755	40.7	0.26	Cordingen, Schule	401,511	Borg(Bomlitz) Siedlung		LINESTRING(9.619506 52.900044,9.6193711 52.8996872)
275	Bomlitz	Cordingen Warnautal	de:03358:18227::1	52.910837	9.619032	bus	MATCHED	n686728604	36.9	0.25	Cordingen Warnautal	520	Hünzingen Kolonie / Benefeld Walter-Christoph-Platz		LINESTRING(9.619032 52.910837,9.619401100000001 52.9105914)
276	Bomlitz	Cordingen Warnautal	de:03358:18227::2	52.910861	9.619036	bus	NO_MATCH_BUT_OTHER_PLATFORM_MATCHED					520	Jarlingen Brammer		POINT(9.619036 52.910861)
277	Bomlitz	Elferdingen	de:03358:23594::1	52.875029	9.665277	bus	MATCHED	n9179646030	47.2	0.24	Elferdingen	511	Bad Fallingbostel Tietlinger Lönsweg		LINESTRING(9.665277 52.875029,9.6649352 52.8753991)
278	Bomlitz	Elferdingen	de:03358:23594::2	52.87503	9.665269	bus	MATCHED	n2989011256	51.6	0.22	Elferdingen	511	Uetzingen Hangweg		LINESTRING(9.665269 52.87503,9.664776400000001 52.8753849)
279	Bomlitz	Fallingbosteler Straße	de:03358:11416::1	52.898935	9.672731	bus	NO_MATCH					511,520	Wenzingen Abzw. / Wenzingen Katzengrund		POINT(9.672731 52.898935)
280	Bomlitz	Fallingbosteler Straße	de:03358:11416::2	52.898936	9.672727	bus	NO_MATCH					511,520	Bomlitz Graudenzer Straße		POINT(9.672727 52.898936)
281	Bomlitz	Fallingbostler Straße/Ahornstraße	de:03358:18661::1	52.90215	9.663915		NO_MATCH_AND_SEEMS_UNSERVED								POINT(9.663915 52.90215)
282	Bomlitz	Fallingbostler Straße/Tannenstraße	de:03358:18662::1	52.899813	9.670347		NO_MATCH_AND_SEEMS_UNSERVED								POINT(9.670347 52.899813)
283	Bomlitz	Fuhrenkamp	de:03358:18669::1	52.898534	9.649618		NO_MATCH_AND_SEEMS_UNSERVED								POINT(9.649618 52.898534)
284	Bomlitz	Graudenzer Straße	de:03358:11417::1	52.900898	9.667263	bus	MATCHED	n148932722	66.8	0.19	Bomlitz, Graudenzer Straße	511,520	Bomlitz Fallingbosteler Straße		LINESTRING(9.667263 52.900898,9.668156900000001 52.9006363)
285	Bomlitz	Graudenzer Straße	de:03358:11417::2	52.900891	9.667256	bus	MATCHED	n148932724	49.4	0.23	Bomlitz, Graudenzer Straße	511,520	Bomlitz Grundschule / Bomlitz Schulzentrum / Bomlitz Industriepark 1		LINESTRING(9.667256 52.900891,9.667870200000001 52.900647000000006)
286	Bomlitz	Grundschule	de:03358:11418::1	52.903811	9.656045	bus	NO_MATCH_BUT_OTHER_PLATFORM_MATCHED					401,506,511,520	Bomlitz Schulzentrum / Bomlitz Schulzentrum / Bomlitz Walsroder Straße / Bomlitz Graudenzer Straße		POINT(9.656045 52.903811)
287	Bomlitz	Grundschule	de:03358:11418::2	52.903866	9.655972	bus	MATCHED	n986751088	4.0	0.73	Bomlitz, Grundschule	401,506,511,520	Westerharl Ortsmitte / Bomlitz Schulzentrum / Bomlitz Industriepark 1		LINESTRING(9.655972 52.903866,9.6559422 52.9038345)
288	Bomlitz	Grundschule	de:03358:11418::3	52.90395	9.65597		NO_MATCH_AND_SEEMS_UNSERVED								POINT(9.65597 52.90395)
289	Bomlitz	Hans-Böckler-Straße	de:03358:18807::1	52.902417	9.653155		MATCHED	n9965983768	23.2	0.3	Bomlitz, Hans-Böckler-Straße				LINESTRING(9.653155 52.902417,9.653423100000001 52.9025485)
290	Bomlitz	Industriepark 1	de:03358:11419::1	52.906396	9.662696	bus	NO_MATCH_BUT_OTHER_PLATFORM_MATCHED					401,506,511,520	Bomlitz Graudenzer Straße / Bomlitz Walsroder Straße / Bomlitz Grundschule / Bomlitz Schulzentrum		POINT(9.662696 52.906396)
291	Bomlitz	Industriepark 1	de:03358:11419::2	52.90526	9.65726	bus	MATCHED	n2795060388	54.3	0.21	Bomlitz, Industriepark 1	401,506,511,520	Bomlitz Grundschule / Bomlitz Industriepark 2		LINESTRING(9.65726 52.90526,9.657852700000001 52.904929)
292	Bomlitz	Industriepark 2	de:03358:11420::1	52.907986	9.644884	bus	NO_MATCH_BUT_OTHER_PLATFORM_MATCHED					401,506,511,520	Bomlitz Industriepark 1		POINT(9.644884 52.907986)
293	Bomlitz	Industriepark 2	de:03358:11420::2	52.90799	9.644882	bus	MATCHED	n2795062766	21.6	0.37	Bomlitz, Industriepark 2	401,506,511,520	Benefeld Waldorfschule / Bomlitz Industriepark 1 / Benefeld Walter-Christoph-Platz / Westerharl Ortsmitte		LINESTRING(9.644882 52.90799,9.644624 52.908106200000006)
294	Bomlitz	Jarlingen Am Bienenzaun	de:03358:18697::1	52.935447	9.615711		MATCHED	n9965876137	31.8	0.24	Jarlingen, Am Bienenzaun				LINESTRING(9.615711 52.935447,9.6158306 52.935723200000005)
295	Bomlitz	Jarlingen Brammer	de:03358:46853::1	52.923136	9.624888	bus	MATCHED	n686728645	5.3	0.68	Jarlingen, Brammer	520	Cordingen Warnautal		LINESTRING(9.624888 52.923136,9.6249473 52.9231045)
296	Bomlitz	Jarlingen Brammer	de:03358:46853::2	52.923147	9.624685	bus	MATCHED	n686728647	10.8	0.53	Jarlingen, Brammer	520	Jarlingen Ortsmitte		LINESTRING(9.624685 52.923147,9.624834100000001 52.923111000000006)
297	Bomlitz	Jarlingen Großer Kamp	de:03358:46852::1	52.933295	9.617092	bus	NO_MATCH_BUT_OTHER_PLATFORM_MATCHED					520	Jarlingen Ortsmitte		POINT(9.617092 52.933295)
298	Bomlitz	Jarlingen Großer Kamp	de:03358:46852::2	52.933282	9.617079	bus	MATCHED	n686728626	164.6	0.1	Jarlingen, Großer Kamp	520	Ahrsen Denkmal		LINESTRING(9.617079 52.933282,9.6191175 52.9324616)
299	Bomlitz	Jarlingen Ortsmitte	de:03358:46854::1	52.927758	9.624255	bus	MATCHED	n9965876129	1.8	0.84	Jarlingen, Ortsmitte	520	Jarlingen Brammer		LINESTRING(9.624255 52.927758,9.624229300000001 52.927753100000004)
300	Bomlitz	Jarlingen Ortsmitte	de:03358:46854::2	52.927789	9.624023	bus	MATCHED	n2994456734	21.5	0.38	Jarlingen, Ortsmitte	520	Jarlingen Großer Kamp / Ahrsen Denkmal		LINESTRING(9.624023 52.927789,9.6243239 52.927723900000004)
301	Bomlitz	Kleinharl	de:03358:50390::1	52.932666	9.688945	bus	MATCHED	n9830810063	20.4	0.25	Kleinharl Gasthaus Witt	401	Kroge(Bomlitz) Abzw. Bomlitz		LINESTRING(9.688945 52.932666,9.6891595 52.9325368)
302	Bomlitz	Kleinharl	de:03358:50390::2	52.93233	9.68915	bus	MATCHED	n2958977176	20.2	0.25	Kleinharl Gasthaus Witt	401	Bommelsen Bosselsmoor		LINESTRING(9.68915 52.93233,9.688987200000001 52.9324822)
303	Bomlitz	Kreissparkasse	de:03358:18664::1	52.903472	9.660635		MATCHED	n11201806770	57.3	0.15	Bomlitz, Kreissparkasse				LINESTRING(9.660635 52.903472,9.660425 52.9039714)
304	Bomlitz	Kroge(Bomlitz) Abzw. Bomlitz	de:03358:51572::1	52.925517	9.692802	bus	MATCHED_THOUGH_DISTANT	n2958977178	233.3	0.07	Kroge, Abzw. Bomlitz	401	Kroge(Bomlitz) Am Riesbach / Westerharl Hasberg		LINESTRING(9.692802 52.925517,9.6919457 52.927549400000004)
305	Bomlitz	Kroge(Bomlitz) Abzw. Bomlitz	de:03358:51572::2	52.92741	9.692	bus	MATCHED	n9830810066	9.9	0.55	Kroge, Abzw. Bomlitz	401	Bomlitz-Kleinharl		LINESTRING(9.692 52.92741,9.692128700000001 52.927453500000006)
306	Bomlitz	Kroge(Bomlitz) Am Riesbach	de:03358:51573::1	52.927646	9.69668	bus	NO_MATCH_BUT_OTHER_PLATFORM_MATCHED					401	Kroge(Bomlitz) Abzw. Bomlitz / Westerharl Hasberg		POINT(9.69668 52.927646)
307	Bomlitz	Kroge(Bomlitz) Am Riesbach	de:03358:51573::2	52.926875	9.696932		MATCHED	n2958977177	3.1	0.73	Kroge, Am Riesbach				LINESTRING(9.696932 52.926875,9.696912000000001 52.9268495)
308	Bomlitz	Käthe-Kollwitz-Weg	de:03358:18690::1	52.906925	9.650666		NO_MATCH_AND_SEEMS_UNSERVED								POINT(9.650666 52.906925)
309	Bomlitz	Löverschen	de:03358:57556::1	52.956	9.654541	bus	NO_MATCH_BUT_OTHER_PLATFORM_MATCHED					520	Ahrsen Hof Gehrke		POINT(9.654541 52.956)
310	Bomlitz	Löverschen	de:03358:57556::2	52.956024	9.654528	bus	MATCHED	n686770961	23.1	0.37	Löverschen	520	Bommelsen Bosselsmoor		LINESTRING(9.654528 52.956024,9.6542019 52.9559573)
311	Bomlitz	Netto	de:03358:18667::1	52.897595	9.657007		NO_MATCH_AND_SEEMS_UNSERVED								POINT(9.657007 52.897595)
312	Bomlitz	Schulstraße	de:03358:18699::1	52.902538	9.657231		NO_MATCH_AND_SEEMS_UNSERVED								POINT(9.657231 52.902538)
313	Bomlitz	Schulzentrum	de:03358:11421::1	52.903794	9.645624	bus	NO_MATCH_BUT_OTHER_PLATFORM_MATCHED					401,506,511,520	Bomlitz Grundschule / Bomlitz Graudenzer Straße / Uetzingen Walsroder Straße		POINT(9.645624 52.903794)
314	Bomlitz	Schulzentrum	de:03358:11421::2	52.903797	9.645623	bus	NO_MATCH_BUT_OTHER_PLATFORM_MATCHED					401,506,511,520	Bomlitz Grundschule / Bomlitz Industriepark 1		POINT(9.645623 52.903797)
315	Bomlitz	Schulzentrum	de:03358:11421::3	52.90366	9.6446		MATCHED	n2795037048	8.7	0.52	Bomlitz, Schulzentrum				LINESTRING(9.6446 52.90366,9.644597300000001 52.9035815)
316	Bomlitz	Uetzingen Hangweg	de:03358:92330::1	52.882172	9.654171	bus	MATCHED	n11463868640	27.5	0.33	Uetzingen, Hangweg	511	Elferdingen		LINESTRING(9.654171 52.882172,9.654528200000001 52.8820513)
317	Bomlitz	Uetzingen Hangweg	de:03358:92330::2	52.882166	9.654159	bus	MATCHED	n2989011253	25.7	0.35	Uetzingen, Hangweg	511	Uetzingen Walsroder Straße / Wenzingen Idinger Weg		LINESTRING(9.654159 52.882166,9.654368 52.8819725)
318	Bomlitz	Uetzingen Lönsgrab	de:03358:92331::1	52.8813	9.647651	bus	MATCHED_THOUGH_DISTANT	n11463464332	282.4	0.06	Uetzingen, Lönsgrab	520	Honerdingen Bahnhof		LINESTRING(9.647651 52.8813,9.6434574 52.8812076)
319	Bomlitz	Uetzingen Lönsgrab	de:03358:92331::2	52.881303	9.647652	bus	MATCHED_THOUGH_DISTANT	n11463868648	282.9	0.06	Uetzingen, Lönsgrab	520	Uetzingen Walsroder Straße		LINESTRING(9.647652 52.881303,9.6434507 52.881216900000005)
320	Bomlitz	Uetzingen Walsroder Straße	de:03358:92332::1	52.885907	9.654688	bus	NO_MATCH_BUT_OTHER_PLATFORM_MATCHED					511,520	Bomlitz Walsroder Straße / Wenzingen Idinger Weg / Uetzingen Lönsgrab		POINT(9.654688 52.885907)
321	Bomlitz	Uetzingen Walsroder Straße	de:03358:92332::2	52.885912	9.654601	bus	MATCHED	n2994418331	184.4	0.09	Uetzingen, Walsroder Straße	511,520	Uetzingen Lönsgrab / Uetzingen Hangweg		LINESTRING(9.654601 52.885912,9.654172800000001 52.8842751)
322	Bomlitz	Waldbad	de:03358:18668::1	52.901728	9.645934		NO_MATCH_AND_SEEMS_UNSERVED								POINT(9.645934 52.901728)
323	Bomlitz	Walsrode Vogelpark	de:03358:95781::1	52.881898	9.596961	bus	MATCHED	n12839187797	52.2	0.22	Vogelpark Walsrode	511,885	Borg(Bomlitz) Böhmeufer / Hünzingen Ortsmitte		LINESTRING(9.596961 52.881898,9.59739 52.882289300000004)
324	Bomlitz	Walsrode Vogelpark	de:03358:95781::2	52.881829	9.597032	bus	MATCHED	n2988989494	91.3	0.15	Vogelpark Walsrode	511	Walsrode Cordinger Straße	Hünzingen, Ortsmitte	LINESTRING(9.597032 52.881829,9.5978936 52.882462800000006)
325	Bomlitz	Walsroder Straße	de:03358:11422::1	52.899773	9.659533	bus	NO_MATCH_BUT_OTHER_PLATFORM_MATCHED					402,511,520	Uetzingen Walsroder Straße / Walsrode Heidewerkstatt-Tagesförderstätte / Bomlitz Schulzentrum		POINT(9.659533 52.899773)
326	Bomlitz	Walsroder Straße	de:03358:11422::2	52.899774	9.659538	bus	MATCHED	n2994418327	24.2	0.36	Bomlitz, Walsroder Straße	511,520	Bomlitz Industriepark 1 / Bomlitz Grundschule / Bomlitz Grundschule		LINESTRING(9.659538 52.899774,9.659818900000001 52.8999104)
327	Bomlitz	Weltvogelpark Walsrode Parkplatz	de:03358:18670::1	52.883341	9.59849	bus	MATCHED	n11461097016	63.9	0.15	Vogelpark Walsrode	556	Walsrode Rewe Ebbinger Straße		LINESTRING(9.59849 52.883341,9.597548 52.8832693)
328	Bomlitz	Wenzingen Abzw. 	de:03358:97770::1	52.889349	9.691184	bus	NO_MATCH_BUT_OTHER_PLATFORM_MATCHED					511	Bad Fallingbostel Michelsenstraße / Bad Fallingbostel Idinger Heide / Bad Fallingbostel Michelsenstraße		POINT(9.691184 52.889349)
329	Bomlitz	Wenzingen Abzw. 	de:03358:97770::2	52.889346	9.691187	bus	MATCHED	n2989011254	16.0	0.45	Abzw. Wenzingen	511	Bomlitz Fallingbosteler Straße		LINESTRING(9.691187 52.889346,9.6912189 52.889203800000004)
330	Bomlitz	Wenzingen Idinger Weg	de:03358:97771::1	52.888411	9.66976	bus	NO_MATCH					511,520	Uetzingen Walsroder Straße / Uetzingen Hangweg / Uetzingen Walsroder Straße		POINT(9.66976 52.888411)
331	Bomlitz	Wenzingen Idinger Weg	de:03358:97771::2	52.888408	9.669769	bus	NO_MATCH					511,520	Wenzingen Katzengrund		POINT(9.669769 52.888408)
332	Bomlitz	Wenzingen Katzengrund	de:03358:97772::1	52.889061	9.681938	bus	MATCHED	n2989011257	61.3	0.2	Wenzingen, Katzengrund	511,520	Wenzingen Idinger Weg		LINESTRING(9.681938 52.889061,9.6810439 52.889169)
333	Bomlitz	Wenzingen Katzengrund	de:03358:97772::2	52.889058	9.681937	bus	MATCHED	n13416882014	69.2	0.18	Wenzingen, Katzengrund	511,520	Bomlitz Fallingbosteler Straße		LINESTRING(9.681937 52.889058,9.680915800000001 52.8891305)
334	Bomlitz	Westerharl Hasberg	de:03358:98398::1	52.924882	9.679929	bus	NO_MATCH_BUT_OTHER_PLATFORM_MATCHED					401	Westerharl Ortsmitte		POINT(9.679929 52.924882)
335	Bomlitz	Westerharl Hasberg	de:03358:98398::2	52.925379	9.684591	bus	MATCHED	n2958977183	10.6	0.54	Westerharl, Hasberg	401	Kroge(Bomlitz) Am Riesbach		LINESTRING(9.684591 52.925379,9.684658200000001 52.9252929)
336	Bomlitz	Westerharl Ortsmitte	de:03358:98399::1	52.921947	9.673044	bus	NO_MATCH_BUT_OTHER_PLATFORM_MATCHED					401	Benefeld Waldorfschule / Benefeld Grundschule / Bomlitz Industriepark 2		POINT(9.673044 52.921947)
337	Bomlitz	Westerharl Ortsmitte	de:03358:98399::2	52.92194	9.67289	bus	MATCHED	n2958977185	62.9	0.2	Westerharl, Ortsmitte	401	Westerharl Hasberg		LINESTRING(9.67289 52.92194,9.672317300000001 52.921492900000004)
338	Bomlitz	Westerharl Westerharler Straße	de:03358:98400::1	52.920566	9.670852		NO_MATCH_AND_SEEMS_UNSERVED								POINT(9.670852 52.920566)
339	Bomlitz	Westerharl Westerharler Straße	de:03358:98400::2	52.91581	9.65679		MATCHED	n2958977180	44.4	0.19	Westerharl, Westerharler Straße				LINESTRING(9.65679 52.91581,9.6574445 52.91586)
340	Buchholz (Aller)	Alte Mühle	de:03358:103805::1	52.663276	9.658027	bus	MATCHED	n5784360156	24.8	0.35	Buchholz, Alte Mühle	650	Buchholz(Aller) K160 Abzweig Buchholz		LINESTRING(9.658027 52.663276,9.6583916 52.6632997)
341	Buchholz (Aller)	Alte Mühle	de:03358:103805::2	52.663276	9.658027	bus	NO_MATCH_BUT_OTHER_PLATFORM_MATCHED					650	Schwarmstedt Schule / Schwarmstedt Bahnhof		POINT(9.658027 52.663276)
342	Buchholz (Aller)	Alte Mühle	de:03358:103805::3	52.663276	9.658027		NO_MATCH_AND_SEEMS_UNSERVED								POINT(9.658027 52.663276)
343	Buchholz (Aller)	B214	de:03358:15621::1	52.676781	9.679405	bus	NO_MATCH					880	Schwarmstedt Schule		POINT(9.679405 52.676781)
344	Buchholz (Aller)	Breek/Heideweg	de:03358:18792::1	52.674087	9.668336		MATCHED	n3008568703	6.4	0.59	Buchholz, Breek/ Heideweg				LINESTRING(9.668336 52.674087,9.6683614 52.6740317)
345	Buchholz (Aller)	Dorfstraße	de:03358:18791::1	52.675315	9.675424		MATCHED	n3008568704	2.1	0.8	Buchholz, Dorfstraße				LINESTRING(9.675424 52.675315,9.6754478 52.675303400000004)
346	Buchholz (Aller)	Dorfstraße	de:03358:18791::2	52.675315	9.675424		NO_MATCH_AND_SEEMS_UNSERVED								POINT(9.675424 52.675315)
347	Buchholz (Aller)	Dorfstraße/Alter Schulweg	de:03358:18793::1	52.668403	9.678231		MATCHED	n3008563417	6.2	0.6	Buchholz, Dorfstraße/ Alter Schulweg				LINESTRING(9.678231 52.668403,9.678204800000001 52.668456000000006)
348	Buchholz (Aller)	K160 Abzweig Buchholz	de:03358:15608::1	52.664488	9.661968	bus	MATCHED	n5784360157	27.2	0.28	K 160, Krzg. Abzw. Buchholz	650	Buchholz(Aller) Schule		LINESTRING(9.661968 52.664488,9.6622915 52.6646336)
349	Buchholz (Aller)	K160 Abzweig Buchholz	de:03358:15608::2	52.664477	9.661979	bus	MATCHED	n5784360155	28.9	0.27	K 160, Krzg. Abzw. Buchholz	650	Buchholz(Aller) Alte Mühle		LINESTRING(9.661979 52.664477,9.6623801 52.664567000000005)
350	Buchholz (Aller)	Marklendorf Am Schützenplatz	de:03358:59383::1	52.669549	9.712808	bus	MATCHED	n3006383942	14.7	0.47	Marklendorf, Am Schützenplatz	650	Marklendorf Siedlung / Buchholz(Aller) Schule		LINESTRING(9.712808 52.669549,9.7126698 52.6694468)
351	Buchholz (Aller)	Marklendorf Am Schützenplatz	de:03358:59383::2	52.669535	9.713534	bus	NO_MATCH_BUT_OTHER_PLATFORM_MATCHED					650,652	Marklendorf Zum Hohen Ufer / Engehausen / Wietze-Jeversen		POINT(9.713534 52.669535)
352	Buchholz (Aller)	Marklendorf Meierweg/Haselkampweg	de:03358:18795::1	52.671824	9.715641		MATCHED	n3008563418	9.0	0.49	Marklendorf, Meierweg Haselkampweg				LINESTRING(9.715641 52.671824,9.715632600000001 52.6719043)
353	Buchholz (Aller)	Marklendorf Mühlenweg/Silberkuhle	de:03358:18794::1	52.669583	9.708521		MATCHED	n3008563416	5.4	0.63	Marklendorf, Mühlenweg/ Silberkuhle				LINESTRING(9.708521 52.669583,9.7085355 52.669630500000004)
354	Buchholz (Aller)	Marklendorf Siedlung	de:03358:59384::1	52.672192	9.700551	bus	MATCHED	n3006380297	31.5	0.31	Marklendorf, Siedlung	650,652	Buchholz(Aller) Schule / Buchholz(Aller) Marschweg		LINESTRING(9.700551 52.672192,9.7001197 52.672298000000005)
355	Buchholz (Aller)	Marklendorf Siedlung	de:03358:59384::2	52.672175	9.700547	bus	NO_MATCH_BUT_OTHER_PLATFORM_MATCHED					650	Marklendorf Am Schützenplatz / Marklendorf Am Schützenplatz		POINT(9.700547 52.672175)
356	Buchholz (Aller)	Marklendorf Zum Hohen Ufer	de:03358:59385::1	52.667254	9.73688	bus	MATCHED	n787171867	34.2	0.24	Marklendorf, Am hohen Ufer	652	Marklendorf Siedlung		LINESTRING(9.73688 52.667254,9.736504100000001 52.667459300000004)
357	Buchholz (Aller)	Marklendorf Zum Hohen Ufer	de:03358:59385::2	52.667244	9.736876	bus	MATCHED	n787171875	29.4	0.26	Marklendorf, Am hohen Ufer	650	Marklendorf Am Schützenplatz		LINESTRING(9.736876 52.667244,9.736455300000001 52.667311600000005)
358	Buchholz (Aller)	Marschweg	de:03358:15609::1	52.675742	9.677679	bus	MATCHED	n3006366931	13.2	0.49	Buchholz (Aller), Marschweg	600,650	Schwarmstedt Bahnhof / Essel(Aller) Hannoversche Straße 18 / Schwarmstedt Bahnhof / Buchholz(Aller) Schule / Buchholz(Aller) Schule		LINESTRING(9.677679 52.675742,9.6778688 52.6757161)
359	Buchholz (Aller)	Marschweg	de:03358:15609::2	52.67602	9.678533	bus	NO_MATCH_BUT_OTHER_PLATFORM_MATCHED					600,650	Schwarmstedt Bahnhof / Essel(Aller) Hannoversche Straße 18 / Marklendorf Siedlung		POINT(9.678533 52.67602)
360	Buchholz (Aller)	Messpunkt Buchholz(Aller)	de:03358:60995::1	52.673735	9.693376		NO_MATCH_AND_SEEMS_UNSERVED								POINT(9.693376 52.673735)
361	Buchholz (Aller)	Schule	de:03358:15610::1	52.671935	9.673745	bus	MATCHED	n10612997495	62.7	0.2	Buchholz (Aller), Schule	600,650,652	Essel(Aller) Hannoversche Straße 18 / Buchholz(Aller) Marschweg		LINESTRING(9.673745 52.671935,9.6746528 52.67205190000001)
362	Buchholz (Aller)	Schule	de:03358:15610::2	52.671966	9.674509	bus	MATCHED	n3006366930	10.7	0.54	Buchholz (Aller), Schule	650	Buchholz(Aller) K160 Abzweig Buchholz / Wietze-Jeversen		LINESTRING(9.674509 52.671966,9.674515300000001 52.672062100000005)
363	Böhme	Altenwahlingen Ortsmitte	de:03358:2460::1	52.796143	9.42866	bus	NO_MATCH_BUT_OTHER_PLATFORM_MATCHED					402	Nordkampen		POINT(9.42866 52.796143)
364	Böhme	Altenwahlingen Ortsmitte	de:03358:2460::2	52.796131	9.428011	bus	NO_MATCH_BUT_OTHER_PLATFORM_MATCHED					402			POINT(9.428011 52.796131)
365	Böhme	Altenwahlingen Ortsmitte	de:03358:2460::3	52.79633	9.4261	bus	MATCHED	n8078175325	7.0	0.63	Altenwahlingen, Ortsmitte	510	Kirchwahlingen Ortsmitte / Altenwahlingen Wehrberg / Groß Häuslingen Bahnhofstraße		LINESTRING(9.4261 52.79633,9.4260251 52.7962859)
366	Böhme	Altenwahlingen Wehrberg	de:03358:2461::1	52.793699	9.450457	bus	MATCHED	n11038145639	41.5	0.26	Altenwahlingen, Wehrberg	510	Altenwahlingen Ortsmitte		LINESTRING(9.450457 52.793699,9.451004900000001 52.793528900000005)
367	Böhme	Altenwahlingen Wehrberg	de:03358:2461::2	52.79361	9.45086	bus	MATCHED	n2877229231	7.9	0.6	Altenwahlingen, Wehrberg	510	Böhme Ortsmitte		LINESTRING(9.45086 52.79361,9.4509706 52.793634100000006)
368	Böhme	Bahnhof	de:03358:16449::1	52.795403	9.478761	bus	MATCHED	n4579923401	149.8	0.1	Böhme, Bahnhof	510	Klein Eilstorf Ortsmitte		LINESTRING(9.478761 52.795403,9.479732700000001 52.796614500000004)
369	Böhme	Bahnhof	de:03358:16449::2	52.796702	9.479741	bus	MATCHED	n2877224150	7.9	0.6	Böhme, Bahnhof	510	Böhme Ortsmitte		LINESTRING(9.479741 52.796702,9.4796337 52.796673500000004)
370	Böhme	Bierde Abzw Beetenbrück	de:03358:00321::1	52.780161	9.561072		NO_MATCH_AND_SEEMS_UNSERVED								POINT(9.561072 52.780161)
371	Böhme	Bierde Ortsmitte	de:03358:16451::1	52.78191	9.501703	bus	MATCHED	n2877165836	130.0	0.12	Bierde, Ortsmitte	510	Böhme Bahnhof / Böhme Ortsmitte / Altenwahlingen Wehrberg		LINESTRING(9.501703 52.78191,9.503231300000001 52.7826217)
372	Böhme	Bierde Ortsmitte	de:03358:16451::2	52.781926	9.501721		NO_MATCH_AND_SEEMS_UNSERVED								POINT(9.501721 52.781926)
373	Böhme	Kirchwahlingen Ortsmitte	de:03358:49800::1	52.783301	9.411089	bus	MATCHED	n2918450302	38.3	0.27	Kirchwahlingen, Ortsmitte	510	Altenwahlingen Ortsmitte / Rethem(Aller) Mühlenstraße / Rethem(Aller) Schule		LINESTRING(9.411089 52.783301,9.410877000000001 52.782982000000004)
374	Böhme	Kirchwahlingen Ortsmitte	de:03358:49800::2	52.783301	9.411089		NO_MATCH_AND_SEEMS_UNSERVED								POINT(9.411089 52.783301)
375	Böhme	Ortsmitte	de:03358:16450::1	52.790467	9.477195	bus	MATCHED	n2877224151	30.5	0.31	Böhme, Ortsmitte	510	Böhme-Bierde Ortsmitte		LINESTRING(9.477195 52.790467,9.477580600000001 52.790324500000004)
376	Böhme	Ortsmitte	de:03358:16450::2	52.79054	9.47706	bus	MATCHED	n4579923398	1.8	0.84	Böhme, Ortsmitte	510	Altenwahlingen Wehrberg		LINESTRING(9.47706 52.79054,9.4770351 52.790544600000004)
377	Böhme	Rethem(Aller) Fähre	de:03358:76913::1	52.792791	9.408451	bus	MATCHED	n2877252708	54.2	0.22	Rethem, Fähre	510	Rethem(Aller) Mühlenstraße / Rethem(Aller) Schule		LINESTRING(9.408451 52.792791,9.407782800000001 52.792520200000006)
378	Böhme	Rethem(Aller) Fähre	de:03358:76913::2	52.792796	9.408383	bus	MATCHED	n13241280039	7.4	0.61	Rethem, Fähre	510	Altenwahlingen Ortsmitte / Groß Häuslingen Bahnhofstraße / Groß Eilstorf Ortsmitte		LINESTRING(9.408383 52.792796,9.4084114 52.792860700000006)
379	Eickeloh	Am Schulhof	de:03358:23148::1	52.72828	9.608892	bus	MATCHED_THOUGH_DISTANT	n2998129891	200.1	0.08	Eickeloh, Am Schulhof	600	Hademstorf Hansadamm		LINESTRING(9.608892 52.72828,9.6063135 52.729166400000004)
380	Eickeloh	Am Schulhof	de:03358:23148::2	52.728115	9.608729	bus	NO_MATCH_BUT_OTHER_PLATFORM_MATCHED					600	Eickeloh Neue Dorfstraße		POINT(9.608729 52.728115)
381	Eickeloh	Eickeloh	de:03358:23147::1	52.731129	9.61238		NO_MATCH_AND_SEEMS_UNSERVED								POINT(9.61238 52.731129)
382	Eickeloh	Neue Dorfstraße	de:03358:23149::1	52.735223	9.602548	bus	MATCHED	n3457869552	39.5	0.23	Eickeloh, Neue Dorfstelle (L 190)	600	Hodenhagen Gutsweg / Hodenhagen Neues Dorf		LINESTRING(9.602548 52.735223,9.6026127 52.73486990000001)
383	Eickeloh	Neue Dorfstraße	de:03358:23149::2	52.735256	9.602742	bus	MATCHED	n2998129892	32.4	0.26	Eickeloh, Neue Dorfstelle (L 190)	600	Eickeloh Am Schulhof		LINESTRING(9.602742 52.735256,9.6027812 52.734965800000005)
384	Essel	Alexanderplatz	de:03358:18796::1	52.700248	9.663585		NO_MATCH_AND_SEEMS_UNSERVED								POINT(9.663585 52.700248)
385	Essel	Bothmerscher Weg	de:03358:25945::1	52.691837	9.64175	bus	NO_MATCH_BUT_OTHER_PLATFORM_MATCHED					600,650	Schwarmstedt Schule / Schwarmstedt Bahnhof / Essel(Aller) Feuerwehrhaus		POINT(9.64175 52.691837)
386	Essel	Bothmerscher Weg	de:03358:25945::2	52.69204	9.640645	bus	MATCHED	n494266481	5.4	0.68	Essel, Bothmerscher Weg	600,650	Engehausen / Buchholz(Aller) Schule / Essel(Aller) Feuerwehrhaus / Hademstorf Campingplatz		LINESTRING(9.640645 52.69204,9.640565500000001 52.6920372)
387	Essel	Dorfplatz	de:03358:18790::1	52.691922	9.642567		MATCHED	n494266486	6.6	0.59	Essel, Dorfplatz				LINESTRING(9.642567 52.691922,9.6426076 52.6919759)
388	Essel	Engehausen	de:03358:24777::1	52.688831	9.699408	bus	MATCHED	n769898414	26.3	0.34	Engehausen	650	Stillenhöfen		LINESTRING(9.699408 52.688831,9.699170500000001 52.6890185)
389	Essel	Feuerwehrhaus	de:03358:25946::1	52.68991	9.643854	bus	MATCHED	n494266496	5.2	0.69	Essel, Feuerwehrhaus	600,650	Essel(Aller) Hannoversche Straße 33		LINESTRING(9.643854 52.68991,9.6439081 52.6899431)
390	Essel	Feuerwehrhaus	de:03358:25946::2	52.68991	9.643854	bus	NO_MATCH_BUT_OTHER_PLATFORM_MATCHED					600,650	Essel(Aller) Bothmerscher Weg / Essel(Aller) Bothmerscher Weg		POINT(9.643854 52.68991)
391	Essel	Hannoversche Straße 18	de:03358:104023::1	52.681409	9.649779		MATCHED	n5021540542	28.6	0.25	Essel, Hannoversche Straße 18				LINESTRING(9.649779 52.681409,9.6501084 52.681248200000006)
392	Essel	Hannoversche Straße 18	de:03358:104023::2	52.681409	9.649779	bus	MATCHED	n5021540541	26.6	0.33	Essel, Hannoversche Straße 18	600,650	Essel(Aller) Hannoversche Straße 33 / Essel(Aller) Bothmerscher Weg / Buchholz(Aller) Schule		LINESTRING(9.649779 52.681409,9.6498705 52.681176)
393	Essel	Hannoversche Straße 33	de:03358:25947::1	52.685617	9.646574	bus	MATCHED	n2998129889	8.3	0.58	Essel, Hannoversche Straße 33	600,650	Buchholz(Aller) Marschweg / Schwarmstedt Schule / Marklendorf Siedlung / Essel(Aller) Hannoversche Straße 18		LINESTRING(9.646574 52.685617,9.646485100000001 52.6856689)
394	Essel	Hannoversche Straße 33	de:03358:25947::2	52.685733	9.646559	bus	NO_MATCH_BUT_OTHER_PLATFORM_MATCHED					600,650	Essel(Aller) Feuerwehrhaus		POINT(9.646559 52.685733)
395	Essel	Ostenholzer Moor Heidekröpke	de:03358:25948::1	52.732418	9.694404		NO_MATCH_AND_SEEMS_UNSERVED								POINT(9.694404 52.732418)
396	Essel	Stillenhöfen	de:03358:87962::1	52.687902	9.71657	bus	MATCHED	n3006444688	5.9	0.66	Stillenhöfen	650	Wietze-Jeversen		LINESTRING(9.71657 52.687902,9.716510600000001 52.687863300000004)
397	Frankenfeld	Abzw. L 157	de:03358:27756::1	52.762711	9.431975	bus	MATCHED	n2996413090	4.6	0.71	L 157, Abzw. Frankenfeld	554	Bosse L 157/Nr. 19		LINESTRING(9.431975 52.762711,9.431959 52.7627509)
398	Frankenfeld	Abzw. L 157	de:03358:27756::2	52.763277	9.431957	bus	MATCHED_THOUGH_OSM_NO_NAME	w1391567155	59.0	0.06		554	Hedern Kurzer Förthsweg		LINESTRING(9.431957 52.763277,9.431964050000001 52.762746750000005)
399	Frankenfeld	Bosse Abzw. Frankenfeld	de:03358:12394::1	52.764871	9.454867	bus	MATCHED	n2996413094	3.9	0.74	Bosse, Abzw. Frankenfeld	554	Bosse Ortsmitte / Frankenfeld(Aller) Denkmal		LINESTRING(9.454867 52.764871,9.454851600000001 52.7649047)
400	Frankenfeld	Bosse Abzw. Frankenfeld	de:03358:12394::2	52.764971	9.454768		NO_MATCH_AND_SEEMS_UNSERVED								POINT(9.454768 52.764971)
401	Frankenfeld	Bosse Abzw. L 157	de:03358:12395::1	52.757053	9.454403	bus	NO_MATCH_BUT_OTHER_PLATFORM_MATCHED					554	Eilte Mühlenhof		POINT(9.454403 52.757053)
402	Frankenfeld	Bosse Abzw. L 157	de:03358:12395::2	52.757124	9.454235	bus	MATCHED	n2996413089	21.0	0.39	L 157, Abzw. Bosse	554	Bosse L 157/Nr. 19		LINESTRING(9.454235 52.757124,9.4539235 52.757133700000004)
403	Frankenfeld	Bosse L 157/Nr. 19	de:03358:12396::1	52.757752	9.444336	bus	NO_MATCH_BUT_OTHER_PLATFORM_MATCHED					554	Hedern Kurzer Förthsweg / Bosse Abzw. L 157 / Bosse Ortsmitte		POINT(9.444336 52.757752)
404	Frankenfeld	Bosse L 157/Nr. 19	de:03358:12396::2	52.756949	9.446075	bus	MATCHED_THOUGH_DISTANT	n2996413095	230.6	0.07	L 157, Bosse Nr. 19	554	Frankenfeld(Aller) Dorfstraße 24 / Frankenfeld(Aller) Abzw. L 157 / Hedern Kurzer Förthsweg		LINESTRING(9.446075 52.756949,9.4494872 52.7570635)
405	Frankenfeld	Bosse Ortsmitte	de:03358:12397::1	52.768476	9.459412	bus	MATCHED	n2996413085	10.2	0.55	Bosse, Ortsmitte	554	Bosse L 157/Nr. 19 / Bosse L 157/Nr. 19 / Bosse Abzw. Frankenfeld		LINESTRING(9.459412 52.768476,9.459266600000001 52.768450800000004)
406	Frankenfeld	Bosse Ortsmitte	de:03358:12397::2	52.768476	9.459412		NO_MATCH_AND_SEEMS_UNSERVED								POINT(9.459412 52.768476)
407	Frankenfeld	Denkmal	de:03358:27758::1	52.768438	9.428832	bus	MATCHED	n2996413093	0.4	0.93	Frankenfeld, Denkmal	554	Frankenfeld(Aller) Dorfstraße 24 / Bosse Abzw. Frankenfeld		LINESTRING(9.428832 52.768438,9.4288361 52.7684402)
408	Frankenfeld	Denkmal	de:03358:27758::2	52.768453	9.428813		NO_MATCH_AND_SEEMS_UNSERVED								POINT(9.428813 52.768453)
409	Frankenfeld	Dorfstraße 24	de:03358:27757::1	52.763404	9.43141	bus	NO_MATCH					554	Frankenfeld(Aller) Denkmal / Bosse Abzw. L 157		POINT(9.43141 52.763404)
410	Frankenfeld	Dorfstraße 24	de:03358:27757::2	52.763764	9.424104		NO_MATCH_AND_SEEMS_UNSERVED								POINT(9.424104 52.763764)
411	Frankenfeld	Frankenfeldermühle	de:03358:00319::1	52.753092	9.454265		NO_MATCH_AND_SEEMS_UNSERVED								POINT(9.454265 52.753092)
412	Frankenfeld	Frankenfeldermühle	de:03358:00319::2	52.753244	9.454366		NO_MATCH_AND_SEEMS_UNSERVED								POINT(9.454366 52.753244)
413	Frankenfeld	Hedern DGH	de:03358:600318::1	52.765536	9.410974		NO_MATCH_AND_SEEMS_UNSERVED								POINT(9.410974 52.765536)
414	Frankenfeld	Hedern DGH	de:03358:600318::2	52.765424	9.410805		NO_MATCH_AND_SEEMS_UNSERVED								POINT(9.410805 52.765424)
415	Frankenfeld	Hedern Kurzer Förthsweg	de:03358:39495::1	52.763726	9.42432	bus	MATCHED	n2996413087	5.9	0.39	Frankenfeld, Abzw. Ort	554	Frankenfeld(Aller) Dorfstraße 24 / Frankenfeld(Aller) Abzw. L 157 / Bosse L 157/Nr. 19 / Hedern Ortsmitte		LINESTRING(9.42432 52.763726,9.4243549 52.763775100000004)
416	Frankenfeld	Hedern Kurzer Förthsweg	de:03358:39495::2	52.76392	9.424136	bus	NO_MATCH_BUT_OTHER_PLATFORM_MATCHED					554	Hedern Ortsmitte		POINT(9.424136 52.76392)
417	Frankenfeld	Hedern Ortsmitte	de:03358:39496::1	52.768411	9.411331	bus	MATCHED	n2996413088	49.2	0.11	Hedern, Alte Schule	554	Hedern Kurzer Förthsweg / Rethem(Aller) Gewerbepark		LINESTRING(9.411331 52.768411,9.411949700000001 52.7681765)
418	Frankenfeld	Hedern Ortsmitte	de:03358:39496::2	52.768421	9.411094	bus	MATCHED_THOUGH_DISTANT	n2996413092	377.9	0.05	Hedern, Ortsmitte	554	Rethem(Aller) Gewerbepark		LINESTRING(9.411094 52.768421,9.4055286 52.7688045)
419	Gilten	Abzw. Hörem	de:03358:30773::1	52.710489	9.574287	bus	MATCHED	n7981734739	87.4	0.16	Gilten, Abzw. Hörem	602	Gilten Ortsmitte		LINESTRING(9.574287 52.710489,9.5737106 52.709785800000006)
420	Gilten	Abzw. Hörem	de:03358:30773::2	52.710478	9.574187	bus	MATCHED	n3005479077	54.3	0.22	Gilten, Abzw. Hörem	602	Grethem Bahnhof		LINESTRING(9.574187 52.710478,9.5740771 52.709994200000004)
421	Gilten	Grethem Bahnhof	de:03358:31981::1	52.716854	9.577389	bus	MATCHED	n12117514726	32.7	0.3	Grethem, Bahnhof	602	Gilten Abzw. Hörem		LINESTRING(9.577389 52.716854,9.577125 52.716608)
422	Gilten	Grethem Bahnhof	de:03358:31981::2	52.716343	9.577151	bus	MATCHED	n3005479075	27.6	0.33	Grethem, Bahnhof	602	Grethem Dorfstraße		LINESTRING(9.577151 52.716343,9.5772501 52.7165833)
423	Gilten	Lindenstraße	de:03358:30774::1	52.707664	9.579789	bus	MATCHED	n2795139340	23.0	0.37	Gilten, Lindenstraße	651	Gilten Ortsmitte		LINESTRING(9.579789 52.707664,9.5794479 52.707661300000005)
424	Gilten	Lindenstraße	de:03358:30774::2	52.707829	9.579859	bus	NO_MATCH_BUT_OTHER_PLATFORM_MATCHED					651	Bothmer Schule		POINT(9.579859 52.707829)
425	Gilten	Nienhagen Dorfgemeinschaftshaus	de:03358:30776::1	52.70341	9.543274	bus	MATCHED	n12117511178	24.7	0.36	Nienhagen, Dorfgemeinschaftshaus	602,651	Nienhagen Hufe / Suderbruch Nienhagener Weg / Suderbruch Nord / Gilten Ortsmitte		LINESTRING(9.543274 52.70341,9.542985900000001 52.703273900000006)
426	Gilten	Nienhagen Dorfgemeinschaftshaus	de:03358:30776::2	52.703359	9.543443	bus	MATCHED	n2795122097	32.6	0.3	Nienhagen, Dorfgemeinschaftshaus	602	Gilten Ortsmitte		LINESTRING(9.543443 52.703359,9.543039400000001 52.703199100000006)
427	Gilten	Nienhagen Hufe	de:03358:18928::1	52.702094	9.514569	bus	NO_MATCH					651	Gilten-Nienhagen Dorfgemeinschaftshaus		POINT(9.514569 52.702094)
428	Gilten	Nienhagen Hufe	de:03358:18928::2	52.702094	9.514569	bus	NO_MATCH					651	Rodewald Siedlung		POINT(9.514569 52.702094)
429	Gilten	Nienhagen Schmuck	de:03358:18948::1	52.701893	9.549389		MATCHED	n3008463839	5.8	0.61	Nienhagen, Schmuck				LINESTRING(9.549389 52.701893,9.5493726 52.7019443)
430	Gilten	Nienhagen Schmuck	de:03358:18948::2	52.701893	9.549389		NO_MATCH_AND_SEEMS_UNSERVED								POINT(9.549389 52.701893)
431	Gilten	Norddrebber Bohms	de:03358:18949::1	52.680663	9.573234		MATCHED_THOUGH_OSM_NO_NAME	n3605742475	9.3	0.16					LINESTRING(9.573234 52.680663,9.5732731 52.680743500000005)
432	Gilten	Norddrebber Bohms	de:03358:18949::2	52.680663	9.573234		NO_MATCH_AND_SEEMS_UNSERVED								POINT(9.573234 52.680663)
433	Gilten	Norddrebber Ortsmitte	de:03358:67938::1	52.681463	9.579687	bus	NO_MATCH_BUT_OTHER_PLATFORM_MATCHED					602,651	Bothmer Feuerwehr / Schwarmstedt Friedhof		POINT(9.579687 52.681463)
434	Gilten	Norddrebber Ortsmitte	de:03358:67938::2	52.681627	9.580184	bus	MATCHED	n2795103237	10.1	0.55	Norddrebber, Ortsmitte	602,651	Suderbruch Süd / Suderbruch Spritzenhaus / Gilten Ortsmitte / Stöckendr./Löxterstraße		LINESTRING(9.580184 52.681627,9.580053900000001 52.6815817)
435	Gilten	Ortsmitte	de:03358:30775::1	52.707002	9.57248	bus	MATCHED	n2795134674	11.3	0.52	Gilten, Ortsmitte	602,651	Norddrebber Ortsmitte / Gilten-Nienhagen Dorfgemeinschaftshaus / Stöckendr./Löxterstraße		LINESTRING(9.57248 52.707002,9.5725739 52.707086600000004)
436	Gilten	Ortsmitte	de:03358:30775::2	52.707016	9.572395	bus	MATCHED	n12117518749	11.4	0.52	Gilten, Ortsmitte	602,651	Gilten Lindenstraße / Gilten Abzw. Hörem		LINESTRING(9.572395 52.707016,9.5724633 52.7071102)
437	Gilten	Suderbruch Nienhagener Weg	de:03358:88933::1	52.685429	9.537358	bus	MATCHED	n2795117463	36.8	0.28	Suderbruch, Nienhagener Weg	602,651	Suderbruch Nord		LINESTRING(9.537358 52.685429,9.537796 52.68562480000001)
438	Gilten	Suderbruch Nienhagener Weg	de:03358:88933::2	52.685425	9.537347	bus	NO_MATCH_BUT_OTHER_PLATFORM_MATCHED					602,651	Gilten-Nienhagen Dorfgemeinschaftshaus / Rodewald Siedlung		POINT(9.537347 52.685425)
439	Gilten	Suderbruch Nord	de:03358:88934::1	52.679851	9.526569	bus	MATCHED	n2795115789	13.0	0.49	Suderbruch, Nord	602,651	Suderbruch Spritzenhaus		LINESTRING(9.526569 52.679851,9.5266873 52.6799435)
440	Gilten	Suderbruch Nord	de:03358:88934::2	52.6798	9.526569	bus	NO_MATCH_BUT_OTHER_PLATFORM_MATCHED					602,651	Suderbruch Nienhagener Weg / Gilten-Nienhagen Dorfgemeinschaftshaus		POINT(9.526569 52.6798)
441	Gilten	Suderbruch Spritzenhaus	de:03358:88935::1	52.676944	9.526002	bus	MATCHED	n2795114909	4.4	0.72	Suderbruch, Spritzenhaus	602,651	Suderbruch Süd / Norddrebber Ortsmitte		LINESTRING(9.526002 52.676944,9.5260382 52.676977300000004)
442	Gilten	Suderbruch Spritzenhaus	de:03358:88935::2	52.676942	9.525987	bus	NO_MATCH_BUT_OTHER_PLATFORM_MATCHED					602,651	Suderbruch Nord		POINT(9.525987 52.676942)
443	Gilten	Suderbruch Süd	de:03358:88936::1	52.6738	9.525432	bus	MATCHED_THOUGH_OSM_NO_NAME	n2795112209	9.1	0.22		602,651	Suderbruch Spritzenhaus / Norddrebber Ortsmitte		LINESTRING(9.525432 52.6738,9.5254407 52.6737182)
444	Gilten	Suderbruch Süd	de:03358:88936::2	52.6738	9.525417		NO_MATCH_AND_SEEMS_UNSERVED								POINT(9.525417 52.6738)
445	Grethem	Büchten Ortsmitte	de:03358:18824::1	52.733167	9.567021		MATCHED	n3005490345	39.7	0.13	Büchten, Zur Linde				LINESTRING(9.567021 52.733167,9.567134300000001 52.7328169)
446	Grethem	Büchten Ortsmitte	de:03358:18824::2	52.733176	9.567021		NO_MATCH_AND_SEEMS_UNSERVED								POINT(9.567021 52.733176)
447	Grethem	Büchten zur Linde	de:03358:16691::1	52.732806	9.567238	bus	MATCHED	w203327678	6.5	0.58	Büchten, Zur Linde	602	Grethem Dorfstraße		LINESTRING(9.567238 52.732806,9.567160268391794 52.73277202388754)
448	Grethem	Büchten zur Linde	de:03358:16691::2	52.732662	9.567399	bus	MATCHED	w233436498	12.2	0.46	Büchten, Zur Linde	602	Ahlden(Aller) Twachtweg		LINESTRING(9.567399 52.732662,9.567392415391268 52.73277151085725)
449	Grethem	Dorfstraße	de:03358:31982::1	52.726448	9.576243	bus	MATCHED	n12117514721	53.9	0.22	Grethem, Dorfstraße	602	Grethem Bahnhof		LINESTRING(9.576243 52.726448,9.5770399 52.726475300000004)
450	Grethem	Dorfstraße	de:03358:31982::2	52.726421	9.576988	bus	MATCHED	w203332374	6.2	0.65	Grethem, Dorfstraße	602	Büchten zur Linde		LINESTRING(9.576988 52.726421,9.57707015 52.726395199999985)
451	Hademstorf	Bahnhof	de:03358:34528::1	52.711628	9.637972	bus	MATCHED	n3457869550	35.2	0.29	Hademstorf, Bahnhof	600	Hademstorf Campingplatz		LINESTRING(9.637972 52.711628,9.638397300000001 52.7114446)
452	Hademstorf	Bahnhof	de:03358:34528::2	52.711525	9.63837	bus	MATCHED	n769900769	7.6	0.61	Hademstorf, Bahnhof	600	Hademstorf Ortsmitte		LINESTRING(9.63837 52.711525,9.638477 52.7115474)
453	Hademstorf	Campingplatz	de:03358:34529::1	52.706748	9.657112	bus	MATCHED	n10709246376	91.1	0.15	Hademstorf, Campingplatz	600	Essel(Aller) Bothmerscher Weg / Schwarmstedt Schule		LINESTRING(9.657112 52.706748,9.6583188 52.7063829)
454	Hademstorf	Campingplatz	de:03358:34529::2	52.706748	9.657112	bus	MATCHED	n2998129887	11.7	0.52	Hademstorf, Campingplatz	600	Hademstorf Bahnhof		LINESTRING(9.657112 52.706748,9.657045 52.706845400000006)
455	Hademstorf	Hademstorf	de:03358:34527::1	52.712333	9.63884		NO_MATCH_AND_SEEMS_UNSERVED								POINT(9.63884 52.712333)
456	Hademstorf	Hansadamm	de:03358:34530::1	52.71914	9.624585	bus	MATCHED	n2998129885	9.5	0.56	Hademstorf, Hansadamm	600	Hademstorf Ortsmitte		LINESTRING(9.624585 52.71914,9.624626000000001 52.7190584)
457	Hademstorf	Hansadamm	de:03358:34530::2	52.719061	9.624474	bus	MATCHED	n3457869551	19.0	0.41	Hademstorf, Hansadamm	600	Eickeloh Am Schulhof		LINESTRING(9.624474 52.719061,9.624210300000001 52.719119500000005)
458	Hademstorf	Ortsmitte	de:03358:34531::1	52.712948	9.632884	bus	MATCHED	n2998129893	21.7	0.38	Hademstorf, Ortsmitte	600	Hademstorf Hansadamm		LINESTRING(9.632884 52.712948,9.6331079 52.7128084)
459	Hademstorf	Ortsmitte	de:03358:34531::2	52.713398	9.63128	bus	NO_MATCH_BUT_OTHER_PLATFORM_MATCHED					600	Hademstorf Bahnhof		POINT(9.63128 52.713398)
460	Hodenhagen	Allerstraße	de:03358:00136	52.761828	9.574251		MATCHED	n2998171350	150.9	0.07	Hodenhagen, Allerstraße				LINESTRING(9.574251 52.761828,9.5721719 52.7613289)
461	Hodenhagen	Allerstraße	de:03358:42766::1	52.762411	9.58168	bus	NO_MATCH					554,602	Ahlden(Aller) Neue Straße / Ahlden(Aller) Schule / Ahlden(Aller) Neue Straße		POINT(9.58168 52.762411)
462	Hodenhagen	Allerstraße	de:03358:42766::2	52.762555	9.581837	bus	NO_MATCH					554,600,602	Hodenhagen Schulstraße / Hodenhagen Bahnhof / Ahlden(Aller) Neue Straße		POINT(9.581837 52.762555)
463	Hodenhagen	Bahnhof	de:03358:42767::1	52.766179	9.594872	bus	NO_MATCH_BUT_OTHER_PLATFORM_MATCHED					554,600,602	Hodenhagen Grundschule / Hodenhagen Allerstraße / Hodenhagen Schulstraße / Hodenhagen Heerstraße		POINT(9.594872 52.766179)
464	Hodenhagen	Bahnhof	de:03358:42767::2	52.766158	9.594928	bus	MATCHED	n2998171349	8.7	0.58	Hodenhagen, Bahnhof	554,600,602	Hodenhagen Allerstraße / Hodenhagen Grundschule		LINESTRING(9.594928 52.766158,9.595038200000001 52.766198100000004)
465	Hodenhagen	Bahnhof	de:03358:42767::3	52.765437	9.595114		NO_MATCH_AND_SEEMS_UNSERVED								POINT(9.595114 52.765437)
466	Hodenhagen	Grundschule	de:03358:42768::1	52.760846	9.584337	bus	MATCHED	n4579921486	8.7	0.58	Hodenhagen, Grundschule	600	Hodenhagen Gutsweg		LINESTRING(9.584337 52.760846,9.5842414 52.7607938)
467	Hodenhagen	Grundschule	de:03358:42768::2	52.76079	9.584392	bus	MATCHED	n2998171348	9.4	0.56	Hodenhagen, Grundschule	602	Hodenhagen Bahnhof		LINESTRING(9.584392 52.76079,9.584524700000001 52.7607633)
468	Hodenhagen	Gutsweg	de:03358:42769::1	52.756784	9.589545	bus	MATCHED	n4579921485	11.7	0.52	Hodenhagen, Gutsweg	402,600	Hodenhagen Zwei Linden / Eickeloh Neue Dorfstraße		LINESTRING(9.589545 52.756784,9.5893732 52.7567694)
469	Hodenhagen	Gutsweg	de:03358:42769::2	52.756817	9.589644	bus	MATCHED	n2998129888	9.2	0.57	Hodenhagen, Gutsweg	600	Hodenhagen Bahnhof / Hodenhagen Neues Dorf		LINESTRING(9.589644 52.756817,9.5895083 52.756828600000006)
470	Hodenhagen	Heerstraße	de:03358:42770::1	52.76423	9.582852	bus	MATCHED	n2998171340	9.4	0.57	Hodenhagen, Heerstraße	600	Hodenhagen Grundschule / Hodenhagen Bahnhof		LINESTRING(9.582852 52.76423,9.582713 52.764229300000004)
471	Hodenhagen	Heerstraße	de:03358:42770::2	52.763907	9.582952	bus	NO_MATCH_BUT_OTHER_PLATFORM_MATCHED					554,600,602	Ahlden(Aller) Neue Straße / Hodenhagen Allerstraße / Hodenhagen Bahnhof / Hodenhagen Allerstraße / Hodenhagen Grundschule		POINT(9.582952 52.763907)
472	Hodenhagen	Hodenhagen	de:03358:42765::1	52.766138	9.595212		MATCHED	n6563804762	6.0	0.59	Hodenhagen			Schwarmstedt	LINESTRING(9.595212 52.766138,9.595289600000001 52.7661111)
473	Hodenhagen	Hodenhagen	de:03358:42765::2	52.765827	9.595534		MATCHED	n6563804763	9.5	0.49	Hodenhagen			Walsrode	LINESTRING(9.595534 52.765827,9.5954583 52.765899100000006)
474	Hodenhagen	Neues Dorf	de:03358:42771::1	52.761337	9.584666	bus	NO_MATCH					600	Hodenhagen Schulstraße / Hodenhagen Bahnhof / Hodenhagen Allerstraße		POINT(9.584666 52.761337)
475	Hodenhagen	Schulstraße	de:03358:42772::1	52.764093	9.580423	bus	NO_MATCH_BUT_OTHER_PLATFORM_MATCHED					554,600,602	Ahlden(Aller) Neue Straße / Hodenhagen Heerstraße / Hodenhagen Allerstraße / Hodenhagen Heerstraße		POINT(9.580423 52.764093)
476	Hodenhagen	Schulstraße	de:03358:42772::2	52.764108	9.58045	bus	MATCHED	n2998171346	41.9	0.26	Hodenhagen, Schulstraße	600	Hodenhagen Heerstraße		LINESTRING(9.58045 52.764108,9.581055300000001 52.764193600000006)
477	Hodenhagen	Serengetipark	de:03358:42773::1	52.752832	9.620142		MATCHED	n3497288908	43.8	0.09	Seregeti Bustour				LINESTRING(9.620142 52.752832,9.619602200000001 52.752613800000006)
478	Hodenhagen	Zwei Linden	de:03358:24018::1	52.758162	9.588186	bus	NO_MATCH					402	Walsrode Schneede		POINT(9.588186 52.758162)
479	Häuslingen	Groß Häuslingen Bahnhofstraße	de:03358:32484::1	52.805854	9.397252	bus	MATCHED	n3016688958	42.7	0.25	Groß Häuslingen, Bahnhofstraße	510	Groß Häuslingen Dreyer		LINESTRING(9.397252 52.805854,9.396981 52.8055073)
480	Häuslingen	Groß Häuslingen Bahnhofstraße	de:03358:32484::2	52.806063	9.397561	bus	NO_MATCH_BUT_OTHER_PLATFORM_MATCHED					510	Rethem(Aller) Fähre / Rethem(Aller) Schule / Groß Eilstorf Ortsmitte / Altenwahlingen Ortsmitte		POINT(9.397561 52.806063)
481	Häuslingen	Groß Häuslingen Berliner Ring	de:03358:00322::1	52.807625	9.401705		NO_MATCH_AND_SEEMS_UNSERVED								POINT(9.401705 52.807625)
482	Häuslingen	Groß Häuslingen Dreyer	de:03358:32485::1	52.809958	9.39138	bus	MATCHED	n3016688959	28.0	0.33	Groß Häuslingen, Dreyer	510	Groß Häuslingen Bahnhofstraße / Klein Häuslingen Heidekrug		LINESTRING(9.39138 52.809958,9.391478300000001 52.810202700000005)
483	Häuslingen	Groß Häuslingen Dreyer	de:03358:32485::2	52.809958	9.39138		NO_MATCH_AND_SEEMS_UNSERVED								POINT(9.39138 52.809958)
484	Häuslingen	Groß Häuslingen Feuerwehr	de:03358:00323::1	52.805506	9.387238		MATCHED	n11040461419	7.6	0.46	Häuslingen, Feuerwehr				LINESTRING(9.387238 52.805506,9.387204500000001 52.805571500000006)
485	Häuslingen	Klein Häuslingen Heidekrug	de:03358:50173::1	52.820352	9.373013	bus	MATCHED	n11040486805	7.1	0.62	Klein Häuslingen, Heidekrug	510	Kirchlinteln-Otersen Ludwigslust / Klein Häuslingen Schwarzer Weg		LINESTRING(9.373013 52.820352,9.373082700000001 52.820303900000006)
486	Häuslingen	Klein Häuslingen Heidekrug	de:03358:50173::2	52.8204	9.37335	bus	MATCHED	n2971685676	2.7	0.79	Klein Häuslingen, Heidekrug	510	Groß Häuslingen Dreyer		LINESTRING(9.37335 52.8204,9.3733809 52.8204149)
487	Häuslingen	Klein Häuslingen Schwarzer Weg	de:03358:50174::1	52.821139	9.368088	bus	MATCHED	n3016688961	14.6	0.47	Klein Häuslingen, Schwarzer Weg	510	Kirchlinteln-Otersen Ludwigslust / Klein Häuslingen Heidekrug		LINESTRING(9.368088 52.821139,9.3680936 52.8212698)
488	Häuslingen	Klein Häuslingen Schwarzer Weg	de:03358:50174::2	52.821139	9.368088		NO_MATCH_AND_SEEMS_UNSERVED								POINT(9.368088 52.821139)
489	Kirchlinteln	Otersen Ludwigslust	de:03358:49767::1	52.824557	9.358489	bus	MATCHED	n2911682099	25.4	0.25	Ludwigslust	510,701	Klein Häuslingen Heidekrug / Groß Häuslingen Bahnhofstraße / Klein Häuslingen Schwarzer Weg / Kirchlinteln-Otersen Dorfstraße	Kirchlinteln-Otersen, Dorfstraße	LINESTRING(9.358489 52.824557,9.3581739 52.8244313)
490	Kirchlinteln	Otersen Ludwigslust	de:03358:49767::2	52.824557	9.358489		MATCHED	n6933484612	42.5	0.13	Ludwigslust				LINESTRING(9.358489 52.824557,9.358015400000001 52.824809)
491	Lindwedel	Adolfsglück	de:03358:55896::1	52.60883	9.664361	bus	MATCHED	n3006527099	13.2	0.49	Lindwedel, Adolfsglück	652	Lindwedel Schule / Lindwedel Im Sunder / Lindwedel Im Nettelfelde		LINESTRING(9.664361 52.60883,9.6641667 52.60883260000001)
492	Lindwedel	Adolfsglück	de:03358:55896::2	52.607377	9.660925	bus	MATCHED	n3008497352	81.1	0.16	Lindwedel Adolfsglück	652	Hope Am Kaliberg		LINESTRING(9.660925 52.607377,9.661598000000001 52.6067735)
493	Lindwedel	Ahornallee	de:03358:18947::1	52.608025	9.687724		MATCHED	n3008497354	14.3	0.41	Lindwedel, Ahornallee				LINESTRING(9.687724 52.608025,9.687718 52.608153900000005)
494	Lindwedel	Am Schacht	de:03358:55897::1	52.617853	9.654575		MATCHED_THOUGH_NAMES_DIFFER	n10834540161	82.9	0.04	Hope, Unter den Eichen				LINESTRING(9.654575 52.617853,9.6545684 52.617107600000004)
495	Lindwedel	Am Schacht	de:03358:55897::2	52.610865	9.657758		NO_MATCH_AND_SEEMS_UNSERVED								POINT(9.657758 52.610865)
496	Lindwedel	Bahnhof	de:03358:9000029::1	52.611134	9.687994		MATCHED	n3008487751	4.0	0.69	Lindwedel, Bahnhof				LINESTRING(9.687994 52.611134,9.6880533 52.611129700000006)
497	Lindwedel	Buchholzer Weg	de:03358:18946::1	52.616246	9.688532		MATCHED	n3008485671	4.7	0.66	Lindwedel, Buchholzer Weg				LINESTRING(9.688532 52.616246,9.6884748 52.6162695)
498	Lindwedel	Hope Am Kaliberg	de:03358:18784::1	52.615848	9.654611	bus	MATCHED	n10834540160	61.6	0.2	Hope Am Kaliberg	652	Lindwedel Adolfsglück		LINESTRING(9.654611 52.615848,9.654674400000001 52.616400000000006)
499	Lindwedel	Hope Am Kaliberg	de:03358:18784::2	52.615923	9.654708	bus	MATCHED	n10834540159	47.4	0.24	Hope Am Kaliberg	652	Hope(Lindwedel) Ortsmitte		LINESTRING(9.654708 52.615923,9.6545698 52.6163405)
500	Lindwedel	Hope Unter den Eichen	de:03358:18787::1	52.616456	9.654563		NO_MATCH_AND_SEEMS_UNSERVED								POINT(9.654563 52.616456)
501	Lindwedel	Hope Unter den Eichen	de:03358:18787::2	52.616456	9.654563		NO_MATCH_AND_SEEMS_UNSERVED								POINT(9.654563 52.616456)
502	Lindwedel	Hope(Lindwedel) Bahnhof	de:03358:43927::1	52.632147	9.643756	bus	MATCHED	n10834540158	14.9	0.46	Hope (Lindwedel), Bahnhof	652	Hope(Lindwedel) Ortsmitte		LINESTRING(9.643756 52.632147,9.6437296 52.6322799)
503	Lindwedel	Hope(Lindwedel) Bahnhof	de:03358:43927::2	52.632203	9.643893	bus	MATCHED	n3006524495	14.5	0.47	Hope (Lindwedel), Bahnhof	652	Grindau Schützenhaus / Esperke Hoper Straße		LINESTRING(9.643893 52.632203,9.643878500000001 52.6323329)
504	Lindwedel	Hope(Lindwedel) Ortsmitte	de:03358:43928::1	52.621374	9.652997	bus	MATCHED	n12022488294	194.1	0.09	Hope, Ortsmitte	652	Hope Am Kaliberg / Lindwedel Im Nettelfelde / Lindwedel Lust		LINESTRING(9.652997 52.621374,9.654262000000001 52.6198083)
505	Lindwedel	Hope(Lindwedel) Ortsmitte	de:03358:43928::2	52.618914	9.654414	bus	MATCHED	n3006527101	40.7	0.26	Hope, Ortsmitte	652	Hope(Lindwedel) Bahnhof		LINESTRING(9.654414 52.618914,9.6541689 52.6192481)
506	Lindwedel	Im Nettelfelde	de:03358:55899::1	52.61304	9.685655	bus	MATCHED	n3008485672	160.1	0.06	Lindwedel, Am Markt	652	Lindwedel Im Sunder / Buchholz(Aller) Schule		LINESTRING(9.685655 52.61304,9.6880162 52.6131085)
507	Lindwedel	Im Nettelfelde	de:03358:55899::2	52.613035	9.685646	bus	MATCHED	n3006590383	138.9	0.11	Lindwedel, Im Nettelfelde	652	Lindwedel Schule / Lindwedel Im Sunder / Lindwedel Lust		LINESTRING(9.685646 52.613035,9.6874421 52.612432600000005)
508	Lindwedel	Im Sunder	de:03358:55900::1	52.613736	9.696775	bus	NO_MATCH_BUT_OTHER_PLATFORM_MATCHED					652	Lindwedel Brauner Kamp / Lindwedel Im Nettelfelde / Marklendorf Am Schützenplatz		POINT(9.696775 52.613736)
509	Lindwedel	Im Sunder	de:03358:55900::2	52.613735	9.696705	bus	MATCHED	n3006590386	26.9	0.34	Lindwedel, Im Sunder	652	Schwarmstedt Schule		LINESTRING(9.696705 52.613735,9.696435600000001 52.613556900000006)
510	Lindwedel	Lindwedel	de:03358:55895::1	52.610943	9.689022		MATCHED	w243007449	12.2	0.44	Lindwedel			Mellendorf	LINESTRING(9.689022 52.610943,9.689131473822128 52.610855644932755)
511	Lindwedel	Lust	de:03358:55901::1	52.611808	9.676394	bus	MATCHED	n3006590387	113.4	0.13	Lindwedel Lust	652	Lindwedel Brauner Kamp / Lindwedel Im Sunder / Lindwedel Adolfsglück		LINESTRING(9.676394 52.611808,9.677991500000001 52.611501000000004)
512	Lindwedel	Lust	de:03358:55901::2	52.611794	9.676352	bus	MATCHED	n13099077763	115.3	0.13	Lindwedel Lust	652	Hope(Lindwedel) Ortsmitte / Lindwedel Adolfsglück		LINESTRING(9.676352 52.611794,9.677948200000001 52.611432400000005)
513	Lindwedel	Markt	de:03358:55902::1	52.613485	9.691095		NO_MATCH_AND_SEEMS_UNSERVED								POINT(9.691095 52.613485)
514	Lindwedel	Schule	de:03358:55903::1	52.606275	9.685629	bus	NO_MATCH_BUT_OTHER_PLATFORM_MATCHED					652	Lindwedel Im Sunder / Lindwedel Lust / Lindwedel Adolfsglück		POINT(9.685629 52.606275)
515	Lindwedel	Schule	de:03358:55903::2	52.606599	9.685259		MATCHED	n3006590384	23.3	0.3	Lindwedel, Schule				LINESTRING(9.685259 52.606599,9.685191600000001 52.606804100000005)
516	Munster	(Örtze)	de:03358:62938::1	52.993363	10.095992		MATCHED	w53820219	14.4	0.39	Munster (Örtze)				LINESTRING(10.095992 52.993363,10.096195367173516 52.99332123849504)
517	Munster	(Örtze)	de:03358:62938::2	52.993331	10.09647		MATCHED	w53820220	2.2	0.77	Munster (Örtze)				LINESTRING(10.09647 52.993331,10.09643994758484 52.99332400415907)
518	Munster	Alvern(Munster) Heidkrug	de:03358:2682::1	53.009927	10.028614	bus	MATCHED	n7261931254	15.5	0.45	Alvern, Heidkrug	300,305	Ilster Ortsmitte		LINESTRING(10.028614 53.009927,10.0286883 53.009795200000006)
519	Munster	Alvern(Munster) Heidkrug	de:03358:2682::2	53.010027	10.028422	bus	MATCHED	n348343556	66.2	0.19	Alvern, Heidkrug	300,305	Alvern(Munster) Ortsmitte		LINESTRING(10.028422 53.010027,10.027667500000002 53.010410300000004)
520	Munster	Alvern(Munster) Hermannseck B71	de:03358:2683::1	53.017347	10.000756	bus	MATCHED	n1361187644	3.3	0.76	Alvern, Hermannseck B71	300,305	Töpingen Ortsmitte / Töpingen Ortsmitte / Töpingen Ortsmitte / Hötzingen Neue Welt		LINESTRING(10.000756 53.017347,10.000781700000001 53.017372400000006)
521	Munster	Alvern(Munster) Hermannseck B71	de:03358:2683::2	53.017199	10.000478	bus	MATCHED	n1361187643	5.1	0.69	Alvern, Hermannseck B71	300,305	Munster Am Holze / Alvern(Munster) Ortsmitte		LINESTRING(10.000478 53.017199,10.0005512 53.0172127)
522	Munster	Alvern(Munster) Hermannseck B71	de:03358:2683::3	53.017259	9.9992		NO_MATCH_AND_SEEMS_UNSERVED								POINT(9.9992 53.017259)
523	Munster	Alvern(Munster) Hermannseck L211	de:03358:25714::1	53.017259	9.9992	bus	MATCHED	n5811559582	43.4	0.25	Alvern, Hermannseck L211	300,305	Alvern(Munster) Hermannseck B71		LINESTRING(9.9992 53.017259,9.999129 53.017647000000004)
524	Munster	Alvern(Munster) Ortsmitte	de:03358:2684::1	53.015258	10.017445	bus	MATCHED	n7261929089	5.5	0.67	Alvern, Ortsmitte	300,305	Alvern(Munster) Hermannseck B71		LINESTRING(10.017445 53.015258,10.017401600000001 53.015215700000006)
525	Munster	Alvern(Munster) Ortsmitte	de:03358:2684::2	53.014842	10.018566	bus	MATCHED	n348343615	75.7	0.17	Alvern, Ortsmitte	300,305	Munster Am Hanloh / Alvern(Munster) Heidkrug		LINESTRING(10.018566 53.014842,10.0176613 53.0152489)
526	Munster	Am Hanloh	de:03358:62919::1	52.9925	10.077022	bus	MATCHED	n2495892583	26.3	0.34	Munster, Am Hanloh	300,301,305	Munster Rathaus / Munster Bahnhof / Munster Worthweg		LINESTRING(10.077022 52.9925,10.076658100000001 52.992586900000006)
527	Munster	Am Hanloh	de:03358:62919::2	52.992267	10.077608	bus	MATCHED	n2495892584	23.8	0.36	Munster, Am Hanloh	300,301,305	Munster Breslauer Straße / Munster Am Holze		LINESTRING(10.077608 52.992267,10.0773416 52.9924084)
528	Munster	Am Holze	de:03358:62920::1	52.998152	10.065602	bus	MATCHED	n2495892581	13.3	0.49	Munster, Am Holze	300,305	Ilster Ortsmitte		LINESTRING(10.065602 52.998152,10.0654084 52.9981774)
529	Munster	Am Holze	de:03358:62920::2	52.998039	10.06576	bus	MATCHED	n7261963357	30.4	0.31	Munster, Am Holze	300,301,305	Munster Breslauer Straße		LINESTRING(10.06576 52.998039,10.065512400000001 52.99826770000001)
530	Munster	Bahnhof	de:03358:62921::1	52.993091	10.095218	bus	NO_MATCH_BUT_OTHER_PLATFORM_MATCHED					300,302,305	Munster Kläranlage / Ilster Ortsmitte / Munster Am Hanloh / Breloh Schule / Breloh Schule / Munster Söhlstraße (Panzermuseum) / Munster Friedrich-Heinrich-Platz / Breloh Schule / Munster Worthweg		POINT(10.095218 52.993091)
531	Munster	Bahnhof	de:03358:62921::2	52.993113	10.094419	bus	MATCHED	n270710543	5.4	0.68	Munster, Bahnhof	301,302,BB202	Munster Sporthalle / Munster Kohlenbissener Grund / Breloh Schule / Munster Schulzentrum / Munster Friedrich-Heinrich-Platz / Breloh Schule / Munster Zu den Hatzseen / Munster Worthweg		LINESTRING(10.094419 52.993113,10.0943565 52.9931441)
532	Munster	Bahnübergang	de:03358:62922::1	52.991249	10.108026		NO_MATCH_AND_SEEMS_UNSERVED								POINT(10.108026 52.991249)
533	Munster	Breloh Algenweg	de:03358:13656::1	53.003972	10.088607	bus	MATCHED	n2495773671	36.0	0.28	Breloh, Algenweg	301	Breloh Kleine Straße		LINESTRING(10.088607 53.003972,10.0886139 53.0042953)
534	Munster	Breloh Algenweg	de:03358:13656::2	53.003976	10.088655		NO_MATCH_AND_SEEMS_UNSERVED								POINT(10.088655 53.003976)
535	Munster	Breloh Amselweg	de:03358:13657::1	53.002052	10.099257		NO_MATCH_AND_SEEMS_UNSERVED								POINT(10.099257 53.002052)
536	Munster	Breloh Amselweg	de:03358:13657::2	53.002021	10.099259	bus	MATCHED	n2495773675	34.1	0.25	Munster, Amselweg	301	Breloh Buchenweg		LINESTRING(10.099259 53.002021,10.0997667 53.002022600000004)
537	Munster	Breloh Buchenweg	de:03358:13658::1	52.998913	10.103124	bus	MATCHED	n2495773672	19.3	0.41	Breloh, Buchenweg	301	Munster Jugendweg		LINESTRING(10.103124 52.998913,10.103218700000001 52.9990767)
538	Munster	Breloh Buchenweg	de:03358:13658::2	52.998916	10.103175		NO_MATCH_AND_SEEMS_UNSERVED								POINT(10.103175 52.998916)
539	Munster	Breloh Dorf	de:03358:13659::1	53.019538	10.083626		NO_MATCH_AND_SEEMS_UNSERVED								POINT(10.083626 53.019538)
540	Munster	Breloh Kleine Straße	de:03358:13660::1	53.001758	10.091675	bus	MATCHED	n2495773673	17.0	0.27	Breloh, Kreissparkasse	301	Breloh Amselweg		LINESTRING(10.091675 53.001758,10.0918059 53.0018886)
541	Munster	Breloh Kleine Straße	de:03358:13660::2	53.001827	10.091645		NO_MATCH_AND_SEEMS_UNSERVED								POINT(10.091645 53.001827)
542	Munster	Breloh Martens Hof	de:03358:13661::1	53.014672	10.086672		NO_MATCH_AND_SEEMS_UNSERVED								POINT(10.086672 53.014672)
543	Munster	Breloh Martens Hof	de:03358:13661::2	53.014694	10.086619	bus	MATCHED	n2495773670	17.4	0.43	Breloh, Martens Hof	301	Breloh Algenweg		LINESTRING(10.086619 53.014694,10.0867714 53.0145673)
544	Munster	Breloh Neumärker Platz	de:03358:13662::1	53.007074	10.090294		NO_MATCH_AND_SEEMS_UNSERVED								POINT(10.090294 53.007074)
545	Munster	Breloh Neumärker Platz	de:03358:13662::2	53.006196	10.088238		MATCHED	n2495773674	34.1	0.23	Breloh, Neumärker Platz				LINESTRING(10.088238 53.006196,10.0882062 53.0065016)
546	Munster	Breloh Schule	de:03358:24580::1	53.007417	10.094443	bus	NO_MATCH					302	Munster Bahnhof / Munster Klappgarten / Munster Worthweg		POINT(10.094443 53.007417)
547	Munster	Breloh Schule	de:03358:24580::2	53.007229	10.094557	bus	NO_MATCH					302	Munster Worthweg / Munster Klappgarten / Munster Bahnhof		POINT(10.094557 53.007229)
548	Munster	Breloh Schule	de:03358:24580::3	53.006927	10.094715	bus	NO_MATCH					300,301,305	Munster Klappgarten / Munster Worthweg / Munster Bahnhof		POINT(10.094715 53.006927)
549	Munster	Breloh Siedlung	de:03358:13663::1	53.015243	10.086558		NO_MATCH_AND_SEEMS_UNSERVED								POINT(10.086558 53.015243)
550	Munster	Breslauer Straße	de:03358:62924::1	52.995875	10.070274	bus	NO_MATCH_BUT_OTHER_PLATFORM_MATCHED					300,301,305	Munster Am Hanloh		POINT(10.070274 52.995875)
551	Munster	Breslauer Straße	de:03358:62924::2	52.995921	10.070174	bus	MATCHED	n2429566663	22.4	0.37	Munster, Breslauer Straße	300,305	Munster Am Holze		LINESTRING(10.070174 52.995921,10.069853100000001 52.9959755)
552	Munster	Clausewitzallee 75	de:03358:62925::1	52.978463	10.092063		MATCHED	n2495770152	1.1	0.84	Munster, Clausewitzallee 75				LINESTRING(10.092063 52.978463,10.0920473 52.978463000000005)
553	Munster	Clausewitzallee 75	de:03358:62925::2	52.97843	10.09213	bus	NO_MATCH_BUT_OTHER_PLATFORM_MATCHED					302	Munster Schulzentrum / Munster Friedrich-Heinrich-Platz / Munster Kläranlage		POINT(10.09213 52.97843)
554	Munster	Dehtlingen B 71	de:03358:19962::1	52.955037	10.126141	bus	MATCHED	n2495850494	9.1	0.57	Dethlingen, B71	302,BB202	Munster Schulzentrum / Munster Kläranlage		LINESTRING(10.126141 52.955037,10.1260452 52.9550951)
555	Munster	Dehtlingen B 71	de:03358:19962::2	52.954965	10.12613	bus	MATCHED	n11529310682	4.7	0.7	Dethlingen, B71	302,BB202	Trauen Siedlung / Dethlingen L 240		LINESTRING(10.12613 52.954965,10.1260793 52.954935400000004)
556	Munster	Dethlingen L 240	de:03358:19963::1	52.950897	10.128857	bus	MATCHED	n2495850487	7.7	0.61	Dethlingen, L240	302	Trauen Siedlung		LINESTRING(10.128857 52.950897,10.1287661 52.9508547)
557	Munster	Dethlingen L 240	de:03358:19963::2	52.950836	10.128966	bus	MATCHED	n8508463050	5.1	0.69	Dethlingen, L240	302	Oerrel(Munster) Görlitzer Straße / Dehtlingen B 71		LINESTRING(10.128966 52.950836,10.1289903 52.9508791)
558	Munster	Friedrich-Heinrich-Platz	de:03358:62926::1	52.984596	10.0898		MATCHED	n2495770153	12.2	0.44	Munster, Friedrich-Heinrich-Platz				LINESTRING(10.0898 52.984596,10.0899069 52.9846851)
559	Munster	Friedrich-Heinrich-Platz	de:03358:62926::2	52.984019	10.088434	bus	MATCHED	n2495770155	72.2	0.18	Munster, Friedrich-Heinrich-Platz	300,301,302,305	Munster Worthweg / Munster Rathaus / Munster Bahnhof / Munster Kläranlage / Munster Zu den Hatzseen / Munster Söhlstraße (Panzermuseum) / Munster Bahnhof		LINESTRING(10.088434 52.984019,10.0894858 52.9841555)
560	Munster	Hanlohschule	de:03358:62927::1	52.992599	10.085308		NO_MATCH_AND_SEEMS_UNSERVED								POINT(10.085308 52.992599)
561	Munster	Hanlohschule	de:03358:62927::2	52.992523	10.085554		MATCHED	n2495762500	0.7	0.89	Munster, Hanlohschule				LINESTRING(10.085554 52.992523,10.0855644 52.9925209)
562	Munster	Ilster Ortsmitte	de:03358:46149::1	53.007652	10.046702	bus	MATCHED	n7261931252	6.6	0.64	Ilster, Ortsmitte	300,305	Alvern(Munster) Heidkrug		LINESTRING(10.046702 53.007652,10.0466222 53.007617700000004)
563	Munster	Ilster Ortsmitte	de:03358:46149::2	53.007928	10.046188	bus	MATCHED	n339853573	97.9	0.14	Ilster, Ortsmitte	300,305	Munster Am Holze / Munster Friedrich-Heinrich-Platz		LINESTRING(10.046188 53.007928,10.0472958 53.0073553)
564	Munster	Im Bruch	de:03358:62928::1	52.992109	10.106734	bus	MATCHED	n2495770150	19.1	0.41	Munster, Im Bruch	301	Munster Bahnhof		LINESTRING(10.106734 52.992109,10.1066733 52.9922771)
565	Munster	Im Bruch	de:03358:62928::2	52.99214	10.10677		NO_MATCH_AND_SEEMS_UNSERVED								POINT(10.10677 52.99214)
566	Munster	Jugendweg	de:03358:62923::1	52.995221	10.104453	bus	NO_MATCH_BUT_OTHER_PLATFORM_MATCHED					301	Munster Im Bruch		POINT(10.104453 52.995221)
567	Munster	Jugendweg	de:03358:62923::2	52.995309	10.104395		MATCHED	n2495770151	1.0	0.52	Munster, Behindertenwerkstatt				LINESTRING(10.104395 52.995309,10.104388100000001 52.995300900000004)
568	Munster	Klappgarten	de:03358:24560::1	52.993675	10.084311	bus	NO_MATCH					301,302	Breloh Schule / Breloh Schule		POINT(10.084311 52.993675)
569	Munster	Klappgarten	de:03358:24560::2	52.993817	10.084244	bus	NO_MATCH					301,302	Munster Worthweg / Munster Am Hanloh		POINT(10.084244 52.993817)
570	Munster	Kläranlage	de:03358:62929::1	52.97315	10.104548	bus	MATCHED	n2495864260	45.5	0.24	Munster, Kläranlage	302	Munster Friedrich-Heinrich-Platz / Munster Clausewitzallee 75		LINESTRING(10.104548 52.97315,10.1049928 52.972841)
571	Munster	Kläranlage	de:03358:62929::2	52.973559	10.103747	bus	NO_MATCH_BUT_OTHER_PLATFORM_MATCHED					302	Dehtlingen B 71		POINT(10.103747 52.973559)
572	Munster	Kohlenbissen Bahnhof	de:03358:50922::1	52.977911	10.137832	bus	MATCHED	n7267874738	2.8	0.79	Kohlenbissen, Bahnhof	302	Kohlenbissen Kreuzung		LINESTRING(10.137832 52.977911,10.137873 52.9779131)
573	Munster	Kohlenbissen Bahnhof	de:03358:50922::2	52.977744	10.13825	bus	MATCHED	n2495810730	34.2	0.29	Kohlenbissen, Bahnhof	302	Munster Söhlstraße (Panzermuseum)		LINESTRING(10.13825 52.977744,10.1377939 52.9778802)
574	Munster	Kohlenbissen Kreuzung	de:03358:50923::1	52.973332	10.147144	bus	MATCHED	n2495850495	31.4	0.31	Kohlenbissen, Kreuzung	302	Kohlenbissen Bahnhof		LINESTRING(10.147144 52.973332,10.1475109 52.973156700000004)
575	Munster	Kohlenbissen Kreuzung	de:03358:50923::2	52.973529	10.146495	bus	MATCHED	n7267874736	81.1	0.16	Kohlenbissen, Kreuzung	302	Oerrel(Munster) Zum Sportplatz		LINESTRING(10.146495 52.973529,10.1475826 52.9732112)
576	Munster	Kohlenbissener Grund	de:03358:62930::1	52.989261	10.109208	bus	MATCHED	n3293997298	98.0	0.14	Munster, Kohlenbissener Grund	BB202			LINESTRING(10.109208 52.989261,10.1078037 52.989502900000005)
577	Munster	Kohlenbissener Grund	de:03358:62930::2	52.989296	10.109662	bus	MATCHED	n2495810729	154.1	0.1	Munster, Kohlenbissener Grund	BB202	Munster Bahnhof		LINESTRING(10.109662 52.989296,10.1074628 52.9896916)
578	Munster	Kreutzen Ortsmitte	de:03358:62939::1	52.918501	10.12725		NO_MATCH_AND_SEEMS_UNSERVED								POINT(10.12725 52.918501)
579	Munster	Kreutzen Ortsmitte	de:03358:62939::2	52.918242	10.127554	bus	NO_MATCH_BUT_OTHER_PLATFORM_MATCHED					BB202	Trauen Ortsmitte		POINT(10.127554 52.918242)
580	Munster	Kreutzen Ortsmitte	de:03358:62939::3	52.918178	10.127214	bus	NO_MATCH_BUT_OTHER_PLATFORM_MATCHED					BB202	Faßberg Müdener Weg		POINT(10.127214 52.918178)
581	Munster	Kreutzen Ortsmitte	de:03358:62939::4	52.918502	10.127303	bus	MATCHED	n2495850489	7.9	0.6	Kreutzen, Ortsmitte	302	Trauen Ortsmitte		LINESTRING(10.127303 52.918502,10.1273903 52.918454200000006)
582	Munster	Muncloh	de:03358:24570::1	52.994831	10.081565	bus	NO_MATCH					301	Munster Klappgarten / Breloh Schule		POINT(10.081565 52.994831)
583	Munster	Oerrel(Munster) B 71	de:03358:70310::1	52.958762	10.185808		MATCHED	n1361187599	44.8	0.19	Oerrel, B71				LINESTRING(10.185808 52.958762,10.185303000000001 52.9584989)
584	Munster	Oerrel(Munster) B 71	de:03358:70310::2	52.957392	10.180901		NO_MATCH_AND_SEEMS_UNSERVED								POINT(10.180901 52.957392)
585	Munster	Oerrel(Munster) Görlitzer Straße	de:03358:70311::1	52.96205	10.184823	bus	MATCHED	n2495850497	10.7	0.54	Oerrel, Görlitzer Straße	302	Dethlingen L 240 / Oerrel(Munster) Zum Sportplatz		LINESTRING(10.184823 52.96205,10.1848097 52.96214620000001)
586	Munster	Oerrel(Munster) Zum Sportplatz	de:03358:70312::1	52.963264	10.179021	bus	MATCHED	n7267874737	20.2	0.4	Oerrel, Zum Sportplatz	302	Kohlenbissen Kreuzung		LINESTRING(10.179021 52.963264,10.1788035 52.963388900000005)
587	Munster	Oerrel(Munster) Zum Sportplatz	de:03358:70312::2	52.963273	10.179161	bus	MATCHED	n2495850491	36.5	0.28	Oerrel, Zum Sportplatz	302	Oerrel(Munster) Görlitzer Straße		LINESTRING(10.179161 52.963273,10.178627200000001 52.9633344)
588	Munster	Rathaus	de:03358:62931::1	52.98709	10.08416	bus	MATCHED	n2495892582	26.5	0.34	Munster, Rathaus	300,305,BB202	Munster Sporthalle / Munster Am Hanloh		LINESTRING(10.08416 52.98709,10.0838862 52.987261200000006)
589	Munster	Rathaus	de:03358:62931::2	52.987016	10.084069	bus	MATCHED	n2495892585	2.2	0.82	Munster, Rathaus	300,305,BB202	Munster Schulzentrum / Munster Friedrich-Heinrich-Platz		LINESTRING(10.084069 52.987016,10.084063200000001 52.9869964)
590	Munster	Schulzentrum	de:03358:62932::1	52.983542	10.086616	bus	MATCHED	n1741173611	8.5	0.59	Munster, Schulzentrum	300,301,302,305,BB202	Munster Rathaus / Ilster Ortsmitte / Munster Friedrich-Heinrich-Platz / Munster Muncloh / Dehtlingen B 71 / Munster Clausewitzallee 75		LINESTRING(10.086616 52.983542,10.0865232 52.9834894)
591	Munster	Schulzentrum	de:03358:62932::2	52.983217	10.08696		NO_MATCH_AND_SEEMS_UNSERVED								POINT(10.08696 52.983217)
592	Munster	Speckenmoor	de:03358:18398::1	52.995472	10.104055	bus	NO_MATCH					402	Stübeckshorn Ortsmitte		POINT(10.104055 52.995472)
593	Munster	Sporthalle	de:03358:62933::1	52.991792	10.086366	bus	MATCHED	n3293997297	47.9	0.14	Munster, Hindenburgallee	BB202	Munster Bahnhof		LINESTRING(10.086366 52.991792,10.0857036 52.991630900000004)
594	Munster	Sporthalle	de:03358:62933::2	52.991904	10.086229	bus	NO_MATCH_BUT_OTHER_PLATFORM_MATCHED					BB202	Munster Rathaus		POINT(10.086229 52.991904)
595	Munster	Söhlstraße (Panzermuseum)	de:03358:62934::1	52.990044	10.105362	bus	NO_MATCH_BUT_OTHER_PLATFORM_MATCHED					302	Kohlenbissen Bahnhof / Munster Zu den Hatzseen		POINT(10.105362 52.990044)
596	Munster	Söhlstraße (Panzermuseum)	de:03358:62934::2	52.990084	10.105217	bus	MATCHED_THOUGH_DISTANT	n12899052397	318.9	0.06	Söhlstraße (Panzermuseum)	302	Munster Friedrich-Heinrich-Platz / Munster Bahnhof / Munster Zu den Hatzseen		LINESTRING(10.105217 52.990084,10.1058944 52.987247100000005)
597	Munster	Süllbergschule	de:03358:62935::1	52.98954	10.09062		NO_MATCH_AND_SEEMS_UNSERVED								POINT(10.09062 52.98954)
598	Munster	Trauen Ortsmitte	de:03358:91291::1	52.928678	10.137568	bus	MATCHED	n2495850485	25.2	0.35	Trauen, Ortsmitte	302,BB202	Trauen Siedlung		LINESTRING(10.137568 52.928678,10.137591 52.928451700000004)
599	Munster	Trauen Ortsmitte	de:03358:91291::2	52.928311	10.137276	bus	NO_MATCH_BUT_OTHER_PLATFORM_MATCHED					302,BB202	Munster-Kreutzen Ortsmitte / Munster-Kreutzen Ortsmitte		POINT(10.137276 52.928311)
600	Munster	Trauen Siedlung	de:03358:91292::1	52.933387	10.134619	bus	MATCHED	n2495850492	23.8	0.36	Trauen, Siedlung	302,BB202	Trauen Ortsmitte		LINESTRING(10.134619 52.933387,10.1347653 52.933191900000004)
601	Munster	Trauen Siedlung	de:03358:91292::2	52.933405	10.134653	bus	MATCHED	n8508463053	17.8	0.42	Trauen, Siedlung	302,BB202	Dehtlingen B 71 / Dethlingen L 240		LINESTRING(10.134653 52.933405,10.1344639 52.9335165)
602	Munster	Töpingen Ortsmitte	de:03358:91971::1	53.029147	9.999386	bus	NO_MATCH_BUT_OTHER_PLATFORM_MATCHED					300	Bispingen Center Parcs		POINT(9.999386 53.029147)
603	Munster	Töpingen Ortsmitte	de:03358:91971::2	53.02884	9.999046	bus	MATCHED	n2495898585	3.9	0.74	Töpingen, Ortsmitte	300,305	Hötzingen Neue Welt / Alvern(Munster) Hermannseck L211 / Alvern(Munster) Ortsmitte		LINESTRING(9.999046 53.02884,9.9989886 53.028843900000005)
604	Munster	Töpingen Ortsmitte	de:03358:91971::3	53.028743	9.998747	bus	MATCHED	n10568880608	17.3	0.43	Töpingen, Ortsmitte	300,305	Hötzingen Neue Welt / Bispingen Center Parcs		LINESTRING(9.998747 53.028743,9.9986435 53.028885)
605	Munster	Worthweg	de:03358:62936::1	52.989791	10.090289	bus	MATCHED	n2495762498	77.8	0.17	Munster, Worthweg	300,301,302,305	Munster Bahnhof / Munster Muncloh / Munster Schulzentrum / Breloh Schule / Munster Klappgarten / Breloh Schule		LINESTRING(10.090289 52.989791,10.089155900000002 52.9899393)
606	Munster	Worthweg	de:03358:62936::2	52.98736	10.092764		NO_MATCH_AND_SEEMS_UNSERVED								POINT(10.092764 52.98736)
607	Munster	Zu den Hatzseen	de:03358:62937::1	52.995535	10.112397	bus	MATCHED	n3970093074	5.3	0.68	Munster, Zu den Hatzseen	301,302	Munster Bahnhof / Kohlenbissen Bahnhof / Munster Söhlstraße (Panzermuseum) / Breloh Martens Hof		LINESTRING(10.112397 52.995535,10.1124618 52.9955627)
608	Neuenkirchen	Bahnhof	de:03358:65526::1	53.038397	9.708074	bus	MATCHED	n1790561773	2.3	0.82	Neuenkirchen, Bahnhof	105,200,205,207,208	Delmsen Ort / Neuenkirchen(Lüneburger Heide) Bahnhofstraße / Neuenkirchen(Lüneburger Heide) Schützenhalle / Neuenkirchen(Lüneburger Heide) Im Gehecht	Neuenkirchen, Bahnhofstraße / Delmsen, Ort	LINESTRING(9.708074 53.038397,9.708040500000001 53.038399000000005)
609	Neuenkirchen	Bahnhof	de:03358:65526::2	53.038335	9.708124	bus	MATCHED_THOUGH_REVERSED_DIR	n1790561807	24.1	0.25	Neuenkirchen, Bahnhof	105,200,205	Delmsen Ort / Wieheholz Ort	Neuenkirchen, Bahnhofstraße / Neuenkirchen, Im Gehecht	LINESTRING(9.708124 53.038335,9.7081665 53.0381197)
610	Neuenkirchen	Bahnhofstraße	de:03358:60403::1	53.034456	9.708616	bus	MATCHED	n1800176583	93.9	0.15	Neuenkirchen, Bahnhofstraße	207,208	Neuenkirchen(Lüneburger Heide) Sandstraße / Neuenkirchen(Lüneburger Heide) Bahnhof / Neuenkirchen(Lüneburger Heide) Rathaus	Neuenkirchen, Rathaus	LINESTRING(9.708616 53.034456,9.7082145 53.0336475)
611	Neuenkirchen	Behningen Roter Platz	de:03358:60407::1	53.00282	9.67602		MATCHED	n7682199919	3.1	0.73	Behningen, Roter Platz				LINESTRING(9.67602 53.00282,9.6760658 53.0028239)
612	Neuenkirchen	Birkenweg	de:03358:65533::1	53.029018	9.704466	bus	MATCHED	n7682199926	64.4	0.36	Neuenkirchen, Birkenweg	208	Neuenkirchen(Lüneburger Heide) Pommernstraße	Neuenkirchen, Pommernstraße	LINESTRING(9.704466 53.029018,9.7035129 53.0289465)
613	Neuenkirchen	Brochdorf Ortsmitte	de:03358:106515::1	53.047432	9.684051		NO_MATCH_AND_SEEMS_UNSERVED								POINT(9.684051 53.047432)
614	Neuenkirchen	Brochdorf Ortsmitte	de:03358:106515::2	53.047371	9.684291		NO_MATCH_AND_SEEMS_UNSERVED								POINT(9.684291 53.047371)
615	Neuenkirchen	Brochdorf Ortsmitte	de:03358:15015::1	53.047432	9.684051	bus	MATCHED	n683231654	5.3	0.68	Brochdorf, Ortsmitte	205,207,208	Neuenkirchen(Lüneburger Heide) Schützenhalle / Delmsen Ort / Tewel Platenkamper Straße	Tewel, Platenkamper Straße / Delmsen, Ort	LINESTRING(9.684051 53.047432,9.6839726 53.0474357)
616	Neuenkirchen	Brochdorf Ortsmitte	de:03358:15015::2	53.047371	9.684291	bus	NO_MATCH_BUT_OTHER_PLATFORM_MATCHED					205	Tewel Platenkamper Straße		POINT(9.684291 53.047371)
617	Neuenkirchen	Brombeerweg	de:03358:01603::1	53.038408	9.709284		NO_MATCH_AND_SEEMS_UNSERVED								POINT(9.709284 53.038408)
618	Neuenkirchen	Brombeerweg	de:03358:01603::2	53.038521	9.70924		NO_MATCH_AND_SEEMS_UNSERVED								POINT(9.70924 53.038521)
619	Neuenkirchen	Delmsen Ort	de:03358:19832::1	53.042332	9.709439	bus	MATCHED	n1800176568	20.5	0.39	Delmsen, Ort	105,205	Ilhorn Ortsmitte / Kempen Ortsmitte	Neuenkirchen, Bahnhof	LINESTRING(9.709439 53.042332,9.709381200000001 53.0425126)
620	Neuenkirchen	Delmsen Ort	de:03358:19832::2	53.043424	9.709361	bus	MATCHED	n4360181199	102.4	0.14	Delmsen, Ort	105,205,207,208	Schwalingen Gasthaus WItte / Neuenkirchen-Brochdorf Ortsmitte / Neuenkirchen(Lüneburger Heide) Bahnhof	Brochdorf, Ortsmitte	LINESTRING(9.709361 53.043424,9.7096475 53.042520200000006)
621	Neuenkirchen	Edeka	de:03358:65527::1	53.03226	9.6988	bus	MATCHED	n1821992281	22.1	0.38	Neuenkirchen, Edeka	207,208,881	Neuenkirchen(Lüneburger Heide) Oehrensweg / Neuenkirchen(Lüneburger Heide) Rathaus		LINESTRING(9.6988 53.03226,9.6985303 53.0321464)
622	Neuenkirchen	Edeka	de:03358:65527::2	53.033089	9.700701	bus	MATCHED	n7682199924	81.6	0.11	Neuenkirchen, Oehrensweg	881	Neuenkirchen(Lüneburger Heide) Fasanenstraße	Neuenkirchen, Rathaus	LINESTRING(9.700701 53.033089,9.7019169 53.033115)
623	Neuenkirchen	Fasanenstraße	de:03358:65528::1	53.030522	9.694488	bus	MATCHED	n1824449589	39.4	0.27	Neuenkirchen Fasanenstraße	207,208,881	Drögenbostel Langenkamp / Neuenkirchen(Lüneburger Heide) Edeka		LINESTRING(9.694488 53.030522,9.6949076 53.030770000000004)
624	Neuenkirchen	Fasanenstraße	de:03358:65528::2	53.03051	9.6945	bus	MATCHED	n5021634265	34.6	0.46	Neuenkirchen Fasanenstraße	881	Neuenkirchen(Lüneburger Heide) Edeka	Neuenkirchen, Edeka	LINESTRING(9.6945 53.03051,9.6949538 53.030658700000004)
625	Neuenkirchen	Finkenstraße	de:03358:28946::1	53.032805	9.690236	bus	MATCHED	n7682226641	2.5	0.87	Neuenkirchen, Finkenstraße	207,208	Neuenkirchen(Lüneburger Heide) Fasanenstraße	Neuenkirchen Fasanenstraße	LINESTRING(9.690236 53.032805,9.6902655 53.032791100000004)
626	Neuenkirchen	Gartenstraße	de:03358:61393::1	53.027614	9.711474		NO_MATCH_AND_SEEMS_UNSERVED								POINT(9.711474 53.027614)
627	Neuenkirchen	Gilmerdingen Abzweig	de:03358:30770::1	53.030739	9.734894	bus	MATCHED	n1916676484	11.8	0.49	Gilmerdingen, Abzw. Gilmerdingen	200	Neuenkirchen(Lüneburger Heide) Schützenhalle		LINESTRING(9.734894 53.030739,9.7349416 53.0306373)
628	Neuenkirchen	Gilmerdingen Abzweig	de:03358:30770::2	53.030652	9.735103	bus	MATCHED	n1916676486	80.5	0.16	Gilmerdingen, Abzw. Gilmerdingen	200	Leverdingen West		LINESTRING(9.735103 53.030652,9.7363032 53.0306444)
629	Neuenkirchen	Gilmerdingen Kreuzung	de:03358:30771::1	53.036471	9.732789		NO_MATCH_AND_SEEMS_UNSERVED								POINT(9.732789 53.036471)
630	Neuenkirchen	Gilmerdingen Kreuzung	de:03358:30771::2	53.036483	9.73279		MATCHED	n2134118672	89.7	0.07	Gilmerdingen, Ortsmitte				LINESTRING(9.73279 53.036483,9.732608800000001 53.0372816)
631	Neuenkirchen	Gilmerdingen Ortsmitte	de:03358:30772::1	53.03744	9.73269	bus	MATCHED	n2694997543	10.9	0.53	Gilmerdingen, Ortsmitte	105,200,205,207	Ilhorn Ortsmitte / Neuenkirchen(Lüneburger Heide) Im Gehecht / Ilhorn Ortsmitte / Neuenkirchen(Lüneburger Heide) Bahnhof / Steinberg(Neuenkirchen) Kreuzung	Ilhorn, Ortsmitte	LINESTRING(9.73269 53.03744,9.7327622 53.037352500000004)
632	Neuenkirchen	Grauen(Neuenkirchen) Ort	de:03358:31803::1	53.101302	9.671881	bus	MATCHED	n1744449879	10.7	0.54	Grauen, Ort	102,205,208	Lünzen Rieper Weg / Neuenkirchen(Lüneburger Heide) Tewel Moor / Lünzen Schule / Lünzen Abzw. Am Obstgarten / Lünzen Schule	Lünzen, Schule / Tewel, Moor	LINESTRING(9.671881 53.101302,9.672000500000001 53.1012385)
633	Neuenkirchen	Heidetouristik	de:03358:60404::1	53.034121	9.705043	bus	MATCHED	n7682199921	166.0	0.1	Neuenkirchen, Heidetouristik	207,208	Neuenkirchen(Lüneburger Heide) Finkenstraße	Neuenkirchen, Finkenstraße	LINESTRING(9.705043 53.034121,9.7030571 53.033230800000005)
634	Neuenkirchen	Ilhorn Ortsmitte	de:03358:46059::1	53.055709	9.738844	bus	MATCHED	n1810202864	5.2	0.69	Ilhorn, Ortsmitte	104,105,205,207	Sprengel(Neuenkirchen) Ortsmitte / Vorwerk(Schneverdingen) Abzw. Langeloh / Gilmerdingen Ortsmitte / Sprengel(Neuenkirchen) Ortsmitte		LINESTRING(9.738844 53.055709,9.7387691 53.0556962)
635	Neuenkirchen	Ilhorn Ortsmitte	de:03358:46059::2	53.055862	9.738743	bus	MATCHED	n1810202981	8.8	0.58	Ilhorn, Ortsmitte	105,205	Gilmerdingen Ortsmitte / Kempen Ortsmitte / Delmsen Ort	Sprengel Ortsmitte	LINESTRING(9.738743 53.055862,9.738688600000001 53.05579)
636	Neuenkirchen	Im Gehecht	de:03358:60405::1	53.035905	9.714842	bus	MATCHED_THOUGH_DISTANT	n7682226640	201.7	0.08	Neuenkirchen, Im Gehecht	207	Neuenkirchen(Lüneburger Heide) Bahnhof / Gilmerdingen Ortsmitte	Gilmerdingen, Ortsmitte	LINESTRING(9.714842 53.035905,9.7132441 53.0374409)
637	Neuenkirchen	Kempen Ortsmitte	de:03358:106430::1	53.05775	9.726684	bus	MATCHED	n2403065893	22.0	0.2	Kempen	205	Delmsen Ort		LINESTRING(9.726684 53.05775,9.7263569 53.057763300000005)
638	Neuenkirchen	Kempen Ortsmitte	de:03358:106430::2	53.05753	9.726638	bus	NO_MATCH_BUT_OTHER_PLATFORM_MATCHED					205	Ilhorn Ortsmitte		POINT(9.726638 53.05753)
639	Neuenkirchen	Kempen(Neuenkirchen) Abzw. Ilhorn	de:03358:48785::1	53.057864	9.725874		NO_MATCH_AND_SEEMS_UNSERVED								POINT(9.725874 53.057864)
640	Neuenkirchen	Kempen(Neuenkirchen) Abzw. Ilhorn	de:03358:48785::2	53.056348	9.72419		NO_MATCH_AND_SEEMS_UNSERVED								POINT(9.72419 53.056348)
641	Neuenkirchen	Leverdingen Ortsmitte	de:03358:106471::1	53.029713	9.755797	bus	MATCHED	n2119964530	73.4	0.18	Leverdingen, Ortsmitte	200	Leverdingen Ost		LINESTRING(9.755797 53.029713,9.755405900000001 53.029096800000005)
642	Neuenkirchen	Leverdingen Ost	de:03358:55431::1	53.024449	9.768907	bus	MATCHED	n2078321808	5.4	0.68	Leverdingen, Ost	200	Wiedingen Abzw. Ellingen		LINESTRING(9.768907 53.024449,9.768833800000001 53.024468500000005)
643	Neuenkirchen	Leverdingen Ost	de:03358:55431::2	53.024591	9.76823	bus	MATCHED	n2078321744	25.9	0.34	Leverdingen, Ost	200	Leverdingen West		LINESTRING(9.76823 53.024591,9.7686139 53.024619300000005)
644	Neuenkirchen	Leverdingen West	de:03358:55432::1	53.027461	9.753507	bus	MATCHED	n2078321836	13.3	0.49	Leverdingen, West	200	Gilmerdingen Ortsmitte / Gilmerdingen Abzweig / Limbeck		LINESTRING(9.753507 53.027461,9.7533171 53.027496600000006)
645	Neuenkirchen	Leverdingen West	de:03358:55432::2	53.027186	9.754385	bus	MATCHED	n2078321846	35.0	0.29	Leverdingen, West	200	Leverdingen Ost		LINESTRING(9.754385 53.027186,9.7548762 53.0270791)
646	Neuenkirchen	Lieste Kreuzung	de:03358:55707::1	53.077301	9.721521	bus	MATCHED	n2691484905	99.2	0.14	Lieste, Kreuzung	205,207	Sprengel(Neuenkirchen) Liester Straße / Schwalingen Denkmal	Schwalingen, Denkmal	LINESTRING(9.721521 53.077301,9.7205039 53.0779493)
647	Neuenkirchen	Lieste Kreuzung	de:03358:55707::2	53.076972	9.72169	bus	MATCHED	n1885723034	135.2	0.11	Lieste, Kreuzung	205	Schülern Graffelbruchstraße / Sprengel(Neuenkirchen) Liester Straße		LINESTRING(9.72169 53.076972,9.7204001 53.077907)
648	Neuenkirchen	Limbeck	de:03358:55763::1	53.033808	9.733349	bus	MATCHED	n2938348600	4.9	0.46	Gilmerdingen, Gilmerdingen Limbeck	200	Gilmerdingen Ortsmitte		LINESTRING(9.733349 53.033808,9.733348600000001 53.033851600000006)
649	Neuenkirchen	Messpunkt Tewel	de:03358:61473::1	53.066896	9.667516		NO_MATCH_AND_SEEMS_UNSERVED								POINT(9.667516 53.066896)
650	Neuenkirchen	Oehrensweg	de:03358:60401::1	53.034313	9.699841	bus	NO_MATCH					207,208	Neuenkirchen(Lüneburger Heide) Rathaus		POINT(9.699841 53.034313)
651	Neuenkirchen	Ortsmitte	de:03358:65530::1	53.032721	9.708144		NO_MATCH_AND_SEEMS_UNSERVED								POINT(9.708144 53.032721)
652	Neuenkirchen	Pommernstraße	de:03358:60400::1	53.028019	9.69733	bus	MATCHED	n7682199917	95.8	0.3	Neuenkirchen, Pommernstraße	208	Neuenkirchen(Lüneburger Heide) Finkenstraße	Neuenkirchen, Finkenstraße	LINESTRING(9.69733 53.028019,9.6959423 53.028223000000004)
653	Neuenkirchen	Rathaus	de:03358:65531::1	53.03261	9.705653	bus	MATCHED	n1821992286	88.6	0.31	Neuenkirchen, Rathaus	207,208,881	Neuenkirchen(Lüneburger Heide) Schützenhalle / Neuenkirchen(Lüneburger Heide) Heidetouristik / Neuenkirchen(Lüneburger Heide) Edeka	Neuenkirchen, Heidetouristik	LINESTRING(9.705653 53.03261,9.706948800000001 53.0327671)
654	Neuenkirchen	Rathaus	de:03358:65531::2	53.03261	9.705659	bus	MATCHED	n1821992274	78.7	0.33	Neuenkirchen, Rathaus	881	Neuenkirchen(Lüneburger Heide) Schützenhalle	Neuenkirchen, Schützenhalle	LINESTRING(9.705659 53.03261,9.7068308 53.032656100000004)
655	Neuenkirchen	Sandstraße	de:03358:65532::1	53.029109	9.711982	bus	MATCHED	n1820512033	62.8	0.2	Neuenkirchen Sandstraße	207,208,881	Neuenkirchen(Lüneburger Heide) Schützenhalle / Neuenkirchen(Lüneburger Heide) Rathaus / Neuenkirchen(Lüneburger Heide) Bahnhofstraße	Neuenkirchen, Bahnhofstraße	LINESTRING(9.711982 53.029109,9.7112725 53.0287407)
656	Neuenkirchen	Schwalingen Denkmal	de:03358:82625::1	53.071571	9.700863	bus	MATCHED	n2691494719	91.6	0.15	Schwalingen, Denkmal	205,207	Lieste Kreuzung / Delmsen Ort / Tewel Siek	Tewel, Siek	LINESTRING(9.700863 53.071571,9.7022283 53.071621300000004)
657	Neuenkirchen	Schwalingen Denkmal	de:03358:82625::2	53.071432	9.700724	bus	MATCHED	n2134124089	107.4	0.13	Schwalingen, Denkmal	205	Lieste Kreuzung		LINESTRING(9.700724 53.071432,9.7023142 53.071550800000004)
658	Neuenkirchen	Schwalingen Gasthaus WItte	de:03358:60406::1	53.067367	9.700461	bus	MATCHED	n7682201003	25.2	0.29	Schwalingen, Gasthof Witte	207	Schwalingen Denkmal		LINESTRING(9.700461 53.067367,9.7005178 53.067143)
659	Neuenkirchen	Schützenhalle	de:03358:65534::1	53.030138	9.709025	bus	MATCHED	n900697155	5.3	0.68	Neuenkirchen, Schützenhalle	105,200,205,207,208	Neuenkirchen(Lüneburger Heide) Wilhelm-Raabe-Straße / Wieheholz Ort / Neuenkirchen-Brochdorf Ortsmitte / Neuenkirchen(Lüneburger Heide) Sandstraße / Neuenkirchen(Lüneburger Heide) Bahnhof / Gilmerdingen Abzweig	Neuenkirchen Sandstraße / Neuenkirchen, Wilhelm-Raabe-Straße	LINESTRING(9.709025 53.030138,9.7090177 53.0300907)
660	Neuenkirchen	Schützenhalle	de:03358:65534::2	53.029965	9.70903	bus	NO_MATCH_BUT_OTHER_PLATFORM_MATCHED					881	Neuenkirchen(Lüneburger Heide) Sandstraße		POINT(9.70903 53.029965)
661	Neuenkirchen	Schützenhalle	de:03358:65534::3	53.029965	9.70903		MATCHED	n1821992288	37.8	0.14	Neuenkirchen, Frielinger Straße 21				LINESTRING(9.70903 53.029965,9.709062300000001 53.030304400000006)
662	Neuenkirchen	Sprengel(Neuenkirchen) Liester Straße	de:03358:86100::1	53.065754	9.735004	bus	MATCHED	n1914706544	25.4	0.35	Sprengel, Liester Straße	205,207	Lieste Kreuzung / Sprengel(Neuenkirchen) Ortsmitte	Lieste, Kreuzung	LINESTRING(9.735004 53.065754,9.735359800000001 53.065675500000005)
663	Neuenkirchen	Sprengel(Neuenkirchen) Liester Straße	de:03358:86100::2	53.065587	9.73512	bus	MATCHED	n1810202910	14.3	0.47	Sprengel, Liester Straße	205	Sprengel(Neuenkirchen) Vahlzener Straße		LINESTRING(9.73512 53.065587,9.7353322 53.065603800000005)
664	Neuenkirchen	Sprengel(Neuenkirchen) Ortsmitte	de:03358:86101::1	53.06541	9.738609	bus	MATCHED	n1916674690	58.6	0.37	Sprengel Ortsmitte	105	Steinbeck(Schneverdingen) Ortsmitte / Schülern Ortsmitte / Schülern Graffelbruchstraße	Sprengel, Liester Straße	LINESTRING(9.738609 53.06541,9.739251600000001 53.0657678)
665	Neuenkirchen	Sprengel(Neuenkirchen) Ortsmitte	de:03358:86101::2	53.065435	9.738584	bus	MATCHED	n1810203023	34.1	0.29	Sprengel Ortsmitte	105,205,207	Sprengel(Neuenkirchen) Liester Straße / Vahlzen Kreuzung / Ilhorn Ortsmitte / Ilhorn Ortsmitte		LINESTRING(9.738584 53.065435,9.7388764 53.0656861)
666	Neuenkirchen	Sprengel(Neuenkirchen) Vahlzener Straße	de:03358:86102::1	53.066251	9.739903	bus	NO_MATCH_BUT_OTHER_PLATFORM_MATCHED					205	Sprengel(Neuenkirchen) Liester Straße		POINT(9.739903 53.066251)
667	Neuenkirchen	Sprengel(Neuenkirchen) Vahlzener Straße	de:03358:86102::2	53.066248	9.739892	bus	MATCHED	n2137983532	142.9	0.11	Sprengel, Vahlzener Straße	105,205	Vahlzen Kreuzung		LINESTRING(9.739892 53.066248,9.7419173 53.0658468)
668	Neuenkirchen	Steinberg(Neuenkirchen)	de:03358:87105::1	53.034313	9.754532		NO_MATCH_AND_SEEMS_UNSERVED								POINT(9.754532 53.034313)
669	Neuenkirchen	Steinberg(Neuenkirchen) Kreuzung	de:03358:87106::1	53.037647	9.753069	bus	MATCHED	n12730273829	17.4	0.39	Steinbeck, Kreuzung	200	Leverdingen Ortsmitte		LINESTRING(9.753069 53.037647,9.7530643 53.0374908)
670	Neuenkirchen	Tewel Jerusalem	de:03358:90593::1	53.06879	9.650031		NO_MATCH_AND_SEEMS_UNSERVED								POINT(9.650031 53.06879)
671	Neuenkirchen	Tewel Moor	de:03358:65529::1	53.085338	9.668213	bus	MATCHED	n5815515759	5.3	0.68	Tewel, Moor	205,208	Tewel Platenkamper Straße / Grauen(Neuenkirchen) Ort / Tewel Schneverdingerstraße	Tewel, Schneverdinger Straße (Milchtankstelle)	LINESTRING(9.668213 53.085338,9.6681571 53.0853722)
672	Neuenkirchen	Tewel Platenkamper Straße	de:03358:90594::1	53.066254	9.661778	bus	MATCHED	n2134122676	28.8	0.32	Tewel, Platenkamper Straße	205,207,208	Tewel Schneverdingerstraße / Tewel Siek / Neuenkirchen(Lüneburger Heide) Schützenhalle / Neuenkirchen-Brochdorf Ortsmitte	Tewel, Schneverdinger Straße (Milchtankstelle) / Brochdorf, Ortsmitte	LINESTRING(9.661778 53.066254,9.661770200000001 53.065994800000006)
673	Neuenkirchen	Tewel Platenkamper Straße	de:03358:90594::2	53.066296	9.661586		NO_MATCH_AND_SEEMS_UNSERVED								POINT(9.661586 53.066296)
674	Neuenkirchen	Tewel Schneverdingerstraße	de:03358:60402::1	53.06727	9.664545	bus	MATCHED	n7684652410	13.2	0.47	Tewel, Schneverdinger Straße (Milchtankstelle)	207,208	Tewel Platenkamper Straße / Neuenkirchen(Lüneburger Heide) Tewel Moor	Tewel, Platenkamper Straße	LINESTRING(9.664545 53.06727,9.664486100000001 53.067156600000004)
675	Neuenkirchen	Tewel Siek	de:03358:90595::1	53.06863	9.672774	bus	MATCHED	n10152747384	10.7	0.68	Tewel, Siek	205,207	Neuenkirchen-Brochdorf Ortsmitte / Tewel Platenkamper Straße / Tewel Schneverdingerstraße	Tewel, Schneverdinger Straße (Milchtankstelle)	LINESTRING(9.672774 53.06863,9.672910700000001 53.068679)
676	Neuenkirchen	Tewel Siek	de:03358:90595::2	53.068565	9.672843	bus	MATCHED	n2134122677	15.0	0.46	Tewel, Siek	205	Schwalingen Denkmal		LINESTRING(9.672843 53.068565,9.673031100000001 53.0686375)
677	Neuenkirchen	Vahlzen Kreuzung	de:03358:92972::1	53.058276	9.763437	bus	MATCHED	n2684038131	8.2	0.59	Vahlzen, Kreuzung	205	Sprengel(Neuenkirchen) Vahlzener Straße		LINESTRING(9.763437 53.058276,9.7633144 53.0582733)
678	Neuenkirchen	Vahlzen Kreuzung	de:03358:92972::2	53.058287	9.76345	bus	MATCHED	n2684038132	14.5	0.47	Vahlzen, Kreuzung	105,205	Ilhorn Ortsmitte / Ilhorn Ortsmitte / Schülern Ortsmitte		LINESTRING(9.76345 53.058287,9.763292900000001 53.0583764)
679	Neuenkirchen	Wilhelm-Raabe-Straße	de:03358:60398::1	53.025501	9.706354	bus	MATCHED	n7682199925	76.8	0.33	Neuenkirchen, Wilhelm-Raabe-Straße	208	Neuenkirchen(Lüneburger Heide) Birkenweg	Neuenkirchen, Birkenweg	LINESTRING(9.706354 53.025501,9.7060516 53.0261666)
680	Osterheide	Oerbke Birkenweg	de:03358:70242::1	52.856672	9.716391	bus	NO_MATCH_BUT_OTHER_PLATFORM_MATCHED					450,511	Bad Fallingbostel Hermann-Löns-Schule / Bad Fallingbostel Goethering / Bad Fallingbostel Bahnhof		POINT(9.716391 52.856672)
681	Osterheide	Oerbke Birkenweg	de:03358:70242::2	52.856664	9.716228	bus	MATCHED	n2960311958	9.8	0.56	Oerbke Birkenweg	450	Bad Fallingbostel Goethering / Bad Fallingbostel Abzw. Düshorner Straße / Bad Fallingbostel Abzw. Adolphsheide		LINESTRING(9.716228 52.856664,9.7162681 52.8567486)
682	Osterheide	Oerbke Gillweg	de:03358:70243::1	52.854104	9.722882	bus	MATCHED	n2960311955	197.0	0.09	Oerbke Gillweg	450,511	Oerbke Birkenweg		LINESTRING(9.722882 52.854104,9.7253976 52.8532002)
683	Osterheide	Oerbke Gillweg	de:03358:70243::2	52.854106	9.722883	bus	NO_MATCH_BUT_OTHER_PLATFORM_MATCHED					450	Oerbke Birkenweg		POINT(9.722883 52.854106)
684	Osterheide	Ostenholz Am Katzenhagen	de:03358:71952::1	52.770169	9.722574	bus	MATCHED	n2982486620	49.0	0.23	Ostenholz, Am Katzhagen	502	Ostenholz Kirche		LINESTRING(9.722574 52.770169,9.7232109 52.77038)
685	Osterheide	Ostenholz Am Katzenhagen	de:03358:71952::2	52.770169	9.722574	bus	NO_MATCH_BUT_OTHER_PLATFORM_MATCHED					502	Ostenholz Kirche		POINT(9.722574 52.770169)
686	Osterheide	Ostenholz Kirche	de:03358:71953::1	52.774841	9.721599	bus	MATCHED	n2803295413	95.0	0.15	Ostenholz, Kirche	502			LINESTRING(9.721599 52.774841,9.722903800000001 52.7745198)
687	Osterheide	Ostenholz Kirche	de:03358:71953::2	52.774841	9.721599	bus	NO_MATCH_BUT_OTHER_PLATFORM_MATCHED					502	Westenholz(Walsrode) Ortsmitte		POINT(9.721599 52.774841)
688	Osterheide	Ostenholz Schule	de:03358:71954::1	52.770352	9.714588	bus	MATCHED	n2982486623	11.0	0.53	Ostenholz, Schule	502	Ostenholz Am Katzenhagen		LINESTRING(9.714588 52.770352,9.7145446 52.7702566)
689	Osterheide	Ostenholz Schule	de:03358:71954::2	52.770352	9.714588	bus	NO_MATCH_BUT_OTHER_PLATFORM_MATCHED					502	Ostenholz Am Katzenhagen		POINT(9.714588 52.770352)
690	Osterheide	Wense(Oerbke) Krug	de:03358:97722::1	52.922041	9.816957	bus	NO_MATCH_BUT_OTHER_PLATFORM_MATCHED					450	Jettebruch Schule / Fuhrhop		POINT(9.816957 52.922041)
691	Osterheide	Wense(Oerbke) Krug	de:03358:97722::2	52.922061	9.81701	bus	MATCHED	n2960292538	74.3	0.17	Wense Krug	450	Eickhof(Bad Fallingbostel)	Oerbke Gillweg	LINESTRING(9.81701 52.922061,9.8180419 52.9222988)
692	Rethem (Aller)	Abzw. Wohlendorf	de:03358:76911::1	52.788003	9.354749	bus	NO_MATCH_BUT_OTHER_PLATFORM_MATCHED					765	Rethem(Aller) Bergstraße		POINT(9.354749 52.788003)
693	Rethem (Aller)	Abzw. Wohlendorf	de:03358:76911::2	52.787985	9.354664	bus	MATCHED	n2996343114	26.3	0.34	Rethem, Abzw. Wohlendorf	765	Hülsen(Dörverden) Donnerhorst	Rethem, Bergstraße / Dörverden-Hülsen, Donnerhorst	LINESTRING(9.354664 52.787985,9.3544686 52.7881896)
694	Rethem (Aller)	Aldi	de:03358:600316::1	52.782706	9.376803		NO_MATCH_AND_SEEMS_UNSERVED								POINT(9.376803 52.782706)
695	Rethem (Aller)	Aldi	de:03358:600316::2	52.782641	9.37665		NO_MATCH_AND_SEEMS_UNSERVED								POINT(9.37665 52.782641)
696	Rethem (Aller)	Bergstraße	de:03358:76912::1	52.784596	9.372907	bus	MATCHED	n2996343119	24.5	0.36	Rethem, Bergstraße	553,765	Wohlendorf K 111 / Rethem(Aller) Abzw. Wohlendorf	Rethem, Abzw. Wohlendorf / Rethem, Rodewalder Straße	LINESTRING(9.372907 52.784596,9.373257500000001 52.7845365)
697	Rethem (Aller)	Bergstraße	de:03358:76912::2	52.784595	9.372666	bus	NO_MATCH_BUT_OTHER_PLATFORM_MATCHED					765	Rethem(Aller) Rodewalder Straße		POINT(9.372666 52.784595)
698	Rethem (Aller)	Gewerbepark	de:03358:76918::1	52.775065	9.393956	bus	NO_MATCH_BUT_OTHER_PLATFORM_MATCHED					554	Rethem(Aller) Parkstraße / Hedern Ortsmitte		POINT(9.393956 52.775065)
699	Rethem (Aller)	Gewerbepark	de:03358:76918::2	52.775033	9.393872	bus	MATCHED	n2996413086	57.3	0.1	Rethem, Toschi-Werk	554	Rethem(Aller) Parkstraße		LINESTRING(9.393872 52.775033,9.3942498 52.7745717)
700	Rethem (Aller)	Moor Böselweg	de:03358:76906::1	52.768223	9.384115	bus	NO_MATCH					553	Rethem-Moor Rodewalder Straße 44		POINT(9.384115 52.768223)
701	Rethem (Aller)	Moor Böselweg	de:03358:76906::2	52.768223	9.384115		NO_MATCH_AND_SEEMS_UNSERVED								POINT(9.384115 52.768223)
702	Rethem (Aller)	Moor Leseberg	de:03358:76907::1	52.754621	9.38704		MATCHED	n3787835807	192.0	0.05	Rethem-Moor, Leseberg				LINESTRING(9.38704 52.754621,9.387401200000001 52.7563328)
703	Rethem (Aller)	Moor Rodewalder Straße 44	de:03358:18797::1	52.773223	9.378393	bus	NO_MATCH					553	Rethem(Aller) Rodewalder Straße / Stöcken(Rethem) Stöckener Straße 305		POINT(9.378393 52.773223)
704	Rethem (Aller)	Moor Rodewalder Straße 44	de:03358:18797::2	52.773223	9.378393		NO_MATCH_AND_SEEMS_UNSERVED								POINT(9.378393 52.773223)
705	Rethem (Aller)	Moor Rodewalder Straße 45	de:03358:76908::1	52.75477	9.39643	bus	MATCHED_THOUGH_DISTANT	n2996359862	249.5	0.06	Rethem-Moor, Rodewalder Straße 221	553	Rethem-Moor Rodewalder Straße 54		LINESTRING(9.39643 52.75477,9.396925300000001 52.7525472)
706	Rethem (Aller)	Moor Rodewalder Straße 45	de:03358:76908::2	52.75477	9.39643		NO_MATCH_AND_SEEMS_UNSERVED								POINT(9.39643 52.75477)
707	Rethem (Aller)	Moor Rodewalder Straße 54	de:03358:9000024::1	52.76117	9.394043	bus	NO_MATCH					553	Rethem-Moor Schule		POINT(9.394043 52.76117)
708	Rethem (Aller)	Moor Schule	de:03358:76909::1	52.763971	9.389974	bus	MATCHED	n2996359863	16.0	0.42	Rethem-Moor, Schule	553	Rethem Moor Böselweg		LINESTRING(9.389974 52.763971,9.390209 52.763950300000005)
709	Rethem (Aller)	Moor Schule	de:03358:76909::2	52.763971	9.389974		NO_MATCH_AND_SEEMS_UNSERVED								POINT(9.389974 52.763971)
710	Rethem (Aller)	Moor Weber	de:03358:76910::1	52.742295	9.399705	bus	MATCHED	n2996359865	2.8	0.74	Rethem-Moor, Weber	553	Rethem-Moor Rodewalder Straße 45		LINESTRING(9.399705 52.742295,9.399706700000001 52.74232000000001)
711	Rethem (Aller)	Moor Weber	de:03358:76910::2	52.742256	9.399599		NO_MATCH_AND_SEEMS_UNSERVED								POINT(9.399599 52.742256)
712	Rethem (Aller)	Mühlenstraße	de:03358:76915::1	52.785243	9.380027	bus	MATCHED	n7660655653	4.7	0.48	Rethem, Ratskeller	510,553,554	Rethem(Aller) Rodewalder Straße / Rethem(Aller) Rodewalder Straße / Rethem(Aller) Parkstraße / Rethem(Aller) Schule		LINESTRING(9.380027 52.785243,9.380043 52.785284000000004)
713	Rethem (Aller)	Mühlenstraße	de:03358:76915::2	52.785223	9.380138	bus	MATCHED	n2877244359	16.6	0.3	Rethem, Ratskeller	510,553	Rethem(Aller) Schule / Kirchwahlingen Ortsmitte / Rethem(Aller) Fähre / Rethem(Aller) Schule		LINESTRING(9.380138 52.785223,9.3803835 52.7852236)
714	Rethem (Aller)	Parkstraße	de:03358:76914::1	52.780554	9.383365	bus	NO_MATCH_BUT_OTHER_PLATFORM_MATCHED					554	Rethem(Aller) Gewerbepark / Rethem(Aller) Mühlenstraße		POINT(9.383365 52.780554)
715	Rethem (Aller)	Parkstraße	de:03358:76914::2	52.780551	9.383365	bus	MATCHED	n2996413091	5.8	0.43	Rethem, Hainholzstraße	554	Rethem(Aller) Mühlenstraße / Rethem(Aller) Schule		LINESTRING(9.383365 52.780551,9.383311800000001 52.78051000000001)
716	Rethem (Aller)	Rewe	de:03358:600317::1	52.783932	9.381288		NO_MATCH_AND_SEEMS_UNSERVED								POINT(9.381288 52.783932)
717	Rethem (Aller)	Rewe	de:03358:600317::2	52.78408	9.381441		NO_MATCH_AND_SEEMS_UNSERVED								POINT(9.381441 52.78408)
718	Rethem (Aller)	Rodewalder Straße	de:03358:76916::1	52.784457	9.376505	bus	MATCHED	n2877244361	4.3	0.72	Rethem, Rodewalder Straße	510,553,554,765	Wohlendorf K 111 / Rethem(Aller) Bergstraße / Stöcken(Rethem) Helberg / Rethem(Aller) Schule / Rethem(Aller) Mühlenstraße / Rethem(Aller) Mühlenstraße	Rohrsen, Alter Kirchweg / Rethem, Bergstraße	LINESTRING(9.376505 52.784457,9.376568 52.7844599)
719	Rethem (Aller)	Rodewalder Straße	de:03358:76916::2	52.78428	9.37657	bus	NO_MATCH_BUT_OTHER_PLATFORM_MATCHED					31,553,554,765	Rethem(Aller) Mühlenstraße / Stöcken(Rethem) B 209		POINT(9.37657 52.78428)
720	Rethem (Aller)	Schule	de:03358:76917::1	52.782472	9.384331	bus	MATCHED	n2877244360	14.3	0.47	Rethem, Schule	510,550,553,554	Rethem(Aller) Mühlenstraße / Rethem(Aller) Fähre / Rethem(Aller) Parkstraße / Rethem(Aller) Rodewalder Straße / Kirchwahlingen Ortsmitte		LINESTRING(9.384331 52.782472,9.384156 52.782399600000005)
721	Rethem (Aller)	Schule	de:03358:76917::2	52.782808	9.384066	bus	NO_MATCH_BUT_OTHER_PLATFORM_MATCHED					553,554	Rethem(Aller) Mühlenstraße		POINT(9.384066 52.782808)
722	Rethem (Aller)	Stöcken(Rethem) Am Risch 8	de:03358:88812::1	52.77469	9.347291		NO_MATCH_AND_SEEMS_UNSERVED								POINT(9.347291 52.77469)
723	Rethem (Aller)	Stöcken(Rethem) B 209	de:03358:88813::1	52.765077	9.355332	bus	MATCHED	n5040368073	56.4	0.21	Stöcken, B209	31	Anderten(Heemsen) Mitte		LINESTRING(9.355332 52.765077,9.355427500000001 52.7655809)
724	Rethem (Aller)	Stöcken(Rethem) B 209	de:03358:88813::2	52.765068	9.355367	bus	MATCHED	n3012904935	58.1	0.2	Stöcken (Rethem), B 209	31	Rethem(Aller) Rodewalder Straße		LINESTRING(9.355367 52.765068,9.3555749 52.76557450000001)
725	Rethem (Aller)	Stöcken(Rethem) Helberg	de:03358:88814::1	52.763233	9.353229	bus	MATCHED	n1752700006	56.0	0.21	Stöcken, Helberg	553	Stöcken(Rethem) Reinhardt / Stöcken(Rethem) Kuhbrücke		LINESTRING(9.353229 52.763233,9.3524512 52.7634094)
726	Rethem (Aller)	Stöcken(Rethem) In der Heide 2	de:03358:88815::1	52.767534	9.33692	bus	MATCHED	n2996343110	5.9	0.65	Stöcken, In der Heide 2	553	Stöcken(Rethem) In der Heide 2		LINESTRING(9.33692 52.767534,9.336991300000001 52.7675646)
727	Rethem (Aller)	Stöcken(Rethem) In der Heide 2	de:03358:88815::2	52.76737	9.33682	bus	NO_MATCH_BUT_OTHER_PLATFORM_MATCHED					553	Stöcken(Rethem) Schützenhalle		POINT(9.33682 52.76737)
728	Rethem (Aller)	Stöcken(Rethem) Kuhbrücke	de:03358:88816::1	52.754976	9.354144	bus	MATCHED	n2996343115	8.4	0.59	Stöcken, Kuhbrücke	553	Stöcken(Rethem) Reinhardt		LINESTRING(9.354144 52.754976,9.354117200000001 52.7549027)
729	Rethem (Aller)	Stöcken(Rethem) Reinhardt	de:03358:88817::1	52.761769	9.358876	bus	MATCHED	n2996343118	17.3	0.43	Stöcken, Reinhardt	553	Stöcken(Rethem) Weißer Graben		LINESTRING(9.358876 52.761769,9.358762800000001 52.7616293)
730	Rethem (Aller)	Stöcken(Rethem) Schützenhalle	de:03358:88818::1	52.765143	9.345289	bus	MATCHED	n1752700014	23.8	0.36	Stöcken, Schützenhalle	553	Stöcken(Rethem) Helberg		LINESTRING(9.345289 52.765143,9.3449681 52.7650548)
731	Rethem (Aller)	Stöcken(Rethem) Stelter	de:03358:88819::1	52.779334	9.351047	bus	MATCHED	n2996343111	44.6	0.25	Stöcken, Stelter	553	Stöcken(Rethem) In der Heide 2		LINESTRING(9.351047 52.779334,9.351260700000001 52.779713300000004)
732	Rethem (Aller)	Stöcken(Rethem) Stöckener Straße 305	de:03358:88820::1	52.778105	9.367946	bus	MATCHED	n2996359866	37.6	0.27	Stöcken, Stöckener Straße 305	553	Rethem(Aller) Rodewalder Straße		LINESTRING(9.367946 52.778105,9.3683168 52.778356900000006)
733	Rethem (Aller)	Stöcken(Rethem) Weißer Graben	de:03358:88821::1	52.755251	9.371323	bus	MATCHED	n2996343117	6.1	0.65	Stöcken, Weißer Graben	553	Rethem-Moor Weber		LINESTRING(9.371323 52.755251,9.3713645 52.7552019)
734	Rethem (Aller)	Wohlendorf K 111	de:03358:100982::1	52.786852	9.357946	bus	MATCHED	n2996343116	6.8	0.62	Wohlendorf, K 111	553	Wohlendorf Schule		LINESTRING(9.357946 52.786852,9.357853500000001 52.7868287)
735	Rethem (Aller)	Wohlendorf Peters	de:03358:100983::1	52.789521	9.354998	bus	MATCHED	n2996343113	18.1	0.42	Wohlendorf, Peters	553	Stöcken(Rethem) Stelter		LINESTRING(9.354998 52.789521,9.3552652 52.789535900000004)
736	Rethem (Aller)	Wohlendorf Schule	de:03358:100984::1	52.789858	9.359655	bus	MATCHED	n2996343112	2.2	0.82	Wohlendorf, Schule	553	Wohlendorf Peters		LINESTRING(9.359655 52.789858,9.359626500000001 52.7898482)
737	Schneverdingen	Alt-Benninghöfener-Weg	de:03358:106615::1	53.105633	9.806923	bus	MATCHED	n4772224441	1.2	0.88	Schneverdingen, Alt-Benninghöfener-Weg	112	Schneverdingen Max-Oertz-Straße / Schneverdingen Schnuckenweide		LINESTRING(9.806923 53.105633,9.8069053 53.10563440000001)
738	Schneverdingen	Alt-Benninghöfener-Weg	de:03358:106615::2	53.105633	9.806923		NO_MATCH_AND_SEEMS_UNSERVED								POINT(9.806923 53.105633)
739	Schneverdingen	Am Brink	de:03358:82191::1	53.118945	9.78546		MATCHED	n926553854	3.6	0.71	Schneverdingen, Am Brink				LINESTRING(9.78546 53.118945,9.785486200000001 53.118916600000006)
740	Schneverdingen	Am Brink	de:03358:82191::2	53.11897	9.78546	bus	MATCHED	n4772210233	23.1	0.37	Schneverdingen, Am Brink	100,101,102,104,105,106,110,111,156,873	Schneverdingen Heinrich-Wahls-Straße 13 / Schneverdingen Am Jordan / Schneverdingen Bahnhof / Schneverdingen Schulzentrum / Schneverdingen Quellenbad / Schneverdingen Hasweder Weg 101 / Schneverdingen Rotenburger Straße / Großenwede Ort / Höpen(Schneverdingen) Mitte / Wintermoor An der Gärtnerei / Lünzen Schule / Schneverdingen Bergstraße / Schneverdingen Osterwaldweg / Schneverdingen Rosenstraße / Gallhorn Schülerner Straße		LINESTRING(9.78546 53.11897,9.7853247 53.118779200000006)
741	Schneverdingen	Am Dorfteich	de:03358:20330::1	53.127049	9.785928	bus	MATCHED	n7058241567	77.7	0.17	Schneverdingen, Am Dorfteich	110	Schneverdingen Seekamp / Schneverdingen Schaftrift		LINESTRING(9.785928 53.127049,9.786996 53.127324)
742	Schneverdingen	Am Dorfteich	de:03358:20330::2	53.127049	9.785928		NO_MATCH_AND_SEEMS_UNSERVED								POINT(9.785928 53.127049)
743	Schneverdingen	Am Freibad	de:03358:20331::1	53.131434	9.772264		NO_MATCH_AND_SEEMS_UNSERVED								POINT(9.772264 53.131434)
744	Schneverdingen	Am Freibad	de:03358:20331::2	53.131434	9.772264		NO_MATCH_AND_SEEMS_UNSERVED								POINT(9.772264 53.131434)
745	Schneverdingen	Am Jordan	de:03358:82192::1	53.125903	9.783386	bus	MATCHED	n4357577820	140.8	0.08	Schneverdingen, Tannenhof	100	Schneverdingen Quellenbad / Schneverdingen Am Brink		LINESTRING(9.783386 53.125903,9.7853378 53.1263756)
746	Schneverdingen	Am Jordan	de:03358:82192::2	53.125628	9.783783		MATCHED	n877643574	13.5	0.42	Schneverdingen, Am Jordan				LINESTRING(9.783783 53.125628,9.783796500000001 53.125749500000005)
747	Schneverdingen	Bahnhof	de:03358:82193::1	53.111623	9.798081	bus	MATCHED	n7121815315	10.8	0.53	Schneverdingen, Bahnhof	100,101,102,104,105,106,110,111,112,156	Schneverdingen Südring / Schneverdingen Osterwaldweg / Schneverdingen Ernst-Dax-Straße / Schneverdingen Am Brink / Gallhorn Schülerner Straße / Schneverdingen Osterwaldweg / Schneverdingen Oststraße 31 / Schneverdingen Famila Am Vogelsang / Schneverdingen Schulzentrum / Schneverdingen Speckmannstraße		LINESTRING(9.798081 53.111623,9.798089800000001 53.111525900000004)
748	Schneverdingen	Bahnhof	de:03358:82193::2	53.111624	9.798078		MATCHED	n7121815316	4.9	0.65	Schneverdingen, Bahnhof				LINESTRING(9.798078 53.111624,9.798083100000001 53.111580200000006)
749	Schneverdingen	Bahnhofstraße 34	de:03358:3922::1	53.113542	9.794703		NO_MATCH_AND_SEEMS_UNSERVED								POINT(9.794703 53.113542)
750	Schneverdingen	Barrl Am Wald	de:03358:7222::1	53.166434	9.841646	bus	MATCHED	n2139829193	14.6	0.43	Barrl, Am Walde	101,110	Wintermoor An der Gärtnerei / Barrl Hotel Hof Barrl / Ehrhorn Waldsiedlung	Ehrhorn, Waldsiedlung	LINESTRING(9.841646 53.166434,9.841700000000001 53.1665609)
751	Schneverdingen	Barrl Hotel Hof Barrl	de:03358:7223::1	53.153428	9.846171	bus	MATCHED	n2139829190	9.8	0.69	Hotel Hof Barrl	101,110	Barrl Am Wald / Schneverdingen Camp Reinsehlen	Barrl, Am Walde	LINESTRING(9.846171 53.153428,9.846214100000001 53.153512400000004)
752	Schneverdingen	Bergstraße	de:03358:106616::1	53.116962	9.789725	bus	MATCHED	n5844791139	4.3	0.72	Schneverdingen, Bergstraße	110,111	Schneverdingen Am Brink / Schneverdingen Oststraße 31		LINESTRING(9.789725 53.116962,9.7896681 53.116945)
753	Schneverdingen	Bergstraße	de:03358:106616::2	53.117045	9.789663		MATCHED	n3318395469	3.8	0.7	Schneverdingen, Bergstraße				LINESTRING(9.789663 53.117045,9.7896748 53.1170119)
754	Schneverdingen	Blütenweg	de:03358:106617::1	53.115672	9.778515		NO_MATCH_AND_SEEMS_UNSERVED								POINT(9.778515 53.115672)
755	Schneverdingen	Bockheberer Weg	de:03358:9000046::1	53.114205	9.808186	bus	NO_MATCH					112	Schneverdingen Föhrengrund / Schneverdingen Freudenthalstraße		POINT(9.808186 53.114205)
756	Schneverdingen	Camp Reinsehlen	de:03358:20333::1	53.14645	9.81753	bus	MATCHED_THOUGH_DISTANT	n7058317894	258.6	0.07	Camp Reinsehlen	110	Barrl Hotel Hof Barrl / Schneverdingen Reinsehlener Weg		LINESTRING(9.81753 53.14645,9.8146135 53.1479756)
757	Schneverdingen	Camp Reinsehlen	de:03358:20333::2	53.14645	9.81753		NO_MATCH_AND_SEEMS_UNSERVED								POINT(9.81753 53.14645)
758	Schneverdingen	Dannhorst Ort	de:03358:19018::1	53.093069	9.796403	bus	MATCHED	n2155793689	7.0	0.63	Dannhorst Ort	104	Gallhorn Hemsener Weg		LINESTRING(9.796403 53.093069,9.796400700000001 53.093132100000005)
759	Schneverdingen	Dannhorst Ort	de:03358:19018::2	53.093069	9.79634	bus	MATCHED	n3970051757	6.8	0.63	Dannhorst Ort	104	Freyersen Ort		LINESTRING(9.79634 53.093069,9.7962386 53.093061500000005)
760	Schneverdingen	Eggersmühlen Ort	de:03358:22981::1	53.179858	9.737343	bus	MATCHED	n5783888070	24.6	0.36	Eggersmühlen, Ort	100	Insel(Schneverdingen) Riethchaussee		LINESTRING(9.737343 53.179858,9.737122900000001 53.1796803)
761	Schneverdingen	Eggersmühlen Ort	de:03358:22981::2	53.179868	9.737389	bus	MATCHED	n5783888071	21.3	0.39	Eggersmühlen, Ort	100	Wesseloh Friedhof / Wesseloh Laubstraße		LINESTRING(9.737389 53.179868,9.737273100000001 53.17968990000001)
762	Schneverdingen	Ehrhorn Abzw. Heimbuch	de:03358:23092::1	53.17786	9.8833	bus	MATCHED	n1290167245	1.9	0.83	Ehrhorn, Abzw. Heimbuch	101,156	Wintermoor Bahnhof / Ehrhorn Behringer Straße 107	Ehrhorn, Behringer Straße 107	LINESTRING(9.8833 53.17786,9.8832802 53.1778472)
763	Schneverdingen	Ehrhorn Abzw. Heimbuch	de:03358:23092::2	53.177456	9.8841	bus	MATCHED	n1290167247	7.9	0.6	Ehrhorn, Abzw. Heimbuch	156	Einem Ortsmitte		LINESTRING(9.8841 53.177456,9.8839878 53.17747730000001)
764	Schneverdingen	Ehrhorn Behringer Straße 107	de:03358:23093::1	53.178875	9.868737	bus	MATCHED	n1817657014	7.2	0.73	Ehrhorn, Behringer Straße 107	101,156	Wintermoor Behringer Straße 100	Wintermoor, Bahnhof / Ehrhorn, Behringer Straße 100	LINESTRING(9.868737 53.178875,9.868659000000001 53.178919300000004)
765	Schneverdingen	Ehrhorn Behringer Straße 107	de:03358:23093::2	53.178839	9.869033	bus	MATCHED	n1817656998	8.1	0.59	Ehrhorn, Behringer Straße 107	101,156	Ehrhorn Abzw. Heimbuch / Ehrhorn Abzw. Heimbuch		LINESTRING(9.869033 53.178839,9.8689215 53.1788115)
766	Schneverdingen	Ehrhorn Waldsiedlung	de:03358:23094::1	53.176439	9.84021	bus	MATCHED	n2139829191	11.7	0.66	Ehrhorn, Waldsiedlung	101	Ehrhorn Abzw. Heimbuch / Wintermoor Bahnhof	Ehrhorn, Abzw. Heimbuch	LINESTRING(9.84021 53.176439,9.840322800000001 53.176519400000004)
767	Schneverdingen	Einem Ortsmitte	de:03358:23306::1	53.16714	9.894844	bus	MATCHED	n1817744216	27.2	0.51	Einem, Ortsmitte	156	Ehrhorn Abzw. Heimbuch	Ehrhorn, Abzw. Heimbuch	LINESTRING(9.894844 53.16714,9.894834900000001 53.167384500000004)
768	Schneverdingen	Einem Ortsmitte	de:03358:23306::2	53.166929	9.894857	bus	MATCHED	n1817744212	19.2	0.41	Einem, Ortsmitte	156	Niederhaverbeck Ortsmitte		LINESTRING(9.894857 53.166929,9.894881900000001 53.1667568)
769	Schneverdingen	Ernst-Dax-Straße	de:03358:82194::1	53.109158	9.809399	bus	MATCHED	n2135699140	17.1	0.32	Schneverdingen, Speckmannstraße	104,106,156,157	Schneverdingen Osterwaldweg / Schneverdingen Bahnhof / Schneverdingen Speckmannstraße		LINESTRING(9.809399 53.109158,9.8091504 53.109122600000006)
770	Schneverdingen	Ernst-Dax-Straße	de:03358:82194::2	53.109075	9.809547		MATCHED	n4042695054	12.2	0.31	Schneverdingen, Speckmannstraße				LINESTRING(9.809547 53.109075,9.809523500000001 53.1091841)
771	Schneverdingen	Famila Am Vogelsang	de:03358:106618::1	53.107139	9.790812	bus	MATCHED	n3318312437	80.9	0.15	Schneverdingen, famila Am Vogelsang	112	Hemsen(Schneverdingen) Wieckhorster Dorfstraße / Schneverdingen Bahnhof / Schneverdingen Südring		LINESTRING(9.790812 53.107139,9.789605700000001 53.107187200000006)
772	Schneverdingen	Feriendorf	de:03358:82195::1	53.106294	9.818948	bus	MATCHED	n3640015883	15.7	0.45	Schneverdingen, Feriendorf	106,112,156	Schneverdingen Max-Oertz-Straße / Heber(Schneverdingen) Kirche / Schneverdingen Speckmannstraße		LINESTRING(9.818948 53.106294,9.8190995 53.1061867)
773	Schneverdingen	Feriendorf	de:03358:82195::2	53.106319	9.818709	bus	MATCHED	n571363406	42.9	0.25	Schneverdingen, Feriendorf	106,156,157	Pietz		LINESTRING(9.818709 53.106319,9.819324700000001 53.106211200000004)
774	Schneverdingen	Freudenthalstraße	de:03358:9000049::1	53.112529	9.802552	bus	NO_MATCH					112	Schneverdingen Bockheberer Weg / Schneverdingen Südring		POINT(9.802552 53.112529)
775	Schneverdingen	Freyersen Ort	de:03358:28475::1	53.079379	9.824672	bus	MATCHED	n2155793688	6.2	0.56	Hemsen, Freyersen Ort	104	Dannhorst Ort / Hemsen(Schneverdingen) Bahnhof		LINESTRING(9.824672 53.079379,9.8245906 53.079352500000006)
776	Schneverdingen	Freyersen Ort	de:03358:28475::2	53.07944	9.82339	bus	NO_MATCH_BUT_OTHER_PLATFORM_MATCHED					112	Hemsen(Schneverdingen) Bahnhof / Heber Mühle		POINT(9.82339 53.07944)
777	Schneverdingen	Föhrengrund	de:03358:9000047::1	53.111799	9.808577	bus	MATCHED	n482987567	193.7	0.05	Schneverdingen, Ernst-Dax-Straße	112	Schneverdingen Bockheberer Weg / Schneverdingen Moorweg		LINESTRING(9.808577 53.111799,9.8097863 53.110217600000006)
778	Schneverdingen	Gallhorn Hemsener Weg	de:03358:29343::1	53.100946	9.791201	bus	MATCHED	n3791031415	28.1	0.33	Gallhorn, Hemsener Weg	104	Schneverdingen Südring		LINESTRING(9.791201 53.100946,9.7913241 53.1007048)
779	Schneverdingen	Gallhorn Hemsener Weg	de:03358:29343::2	53.100924	9.791043	bus	MATCHED	n1864373244	5.3	0.68	Gallhorn, Hemsener Weg	104	Dannhorst Ort		LINESTRING(9.791043 53.100924,9.791031 53.1008769)
780	Schneverdingen	Gallhorn Schülerner Straße	de:03358:29344::1	53.103441	9.786644	bus	MATCHED	n1800734736	16.2	0.44	Gallhorn, Schülerner Straße	104,105	Steinbeck(Schneverdingen) Ortsmitte / Gallhorn Wieckhorster Straße 35		LINESTRING(9.786644 53.103441,9.78658 53.103581000000005)
781	Schneverdingen	Gallhorn Schülerner Straße	de:03358:29344::2	53.103443	9.786693	bus	MATCHED	n1800734734	98.1	0.14	Gallhorn, Schülerner Straße	104,105	Zahrensen Denkmal / Schneverdingen Bahnhof / Schneverdingen Schulzentrum / Schneverdingen Am Brink		LINESTRING(9.786693 53.103443,9.7869755 53.1043086)
782	Schneverdingen	Gallhorn Wieckhorster Straße 35	de:03358:29345::1	53.095749	9.786965	bus	MATCHED	n3791032956	14.9	0.45	Gallhorn, Wieckhorster Straße 35	104	Gallhorn Schülerner Straße		LINESTRING(9.786965 53.095749,9.787154800000001 53.0958186)
783	Schneverdingen	Gallhorn Wieckhorster Straße 35	de:03358:29345::2	53.095736	9.786896	bus	MATCHED	n989468827	14.4	0.46	Gallhorn, Wieckhorster Straße 35	104	Wieckhorst West		LINESTRING(9.786896 53.095736,9.7867254 53.0958144)
784	Schneverdingen	Geversdorf(Schneverdingen) Fintautal	de:03358:30535::1	53.16383	9.78897	bus	MATCHED	n2139829192	23.8	0.53	Geversdorf, Fintautal	101	Schneverdingen Reinsehlener Weg	Schneverdingen, Reinsehlener Weg	LINESTRING(9.78897 53.16383,9.789317200000001 53.1637837)
785	Schneverdingen	Geversdorf(Schneverdingen) Flattweg	de:03358:30536::1	53.1714	9.79195	bus	MATCHED	n470234524	3.9	0.74	Geversdorf, Flattweg	101	Geversdorf(Schneverdingen) Fintautal		LINESTRING(9.79195 53.1714,9.7920089 53.17140130000001)
786	Schneverdingen	Geversdorf(Schneverdingen) Rotdornallee	de:03358:30537::1	53.187057	9.793426	bus	MATCHED	n3558264221	53.8	0.22	Geversdorf, Rotdornallee	101	Wintermoor Kiefernbusch		LINESTRING(9.793426 53.187057,9.793704 53.186603500000004)
787	Schneverdingen	Geversdorf(Schneverdingen) Rotdornallee	de:03358:30537::2	53.187015	9.793382	bus	MATCHED	n472397210	20.2	0.56	Geversdorf, Rotdornallee	101	Geversdorf(Schneverdingen) Sportplatz	Geversdorf, Sportplatz	LINESTRING(9.793382 53.187015,9.793412700000001 53.1868344)
788	Schneverdingen	Geversdorf(Schneverdingen) Rotdornallee	de:03358:30537::3	53.18743	9.79352	bus	NO_MATCH_BUT_OTHER_PLATFORM_MATCHED					110	Geversdorf(Schneverdingen) Sportplatz / Wintermoor Kiefernbusch		POINT(9.79352 53.18743)
789	Schneverdingen	Geversdorf(Schneverdingen) Sportplatz	de:03358:30538::1	53.1819	9.793805	bus	MATCHED	n470207517	1.7	0.85	Geversdorf, Sportplatz	101,110	Geversdorf(Schneverdingen) Rotdornallee / Geversdorf(Schneverdingen) Vor den Höfen	Geversdorf, Vor den Höfen	LINESTRING(9.793805 53.1819,9.7937835 53.1818916)
790	Schneverdingen	Geversdorf(Schneverdingen) Sportplatz	de:03358:30538::2	53.18182	9.793804	bus	NO_MATCH_BUT_OTHER_PLATFORM_MATCHED					101	Geversdorf(Schneverdingen) Rotdornallee		POINT(9.793804 53.18182)
791	Schneverdingen	Geversdorf(Schneverdingen) Vor den Höfen	de:03358:30539::1	53.17728	9.79295	bus	MATCHED	n470234543	5.6	0.67	Geversdorf, Vor den Höfen	101,110	Geversdorf(Schneverdingen) Sportplatz / Geversdorf(Schneverdingen) Sportplatz / Geversdorf(Schneverdingen) Flattweg / Wesseloh Laubstraße	Geversdorf, Fintautal	LINESTRING(9.79295 53.17728,9.7929004 53.1772398)
792	Schneverdingen	Großenwede Friedhof	de:03358:106264::1	53.134787	9.70854		MATCHED	n3322838854	34.3	0.23	Großenwede, Friedhof				LINESTRING(9.70854 53.134787,9.708062700000001 53.1349007)
793	Schneverdingen	Großenwede Ort	de:03358:32942::1	53.13961	9.697366	bus	MATCHED	n3751429240	52.9	0.18	Großenwede	102,111	Schultenwede Ort / Zahrensen Finteler Straße	Lauenbrück, Bahnhof	LINESTRING(9.697366 53.13961,9.697363600000001 53.1391349)
794	Schneverdingen	Großenwede Ort	de:03358:32942::2	53.139617	9.69745	bus	MATCHED	n3751549586	46.6	0.19	Großenwede	102	Haswede Ort		LINESTRING(9.69745 53.139617,9.6974965 53.1391992)
795	Schneverdingen	Großenwede Ort	de:03358:32942::3	53.139616	9.69732	bus	NO_MATCH_BUT_OTHER_PLATFORM_MATCHED					873	Fintel Ortsausgang Nr. 70 / Schneverdingen Am Brink		POINT(9.69732 53.139616)
796	Schneverdingen	Gröps Ort	de:03358:33269::1	53.058522	9.818953	bus	MATCHED	n3654891644	32.6	0.3	Gröps, Ort	104	Reimerdingen Ost		LINESTRING(9.818953 53.058522,9.8188812 53.0582323)
797	Schneverdingen	Gröps Ort	de:03358:33269::2	53.058814	9.818912	bus	MATCHED	n2155785054	8.1	0.6	Gröps, Ort	104	Hemsen(Schneverdingen) Schule		LINESTRING(9.818912 53.058814,9.8189252 53.0588865)
798	Schneverdingen	Hansalener Dorfstraße	de:03358:82196::1	53.13014	9.78499		MATCHED	n892742978	11.9	0.45	Schneverdingen, Hansalener Dorfstraße				LINESTRING(9.78499 53.13014,9.784820700000001 53.130172400000006)
799	Schneverdingen	Hansalener Dorfstraße	de:03358:82196::2	53.12998	9.78506		MATCHED	n482987560	16.3	0.38	Schneverdingen, Hansalener Dorfstraße				LINESTRING(9.78506 53.12998,9.785303500000001 53.129972900000006)
800	Schneverdingen	Harburgerstraße 17	de:03358:3886::1	53.11927	9.79205		NO_MATCH_AND_SEEMS_UNSERVED								POINT(9.79205 53.11927)
801	Schneverdingen	Hasselhof Ort	de:03358:39065::1	53.099215	9.772747	bus	MATCHED	n1861979694	9.4	0.41	Hasselhof	105	Steinbeck(Schneverdingen) Ortsmitte		LINESTRING(9.772747 53.099215,9.772648 53.099154500000004)
802	Schneverdingen	Hasselhof Ort	de:03358:39065::2	53.099178	9.773025	bus	MATCHED	n1861979701	2.2	0.59	Hasselhof	105	Voigten Nr. 3		LINESTRING(9.773025 53.099178,9.7730449 53.0991932)
803	Schneverdingen	Haswede Ort	de:03358:39101::1	53.153399	9.711402	bus	MATCHED	n3751429241	10.2	0.55	Haswede Ort	102	Großenwede Ort / Schneverdingen Hasweder Weg 101		LINESTRING(9.711402 53.153399,9.711385700000001 53.1534903)
804	Schneverdingen	Haswede Ort	de:03358:39101::2	53.153542	9.711781	bus	MATCHED	n523174041	18.6	0.41	Haswede Ort	102	Großenwede Ort		LINESTRING(9.711781 53.153542,9.7115653 53.153435900000005)
805	Schneverdingen	Hasweder Weg 101	de:03358:106619::1	53.127931	9.772856	bus	NO_MATCH					102	Haswede Ort		POINT(9.772856 53.127931)
806	Schneverdingen	Hasweder Weg 101	de:03358:106619::2	53.127799	9.772501	bus	NO_MATCH					102	Schneverdingen Am Brink		POINT(9.772501 53.127799)
807	Schneverdingen	Heber Mühle	de:03358:20335::1	53.08223	9.8462	bus	MATCHED	n5846878456	6.2	0.65	Heber, Mühle	112	Freyersen Ort / Heber(Schneverdingen) Kirche		LINESTRING(9.8462 53.08223,9.846137200000001 53.08218960000001)
808	Schneverdingen	Heber Mühle	de:03358:20335::2	53.081611	9.848824		MATCHED	n9000640775	2.4	0.78	Heber, Mühle				LINESTRING(9.848824 53.081611,9.8488556 53.081601500000005)
809	Schneverdingen	Heber(Schneverdingen) Am Flatthaus	de:03358:39433::1	53.068089	9.861161	bus	MATCHED	n3639980491	14.4	0.47	Heber, Am Flatthaus	106,156	Heber(Schneverdingen) Hamburger Straße / Heber(Schneverdingen) Seehorst		LINESTRING(9.861161 53.068089,9.8612635 53.0679749)
810	Schneverdingen	Heber(Schneverdingen) Am Flatthaus	de:03358:39433::2	53.068173	9.861135	bus	MATCHED	n2150155454	19.0	0.41	Heber, Am Flatthaus	106,157	Heber(Schneverdingen) Seehorst / Surbostel B 3/Abzw. Surbostel / Surbostel Ort		LINESTRING(9.861135 53.068173,9.8609889 53.0680264)
811	Schneverdingen	Heber(Schneverdingen) Campingplatz	de:03358:106290::1	53.071407	9.864486	bus	MATCHED	n4388761995	10.3	0.54	Heber, Campingplatz	112	Heber(Schneverdingen) Hamburger Straße		LINESTRING(9.864486 53.071407,9.864414400000001 53.0713249)
812	Schneverdingen	Heber(Schneverdingen) Denkmal	de:03358:106291::1	53.073731	9.862718		MATCHED	n3318280405	2.8	0.75	Heber, Denkmal				LINESTRING(9.862718 53.073731,9.8627566 53.073740300000004)
813	Schneverdingen	Heber(Schneverdingen) Denkmal	de:03358:106291::2	53.073731	9.862718		NO_MATCH_AND_SEEMS_UNSERVED								POINT(9.862718 53.073731)
814	Schneverdingen	Heber(Schneverdingen) Gerätehaus	de:03358:39435::1	53.080435	9.85652		MATCHED	n3007320601	25.9	0.28	Heber, Gerätehaus				LINESTRING(9.85652 53.080435,9.8563063 53.0806285)
815	Schneverdingen	Heber(Schneverdingen) Hamburger Straße	de:03358:39436::1	53.07918	9.863184	bus	NO_MATCH					106,112	Heber(Schneverdingen) Seehorst / Heber(Schneverdingen) Kirche / Heber(Schneverdingen) Campingplatz		POINT(9.863184 53.07918)
816	Schneverdingen	Heber(Schneverdingen) Hamburger Straße	de:03358:39436::2	53.079164	9.863123	bus	NO_MATCH					106,156	Heber(Schneverdingen) Am Flatthaus / Surbostel Ort		POINT(9.863123 53.079164)
817	Schneverdingen	Heber(Schneverdingen) Kirche	de:03358:39437::1	53.080233	9.858718	bus	MATCHED	n2150146352	11.2	0.53	Heber, Kirche	106,112,156	Pietz / Heber Mühle / Schneverdingen Feriendorf / Heber(Schneverdingen) Hamburger Straße		LINESTRING(9.858718 53.080233,9.8585603 53.0802672)
818	Schneverdingen	Heber(Schneverdingen) Kirche	de:03358:39437::2	53.080207	9.858858	bus	MATCHED	n3646797343	17.4	0.43	Heber, Kirche	106,156,157	Heber(Schneverdingen) Hamburger Straße / Heber(Schneverdingen) Seehorst / Heber(Schneverdingen) Am Flatthaus		LINESTRING(9.858858 53.080207,9.8591143 53.080181800000005)
819	Schneverdingen	Heber(Schneverdingen) Lindenstraße 1	de:03358:106292::1	53.079904	9.856729		NO_MATCH_AND_SEEMS_UNSERVED								POINT(9.856729 53.079904)
820	Schneverdingen	Heber(Schneverdingen) Lindenstraße 1	de:03358:106292::2	53.079904	9.856729		NO_MATCH_AND_SEEMS_UNSERVED								POINT(9.856729 53.079904)
821	Schneverdingen	Heber(Schneverdingen) Lindenstraße 18	de:03358:106293::1	53.07702	9.855252		NO_MATCH_AND_SEEMS_UNSERVED								POINT(9.855252 53.07702)
822	Schneverdingen	Heber(Schneverdingen) Lindenstraße 18	de:03358:106293::2	53.07702	9.855252		NO_MATCH_AND_SEEMS_UNSERVED								POINT(9.855252 53.07702)
823	Schneverdingen	Heber(Schneverdingen) Scharrler Straße	de:03358:39434::1	53.085723	9.870697	bus	MATCHED	n3638074069	10.7	0.54	Heber, Scharrler Straße	156	Heber(Schneverdingen) Kirche		LINESTRING(9.870697 53.085723,9.870583 53.085791)
824	Schneverdingen	Heber(Schneverdingen) Scharrler Straße	de:03358:39434::2	53.085745	9.870819	bus	MATCHED	n3162858457	7.8	0.61	Heber, Scharrler Straße	106,156,157	Heber(Schneverdingen) Kirche / Scharrl Kreuzung		LINESTRING(9.870819 53.085745,9.8707711 53.08568150000001)
825	Schneverdingen	Heber(Schneverdingen) Seehorst	de:03358:39438::1	53.082218	9.865331	bus	MATCHED	n2150146347	18.5	0.42	Heber, Seehorst	106,156,157	Heber(Schneverdingen) Scharrler Straße		LINESTRING(9.865331 53.082218,9.8652298 53.082063100000006)
826	Schneverdingen	Heidegarten	de:03358:20328::1	53.12839	9.79609	bus	MATCHED	n7058241569	25.3	0.35	Schneverdingen, Heidegarten	110	Schneverdingen Schaftrift / Schneverdingen Rosenstraße		LINESTRING(9.79609 53.12839,9.7958742 53.128202800000004)
827	Schneverdingen	Heidegarten	de:03358:20328::2	53.12839	9.79609		NO_MATCH_AND_SEEMS_UNSERVED								POINT(9.79609 53.12839)
828	Schneverdingen	Heideweg	de:03358:20337::1	53.10469	9.80627	bus	NO_MATCH					112	Schneverdingen Schnuckenweide / Schneverdingen Moorweg		POINT(9.80627 53.10469)
829	Schneverdingen	Heideweg	de:03358:20337::2	53.10469	9.80627		NO_MATCH_AND_SEEMS_UNSERVED								POINT(9.80627 53.10469)
830	Schneverdingen	Heidkampsweg 21	de:03358:3912::1	53.106955	9.800076		NO_MATCH_AND_SEEMS_UNSERVED								POINT(9.800076 53.106955)
831	Schneverdingen	Heinrich-Wahls-Straße 13	de:03358:9000050::1	53.119913	9.778053	bus	MATCHED	n7058348586	2.2	0.8	Schneverdingen, Heinrich-Wahls-Straße 13	111	Schneverdingen Am Brink / Zahrensen Schräger Weg		LINESTRING(9.778053 53.119913,9.778046 53.119931900000005)
832	Schneverdingen	Heinrich-Wahls-Straße 17	de:03358:106620::1	53.120301	9.778252		NO_MATCH_AND_SEEMS_UNSERVED								POINT(9.778252 53.120301)
833	Schneverdingen	Heinrich-Wahls-Straße 17	de:03358:106620::2	53.120301	9.778252		NO_MATCH_AND_SEEMS_UNSERVED								POINT(9.778252 53.120301)
834	Schneverdingen	Heinrich-Wahls-Straße 2	de:03358:106621::1	53.118103	9.777398		NO_MATCH_AND_SEEMS_UNSERVED								POINT(9.777398 53.118103)
835	Schneverdingen	Heinrich-Wahls-Straße 2	de:03358:106621::2	53.118103	9.777398		NO_MATCH_AND_SEEMS_UNSERVED								POINT(9.777398 53.118103)
836	Schneverdingen	Hemsen(Schneverdingen) Bahnhof	de:03358:40948::1	53.078483	9.810926	bus	MATCHED	n1864373230	9.0	0.58	Hemsen, Bahnhof	104,112	Freyersen Ort / Hemsen(Schneverdingen) Mitte / Langeloh Wiesenkoppel		LINESTRING(9.810926 53.078483,9.810805 53.0785173)
837	Schneverdingen	Hemsen(Schneverdingen) Bahnhof	de:03358:40948::2	53.07851	9.810963	bus	MATCHED	n1864373231	37.6	0.28	Hemsen, Bahnhof	104	Freyersen Ort / Dannhorst Ort		LINESTRING(9.810963 53.07851,9.8112093 53.0782066)
838	Schneverdingen	Hemsen(Schneverdingen) Hemsener Weg 89	de:03358:9057013::1	53.075637	9.813122		MATCHED	n5807146549	62.7	0.14	Hemsen, Hemsener Weg 89				LINESTRING(9.813122 53.075637,9.813410900000001 53.075100600000006)
839	Schneverdingen	Hemsen(Schneverdingen) Mitte	de:03358:40949::1	53.073827	9.808307	bus	MATCHED	n3654891645	9.2	0.57	Hemsen, Mitte	104	Hemsen(Schneverdingen) Schule		LINESTRING(9.808307 53.073827,9.8082583 53.073904500000005)
840	Schneverdingen	Hemsen(Schneverdingen) Mitte	de:03358:40949::2	53.073856	9.808395	bus	MATCHED	n2155785057	3.1	0.77	Hemsen, Mitte	104	Hemsen(Schneverdingen) Bahnhof		LINESTRING(9.808395 53.073856,9.8084232 53.0738786)
841	Schneverdingen	Hemsen(Schneverdingen) Schule	de:03358:40950::1	53.065999	9.802571	bus	MATCHED	n3654875858	38.7	0.27	Hemsen, Schule	104	Gröps Ort		LINESTRING(9.802571 53.065999,9.802279700000001 53.0662992)
842	Schneverdingen	Hemsen(Schneverdingen) Schule	de:03358:40950::2	53.065975	9.803018	bus	MATCHED	n3654875860	58.3	0.21	Hemsen, Schule	104	Hemsen(Schneverdingen) Mitte		LINESTRING(9.803018 53.065975,9.8024194 53.066354800000006)
843	Schneverdingen	Hemsen(Schneverdingen) Wieckhorster Dorfstraße	de:03358:106307::1	53.083473	9.804936	bus	MATCHED	n4772225161	12.5	0.5	Hemsen, Wieckhorster Dorfstraße	112	Schneverdingen Famila Am Vogelsang / Langeloh Witteberg		LINESTRING(9.804936 53.083473,9.8048394 53.0833768)
844	Schneverdingen	Hemsen(Schneverdingen) Wieckhorster Dorfstraße	de:03358:106307::2	53.083473	9.804936		NO_MATCH_AND_SEEMS_UNSERVED								POINT(9.804936 53.083473)
845	Schneverdingen	Hemsen(b Soltau)	de:03358:40951::1	53.077469	9.812438		NO_MATCH_AND_SEEMS_UNSERVED								POINT(9.812438 53.077469)
846	Schneverdingen	Hillern Ort	de:03358:42411::1	53.055351	9.858134	bus	MATCHED	n3636031178	13.6	0.48	Hillern, Ort	106	Surbostel Ort / Surbostel B 3/Abzw. Surbostel		LINESTRING(9.858134 53.055351,9.8582654 53.0554439)
847	Schneverdingen	Hillern Ort	de:03358:42411::2	53.055395	9.858069	bus	MATCHED	n2150155453	5.9	0.66	Hillern, Ort	106	Heber(Schneverdingen) Am Flatthaus / Huckenrieth Ort		LINESTRING(9.858069 53.055395,9.8580137 53.055354300000005)
848	Schneverdingen	Horst(Schneverdingen) Maatheide 19	de:03358:44316::1	53.195951	9.71836	bus	MATCHED	n308404805	9.8	0.54	Horst, Maatheide 19	100	Wesseloh Abzw. Schiel		LINESTRING(9.71836 53.195951,9.7182195 53.195924500000004)
849	Schneverdingen	Horst(Schneverdingen) Maatheide 19	de:03358:44316::2	53.195997	9.718324	bus	MATCHED	n308404814	8.2	0.58	Horst, Maatheide 19	100	Horst(Schneverdingen) Ort		LINESTRING(9.718324 53.195997,9.7182647 53.196061900000004)
850	Schneverdingen	Horst(Schneverdingen) Ort	de:03358:44317::1	53.201875	9.706297	bus	MATCHED	n308404829	15.8	0.45	Horst, Ort	100	Wümmegrund Ort		LINESTRING(9.706297 53.201875,9.706353 53.202012800000006)
851	Schneverdingen	Horst(Schneverdingen) Ort	de:03358:44317::2	53.201829	9.706233	bus	MATCHED	n308404835	39.0	0.27	Horst, Ort	100	Horst(Schneverdingen) Maatheide 19	Otter, Denkmal	LINESTRING(9.706233 53.201829,9.706468600000001 53.2021493)
852	Schneverdingen	Höpen(Schneverdingen) Mitte	de:03358:45031::1	53.137022	9.807449	bus	NO_MATCH_BUT_OTHER_PLATFORM_MATCHED					101	Schneverdingen Am Brink / Schneverdingen Schulzentrum		POINT(9.807449 53.137022)
853	Schneverdingen	Höpen(Schneverdingen) Mitte	de:03358:45031::2	53.136943	9.807558	bus	MATCHED	n2139797983	7.1	0.57	Schneverdingen, Höpen	101	Wintermoor Kindertagesstätte / Reinsehlen Ort		LINESTRING(9.807558 53.136943,9.807564600000001 53.136879500000006)
854	Schneverdingen	Höpen(Schneverdingen) Mitte	de:03358:45031::3	53.13679	9.80738		MATCHED	n2960409382	10.8	0.42	Schneverdingen, Höpen			Schneverdingen, Osterwaldweg	LINESTRING(9.80738 53.13679,9.8074765 53.136711700000006)
855	Schneverdingen	Höpen(Schneverdingen) Mitte	de:03358:45031::4	53.13715	9.80753		NO_MATCH_AND_SEEMS_UNSERVED								POINT(9.80753 53.13715)
856	Schneverdingen	Insel(Schneverdingen) Hauptstraße 37	de:03358:46399::1	53.150645	9.755172	bus	NO_MATCH_BUT_OTHER_PLATFORM_MATCHED					100	Insel(Schneverdingen) Mitte		POINT(9.755172 53.150645)
857	Schneverdingen	Insel(Schneverdingen) Hauptstraße 37	de:03358:46400	53.151899	9.754281		MATCHED	n523173986	46.9	0.18	Insel Hauptstraße 37, Schneverdingen				LINESTRING(9.754281 53.151899,9.753853300000001 53.152233200000005)
858	Schneverdingen	Insel(Schneverdingen) Hauptstraße 37	de:03358:46400::1	53.151899	9.754281	bus	MATCHED	n523173965	43.9	0.25	Insel Hauptstraße 37, Schneverdingen	100	Insel(Schneverdingen) Riethchaussee		LINESTRING(9.754281 53.151899,9.7540368 53.1522656)
859	Schneverdingen	Insel(Schneverdingen) Im Sande	de:03358:46401::1	53.1404	9.765	bus	MATCHED	n486249908	10.7	0.54	Insel, Im Sande	100,110	Schneverdingen Quellenbad / Insel(Schneverdingen) Schulmuseum		LINESTRING(9.765 53.1404,9.7649155 53.140481900000005)
860	Schneverdingen	Insel(Schneverdingen) Im Sande	de:03358:46401::2	53.14049	9.765083	bus	MATCHED	n3318395466	3.4	0.76	Insel, Im Sande	100	Insel(Schneverdingen) Mitte		LINESTRING(9.765083 53.14049,9.7650375 53.140503900000006)
861	Schneverdingen	Insel(Schneverdingen) Im Sande	de:03358:46401::3	53.14169	9.76802		NO_MATCH_AND_SEEMS_UNSERVED								POINT(9.76802 53.14169)
862	Schneverdingen	Insel(Schneverdingen) Im Sande 13	de:03358:106343::1	53.141765	9.768462		MATCHED	n4768529897	9.1	0.5	Insel, Im Sande 13				LINESTRING(9.768462 53.141765,9.768596500000001 53.141752600000004)
863	Schneverdingen	Insel(Schneverdingen) Im Sande 13	de:03358:106343::2	53.141785	9.768444		NO_MATCH_AND_SEEMS_UNSERVED								POINT(9.768444 53.141785)
864	Schneverdingen	Insel(Schneverdingen) Mitte	de:03358:46402::1	53.146132	9.760775	bus	MATCHED	n486249875	7.4	0.62	Insel, Mitte	100	Insel(Schneverdingen) Im Sande / Insel(Schneverdingen) Hauptstraße 37 / Osterwede Ort		LINESTRING(9.760775 53.146132,9.760843300000001 53.146183900000004)
865	Schneverdingen	Insel(Schneverdingen) Riethchaussee	de:03358:46403::1	53.157131	9.750061	bus	MATCHED	n523174019	34.5	0.29	Insel, Riethchaussee	100	Insel(Schneverdingen) Hauptstraße 37		LINESTRING(9.750061 53.157131,9.7497503 53.157378200000004)
866	Schneverdingen	Insel(Schneverdingen) Riethchaussee	de:03358:46403::2	53.157175	9.750095	bus	MATCHED	n523174000	26.1	0.34	Insel, Riethchaussee	100	Eggersmühlen Ort		LINESTRING(9.750095 53.157175,9.7499824 53.1573998)
867	Schneverdingen	Insel(Schneverdingen) Schulmuseum	de:03358:106344::1	53.146189	9.764138	bus	NO_MATCH_BUT_OTHER_PLATFORM_MATCHED					110	Insel(Schneverdingen) Im Sande / Schneverdingen Reinsehlener Weg / Wesseloh Fischbachstraße		POINT(9.764138 53.146189)
868	Schneverdingen	Insel(Schneverdingen) Schulmuseum	de:03358:106344::2	53.14615	9.76173		MATCHED	n4770567637	19.7	0.33	Insel, Schulmuseum				LINESTRING(9.76173 53.14615,9.7620166 53.1461096)
869	Schneverdingen	Langeloh Wiesenkoppel	de:03358:106462::1	53.067458	9.80117	bus	MATCHED	n3654834993	8.6	0.58	Langeloh, Wiesenkoppel	112	Hemsen(Schneverdingen) Bahnhof / Langeloh Witteberg		LINESTRING(9.80117 53.067458,9.801113500000001 53.0673881)
870	Schneverdingen	Langeloh Wiesenkoppel	de:03358:106462::2	53.067458	9.80117		NO_MATCH_AND_SEEMS_UNSERVED								POINT(9.80117 53.067458)
871	Schneverdingen	Langeloh Witteberg	de:03358:106463::1	53.07151	9.797846	bus	NO_MATCH_BUT_OTHER_PLATFORM_MATCHED					112	Hemsen(Schneverdingen) Wieckhorster Dorfstraße / Langeloh Wiesenkoppel		POINT(9.797846 53.07151)
872	Schneverdingen	Langeloh Witteberg	de:03358:106463::2	53.07159	9.797811		MATCHED	n3318312434	5.8	0.61	Langeloh, Witteberg				LINESTRING(9.797811 53.07159,9.7978939 53.071604400000005)
873	Schneverdingen	Lünzen Abzw. Am Obstgarten	de:03358:58579::1	53.111598	9.693127	bus	MATCHED	n6711013972	50.7	0.23	Lünzen, Abzw. Am Obstgarten	102	Lünzen Grundweg		LINESTRING(9.693127 53.111598,9.6938762 53.111533400000006)
874	Schneverdingen	Lünzen Abzw. Am Obstgarten	de:03358:58579::2	53.111635	9.692467	bus	MATCHED	n2145056691	25.1	0.35	Lünzen, Abzw. Am Obstgarten	102	Grauen(Neuenkirchen) Ort		LINESTRING(9.692467 53.111635,9.6928395 53.1116638)
875	Schneverdingen	Lünzen Grundweg	de:03358:58580::1	53.111821	9.704156	bus	MATCHED	n3792106955	3.1	0.77	Lünzen, Grundweg	102	Lünzen Abzw. Am Obstgarten / Lünzen Schule		LINESTRING(9.704156 53.111821,9.7041099 53.11182530000001)
876	Schneverdingen	Lünzen Grundweg	de:03358:58580::2	53.111802	9.704301	bus	MATCHED	n1581875328	4.4	0.72	Lünzen, Grundweg	102,105,111	Lünzen Schule / Lünzen Siedlung / Zahrensen Denkmal		LINESTRING(9.704301 53.111802,9.704304200000001 53.1117622)
877	Schneverdingen	Lünzen Lünzenbrockhof	de:03358:58581::1	53.113463	9.72428	bus	MATCHED	n3792116157	30.2	0.3	Lünzenbrockhof	102	Lünzen Siedlung		LINESTRING(9.72428 53.113463,9.723907500000001 53.1133102)
878	Schneverdingen	Lünzen Lünzenbrockhof	de:03358:58581::2	53.113368	9.724362	bus	MATCHED	n3792116158	7.4	0.58	Lünzenbrockhof	102,105	Zahrensen Rotenburger Straße / Zahrensen Denkmal		LINESTRING(9.724362 53.113368,9.7243888 53.11343290000001)
879	Schneverdingen	Lünzen Rieper Weg	de:03358:58582::1	53.114476	9.684251	bus	MATCHED	n3792173155	21.3	0.38	Lünzen, Rieper Weg	102,111	Lünzen Schule / Lünzen Abzw. Am Obstgarten / Grauen(Neuenkirchen) Ort / Schultenwede Siedlung		LINESTRING(9.684251 53.114476,9.683932200000001 53.114479900000006)
880	Schneverdingen	Lünzen Rieper Weg	de:03358:58582::2	53.114358	9.684193	bus	MATCHED	n1579712801	19.2	0.41	Lünzen, Rieper Weg	102	Schultenwede Siedlung		LINESTRING(9.684193 53.114358,9.683907000000001 53.1143635)
881	Schneverdingen	Lünzen Schule	de:03358:58583::1	53.112644	9.691919	bus	NO_MATCH_BUT_OTHER_PLATFORM_MATCHED					102,105	Lünzen Grundweg / Schneverdingen Schulzentrum / Grauen(Neuenkirchen) Ort		POINT(9.691919 53.112644)
882	Schneverdingen	Lünzen Schule	de:03358:58583::2	53.11258	9.69223	bus	MATCHED	n3785494838	7.7	0.61	Lünzen, Schule	111,208	Lünzen Grundweg / Lünzen Rieper Weg / Grauen(Neuenkirchen) Ort	Grauen, Ort	LINESTRING(9.69223 53.11258,9.6921151 53.1125807)
883	Schneverdingen	Lünzen Siedlung	de:03358:58584::1	53.112427	9.711917	bus	MATCHED	n1581875336	12.4	0.5	Lünzen, Siedlung	102,105	Schülern Ortsmitte / Lünzen Lünzenbrockhof		LINESTRING(9.711917 53.112427,9.7120564 53.1123534)
884	Schneverdingen	Lünzen Siedlung	de:03358:58584::2	53.112464	9.711898	bus	MATCHED	n3792106956	9.3	0.57	Lünzen, Siedlung	102	Lünzen Grundweg		LINESTRING(9.711898 53.112464,9.712028100000001 53.112493)
885	Schneverdingen	Max-Oertz-Straße	de:03358:106622::1	53.108245	9.812475		NO_MATCH_AND_SEEMS_UNSERVED								POINT(9.812475 53.108245)
886	Schneverdingen	Max-Oertz-Straße	de:03358:82197::1	53.108269	9.812438	bus	NO_MATCH_BUT_OTHER_PLATFORM_MATCHED					112	Schneverdingen Feriendorf / Schneverdingen Alt-Benninghöfener-Weg		POINT(9.812438 53.108269)
887	Schneverdingen	Max-Oertz-Straße	de:03358:82197::2	53.108099	9.812348		MATCHED	n4772224440	3.0	0.74	Schneverdingen, Max-Oertz-Straße				LINESTRING(9.812348 53.108099,9.8123851 53.108083500000006)
888	Schneverdingen	Moorweg	de:03358:82209::1	53.110584	9.804283		MATCHED	n3318280399	54.4	0.11	Schneverdingen, Texaco/ Ecke Moorweg				LINESTRING(9.804283 53.110584,9.803559700000001 53.110806100000005)
889	Schneverdingen	Moorweg	de:03358:82209::2	53.110779	9.804542	bus	MATCHED	n2445286008	46.5	0.18	Schneverdingen, Texaco/ Ecke Moorweg	112	Schneverdingen Heideweg / Schneverdingen Föhrengrund		LINESTRING(9.804542 53.110779,9.8038641 53.1108689)
890	Schneverdingen	Osterwaldweg	de:03358:82198::1	53.119024	9.79634	bus	MATCHED	n290780723	6.7	0.64	Schneverdingen, Osterwaldweg	101,102,104,105,106,156,157	Schneverdingen Ernst-Dax-Straße / Schneverdingen Am Brink / Gallhorn Schülerner Straße / Schneverdingen Bahnhof		LINESTRING(9.79634 53.119024,9.7964008 53.1190713)
891	Schneverdingen	Osterwaldweg	de:03358:82198::2	53.119017	9.796389	bus	MATCHED	n4057868286	3.2	0.77	Schneverdingen, Osterwaldweg	100,101,102,104,105,106,156	Schneverdingen Bahnhof / Schneverdingen Schulzentrum		LINESTRING(9.796389 53.119017,9.7963778 53.1189891)
892	Schneverdingen	Osterwede Ort	de:03358:72319::1	53.143623	9.733574	bus	MATCHED	n2136860996	30.7	0.31	Osterwede, Ort	100	Insel(Schneverdingen) Im Sande / Insel(Schneverdingen) Hauptstraße 37		LINESTRING(9.733574 53.143623,9.733121 53.143579)
893	Schneverdingen	Oststraße 31	de:03358:106623::1	53.115089	9.791487	bus	MATCHED	n8286211010	1.7	0.83	Schneverdingen, Oststraße 31	110,111	Schneverdingen Bahnhof / Schneverdingen Bergstraße		LINESTRING(9.791487 53.115089,9.7914642 53.1150948)
894	Schneverdingen	Oststraße 31	de:03358:106623::2	53.115129	9.791587		MATCHED	n4768509062	2.3	0.76	Schneverdingen, Oststraße 31				LINESTRING(9.791587 53.115129,9.7916123 53.1151144)
895	Schneverdingen	Pietz	de:03358:73906::1	53.09179	9.845551	bus	MATCHED	n1106953550	19.9	0.4	Schneverdingen, Pietz	106	Schneverdingen Feriendorf		LINESTRING(9.845551 53.09179,9.8458173 53.091710500000005)
896	Schneverdingen	Pietz	de:03358:73906::2	53.09178	9.84549	bus	MATCHED	n1106953551	10.8	0.53	Schneverdingen, Pietz	106,156,157	Heber(Schneverdingen) Kirche		LINESTRING(9.84549 53.09178,9.8454963 53.0916827)
897	Schneverdingen	Post	de:03358:82199::1	53.115774	9.788607		NO_MATCH_AND_SEEMS_UNSERVED								POINT(9.788607 53.115774)
898	Schneverdingen	Quellenbad	de:03358:82200::1	53.13231	9.77192	bus	MATCHED	n3751429393	6.2	0.65	Schneverdingen, Quellenbad	100,110	Schneverdingen Am Brink / Insel(Schneverdingen) Im Sande / Schneverdingen Bahnhof / Schneverdingen Am Jordan / Schneverdingen Seekamp		LINESTRING(9.77192 53.13231,9.771829400000001 53.1322969)
899	Schneverdingen	Quellenbad	de:03358:82200::2	53.132339	9.772022	bus	MATCHED	n3751429394	7.1	0.62	Schneverdingen, Quellenbad	100	Insel(Schneverdingen) Im Sande		LINESTRING(9.772022 53.132339,9.772118 53.1323662)
900	Schneverdingen	Rathaus	de:03358:82201::1	53.12003	9.78772		NO_MATCH_AND_SEEMS_UNSERVED								POINT(9.78772 53.12003)
901	Schneverdingen	Reimerdingen Mitte	de:03358:76366::1	53.050694	9.800344	bus	MATCHED	n3654860045	50.7	0.23	Reimerdingen, Mitte	104	Reimerdingen Nord		LINESTRING(9.800344 53.050694,9.8009898 53.0509313)
902	Schneverdingen	Reimerdingen Mitte	de:03358:76366::2	53.050662	9.800369	bus	MATCHED	n2155778022	51.8	0.22	Reimerdingen, Mitte	104	Reimerdingen Ost		LINESTRING(9.800369 53.050662,9.8011323 53.050736300000004)
903	Schneverdingen	Reimerdingen Nord	de:03358:76367::1	53.055476	9.798206	bus	MATCHED	n3654875861	10.3	0.55	Reimerdingen, Nord	104	Reimerdingen Mitte		LINESTRING(9.798206 53.055476,9.798055 53.055460700000005)
904	Schneverdingen	Reimerdingen Nord	de:03358:76367::2	53.055606	9.79821	bus	MATCHED	n3654875862	8.5	0.59	Reimerdingen, Nord	104	Vorwerk(Schneverdingen) Abzw. Langeloh		LINESTRING(9.79821 53.055606,9.7982878 53.055666200000005)
905	Schneverdingen	Reimerdingen Ost	de:03358:76368::1	53.053315	9.812167	bus	MATCHED	n2155778023	20.8	0.39	Reimerdingen, Ost	104	Reimerdingen Mitte		LINESTRING(9.812167 53.053315,9.812435 53.053409800000004)
906	Schneverdingen	Reimerdingen Ost	de:03358:76368::2	53.05327	9.812145	bus	MATCHED	n3654860046	39.0	0.27	Reimerdingen, Ost	104	Gröps Ort		LINESTRING(9.812145 53.05327,9.812339300000001 53.053600100000004)
907	Schneverdingen	Reinsehlen Ort	de:03358:76514::1	53.151863	9.804654	bus	MATCHED	n486547360	38.5	0.27	Schneverdingen, Reinsehlen Ort	101	Wintermoor Kindertagesstätte		LINESTRING(9.804654 53.151863,9.805168400000001 53.151707200000004)
908	Schneverdingen	Reinsehlen Ort	de:03358:76514::2	53.151871	9.804573	bus	MATCHED	n486547378	14.8	0.62	Schneverdingen, Reinsehlen Ort	101	Höpen(Schneverdingen) Mitte	Schneverdingen, Höpen	LINESTRING(9.804573 53.151871,9.804421300000001 53.151774700000004)
909	Schneverdingen	Reinsehlener Weg	de:03358:82202::1	53.152107	9.785299	bus	MATCHED	n486547315	24.9	0.35	Schneverdingen, Reinsehlener Weg	101,110	Insel(Schneverdingen) Schulmuseum / Schneverdingen Camp Reinsehlen / Reinsehlen Ort		LINESTRING(9.785299 53.152107,9.7849515 53.1520269)
910	Schneverdingen	Reinsehlener Weg	de:03358:82202::2	53.149587	9.77587		NO_MATCH_AND_SEEMS_UNSERVED								POINT(9.77587 53.149587)
911	Schneverdingen	Rosenstraße	de:03358:20327::1	53.12634	9.79329	bus	NO_MATCH					110	Schneverdingen Heidegarten / Schneverdingen Am Brink		POINT(9.79329 53.12634)
912	Schneverdingen	Rosenstraße	de:03358:20327::2	53.12634	9.79329		NO_MATCH_AND_SEEMS_UNSERVED								POINT(9.79329 53.12634)
913	Schneverdingen	Rotenburger Straße	de:03358:82203::1	53.117504	9.776938	bus	MATCHED	n2145056690	44.2	0.25	Rotenburger Straße, Schneverdingen	102	Schneverdingen Am Brink		LINESTRING(9.776938 53.117504,9.777597400000001 53.11748)
914	Schneverdingen	Rotenburger Straße	de:03358:82203::2	53.117538	9.776921	bus	MATCHED	n2503941708	45.1	0.25	Rotenburger Straße, Schneverdingen	102	Zahrensen Rotenburger Straße / Zahrensen Denkmal		LINESTRING(9.776921 53.117538,9.7775847 53.1176058)
915	Schneverdingen	Schaftrift	de:03358:20329::1	53.127824	9.7893	bus	MATCHED	n7058241568	43.7	0.25	Schneverdingen, Schaftrift	110	Schneverdingen Am Dorfteich / Schneverdingen Heidegarten		LINESTRING(9.7893 53.127824,9.7899518 53.1277972)
916	Schneverdingen	Schaftrift	de:03358:20329::2	53.12782	9.7893		NO_MATCH_AND_SEEMS_UNSERVED								POINT(9.7893 53.12782)
917	Schneverdingen	Scharrl Kreuzung	de:03358:81037::1	53.088482	9.908332	bus	MATCHED	n3494322595	153.3	0.1	Scharrl, Kreuzung	156	Heber(Schneverdingen) Scharrler Straße		LINESTRING(9.908332 53.088482,9.906049600000001 53.0883741)
918	Schneverdingen	Scharrl Kreuzung	de:03358:81037::2	53.088047	9.908765	bus	MATCHED	n2383952373	168.3	0.05	Scharrl	156,157	Bispingen Schule		LINESTRING(9.908765 53.088047,9.906377500000001 53.0885186)
919	Schneverdingen	Scharrl Siedlung	de:03358:81038::1	53.086415	9.878291		NO_MATCH_AND_SEEMS_UNSERVED								POINT(9.878291 53.086415)
920	Schneverdingen	Scharrl Siedlung	de:03358:81038::2	53.086388	9.878557		MATCHED	n2150155457	3.1	0.74	Scharrl, Siedlung				LINESTRING(9.878557 53.086388,9.878514200000001 53.086398200000005)
921	Schneverdingen	Schneverdingen	de:03358:82190::1	53.111451	9.798623		MATCHED	n215237823	35.4	0.22	Schneverdingen			Wolterdingen / Wintermoor	LINESTRING(9.798623 53.111451,9.798718200000001 53.111138100000005)
922	Schneverdingen	Schneverdingen	de:03358:82190::2	53.11139	9.798781		MATCHED	w25937071	3.8	0.68	Schneverdingen				LINESTRING(9.798781 53.11139,9.798810604788898 53.111360588016424)
923	Schneverdingen	Schnuckenweide	de:03358:20336::1	53.10362	9.80873	bus	NO_MATCH					112	Schneverdingen Heideweg / Schneverdingen Alt-Benninghöfener-Weg		POINT(9.80873 53.10362)
924	Schneverdingen	Schnuckenweide	de:03358:20336::2	53.10362	9.80873		NO_MATCH_AND_SEEMS_UNSERVED								POINT(9.80873 53.10362)
925	Schneverdingen	Schulstraße/Rosenstraße	de:03358:82204::1	53.12591	9.789135		MATCHED	n6296264140	2.1	0.8	Schneverdingen, Schulstraße/ Rosenstraße				LINESTRING(9.789135 53.12591,9.789108 53.1259189)
926	Schneverdingen	Schulstraße/Rosenstraße	de:03358:82204::2	53.12582	9.78902		MATCHED	n2445286007	23.9	0.29	Schneverdingen, Schulstraße/ Rosenstraße				LINESTRING(9.78902 53.12582,9.7892653 53.125976200000004)
927	Schneverdingen	Schultenwede Ort	de:03358:82518::1	53.131346	9.69647	bus	MATCHED	n1579712798	35.6	0.29	Schultenwede Ort, Schneverdingen	102,111	Schultenwede Siedlung / Großenwede Ort		LINESTRING(9.69647 53.131346,9.696448700000001 53.131665700000006)
928	Schneverdingen	Schultenwede Ort	de:03358:82518::2	53.131458	9.696565	bus	MATCHED	n3751021880	23.6	0.36	Schultenwede Ort, Schneverdingen	102	Großenwede Ort		LINESTRING(9.696565 53.131458,9.696682800000001 53.1316581)
929	Schneverdingen	Schultenwede Siedlung	de:03358:82519::1	53.126353	9.691379	bus	MATCHED	n3792174452	12.8	0.5	Schultenwede, Siedlung	102,111	Lünzen Rieper Weg / Schultenwede Ort		LINESTRING(9.691379 53.126353,9.6911886 53.126344800000005)
930	Schneverdingen	Schultenwede Siedlung	de:03358:82519::2	53.126326	9.691428	bus	MATCHED	n3792174451	6.8	0.63	Schultenwede, Siedlung	102	Schultenwede Ort		LINESTRING(9.691428 53.126326,9.691439500000001 53.1262654)
931	Schneverdingen	Schulzentrum	de:03358:82205::1	53.121251	9.801132	bus	MATCHED	n865150592	17.0	0.43	Schneverdingen, Schulzentrum	100,101,102,104,105,106,156,157,873	Schneverdingen Osterwaldweg / Haswede Ort / Schneverdingen Am Brink / Schneverdingen Bahnhof / Schneverdingen Osterwaldweg / Höpen(Schneverdingen) Mitte		LINESTRING(9.801132 53.121251,9.8010014 53.121382000000004)
932	Schneverdingen	Schülern Graffelbruchstraße	de:03358:83616::1	53.084365	9.765244	bus	NO_MATCH_BUT_OTHER_PLATFORM_MATCHED					105,205	Sprengel(Neuenkirchen) Ortsmitte / Sprengel(Neuenkirchen) Vahlzener Straße		POINT(9.765244 53.084365)
933	Schneverdingen	Schülern Graffelbruchstraße	de:03358:83616::2	53.084415	9.765231	bus	MATCHED	n1916674687	5.4	0.68	Schülern, Graffelbruchstraße	105	Schülern Schülernbrokhof		LINESTRING(9.765231 53.084415,9.7653089 53.0844019)
934	Schneverdingen	Schülern Ortsmitte	de:03358:83617::1	53.08424	9.766356	bus	MATCHED	n1810203074	16.1	0.45	Schülern, Ortsmitte	102,105	Sprengel(Neuenkirchen) Ortsmitte		LINESTRING(9.766356 53.08424,9.7664038 53.0843817)
935	Schneverdingen	Schülern Ortsmitte	de:03358:83617::2	53.08412	9.766311	bus	MATCHED	n1916674689	3.8	0.74	Schülern, Ortsmitte	105	Steinbeck(Schneverdingen) Ortsmitte		LINESTRING(9.766311 53.08412,9.766364000000001 53.0841331)
936	Schneverdingen	Schülern Schülernbrokhof	de:03358:83618::1	53.090562	9.755542	bus	MATCHED	n1861979728	25.9	0.33	Schülernbrockhof	105	Schülern Graffelbruchstraße		LINESTRING(9.755542 53.090562,9.7552565 53.0904055)
937	Schneverdingen	Schülern Schülernbrokhof	de:03358:83618::2	53.090546	9.755582	bus	MATCHED	n1861979738	23.1	0.35	Schülernbrockhof	105	Voigten Nr. 3		LINESTRING(9.755582 53.090546,9.7554497 53.090353900000004)
938	Schneverdingen	Seekamp	de:03358:106624::1	53.129981	9.782618	bus	NO_MATCH_BUT_OTHER_PLATFORM_MATCHED					110	Schneverdingen Am Dorfteich / Schneverdingen Quellenbad		POINT(9.782618 53.129981)
939	Schneverdingen	Seekamp	de:03358:106624::2	53.129981	9.782618		MATCHED	n4357577821	130.7	0.08	Schneverdingen, Seekamp				LINESTRING(9.782618 53.129981,9.780670800000001 53.130070700000005)
940	Schneverdingen	Speckmannstraße	de:03358:82206::1	53.108187	9.812774	bus	MATCHED	n4042695052	6.8	0.41	Schneverdingen, Heberer Straße Max-Oertz-Straße	106,156	Schneverdingen Bahnhof / Schneverdingen Ernst-Dax-Straße		LINESTRING(9.812774 53.108187,9.812679000000001 53.1082091)
941	Schneverdingen	Speckmannstraße	de:03358:82206::2	53.108121	9.812711	bus	MATCHED	n3007307088	7.9	0.39	Schneverdingen, Heberer Straße Max-Oertz-Straße	106,156,157	Schneverdingen Feriendorf		LINESTRING(9.812711 53.108121,9.812594800000001 53.1081103)
942	Schneverdingen	Steinbeck(Schneverdingen) Ortsmitte	de:03358:87100::1	53.096997	9.780621	bus	MATCHED	n1800734744	10.3	0.54	Steinbeck, Ortsmitte	105	Schülern Ortsmitte / Hasselhof Ort		LINESTRING(9.780621 53.096997,9.780469100000001 53.096982000000004)
943	Schneverdingen	Steinbeck(Schneverdingen) Ortsmitte	de:03358:87100::2	53.096951	9.780638	bus	MATCHED	n1800734747	19.9	0.4	Steinbeck, Ortsmitte	105	Gallhorn Schülerner Straße		LINESTRING(9.780638 53.096951,9.7804832 53.096798400000004)
944	Schneverdingen	Steinstraße	de:03358:82207::1	53.113849	9.793732		MATCHED	n3771890858	33.1	0.23	Schneverdingen, Steinstraße				LINESTRING(9.793732 53.113849,9.7932667 53.1139499)
945	Schneverdingen	Steinstraße	de:03358:82207::2	53.113753	9.793718		MATCHED	n2155804935	48.9	0.17	Schneverdingen, Steinstraße				LINESTRING(9.793718 53.113753,9.7932001 53.114062600000004)
946	Schneverdingen	Surbostel B 3/Abzw. Surbostel	de:03358:89312::1	53.062748	9.858823	bus	MATCHED	n2179836022	37.6	0.26	Surbostel, B3 Abzw.Surbostel	106	Heber(Schneverdingen) Am Flatthaus		LINESTRING(9.858823 53.062748,9.8590769 53.0630499)
947	Schneverdingen	Surbostel B 3/Abzw. Surbostel	de:03358:89312::2	53.062636	9.858705	bus	MATCHED	n3636040014	13.5	0.46	Surbostel, B3 Abzw.Surbostel	106	Hillern Ort		LINESTRING(9.858705 53.062636,9.8585626 53.0625507)
948	Schneverdingen	Surbostel EH/Wendeplatz	de:03358:25716::1	53.062752	9.84252		NO_MATCH_AND_SEEMS_UNSERVED								POINT(9.84252 53.062752)
949	Schneverdingen	Surbostel Ort	de:03358:89313::1	53.061817	9.848652		MATCHED	n3636039947	21.5	0.32	Surbostel Ort				LINESTRING(9.848652 53.061817,9.8487784 53.06163900000001)
950	Schneverdingen	Surbostel Ort	de:03358:89313::2	53.061853	9.848628	bus	MATCHED	n2150155452	18.3	0.42	Surbostel Ort	106,156	Heber(Schneverdingen) Am Flatthaus / Hillern Ort		LINESTRING(9.848628 53.061853,9.848891 53.0618089)
951	Schneverdingen	Südring	de:03358:82208::1	53.105328	9.791486	bus	MATCHED	n1800734743	4.6	0.71	Schneverdingen, Südring	104,112	Schneverdingen Famila Am Vogelsang / Schneverdingen Freudenthalstraße / Gallhorn Hemsener Weg		LINESTRING(9.791486 53.105328,9.7914244 53.1053453)
952	Schneverdingen	Südring	de:03358:82208::2	53.105266	9.791844	bus	MATCHED	n1816542980	39.4	0.27	Schneverdingen, Südring	104	Schneverdingen Bahnhof		LINESTRING(9.791844 53.105266,9.7912593 53.105227000000006)
953	Schneverdingen	Südring 6	de:03358:106625::1	53.105347	9.797435		NO_MATCH_AND_SEEMS_UNSERVED								POINT(9.797435 53.105347)
954	Schneverdingen	Südring 6	de:03358:106625::2	53.105347	9.797439		MATCHED	n4772224442	27.1	0.26	Schneverdingen, Südring 6				LINESTRING(9.797439 53.105347,9.7978369 53.105304200000006)
955	Schneverdingen	Tannenhof	de:03358:106626::1	53.12534	9.785484		MATCHED	n3962675844	5.9	0.61	Schneverdingen, Tannenhof				LINESTRING(9.785484 53.12534,9.7855599 53.125366400000004)
956	Schneverdingen	Tannenhof	de:03358:106626::2	53.12534	9.785484		NO_MATCH_AND_SEEMS_UNSERVED								POINT(9.785484 53.12534)
957	Schneverdingen	Theeshof	de:03358:3750::1	53.130392	9.786619		NO_MATCH_AND_SEEMS_UNSERVED								POINT(9.786619 53.130392)
958	Schneverdingen	Thomas-Mann-Straße	de:03358:106627::1	53.114125	9.770898		NO_MATCH_AND_SEEMS_UNSERVED								POINT(9.770898 53.114125)
959	Schneverdingen	Verdenerstraße 10	de:03358:3894::1	53.116457	9.788727		NO_MATCH_AND_SEEMS_UNSERVED								POINT(9.788727 53.116457)
960	Schneverdingen	Verdenerstraße 35	de:03358:3904::1	53.114038	9.788527		NO_MATCH_AND_SEEMS_UNSERVED								POINT(9.788527 53.114038)
961	Schneverdingen	Voigten Nr. 3	de:03358:94452::1	53.101417	9.764452	bus	NO_MATCH					105	Schülern Schülernbrokhof		POINT(9.764452 53.101417)
962	Schneverdingen	Voigten Nr. 3	de:03358:94452::2	53.101384	9.764423	bus	NO_MATCH					105	Hasselhof Ort		POINT(9.764423 53.101384)
963	Schneverdingen	Vorwerk(Schneverdingen) Abzw. Langeloh	de:03358:94639::1	53.062909	9.793523	bus	MATCHED	n3654875864	5.0	0.7	Vorwerk, Abzw. Langeloh	104	Vorwerk(Schneverdingen) Reimerdinger Straße		LINESTRING(9.793523 53.062909,9.793554700000001 53.062949200000006)
964	Schneverdingen	Vorwerk(Schneverdingen) Abzw. Langeloh	de:03358:94639::2	53.063036	9.793373	bus	MATCHED	n3654875863	7.4	0.62	Vorwerk, Abzw. Langeloh	104	Reimerdingen Nord		LINESTRING(9.793373 53.063036,9.793363000000001 53.0629694)
965	Schneverdingen	Vorwerk(Schneverdingen) Reimerdinger Straße	de:03358:94640::1	53.067377	9.790502	bus	MATCHED	n3791630098	11.0	0.53	Vorwerk, Reimerdinger Straße	104	Vorwerk(Schneverdingen) Wieckhorster Straße		LINESTRING(9.790502 53.067377,9.790659100000001 53.0673496)
966	Schneverdingen	Vorwerk(Schneverdingen) Reimerdinger Straße	de:03358:94640::2	53.067453	9.790395	bus	MATCHED	n3791630099	10.1	0.55	Vorwerk, Reimerdinger Straße	104	Ilhorn Ortsmitte / Vorwerk(Schneverdingen) Abzw. Langeloh		LINESTRING(9.790395 53.067453,9.790340200000001 53.0675377)
967	Schneverdingen	Vorwerk(Schneverdingen) Wieckhorster Straße	de:03358:94641::1	53.07174	9.78605	bus	MATCHED	n3791630100	17.3	0.43	Vorwerk, Wieckhorster Straße	104	Wieckhorst West		LINESTRING(9.78605 53.07174,9.7862031 53.071865200000005)
968	Schneverdingen	Vorwerk(Schneverdingen) Wieckhorster Straße	de:03358:94641::2	53.07197	9.78602	bus	MATCHED	n989468824	9.8	0.56	Vorwerk, Wieckhorster Straße	104	Vorwerk(Schneverdingen) Reimerdinger Straße		LINESTRING(9.78602 53.07197,9.7860028 53.0718826)
969	Schneverdingen	Wesseloh Abzw. Schiel	de:03358:98239::1	53.193619	9.726705	bus	MATCHED	n308404799	9.2	0.51	Wesseloh, Abzweig Schiel	100	Wesseloh Friedhof		LINESTRING(9.726705 53.193619,9.7267586 53.1935433)
970	Schneverdingen	Wesseloh Abzw. Schiel	de:03358:98239::2	53.193627	9.72681	bus	MATCHED	n308404792	6.0	0.59	Wesseloh, Abzweig Schiel	100	Horst(Schneverdingen) Maatheide 19		LINESTRING(9.72681 53.193627,9.726803700000001 53.1936807)
971	Schneverdingen	Wesseloh Fischbachstraße	de:03358:20334::1	53.185328	9.738963	bus	NO_MATCH					110	Wesseloh Schule / Insel(Schneverdingen) Schulmuseum		POINT(9.738963 53.185328)
972	Schneverdingen	Wesseloh Friedhof	de:03358:98240::1	53.189944	9.735779	bus	MATCHED	n476021899	4.7	0.71	Wesseloh, Friedhof	100	Wesseloh Laubstraße / Eggersmühlen Ort		LINESTRING(9.735779 53.189944,9.7357473 53.1899067)
973	Schneverdingen	Wesseloh Friedhof	de:03358:98240::2	53.190034	9.735624	bus	MATCHED	n476021900	9.7	0.56	Wesseloh, Friedhof	100	Wesseloh Abzw. Schiel		LINESTRING(9.735624 53.190034,9.7357417 53.1899827)
974	Schneverdingen	Wesseloh Laubstraße	de:03358:98241::1	53.185156	9.748694	bus	MATCHED	n476027600	6.6	0.64	Wesseloh, Laubstraße	100,101,110	Geversdorf(Schneverdingen) Sportplatz / Geversdorf(Schneverdingen) Vor den Höfen / Wesseloh Schule		LINESTRING(9.748694 53.185156,9.7487928 53.1851537)
975	Schneverdingen	Wesseloh Laubstraße	de:03358:98241::2	53.185363	9.748941		MATCHED	n476027601	2.5	0.77	Wesseloh, Laubstraße			Horst, Ort	LINESTRING(9.748941 53.185363,9.748970100000001 53.185377200000005)
976	Schneverdingen	Wesseloh Schule	de:03358:98242::1	53.18744	9.742189	bus	MATCHED	n476028483	99.5	0.14	Wesseloh, Schule	100,110	Wesseloh Friedhof / Eggersmühlen Ort / Wesseloh Laubstraße / Wesseloh Fischbachstraße		LINESTRING(9.742189 53.18744,9.7436699 53.1873426)
977	Schneverdingen	Wesseloh Schule	de:03358:98242::2	53.18744	9.742189		NO_MATCH_AND_SEEMS_UNSERVED								POINT(9.742189 53.18744)
978	Schneverdingen	Wieckhorst West	de:03358:99125::1	53.083129	9.788289	bus	MATCHED	n989468843	26.9	0.34	Wieckhorst, West	104	Vorwerk(Schneverdingen) Wieckhorster Straße		LINESTRING(9.788289 53.083129,9.7883227 53.08337040000001)
979	Schneverdingen	Wieckhorst West	de:03358:99125::2	53.083118	9.788338	bus	MATCHED	n3791043583	21.1	0.39	Wieckhorst, West	104	Gallhorn Wieckhorster Straße 35		LINESTRING(9.788338 53.083118,9.7884898 53.0832841)
980	Schneverdingen	Wintermoor (Zug)	de:03358:100494::1	53.186138	9.828536		MATCHED	n100104734	6.7	0.58	Wintermoor			Handeloh / Schneverdingen	LINESTRING(9.828536 53.186138,9.828602 53.1860927)
981	Schneverdingen	Wintermoor Abzw. Wintermoorer Straße	de:03358:100495::1	53.172156	9.812467		MATCHED	n2139810987	31.0	0.21	L 171, Abzw. Wintermoorer Straße				LINESTRING(9.812467 53.172156,9.812887400000001 53.1722739)
982	Schneverdingen	Wintermoor Abzw. Wintermoorer Straße	de:03358:100495::2	53.17212	9.812424		MATCHED	n476265030	7.0	0.49	L 171, Abzw. Wintermoorer Straße				LINESTRING(9.812424 53.17212,9.812384400000001 53.172062200000006)
983	Schneverdingen	Wintermoor An der Gärtnerei	de:03358:106719::1	53.182053	9.83833	bus	MATCHED	n4768541682	14.6	0.47	Wintermoor, An der Gärtnerei	110	Wintermoor Bahnhof / Barrl Am Wald		LINESTRING(9.83833 53.182053,9.8381424 53.1821196)
984	Schneverdingen	Wintermoor An der Gärtnerei	de:03358:106719::2	53.182053	9.83833		NO_MATCH_AND_SEEMS_UNSERVED								POINT(9.83833 53.182053)
985	Schneverdingen	Wintermoor Bahnhof	de:03358:100496::1	53.186571	9.829067	bus	MATCHED	n2139810988	7.3	0.74	Wintermoor, Bahnhof	101,110,156	Wintermoor Kiefernbusch / Wintermoor An der Gärtnerei / Wintermoor Ehrhorner Heuweg / Reinsehlen Ort	Wesseloh, Laubstraße / Wintermoor, Kiefernbusch	LINESTRING(9.829067 53.186571,9.8290278 53.18663230000001)
986	Schneverdingen	Wintermoor Bahnhof	de:03358:100496::2	53.186353	9.828975	bus	MATCHED	n2139810989	18.8	0.41	Wintermoor, Bahnhof	101,156	Wintermoor Kreuzung		LINESTRING(9.828975 53.186353,9.8290124 53.1861856)
987	Schneverdingen	Wintermoor Behringer Straße 100	de:03358:100497::1	53.178881	9.862158	bus	MATCHED	n1817744224	21.3	0.5	Ehrhorn, Behringer Straße 100	101,156	Wintermoor Kreuzung	Wintermoor, Kreuzung	LINESTRING(9.862158 53.178881,9.862470400000001 53.1789196)
988	Schneverdingen	Wintermoor Behringer Straße 100	de:03358:100497::2	53.178851	9.862005	bus	MATCHED	n1817744220	4.1	0.62	Ehrhorn, Behringer Straße 100	101,156	Ehrhorn Behringer Straße 107		LINESTRING(9.862005 53.178851,9.861972900000001 53.17882)
989	Schneverdingen	Wintermoor Ehrhorner Heuweg	de:03358:106720::1	53.186734	9.826376		MATCHED	n4356763685	3.5	0.71	Wintermoor, Ehrhorner Heuweg				LINESTRING(9.826376 53.186734,9.8263932 53.1867042)
990	Schneverdingen	Wintermoor Ehrhorner Heuweg	de:03358:106720::2	53.186636	9.824427	bus	NO_MATCH_BUT_OTHER_PLATFORM_MATCHED					110	Wintermoor Kiefernbusch / Wintermoor Bahnhof		POINT(9.824427 53.186636)
991	Schneverdingen	Wintermoor Kiefernbusch	de:03358:100498::1	53.187423	9.813621	bus	NO_MATCH_BUT_OTHER_PLATFORM_MATCHED					101,110	Wintermoor Kindertagesstätte / Wintermoor Bahnhof / Wintermoor Ehrhorner Heuweg / Geversdorf(Schneverdingen) Rotdornallee		POINT(9.813621 53.187423)
992	Schneverdingen	Wintermoor Kiefernbusch	de:03358:100498::2	53.187456	9.813631	bus	MATCHED	n470205016	5.9	0.77	Wintermoor, Kiefernbusch	101	Geversdorf(Schneverdingen) Rotdornallee	Geversdorf, Rotdornallee	LINESTRING(9.813631 53.187456,9.8137118 53.1874356)
993	Schneverdingen	Wintermoor Kindertagesstätte	de:03358:100499::1	53.171634	9.81336	bus	MATCHED	n471288553	14.2	0.63	Wintermoor, Kindertagesstätte	101	Wintermoor Voßbarg	Wintermoor, Voßbarg	LINESTRING(9.81336 53.171634,9.8134396 53.1717523)
994	Schneverdingen	Wintermoor Kreuzung	de:03358:100500::1	53.184937	9.836485	bus	MATCHED	n508398403	13.5	0.64	Wintermoor, Kreuzung	101,156	Wintermoor Bahnhof	Wintermoor, Bahnhof	LINESTRING(9.836485 53.184937,9.8366871 53.1849464)
995	Schneverdingen	Wintermoor Kreuzung	de:03358:100500::2	53.184856	9.836444	bus	MATCHED	n3558523309	1.0	0.89	Wintermoor, Kreuzung	101,156	Wintermoor Behringer Straße 100		LINESTRING(9.836444 53.184856,9.8364378 53.1848474)
996	Schneverdingen	Wintermoor Lange Straße	de:03358:100501::1	53.185662	9.825911		NO_MATCH_AND_SEEMS_UNSERVED								POINT(9.825911 53.185662)
997	Schneverdingen	Wintermoor Lange Straße	de:03358:100501::2	53.18569	9.8258		NO_MATCH_AND_SEEMS_UNSERVED								POINT(9.8258 53.18569)
998	Schneverdingen	Wintermoor Lange Straße	de:03358:100501::3	53.18555	9.82542		MATCHED	n2960409716	2.2	0.79	Wintermoor, Lange Straße				LINESTRING(9.82542 53.18555,9.8254491 53.185559100000006)
999	Schneverdingen	Wintermoor Lange Straße	de:03358:100501::4	53.185636	9.825796		MATCHED	n2960409717	3.2	0.73	Wintermoor, Lange Straße				LINESTRING(9.825796 53.185636,9.825843 53.1856305)
1000	Schneverdingen	Wintermoor Nordausgang	de:03358:100502::1	53.19742	9.828293		NO_MATCH_AND_SEEMS_UNSERVED								POINT(9.828293 53.19742)
1001	Schneverdingen	Wintermoor Voßbarg	de:03358:100503::1	53.165911	9.822823	bus	MATCHED	n470621434	21.6	0.55	Wintermoor, Voßbarg	101	Barrl Hotel Hof Barrl	Hotel Hof Barrl	LINESTRING(9.822823 53.165911,9.822533100000001 53.1659968)
1002	Schneverdingen	Wintermoor Waldsiedlung Mitte	de:03358:106721::1	53.17654	9.843271		MATCHED	n4768541683	7.0	0.57	Wintermoor, Waldsiedlung Mitte				LINESTRING(9.843271 53.17654,9.8431903 53.1764998)
1003	Schneverdingen	Wümmegrund Ort	de:03358:102326::1	53.21292	9.71353	bus	MATCHED	n308404843	9.3	0.57	Wümmegrund, Ort	100	Horst(Schneverdingen) Ort		LINESTRING(9.71353 53.21292,9.713463 53.212993100000006)
1004	Schneverdingen	Zahrensen Denkmal	de:03358:102539::1	53.114748	9.7617	bus	MATCHED	n2145056688	6.7	0.64	Zahrensen, Denkmal	102,105,111	Zahrensen Schräger Weg / Gallhorn Schülerner Straße / Lünzen Grundweg / Lünzen Schule / Lünzen Lünzenbrockhof / Schneverdingen Rotenburger Straße / Zahrensen Finteler Straße		LINESTRING(9.7617 53.114748,9.7616864 53.1148078)
1005	Schneverdingen	Zahrensen Finteler Straße	de:03358:106730::1	53.116592	9.759947	bus	MATCHED	n4770571315	8.2	0.6	Zahrensen, Finteler Straße	111	Großenwede Ort / Zahrensen Denkmal		LINESTRING(9.759947 53.116592,9.7598257 53.116583500000004)
1006	Schneverdingen	Zahrensen Finteler Straße	de:03358:106730::2	53.11231	9.764796		NO_MATCH_AND_SEEMS_UNSERVED								POINT(9.764796 53.11231)
1007	Schneverdingen	Zahrensen Lorenweg	de:03358:20339::1	53.116345	9.763931		NO_MATCH_AND_SEEMS_UNSERVED								POINT(9.763931 53.116345)
1008	Schneverdingen	Zahrensen Lorenweg	de:03358:20339::2	53.11672	9.76382		NO_MATCH_AND_SEEMS_UNSERVED								POINT(9.76382 53.11672)
1009	Schneverdingen	Zahrensen Rotenburger Straße	de:03358:102540::1	53.116166	9.759776	bus	MATCHED	n2145056689	5.8	0.67	Zahrensen, Rotenburger Straße	102	Lünzen Lünzenbrockhof		LINESTRING(9.759776 53.116166,9.7597889 53.116217600000006)
1010	Schneverdingen	Zahrensen Rotenburger Straße	de:03358:102540::2	53.116135	9.759808	bus	MATCHED	n3768263068	4.2	0.73	Zahrensen, Rotenburger Straße	102	Schneverdingen Rotenburger Straße		LINESTRING(9.759808 53.116135,9.7598268 53.11609910000001)
1011	Schneverdingen	Zahrensen Schräger Weg	de:03358:20338::1	53.11516	9.76382	bus	NO_MATCH_BUT_OTHER_PLATFORM_MATCHED					111	Schneverdingen Heinrich-Wahls-Straße 13 / Zahrensen Denkmal		POINT(9.76382 53.11516)
1012	Schneverdingen	Zahrensen Schräger Weg	de:03358:20338::2	53.11516	9.76382		MATCHED	n7058348587	5.4	0.63	Zahrensen, Schräger Weg				LINESTRING(9.76382 53.11516,9.7637391 53.115157200000006)
1013	Schneverdingen	Zahrensen Thingstraße	de:03358:106731::1	53.11231	9.764796		MATCHED	n3322824986	4.5	0.67	Zahrensen, Thingstraße				LINESTRING(9.764796 53.11231,9.7647317 53.1123216)
1014	Schneverdingen	Zahrensen Thingstraße	de:03358:106731::2	53.11231	9.764796		NO_MATCH_AND_SEEMS_UNSERVED								POINT(9.764796 53.11231)
1015	Schwarmstedt	Bahnhof	de:03358:82690::1	52.678967	9.624198	bus	MATCHED	n2795096108	4.8	0.7	Schwarmstedt, Bahnhof	600,602,650,651,652	Buchholz(Aller) Alte Mühle / Schwarmstedt Neustädter Straße / Schwarmstedt Schule		LINESTRING(9.624198 52.678967,9.624238400000001 52.67893170000001)
1016	Schwarmstedt	Bahnhof	de:03358:82690::2	52.678967	9.624198	bus	MATCHED	n3605753234	7.8	0.61	Schwarmstedt, Bahnhof	600,602,650,651,652	Schwarmstedt Schule / Essel(Aller) Bothmerscher Weg / Schwarmstedt Schule / Buchholz(Aller) Schule / Schwarmstedt Neustädter Straße / Essel(Aller) Hannoversche Straße 33 / Buchholz(Aller) Marschweg / Schwarmstedt Celler Straße / Essel(Aller) Hannoversche Straße 18 / Engehausen		LINESTRING(9.624198 52.678967,9.6240963 52.6789344)
1017	Schwarmstedt	Bahnhof	de:03358:82690::3	52.678723	9.623771		MATCHED	w128287753	51.9	0.11	Schwarmstedt			Hodenhagen	LINESTRING(9.623771 52.678723,9.62420515642632 52.67833776893923)
1018	Schwarmstedt	Bothmer Fasanenweg	de:03358:12414::1	52.68985	9.604348	bus	MATCHED	n3006483723	15.7	0.45	Bothmer, Fasanenweg	602,651	Bothmer Feuerwehr		LINESTRING(9.604348 52.68985,9.6043687 52.6899905)
1019	Schwarmstedt	Bothmer Fasanenweg	de:03358:12414::2	52.68985	9.604348	bus	NO_MATCH_BUT_OTHER_PLATFORM_MATCHED					602,651	Schwarmstedt Schule / Schwarmstedt Friedhof		POINT(9.604348 52.68985)
1020	Schwarmstedt	Bothmer Feuerwehr	de:03358:12415::1	52.696032	9.600987	bus	NO_MATCH_BUT_OTHER_PLATFORM_MATCHED					602,651	Bothmer Schule / Norddrebber Ortsmitte		POINT(9.600987 52.696032)
1021	Schwarmstedt	Bothmer Feuerwehr	de:03358:12415::2	52.696032	9.600987	bus	MATCHED	n2795101187	9.7	0.53	Bothmer, Feuerwehr	602,651	Bothmer Fasanenweg		LINESTRING(9.600987 52.696032,9.6009094 52.696105800000005)
1022	Schwarmstedt	Bothmer Schule	de:03358:12416::1	52.697089	9.605218	bus	MATCHED	n2795101025	9.9	0.55	Bothmer, Schule	602,651	Norddrebber Ortsmitte / Gilten Lindenstraße / Bothmer Feuerwehr		LINESTRING(9.605218 52.697089,9.605243900000001 52.6971769)
1023	Schwarmstedt	Cafe Vatter	de:03358:18931::1	52.677196	9.620697		MATCHED	n265000735	15.2	0.35	Schwarmstedt, Café Vatter				LINESTRING(9.620697 52.677196,9.6204731 52.6771807)
1024	Schwarmstedt	Cafe Vatter	de:03358:18931::2	52.677196	9.620697		NO_MATCH_AND_SEEMS_UNSERVED								POINT(9.620697 52.677196)
1025	Schwarmstedt	Celler Straße	de:03358:82691::1	52.680122	9.618179	bus	MATCHED	n2417857042	6.1	0.44	Schwarmstedt, Drogerie	602,651,652	Schwarmstedt Bahnhof / Schwarmstedt Bahnhof		LINESTRING(9.618179 52.680122,9.618155 52.680069)
1026	Schwarmstedt	Celler Straße	de:03358:82691::2	52.679984	9.618858	bus	MATCHED	n3605753235	55.7	0.14	Schwarmstedt, Drogerie	602,651	Schwarmstedt Friedhof		LINESTRING(9.618858 52.679984,9.6181108 52.680194900000004)
1027	Schwarmstedt	Dorotheenhof	de:03358:18930::1	52.676176	9.619751		NO_MATCH_AND_SEEMS_UNSERVED								POINT(9.619751 52.676176)
1028	Schwarmstedt	Edeka / Aldi	de:03358:18933::1	52.680421	9.617666		NO_MATCH_AND_SEEMS_UNSERVED								POINT(9.617666 52.680421)
1029	Schwarmstedt	Edeka / Aldi	de:03358:18933::2	52.680421	9.617666		NO_MATCH_AND_SEEMS_UNSERVED								POINT(9.617666 52.680421)
1030	Schwarmstedt	Friedhof	de:03358:82692::1	52.683908	9.610137	bus	NO_MATCH_BUT_OTHER_PLATFORM_MATCHED					602,651	Schwarmstedt Celler Straße / Schwarmstedt Schule		POINT(9.610137 52.683908)
1031	Schwarmstedt	Friedhof	de:03358:82692::2	52.683904	9.610141	bus	MATCHED	n3005436140	8.4	0.59	Schwarmstedt, Friedhof	602,651	Bothmer Fasanenweg / Norddrebber Ortsmitte		LINESTRING(9.610141 52.683904,9.6102655 52.683898400000004)
1032	Schwarmstedt	Grindau Marschweg	de:03358:18771::1	52.657002	9.617617		MATCHED	n12022419008	5.5	0.63	Grindau Marschweg				LINESTRING(9.617617 52.657002,9.6175747 52.657043900000005)
1033	Schwarmstedt	Grindau Schützenhaus	de:03358:32179::1	52.659069	9.617106	bus	NO_MATCH_BUT_OTHER_PLATFORM_MATCHED					652	Hope(Lindwedel) Bahnhof / Esperke Hoper Straße		POINT(9.617106 52.659069)
1034	Schwarmstedt	Grindau Schützenhaus	de:03358:32179::2	52.659098	9.617469	bus	MATCHED	n3006524494	13.8	0.24	Grindau	652	Schwarmstedt Neustädter Straße		LINESTRING(9.617469 52.659098,9.617369 52.65899)
1035	Schwarmstedt	Lieder Stiftung	de:03358:18919::1	52.670465	9.616712		NO_MATCH_AND_SEEMS_UNSERVED								POINT(9.616712 52.670465)
1036	Schwarmstedt	Neustädter Straße	de:03358:9018918::1	52.671305	9.617656	bus	NO_MATCH					652	Grindau Schützenhaus		POINT(9.617656 52.671305)
1037	Schwarmstedt	Neustädter Straße	de:03358:9018918::2	52.671305	9.617656	bus	NO_MATCH					652	Schwarmstedt Bahnhof / Schwarmstedt Schule		POINT(9.617656 52.671305)
1038	Schwarmstedt	Ostdeutscher Weg	de:03358:18934::1	52.672932	9.612517		NO_MATCH_AND_SEEMS_UNSERVED								POINT(9.612517 52.672932)
1039	Schwarmstedt	Penny Markt	de:03358:18932::1	52.679851	9.621829		NO_MATCH_AND_SEEMS_UNSERVED								POINT(9.621829 52.679851)
1040	Schwarmstedt	Penny Markt	de:03358:18932::2	52.679851	9.621829		NO_MATCH_AND_SEEMS_UNSERVED								POINT(9.621829 52.679851)
1041	Schwarmstedt	Rathaus	de:03358:8906::1	52.678083	9.616213		NO_MATCH_AND_SEEMS_UNSERVED								POINT(9.616213 52.678083)
1042	Schwarmstedt	Rathaus	de:03358:8906::2	52.678083	9.616213		NO_MATCH_AND_SEEMS_UNSERVED								POINT(9.616213 52.678083)
1043	Schwarmstedt	Rewe/Mönkeberg	de:03358:18917::1	52.683473	9.613523		MATCHED	n265640713	2.6	0.69	Schwarmstedt, Mönkeberg				LINESTRING(9.613523 52.683473,9.6135172 52.6834962)
1044	Schwarmstedt	Rewe/Mönkeberg	de:03358:18917::2	52.683473	9.613523		NO_MATCH_AND_SEEMS_UNSERVED								POINT(9.613523 52.683473)
1045	Schwarmstedt	Schule	de:03358:82693::1	52.678223	9.613459	bus	NO_MATCH_BUT_OTHER_PLATFORM_MATCHED					600,602,650,651,652,880	Essel(Aller) Bothmerscher Weg / Schwarmstedt Celler Straße / Schwarmstedt Celler Straße / Buchholz(Aller) Schule / Schwarmstedt Neustädter Straße / Schwarmstedt Friedhof / Thören Ort / Esperke Hoper Straße / Wietze-Jeversen B214 / Schwarmstedt Bahnhof / Schwarmstedt Bahnhof		POINT(9.613459 52.678223)
1046	Schwarmstedt	Schule	de:03358:82693::2	52.677958	9.612425	bus	NO_MATCH_BUT_OTHER_PLATFORM_MATCHED					600	Essel(Aller) Hannoversche Straße 18 / Essel(Aller) Bothmerscher Weg / Schwarmstedt Bahnhof		POINT(9.612425 52.677958)
1047	Schwarmstedt	Schule	de:03358:82693::3	52.678141	9.613317		MATCHED	n2795096517	8.5	0.53	Schwarmstedt, Schule				LINESTRING(9.613317 52.678141,9.6131908 52.678143500000004)
1048	Schwarmstedt	Schwarmstedt	de:03358:82689::1	52.678539	9.624347		MATCHED	w128287754	11.1	0.45	Schwarmstedt				LINESTRING(9.624347 52.678539,9.624499330819038 52.67850163761528)
1049	Schwarmstedt	Schwarmstedt	de:03358:82689::3	52.67888	9.624754		NO_MATCH_AND_SEEMS_UNSERVED								POINT(9.624754 52.67888)
1050	Schwarmstedt	Waldstraße	de:03358:18920::1	52.668685	9.616835		NO_MATCH_AND_SEEMS_UNSERVED								POINT(9.616835 52.668685)
1051	Soltau	Ahlfden	de:03358:1250::1	53.010243	9.843594		NO_MATCH_AND_SEEMS_UNSERVED								POINT(9.843594 53.010243)
1052	Soltau	Ahlfden	de:03358:1250::2	53.010227	9.843609		NO_MATCH_AND_SEEMS_UNSERVED								POINT(9.843609 53.010227)
1053	Soltau	Ahlften Ort	de:03358:1251::1	53.010079	9.843531	bus	MATCHED	n6110693535	11.2	0.53	Ahlften Ort	200	Einfrielingen(Soltau)		LINESTRING(9.843531 53.010079,9.8433767 53.0100409)
1054	Soltau	Ahlften Ort	de:03358:1251::2	53.010137	9.843611	bus	MATCHED	n2179860357	3.1	0.77	Ahlften Ort	106,200	Wolterdingen(Soltau) Auf dem Meeck 10 / Wolterdingen(Soltau) Drögenheide		LINESTRING(9.843611 53.010137,9.8436248 53.0101103)
1055	Soltau	Alm Gasthaus	de:03358:85427::1	52.969273	9.806235	bus	MATCHED	n10839387450	30.7	0.31	Alm, Gasthaus	256	Soltau Bahnhof		LINESTRING(9.806235 52.969273,9.8066356 52.9694068)
1056	Soltau	Alm Gasthaus	de:03358:85427::2	52.969245	9.80606	bus	MATCHED	n2441399229	6.1	0.66	Alm, Gasthaus	256	Willingen(Soltau) Abzw. L 163		LINESTRING(9.80606 52.969245,9.8061168 52.969288000000006)
1057	Soltau	Almer Kirchweg	de:03358:85428::1	52.978867	9.82643	bus	MATCHED	n2441399225	23.9	0.36	Soltau, Almer Kirchweg	256	Soltau Alm Gasthaus		LINESTRING(9.82643 52.978867,9.8263567 52.9786567)
1058	Soltau	Altenheim	de:03358:85429::1	52.987174	9.868572	bus	MATCHED	n2406631341	5.5	0.68	Soltau, Altenheim	305,355,402	Soltau Aueweg / Stübeckshorn Ortsmitte		LINESTRING(9.868572 52.987174,9.868624800000001 52.9871362)
1059	Soltau	Altenheim	de:03358:85429::2	52.9872	9.868113	bus	MATCHED	n2892509962	26.9	0.34	Soltau, Altenheim	305,355,402	Soltau Brombeerweg / Soltau Vogelbeerweg		LINESTRING(9.868113 52.9872,9.8685085 52.987236100000004)
1060	Soltau	Alter Grenzweg	de:03358:85430::1	52.978467	9.825734		NO_MATCH_AND_SEEMS_UNSERVED								POINT(9.825734 52.978467)
1061	Soltau	Am Alten Stadtgraben	de:03358:85431::1	52.986333	9.837961		NO_MATCH_AND_SEEMS_UNSERVED								POINT(9.837961 52.986333)
1062	Soltau	Am Alten Stadtgraben	de:03358:85431::2	52.986292	9.83791		NO_MATCH_AND_SEEMS_UNSERVED								POINT(9.83791 52.986292)
1063	Soltau	Am Hornberg	de:03358:85432::1	52.973207	9.819724		NO_MATCH_AND_SEEMS_UNSERVED								POINT(9.819724 52.973207)
1064	Soltau	An der Weide 39	de:03358:85433::1	52.982868	9.864054		NO_MATCH_AND_SEEMS_UNSERVED								POINT(9.864054 52.982868)
1065	Soltau	Aueweg	de:03358:85434::1	52.98708	9.87385	bus	MATCHED	n2406631343	15.2	0.46	Soltau, Aueweg	305,355	Harber(Soltau) Bahnhof		LINESTRING(9.87385 52.98708,9.873637800000001 52.9870329)
1066	Soltau	Aueweg	de:03358:85434::2	52.987095	9.873868	bus	MATCHED	n2892509949	26.1	0.34	Soltau, Aueweg	305,355	Soltau Altenheim		LINESTRING(9.873868 52.987095,9.8742458 52.9871491)
1067	Soltau	Bahnhof	de:03358:85435::1	52.98317	9.832424	bus	MATCHED	n1832481340	8.8	0.58	Soltau Bahnhof	402	Soltau Reitschulweg / Munster Speckenmoor		LINESTRING(9.832424 52.98317,9.8324235 52.9832491)
1068	Soltau	Bahnhof	de:03358:85435::2	52.983397	9.831498		MATCHED	w199396641	33.4	0.13	Soltau				LINESTRING(9.831498 52.983397,9.831519902926459 52.98309728855092)
1069	Soltau	Bahnhof	de:03358:85435::3	52.983149	9.832347	bus	NO_MATCH_BUT_OTHER_PLATFORM_MATCHED					106,150,200,255,256,305,355	Soltau Visselhöveder Straße 112 / Soltau Post / Soltau Almer Kirchweg / Soltau Wilhelmstraße / Soltau Heide-Park Resort / Soltau Reitschulweg / Soltau Wilhelm-Busch-Schule / Soltau Unter den Linden		POINT(9.832347 52.983149)
1070	Soltau	Bahnhof	de:03358:85435::4	52.98319	9.8325		NO_MATCH_AND_SEEMS_UNSERVED								POINT(9.8325 52.98319)
1071	Soltau	Bassel Abzw. B 3	de:03358:7480::1	52.957417	9.864076	bus	MATCHED	n2441430725	142.3	0.06	Bassel, Bassel	355	Hebenbrock Ort		LINESTRING(9.864076 52.957417,9.8648035 52.956215400000005)
1072	Soltau	Bassel Abzw. B 3	de:03358:7480::2	52.957409	9.863682	bus	NO_MATCH_BUT_OTHER_PLATFORM_MATCHED					355	Weiher(Soltau) Ort		POINT(9.863682 52.957409)
1073	Soltau	Bassel Bundesstraße 3	de:03358:7481::1	52.957444	9.863495	bus	MATCHED	n2506813691	25.3	0.18	Bassel, Bassel	256,355	Weiher(Soltau) Ort		LINESTRING(9.863495 52.957444,9.8633267 52.9576475)
1074	Soltau	Bassel Bundesstraße 3	de:03358:7481::2	52.957332	9.863678	bus	NO_MATCH_BUT_OTHER_PLATFORM_MATCHED					256,355	Imbrock Abzw. Campingplatz / Lührsbockel B3 Abzw. Lührsbockel		POINT(9.863678 52.957332)
1075	Soltau	Beethovenstraße	de:03358:85436::1	52.978873	9.839617		NO_MATCH_AND_SEEMS_UNSERVED								POINT(9.839617 52.978873)
1076	Soltau	Birkenstraße	de:03358:85437::1	52.987004	9.847747	bus	MATCHED	n2135252894	4.7	0.7	Soltau, Birkenstraße	150,305,355	Soltau Krankenhaus / Soltau Harm-Tyding-Straße		LINESTRING(9.847747 52.987004,9.847803200000001 52.9869782)
1077	Soltau	Birkenstraße	de:03358:85437::2	52.986956	9.84691	bus	MATCHED	n2892509952	53.6	0.22	Soltau, Birkenstraße	150,305,355	Soltau Wilhelmstraße		LINESTRING(9.84691 52.986956,9.8476955 52.9870408)
1078	Soltau	Brock(Soltau) Abzw. Fuhrhop	de:03358:15020::1	52.936837	9.844484	bus	MATCHED	n2441430723	1.6	0.91	Brock, Abzw. Fuhrhop	256	Brock(Soltau) BAB-Brücke	Bassel, Bassel	LINESTRING(9.844484 52.936837,9.844463000000001 52.9368429)
1079	Soltau	Brock(Soltau) Abzw. Fuhrhop	de:03358:15020::2	52.936801	9.844476	bus	NO_MATCH_BUT_OTHER_PLATFORM_MATCHED					256	Imbrock Ort		POINT(9.844476 52.936801)
1080	Soltau	Brock(Soltau) BAB-Brücke	de:03358:15021::1	52.938451	9.856511	bus	MATCHED	n2441430722	8.9	0.51	Brock, BAB Brücke	256	Brock(Soltau) Abzw. Fuhrhop		LINESTRING(9.856511 52.938451,9.8563814 52.938434400000006)
1081	Soltau	Brock(Soltau) BAB-Brücke	de:03358:15021::2	52.938496	9.856495	bus	MATCHED	n2767400818	32.0	0.28	Brock, BAB Brücke	256	Imbrock Abzw. Campingplatz		LINESTRING(9.856495 52.938496,9.8561244 52.9383161)
1082	Soltau	Brombeerweg	de:03358:18298::1	52.974591	9.849989	bus	NO_MATCH					402	Soltau Celler Straße / Soltau Altenheim		POINT(9.849989 52.974591)
1083	Soltau	Brümmerhof(Soltau) Ort	de:03358:15535::1	52.97981	9.944832	bus	MATCHED	n2892556084	37.3	0.28	Brümmerhof (Soltau), Ort	355	Suroide Ort		LINESTRING(9.944832 52.97981,9.945047500000001 52.979501000000006)
1084	Soltau	Brümmerhof(Soltau) Ort	de:03358:15535::2	52.97987	9.94484	bus	MATCHED	n12479137844	42.4	0.26	Brümmerhof (Soltau), Ort	355	Moide Ort		LINESTRING(9.94484 52.97987,9.945170300000001 52.9795449)
1085	Soltau	Celler Straße	de:03358:85439::1	52.9816	9.846914	bus	MATCHED	n2506817684	10.3	0.55	Soltau, Celler Straße	256,355,402	Soltau Hermann-Billung-Schule / Soltau Bahnhof / Soltau Reitschulweg / Soltau Wilhelmstraße / Soltau Brombeerweg / Soltau Reitschulweg		LINESTRING(9.846914 52.9816,9.8468202 52.981527)
1086	Soltau	Celler Straße	de:03358:85439::2	52.981616	9.846852	bus	MATCHED_THOUGH_OSM_NO_NAME	n13429364803	31.7	0.12		256,355	Tetendorf Ort / Weiher(Soltau) Ort		LINESTRING(9.846852 52.981616,9.8469043 52.9818988)
1087	Soltau	Charlottenstraße	de:03358:85440::1	52.982817	9.839828		NO_MATCH_AND_SEEMS_UNSERVED								POINT(9.839828 52.982817)
1088	Soltau	Dannhorn Ort	de:03358:19017::1	52.953273	9.817235	bus	MATCHED	n2441410346	23.7	0.36	Dannhorn, Ort	256	Meßhausen Ort		LINESTRING(9.817235 52.953273,9.8170441 52.9534523)
1089	Soltau	Dannhorn Ort	de:03358:19017::2	52.953316	9.817419	bus	NO_MATCH_BUT_OTHER_PLATFORM_MATCHED					256	Soltau Alm Gasthaus		POINT(9.817419 52.953316)
1090	Soltau	Deimern Ort	de:03358:19307::1	53.032425	9.90053	bus	MATCHED	n2380923873	21.1	0.28	Deimern	150	Hambostel Abzw. Deimern / Soltau Heidenhof		LINESTRING(9.90053 53.032425,9.9008254 53.0324894)
1091	Soltau	Deimern Ort	de:03358:19307::2	53.03243	9.90016		NO_MATCH_AND_SEEMS_UNSERVED								POINT(9.90016 53.03243)
1092	Soltau	Dittmern Ort	de:03358:20679::1	53.013441	9.91012	bus	MATCHED	n5812784376	19.8	0.4	Dittmern, Ort	150	Soltau K 2/Fuchsfarm / Soltau Friedrichseck		LINESTRING(9.91012 53.013441,9.9104123 53.0134157)
1093	Soltau	Dittmern Ort	de:03358:20679::2	53.013441	9.91012	bus	NO_MATCH_BUT_OTHER_PLATFORM_MATCHED					150	Soltau Heidenhof		POINT(9.91012 53.013441)
1094	Soltau	Einfrielingen(Soltau)	de:03358:23310::1	53.002426	9.839694	bus	MATCHED	n3294522783	7.8	0.61	Einfrielingen (Soltau)	200	Soltau Parkweg		LINESTRING(9.839694 53.002426,9.8397904 53.002387000000006)
1095	Soltau	Einfrielingen(Soltau)	de:03358:23310::2	53.002449	9.839662	bus	MATCHED	n2179879895	9.6	0.56	Einfrielingen (Soltau)	106,200	Ahlften Ort		LINESTRING(9.839662 53.002449,9.8395215 53.002431900000005)
1096	Soltau	Eitze(Soltau) Ort	de:03358:23504::1	52.983707	9.687727		MATCHED	n2418537188	21.1	0.32	Eitze, Ort				LINESTRING(9.687727 52.983707,9.6880406 52.983689000000005)
1097	Soltau	Ellingen(Soltau) Abzw. Wolterdingen	de:03358:23730::1	53.020233	9.788491	bus	MATCHED	n2349005789	5.7	0.67	Ellingen (Soltau) Abzw. Wolterdingen	200	Ellingen(Soltau) Nord / Wiedingen Abzw. Falshorn		LINESTRING(9.788491 53.020233,9.7885378 53.020276100000004)
1098	Soltau	Ellingen(Soltau) Abzw. Wolterdingen	de:03358:23730::2	53.020191	9.788428	bus	MATCHED	n2349005793	24.6	0.36	Ellingen (Soltau) Abzw. Wolterdingen	200	Ellingen(Soltau) Geflügelfarm		LINESTRING(9.788428 53.020191,9.7884107 53.0204115)
1099	Soltau	Ellingen(Soltau) Geflügelfarm	de:03358:23731::1	53.012614	9.794064	bus	MATCHED	n2405916367	66.0	0.19	Ellingen, Geflügelfarm	200	Ellingen(Soltau) Abzw. Wolterdingen		LINESTRING(9.794064 53.012614,9.7936872 53.0131625)
1100	Soltau	Ellingen(Soltau) Geflügelfarm	de:03358:23731::2	53.012603	9.794011	bus	MATCHED	n5524896070	65.0	0.19	Ellingen, Geflügelfarm	200	Wiedingen Abzw. Falshorn		LINESTRING(9.794011 53.012603,9.7934886 53.0130947)
1101	Soltau	Ellingen(Soltau) Nord	de:03358:23732::1	53.026998	9.787562	bus	MATCHED	n2405935184	12.9	0.49	Ellingen Nord	200	Ellingen(Soltau) Abzw. Wolterdingen		LINESTRING(9.787562 53.026998,9.7874119 53.027070900000005)
1102	Soltau	Ellingen(Soltau) Nord	de:03358:23732::2	53.027056	9.787614	bus	NO_MATCH_BUT_OTHER_PLATFORM_MATCHED					200	Wieheholz Abzw. Ellingen		POINT(9.787614 53.027056)
1103	Soltau	Emmingen(Soltau) Bahnhof	de:03358:24605::1	52.999222	9.980258		MATCHED	n2406654444	3.2	0.73	Emmingen, Bahnhof				LINESTRING(9.980258 52.999222,9.9802958 52.9992042)
1104	Soltau	Emmingen(Soltau) Bahnübergang	de:03358:24606::1	52.999388	9.971566	bus	MATCHED	n2406654445	23.9	0.36	Emmingen, Bahnübergang	305	Hötzingen Ortsmitte / Hötzingen Neue Welt		LINESTRING(9.971566 52.999388,9.9715921 52.999173500000005)
1105	Soltau	Emmingen(Soltau) Bahnübergang	de:03358:24606::2	52.998592	9.971848	bus	NO_MATCH_BUT_OTHER_PLATFORM_MATCHED					305	Willenbockel Ort		POINT(9.971848 52.998592)
1106	Soltau	Fachmarkt/Zentrum	de:03358:85441::1	52.96956	9.81475		MATCHED_THOUGH_OSM_NO_NAME	n7438386276	9.8	0.16					LINESTRING(9.81475 52.96956,9.8146941 52.9696415)
1107	Soltau	Fachmarkt/Zentrum	de:03358:85441::2	52.969071	9.816192		NO_MATCH_AND_SEEMS_UNSERVED								POINT(9.816192 52.969071)
1108	Soltau	Friedrichseck	de:03358:85442::1	53.014791	9.872649	bus	MATCHED	n2370316640	15.6	0.45	Soltau, Friedrichseck	150	Soltau K 2/Fuchsfarm / Dittmern Ort		LINESTRING(9.872649 53.014791,9.8727906 53.0146803)
1109	Soltau	Friedrichseck	de:03358:85442::2	53.014804	9.872591	bus	NO_MATCH_BUT_OTHER_PLATFORM_MATCHED					150	Soltau K 2/Fuchsfarm		POINT(9.872591 53.014804)
1110	Soltau	Frielingen(Soltau) Bahnhof	de:03358:28669::1	52.990816	9.720255	bus	MATCHED	n1840401985	23.1	0.37	Frielingen, Bahnhof	255	Frielingen(Soltau) Siedlung Nr. 35 / Woltem Feuerwehr		LINESTRING(9.720255 52.990816,9.7203523 52.99101520000001)
1111	Soltau	Frielingen(Soltau) Ortsmitte	de:03358:28670::1	52.976614	9.721863	bus	NO_MATCH_BUT_OTHER_PLATFORM_MATCHED					255	Leitzingen Post		POINT(9.721863 52.976614)
1112	Soltau	Frielingen(Soltau) Ortsmitte	de:03358:28670::2	52.976647	9.721815	bus	MATCHED	n2418533437	1.0	0.89	Frielingen, Ortsmitte	255	Frielingen(Soltau) Siedlung Nr. 35 / Woltem 43		LINESTRING(9.721815 52.976647,9.7218257 52.976641400000005)
1113	Soltau	Frielingen(Soltau) Siedlung Nr. 35	de:03358:28672::1	52.994486	9.722164	bus	MATCHED	n2418537183	8.4	0.58	Frielingen, Siedlung Nr. 35	255	Frielingen(Soltau) Siedlung Nr. 39		LINESTRING(9.722164 52.994486,9.722222700000001 52.9944196)
1114	Soltau	Frielingen(Soltau) Siedlung Nr. 35	de:03358:28672::2	52.994486	9.72224		NO_MATCH_AND_SEEMS_UNSERVED								POINT(9.72224 52.994486)
1115	Soltau	Frielingen(Soltau) Siedlung Nr. 39	de:03358:28671::1	52.99819	9.722771	bus	MATCHED	n12578796683	3.7	0.73	Frielingen, Siedlung Nr. 39	255	Frielingen(Soltau) Bahnhof / Frielingen(Soltau) Ortsmitte		LINESTRING(9.722771 52.99819,9.722780400000001 52.998157500000005)
1116	Soltau	Ginsterweg	de:03358:85443::1	52.985454	9.869183		NO_MATCH_AND_SEEMS_UNSERVED								POINT(9.869183 52.985454)
1117	Soltau	Großeholz Ortsmitte	de:03358:32854::1	52.959392	9.757328	bus	MATCHED	n2441410350	9.9	0.5	Meinern, Abzweig Großeholz	256	Lütjeholz Ort / Mittelstendorf Weißer Kamp I	Mittelstendorf, Weißer Kamp 2	LINESTRING(9.757328 52.959392,9.7571993 52.95934810000001)
1118	Soltau	Grüne Aue	de:03358:85444::1	53.015679	9.887194	bus	MATCHED	n10160346274	19.3	0.41	Soltau, Grüne Aue	150	Soltau Friedrichseck / Soltau Heide-Park Resort / Soltau K 2/Fuchsfarm		LINESTRING(9.887194 53.015679,9.887376100000001 53.0158135)
1119	Soltau	Grüne Aue	de:03358:85444::2	53.015628	9.887176	bus	MATCHED	n2370324080	4.6	0.71	Soltau, Grüne Aue	150	Soltau Heidenhof		LINESTRING(9.887176 53.015628,9.887153900000001 53.0155887)
1120	Soltau	Hambostel Abzw. Deimern	de:03358:35189::1	53.023343	9.905934	bus	MATCHED	n7804880426	12.7	0.5	Hambostel, Abzw. Deimern	150	Deimern Ort / Soltau Heidenhof		LINESTRING(9.905934 53.023343,9.9057519 53.0233105)
1121	Soltau	Hambostel Abzw. Deimern	de:03358:35189::2	53.023303	9.905948	bus	MATCHED	n1580145301	10.9	0.53	Hambostel, Abzw. Deimern	150	Hambostel Ort		LINESTRING(9.905948 53.023303,9.905897300000001 53.023209800000004)
1122	Soltau	Hambostel Ort	de:03358:35190::1	53.026788	9.912599	bus	MATCHED	n2370324082	22.4	0.37	Hambostel, Ort	150	Harmelingen Ortsmitte		LINESTRING(9.912599 53.026788,9.9124136 53.026620300000005)
1123	Soltau	Hambostel Ort	de:03358:35190::2	53.02685	9.91263	bus	MATCHED_THOUGH_DISTANT	n7804880425	207.6	0.08	Hambostel, Ort	150	Hambostel Abzw. Deimern		LINESTRING(9.91263 53.02685,9.910250000000001 53.025657)
1124	Soltau	Harber(Soltau) Abzweig Oeningen	de:03358:38415::1	52.991557	9.906715	bus	MATCHED	n448864121	9.9	0.55	Harber, Abzweig Oeningen	305,355	Harber(Soltau) Mühle / Harber(Soltau) Gewerbegebiet		LINESTRING(9.906715 52.991557,9.9065825 52.9915965)
1125	Soltau	Harber(Soltau) Abzweig Oeningen	de:03358:38415::2	52.991892	9.907473	bus	MATCHED	n2406639874	94.4	0.15	Harber, Abzweig Oeningen	305,355	Tiegen Up de Linnen / Oeningen Ort / Harber(Soltau) Bahnhof		LINESTRING(9.907473 52.991892,9.9064251 52.9913261)
1126	Soltau	Harber(Soltau) Bahnhof	de:03358:38416::1	52.987438	9.884232	bus	MATCHED	n2406639876	7.7	0.61	Harber, Bahnhof	305,355	Harber(Soltau) Abzweig Oeningen / Tiegen Tiegener Straße		LINESTRING(9.884232 52.987438,9.8843022 52.987493)
1127	Soltau	Harber(Soltau) Bahnhof	de:03358:38416::2	52.987499	9.884939	bus	MATCHED	n2892509966	60.7	0.2	Harber, Bahnhof	305,355	Soltau Aueweg		LINESTRING(9.884939 52.987499,9.8858435 52.9874978)
1128	Soltau	Harber(Soltau) Designer Outlet Soltau	de:03358:38417::1	52.982941	9.924281		MATCHED	n2485662044	26.3	0.28	Harber (Soltau), Designer Outlet Soltau				LINESTRING(9.924281 52.982941,9.923925200000001 52.9830405)
1129	Soltau	Harber(Soltau) Gewerbegebiet	de:03358:38418::1	52.987462	9.923419	bus	MATCHED	n2892509964	6.8	0.35	Harber, Abzw. Rahrsberg	305,355	Harber(Soltau) Abzweig Oeningen		LINESTRING(9.923419 52.987462,9.9235044 52.987494600000005)
1130	Soltau	Harber(Soltau) Gewerbegebiet	de:03358:38418::2	52.987424	9.923418	bus	MATCHED	n2892509955	18.0	0.23	Harber, Abzw. Rahrsberg	305,355	Moide Ort / Moide K 42		LINESTRING(9.923418 52.987424,9.923679400000001 52.987389500000006)
1131	Soltau	Harber(Soltau) Mühle	de:03358:38419::1	52.994225	9.913012	bus	MATCHED	n2892509958	20.8	0.39	Harber (Soltau), Mühle	305	Harber(Soltau) Abzweig Oeningen		LINESTRING(9.913012 52.994225,9.912702900000001 52.9942118)
1132	Soltau	Harber(Soltau) Mühle	de:03358:38419::2	52.994416	9.913548	bus	MATCHED	n2495911423	66.8	0.19	Harber (Soltau), Mühle	305	Soltau Scandinavia		LINESTRING(9.913548 52.994416,9.9127659 52.9940447)
1133	Soltau	Harber(Soltau) Tiegen	de:03358:38420::1	52.983808	9.89954		NO_MATCH_AND_SEEMS_UNSERVED								POINT(9.89954 52.983808)
1134	Soltau	Harm-Tyding-Straße	de:03358:85445::1	52.986752	9.85415	bus	MATCHED	n1224590480	11.4	0.52	Soltau, Harm-Tyding-Straße	305,355	Soltau Birkenstraße / Soltau Krankenhaus		LINESTRING(9.85415 52.986752,9.854314 52.986727200000004)
1135	Soltau	Harm-Tyding-Straße	de:03358:85445::2	52.986783	9.853274	bus	MATCHED	n2892509944	73.8	0.18	Soltau, Harm-Tyding-Straße	305,355	Soltau Vogelbeerweg		LINESTRING(9.853274 52.986783,9.854373200000001 52.986778)
1136	Soltau	Harmelingen Ortsmitte	de:03358:38583::1	53.032293	9.924291	bus	MATCHED	n7804880423	30.9	0.31	Harmelingen, Ortsmitte	150	Hambostel Ort		LINESTRING(9.924291 53.032293,9.9238323 53.0322674)
1137	Soltau	Harmelingen Ortsmitte	de:03358:38583::2	53.03239	9.924911	bus	MATCHED	n2370324081	8.5	0.59	Harmelingen, Ortsmitte	150	Harmelingen Siedlung		LINESTRING(9.924911 53.03239,9.924817500000001 53.032338)
1138	Soltau	Harmelingen Siedlung	de:03358:38584::1	53.037182	9.929348	bus	MATCHED	n7804938092	8.5	0.59	Harmelingen, Siedlung	150	Harmelingen Ortsmitte		LINESTRING(9.929348 53.037182,9.9292219 53.03717760000001)
1139	Soltau	Harmelingen Siedlung	de:03358:38584::2	53.03715	9.9294	bus	MATCHED	n2370324078	3.9	0.74	Harmelingen, Siedlung	150	Timmerloh		LINESTRING(9.9294 53.03715,9.929415500000001 53.037116600000004)
1140	Soltau	Hebenbrock Ort	de:03358:39432::1	52.96015	9.884376	bus	MATCHED	n2506813690	9.1	0.57	Hebenbrock, Ort	355	Soltau-Penzhorn Abzw. Hof Söhnholz		LINESTRING(9.884376 52.96015,9.8844046 52.960070300000005)
1141	Soltau	Hebenbrock Ort	de:03358:39432::2	52.960191	9.884312	bus	NO_MATCH_BUT_OTHER_PLATFORM_MATCHED					355	Bassel Abzw. B 3		POINT(9.884312 52.960191)
1142	Soltau	Heide-Park Resort	de:03358:85446::1	53.022061	9.872832	bus	MATCHED	n311885477	29.5	0.32	Heide-Park Resort Soltau	106,150	Soltau K 2/Fuchsfarm / Soltau Grüne Aue / Soltau Reitplatz		LINESTRING(9.872832 53.022061,9.8731393 53.0218709)
1143	Soltau	Heide-Park Resort	de:03358:85446::9	53.022061	9.872832		MATCHED	n1608115972	135.6	0.04	Heide Park Express Hauptbahnhof				LINESTRING(9.872832 53.022061,9.8740245 53.0230456)
1144	Soltau	Heidenhof	de:03358:85447::1	53.020849	9.900278	bus	MATCHED	n7804880428	6.5	0.64	Soltau, Heidenhof	150	Dittmern Ort / Soltau Grüne Aue		LINESTRING(9.900278 53.020849,9.900190400000001 53.0208743)
1145	Soltau	Heidenhof	de:03358:85447::2	53.0208	9.900265	bus	MATCHED	n2370324079	37.9	0.27	Soltau, Heidenhof	150	Deimern Ort / Hambostel Abzw. Deimern		LINESTRING(9.900265 53.0208,9.899835300000001 53.020578500000006)
1146	Soltau	Hermann-Billung-Schule	de:03358:85448::1	52.983322	9.851813	bus	MATCHED	n2406631342	45.3	0.23	Soltau, Hermann Billung Schule	256,305,355	Soltau Wilhelmstraße / Soltau Krankenhaus / Soltau Reitschulweg / Soltau Bahnhof		LINESTRING(9.851813 52.983322,9.851905200000001 52.98372560000001)
1147	Soltau	Hermann-Billung-Schule	de:03358:85448::2	52.98319	9.85134		NO_MATCH_AND_SEEMS_UNSERVED								POINT(9.85134 52.98319)
1148	Soltau	Hermann-Billung-Schule	de:03358:85448::3	52.984751	9.853525		NO_MATCH_AND_SEEMS_UNSERVED								POINT(9.853525 52.984751)
1149	Soltau	Hornberg	de:03358:85449::1	52.975572	9.81959		NO_MATCH_AND_SEEMS_UNSERVED								POINT(9.81959 52.975572)
1150	Soltau	Huckenrieth Ort	de:03358:44487::1	53.040094	9.854936	bus	MATCHED	n2179860345	9.3	0.57	Huckenrieth, Ort	106	Surbostel Ort / Hillern Ort		LINESTRING(9.854936 53.040094,9.8550672 53.040066100000004)
1151	Soltau	Huckenrieth Ort	de:03358:44487::2	53.04009	9.854868	bus	MATCHED	n3654842783	21.9	0.38	Huckenrieth, Ort	106	Wolterdingen(Soltau) B 3/Abzw. Wolterdingen		LINESTRING(9.854868 53.04009,9.8547765 53.039900700000004)
1152	Soltau	Hötzingen Neue Welt	de:03358:45132::1	53.014904	9.98775	bus	MATCHED	n1361187635	7.4	0.62	Hötzingen, Neue Welt	305	Hötzingen Ortsmitte		LINESTRING(9.98775 53.014904,9.9878248 53.014952900000004)
1153	Soltau	Hötzingen Neue Welt	de:03358:45132::2	53.013938	9.979888	bus	NO_MATCH_BUT_OTHER_PLATFORM_MATCHED					305	Töpingen Ortsmitte / Alvern(Munster) Hermannseck B71		POINT(9.979888 53.013938)
1154	Soltau	Hötzingen Ortsmitte	de:03358:45133::1	53.011931	9.969939	bus	NO_MATCH_BUT_OTHER_PLATFORM_MATCHED					305	Stübeckshorn Ortsmitte / Stübeckshorn Ortsmitte / Soltau Scandinavia		POINT(9.969939 53.011931)
1155	Soltau	Hötzingen Ortsmitte	de:03358:45133::2	53.011762	9.969817	bus	MATCHED	n360303807	49.4	0.23	Hötzingen, Ortsmitte	305	Hötzingen Neue Welt / Emmingen(Soltau) Bahnübergang		LINESTRING(9.969817 53.011762,9.970293100000001 53.0114237)
1156	Soltau	Imbrock Abzw. Campingplatz	de:03358:46159::1	52.948821	9.858001	bus	MATCHED	n2441430727	21.6	0.38	Imbrock, Abzw. Campingplatz	256	Bassel Bundesstraße 3		LINESTRING(9.858001 52.948821,9.8582012 52.948972700000006)
1157	Soltau	Imbrock Abzw. Campingplatz	de:03358:46159::2	52.948774	9.85801	bus	NO_MATCH_BUT_OTHER_PLATFORM_MATCHED					256	Brock(Soltau) BAB-Brücke		POINT(9.85801 52.948774)
1158	Soltau	Imbrock Ort	de:03358:46160::1	52.946984	9.841453	bus	MATCHED	n2441430726	7.7	0.73	Imbrock, Ort	256	Brock(Soltau) Abzw. Fuhrhop	Brock, Abzw. Fuhrhop	LINESTRING(9.841453 52.946984,9.841495100000001 52.9470487)
1159	Soltau	Imbrock Ort	de:03358:46160::2	52.947	9.84133	bus	MATCHED	n10705459758	6.7	0.64	Imbrock, Ort	256	Marbostel(Soltau) Ortsmitte		LINESTRING(9.84133 52.947,9.841429900000001 52.947000700000004)
1160	Soltau	Johanniskirche	de:03358:85450::1	52.987397	9.83432	bus	MATCHED	n1916679203	32.9	0.3	Soltau, Johanniskirche	150,200,305,355	Soltau Bahnhof		LINESTRING(9.83432 52.987397,9.834795 52.987470800000004)
1161	Soltau	Johanniskirche	de:03358:85450::2	52.987568	9.835317		NO_MATCH_AND_SEEMS_UNSERVED								POINT(9.835317 52.987568)
1162	Soltau	K 2/Fuchsfarm	de:03358:85451::1	53.007558	9.870219	bus	MATCHED	n2370316636	7.9	0.57	Soltau, K2 Fuchsfarm	106,150	Soltau Nord		LINESTRING(9.870219 53.007558,9.8701098 53.007583700000005)
1163	Soltau	K 2/Fuchsfarm	de:03358:85451::2	53.007543	9.870287	bus	MATCHED	n9000709971	2.5	0.76	Soltau, K2 Fuchsfarm	150	Soltau Heide-Park Resort / Soltau Grüne Aue / Soltau Friedrichseck		LINESTRING(9.870287 53.007543,9.8702891 53.007520400000004)
1164	Soltau	Kantweg (Rehaklinik)	de:03358:85452::1	52.992785	9.855181	bus	MATCHED	n2671933245	8.9	0.58	Soltau, Kantweg (Rehaklinik)	150,305,355	Soltau Reitschulweg / Soltau Reitplatz / Soltau Krankenhaus		LINESTRING(9.855181 52.992785,9.8553143 52.9927842)
1165	Soltau	Kantweg (Rehaklinik)	de:03358:85452::2	52.992198	9.856786		MATCHED	n2135248061	31.6	0.24	Soltau, Kantweg (Rehaklinik)				LINESTRING(9.856786 52.992198,9.8563471 52.9923015)
1166	Soltau	Krankenhaus	de:03358:85453::1	52.98924	9.85344	bus	MATCHED	n2671933237	42.0	0.26	Soltau, Krankenhaus	150,305,355	Soltau Kantweg (Rehaklinik)		LINESTRING(9.85344 52.98924,9.8538285 52.989535700000005)
1167	Soltau	Krankenhaus	de:03358:85453::2	52.989728	9.853966	bus	MATCHED	n2135252895	18.0	0.42	Soltau, Krankenhaus	150	Soltau Birkenstraße		LINESTRING(9.853966 52.989728,9.8537446 52.989637)
1168	Soltau	Kreisverwaltung	de:03358:85454::1	52.989935	9.845952		NO_MATCH_AND_SEEMS_UNSERVED								POINT(9.845952 52.989935)
1169	Soltau	Königskrug(Soltau) Ort	de:03358:52294::1	53.030481	9.976723		NO_MATCH_AND_SEEMS_UNSERVED								POINT(9.976723 53.030481)
1170	Soltau	Königskrug(Soltau) Ort	de:03358:52294::2	53.030468	9.976814		NO_MATCH_AND_SEEMS_UNSERVED								POINT(9.976814 53.030468)
1171	Soltau	Leitzingen Hof von Wieding	de:03358:54760::1	52.981817	9.772213	bus	MATCHED	n12650685719	34.3	0.29	Leitzingen, Hof von Wieding	255	Leitzingen Post		LINESTRING(9.772213 52.981817,9.771703200000001 52.9818347)
1172	Soltau	Leitzingen Hof von Wieding	de:03358:54760::2	52.981788	9.772171	bus	MATCHED	n2418533440	31.5	0.31	Leitzingen, Hof von Wieding	255	Leitzingen Johmshof		LINESTRING(9.772171 52.981788,9.771713400000001 52.9817253)
1173	Soltau	Leitzingen Johmshof	de:03358:54761::1	52.981941	9.785784	bus	MATCHED	n2418533438	17.4	0.43	Leitzingen, Johmshof	255	Soltau Visselhöveder Straße 112		LINESTRING(9.785784 52.981941,9.785715900000001 52.9817899)
1174	Soltau	Leitzingen Johmshof	de:03358:54761::2	52.981968	9.785784	bus	NO_MATCH_BUT_OTHER_PLATFORM_MATCHED					255	Leitzingen Hof von Wieding		POINT(9.785784 52.981968)
1175	Soltau	Leitzingen Post	de:03358:54762::1	52.979916	9.758189	bus	MATCHED	n2418533439	10.6	0.54	Leitzingen, Post	255	Leitzingen Hof von Wieding		LINESTRING(9.758189 52.979916,9.758309200000001 52.979853600000006)
1176	Soltau	Leitzingen Post	de:03358:54762::2	52.97995	9.75815	bus	NO_MATCH_BUT_OTHER_PLATFORM_MATCHED					255	Frielingen(Soltau) Ortsmitte		POINT(9.75815 52.97995)
1177	Soltau	Lerchenstraße	de:03358:85455::1	52.990017	9.830118	bus	MATCHED	n1916679206	10.9	0.53	Soltau Lerchenstraße	200	Soltau Post		LINESTRING(9.830118 52.990017,9.8301034 52.989919)
1178	Soltau	Lerchenstraße	de:03358:85455::2	52.989825	9.830381	bus	MATCHED	n1916679205	17.2	0.43	Soltau Lerchenstraße	200	Soltau Menkenhof		LINESTRING(9.830381 52.989825,9.8302838 52.9899682)
1179	Soltau	Lütjeholz Ort	de:03358:58629::1	52.957972	9.776741	bus	MATCHED	n2441399224	19.9	0.56	Lütjeholz, Ort	256	Meinern Abzw. Großeholz	Meinern, Abzweig Großeholz	LINESTRING(9.776741 52.957972,9.776456900000001 52.9579217)
1180	Soltau	Lütjeholz Ort	de:03358:58629::2	52.958017	9.776792	bus	NO_MATCH_BUT_OTHER_PLATFORM_MATCHED					256	Mittelstendorf Weißer Kamp I / Soltau Alm Gasthaus		POINT(9.776792 52.958017)
1181	Soltau	Marbostel(Soltau) Ortsmitte	de:03358:59188::1	52.939063	9.827138	bus	MATCHED	n2441410347	6.8	0.75	Marbostel (Soltau), Ortsmitte	256	Imbrock Ort	Imbrock, Ort	LINESTRING(9.827138 52.939063,9.827052100000001 52.939096000000006)
1182	Soltau	Marbostel(Soltau) Ortsmitte	de:03358:59188::2	52.939148	9.827127	bus	MATCHED	n10705459760	3.6	0.75	Marbostel (Soltau), Ortsmitte	256	Meßhausen Ort		LINESTRING(9.827127 52.939148,9.827074000000001 52.9391527)
1183	Soltau	Meinern Abzw. Großeholz	de:03358:60202::1	52.956155	9.765579	bus	MATCHED	n2441399228	14.2	0.43	Meinern, Abzweig Großeholz	256	Großeholz Ortsmitte / Lütjeholz Ort	Meinern, Abzweig Großeholz	LINESTRING(9.765579 52.956155,9.7654364 52.9560608)
1184	Soltau	Menkenhof	de:03358:85456::1	53.004145	9.807472	bus	MATCHED	n2078321754	14.4	0.47	Soltau, Menkenhof	200	Soltau Lerchenstraße		LINESTRING(9.807472 53.004145,9.8076757 53.00410290000001)
1185	Soltau	Menkenhof	de:03358:85456::2	53.004664	9.80648	bus	MATCHED	n2078321807	78.1	0.17	Soltau, Menkenhof	200	Wiedingen Abzw. Ellingen		LINESTRING(9.80648 53.004664,9.807274600000001 53.004151300000004)
1186	Soltau	Messpunkt Ellingen	de:03358:61039::1	53.009365	9.794948		NO_MATCH_AND_SEEMS_UNSERVED								POINT(9.794948 53.009365)
1187	Soltau	Messpunkt Soltau-Süd	de:03358:61453::1	52.951995	9.881903		NO_MATCH_AND_SEEMS_UNSERVED								POINT(9.881903 52.951995)
1188	Soltau	Meßhausen Ort	de:03358:61679::1	52.947111	9.818783	bus	NO_MATCH_BUT_OTHER_PLATFORM_MATCHED					256	Dannhorn Ort		POINT(9.818783 52.947111)
1189	Soltau	Meßhausen Ort	de:03358:61679::2	52.94707	9.81864	bus	MATCHED	n2441410349	26.8	0.51	Meßhausen, Ort	256	Marbostel(Soltau) Ortsmitte	Marbostel (Soltau), Ortsmitte	LINESTRING(9.81864 52.94707,9.8189002 52.947253100000005)
1190	Soltau	Mittelstendorf Schule	de:03358:62280::1	52.952333	9.79454	bus	MATCHED	n2441410351	17.7	0.42	Mittelstendorf, Schule	256	Soltau Wilhelm-Busch-Schule / Dannhorn Ort		LINESTRING(9.79454 52.952333,9.7947965 52.952297200000004)
1191	Soltau	Mittelstendorf Weißer Kamp I	de:03358:62281::1	52.957259	9.786173	bus	MATCHED	n2441410352	22.2	0.38	Mittelstendorf, Weißer Kamp I	256	Mittelstendorf Weißer Kamp II		LINESTRING(9.786173 52.957259,9.7865029 52.957253200000004)
1192	Soltau	Mittelstendorf Weißer Kamp II	de:03358:62282::1	52.94857	9.78884	bus	MATCHED	n2441410348	1.8	0.76	Mittelstendorf, Weißer Kamp 2	256	Mittelstendorf Schule	Meßhausen, Ort	LINESTRING(9.78884 52.94857,9.788843400000001 52.9485856)
1193	Soltau	Moide K 42	de:03358:62342::1	52.985328	9.939785	bus	MATCHED	n448428731	5.4	0.67	Moide, K 42	305	Harber(Soltau) Gewerbegebiet		LINESTRING(9.939785 52.985328,9.9397838 52.985376200000005)
1194	Soltau	Moide K 42	de:03358:62342::2	52.985289	9.939755	bus	MATCHED	n8588123590	1.2	0.86	Moide, K 42	305	Willenbockel Ort		LINESTRING(9.939755 52.985289,9.939762400000001 52.985279000000006)
1195	Soltau	Moide Ort	de:03358:62343::1	52.984304	9.939541	bus	MATCHED	n2892509941	18.2	0.42	Moide, Ort	355	Brümmerhof(Soltau) Ort		LINESTRING(9.939541 52.984304,9.939472100000001 52.9844626)
1196	Soltau	Moide Ort	de:03358:62343::2	52.984291	9.939479	bus	MATCHED	n2506773415	4.5	0.71	Moide, Ort	355	Harber(Soltau) Gewerbegebiet		LINESTRING(9.939479 52.984291,9.939522700000001 52.9842601)
1197	Soltau	Mühlenstraße	de:03358:85457::1	52.987729	9.839712	bus	MATCHED	n2405942076	45.2	0.24	Soltau, Mühlenstraße	150,200	Soltau Johanniskirche / Soltau Bahnhof		LINESTRING(9.839712 52.987729,9.8397187 52.987323100000005)
1198	Soltau	Nord	de:03358:85458::1	53.001359	9.861088		MATCHED	n215237893	38.1	0.21	Soltau Nord			Wolterdingen / Soltau (Han)	LINESTRING(9.861088 53.001359,9.8611433 53.0016996)
1199	Soltau	Nord	de:03358:85458::2	53.000694	9.860641	bus	MATCHED	n1580137211	6.2	0.5	Bahnhof Soltau Nord	106,150	Soltau Reitplatz		LINESTRING(9.860641 53.000694,9.860550700000001 53.0006831)
1200	Soltau	Nord	de:03358:85458::3	53.00087	9.861181	bus	MATCHED	n1580143933	35.0	0.22	Bahnhof Soltau Nord	150	Soltau K 2/Fuchsfarm		LINESTRING(9.861181 53.00087,9.860806100000001 53.0006518)
1201	Soltau	Oeningen Ort	de:03358:70240::1	53.000358	9.90334		MATCHED	n2406639875	39.8	0.2	Oeningen, Ort				LINESTRING(9.90334 53.000358,9.9027867 53.0004859)
1202	Soltau	Oeningen Ort	de:03358:70240::2	53.000358	9.90334	bus	MATCHED	n7259317151	38.3	0.27	Oeningen, Ort	305	Harber(Soltau) Abzweig Oeningen / Tiegen Up de Linnen		LINESTRING(9.90334 53.000358,9.902860500000001 53.000544600000005)
1203	Soltau	Parkweg	de:03358:85459::1	52.997044	9.83703	bus	MATCHED	n2179879896	26.1	0.34	Soltau, Parkweg	200	Soltau Unter den Linden / Soltau Wilhelmstraße / Soltau Mühlenstraße		LINESTRING(9.83703 52.997044,9.836756600000001 52.9968768)
1204	Soltau	Parkweg	de:03358:85459::2	52.996975	9.837039	bus	MATCHED	n6110715177	15.1	0.46	Soltau, Parkweg	106,200	Einfrielingen(Soltau)		LINESTRING(9.837039 52.996975,9.8369394 52.9968536)
1205	Soltau	Penzhorn Abzw. Hof Söhnholz	de:03358:73358::1	52.957888	9.895478	bus	NO_MATCH_BUT_OTHER_PLATFORM_MATCHED					355	Penzhorn Ortsmitte		POINT(9.895478 52.957888)
1206	Soltau	Penzhorn Abzw. Hof Söhnholz	de:03358:73358::2	52.957966	9.895639	bus	MATCHED	n2506807598	14.0	0.48	Penzhorn, Abzw. Hof Söhnholz	355	Hebenbrock Ort		LINESTRING(9.895639 52.957966,9.8958442 52.957944700000006)
1207	Soltau	Penzhorn Ortsmitte	de:03358:73359::1	52.959035	9.906527	bus	MATCHED	n2506807599	4.6	0.71	Penzhorn, Ortsmitte	355	Soltau-Penzhorn Abzw. Hof Söhnholz		LINESTRING(9.906527 52.959035,9.9064952 52.959071800000004)
1208	Soltau	Penzhorn Ortsmitte	de:03358:73359::2	52.958997	9.906528	bus	NO_MATCH_BUT_OTHER_PLATFORM_MATCHED					355	Lührsbockel Laderampe		POINT(9.906528 52.958997)
1209	Soltau	Pestalozzischule	de:03358:85460::1	52.98993	9.832415		MATCHED	n2370298053	2.2	0.79	Soltau, Pestalozzischule				LINESTRING(9.832415 52.98993,9.8323858 52.9899392)
1210	Soltau	Pestalozzistraße	de:03358:85461::1	52.985636	9.86396		NO_MATCH_AND_SEEMS_UNSERVED								POINT(9.86396 52.985636)
1211	Soltau	Post	de:03358:85462::1	52.987795	9.834211	bus	MATCHED	n2414213682	31.9	0.31	Soltau, Post	200	Soltau Johanniskirche		LINESTRING(9.834211 52.987795,9.8346379 52.987669800000006)
1212	Soltau	Post	de:03358:85462::2	52.988142	9.833451	bus	MATCHED	n1916679204	99.4	0.14	Soltau, Post	200	Soltau Lerchenstraße		LINESTRING(9.833451 52.988142,9.8347607 52.9877252)
1213	Soltau	Reitplatz	de:03358:85463::1	52.996707	9.854083	bus	MATCHED	n2135246472	1.7	0.84	Soltau, Reitplatz	106,150	Soltau Wilhelmstraße / Soltau Kantweg (Rehaklinik) / Soltau Reitschulweg		LINESTRING(9.854083 52.996707,9.8541086 52.9967041)
1214	Soltau	Reitplatz	de:03358:85463::2	52.997241	9.855066	bus	MATCHED	n2135246473	76.9	0.17	Soltau, Reitplatz	150	Soltau Nord		LINESTRING(9.855066 52.997241,9.855985800000001 52.997652800000004)
1215	Soltau	Reitschulweg	de:03358:105752::1	52.994226	9.84977	bus	NO_MATCH_BUT_OTHER_PLATFORM_MATCHED					106,150,200,255,256,305,355,402	Soltau Bahnhof / Soltau Wilhelmstraße / Soltau Hermann-Billung-Schule / Soltau Celler Straße / Soltau Celler Straße / Soltau Kantweg (Rehaklinik) / Soltau Mühlenstraße / Soltau Reitplatz / Soltau Birkenstraße		POINT(9.84977 52.994226)
1216	Soltau	Reitschulweg	de:03358:105752::2	52.993942	9.849428	bus	MATCHED	n1580137215	2.2	0.82	Soltau, Reitschulweg	402	Soltau Bahnhof		LINESTRING(9.849428 52.993942,9.849397300000001 52.99394830000001)
1217	Soltau	Scandinavia	de:03358:85464::1	53.003564	9.939456	bus	MATCHED	n1608181580	16.4	0.29	Campingplatz Scandinavia	305	Hötzingen Ortsmitte / Hötzingen Ortsmitte / Stübeckshorn Ortsmitte		LINESTRING(9.939456 53.003564,9.939475100000001 53.0037109)
1218	Soltau	Scandinavia	de:03358:85464::2	53.003153	9.938459	bus	MATCHED	n3010808410	104.3	0.09	Campingplatz Scandinavia	305	Harber(Soltau) Mühle		LINESTRING(9.938459 53.003153,9.9398248 53.0035997)
1219	Soltau	Schubertstraße	de:03358:85465::1	52.978282	9.835601		NO_MATCH_AND_SEEMS_UNSERVED								POINT(9.835601 52.978282)
1220	Soltau	Soltau	de:03358:85426::1	52.983063	9.831661		MATCHED	n215237931	9.2	0.5	Soltau (Han)			Visselhövede	LINESTRING(9.831661 52.983063,9.8315252 52.983074)
1221	Soltau	Soltau	de:03358:85426::2	52.982996	9.831577		MATCHED	n1632666756	6.1	0.59	Soltau (Han)			Munster (Örtze)	LINESTRING(9.831577 52.982996,9.831505700000001 52.9830307)
1222	Soltau	Soltau	de:03358:85426::5	52.982915	9.831565		MATCHED	n1487057537	6.3	0.58	Soltau (Han)			Soltau Nord	LINESTRING(9.831565 52.982915,9.831471 52.9829184)
1223	Soltau	Soltau	de:03358:85426::7	52.982883	9.831207		MATCHED	n1844449233	15.8	0.37	Soltau (Han)			Dorfmark	LINESTRING(9.831207 52.982883,9.8314254 52.9828303)
1224	Soltau	Stübeckshorn Ortsmitte	de:03358:88874::1	53.014562	9.958886	bus	MATCHED	n2406660975	5.1	0.69	Stübeckshorn, Ortsmitte	305,402	Hötzingen Ortsmitte / Munster Speckenmoor / Soltau Scandinavia		LINESTRING(9.958886 53.014562,9.9589052 53.0145172)
1225	Soltau	Stübeckshorn Ortsmitte	de:03358:88874::2	53.01453	9.958682	bus	MATCHED	n7261929098	6.3	0.65	Stübeckshorn, Ortsmitte	305,402	Hötzingen Ortsmitte / Hötzingen Neue Welt / Soltau Altenheim		LINESTRING(9.958682 53.01453,9.9587202 53.0144783)
1226	Soltau	Tetendorf Ort	de:03358:90551::1	52.970679	9.8467	bus	MATCHED	n7259205339	11.4	0.52	Tetendorf, Ort	355	Weiher(Soltau) Ort		LINESTRING(9.8467 52.970679,9.8466495 52.9705816)
1227	Soltau	Tetendorf Ort	de:03358:90551::2	52.97064	9.84677	bus	MATCHED	n2506817685	5.9	0.66	Tetendorf, Ort	355	Soltau Hermann-Billung-Schule / Soltau Celler Straße		LINESTRING(9.84677 52.97064,9.846780500000001 52.970587)
1228	Soltau	Tetendorfer Straße	de:03358:85466::1	52.979196	9.832045		NO_MATCH_AND_SEEMS_UNSERVED								POINT(9.832045 52.979196)
1229	Soltau	Tetendorfer Straße/Alter Grenzweg	de:03358:85467::1	52.97548	9.830232		NO_MATCH_AND_SEEMS_UNSERVED								POINT(9.830232 52.97548)
1230	Soltau	Tiegen Tiegener Straße	de:03358:90849::1	52.984805	9.891199	bus	MATCHED	n7259317156	6.5	0.64	Tiegen, Tiegener Straße	305	Tiegen Wischengrund		LINESTRING(9.891199 52.984805,9.891182200000001 52.984862400000004)
1231	Soltau	Tiegen Tiegener Straße	de:03358:90849::2	52.984345	9.89208	bus	MATCHED	n7259278874	83.8	0.16	Tiegen, Tiegener Straße	305	Harber(Soltau) Bahnhof		LINESTRING(9.89208 52.984345,9.891101 52.9848124)
1232	Soltau	Tiegen Up de Linnen	de:03358:90850::1	52.986844	9.902074	bus	MATCHED	n10568915512	5.2	0.69	Tiegen, Up de Linnen	305	Tiegen Wischengrund		LINESTRING(9.902074 52.986844,9.9021162 52.9868053)
1233	Soltau	Tiegen Up de Linnen	de:03358:90850::2	52.986969	9.90371	bus	NO_MATCH_BUT_OTHER_PLATFORM_MATCHED					305	Harber(Soltau) Abzweig Oeningen / Oeningen Ort		POINT(9.90371 52.986969)
1234	Soltau	Tiegen Wischengrund	de:03358:90851::1	52.984911	9.897126	bus	MATCHED	n7259317155	105.9	0.14	Tiegen, Wischengrund	305	Tiegen Up de Linnen		LINESTRING(9.897126 52.984911,9.8976631 52.9858058)
1235	Soltau	Tiegen Wischengrund	de:03358:90851::2	52.984388	9.896603	bus	MATCHED	n1608181438	37.1	0.28	Tiegen, Wischengrund	305	Tiegen Tiegener Straße		LINESTRING(9.896603 52.984388,9.896318500000001 52.9846738)
1236	Soltau	Timmerloh	de:03358:90925::1	53.054764	9.948372	bus	MATCHED	n1579594076	3.0	0.78	Timmerloh	150	Harmelingen Siedlung		LINESTRING(9.948372 53.054764,9.9483365 53.054779800000006)
1237	Soltau	Timmerloh	de:03358:90925::2	53.054976	9.948846	bus	MATCHED	n5846878451	1.8	0.84	Timmerloh	150	Bispingen Wilhelmshöhe / Bispingen Center Parcs		LINESTRING(9.948846 53.054976,9.9488711 53.0549813)
1238	Soltau	Trift/Berliner Platz	de:03358:85468::1	52.982993	9.851653		NO_MATCH_AND_SEEMS_UNSERVED								POINT(9.851653 52.982993)
1239	Soltau	Trift/Soldiner Straße	de:03358:85469::1	52.980872	9.857969		NO_MATCH_AND_SEEMS_UNSERVED								POINT(9.857969 52.980872)
1240	Soltau	Unter den Linden	de:03358:85470::1	52.989146	9.836396	bus	MATCHED	n3007371633	2.5	0.8	Soltau, Unter den Linden	106,200	Soltau Parkweg		LINESTRING(9.836396 52.989146,9.8363686 52.9891609)
1241	Soltau	Unter den Linden	de:03358:85470::2	52.989161	9.836518	bus	MATCHED	n5811580482	48.2	0.23	Soltau, Unter den Linden	200	Soltau Johanniskirche / Soltau Wilhelmstraße		LINESTRING(9.836518 52.989161,9.836447600000001 52.98959180000001)
1242	Soltau	Visselhöveder Straße 112	de:03358:85471::1	52.980741	9.812305	bus	MATCHED	n7259205340	25.4	0.34	Soltau, Visselhöveder Straße 112	255	Soltau Wilhelm-Busch-Schule / Soltau Wilhelmstraße		LINESTRING(9.812305 52.980741,9.8126833 52.980751100000006)
1243	Soltau	Visselhöveder Straße 112	de:03358:85471::2	52.980779	9.812321	bus	MATCHED	n2418533436	3.4	0.74	Soltau, Visselhöveder Straße 112	255	Leitzingen Johmshof		LINESTRING(9.812321 52.980779,9.8123717 52.980783900000006)
1244	Soltau	Vogelbeerweg	de:03358:85472::1	52.986806	9.861865	bus	MATCHED	n2892509942	26.9	0.34	Soltau, Vogelbeerweg	305,355	Soltau Harm-Tyding-Straße		LINESTRING(9.861865 52.986806,9.8614657 52.986826)
1245	Soltau	Vogelbeerweg	de:03358:85472::2	52.986821	9.862373	bus	MATCHED	n2406631344	14.5	0.47	Soltau, Vogelbeerweg	305,355	Soltau Altenheim		LINESTRING(9.862373 52.986821,9.8625781 52.986780800000005)
1246	Soltau	Weiher(Soltau) Ort	de:03358:96955::1	52.966506	9.85439	bus	MATCHED	n2441430724	10.1	0.55	Weiher, Ort	256,355	Soltau Celler Straße / Tetendorf Ort		LINESTRING(9.85439 52.966506,9.8545172 52.9665539)
1247	Soltau	Weiher(Soltau) Ort	de:03358:96955::2	52.966421	9.854401	bus	MATCHED	n7693009968	10.7	0.54	Weiher, Ort	256,355	Bassel Bundesstraße 3 / Bassel Abzw. B 3		LINESTRING(9.854401 52.966421,9.854427900000001 52.9663259)
1248	Soltau	Wiedingen Abzw. Ellingen	de:03358:99156::1	53.009211	9.795343	bus	MATCHED	n2035711422	10.7	0.54	Wiedingen, Abzw. Ellingen	200	Leverdingen Ost / Wiedingen Abzw. Falshorn		LINESTRING(9.795343 53.009211,9.795187400000001 53.009188)
1249	Soltau	Wiedingen Abzw. Ellingen	de:03358:99156::2	53.008889	9.79621	bus	MATCHED	n2035711423	79.4	0.17	Wiedingen, Abzw. Ellingen	200	Soltau Menkenhof		LINESTRING(9.79621 53.008889,9.7952545 53.0093107)
1250	Soltau	Wiedingen Abzw. Falshorn	de:03358:99157::1	53.00219	9.789545	bus	MATCHED	n1862001130	13.5	0.49	Wiedingen, Abzw. Falshorn	200	Ellingen(Soltau) Geflügelfarm / Leverdingen Ost / Wiedingen Abzw. Ellingen		LINESTRING(9.789545 53.00219,9.789674900000001 53.0020978)
1251	Soltau	Wieheholz Abzw. Ellingen	de:03358:99186::1	53.037047	9.784873	bus	MATCHED	n2916932743	8.6	0.58	Wieheholz, Abzw. Ellingen	200	Ellingen(Soltau) Abzw. Wolterdingen / Ellingen(Soltau) Nord		LINESTRING(9.784873 53.037047,9.784757 53.0370143)
1252	Soltau	Wieheholz Abzw. Ellingen	de:03358:99186::2	53.037114	9.784885	bus	MATCHED	n2405935179	5.5	0.68	Wieheholz, Abzw. Ellingen	200	Wieheholz Ort		LINESTRING(9.784885 53.037114,9.7849258 53.0370713)
1253	Soltau	Wieheholz Ort	de:03358:99187::1	53.035692	9.806411	bus	MATCHED	n2405935178	19.2	0.41	Wieheholz Ort	200	Wieheholz Abzw. Ellingen / Neuenkirchen(Lüneburger Heide) Bahnhof		LINESTRING(9.806411 53.035692,9.8061638 53.0357799)
1254	Soltau	Wieheholz Ort	de:03358:99187::2	53.035571	9.807029	bus	MATCHED	n2916929800	15.3	0.46	Wieheholz Ort	200	Wolterdingen(Soltau) Drögenheide / Wolterdingen(Soltau) Kirche		LINESTRING(9.807029 53.035571,9.806807500000001 53.035538)
1255	Soltau	Wilhelm-Busch-Schule	de:03358:85473::1	52.98028	9.82374	bus	MATCHED	n2370296804	8.2	0.57	Soltau, Wilhelm Busch Schule	150,255,256,305,355	Soltau Bahnhof / Soltau Wilhelmstraße / Soltau Hermann-Billung-Schule		LINESTRING(9.82374 52.98028,9.823764800000001 52.980208000000005)
1256	Soltau	Wilhelmstraße	de:03358:85474::1	52.986699	9.841656	bus	MATCHED	n2135252893	23.2	0.37	Soltau, Wilhelmstraße	150,200,255,256,305,355	Soltau Celler Straße / Soltau Krankenhaus / Soltau Birkenstraße / Soltau Hermann-Billung-Schule / Soltau Reitschulweg		LINESTRING(9.841656 52.986699,9.842000800000001 52.9866904)
1257	Soltau	Wilhelmstraße	de:03358:85474::2	52.98678	9.841644	bus	MATCHED	n2671933903	73.8	0.18	Soltau, Wilhelmstraße	106,150,200,305,355	Soltau Post / Soltau Johanniskirche / Soltau Unter den Linden / Soltau Bahnhof		LINESTRING(9.841644 52.98678,9.8405463 52.9867478)
1258	Soltau	Willenbockel Ort	de:03358:99914::1	52.985352	9.980375	bus	MATCHED	n2406654446	28.5	0.33	Willenbockel Ort	305	Emmingen(Soltau) Bahnübergang		LINESTRING(9.980375 52.985352,9.980438000000001 52.985098400000005)
1259	Soltau	Willenbockel Ort	de:03358:99914::2	52.985389	9.980275	bus	NO_MATCH_BUT_OTHER_PLATFORM_MATCHED					305	Moide K 42		POINT(9.980275 52.985389)
1260	Soltau	Willingen(Soltau) Abzw. L 163	de:03358:99980::1	52.964635	9.797583	bus	MATCHED	n2441399226	18.1	0.57	Willingen, Abzw. L 163	256	Willingen(Soltau) Abzw. Weißenkamp	Willingen, Abzweigung Weißenkamp	LINESTRING(9.797583 52.964635,9.7973621 52.9645426)
1261	Soltau	Willingen(Soltau) Abzw. Weißenkamp	de:03358:99981::1	52.960728	9.786102	bus	MATCHED	n2441399227	14.7	0.59	Willingen, Abzweigung Weißenkamp	256	Meinern Abzw. Großeholz / Lütjeholz Ort	Lütjeholz, Ort	LINESTRING(9.786102 52.960728,9.7858835 52.9607347)
1262	Soltau	Woltem 27	de:03358:101440::1	52.958822	9.702253	bus	MATCHED	n7058243724	74.4	0.17	Woltem, 27	255	Woltem29		LINESTRING(9.702253 52.958822,9.7032614 52.95854610000001)
1263	Soltau	Woltem 27	de:03358:101440::2	52.958771	9.702108	bus	NO_MATCH_BUT_OTHER_PLATFORM_MATCHED					255	Woltem Upn Kiesbarg		POINT(9.702108 52.958771)
1264	Soltau	Woltem 43	de:03358:101437::1	52.971157	9.714181	bus	MATCHED	n2418537186	8.1	0.59	Woltem, 43	255	Frielingen(Soltau) Ortsmitte		LINESTRING(9.714181 52.971157,9.714197500000001 52.971085200000005)
1265	Soltau	Woltem 43	de:03358:101437::2	52.971251	9.714038	bus	NO_MATCH_BUT_OTHER_PLATFORM_MATCHED					255	Woltem29 / Woltem Feuerwehr		POINT(9.714038 52.971251)
1266	Soltau	Woltem Feuerwehr	de:03358:101438::1	52.967864	9.717586	bus	NO_MATCH_BUT_OTHER_PLATFORM_MATCHED					255	Frielingen(Soltau) Bahnhof / Woltem Upn Kiesbarg		POINT(9.717586 52.967864)
1267	Soltau	Woltem Feuerwehr	de:03358:101438::2	52.967733	9.71765	bus	MATCHED	n2418533441	46.3	0.24	Woltem, Feuerwehr	255	Woltem Upn Kiesbarg		LINESTRING(9.71765 52.967733,9.7183281 52.967809300000006)
1268	Soltau	Woltem Süd	de:03358:101441::1	52.95892	9.701729		NO_MATCH_AND_SEEMS_UNSERVED								POINT(9.701729 52.95892)
1269	Soltau	Woltem Upn Kiesbarg	de:03358:101442::1	52.958114	9.714627	bus	MATCHED	n2418537184	60.3	0.19	Woltem, Up'n Kiesbarg	255,256	Meinern Abzw. Großeholz / Woltem Feuerwehr		LINESTRING(9.714627 52.958114,9.7153455 52.958439000000006)
1270	Soltau	Woltem Upn Kiesbarg	de:03358:101442::2	52.957984	9.714708	bus	NO_MATCH_BUT_OTHER_PLATFORM_MATCHED					255	Woltem 27		POINT(9.714708 52.957984)
1271	Soltau	Woltem29	de:03358:101439::1	52.965784	9.710271	bus	NO_MATCH_BUT_OTHER_PLATFORM_MATCHED					255	Woltem 43		POINT(9.710271 52.965784)
1272	Soltau	Woltem29	de:03358:101439::2	52.965873	9.710519	bus	MATCHED	n2418537182	11.4	0.46	Woltem, 29	255	Woltem 27		LINESTRING(9.710519 52.965873,9.710474600000001 52.9657739)
1273	Soltau	Wolterdingen An der Meeck 10	de:03358:101443::1	53.026716	9.844571		NO_MATCH_AND_SEEMS_UNSERVED								POINT(9.844571 53.026716)
1274	Soltau	Wolterdingen An der Meeck 10	de:03358:101443::2	53.026707	9.844602		NO_MATCH_AND_SEEMS_UNSERVED								POINT(9.844602 53.026707)
1275	Soltau	Wolterdingen(Soltau)	de:03358:101450::1	53.026181	9.845728		MATCHED	n306442307	68.5	0.13	Wolterdingen			Schneverdingen / Soltau Nord	LINESTRING(9.845728 53.026181,9.8454111 53.026766)
1276	Soltau	Wolterdingen(Soltau) Auf dem Meeck 10	de:03358:101451::1	53.020689	9.846089	bus	MATCHED	n2179860350	7.5	0.51	Wolterdingen, Auf dem Meeck 38	200	Wolterdingen(Soltau) Auf dem Meeck 38		LINESTRING(9.846089 53.020689,9.8461295 53.0207514)
1277	Soltau	Wolterdingen(Soltau) Auf dem Meeck 10	de:03358:101451::2	53.02065	9.84604	bus	MATCHED	n5923437724	9.6	0.47	Wolterdingen, Auf dem Meeck 38	106,200	Ahlften Ort / Wolterdingen(Soltau) Drögenheide / Soltau Heide-Park Resort		LINESTRING(9.84604 53.02065,9.8459897 53.020730500000006)
1278	Soltau	Wolterdingen(Soltau) Auf dem Meeck 38	de:03358:101452::1	53.024849	9.84462	bus	MATCHED	n2179860356	9.4	0.47	Wolterdingen, Auf dem Meeck 10	200	Wolterdingen(Soltau) Kirche		LINESTRING(9.84462 53.024849,9.8447308 53.024900200000005)
1279	Soltau	Wolterdingen(Soltau) Auf dem Meeck 38	de:03358:101452::2	53.024846	9.844565	bus	MATCHED	n3993763274	6.0	0.55	Wolterdingen, Auf dem Meeck 10	106,200	Wolterdingen(Soltau) Auf dem Meeck 10		LINESTRING(9.844565 53.024846,9.844614 53.024891100000005)
1280	Soltau	Wolterdingen(Soltau) Auf dem Meeck 38	de:03358:101452::3	53.022535	9.844714		NO_MATCH_AND_SEEMS_UNSERVED								POINT(9.844714 53.022535)
1281	Soltau	Wolterdingen(Soltau) Auf dem Meeck 38	de:03358:101452::4	53.022535	9.844714		NO_MATCH_AND_SEEMS_UNSERVED								POINT(9.844714 53.022535)
1282	Soltau	Wolterdingen(Soltau) B 3/Abzw. Wolterdingen	de:03358:101453::1	53.027295	9.850767	bus	MATCHED	n2179860344	22.3	0.36	B3, Abzw. Wolterdingen	106	Huckenrieth Ort		LINESTRING(9.850767 53.027295,9.850939700000001 53.027466600000004)
1283	Soltau	Wolterdingen(Soltau) B 3/Abzw. Wolterdingen	de:03358:101453::2	53.02739	9.850727	bus	MATCHED_THOUGH_OSM_NO_NAME	n11257905280	7.3	0.21		106	Soltau Reitplatz / Soltau K 2/Fuchsfarm / Wolterdingen(Soltau) Auf dem Meeck 38		LINESTRING(9.850727 53.02739,9.850634600000001 53.027424800000006)
1284	Soltau	Wolterdingen(Soltau) Drögenheide	de:03358:101454::1	53.023038	9.85125	bus	MATCHED	n2179860347	9.4	0.57	Wolterdingen, Drögenheide	106,200	Wolterdingen(Soltau) Auf dem Meeck 10 / Ahlften Ort / Wolterdingen(Soltau) B 3/Abzw. Wolterdingen		LINESTRING(9.85125 53.023038,9.851114 53.0230575)
1285	Soltau	Wolterdingen(Soltau) Drögenheide	de:03358:101454::2	53.023102	9.850745		NO_MATCH_AND_SEEMS_UNSERVED								POINT(9.850745 53.023102)
1286	Soltau	Wolterdingen(Soltau) Kirche	de:03358:101455::1	53.031463	9.831205	bus	MATCHED	n2734996362	21.2	0.39	Wolterdingen, Kirche	200	Wolterdingen(Soltau) Auf dem Meeck 38		LINESTRING(9.831205 53.031463,9.8312387 53.0316522)
1287	Soltau	Wolterdingen(Soltau) Kirche	de:03358:101455::2	53.031417	9.831153	bus	MATCHED	n2734996254	24.5	0.36	Wolterdingen, Kirche	200	Wieheholz Ort		LINESTRING(9.831153 53.031417,9.831024600000001 53.03162330000001)
1288	Walsrode	A27 Park Walsrode	de:03358:95753::1	52.847356	9.556525		NO_MATCH_AND_SEEMS_UNSERVED								POINT(9.556525 52.847356)
1289	Walsrode	ANDERS Hotel	de:03358:18675::1	52.865905	9.622184		NO_MATCH_AND_SEEMS_UNSERVED								POINT(9.622184 52.865905)
1290	Walsrode	Albrecht-Thaer-Straße	de:03358:95754::1	52.851207	9.597618	bus	NO_MATCH_BUT_OTHER_PLATFORM_MATCHED					502,506	Walsrode Kirchplatz		POINT(9.597618 52.851207)
1291	Walsrode	Albrecht-Thaer-Straße	de:03358:95754::2	52.850568	9.597565		MATCHED	n2960393698	30.0	0.25	Walsrode, Albrecht-Thaer-Straße				LINESTRING(9.597565 52.850568,9.59759 52.8508372)
1292	Walsrode	Altenboitzen 61	de:03358:18789::1	52.818156	9.513916		NO_MATCH_AND_SEEMS_UNSERVED								POINT(9.513916 52.818156)
1293	Walsrode	Altenboitzen 61	de:03358:18789::2	52.818172	9.514012		NO_MATCH_AND_SEEMS_UNSERVED								POINT(9.514012 52.818172)
1294	Walsrode	Altenboitzen 70	de:03358:18788::1	52.817042	9.51145		NO_MATCH_AND_SEEMS_UNSERVED								POINT(9.51145 52.817042)
1295	Walsrode	Altenboitzen 70	de:03358:18788::2	52.817114	9.511475		NO_MATCH_AND_SEEMS_UNSERVED								POINT(9.511475 52.817114)
1296	Walsrode	Altenboitzen Ortsmitte	de:03358:2284::1	52.816123	9.513741	bus	MATCHED	n3016673202	26.3	0.34	Altenboitzen, Ortsmitte	510,556	Kirchboitzen Abzw. Altenboitzen / Altenboitzen Schmalspurbahn-Bahnhof / Hollige Ortsmitte		LINESTRING(9.513741 52.816123,9.5133617 52.816177)
1297	Walsrode	Altenboitzen Ortsmitte	de:03358:2284::2	52.81632	9.51317	bus	MATCHED	n6534599846	6.6	0.64	Altenboitzen, Ortsmitte	510,556	Schneeheide Ortsmitte / Hollige Ortsmitte / Kirchboitzen Abzw. Altenboitzen / Schneeheide Denkmal		LINESTRING(9.51317 52.81632,9.513157900000001 52.816378900000004)
1298	Walsrode	Altenboitzen Schmalspurbahn-Bahnhof	de:03358:21034::1	52.819328	9.506812	bus	MATCHED	n9779574573	34.0	0.27	Altenboitzen, Schmalspurbahnhof	556	Kirchboitzen Arzt / Altenboitzen Ortsmitte		LINESTRING(9.506812 52.819328,9.5073159 52.819336400000005)
1299	Walsrode	Am Hellteich	de:03358:95755::1	52.8708	9.604175	bus	NO_MATCH_BUT_OTHER_PLATFORM_MATCHED					520	Walsrode Ostdeutsche Allee / Walsrode Rathaus		POINT(9.604175 52.8708)
1300	Walsrode	Am Hellteich	de:03358:95755::2	52.870798	9.604158	bus	MATCHED	n2795082966	163.4	0.1	Walsrode, Am Hellteich	520	Walsrode Ostdeutsche Allee		LINESTRING(9.604158 52.870798,9.602769 52.8695931)
1301	Walsrode	Am Rosengarten	de:03358:95756::1	52.866265	9.610467	bus	MATCHED	n2994393070	124.3	0.12	Walsrode, Am Rosengarten	520	Walsrode Bahnhof / Walsrode Ostdeutsche Allee / Walsrode Am Hellteich		LINESTRING(9.610467 52.866265,9.612287100000001 52.8664543)
1302	Walsrode	Am Rosengarten	de:03358:95756::2	52.866262	9.610468	bus	MATCHED	n3010808417	80.3	0.17	Walsrode, Am Rosengarten	520	Walsrode Quintusstraße		LINESTRING(9.610468 52.866262,9.6116571 52.8663218)
1303	Walsrode	Bahnhof	de:03358:95757::1	52.864646	9.600318	bus	MATCHED	w1435066120	30.1	0.29	Bahnhof Walsrode	500,502,506,511,520,556,600	Walsrode Ostdeutsche Allee / Rödershöfen Abzw / Walsrode Rathaus / Bad Fallingbostel Kampgartenstraße / Walsrode Südschule / Hodenhagen Schulstraße / Hodenhagen Heerstraße / Walsrode Moorstraße		LINESTRING(9.600318 52.864646,9.600547360285717 52.86441340572138)
1304	Walsrode	Bahnhof	de:03358:95757::2	52.864169	9.600483	bus	MATCHED	w1435066125	1.4	0.85	Bahnhof Walsrode	502,506,510,511,520	Walsrode Ostdeutsche Allee / Walsrode Am Rosengarten / Walsrode Moorstraße / Walsrode Moorstraße		LINESTRING(9.600483 52.864169,9.60046245 52.86416545)
1305	Walsrode	Beetenbrück Fuhrenkamp	de:03358:7929::1	52.824736	9.593596	bus	MATCHED	n3075377830	52.5	0.16	Beetenbrück, Bahnhof	502	Düshorn Auf dem Kamp		LINESTRING(9.593596 52.824736,9.5939005 52.8243018)
1306	Walsrode	Beetenbrück Fuhrenkamp	de:03358:7929::2	52.824734	9.59359	bus	MATCHED	n3075377829	84.8	0.12	Beetenbrück, Bahnhof	502	Walsrode Witternstraße		LINESTRING(9.59359 52.824734,9.593634900000001 52.8239725)
1307	Walsrode	Benzen Ortsmitte	de:03358:95784::1	52.834085	9.576511	bus	MATCHED	n9136965267	51.0	0.23	Benzen, Ortsmitte	510,556	Walsrode-Benzen Wartehalle		LINESTRING(9.576511 52.834085,9.5766012 52.8345398)
1308	Walsrode	Benzen Ortsmitte	de:03358:95784::2	52.83428	9.57643	bus	MATCHED	n9136965266	1.3	0.87	Benzen, Ortsmitte	510,556	Walsrode Benzer Winkel		LINESTRING(9.57643 52.83428,9.576414 52.834287100000005)
1309	Walsrode	Benzen Wartehalle	de:03358:95785::1	52.830526	9.571122	bus	NO_MATCH_BUT_OTHER_PLATFORM_MATCHED					510,556	Hollige Bahnhof / Walsrode-Benzen Ortsmitte		POINT(9.571122 52.830526)
1310	Walsrode	Benzen Wartehalle	de:03358:95785::2	52.83056	9.57069	bus	MATCHED	n2441457223	8.0	0.6	Benzen, Wartehalle	510	Walsrode-Benzen Ortsmitte		LINESTRING(9.57069 52.83056,9.5707252 52.830491200000004)
1311	Walsrode	Benzer Winkel	de:03358:95758::1	52.852478	9.593173	bus	NO_MATCH_BUT_OTHER_PLATFORM_MATCHED					510,556	Walsrode Benzer Winkel / Walsrode Eckernworth		POINT(9.593173 52.852478)
1312	Walsrode	Benzer Winkel	de:03358:95758::2	52.85167	9.593102	bus	MATCHED	n3010343685	18.0	0.42	Walsrode, Benzer Winkel	510,556	Walsrode-Benzen Ortsmitte / Walsrode Grünenthal		LINESTRING(9.593102 52.85167,9.593292100000001 52.851783600000005)
1313	Walsrode	Bergstraße	de:03358:95759::1	52.865749	9.586464	bus	MATCHED	n2440046909	169.1	0.1	Walsrode Bergstraße	500,506,511,556	Walsrode Cordinger Straße / Walsrode Kirchplatz / Dreikronen Ortsmitte / Walsrode Seniorenheim Am Sunderpark / Walsrode Eckernworth		LINESTRING(9.586464 52.865749,9.5872264 52.8643002)
1314	Walsrode	Bergstraße	de:03358:95759::2	52.865117	9.586722	bus	MATCHED	n9132253021	71.5	0.18	Walsrode Bergstraße	500,506,511	Walsrode Kirchplatz / Walsrode Kirchplatz / Dreikronen Ortsmitte		LINESTRING(9.586722 52.865117,9.586910600000001 52.864484100000006)
1315	Walsrode	Bockhorn(Walsrode)	de:03358:11076::1	52.826943	9.671692	bus	MATCHED	n2927231475	28.9	0.32	Bockhorn	502	Düshorn Mühlenstraße		LINESTRING(9.671692 52.826943,9.671831800000001 52.8266975)
1316	Walsrode	Bockhorn(Walsrode)	de:03358:11076::2	52.826943	9.671659	bus	NO_MATCH_BUT_OTHER_PLATFORM_MATCHED					502	Düshorn Alter Celler Weg		POINT(9.671659 52.826943)
1317	Walsrode	Cordinger Straße	de:03358:95760::1	52.870361	9.585279	bus	MATCHED	n2988989490	36.5	0.28	Walsrode, Cordinger Straße	511	Walsrode Vogelpark		LINESTRING(9.585279 52.870361,9.585459100000001 52.8706703)
1318	Walsrode	Cordinger Straße	de:03358:95760::2	52.87027	9.585177	bus	NO_MATCH_BUT_OTHER_PLATFORM_MATCHED					511	Walsrode Bergstraße		POINT(9.585177 52.87027)
1319	Walsrode	Dreikronen Kolonie	de:03358:21464::1	52.88334	9.58171	bus	NO_MATCH					500,506	Dreikronen Ortsmitte / Hünzingen Ortsmitte		POINT(9.58171 52.88334)
1320	Walsrode	Dreikronen Kolonie	de:03358:21464::2	52.89237	9.56632	bus	NO_MATCH					500,506	Dreikronen Ortsmitte / Hünzingen Ortsmitte		POINT(9.56632 52.89237)
1321	Walsrode	Dreikronen Ortsmitte	de:03358:21465::1	52.889846	9.574478	bus	MATCHED	n2960364937	16.6	0.28	Dreikronen, Kolonie	500,506	Walsrode Marktschule / Walsrode Bergstraße / Walsrode Bergstraße		LINESTRING(9.574478 52.889846,9.574252300000001 52.8899059)
1322	Walsrode	Dreikronen Ortsmitte	de:03358:21465::2	52.88523	9.575226	bus	MATCHED	n2960364938	58.1	0.21	Dreikronen, Ortsmitte	500,506	Dreikronen Kolonie / Dreikronen Kolonie / Hünzingen Ortsmitte / Hünzingen Ortsmitte		LINESTRING(9.575226 52.88523,9.5751693 52.8857511)
1323	Walsrode	Dreikronen Ortsrand	de:03358:21466::1	52.882727	9.576443		NO_MATCH_AND_SEEMS_UNSERVED								POINT(9.576443 52.882727)
1324	Walsrode	Dreikronen Ortsrand	de:03358:21466::2	52.882631	9.576415		NO_MATCH_AND_SEEMS_UNSERVED								POINT(9.576415 52.882631)
1325	Walsrode	Dürerring	de:03358:95761::1	52.860539	9.603943		MATCHED	n3780796576	53.8	0.16	Walsrode, Dürerring				LINESTRING(9.603943 52.860539,9.604191 52.8609986)
1326	Walsrode	Düshorn Alter Celler Weg	de:03358:22372::1	52.830378	9.643733	bus	MATCHED	n3075392334	31.4	0.31	Düshorn, Alter Celler Weg	502	Bockhorn(Walsrode)		LINESTRING(9.643733 52.830378,9.6440769 52.8301876)
1327	Walsrode	Düshorn Alter Celler Weg	de:03358:22372::2	52.830379	9.643733	bus	MATCHED	n2926156002	16.8	0.44	Düshorn, Alter Celler Weg	502	Düshorn Verkehrsverein		LINESTRING(9.643733 52.830379,9.6439822 52.8303822)
1328	Walsrode	Düshorn Am Berge	de:03358:22373::1	52.83127	9.63839		MATCHED	n3075392335	9.2	0.51	Düshorn, Am Berge				LINESTRING(9.63839 52.83127,9.638470100000001 52.831203200000004)
1329	Walsrode	Düshorn Am Berge	de:03358:22373::2	52.831271	9.638387		MATCHED	n3010204245	9.5	0.5	Düshorn, Am Berge				LINESTRING(9.638387 52.831271,9.638330400000001 52.8313488)
1330	Walsrode	Düshorn Auf dem Kamp	de:03358:22374::1	52.827048	9.617706	bus	MATCHED	n2926155498	43.0	0.25	Düshorn, Auf dem Kamp	502	Düshorn Ortsmitte / Düshorn Schule		LINESTRING(9.617706 52.827048,9.618325800000001 52.8271396)
1331	Walsrode	Düshorn Auf dem Kamp	de:03358:22374::2	52.827065	9.617681	bus	MATCHED	n9112355152	22.4	0.37	Düshorn, Auf dem Kamp	502	Beetenbrück Fuhrenkamp		LINESTRING(9.617681 52.827065,9.6179643 52.8271704)
1332	Walsrode	Düshorn Dorfladen	de:03358:18969::1	52.831445	9.634427		NO_MATCH_AND_SEEMS_UNSERVED								POINT(9.634427 52.831445)
1333	Walsrode	Düshorn Dorfladen	de:03358:18969::2	52.831445	9.634427		MATCHED	n10096195297	9.1	0.51	Düshorn, Dorfladen				LINESTRING(9.634427 52.831445,9.6344049 52.831364400000005)
1334	Walsrode	Düshorn Lerchenweg	de:03358:22375::1	52.824527	9.646926		MATCHED	n3010198676	4.4	0.67	Düshorn, Lerchenweg				LINESTRING(9.646926 52.824527,9.6468602 52.824528400000005)
1335	Walsrode	Düshorn Lerchenweg	de:03358:22375::2	52.824527	9.646926		NO_MATCH_AND_SEEMS_UNSERVED								POINT(9.646926 52.824527)
1336	Walsrode	Düshorn Mühlenstraße	de:03358:22376::1	52.826127	9.635525	bus	MATCHED	n2926155499	30.5	0.31	Düshorn, Mühlenstraße	502	Krelingen Gesterding		LINESTRING(9.635525 52.826127,9.6356383 52.8263922)
1337	Walsrode	Düshorn Mühlenstraße	de:03358:22376::2	52.826117	9.635611	bus	NO_MATCH_BUT_OTHER_PLATFORM_MATCHED					502	Bockhorn(Walsrode) / Düshorn Verkehrsverein		POINT(9.635611 52.826117)
1338	Walsrode	Düshorn Ortsmitte	de:03358:22377::1	52.832398	9.631027	bus	MATCHED	n2926155500	9.0	0.58	Düshorn, Ortsmitte	502	Düshorn Schule / Düshorn Schule		LINESTRING(9.631027 52.832398,9.631115000000001 52.832337700000004)
1339	Walsrode	Düshorn Ortsmitte	de:03358:22377::2	52.832398	9.631027	bus	MATCHED	n3075392336	12.9	0.49	Düshorn, Ortsmitte	502	Rödershöfen Abzw / Düshorn Verkehrsverein		LINESTRING(9.631027 52.832398,9.6310946 52.8325066)
1340	Walsrode	Düshorn Schule	de:03358:22378::1	52.828603	9.624508	bus	MATCHED	n2926156001	29.3	0.32	Düshorn, Schule	502	Düshorn Verkehrsverein / Düshorn Ortsmitte		LINESTRING(9.624508 52.828603,9.6241058 52.8287033)
1341	Walsrode	Düshorn Schule	de:03358:22378::2	52.828585	9.6245	bus	NO_MATCH_BUT_OTHER_PLATFORM_MATCHED					502	Beetenbrück Fuhrenkamp / Düshorn Ortsmitte / Düshorn Auf dem Kamp		POINT(9.6245 52.828585)
1342	Walsrode	Düshorn Verkehrsverein	de:03358:22379::1	52.832124	9.633457	bus	MATCHED	n2960396795	60.5	0.2	Düshorn, Verkehrsverein	502	Düshorn Alter Celler Weg / Düshorn Mühlenstraße		LINESTRING(9.633457 52.832124,9.6342861 52.831914700000006)
1343	Walsrode	Düshorn Verkehrsverein	de:03358:22379::2	52.832124	9.633457	bus	MATCHED	n3075392337	70.6	0.18	Düshorn, Verkehrsverein	502	Düshorn Ortsmitte / Rödershöfen Abzw		LINESTRING(9.633457 52.832124,9.634486 52.832005300000006)
1344	Walsrode	Ebbingen Kreuzung	de:03358:22467::1	52.908978	9.575247	bus	MATCHED	n13295816246	78.3	0.17	Ebbingen, Kreuzung	500,506,885	Hünzingen Alte Schule / Ebbingen Ortsmitte		LINESTRING(9.575247 52.908978,9.5750262 52.909668800000006)
1345	Walsrode	Ebbingen Kreuzung	de:03358:22467::2	52.90946	9.575247	bus	MATCHED	n330028906	4.2	0.72	Ebbingen, Kreuzung	500,506,885	Kettenburg Hilligensehl / Dreikronen Ortsmitte / Hünzingen Alte Schule / Ebbingen Ortsmitte	Hilligensehl	LINESTRING(9.575247 52.90946,9.5752982 52.9094381)
1346	Walsrode	Ebbingen Ortsmitte	de:03358:22468::1	52.907762	9.569106	bus	NO_MATCH_BUT_OTHER_PLATFORM_MATCHED					500,506	Ebbingen Kreuzung / Ebbingen Kreuzung		POINT(9.569106 52.907762)
1347	Walsrode	Ebbingen Ortsmitte	de:03358:22468::2	52.907775	9.56912	bus	MATCHED	n2960364935	75.2	0.17	Ebbingen, Ortsmitte	500,506	Hünzingen Kolonie / Stellichte Abzw. Walsrode		LINESTRING(9.56912 52.907775,9.5702163 52.90764050000001)
1348	Walsrode	Eckernworth	de:03358:95762::1	52.860786	9.58512	bus	MATCHED	n9981772008	10.7	0.39	Kreuzung Eckernworth	402,500,506,510	Walsrode Südschule / Walsrode Schneede / Walsrode Südschule / Walsrode Benzer Winkel / Walsrode Grünenthal		LINESTRING(9.58512 52.860786,9.5852783 52.860789000000004)
1349	Walsrode	Eckernworth	de:03358:95762::2	52.860272	9.583959	bus	MATCHED	n2960380785	85.8	0.09	Walsrode, Verdener Straße 83	510	Walsrode Kirchplatz		LINESTRING(9.583959 52.860272,9.5849018 52.860791500000005)
1350	Walsrode	Eschenring	de:03358:95763::1	52.854934	9.578153		MATCHED	n3010337464	30.9	0.25	Walsrode, Eschenring				LINESTRING(9.578153 52.854934,9.5785453 52.855078000000006)
1351	Walsrode	Fritz-Reuter-Straße	de:03358:20099::1	52.866385	9.57975	bus	MATCHED	n10080784997	9.3	0.57	Walsrode, Fritz-Reuter-Straße	556	Walsrode Oskar-Wolff-Straße		LINESTRING(9.57975 52.866385,9.5796141 52.8663983)
1352	Walsrode	Fulde Abzw. Schneeheide	de:03358:28897::1	52.876705	9.540449	bus	MATCHED	n3372958330	16.8	0.44	Fulde, Abzw. Schneeheide	500	Fulde Gakenhof		LINESTRING(9.540449 52.876705,9.5404803 52.876854900000005)
1353	Walsrode	Fulde Abzw. Schneeheide	de:03358:28897::2	52.87686	9.54062	bus	MATCHED	n6418943802	1.2	0.88	Fulde, Abzw. Schneeheide	500	Fulde Schule / Fulde Ortsende		LINESTRING(9.54062 52.87686,9.540603 52.876862100000004)
1354	Walsrode	Fulde Gakenhof	de:03358:28898::1	52.882357	9.530745	bus	MATCHED	n6418943800	78.8	0.17	Fulde, Gakenhof	500	Idsingen Brammer		LINESTRING(9.530745 52.882357,9.531865900000001 52.8821518)
1355	Walsrode	Fulde Gakenhof	de:03358:28898::2	52.88212	9.53163	bus	MATCHED	n3372958328	13.0	0.49	Fulde, Gakenhof	500	Fulde Abzw. Schneeheide		LINESTRING(9.53163 52.88212,9.531807500000001 52.882073500000004)
1356	Walsrode	Fulde Ortsende	de:03358:28899::1	52.867917	9.540459	bus	NO_MATCH					500	Fulde Schule		POINT(9.540459 52.867917)
1357	Walsrode	Fulde Ortsende	de:03358:28899::2	52.87165	9.55505	bus	NO_MATCH					500	Walsrode Marktschule / Walsrode Kirchplatz / Walsrode Bahnhof		POINT(9.55505 52.87165)
1358	Walsrode	Fulde Schule	de:03358:28900::1	52.873549	9.541049	bus	MATCHED_THOUGH_DISTANT	n11057579610	298.9	0.06	Fulde, Schule	500	Fulde Abzw. Schneeheide		LINESTRING(9.541049 52.873549,9.5421115 52.8709398)
1359	Walsrode	Fulde Schule	de:03358:28900::2	52.87089	9.54208	bus	MATCHED	n3372958327	3.7	0.74	Fulde, Schule	500	Walsrode Marktschule / Fulde Ortsende		LINESTRING(9.54208 52.87089,9.5421083 52.870861000000005)
1360	Walsrode	Gorch-Fock-Straße	de:03358:20130::1	52.868856	9.581911		MATCHED	n10080784996	6.5	0.59	Walsrode, Gorch-Fock-Straße				LINESTRING(9.581911 52.868856,9.582006 52.8688638)
1361	Walsrode	Groß Eilstorf Abzw. Vethem	de:03358:32404::1	52.820812	9.456876	bus	MATCHED	n2877252709	0.4	0.93	Groß Eilstorf, Abzw. Vethem	510,556	Groß Eilstorf Ortsmitte		LINESTRING(9.456876 52.820812,9.45688 52.8208094)
1362	Walsrode	Groß Eilstorf Abzw. Vethem	de:03358:32404::2	52.82088	9.45684	bus	MATCHED	n3935545295	5.1	0.69	Groß Eilstorf, Abzw. Vethem	510	Kirchboitzen Schule / Kirchboitzen Kreuzung (Süd)		LINESTRING(9.45684 52.82088,9.4568857 52.820916800000006)
1363	Walsrode	Groß Eilstorf Ortsmitte	de:03358:32405::1	52.819334	9.451182	bus	MATCHED	n3016688960	28.4	0.33	Groß Eilstorf, Ortsmitte	510,556	Rethem(Aller) Fähre / Groß Häuslingen Bahnhofstraße / Klein Eilstorf Ortsmitte / Klein Eilstorf Schützenhaus		LINESTRING(9.451182 52.819334,9.450918900000001 52.819134600000005)
1364	Walsrode	Groß Eilstorf Ortsmitte	de:03358:32405::2	52.81895	9.45028	bus	MATCHED	n11045444538	8.2	0.6	Groß Eilstorf, Ortsmitte	510	Groß Eilstorf Abzw. Vethem		LINESTRING(9.45028 52.81895,9.450350400000001 52.8190096)
1365	Walsrode	Grünenthal	de:03358:3210::1	52.857279	9.57655	bus	NO_MATCH					510	Walsrode Verdener Straße 83		POINT(9.57655 52.857279)
1366	Walsrode	Grünenthal	de:03358:3210::2	52.857228	9.577301	bus	NO_MATCH					510	Walsrode Eckernworth		POINT(9.577301 52.857228)
1367	Walsrode	Hallenbad	de:03358:9018808::1	52.86253	9.576474		NO_MATCH_AND_SEEMS_UNSERVED								POINT(9.576474 52.86253)
1368	Walsrode	Hamwiede Ortsmitte	de:03358:37628::1	52.89668	9.459758	bus	MATCHED	n3372941837	103.0	0.14	Hamwiede, Ortsmitte	500	Nordkampen Schmiede		LINESTRING(9.459758 52.89668,9.460925000000001 52.897279000000005)
1369	Walsrode	Hamwiede Ortsmitte	de:03358:37628::2	52.89731	9.46082	bus	MATCHED	n11062187632	7.4	0.62	Hamwiede, Ortsmitte	500	Idsingen Nr. 21		LINESTRING(9.46082 52.89731,9.4607601 52.8973662)
1370	Walsrode	Hamwiede Ortsmitte	de:03358:37628::3	52.897645	9.461438	bus	MATCHED	n11062187631	43.7	0.25	Hamwiede, Ortsmitte	500	Fulde Gakenhof / Idsingen Nr. 21		LINESTRING(9.461438 52.897645,9.460807 52.8975499)
1371	Walsrode	Hamwiede Ortsmitte	de:03358:37628::4	52.897828	9.459425		NO_MATCH_AND_SEEMS_UNSERVED								POINT(9.459425 52.897828)
1372	Walsrode	Hamwiede Süd	de:03358:50700::1	52.894216	9.45875		NO_MATCH_AND_SEEMS_UNSERVED								POINT(9.45875 52.894216)
1373	Walsrode	Hangweg	de:03358:95764::1	52.85095	9.589782		MATCHED	n3010343683	17.0	0.37	Walsrode, Hangweg				LINESTRING(9.589782 52.85095,9.590030500000001 52.8509219)
1374	Walsrode	Hannoversche Straße	de:03358:95765::1	52.859389	9.595004	bus	MATCHED	n2440048975	6.1	0.66	Walsrode, Hannoversche Straße	502,556	Walsrode Saarstraße / Walsrode Witternstraße / Walsrode Witternstraße		LINESTRING(9.595004 52.859389,9.5949843 52.8593355)
1375	Walsrode	Heidewerkstatt	de:03358:28548::1	52.86271	9.619464		NO_MATCH_AND_SEEMS_UNSERVED								POINT(9.619464 52.86271)
1376	Walsrode	Hollige Bahnhof	de:03358:43286::1	52.821679	9.547183	bus	MATCHED	n2057333351	62.1	0.2	Hollige, Bahnhof	510,556	Hollige Ortsmitte		LINESTRING(9.547183 52.821679,9.5480622 52.8218466)
1377	Walsrode	Hollige Bahnhof	de:03358:43286::2	52.82192	9.54814	bus	MATCHED	n2057333350	3.2	0.77	Hollige, Bahnhof	510,556	Walsrode-Benzen Wartehalle / Walsrode-Benzen Wartehalle		LINESTRING(9.54814 52.82192,9.5481045 52.8219386)
1378	Walsrode	Hollige Ortsmitte	de:03358:43287::1	52.823599	9.54197	bus	MATCHED	n11051842895	32.7	0.3	Hollige, Ortsmitte	510,556	Altenboitzen Ortsmitte		LINESTRING(9.54197 52.823599,9.541782900000001 52.82387060000001)
1379	Walsrode	Hollige Ortsmitte	de:03358:43287::2	52.82369	9.54181	bus	MATCHED	n3016649895	8.9	0.58	Hollige, Ortsmitte	510,556	Schneeheide Denkmal / Hollige Bahnhof / Vethem Feuerwehr / Groß Eilstorf Abzw. Vethem		LINESTRING(9.54181 52.82369,9.5417289 52.823627300000005)
1380	Walsrode	Honerdingen B 209	de:03358:43867::1	52.867629	9.629851		MATCHED	n1361027055	115.1	0.08	Honerdingen, B 209				LINESTRING(9.629851 52.867629,9.6312473 52.867032200000004)
1381	Walsrode	Honerdingen B 209	de:03358:43867::2	52.867626	9.629829		MATCHED	n1361027054	114.8	0.08	Honerdingen, B 209				LINESTRING(9.629829 52.867626,9.6310927 52.866933700000004)
1382	Walsrode	Honerdingen Bahnhof	de:03358:43868::1	52.877248	9.637521	bus	MATCHED	n2994418330	66.0	0.19	Honerdingen, Bahnhof	520	Meinerdingen Spritzenhaus / Honerdingen Grüner Weg		LINESTRING(9.637521 52.877248,9.6373608 52.8766625)
1383	Walsrode	Honerdingen Bahnhof	de:03358:43868::2	52.877249	9.637547	bus	MATCHED	n11463868641	96.4	0.14	Honerdingen, Bahnhof	520	Uetzingen Lönsgrab		LINESTRING(9.637547 52.877249,9.6370161 52.8764441)
1384	Walsrode	Honerdingen Eichenkamp	de:03358:43869::1	52.866694	9.633438		MATCHED	n2795074913	2.1	0.79	Honerdingen, Eichenkamp				LINESTRING(9.633438 52.866694,9.6334592 52.8666799)
1385	Walsrode	Honerdingen Eichenkamp	de:03358:43869::2	52.869097	9.630578	bus	NO_MATCH_BUT_OTHER_PLATFORM_MATCHED					520	Honerdingen Bahnhof		POINT(9.630578 52.869097)
1386	Walsrode	Honerdingen Grüner Weg	de:03358:18357::1	52.869097	9.630578	bus	MATCHED_THOUGH_OSM_NO_NAME	n12750576492	9.5	0.19		520	Meinerdingen Spritzenhaus / Walsrode Quintusstraße / Honerdingen Bahnhof / Honerdingen Eichenkamp		LINESTRING(9.630578 52.869097,9.630632400000001 52.869018000000004)
1387	Walsrode	Hünzingen Alte Schule	de:03358:45604::1	52.905598	9.586129	bus	MATCHED	n10080756296	54.2	0.22	Hünzingen, Alte Schule	500,506,520,885	Ebbingen Kreuzung / Hünzingen Ortsmitte		LINESTRING(9.586129 52.905598,9.5859837 52.9060768)
1388	Walsrode	Hünzingen Alte Schule	de:03358:45604::2	52.905919	9.586132	bus	MATCHED	n2960364936	19.2	0.41	Hünzingen, Alte Schule	500,506,520,885	Ebbingen Kreuzung / Hünzingen Kolonie / Hünzingen Ortsmitte	Ebbingen, Kreuzung	LINESTRING(9.586132 52.905919,9.5860625 52.90608640000001)
1389	Walsrode	Hünzingen Höhe Grenzweg	de:03358:18663::1	52.906019	9.600797		MATCHED	n11461097019	16.9	0.37	Hünzingen, Höhe Grenzweg				LINESTRING(9.600797 52.906019,9.600577600000001 52.9060938)
1390	Walsrode	Hünzingen Kolonie	de:03358:45605::1	52.906281	9.599838	bus	NO_MATCH_BUT_OTHER_PLATFORM_MATCHED					520	Hünzingen Alte Schule		POINT(9.599838 52.906281)
1391	Walsrode	Hünzingen Kolonie	de:03358:45605::2	52.906276	9.599834	bus	MATCHED	n2982546615	32.7	0.3	Hünzingen, Kolonie	506,520	Cordingen Warnautal / Benefeld Walter-Christoph-Platz / Hünzingen Alte Schule / Hünzingen Alte Schule / Ebbingen Ortsmitte		LINESTRING(9.599834 52.906276,9.599435600000001 52.906108200000006)
1392	Walsrode	Hünzingen Ortsmitte	de:03358:45606::1	52.898038	9.590302	bus	MATCHED	n10080756292	42.5	0.25	Hünzingen, Ortsmitte	500,506,520,885	Benefeld Walter-Christoph-Platz / Dreikronen Kolonie / Dreikronen Ortsmitte / Hünzingen Alte Schule / Walsrode Vogelpark		LINESTRING(9.590302 52.898038,9.5902229 52.8984171)
1393	Walsrode	Hünzingen Ortsmitte	de:03358:45606::2	52.898275	9.590529	bus	MATCHED	n2960364933	20.2	0.4	Hünzingen, Ortsmitte	500,506,520,885	Dreikronen Ortsmitte / Cordingen Warnautal / Dreikronen Kolonie / Hünzingen Alte Schule	Hünzingen, Alte Schule	LINESTRING(9.590529 52.898275,9.5903168 52.8984037)
1394	Walsrode	Idsingen Brammer	de:03358:45902::1	52.901808	9.491913	bus	NO_MATCH_BUT_OTHER_PLATFORM_MATCHED					500	Idsingen Schmiede / Sieverdingen Ortsmitte		POINT(9.491913 52.901808)
1395	Walsrode	Idsingen Brammer	de:03358:45902::2	52.90615	9.48968	bus	MATCHED	n11062187637	8.5	0.59	Idsingen, Brammer	500	Fulde Gakenhof		LINESTRING(9.48968 52.90615,9.489803 52.906131)
1396	Walsrode	Idsingen Friedhof	de:03358:45903::1	52.905451	9.480034	bus	MATCHED	n3372941836	71.4	0.18	Idsingen, Friedhof	500	Idsingen Nr. 21		LINESTRING(9.480034 52.905451,9.481071100000001 52.90558600000001)
1397	Walsrode	Idsingen Friedhof	de:03358:45903::2	52.90563	9.48116	bus	MATCHED	n11062187633	6.2	0.65	Idsingen, Friedhof	500	Idsingen Schmiede		LINESTRING(9.48116 52.90563,9.481219900000001 52.9056724)
1398	Walsrode	Idsingen Nr. 21	de:03358:45904::1	52.903756	9.472495	bus	NO_MATCH_BUT_OTHER_PLATFORM_MATCHED					500	Hamwiede Ortsmitte / Hamwiede Ortsmitte		POINT(9.472495 52.903756)
1399	Walsrode	Idsingen Nr. 21	de:03358:45904::2	52.90376	9.47249	bus	MATCHED	n3372941834	23.9	0.35	Idsingen Nr. 21	500	Idsingen Friedhof		LINESTRING(9.47249 52.90376,9.472205200000001 52.903631000000004)
1400	Walsrode	Idsingen Schmiede	de:03358:45905::1	52.9075	9.488856	bus	MATCHED	n11062187635	31.1	0.31	Idsingen, Schmiede	500	Idsingen Friedhof		LINESTRING(9.488856 52.9075,9.4885196 52.907307900000006)
1401	Walsrode	Idsingen Schmiede	de:03358:45905::2	52.90719	9.48856	bus	MATCHED	n3372941835	6.2	0.65	Idsingen, Schmiede	500	Idsingen Brammer / Sieverdingen Ortsmitte		LINESTRING(9.48856 52.90719,9.4886189 52.9072328)
1402	Walsrode	Kastanienweg	de:03358:95766::1	52.850321	9.584252		MATCHED	n3010343684	12.9	0.43	Walsrode, Kastanienweg				LINESTRING(9.584252 52.850321,9.584408900000001 52.8502548)
1403	Walsrode	Kirchboitzen Abzw. Altenboitzen	de:03358:49485::1	52.826423	9.490825	bus	MATCHED	n11045453613	7.6	0.55	Kirchboitzen, Abzweig Altenboitzen	510,556	Klein Eilstorf Ortsmitte / Groß Eilstorf Abzw. Vethem / Kirchboitzen Kreuzung (Nord) / Kirchboitzen Schule / Kirchboitzen Kreuzung (Süd)		LINESTRING(9.490825 52.826423,9.4907123 52.8264172)
1404	Walsrode	Kirchboitzen Abzw. Altenboitzen	de:03358:49485::2	52.82658	9.49037	bus	MATCHED	n11045453612	12.4	0.46	Kirchboitzen, Abzweig Altenboitzen	510,556	Kirchboitzen Kreuzung (Süd) / Altenboitzen Ortsmitte / Kirchboitzen Schule / Kirchboitzen Arzt		LINESTRING(9.49037 52.82658,9.490548 52.826551300000006)
1405	Walsrode	Kirchboitzen Arzt	de:03358:20105::1	52.827479	9.492412	bus	NO_MATCH					556	Altenboitzen Schmalspurbahn-Bahnhof / Kirchboitzen Abzw. Altenboitzen		POINT(9.492412 52.827479)
1406	Walsrode	Kirchboitzen Arzt	de:03358:20105::2	52.827479	9.492412		NO_MATCH_AND_SEEMS_UNSERVED								POINT(9.492412 52.827479)
1407	Walsrode	Kirchboitzen Kreuzung (Nord)	de:03358:49486::1	52.831745	9.487896	bus	MATCHED	n3016622429	18.7	0.41	Kirchboitzen, Kreuzung (Nord)	510,550	Vethem Feuerwehr / Groß Eilstorf Abzw. Vethem / Kirchboitzen Schule / Vethem Feuerwehr / Klein Eilstorf Ortsmitte		LINESTRING(9.487896 52.831745,9.488094400000001 52.831862900000004)
1408	Walsrode	Kirchboitzen Kreuzung (Nord)	de:03358:49486::2	52.831745	9.487896		NO_MATCH_AND_SEEMS_UNSERVED								POINT(9.487896 52.831745)
1409	Walsrode	Kirchboitzen Kreuzung (Süd)	de:03358:49487::1	52.825129	9.489903	bus	NO_MATCH					500,510,550,556	Kirchboitzen Schule / Kirchboitzen Abzw. Altenboitzen / Südkampen Ortsmitte / Altenboitzen Ortsmitte / Schneeheide Denkmal / Walsrode Eckernworth / Walsrode Bahnhof / Schneeheide Ortsmitte / Groß Eilstorf Abzw. Vethem / Rethem(Aller) Schule / Vethem Feuerwehr		POINT(9.489903 52.825129)
1410	Walsrode	Kirchboitzen Kreuzung (Süd)	de:03358:49487::2	52.825129	9.489903		NO_MATCH_AND_SEEMS_UNSERVED								POINT(9.489903 52.825129)
1411	Walsrode	Kirchboitzen Ortsmitte	de:03358:49488::1	52.829218	9.489875	bus	NO_MATCH					402,510,550	Schneeheide Ortsmitte / Kirchboitzen Kreuzung (Nord) / Kirchboitzen Kreuzung (Süd) / Kirchboitzen Schule / Altenboitzen		POINT(9.489875 52.829218)
1412	Walsrode	Kirchboitzen Ortsmitte	de:03358:49488::2	52.826396	9.490304	bus	NO_MATCH					402	Nordkampen		POINT(9.490304 52.826396)
1413	Walsrode	Kirchboitzen Schule	de:03358:49489::1	52.827385	9.487017	bus	NO_MATCH_BUT_OTHER_PLATFORM_MATCHED					510,550	Kirchboitzen Kreuzung (Süd) / Walsrode Eckernworth / Kirchboitzen Abzw. Altenboitzen / Schneeheide Ortsmitte / Kirchboitzen Ortsmitte / Groß Eilstorf Abzw. Vethem / Vethem Feuerwehr / Kirchboitzen Abzw. Altenboitzen / Klein Eilstorf Ortsmitte / Altenboitzen Ortsmitte		POINT(9.487017 52.827385)
1414	Walsrode	Kirchboitzen Schule	de:03358:49489::2	52.827385	9.487017		MATCHED	n11784671533	5.5	0.62	Kirchboitzen, Schule				LINESTRING(9.487017 52.827385,9.4869786 52.8273409)
1415	Walsrode	Kirchboitzen Straßenkreuzung	de:03358:49490::1	52.830871	9.485561		MATCHED	n4070492427	60.2	0.11	Kirchboitzen, Kreuzung (Süd)				LINESTRING(9.485561 52.830871,9.4862482 52.831217200000005)
1416	Walsrode	Kirchplatz	de:03358:95767::1	52.860994	9.595546	bus	MATCHED	n2440044254	8.0	0.6	Walsrode, Kirchplatz	500,502,506,510,520,556	Walsrode Bahnhof / Walsrode Bahnhof / Walsrode Ostdeutsche Allee / Walsrode Bahnhof		LINESTRING(9.595546 52.860994,9.5956513 52.861027500000006)
1417	Walsrode	Kirchplatz	de:03358:95767::2	52.86098	9.595526	bus	NO_MATCH_BUT_OTHER_PLATFORM_MATCHED					502,511	Walsrode Bahnhof		POINT(9.595526 52.86098)
1418	Walsrode	Klein Eilstorf Ortsmitte	de:03358:50114::1	52.814388	9.477249	bus	MATCHED	n4579923410	52.3	0.22	Klein Eilstorf, Ortsmitte	510	Böhme Bahnhof / Altenboitzen Ortsmitte		LINESTRING(9.477249 52.814388,9.4766682 52.814700200000004)
1419	Walsrode	Klein Eilstorf Ortsmitte	de:03358:50114::2	52.81453	9.4772	bus	MATCHED	n3016696895	7.0	0.63	Klein Eilstorf, Ortsmitte	510,556	Altenboitzen Ortsmitte / Kirchboitzen Kreuzung (Süd) / Kirchboitzen Schule / Kirchboitzen Ortsmitte / Kirchboitzen Abzw. Altenboitzen		LINESTRING(9.4772 52.81453,9.4772786 52.8144891)
1420	Walsrode	Klein Eilstorf Schützenhaus	de:03358:20132::1	52.812779	9.473058	bus	NO_MATCH					556	Klein Eilstorf Ortsmitte		POINT(9.473058 52.812779)
1421	Walsrode	Krelingen Burnplatz	de:03358:51373::1	52.801906	9.663966	bus	MATCHED	n2907969397	32.4	0.3	Krelingen, Burnplatz	502	Krelingen Süd		LINESTRING(9.663966 52.801906,9.664418000000001 52.802004100000005)
1422	Walsrode	Krelingen Burnplatz	de:03358:51373::2	52.801895	9.66396	bus	NO_MATCH_BUT_OTHER_PLATFORM_MATCHED					502	Krelingen Gesterding		POINT(9.66396 52.801895)
1423	Walsrode	Krelingen Gesterding	de:03358:51374::1	52.804107	9.659074	bus	MATCHED	n2907969398	27.3	0.34	Krelingen, Gesterding	502	Krelingen Burnplatz		LINESTRING(9.659074 52.804107,9.6587657 52.8042656)
1424	Walsrode	Krelingen Gesterding	de:03358:51374::2	52.804107	9.659074	bus	MATCHED	n8308585270	129.4	0.12	Krelingen, Gesterding	502	Düshorn Mühlenstraße		LINESTRING(9.659074 52.804107,9.657316400000001 52.804573500000004)
1425	Walsrode	Krelingen Harmsheide	de:03358:51375::1	52.81562	9.654193		MATCHED	n9068695247	33.8	0.21	Krelingen, Harms Heide				LINESTRING(9.654193 52.81562,9.653859 52.8153932)
1426	Walsrode	Krelingen Harmsheide	de:03358:51375::2	52.815623	9.654198		MATCHED	n3010182466	51.2	0.16	Krelingen, Harms Heide				LINESTRING(9.654198 52.815623,9.6535992 52.8153391)
1427	Walsrode	Krelingen Süd	de:03358:51376::1	52.797651	9.664162	bus	MATCHED	n10096195290	9.7	0.56	Krelingen, Süd	502	Westenholz(Walsrode) Ortsmitte		LINESTRING(9.664162 52.797651,9.6640856 52.797725400000004)
1428	Walsrode	Krelingen Süd	de:03358:51376::2	52.797651	9.664162	bus	MATCHED	n2907969399	7.1	0.63	Krelingen, Süd	502	Krelingen Burnplatz		LINESTRING(9.664162 52.797651,9.664267 52.797652400000004)
1429	Walsrode	Lohbergs Kamp	de:03358:95768::1	52.859142	9.570296		MATCHED	n3780819078	91.6	0.1	Walsrode, Lohbergs Kamp				LINESTRING(9.570296 52.859142,9.571529100000001 52.8594899)
1430	Walsrode	Marktschule	de:03358:95769::1	52.863517	9.585335	bus	MATCHED	n2440046908	38.3	0.27	Walsrode, Marktschule	500	Walsrode Eckernworth / Walsrode Kirchplatz / Fulde Ortsende		LINESTRING(9.585335 52.863517,9.585331700000001 52.863172500000005)
1431	Walsrode	Marktschule	de:03358:95769::2	52.863521	9.585266	bus	NO_MATCH_BUT_OTHER_PLATFORM_MATCHED					506	Walsrode Bergstraße		POINT(9.585266 52.863521)
1432	Walsrode	Meinerdingen Spritzenhaus	de:03358:60201::1	52.858973	9.633659	bus	NO_MATCH					520	Honerdingen Grüner Weg		POINT(9.633659 52.858973)
1433	Walsrode	Meinerdingen Spritzenhaus	de:03358:60201::2	52.858985	9.633655	bus	NO_MATCH					520	Honerdingen Bahnhof / Honerdingen Grüner Weg		POINT(9.633655 52.858985)
1434	Walsrode	Messpunkt Walsrode	de:03358:61494::1	52.778575	9.669227		NO_MATCH_AND_SEEMS_UNSERVED								POINT(9.669227 52.778575)
1435	Walsrode	Messpunkt Walsrode-West	de:03358:61495::1	52.851508	9.557875		NO_MATCH_AND_SEEMS_UNSERVED								POINT(9.557875 52.851508)
1436	Walsrode	Moorstraße	de:03358:95770::1	52.861928	9.591898	bus	NO_MATCH_BUT_OTHER_PLATFORM_MATCHED					402,500,510,511,556	Walsrode Marktschule / Walsrode Hermann-Löns-Straße / Fulde Ortsende / Walsrode Eckernworth / Walsrode Bergstraße		POINT(9.591898 52.861928)
1437	Walsrode	Moorstraße	de:03358:95770::2	52.861908	9.5928	bus	MATCHED	n423178651	0.4	0.93	Walsrode, Moorstraße	506	Walsrode Marktschule		LINESTRING(9.5928 52.861908,9.592803100000001 52.8619111)
1438	Walsrode	Netto Marken Discount	de:03358:18635::1	52.865421	9.606208		NO_MATCH_AND_SEEMS_UNSERVED								POINT(9.606208 52.865421)
1439	Walsrode	Nordkampen	de:03358:18688::1	52.863903	9.433386	bus	NO_MATCH					402	Altenwahlingen Ortsmitte / Kirchboitzen Ortsmitte		POINT(9.433386 52.863903)
1440	Walsrode	Nordkampen Abzw. Südkampen	de:03358:68549::1	52.861751	9.428713	bus	MATCHED	n3372941833	17.3	0.43	Nordkampen, Abzw. Südkampen	500,510,550,556	Nordkampen Schmiede / Südkampen Ortsmitte		LINESTRING(9.428713 52.861751,9.428793500000001 52.8616029)
1441	Walsrode	Nordkampen Abzw. Südkampen	de:03358:68549::2	52.86213	9.42961	bus	MATCHED	n11045453611	9.1	0.57	Nordkampen, Abzw. Südkampen	500	Nordkampen Schmiede		LINESTRING(9.42961 52.86213,9.4295606 52.862053800000005)
1442	Walsrode	Nordkampen Mühle	de:03358:68550::1	52.857126	9.444909	bus	MATCHED	n3761400391	10.9	0.53	Nordkampen, Mühle	550,556	Kirchboitzen Kreuzung (Süd) / Vethem Ortsmitte / Groß Eilstorf Abzw. Vethem		LINESTRING(9.444909 52.857126,9.4448395 52.85703710000001)
1443	Walsrode	Nordkampen Schmiede	de:03358:68551::1	52.863815	9.434331	bus	MATCHED	n11045453607	85.3	0.16	Nordkampen, Schmiede	500,510,550,556	Hamwiede Ortsmitte / Groß Eilstorf Abzw. Vethem / Nordkampen Mühle		LINESTRING(9.434331 52.863815,9.4353032 52.8643062)
1444	Walsrode	Nordkampen Schmiede	de:03358:68551::2	52.86422	9.43532	bus	MATCHED	n3372941827	5.2	0.69	Nordkampen, Schmiede	500	Nordkampen Abzw. Südkampen		LINESTRING(9.43532 52.86422,9.435362300000001 52.8641809)
1445	Walsrode	Nordkampen Vorm Ebers	de:03358:20133::1	52.865835	9.427224	bus	NO_MATCH					556	Nordkampen Abzw. Südkampen		POINT(9.427224 52.865835)
1446	Walsrode	Oskar-Wolff-Straße	de:03358:20100::1	52.863257	9.581926	bus	NO_MATCH					556	Walsrode Grünenthal		POINT(9.581926 52.863257)
1447	Walsrode	Ostdeutsche Allee	de:03358:95771::1	52.864556	9.598579	bus	MATCHED	n2795082187	17.8	0.31	Walsrode, Schulzentrum	500,502,506,511,520	Walsrode Am Hellteich / Walsrode Moorstraße / Walsrode Bahnhof / Walsrode Bahnhof		LINESTRING(9.598579 52.864556,9.5985043 52.864709700000006)
1448	Walsrode	Ostdeutsche Allee	de:03358:95771::2	52.864556	9.598579	bus	MATCHED	n2440044253	63.0	0.2	Walsrode, Ostdeutsche Allee	502,510,511	Walsrode Bahnhof / Walsrode Saarstraße		LINESTRING(9.598579 52.864556,9.5989407 52.8650784)
1449	Walsrode	Owe	de:03358:95772::1	52.886317	9.429134		NO_MATCH_AND_SEEMS_UNSERVED								POINT(9.429134 52.886317)
1450	Walsrode	Platanenring	de:03358:95773::1	52.852366	9.577748		MATCHED	n3010337463	21.5	0.32	Walsrode, Platanenring				LINESTRING(9.577748 52.852366,9.5779713 52.852227400000004)
1451	Walsrode	Quintusstraße	de:03358:95774::1	52.866673	9.616784	bus	MATCHED	n3010323981	60.9	0.2	Walsrode, Quintusstraße	520	Walsrode Am Rosengarten		LINESTRING(9.616784 52.866673,9.615879600000001 52.8666898)
1452	Walsrode	Quintusstraße	de:03358:95774::2	52.86667	9.616787	bus	MATCHED	n2994393071	60.0	0.2	Walsrode, Quintusstraße	520	Honerdingen Bahnhof / Meinerdingen Spritzenhaus / Honerdingen Grüner Weg / Honerdingen Eichenkamp		LINESTRING(9.616787 52.86667,9.6159054 52.86659280000001)
1453	Walsrode	Raabestraße	de:03358:20098::1	52.868615	9.579032	bus	NO_MATCH					556	Walsrode Fritz-Reuter-Straße		POINT(9.579032 52.868615)
1454	Walsrode	Rathaus	de:03358:95775::1	52.86082	9.592707	bus	MATCHED	n2440045986	18.4	0.42	Walsrode, Rathaus	502,520,556	Walsrode Kirchplatz / Walsrode Hannoversche Straße		LINESTRING(9.592707 52.86082,9.5925752 52.8606746)
1455	Walsrode	Rathaus	de:03358:95775::2	52.860823	9.592716	bus	NO_MATCH_BUT_OTHER_PLATFORM_MATCHED					502	Walsrode Bahnhof		POINT(9.592716 52.860823)
1456	Walsrode	Rewe Ebbinger Straße	de:03358:20502::1	52.87163	9.583266	bus	MATCHED_THOUGH_OSM_NO_NAME	n9723751304	17.5	0.14		556	Walsrode Raabestraße		LINESTRING(9.583266 52.87163,9.583205600000001 52.871783300000004)
1457	Walsrode	Robert-Koch-Straße	de:03358:9118595::1	52.859835	9.587207	bus	MATCHED	n5786582400	82.8	0.08	Walsrode, Heide Klinikum	556	Walsrode Saarstraße		LINESTRING(9.587207 52.859835,9.586008900000001 52.8600044)
1458	Walsrode	Robert-Koch-Straße	de:03358:9118595::2	52.859835	9.587207		MATCHED	n5786582401	92.3	0.04	Walsrode, Heide Klinikum				LINESTRING(9.587207 52.859835,9.5859311 52.8601388)
1459	Walsrode	Rudolf-Diesel-Straße	de:03358:95776::1	52.865659	9.618165		MATCHED	n3010323982	23.0	0.3	Walsrode, Rudolf-Diesel-Straße				LINESTRING(9.618165 52.865659,9.618301 52.86546980000001)
1460	Walsrode	Rödershöfen Abzw	de:03358:79456::1	52.844695	9.616413	bus	MATCHED	n5021297335	10.6	0.51	Rödershöfen Abzw	502	Düshorn Ortsmitte		LINESTRING(9.616413 52.844695,9.6163766 52.8447873)
1461	Walsrode	Rödershöfen Abzw	de:03358:79456::2	52.844692	9.616401	bus	MATCHED	n2960393697	7.4	0.6	Rödershöfen Abzw	502	Walsrode Bahnhof		LINESTRING(9.616401 52.844692,9.6163659 52.8446294)
1462	Walsrode	Saarstraße	de:03358:95777::1	52.858138	9.59181	bus	NO_MATCH_BUT_OTHER_PLATFORM_MATCHED					502,556	Walsrode Kirchplatz / Walsrode Südschule / Walsrode Witternstraße		POINT(9.59181 52.858138)
1463	Walsrode	Saarstraße	de:03358:95777::2	52.85814	9.591818	bus	MATCHED	n2440048979	61.8	0.2	Walsrode, Saarstraße	502	Walsrode Albrecht-Thaer-Straße / Walsrode Kirchplatz / Walsrode Rathaus / Walsrode Südschule		LINESTRING(9.591818 52.85814,9.592441800000001 52.8585471)
1464	Walsrode	Schneeheide Abzw. A27 Park	de:03358:82144::1	52.849847	9.551812	bus	MATCHED	n4573288395	41.0	0.24	Schneeheide, Abzw. A27park	510	Altenboitzen Ortsmitte / Schneeheide THW / Schneeheide Denkmal		LINESTRING(9.551812 52.849847,9.5523039 52.850063600000006)
1465	Walsrode	Schneeheide Abzw. A27 Park	de:03358:82144::2	52.849632	9.551325	bus	NO_MATCH_BUT_OTHER_PLATFORM_MATCHED					510	Walsrode Eckernworth / Walsrode Verdener Straße 83		POINT(9.551325 52.849632)
1466	Walsrode	Schneeheide Brandstraße	de:03358:82145::1	52.85629	9.54247	bus	MATCHED	n3016622432	6.1	0.66	Schneeheide, Brandstraße	510	Schneeheide THW / Schneeheide Thran		LINESTRING(9.54247 52.85629,9.5424989 52.8563418)
1467	Walsrode	Schneeheide Denkmal	de:03358:82146::1	52.848271	9.546657	bus	NO_MATCH_BUT_OTHER_PLATFORM_MATCHED					510	Schneeheide Ortsmitte / Hollige Ortsmitte		POINT(9.546657 52.848271)
1468	Walsrode	Schneeheide Denkmal	de:03358:82146::2	52.84851	9.54699	bus	MATCHED	n3016622427	2.7	0.79	Schneeheide, Denkmal	510	Schneeheide Abzw. A27 Park / Schneeheide THW		LINESTRING(9.54699 52.84851,9.5469501 52.848509)
1469	Walsrode	Schneeheide Ortsmitte	de:03358:82147::1	52.843219	9.529392	bus	NO_MATCH_BUT_OTHER_PLATFORM_MATCHED					510	Kirchboitzen Kreuzung (Nord) / Schneeheide Schulstraße / Kirchboitzen Kreuzung (Süd)		POINT(9.529392 52.843219)
1470	Walsrode	Schneeheide Ortsmitte	de:03358:82147::2	52.84605	9.53887	bus	MATCHED	n13237601187	6.3	0.65	Schneeheide, Ortsmitte	510	Hollige Ortsmitte / Schneeheide Denkmal		LINESTRING(9.53887 52.84605,9.5388848 52.846105900000005)
1471	Walsrode	Schneeheide Schulstraße	de:03358:82148::1	52.84933	9.52654	bus	MATCHED	n3016622933	19.9	0.4	Schneeheide, Schulstraße	510	Kirchboitzen Kreuzung (Nord) / Walsrode Südschule / Schneeheide Thran / Kirchboitzen Kreuzung (Süd)		LINESTRING(9.52654 52.84933,9.5264513 52.8495002)
1472	Walsrode	Schneeheide THW	de:03358:82149::1	52.850424	9.551597	bus	MATCHED	n4573289890	36.8	0.28	Schneeheide, THW	510	Kirchboitzen Kreuzung (Nord) / Schneeheide Brandstraße		LINESTRING(9.551597 52.850424,9.5513597 52.8507224)
1473	Walsrode	Schneeheide Thran	de:03358:82150::1	52.846716	9.541145	bus	NO_MATCH					510	Schneeheide Schulstraße / Schneeheide Brandstraße		POINT(9.541145 52.846716)
1474	Walsrode	Schulzentrum	de:03358:95778::1	52.8654	9.596868		NO_MATCH_AND_SEEMS_UNSERVED								POINT(9.596868 52.8654)
1475	Walsrode	Schulzentrum	de:03358:95778::2	52.865406	9.596819		NO_MATCH_AND_SEEMS_UNSERVED								POINT(9.596819 52.865406)
1476	Walsrode	Seniorenheim Am Sunderpark	de:03358:20096::1	52.876121	9.596711	bus	NO_MATCH					556	Walsrode ver.di Bildungszentrum		POINT(9.596711 52.876121)
1477	Walsrode	Sieverdingen Ortsmitte	de:03358:84593::1	52.916016	9.504666	bus	MATCHED	n11276133969	61.0	0.2	Sieverdingen, Ortsmitte	500	Idsingen Schmiede		LINESTRING(9.504666 52.916016,9.503855100000001 52.91576980000001)
1478	Walsrode	Sieverdingen Ortsmitte	de:03358:84593::2	52.91573	9.504	bus	MATCHED	n3372941831	11.0	0.53	Sieverdingen, Ortsmitte	500	Fulde Ortsende / Idsingen Brammer / Stellichte Ortsmitte		LINESTRING(9.504 52.91573,9.5039171 52.9156448)
1479	Walsrode	Stellichte Abzw. Jeddingen	de:03358:87755::1	52.937533	9.520147	bus	MATCHED	n2943866570	73.6	0.18	Stellichte, Abzw. Jeddingen	884	Bleckwedel Dorfmitte	Zum Keenmoor / Stellichte, Ortsmitte	LINESTRING(9.520147 52.937533,9.5197797 52.936909500000006)
1480	Walsrode	Stellichte Abzw. Jeddingen	de:03358:87755::2	52.937567	9.520051	bus	NO_MATCH_BUT_OTHER_PLATFORM_MATCHED					884	Stellichte Ortsmitte		POINT(9.520051 52.937567)
1481	Walsrode	Stellichte Abzw. Walsrode	de:03358:87756::1	52.938103	9.531606	bus	MATCHED	n12229201331	42.1	0.41	Stellichte, Abzweig Walsrode	500	Stellichte Ortsmitte	Stellichte, Ortsmitte	LINESTRING(9.531606 52.938103,9.5309991 52.938010600000005)
1482	Walsrode	Stellichte Abzw. Walsrode	de:03358:87756::2	52.9381	9.531604	bus	MATCHED	n12229201332	42.3	0.23	Stellichte, Abzweig Walsrode	500,884	Sieverdingen Ortsmitte / Ebbingen Kreuzung / Ebbingen Ortsmitte / Wehnsen Dorfmitte / Stellichte Ortsmitte	Wehnsen, Dorfmitte	LINESTRING(9.531604 52.9381,9.5310339 52.9379379)
1483	Walsrode	Stellichte Gärtnerei	de:03358:87757::1	52.934599	9.533333		MATCHED	n2943866569	63.6	0.14	Stellichte, Gärtnerei				LINESTRING(9.533333 52.934599,9.5326543 52.934200100000005)
1484	Walsrode	Stellichte Ortsmitte	de:03358:87758::1	52.937102	9.526269	bus	MATCHED	n10080756303	162.4	0.23	Stellichte, Ortsmitte	500,884	Stellichte Abzw. Jeddingen / Sieverdingen Ortsmitte	Stellichte, Abzw. Jeddingen	LINESTRING(9.526269 52.937102,9.5238832 52.936869400000006)
1485	Walsrode	Stellichte Ortsmitte	de:03358:87758::2	52.937045	9.526294	bus	MATCHED	n2943866567	165.2	0.23	Stellichte, Ortsmitte	500,884	Stellichte Abzw. Walsrode	Stellichte, Abzweig Walsrode	LINESTRING(9.526294 52.937045,9.5238768 52.9367737)
1486	Walsrode	Sunderstraße/Dr. -Schomerus-Straße	de:03358:20095::1	52.867281	9.592835		NO_MATCH_AND_SEEMS_UNSERVED								POINT(9.592835 52.867281)
1487	Walsrode	Südkampen Friedhof	de:03358:9020002::1	52.84653	9.42203	bus	NO_MATCH					556	Nordkampen Vorm Ebers		POINT(9.42203 52.84653)
1488	Walsrode	Südkampen Ortsmitte	de:03358:89719::1	52.84632	9.424138	bus	MATCHED	n3372941829	111.5	0.13	Südkampen, Ortsmitte	500	Nordkampen Abzw. Südkampen / Vethem Blankemühlen		LINESTRING(9.424138 52.84632,9.4254447 52.846935)
1489	Walsrode	Südkampen Ortsmitte	de:03358:89719::2	52.84688	9.42544	bus	MATCHED	n12920189689	4.8	0.7	Südkampen, Ortsmitte	510,550,556	Nordkampen Abzw. Südkampen / Südkampen Friedhof		LINESTRING(9.42544 52.84688,9.425511100000001 52.8468863)
1490	Walsrode	Südschule	de:03358:95779::1	52.855329	9.589144	bus	NO_MATCH_BUT_OTHER_PLATFORM_MATCHED					500,502,506,510	Walsrode Benzer Winkel / Walsrode Kirchplatz / Walsrode Grünenthal / Walsrode Witternstraße / Walsrode Ostdeutsche Allee / Walsrode Eckernworth / Walsrode Albrecht-Thaer-Straße		POINT(9.589144 52.855329)
1491	Walsrode	Südschule	de:03358:95779::2	52.85533	9.589151	bus	MATCHED	n2960338509	32.9	0.3	Walsrode, Südschule	502,506	Walsrode Kirchplatz		LINESTRING(9.589151 52.85533,9.58937 52.8555944)
1492	Walsrode	Verdener Straße 83	de:03358:95780::1	52.852882	9.562049	bus	MATCHED_THOUGH_OSM_NO_NAME	n3010808412	8.8	0.22		510	Schneeheide Abzw. A27 Park		LINESTRING(9.562049 52.852882,9.5621319 52.8528206)
1493	Walsrode	Verdener Straße 83	de:03358:95780::2	52.85286	9.56175	bus	MATCHED_THOUGH_OSM_NO_NAME	n3010808413	12.9	0.19		510	Walsrode Grünenthal		LINESTRING(9.56175 52.85286,9.5619324 52.8528966)
1494	Walsrode	Vethem Blankemühlen	de:03358:93884::1	52.847229	9.450656	bus	MATCHED	n3761368329	55.4	0.21	Vethem, Blankemühlen	500	Vethem Ortsmitte		LINESTRING(9.450656 52.847229,9.4514638 52.8471357)
1495	Walsrode	Vethem Blankemühlen	de:03358:93884::2	52.8506	9.44756	bus	MATCHED	n9896174658	7.2	0.62	Vethem, Blankemühlen	500,510,550	Südkampen Ortsmitte / Südkampen Ortsmitte		LINESTRING(9.44756 52.8506,9.4476066 52.8506585)
1496	Walsrode	Vethem Feuerwehr	de:03358:93885::1	52.848921	9.463765	bus	MATCHED	n4577299672	2.5	0.8	Vethem, Feuerwehr	500,510,550	Vethem Ortsmitte / Kirchlinteln-Otersen Ludwigslust / Kirchboitzen Schule / Kirchboitzen Kreuzung (Süd)		LINESTRING(9.463765 52.848921,9.463742700000001 52.848938700000005)
1497	Walsrode	Vethem Feuerwehr	de:03358:93885::2	52.84909	9.46379	bus	MATCHED	n11045432100	34.6	0.29	Vethem, Feuerwehr	500,550,556	Vethem Ortsmitte		LINESTRING(9.46379 52.84909,9.4638728 52.8493967)
1498	Walsrode	Vethem Ortsmitte	de:03358:93886::1	52.851819	9.465117	bus	NO_MATCH_BUT_OTHER_PLATFORM_MATCHED					500,510,550	Vethem Feuerwehr / Vethem Blankemühlen		POINT(9.465117 52.851819)
1499	Walsrode	Vethem Ortsmitte	de:03358:93886::2	52.85303	9.46324	bus	MATCHED	n3372941828	11.2	0.53	Vethem, Ortsmitte	500,550,556	Vethem Blankemühlen / Südkampen Vethemer Weg		LINESTRING(9.46324 52.85303,9.4632252 52.8529296)
1500	Walsrode	Walsrode	de:03358:95752::1	52.865321	9.601109		MATCHED	w459277503	32.1	0.23	Walsrode				LINESTRING(9.601109 52.865321,9.601103007734979 52.8656096211725)
1501	Walsrode	Walsrode	de:03358:95752::3	52.865349	9.601261		MATCHED	w192549008	25.5	0.28	Walsrode			Hodenhagen	LINESTRING(9.601261 52.865349,9.601242521201176 52.8655775441058)
1502	Walsrode	Westenholz(Walsrode) Ortsmitte	de:03358:98290::1	52.772129	9.700046	bus	MATCHED	n3780780317	6.9	0.63	Westenholz (Walsrode), Ortsmitte	502	Ostenholz Schule		LINESTRING(9.700046 52.772129,9.700065500000001 52.77206820000001)
1503	Walsrode	Westenholz(Walsrode) Ortsmitte	de:03358:98290::2	52.772129	9.700046	bus	NO_MATCH_BUT_OTHER_PLATFORM_MATCHED					502	Krelingen Süd		POINT(9.700046 52.772129)
1504	Walsrode	Witternstraße	de:03358:95782::1	52.853711	9.596545	bus	MATCHED	n2057352333	18.1	0.42	Walsrode, Witternstraße	502	Beetenbrück Fuhrenkamp		LINESTRING(9.596545 52.853711,9.59676 52.8536136)
1505	Walsrode	Witternstraße	de:03358:95782::2	52.853702	9.59651	bus	MATCHED	n3010347802	1.7	0.85	Walsrode, Witternstraße	502,556	Walsrode Benzer Winkel / Walsrode Kirchplatz / Walsrode Saarstraße		LINESTRING(9.59651 52.853702,9.5964848 52.853702000000006)
1506	Walsrode	ver. di Bildungszentrum	de:03358:20097::1	52.873895	9.59338	bus	NO_MATCH					556	Weltvogelpark Walsrode		POINT(9.59338 52.873895)
1507	Walsrode	von Stolzenberg-Straße	de:03358:95783::1	52.859201	9.584136	bus	MATCHED	n3010337462	21.4	0.35	Walsrode, Von-Stolzenberg-Straße	556	Walsrode Robert-Koch-Straße		LINESTRING(9.584136 52.859201,9.584296 52.8590345)
1508	Walsrode	von Stolzenberg-Straße	de:03358:95783::2	52.859163	9.584061		MATCHED	n9700904992	56.6	0.13	von-Stolzenberg-Straße MVZ				LINESTRING(9.584061 52.859163,9.5842922 52.8586741)
1509	Wietzendorf	Bahnhof	de:03358:99531::1	52.918925	9.967374	bus	MATCHED	n2892556095	8.0	0.6	Wietzendorf, Bahnhof	355	Wietzendorf Ziegeleiweg		LINESTRING(9.967374 52.918925,9.9672975 52.918869900000004)
1510	Wietzendorf	Bahnhof	de:03358:99531::2	52.918957	9.967372	bus	MATCHED	n1226443406	2.5	0.8	Wietzendorf, Bahnhof	351,355	Wietzendorf Rathaus		LINESTRING(9.967372 52.918957,9.9674017 52.918970300000005)
1511	Wietzendorf	Bergen-Becklingen Gertrudenhof	de:03358:2714::1	52.888296	9.916872	bus	NO_MATCH					160	Becklingen(Bergen) Ortsmitte		POINT(9.916872 52.888296)
1512	Wietzendorf	Bockel(Wietzendorf) Abzw. Wietzendorf	de:03358:11043::1	52.912607	9.917733	bus	MATCHED	n2495979630	13.4	0.47	Bockel, B3 Abzw. Wietzendorf	351,355	Flottwedel Ort / Bockel(Wietzendorf) Ort		LINESTRING(9.917733 52.912607,9.9177584 52.9124879)
1513	Wietzendorf	Bockel(Wietzendorf) Abzw. Wietzendorf	de:03358:11043::2	52.912654	9.917725	bus	MATCHED	n2938355899	5.2	0.66	Bockel, B3 Abzw. Wietzendorf	355	Dehnernbockel 4c / Dehnernbockel Abzw. Dehnernbockel		LINESTRING(9.917725 52.912654,9.917661 52.912680800000004)
1514	Wietzendorf	Bockel(Wietzendorf) Ort	de:03358:11044::1	52.917976	9.946782	bus	MATCHED	n7693015086	18.0	0.42	Bockel, Ort	355	Bockel(Wietzendorf) Abzw. Wietzendorf		LINESTRING(9.946782 52.917976,9.946514800000001 52.917962900000006)
1515	Wietzendorf	Bockel(Wietzendorf) Ort	de:03358:11044::2	52.91795	9.946809	bus	MATCHED	n2495979633	10.5	0.54	Bockel, Ort	351,355	Wietzendorf Ziegeleiweg		LINESTRING(9.946809 52.91795,9.9466681 52.9179085)
1516	Wietzendorf	Dehnernbockel 4c	de:03358:19291::1	52.931145	9.906003	bus	NO_MATCH					351,355	Lührsbockel Laderampe / Lührsbockel Bahnhof		POINT(9.906003 52.931145)
1517	Wietzendorf	Dehnernbockel 4c	de:03358:19291::2	52.931138	9.905973	bus	NO_MATCH					355	Bockel(Wietzendorf) Abzw. Wietzendorf		POINT(9.905973 52.931138)
1518	Wietzendorf	Dehnernbockel Abzw. Dehnernbockel	de:03358:19290::1	52.929428	9.903857	bus	MATCHED	n7693009966	7.2	0.56	Dehnernbockel, B3 Abzw. Dehnernbockel	355	Lührsbockel B3 Abzw. Lührsbockel		LINESTRING(9.903857 52.929428,9.9038891 52.92949)
1519	Wietzendorf	Dehnernbockel Abzw. Dehnernbockel	de:03358:19290::2	52.929372	9.903804	bus	MATCHED	n2485608874	11.3	0.47	Dehnernbockel, B3 Abzw. Dehnernbockel	351,355	Bockel(Wietzendorf) Abzw. Wietzendorf / Wietzendorf Ziegenberg		LINESTRING(9.903804 52.929372,9.9036516 52.9294158)
1520	Wietzendorf	Dethlinger Weg	de:03358:99532::1	52.91882	9.984019		NO_MATCH_AND_SEEMS_UNSERVED								POINT(9.984019 52.91882)
1521	Wietzendorf	Dethlinger Weg	de:03358:99532::2	52.918796	9.984334	bus	MATCHED	n1226431724	3.9	0.74	Wietzendorf, Dethlinger Weg	355	Wietzendorf Hässtraße		LINESTRING(9.984334 52.918796,9.9843651 52.918766000000005)
1522	Wietzendorf	Flottwedel Ort	de:03358:27522::1	52.913631	9.932224	bus	MATCHED	n2495979636	123.2	0.12	Flottwedel, Ort	351	Bockel(Wietzendorf) Ort		LINESTRING(9.932224 52.913631,9.930473000000001 52.9133039)
1523	Wietzendorf	Halmern Ort	de:03358:35061::1	52.91436	10.03224	bus	MATCHED	n2495994768	15.4	0.45	Halmern, Ort	352	Reddingen Ort		LINESTRING(10.03224 52.91436,10.0324498 52.914416100000004)
1524	Wietzendorf	Hässtraße	de:03358:99533::1	52.922092	9.982328		NO_MATCH_AND_SEEMS_UNSERVED								POINT(9.982328 52.922092)
1525	Wietzendorf	Hässtraße	de:03358:99533::2	52.922157	9.982006	bus	MATCHED	n1226432896	14.1	0.47	Wietzendorf, Hässtraße	355	Wietzendorf Über der Brücke / Wietzendorf Bahnhof		LINESTRING(9.982006 52.922157,9.981826900000002 52.922223200000005)
1526	Wietzendorf	Kampstraße	de:03358:99534::1	52.917418	9.971557	bus	MATCHED	n2485640020	7.9	0.6	Wietzendorf, Kampstraße	351,352,355	Bockel(Wietzendorf) Ort / Klein Amerika(Wietzendorf) Nr. 137 / Wietzendorf Bahnhof / Wietzendorf Dethlinger Weg / Wietzendorf-Reiningen 1c		LINESTRING(9.971557 52.917418,9.9716047 52.917352900000004)
1527	Wietzendorf	Klein Amerika(Wietzendorf) Borchers	de:03358:50041::1	52.890524	9.935876	bus	MATCHED	n2495961303	12.5	0.5	Klein Amerika (Wietzendorf), Borchers	351	Wroge B 3/Abzw. Klein Amerika		LINESTRING(9.935876 52.890524,9.9359715 52.8904274)
1528	Wietzendorf	Klein Amerika(Wietzendorf) Nr. 137	de:03358:50042::1	52.901103	9.958924	bus	MATCHED	n2495961308	32.2	0.28	Klein Amerika (Wietzendorf), Nr 137	351,352	Klein Amerika(Wietzendorf) Nr. 85		LINESTRING(9.958924 52.901103,9.9589634 52.9013915)
1529	Wietzendorf	Klein Amerika(Wietzendorf) Nr. 85	de:03358:50043::1	52.89749	9.9539	bus	MATCHED	n2495961306	23.0	0.34	Klein Amerika (Wietzendorf), Nr 85	351	Klein Amerika(Wietzendorf) Prelle		LINESTRING(9.9539 52.89749,9.953759900000001 52.8973013)
1530	Wietzendorf	Klein Amerika(Wietzendorf) Prelle	de:03358:9000002::1	52.891419	9.945003	bus	MATCHED	n2495961304	15.2	0.46	Klein Amerika (Wietzendorf), Prelle	351	Klein Amerika(Wietzendorf) Borchers		LINESTRING(9.945003 52.891419,9.944865700000001 52.891311)
1531	Wietzendorf	Krepaubrücke	de:03358:99535::1	52.91565	9.976827	bus	MATCHED	n1226443409	50.1	0.23	Wietzendorf, Krepaubrücke	352	Wietzendorf Kampstraße		LINESTRING(9.976827 52.91565,9.976717800000001 52.9160958)
1532	Wietzendorf	Krepaubrücke	de:03358:99535::2	52.91573	9.97638		NO_MATCH_AND_SEEMS_UNSERVED								POINT(9.97638 52.91573)
1533	Wietzendorf	Königstraße	de:03358:89121::1	52.918621	9.974404		NO_MATCH_AND_SEEMS_UNSERVED								POINT(9.974404 52.918621)
1534	Wietzendorf	Lührsbockel B3 Abzw. Lührsbockel	de:03358:58316::1	52.939407	9.888418	bus	MATCHED	n2485608876	23.8	0.36	Lührsbockel, B3 Abzw. Lührsbockel	351,355	Bockel(Wietzendorf) Abzw. Wietzendorf / Bassel Bundesstraße 3 / Dehnernbockel Abzw. Dehnernbockel		LINESTRING(9.888418 52.939407,9.8886362 52.939238800000005)
1535	Wietzendorf	Lührsbockel B3 Abzw. Lührsbockel	de:03358:58316::2	52.939344	9.888206	bus	MATCHED	n2485608875	36.6	0.28	Lührsbockel, B3 Abzw. Lührsbockel	355	Dehnernbockel Abzw. Dehnernbockel		LINESTRING(9.888206 52.939344,9.8885489 52.939088600000005)
1536	Wietzendorf	Lührsbockel Bahnhof	de:03358:58317::1	52.940827	9.907865	bus	MATCHED	n2495961302	6.1	0.66	Lührsbockel, Bahnhof	351	Lührsbockel Ort		LINESTRING(9.907865 52.940827,9.9079101 52.9407792)
1537	Wietzendorf	Lührsbockel Laderampe	de:03358:58318::1	52.940842	9.909839	bus	MATCHED_THOUGH_OSM_NO_NAME	n12841118963	24.6	0.14		355	Dehnernbockel 4c		LINESTRING(9.909839 52.940842,9.9098577 52.941062800000005)
1538	Wietzendorf	Lührsbockel Laderampe	de:03358:58318::2	52.940821	9.909937	bus	MATCHED	n2506807600	27.1	0.34	Lührsbockel, Laderampe	355	Penzhorn Ortsmitte		LINESTRING(9.909937 52.940821,9.910029 52.941057900000004)
1539	Wietzendorf	Lührsbockel Ort	de:03358:58319::1	52.941444	9.897935	bus	MATCHED	n2495979637	24.7	0.36	Lührsbockel, Ort	351	Lührsbockel B3 Abzw. Lührsbockel		LINESTRING(9.897935 52.941444,9.8975837 52.9413799)
1540	Wietzendorf	Marbostel(Wietzendorf) Meyerhof	de:03358:59189::1	52.898914	9.983547	bus	MATCHED	n448448216	80.0	0.17	Marbostel (Wietzendorf) Meyerhof	352	Marbostel(Wietzendorf) Ort		LINESTRING(9.983547 52.898914,9.9835043 52.8981949)
1541	Wietzendorf	Marbostel(Wietzendorf) Meyerhof	de:03358:59189::2	52.89895	9.98373		NO_MATCH_AND_SEEMS_UNSERVED								POINT(9.98373 52.89895)
1542	Wietzendorf	Marbostel(Wietzendorf) Ort	de:03358:59190::1	52.891823	9.98382	bus	MATCHED	n2495997975	16.3	0.44	Marbostel (Wietzendorf), Ort	352	Wietzendorf-Rodehorst Ort		LINESTRING(9.98382 52.891823,9.9836609 52.89171270000001)
1543	Wietzendorf	Marbostel(Wietzendorf) Ort	de:03358:59190::2	52.89185	9.98401		NO_MATCH_AND_SEEMS_UNSERVED								POINT(9.98401 52.89185)
1544	Wietzendorf	Marbostel(Wietzendorf) Ort	de:03358:59190::3	52.891814	9.983756		NO_MATCH_AND_SEEMS_UNSERVED								POINT(9.983756 52.891814)
1545	Wietzendorf	Meinholz Nord	de:03358:60245::1	52.9461	9.981116	bus	MATCHED	n2506773416	16.4	0.44	Meinholz, Nord	355	Meinholz Ortsmitte		LINESTRING(9.981116 52.9461,9.9810687 52.945955000000005)
1546	Wietzendorf	Meinholz Nord	de:03358:60245::2	52.946221	9.981147	bus	MATCHED	n2892556098	31.0	0.31	Meinholz, Nord	355	Suroide Hexenreihe		LINESTRING(9.981147 52.946221,9.981287 52.945955100000006)
1547	Wietzendorf	Meinholz Ortsmitte	de:03358:60246::1	52.94338	9.982109	bus	MATCHED	n2485662041	10.8	0.53	Meinholz, Ortsmitte	355	Wietzendorf Ziegenberg		LINESTRING(9.982109 52.94338,9.982119200000001 52.943477200000004)
1548	Wietzendorf	Meinholz Ortsmitte	de:03358:60246::2	52.942931	9.982117	bus	MATCHED	n2485662040	6.3	0.65	Meinholz, Ortsmitte	355	Meinholz Nord		LINESTRING(9.982117 52.942931,9.9820464 52.9428934)
1549	Wietzendorf	Messpunkt Wietzendorf	de:03358:61511::1	52.923163	9.90982		NO_MATCH_AND_SEEMS_UNSERVED								POINT(9.90982 52.923163)
1550	Wietzendorf	Rathaus	de:03358:99536::1	52.918313	9.975287	bus	MATCHED	n1226443407	6.0	0.66	Wietzendorf, Rathaus	351,352,355	Wietzendorf Kampstraße / Wietzendorf Dethlinger Weg		LINESTRING(9.975287 52.918313,9.975197600000001 52.9183157)
1551	Wietzendorf	Rathaus	de:03358:99536::2	52.91838	9.97562		NO_MATCH_AND_SEEMS_UNSERVED								POINT(9.97562 52.91838)
1552	Wietzendorf	Reddingen Ort	de:03358:76108::1	52.911488	10.012028	bus	MATCHED	n2495994769	21.5	0.38	Reddingen, Ort	352	Marbostel(Wietzendorf) Meyerhof		LINESTRING(10.012028 52.911488,10.011708200000001 52.91148930000001)
1553	Wietzendorf	Reiningen 1c	de:03358:9205713::1	52.918282	10.069515	bus	MATCHED	n8588123584	5.9	0.66	Reiningen, 1c	352	Reiningen(Wietzendorf) Kreisel		LINESTRING(10.069515 52.918282,10.069428400000001 52.9182879)
1554	Wietzendorf	Reiningen(Wietzendorf) Kreisel	de:03358:106604::1	52.917469	10.053975	bus	MATCHED	n7693054090	29.8	0.32	Reiningen, Kreisel	352	Reiningen(Wietzendorf) Ort		LINESTRING(10.053975 52.917469,10.0535376 52.9175133)
1555	Wietzendorf	Reiningen(Wietzendorf) Ort	de:03358:76499::1	52.915264	10.050929	bus	MATCHED	n2495994767	13.7	0.48	Reiningen, Ort	352	Halmern Ort		LINESTRING(10.050929 52.915264,10.0510187 52.915374400000005)
1556	Wietzendorf	Rodehorst Ort	de:03358:99541::1	52.879713	9.983563	bus	MATCHED	n2495997976	13.7	0.48	Rodehorst (Wietzendorf), Ort	352	Wietzendorf Krepaubrücke / Klein Amerika(Wietzendorf) Nr. 137		LINESTRING(9.983563 52.879713,9.9835215 52.8798332)
1557	Wietzendorf	Rodehorst Ort	de:03358:99541::2	52.87986	9.9833		NO_MATCH_AND_SEEMS_UNSERVED								POINT(9.9833 52.87986)
1558	Wietzendorf	Schwarze Horst	de:03358:99537::1	52.930983	9.980655		NO_MATCH_AND_SEEMS_UNSERVED								POINT(9.980655 52.930983)
1559	Wietzendorf	Suroide Hexenreihe	de:03358:89317::1	52.953498	9.97591	bus	MATCHED	n2485662042	39.1	0.27	Suroide, Hexenreihe	355	Meinholz Nord		LINESTRING(9.97591 52.953498,9.9759547 52.953147300000005)
1560	Wietzendorf	Suroide Hexenreihe	de:03358:89317::2	52.953743	9.97584	bus	MATCHED	n2485662043	6.0	0.66	Suroide, Hexenreihe	355	Suroide Ort		LINESTRING(9.97584 52.953743,9.975912600000001 52.95371110000001)
1561	Wietzendorf	Suroide Ort	de:03358:89318::1	52.965063	9.972082	bus	MATCHED	n2892556406	6.6	0.64	Suroide, Ort	355	Suroide Hexenreihe		LINESTRING(9.972082 52.965063,9.9721717 52.96503980000001)
1562	Wietzendorf	Suroide Ort	de:03358:89318::2	52.96483	9.97227	bus	MATCHED	n2892556090	19.7	0.4	Suroide, Ort	355	Brümmerhof(Soltau) Ort		LINESTRING(9.97227 52.96483,9.9720565 52.9649512)
1563	Wietzendorf	Südseecamp	de:03358:9032113::1	52.931397	9.964712		NO_MATCH_AND_SEEMS_UNSERVED								POINT(9.964712 52.931397)
1564	Wietzendorf	Wroge B 3/Abzw. Klein Amerika	de:03358:8474::1	52.888692	9.918217	bus	MATCHED	n2495961307	60.0	0.17	B3, Abzw. Klein Amerika	351	Wroge Ort		LINESTRING(9.918217 52.888692,9.9174589 52.8884077)
1565	Wietzendorf	Wroge Ort	de:03358:101840::1	52.901	9.91905	bus	MATCHED	n2485169129	20.0	0.4	Wroge, Ort	351	Dehnernbockel 4c / Bockel(Wietzendorf) Abzw. Wietzendorf		LINESTRING(9.91905 52.901,9.919060100000001 52.9008205)
1566	Wietzendorf	Ziegeleiweg	de:03358:99538::1	52.918947	9.958722	bus	MATCHED	n2495979638	19.6	0.4	Wietzendorf, Ziegeleiweg	355	Bockel(Wietzendorf) Ort / Tetendorf Ort		LINESTRING(9.958722 52.918947,9.9584504 52.918882100000005)
1567	Wietzendorf	Ziegeleiweg	de:03358:99538::2	52.918979	9.958618	bus	MATCHED	n2495979634	2.9	0.78	Wietzendorf, Ziegeleiweg	351,355	Wietzendorf Bahnhof		LINESTRING(9.958618 52.918979,9.958581200000001 52.918993300000004)
1568	Wietzendorf	Ziegenberg	de:03358:99539::1	52.92944	9.980327	bus	MATCHED	n2892556097	4.1	0.73	Wietzendorf, Ziegenberg	355	Meinholz Ortsmitte		LINESTRING(9.980327 52.92944,9.9803379 52.929403400000005)
1569	Wietzendorf	Ziegenberg	de:03358:99539::2	52.929266	9.98018	bus	MATCHED	n1226433291	1.3	0.87	Wietzendorf, Ziegenberg	355	Wietzendorf Über der Brücke		LINESTRING(9.98018 52.929266,9.980193900000002 52.9292577)
1570	Wietzendorf	Über der Brücke	de:03358:99540::1	52.923127	9.979003	bus	MATCHED	n2892556404	68.2	0.19	Wietzendorf, Über der Brücke	355	Wietzendorf Ziegenberg		LINESTRING(9.979003 52.923127,9.9789591 52.9237395)
1571	Wietzendorf	Über der Brücke	de:03358:99540::2	52.923246	9.978861	bus	MATCHED	n2506785307	26.4	0.34	Wietzendorf, Über der Brücke	355	Wietzendorf Rathaus		LINESTRING(9.978861 52.923246,9.9791386 52.923414300000005)
