	Ortsteil	Haltestelle	globaleID	lat	lon	mode	match_state	osm_id	distance	rating	osm_name	routes	official_direction	osm_direction	WKT
0	Karlsruhe	Adam-Remmele-Schule	de:08212:91000:0:1	48.999697	8.34057		NO_MATCH_AND_SEEMS_UNSERVED								POINT(8.34057 48.999697)
1	Karlsruhe	Albtalbahnhof	de:08212:1201:12:12	48.993909	8.39552		MATCHED	w111792050	12.3	0.43	Albtalbahnhof (Steig B)				LINESTRING(8.39552 48.993909,8.395405547658315 48.993828051384874)
2	Karlsruhe	Albtalbahnhof	de:08212:1201:12:B	48.993909	8.39552		MATCHED	n13026610755	14.9	0.25	Albtalbahnhof Steig A				LINESTRING(8.39552 48.993909,8.3954871 48.9937771)
3	Karlsruhe	Albtalbahnhof	de:08212:1201:1:1	48.993562	8.39596	tram	MATCHED	n2931020703	10.6	1.0	Albtalbahnhof			Forchheim / Karlsruhe West / Wörth (Rhein)	LINESTRING(8.39596 48.993562,8.3959825 48.9936561)
4	Karlsruhe	Albtalbahnhof	de:08212:1201:1:9	48.992565	8.395861	tram	NO_MATCH_AND_SEEMS_UNSERVED								POINT(8.395861 48.992565)
5	Karlsruhe	Albtalbahnhof	de:08212:1201:23:23	48.992471	8.393265		NO_MATCH_AND_SEEMS_UNSERVED								POINT(8.393265 48.992471)
6	Karlsruhe	Albtalbahnhof	de:08212:1201:23:C	48.992471	8.393265		NO_MATCH_AND_SEEMS_UNSERVED								POINT(8.393265 48.992471)
7	Karlsruhe	Albtalbahnhof	de:08212:1201:2:A	48.993833	8.39552	bus	MATCHED	w149580820	7.3	0.61	Albtalbahnhof (Steig A)	52,ALT52	Karlsruhe Stephanienbad	Stephanienbad	LINESTRING(8.39552 48.993833,8.395451991912674 48.99378511146465)
8	Karlsruhe	Albtalbahnhof	de:08212:1201:2:B	48.993915	8.395529	bus	MATCHED	n13026610756	19.2	0.28	Albtalbahnhof Steig B				LINESTRING(8.395529 48.993915,8.395331800000001 48.993801100000006)
9	Karlsruhe	Albtalbahnhof	de:08212:1201:2:C	48.993921	8.395475	bus	MATCHED	w111792053	1.8	0.82	Albtalbahnhof				LINESTRING(8.395475 48.993921,8.395454377878314 48.993912107581274)
10	Karlsruhe	Albtalbahnhof	de:08212:1201:2:D	48.99401	8.395574	bus	NO_MATCH_AND_SEEMS_UNSERVED								POINT(8.395574 48.99401)
11	Karlsruhe	Albtalbahnhof	de:08212:1201:33:C	48.992719	8.393463		NO_MATCH_AND_SEEMS_UNSERVED								POINT(8.393463 48.992719)
12	Karlsruhe	Albtalbahnhof	de:08212:1201:34:D	48.99319	8.39711	bus	NO_MATCH_AND_SEEMS_UNSERVED								POINT(8.39711 48.99319)
13	Karlsruhe	Albtalbahnhof	de:08212:1201:3:2	48.993862	8.396077	tram	MATCHED	n2931020702	24.2	1.0	Albtalbahnhof			Bahnhofsvorplatz	LINESTRING(8.396077 48.993862,8.3960348 48.9936464)
14	Karlsruhe	Albtalbahnhof	de:08212:1201:3:3	48.99352	8.396104	tram	MATCHED	n2931020701	3.7	1.0	Albtalbahnhof			Dammerstock / Ettlingen Wasen	LINESTRING(8.396104 48.99352,8.396117 48.9935521)
15	Karlsruhe	Albtalbahnhof	de:08212:1201:4:4	48.993862	8.396212	tram	MATCHED	n2931020704	18.0	1.0	Albtalbahnhof			Bahnhofsvorplatz / Ebertstraße	LINESTRING(8.396212 48.993862,8.3961945 48.993700600000004)
16	Karlsruhe	Albtalbahnhof	de:08212:1201:5:52	48.99319	8.39711	bus	NO_MATCH_AND_SEEMS_UNSERVED								POINT(8.39711 48.99319)
17	Karlsruhe	Albtalbf Abstellung	de:08212:41027:0:1	48.992512	8.395852		NO_MATCH_AND_SEEMS_UNSERVED								POINT(8.395852 48.992512)
18	Karlsruhe	Allianz	de:08212:91022:0:1	49.004394	8.381668		NO_MATCH_AND_SEEMS_UNSERVED								POINT(8.381668 49.004394)
19	Karlsruhe	Am Kanalweg	de:08212:7304:0:1	49.030646	8.39552	bus	MATCHED	w460399787	9.4	0.7	Am Kanalweg	73	Karlsruhe Weißes Haus	Weißes Haus	LINESTRING(8.39552 49.030646,8.395569972967634 49.0305682528532)
20	Karlsruhe	Am Kanalweg	de:08212:7304:0:2	49.030305	8.395412	bus	MATCHED	w460399784	9.6	0.7	Am Kanalweg	73	Karlsruhe Schützenhaus	Schützenhaus	LINESTRING(8.395412 49.030305,8.395352109053466 49.0303813510555)
21	Karlsruhe	Am Kanalweg	de:08212:7304:0:3	49.030092	8.394972		MATCHED	n59860772	43.6	0.19	Am Kanalweg				LINESTRING(8.394972 49.030092,8.3953824 49.0303763)
22	Karlsruhe	Andreas-Hofer-Straße	de:08212:6012:0:1	49.002909	8.360728	bus	MATCHED	n26004195	4.4	0.81	Andreas-Hofer-Straße	60	Karlsruhe Westbahnhof	Westbahnhof	LINESTRING(8.360728 49.002909,8.3607782 49.002888000000006)
23	Karlsruhe	Andreas-Hofer-Straße	de:08212:6012:0:2	49.00295	8.360701	bus	MATCHED	n26004192	3.2	0.85	Andreas-Hofer-Straße	60	Karlsruhe Sinner	Sinner (Zeppelinstr.)	LINESTRING(8.360701 49.00295,8.3606617 49.0029629)
24	Karlsruhe	Anwaltsverein	de:08212:91049:0:1	49.000611	8.367115		NO_MATCH_AND_SEEMS_UNSERVED								POINT(8.367115 49.000611)
25	Karlsruhe	Arbeitsagentur	de:08212:64:1:1	49.003917	8.386492	tram	MATCHED	n26043042	34.7	1.0	Arbeitsagentur	2,NL2	Karlsruhe Lessingstraße / Karlsruhe Otto-Sachs-Straße	Lessingstraße / Otto-Sachs-Straße	LINESTRING(8.386492 49.003917,8.3864705 49.003605300000004)
26	Karlsruhe	Arbeitsagentur	de:08212:64:21:21	49.003092	8.386564	bus	NO_MATCH_BUT_OTHER_PLATFORM_MATCHED					SEV 14	Karlsruhe Europaplatz		POINT(8.386564 49.003092)
27	Karlsruhe	Arbeitsagentur	de:08212:64:22:22	49.003398	8.386258	bus	NO_MATCH_BUT_OTHER_PLATFORM_MATCHED					SEV 14	Beiertheim West		POINT(8.386258 49.003398)
28	Karlsruhe	Arbeitsagentur	de:08212:64:23:23	49.002166	8.386887	bus	NO_MATCH_AND_SEEMS_UNSERVED								POINT(8.386887 49.002166)
29	Karlsruhe	Arbeitsagentur	de:08212:64:2:2	49.003245	8.386384	tram	MATCHED	n1126996184	2.8	1.0	Arbeitsagentur	2,NL2	Karlsruhe ZKM	ZKM	LINESTRING(8.386384 49.003245,8.386394600000001 49.0032695)
30	Karlsruhe	Augartenstraße	de:08212:74:0:11	49.000233	8.4032	bus	NO_MATCH_AND_SEEMS_UNSERVED								POINT(8.4032 49.000233)
31	Karlsruhe	Augartenstraße	de:08212:74:0:21	48.998966	8.403371	bus	NO_MATCH_AND_SEEMS_UNSERVED								POINT(8.403371 48.998966)
32	Karlsruhe	Augartenstraße	de:08212:74:11:11	48.998884	8.403425	bus	NO_MATCH_AND_SEEMS_UNSERVED								POINT(8.403425 48.998884)
33	Karlsruhe	Augartenstraße	de:08212:74:12:12	48.999591	8.403407	bus	NO_MATCH_AND_SEEMS_UNSERVED								POINT(8.403407 48.999591)
34	Karlsruhe	Augartenstraße	de:08212:74:1:1	48.998471	8.403713	tram	MATCHED	n12529534380	1.0	1.0	Augartenstraße	2,NL2	Karlsruhe Poststraße	Poststraße	LINESTRING(8.403713 48.998471,8.403723600000001 48.9984765)
35	Karlsruhe	Augartenstraße	de:08212:74:2:2	48.99896	8.40356	tram	MATCHED	n12529534379	1.3	1.0	Augartenstraße	2,NL2	Karlsruhe Kongresszentrum (U)	Kongresszentrum (U)	LINESTRING(8.40356 48.99896,8.4035699 48.9989506)
36	Karlsruhe	Augartenstraße	de:08212:74:91:1	48.998312	8.403784	tram	MATCHED	n7683568908	5.9	1.0	Augartenstraße			Poststraße	LINESTRING(8.403784 48.998312,8.4037704 48.9983641)
37	Karlsruhe	Augartenstraße	de:08212:74:92:2	48.999131	8.403479	tram	MATCHED	n7683568910	9.1	1.0	Augartenstraße			Kongresszentrum (U)	LINESTRING(8.403479 48.999131,8.4035261 48.999055500000004)
38	Karlsruhe	August-Bebel-Straße	de:08212:1104:11:11	49.024338	8.375362	bus	MATCHED	n418340781	7.2	0.61	August-Bebel-Straße	74	Karlsruhe Stresemannstraße	Stresemannstraße	LINESTRING(8.375362 49.024338,8.3754451 49.024304)
39	Karlsruhe	August-Bebel-Straße	de:08212:1104:1:1	49.024161	8.375784	tram	MATCHED	n25345184	16.0	1.0	August-Bebel-Straße			Kurt-Schumacher-Straße	LINESTRING(8.375784 49.024161,8.3757698 49.0240172)
40	Karlsruhe	August-Bebel-Straße	de:08212:1104:22:22	49.024273	8.375047		NO_MATCH_AND_SEEMS_UNSERVED								POINT(8.375047 49.024273)
41	Karlsruhe	August-Bebel-Straße	de:08212:1104:2:2	49.023919	8.375703	tram	MATCHED	n1744261971	5.8	1.0	August-Bebel-Straße			Knielinger Allee/Städtisches Klinikum	LINESTRING(8.375703 49.023919,8.375718 49.0239701)
42	Karlsruhe	Ausfahrt über Gl. 22	de:08212:9022:2:2	49.007812	8.433123	tram	NO_MATCH					E	KA Tullastraße/Alter Schlachthof		POINT(8.433123 49.007812)
43	Karlsruhe	Ausfahrt über Gl. 44	de:08212:9044:1:1	49.006527	8.434076	tram	NO_MATCH					E	KA Tullastraße/Alter Schlachthof		POINT(8.434076 49.006527)
44	Karlsruhe	BH-Fremd	de:08212:999:0:A	48.997045	8.446454	bus	NO_MATCH_AND_SEEMS_UNSERVED								POINT(8.446454 48.997045)
45	Karlsruhe	BH-Fremd	de:08212:999:0:E	48.996845	8.446347	bus	NO_MATCH_AND_SEEMS_UNSERVED								POINT(8.446347 48.996845)
46	Karlsruhe	BHT (Bus)	de:08212:9000:0:A	49.006704	8.433626	tram	NO_MATCH_AND_SEEMS_UNSERVED								POINT(8.433626 49.006704)
47	Karlsruhe	BHT (Bus)	de:08212:9000:0:BA	49.006857	8.433743	bus	NO_MATCH_AND_SEEMS_UNSERVED								POINT(8.433743 49.006857)
48	Karlsruhe	BHT (Bus)	de:08212:9000:0:BE	49.007323	8.432423	bus	NO_MATCH_AND_SEEMS_UNSERVED								POINT(8.432423 49.007323)
49	Karlsruhe	BHT (Bus)	de:08212:9000:0:E	49.006733	8.433635	tram	NO_MATCH_AND_SEEMS_UNSERVED								POINT(8.433635 49.006733)
50	Karlsruhe	Bannwaldallee	de:08212:606:1:1	48.995153	8.372388	tram	MATCHED	n1717771246	10.8	1.0	Bannwaldallee	4,E,NL2	Karlsruhe Hardecksiedlung	Hardecksiedlung	LINESTRING(8.372388 48.995153,8.3722776 48.995088700000004)
51	Karlsruhe	Bannwaldallee	de:08212:606:2:2	48.995289	8.372757	tram	MATCHED	n1717771258	0.8	1.0	Bannwaldallee	4,E,NL2	KA Europahalle/Europabad	Europahalle/Europabad	LINESTRING(8.372757 48.995289,8.3727655 48.995284700000006)
52	Karlsruhe	Barbaraweg	de:08212:7019:0:1	49.023967	8.365884	bus	MATCHED	n335974931	2.7	0.87	Barbaraweg	70,ALT70,NL17	Karlsruhe Hertzstraße	Hertzstraße	LINESTRING(8.365884 49.023967,8.365896300000001 49.0239898)
53	Karlsruhe	Barbaraweg	de:08212:7019:0:2	49.023967	8.366037	bus	MATCHED	n335974933	54.0	0.39	Barbaraweg	70	Karlsruhe Madenburgweg	Madenburgweg	LINESTRING(8.366037 49.023967,8.366075 49.0234819)
54	Karlsruhe	Barbarossaplatz	de:08212:5003:11:11	48.99431	8.390076	bus	MATCHED	n633786294	4.3	0.8	Barbarossaplatz	50,51	Karlsruhe Gebhardstraße	Gebhardstraße	LINESTRING(8.390076 48.99431,8.3900475 48.994275800000004)
55	Karlsruhe	Barbarossaplatz	de:08212:5003:11:13	48.994281	8.390085		NO_MATCH_AND_SEEMS_UNSERVED								POINT(8.390085 48.994281)
56	Karlsruhe	Barbarossaplatz	de:08212:5003:12:12	48.994587	8.390175	bus	MATCHED	n633786295	5.0	0.79	Barbarossaplatz	50,51,ALT50	Karlsruhe Ebertstraße	Ebertstraße	LINESTRING(8.390175 48.994587,8.3902373 48.9945687)
57	Karlsruhe	Barbarossaplatz	de:08212:5003:1:1	48.995006	8.388836	tram	MATCHED	n19115753	39.0	1.0	Barbarossaplatz	2,NL2	Karlsruhe Welfenstraße	Welfenstraße	LINESTRING(8.388836 48.995006,8.3893646 48.994963500000004)
58	Karlsruhe	Barbarossaplatz	de:08212:5003:21:21	48.995041	8.389618		NO_MATCH_AND_SEEMS_UNSERVED								POINT(8.389618 48.995041)
59	Karlsruhe	Barbarossaplatz	de:08212:5003:22:22	48.994805	8.389789		NO_MATCH_AND_SEEMS_UNSERVED								POINT(8.389789 48.994805)
60	Karlsruhe	Barbarossaplatz	de:08212:5003:23:23	48.995041	8.389618		NO_MATCH_AND_SEEMS_UNSERVED								POINT(8.389618 48.995041)
61	Karlsruhe	Barbarossaplatz	de:08212:5003:23:C	48.995059	8.389411	bus	NO_MATCH_BUT_OTHER_PLATFORM_MATCHED					50,51	Karlsruhe Welfenstraße		POINT(8.389411 48.995059)
62	Karlsruhe	Barbarossaplatz	de:08212:5003:24:24	48.994805	8.389789		NO_MATCH_AND_SEEMS_UNSERVED								POINT(8.389789 48.994805)
63	Karlsruhe	Barbarossaplatz	de:08212:5003:24:D	48.994829	8.389519		NO_MATCH_AND_SEEMS_UNSERVED								POINT(8.389519 48.994829)
64	Karlsruhe	Barbarossaplatz	de:08212:5003:25:E	48.995041	8.390983		NO_MATCH_AND_SEEMS_UNSERVED								POINT(8.390983 48.995041)
65	Karlsruhe	Barbarossaplatz	de:08212:5003:25:G	48.995076	8.391037	bus	NO_MATCH_AND_SEEMS_UNSERVED								POINT(8.391037 48.995076)
66	Karlsruhe	Barbarossaplatz	de:08212:5003:2:2	48.9949	8.389896	tram	MATCHED	n1604255208	0.3	1.0	Barbarossaplatz	2,NL2	Karlsruhe Ebertstraße	Ebertstraße	LINESTRING(8.389896 48.9949,8.389898200000001 48.9949023)
67	Karlsruhe	Beiertheim Grundschule	de:08212:91028:0:1	48.992996	8.386788		NO_MATCH_AND_SEEMS_UNSERVED								POINT(8.386788 48.992996)
68	Karlsruhe	Beiertheim West	de:08212:6217:0:1	48.994623	8.382683	bus	MATCHED	w157718220	6.6	0.76	Beiertheim West	50,51,62,ALT62,SEV 14	Karlsruhe Arbeitsagentur / Karlsruhe Welfenstraße / Karlsruhe Welfenstraße	Welfenstraße	LINESTRING(8.382683 48.994623,8.382694700000002 48.994564350000005)
69	Karlsruhe	Beiertheim West	de:08212:6217:0:2	48.995106	8.382611	bus	MATCHED	w157718216	7.3	0.74	Beiertheim West	50,51,62,SEV 14	Oberreut Badeniaplatz / Karlsruhe Landgrabenstraße / Karlsruhe Windeckstraße / Bulach West	Windeckstraße	LINESTRING(8.382611 48.995106,8.382634 48.995169450000006)
70	Karlsruhe	Beiertheim West	de:08212:6217:0:3	48.995648	8.382126		NO_MATCH_AND_SEEMS_UNSERVED								POINT(8.382126 48.995648)
71	Karlsruhe	Belchenplatz	de:08212:5205:0:1	48.982296	8.390364	bus	MATCHED	n392129728	6.9	0.75	Belchenplatz	52,ALT52	Karlsruhe Links der Alb	Links der Alb	LINESTRING(8.390364 48.982296,8.3903126 48.98234780000001)
72	Karlsruhe	Belchenplatz	de:08212:5205:0:2	48.982456	8.3904	bus	MATCHED	n392129729	3.4	0.84	Belchenplatz	52,ALT52	Karlsruhe Weiherhof	Weiherhof	LINESTRING(8.3904 48.982456,8.3904441 48.982447)
73	Karlsruhe	Benzstraße	de:08212:5515:0:1	49.000599	8.366019	bus	MATCHED	n4017143281	5.0	0.79	Benzstraße	55	Karlsruhe Liststraße	Liststraße	LINESTRING(8.366019 49.000599,8.3660777 49.0006227)
74	Karlsruhe	Benzstraße	de:08212:5515:0:2	49.002661	8.364492		NO_MATCH_AND_SEEMS_UNSERVED								POINT(8.364492 49.002661)
75	Karlsruhe	Bergstation (240m)	de:08212:90002	48.997275	8.485127		MATCHED_AMBIGUOUSLY	w371970609	11.5	0.14					LINESTRING(8.485127 48.997275,8.4850225 48.99735235)
76	Karlsruhe	Bergstation (240m)	de:08212:90002	48.997275	8.485127		MATCHED_AMBIGUOUSLY	n6267113763	62.9	0.08	Aussichtsplattform Turmberg			Karlsburg	LINESTRING(8.485127 48.997275,8.4858688 48.997562)
77	Karlsruhe	Bergstation (240m)	de:08212:90002	48.997275	8.485127		MATCHED_AMBIGUOUSLY	w371970607	10.9	0.15					LINESTRING(8.485127 48.997275,8.48500645 48.99733285000001)
78	Karlsruhe	Bergwald Bergwaldschule	de:08212:4415:0:1	48.971235	8.46787	bus	MATCHED	n2505961534	3.2	0.81	Bergwaldschule	24	Hohenwettersb. Taglöhnergärten	Taglöhnergärten	LINESTRING(8.46787 48.971235,8.4678343 48.971217900000006)
79	Karlsruhe	Bergwald Elsa-Brändström-Str. 	de:08212:4414:0:1	48.972344	8.461878	bus	MATCHED	n2505961536	5.8	0.68	Elsa-Brändström-Straße	24	Bergwald Bergwaldschule	Bergwaldschule	LINESTRING(8.461878 48.972344,8.4618593 48.972293500000006)
80	Karlsruhe	Bergwald Fridtjof-Nansen-Str. 	de:08212:4412:0:1	48.971996	8.469748	bus	MATCHED	n2505961537	7.6	0.59	Fridtjof-Nansen-Straße	24	Bergwald Hooverstraße	Hooverstraße	LINESTRING(8.469748 48.971996,8.4697738 48.9719294)
81	Karlsruhe	Bergwald Grundschule	de:08212:91029:0:1	48.971282	8.467816		NO_MATCH_AND_SEEMS_UNSERVED								POINT(8.467816 48.971282)
82	Karlsruhe	Bergwald Heinrich-Weitz-Straße	de:08212:4416:0:1	48.973611	8.465696	bus	NO_MATCH_AND_SEEMS_UNSERVED								POINT(8.465696 48.973611)
83	Karlsruhe	Bergwald Hooverstraße	de:08212:4413:0:1	48.974107	8.464106	bus	MATCHED	n2505961539	5.6	0.62	Hooverstraße	24	Bergwald Elsa-Brändström-Str.	Elsa-Brändström-Straße	LINESTRING(8.464106 48.974107,8.464065100000001 48.97415)
84	Karlsruhe	Bergwald Mitte	de:08212:4409:0:11	48.971707	8.468283	bus	MATCHED	n452947507	6.5	0.75	Bergwald Mitte	44,NL11	Hohenwettersb. Taglöhnergärten / Durlach Tiefentalstraße	Taglöhnergärten	LINESTRING(8.468283 48.971707,8.468294700000001 48.9717654)
85	Karlsruhe	Bergwald Mitte	de:08212:4409:0:12	48.971754	8.468382	bus	MATCHED_THOUGH_REVERSED_DIR	n2505961530	7.5	0.5	Bergwald Mitte	24	Hohenwettersb. Taglöhnergärten	Tiefentalstraße	LINESTRING(8.468382 48.971754,8.4684758 48.9717264)
86	Karlsruhe	Berliner Straße	de:08212:7017:0:1	49.030104	8.364905	bus	MATCHED	n335983667	7.1	0.74	Berliner Straße	70,ALT70,NL17	Karlsruhe Madenburgweg	Madenburgweg	LINESTRING(8.364905 49.030104,8.3648515 49.0301575)
87	Karlsruhe	Berliner Straße	de:08212:7017:0:2	49.030481	8.364977	bus	MATCHED	n335983665	29.8	0.49	Berliner Straße	70	Karlsruhe Germersheimer Straße	Germersheimer Straße	LINESTRING(8.364977 49.030481,8.365016500000001 49.030214300000004)
88	Karlsruhe	Berliner Straße	de:08212:7017:0:26	49.030858	8.363252		NO_MATCH_AND_SEEMS_UNSERVED								POINT(8.363252 49.030858)
89	Karlsruhe	Berliner Straße	de:08212:7017:0:3	49.030846	8.36425	bus	MATCHED	n332571143	9.1	0.7	Berliner Straße	74	Karlsruhe Binger Straße	Binger Straße	LINESTRING(8.36425 49.030846,8.3643746 49.0308532)
90	Karlsruhe	Berliner Straße	de:08212:7017:0:4	49.030805	8.364232	bus	MATCHED	n332571144	11.9	0.66	Berliner Straße	74,NL17	Karlsruhe Germersheimer Straße	Germersheimer Straße	LINESTRING(8.364232 49.030805,8.3643865 49.030771900000005)
91	Karlsruhe	Bernsteinstraße	de:08212:6209:0:1	48.992112	8.348188	bus	MATCHED	n1721902357	14.0	0.63	Bernsteinstraße	62,83,ALT62	Karlsruhe Eichelbergstraße	Eichelbergstraße	LINESTRING(8.348188 48.992112,8.348062500000001 48.992206700000004)
92	Karlsruhe	Bernsteinstraße	de:08212:6209:0:2	48.992053	8.348224	bus	MATCHED	n25642721	2.6	0.87	Bernsteinstraße	62,ALT62,NL15	Karlsruhe Wattkopfstraße	Wattkopfstraße	LINESTRING(8.348224 48.992053,8.3482182 48.9920303)
93	Karlsruhe	Bernsteinstraße	de:08212:6209:0:3	48.991746	8.348125	bus	MATCHED_THOUGH_REVERSED_DIR	n728634717	4.1	0.65	Bernsteinstraße	60	Karlsruhe Staufenbergweg	Wattkopfstraße	LINESTRING(8.348125 48.991746,8.3481698 48.991724500000004)
94	Karlsruhe	Bernsteinstraße	de:08212:6209:0:4	48.991652	8.347945	bus	MATCHED_THOUGH_REVERSED_DIR	n728634716	1.5	0.81	Bernsteinstraße	60	Karlsruhe Wattkopfstraße	Staufenbergweg	LINESTRING(8.347945 48.991652,8.347933900000001 48.9916635)
95	Karlsruhe	Betriebshof West	de:08212:990:0:1	49.023489	8.334057	tram	MATCHED	n9997944891	167.3	1.0	Betriebshof West				LINESTRING(8.334057 49.023489,8.3363458 49.0234861)
96	Karlsruhe	Betriebshof West	de:08212:990:0:13	49.023006	8.337183	bus	NO_MATCH_AND_SEEMS_UNSERVED								POINT(8.337183 49.023006)
97	Karlsruhe	Betriebshof West	de:08212:990:0:14	49.023548	8.336752	bus	NO_MATCH_AND_SEEMS_UNSERVED								POINT(8.336752 49.023548)
98	Karlsruhe	Betriebshof West	de:08212:990:0:2	49.023878	8.33545	tram	MATCHED	n1150965572	96.4	1.0	Betriebshof West				LINESTRING(8.33545 49.023878,8.336644900000001 49.023511600000006)
99	Karlsruhe	Betriebshof West	de:08212:990:0:4	49.02422	8.337552	tram	NO_MATCH_AND_SEEMS_UNSERVED								POINT(8.337552 49.02422)
100	Karlsruhe	Betriebshof West	de:08212:990:0:6	49.02409	8.334884	tram	NO_MATCH_AND_SEEMS_UNSERVED								POINT(8.334884 49.02409)
101	Karlsruhe	Bh Gerwigstraße	de:08212:9009:1:1	49.008749	8.435773	tram	NO_MATCH_AND_SEEMS_UNSERVED								POINT(8.435773 49.008749)
102	Karlsruhe	Bh Gerwigstraße	de:08212:9009:2:2	49.007647	8.436294	tram	NO_MATCH_AND_SEEMS_UNSERVED								POINT(8.436294 49.007647)
103	Karlsruhe	Bh Gerwigstraße	de:08212:9009:3:3	49.007735	8.435791		NO_MATCH_AND_SEEMS_UNSERVED								POINT(8.435791 49.007735)
104	Karlsruhe	Bh Gerwigstraße (Gleis 88)	de:08212:9088	49.007482	8.436717		NO_MATCH_AND_SEEMS_UNSERVED								POINT(8.436717 49.007482)
105	Karlsruhe	Bh Ost	de:08212:9008:0:1	49.007028	8.433923		NO_MATCH_AND_SEEMS_UNSERVED								POINT(8.433923 49.007028)
106	Karlsruhe	Bh Taxi	de:08212:997:0:A	49.020462	8.47759		NO_MATCH_AND_SEEMS_UNSERVED								POINT(8.47759 49.020462)
107	Karlsruhe	Bh Taxi	de:08212:997:0:E	49.020479	8.477572		NO_MATCH_AND_SEEMS_UNSERVED								POINT(8.477572 49.020479)
108	Karlsruhe	Bh West (Gleis 55)	de:08212:991:12:12	49.023195	8.336995	bus	NO_MATCH_AND_SEEMS_UNSERVED								POINT(8.336995 49.023195)
109	Karlsruhe	Bh West (Gleis 55)	de:08212:991:2:2	49.02356	8.33686	tram	NO_MATCH					5	Karlsruhe Rheinhafen		POINT(8.33686 49.02356)
110	Karlsruhe	Binger Straße	de:08212:7412:0:1	49.031153	8.361357	bus	MATCHED	n332571145	1.5	0.91	Binger Straße	74	Knielingen Husarenlager	Husarenlager	LINESTRING(8.361357 49.031153,8.361375200000001 49.031146400000004)
111	Karlsruhe	Binger Straße	de:08212:7412:0:2	49.031217	8.360459	bus	MATCHED	n332571146	11.5	0.67	Binger Straße	74,NL17	Karlsruhe Berliner Straße	Berliner Straße	LINESTRING(8.360459 49.031217,8.360605300000001 49.0311796)
112	Karlsruhe	Birkenweg	de:08212:6006:0:1	48.998801	8.362255	bus	MATCHED	n25241909	4.5	0.81	Birkenweg	60	Karlsruhe Hornisgrindestraße	Hornisgrindestraße	LINESTRING(8.362255 48.998801,8.362194 48.998798)
113	Karlsruhe	Birkenweg	de:08212:6006:0:2	48.998772	8.362336	bus	MATCHED	n25241824	2.0	0.89	Birkenweg	60,NL15	Karlsruhe Westbahnhof	Westbahnhof	LINESTRING(8.362336 48.998772,8.362359 48.998761900000005)
114	Karlsruhe	Blohnstraße	de:08212:6002:0:1	49.007529	8.356371	bus	MATCHED	n286071611	0.8	0.94	Blohnstraße	60,62,NL15	Grünwinkel Friedhof	Grünwinkel-Friedhof	LINESTRING(8.356371 49.007529,8.356365 49.0075227)
115	Karlsruhe	Blohnstraße	de:08212:6002:0:2	49.007446	8.355599	bus	MATCHED	n286071612	0.6	0.94	Blohnstraße	60,62,ALT62	Karlsruhe Entenfang / Karlsruhe Entenfang	Entenfang	LINESTRING(8.355599 49.007446,8.3555902 49.007446400000006)
116	Karlsruhe	Blohnstraße	de:08212:6002:0:3	49.007358	8.355653		NO_MATCH_AND_SEEMS_UNSERVED								POINT(8.355653 49.007358)
117	Karlsruhe	Bonner Straße	de:08212:7022:0:A	49.027554	8.362633	bus	NO_MATCH_AND_SEEMS_UNSERVED								POINT(8.362633 49.027554)
118	Karlsruhe	Bonner Straße	de:08212:7022:0:B	49.027401	8.36274	bus	NO_MATCH_AND_SEEMS_UNSERVED								POINT(8.36274 49.027401)
119	Karlsruhe	Breite Straße	de:08212:5005:0:1	48.992359	8.386222	bus	MATCHED	n25242290	2.4	0.88	Breite Straße	50,51,NL14	Karlsruhe-Neue-Anlage Straße	Neue Anlage Straße	LINESTRING(8.386222 48.992359,8.3862381 48.9923774)
120	Karlsruhe	Breite Straße	de:08212:5005:0:2	48.992795	8.385719	bus	MATCHED	n25242288	5.0	0.8	Breite Straße	50,51,ALT50,NL14	Karlsruhe Gebhardstraße	Gebhardstraße	LINESTRING(8.385719 48.992795,8.3857213 48.9927502)
121	Karlsruhe	Breite Straße	de:08212:5005:0:3	48.993025	8.385926		NO_MATCH_AND_SEEMS_UNSERVED								POINT(8.385926 48.993025)
122	Karlsruhe	Breite Straße	de:08212:5005:0:4	48.992383	8.386007		NO_MATCH_AND_SEEMS_UNSERVED								POINT(8.386007 48.992383)
123	Karlsruhe	Breite Straße	de:08212:5005:0:D	48.993025	8.386195	bus	NO_MATCH_BUT_OTHER_PLATFORM_MATCHED					50,51	Karlsruhe Gebhardstraße		POINT(8.386195 48.993025)
124	Karlsruhe	Bulach Friedhof	de:08212:5016:0:1	48.982969	8.374149	bus	MATCHED	n25642625	9.3	0.7	Bulach Friedhof	51	Oberreut Badeniaplatz	Badeniaplatz Steig A	LINESTRING(8.374149 48.982969,8.374199 48.9830461)
125	Karlsruhe	Bulach Friedhof	de:08212:5016:0:2	48.983682	8.374904	bus	MATCHED	n25642618	8.9	0.71	Bulach Friedhof	51	Karlsruhe Petergraben	Petergraben	LINESTRING(8.374904 48.983682,8.3748412 48.9836138)
126	Karlsruhe	Bulach Grundschule	de:08212:91007:0:1	48.988304	8.378847		NO_MATCH_AND_SEEMS_UNSERVED								POINT(8.378847 48.988304)
127	Karlsruhe	Bulach RetroGames	de:08212:8584:0:21	48.98894	8.371211	bus	NO_MATCH_AND_SEEMS_UNSERVED								POINT(8.371211 48.98894)
128	Karlsruhe	Bulach RetroGames	de:08212:91045:0:1	48.98894	8.371211		NO_MATCH_AND_SEEMS_UNSERVED								POINT(8.371211 48.98894)
129	Karlsruhe	Bulach West	de:08212:6216:0:1	48.989259	8.375344	bus	MATCHED	n420673183	3.5	0.76	Bulach West	62,ALT62,NL14,SEV 14	Karlsruhe Landgrabenstraße / Beiertheim West		LINESTRING(8.375344 48.989259,8.3752973 48.989265100000004)
130	Karlsruhe	Bulach West	de:08212:6216:0:2	48.989388	8.375452	bus	MATCHED	w1248784288	21.2	0.39	Bulach West			Landgrabenstraße / Beiertheim West	LINESTRING(8.375452 48.989388,8.37522645 48.989267850000005)
131	Karlsruhe	Bulach West	de:08212:6216:0:C	48.989471	8.376736	bus	NO_MATCH_BUT_OTHER_PLATFORM_MATCHED					50	Karlsruhe-Neue-Anlage Straße		POINT(8.376736 48.989471)
132	Karlsruhe	Büchiger Allee	de:08212:3004:0:1	49.019814	8.421302	bus	MATCHED	n4014513447	4.8	0.8	Büchiger Allee	30	Karlsruhe Rintheimer Querallee	Rintheimer Querallee	LINESTRING(8.421302 49.019814,8.4213441 49.019781300000005)
133	Karlsruhe	Büchiger Allee	de:08212:3004:0:2	49.019548	8.421302	bus	MATCHED	n4014513445	6.9	0.75	Büchiger Allee	30	Karlsruhe Pastor-Felke-Straße	Pastor-Felke-Straße	LINESTRING(8.421302 49.019548,8.421250500000001 49.0196005)
134	Karlsruhe	Carl-Metz-Straße	de:08212:91019:0:1	49.00978	8.354763		NO_MATCH_AND_SEEMS_UNSERVED								POINT(8.354763 49.00978)
135	Karlsruhe	Dammerstock	de:08212:1206:12:12	48.98482	8.403138	bus	NO_MATCH_BUT_OTHER_PLATFORM_MATCHED					52,ALT52	Karlsruhe Nürnberger Straße		POINT(8.403138 48.98482)
136	Karlsruhe	Dammerstock	de:08212:1206:1:1	48.984684	8.403641		MATCHED	n23707296	2.0	0.8	Dammerstock			Albtalbahnhof	LINESTRING(8.403641 48.984684,8.4036383 48.9847023)
137	Karlsruhe	Dammerstock	de:08212:1206:21:21	48.984684	8.403937	bus	MATCHED	n392129725	62.5	1.0	Dammerstock			Nürnberger Straße	LINESTRING(8.403937 48.984684,8.4031021 48.984801600000004)
138	Karlsruhe	Dammerstock	de:08212:1206:22:22	48.98436	8.403802	bus	MATCHED	n12855295124	34.5	1.0	Dammerstock				LINESTRING(8.403802 48.98436,8.4037068 48.9846635)
139	Karlsruhe	Dammerstock	de:08212:1206:2:2	48.984212	8.403614		MATCHED	n1704556446	1.9	0.81	Dammerstock			Schloss Rüppurr	LINESTRING(8.403614 48.984212,8.403615700000001 48.984228900000005)
140	Karlsruhe	Daxlanden A. -Dosenbach-Straße	de:08212:6220:0:11	49.00206	8.342977		NO_MATCH_AND_SEEMS_UNSERVED								POINT(8.342977 49.00206)
141	Karlsruhe	Daxlanden A. -Dosenbach-Straße	de:08212:6220:0:12	49.00206	8.342977	bus	MATCHED	n6392023072	2.9	0.72	August-Dosenbach-Straße	83,NL16	Karlsruhe Rheinhafenstraße / Oberreut Realschule	Rheinhafenstraße	LINESTRING(8.342977 49.00206,8.3429528 49.002039700000005)
142	Karlsruhe	Daxlanden A. -Dosenbach-Straße	de:08212:6220:11:11	49.001766	8.343858	bus	NO_MATCH_AND_SEEMS_UNSERVED								POINT(8.343858 49.001766)
143	Karlsruhe	Daxlanden A. -Dosenbach-Straße	de:08212:6220:13:13	49.002066	8.342977	bus	MATCHED	n10018589328	1.4	0.62	Aug.-Dosenbach-Str.			Rheinhafenstraße	LINESTRING(8.342977 49.002066,8.3429904 49.0020754)
144	Karlsruhe	Daxlanden Agathenstraße	de:08212:6221:0:1	48.999709	8.334345	bus	MATCHED	n25675422	0.2	0.7	Agathenstraße	83	Daxlanden Turnerstraße		LINESTRING(8.334345 48.999709,8.3343421 48.9997094)
145	Karlsruhe	Daxlanden Agathenstraße	de:08212:6221:0:2	48.999691	8.334237		NO_MATCH_AND_SEEMS_UNSERVED								POINT(8.334237 48.999691)
146	Karlsruhe	Daxlanden Altrheinbrücke	de:08212:307:11:11	49.000893	8.311923		NO_MATCH_AND_SEEMS_UNSERVED								POINT(8.311923 49.000893)
147	Karlsruhe	Daxlanden Altrheinbrücke	de:08212:307:12:12	49.000817	8.311905		NO_MATCH_AND_SEEMS_UNSERVED								POINT(8.311905 49.000817)
148	Karlsruhe	Daxlanden Altrheinbrücke	de:08212:307:1:1	49.000858	8.311905	tram	MATCHED	n4066625698	14.0	0.5	Altrheinbrücke	3	Daxlanden Rappenwört	Rappenwört	LINESTRING(8.311905 49.000858,8.312046 49.0009426)
149	Karlsruhe	Daxlanden Altrheinbrücke	de:08212:307:2:2	49.000835	8.311941	tram	MATCHED	n12786231848	23.5	0.41	Altrheinbrücke	3	Daxlanden Waidweg	Hammweg / Eckenerstraße	LINESTRING(8.311941 49.000835,8.3122311 49.0009257)
150	Karlsruhe	Daxlanden Altrheinbrücke	de:08212:307:91:1	49.000893	8.311923	trainish	MATCHED	n1747821679	6.0	0.48	Altrheinbrücke			Rappenwört	LINESTRING(8.311923 49.000893,8.3120042 49.0008865)
151	Karlsruhe	Daxlanden Altrheinbrücke	de:08212:307:92:2	49.000817	8.311905	trainish	NO_MATCH_AND_SEEMS_UNSERVED								POINT(8.311905 49.000817)
152	Karlsruhe	Daxlanden Ankerstraße	de:08212:303:12:12	49.006739	8.335108		MATCHED	n6392023070	10.4	0.33	Ankerstraße				LINESTRING(8.335108 49.006739,8.3351389 49.006830400000005)
153	Karlsruhe	Daxlanden Ankerstraße	de:08212:303:1:1	49.00668	8.334767	tram	MATCHED	w11018334	11.9	0.41	Ankerstraße	3,E	Daxlanden Kirchplatz	Kirchplatz	LINESTRING(8.334767 49.00668,8.33461921471275 49.0066356203121)
154	Karlsruhe	Daxlanden Ankerstraße	de:08212:303:1:11	49.006515	8.33447	trainish	MATCHED_THOUGH_OSM_NO_NAME	n12035841599	6.8	0.24					LINESTRING(8.33447 49.006515,8.3345274 49.006563500000006)
155	Karlsruhe	Daxlanden Ankerstraße	de:08212:303:21:21	49.007523	8.333455	bus	MATCHED	n12786130077	4.3	0.52	Ankerstraße			Waidweg	LINESTRING(8.333455 49.007523,8.333489 49.0075542)
156	Karlsruhe	Daxlanden Ankerstraße	de:08212:303:22:22	49.00757	8.333599	bus	NO_MATCH_AND_SEEMS_UNSERVED								POINT(8.333599 49.00757)
157	Karlsruhe	Daxlanden Ankerstraße	de:08212:303:24:24	49.006409	8.335054		NO_MATCH_AND_SEEMS_UNSERVED								POINT(8.335054 49.006409)
158	Karlsruhe	Daxlanden Ankerstraße	de:08212:303:2:12	49.006686	8.334776	trainish	MATCHED	w659889618	16.0	0.32	Ankerstraße			Mauerweg	LINESTRING(8.334776 49.006686,8.334668759129206 49.006560404237604)
159	Karlsruhe	Daxlanden Ankerstraße	de:08212:303:2:2	49.006722	8.334812	tram	MATCHED	n1747700868	2.5	0.68	Ankerstraße	3,E	Daxlanden Mauerweg	Mauerweg	LINESTRING(8.334812 49.006722,8.3347993 49.0067011)
160	Karlsruhe	Daxlanden Ankerstraße	de:08212:303:91:1	49.006515	8.33447	bus	MATCHED	n1747700862	0.9	0.74	Ankerstraße	NL16	Daxlanden Kirchplatz	Kirchplatz	LINESTRING(8.33447 49.006515,8.334482000000001 49.0065174)
161	Karlsruhe	Daxlanden Ankerstraße	de:08212:303:92:2	49.006698	8.334794	trainish	NO_MATCH_AND_SEEMS_UNSERVED								POINT(8.334794 49.006698)
162	Karlsruhe	Daxlanden Dornröschenweg	de:08212:206:1:1	48.992518	8.335063	tram	MATCHED	n1154361616	13.7	1.0	Dornröschenweg	E,S2	Daxlanden Nussbaumweg / Daxlanden Dornröschenweg	Nussbaumweg	LINESTRING(8.335063 48.992518,8.3351517 48.9926266)
163	Karlsruhe	Daxlanden Dornröschenweg	de:08212:206:21:21	48.992677	8.33536	bus	NO_MATCH_AND_SEEMS_UNSERVED								POINT(8.33536 48.992677)
164	Karlsruhe	Daxlanden Dornröschenweg	de:08212:206:2:2	48.993125	8.335566	tram	MATCHED	n25623447	17.0	1.0	Dornröschenweg	E,S2	Daxlanden Dornröschenweg / Daxlanden Karl-Delisle-Straße	Karl-Delisle-Straße	LINESTRING(8.335566 48.993125,8.3354623 48.9929883)
165	Karlsruhe	Daxlanden Dornröschenweg	de:08212:206:3:3	48.991457	8.334165	tram	NO_MATCH_BUT_OTHER_PLATFORM_MATCHED					E,S2	Daxlanden Dornröschenweg / Daxlanden Dornröschenweg		POINT(8.334165 48.991457)
166	Karlsruhe	Daxlanden Fettweisstraße	de:08212:6307:0:1	49.01371	8.311869		NO_MATCH_AND_SEEMS_UNSERVED								POINT(8.311869 49.01371)
167	Karlsruhe	Daxlanden Grundschule	de:08212:91008:0:1	49.005231	8.332916		NO_MATCH_AND_SEEMS_UNSERVED								POINT(8.332916 49.005231)
168	Karlsruhe	Daxlanden Hammweg	de:08212:305:1:1	49.003587	8.328784	tram	NO_MATCH_BUT_OTHER_PLATFORM_MATCHED					3,E	Daxlanden Waidweg		POINT(8.328784 49.003587)
169	Karlsruhe	Daxlanden Hammweg	de:08212:305:1:11	49.003905	8.327356		NO_MATCH_AND_SEEMS_UNSERVED								POINT(8.327356 49.003905)
170	Karlsruhe	Daxlanden Hammweg	de:08212:305:21:21	49.0042	8.327239	bus	NO_MATCH_AND_SEEMS_UNSERVED								POINT(8.327239 49.0042)
171	Karlsruhe	Daxlanden Hammweg	de:08212:305:22:22	49.003598	8.328856	bus	NO_MATCH_AND_SEEMS_UNSERVED								POINT(8.328856 49.003598)
172	Karlsruhe	Daxlanden Hammweg	de:08212:305:2:12	49.003504	8.328245	trainish	MATCHED	n1747735513	9.5	0.32	Hammweg			Kirschstraße / Kirchplatz	LINESTRING(8.328245 49.003504,8.328133000000001 49.003547000000005)
173	Karlsruhe	Daxlanden Hammweg	de:08212:305:2:2	49.003498	8.328272	tram	NO_MATCH_BUT_OTHER_PLATFORM_MATCHED					3,E	Daxlanden Kirchplatz		POINT(8.328272 49.003498)
174	Karlsruhe	Daxlanden Hammweg	de:08212:305:92:2	49.00351	8.328236	bus	NO_MATCH_BUT_OTHER_PLATFORM_MATCHED					NL16	Daxlanden Kirschstraße		POINT(8.328236 49.00351)
175	Karlsruhe	Daxlanden Hammäcker	de:08212:208:3:3	48.991457	8.334174	tram	NO_MATCH_AND_SEEMS_UNSERVED								POINT(8.334174 48.991457)
176	Karlsruhe	Daxlanden Inselstraße	de:08212:6225:0:21	49.006451	8.328982	bus	NO_MATCH_AND_SEEMS_UNSERVED								POINT(8.328982 49.006451)
177	Karlsruhe	Daxlanden Karl-Delisle-Straße	de:08212:205:11:11	48.996108	8.338441	bus	MATCHED	w1125006820	6.4	0.52	Karl-Delisle-Straße	83	Karlsruhe Pappelallee		LINESTRING(8.338441 48.996108,8.3384492 48.99616515)
178	Karlsruhe	Daxlanden Karl-Delisle-Straße	de:08212:205:11:12	48.995678	8.338064		NO_MATCH_AND_SEEMS_UNSERVED								POINT(8.338064 48.995678)
179	Karlsruhe	Daxlanden Karl-Delisle-Straße	de:08212:205:1:1	48.99576	8.337785	tram	MATCHED	n25623273	18.1	1.0	Karl-Delisle-Straße	E,S2	Daxlanden Dornröschenweg	Dornröschenweg	LINESTRING(8.337785 48.99576,8.3379271 48.995893800000005)
180	Karlsruhe	Daxlanden Karl-Delisle-Straße	de:08212:205:21:21	48.997198	8.339717	bus	NO_MATCH_AND_SEEMS_UNSERVED								POINT(8.339717 48.997198)
181	Karlsruhe	Daxlanden Karl-Delisle-Straße	de:08212:205:2:2	48.996302	8.338378	tram	MATCHED	n1154262222	2.5	1.0	Karl-Delisle-Straße	E,S2	Daxlanden Thomas-Mann-Straße	Thomas-Mann-Straße	LINESTRING(8.338378 48.996302,8.3384111 48.9963065)
182	Karlsruhe	Daxlanden Kirchplatz	de:08212:304:11:11	49.005378	8.332081		NO_MATCH_AND_SEEMS_UNSERVED								POINT(8.332081 49.005378)
183	Karlsruhe	Daxlanden Kirchplatz	de:08212:304:12:12	49.005207	8.332332		MATCHED	n1747735512	0.6	0.58	Kirchplatz			Hammweg / Altrheinbrücke / Ankerstraße	LINESTRING(8.332332 49.005207,8.332328500000001 49.0052025)
184	Karlsruhe	Daxlanden Kirchplatz	de:08212:304:1:1	49.005054	8.331991	tram	NO_MATCH_BUT_OTHER_PLATFORM_MATCHED					3,E	Daxlanden Hammweg		POINT(8.331991 49.005054)
185	Karlsruhe	Daxlanden Kirchplatz	de:08212:304:21:21	49.005378	8.332081	bus	NO_MATCH_AND_SEEMS_UNSERVED								POINT(8.332081 49.005378)
186	Karlsruhe	Daxlanden Kirchplatz	de:08212:304:21:A	49.005378	8.332081	bus	NO_MATCH_BUT_OTHER_PLATFORM_MATCHED					NL16	Daxlanden Waidweg		POINT(8.332081 49.005378)
187	Karlsruhe	Daxlanden Kirchplatz	de:08212:304:22:22	49.005272	8.332728	trainish	NO_MATCH_AND_SEEMS_UNSERVED								POINT(8.332728 49.005272)
188	Karlsruhe	Daxlanden Kirchplatz	de:08212:304:23:C	49.005767	8.330724	bus	NO_MATCH_AND_SEEMS_UNSERVED								POINT(8.330724 49.005767)
189	Karlsruhe	Daxlanden Kirchplatz	de:08212:304:24:D	49.005696	8.330653	bus	NO_MATCH_AND_SEEMS_UNSERVED								POINT(8.330653 49.005696)
190	Karlsruhe	Daxlanden Kirchplatz	de:08212:304:2:2	49.005231	8.332368	tram	NO_MATCH_BUT_OTHER_PLATFORM_MATCHED					3,E	Daxlanden Ankerstraße		POINT(8.332368 49.005231)
191	Karlsruhe	Daxlanden Kirschstraße	de:08212:6223:0:1	49.001677	8.333374		MATCHED	n10018589326	17.8	0.23	Kirschstraße			Turnerstraße	LINESTRING(8.333374 49.001677,8.3335301 49.001800200000005)
192	Karlsruhe	Daxlanden Kirschstraße	de:08212:6223:0:11	49.001777	8.333527	bus	MATCHED	n10004193966	1.6	0.73	Kirschstraße	NL16	Daxlanden Turnerstraße	Turnerstraße	LINESTRING(8.333527 49.001777,8.3335463 49.0017834)
193	Karlsruhe	Daxlanden Lindenallee	de:08212:6015:0:1	48.997063	8.339824	bus	NO_MATCH_AND_SEEMS_UNSERVED								POINT(8.339824 48.997063)
194	Karlsruhe	Daxlanden Mauerweg	de:08212:302:11:11	49.007847	8.339456	bus	MATCHED	n12743344005	6.0	0.56	Mauerweg	NL16	Daxlanden Ankerstraße	Waidweg	LINESTRING(8.339456 49.007847,8.339532700000001 49.0078672)
195	Karlsruhe	Daxlanden Mauerweg	de:08212:302:12:12	49.007776	8.339573	bus	NO_MATCH_AND_SEEMS_UNSERVED								POINT(8.339573 49.007776)
196	Karlsruhe	Daxlanden Mauerweg	de:08212:302:1:1	49.007812	8.338971	tram	MATCHED	n26468475	4.7	0.48	Mauerweg	3,E	Daxlanden Ankerstraße	Ankerstraße	LINESTRING(8.338971 49.007812,8.339034400000001 49.0078034)
197	Karlsruhe	Daxlanden Mauerweg	de:08212:302:21:21	49.007841	8.339393		NO_MATCH_AND_SEEMS_UNSERVED								POINT(8.339393 49.007841)
198	Karlsruhe	Daxlanden Mauerweg	de:08212:302:22:22	49.007735	8.339932	bus	NO_MATCH_AND_SEEMS_UNSERVED								POINT(8.339932 49.007735)
199	Karlsruhe	Daxlanden Mauerweg	de:08212:302:2:2	49.007723	8.339483	tram	MATCHED	n1155496366	2.0	0.55	Mauerweg	3,E	Karlsruhe Stadtwerke	Stadtwerke	LINESTRING(8.339483 49.007723,8.3394562 49.007722400000006)
200	Karlsruhe	Daxlanden Nussbaumweg	de:08212:209:1:1	48.989147	8.333006	tram	MATCHED	n1710232093	10.4	1.0	Nussbaumweg	E,S2	Forchheim Leichtsandstr./Messe KA	Forchheim Messe	LINESTRING(8.333006 48.989147,8.3329529 48.9890601)
201	Karlsruhe	Daxlanden Nussbaumweg	de:08212:209:2:2	48.989612	8.333374	tram	MATCHED	n12529534385	2.6	1.0	Nussbaumweg	E,S2	Daxlanden Dornröschenweg		LINESTRING(8.333374 48.989612,8.3333964 48.9896297)
202	Karlsruhe	Daxlanden Panoramaweg	de:08212:6016:0:1	48.993962	8.336914	bus	NO_MATCH_AND_SEEMS_UNSERVED								POINT(8.336914 48.993962)
203	Karlsruhe	Daxlanden Pfalzstraße	de:08212:6224:0:22	49.0046	8.335791	bus	NO_MATCH_AND_SEEMS_UNSERVED								POINT(8.335791 49.0046)
204	Karlsruhe	Daxlanden Pfalzstraße	de:08212:6224:0:A	49.001766	8.343858	bus	NO_MATCH_AND_SEEMS_UNSERVED								POINT(8.343858 49.001766)
205	Karlsruhe	Daxlanden Pfalzstraße	de:08212:6224:0:B	49.0046	8.335791	bus	NO_MATCH_AND_SEEMS_UNSERVED								POINT(8.335791 49.0046)
206	Karlsruhe	Daxlanden Rappenwört	de:08212:308:21:21	48.99919	8.295304	bus	MATCHED	n12786199456	13.9	0.35	Rappenwört			Altrheinbrücke	LINESTRING(8.295304 48.99919,8.2953879 48.9990782)
207	Karlsruhe	Daxlanden Rappenwört	de:08212:308:22:22	48.999426	8.294765		NO_MATCH_AND_SEEMS_UNSERVED								POINT(8.294765 48.999426)
208	Karlsruhe	Daxlanden Rappenwört	de:08212:308:3:3	48.998913	8.295421	tram	MATCHED	n256572194	0.7	0.59	Rappenwört	3	Daxlanden Altrheinbrücke	Waidweg	LINESTRING(8.295421 48.998913,8.295411900000001 48.9989112)
209	Karlsruhe	Daxlanden Thomas-Mann-Straße	de:08212:204:1:1	48.999226	8.341558	tram	MATCHED	n1153833425	8.9	1.0	Thomas-Mann-Straße	E,S2	Daxlanden Karl-Delisle-Straße	Karl-Delisle-Straße	LINESTRING(8.341558 48.999226,8.3416493 48.999279200000004)
210	Karlsruhe	Daxlanden Thomas-Mann-Straße	de:08212:204:21:21	48.998589	8.341091	bus	NO_MATCH_AND_SEEMS_UNSERVED								POINT(8.341091 48.998589)
211	Karlsruhe	Daxlanden Thomas-Mann-Straße	de:08212:204:2:2	48.999043	8.34136	tram	MATCHED	n256570339	3.1	1.0	Thomas-Mann-Straße	E,S2	Karlsruhe Rheinhafenstraße	Rheinhafenstraße	LINESTRING(8.34136 48.999043,8.3413932 48.9990602)
212	Karlsruhe	Daxlanden Tierheim	de:08212:309:1:1	49.003604	8.319163	tram	NO_MATCH_AND_SEEMS_UNSERVED								POINT(8.319163 49.003604)
213	Karlsruhe	Daxlanden Tierheim	de:08212:309:2:2	49.003557	8.319109	tram	NO_MATCH_AND_SEEMS_UNSERVED								POINT(8.319109 49.003557)
214	Karlsruhe	Daxlanden Turnerstraße	de:08212:6222:0:1	49.001819	8.337004		MATCHED	n10004193967	15.6	0.26	Turnerstraße			August-Dosenbach-Straße	LINESTRING(8.337004 49.001819,8.3368103 49.0017603)
215	Karlsruhe	Daxlanden Turnerstraße	de:08212:6222:0:11	49.001848	8.33695	bus	MATCHED	n10018589327	13.2	0.52	Turnerstraße	83,NL16	Daxlanden A.-Dosenbach-Straße	Aug.-Dosenbach-Str.	LINESTRING(8.33695 49.001848,8.336796900000001 49.0017846)
216	Karlsruhe	Daxlanden Waidweg	de:08212:306:11:11	49.004824	8.322388	bus	MATCHED	n12743344050	4.4	0.46	Waidweg	NL16	Daxlanden Hammweg	Hammweg	LINESTRING(8.322388 49.004824,8.3224453 49.0048108)
217	Karlsruhe	Daxlanden Waidweg	de:08212:306:1:1	49.004288	8.323053	tram	MATCHED	n1747799102	1.1	1.0	Waidweg	3,E	Daxlanden Waidweg / Daxlanden Altrheinbrücke		LINESTRING(8.323053 49.004288,8.323040800000001 49.004282100000005)
218	Karlsruhe	Daxlanden Waidweg	de:08212:306:21:21	49.005036	8.32325	bus	MATCHED	n10018589324	59.5	0.13	Waidweg			Altrheinbrücke / Hammweg	LINESTRING(8.32325 49.005036,8.322512900000001 49.004808700000005)
219	Karlsruhe	Daxlanden Waidweg	de:08212:306:22:22	49.005437	8.32281	bus	NO_MATCH_AND_SEEMS_UNSERVED								POINT(8.32281 49.005437)
220	Karlsruhe	Daxlanden Waidweg	de:08212:306:22:23	49.00536	8.322999	bus	NO_MATCH_AND_SEEMS_UNSERVED								POINT(8.322999 49.00536)
221	Karlsruhe	Daxlanden Waidweg	de:08212:306:23:3	49.004871	8.322388		MATCHED	n10018589325	10.0	0.29	Waidweg			Hammweg / Altrheinbrücke	LINESTRING(8.322388 49.004871,8.3225113 49.004832)
222	Karlsruhe	Daxlanden Waidweg	de:08212:306:2:2	49.004288	8.322738	tram	MATCHED	n1747735607	3.0	1.0	Waidweg	3,E	Daxlanden Hammweg	Hammweg	LINESTRING(8.322738 49.004288,8.3226972 49.004285900000006)
223	Karlsruhe	Daxlanden Waidweg	de:08212:306:3:3	49.004677	8.32237	tram	NO_MATCH_BUT_OTHER_PLATFORM_MATCHED					3,E	Daxlanden Waidweg		POINT(8.32237 49.004677)
224	Karlsruhe	Deutsche Bahn AG	de:08212:91048:0:11	48.991628	8.400667		NO_MATCH_AND_SEEMS_UNSERVED								POINT(8.400667 48.991628)
225	Karlsruhe	Draisschule	de:08212:91001:0:1	49.014635	8.366423		NO_MATCH_AND_SEEMS_UNSERVED								POINT(8.366423 49.014635)
226	Karlsruhe	Duale Hochschule	de:08212:12:11:11	49.02703	8.386429	bus	MATCHED	n4017983430	9.1	0.57	Duale Hochschule			Ohiostraße / Heidehof	LINESTRING(8.386429 49.02703,8.3864394 49.026948700000005)
227	Karlsruhe	Duale Hochschule	de:08212:12:12:12	49.026635	8.385917	bus	MATCHED	n6404051282	8.6	0.58	Duale Hochschule	71	Karlsruhe Heidehof / Karlsruhe Ohiostraße		LINESTRING(8.385917 49.026635,8.3858561 49.0265684)
228	Karlsruhe	Duale Hochschule	de:08212:12:1:1	49.027253	8.386186	tram	MATCHED	n256569384	1.4	1.0	Duale Hochschule	1,E,NL1	Karlsruhe Heidehof	Heidehof	LINESTRING(8.386186 49.027253,8.386201100000001 49.0272446)
229	Karlsruhe	Duale Hochschule	de:08212:12:2:2	49.02657	8.385998	tram	MATCHED	n1749638857	2.3	1.0	Duale Hochschule	1,E,NL1	Karlsruhe Lilienthalstraße	Lilienthalstraße	LINESTRING(8.385998 49.02657,8.3860059 49.0265502)
230	Karlsruhe	Dunantstraße	de:08212:310:1:1	49.011459	8.435755	tram	MATCHED	n4065875741	6.7	1.0	Dunantstraße	3,E	Karlsruhe Essenweinstraße / Karlsruhe Hauptfriedhof	Hauptfriedhof	LINESTRING(8.435755 49.011459,8.435845500000001 49.0114662)
231	Karlsruhe	Dunantstraße	de:08212:310:21:21	49.011548	8.436043	bus	NO_MATCH_AND_SEEMS_UNSERVED								POINT(8.436043 49.011548)
232	Karlsruhe	Dunantstraße	de:08212:310:22:22	49.011383	8.436321	bus	NO_MATCH_AND_SEEMS_UNSERVED								POINT(8.436321 49.011383)
233	Karlsruhe	Dunantstraße	de:08212:310:2:2	49.011459	8.436312	tram	MATCHED	n1143095809	0.4	1.0	Dunantstraße	3,E	Rintheim Forststraße	Forststraße	LINESTRING(8.436312 49.011459,8.436306700000001 49.011459300000006)
234	Karlsruhe	Durlach	de:08212:801:11:14	49.001341	8.462283	bus	MATCHED	w172148565	7.2	1.0	Durlach Bahnhof				LINESTRING(8.462283 49.001341,8.462225129796014 49.00128905881863)
235	Karlsruhe	Durlach	de:08212:801:11:15	49.001312	8.462184	bus	MATCHED	w172148570	7.9	1.0	Durlach Bahnhof				LINESTRING(8.462184 49.001312,8.46213294314154 49.001249805196004)
236	Karlsruhe	Durlach	de:08212:801:11:16	49.001253	8.461995	bus	MATCHED_THOUGH_NAMES_DIFFER	w172148563	40.9	1.0	B				LINESTRING(8.461995 49.001253,8.462507868471043 49.00139859948609)
237	Karlsruhe	Durlach	de:08212:801:11:7	49.001412	8.462471	bus	MATCHED_THOUGH_NAMES_DIFFER	w172148567	6.7	1.0	C			Raiherwiesenstraße	LINESTRING(8.462471 49.001412,8.462412888930148 49.00136492568169)
238	Karlsruhe	Durlach	de:08212:801:11:8	49.001153	8.462408	bus	MATCHED	w118697581	36.2	1.0	Durlach Bahnhof				LINESTRING(8.462408 49.001153,8.462628250000002 49.001445100000005)
239	Karlsruhe	Durlach	de:08212:801:11:9	49.001383	8.462373	bus	MATCHED	w172148571	7.1	1.0	Durlach Bahnhof			Gudrunstraße	LINESTRING(8.462373 49.001383,8.46231831002599 49.00133024789462)
240	Karlsruhe	Durlach	de:08212:801:1:12	49.002632	8.46257	trainish	MATCHED	w118695314	2.6	1.0	Durlach Bahnhof			Tullastraße/Alter Schlachthof / Untermühlstraße	LINESTRING(8.46257 49.002632,8.462571414608815 49.00265578395841)
241	Karlsruhe	Durlach	de:08212:801:2:1	49.002214	8.463046	train	MATCHED	n4040952278	8.9	1.0	Karlsruhe-Durlach	60,FEX,MEX17,RB17,RE1,RE45,S3,S31,S32,S5	Karlsruhe Hauptbahnhof / Vaihingen (E) / Jöhlingen / Weingarten (Baden) / Vaihingen (E) / Bruchsal / Karlsruhe Hauptbahnhof / Pforzheim Hauptbahnhof / Wilferdingen-Singen Bahnhof / Bruchsal / Kleinsteinbach / Karlsruhe Hauptbahnhof / Bruchsal / Bruchsal / Karlsruhe Hauptbahnhof	Weingarten (Baden) / Pforzheim Hauptbahnhof / Wilferdingen-Singen / Jöhlingen	LINESTRING(8.463046 49.002214,8.4629473 49.0021672)
242	Karlsruhe	Durlach	de:08212:801:4:2	49.002072	8.462597	train	MATCHED	n2288130419	10.3	1.0	Karlsruhe-Durlach	60,FEX,RE1,RE45,S3,S31,S32	Karlsruhe Hauptbahnhof / Vaihingen (E) / Karlsruhe Hauptbahnhof / Karlsruhe Hauptbahnhof / Karlsruhe Hauptbahnhof / Karlsruhe Hauptbahnhof / Karlsruhe Hauptbahnhof	Karlsruhe Hauptbahnhof	LINESTRING(8.462597 49.002072,8.462477400000001 49.002023200000004)
243	Karlsruhe	Durlach	de:08212:801:4:21	49.001884	8.462103	train	NO_MATCH_BUT_OTHER_PLATFORM_MATCHED					RB41,RE45,RE73,S31,S32,S5	Karlsruhe Hauptbahnhof / Karlsruhe Hauptbahnhof / Karlsruhe Hauptbahnhof / Karlsruhe Hauptbahnhof / Karlsruhe Hauptbahnhof / Karlsruhe Hauptbahnhof / Karlsruhe Hauptbahnhof / Karlsruhe Hauptbahnhof		POINT(8.462103 49.001884)
244	Karlsruhe	Durlach	de:08212:801:4:22	49.002119	8.462705	train	NO_MATCH_BUT_OTHER_PLATFORM_MATCHED					MEX17,RE1,S3	Karlsruhe Hauptbahnhof / Karlsruhe Hauptbahnhof / Karlsruhe Hauptbahnhof / Karlsruhe Hauptbahnhof / Karlsruhe Hauptbahnhof / Karlsruhe Hauptbahnhof / Karlsruhe Hauptbahnhof		POINT(8.462705 49.002119)
245	Karlsruhe	Durlach	de:08212:801:4:5	49.002166	8.462489	train	MATCHED	n2958859135	13.2	1.0	Karlsruhe-Durlach	RE1,S31,S32	Weingarten (Baden) / Vaihingen (E)	Weingarten (Baden) / Bruchsal	LINESTRING(8.462489 49.002166,8.4623351 49.0021033)
246	Karlsruhe	Durlach	de:08212:801:4:51	49.00199	8.462013	train	NO_MATCH_BUT_OTHER_PLATFORM_MATCHED					RE40,RE73,S31,S32	Bruchsal / Weingarten (Baden) / Bruchsal		POINT(8.462013 49.00199)
247	Karlsruhe	Durlach	de:08212:801:4:52	49.002219	8.462615	train	NO_MATCH_BUT_OTHER_PLATFORM_MATCHED					RE73,S1,S2,S3,S4	Bruchsal Gew. Bildungszentrum / Bruchsal / Bruchsal / Weingarten (Baden)		POINT(8.462615 49.002219)
248	Karlsruhe	Durlach	de:08212:801:5:6	49.002155	8.462328	trainish	MATCHED	n333303132	1.2	1.0	Karlsruhe-Durlach			Karlsruhe Hauptbahnhof	LINESTRING(8.462328 49.002155,8.4623168 49.002147300000004)
249	Karlsruhe	Durlach	de:08212:801:5:61	49.002025	8.461986	train	NO_MATCH_BUT_OTHER_PLATFORM_MATCHED					FEX,RE73,S31,S32	Karlsruhe Hauptbahnhof / Karlsruhe Hauptbahnhof / Karlsruhe Hauptbahnhof / Karlsruhe Hauptbahnhof / Karlsruhe Hauptbahnhof / Karlsruhe Hauptbahnhof / Karlsruhe Hauptbahnhof / Karlsruhe Hauptbahnhof / Karlsruhe Hauptbahnhof / Karlsruhe Hauptbahnhof		POINT(8.461986 49.002025)
250	Karlsruhe	Durlach	de:08212:801:5:62	49.002267	8.462588	train	NO_MATCH_BUT_OTHER_PLATFORM_MATCHED					RE73,S2,S3	Karlsruhe Hauptbahnhof / Karlsruhe Hauptbahnhof / Karlsruhe Hauptbahnhof / Karlsruhe Hauptbahnhof / Karlsruhe Hauptbahnhof / Karlsruhe Hauptbahnhof / Karlsruhe Hauptbahnhof		POINT(8.462588 49.002267)
251	Karlsruhe	Durlach	de:08212:801:5:9	49.002255	8.462229	train	MATCHED	n421648991	5.2	1.0	Karlsruhe-Durlach	RE1,RE71	Vaihingen (E)		LINESTRING(8.462229 49.002255,8.462291200000001 49.002278000000004)
252	Karlsruhe	Durlach	de:08212:801:6:10	49.002296	8.462211	trainish	NO_MATCH_AND_SEEMS_UNSERVED								POINT(8.462211 49.002296)
253	Karlsruhe	Durlach	de:08212:801:6:11	49.002756	8.462992	tram	MATCHED	w118695309	31.7	1.0	Durlach Bahnhof			Söllingen (Pfinztal) / Hubstraße	LINESTRING(8.462992 49.002756,8.46265204086712 49.00257954225663)
254	Karlsruhe	Durlach Am Heegwald	de:08212:3121:0:1	49.017581	8.479099	bus	MATCHED	n1820495632	6.1	0.63	Am Heegwald	31,31X	Durlach Bahnhof / Durlach Friedhof	Durlach Friedhof / Raiherwiesenstraße	LINESTRING(8.479099 49.017581,8.4790179 49.0175691)
255	Karlsruhe	Durlach Am Heegwald	de:08212:3121:0:2	49.01771	8.478345	bus	MATCHED	w759404860	6.7	0.62	Am Heegwald	31	Durlach Breit	Auf der Breit	LINESTRING(8.478345 49.01771,8.478430816982195 49.017731567383784)
256	Karlsruhe	Durlach An der Fayence	de:08212:3120:0:1	49.001742	8.46973	bus	MATCHED	n124238591	0.7	1.0	An der Fayence	31,SEV	Durlach Bahnhof / Durlach Bahnhof	C	LINESTRING(8.46973 49.001742,8.469727 49.0017483)
257	Karlsruhe	Durlach An der Fayence	de:08212:3120:0:2	49.001713	8.469613	bus	MATCHED	n124238589	5.1	1.0	An der Fayence	31,SEV	Durlach Ochsentorstraße	Ochsentorstraße	LINESTRING(8.469613 49.001713,8.469547 49.0016996)
258	Karlsruhe	Durlach An der Fayence	de:08212:3120:0:3	49.001542	8.472038		NO_MATCH_AND_SEEMS_UNSERVED								POINT(8.472038 49.001542)
259	Karlsruhe	Durlach Auer Str. /Dr. Schwabe	de:08212:11:1:1	49.000528	8.463154	tram	MATCHED	n1138408754	1.6	1.0	Auer Straße/Dr. Willmar Schwabe	1,18,2,E,NL2	Durlach Pforzheimer Straße / KA Tullastraße/Alter Schlachthof / Durlach Untermühlstraße	Untermühlstraße	LINESTRING(8.463154 49.000528,8.463172100000001 49.000519800000006)
260	Karlsruhe	Durlach Auer Str. /Dr. Schwabe	de:08212:11:21:21	49.000575	8.463406	bus	NO_MATCH_AND_SEEMS_UNSERVED								POINT(8.463406 49.000575)
261	Karlsruhe	Durlach Auer Str. /Dr. Schwabe	de:08212:11:21:A	49.000575	8.463406	bus	NO_MATCH_AND_SEEMS_UNSERVED								POINT(8.463406 49.000575)
262	Karlsruhe	Durlach Auer Str. /Dr. Schwabe	de:08212:11:22:22	49.000422	8.462965	bus	NO_MATCH_AND_SEEMS_UNSERVED								POINT(8.462965 49.000422)
263	Karlsruhe	Durlach Auer Str. /Dr. Schwabe	de:08212:11:22:B	49.000422	8.462965	bus	NO_MATCH_AND_SEEMS_UNSERVED								POINT(8.462965 49.000422)
264	Karlsruhe	Durlach Auer Str. /Dr. Schwabe	de:08212:11:23:23	49.000905	8.463828	bus	NO_MATCH_AND_SEEMS_UNSERVED								POINT(8.463828 49.000905)
265	Karlsruhe	Durlach Auer Str. /Dr. Schwabe	de:08212:11:2:2	49.000387	8.463702	tram	MATCHED	n2992282219	6.5	1.0	Auer Straße/Dr. Willmar Schwabe	1,18,2,E,NL2	Durlach Pforzheimer Straße / Durlach Pfinztalstraße / Durlach Friedrichschule / Durlach Gritznerstraße / Durlach Untermühlstraße	Friedrichschule / Gritznerstraße	LINESTRING(8.463702 49.000387,8.4637835 49.0003643)
266	Karlsruhe	Durlach August-Macke-Straße	de:08212:4608:0:1	48.987349	8.472452	bus	MATCHED	n766425880	23.4	1.0	August-Macke-Straße	26,NL11	Durlach Erich-Heckel-Straße	Erich-Heckel-Straße	LINESTRING(8.472452 48.987349,8.4724588 48.9871386)
267	Karlsruhe	Durlach Bahnhof	de:08212:802:11:11	49.002703	8.462822	tram	MATCHED	n2574283889	9.4	1.0	Karlsruhe-Durlach	5,E	Durlach Bahnhof	Söllingen (Pfinztal) / Hubstraße	LINESTRING(8.462822 49.002703,8.4627204 49.002650800000005)
268	Karlsruhe	Durlach Bahnhof	de:08212:802:12:12	49.002567	8.462417	tram	MATCHED	n2574283888	8.4	1.0	Karlsruhe-Durlach	5,E	Durlach Untermühlstraße	Tullastraße/Alter Schlachthof / Untermühlstraße	LINESTRING(8.462417 49.002567,8.462519200000001 49.002602200000005)
269	Karlsruhe	Durlach Bahnhof	de:08212:802:13:13	49.003946	8.465822	tram	NO_MATCH_BUT_OTHER_PLATFORM_MATCHED					5,E	Durlach Bahnhof		POINT(8.465822 49.003946)
270	Karlsruhe	Durlach Bahnhof	de:08212:802:31:A	49.001147	8.462426	bus	MATCHED	w317813813	8.8	0.57	Durlach Bahnhof (Steg A)	31,31X,42,ALT42,NL13,SEV	Durlach Killisfeldstraße / Durlach An der Fayence / Durlach Am Heegwald	Am Heegwald / An der Fayence	LINESTRING(8.462426 49.001147,8.462344 49.0010885)
271	Karlsruhe	Durlach Bahnhof	de:08212:802:32:B	49.001453	8.462453	bus	NO_MATCH_BUT_OTHER_PLATFORM_MATCHED					27,31,42,ALT42	Durlach Raiherwiesenstraße		POINT(8.462453 49.001453)
272	Karlsruhe	Durlach Bahnhof	de:08212:802:33:C	49.001418	8.462346	bus	NO_MATCH_BUT_OTHER_PLATFORM_MATCHED					107	Durlach Raiherwiesenstraße		POINT(8.462346 49.001418)
273	Karlsruhe	Durlach Bahnhof	de:08212:802:34:D	49.001377	8.462256	bus	NO_MATCH_AND_SEEMS_UNSERVED								POINT(8.462256 49.001377)
274	Karlsruhe	Durlach Bahnhof	de:08212:802:35:E	49.001341	8.462166	bus	NO_MATCH_AND_SEEMS_UNSERVED								POINT(8.462166 49.001341)
275	Karlsruhe	Durlach Bahnhof	de:08212:802:36:F	49.0013	8.462067		MATCHED	w172148561	10.1	0.49	Durlach Bahnhof				LINESTRING(8.462067 49.0013,8.462036113780972 49.00121181630327)
276	Karlsruhe	Durlach Bahnhof West	de:08212:99911:1:1	49.002785	8.46231		NO_MATCH_AND_SEEMS_UNSERVED								POINT(8.46231 49.002785)
277	Karlsruhe	Durlach Bahnhof West	de:08212:99911:1:2	49.002691	8.462408		NO_MATCH_AND_SEEMS_UNSERVED								POINT(8.462408 49.002691)
278	Karlsruhe	Durlach Blattwiesenstraße	de:08212:4304:11:11	48.992878	8.464933	bus	MATCHED	n4013168975	1.2	0.78	Blattwiesenstraße	24,27,NL3	Durlach Brühlstraße Mitte	Brühlstraße Mitte	LINESTRING(8.464933 48.992878,8.4649357 48.992867800000006)
279	Karlsruhe	Durlach Blattwiesenstraße	de:08212:4304:11:12	48.993108	8.465247	bus	MATCHED	n4013168976	1.2	0.78	Blattwiesenstraße	24,27	Durlach Bahnhof / Durlach Rommelstraße	Durlach Bahnhof (Steg A) / Rommelstraße	LINESTRING(8.465247 48.993108,8.465257000000001 48.993099900000004)
280	Karlsruhe	Durlach Breit	de:08212:3112:0:1	49.020756	8.477859	bus	MATCHED	n4014639400	12.7	0.44	Auf der Breit	31,31X	Durlach Am Heegwald	Am Heegwald	LINESTRING(8.477859 49.020756,8.477999500000001 49.0208232)
281	Karlsruhe	Durlach Breit	de:08212:3112:0:2	49.02078	8.47821	bus	MATCHED	n4014639399	11.7	0.45	Auf der Breit	31	Hagsfeld Storrenacker Nord	Storrenacker Nord	LINESTRING(8.47821 49.02078,8.4780978 49.020705)
282	Karlsruhe	Durlach Breit	de:08212:3112:0:3	49.020544	8.478919		MATCHED	n4326077239	4.1	0.68	Durlach Breit				LINESTRING(8.478919 49.020544,8.4789519 49.0205136)
283	Karlsruhe	Durlach Breit	de:08212:3112:0:4	49.020361	8.478911		MATCHED	n4326077238	2.7	0.76	Durlach Breit				LINESTRING(8.478911 49.020361,8.478885100000001 49.0203782)
284	Karlsruhe	Durlach Breit	de:08212:3112:0:D	49.020361	8.478911		MATCHED	w434587453	10.1	0.49	Durlach Breit				LINESTRING(8.478911 49.020361,8.47881845 49.020428550000005)
285	Karlsruhe	Durlach Brühlstraße Mitte	de:08212:4305:11:11	48.988516	8.461304	bus	MATCHED	n4013168979	1.1	0.84	Brühlstraße Mitte	24,27,NL3	Durlach Schlesier Straße Ost	Schlesier Straße (Ost)	LINESTRING(8.461304 48.988516,8.4612883 48.9885164)
286	Karlsruhe	Durlach Brühlstraße Mitte	de:08212:4305:11:12	48.988115	8.461124	bus	MATCHED	n4013168977	1.2	0.83	Brühlstraße Mitte	24,27	Durlach Blattwiesenstraße	Blattwiesenstraße	LINESTRING(8.461124 48.988115,8.461135 48.9881065)
287	Karlsruhe	Durlach Dieselstraße	de:08212:4204:0:11	48.996273	8.445053	bus	MATCHED	n530908235	6.1	0.65	Dieselstraße	107,42,44,ALT42,NL13	Durlach Killisfeld / Durlach Ottostraße / Durlach Maybachstraße	Maybachstraße	LINESTRING(8.445053 48.996273,8.4450827 48.9962214)
288	Karlsruhe	Durlach Dieselstraße	de:08212:4204:0:12	48.99619	8.444954	bus	MATCHED	n1223321753	5.8	0.65	Dieselstraße	107,42,44,ALT42,NL13	Durlach Killisfeld / Durlach Ottostraße		LINESTRING(8.444954 48.99619,8.444931500000001 48.996240300000004)
289	Karlsruhe	Durlach Dieselstraße	de:08212:4204:11:11	48.996261	8.445035	bus	NO_MATCH_AND_SEEMS_UNSERVED								POINT(8.445035 48.996261)
290	Karlsruhe	Durlach Dieselstraße	de:08212:4204:12:12	48.996208	8.444972	bus	NO_MATCH_AND_SEEMS_UNSERVED								POINT(8.444972 48.996208)
291	Karlsruhe	Durlach Dieselstraße	de:08212:4204:21:21	48.996532	8.445457		NO_MATCH_AND_SEEMS_UNSERVED								POINT(8.445457 48.996532)
292	Karlsruhe	Durlach Dieselstraße	de:08212:4204:22:22	48.996497	8.445466		NO_MATCH_AND_SEEMS_UNSERVED								POINT(8.445466 48.996497)
293	Karlsruhe	Durlach Dürrbachstraße	de:08212:2302:0:1	48.994811	8.481974	bus	MATCHED	n530715508	13.1	0.57	Dürrbachstraße	23	Durlach Lerchenberg	Lerchenberg	LINESTRING(8.481974 48.994811,8.4820785 48.9947157)
294	Karlsruhe	Durlach Dürrbachstraße	de:08212:2302:0:2	48.994888	8.481947	bus	MATCHED	n4013168983	21.6	0.49	Dürrbachstraße	23,NL3	Durlach Karl-Weysser-Straße	Karl-Weysser-Straße	LINESTRING(8.481947 48.994888,8.4821966 48.9947838)
295	Karlsruhe	Durlach Dürrenwettersbacher Str. 	de:08212:4407:0:1	48.972013	8.473548	bus	MATCHED	n4013168984	8.4	0.64	Dürrenwettersbacher Straße	24,NL11	Bergwald Mitte / Bergwald Mitte / Bergwald Fridtjof-Nansen-Str.	Fridtjof-Nansen-Straße / Bergwald Mitte	LINESTRING(8.473548 48.972013,8.4735043 48.972082400000005)
296	Karlsruhe	Durlach Eisenhafengrund	de:08212:2304:0:1	48.988103	8.491694	bus	MATCHED	n4013168985	9.3	0.61	Eisenhafengrund	23	Durlach Thomashof	Thomashof	LINESTRING(8.491694 48.988103,8.4916047 48.9881625)
297	Karlsruhe	Durlach Eisenhafengrund	de:08212:2304:0:2	48.988716	8.491316	bus	MATCHED	n4013168987	6.7	0.65	Eisenhafengrund	23,NL3	Durlach Lerchenberg	Lerchenberg	LINESTRING(8.491316 48.988716,8.4913837 48.9886752)
298	Karlsruhe	Durlach Ellmendinger Straße	de:08212:4495:11:11	48.994122	8.459408		NO_MATCH_AND_SEEMS_UNSERVED								POINT(8.459408 48.994122)
299	Karlsruhe	Durlach Ellmendinger Straße	de:08212:4495:11:12	48.994122	8.459318		NO_MATCH_AND_SEEMS_UNSERVED								POINT(8.459318 48.994122)
300	Karlsruhe	Durlach Ellmendinger Straße	de:08212:4495:11:A	48.994122	8.459408	bus	NO_MATCH_BUT_OTHER_PLATFORM_MATCHED					NL13	Durlach Killisfeldstraße		POINT(8.459408 48.994122)
301	Karlsruhe	Durlach Ellmendinger Straße	de:08212:4495:12:12	48.994139	8.459327		NO_MATCH_AND_SEEMS_UNSERVED								POINT(8.459327 48.994139)
302	Karlsruhe	Durlach Ellmendinger Straße	de:08212:4495:12:B	48.994139	8.459327	bus	NO_MATCH_BUT_OTHER_PLATFORM_MATCHED					NL13	Durlach Gudrunstraße		POINT(8.459327 48.994139)
303	Karlsruhe	Durlach Ellmendinger Straße	de:08212:4495:1:1	48.994275	8.458968	tram	MATCHED	n1662315290	1.1	1.0	Ellmendinger Straße	2,8,E	Durlach Killisfeldstraße	Killisfeldstraße	LINESTRING(8.458968 48.994275,8.4589654 48.9942657)
304	Karlsruhe	Durlach Ellmendinger Straße	de:08212:4495:23:C	48.994522	8.459561	bus	NO_MATCH_AND_SEEMS_UNSERVED								POINT(8.459561 48.994522)
305	Karlsruhe	Durlach Ellmendinger Straße	de:08212:4495:24:D	48.99454	8.459318	bus	NO_MATCH_AND_SEEMS_UNSERVED								POINT(8.459318 48.99454)
306	Karlsruhe	Durlach Ellmendinger Straße	de:08212:4495:2:2	48.994086	8.458411	tram	MATCHED	n1662315280	2.1	1.0	Ellmendinger Straße	2,8,E	Durlach Ostmarkstraße	Ostmarkstraße	LINESTRING(8.458411 48.994086,8.4584382 48.9940912)
307	Karlsruhe	Durlach Erich-Heckel-Straße	de:08212:4607:0:1	48.988292	8.474796	bus	MATCHED	n766425881	17.2	1.0	Erich-Heckel-Straße	26,NL11	Durlach Parkschlössle / Durlach Ernst-Barlach-Straße	Ernst-Barlach-Straße	LINESTRING(8.474796 48.988292,8.4745697 48.9882507)
308	Karlsruhe	Durlach Ernst-Barlach-Straße	de:08212:4604:0:1	48.989264	8.479009	bus	MATCHED	n766425884	3.2	1.0	Ernst-Barlach-Straße	26,NL11	Durlach Max-Beckmann-Straße	Max-Beckmann-Straße	LINESTRING(8.479009 48.989264,8.478981300000001 48.989285800000005)
309	Karlsruhe	Durlach Ernst-Barlach-Straße	de:08212:4604:0:2	48.989194	8.479063	bus	MATCHED	n766425883	2.1	1.0	Ernst-Barlach-Straße	26,NL11	Durlach Käthe-Kollwitz-Straße	Käthe-Kollwitz-Straße	LINESTRING(8.479063 48.989194,8.479079800000001 48.9891792)
310	Karlsruhe	Durlach Ernst-Barlach-Straße	de:08212:4604:0:C	48.989064	8.478848	bus	NO_MATCH_AND_SEEMS_UNSERVED								POINT(8.478848 48.989064)
311	Karlsruhe	Durlach Friedhof	de:08212:2002:0:1	49.002502	8.483357	bus	MATCHED	w157854367	15.1	0.62	Durlach Friedhof	21,22,31,NL12	Durlach Neßlerstraße / Grötzingen Fröbelstraße / Durlach Am Heegwald	Neßlerstraße / Fröbelstraße / Am Heegwald	LINESTRING(8.483357 49.002502,8.483244500000001 49.002388450000005)
312	Karlsruhe	Durlach Friedhof	de:08212:2002:0:2	49.002496	8.483142	bus	MATCHED	n4013168982	6.2	0.77	Durlach Friedhof	21,22,31,NL12	Durlach Turmberg / Durlach Turmberg / Durlach Karl-Weysser-Straße / Durlach Turmberg	Durlach Turmberg	LINESTRING(8.483142 49.002496,8.483181 49.0025452)
313	Karlsruhe	Durlach Friedhof	de:08212:2002:0:C	49.002426	8.484193		MATCHED	n692974201	72.0	0.13	Durlach Friedhof				LINESTRING(8.484193 49.002426,8.4832099 49.0023884)
314	Karlsruhe	Durlach Friedrichschule	de:08212:16:1:1	48.999338	8.468553	tram	MATCHED	n1717702175	1.4	1.0	Friedrichschule	1,18,8,E,NL2	Durlach Auer Str./Dr. Schwabe / Durlach Gritznerstraße	Gritznerstraße / Auer Straße/Dr. Willmar Schwabe / Tullastraße/Alter Schlachthof	LINESTRING(8.468553 48.999338,8.4685369 48.9993318)
315	Karlsruhe	Durlach Friedrichschule	de:08212:16:1:11	48.999332	8.468607	trainish	NO_MATCH_AND_SEEMS_UNSERVED								POINT(8.468607 48.999332)
316	Karlsruhe	Durlach Friedrichschule	de:08212:16:2:12	48.99929	8.468876	trainish	NO_MATCH_AND_SEEMS_UNSERVED								POINT(8.468876 48.99929)
317	Karlsruhe	Durlach Friedrichschule	de:08212:16:2:2	48.999279	8.468921	tram	MATCHED	n1717702171	13.7	1.0	Friedrichschule	1,18,8,E,NL2	Durlach Schlossplatz	Schlossplatz	LINESTRING(8.468921 48.999279,8.469106 48.999262800000004)
318	Karlsruhe	Durlach Friedrichschule	de:08212:16:91:1	48.999332	8.468607	trainish	NO_MATCH_AND_SEEMS_UNSERVED								POINT(8.468607 48.999332)
319	Karlsruhe	Durlach Friedrichschule	de:08212:16:92:2	48.99929	8.468876	trainish	NO_MATCH_AND_SEEMS_UNSERVED								POINT(8.468876 48.99929)
320	Karlsruhe	Durlach Geigersberg	de:08212:4606:0:1	48.98617	8.474868	bus	MATCHED	n766425879	2.1	1.0	Geigersberg	26,NL11	Durlach August-Macke-Straße	August-Macke-Straße	LINESTRING(8.474868 48.98617,8.4748798 48.986186800000006)
321	Karlsruhe	Durlach Gritznerstraße	de:08212:4499:1:1	48.999461	8.46416	tram	MATCHED	n1139869236	0.8	1.0	Gritznerstraße	1,2,8,E	Durlach Auer Str./Dr. Schwabe / Durlach Friedrichschule	Auer Straße/Dr. Willmar Schwabe / Friedrichschule	LINESTRING(8.46416 48.999461,8.4641705 48.9994596)
322	Karlsruhe	Durlach Gritznerstraße	de:08212:4499:21:21	48.999343	8.4639	bus	NO_MATCH_AND_SEEMS_UNSERVED								POINT(8.4639 48.999343)
323	Karlsruhe	Durlach Gritznerstraße	de:08212:4499:22:22	48.999367	8.463747	bus	NO_MATCH_AND_SEEMS_UNSERVED								POINT(8.463747 48.999367)
324	Karlsruhe	Durlach Gritznerstraße	de:08212:4499:2:2	48.999178	8.463846	tram	MATCHED	n1662385281	0.7	1.0	Gritznerstraße	2,8,E	Durlach Killisfeldstraße / Durlach Pfinztalstraße	Killisfeldstraße	LINESTRING(8.463846 48.999178,8.4638551 48.999177800000005)
325	Karlsruhe	Durlach Gudrunstraße	de:08212:4206:0:11	48.996568	8.455195	bus	NO_MATCH_BUT_OTHER_PLATFORM_MATCHED					107,42,ALT42,NL13	Durlach Ottostraße / Durlach Ottostraße		POINT(8.455195 48.996568)
326	Karlsruhe	Durlach Gudrunstraße	de:08212:4206:0:12	48.996562	8.455482	bus	NO_MATCH_BUT_OTHER_PLATFORM_MATCHED					107,42,ALT42,NL13	Durlach Raiherwiesenstraße / Durlach Ellmendinger Straße		POINT(8.455482 48.996562)
327	Karlsruhe	Durlach Gudrunstraße	de:08212:4206:11:11	48.996591	8.455258	bus	MATCHED	n1820527773	1.5	0.64	Gudrunstraße			Ottostraße	LINESTRING(8.455258 48.996591,8.4552618 48.9966043)
328	Karlsruhe	Durlach Gudrunstraße	de:08212:4206:11:12	48.996509	8.455303	bus	MATCHED	n1820527769	0.5	0.69	Gudrunstraße			Raiherwiesenstraße	LINESTRING(8.455303 48.996509,8.455308200000001 48.9965065)
329	Karlsruhe	Durlach Hubstraße	de:08212:1510:1:1	49.007228	8.472488	tram	MATCHED	n1686060487	14.4	0.26	Hubstraße			Grötzingen Bahnhof	LINESTRING(8.472488 49.007228,8.472674600000001 49.007269)
330	Karlsruhe	Durlach Hubstraße	de:08212:1510:2:2	49.007081	8.472011	tram	MATCHED	n1686053351	11.9	0.29	Hubstraße			Karlsruhe-Durlach	LINESTRING(8.472011 49.007081,8.472152600000001 49.0071341)
331	Karlsruhe	Durlach Karl-Weysser-Straße	de:08212:19:11:11	48.998583	8.47671	bus	MATCHED	n764286913	2.5	0.62	Karl-Weysser-Straße	21,23,24,26,27,NL11,NL12,NL3	Durlach Turmberg / Durlach Schlossplatz / Durlach Turmberg / Durlach Turmberg	Durlach Turmberg / Durlach Schlossplatz / Hohenwettersbach Rathaus	LINESTRING(8.47671 48.998583,8.476739100000001 48.998595200000004)
332	Karlsruhe	Durlach Karl-Weysser-Straße	de:08212:19:1:1	48.998678	8.476719	tram	MATCHED	n31100886	3.1	1.0	Karl-Weysser-Straße	1,18,8,E,NL2	Durlach Schlossplatz	Schlossplatz	LINESTRING(8.476719 48.998678,8.4766859 48.998696100000004)
333	Karlsruhe	Durlach Kieselweg	de:08212:4009:0:11	48.992188	8.440624		NO_MATCH_AND_SEEMS_UNSERVED								POINT(8.440624 48.992188)
334	Karlsruhe	Durlach Kieselweg	de:08212:4009:0:12	48.992224	8.441002		NO_MATCH_AND_SEEMS_UNSERVED								POINT(8.441002 48.992224)
335	Karlsruhe	Durlach Killisfeld	de:08212:4008:0:11	48.993084	8.444963	bus	MATCHED	w151226958	6.2	0.5	Killisfeld	107,42,44,ALT42,NL13	Durlach Dieselstraße / Durlach Dieselstraße	Dieselstraße	LINESTRING(8.444963 48.993084,8.445047500000001 48.99308465)
336	Karlsruhe	Durlach Killisfeld	de:08212:4008:0:12	48.993037	8.444945	bus	MATCHED	w151226959	5.4	0.52	Killisfeld	107,42,44,ALT42,NL13	Durlach Wachhausstraße	Wachhausstraße	LINESTRING(8.444945 48.993037,8.444871899999999 48.993033100000005)
337	Karlsruhe	Durlach Killisfeld	de:08212:4008:11:11	48.993096	8.444999	bus	NO_MATCH_AND_SEEMS_UNSERVED								POINT(8.444999 48.993096)
338	Karlsruhe	Durlach Killisfeld	de:08212:4008:11:12	48.993031	8.444882	bus	NO_MATCH_AND_SEEMS_UNSERVED								POINT(8.444882 48.993031)
339	Karlsruhe	Durlach Killisfeldstraße	de:08212:4497:11:11	48.997145	8.462202		NO_MATCH_AND_SEEMS_UNSERVED								POINT(8.462202 48.997145)
340	Karlsruhe	Durlach Killisfeldstraße	de:08212:4497:11:12	48.997204	8.461995		NO_MATCH_AND_SEEMS_UNSERVED								POINT(8.461995 48.997204)
341	Karlsruhe	Durlach Killisfeldstraße	de:08212:4497:11:A	48.997145	8.462202	bus	NO_MATCH_BUT_OTHER_PLATFORM_MATCHED					NL13	Durlach Bahnhof		POINT(8.462202 48.997145)
342	Karlsruhe	Durlach Killisfeldstraße	de:08212:4497:12:12	48.997192	8.462031		NO_MATCH_AND_SEEMS_UNSERVED								POINT(8.462031 48.997192)
343	Karlsruhe	Durlach Killisfeldstraße	de:08212:4497:12:B	48.997192	8.462031	bus	NO_MATCH_BUT_OTHER_PLATFORM_MATCHED					NL13	Durlach Ellmendinger Straße		POINT(8.462031 48.997192)
344	Karlsruhe	Durlach Killisfeldstraße	de:08212:4497:1:1	48.997169	8.461843	tram	MATCHED	n1662353796	2.1	1.0	Killisfeldstraße	2,8,E	Durlach Gritznerstraße	Gritznerstraße	LINESTRING(8.461843 48.997169,8.4618645 48.9971563)
345	Karlsruhe	Durlach Killisfeldstraße	de:08212:4497:21:21	48.997239	8.460827	bus	NO_MATCH_AND_SEEMS_UNSERVED								POINT(8.460827 48.997239)
346	Karlsruhe	Durlach Killisfeldstraße	de:08212:4497:22:22	48.997487	8.46133	bus	NO_MATCH_AND_SEEMS_UNSERVED								POINT(8.46133 48.997487)
347	Karlsruhe	Durlach Killisfeldstraße	de:08212:4497:23:23	48.997239	8.460827	bus	NO_MATCH_AND_SEEMS_UNSERVED								POINT(8.460827 48.997239)
348	Karlsruhe	Durlach Killisfeldstraße	de:08212:4497:23:C	48.997239	8.460827	bus	NO_MATCH_AND_SEEMS_UNSERVED								POINT(8.460827 48.997239)
349	Karlsruhe	Durlach Killisfeldstraße	de:08212:4497:24:24	48.997793	8.462112	bus	NO_MATCH_AND_SEEMS_UNSERVED								POINT(8.462112 48.997793)
350	Karlsruhe	Durlach Killisfeldstraße	de:08212:4497:24:D	48.997793	8.462112	bus	NO_MATCH_AND_SEEMS_UNSERVED								POINT(8.462112 48.997793)
351	Karlsruhe	Durlach Killisfeldstraße	de:08212:4497:2:2	48.997564	8.462157	tram	MATCHED	n1662385282	1.5	1.0	Killisfeldstraße	2,8,E	Durlach Ellmendinger Straße	Ellmendinger Straße	LINESTRING(8.462157 48.997564,8.462152300000001 48.997550800000006)
352	Karlsruhe	Durlach Kunsthaus Am Geigersb. 	de:08212:92:1:1	48.992978	8.477509	bus	NO_MATCH_AND_SEEMS_UNSERVED								POINT(8.477509 48.992978)
353	Karlsruhe	Durlach Kunsthaus Am Geigersb. 	de:08212:92:1:2	48.992978	8.477491	bus	NO_MATCH_AND_SEEMS_UNSERVED								POINT(8.477491 48.992978)
354	Karlsruhe	Durlach Käthe-Kollwitz-Straße	de:08212:4603:0:1	48.993114	8.478614	bus	MATCHED	n764043462	1.9	1.0	Käthe-Kollwitz-Straße	26,NL11	Durlach Ernst-Barlach-Straße	Ernst-Barlach-Straße	LINESTRING(8.478614 48.993114,8.478592800000001 48.993104200000005)
355	Karlsruhe	Durlach Käthe-Kollwitz-Straße	de:08212:4603:0:2	48.993155	8.478722	bus	MATCHED	n765977823	1.8	1.0	Käthe-Kollwitz-Straße	26,NL11	Durlach Lußstraße	Lußstraße	LINESTRING(8.478722 48.993155,8.4787257 48.9931393)
356	Karlsruhe	Durlach Lerchenberg	de:08212:2303:0:1	48.992218	8.48669	bus	MATCHED	n4013189198	8.6	0.56	Lerchenberg	23	Durlach Eisenhafengrund	Eisenhafengrund	LINESTRING(8.48669 48.992218,8.4865808 48.992189800000006)
357	Karlsruhe	Durlach Lerchenberg	de:08212:2303:0:2	48.991563	8.488262	bus	MATCHED	n4013189197	1.7	0.71	Lerchenberg	23,NL3	Durlach Dürrbachstraße	Dürrbachstraße	LINESTRING(8.488262 48.991563,8.4882832 48.9915571)
358	Karlsruhe	Durlach Lußstraße	de:08212:4602:0:1	48.995212	8.477868	bus	MATCHED	n767435358	1.4	1.0	Lußstraße	26,NL11	Durlach Käthe-Kollwitz-Straße	Käthe-Kollwitz-Straße	LINESTRING(8.477868 48.995212,8.4778496 48.995207400000005)
359	Karlsruhe	Durlach Lußstraße	de:08212:4602:0:2	48.995159	8.477985	bus	MATCHED	n767435360	1.9	1.0	Lußstraße	26,NL11	Durlach Karl-Weysser-Straße	Karl-Weysser-Straße	LINESTRING(8.477985 48.995159,8.4780066 48.995149600000005)
360	Karlsruhe	Durlach Max-Beckmann-Straße	de:08212:4605:0:1	48.98792	8.477491	bus	MATCHED	n766425878	5.0	1.0	Max-Beckmann-Straße	26,NL11	Durlach Geigersberg	Geigersberg	LINESTRING(8.477491 48.98792,8.4774869 48.987964600000005)
361	Karlsruhe	Durlach Max-Liebermann-Straße	de:08212:4505:1:1	48.988074	8.470152	bus	MATCHED	n692974280	28.6	1.0	Max-Liebermann-Straße	24,27,NL11	Durlach Zündhütle / Wolfartsweier Nord / Durlach Tiefentalstraße	Zündhütle / Wolfartsweier Nord / Medersbuckel	LINESTRING(8.470152 48.988074,8.4698747 48.9878931)
362	Karlsruhe	Durlach Max-Liebermann-Straße	de:08212:4505:1:2	48.988581	8.470763	bus	MATCHED	n26934161	29.6	1.0	Max-Liebermann-Straße	27,NL11	Durlach Rommelstraße / Durlach Parkschlössle	Rommelstraße	LINESTRING(8.470763 48.988581,8.4710233 48.988784700000004)
363	Karlsruhe	Durlach Maybachstraße	de:08212:4203:0:11	48.997104	8.439124	bus	MATCHED	n2509474323	1.6	0.77	Maybachstraße	42,44,ALT42	Durlach Tiefbauamt	Tiefbauamt	LINESTRING(8.439124 48.997104,8.4391049 48.997097100000005)
364	Karlsruhe	Durlach Maybachstraße	de:08212:4203:0:12	48.996945	8.43837	bus	MATCHED	n2508530832	3.3	0.73	Maybachstraße	42,44,ALT42	Durlach Dieselstraße	Dieselstraße	LINESTRING(8.43837 48.996945,8.4383254 48.9969389)
365	Karlsruhe	Durlach Maybachstraße	de:08212:4203:0:13	48.997234	8.439564	bus	NO_MATCH_AND_SEEMS_UNSERVED								POINT(8.439564 48.997234)
366	Karlsruhe	Durlach Maybachstraße	de:08212:4203:0:14	48.997239	8.439483	bus	MATCHED	w562270935	25.3	0.28	Maybachstraße				LINESTRING(8.439483 48.997239,8.43919517467518 48.99711334135638)
367	Karlsruhe	Durlach Neßlerstraße	de:08212:2004:0:1	49.002438	8.487013	bus	MATCHED	n1859483779	10.1	0.55	Neßlerstraße	22,NL12	Grötzingen Emil-Arheit-Halle / Grötzingen LTZ Augustenberg	LTZ Augustenberg	LINESTRING(8.487013 49.002438,8.4868953 49.002391200000005)
368	Karlsruhe	Durlach Ochsentorstraße	de:08212:3114:0:1	49.0013	8.473332	bus	MATCHED	n4014639417	3.5	1.0	Ochsentorstraße	31,SEV	Durlach An der Fayence	An der Fayence	LINESTRING(8.473332 49.0013,8.4733733 49.0013152)
369	Karlsruhe	Durlach Ochsentorstraße	de:08212:3114:0:2	49.001265	8.473754	bus	MATCHED	n4014639416	4.9	1.0	Ochsentorstraße	31,SEV	Durlach Turmberg	Durlach Turmberg	LINESTRING(8.473754 49.001265,8.4736908 49.0012513)
370	Karlsruhe	Durlach Ostmarkstraße	de:08212:4494:11:11	48.991699	8.4525		NO_MATCH_AND_SEEMS_UNSERVED								POINT(8.4525 48.991699)
371	Karlsruhe	Durlach Ostmarkstraße	de:08212:4494:11:12	48.991569	8.452761		NO_MATCH_AND_SEEMS_UNSERVED								POINT(8.452761 48.991569)
372	Karlsruhe	Durlach Ostmarkstraße	de:08212:4494:11:A	48.991699	8.4525	bus	NO_MATCH_BUT_OTHER_PLATFORM_MATCHED					NL13	Durlach Wachhausstraße		POINT(8.4525 48.991699)
373	Karlsruhe	Durlach Ostmarkstraße	de:08212:4494:12:12	48.991575	8.452743		NO_MATCH_AND_SEEMS_UNSERVED								POINT(8.452743 48.991575)
374	Karlsruhe	Durlach Ostmarkstraße	de:08212:4494:12:B	48.991575	8.452743	bus	NO_MATCH_BUT_OTHER_PLATFORM_MATCHED					NL13	Durlach Schlesier Straße West		POINT(8.452743 48.991575)
375	Karlsruhe	Durlach Ostmarkstraße	de:08212:4494:1:1	48.992265	8.453605	tram	MATCHED	n1660653733	36.2	1.0	Ostmarkstraße	2,8,E	Durlach Ellmendinger Straße	Ellmendinger Straße	LINESTRING(8.453605 48.992265,8.453192900000001 48.992084000000006)
376	Karlsruhe	Durlach Ostmarkstraße	de:08212:4494:23:C	48.992005	8.450883	bus	NO_MATCH_AND_SEEMS_UNSERVED								POINT(8.450883 48.992005)
377	Karlsruhe	Durlach Ostmarkstraße	de:08212:4494:24:D	48.992194	8.450236	bus	NO_MATCH_AND_SEEMS_UNSERVED								POINT(8.450236 48.992194)
378	Karlsruhe	Durlach Ostmarkstraße	de:08212:4494:2:2	48.991168	8.4525	tram	MATCHED	n1660586111	15.4	1.0	Ostmarkstraße	2,8,E	Durlach Schlesier Straße West	Schlesier Straße (West)	LINESTRING(8.4525 48.991168,8.4524795 48.991030300000006)
379	Karlsruhe	Durlach Ottostraße	de:08212:4205:0:11	48.995236	8.450335	bus	MATCHED	n3991093467	0.4	0.62	Ottostraße	107,42,ALT42	Durlach Wachhausstraße		LINESTRING(8.450335 48.995236,8.4503313 48.995238400000005)
380	Karlsruhe	Durlach Ottostraße	de:08212:4205:0:12	48.994994	8.450066	bus	MATCHED	w422430057	5.0	0.62	Ottostraße	107,42,ALT42	Durlach Gudrunstraße	Gudrunstraße	LINESTRING(8.450066 48.994994,8.4500529 48.99495025)
381	Karlsruhe	Durlach Ottostraße	de:08212:4205:0:13	48.995713	8.450218	bus	MATCHED	n4016099630	10.8	0.36	Ottostraße	107,NL13	Durlach Dieselstraße / Durlach Dieselstraße		LINESTRING(8.450218 48.995713,8.4503562 48.9956789)
382	Karlsruhe	Durlach Ottostraße	de:08212:4205:0:14	48.995613	8.450254	bus	MATCHED	w151222258	6.5	0.43	Ottostraße	107,NL13	Durlach Gudrunstraße		LINESTRING(8.450254 48.995613,8.450167897292461 48.995598696847395)
383	Karlsruhe	Durlach Ottostraße	de:08212:4205:11:11	48.995259	8.450344	bus	MATCHED	w422430058	1.4	0.57	Ottostraße			Wachhausstraße	LINESTRING(8.450344 48.995259,8.450360700000001 48.99526515)
384	Karlsruhe	Durlach Ottostraße	de:08212:4205:12:12	48.99497	8.450102	bus	MATCHED	n3991093468	2.9	0.52	Ottostraße				LINESTRING(8.450102 48.99497,8.450069000000001 48.994984900000006)
385	Karlsruhe	Durlach Ottostraße	de:08212:4205:13:13	48.995619	8.450164	bus	MATCHED	n4016099629	3.3	0.51	Ottostraße				LINESTRING(8.450164 48.995619,8.450119200000001 48.9956169)
386	Karlsruhe	Durlach Ottostraße	de:08212:4205:14:14	48.995701	8.450227	bus	MATCHED	w151222259	4.6	0.47	Ottostraße				LINESTRING(8.450227 48.995701,8.450288385073856 48.99570849780893)
387	Karlsruhe	Durlach Parkschlössle	de:08212:4503:0:1	48.995424	8.4752	bus	MATCHED	n1212631667	0.5	1.0	Parkschlößle	24,27,NL11,NL3	Durlach Rommelstraße / Durlach Rommelstraße / Durlach Max-Liebermann-Straße	Rommelstraße / Max-Liebermann-Straße	LINESTRING(8.4752 48.995424,8.475192700000001 48.9954229)
388	Karlsruhe	Durlach Parkschlössle	de:08212:4503:0:2	48.995518	8.47538	bus	MATCHED	n26934163	26.4	1.0	Parkschlößle	24,27,NL11	Durlach Max-Beckmann-Straße / Durlach Schlossplatz / Durlach Karl-Weysser-Straße	Karl-Weysser-Straße / Durlach Turmberg / Durlach Schlossplatz	LINESTRING(8.47538 48.995518,8.475625800000001 48.9956917)
389	Karlsruhe	Durlach Pfinztalstraße	de:08212:798:1:1	48.999951	8.465265	tram	NO_MATCH					2,E	Durlach Auer Str./Dr. Schwabe		POINT(8.465265 48.999951)
390	Karlsruhe	Durlach Pfinztalstraße	de:08212:798:2:2	48.999697	8.466154	tram	NO_MATCH					1	Durlach Gritznerstraße		POINT(8.466154 48.999697)
391	Karlsruhe	Durlach Pforzheimer Str. /Abst. 	de:08212:800:1:1	49.001129	8.466235	tram	NO_MATCH_AND_SEEMS_UNSERVED								POINT(8.466235 49.001129)
392	Karlsruhe	Durlach Pforzheimer Straße	de:08212:799:3:3	49.000381	8.465211	tram	MATCHED	n247996834	166.7	1.0	Durlach Pforzheimer Straße	1,E	Durlach Auer Str./Dr. Schwabe		LINESTRING(8.465211 49.000381,8.4667066 49.001513100000004)
393	Karlsruhe	Durlach Raiherwiesenstraße	de:08212:4002:0:11	48.997458	8.458725	bus	NO_MATCH_BUT_OTHER_PLATFORM_MATCHED					107,42,ALT42	Durlach Gudrunstraße		POINT(8.458725 48.997458)
394	Karlsruhe	Durlach Raiherwiesenstraße	de:08212:4002:0:12	48.99797	8.458492	bus	MATCHED	w386754781	3.7	0.7	Raiherwiesenstraße	107,42,ALT42	Durlach Bahnhof / Durlach Bahnhof	Durlach Bahnhof (Steg A) / Durlach Bahnhof	LINESTRING(8.458492 48.99797,8.458536614218794 48.99798589659763)
395	Karlsruhe	Durlach Raiherwiesenstraße	de:08212:4002:11:11	48.997487	8.458609	bus	MATCHED	w386750580	0.8	0.68	Raiherwiesenstraße			Gudrunstraße	LINESTRING(8.458609 48.997487,8.458617494184073 48.99749187706254)
396	Karlsruhe	Durlach Raiherwiesenstraße	de:08212:4002:12:12	48.99797	8.458528	bus	NO_MATCH_AND_SEEMS_UNSERVED								POINT(8.458528 48.99797)
397	Karlsruhe	Durlach Rommelstraße	de:08212:4504:1:1	48.992224	8.473062	bus	NO_MATCH_BUT_OTHER_PLATFORM_MATCHED					24,27	Durlach Max-Liebermann-Straße / Durlach Tiefentalstraße		POINT(8.473062 48.992224)
398	Karlsruhe	Durlach Rommelstraße	de:08212:4504:1:2	48.992271	8.473215	bus	MATCHED	n26934162	8.9	1.0	Rommelstraße	24,27	Durlach Parkschlössle	Parkschlößle	LINESTRING(8.473215 48.992271,8.473297 48.99233)
399	Karlsruhe	Durlach Rommelstraße	de:08212:4504:2:3	48.992082	8.472191	bus	MATCHED	n3396798093	15.8	1.0	Rommelstraße	24,27,NL3	Durlach Blattwiesenstraße	Blattwiesenstraße	LINESTRING(8.472191 48.992082,8.4724061 48.992075400000004)
400	Karlsruhe	Durlach Rommelstraße	de:08212:4504:2:4	48.99197	8.472425		NO_MATCH_AND_SEEMS_UNSERVED								POINT(8.472425 48.99197)
401	Karlsruhe	Durlach Schlesier Straße Ost	de:08212:4302:11:11	48.986282	8.459696	bus	MATCHED	n4013189205	1.3	0.83	Schlesier Straße (Ost)	24,27,NL3	Durlach Zündhütle	Tiefentalstraße	LINESTRING(8.459696 48.986282,8.4596848 48.9862911)
402	Karlsruhe	Durlach Schlesier Straße Ost	de:08212:4302:11:12	48.985757	8.459085	bus	MATCHED	n4013189203	5.7	0.7	Schlesier Straße (Ost)	24,27	Durlach Brühlstraße Mitte	Brühlstraße Mitte	LINESTRING(8.459085 48.985757,8.459161100000001 48.985766000000005)
403	Karlsruhe	Durlach Schlesier Straße West	de:08212:4493:11:11	48.988351	8.452976		NO_MATCH_AND_SEEMS_UNSERVED								POINT(8.452976 48.988351)
404	Karlsruhe	Durlach Schlesier Straße West	de:08212:4493:11:12	48.988386	8.452922		NO_MATCH_AND_SEEMS_UNSERVED								POINT(8.452922 48.988386)
405	Karlsruhe	Durlach Schlesier Straße West	de:08212:4493:11:A	48.988351	8.452976	bus	NO_MATCH_BUT_OTHER_PLATFORM_MATCHED					NL13	Durlach Ostmarkstraße		POINT(8.452976 48.988351)
406	Karlsruhe	Durlach Schlesier Straße West	de:08212:4493:12:12	48.988374	8.452904		NO_MATCH_AND_SEEMS_UNSERVED								POINT(8.452904 48.988374)
407	Karlsruhe	Durlach Schlesier Straße West	de:08212:4493:12:B	48.988374	8.452904	bus	NO_MATCH_BUT_OTHER_PLATFORM_MATCHED					NL13	Durlach Steiermärker Straße		POINT(8.452904 48.988374)
408	Karlsruhe	Durlach Schlesier Straße West	de:08212:4493:1:1	48.988758	8.452213	tram	MATCHED	n1659131665	3.7	1.0	Schlesier Straße (West)	2,8,E	Durlach Ostmarkstraße	Ostmarkstraße	LINESTRING(8.452213 48.988758,8.452216700000001 48.9887251)
409	Karlsruhe	Durlach Schlesier Straße West	de:08212:4493:21:21	48.98831	8.451997	bus	NO_MATCH_AND_SEEMS_UNSERVED								POINT(8.451997 48.98831)
410	Karlsruhe	Durlach Schlesier Straße West	de:08212:4493:22:22	48.988286	8.45206	bus	NO_MATCH_AND_SEEMS_UNSERVED								POINT(8.45206 48.988286)
411	Karlsruhe	Durlach Schlesier Straße West	de:08212:4493:23:23	48.98828	8.452078	bus	NO_MATCH_AND_SEEMS_UNSERVED								POINT(8.452078 48.98828)
412	Karlsruhe	Durlach Schlesier Straße West	de:08212:4493:23:C	48.98828	8.452078	bus	NO_MATCH_AND_SEEMS_UNSERVED								POINT(8.452078 48.98828)
413	Karlsruhe	Durlach Schlesier Straße West	de:08212:4493:24:24	48.988321	8.451988	bus	NO_MATCH_AND_SEEMS_UNSERVED								POINT(8.451988 48.988321)
414	Karlsruhe	Durlach Schlesier Straße West	de:08212:4493:24:D	48.988321	8.451988	bus	NO_MATCH_AND_SEEMS_UNSERVED								POINT(8.451988 48.988321)
415	Karlsruhe	Durlach Schlesier Straße West	de:08212:4493:2:2	48.988416	8.452195	tram	MATCHED	n1659131662	2.0	1.0	Schlesier Straße (West)	2,8,E	Durlach Steiermärker Straße	Steiermärker Straße	LINESTRING(8.452195 48.988416,8.4522005 48.988434000000005)
416	Karlsruhe	Durlach Schlossplatz	de:08212:17:11:11	48.999025	8.474482	bus	MATCHED	n300425132	2.2	0.82	Durlach Schlossplatz	21,23,24,26,NL3	Durlach Turmberg / Durlach Turmberg / Durlach Turmberg	Durlach Turmberg / Hohenwettersbach Rathaus / Parkschlößle	LINESTRING(8.474482 48.999025,8.474510500000001 48.999019100000005)
417	Karlsruhe	Durlach Schlossplatz	de:08212:17:1:1	48.99912	8.473557	tram	MATCHED	n1447726306	2.9	1.0	Schlossplatz	1,18,8,E,NL2	Durlach Friedrichschule	Friedrichschule	LINESTRING(8.473557 48.99912,8.4735181 48.9991156)
418	Karlsruhe	Durlach Schlossplatz	de:08212:17:1:13	48.999125	8.473817	trainish	NO_MATCH_AND_SEEMS_UNSERVED								POINT(8.473817 48.999125)
419	Karlsruhe	Durlach Schlossplatz	de:08212:17:2:14	48.999096	8.473736	trainish	NO_MATCH_AND_SEEMS_UNSERVED								POINT(8.473736 48.999096)
420	Karlsruhe	Durlach Schlossplatz	de:08212:17:2:2	48.999149	8.474293	tram	MATCHED	n1447726312	6.4	1.0	Schlossplatz	1,18,8,E,NL2	Durlach Turmberg / Durlach Turmberg	Durlach Turmberg	LINESTRING(8.474293 48.999149,8.474380100000001 48.9991519)
421	Karlsruhe	Durlach Schlossplatz	de:08212:17:91:1	48.999125	8.473817	trainish	NO_MATCH_AND_SEEMS_UNSERVED								POINT(8.473817 48.999125)
422	Karlsruhe	Durlach Schlossplatz	de:08212:17:92:2	48.999096	8.473736	trainish	NO_MATCH_AND_SEEMS_UNSERVED								POINT(8.473736 48.999096)
423	Karlsruhe	Durlach Schule am Turmberg	de:08212:91026:0:1	49.000787	8.482396		NO_MATCH_AND_SEEMS_UNSERVED								POINT(8.482396 49.000787)
424	Karlsruhe	Durlach Sportschule Schöneck	de:08212:22:1:1	48.996438	8.486043		NO_MATCH_AND_SEEMS_UNSERVED								POINT(8.486043 48.996438)
425	Karlsruhe	Durlach Steiermärker Straße	de:08212:4496:11:11	48.985704	8.456453		NO_MATCH_AND_SEEMS_UNSERVED								POINT(8.456453 48.985704)
426	Karlsruhe	Durlach Steiermärker Straße	de:08212:4496:11:A	48.985704	8.456453	bus	NO_MATCH_BUT_OTHER_PLATFORM_MATCHED					NL13	Durlach Schlesier Straße West		POINT(8.456453 48.985704)
427	Karlsruhe	Durlach Steiermärker Straße	de:08212:4496:1:1	48.985916	8.455797	tram	MATCHED	n1659034010	4.5	1.0	Steiermärker Straße	2,8,E	Durlach Schlesier Straße West	Schlesier Straße (West)	LINESTRING(8.455797 48.985916,8.4557397 48.9859309)
428	Karlsruhe	Durlach Steiermärker Straße	de:08212:4496:22:22	48.985739	8.456444	bus	NO_MATCH_AND_SEEMS_UNSERVED								POINT(8.456444 48.985739)
429	Karlsruhe	Durlach Steiermärker Straße	de:08212:4496:23:C	48.986547	8.457719	bus	NO_MATCH_AND_SEEMS_UNSERVED								POINT(8.457719 48.986547)
430	Karlsruhe	Durlach Steiermärker Straße	de:08212:4496:24:D	48.986441	8.457827	bus	NO_MATCH_AND_SEEMS_UNSERVED								POINT(8.457827 48.986441)
431	Karlsruhe	Durlach Steiermärker Straße	de:08212:4496:2:2	48.98571	8.456219	tram	MATCHED	n1660518529	1.0	1.0	Steiermärker Straße	2,8,E	Durlach Zündhütle	Zündhütle	LINESTRING(8.456219 48.98571,8.456221900000001 48.985701500000005)
432	Karlsruhe	Durlach Thomashof	de:08212:2305:0:1	48.967148	8.504468	bus	MATCHED	n931613670	11.2	0.49	Thomashof	158,23	Stupferich Gerberastraße	Gerberastraße	LINESTRING(8.504468 48.967148,8.5044033 48.9672392)
433	Karlsruhe	Durlach Thomashof	de:08212:2305:0:2	48.967762	8.504297	bus	MATCHED	n931613679	11.8	0.48	Thomashof	23,NL3	Durlach Eisenhafengrund	Eisenhafengrund	LINESTRING(8.504297 48.967762,8.5043465 48.9676612)
434	Karlsruhe	Durlach Tiefbauamt	de:08212:4202:0:11	48.996727	8.432369	bus	MATCHED	n2509474326	0.4	0.74	Tiefbauamt	42,44,ALT42	Karlsruhe Hauptbahnhof Süd / Karlsruhe Wolfartsweierer Str.	Hauptbahnhof (Vorplatz) Gleis 24 / Wolfartsweierer Straße	LINESTRING(8.432369 48.996727,8.432365800000001 48.9967246)
435	Karlsruhe	Durlach Tiefbauamt	de:08212:4202:0:12	48.996562	8.433501	bus	MATCHED	n2508530833	15.5	0.47	Tiefbauamt	42,44,ALT42	Durlach Maybachstraße	Maybachstraße	LINESTRING(8.433501 48.996562,8.4332904 48.9965449)
436	Karlsruhe	Durlach Tiefbauamt	de:08212:4202:0:21	48.996803	8.431902	bus	NO_MATCH_AND_SEEMS_UNSERVED								POINT(8.431902 48.996803)
437	Karlsruhe	Durlach Tiefentalstraße	de:08212:4308:11:11	48.973511	8.473009	bus	MATCHED	n4013189206	17.8	0.49	Tiefentalstraße	24,NL11	Hohenwettersbach Rathaus / Durlach Dürrenwettersbacher Str.	Dürrenwettersbacher Straße	LINESTRING(8.473009 48.973511,8.472918400000001 48.9736593)
438	Karlsruhe	Durlach Tiefentalstraße	de:08212:4308:11:13	48.973193	8.473305	bus	MATCHED	n4013189208	3.2	0.71	Tiefentalstraße	44	Durlach Zündhütle / Durlach Zündhütle	Zündhütle	LINESTRING(8.473305 48.973193,8.4733487 48.9731888)
439	Karlsruhe	Durlach Tiefentalstraße	de:08212:4308:12:12	48.973246	8.473619	bus	MATCHED	n4013189209	8.0	0.45	Tiefentalstraße	24,NL11	Durlach Zündhütle / Durlach Zündhütle	Max-Liebermann-Straße / Zündhütle / Schlesier Straße (Ost)	LINESTRING(8.473619 48.973246,8.4736092 48.9733177)
440	Karlsruhe	Durlach Tiefentalstraße	de:08212:4308:12:14	48.973228	8.473557	bus	MATCHED	n1309984874	8.8	0.44	Tiefentalstraße	24,44	Hohenwettersbach Medersbuckel	Medersbuckel	LINESTRING(8.473557 48.973228,8.4734368 48.973236)
441	Karlsruhe	Durlach Turmberg	de:08212:18:12:9	48.999438	8.478686	bus	MATCHED	n300425130	3.6	0.84	Durlach Turmberg	21	Durlach Karl-Weysser-Straße / Durlach Schlossplatz	Durlach Schlossplatz	LINESTRING(8.478686 48.999438,8.4786389 48.999429500000005)
442	Karlsruhe	Durlach Turmberg	de:08212:18:13:12	49.00021	8.478084	bus	MATCHED	n3396513794	19.3	0.57	Durlach Turmberg	31,SEV	Durlach Ochsentorstraße	Ochsentorstraße	LINESTRING(8.478084 49.00021,8.477865300000001 49.0003078)
443	Karlsruhe	Durlach Turmberg	de:08212:18:1:1	48.999874	8.478515	tram	MATCHED_AMBIGUOUSLY	n3755136428	1.7	1.0	Durlach Turmberg	1,E,NL2	Durlach Karl-Weysser-Straße	Karl-Weysser-Straße	LINESTRING(8.478515 48.999874,8.4785347 48.999865500000006)
444	Karlsruhe	Durlach Turmberg	de:08212:18:1:1	48.999874	8.478515	tram	MATCHED_AMBIGUOUSLY	w846782446	41.1	1.0	Durlach Turmberg	1,E,NL2	Durlach Karl-Weysser-Straße	Durlach Friedhof / Karl-Weysser-Straße	LINESTRING(8.478515 48.999874,8.478022750000001 49.0000524)
445	Karlsruhe	Durlach Turmberg	de:08212:18:1:2	48.999897	8.478551	tram	MATCHED	n3755136429	33.9	1.0	Durlach Turmberg	1,18,8,E	Durlach Karl-Weysser-Straße	Karl-Weysser-Straße	LINESTRING(8.478551 48.999897,8.478161700000001 49.0000626)
446	Karlsruhe	Durlach Turmberg	de:08212:18:1:3	48.999933	8.478237	bus	NO_MATCH_BUT_OTHER_PLATFORM_MATCHED					22	Durlach Friedhof		POINT(8.478237 48.999933)
447	Karlsruhe	Durlach Turmberg	de:08212:18:1:4	49.000251	8.477877	bus	MATCHED	n3396527293	7.1	0.75	Durlach Turmberg	23,24,31,NL12,SEV	Durlach Parkschlössle / Durlach Turmberg / Durlach Friedhof	Zündhütle / Parkschlößle / Lußstraße / Dürrbachstraße / Durlach Friedhof	LINESTRING(8.477877 49.000251,8.477912400000001 49.0001915)
448	Karlsruhe	Durlach Turmberg	de:08212:18:1:5	49.000127	8.478165	bus	MATCHED	n3396527193	5.5	0.78	Durlach Turmberg	21,23,24,26,27	Durlach Friedhof / Durlach Parkschlössle / Grötzingen	Lußstraße / Dürrbachstraße / Parkschlößle / Zündhütle / Durlach Friedhof	LINESTRING(8.478165 49.000127,8.478183300000001 49.000078800000004)
449	Karlsruhe	Durlach Turmberg	de:08212:18:1:6	49.000009	8.478443	bus	MATCHED	n3396527493	61.5	0.36	Durlach Turmberg	21,23,24,26,NL11,NL3	Durlach Parkschlössle / Durlach Dürrbachstraße / Durlach Lußstraße	Lußstraße / Dürrbachstraße / Parkschlößle / Zündhütle / Durlach Friedhof	LINESTRING(8.478443 49.000009,8.4777059 49.00027600000001)
450	Karlsruhe	Durlach Turmberg	de:08212:18:21:21	48.999868	8.479234		NO_MATCH_AND_SEEMS_UNSERVED								POINT(8.479234 48.999868)
451	Karlsruhe	Durlach Turmberg	de:08212:18:21:22	48.999862	8.479315		NO_MATCH_AND_SEEMS_UNSERVED								POINT(8.479315 48.999862)
452	Karlsruhe	Durlach Turmberg	de:08212:18:41:1	48.999892	8.478479	trainish	NO_MATCH_AND_SEEMS_UNSERVED								POINT(8.478479 48.999892)
453	Karlsruhe	Durlach Turmberg	de:08212:18:91:1	48.999892	8.478479	trainish	NO_MATCH_AND_SEEMS_UNSERVED								POINT(8.478479 48.999892)
454	Karlsruhe	Durlach Turmberg/Abst. 	de:08212:20:0:1	49.012891	8.383357		NO_MATCH_AND_SEEMS_UNSERVED								POINT(8.383357 49.012891)
455	Karlsruhe	Durlach Turmberg/Abst. 	de:08212:20:1:1	48.999945	8.478443	tram	NO_MATCH_AND_SEEMS_UNSERVED								POINT(8.478443 48.999945)
456	Karlsruhe	Durlach Uhrenmuseum	de:08212:93:1:1	48.989901	8.501234	bus	NO_MATCH_AND_SEEMS_UNSERVED								POINT(8.501234 48.989901)
457	Karlsruhe	Durlach Uhrenmuseum	de:08212:93:1:2	48.989972	8.50118	bus	NO_MATCH_AND_SEEMS_UNSERVED								POINT(8.50118 48.989972)
458	Karlsruhe	Durlach Untermühlstraße	de:08212:10:1:1	49.002072	8.45497	tram	MATCHED	n1138378537	8.7	1.0	Untermühlstraße	1,2,5,E,NL2	Karlsruhe Weinweg	Weinweg	LINESTRING(8.45497 49.002072,8.455087 49.00205750000001)
459	Karlsruhe	Durlach Untermühlstraße	de:08212:10:1:3	49.002102	8.454818	tram	MATCHED	n1138378490	9.8	1.0	Untermühlstraße			Weinweg	LINESTRING(8.454818 49.002102,8.454948700000001 49.0020807)
460	Karlsruhe	Durlach Untermühlstraße	de:08212:10:21:21	49.002113	8.455366	bus	NO_MATCH_AND_SEEMS_UNSERVED								POINT(8.455366 49.002113)
461	Karlsruhe	Durlach Untermühlstraße	de:08212:10:21:23	49.003598	8.455923		NO_MATCH_AND_SEEMS_UNSERVED								POINT(8.455923 49.003598)
462	Karlsruhe	Durlach Untermühlstraße	de:08212:10:22:22	49.001719	8.456551	bus	NO_MATCH_AND_SEEMS_UNSERVED								POINT(8.456551 49.001719)
463	Karlsruhe	Durlach Untermühlstraße	de:08212:10:2:2	49.001913	8.455779	tram	MATCHED	n6376798158	6.4	1.0	Untermühlstraße	1,2,5,E,NL2	Durlach Auer Str./Dr. Schwabe / Durlach Bahnhof	Auer Straße/Dr. Willmar Schwabe	LINESTRING(8.455779 49.001913,8.455694900000001 49.0019275)
464	Karlsruhe	Durlach Untermühlstraße	de:08212:10:2:4	49.001878	8.455994	tram	MATCHED	n31099476	1.3	1.0	Untermühlstraße			Karlsruhe-Durlach	LINESTRING(8.455994 49.001878,8.4559763 49.001880400000005)
465	Karlsruhe	Durlach Wachhausstraße	de:08212:4007:0:11	48.99276	8.44879	bus	MATCHED	n12054563663	1.1	0.73	Wachhausstraße	107,42,ALT42	Durlach Zündhütle / Durlach Killisfeld		LINESTRING(8.44879 48.99276,8.4487901 48.992750400000006)
466	Karlsruhe	Durlach Wachhausstraße	de:08212:4007:0:12	48.992536	8.448359	bus	MATCHED	n12054563662	3.8	0.61	Wachhausstraße	107,42,44,ALT42,NL13	Durlach Killisfeld / Durlach Ostmarkstraße / Durlach Ottostraße / Durlach Zündhütle		LINESTRING(8.448359 48.992536,8.448399 48.992514500000006)
467	Karlsruhe	Durlach Wachhausstraße	de:08212:4007:0:13	48.992188	8.44879	bus	MATCHED	n12054563661	1.2	0.72	Wachhausstraße	107,44	Durlach Killisfeld / Durlach Ottostraße		LINESTRING(8.44879 48.992188,8.448793400000001 48.9921986)
468	Karlsruhe	Durlach Wachhausstraße	de:08212:4007:11:11	48.992795	8.44879	bus	NO_MATCH_AND_SEEMS_UNSERVED								POINT(8.44879 48.992795)
469	Karlsruhe	Durlach Wachhausstraße	de:08212:4007:11:22	48.992825	8.44879		MATCHED	w151225536	1.0	0.69	Wachhausstraße			Zündhütle / Killisfeld	LINESTRING(8.44879 48.992825,8.4487769 48.99282805)
470	Karlsruhe	Durlach Wachhausstraße	de:08212:4007:12:12	48.992542	8.448332	bus	MATCHED	w399322610	5.7	0.55	Wachhausstraße			Ottostraße / Zündhütle	LINESTRING(8.448332 48.992542,8.44825655 48.992530450000004)
471	Karlsruhe	Durlach Wachhausstraße	de:08212:4007:13:13	48.992165	8.44879	bus	MATCHED	w151225535	4.6	0.58	Wachhausstraße			Killisfeld / Ottostraße	LINESTRING(8.44879 48.992165,8.44880565 48.992125)
472	Karlsruhe	Durlach Weiherhofbad	de:08212:9011:0:1	48.997304	8.47335		NO_MATCH_AND_SEEMS_UNSERVED								POINT(8.47335 48.997304)
473	Karlsruhe	Durlach Zündhütle	de:08212:4492:11:11	48.982579	8.460953	bus	MATCHED	w153183973	32.4	0.37	Zündhütle	107,158,24,27,44,47,NL11,NL3	Durlach Max-Liebermann-Straße / Wolfartsweier Nord / Durlach Tiefentalstraße / Durlach Tiefentalstraße	Hohenwettersbach Rathaus / Tiefentalstraße / Wolfartsweier Nord	LINESTRING(8.460953 48.982579,8.46055465 48.9827061)
474	Karlsruhe	Durlach Zündhütle	de:08212:4492:12:12	48.982668	8.460738		NO_MATCH_AND_SEEMS_UNSERVED								POINT(8.460738 48.982668)
475	Karlsruhe	Durlach Zündhütle	de:08212:4492:12:13	48.982668	8.460738	bus	MATCHED	w153183974	38.8	0.18	Zündhütle				LINESTRING(8.460738 48.982668,8.4607052 48.98301615)
476	Karlsruhe	Durlach Zündhütle	de:08212:4492:13:13	48.983322	8.460387	bus	MATCHED	w153183970	19.2	0.27	Zündhütle	24,27,44,47	Durlach Schlesier Straße Ost / Durlach Zündhütle	Wolfartsweier Nord / Durlach Turmberg / Schlesier Straße (Ost)	LINESTRING(8.460387 48.983322,8.4605468 48.9831846)
477	Karlsruhe	Durlach Zündhütle	de:08212:4492:14:14	48.983057	8.460333	bus	MATCHED	w153183969	7.9	0.56	Zündhütle	107,44,47,ALT47	Karlsruhe Hauptbahnhof Süd / KA Hauptbahnhof (Vorplatz) / KA Hauptbahnhof (Vorplatz) / Karlsruhe Poststraße / Durlach Wachhausstraße	Hauptbahnhof (Vorplatz) Gleis 24 / Wachhausstraße	LINESTRING(8.460333 48.983057,8.460438150000002 48.983041050000004)
478	Karlsruhe	Durlach Zündhütle	de:08212:4492:15:15	48.982574	8.460962	bus	MATCHED	w153021311	28.9	0.22	Zündhütle				LINESTRING(8.460962 48.982574,8.4609403 48.982833400000004)
479	Karlsruhe	Durlach Zündhütle	de:08212:4492:15:E	48.983251	8.460091		NO_MATCH_AND_SEEMS_UNSERVED								POINT(8.460091 48.983251)
480	Karlsruhe	Durlach Zündhütle	de:08212:4492:15:F	48.983275	8.460163		NO_MATCH_AND_SEEMS_UNSERVED								POINT(8.460163 48.983275)
481	Karlsruhe	Durlach Zündhütle	de:08212:4492:1:1	48.982803	8.460109	tram	MATCHED	n1658992690	2.0	1.0	Zündhütle	2,8,E	Durlach Steiermärker Straße	Steiermärker Straße	LINESTRING(8.460109 48.982803,8.460125 48.982787900000005)
482	Karlsruhe	Durlach Zündhütle	de:08212:4492:2:2	48.98242	8.460944	tram	MATCHED	n1658897459	1.7	1.0	Zündhütle	2,8,E	Wolfartsweier Nord	Wolfartsweier Nord	LINESTRING(8.460944 48.98242,8.460959800000001 48.98240860000001)
483	Karlsruhe	Durlach Zündhütle	de:08212:4492:91:11	48.982574	8.460962	bus	NO_MATCH_AND_SEEMS_UNSERVED								POINT(8.460962 48.982574)
484	Karlsruhe	Durmersheimer Straße	de:08212:6205:0:1	49.000404	8.350407	bus	MATCHED	n2632096342	2.1	0.89	Durmersheimer Straße	62,NL15	Karlsruhe St. Josef Kirche	St. Josefs-Kirche	LINESTRING(8.350407 49.000404,8.350396700000001 49.000421300000006)
485	Karlsruhe	Durmersheimer Straße	de:08212:6205:0:2	49.000563	8.350748	bus	MATCHED	n420602693	11.9	0.66	Durmersheimer Straße	62,ALT62	Karlsruhe Sinner	Sinner (Durmersheimer Straße)	LINESTRING(8.350748 49.000563,8.3506629 49.0004718)
486	Karlsruhe	Durmersheimer Straße	de:08212:6205:0:3	48.999962	8.349113		NO_MATCH_AND_SEEMS_UNSERVED								POINT(8.349113 48.999962)
487	Karlsruhe	Ebertstraße	de:08212:91:11:11	48.994552	8.395268	bus	MATCHED	w49996072	8.5	0.71	Ebertstraße	50,51,55,62	Karlsruhe Welfenstraße / Karlsruhe Barbarossaplatz / Karlsruhe Kolpingplatz / Karlsruhe Barbarossaplatz	Welfenstraße / Kolpingplatz / Barbarossaplatz	LINESTRING(8.395268 48.994552,8.395382741634064 48.99456507286895)
488	Karlsruhe	Ebertstraße	de:08212:91:11:12	48.994505	8.395502	bus	MATCHED	w49996074	10.0	0.68	Ebertstraße	50,51,55,62,ALT50,ALT62,M	KA Hauptbahnhof (Vorplatz) / KA Hauptbahnhof (Vorplatz) / KA Hauptbahnhof (Vorplatz) / KA Hauptbahnhof (Vorplatz)	Hauptbahnhof (Vorplatz) Gleis 24 / Hauptbahnhof (Vorplatz)	LINESTRING(8.395502 48.994505,8.395369241824566 48.994484991981075)
489	Karlsruhe	Ebertstraße	de:08212:91:11:21	48.994646	8.394999		MATCHED	w447038905	32.0	0.23	Ebertstraße			Kolpingplatz / Barbarossaplatz	LINESTRING(8.394999 48.994646,8.39456284663314 48.99462412415253)
490	Karlsruhe	Ebertstraße	de:08212:91:11:22	48.994457	8.39508		NO_MATCH_AND_SEEMS_UNSERVED								POINT(8.39508 48.994457)
491	Karlsruhe	Ebertstraße	de:08212:91:11:91	48.994599	8.395664	bus	NO_MATCH_AND_SEEMS_UNSERVED								POINT(8.395664 48.994599)
492	Karlsruhe	Ebertstraße	de:08212:91:1:1	48.994587	8.394675	tram	MATCHED	n25033878	11.3	1.0	Ebertstraße	17,2,3,4,NL2	Karlsruhe Barbarossaplatz / Karlsruhe Kolpingplatz	Barbarossaplatz / Kolpingplatz	LINESTRING(8.394675 48.994587,8.3948292 48.994581200000006)
493	Karlsruhe	Ebertstraße	de:08212:91:1:2	48.994528	8.395152	tram	MATCHED	n660327501	24.1	1.0	Ebertstraße	17,2,3,4,NL2	KA Hauptbahnhof (Vorplatz)	Bahnhofsvorplatz / Albtalbahnhof	LINESTRING(8.395152 48.994528,8.394824100000001 48.9945472)
494	Karlsruhe	Eckenerstraße	de:08212:201:1:1	49.005761	8.350442	tram	MATCHED	n1153791890	18.8	1.0	Eckenerstraße	3,E,S2	Karlsruhe Stadtwerke / Karlsruhe Rheinhafenstraße	Rheinhafenstraße / Stadtwerke	LINESTRING(8.350442 49.005761,8.3506202 49.0058833)
495	Karlsruhe	Eckenerstraße	de:08212:201:21:21	49.006445	8.35117	bus	MATCHED	n11769408335	1.9	0.84	Eckenerstraße			Stadtwerke	LINESTRING(8.35117 49.006445,8.3511632 49.006428500000005)
496	Karlsruhe	Eckenerstraße	de:08212:201:22:22	49.00625	8.351287	bus	MATCHED	n11769408334	2.9	0.78	Eckenerstraße			Entenfang	LINESTRING(8.351287 49.00625,8.3513259 49.006255800000005)
497	Karlsruhe	Eckenerstraße	de:08212:201:22:24	49.006816	8.351961		MATCHED	n12786126279	71.4	0.13	Eckenerstraße			Stadtwerke	LINESTRING(8.351961 49.006816,8.3511854 49.0064256)
498	Karlsruhe	Eckenerstraße	de:08212:201:22:D	49.006781	8.35205		NO_MATCH_AND_SEEMS_UNSERVED								POINT(8.35205 49.006781)
499	Karlsruhe	Eckenerstraße	de:08212:201:23:23	49.005078	8.35082		NO_MATCH_AND_SEEMS_UNSERVED								POINT(8.35082 49.005078)
500	Karlsruhe	Eckenerstraße	de:08212:201:24:24	49.005797	8.349373	bus	NO_MATCH_AND_SEEMS_UNSERVED								POINT(8.349373 49.005797)
501	Karlsruhe	Eckenerstraße	de:08212:201:25:E	49.005944	8.349526	bus	NO_MATCH_AND_SEEMS_UNSERVED								POINT(8.349526 49.005944)
502	Karlsruhe	Eckenerstraße	de:08212:201:26:F	49.005743	8.349508	bus	NO_MATCH_AND_SEEMS_UNSERVED								POINT(8.349508 49.005743)
503	Karlsruhe	Eckenerstraße	de:08212:201:2:2	49.006321	8.351224	tram	MATCHED	n26468446	8.5	1.0	Eckenerstraße	3,E,S2	Karlsruhe Entenfang / Karlsruhe Entenfang	Entenfang	LINESTRING(8.351224 49.006321,8.3511558 49.0062591)
504	Karlsruhe	Eckenerstraße	de:08212:201:3:3	49.005903	8.349454	tram	NO_MATCH_AND_SEEMS_UNSERVED								POINT(8.349454 49.005903)
505	Karlsruhe	Eckenerstraße	de:08212:201:4:4	49.00569	8.349805	tram	NO_MATCH_AND_SEEMS_UNSERVED								POINT(8.349805 49.00569)
506	Karlsruhe	Eckenerstraße	de:08212:6002:0:4	49.00681	8.352041		NO_MATCH_AND_SEEMS_UNSERVED								POINT(8.352041 49.00681)
507	Karlsruhe	Edelbergstraße	de:08212:6010:1:1	48.996833	8.354027	bus	MATCHED	n25642793	5.2	0.79	Edelbergstraße	60,62,83,ALT62	Karlsruhe Wattkopfstraße	Wattkopfstraße	LINESTRING(8.354027 48.996833,8.353972 48.9968632)
508	Karlsruhe	Edelbergstraße	de:08212:6010:1:2	48.996915	8.354117	bus	MATCHED	n25642737	5.6	0.78	Edelbergstraße	60,62,ALT62,NL15	Karlsruhe Hornisgrindestraße / Karlsruhe Hornisgrindestraße / Karlsruhe Durmersheimer Straße	Hornisgrindestraße	LINESTRING(8.354117 48.996915,8.354133800000001 48.996866100000005)
509	Karlsruhe	Edelbergstraße	de:08212:6010:2:3	48.996733	8.355293		MATCHED_THOUGH_NAMES_DIFFER	n25642473	8.1	0.16	Schulbus				LINESTRING(8.355293 48.996733,8.355218 48.9966791)
510	Karlsruhe	Edelbergstraße	de:08212:6010:3:4	48.997652	8.355204		NO_MATCH_AND_SEEMS_UNSERVED								POINT(8.355204 48.997652)
511	Karlsruhe	Eichelbergstraße	de:08212:6208:0:1	48.993485	8.345079	bus	MATCHED	n25642450	3.7	0.83	Eichelbergstraße	62,ALT62,NL15	Karlsruhe Bernsteinstraße	Bernsteinstraße	LINESTRING(8.345079 48.993485,8.345028300000001 48.9934862)
512	Karlsruhe	Eichelbergstraße	de:08212:6208:0:2	48.993567	8.345071	bus	MATCHED	n25642692	8.7	0.71	Eichelbergstraße	62,83,ALT62	Daxlanden Karl-Delisle-Straße / Karlsruhe TÜV	TÜV	LINESTRING(8.345071 48.993567,8.345159800000001 48.9935154)
513	Karlsruhe	Einfahrt über Gl. 21	de:08212:9021:1:1	49.007676	8.433653	tram	NO_MATCH					E,S2	Karlsruhe Bh Gerwigstraße (Gleis 88)		POINT(8.433653 49.007676)
514	Karlsruhe	Einfahrt über Gl. 43	de:08212:9043	49.006993	8.434282		NO_MATCH_AND_SEEMS_UNSERVED								POINT(8.434282 49.006993)
515	Karlsruhe	Emil-Gött-Straße	de:08212:3014:0:1	49.013327	8.420331		MATCHED	n3755136430	2.9	0.75	Emil-Gött-Straße				LINESTRING(8.420331 49.013327,8.4202917 49.013327800000006)
516	Karlsruhe	Emil-Gött-Straße	de:08212:3014:0:2	49.013362	8.420601		MATCHED	n3755136431	4.4	0.67	Emil-Gött-Straße				LINESTRING(8.420601 49.013362,8.4206611 49.0133627)
517	Karlsruhe	Emil-Gött-Straße	de:08212:3014:0:3	49.013492	8.422766		NO_MATCH_AND_SEEMS_UNSERVED								POINT(8.422766 49.013492)
518	Karlsruhe	Emil-Gött-Straße	de:08212:3014:0:4	49.013474	8.422649		NO_MATCH_AND_SEEMS_UNSERVED								POINT(8.422649 49.013474)
519	Karlsruhe	Emil-Gött-Straße	de:08212:3014:0:A	49.013362	8.420601	bus	MATCHED	w893454402	5.1	0.79	Emil-Gött-Straße	30	Karlsruhe Studentenhaus	Studentenhaus	LINESTRING(8.420601 49.013362,8.420663798773928 49.01338188704341)
520	Karlsruhe	Emil-Gött-Straße	de:08212:3014:0:B	49.013327	8.420331	bus	MATCHED	w893454399	3.9	0.83	Emil-Gött-Straße	30	Karlsruhe Pastor-Felke-Straße	Pastor-Felke-Straße	LINESTRING(8.420331 49.013327,8.420286904103635 49.013306531813406)
521	Karlsruhe	EnBW	de:08212:27:1:1	49.005472	8.436223	bus	NO_MATCH_AND_SEEMS_UNSERVED								POINT(8.436223 49.005472)
522	Karlsruhe	EnBW	de:08212:27:1:2	49.005319	8.436223	bus	NO_MATCH_AND_SEEMS_UNSERVED								POINT(8.436223 49.005319)
523	Karlsruhe	Energieberg	de:08212:992:21:21	49.022123	8.335557		NO_MATCH_AND_SEEMS_UNSERVED								POINT(8.335557 49.022123)
524	Karlsruhe	Energieberg Pavillon	de:08212:499:1:1	49.019949	8.334488		NO_MATCH_AND_SEEMS_UNSERVED								POINT(8.334488 49.019949)
525	Karlsruhe	Energieberg Tor	de:08212:500:1:1	49.021758	8.338145		NO_MATCH_AND_SEEMS_UNSERVED								POINT(8.338145 49.021758)
526	Karlsruhe	Energieberg Tor	de:08212:500:1:2	49.021763	8.338234		NO_MATCH_AND_SEEMS_UNSERVED								POINT(8.338234 49.021763)
527	Karlsruhe	Entenfang	de:08212:51:11:11	49.010935	8.359938	bus	MATCHED	w398979294	11.7	0.65	Entenfang	60,62,70,ALT70	Karlsruhe Vogesenbrücke	Vogesenbrücke	LINESTRING(8.359938 49.010935,8.359865288739796 49.01084095736059)
528	Karlsruhe	Entenfang	de:08212:51:12:12	49.010622	8.359479	bus	MATCHED	w149713577	12.1	0.5	Entenfang	222,62,70,ALT62,ALT64,NL15,NL16,NL17	Mörsch Leisbuckel / Karlsruhe Vogesenbrücke / Karlsruhe Stadtwerke / Karlsruhe Kärcherstraße	Eckenerstraße / Kärcherstraße	LINESTRING(8.359479 49.010622,8.359387240997043 49.01053135496101)
529	Karlsruhe	Entenfang	de:08212:51:1:1	49.01054	8.359165	tram	MATCHED	n26468393	12.7	1.0	Entenfang	1,17,3,E,S2	Karlsruhe Lameyplatz / Karlsruhe Eckenerstraße	Lameyplatz / Eckenerstraße	LINESTRING(8.359165 49.01054,8.3592894 49.01062030000001)
530	Karlsruhe	Entenfang	de:08212:51:21:21	49.010799	8.359327	bus	NO_MATCH_AND_SEEMS_UNSERVED								POINT(8.359327 49.010799)
531	Karlsruhe	Entenfang	de:08212:51:22:22	49.011094	8.357845		NO_MATCH_AND_SEEMS_UNSERVED								POINT(8.357845 49.011094)
532	Karlsruhe	Entenfang	de:08212:51:23:23	49.010894	8.358159	bus	MATCHED	n9929841142	6.1	0.66	Entenfang	ALT64	Karlsruhe Lameyplatz		LINESTRING(8.358159 49.010894,8.358089300000001 49.0109239)
533	Karlsruhe	Entenfang	de:08212:51:26:F	49.01041	8.359758	bus	NO_MATCH_AND_SEEMS_UNSERVED								POINT(8.359758 49.01041)
534	Karlsruhe	Entenfang	de:08212:51:27:G	49.010817	8.357898		NO_MATCH_AND_SEEMS_UNSERVED								POINT(8.357898 49.010817)
535	Karlsruhe	Entenfang	de:08212:51:28:H	49.010693	8.359758	bus	NO_MATCH_AND_SEEMS_UNSERVED								POINT(8.359758 49.010693)
536	Karlsruhe	Entenfang	de:08212:51:2:2	49.010964	8.359893	tram	MATCHED	n1744226202	8.1	1.0	Entenfang	1,17,2,3,4,E,S2	Karlsruhe Philippstraße	Philippstraße	LINESTRING(8.359893 49.010964,8.3598101 49.0109153)
537	Karlsruhe	Entenfang	de:08212:51:2:24	49.010947	8.359848	trainish	NO_MATCH_AND_SEEMS_UNSERVED								POINT(8.359848 49.010947)
538	Karlsruhe	Entenfang	de:08212:51:36:F	49.01041	8.359758		NO_MATCH_AND_SEEMS_UNSERVED								POINT(8.359758 49.01041)
539	Karlsruhe	Entenfang	de:08212:51:37:25	49.010817	8.357898	bus	MATCHED	n10008262929	15.5	0.45	Entenfang				LINESTRING(8.357898 49.010817,8.3580599 49.0109067)
540	Karlsruhe	Entenfang	de:08212:51:38:26	49.010693	8.359758	bus	NO_MATCH_AND_SEEMS_UNSERVED								POINT(8.359758 49.010693)
541	Karlsruhe	Entenfang	de:08212:51:3:3	49.010075	8.359183	tram	MATCHED_THOUGH_REVERSED_DIR	n1157121019	110.8	1.0	Entenfang	5,E	Karlsruhe Entenfang	Lameyplatz	LINESTRING(8.359183 49.010075,8.3581179 49.0107839)
542	Karlsruhe	Entenfang	de:08212:51:4:4	49.009762	8.359605	tram	MATCHED	n3603425512	150.1	1.0	Entenfang			Eckenerstraße / Mühlburger Feld	LINESTRING(8.359605 49.009762,8.3581573 49.010719300000005)
543	Karlsruhe	Entenfang	de:08212:51:5:5	49.011017	8.357773	tram	MATCHED	n26468371	158.6	1.0	Entenfang	5,E,S2	Karlsruhe Lameyplatz	Lameyplatz / Entenfang	LINESTRING(8.357773 49.011017,8.3592949 49.010001100000004)
544	Karlsruhe	Entenfang	de:08212:51:6:6	49.010558	8.358402	tram	NO_MATCH_BUT_OTHER_PLATFORM_MATCHED					5,E	Karlsruhe Eckenerstraße / Karlsruhe Mühlburger Feld		POINT(8.358402 49.010558)
545	Karlsruhe	Entenfang	de:08212:51:92:2	49.010947	8.359848	trainish	NO_MATCH_AND_SEEMS_UNSERVED								POINT(8.359848 49.010947)
546	Karlsruhe	Erich Kästner-Schule	de:08212:91003:0:1	49.018759	8.366028		NO_MATCH_AND_SEEMS_UNSERVED								POINT(8.366028 49.018759)
547	Karlsruhe	Erlenweg	de:08212:1211:0:11	48.982656	8.408707	bus	NO_MATCH					ALT53	Karlsruhe Schloss Rüppurr		POINT(8.408707 48.982656)
548	Karlsruhe	Essenweinstraße	de:08212:626:1:1	49.009314	8.431866	tram	MATCHED	n1480192126	8.2	1.0	Essenweinstraße	17,18,3,4,E,NL1,S2	Karlsruhe Einfahrt über Gl. 21 / KA Tullastraße/Alter Schlachthof	Tullastraße/Alter Schlachthof	LINESTRING(8.431866 49.009314,8.431874 49.0093873)
549	Karlsruhe	Essenweinstraße	de:08212:626:21:21	49.009332	8.431749	bus	MATCHED_THOUGH_DISTANT	n3382658193	226.2	0.05	Rintheimer Straße				LINESTRING(8.431749 49.009332,8.4321675 49.011348000000005)
550	Karlsruhe	Essenweinstraße	de:08212:626:22:22	49.010063	8.432045	bus	MATCHED	n3382658093	129.6	0.07	Rintheimer Straße				LINESTRING(8.432045 49.010063,8.432170900000001 49.011226300000004)
551	Karlsruhe	Essenweinstraße	de:08212:626:2:2	49.010128	8.431902	tram	MATCHED	n5195608227	7.4	1.0	Essenweinstraße	17,18,3,4,E,NL1,S2	Karlsruhe Dunantstraße / Karlsruhe Hauptfriedhof	Hauptfriedhof	LINESTRING(8.431902 49.010128,8.4319061 49.0100616)
552	Karlsruhe	Europapl. (Kaiserstr)	de:08212:31:11:11	49.010063	8.394532	bus	NO_MATCH_AND_SEEMS_UNSERVED								POINT(8.394532 49.010063)
553	Karlsruhe	Europapl. (Kaiserstr)	de:08212:31:1:1	49.010092	8.393562	tram	NO_MATCH_AND_SEEMS_UNSERVED								POINT(8.393562 49.010092)
554	Karlsruhe	Europapl. (Kaiserstr)	de:08212:31:2:2	49.01001	8.394379	tram	NO_MATCH_AND_SEEMS_UNSERVED								POINT(8.394379 49.01001)
555	Karlsruhe	Europaplatz	de:08212:37:11:11	49.010069	8.393112	bus	NO_MATCH_BUT_OTHER_PLATFORM_MATCHED					73,SEV 14	Karlsruhe Linkenheimer Tor / KA Karlstor/Bundesgerichtshof		POINT(8.393112 49.010069)
556	Karlsruhe	Europaplatz	de:08212:37:22:22	49.01034	8.39349		NO_MATCH_AND_SEEMS_UNSERVED								POINT(8.39349 49.01034)
557	Karlsruhe	Europaplatz	de:08212:37:3:3	49.009674	8.394999	tram	MATCHED	n1787493456	3.7	1.0	Europaplatz (Karlstraße)	2,3,4,5,E,NL2	Karlsruhe Europaplatz	Europaplatz (Kaiserstraße)	LINESTRING(8.394999 49.009674,8.394996200000001 49.0096408)
558	Karlsruhe	Europaplatz	de:08212:37:4:4	49.009409	8.394927	tram	MATCHED	n1124168178	15.0	1.0	Europaplatz (Karlstraße)	2,3,4,5,E,NL2	KA Karlstor/Bundesgerichtshof / KA Karlstor/Bundesgerichtshof	Karlstor/Bundesgerichtshof	LINESTRING(8.394927 49.009409,8.3949169 49.009274500000004)
559	Karlsruhe	Europaplatz	de:08212:37:5:5	49.01008	8.393669	tram	MATCHED	n3181300893	10.1	1.0	Europaplatz (Kaiserstraße)	2,3,4,5,E,NL2	Karlsruhe Mühlburger Tor / Karlsruhe Mühlburger Tor / Karlsruhe Kaiserplatz	Mühlburger Tor	LINESTRING(8.393669 49.01008,8.3938059 49.0100696)
560	Karlsruhe	Europaplatz	de:08212:37:6:6	49.010021	8.394487	tram	MATCHED	n3181300892	6.1	1.0	Europaplatz (Kaiserstraße)	2,3,4,5,E,NL2,S2	Karlsruhe Europaplatz	Europaplatz (Karlstraße) / Karlstor/Bundesgerichtshof	LINESTRING(8.394487 49.010021,8.3944036 49.0100198)
561	Karlsruhe	Europaplatz	de:08212:37:93:3	49.00965	8.394999	tram	NO_MATCH_AND_SEEMS_UNSERVED								POINT(8.394999 49.00965)
562	Karlsruhe	Europaplatz	de:08212:37:94:4	49.009409	8.394927	tram	NO_MATCH_AND_SEEMS_UNSERVED								POINT(8.394927 49.009409)
563	Karlsruhe	Europaplatz	de:08212:37:95:95	49.010016	8.393112	bus	MATCHED	n3340117979	1.9	0.83	Europaplatz (Sparkasse)			Linkenheimer Tor	LINESTRING(8.393112 49.010016,8.393114 49.0100332)
564	Karlsruhe	Europaplatz (Spark. )	de:08212:59:0:11	49.010016	8.393112	bus	NO_MATCH_AND_SEEMS_UNSERVED								POINT(8.393112 49.010016)
565	Karlsruhe	Europaplatz Abstell	de:08212:30:11:11	49.010021	8.394936		NO_MATCH_AND_SEEMS_UNSERVED								POINT(8.394936 49.010021)
566	Karlsruhe	Europaplatz Abstell	de:08212:30:1:1	49.010016	8.394981		NO_MATCH_AND_SEEMS_UNSERVED								POINT(8.394981 49.010016)
567	Karlsruhe	Europaplatz Abstell	de:08212:30:1:2	49.009992	8.394981		NO_MATCH_AND_SEEMS_UNSERVED								POINT(8.394981 49.009992)
568	Karlsruhe	Europaplatz/Postgalerie (Karl)	de:08212:60:1:1	49.00965	8.394999	tram	NO_MATCH_AND_SEEMS_UNSERVED								POINT(8.394999 49.00965)
569	Karlsruhe	Europaplatz/Postgalerie (Karl)	de:08212:60:1:11	49.009621	8.39499	trainish	NO_MATCH_AND_SEEMS_UNSERVED								POINT(8.39499 49.009621)
570	Karlsruhe	Europaplatz/Postgalerie (Karl)	de:08212:60:21:21	49.010475	8.395161		MATCHED	n4732848521	11.1	0.28	Europaplatz			Schloss/Bad. Landesmuseum	LINESTRING(8.395161 49.010475,8.3952314 49.010563700000006)
571	Karlsruhe	Europaplatz/Postgalerie (Karl)	de:08212:60:21:22	49.009821	8.395125	bus	NO_MATCH_AND_SEEMS_UNSERVED								POINT(8.395125 49.009821)
572	Karlsruhe	Europaplatz/Postgalerie (Karl)	de:08212:60:21:23	49.010469	8.395035		NO_MATCH_AND_SEEMS_UNSERVED								POINT(8.395035 49.010469)
573	Karlsruhe	Europaplatz/Postgalerie (Karl)	de:08212:60:2:12	49.009438	8.394927	trainish	NO_MATCH_AND_SEEMS_UNSERVED								POINT(8.394927 49.009438)
574	Karlsruhe	Europaplatz/Postgalerie (Karl)	de:08212:60:2:2	49.009409	8.394927	tram	NO_MATCH_AND_SEEMS_UNSERVED								POINT(8.394927 49.009409)
575	Karlsruhe	Explain	de:08212:91047:0:1	49.013504	8.38191		NO_MATCH_AND_SEEMS_UNSERVED								POINT(8.38191 49.013504)
576	Karlsruhe	Falterweg	de:08212:10001:1:1	48.997033	8.336438	bus	NO_MATCH					83	Daxlanden Agathenstraße		POINT(8.336438 48.997033)
577	Karlsruhe	Federbachschule	de:08212:91002:0:1	49.00486	8.326134		NO_MATCH_AND_SEEMS_UNSERVED								POINT(8.326134 49.00486)
578	Karlsruhe	Feierabendweg	de:08212:523:11:11	49.022152	8.360477	bus	MATCHED	n1876751763	6.0	0.77	Feierabendweg	NL17	Karlsruhe Neureuter Straße	Neureuter Straße	LINESTRING(8.360477 49.022152,8.360557 49.02214)
579	Karlsruhe	Feierabendweg	de:08212:523:12:12	49.021864	8.360575	bus	MATCHED	n6404051283	9.9	0.55	Feierabendweg				LINESTRING(8.360575 49.021864,8.3604515 49.0219013)
580	Karlsruhe	Feierabendweg	de:08212:523:1:1	49.021993	8.360557	tram	MATCHED	n1163169877	0.6	1.0	Feierabendweg	2,E	Karlsruhe Neureuter Straße	Neureuter Straße	LINESTRING(8.360557 49.021993,8.3605535 49.021988400000005)
581	Karlsruhe	Feierabendweg	de:08212:523:2:2	49.022023	8.360432	tram	MATCHED	n89358546	1.2	1.0	Feierabendweg	2,E	Karlsruhe Hertzstraße	Hertzstraße	LINESTRING(8.360432 49.022023,8.360441 49.0220144)
582	Karlsruhe	Frankenthaler Straße	de:08212:7405:0:1	49.034074	8.370646	bus	MATCHED	n26086660	4.9	0.8	Frankenthaler Straße	74	Karlsruhe Trierer Straße	Trierer Straße	LINESTRING(8.370646 49.034074,8.370711100000001 49.034065000000005)
583	Karlsruhe	Frankenthaler Straße	de:08212:7405:0:2	49.034021	8.370538	bus	MATCHED	n26086659	8.8	0.71	Frankenthaler Straße	74,NL17	Karlsruhe Landauer Straße	Landauer Straße	LINESTRING(8.370538 49.034021,8.3704781 49.034089300000005)
584	Karlsruhe	Frankenthaler Straße	de:08212:7405:0:23	49.034457	8.370385		NO_MATCH_AND_SEEMS_UNSERVED								POINT(8.370385 49.034457)
585	Karlsruhe	Frankenthaler Straße	de:08212:7405:0:24	49.034333	8.370448		NO_MATCH_AND_SEEMS_UNSERVED								POINT(8.370448 49.034333)
586	Karlsruhe	Gebhardstraße	de:08212:5004:0:1	48.992984	8.389456	bus	MATCHED	n571978046	3.1	0.85	Gebhardstraße	50,51,NL14	Karlsruhe Breite Straße	Breite Straße	LINESTRING(8.389456 48.992984,8.3894184 48.992996600000005)
587	Karlsruhe	Gebhardstraße	de:08212:5004:0:2	48.992872	8.389259	bus	MATCHED	n571978036	7.9	0.73	Gebhardstraße	50,51,ALT50,NL14	KA Hauptbahnhof (Vorplatz) / Karlsruhe Barbarossaplatz	Hauptbahnhof (Vorplatz) Gleis 24 / Barbarossaplatz	LINESTRING(8.389259 48.992872,8.389166300000001 48.9928347)
588	Karlsruhe	Gebhardstraße	de:08212:5004:0:3	48.991593	8.388827	bus	NO_MATCH_AND_SEEMS_UNSERVED								POINT(8.388827 48.991593)
589	Karlsruhe	Gebhardstraße	de:08212:5004:0:4	48.992742	8.389384	bus	NO_MATCH_AND_SEEMS_UNSERVED								POINT(8.389384 48.992742)
590	Karlsruhe	Gebhardstraße	de:08212:5004:0:5	48.992901	8.389277		NO_MATCH_AND_SEEMS_UNSERVED								POINT(8.389277 48.992901)
591	Karlsruhe	Generallandesarchiv	de:08212:8582:0:21	49.012473	8.384399	bus	NO_MATCH_AND_SEEMS_UNSERVED								POINT(8.384399 49.012473)
592	Karlsruhe	Germersheimer Straße	de:08212:7016:0:1	49.033043	8.364789	bus	MATCHED	n332571141	8.5	0.72	Germersheimer Straße	70,74,ALT70	Karlsruhe Berliner Straße / Karlsruhe Berliner Straße	Berliner Straße	LINESTRING(8.364789 49.033043,8.3647121 49.0331005)
593	Karlsruhe	Germersheimer Straße	de:08212:7016:0:2	49.033296	8.364789	bus	MATCHED	n332571142	63.0	0.36	Germersheimer Straße	70,74,NL17	Karlsruhe Weißenburger Straße	Weißenburger Straße	LINESTRING(8.364789 49.033296,8.364939900000001 49.0327379)
594	Karlsruhe	Gottesauer Platz/BGV	de:08212:6:12:12	49.007152	8.424077		MATCHED	n421656425	10.2	0.39	Gottesauer Platz				LINESTRING(8.424077 49.007152,8.4239868 49.007221400000006)
595	Karlsruhe	Gottesauer Platz/BGV	de:08212:6:1:1	49.007576	8.424553	tram	MATCHED	n3547526508	11.6	1.0	Gottesauer Platz/BGV	1,2,3,NL1,NL2,S2	KA Durlacher Tor/KIT-Campus Süd (U) / KA Durlacher Tor/KIT-Campus Süd	Durlacher Tor/KIT-Campus Süd (U)	LINESTRING(8.424553 49.007576,8.424701800000001 49.007539)
596	Karlsruhe	Gottesauer Platz/BGV	de:08212:6:1:3	49.007606	8.424383	tram	MATCHED	n1727382763	9.1	1.0	Gottesauer Platz/BGV			Durlacher Tor/KIT-Campus Süd (U) / Durlacher Tor/KIT-Campus Süd	LINESTRING(8.424383 49.007606,8.424499 49.007577500000004)
597	Karlsruhe	Gottesauer Platz/BGV	de:08212:6:21:21	49.006763	8.424203		NO_MATCH_AND_SEEMS_UNSERVED								POINT(8.424203 49.006763)
598	Karlsruhe	Gottesauer Platz/BGV	de:08212:6:22:22	49.007824	8.422559	bus	NO_MATCH_AND_SEEMS_UNSERVED								POINT(8.422559 49.007824)
599	Karlsruhe	Gottesauer Platz/BGV	de:08212:6:23:23	49.007877	8.423565	bus	NO_MATCH_AND_SEEMS_UNSERVED								POINT(8.423565 49.007877)
600	Karlsruhe	Gottesauer Platz/BGV	de:08212:6:24:24	49.007865	8.422487	bus	NO_MATCH_AND_SEEMS_UNSERVED								POINT(8.422487 49.007865)
601	Karlsruhe	Gottesauer Platz/BGV	de:08212:6:2:2	49.007405	8.425281	tram	MATCHED	n21618138	4.3	1.0	Gottesauer Platz/BGV	1,2,3,NL1,NL2,S2	KA Tullastraße/Alter Schlachthof / KA Tullastraße/Alter Schlachthof	Tullastraße/Alter Schlachthof	LINESTRING(8.425281 49.007405,8.425223500000001 49.0074119)
602	Karlsruhe	Gottesauer Platz/BGV	de:08212:6:2:4	49.007352	8.425551	tram	MATCHED	n3559036057	5.8	1.0	Gottesauer Platz/BGV			Tullastraße/Alter Schlachthof	LINESTRING(8.425551 49.007352,8.4254738 49.0073646)
603	Karlsruhe	Graf-Rhena-Straße	de:08212:48:1:1	48.997894	8.390489		NO_MATCH_AND_SEEMS_UNSERVED								POINT(8.390489 48.997894)
604	Karlsruhe	Griesbachstraße	de:08212:5513:0:1	49.000634	8.368274	bus	MATCHED	n660690879	1.3	0.92	Griesbachstraße	55	Karlsruhe Junker-und-Ruh-Str.	Junker-und-Ruh-Straße	LINESTRING(8.368274 49.000634,8.3682596 49.000640800000006)
605	Karlsruhe	Grötzingen	de:08212:1521:1:1	49.006068	8.492933	train	MATCHED	n1662941937	52.6	0.31	Grötzingen Bahnhof	S4,S5,S51	Durlach Hubstraße / Karlsruhe-Durlach	Hubstraße / Karlsruhe-Durlach	LINESTRING(8.492933 49.006068,8.492295 49.00628570000001)
606	Karlsruhe	Grötzingen	de:08212:1521:1:4	49.006003	8.492601	trainish	MATCHED	n1661045723	3.3	0.75	Grötzingen			Karlsruhe-Durlach	LINESTRING(8.492601 49.006003,8.4926203 49.006030100000004)
607	Karlsruhe	Grötzingen	de:08212:1521:2:11	49.006085	8.493472	bus	MATCHED	n4013189192	6.7	0.61	Grötzingen Bahnhof	21,22,NL12	Grötzingen Büchelbergstraße / Grötzingen Augustenburg	Augustenburg / Büchelbergstraße	LINESTRING(8.493472 49.006085,8.493380700000001 49.006083200000006)
608	Karlsruhe	Grötzingen	de:08212:1521:2:12	49.006121	8.493445	bus	MATCHED	n300425127	4.6	0.65	Grötzingen Bahnhof	21,NL12	Grötzingen Fröbelstraße	Fröbelstraße	LINESTRING(8.493445 49.006121,8.4934188 49.006159100000005)
609	Karlsruhe	Grötzingen	de:08212:1521:3:2	49.006068	8.492798	train	MATCHED	n1661045722	14.7	0.49	Grötzingen Bahnhof	S4,S5,S51	Grötzingen Oberausstraße / Berghausen Hummelberg / Grötzingen Oberausstraße	Grötzingen Oberausstraße	LINESTRING(8.492798 49.006068,8.4926179 49.0061272)
610	Karlsruhe	Grötzingen	de:08212:1521:3:3	49.006121	8.492385	train	MATCHED	n1454717719	6.3	0.63	Grötzingen	S5	Karlsruhe-Durlach / Karlsruhe-Durlach		LINESTRING(8.492385 49.006121,8.4924061 49.0060657)
611	Karlsruhe	Grötzingen	de:08212:1521:4:13	49.006616	8.492718	bus	NO_MATCH_BUT_OTHER_PLATFORM_MATCHED					21	Grötzingen Emil-Arheit-Halle / Durlach Turmberg		POINT(8.492718 49.006616)
612	Karlsruhe	Grötzingen	de:08212:1521:4:14	49.006763	8.492807		NO_MATCH_AND_SEEMS_UNSERVED								POINT(8.492807 49.006763)
613	Karlsruhe	Grötzingen Am Schwalbenloch	de:08212:34:1:1	49.00064	8.500767	bus	MATCHED	n1870249018	1.3	0.59	Am Schwalbenloch	22	Grötzingen Vogelsang	Vogelsang	LINESTRING(8.500767 49.00064,8.5007731 49.0006512)
614	Karlsruhe	Grötzingen An der Pfinz	de:08212:2112:1:1	49.005926	8.501961	bus	MATCHED	n1870249019	2.7	0.71	An der Pfinz	22,NL12	Grötzingen Rathaus / Grötzingen Eisenbahnstraße	Grötzingen Rathaus	LINESTRING(8.501961 49.005926,8.5019702 49.0059496)
615	Karlsruhe	Grötzingen An der Pfinz	de:08212:2112:1:2	49.005956	8.501961	bus	NO_MATCH_AND_SEEMS_UNSERVED								POINT(8.501961 49.005956)
616	Karlsruhe	Grötzingen Augustenburg	de:08212:2003:0:1	49.004258	8.498763	bus	MATCHED	n1870249020	1.4	0.58	Augustenburg	22,NL12	Grötzingen Ringelberghohl / Grötzingen Staigstraße / Grötzingen Hl.-Kreuz-Kirche	Heilig-Kreuz-Kirche / Ringelberghohl / Staigstraße	LINESTRING(8.498763 49.004258,8.498767200000001 49.004270000000005)
617	Karlsruhe	Grötzingen Augustenburg	de:08212:2003:0:2	49.004347	8.49888	bus	MATCHED	n1870249021	1.9	0.69	Augustenburg	22,NL12	Grötzingen Eisenbahnstraße	Eisenbahnstraße	LINESTRING(8.49888 49.004347,8.498893200000001 49.0043323)
618	Karlsruhe	Grötzingen Bad	de:08212:9013:0:1	49.003817	8.497946		NO_MATCH_AND_SEEMS_UNSERVED								POINT(8.497946 49.003817)
619	Karlsruhe	Grötzingen Büchelbergstraße	de:08212:2107:0:1	49.005673	8.495655	bus	MATCHED	n4013168980	5.2	0.66	Büchelbergstraße	21,NL12	Grötzingen Rathaus	Grötzingen Rathaus	LINESTRING(8.495655 49.005673,8.4956645 49.0056269)
620	Karlsruhe	Grötzingen Büchelbergstraße	de:08212:2107:0:2	49.005655	8.495601	bus	MATCHED	n1449339586	4.5	0.68	Büchelbergstraße	21,NL12	Grötzingen	Grötzingen Bahnhof	LINESTRING(8.495601 49.005655,8.4955611 49.0056244)
621	Karlsruhe	Grötzingen Durlacher Straße	de:08212:2101:0:1	49.01087	8.490077		NO_MATCH_AND_SEEMS_UNSERVED								POINT(8.490077 49.01087)
622	Karlsruhe	Grötzingen Eisenbahnstraße	de:08212:2111:1:1	49.005101	8.501135	bus	NO_MATCH_BUT_OTHER_PLATFORM_MATCHED					22,NL12	Grötzingen Augustenburg / Grötzingen An der Pfinz		POINT(8.501135 49.005101)
623	Karlsruhe	Grötzingen Eisenbahnstraße	de:08212:2111:1:2	49.005101	8.501108	bus	MATCHED	n1870249022	18.0	0.32	Eisenbahnstraße			An der Pfinz	LINESTRING(8.501108 49.005101,8.5008762 49.0050462)
624	Karlsruhe	Grötzingen Emil-Arheit-Halle	de:08212:2102:0:1	49.022606	8.496778	bus	NO_MATCH_BUT_OTHER_PLATFORM_MATCHED					21,NL12	Grötzingen / Durlach Neßlerstraße / Grötzingen Nord		POINT(8.496778 49.022606)
625	Karlsruhe	Grötzingen Emil-Arheit-Halle	de:08212:2102:0:2	49.022594	8.496859		MATCHED	n26842747	0.6	0.58	Emil-Arheit-Halle			Grötzingen Nord	LINESTRING(8.496859 49.022594,8.496858900000001 49.0225998)
626	Karlsruhe	Grötzingen Fikentscherstraße	de:08212:33:1:1	49.001748	8.507172	bus	MATCHED	n1859483777	4.7	0.68	Fikentscherstraße	22,NL12	Grötzingen Gustav-Hofmann-Str.	Gustav-Hofmann-Straße	LINESTRING(8.507172 49.001748,8.5071642 49.0017061)
627	Karlsruhe	Grötzingen Fikentscherstraße	de:08212:33:1:2	49.001736	8.50701	bus	MATCHED	n1849066139	4.7	0.68	Fikentscherstraße	22,NL12	Grötzingen Paul-Rein-Straße	Paul-Rein-Straße	LINESTRING(8.50701 49.001736,8.507020500000001 49.001694500000006)
628	Karlsruhe	Grötzingen Fröbelstraße	de:08212:2103:0:1	49.007694	8.491155	bus	MATCHED	n4013189191	4.0	0.66	Fröbelstraße	21,NL12	Grötzingen	Grötzingen Bahnhof	LINESTRING(8.491155 49.007694,8.4911136 49.0076699)
629	Karlsruhe	Grötzingen Fröbelstraße	de:08212:2103:0:2	49.007735	8.491056	bus	MATCHED	n300425129	5.8	0.62	Fröbelstraße	21,NL12	Durlach Friedhof	Durlach Friedhof	LINESTRING(8.491056 49.007735,8.4911347 49.007736)
630	Karlsruhe	Grötzingen Fröbelstraße	de:08212:2103:0:C	49.007458	8.490714		NO_MATCH_AND_SEEMS_UNSERVED								POINT(8.490714 49.007458)
631	Karlsruhe	Grötzingen Fröbelstraße	de:08212:2103:0:D	49.007358	8.490571		NO_MATCH_AND_SEEMS_UNSERVED								POINT(8.490571 49.007358)
632	Karlsruhe	Grötzingen Greschbachstraße	de:08212:3213:0:1	49.029757	8.473116	bus	MATCHED	n4014739646	2.1	0.58	Greschbachstraße	32,ALT32	Grötzingen Pfinzhof	Pfinzhof	LINESTRING(8.473116 49.029757,8.473138 49.0297685)
633	Karlsruhe	Grötzingen Greschbachstraße	de:08212:3213:0:2	49.029668	8.473098	bus	MATCHED	n4014739645	2.0	0.59	Greschbachstraße	32,ALT32	Grötzingen Ohmstraße	Ohmstraße	LINESTRING(8.473098 49.029668,8.4730782 49.029680600000006)
634	Karlsruhe	Grötzingen Gustav-Hofmann-Str. 	de:08212:2109:0:1	49.004023	8.506615	bus	MATCHED	n1859483804	1.7	0.75	Gustav-Hofmann-Straße	22,NL12	Grötzingen Hl.-Kreuz-Kirche	Heilig-Kreuz-Kirche	LINESTRING(8.506615 49.004023,8.506636 49.0040156)
635	Karlsruhe	Grötzingen Gustav-Hofmann-Str. 	de:08212:2109:0:2	49.004035	8.506534	bus	MATCHED	n1849066137	2.8	0.72	Gustav-Hofmann-Straße	22,NL12	Grötzingen Fikentscherstraße	Fikentscherstraße	LINESTRING(8.506534 49.004035,8.506541200000001 49.00401)
636	Karlsruhe	Grötzingen Hl. -Kreuz-Kirche	de:08212:1527:0:1	49.004353	8.50356	bus	MATCHED	n1870215512	5.2	0.63	Heilig-Kreuz-Kirche	22,NL12	Grötzingen Gustav-Hofmann-Str.	Gustav-Hofmann-Straße	LINESTRING(8.50356 49.004353,8.5036106 49.0043864)
637	Karlsruhe	Grötzingen Hl. -Kreuz-Kirche	de:08212:1527:0:2	49.004482	8.503659	bus	MATCHED	n1870215517	4.1	0.65	Heilig-Kreuz-Kirche	22,NL12	Grötzingen Augustenburg	Augustenburg	LINESTRING(8.503659 49.004482,8.5036185 49.0044571)
638	Karlsruhe	Grötzingen Im Sonnental	de:08212:1644:1:1	49.001636	8.502878	bus	MATCHED	n1859483772	1.3	0.7	Im Sonnental	22,NL12	Grötzingen Paul-Rein-Straße	Paul-Rein-Straße / Am Schwalbenloch	LINESTRING(8.502878 49.001636,8.5028596 49.001635400000005)
639	Karlsruhe	Grötzingen Im Sonnental	de:08212:1644:1:2	49.001825	8.502931	bus	MATCHED	n1849066141	1.2	0.71	Im Sonnental	22,NL12	Grötzingen Ringelberghohl	Ringelberghohl	LINESTRING(8.502931 49.001825,8.502942800000001 49.0018175)
640	Karlsruhe	Grötzingen Im Sonnental	de:08212:1644:1:3	49.00166	8.502527	bus	MATCHED_THOUGH_REVERSED_DIR	n4013189194	1.8	0.44	Im Sonnental	22	Grötzingen Am Schwalbenloch	Paul-Rein-Straße / Ringelberghohl	LINESTRING(8.502527 49.00166,8.5025197 49.0016759)
641	Karlsruhe	Grötzingen Karl-Leopold-Straße	de:08212:2105:0:1	49.010829	8.495062	bus	MATCHED	n2920177411	4.5	0.66	Karl-Leopold-Straße	21,NL12	Grötzingen Nord / Grötzingen Nord	Grötzingen Nord	LINESTRING(8.495062 49.010829,8.49512 49.0108168)
642	Karlsruhe	Grötzingen Karl-Leopold-Straße	de:08212:2105:0:2	49.010835	8.495008	bus	MATCHED	n300279008	4.1	0.67	Karl-Leopold-Straße	21,NL12	Grötzingen Rathaus	Grötzingen Rathaus	LINESTRING(8.495008 49.010835,8.4949518 49.0108365)
643	Karlsruhe	Grötzingen Karl-Leopold-Straße	de:08212:2105:0:3	49.010729	8.494766	bus	NO_MATCH_AND_SEEMS_UNSERVED								POINT(8.494766 49.010729)
644	Karlsruhe	Grötzingen Karl-Leopold-Straße	de:08212:2105:0:4	49.010729	8.494766	bus	NO_MATCH_AND_SEEMS_UNSERVED								POINT(8.494766 49.010729)
645	Karlsruhe	Grötzingen Karl-Leopold-Straße	de:08212:2105:0:5	49.01087	8.490086	bus	NO_MATCH_AND_SEEMS_UNSERVED								POINT(8.490086 49.01087)
646	Karlsruhe	Grötzingen Krappmühlenweg	de:08212:1600:1:1	49.005867	8.512696	train	MATCHED	n2896391018	5.2	0.78	Grötzingen Krappmühlenweg	S5,S51	Berghausen Pfinzbrücke	Berghausen Pfinzbrücke	LINESTRING(8.512696 49.005867,8.512628000000001 49.005854600000006)
647	Karlsruhe	Grötzingen Krappmühlenweg	de:08212:1600:1:2	49.005873	8.512049	train	MATCHED	n1454717983	16.8	0.59	Grötzingen Krappmühlenweg	S5,S51	Grötzingen Oberausstraße	Grötzingen Oberausstraße	LINESTRING(8.512049 49.005873,8.512276 49.0058955)
648	Karlsruhe	Grötzingen Krappmühlenweg	de:08212:1600:2:21	49.005254	8.513711	bus	MATCHED	n10048820882	1.5	1.0	Krappmühlenweg				LINESTRING(8.513711 49.005254,8.5137177 49.0052413)
649	Karlsruhe	Grötzingen Krappmühlenweg	de:08212:1600:2:22	49.005413	8.513082	bus	MATCHED	n4896116044	40.3	1.0	Krappmühlenweg				LINESTRING(8.513082 49.005413,8.512553200000001 49.005513500000006)
650	Karlsruhe	Grötzingen LTZ Augustenberg	de:08212:2016:1:1	49.003133	8.492664	bus	MATCHED	n1859483787	7.8	0.62	LTZ Augustenberg	22,NL12	Grötzingen Staigstraße	Staigstraße	LINESTRING(8.492664 49.003133,8.492597 49.003078900000006)
651	Karlsruhe	Grötzingen LTZ Augustenberg	de:08212:2016:1:2	49.003156	8.49278	bus	MATCHED	n1849066143	17.0	0.5	LTZ Augustenberg	22,NL12	Durlach Friedhof / Durlach Neßlerstraße	Durlach Friedhof	LINESTRING(8.49278 49.003156,8.4925721 49.003223500000004)
652	Karlsruhe	Grötzingen Nord	de:08212:2106:0:1	49.015177	8.4942	bus	MATCHED	n2917412141	7.2	0.74	Grötzingen Nord	21,NL12	Grötzingen Emil-Arheit-Halle	Emil-Arheit-Halle	LINESTRING(8.4942 49.015177,8.494251100000001 49.0151218)
653	Karlsruhe	Grötzingen Nord	de:08212:2106:0:11	49.016049	8.494065	bus	NO_MATCH_AND_SEEMS_UNSERVED								POINT(8.494065 49.016049)
654	Karlsruhe	Grötzingen Nord	de:08212:2106:0:12	49.016055	8.494155	bus	NO_MATCH_AND_SEEMS_UNSERVED								POINT(8.494155 49.016055)
655	Karlsruhe	Grötzingen Nord	de:08212:2106:0:2	49.014617	8.494137	bus	MATCHED	n300279004	2.3	0.81	Grötzingen Nord	21	Grötzingen Karl-Leopold-Straße	Karl-Leopold-Straße	LINESTRING(8.494137 49.014617,8.494127200000001 49.014597200000004)
656	Karlsruhe	Grötzingen Nord	de:08212:2106:0:4	49.014747	8.494182	bus	MATCHED	n4013189193	4.0	0.82	Grötzingen Nord	21,NL12	Grötzingen Karl-Leopold-Straße	Karl-Leopold-Straße	LINESTRING(8.494182 49.014747,8.4941846 49.0147108)
657	Karlsruhe	Grötzingen Oberausstraße	de:08212:1525:1:1	49.005184	8.503911	trainish	MATCHED	n1454717837	7.6	0.6	Grötzingen Oberausstraße			Grötzingen Krappmühlenweg / Grötzingen Bahnhof	LINESTRING(8.503911 49.005184,8.503810900000001 49.0051665)
658	Karlsruhe	Grötzingen Oberausstraße	de:08212:1525:2:2	49.005302	8.503596	train	MATCHED	n1662968717	21.7	0.37	Grötzingen Oberausstraße	S4	Berghausen Hummelberg / Grötzingen	Berghausen Hummelberg / Grötzingen Bahnhof	LINESTRING(8.503596 49.005302,8.5038876 49.0053362)
659	Karlsruhe	Grötzingen Oberausstraße	de:08212:1525:3:31	49.005567	8.502132		NO_MATCH_AND_SEEMS_UNSERVED								POINT(8.502132 49.005567)
660	Karlsruhe	Grötzingen Ohmstraße	de:08212:3212:0:1	49.027359	8.47282	bus	MATCHED	n4014739652	11.3	0.51	Ohmstraße	32,ALT32	Grötzingen Greschbachstraße	Greschbachstraße	LINESTRING(8.47282 49.027359,8.472941 49.0272951)
661	Karlsruhe	Grötzingen Ohmstraße	de:08212:3212:0:2	49.027212	8.472622	bus	MATCHED	n4014739651	27.5	0.39	Ohmstraße	32,ALT32	Hagsfeld Storrenacker Nord	Storrenacker Nord	LINESTRING(8.472622 49.027212,8.4722978 49.027086000000004)
662	Karlsruhe	Grötzingen Paul-Rein-Straße	de:08212:32:1:1	49.001247	8.504135	bus	MATCHED	n1859483769	13.9	0.54	Paul-Rein-Straße	22,NL12	Grötzingen Fikentscherstraße	Fikentscherstraße	LINESTRING(8.504135 49.001247,8.5039668 49.001187900000005)
663	Karlsruhe	Grötzingen Paul-Rein-Straße	de:08212:32:1:2	49.001271	8.503875	bus	MATCHED	n1849066140	2.5	0.75	Paul-Rein-Straße	22,NL12	Grötzingen Im Sonnental / Grötzingen Im Sonnental	Ringelberghohl / Im Sonnental / Am Schwalbenloch	LINESTRING(8.503875 49.001271,8.5039086 49.0012654)
664	Karlsruhe	Grötzingen Pfinzhof	de:08212:3211:0:1	49.032283	8.47167	bus	MATCHED	n4014739653	4.2	0.56	Pfinzhof	32,ALT32	Grötzingen Weidbruch	Weidbruch	LINESTRING(8.47167 49.032283,8.4717106 49.0323093)
665	Karlsruhe	Grötzingen Pfinzhof	de:08212:3211:0:2	49.032283	8.471616	bus	MATCHED	n4014739654	5.1	0.54	Pfinzhof	32,ALT32	Grötzingen Greschbachstraße	Greschbachstraße	LINESTRING(8.471616 49.032283,8.4715904 49.032325900000004)
666	Karlsruhe	Grötzingen Rathaus	de:08212:2104:0:11	49.007665	8.496185	bus	MATCHED	n300279017	4.2	0.82	Grötzingen Rathaus	21,NL12	Grötzingen Büchelbergstraße	Büchelbergstraße	LINESTRING(8.496185 49.007665,8.496164700000001 49.007700500000006)
667	Karlsruhe	Grötzingen Rathaus	de:08212:2104:0:12	49.007611	8.495215	bus	MATCHED	n391983250	4.8	0.8	Grötzingen Rathaus	21,NL12	Grötzingen Karl-Leopold-Straße	Karl-Leopold-Straße	LINESTRING(8.495215 49.007611,8.495249600000001 49.0075748)
668	Karlsruhe	Grötzingen Rathaus	de:08212:2104:0:13	49.007505	8.494865	bus	MATCHED	n1870249017	5.1	0.69	Grötzingen Rathaus	22	Grötzingen	Grötzingen Bahnhof	LINESTRING(8.494865 49.007505,8.4949328 49.007515600000005)
669	Karlsruhe	Grötzingen Rathaus	de:08212:2104:0:14	49.007464	8.495098	bus	NO_MATCH_AND_SEEMS_UNSERVED								POINT(8.495098 49.007464)
670	Karlsruhe	Grötzingen Rathaus	de:08212:2104:0:15	49.007276	8.495323	bus	NO_MATCH_AND_SEEMS_UNSERVED								POINT(8.495323 49.007276)
671	Karlsruhe	Grötzingen Rathaus	de:08212:2104:1:1	49.007611	8.495215		NO_MATCH_AND_SEEMS_UNSERVED								POINT(8.495215 49.007611)
672	Karlsruhe	Grötzingen Rathaus	de:08212:2104:2:2	49.007665	8.496185		NO_MATCH_AND_SEEMS_UNSERVED								POINT(8.496185 49.007665)
673	Karlsruhe	Grötzingen Rathaus	de:08212:2104:3:3	49.007505	8.494865		NO_MATCH_AND_SEEMS_UNSERVED								POINT(8.494865 49.007505)
674	Karlsruhe	Grötzingen Rathaus	de:08212:2104:3:4	49.00747	8.494927		NO_MATCH_AND_SEEMS_UNSERVED								POINT(8.494927 49.00747)
675	Karlsruhe	Grötzingen Ringelberghohl	de:08212:2110:1:1	49.003445	8.502994		NO_MATCH_AND_SEEMS_UNSERVED								POINT(8.502994 49.003445)
676	Karlsruhe	Grötzingen Ringelberghohl	de:08212:2110:1:2	49.003398	8.503012		NO_MATCH_AND_SEEMS_UNSERVED								POINT(8.503012 49.003398)
677	Karlsruhe	Grötzingen Ringelberghohl	de:08212:2110:2:3	49.003463	8.502339	bus	MATCHED	n1859483802	12.1	0.52	Ringelberghohl	22,NL12	Grötzingen Im Sonnental / Grötzingen Im Sonnental	Im Sonnental	LINESTRING(8.502339 49.003463,8.502410600000001 49.0033644)
678	Karlsruhe	Grötzingen Ringelberghohl	de:08212:2110:2:4	49.003486	8.502455	bus	MATCHED	n1849066142	12.0	0.52	Ringelberghohl	22,NL12	Grötzingen Augustenburg / Grötzingen Staigstraße	Augustenburg / Staigstraße	LINESTRING(8.502455 49.003486,8.502497400000001 49.0033818)
679	Karlsruhe	Grötzingen Rossweid	de:08212:3214:0:1	49.035334	8.472047	bus	MATCHED	n4014739660	6.0	0.33	Rossweid	32,ALT32	Grötzingen Weidbruch	Weidbruch	LINESTRING(8.472047 49.035334,8.4721195 49.0353082)
680	Karlsruhe	Grötzingen Staigstraße	de:08212:2108:0:1	49.002862	8.497892	bus	MATCHED	n1859483783	15.8	0.49	Staigstraße	22,NL12	Grötzingen Augustenburg / Grötzingen Ringelberghohl	Augustenburg / Ringelberghohl	LINESTRING(8.497892 49.002862,8.497682000000001 49.0028268)
681	Karlsruhe	Grötzingen Staigstraße	de:08212:2108:0:2	49.002938	8.497865	bus	MATCHED	n1849066138	15.6	0.5	Staigstraße	22,NL12	Grötzingen LTZ Augustenberg	LTZ Augustenberg	LINESTRING(8.497865 49.002938,8.4976565 49.002909800000005)
682	Karlsruhe	Grötzingen Vogelsang	de:08212:35:1:1	48.999709	8.499635	bus	MATCHED	n1870249023	5.7	0.55	Vogelsang	22	Grötzingen Im Sonnental / Grötzingen Im Sonnental	Im Sonnental	LINESTRING(8.499635 48.999709,8.4995694 48.999680600000005)
683	Karlsruhe	Grötzingen Weidbruch	de:08212:3118:0:1	49.033933	8.473745	bus	MATCHED	n4014739661	15.7	0.27	Weidbruch	32,ALT32	Grötzingen Rossweid	Rossweid	LINESTRING(8.473745 49.033933,8.4738927 49.0340354)
684	Karlsruhe	Grötzingen Weidbruch	de:08212:3118:0:2	49.033768	8.473619	bus	MATCHED	n4014739662	12.3	0.3	Weidbruch	32,ALT32	Grötzingen Pfinzhof	Pfinzhof	LINESTRING(8.473619 49.033768,8.473712800000001 49.03386020000001)
685	Karlsruhe	Grünwettersb. H. -Barth-Schule	de:08212:91004:0:1	48.953571	8.476737	bus	MATCHED	n1325266624	5.5	0.43	Heinz-Barth-Schule	158	Grünwettersbach Mitte	Palmbach Kirche	LINESTRING(8.476737 48.953571,8.4768097 48.9535599)
686	Karlsruhe	Grünwettersb. Seniorenresidenz	de:08212:4511:0:1	48.951789	8.471526	bus	MATCHED	n444440676	16.8	0.43	Seniorenresidenz	158,27,47,NL3	Palmbach Im Kloth	Im Kloth	LINESTRING(8.471526 48.951789,8.4714294 48.9519256)
687	Karlsruhe	Grünwettersb. Seniorenresidenz	de:08212:4511:0:2	48.95258	8.471275	bus	MATCHED	n444440677	7.1	0.54	Seniorenresidenz	158,27,47,ALT47	Grünwettersb. H.-Barth-Schule / Grünwettersbach Mitte	Grünwettersbach Mitte	LINESTRING(8.471275 48.95258,8.4713288 48.9525273)
688	Karlsruhe	Grünwettersbach Grundschule	de:08212:631:1:1	48.95458	8.469146		NO_MATCH_AND_SEEMS_UNSERVED								POINT(8.469146 48.95458)
689	Karlsruhe	Grünwettersbach Mitte	de:08212:4510:0:1	48.955293	8.470224	bus	MATCHED	n444440674	31.7	0.48	Grünwettersbach Mitte	158,27,47,NL3	Grünwettersb. Seniorenresidenz	Seniorenresidenz	LINESTRING(8.470224 48.955293,8.470331400000001 48.9550166)
690	Karlsruhe	Grünwettersbach Mitte	de:08212:4510:0:2	48.955258	8.470341	bus	MATCHED	n444440675	3.3	0.85	Grünwettersbach Mitte	158,27,47,ALT47	Grünwettersbach Rathaus	Grünwettersbach Rathaus	LINESTRING(8.470341 48.955258,8.4703814 48.9552458)
691	Karlsruhe	Grünwettersbach Mitte	de:08212:4510:0:3	48.954703	8.46973		NO_MATCH_AND_SEEMS_UNSERVED								POINT(8.46973 48.954703)
692	Karlsruhe	Grünwettersbach Rathaus	de:08212:4509:0:1	48.958408	8.466792	bus	MATCHED	n25509853	7.5	0.74	Grünwettersbach Rathaus	158,27,47,NL3	Grünwettersbach Mitte	Grünwettersbach Mitte	LINESTRING(8.466792 48.958408,8.4667577 48.9584715)
693	Karlsruhe	Grünwettersbach Rathaus	de:08212:4509:0:2	48.958201	8.466864	bus	MATCHED	n443820365	14.2	0.63	Grünwettersbach Rathaus	158,27,47,ALT47	Durlach Zündhütle / Wolfartsweier Süd / KA Hauptbahnhof (Vorplatz) / Karlsruhe Poststraße	Wolfartsweier Süd / Hauptbahnhof (Vorplatz) Gleis 24 / Zündhütle	LINESTRING(8.466864 48.958201,8.466844400000001 48.9580737)
694	Karlsruhe	Grünwinkel Friedhof	de:08212:6003:0:1	49.005337	8.356021	bus	MATCHED	n286071607	3.9	0.78	Grünwinkel-Friedhof	60,62,NL15	Karlsruhe Sinner / Karlsruhe Sinner / Karlsruhe Sinner	Sinner (Zeppelinstr.) / Sinner (Durmersheimer Straße)	LINESTRING(8.356021 49.005337,8.3559765 49.0053179)
695	Karlsruhe	Grünwinkel Friedhof	de:08212:6003:0:2	49.005767	8.356138	bus	MATCHED	n286071609	8.9	0.67	Grünwinkel-Friedhof	60,62,ALT62	Karlsruhe Blohnstraße	Blohnstraße	LINESTRING(8.356138 49.005767,8.3561983 49.0056979)
696	Karlsruhe	Grünwinkel Grundschule	de:08212:91011:0:1	48.998831	8.354395		NO_MATCH_AND_SEEMS_UNSERVED								POINT(8.354395 48.998831)
697	Karlsruhe	Grünwinkler Straße	de:08212:5007:0:1	48.988103	8.379781	bus	MATCHED	n635945393	5.3	0.79	Grünwinkler Straße	50,51,NL14	Karlsruhe Petergraben / Karlsruhe Landgrabenstraße	Landgrabenstraße / Petergraben	LINESTRING(8.379781 48.988103,8.3798504 48.9880894)
698	Karlsruhe	Grünwinkler Straße	de:08212:5007:0:2	48.987879	8.380356	bus	MATCHED	n633786277	1.5	0.91	Grünwinkler Straße	50,51,ALT50,NL14	Karlsruhe-Neue-Anlage Straße	Neue Anlage Straße	LINESTRING(8.380356 48.987879,8.3803432 48.9878689)
699	Karlsruhe	Grünwinkler Straße	de:08212:5007:0:C	48.988003	8.379404		NO_MATCH_AND_SEEMS_UNSERVED								POINT(8.379404 48.988003)
700	Karlsruhe	Grünwinkler Straße	de:08212:5007:0:D	48.988015	8.379539	bus	NO_MATCH_BUT_OTHER_PLATFORM_MATCHED					51	Karlsruhe Landgrabenstraße		POINT(8.379539 48.988015)
701	Karlsruhe	Gutenbergschule	de:08212:91015:0:1	49.009574	8.376485		NO_MATCH_AND_SEEMS_UNSERVED								POINT(8.376485 49.009574)
702	Karlsruhe	Hafendirektion	de:08212:498:1:1	49.016332	8.344927		NO_MATCH_AND_SEEMS_UNSERVED								POINT(8.344927 49.016332)
703	Karlsruhe	Hagsfeld An der Tagweide	de:08212:3106:0:1	49.021027	8.456444	bus	MATCHED	n4014639397	1.3	0.78	An der Tagweide	31	Hagsfeld Elfmorgenbruch	Elfmorgenbruch	LINESTRING(8.456444 49.021027,8.4564296 49.021019700000004)
704	Karlsruhe	Hagsfeld An der Tagweide	de:08212:3106:0:2	49.02108	8.456471	bus	MATCHED	n4014639398	20.5	0.48	An der Tagweide	31	Hagsfeld Pfizer	Pfizer	LINESTRING(8.456471 49.02108,8.4567399 49.0210288)
705	Karlsruhe	Hagsfeld An der Tagweide	de:08212:3106:0:3	49.020821	8.457854	bus	MATCHED	n3899708812	55.9	0.33	An der Tagweide	32	Hagsfeld Neue Wiesen	Neue Wiesen	LINESTRING(8.457854 49.020821,8.4582385 49.0212554)
706	Karlsruhe	Hagsfeld Bahnhof	de:08212:3102:11:11	49.026977	8.454108	bus	MATCHED	w317550886	5.9	1.0	Hagsfeld Bahnhof	31,ALT31	Hagsfeld Pfizer	Pfizer	LINESTRING(8.454108 49.026977,8.45409505 49.0270297)
707	Karlsruhe	Hagsfeld Bahnhof	de:08212:3102:11:E	49.027206	8.454189	bus	NO_MATCH_AND_SEEMS_UNSERVED								POINT(8.454189 49.027206)
708	Karlsruhe	Hagsfeld Bahnhof	de:08212:3102:12:12	49.026971	8.454306	bus	MATCHED	n4014639405	3.5	1.0	Hagsfeld Bahnhof	31,ALT31	Hagsfeld Julius-Bender-Straße	Julius-Bender-Straße	LINESTRING(8.454306 49.026971,8.4543508 49.0269594)
709	Karlsruhe	Hagsfeld Bahnhof	de:08212:3102:1:1	49.02723	8.453731	tram	MATCHED	n1690203195	5.1	1.0	Bahnhof Hagsfeld	E,S2,S6,S9	Karlsruhe Hauptbahnhof / KA Hirtenweg/Technologiepark / Karlsruhe Hauptbahnhof / Karlsruhe Hauptbahnhof / Hagsfeld Süd / Karlsruhe Hauptbahnhof / Karlsruhe Hauptbahnhof	Hagsfeld Süd / Hirtenweg - Technologiepark	LINESTRING(8.453731 49.02723,8.453762600000001 49.0272707)
710	Karlsruhe	Hagsfeld Bahnhof	de:08212:3102:21:21	49.027301	8.453515	bus	NO_MATCH_AND_SEEMS_UNSERVED								POINT(8.453515 49.027301)
711	Karlsruhe	Hagsfeld Bahnhof	de:08212:3102:22:22	49.027477	8.453587	bus	NO_MATCH_AND_SEEMS_UNSERVED								POINT(8.453587 49.027477)
712	Karlsruhe	Hagsfeld Bahnhof	de:08212:3102:23:23	49.027259	8.453524	bus	NO_MATCH_AND_SEEMS_UNSERVED								POINT(8.453524 49.027259)
713	Karlsruhe	Hagsfeld Bahnhof	de:08212:3102:24:24	49.027359	8.453605	bus	NO_MATCH_AND_SEEMS_UNSERVED								POINT(8.453605 49.027359)
714	Karlsruhe	Hagsfeld Bahnhof	de:08212:3102:2:2	49.027719	8.453946	tram	MATCHED	n1136293878	10.6	1.0	Bahnhof Hagsfeld	E,S2	Hagsfeld Geroldsäcker	Geroldsäcker	LINESTRING(8.453946 49.027719,8.4539915 49.0278098)
715	Karlsruhe	Hagsfeld Bahnhof	de:08212:3102:31:1	49.025987	8.453605	trainish	MATCHED	n934791833	19.4	1.0	Karlsruhe-Hagsfeld			Karlsruhe Hauptbahnhof	LINESTRING(8.453605 49.025987,8.4535634 49.025814600000004)
716	Karlsruhe	Hagsfeld Bahnhof	de:08212:3102:32:2	49.026423	8.453785	train	MATCHED	n2827402190	13.7	1.0	Karlsruhe-Hagsfeld	S6,S9	Blankenloch / Karlsruhe Hauptbahnhof / Blankenloch	Blankenloch	LINESTRING(8.453785 49.026423,8.453822800000001 49.0265441)
717	Karlsruhe	Hagsfeld Brückenstraße	de:08212:3206:0:1	49.026547	8.463468	bus	MATCHED	w1169596605	7.7	0.59	Brückenstraße	32,ALT32	Hagsfeld Printzstraße / Hagsfeld Printzstraße	Printzstraße	LINESTRING(8.463468 49.026547,8.46345546471011 49.02661534418967)
718	Karlsruhe	Hagsfeld Brückenstraße	de:08212:3206:0:2	49.027	8.463998	bus	MATCHED	w1169596606	4.6	0.66	Brückenstraße	32,ALT32	Hagsfeld Schäferstraße	Schäferstraße	LINESTRING(8.463998 49.027,8.464040695830139 49.02696967844809)
719	Karlsruhe	Hagsfeld Brückenstraße	de:08212:3206:0:3	49.027224	8.464214	bus	MATCHED	n4014739642	30.9	0.22	Brückenstraße				LINESTRING(8.464214 49.027224,8.4639969 49.0269855)
720	Karlsruhe	Hagsfeld Brückenstraße	de:08212:3206:0:4	49.027383	8.464295		MATCHED	n4014739641	105.8	0.06	Brückenstraße				LINESTRING(8.464295 49.027383,8.4634817 49.026595500000006)
721	Karlsruhe	Hagsfeld Elfmorgenbruch	de:08212:3117:0:1	49.019749	8.460576	bus	MATCHED	n4014639403	25.2	0.44	Elfmorgenbruch	31,31X,32,ALT32	Hagsfeld Storrenacker Süd	Storrenacker Süd	LINESTRING(8.460576 49.019749,8.4602518 49.019826900000005)
722	Karlsruhe	Hagsfeld Elfmorgenbruch	de:08212:3117:0:2	49.019867	8.46036	bus	NO_MATCH_BUT_OTHER_PLATFORM_MATCHED					31,32,ALT32	Hagsfeld An der Tagweide / Hagsfeld Neue Wiesen		POINT(8.46036 49.019867)
723	Karlsruhe	Hagsfeld Elfmorgenbruch	de:08212:3117:0:3	49.019808	8.460522		MATCHED	n4014639402	5.2	0.45	Elfmorgenbruch			Neue Wiesen / An der Tagweide	LINESTRING(8.460522 49.019808,8.460592100000001 49.019814800000006)
724	Karlsruhe	Hagsfeld Fächerbad	de:08212:405:11:11	49.026087	8.447604	bus	MATCHED	w643150830	3.5	0.52	Fächerbad				LINESTRING(8.447604 49.026087,8.447620253748164 49.02611621814597)
725	Karlsruhe	Hagsfeld Fächerbad	de:08212:405:12:12	49.02584	8.44791	bus	MATCHED	n25419601	6.6	0.44	Fächerbad	32,ALT32	Hagsfeld Süd		LINESTRING(8.44791 49.02584,8.447825100000001 49.0258205)
726	Karlsruhe	Hagsfeld Fächerbad	de:08212:405:12:15	49.026494	8.447227		MATCHED	n5202597216	46.6	0.11	Fächerbad				LINESTRING(8.447227 49.026494,8.4475576 49.0261353)
727	Karlsruhe	Hagsfeld Fächerbad	de:08212:405:13:13	49.025263	8.448278	bus	MATCHED	n422647199	1.5	0.59	Fächerbad				LINESTRING(8.448278 49.025263,8.4482578 49.0252655)
728	Karlsruhe	Hagsfeld Fächerbad	de:08212:405:14:14	49.025198	8.448583	bus	MATCHED	n422647202	8.3	0.57	Fächerbad	125	Blankenloch Schloss Stutensee	Schloss Stutensee	LINESTRING(8.448583 49.025198,8.4485521 49.0251262)
729	Karlsruhe	Hagsfeld Fächerbad	de:08212:405:15:E	49.025946	8.446778	bus	MATCHED	w643150831	69.8	0.13	Fächerbad				LINESTRING(8.446778 49.025946,8.447707278011645 49.026089737751334)
730	Karlsruhe	Hagsfeld Fächerbad	de:08212:405:1:1	49.02531	8.448053	tram	MATCHED	n3497682669	2.2	1.0	Fächerbad	17,18,4,E,NL1	Rintheim Sinsheimer Straße	Sinsheimer Straße / Hirtenweg - Technologiepark	LINESTRING(8.448053 49.02531,8.4480669 49.025292500000006)
731	Karlsruhe	Hagsfeld Fächerbad	de:08212:405:21:21	49.026087	8.447604	bus	MATCHED	w643150829	6.4	0.44	Fächerbad				LINESTRING(8.447604 49.026087,8.4475576 49.0261353)
732	Karlsruhe	Hagsfeld Fächerbad	de:08212:405:2:2	49.02561	8.448179	tram	MATCHED	n1690784411	4.5	1.0	Fächerbad	17,18,4,E,NL1	Waldstadt Im Eichbäumle	Im Eichbäumle	LINESTRING(8.448179 49.02561,8.448187200000001 49.02557)
733	Karlsruhe	Hagsfeld Geroldsäcker	de:08212:233:1:1	49.032908	8.455357	tram	MATCHED	n1690203182	0.4	1.0	Geroldsäcker	E,S2	Hagsfeld Bahnhof	Bahnhof Hagsfeld	LINESTRING(8.455357 49.032908,8.4553568 49.032911600000006)
734	Karlsruhe	Hagsfeld Geroldsäcker	de:08212:233:21:21	49.032554	8.454279	bus	NO_MATCH_AND_SEEMS_UNSERVED								POINT(8.454279 49.032554)
735	Karlsruhe	Hagsfeld Geroldsäcker	de:08212:233:22:22	49.032855	8.454333	bus	NO_MATCH_AND_SEEMS_UNSERVED								POINT(8.454333 49.032855)
736	Karlsruhe	Hagsfeld Geroldsäcker	de:08212:233:2:2	49.032772	8.455366	tram	MATCHED	n1137311902	5.7	1.0	Geroldsäcker	E,S2	Hagsfeld Jenaer Straße	Jenaer Straße	LINESTRING(8.455366 49.032772,8.4553477 49.032722500000006)
737	Karlsruhe	Hagsfeld Grundschule	de:08212:91012:0:1	49.029733	8.458582		NO_MATCH_AND_SEEMS_UNSERVED								POINT(8.458582 49.029733)
738	Karlsruhe	Hagsfeld Hallesche Allee	de:08212:3302:0:1	49.034804	8.454144	bus	MATCHED	n905659723	8.6	0.62	Hallesche Allee	31,ALT31	Hagsfeld Nord	Hagsfeld Nord	LINESTRING(8.454144 49.034804,8.4540278 49.0347925)
739	Karlsruhe	Hagsfeld Hallesche Allee	de:08212:3302:0:2	49.03491	8.453344	bus	MATCHED	n905659718	0.9	0.81	Hallesche Allee	31,ALT31	Waldstadt Zentrum	Waldstadt Zentrum	LINESTRING(8.453344 49.03491,8.4533331 49.0349068)
740	Karlsruhe	Hagsfeld Hallesche Allee	de:08212:3302:0:23	49.034521	8.453587	bus	NO_MATCH_AND_SEEMS_UNSERVED								POINT(8.453587 49.034521)
741	Karlsruhe	Hagsfeld Hallesche Allee	de:08212:3302:0:24	49.034663	8.453677	bus	NO_MATCH_AND_SEEMS_UNSERVED								POINT(8.453677 49.034663)
742	Karlsruhe	Hagsfeld Jenaer Straße	de:08212:3301:1:1	49.035735	8.456129	tram	MATCHED	n1690203183	2.5	1.0	Jenaer Straße	E,S2	Hagsfeld Geroldsäcker	Geroldsäcker	LINESTRING(8.456129 49.035735,8.456136500000001 49.035756600000006)
743	Karlsruhe	Hagsfeld Jenaer Straße	de:08212:3301:21:21	49.034521	8.453614	bus	NO_MATCH_AND_SEEMS_UNSERVED								POINT(8.453614 49.034521)
744	Karlsruhe	Hagsfeld Jenaer Straße	de:08212:3301:22:22	49.034904	8.453371	bus	NO_MATCH_AND_SEEMS_UNSERVED								POINT(8.453371 49.034904)
745	Karlsruhe	Hagsfeld Jenaer Straße	de:08212:3301:2:2	49.036141	8.456282	tram	MATCHED	n1138074370	29.1	1.0	Jenaer Straße	E,S2	Hagsfeld Reitschulschlag	Reitschulschlag	LINESTRING(8.456282 49.036141,8.456357200000001 49.036397900000004)
746	Karlsruhe	Hagsfeld Julius-Bender-Straße	de:08212:3104:0:1	49.029079	8.456767	bus	MATCHED	n4014639413	5.6	0.69	Julius-Bender-Straße	31,32,ALT31,ALT32	Hagsfeld Bahnhof / Hagsfeld Oberdorfstraße	Oberdorfstraße / Hagsfeld Bahnhof	LINESTRING(8.456767 49.029079,8.4567716 49.029129100000006)
747	Karlsruhe	Hagsfeld Julius-Bender-Straße	de:08212:3104:0:2	49.029315	8.457117	bus	NO_MATCH_BUT_OTHER_PLATFORM_MATCHED					31,32,ALT31,ALT32	Hagsfeld Schwetzinger Straße / Hagsfeld Schäferstraße		POINT(8.457117 49.029315)
748	Karlsruhe	Hagsfeld Julius-Bender-Straße	de:08212:3104:0:3	49.029262	8.457081		MATCHED	n4014639414	3.5	0.56	Julius-Bender-Straße			Schäferstraße / Schwetzinger Straße	LINESTRING(8.457081 49.029262,8.4571278 49.0292669)
749	Karlsruhe	Hagsfeld Mona	de:08212:3119:0:1	49.021498	8.468733		MATCHED_THOUGH_OSM_NO_NAME	n5339570975	59.3	0.05	Storrenacker Mitte				LINESTRING(8.468733 49.021498,8.468096000000001 49.0211679)
750	Karlsruhe	Hagsfeld Neue Wiesen	de:08212:3108:0:1	49.020526	8.460971	bus	MATCHED	n4014739648	7.5	0.55	Neue Wiesen	32,ALT32	Hagsfeld Elfmorgenbruch	Elfmorgenbruch	LINESTRING(8.460971 49.020526,8.4608688 49.020524400000006)
751	Karlsruhe	Hagsfeld Neue Wiesen	de:08212:3108:0:2	49.020509	8.460998	bus	MATCHED	n4014739647	5.5	0.58	Neue Wiesen	32,ALT32	Hagsfeld Printzstraße	Printzstraße	LINESTRING(8.460998 49.020509,8.460993400000001 49.0204596)
752	Karlsruhe	Hagsfeld Nord	de:08212:3115:0:1	49.034622	8.460136	bus	MATCHED	n4014639407	0.8	0.94	Hagsfeld Nord	31,ALT31	Hagsfeld Schwetzinger Straße		LINESTRING(8.460136 49.034622,8.460125300000001 49.0346193)
753	Karlsruhe	Hagsfeld Nord	de:08212:3115:0:2	49.034192	8.460154	bus	MATCHED	n4014639408	2.0	0.89	Hagsfeld Nord	31,ALT31	Hagsfeld Hallesche Allee	Hallesche Allee	LINESTRING(8.460154 49.034192,8.4601798 49.03418610000001)
754	Karlsruhe	Hagsfeld Oberdorfstraße	de:08212:3103:0:1	49.028272	8.455923	bus	MATCHED	w166693748	4.0	0.7	Oberdorfstraße	32,ALT32	Hagsfeld Julius-Bender-Straße	Julius-Bender-Straße	LINESTRING(8.455923 49.028272,8.455930949999999 49.02823655)
755	Karlsruhe	Hagsfeld Oberdorfstraße	de:08212:3103:0:2	49.028255	8.455815	bus	MATCHED	w166693749	4.2	0.7	Oberdorfstraße	32,ALT32	Hagsfeld Süd	Hagsgeld sud	LINESTRING(8.455815 49.028255,8.455818529157451 49.02829276050812)
756	Karlsruhe	Hagsfeld Oberdorfstraße	de:08212:3103:0:3	49.028066	8.455824		MATCHED	n4014739649	20.8	0.24	Oberdorfstraße				LINESTRING(8.455824 49.028066,8.4559142 49.028243800000006)
757	Karlsruhe	Hagsfeld Pfizer	de:08212:3105:0:1	49.02356	8.453264	bus	MATCHED	n4014639420	55.7	0.26	Pfizer	31	Hagsfeld An der Tagweide	An der Tagweide	LINESTRING(8.453264 49.02356,8.453319500000001 49.0240601)
758	Karlsruhe	Hagsfeld Pfizer	de:08212:3105:0:2	49.023595	8.453246	bus	MATCHED	n4014639418	7.2	0.51	Pfizer	31	Hagsfeld Bahnhof	Hagsfeld Bahnhof	LINESTRING(8.453246 49.023595,8.4533243 49.0235563)
759	Karlsruhe	Hagsfeld Printzstraße	de:08212:3107:11:2	49.023749	8.463019	bus	MATCHED	n4014739657	2.5	0.7	Printzstraße	32,ALT32	Hagsfeld Brückenstraße	Brückenstraße	LINESTRING(8.463019 49.023749,8.4630416 49.0237661)
760	Karlsruhe	Hagsfeld Printzstraße	de:08212:3107:12:1	49.023702	8.463073	bus	MATCHED	n4014739655	5.6	0.63	Printzstraße	32,ALT32	Hagsfeld Neue Wiesen	Neue Wiesen	LINESTRING(8.463073 49.023702,8.4630448 49.0236548)
761	Karlsruhe	Hagsfeld Printzstraße	de:08212:3107:13:3	49.02445	8.461411	bus	MATCHED	w702555706	3.6	0.66	Printzstraße	32	Hagsfeld An der Tagweide	An der Tagweide	LINESTRING(8.461411 49.02445,8.461419133601751 49.02448150958971)
762	Karlsruhe	Hagsfeld Printzstraße	de:08212:3107:1:1	49.023702	8.463073	bus	NO_MATCH_AND_SEEMS_UNSERVED								POINT(8.463073 49.023702)
763	Karlsruhe	Hagsfeld Printzstraße	de:08212:3107:1:2	49.023749	8.463019	bus	NO_MATCH_AND_SEEMS_UNSERVED								POINT(8.463019 49.023749)
764	Karlsruhe	Hagsfeld Printzstraße	de:08212:3107:2:3	49.02445	8.461411	bus	MATCHED	n4014739659	3.6	0.52	Printzstraße				LINESTRING(8.461411 49.02445,8.4614191 49.0244815)
765	Karlsruhe	Hagsfeld Printzstraße	de:08212:3107:2:4	49.025268	8.462211		NO_MATCH_AND_SEEMS_UNSERVED								POINT(8.462211 49.025268)
766	Karlsruhe	Hagsfeld Reitschul. (Schleife)	de:08212:3015:1:3	49.044085	8.46107	tram	NO_MATCH_AND_SEEMS_UNSERVED								POINT(8.46107 49.044085)
767	Karlsruhe	Hagsfeld Reitschulschlag	de:08212:3013:1:1	49.042525	8.4608	tram	MATCHED	n252291339	9.2	1.0	Reitschulschlag	E,S2	Hagsfeld Jenaer Straße	Jenaer Straße	LINESTRING(8.4608 49.042525,8.4608057 49.0426074)
768	Karlsruhe	Hagsfeld Reitschulschlag	de:08212:3013:21:21	49.043272	8.46054	bus	MATCHED	n4879074970	5.6	0.53	Reitschulschlag				LINESTRING(8.46054 49.043272,8.460469100000001 49.043290400000004)
769	Karlsruhe	Hagsfeld Reitschulschlag	de:08212:3013:22:22	49.043243	8.460657	bus	MATCHED	w737117901	14.8	0.36	Reitschulschlag				LINESTRING(8.460657 49.043243,8.460468117589086 49.04329206494961)
770	Karlsruhe	Hagsfeld Reitschulschlag	de:08212:3013:2:2	49.043261	8.460872	tram	MATCHED	n1138074611	12.7	1.0	Reitschulschlag	E,S2	Hagsfeld Reitschulschlag / Büchig	Reitschulschlag (Wendeschleife) / Büchig	LINESTRING(8.460872 49.043261,8.4608687 49.043147100000006)
771	Karlsruhe	Hagsfeld Reitschulschlag	de:08212:3013:3:3	49.044079	8.46107	tram	MATCHED	n1138074549	1.0	1.0	Reitschulschlag (Wendeschleife)	E,S2	Hagsfeld Reitschulschlag	Reitschulschlag	LINESTRING(8.46107 49.044079,8.4610757 49.044087100000006)
772	Karlsruhe	Hagsfeld Ruschgraben	de:08212:9031:0:1	49.029097	8.458465	bus	NO_MATCH_AND_SEEMS_UNSERVED								POINT(8.458465 49.029097)
773	Karlsruhe	Hagsfeld Schwetzinger Straße	de:08212:3116:0:1	49.031082	8.458851	bus	MATCHED	w150771051	0.6	0.82	Schwetzinger Straße	31,ALT31	Hagsfeld Julius-Bender-Straße	Julius-Bender-Straße	LINESTRING(8.458851 49.031082,8.458859283660493 49.03108323198927)
774	Karlsruhe	Hagsfeld Schwetzinger Straße	de:08212:3116:0:2	49.031459	8.459094	bus	MATCHED	n1636530630	1.6	0.78	Schwetzinger Straße	31,ALT31	Hagsfeld Nord	Hagsfeld Nord	LINESTRING(8.459094 49.031459,8.459086600000001 49.0314453)
775	Karlsruhe	Hagsfeld Schwetzinger Straße	de:08212:3116:0:24	49.030764	8.459112		MATCHED	n4014639421	39.6	0.16	Schwetzinger Straße				LINESTRING(8.459112 49.030764,8.4588511 49.031076600000006)
776	Karlsruhe	Hagsfeld Schäferstraße	de:08212:3205:0:1	49.028484	8.46116	bus	MATCHED	n1870337200	3.2	0.71	Schäferstraße	32,ALT32	Hagsfeld Brückenstraße	Brückenstraße	LINESTRING(8.46116 49.028484,8.461137500000001 49.028459000000005)
777	Karlsruhe	Hagsfeld Schäferstraße	de:08212:3205:0:11	49.028626	8.460423		NO_MATCH_AND_SEEMS_UNSERVED								POINT(8.460423 49.028626)
778	Karlsruhe	Hagsfeld Schäferstraße	de:08212:3205:0:12	49.028685	8.460441		NO_MATCH_AND_SEEMS_UNSERVED								POINT(8.460441 49.028685)
779	Karlsruhe	Hagsfeld Schäferstraße	de:08212:3205:0:2	49.028579	8.460935	bus	MATCHED	n1843678301	3.6	0.7	Schäferstraße	32,ALT32	Hagsfeld Julius-Bender-Straße	Julius-Bender-Straße	LINESTRING(8.460935 49.028579,8.4609511 49.0286094)
780	Karlsruhe	Hagsfeld Schäferstraße	de:08212:3205:0:C	49.028702	8.460333		NO_MATCH_AND_SEEMS_UNSERVED								POINT(8.460333 49.028702)
781	Karlsruhe	Hagsfeld Schäferstraße	de:08212:3205:0:D	49.028767	8.460612		NO_MATCH_AND_SEEMS_UNSERVED								POINT(8.460612 49.028767)
782	Karlsruhe	Hagsfeld Storrenacker Mitte	de:08212:3110:0:1	49.021139	8.468212	bus	MATCHED	n4014639424	3.3	0.68	Storrenacker Mitte	31,31X,32,ALT32	Hagsfeld Storrenacker Nord	Storrenacker Nord	LINESTRING(8.468212 49.021139,8.4682571 49.02113790000001)
783	Karlsruhe	Hagsfeld Storrenacker Mitte	de:08212:3110:0:2	49.020874	8.467996	bus	MATCHED	n4014639423	5.1	0.64	Storrenacker Mitte	31,32,ALT32	Hagsfeld Storrenacker Süd	Storrenacker Süd	LINESTRING(8.467996 49.020874,8.467933500000001 49.0208528)
784	Karlsruhe	Hagsfeld Storrenacker Nord	de:08212:3111:0:1	49.025239	8.470574	bus	MATCHED	n4014639426	6.4	0.64	Storrenacker Nord	31,31X,32,ALT32	Grötzingen Ohmstraße / Durlach Breit	Ohmstraße / Auf der Breit	LINESTRING(8.470574 49.025239,8.470657600000001 49.025223200000006)
785	Karlsruhe	Hagsfeld Storrenacker Nord	de:08212:3111:0:2	49.025327	8.470529	bus	MATCHED	n4014639427	5.4	0.66	Storrenacker Nord	31,32,ALT32	Hagsfeld Storrenacker Mitte	Storrenacker Mitte	LINESTRING(8.470529 49.025327,8.470457600000001 49.025337900000004)
786	Karlsruhe	Hagsfeld Storrenacker Nord	de:08212:3111:0:3	49.025581	8.470529		NO_MATCH_AND_SEEMS_UNSERVED								POINT(8.470529 49.025581)
787	Karlsruhe	Hagsfeld Storrenacker Süd	de:08212:3109:0:1	49.01893	8.466999	bus	MATCHED	n4014639428	4.8	0.67	Storrenacker Süd	31,31X,32,ALT32	Hagsfeld Storrenacker Mitte	Mona / Storrenacker Mitte	LINESTRING(8.466999 49.01893,8.467014800000001 49.0188877)
788	Karlsruhe	Hagsfeld Storrenacker Süd	de:08212:3109:0:2	49.018947	8.466945	bus	MATCHED	n4014639429	4.8	0.67	Storrenacker Süd	31,32,ALT32	Hagsfeld Elfmorgenbruch	Elfmorgenbruch	LINESTRING(8.466945 49.018947,8.466902900000001 49.0189134)
789	Karlsruhe	Hagsfeld Süd	de:08212:231:11:11	49.024868	8.450003	bus	MATCHED	n6206106796	1.4	0.86	Hagsfeld Süd				LINESTRING(8.450003 49.024868,8.4499837 49.0248694)
790	Karlsruhe	Hagsfeld Süd	de:08212:231:11:4	49.025098	8.449778	bus	MATCHED	w582365637	4.0	0.65	Hagsgeld sud	32,ALT32	Hagsfeld Fächerbad		LINESTRING(8.449778 49.025098,8.449829997740418 49.025085496993164)
791	Karlsruhe	Hagsfeld Süd	de:08212:231:12:12	49.025098	8.449778	bus	MATCHED	n1524548101	4.3	0.72	Hagsfeld Süd				LINESTRING(8.449778 49.025098,8.4498228 49.025073400000004)
792	Karlsruhe	Hagsfeld Süd	de:08212:231:12:3	49.024868	8.450003	bus	MATCHED	w662963260	2.6	0.87	Hagsfeld Süd	32,ALT32	Hagsfeld Oberdorfstraße	Oberdorfstraße	LINESTRING(8.450003 49.024868,8.44996775 49.02486795)
793	Karlsruhe	Hagsfeld Süd	de:08212:231:13:C	49.025339	8.450811	bus	NO_MATCH_AND_SEEMS_UNSERVED								POINT(8.450811 49.025339)
794	Karlsruhe	Hagsfeld Süd	de:08212:231:1:1	49.02422	8.449122	tram	MATCHED	n60121730	3.8	1.0	Hagsfeld Süd	E,S2	Rintheim Sinsheimer Straße	Sinsheimer Straße	LINESTRING(8.449122 49.02422,8.449170800000001 49.024231)
795	Karlsruhe	Hagsfeld Süd	de:08212:231:2:2	49.024656	8.449913	tram	MATCHED	n1136293958	4.4	1.0	Hagsfeld Süd	E,S2	Hagsfeld Bahnhof	Bahnhof Hagsfeld	LINESTRING(8.449913 49.024656,8.4498771 49.024624100000004)
796	Karlsruhe	Hagsfeld Weglangstraße	de:08212:9030:0:1	49.026558	8.455707	bus	NO_MATCH_AND_SEEMS_UNSERVED								POINT(8.455707 49.026558)
797	Karlsruhe	Hardecksiedlung	de:08212:607:11:11	48.992259	8.368795	bus	MATCHED	n25241917	10.2	0.69	Hardecksiedlung	50	Oberreut Albert-Braun-Straße	Albert-Braun-Straße / Schwimmschulweg	LINESTRING(8.368795 48.992259,8.368920600000001 48.992218400000006)
798	Karlsruhe	Hardecksiedlung	de:08212:607:11:13	48.992265	8.368786	bus	NO_MATCH_BUT_OTHER_PLATFORM_MATCHED					62,ALT62	Karlsruhe Schwimmschulweg		POINT(8.368786 48.992265)
799	Karlsruhe	Hardecksiedlung	de:08212:607:11:14	48.992901	8.36778	bus	NO_MATCH_AND_SEEMS_UNSERVED								POINT(8.36778 48.992901)
800	Karlsruhe	Hardecksiedlung	de:08212:607:12:12	48.991846	8.369109	bus	MATCHED	n28252171	7.2	0.74	Hardecksiedlung	50,62,ALT50,ALT62,SEV 14	Karlsruhe Windeckstraße	Windeckstraße	LINESTRING(8.369109 48.991846,8.369010900000001 48.9918472)
801	Karlsruhe	Hardecksiedlung	de:08212:607:1:1	48.992524	8.368606	tram	MATCHED	n1516245037	1.2	1.0	Hardecksiedlung	4,E,NL2	Oberreut Albert-Braun-Straße	Albert-Braun-Straße	LINESTRING(8.368606 48.992524,8.3686219 48.992526600000005)
802	Karlsruhe	Hardecksiedlung	de:08212:607:2:2	48.992748	8.368948	tram	MATCHED	n1516245038	5.6	1.0	Hardecksiedlung	4,E,NL2	Karlsruhe Bannwaldallee	Bannwaldallee	LINESTRING(8.368948 48.992748,8.3690051 48.992781400000005)
803	Karlsruhe	Hauptbahnhof	de:08212:90:1:101	48.993155	8.398853	train	MATCHED	n2822234663	0.8	1.0	Karlsruhe Hauptbahnhof	RB51,RB54,RB56,RE21,RE6	Wörth (Rhein) / Wörth (Rhein) / Karlsruhe Westbahnhof	Wörth (Rhein)	LINESTRING(8.398853 48.993155,8.398862600000001 48.993158)
804	Karlsruhe	Hauptbahnhof	de:08212:90:1:102	48.993208	8.398772	train	MATCHED	n2365611246	1.8	1.0	Karlsruhe Hauptbahnhof	RB51,RB52,RE6,S1,S3,S44	Wörth (Rhein) / Wörth (Rhein) / Karlsruhe-Mühlburg / Karlsruhe-Knielingen / Karlsruhe Westbahnhof	Wörth (Rhein)	LINESTRING(8.398772 48.993208,8.398785100000001 48.993222)
805	Karlsruhe	Hauptbahnhof	de:08212:90:2:1	48.99385	8.401009	train	MATCHED	n25443575	50.0	1.0	Karlsruhe Hauptbahnhof	12N,43,55,RB51,RB55,RE2,RE4,RE40,RE45,RE6,S31,S32,S52,S6,S9	Wörth (Rhein) / Rastatt / Graben-Neudorf Bahnhof / Hagsfeld Bahnhof / Baden-Baden / Graben-Neudorf Bahnhof / Mannheim, Hauptbahnhof / Rastatt / Karlsruhe Westbahnhof	Baden-Baden / Karlsruhe West	LINESTRING(8.401009 48.99385,8.401649200000001 48.994007800000006)
806	Karlsruhe	Hauptbahnhof	de:08212:90:2:2	48.993733	8.401071	train	MATCHED	n402589272	73.1	1.0	Karlsruhe Hauptbahnhof	12,12N,20,43,43N,45,55,82,84,85,RB52,RE7,S6,S9	Kehl(Gr) / Ringsheim/Europa-Park / Hagsfeld Bahnhof / Baden-Baden / Rastatt / Offenburg Bahnhof	Offenburg / Baden-Baden	LINESTRING(8.401071 48.993733,8.402005 48.993966900000004)
807	Karlsruhe	Hauptbahnhof	de:08212:90:3:3	48.993674	8.401116	train	NO_MATCH_BUT_OTHER_PLATFORM_MATCHED					12,12N,20,26,43,43N,45,55,82,84,85,RE9,S6,S9	Leipzig Hbf / Frankfurt (Main) Hauptbahnhof / Bonn Beuel Bf / Fulda Bahnhof / Mannheim, Hauptbahnhof / Heidelberg, Hauptbahnhof / Mannheim, Hauptbahnhof / Hauptbahnhof (oben) / Mannheim, Hauptbahnhof / Mainz, Hauptbahnhof / Mannheim, Hauptbahnhof / Graben-Neudorf Bahnhof / Wiesloch-Walldorf, Bf / Koblenz Hauptbahnhof / Mannheim, Hauptbahnhof / Mannheim, Hauptbahnhof / Hagsfeld Bahnhof		POINT(8.401116 48.993674)
808	Karlsruhe	Hauptbahnhof	de:08212:90:3:4	48.993556	8.401179	train	MATCHED_AMBIGUOUSLY	n4041688545	1.7	1.0	Karlsruhe Hauptbahnhof	13,20,20N,55,84,RB41,RB44,RE2,RE4,RE40,RE7,RE73,S2,S3,S31,S32,S6,S9	Rastatt / Hagsfeld Bahnhof / Karlsruhe-Durlach / Offenburg Bahnhof / Freiburg Hauptbahnhof / Graben-Neudorf Bahnhof / Ettlingen West / Mannheim, Hauptbahnhof / Karlsruhe-Durlach / Mannheim, Hauptbahnhof / Mannheim, Hauptbahnhof		LINESTRING(8.401179 48.993556,8.401166700000001 48.9935434)
809	Karlsruhe	Hauptbahnhof	de:08212:90:3:4	48.993556	8.401179	train	MATCHED_AMBIGUOUSLY	n402589279	53.5	1.0	Karlsruhe Hauptbahnhof	13,20,20N,55,84,RB41,RB44,RE2,RE4,RE40,RE7,RE73,S2,S3,S31,S32,S6,S9	Rastatt / Hagsfeld Bahnhof / Karlsruhe-Durlach / Offenburg Bahnhof / Freiburg Hauptbahnhof / Graben-Neudorf Bahnhof / Ettlingen West / Mannheim, Hauptbahnhof / Karlsruhe-Durlach / Mannheim, Hauptbahnhof / Mannheim, Hauptbahnhof	Mannheim Hauptbahnhof / Karlsruhe-Hagsfeld	LINESTRING(8.401179 48.993556,8.401865200000001 48.9937234)
810	Karlsruhe	Hauptbahnhof	de:08212:90:4:5	48.993473	8.401179	train	MATCHED	n4040952277	2.2	1.0	Karlsruhe Hauptbahnhof	12,13,20,26,60,RE73,S3,S31,S32	Karlsruhe-Durlach / Karlsruhe-Durlach / Karlsruhe-Durlach / Offenburg Bahnhof	Ettlingen West / Rastatt	LINESTRING(8.401179 48.993473,8.401209 48.993473900000005)
811	Karlsruhe	Hauptbahnhof	de:08212:90:4:6	48.993367	8.401278	train	MATCHED	n4041688544	1.5	1.0	Karlsruhe Hauptbahnhof	13,26,60,61,83,RB44,RE45,RE73,S1,S2,S3,S31,S32,S4,S71,S81	Baden-Baden / Kehl(Gr) / Baden-Baden / Ettlingen West / Karlsruhe-Durlach / Karlsruhe-Durlach / Karlsruhe-Durlach / Karlsruhe-Durlach	Ettlingen West	LINESTRING(8.401278 48.993367,8.4012668 48.9933561)
812	Karlsruhe	Hauptbahnhof	de:08212:90:5:7	48.99332	8.401395	train	NO_MATCH_BUT_OTHER_PLATFORM_MATCHED					12,13,20N,26,43N,60,83,FEX,RB44,RE2,RE40,S1,S2,S3,S31,S32,S71	Hauptbahnhof (oben) / Karlsruhe-Durlach / Hauptbahnhof (oben) / Bruchsal / Ettlingen West / Karlsruhe-Durlach / Baden-Baden / Rastatt / Rastatt / Offenburg Bahnhof / Karlsruhe-Durlach / Rastatt		POINT(8.401395 48.99332)
813	Karlsruhe	Hauptbahnhof	de:08212:90:5:8	48.993202	8.401449	train	MATCHED	n2541436125	8.1	1.0	Karlsruhe Hauptbahnhof	13,20N,26,43N,60,82,83,FEX,RB41,RB44,RE2,RE40,RE73,S2,S3,S31,S32,S71	Hauptbahnhof (oben) / Hauptbahnhof (oben) / Bruchsal / Ettlingen West / Hauptbahnhof (oben) / Mannheim, Hauptbahnhof / Karlsruhe-Durlach / Hauptbahnhof (oben) / Karlsruhe-Durlach / Rastatt / Karlsruhe-Durlach / Hauptbahnhof (oben) / Darmstadt Hauptbahnhof / Göttingen / Baden-Baden / Heidelberg, Hauptbahnhof / Hauptbahnhof (oben)		LINESTRING(8.401449 48.993202,8.4013484 48.9931721)
814	Karlsruhe	Hauptbahnhof	de:08212:90:6:10	48.993025	8.401566	train	MATCHED	n402589292	39.8	1.0	Karlsruhe Hauptbahnhof	13,20N,26,60,61,RB41,RB44,RE1,RE2,RE40,RE45,RE7,S2,S3,S31,S32,S5,S81	Karlsruhe-Durlach / Ettlingen West / Rastatt / Vaihingen (E) / Baden-Baden / Pforzheim Hauptbahnhof / Karlsruhe-Durlach / Bruchsal / Karlsruhe-Durlach	Karlsruhe-Durlach	LINESTRING(8.401566 48.993025,8.4020752 48.9931508)
815	Karlsruhe	Hauptbahnhof	de:08212:90:6:9	48.993143	8.401503	train	MATCHED_AMBIGUOUSLY	n2541436126	16.1	1.0	Karlsruhe Hauptbahnhof	60,61,FEX,MEX17,RB17,RB41,RB44,RE1,RE2,RE73,S3,S31,S32,S5,S71	Bruchsal / Karlsruhe-Durlach / Ettlingen West / Karlsruhe-Durlach / Karlsruhe-Durlach		LINESTRING(8.401503 48.993143,8.401710600000001 48.993191700000004)
816	Karlsruhe	Hauptbahnhof	de:08212:90:6:9	48.993143	8.401503	train	MATCHED_AMBIGUOUSLY	n402589288	46.2	1.0	Karlsruhe Hauptbahnhof	60,61,FEX,MEX17,RB17,RB41,RB44,RE1,RE2,RE73,S3,S31,S32,S5,S71	Bruchsal / Karlsruhe-Durlach / Ettlingen West / Karlsruhe-Durlach / Karlsruhe-Durlach	Karlsruhe-Durlach	LINESTRING(8.401503 48.993143,8.402094100000001 48.9932895)
817	Karlsruhe	Hauptbahnhof	de:08212:90:7:11	48.99296	8.401601	train	MATCHED	n2460601315	47.3	1.0	Karlsruhe Hauptbahnhof	60,61,RB41,RE1,RE40,RE45,RE73,S31,S32,S71	Rastatt / Karlsruhe-Durlach / Ettlingen West / Karlsruhe-Durlach		LINESTRING(8.401601 48.99296,8.4022064 48.9931106)
818	Karlsruhe	Hauptbahnhof	de:08212:90:7:12	48.99286	8.401673	train	MATCHED	n534105529	40.3	1.0	Karlsruhe Hauptbahnhof	MEX17,RB41,RE1,RE2,RE40,RE7,S3,S31,S32,S71	Ettlingen West / Karlsruhe-Durlach / Muggensturm / Rastatt / Karlsruhe-Durlach / Rastatt / Rastatt	Karlsruhe-Durlach	LINESTRING(8.401673 48.99286,8.4021937 48.992977)
819	Karlsruhe	Hauptbahnhof	de:08212:90:8:13	48.992813	8.4017	train	MATCHED_AMBIGUOUSLY	n811377003	46.9	1.0	Karlsruhe Hauptbahnhof	MEX17,RB41,RB44,RE1,RE2,S31,S32,S5,S71	Ettlingen West / Rastatt / Karlsruhe-Durlach / Karlsruhe-Durlach		LINESTRING(8.4017 48.992813,8.4023021 48.992958)
820	Karlsruhe	Hauptbahnhof	de:08212:90:8:13	48.992813	8.4017	train	MATCHED_AMBIGUOUSLY	n1832592009	8.8	1.0	Karlsruhe Hauptbahnhof	MEX17,RB41,RB44,RE1,RE2,S31,S32,S5,S71	Ettlingen West / Rastatt / Karlsruhe-Durlach / Karlsruhe-Durlach		LINESTRING(8.4017 48.992813,8.401594600000001 48.992775200000004)
821	Karlsruhe	Hauptbahnhof	de:08212:90:8:14	48.992713	8.401754	train	NO_MATCH_BUT_OTHER_PLATFORM_MATCHED					RB41,RB44,RE1,RE2,RE40,RE45,RE7,S31,S32,S71	Ettlingen West / Karlsruhe-Durlach / Karlsruhe-Durlach / Rastatt		POINT(8.401754 48.992713)
822	Karlsruhe	Hauptbahnhof Süd	de:08212:88:0:11	48.99177	8.401224	bus	MATCHED	n9735865839	10.9	0.53	Hauptbahnhof Süd	44	KA Hauptbahnhof (Vorplatz) / KA Hauptbahnhof (Vorplatz)		LINESTRING(8.401224 48.99177,8.4013404 48.9918315)
823	Karlsruhe	Hauptbahnhof Süd	de:08212:88:0:12	48.991705	8.401251	bus	MATCHED	n4573697486	2.0	0.83	Karlsruhe Hauptbahnhof Süd				LINESTRING(8.401251 48.991705,8.4012452 48.9916872)
824	Karlsruhe	Hauptbahnhof Süd	de:08212:88:11:11	48.99174	8.401125	bus	MATCHED_THOUGH_NAMES_DIFFER	n6342888127	16.9	0.2	FlixBus Karlsruhe	008,024,027,036,091,108,122,1307,1929,321,321A,476,900,N07,N110,N1151,N122,N13,N1315,N1316,N1326,N136,N168,N1720,N177,N1912,N215,N236,N27,N277,N33,N422,N474,N487,N508,N77,N880,N91,N93,N94,N948,N950,N952	Vaihingen / Flughafen/Messe / Zweibrücken, Hbf / Baden-Baden / Strasbourg / Pforzheim ZOB / Heidelberg, Hbf (West) / Freiburg Hauptbahnhof / Kornwestheim / Koblenz Hauptbahnhof / Mannheim, Hauptbahnhof / Landau, Hauptbahnhof / Leonberg / Basel SBB (Meret Oppenheim-Street) / Kehl Bahnhof / Frankfurt (Main) Pforzheimer Straße / Rust Europapark	Kirchheim (T) ZOB Bussteig 10 / München ZOB (19) / O / München ZOB (16) / Kehl, Bahnhof / Fernbusse Darmstadt / Flughafen/Messe (SAB) / Heidelberg Hbf / Offenburg, Messe / Tipidorf / Busbahnhof Frankfurt Airport / Saarbrücken (A) / Vaihingen Busbahnhof / Stuttgart-Airport-Busterminal / Fernbus Köln Flughafen / München ZOB (11) / Airpark Terminal (FKB) / Ulm, Eberhard-Finckh-Straße / Landau, Hbf/ZOB / Fernbusterminal / Fernbus Bonn / Baden-Baden Bahnhof / Pforzheim ZOB Süd / Freiburg ZOB / Kornwestheim, Pre Waypoint	LINESTRING(8.401125 48.99174,8.400995100000001 48.9916142)
825	Karlsruhe	Hauptbahnhof Süd	de:08212:88:11:12	48.991664	8.401143		MATCHED	w188205205	15.1	0.32	Hauptbahnhof Südseite				LINESTRING(8.401143 48.991664,8.400957132262839 48.99160527867819)
826	Karlsruhe	Hauptfriedhof	de:08212:402:11:11	49.013286	8.428246		MATCHED	n6133449132	32.5	0.24	Hauptfriedhof			Durlacher Tor/KIT-Campus Süd	LINESTRING(8.428246 49.013286,8.4278379 49.013170200000005)
827	Karlsruhe	Hauptfriedhof	de:08212:402:12:12	49.013262	8.428317	bus	MATCHED	n1480090550	10.1	0.69	Hauptfriedhof	125	Hagsfeld Fächerbad	Fächerbad	LINESTRING(8.428317 49.013262,8.428256300000001 49.0131804)
828	Karlsruhe	Hauptfriedhof	de:08212:402:1:1	49.01361	8.429216	tram	MATCHED	n1480008139	7.2	1.0	Hauptfriedhof	3,4	Karlsruhe Karl-Wilhelm-Platz	Karl-Wilhelm-Platz	LINESTRING(8.429216 49.01361,8.429310000000001 49.013628800000006)
829	Karlsruhe	Hauptfriedhof	de:08212:402:21:21	49.012973	8.431039		NO_MATCH_AND_SEEMS_UNSERVED								POINT(8.431039 49.012973)
830	Karlsruhe	Hauptfriedhof	de:08212:402:22:22	49.013468	8.431066		NO_MATCH_AND_SEEMS_UNSERVED								POINT(8.431066 49.013468)
831	Karlsruhe	Hauptfriedhof	de:08212:402:23:23	49.012973	8.431039	bus	MATCHED_THOUGH_NAMES_DIFFER	n3382658094	155.0	0.04	Rintheimer Straße				LINESTRING(8.431039 49.012973,8.431503300000001 49.011613000000004)
832	Karlsruhe	Hauptfriedhof	de:08212:402:24:24	49.013504	8.431066	bus	NO_MATCH_AND_SEEMS_UNSERVED								POINT(8.431066 49.013504)
833	Karlsruhe	Hauptfriedhof	de:08212:402:2:2	49.013828	8.430123	tram	MATCHED	n1480007541	7.8	1.0	Hauptfriedhof	3,4,E	KA Hirtenweg/Technologiepark / Karlsruhe Hauptfriedhof	Hirtenweg - Technologiepark / Hauptfriedhof	LINESTRING(8.430123 49.013828,8.430029600000001 49.013794700000005)
834	Karlsruhe	Hauptfriedhof	de:08212:402:3:3	49.012991	8.431165	tram	MATCHED	n1480157146	44.7	1.0	Hauptfriedhof	17,18,3,4,E,NL1,S2	Karlsruhe Essenweinstraße / Karlsruhe Dunantstraße	Essenweinstraße / Dunantstraße / Ostendstraße	LINESTRING(8.431165 49.012991,8.4309549 49.0133683)
835	Karlsruhe	Hauptfriedhof	de:08212:402:4:4	49.013651	8.430833	tram	MATCHED	n1906744514	8.1	1.0	Hauptfriedhof	17,18,3,4,E,NL1,S2	KA Hirtenweg/Technologiepark / Karlsruhe Hauptfriedhof	Hauptfriedhof / Fächerbad / Hirtenweg - Technologiepark	LINESTRING(8.430833 49.013651,8.4308698 49.013581800000004)
836	Karlsruhe	Haus Bethlehem	de:08212:1106:1:1	49.033102	8.376619	tram	MATCHED	n1733099349	7.1	1.0	Haus Bethlehem			Welschneureuter Straße	LINESTRING(8.376619 49.033102,8.3766163 49.0330378)
837	Karlsruhe	Haus Bethlehem	de:08212:1106:21:21	49.033491	8.375703	bus	NO_MATCH_AND_SEEMS_UNSERVED								POINT(8.375703 49.033491)
838	Karlsruhe	Haus Bethlehem	de:08212:1106:22:22	49.033567	8.375317	bus	NO_MATCH_AND_SEEMS_UNSERVED								POINT(8.375317 49.033567)
839	Karlsruhe	Haus Bethlehem	de:08212:1106:2:2	49.033255	8.376583	tram	MATCHED	n1744261989	53.6	1.0	Haus Bethlehem			Kurt-Schumacher-Straße	LINESTRING(8.376583 49.033255,8.376638400000001 49.033736100000006)
840	Karlsruhe	Haus Bethlehem	de:08212:1106:3:3	49.034044	8.377356	tram	NO_MATCH_AND_SEEMS_UNSERVED								POINT(8.377356 49.034044)
841	Karlsruhe	Haus Bethlehem	de:08212:1106:90:91	49.033444	8.375766		NO_MATCH_AND_SEEMS_UNSERVED								POINT(8.375766 49.033444)
842	Karlsruhe	Haus Bethlehem	de:08212:1106:90:92	49.03345	8.375604		NO_MATCH_AND_SEEMS_UNSERVED								POINT(8.375604 49.03345)
843	Karlsruhe	Hbf Abstellgleise	de:08212:41013:0:1	48.994605	8.409192		NO_MATCH_AND_SEEMS_UNSERVED								POINT(8.409192 48.994605)
844	Karlsruhe	Hbf Abstellgleise	de:08212:41013:0:2	48.990243	8.392349		NO_MATCH_AND_SEEMS_UNSERVED								POINT(8.392349 48.990243)
845	Karlsruhe	Hbf Abstellgleise	de:08212:41013:0:3	48.990202	8.392349		NO_MATCH_AND_SEEMS_UNSERVED								POINT(8.392349 48.990202)
846	Karlsruhe	Heidehof	de:08212:7009:11:11	49.031223	8.387022	bus	MATCHED	w161464146	40.1	0.44	Heidehof	70,71,ALT70	Neureut Rosmarinweg	Rosmarinweg	LINESTRING(8.387022 49.031223,8.38715095 49.03157325)
847	Karlsruhe	Heidehof	de:08212:7009:12:12	49.03153	8.387031	bus	MATCHED	w161464147	6.5	0.76	Heidehof	70,71	Karlsruhe Duale Hochschule / Karlsruhe Heidehof / Karlsruhe Ohiostraße	Ohiostraße / Duale Hochschule	LINESTRING(8.387031 49.03153,8.387034550000001 49.031588049999996)
848	Karlsruhe	Heidehof	de:08212:7009:12:13	49.030458	8.387094	bus	NO_MATCH_BUT_OTHER_PLATFORM_MATCHED					70,71	Karlsruhe Heidehof		POINT(8.387094 49.030458)
849	Karlsruhe	Heidehof	de:08212:7009:1:1	49.031677	8.387121	tram	MATCHED	n1749634867	29.8	1.0	Heidehof	1,E,NL1	Neureut-Heide	Neureut-Heide	LINESTRING(8.387121 49.031677,8.3870807 49.031409800000006)
850	Karlsruhe	Heidehof	de:08212:7009:21:21	49.031265	8.387345	bus	NO_MATCH_AND_SEEMS_UNSERVED								POINT(8.387345 49.031265)
851	Karlsruhe	Heidehof	de:08212:7009:22:22	49.031129	8.386788	bus	NO_MATCH_AND_SEEMS_UNSERVED								POINT(8.386788 49.031129)
852	Karlsruhe	Heidehof	de:08212:7009:24:24	49.031265	8.387345	bus	NO_MATCH_AND_SEEMS_UNSERVED								POINT(8.387345 49.031265)
853	Karlsruhe	Heidehof	de:08212:7009:25:25	49.031123	8.386842	bus	NO_MATCH_AND_SEEMS_UNSERVED								POINT(8.386842 49.031123)
854	Karlsruhe	Heidehof	de:08212:7009:2:2	49.031041	8.386932	tram	MATCHED	n1734290309	2.2	1.0	Heidehof	1,E,NL1	Karlsruhe Duale Hochschule	Duale Hochschule	LINESTRING(8.386932 49.031041,8.3869482 49.031024)
855	Karlsruhe	Hermann-Veit-Straße	de:08212:5510:0:1	48.996827	8.380698	bus	NO_MATCH_AND_SEEMS_UNSERVED								POINT(8.380698 48.996827)
856	Karlsruhe	Hermann-Veit-Straße	de:08212:5510:0:2	48.996803	8.380509	bus	NO_MATCH_AND_SEEMS_UNSERVED								POINT(8.380509 48.996803)
857	Karlsruhe	Herrenstraße	de:08212:99:11:11	49.009756	8.400739	bus	NO_MATCH_AND_SEEMS_UNSERVED								POINT(8.400739 49.009756)
858	Karlsruhe	Herrenstraße	de:08212:99:12:12	49.009762	8.399976	bus	NO_MATCH_AND_SEEMS_UNSERVED								POINT(8.399976 49.009762)
859	Karlsruhe	Herrenstraße	de:08212:99:1:1	49.009803	8.400074	tram	NO_MATCH_AND_SEEMS_UNSERVED								POINT(8.400074 49.009803)
860	Karlsruhe	Herrenstraße	de:08212:99:2:2	49.009727	8.400649	tram	NO_MATCH_AND_SEEMS_UNSERVED								POINT(8.400649 49.009727)
861	Karlsruhe	Hertzstraße	de:08212:522:11:11	49.020267	8.365121	bus	MATCHED	n335974935	5.8	0.78	Hertzstraße	70,ALT70,NL17	Karlsruhe Kärcherstraße	Kärcherstraße	LINESTRING(8.365121 49.020267,8.3650456 49.0202515)
862	Karlsruhe	Hertzstraße	de:08212:522:12:12	49.020244	8.365013	bus	MATCHED	n335974936	7.8	0.73	Hertzstraße	70	Karlsruhe Barbaraweg	Barbaraweg	LINESTRING(8.365013 49.020244,8.365109200000001 49.020214700000004)
863	Karlsruhe	Hertzstraße	de:08212:522:1:1	49.020079	8.364088	tram	MATCHED	n1163221202	2.8	1.0	Hertzstraße	2,E	Karlsruhe Feierabendweg	Feierabendweg	LINESTRING(8.364088 49.020079,8.364117400000001 49.0200632)
864	Karlsruhe	Hertzstraße	de:08212:522:21:21	49.02012	8.364241	bus	NO_MATCH_AND_SEEMS_UNSERVED								POINT(8.364241 49.02012)
865	Karlsruhe	Hertzstraße	de:08212:522:22:22	49.01992	8.36416	bus	NO_MATCH_AND_SEEMS_UNSERVED								POINT(8.36416 49.01992)
866	Karlsruhe	Hertzstraße	de:08212:522:23:23	49.02012	8.364241	bus	MATCHED	n10579378397	9.8	0.69	Hertzstraße	NL17	Karlsruhe Feierabendweg	Feierabendweg	LINESTRING(8.364241 49.02012,8.364343400000001 49.020063)
867	Karlsruhe	Hertzstraße	de:08212:522:24:24	49.01992	8.36416	bus	NO_MATCH_AND_SEEMS_UNSERVED								POINT(8.36416 49.01992)
868	Karlsruhe	Hertzstraße	de:08212:522:2:2	49.019837	8.364492	tram	MATCHED	n31411605	4.2	1.0	Hertzstraße	2,E	KA Kußmaulstr./Städt. Klinikum	Kußmaulstraße/Städtisches Klinikum	LINESTRING(8.364492 49.019837,8.364527200000001 49.0198077)
869	Karlsruhe	Hirtenweg (Schleife)	de:08212:430:3:3	49.017687	8.439349	tram	NO_MATCH_AND_SEEMS_UNSERVED								POINT(8.439349 49.017687)
870	Karlsruhe	Hochschule	de:08212:9019:0:1	49.014564	8.392214		NO_MATCH_AND_SEEMS_UNSERVED								POINT(8.392214 49.014564)
871	Karlsruhe	Hoepfner Burgfest	de:08212:422:1:1	49.012726	8.426799	tram	NO_MATCH_AND_SEEMS_UNSERVED								POINT(8.426799 49.012726)
872	Karlsruhe	Hoepfner Burgfest	de:08212:422:1:21	49.012738	8.426826	trainish	NO_MATCH_AND_SEEMS_UNSERVED								POINT(8.426826 49.012738)
873	Karlsruhe	Hoepfner Burgfest	de:08212:422:2:2	49.012744	8.426934	tram	NO_MATCH_AND_SEEMS_UNSERVED								POINT(8.426934 49.012744)
874	Karlsruhe	Hoepfner Burgfest	de:08212:422:2:22	49.012732	8.426898	trainish	NO_MATCH_AND_SEEMS_UNSERVED								POINT(8.426898 49.012732)
875	Karlsruhe	Hohenwettersb. Taglöhnergärten	de:08212:4312:0:11	48.965863	8.47247	bus	MATCHED	n1309960557	63.8	0.29	Taglöhnergärten	44	Bergwald Mitte	Bergwald Mitte	LINESTRING(8.47247 48.965863,8.472131000000001 48.965334000000006)
876	Karlsruhe	Hohenwettersb. Taglöhnergärten	de:08212:4312:0:12	48.966222	8.47229	bus	MATCHED	n1309960555	46.6	0.33	Taglöhnergärten	24,NL11	Hohenwettersbach Rathaus / Durlach Rommelstraße	Rommelstraße / Hohenwettersbach Rathaus / Hohenwettersbach Mitte	LINESTRING(8.47229 48.966222,8.4723814 48.965806900000004)
877	Karlsruhe	Hohenwettersbach Friedhof	de:08212:4311:0:A	48.964306	8.473036		MATCHED	w1412808361	17.1	0.37	Hohenwettersbach Friedhof				LINESTRING(8.473036 48.964306,8.472849850000001 48.964212450000005)
878	Karlsruhe	Hohenwettersbach Friedhof	de:08212:4311:0:B	48.963875	8.471688		MATCHED	w1412808362	2.9	0.75	Hohenwettersbach Friedhof				LINESTRING(8.471688 48.963875,8.4717213 48.9638889)
879	Karlsruhe	Hohenwettersbach Grundschule	de:08212:91030:0:1	48.965597	8.477437		NO_MATCH_AND_SEEMS_UNSERVED								POINT(8.477437 48.965597)
880	Karlsruhe	Hohenwettersbach Hopfenacker	de:08212:4313:0:1	48.969153	8.475695	bus	NO_MATCH_AND_SEEMS_UNSERVED								POINT(8.475695 48.969153)
881	Karlsruhe	Hohenwettersbach Medersbuckel	de:08212:4307:0:11	48.970233	8.476593	bus	MATCHED	n371145284	2.4	0.65	Medersbuckel	24,NL11	Durlach Tiefentalstraße	Durlach Turmberg / Tiefentalstraße	LINESTRING(8.476593 48.970233,8.4766241 48.970240100000005)
882	Karlsruhe	Hohenwettersbach Medersbuckel	de:08212:4307:0:12	48.970964	8.476045	bus	MATCHED	n371145294	0.6	0.7	Medersbuckel	44	Hohenwettersbach Mitte	Hohenwettersbach Mitte	LINESTRING(8.476045 48.970964,8.4760448 48.97095890000001)
883	Karlsruhe	Hohenwettersbach Mitte	de:08212:4309:0:11	48.968705	8.478057	bus	MATCHED	n371144753	49.4	0.39	Hohenwettersbach Mitte	24,NL11	Hohenwettersbach Medersbuckel	Medersbuckel	LINESTRING(8.478057 48.968705,8.478464 48.968351000000006)
884	Karlsruhe	Hohenwettersbach Mitte	de:08212:4309:0:12	48.968192	8.478434	bus	MATCHED	n371730759	4.0	0.81	Hohenwettersbach Mitte	44	Hohenwettersbach Rathaus	Hohenwettersbach Rathaus	LINESTRING(8.478434 48.968192,8.478379700000001 48.968193400000004)
885	Karlsruhe	Hohenwettersbach Rathaus	de:08212:4310:0:11	48.966034	8.477303	bus	MATCHED	w306858129	0.2	0.96	Hohenwettersbach Rathaus	44	Hohenwettersb. Taglöhnergärten	Taglöhnergärten	LINESTRING(8.477303 48.966034,8.4773003 48.9660348)
886	Karlsruhe	Hohenwettersbach Rathaus	de:08212:4310:0:12	48.965987	8.477401	bus	MATCHED	w306858130	2.4	0.88	Hohenwettersbach Rathaus	24,NL11	Hohenwettersbach Mitte	Hohenwettersbach Mitte / Durlach Turmberg / Zündhütle	LINESTRING(8.477401 48.965987,8.47738155 48.96596985000001)
887	Karlsruhe	Hohenwettersbach Rathaus	de:08212:4310:0:13	48.9665	8.477671		NO_MATCH_AND_SEEMS_UNSERVED								POINT(8.477671 48.9665)
888	Karlsruhe	Holtzstraße	de:08212:5509:0:1	49.001636	8.381075	bus	MATCHED	w399702074	10.8	0.68	Holtzstraße	55	KA St. Vincentius Krankenhaus	St. Vincentius Krankenhaus	LINESTRING(8.381075 49.001636,8.381047800000001 49.0017318)
889	Karlsruhe	Holtzstraße	de:08212:5509:0:2	49.002143	8.381183	bus	MATCHED	w399702073	4.7	0.8	Holtzstraße	55	Karlsruhe Weinbrennerplatz	Weinbrennerplatz	LINESTRING(8.381183 49.002143,8.381211100000002 49.0021045)
890	Karlsruhe	Hornisgrindestraße	de:08212:6007:0:1	48.995383	8.359776	bus	MATCHED	n2632086064	7.7	0.73	Hornisgrindestraße	60,62,ALT62	Karlsruhe Edelbergstraße	Edelbergstraße	LINESTRING(8.359776 48.995383,8.3597461 48.995449)
891	Karlsruhe	Hornisgrindestraße	de:08212:6007:0:2	48.996084	8.359731	bus	MATCHED	n26002630	1.5	0.91	Hornisgrindestraße	60	Karlsruhe Birkenweg	Schwimmschulweg / Birkenweg	LINESTRING(8.359731 48.996084,8.35971 48.9960845)
892	Karlsruhe	Hornisgrindestraße	de:08212:6007:0:4	48.996314	8.359884	bus	NO_MATCH_AND_SEEMS_UNSERVED								POINT(8.359884 48.996314)
893	Karlsruhe	Hornisgrindestraße	de:08212:6007:0:5	48.996084	8.359731	bus	NO_MATCH_BUT_OTHER_PLATFORM_MATCHED					62,ALT62,NL15	Karlsruhe Schwimmschulweg / Karlsruhe Birkenweg		POINT(8.359731 48.996084)
894	Karlsruhe	Hornisgrindestraße	de:08212:6007:0:6	48.995636	8.360216	bus	NO_MATCH_AND_SEEMS_UNSERVED								POINT(8.360216 48.995636)
895	Karlsruhe	Händelstraße	de:08212:44:1:1	49.011247	8.369047	tram	MATCHED	n28782022	6.6	1.0	Händelstraße	1,17,3,E,S2	Karlsruhe Philippstraße	Philippstraße	LINESTRING(8.369047 49.011247,8.3691373 49.0112406)
896	Karlsruhe	Händelstraße	de:08212:44:21:21	49.011388	8.367852	bus	NO_MATCH_AND_SEEMS_UNSERVED								POINT(8.367852 49.011388)
897	Karlsruhe	Händelstraße	de:08212:44:22:22	49.011135	8.369226	bus	NO_MATCH_AND_SEEMS_UNSERVED								POINT(8.369226 49.011135)
898	Karlsruhe	Händelstraße	de:08212:44:2:2	49.0112	8.369559	tram	MATCHED	n1744235502	5.7	1.0	Händelstraße	1,17,2,3,4,E,S2	Karlsruhe Yorckstraße / KA Moltkestr./Städt. Klinikum	Yorckstraße / Moltkestraße/Städtisches Klinikum	LINESTRING(8.369559 49.0112,8.3696362 49.011190400000004)
899	Karlsruhe	Hübschstraße	de:08212:505:11:11	49.005614	8.37211	bus	MATCHED	n660690888	4.7	0.78	Hübschstraße	55	Karlsruhe Kühler Krug	Mühlburger Feld / Kühler Krug	LINESTRING(8.37211 49.005614,8.372061200000001 49.0056421)
900	Karlsruhe	Hübschstraße	de:08212:505:12:12	49.00552	8.373026	bus	MATCHED	n660690887	8.3	0.69	Hübschstraße	55	Karlsruhe Weinbrennerplatz	Weinbrennerplatz	LINESTRING(8.373026 49.00552,8.3731205 49.005478600000004)
901	Karlsruhe	Hübschstraße	de:08212:505:1:1	49.00559	8.371921	tram	MATCHED	n1716360920	9.4	1.0	Hübschstraße	5,E	Karlsruhe Kühler Krug	Kühler Krug	LINESTRING(8.371921 49.00559,8.37205 49.005587600000005)
902	Karlsruhe	Hübschstraße	de:08212:505:2:2	49.005543	8.373116	tram	MATCHED	n1716360899	9.9	1.0	Hübschstraße	5	Karlsruhe Weinbrennerplatz	Weinbrennerplatz	LINESTRING(8.373116 49.005543,8.3729815 49.005534100000006)
903	Karlsruhe	IKEA	de:08212:91050:0:1	49.005997	8.442232		NO_MATCH_AND_SEEMS_UNSERVED								POINT(8.442232 49.005997)
904	Karlsruhe	IKEA	de:08212:91050:0:2	49.006191	8.442304		NO_MATCH_AND_SEEMS_UNSERVED								POINT(8.442304 49.006191)
905	Karlsruhe	Junker-und-Ruh-Str.	de:08212:5514:0:1	48.999479	8.369109	bus	MATCHED	n660690880	5.3	0.68	Junker-und-Ruh-Straße	55	Karlsruhe Benzstraße	Benzstraße	LINESTRING(8.369109 48.999479,8.3690517 48.999507900000005)
906	Karlsruhe	KA Albtalbahnhof (Wendegleis)	de:08212:41006:0:1	48.992683	8.394262		NO_MATCH_AND_SEEMS_UNSERVED								POINT(8.394262 48.992683)
907	Karlsruhe	KA Albtalbahnhof (Wendegleis)	de:08212:41006:0:W	48.992636	8.394289		NO_MATCH_AND_SEEMS_UNSERVED								POINT(8.394289 48.992636)
908	Karlsruhe	KA Busbetriebshof West	de:08212:990:0:11	49.018953	8.339447	bus	NO_MATCH_AND_SEEMS_UNSERVED								POINT(8.339447 49.018953)
909	Karlsruhe	KA Busbetriebshof West	de:08212:990:0:12	49.020833	8.340345	bus	NO_MATCH_AND_SEEMS_UNSERVED								POINT(8.340345 49.020833)
910	Karlsruhe	KA Busbetriebshof West	de:08212:998:11:A	49.019448	8.339267		NO_MATCH_AND_SEEMS_UNSERVED								POINT(8.339267 49.019448)
911	Karlsruhe	KA Busbetriebshof West	de:08212:998:21:B-A	49.019077	8.339456	bus	NO_MATCH_AND_SEEMS_UNSERVED								POINT(8.339456 49.019077)
912	Karlsruhe	KA Busbetriebshof West	de:08212:998:22:B-E	49.019295	8.338953	bus	NO_MATCH_AND_SEEMS_UNSERVED								POINT(8.338953 49.019295)
913	Karlsruhe	KA Busbetriebshof West	de:08212:998:23:C	49.020856	8.340453	bus	NO_MATCH_AND_SEEMS_UNSERVED								POINT(8.340453 49.020856)
914	Karlsruhe	KA Busbetriebshof West	de:08212:998:23:D	49.020815	8.340354	bus	NO_MATCH_AND_SEEMS_UNSERVED								POINT(8.340354 49.020815)
915	Karlsruhe	KA Durlacher Tor/KIT-Campus Süd	de:08212:3:11:11	49.009191	8.417924	bus	MATCHED	n532457213	4.1	0.71	Durlacher Tor/KIT-Campus Süd	30	Karlsruhe Pastor-Felke-Straße / Karlsruhe Studentenhaus		LINESTRING(8.417924 49.009191,8.417955300000001 49.009221200000006)
916	Karlsruhe	KA Durlacher Tor/KIT-Campus Süd	de:08212:3:11:13	49.009391	8.418454	bus	MATCHED	n7057899965	8.4	0.7	Durlacher Tor/KIT-Campus Süd	125	Karlsruhe Hauptfriedhof	Hauptfriedhof	LINESTRING(8.418454 49.009391,8.418346300000001 49.009364000000005)
917	Karlsruhe	KA Durlacher Tor/KIT-Campus Süd	de:08212:3:11:14	49.009291	8.418193	bus	MATCHED	w627247617	6.8	0.59	Durlacher Tor/KIT-Campus Süd	71	Karlsruhe Studentenhaus	Studentenhaus / Karl-Wilhelm-Platz	LINESTRING(8.418193 49.009291,8.41824023702437 49.00934386360938)
918	Karlsruhe	KA Durlacher Tor/KIT-Campus Süd	de:08212:3:12:12	49.008613	8.418553	bus	MATCHED	w948639936	7.0	0.73	Durlacher Tor/KIT-Campus Süd	42	KA Tullastraße/Alter Schlachthof	Tullastraße/Alter Schlachthof	LINESTRING(8.418553 49.008613,8.418472305001993 49.008579525963384)
919	Karlsruhe	KA Durlacher Tor/KIT-Campus Süd	de:08212:3:15:15	49.010075	8.418005		MATCHED	n6284029142	2.8	0.72	Durlacher Tor/KIT-Campus Süd				LINESTRING(8.418005 49.010075,8.4180396 49.010063800000005)
920	Karlsruhe	KA Durlacher Tor/KIT-Campus Süd	de:08212:3:16:16	49.009138	8.414097	bus	NO_MATCH_AND_SEEMS_UNSERVED								POINT(8.414097 49.009138)
921	Karlsruhe	KA Durlacher Tor/KIT-Campus Süd	de:08212:3:1:1	49.008937	8.417771	tram	MATCHED	n5864209617	10.5	1.0	Durlacher Tor/KIT-Campus Süd	3	Karlsruhe Kronenplatz	Kronenplatz	LINESTRING(8.417771 49.008937,8.4179078 49.0089071)
922	Karlsruhe	KA Durlacher Tor/KIT-Campus Süd	de:08212:3:2:2	49.008731	8.418732	tram	MATCHED	n5864209616	15.6	1.0	Durlacher Tor/KIT-Campus Süd	3	Karlsruhe Gottesauer Platz/BGV	Gottesauer Platz/BGV	LINESTRING(8.418732 49.008731,8.4185234 49.0087598)
923	Karlsruhe	KA Durlacher Tor/KIT-Campus Süd	de:08212:3:3:3	49.009244	8.41778	tram	MATCHED	n6126664124	8.4	1.0	Durlacher Tor/KIT-Campus Süd	3,4,S2	Karlsruhe Kronenplatz / Karlsruhe Rüppurrer Tor	Kronenplatz / Rüppurrer Tor	LINESTRING(8.41778 49.009244,8.4178808 49.009281)
924	Karlsruhe	KA Durlacher Tor/KIT-Campus Süd	de:08212:3:4:4	49.009544	8.418634	tram	MATCHED	n6037870927	7.4	1.0	Durlacher Tor/KIT-Campus Süd	3,4,E	Karlsruhe Karl-Wilhelm-Platz	Karl-Wilhelm-Platz	LINESTRING(8.418634 49.009544,8.418550900000001 49.0095053)
925	Karlsruhe	KA Durlacher Tor/KIT-Campus Süd (U)	de:08212:1001:1:1	49.009002	8.416693	tram	MATCHED	n3234308897	16.0	1.0	Durlacher Tor/KIT-Campus Süd (U)	1,2,NL1,NL2,S2	Karlsruhe Kronenplatz (U)	Marktplatz (Kaiserstraße U) / Kronenplatz (U)	LINESTRING(8.416693 49.009002,8.416906 49.008969900000004)
926	Karlsruhe	KA Durlacher Tor/KIT-Campus Süd (U)	de:08212:1001:1:1 (U)	49.009002	8.416693	tram	NO_MATCH_AND_SEEMS_UNSERVED								POINT(8.416693 49.009002)
927	Karlsruhe	KA Durlacher Tor/KIT-Campus Süd (U)	de:08212:1001:2:2	49.008843	8.4176	tram	MATCHED	n402621777	5.9	1.0	Durlacher Tor/KIT-Campus Süd (U)	1,2,NL1,NL2,S2	Karlsruhe Gottesauer Platz/BGV	Gottesauer Platz/BGV	LINESTRING(8.4176 49.008843,8.4175223 49.008856300000005)
928	Karlsruhe	KA Durlacher Tor/KIT-Campus Süd (U)	de:08212:1001:2:2 (U)	49.008843	8.4176	tram	NO_MATCH_AND_SEEMS_UNSERVED								POINT(8.4176 49.008843)
929	Karlsruhe	KA Durlacher Tor/KIT-Campus Süd (U)	de:08212:1001:91:1	49.00902	8.416531	tram	MATCHED	n3234308899	6.7	1.0	Durlacher Tor/KIT-Campus Süd (U)			Kronenplatz (U)	LINESTRING(8.416531 49.00902,8.4166206 49.009007200000006)
930	Karlsruhe	KA Durlacher Tor/KIT-Campus Süd (U)	de:08212:1001:91:1 (U)	49.00902	8.416531	tram	NO_MATCH_AND_SEEMS_UNSERVED								POINT(8.416531 49.00902)
931	Karlsruhe	KA Durlacher Tor/KIT-Campus Süd (U)	de:08212:1001:92:2	49.008825	8.417735	tram	MATCHED	n10265764875	2.9	1.0	Durlacher Tor/KIT-Campus Süd (U)			Gottesauer Platz/BGV	LINESTRING(8.417735 49.008825,8.417775 49.0088233)
932	Karlsruhe	KA Durlacher Tor/KIT-Campus Süd (U)	de:08212:1001:92:2 (U)	49.008825	8.417735	tram	NO_MATCH_AND_SEEMS_UNSERVED								POINT(8.417735 49.008825)
933	Karlsruhe	KA Ettlinger Tor (Finterstr. )	de:08212:75:0:1	49.005072	8.403641	bus	MATCHED	n5782925163	16.1	0.39	Ettlinger Tor (Finterstraße)			Europaplatz	LINESTRING(8.403641 49.005072,8.4037103 49.0049341)
934	Karlsruhe	KA Ettlinger Tor/Staatstheater	de:08212:71:0:1	49.006633	8.40365	bus	NO_MATCH_AND_SEEMS_UNSERVED								POINT(8.40365 49.006633)
935	Karlsruhe	KA Ettlinger Tor/Staatstheater	de:08212:71:0:2	49.006515	8.403569	bus	NO_MATCH_AND_SEEMS_UNSERVED								POINT(8.403569 49.006515)
936	Karlsruhe	KA Ettlinger Tor/Staatstheater	de:08212:71:0:31	49.005007	8.403623	bus	NO_MATCH_AND_SEEMS_UNSERVED								POINT(8.403623 49.005007)
937	Karlsruhe	KA Ettlinger Tor/Staatstheater	de:08212:71:0:5	49.004636	8.404296		NO_MATCH_AND_SEEMS_UNSERVED								POINT(8.404296 49.004636)
938	Karlsruhe	KA Ettlinger Tor/Staatstheater	de:08212:71:1:1	49.005484	8.402221	tram	MATCHED	n8378489560	0.3	1.0	Ettlinger Tor	4,5,E	KA Karlstor/Bundesgerichtshof	Karlstor/Bundesgerichtshof	LINESTRING(8.402221 49.005484,8.402217 49.005483700000006)
939	Karlsruhe	KA Ettlinger Tor/Staatstheater	de:08212:71:21:21	49.005667	8.402599		NO_MATCH_AND_SEEMS_UNSERVED								POINT(8.402599 49.005667)
940	Karlsruhe	KA Ettlinger Tor/Staatstheater	de:08212:71:22:22	49.005325	8.402868		MATCHED	n9332302158	18.4	0.31	Ettlinger Tor/Staatstheater				LINESTRING(8.402868 49.005325,8.4027549 49.005472600000004)
941	Karlsruhe	KA Ettlinger Tor/Staatstheater	de:08212:71:23:2	49.006515	8.403569		NO_MATCH_AND_SEEMS_UNSERVED								POINT(8.403569 49.006515)
942	Karlsruhe	KA Ettlinger Tor/Staatstheater	de:08212:71:24:1	49.006633	8.40365		NO_MATCH_AND_SEEMS_UNSERVED								POINT(8.40365 49.006633)
943	Karlsruhe	KA Ettlinger Tor/Staatstheater	de:08212:71:25:25A	49.004524	8.403506		NO_MATCH_AND_SEEMS_UNSERVED								POINT(8.403506 49.004524)
944	Karlsruhe	KA Ettlinger Tor/Staatstheater	de:08212:71:25:25E	49.004983	8.403641		NO_MATCH_AND_SEEMS_UNSERVED								POINT(8.403641 49.004983)
945	Karlsruhe	KA Ettlinger Tor/Staatstheater	de:08212:71:2:2	49.005467	8.402985	tram	MATCHED	n9332302160	1.6	1.0	Ettlinger Tor	4,5,E	Karlsruhe Rüppurrer Tor	Rüppurrer Tor	LINESTRING(8.402985 49.005467,8.402974 49.005455000000005)
946	Karlsruhe	KA Ettlinger Tor/Staatstheater	de:08212:71:91:1	49.005484	8.402015	tram	MATCHED	n12529534367	1.3	1.0	Ettlinger Tor				LINESTRING(8.402015 49.005484,8.4020329 49.0054834)
947	Karlsruhe	KA Ettlinger Tor/Staatstheater	de:08212:71:92:2	49.005461	8.403165	tram	MATCHED	n12529534368	5.5	1.0	Ettlinger Tor			Rüppurrer Tor	LINESTRING(8.403165 49.005461,8.403090500000001 49.005454300000004)
948	Karlsruhe	KA Ettlinger Tor/Staatstheater (U)	de:08212:1012:3:3	49.005078	8.403434	tram	MATCHED	n10309544062	12.4	1.0	Ettlinger Tor (U)	2,NL2	Karlsruhe Kongresszentrum (U)	Kongresszentrum (U)	LINESTRING(8.403434 49.005078,8.403473700000001 49.0051867)
949	Karlsruhe	KA Ettlinger Tor/Staatstheater (U)	de:08212:1012:3:3 (U)	49.005078	8.403434	tram	MATCHED	n3157639986	45.4	0.15	Ettlinger Tor/Staatstheater (U)				LINESTRING(8.403434 49.005078,8.403511 49.0054833)
950	Karlsruhe	KA Ettlinger Tor/Staatstheater (U)	de:08212:1012:4:4	49.005773	8.403569	tram	MATCHED	n12529534365	1.7	1.0	Ettlinger Tor (U)	2,NL2	KA Marktplatz (Pyramide U)	Marktplatz (Kaiserstraße U) / Marktplatz (Pyramide U)	LINESTRING(8.403569 49.005773,8.4035794 49.005758900000004)
951	Karlsruhe	KA Ettlinger Tor/Staatstheater (U)	de:08212:1012:4:4 (U)	49.005773	8.403551	tram	MATCHED	w625803368	29.5	0.21	Ettlinger Tor/Staatstheater (Gleis 3)			Kongresszentrum (Gleis 3)	LINESTRING(8.403551 49.005773,8.403444516729623 49.00551711033197)
952	Karlsruhe	KA Ettlinger Tor/Staatstheater (U)	de:08212:1012:93:3	49.00496	8.403416	tram	MATCHED	n12529534366	10.2	1.0	Ettlinger Tor (U)			Kongresszentrum (U)	LINESTRING(8.403416 49.00496,8.403458500000001 49.0050472)
953	Karlsruhe	KA Ettlinger Tor/Staatstheater (U)	de:08212:1012:93:3 (U)	49.00496	8.403416	tram	NO_MATCH_AND_SEEMS_UNSERVED								POINT(8.403416 49.00496)
954	Karlsruhe	KA Ettlinger Tor/Staatstheater (U)	de:08212:1012:94:4	49.005926	8.403587	tram	MATCHED	n10309544063	2.8	1.0	Ettlinger Tor (U)			Marktplatz (Pyramide U)	LINESTRING(8.403587 49.005926,8.403595000000001 49.005901200000004)
955	Karlsruhe	KA Ettlinger Tor/Staatstheater (U)	de:08212:1012:94:4 (U)	49.005926	8.403569	tram	NO_MATCH_AND_SEEMS_UNSERVED								POINT(8.403569 49.005926)
956	Karlsruhe	KA Europahalle/Europabad	de:08212:605:11:11	48.996609	8.378344	bus	MATCHED_THOUGH_OSM_NO_NAME	n8694446333	6.4	0.25					LINESTRING(8.378344 48.996609,8.3782681 48.996580200000004)
957	Karlsruhe	KA Europahalle/Europabad	de:08212:605:1:1	48.998477	8.376242	tram	MATCHED	n1697372665	3.5	1.0	Europahalle/Europabad	4,E,NL2	Karlsruhe Bannwaldallee	Bannwaldallee	LINESTRING(8.376242 48.998477,8.376244400000001 48.998508400000006)
958	Karlsruhe	KA Europahalle/Europabad	de:08212:605:2:2	48.999084	8.376413	tram	MATCHED	n26460212	3.6	1.0	Europahalle/Europabad	4,E,NL2	Karlsruhe Landesbausparkasse	Landesbausparkasse	LINESTRING(8.376413 48.999084,8.3764102 48.999051400000006)
959	Karlsruhe	KA Europahalle/Europabad	de:08212:605:3:3	48.999868	8.376997	tram	MATCHED_THOUGH_OSM_NO_NAME	w157372402	39.2	0.06					LINESTRING(8.376997 48.999868,8.37720000132835 48.999541464842395)
960	Karlsruhe	KA Europaplatz (U)	de:08212:1004:1:1	49.010069	8.393714	tram	MATCHED	n10075788813	21.2	1.0	Europaplatz (U)	1,NL1,S2	Karlsruhe Mühlburger Tor / Karlsruhe Mühlburger Tor	Mühlburger Tor / Mühlburger Tor (Grashofstraße)	LINESTRING(8.393714 49.010069,8.394002500000001 49.0100489)
961	Karlsruhe	KA Europaplatz (U)	de:08212:1004:1:1 (U)	49.010069	8.393714	tram	NO_MATCH_AND_SEEMS_UNSERVED								POINT(8.393714 49.010069)
962	Karlsruhe	KA Europaplatz (U)	de:08212:1004:2:2	49.009998	8.39464	tram	MATCHED	n9933781958	1.8	1.0	Europaplatz (U)	1,NL1,S2	KA Marktplatz (Kaiserstraße U)	Marktplatz (Kaiserstraße U)	LINESTRING(8.39464 49.009998,8.3946159 49.0099936)
963	Karlsruhe	KA Europaplatz (U)	de:08212:1004:2:2 (U)	49.009998	8.39464	tram	NO_MATCH_AND_SEEMS_UNSERVED								POINT(8.39464 49.009998)
964	Karlsruhe	KA Europaplatz (U)	de:08212:1004:91:1	49.010075	8.39358	tram	MATCHED	n3234308919	21.0	1.0	Europaplatz (U)			Mühlburger Tor	LINESTRING(8.39358 49.010075,8.393865 49.010054700000005)
965	Karlsruhe	KA Europaplatz (U)	de:08212:1004:91:1 (U)	49.010075	8.39358	tram	NO_MATCH_AND_SEEMS_UNSERVED								POINT(8.39358 49.010075)
966	Karlsruhe	KA Europaplatz (U)	de:08212:1004:92:2	49.009992	8.394756	tram	MATCHED	n5083348340	6.3	1.0	Europaplatz (U)			Marktplatz (Kaiserstraße U)	LINESTRING(8.394756 49.009992,8.3948414 49.0099834)
967	Karlsruhe	KA Europaplatz (U)	de:08212:1004:92:2 (U)	49.009992	8.394756	tram	NO_MATCH_AND_SEEMS_UNSERVED								POINT(8.394756 49.009992)
968	Karlsruhe	KA Friedrich-List-Schule	de:08212:91039:0:1	49.005467	8.414888		NO_MATCH_AND_SEEMS_UNSERVED								POINT(8.414888 49.005467)
969	Karlsruhe	KA Hauptbahnhof (Vorplatz)	de:08212:89:1:4	48.994316	8.399167	tram	MATCHED	n655291803	1.0	1.0	Bahnhofsvorplatz			Albtalbahnhof	LINESTRING(8.399167 48.994316,8.3991603 48.994308100000005)
970	Karlsruhe	KA Hauptbahnhof (Vorplatz)	de:08212:89:1:E1	48.994611	8.399976	bus	MATCHED	n3538953115	6.6	0.37	Bahnhofsvorplatz	50,51,62,ALT50,ALT62,NL14	Karlsruhe Gebhardstraße / KA Hauptbahnhof (Vorplatz)		LINESTRING(8.399976 48.994611,8.399935600000001 48.994557500000006)
971	Karlsruhe	KA Hauptbahnhof (Vorplatz)	de:08212:89:1:E2	48.994487	8.399455	bus	MATCHED	w34629566	10.4	0.36	Hauptbahnhof (Vorplatz) Gleis 24	44,47,55	KA Hauptbahnhof (Vorplatz)	Hauptbahnhof (Vorplatz) Gleis 23 / Albtalbahnhof / Poststraße (Steig B) / Ebertstraße / Hauptbahnhof (Vorplatz) Gleis 24	LINESTRING(8.399455 48.994487,8.39958439443668 48.994447244204856)
972	Karlsruhe	KA Hauptbahnhof (Vorplatz)	de:08212:89:1:E3	48.994481	8.399428	bus	MATCHED	n3538953111	12.3	0.29	Bahnhofsvorplatz	44,47,55	Karlsruhe Poststraße		LINESTRING(8.399428 48.994481,8.3995955 48.9944708)
973	Karlsruhe	KA Hauptbahnhof (Vorplatz)	de:08212:89:1:F	48.99434	8.399248	bus	MATCHED	n3538953113	42.5	0.15	Bahnhofsvorplatz	47,50,51,55,62	Karlsruhe Ebertstraße		LINESTRING(8.399248 48.99434,8.3997656 48.9945141)
974	Karlsruhe	KA Hauptbahnhof (Vorplatz)	de:08212:89:2:21	48.994705	8.400631		NO_MATCH_AND_SEEMS_UNSERVED								POINT(8.400631 48.994705)
975	Karlsruhe	KA Hauptbahnhof (Vorplatz)	de:08212:89:2:22	48.994746	8.401098		MATCHED	w609998793	13.6	0.26	Hauptbahnhof (Vorplatz) Steig C				LINESTRING(8.401098 48.994746,8.400974999999999 48.9948375)
976	Karlsruhe	KA Hauptbahnhof (Vorplatz)	de:08212:89:34:D	48.994705	8.400631		NO_MATCH_AND_SEEMS_UNSERVED								POINT(8.400631 48.994705)
977	Karlsruhe	KA Hauptbahnhof (Vorplatz)	de:08212:89:35:E	48.994746	8.401098		NO_MATCH_AND_SEEMS_UNSERVED								POINT(8.401098 48.994746)
978	Karlsruhe	KA Hauptbahnhof (Vorplatz)	de:08212:89:36:F	48.99474	8.400371		NO_MATCH_AND_SEEMS_UNSERVED								POINT(8.400371 48.99474)
979	Karlsruhe	KA Hauptbahnhof (Vorplatz)	de:08212:89:37:G	48.994522	8.399374		NO_MATCH_AND_SEEMS_UNSERVED								POINT(8.399374 48.994522)
980	Karlsruhe	KA Hauptbahnhof (Vorplatz)	de:08212:89:38:H	48.994475	8.399176		MATCHED	n5824890607	6.5	0.29	Bahnhofsvorplatz			ZKM/Städtische Galerie	LINESTRING(8.399176 48.994475,8.3990867 48.9944763)
981	Karlsruhe	KA Hauptbahnhof (Vorplatz)	de:08212:89:3:1	48.99441	8.400092	tram	MATCHED	n655291808	1.0	1.0	Bahnhofsvorplatz			Poststraße / Augartenstraße	LINESTRING(8.400092 48.99441,8.4001026 48.99440370000001)
982	Karlsruhe	KA Hauptbahnhof (Vorplatz)	de:08212:89:3:H	48.994399	8.400047	trainish	MATCHED	w50233829	29.1	0.23	Hauptbahnhof (Vorplatz) Gleis 23			Ebertstraße	LINESTRING(8.400047 48.994399,8.399648689631777 48.99440482076714)
983	Karlsruhe	KA Hauptbahnhof (Vorplatz)	de:08212:89:4:2	48.994457	8.400056	tram	MATCHED	n655291807	3.9	1.0	Bahnhofsvorplatz	17,2,3,4,NL2	Karlsruhe Poststraße	Poststraße	LINESTRING(8.400056 48.994457,8.4001082 48.994462600000006)
984	Karlsruhe	KA Hauptbahnhof (Vorplatz)	de:08212:89:5:3	48.994275	8.399194	tram	MATCHED	n655291802	3.9	1.0	Bahnhofsvorplatz	17,2,3,4,NL2	Karlsruhe Ebertstraße	Ebertstraße	LINESTRING(8.399194 48.994275,8.399145500000001 48.994259400000004)
985	Karlsruhe	KA Hauptbahnhof (Vorplatz)	de:08212:89:5:G	48.994287	8.399275	trainish	MATCHED	w50233828	22.4	0.27	Hauptbahnhof (Vorplatz) Gleis 21			Augartenstraße / Poststraße	LINESTRING(8.399275 48.994287,8.399576098121276 48.994249288301766)
986	Karlsruhe	KA Hauptbahnhof (Vorplatz)	de:08212:89:6:23	48.994475	8.399176		NO_MATCH_AND_SEEMS_UNSERVED								POINT(8.399176 48.994475)
987	Karlsruhe	KA Hauptbahnhof (Vorplatz)	de:08212:89:6:24	48.994522	8.399374		NO_MATCH_AND_SEEMS_UNSERVED								POINT(8.399374 48.994522)
988	Karlsruhe	KA Hauptbahnhof (Vorplatz)	de:08212:89:7:25	48.99474	8.400371		NO_MATCH_AND_SEEMS_UNSERVED								POINT(8.400371 48.99474)
989	Karlsruhe	KA Hauptbahnhof (Vorplatz)	de:08212:89:7:M	48.994799	8.400703	bus	MATCHED	w251357692	5.4	0.69	Hauptbahnhof (Vorplatz)	M	Messe (Messe-Express)	Messe	LINESTRING(8.400703 48.994799,8.4006769 48.9947533)
990	Karlsruhe	KA Hauptbahnhof (Vorplatz)	de:08212:89:8:5	48.99464	8.401125	tram	NO_MATCH_AND_SEEMS_UNSERVED								POINT(8.401125 48.99464)
991	Karlsruhe	KA Hauptbahnhof (Vorplatz)	de:08212:89:91:21	48.994399	8.400047	trainish	MATCHED	w50233830	26.5	0.25	Hauptbahnhof (Vorplatz) Gleis 22			Poststraße	LINESTRING(8.400047 48.994399,8.399699742830789 48.99433161435033)
992	Karlsruhe	KA Hauptbahnhof (Vorplatz)	de:08212:89:93:23	48.994287	8.399275	trainish	NO_MATCH_AND_SEEMS_UNSERVED								POINT(8.399275 48.994287)
993	Karlsruhe	KA Hirtenweg/Technologiepark	de:08212:403:1:1	49.017092	8.438666	tram	MATCHED	n29947691	2.0	1.0	Hirtenweg - Technologiepark	17,18,4,E,NL1,S2	Karlsruhe Hauptfriedhof / Karlsruhe Hauptfriedhof / KA Durlacher Tor/KIT-Campus Süd	Durlacher Tor/KIT-Campus Süd / Essenweinstraße / Hauptfriedhof / Tullastraße/Alter Schlachthof	LINESTRING(8.438666 49.017092,8.4386901 49.017101100000005)
994	Karlsruhe	KA Hirtenweg/Technologiepark	de:08212:403:21:21	49.017198	8.43898	bus	MATCHED	n15843200	5.1	0.61	Hirtenweg/Technologiepark				LINESTRING(8.43898 49.017198,8.439023200000001 49.017161900000005)
995	Karlsruhe	KA Hirtenweg/Technologiepark	de:08212:403:22:22	49.016567	8.438208	bus	MATCHED	n5196248584	5.7	0.56	Hirtenweg - Technologiepark				LINESTRING(8.438208 49.016567,8.4381974 49.016516100000004)
996	Karlsruhe	KA Hirtenweg/Technologiepark	de:08212:403:23:23	49.017233	8.438477		MATCHED	n5196248585	2.5	0.32	Hirtenweg				LINESTRING(8.438477 49.017233,8.4384455 49.0172418)
997	Karlsruhe	KA Hirtenweg/Technologiepark	de:08212:403:24:24	49.017304	8.438594		MATCHED	n1526229202	4.5	0.54	Hirtenweg - Technologiepark				LINESTRING(8.438594 49.017304,8.4386408 49.0172779)
998	Karlsruhe	KA Hirtenweg/Technologiepark	de:08212:403:25:25	49.018317	8.439879		MATCHED	n7948553108	86.7	0.09	Hirtenweg - Technologiepark				LINESTRING(8.439879 49.018317,8.439635 49.017554000000004)
999	Karlsruhe	KA Hirtenweg/Technologiepark	de:08212:403:2:2	49.01751	8.439465	tram	MATCHED	n1146407757	32.9	1.0	Hirtenweg - Technologiepark	17,18,4,E,NL1,S2	Rintheim Sinsheimer Straße / KA Hirtenweg/Technologiepark	Sinsheimer Straße	LINESTRING(8.439465 49.01751,8.4391292 49.0173129)
1000	Karlsruhe	KA Hirtenweg/Technologiepark	de:08212:403:3:3	49.017681	8.439349	tram	NO_MATCH_BUT_OTHER_PLATFORM_MATCHED					E,S2	KA Hirtenweg/Technologiepark		POINT(8.439349 49.017681)
1001	Karlsruhe	KA Hotel Eden (Beiertheimer Allee)	de:08212:90005:0:1	49.000004	8.396894		NO_MATCH_AND_SEEMS_UNSERVED								POINT(8.396894 49.000004)
1002	Karlsruhe	KA Hotel Eden (Beiertheimer Allee)	de:08212:90005:0:A	49.000004	8.396894		NO_MATCH_AND_SEEMS_UNSERVED								POINT(8.396894 49.000004)
1003	Karlsruhe	KA Hotel Motel One (Ritterstr. )	de:08212:90009:0:1	49.005195	8.398098		NO_MATCH_AND_SEEMS_UNSERVED								POINT(8.398098 49.005195)
1004	Karlsruhe	KA Hotel Motel One (Ritterstr. )	de:08212:90009:0:A	49.005195	8.398098		NO_MATCH_AND_SEEMS_UNSERVED								POINT(8.398098 49.005195)
1005	Karlsruhe	KA Johann-Peter-Hebel Schule	de:08212:91017:0:1	49.014405	8.395529		NO_MATCH_AND_SEEMS_UNSERVED								POINT(8.395529 49.014405)
1006	Karlsruhe	KA Kaiserslauterner Straße	de:08212:7013:0:1	49.036824	8.374023	bus	MATCHED	n332571139	1.3	0.89	Kaiserslauterner Straße	70,74,ALT70	Karlsruhe Schweigener Straße	Schweigener Straße	LINESTRING(8.374023 49.036824,8.3740403 49.0368262)
1007	Karlsruhe	KA Kaiserslauterner Straße	de:08212:7013:0:2	49.036565	8.374284	bus	MATCHED	n332571140	1.7	0.87	Kaiserslauterner Straße	70,74,NL17	Karlsruhe Trierer Straße / Neureut Flughafenstraße	Flughafenstraße / Trierer Straße	LINESTRING(8.374284 49.036565,8.3742795 49.0365502)
1008	Karlsruhe	KA Kaiserslauterner Straße	de:08212:7013:0:3	49.036247	8.374329	bus	NO_MATCH_AND_SEEMS_UNSERVED								POINT(8.374329 49.036247)
1009	Karlsruhe	KA Kaiserslauterner Straße	de:08212:7013:0:4	49.03633	8.374275	bus	NO_MATCH_AND_SEEMS_UNSERVED								POINT(8.374275 49.03633)
1010	Karlsruhe	KA Karlstor/Bundesgerichtshof	de:08212:61:1:1	49.005184	8.394622	tram	MATCHED	n2552588542	3.6	1.0	Karlstor/Bundesgerichtshof	2,3,4,5,NL2	Karlsruhe Europaplatz / KA Karlstor/Bundesgerichtshof	Karlstor/Bundesgerichtshof / Europaplatz (Karlstraße)	LINESTRING(8.394622 49.005184,8.394625000000001 49.005152)
1011	Karlsruhe	KA Karlstor/Bundesgerichtshof	de:08212:61:21:21	49.004005	8.394586		NO_MATCH_AND_SEEMS_UNSERVED								POINT(8.394586 49.004005)
1012	Karlsruhe	KA Karlstor/Bundesgerichtshof	de:08212:61:22:22	49.004547	8.394415		NO_MATCH_AND_SEEMS_UNSERVED								POINT(8.394415 49.004547)
1013	Karlsruhe	KA Karlstor/Bundesgerichtshof	de:08212:61:23:E	49.006068	8.394568	bus	NO_MATCH_BUT_OTHER_PLATFORM_MATCHED					SEV 14	Karlsruhe Arbeitsagentur		POINT(8.394568 49.006068)
1014	Karlsruhe	KA Karlstor/Bundesgerichtshof	de:08212:61:2:2	49.004423	8.394514	tram	MATCHED	n2702674060	7.7	1.0	Karlstor/Bundesgerichtshof	2,3,4,5,E,NL2	Karlsruhe Mathystraße / Karlsruhe Mathystraße	Mathystraße	LINESTRING(8.394514 49.004423,8.3945185 49.004492500000005)
1015	Karlsruhe	KA Karlstor/Bundesgerichtshof	de:08212:61:3:3	49.005502	8.395421	tram	MATCHED	n9332286108	6.9	1.0	Karlstor/Bundesgerichtshof	4,5,E	KA Karlstor/Bundesgerichtshof / Karlsruhe Europaplatz	Karlstor/Bundesgerichtshof / Europaplatz (Karlstraße)	LINESTRING(8.395421 49.005502,8.3955149 49.0054962)
1016	Karlsruhe	KA Karlstor/Bundesgerichtshof	de:08212:61:4:4	49.005467	8.395951	tram	MATCHED	n9332286107	11.3	1.0	Karlstor/Bundesgerichtshof	4,5,E	KA Ettlinger Tor/Staatstheater	Ettlinger Tor	LINESTRING(8.395951 49.005467,8.3961048 49.0054692)
1017	Karlsruhe	KA Karlstor/Bundesgerichtshof	de:08212:61:91:1	49.005502	8.395197	tram	MATCHED	n12529534375	6.5	1.0	Karlstor/Bundesgerichtshof				LINESTRING(8.395197 49.005502,8.3952855 49.0054949)
1018	Karlsruhe	KA Karlstor/Bundesgerichtshof	de:08212:61:92:2	49.005484	8.396373	tram	MATCHED	n12529534376	2.7	1.0	Karlstor/Bundesgerichtshof			Ettlinger Tor	LINESTRING(8.396373 49.005484,8.3963408 49.0054716)
1019	Karlsruhe	KA Knielinger Allee/Städt. Klinikum	de:08212:1103:1:1	49.018847	8.375407	tram	MATCHED	n25346135	8.9	1.0	Knielinger Allee/Städtisches Klinikum			August-Bebel-Straße	LINESTRING(8.375407 49.018847,8.375406100000001 49.018767000000004)
1020	Karlsruhe	KA Knielinger Allee/Städt. Klinikum	de:08212:1103:1:3	49.018847	8.375353	tram	MATCHED	n3112374783	0.7	0.77	Knielinger Allee/Städtisches Klinikum				LINESTRING(8.375353 49.018847,8.3753445 49.0188502)
1021	Karlsruhe	KA Knielinger Allee/Städt. Klinikum	de:08212:1103:21:21	49.018847	8.375514	bus	NO_MATCH_AND_SEEMS_UNSERVED								POINT(8.375514 49.018847)
1022	Karlsruhe	KA Knielinger Allee/Städt. Klinikum	de:08212:1103:21:23	49.019071	8.375847	bus	NO_MATCH_AND_SEEMS_UNSERVED								POINT(8.375847 49.019071)
1023	Karlsruhe	KA Knielinger Allee/Städt. Klinikum	de:08212:1103:22:22	49.0189	8.375155	bus	NO_MATCH_AND_SEEMS_UNSERVED								POINT(8.375155 49.0189)
1024	Karlsruhe	KA Knielinger Allee/Städt. Klinikum	de:08212:1103:23:23	49.020391	8.372415	bus	NO_MATCH_AND_SEEMS_UNSERVED								POINT(8.372415 49.020391)
1025	Karlsruhe	KA Knielinger Allee/Städt. Klinikum	de:08212:1103:24:24	49.020261	8.372227	bus	NO_MATCH_AND_SEEMS_UNSERVED								POINT(8.372227 49.020261)
1026	Karlsruhe	KA Knielinger Allee/Städt. Klinikum	de:08212:1103:2:2	49.0189	8.375317	tram	MATCHED	n1744382779	4.7	1.0	Knielinger Allee/Städtisches Klinikum			Moltkestraße/Städtisches Klinikum	LINESTRING(8.375317 49.0189,8.3753236 49.018941700000006)
1027	Karlsruhe	KA Kunstakademie/Hochschule	de:08212:7003:11:11	49.014723	8.38651		MATCHED	n2353679738	2.4	0.74	Kunstakademie / Hochschule				LINESTRING(8.38651 49.014723,8.3865163 49.014744)
1028	Karlsruhe	KA Kunstakademie/Hochschule	de:08212:7003:12:12	49.014682	8.38651		MATCHED	n2353679737	4.5	0.63	Kunstakademie / Hochschule				LINESTRING(8.38651 49.014682,8.3865136 49.0146418)
1029	Karlsruhe	KA Kunstakademie/Hochschule	de:08212:7003:13:13	49.014505	8.384668	bus	NO_MATCH_AND_SEEMS_UNSERVED								POINT(8.384668 49.014505)
1030	Karlsruhe	KA Kunstakademie/Hochschule	de:08212:7003:13:14	49.014488	8.384507	bus	NO_MATCH_AND_SEEMS_UNSERVED								POINT(8.384507 49.014488)
1031	Karlsruhe	KA Kunstakademie/Hochschule	de:08212:7003:1:1	49.014617	8.385629	tram	MATCHED	n1729197868	6.2	1.0	Kunstakademie / Hochschule Karlsruhe	1,E,NL1	Karlsruhe Synagoge	Synagoge	LINESTRING(8.385629 49.014617,8.385651000000001 49.0145628)
1032	Karlsruhe	KA Kunstakademie/Hochschule	de:08212:7003:2:2	49.014128	8.385683	tram	MATCHED	n26041856	15.9	1.0	Kunstakademie / Hochschule Karlsruhe	1,E,NL1	Karlsruhe Mühlburger Tor	Mühlburger Tor (Grashofstraße)	LINESTRING(8.385683 49.014128,8.3857262 49.0139882)
1033	Karlsruhe	KA Kußmaulstr. /Städt. Klinikum	de:08212:521:1:1	49.016974	8.369118	tram	MATCHED	n1163258026	0.8	1.0	Kußmaulstraße/Städtisches Klinikum	2,E	Karlsruhe Hertzstraße	Hertzstraße	LINESTRING(8.369118 49.016974,8.369127500000001 49.016978200000004)
1034	Karlsruhe	KA Kußmaulstr. /Städt. Klinikum	de:08212:521:1:11	49.016956	8.369154	trainish	NO_MATCH_AND_SEEMS_UNSERVED								POINT(8.369154 49.016956)
1035	Karlsruhe	KA Kußmaulstr. /Städt. Klinikum	de:08212:521:1:13	49.017416	8.369271	bus	NO_MATCH_AND_SEEMS_UNSERVED								POINT(8.369271 49.017416)
1036	Karlsruhe	KA Kußmaulstr. /Städt. Klinikum	de:08212:521:21:21	49.017492	8.369433	bus	NO_MATCH_AND_SEEMS_UNSERVED								POINT(8.369433 49.017492)
1037	Karlsruhe	KA Kußmaulstr. /Städt. Klinikum	de:08212:521:22:22	49.017398	8.369298	bus	NO_MATCH_AND_SEEMS_UNSERVED								POINT(8.369298 49.017398)
1038	Karlsruhe	KA Kußmaulstr. /Städt. Klinikum	de:08212:521:23:23	49.017492	8.369433	bus	NO_MATCH_AND_SEEMS_UNSERVED								POINT(8.369433 49.017492)
1039	Karlsruhe	KA Kußmaulstr. /Städt. Klinikum	de:08212:521:23:A	49.017062	8.369208	bus	NO_MATCH_AND_SEEMS_UNSERVED								POINT(8.369208 49.017062)
1040	Karlsruhe	KA Kußmaulstr. /Städt. Klinikum	de:08212:521:24:24	49.017398	8.369298	bus	NO_MATCH_AND_SEEMS_UNSERVED								POINT(8.369298 49.017398)
1041	Karlsruhe	KA Kußmaulstr. /Städt. Klinikum	de:08212:521:2:12	49.016679	8.369702	trainish	MATCHED	w37882006	13.8	0.43	Städtisches Klinikum/Kußmaulstraße			Moltkestraße/Städtisches Klinikum	LINESTRING(8.369702 49.016679,8.369529297948667 49.01672960459479)
1042	Karlsruhe	KA Kußmaulstr. /Städt. Klinikum	de:08212:521:2:2	49.016668	8.369729	tram	MATCHED	n89358539	16.5	1.0	Kußmaulstraße/Städtisches Klinikum	2,E	KA Moltkestr./Städt. Klinikum	Moltkestraße/Städtisches Klinikum	LINESTRING(8.369729 49.016668,8.3695486 49.0167567)
1043	Karlsruhe	KA Kußmaulstr. /Städt. Klinikum	de:08212:521:91:1	49.016974	8.369172	trainish	MATCHED	w37882003	15.1	0.41	Städtisches Klinikum/Kußmaulstraße			Hertzstraße	LINESTRING(8.369172 49.016974,8.36935295 49.016907700000004)
1044	Karlsruhe	KA Kußmaulstr. /Städt. Klinikum	de:08212:521:92:2	49.016679	8.369702	trainish	NO_MATCH_AND_SEEMS_UNSERVED								POINT(8.369702 49.016679)
1045	Karlsruhe	KA Marktplatz (Kaiserstraße U)	de:08212:1003:1:1	49.009709	8.401673	tram	MATCHED	n3234308913	27.9	1.0	Marktplatz (Kaiserstraße U)	1,NL1,S2	KA Europaplatz (U)	Europaplatz (U)	LINESTRING(8.401673 49.009709,8.4020536 49.009689800000004)
1046	Karlsruhe	KA Marktplatz (Kaiserstraße U)	de:08212:1003:2:2	49.009615	8.402958	tram	MATCHED	n9458813716	5.7	1.0	Marktplatz (Kaiserstraße U)	1,NL1,S2	Karlsruhe Kronenplatz (U)	Kronenplatz (U) / Marktplatz (Pyramide U)	LINESTRING(8.402958 49.009615,8.4028796 49.0096143)
1047	Karlsruhe	KA Marktplatz (Kaiserstraße U)	de:08212:1003:91:1	49.009721	8.401539	tram	MATCHED	n9458813662	50.4	1.0	Marktplatz (Kaiserstraße U)			Europaplatz (U)	LINESTRING(8.401539 49.009721,8.4022252 49.009682000000005)
1048	Karlsruhe	KA Marktplatz (Kaiserstraße U)	de:08212:1003:92:2	49.009609	8.403156	tram	MATCHED	n9332104960	4.3	1.0	Marktplatz (Kaiserstraße U)			Marktplatz (Pyramide U) / Kronenplatz (U)	LINESTRING(8.403156 49.009609,8.403097200000001 49.009604700000004)
1049	Karlsruhe	KA Marktplatz (Pyramide U)	de:08212:1011:3:3	49.008301	8.403766	tram	MATCHED	n2640942878	36.4	1.0	Marktplatz (Pyramide U)	2,NL2	KA Ettlinger Tor/Staatstheater (U)	Ettlinger Tor (U)	LINESTRING(8.403766 49.008301,8.403714500000001 49.008626400000004)
1050	Karlsruhe	KA Marktplatz (Pyramide U)	de:08212:1011:3:3 (U)	49.008301	8.403766	tram	NO_MATCH_AND_SEEMS_UNSERVED								POINT(8.403766 49.008301)
1051	Karlsruhe	KA Marktplatz (Pyramide U)	de:08212:1011:4:4	49.009008	8.403757	tram	MATCHED	n12529534369	1.5	1.0	Marktplatz (Pyramide U)	2,NL2	Karlsruhe Kronenplatz (U)	Marktplatz (Kaiserstraße U) / Kronenplatz (U)	LINESTRING(8.403757 49.009008,8.4037653 49.0089958)
1052	Karlsruhe	KA Marktplatz (Pyramide U)	de:08212:1011:4:4 (U)	49.009008	8.403757	tram	NO_MATCH_AND_SEEMS_UNSERVED								POINT(8.403757 49.009008)
1053	Karlsruhe	KA Marktplatz (Pyramide U)	de:08212:1011:5:5	49.009008	8.403919	tram	NO_MATCH_AND_SEEMS_UNSERVED								POINT(8.403919 49.009008)
1054	Karlsruhe	KA Marktplatz (Pyramide U)	de:08212:1011:93:3	49.008213	8.403766	tram	MATCHED	n12529534370	29.1	1.0	Marktplatz (Pyramide U)			Ettlinger Tor (U)	LINESTRING(8.403766 49.008213,8.4037135 49.0084723)
1055	Karlsruhe	KA Marktplatz (Pyramide U)	de:08212:1011:93:3 (U)	49.008213	8.403766	tram	NO_MATCH_AND_SEEMS_UNSERVED								POINT(8.403766 49.008213)
1056	Karlsruhe	KA Marktplatz (Pyramide U)	de:08212:1011:94:4	49.00912	8.403766	tram	MATCHED	n9332104958	5.0	1.0	Marktplatz (Pyramide U)			Kronenplatz (U) / Marktplatz (Kaiserstraße U)	LINESTRING(8.403766 49.00912,8.4037652 49.0091649)
1057	Karlsruhe	KA Marktplatz (Pyramide U)	de:08212:1011:94:4 (U)	49.00912	8.403766	tram	NO_MATCH_AND_SEEMS_UNSERVED								POINT(8.403766 49.00912)
1058	Karlsruhe	KA Marktplatz (Pyramide U)	de:08212:1011:95:5	49.00912	8.403901	tram	MATCHED	n9332104959	31.9	1.0	Marktplatz (Pyramide U)			Ettlinger Tor (U)	LINESTRING(8.403901 49.00912,8.4039594 49.0088352)
1059	Karlsruhe	KA Marktplatz (Pyramide U)	de:08212:1011:95:5 (U)	49.00912	8.403901	tram	NO_MATCH_AND_SEEMS_UNSERVED								POINT(8.403901 49.00912)
1060	Karlsruhe	KA Marktplatz (U) / Abstellung	de:08212:1010:1:1	49.009149	8.403901	tram	NO_MATCH_AND_SEEMS_UNSERVED								POINT(8.403901 49.009149)
1061	Karlsruhe	KA Moltkestr. /Städt. Klinikum	de:08212:1101:1:1	49.015713	8.375173	tram	MATCHED	n1163322227	89.4	1.0	Moltkestraße/Städtisches Klinikum			Kußmaulstraße/Städtisches Klinikum	LINESTRING(8.375173 49.015713,8.3741999 49.015225400000006)
1062	Karlsruhe	KA Moltkestr. /Städt. Klinikum	de:08212:1101:21:21	49.015807	8.375281	bus	NO_MATCH_AND_SEEMS_UNSERVED								POINT(8.375281 49.015807)
1063	Karlsruhe	KA Moltkestr. /Städt. Klinikum	de:08212:1101:22:22	49.015483	8.374993	bus	NO_MATCH_AND_SEEMS_UNSERVED								POINT(8.374993 49.015483)
1064	Karlsruhe	KA Moltkestr. /Städt. Klinikum	de:08212:1101:23:23	49.015807	8.375281	bus	NO_MATCH_AND_SEEMS_UNSERVED								POINT(8.375281 49.015807)
1065	Karlsruhe	KA Moltkestr. /Städt. Klinikum	de:08212:1101:24:24	49.015089	8.374679	bus	NO_MATCH_AND_SEEMS_UNSERVED								POINT(8.374679 49.015089)
1066	Karlsruhe	KA Moltkestr. /Städt. Klinikum	de:08212:1101:2:2	49.015377	8.375101	tram	MATCHED	n31236653	35.8	1.0	Moltkestraße/Städtisches Klinikum			Yorckstraße / Händelstraße	LINESTRING(8.375101 49.015377,8.374717200000001 49.0151764)
1067	Karlsruhe	KA Moltkestr. /Städt. Klinikum	de:08212:1101:3:13	49.01523	8.374167	trainish	NO_MATCH_AND_SEEMS_UNSERVED								POINT(8.374167 49.01523)
1068	Karlsruhe	KA Moltkestr. /Städt. Klinikum	de:08212:1101:3:3	49.01523	8.374203	tram	MATCHED	n1744240422	90.4	1.0	Moltkestraße/Städtisches Klinikum	2,E	KA Kußmaulstr./Städt. Klinikum	Knielinger Allee/Städtisches Klinikum	LINESTRING(8.374203 49.01523,8.3751838 49.0157253)
1069	Karlsruhe	KA Moltkestr. /Städt. Klinikum	de:08212:1101:4:14	49.015183	8.374652	trainish	NO_MATCH_AND_SEEMS_UNSERVED								POINT(8.374652 49.015183)
1070	Karlsruhe	KA Moltkestr. /Städt. Klinikum	de:08212:1101:4:4	49.015183	8.374697	tram	MATCHED	n25345182	38.3	1.0	Moltkestraße/Städtisches Klinikum	2,E	Karlsruhe Händelstraße / Karlsruhe Yorckstraße	Yorckstraße	LINESTRING(8.374697 49.015183,8.375110300000001 49.015394300000004)
1071	Karlsruhe	KA Moltkestr. /Städt. Klinikum	de:08212:1101:91:1	49.01523	8.374167	trainish	NO_MATCH_AND_SEEMS_UNSERVED								POINT(8.374167 49.01523)
1072	Karlsruhe	KA Moltkestr. /Städt. Klinikum	de:08212:1101:92:2	49.015183	8.374652	trainish	NO_MATCH_AND_SEEMS_UNSERVED								POINT(8.374652 49.015183)
1073	Karlsruhe	KA Mühlburger Tor (Grashofstraße)	de:08212:321:11:11	49.011606	8.38465	bus	NO_MATCH_AND_SEEMS_UNSERVED								POINT(8.38465 49.011606)
1074	Karlsruhe	KA Mühlburger Tor (Grashofstraße)	de:08212:321:12:12	49.011577	8.384839	bus	NO_MATCH_AND_SEEMS_UNSERVED								POINT(8.384839 49.011577)
1075	Karlsruhe	KA Mühlburger Tor (Grashofstraße)	de:08212:321:12:13	49.01143	8.384992	bus	NO_MATCH_AND_SEEMS_UNSERVED								POINT(8.384992 49.01143)
1076	Karlsruhe	KA Mühlburger Tor (Grashofstraße)	de:08212:321:12:14	49.011648	8.384911		NO_MATCH_AND_SEEMS_UNSERVED								POINT(8.384911 49.011648)
1077	Karlsruhe	KA Mühlburger Tor (Grashofstraße)	de:08212:321:1:1	49.011353	8.384623	tram	MATCHED	w221060837	23.0	0.3	Mühlburger Tor (Grashofstraße)			BBBank Wildpark / Kunstakademie / Hochschule	LINESTRING(8.384623 49.011353,8.38464075 49.01114625)
1078	Karlsruhe	KA Mühlburger Tor (Grashofstraße)	de:08212:321:2:2	49.010888	8.384534	tram	NO_MATCH_AND_SEEMS_UNSERVED								POINT(8.384534 49.010888)
1079	Karlsruhe	KA Mühlburger Tor (Kaiserallee)	de:08212:49:1:1	49.010617	8.382764	tram	NO_MATCH_AND_SEEMS_UNSERVED								POINT(8.382764 49.010617)
1080	Karlsruhe	KA Mühlburger Tor (Kaiserallee)	de:08212:49:21:21	49.010805	8.382692	bus	NO_MATCH_AND_SEEMS_UNSERVED								POINT(8.382692 49.010805)
1081	Karlsruhe	KA Mühlburger Tor (Kaiserallee)	de:08212:49:22:22	49.010469	8.383375	bus	NO_MATCH_AND_SEEMS_UNSERVED								POINT(8.383375 49.010469)
1082	Karlsruhe	KA Mühlburger Tor (Kaiserallee)	de:08212:49:2:2	49.010552	8.383653	tram	NO_MATCH_AND_SEEMS_UNSERVED								POINT(8.383653 49.010552)
1083	Karlsruhe	KA Mühlburger Tor (Kaiserallee)	de:08212:49:3:3	49.01067	8.381677	tram	NO_MATCH_AND_SEEMS_UNSERVED								POINT(8.381677 49.01067)
1084	Karlsruhe	KA Mühlburger Tor (Kaiserallee)	de:08212:49:4:4	49.010593	8.382638	tram	NO_MATCH_AND_SEEMS_UNSERVED								POINT(8.382638 49.010593)
1085	Karlsruhe	KA Mühlburger Tor (Kaiserallee)	de:08212:49:51:52	49.01064	8.384183		NO_MATCH_AND_SEEMS_UNSERVED								POINT(8.384183 49.01064)
1086	Karlsruhe	KA Sonderschulkindergarten	de:08212:91010:0:1	49.01351	8.44137		NO_MATCH_AND_SEEMS_UNSERVED								POINT(8.44137 49.01351)
1087	Karlsruhe	KA St. Vincentius Krankenhaus	de:08212:5508:0:1	48.999609	8.380958	bus	MATCHED	n635041071	0.9	0.91	St. Vincentius Krankenhaus	55	Karlsruhe Holtzstraße	Holtzstraße	LINESTRING(8.380958 48.999609,8.3809669 48.9996145)
1088	Karlsruhe	KA St. Vincentius Krankenhaus	de:08212:5508:0:2	48.99942	8.380779	bus	MATCHED	n635041073	1.2	0.89	St. Vincentius Krankenhaus	55	Karlsruhe ZKM	Lorenzstraße/ZKM	LINESTRING(8.380779 48.99942,8.3807887 48.9994116)
1089	Karlsruhe	KA St. Vincentius Krankenhaus	de:08212:5508:0:3	48.998931	8.381237	bus	NO_MATCH_AND_SEEMS_UNSERVED								POINT(8.381237 48.998931)
1090	Karlsruhe	KA The Q Quadro City Hotel	de:08212:90010:0:1	49.005207	8.41027		NO_MATCH_AND_SEEMS_UNSERVED								POINT(8.41027 49.005207)
1091	Karlsruhe	KA The Q Quadro City Hotel	de:08212:90010:0:2	49.005072	8.410585		NO_MATCH_AND_SEEMS_UNSERVED								POINT(8.410585 49.005072)
1092	Karlsruhe	KA The Q Quadro City Hotel	de:08212:90010:0:A	49.005213	8.410225		NO_MATCH_AND_SEEMS_UNSERVED								POINT(8.410225 49.005213)
1093	Karlsruhe	KA Tullastraße/Alter Schlachthof	de:08212:7:11:11	49.007187	8.431587	bus	NO_MATCH_AND_SEEMS_UNSERVED								POINT(8.431587 49.007187)
1094	Karlsruhe	KA Tullastraße/Alter Schlachthof	de:08212:7:12:B	49.006138	8.431767	bus	MATCHED	n12650255545	12.7	0.62	Tullastraße/Alter Schlachthof	42	Durlach Tiefbauamt	Tiefbauamt	LINESTRING(8.431767 49.006138,8.431593300000001 49.006137100000004)
1095	Karlsruhe	KA Tullastraße/Alter Schlachthof	de:08212:7:1:1	49.006292	8.43165	tram	MATCHED	n1135823865	4.3	1.0	Tullastraße/Alter Schlachthof	1,18,2,5,E,NL2,S2	Karlsruhe Schloss Gottesaue / KA Tullastraße/Alter Schlachthof / Karlsruhe Gottesauer Platz/BGV	Tullastraße/Alter Schlachthof / Gottesauer Platz/BGV	LINESTRING(8.43165 49.006292,8.4317052 49.0062786)
1096	Karlsruhe	KA Tullastraße/Alter Schlachthof	de:08212:7:21:21	49.006362	8.431938	bus	NO_MATCH_AND_SEEMS_UNSERVED								POINT(8.431938 49.006362)
1097	Karlsruhe	KA Tullastraße/Alter Schlachthof	de:08212:7:21:A	49.006362	8.431938	bus	NO_MATCH_BUT_OTHER_PLATFORM_MATCHED					125	Hagsfeld Fächerbad		POINT(8.431938 49.006362)
1098	Karlsruhe	KA Tullastraße/Alter Schlachthof	de:08212:7:22:22	49.006197	8.431767	bus	NO_MATCH_AND_SEEMS_UNSERVED								POINT(8.431767 49.006197)
1099	Karlsruhe	KA Tullastraße/Alter Schlachthof	de:08212:7:23:23	49.007223	8.431345	bus	NO_MATCH_AND_SEEMS_UNSERVED								POINT(8.431345 49.007223)
1100	Karlsruhe	KA Tullastraße/Alter Schlachthof	de:08212:7:24:24	49.007429	8.431686	bus	NO_MATCH_AND_SEEMS_UNSERVED								POINT(8.431686 49.007429)
1101	Karlsruhe	KA Tullastraße/Alter Schlachthof	de:08212:7:2:2	49.006097	8.432522	tram	MATCHED	n21596346	10.6	1.0	Tullastraße/Alter Schlachthof	1,18,2,5,E,NL2,S2	Karlsruhe Weinweg / Durlach Auer Str./Dr. Schwabe / Karlsruhe Einfahrt über Gl. 43	Weinweg / Auer Straße/Dr. Willmar Schwabe	LINESTRING(8.432522 49.006097,8.4323824 49.006122600000005)
1102	Karlsruhe	KA Tullastraße/Alter Schlachthof	de:08212:7:3:3	49.006121	8.432539	tram	MATCHED	n5714070828	6.8	1.0	Tullastraße/Alter Schlachthof			Gottesauer Platz/BGV / Schloss Gottesaue/Hochschule für Musik	LINESTRING(8.432539 49.006121,8.4326287 49.006104)
1103	Karlsruhe	KA Tullastraße/Alter Schlachthof	de:08212:7:4:4	49.005908	8.433528	tram	MATCHED	n5714070829	15.6	1.0	Tullastraße/Alter Schlachthof			Karlsruhe-Durlach / Weinweg	LINESTRING(8.433528 49.005908,8.4333215 49.005942600000004)
1104	Karlsruhe	KA Tullastraße/Alter Schlachthof	de:08212:7:5:5	49.006722	8.431291	tram	MATCHED	n1845702055	0.7	1.0	Tullastraße/Alter Schlachthof	17,18,3,4,E,NL1,S2	Karlsruhe Gottesauer Platz/BGV / Karlsruhe Schloss Gottesaue / KA Tullastraße/Alter Schlachthof	Schloss Gottesaue/Hochschule für Musik / Tullastraße/Alter Schlachthof / Gottesauer Platz/BGV	LINESTRING(8.431291 49.006722,8.4312962 49.006717200000004)
1105	Karlsruhe	KA Tullastraße/Alter Schlachthof	de:08212:7:6:6	49.007335	8.431542	tram	MATCHED	n1828811564	3.5	1.0	Tullastraße/Alter Schlachthof	17,18,3,4,E,NL1,S2	Karlsruhe Einfahrt über Gl. 21 / Karlsruhe Essenweinstraße	Essenweinstraße	LINESTRING(8.431542 49.007335,8.4315367 49.007303400000005)
1106	Karlsruhe	KA Victor-von-Scheffel-Schule	de:08212:91035:0:1	49.033432	8.341621		NO_MATCH_AND_SEEMS_UNSERVED								POINT(8.341621 49.033432)
1107	Karlsruhe	KA Weiherwald Grundschule	de:08212:91037:0:1	48.980669	8.392529		NO_MATCH_AND_SEEMS_UNSERVED								POINT(8.392529 48.980669)
1108	Karlsruhe	KA Werner von Siemens Schule	de:08212:91034:0:1	49.031241	8.370448		NO_MATCH_AND_SEEMS_UNSERVED								POINT(8.370448 49.031241)
1109	Karlsruhe	KA Wikingerstraße (MockUp)	de:08212:993:0:1	49.020933	8.340265		NO_MATCH_AND_SEEMS_UNSERVED								POINT(8.340265 49.020933)
1110	Karlsruhe	KIT-Campus Ost	de:08212:47:1:1	49.021198	8.431426	bus	MATCHED	w627430570	30.6	0.29	KIT Campus Ost			KIT Campus Nord - Südtor	LINESTRING(8.431426 49.021198,8.431215238427422 49.020960209039266)
1111	Karlsruhe	KIT-Campus Ost	de:08212:47:2:2	49.021133	8.431327	bus	MATCHED	n2881490553	20.2	0.37	KIT Campus Ost				LINESTRING(8.431327 49.021133,8.4312126 49.020967600000006)
1112	Karlsruhe	KIT-Campus Süd	de:08212:28:1:1	49.010958	8.414187		MATCHED	n1676943633	8.5	0.53	KIT-Campus Süd			KIT Campus Ost	LINESTRING(8.414187 49.010958,8.4143022 49.010965000000006)
1113	Karlsruhe	KIT-Campus Süd	de:08212:28:1:2	49.010976	8.417942	bus	MATCHED_THOUGH_NAMES_DIFFER	w161026184	7.6	0.23	Studentenhaus			Durlacher Tor/KIT-Campus Süd	LINESTRING(8.417942 49.010976,8.41787865 49.0110303)
1114	Karlsruhe	KIT-Campus Süd	de:08212:28:1:3	49.010552	8.418005		MATCHED	n1805145468	17.9	0.31	KIT-Shuttle Haltestelle Campus Süd				LINESTRING(8.418005 49.010552,8.41811 49.010407)
1115	Karlsruhe	Kaiserplatz	de:08212:36:11:11	49.010611	8.388666	bus	NO_MATCH_AND_SEEMS_UNSERVED								POINT(8.388666 49.010611)
1116	Karlsruhe	Kaiserplatz	de:08212:36:12:12	49.010016	8.38845	bus	NO_MATCH_AND_SEEMS_UNSERVED								POINT(8.38845 49.010016)
1117	Karlsruhe	Kaiserplatz	de:08212:36:1:1	49.010163	8.38836	tram	NO_MATCH_AND_SEEMS_UNSERVED								POINT(8.38836 49.010163)
1118	Karlsruhe	Kaiserplatz	de:08212:36:2:2	49.010381	8.389501	tram	NO_MATCH_AND_SEEMS_UNSERVED								POINT(8.389501 49.010381)
1119	Karlsruhe	Kaiserplatz	de:08212:38:11:11	49.010611	8.388666		NO_MATCH_AND_SEEMS_UNSERVED								POINT(8.388666 49.010611)
1120	Karlsruhe	Kaiserplatz	de:08212:38:12:12	49.010016	8.38845		NO_MATCH_AND_SEEMS_UNSERVED								POINT(8.38845 49.010016)
1121	Karlsruhe	Kaiserplatz	de:08212:38:1:1	49.010181	8.388351	tram	NO_MATCH_AND_SEEMS_UNSERVED								POINT(8.388351 49.010181)
1122	Karlsruhe	Kaiserplatz	de:08212:38:21:21	49.010611	8.388666		NO_MATCH_AND_SEEMS_UNSERVED								POINT(8.388666 49.010611)
1123	Karlsruhe	Kaiserplatz	de:08212:38:22:22	49.010033	8.388441		NO_MATCH_AND_SEEMS_UNSERVED								POINT(8.388441 49.010033)
1124	Karlsruhe	Kaiserplatz	de:08212:38:2:2	49.010375	8.38951	tram	NO_MATCH_AND_SEEMS_UNSERVED								POINT(8.38951 49.010375)
1125	Karlsruhe	Kaiserplatz	de:08212:38:3:3	49.010181	8.388351	tram	NO_MATCH					5	Karlsruhe Mühlburger Tor / Karlsruhe Europaplatz		POINT(8.388351 49.010181)
1126	Karlsruhe	Kaiserplatz	de:08212:38:4:4	49.010375	8.38951	tram	NO_MATCH_AND_SEEMS_UNSERVED								POINT(8.38951 49.010375)
1127	Karlsruhe	Kapellenstraße	de:08212:4201:0:11	49.006957	8.41354	bus	MATCHED	n9385892551	2.7	0.86	Kapellenstraße	42	KA Durlacher Tor/KIT-Campus Süd	Durlacher Tor/KIT-Campus Süd	LINESTRING(8.41354 49.006957,8.4135532 49.0069342)
1128	Karlsruhe	Kapellenstraße	de:08212:4201:11:11	49.006934	8.413495	bus	MATCHED	w1007286158	4.2	0.72	Kapellenstraße				LINESTRING(8.413495 49.006934,8.413537604291955 49.00690849091565)
1129	Karlsruhe	Karl-Wilhelm-Platz	de:08212:401:13:13	49.011135	8.422541	bus	NO_MATCH_AND_SEEMS_UNSERVED								POINT(8.422541 49.011135)
1130	Karlsruhe	Karl-Wilhelm-Platz	de:08212:401:1:1	49.011241	8.422954	tram	MATCHED	n31263712	1.7	1.0	Karl-Wilhelm-Platz	3,4	KA Durlacher Tor/KIT-Campus Süd	Durlacher Tor/KIT-Campus Süd	LINESTRING(8.422954 49.011241,8.4229763 49.011244000000005)
1131	Karlsruhe	Karl-Wilhelm-Platz	de:08212:401:1:11	49.011253	8.422981	trainish	MATCHED	w172133013	17.3	0.4	Karl-Wilhelm-Platz			Durlacher Tor/KIT-Campus Süd	LINESTRING(8.422981 49.011253,8.423173794085493 49.01134362496246)
1132	Karlsruhe	Karl-Wilhelm-Platz	de:08212:401:21:21	49.011742	8.423179		NO_MATCH_AND_SEEMS_UNSERVED								POINT(8.423179 49.011742)
1133	Karlsruhe	Karl-Wilhelm-Platz	de:08212:401:22:22	49.011683	8.423116		NO_MATCH_AND_SEEMS_UNSERVED								POINT(8.423116 49.011683)
1134	Karlsruhe	Karl-Wilhelm-Platz	de:08212:401:23:23	49.011506	8.423853		NO_MATCH_AND_SEEMS_UNSERVED								POINT(8.423853 49.011506)
1135	Karlsruhe	Karl-Wilhelm-Platz	de:08212:401:24:24	49.010782	8.42326		NO_MATCH_AND_SEEMS_UNSERVED								POINT(8.42326 49.010782)
1136	Karlsruhe	Karl-Wilhelm-Platz	de:08212:401:2:12	49.011377	8.423386	trainish	MATCHED	w172133015	16.1	0.42	Karl-Wilhelm-Platz			Hauptfriedhof	LINESTRING(8.423386 49.011377,8.423218970151714 49.01128229654755)
1137	Karlsruhe	Karl-Wilhelm-Platz	de:08212:401:2:2	49.011388	8.423413	tram	MATCHED	n1144940824	0.8	1.0	Karl-Wilhelm-Platz	3,4,E	Karlsruhe Hauptfriedhof	Hauptfriedhof	LINESTRING(8.423413 49.011388,8.4234191 49.0113817)
1138	Karlsruhe	Knielingen	de:08212:32586:1:1	49.026924	8.340875	train	MATCHED	n1900264261	20.5	0.36	Karlsruhe-Knielingen	RB51,RB54,RB55,RE6,S3,S44,S52	Karlsruhe-Mühlburg / Maximiliansau West / Wörth (Rhein) / Wörth (Rhein) / Maximiliansau Eisenbahnstraße	Maximiliansau West / Maximiliansau Eisenbahnstraße / Wörth (Rhein)	LINESTRING(8.340875 49.026924,8.3410709 49.026791700000004)
1139	Karlsruhe	Knielingen	de:08212:32586:2:2	49.026393	8.341504	train	MATCHED	n1900264260	59.4	0.35	Karlsruhe-Knielingen	RB51,RB52,RE6,S3,S52	Karlsruhe Hauptbahnhof / Karlsruhe-Mühlburg	Karlsruhe-Mühlburg	LINESTRING(8.341504 49.026393,8.3420536 49.0259998)
1140	Karlsruhe	Knielingen Bruchweg	de:08212:7505:0:1	49.039498	8.335081	bus	MATCHED	n674971681	2.0	0.69	Bruchweg	75	Knielingen Jakob-Dörr-Straße	Jakob-Dörr-Straße	LINESTRING(8.335081 49.039498,8.3350667 49.039513500000005)
1141	Karlsruhe	Knielingen Eggensteiner Straße	de:08212:106:11:11	49.033938	8.338189	bus	MATCHED	n345161883	10.3	0.47	Eggensteiner Straße	74,75	Knielingen Jakob-Dörr-Straße / Knielingen Rheinbergstraße	Jakob-Dörr-Straße / Rheinbergstraße	LINESTRING(8.338189 49.033938,8.3382824 49.03386810000001)
1142	Karlsruhe	Knielingen Eggensteiner Straße	de:08212:106:1:1	49.033509	8.338216	tram	MATCHED	n29932625	15.6	1.0	Eggensteiner Straße			Rheinbergstraße	LINESTRING(8.338216 49.033509,8.338337600000001 49.0333941)
1143	Karlsruhe	Knielingen Eggensteiner Straße	de:08212:106:21:21	49.033997	8.337965	bus	NO_MATCH_AND_SEEMS_UNSERVED								POINT(8.337965 49.033997)
1144	Karlsruhe	Knielingen Eggensteiner Straße	de:08212:106:22:22	49.033408	8.338441	bus	NO_MATCH_AND_SEEMS_UNSERVED								POINT(8.338441 49.033408)
1145	Karlsruhe	Knielingen Eggensteiner Straße	de:08212:106:2:2	49.03319	8.338468	tram	MATCHED	n1160440411	1.9	1.0	Eggensteiner Straße			Herweghstraße	LINESTRING(8.338468 49.03319,8.3384687 49.0332073)
1146	Karlsruhe	Knielingen Egon-Eiermann-Allee	de:08212:239:11:11	49.035193	8.351206	bus	MATCHED	n332571149	7.1	0.69	Egon-Eiermann-Allee	74	Knielingen Pionierstraße	Pionierstraße	LINESTRING(8.351206 49.035193,8.3512011 49.0352564)
1147	Karlsruhe	Knielingen Egon-Eiermann-Allee	de:08212:239:12:12	49.035052	8.351296	bus	MATCHED	n332571150	3.7	0.77	Egon-Eiermann-Allee	74	Knielingen Husarenlager	Husarenlager	LINESTRING(8.351296 49.035052,8.3513132 49.0350206)
1148	Karlsruhe	Knielingen Egon-Eiermann-Allee	de:08212:239:13:13	49.035953	8.350326	bus	NO_MATCH_AND_SEEMS_UNSERVED								POINT(8.350326 49.035953)
1149	Karlsruhe	Knielingen Egon-Eiermann-Allee	de:08212:239:14:14	49.035652	8.350371	bus	NO_MATCH_AND_SEEMS_UNSERVED								POINT(8.350371 49.035652)
1150	Karlsruhe	Knielingen Egon-Eiermann-Allee	de:08212:239:1:1	49.035982	8.350155	tram	MATCHED	n8174262322	8.1	1.0	Egon-Eiermann-Allee	2,E	Knielingen Nord	Knielingen Nord	LINESTRING(8.350155 49.035982,8.3502253 49.035926)
1151	Karlsruhe	Knielingen Egon-Eiermann-Allee	de:08212:239:21:21	49.035953	8.350326	bus	NO_MATCH_AND_SEEMS_UNSERVED								POINT(8.350326 49.035953)
1152	Karlsruhe	Knielingen Egon-Eiermann-Allee	de:08212:239:22:22	49.035652	8.350371	bus	NO_MATCH_AND_SEEMS_UNSERVED								POINT(8.350371 49.035652)
1153	Karlsruhe	Knielingen Egon-Eiermann-Allee	de:08212:239:23:23	49.035953	8.350326	bus	MATCHED	n4040364258	46.0	0.38	Egon-Eiermann-Allee	NL17	Knielingen Nord	Knielingen Nord	LINESTRING(8.350326 49.035953,8.3499593 49.0362896)
1154	Karlsruhe	Knielingen Egon-Eiermann-Allee	de:08212:239:24:24	49.035652	8.350371	bus	NO_MATCH_AND_SEEMS_UNSERVED								POINT(8.350371 49.035652)
1155	Karlsruhe	Knielingen Egon-Eiermann-Allee	de:08212:239:2:2	49.035688	8.350478	tram	MATCHED	n8174262321	3.4	1.0	Egon-Eiermann-Allee	2,E	Knielingen Pionierstraße	Pionierstraße	LINESTRING(8.350478 49.035688,8.350447 49.035710300000005)
1156	Karlsruhe	Knielingen Elsternweg	de:08212:7502:0:1	49.037914	8.339222	bus	MATCHED	n669894026	5.0	0.69	Elsternweg	75	Knielingen Kolbengärten	Kolbengärten	LINESTRING(8.339222 49.037914,8.3392897 49.0379196)
1157	Karlsruhe	Knielingen Grundschule	de:08212:91013:0:1	49.032584	8.336258		NO_MATCH_AND_SEEMS_UNSERVED								POINT(8.336258 49.032584)
1158	Karlsruhe	Knielingen Herweghstraße	de:08212:105:11:11	49.031123	8.341531	bus	MATCHED	n4018014252	27.4	0.42	Herweghstraße	RB51	Knielingen Eggensteiner Straße / Maximiliansau West	Eggensteiner Straße	LINESTRING(8.341531 49.031123,8.34183 49.031272)
1159	Karlsruhe	Knielingen Herweghstraße	de:08212:105:12:12	49.031088	8.341495	bus	MATCHED	n2944634175	20.0	0.47	Herweghstraße	RB51,RB52	Knielingen Reinmuthstraße / Karlsruhe Lameyplatz	Reinmuthstraße	LINESTRING(8.341495 49.031088,8.3417507 49.031152500000005)
1160	Karlsruhe	Knielingen Herweghstraße	de:08212:105:1:1	49.03067	8.340965	tram	MATCHED	n31993486	21.8	1.0	Herweghstraße			Eggensteiner Straße	LINESTRING(8.340965 49.03067,8.3411413 49.030512300000005)
1161	Karlsruhe	Knielingen Herweghstraße	de:08212:105:21:21	49.030546	8.34136	bus	NO_MATCH_AND_SEEMS_UNSERVED								POINT(8.34136 49.030546)
1162	Karlsruhe	Knielingen Herweghstraße	de:08212:105:22:22	49.030611	8.341226	bus	NO_MATCH_AND_SEEMS_UNSERVED								POINT(8.341226 49.030611)
1163	Karlsruhe	Knielingen Herweghstraße	de:08212:105:2:2	49.030134	8.34145	tram	NO_MATCH_AND_SEEMS_UNSERVED								POINT(8.34145 49.030134)
1164	Karlsruhe	Knielingen Herweghstraße	de:08212:105:2:2a	49.029822	8.341765	tram	MATCHED	n12645274037	3.1	0.5	Herweghstraße				LINESTRING(8.341765 49.029822,8.3417492 49.029847600000004)
1165	Karlsruhe	Knielingen Herweghstraße	de:08212:105:92:2b	49.030134	8.34145	tram	MATCHED	n1158376439	23.5	1.0	Herweghstraße			Siemens	LINESTRING(8.34145 49.030134,8.341284100000001 49.030315400000006)
1166	Karlsruhe	Knielingen Husarenlager	de:08212:7413:0:1	49.032896	8.355311	bus	MATCHED	n332571148	11.9	0.57	Husarenlager	74	Knielingen Egon-Eiermann-Allee	Egon-Eiermann-Allee	LINESTRING(8.355311 49.032896,8.3554165 49.0328141)
1167	Karlsruhe	Knielingen Husarenlager	de:08212:7413:0:2	49.032961	8.354763	bus	MATCHED	n332571147	3.4	0.73	Husarenlager	74,NL17	Karlsruhe Binger Straße	Binger Straße	LINESTRING(8.354763 49.032961,8.3547369 49.0329866)
1168	Karlsruhe	Knielingen Jakob-Dörr-Straße	de:08212:7501:0:1	49.036701	8.336851	bus	MATCHED	n4018014254	24.4	0.43	Jakob-Dörr-Straße	75	Knielingen Elsternweg	Elsternweg	LINESTRING(8.336851 49.036701,8.3371481 49.036801700000005)
1169	Karlsruhe	Knielingen Jakob-Dörr-Straße	de:08212:7501:0:2	49.036659	8.336545	bus	MATCHED	n4018014255	30.9	0.4	Jakob-Dörr-Straße	75	Knielingen Rheinbergstraße	Rheinbergstraße	LINESTRING(8.336545 49.036659,8.336872900000001 49.0368342)
1170	Karlsruhe	Knielingen Kolbengärten	de:08212:7503:0:1	49.03981	8.341747	bus	MATCHED	n4018014256	7.3	0.67	Kolbengärten	75	Knielingen Max-Dortu-Straße	Max-Dortu-Straße	LINESTRING(8.341747 49.03981,8.3417668 49.0397454)
1171	Karlsruhe	Knielingen Landeckstraße	de:08212:7416:0:1	49.036665	8.342825	bus	MATCHED	n349028073	2.3	0.74	Landeckstraße	74	Knielingen Reinmuthstraße	Reinmuthstraße	LINESTRING(8.342825 49.036665,8.342841400000001 49.036682400000004)
1172	Karlsruhe	Knielingen Landeckstraße	de:08212:7416:0:2	49.036571	8.342888	bus	MATCHED	n349028075	2.2	0.74	Landeckstraße	74	Knielingen Pionierstraße	Pionierstraße	LINESTRING(8.342888 49.036571,8.3428736 49.036554100000004)
1173	Karlsruhe	Knielingen Landeckstraße	de:08212:7416:0:3	49.036671	8.342394		NO_MATCH_AND_SEEMS_UNSERVED								POINT(8.342394 49.036671)
1174	Karlsruhe	Knielingen Landeckstraße	de:08212:7416:0:4	49.036671	8.342465		NO_MATCH_AND_SEEMS_UNSERVED								POINT(8.342465 49.036671)
1175	Karlsruhe	Knielingen Lassallestraße	de:08212:526:11:11	49.029445	8.34728	bus	NO_MATCH_AND_SEEMS_UNSERVED								POINT(8.34728 49.029445)
1176	Karlsruhe	Knielingen Lassallestraße	de:08212:526:12:12	49.029132	8.347397	bus	NO_MATCH_AND_SEEMS_UNSERVED								POINT(8.347397 49.029132)
1177	Karlsruhe	Knielingen Lassallestraße	de:08212:526:13:13	49.029109	8.348385	bus	NO_MATCH_AND_SEEMS_UNSERVED								POINT(8.348385 49.029109)
1178	Karlsruhe	Knielingen Lassallestraße	de:08212:526:1:1	49.029721	8.348421	tram	NO_MATCH_AND_SEEMS_UNSERVED								POINT(8.348421 49.029721)
1179	Karlsruhe	Knielingen Lassallestraße	de:08212:526:2:2	49.02945	8.347047	tram	NO_MATCH_AND_SEEMS_UNSERVED								POINT(8.347047 49.02945)
1180	Karlsruhe	Knielingen Max-Dortu-Straße	de:08212:7506:0:1	49.041618	8.338621	bus	MATCHED	n671527687	4.4	0.66	Max-Dortu-Straße	75	Knielingen Bruchweg	Bruchweg	LINESTRING(8.338621 49.041618,8.338561200000001 49.041622600000004)
1181	Karlsruhe	Knielingen Nord	de:08212:240:11:11	49.038061	8.347541	bus	NO_MATCH_AND_SEEMS_UNSERVED								POINT(8.347541 49.038061)
1182	Karlsruhe	Knielingen Nord	de:08212:240:12:12	49.037872	8.347469	bus	NO_MATCH_AND_SEEMS_UNSERVED								POINT(8.347469 49.037872)
1183	Karlsruhe	Knielingen Nord	de:08212:240:21:21	49.038491	8.346975	bus	MATCHED	n5555138140	18.6	0.58	Knielingen Nord	NL17	Knielingen Husarenlager	Husarenlager	LINESTRING(8.346975 49.038491,8.3471816 49.0383932)
1184	Karlsruhe	Knielingen Nord	de:08212:240:22:22	49.037878	8.347487	bus	NO_MATCH_AND_SEEMS_UNSERVED								POINT(8.347487 49.037878)
1185	Karlsruhe	Knielingen Nord	de:08212:240:2:2	49.037743	8.347783	tram	MATCHED	n7600180592	1.4	1.0	Knielingen Nord	2,E	Knielingen Egon-Eiermann-Allee	Egon-Eiermann-Allee	LINESTRING(8.347783 49.037743,8.3477681 49.037751300000004)
1186	Karlsruhe	Knielingen Nord	de:08212:240:3:3	49.038132	8.347262	tram	NO_MATCH_AND_SEEMS_UNSERVED								POINT(8.347262 49.038132)
1187	Karlsruhe	Knielingen Pionierstraße	de:08212:238:11:11	49.033373	8.347146	bus	MATCHED	n345161886	1.8	0.77	Pionierstraße	74	Knielingen Landeckstraße	Landeckstraße	LINESTRING(8.347146 49.033373,8.347168700000001 49.0333789)
1188	Karlsruhe	Knielingen Pionierstraße	de:08212:238:12:12	49.033314	8.347182	bus	MATCHED	n349028072	3.9	0.71	Pionierstraße	74	Knielingen Egon-Eiermann-Allee	Egon-Eiermann-Allee	LINESTRING(8.347182 49.033314,8.3471407 49.0332925)
1189	Karlsruhe	Knielingen Pionierstraße	de:08212:238:13:13	49.032655	8.3472	bus	NO_MATCH_AND_SEEMS_UNSERVED								POINT(8.3472 49.032655)
1190	Karlsruhe	Knielingen Pionierstraße	de:08212:238:14:14	49.033402	8.347801	bus	MATCHED	n4040364268	4.1	0.57	Pionierstraße				LINESTRING(8.347801 49.033402,8.3478153 49.0334377)
1191	Karlsruhe	Knielingen Pionierstraße	de:08212:238:1:1	49.033485	8.348089	tram	MATCHED	n8176988998	3.2	1.0	Pionierstraße	2,E	Knielingen Egon-Eiermann-Allee	Egon-Eiermann-Allee	LINESTRING(8.348089 49.033485,8.348132 49.033487300000004)
1192	Karlsruhe	Knielingen Pionierstraße	de:08212:238:21:21	49.032655	8.3472	bus	NO_MATCH_AND_SEEMS_UNSERVED								POINT(8.3472 49.032655)
1193	Karlsruhe	Knielingen Pionierstraße	de:08212:238:22:22	49.033402	8.347801	bus	NO_MATCH_AND_SEEMS_UNSERVED								POINT(8.347801 49.033402)
1194	Karlsruhe	Knielingen Pionierstraße	de:08212:238:23:23	49.032655	8.3472	bus	MATCHED	n4040364265	2.3	0.75	Pionierstraße	NL17	Knielingen Egon-Eiermann-Allee	Egon-Eiermann-Allee	LINESTRING(8.3472 49.032655,8.347215700000001 49.0326372)
1195	Karlsruhe	Knielingen Pionierstraße	de:08212:238:24:24	49.033402	8.347801	bus	NO_MATCH_AND_SEEMS_UNSERVED								POINT(8.347801 49.033402)
1196	Karlsruhe	Knielingen Pionierstraße	de:08212:238:2:2	49.033214	8.347694	tram	MATCHED	n8176988999	7.1	1.0	Pionierstraße	2,E	Knielingen Sudetenstraße	Sudetenstraße	LINESTRING(8.347694 49.033214,8.347771400000001 49.0332524)
1197	Karlsruhe	Knielingen Reinmuthstraße	de:08212:7417:0:1	49.034928	8.340624	bus	MATCHED_THOUGH_REVERSED_DIR	n349028076	3.7	0.5	Reinmuthstraße	74	Knielingen Herweghstraße	Landeckstraße	LINESTRING(8.340624 49.034928,8.3406743 49.034923500000005)
1198	Karlsruhe	Knielingen Reinmuthstraße	de:08212:7417:0:2	49.034845	8.340462	bus	MATCHED_THOUGH_REVERSED_DIR	n349028077	1.3	0.61	Reinmuthstraße	74	Knielingen Landeckstraße	Herweghstraße	LINESTRING(8.340462 49.034845,8.3404457 49.034850000000006)
1199	Karlsruhe	Knielingen Rheinberg. (Schl. )	de:08212:108:3:3	49.034975	8.336474	tram	NO_MATCH_AND_SEEMS_UNSERVED								POINT(8.336474 49.034975)
1200	Karlsruhe	Knielingen Rheinbergstraße	de:08212:107:12:12	49.035328	8.336312	bus	MATCHED	n345161884	4.7	0.58	Rheinbergstraße	74,75	Knielingen Eggensteiner Straße / Knielingen Herweghstraße	Eggensteiner Straße / Herweghstraße	LINESTRING(8.336312 49.035328,8.3363408 49.035290100000005)
1201	Karlsruhe	Knielingen Rheinbergstraße	de:08212:107:12:13	49.036011	8.3305		NO_MATCH_AND_SEEMS_UNSERVED								POINT(8.3305 49.036011)
1202	Karlsruhe	Knielingen Rheinbergstraße	de:08212:107:1:1	49.03534	8.336159	tram	MATCHED	n94594335	19.7	1.0	Rheinbergstraße			Maxau / Maximiliansau Eisenbahnstraße	LINESTRING(8.336159 49.03534,8.336351500000001 49.0352161)
1203	Karlsruhe	Knielingen Rheinbergstraße	de:08212:107:21:21	49.03567	8.335926	bus	NO_MATCH_AND_SEEMS_UNSERVED								POINT(8.335926 49.03567)
1204	Karlsruhe	Knielingen Rheinbergstraße	de:08212:107:21:22	49.03587	8.335791	bus	NO_MATCH_AND_SEEMS_UNSERVED								POINT(8.335791 49.03587)
1205	Karlsruhe	Knielingen Rheinbergstraße	de:08212:107:2:2	49.034916	8.336716	tram	MATCHED	n1736315248	20.6	1.0	Rheinbergstraße			Eggensteiner Straße	LINESTRING(8.336716 49.034916,8.3365249 49.035051700000004)
1206	Karlsruhe	Knielingen Rheinbergstraße	de:08212:107:3:3	49.034898	8.336653	tram	MATCHED	n1736624672	14.3	1.0	Rheinbergstraße				LINESTRING(8.336653 49.034898,8.336493200000001 49.034972700000004)
1207	Karlsruhe	Knielingen Siemens	de:08212:104:1:1	49.025209	8.346337	tram	MATCHED	n5169469752	2.3	1.0	Siemens			Herweghstraße	LINESTRING(8.346337 49.025209,8.346360500000001 49.0251948)
1208	Karlsruhe	Knielingen Siemens	de:08212:104:21:21	49.026393	8.345843	bus	NO_MATCH_AND_SEEMS_UNSERVED								POINT(8.345843 49.026393)
1209	Karlsruhe	Knielingen Siemens	de:08212:104:22:22	49.025209	8.346499	bus	NO_MATCH_AND_SEEMS_UNSERVED								POINT(8.346499 49.025209)
1210	Karlsruhe	Knielingen Siemens	de:08212:104:2:2	49.025245	8.346256	tram	MATCHED	n29020046	21.8	1.0	Siemens			Mühlburg West / Lameyplatz	LINESTRING(8.346256 49.025245,8.3461161 49.0254185)
1211	Karlsruhe	Knielingen Siemensallee	de:08212:525:11:11	49.027418	8.35073	bus	MATCHED	n6404051284	33.9	0.4	Siemensallee	NL17	Knielingen Sudetenstraße	Sudetenstraße	LINESTRING(8.35073 49.027418,8.3510943 49.0272286)
1212	Karlsruhe	Knielingen Siemensallee	de:08212:525:12:12	49.027524	8.350056	bus	MATCHED	n5167923313	24.7	0.27	Siemensallee				LINESTRING(8.350056 49.027524,8.349807100000001 49.027674700000006)
1213	Karlsruhe	Knielingen Siemensallee	de:08212:525:1:1	49.027884	8.349814	tram	MATCHED	n1162633223	2.5	1.0	Siemensallee	2,E	Knielingen Sudetenstraße	Sudetenstraße	LINESTRING(8.349814 49.027884,8.3498353 49.02786630000001)
1214	Karlsruhe	Knielingen Siemensallee	de:08212:525:2:2	49.027583	8.350209	tram	MATCHED	n31410939	1.3	1.0	Siemensallee	2,E	Karlsruhe Neureuter Straße	Neureuter Straße	LINESTRING(8.350209 49.027583,8.350195000000001 49.027590100000005)
1215	Karlsruhe	Knielingen Sudetenstraße	de:08212:237:11:11	49.030558	8.345313	bus	MATCHED	n4040364272	4.7	0.67	Sudetenstraße	NL17	Knielingen Pionierstraße	Pionierstraße	LINESTRING(8.345313 49.030558,8.3453766 49.0305503)
1216	Karlsruhe	Knielingen Sudetenstraße	de:08212:237:11:C	49.030958	8.345106	bus	NO_MATCH_AND_SEEMS_UNSERVED								POINT(8.345106 49.030958)
1217	Karlsruhe	Knielingen Sudetenstraße	de:08212:237:12:12	49.030405	8.345124	bus	NO_MATCH_AND_SEEMS_UNSERVED								POINT(8.345124 49.030405)
1218	Karlsruhe	Knielingen Sudetenstraße	de:08212:237:12:14	49.029998	8.346696		MATCHED	w878754739	107.3	0.06	Sudetenstraße				LINESTRING(8.346696 49.029998,8.345380550000002 49.03042535)
1219	Karlsruhe	Knielingen Sudetenstraße	de:08212:237:12:D	49.031135	8.345026	bus	NO_MATCH_AND_SEEMS_UNSERVED								POINT(8.345026 49.031135)
1220	Karlsruhe	Knielingen Sudetenstraße	de:08212:237:1:1	49.03054	8.345124	tram	MATCHED	n8176988996	1.1	1.0	Sudetenstraße	2,E	Knielingen Pionierstraße	Pionierstraße	LINESTRING(8.345124 49.03054,8.3451354 49.030546900000004)
1221	Karlsruhe	Knielingen Sudetenstraße	de:08212:237:21:21	49.030558	8.345313	bus	NO_MATCH_AND_SEEMS_UNSERVED								POINT(8.345313 49.030558)
1222	Karlsruhe	Knielingen Sudetenstraße	de:08212:237:22:22	49.030422	8.345053	bus	MATCHED	n4040364269	0.4	0.69	Sudetenstraße				LINESTRING(8.345053 49.030422,8.3450478 49.0304201)
1223	Karlsruhe	Knielingen Sudetenstraße	de:08212:237:22:24	49.029998	8.346696	bus	NO_MATCH_AND_SEEMS_UNSERVED								POINT(8.346696 49.029998)
1224	Karlsruhe	Knielingen Sudetenstraße	de:08212:237:2:2	49.030287	8.345538	tram	MATCHED	n8176988997	3.5	1.0	Sudetenstraße	2,E	Knielingen Siemensallee	Siemensallee	LINESTRING(8.345538 49.030287,8.3455685 49.0302626)
1225	Karlsruhe	Kolpingplatz	de:08212:63:11:11	48.997888	8.393822	bus	MATCHED	w394891015	3.9	0.8	Kolpingplatz	55	Karlsruhe Südendschule	Südendschule	LINESTRING(8.393822 48.997888,8.393859540840188 48.997912661285845)
1226	Karlsruhe	Kolpingplatz	de:08212:63:12:12	48.997911	8.393768	bus	MATCHED	w394890997	2.4	0.85	Kolpingplatz	55	Karlsruhe Ebertstraße	Ebertstraße	LINESTRING(8.393768 48.997911,8.393735839053406 48.99791112427198)
1227	Karlsruhe	Kolpingplatz	de:08212:63:1:1	48.997735	8.393804	tram	MATCHED	n1600680322	1.1	1.0	Kolpingplatz	17,3,4	Karlsruhe Mathystraße	Mathystraße	LINESTRING(8.393804 48.997735,8.393806 48.9977254)
1228	Karlsruhe	Kolpingplatz	de:08212:63:2:2	48.997387	8.393714	tram	MATCHED	n1600680321	2.8	1.0	Kolpingplatz	17,3,4	Karlsruhe Ebertstraße	Ebertstraße	LINESTRING(8.393714 48.997387,8.3937197 48.9974117)
1229	Karlsruhe	Kongresszentrum	de:08212:72:11:11	49.002756	8.403093		NO_MATCH_AND_SEEMS_UNSERVED								POINT(8.403093 49.002756)
1230	Karlsruhe	Kongresszentrum	de:08212:72:12:12	49.001919	8.403183		NO_MATCH_AND_SEEMS_UNSERVED								POINT(8.403183 49.001919)
1231	Karlsruhe	Kongresszentrum	de:08212:72:1:1	49.003858	8.403587	tram	MATCHED	n1743183720	19.4	1.0	Kongresszentrum	E	Karlsruhe Konzerthaus		LINESTRING(8.403587 49.003858,8.4038511 49.003838800000004)
1232	Karlsruhe	Kongresszentrum	de:08212:72:1:13	49.003858	8.403623	trainish	MATCHED	w180390851	17.7	0.42	Kongresszentrum				LINESTRING(8.403623 49.003858,8.403842518501794 49.00379054680417)
1233	Karlsruhe	Kongresszentrum	de:08212:72:21:21	49.003911	8.404755		NO_MATCH_AND_SEEMS_UNSERVED								POINT(8.404755 49.003911)
1234	Karlsruhe	Kongresszentrum	de:08212:72:21:23	49.003958	8.402455		NO_MATCH_AND_SEEMS_UNSERVED								POINT(8.402455 49.003958)
1235	Karlsruhe	Kongresszentrum	de:08212:72:21:A	49.003911	8.404755		NO_MATCH_AND_SEEMS_UNSERVED								POINT(8.404755 49.003911)
1236	Karlsruhe	Kongresszentrum	de:08212:72:22:22	49.003775	8.404296		MATCHED	n3111073168	27.6	0.27	Kongresszentrum				LINESTRING(8.404296 49.003775,8.4039262 49.003823700000005)
1237	Karlsruhe	Kongresszentrum	de:08212:72:22:B	49.003775	8.404296		MATCHED	w180390853	16.6	0.36	Kongresszentrum				LINESTRING(8.404296 49.003775,8.404111105771907 49.003861320664484)
1238	Karlsruhe	Kongresszentrum	de:08212:72:23:23	49.002756	8.403093		MATCHED	w625809006	15.0	0.39	Kongresszentrum (Gleis 3)			Kongresszentrum (Gleis 3) / Augartenstraße	LINESTRING(8.403093 49.002756,8.40310296641404 49.0026215338567)
1239	Karlsruhe	Kongresszentrum	de:08212:72:23:C	49.002756	8.403093		NO_MATCH_AND_SEEMS_UNSERVED								POINT(8.403093 49.002756)
1240	Karlsruhe	Kongresszentrum	de:08212:72:24:D	49.001919	8.403183		NO_MATCH_AND_SEEMS_UNSERVED								POINT(8.403183 49.001919)
1241	Karlsruhe	Kongresszentrum	de:08212:72:2:2	49.003811	8.404054	tram	MATCHED	n1743183719	2.5	1.0	Kongresszentrum	E	Karlsruhe Philipp-Reis-Straße		LINESTRING(8.404054 49.003811,8.404021100000001 49.0038047)
1242	Karlsruhe	Kongresszentrum	de:08212:73:0:11	49.002007	8.403209	bus	NO_MATCH_AND_SEEMS_UNSERVED								POINT(8.403209 49.002007)
1243	Karlsruhe	Kongresszentrum	de:08212:73:0:12	49.002449	8.403039	bus	NO_MATCH_AND_SEEMS_UNSERVED								POINT(8.403039 49.002449)
1244	Karlsruhe	Kongresszentrum (U)	de:08212:1013:3:3	49.002172	8.403111	tram	MATCHED	n9348363487	6.5	1.0	Kongresszentrum (U)	2,NL2	Karlsruhe Augartenstraße	Augartenstraße	LINESTRING(8.403111 49.002172,8.4031164 49.0022304)
1245	Karlsruhe	Kongresszentrum (U)	de:08212:1013:3:3 (U)	49.002172	8.403111	tram	MATCHED	w1161996410	5.2	0.61	Kongresszentrum (Gleis 3)			Augartenstraße / Kongresszentrum (Gleis 3)	LINESTRING(8.403111 49.002172,8.40305555693656 49.00214254398417)
1246	Karlsruhe	Kongresszentrum (U)	de:08212:1013:4:4	49.002885	8.403218	tram	MATCHED	n9348363488	3.5	1.0	Kongresszentrum (U)	2,NL2	KA Ettlinger Tor/Staatstheater (U)	Ettlinger Tor (U)	LINESTRING(8.403218 49.002885,8.4032172 49.002853900000005)
1247	Karlsruhe	Kongresszentrum (U)	de:08212:1013:4:4 (U)	49.002885	8.403218	tram	NO_MATCH_AND_SEEMS_UNSERVED								POINT(8.403218 49.002885)
1248	Karlsruhe	Kongresszentrum (U)	de:08212:1013:93:3	49.002066	8.403093	tram	MATCHED	n12529534371	3.4	1.0	Kongresszentrum (U)			Augartenstraße	LINESTRING(8.403093 49.002066,8.4031036 49.002095600000004)
1249	Karlsruhe	Kongresszentrum (U)	de:08212:1013:93:3 (U)	49.002066	8.403093	tram	MATCHED	w625809009	46.5	0.16	Kongresszentrum (Gleis 4)			Ettlinger Tor (U)	LINESTRING(8.403093 49.002066,8.403233305918505 49.00247353784984)
1250	Karlsruhe	Kongresszentrum (U)	de:08212:1013:94:4	49.003003	8.403227	tram	MATCHED	n12529534372	5.0	1.0	Kongresszentrum (U)			Ettlinger Tor (U)	LINESTRING(8.403227 49.003003,8.4032357 49.003047900000006)
1251	Karlsruhe	Kongresszentrum (U)	de:08212:1013:94:4 (U)	49.003003	8.403227	tram	MATCHED	w1161996409	5.2	0.61	Kongresszentrum (Gleis 4)			Kongresszentrum (Gleis 4)	LINESTRING(8.403227 49.003003,8.40328714214358 49.002977284019146)
1252	Karlsruhe	Konzerthaus	de:08212:510:1:1	49.003481	8.399553	tram	MATCHED	n1589010441	16.0	1.0	Konzerthaus	E	Karlsruhe Mathystraße		LINESTRING(8.399553 49.003481,8.399427000000001 49.003362800000005)
1253	Karlsruhe	Konzerthaus	de:08212:510:1:11	49.003504	8.399571	trainish	MATCHED	n3109738316	17.2	0.43	Konzerthaus				LINESTRING(8.399571 49.003504,8.399770700000001 49.003585300000005)
1254	Karlsruhe	Konzerthaus	de:08212:510:21:21	49.004052	8.399778	bus	NO_MATCH_AND_SEEMS_UNSERVED								POINT(8.399778 49.004052)
1255	Karlsruhe	Konzerthaus	de:08212:510:2:12	49.003793	8.400029	trainish	NO_MATCH_AND_SEEMS_UNSERVED								POINT(8.400029 49.003793)
1256	Karlsruhe	Konzerthaus	de:08212:510:2:2	49.003811	8.400056	tram	MATCHED	n15015717	7.8	1.0	Konzerthaus	E	Karlsruhe Kongresszentrum		LINESTRING(8.400056 49.003811,8.3999945 49.0037533)
1257	Karlsruhe	Konzerthaus	de:08212:510:2:4	49.003811	8.399985	tram	MATCHED	n1589010447	5.6	1.0	Konzerthaus	E	Karlsruhe Kongresszentrum		LINESTRING(8.399985 49.003811,8.39994 49.003770700000004)
1258	Karlsruhe	Konzerthaus Abstell	de:08212:511:11:11	49.002997	8.399005	bus	NO_MATCH_AND_SEEMS_UNSERVED								POINT(8.399005 49.002997)
1259	Karlsruhe	Konzerthaus Abstell	de:08212:511:11:12	49.002986	8.39905	bus	NO_MATCH_AND_SEEMS_UNSERVED								POINT(8.39905 49.002986)
1260	Karlsruhe	Konzerthaus Abstell	de:08212:511:1:1	49.002927	8.398942		NO_MATCH_AND_SEEMS_UNSERVED								POINT(8.398942 49.002927)
1261	Karlsruhe	Konzerthaus Abstell	de:08212:511:1:2	49.002921	8.398969		NO_MATCH_AND_SEEMS_UNSERVED								POINT(8.398969 49.002921)
1262	Karlsruhe	Kreuzelbergstr. (Ost)	de:08212:6013:0:1	48.99352	8.34958	bus	NO_MATCH_AND_SEEMS_UNSERVED								POINT(8.34958 48.99352)
1263	Karlsruhe	Kreuzelbergstr. (Ost)	de:08212:6013:0:2	48.993497	8.349634	bus	NO_MATCH_AND_SEEMS_UNSERVED								POINT(8.349634 48.993497)
1264	Karlsruhe	Kreuzelbergstr. (West)	de:08212:6014:0:1	48.994953	8.34693	bus	NO_MATCH_AND_SEEMS_UNSERVED								POINT(8.34693 48.994953)
1265	Karlsruhe	Kreuzelbergstr. (West)	de:08212:6014:0:2	48.995006	8.346885	bus	NO_MATCH_AND_SEEMS_UNSERVED								POINT(8.346885 48.995006)
1266	Karlsruhe	Kronenpl. (Kaiserstr)	de:08212:2:11:11	49.009403	8.408492	bus	NO_MATCH_AND_SEEMS_UNSERVED								POINT(8.408492 49.009403)
1267	Karlsruhe	Kronenpl. (Kaiserstr)	de:08212:2:12:12	49.009344	8.409336	bus	NO_MATCH_AND_SEEMS_UNSERVED								POINT(8.409336 49.009344)
1268	Karlsruhe	Kronenpl. (Kaiserstr)	de:08212:2:1:1	49.009403	8.408456	tram	NO_MATCH_AND_SEEMS_UNSERVED								POINT(8.408456 49.009403)
1269	Karlsruhe	Kronenpl. (Kaiserstr)	de:08212:2:2:2	49.009338	8.409372	tram	NO_MATCH_AND_SEEMS_UNSERVED								POINT(8.409372 49.009338)
1270	Karlsruhe	Kronenplatz	de:08212:80:1:1	49.008684	8.410037	tram	MATCHED	n1125645835	18.1	1.0	Kronenplatz	3,E,S2	Karlsruhe Rüppurrer Tor / Karlsruhe Rüppurrer Tor	Rüppurrer Tor	LINESTRING(8.410037 49.008684,8.4100546 49.0088464)
1271	Karlsruhe	Kronenplatz	de:08212:80:21:21	49.008431	8.409866		MATCHED	w162257669	9.2	0.51	Kronenplatz (Fritz-Erler-Straße)			Rüppurrer Tor	LINESTRING(8.409866 49.008431,8.409989740493346 49.00844588841992)
1272	Karlsruhe	Kronenplatz	de:08212:80:21:A	49.00833	8.409866		MATCHED	w355540569	21.1	0.32	Kronenplatz (Fritz-Erler-Straße)			Durlacher Tor/KIT-Campus Süd	LINESTRING(8.409866 49.00833,8.410096606298993 49.00844381272475)
1273	Karlsruhe	Kronenplatz	de:08212:80:22:22	49.008542	8.410198	bus	NO_MATCH_AND_SEEMS_UNSERVED								POINT(8.410198 49.008542)
1274	Karlsruhe	Kronenplatz	de:08212:80:2:2	49.008996	8.410109	tram	MATCHED	n25033857	13.6	1.0	Kronenplatz	3	KA Durlacher Tor/KIT-Campus Süd / KA Durlacher Tor/KIT-Campus Süd	Durlacher Tor/KIT-Campus Süd	LINESTRING(8.410109 49.008996,8.410104500000001 49.008874000000006)
1275	Karlsruhe	Kronenplatz (U)	de:08212:1002:1:1	49.009356	8.409983	tram	MATCHED	n12529534374	0.5	1.0	Kronenplatz (U)	1,2,NL1,NL2,S2	KA Marktplatz (Pyramide U) / KA Marktplatz (Kaiserstraße U)	Marktplatz (Pyramide U) / Marktplatz (Kaiserstraße U)	LINESTRING(8.409983 49.009356,8.4099805 49.009351900000006)
1276	Karlsruhe	Kronenplatz (U)	de:08212:1002:1:1 (U)	49.009356	8.409983	tram	NO_MATCH_AND_SEEMS_UNSERVED								POINT(8.409983 49.009356)
1277	Karlsruhe	Kronenplatz (U)	de:08212:1002:2:2	49.009285	8.410899	tram	MATCHED	n9332240334	3.5	1.0	Kronenplatz (U)	1,2,NL1,NL2,S2	KA Durlacher Tor/KIT-Campus Süd (U)	Gottesauer Platz/BGV / Durlacher Tor/KIT-Campus Süd (U)	LINESTRING(8.410899 49.009285,8.410851000000001 49.0092848)
1278	Karlsruhe	Kronenplatz (U)	de:08212:1002:2:2 (U)	49.009285	8.410899	tram	NO_MATCH_AND_SEEMS_UNSERVED								POINT(8.410899 49.009285)
1279	Karlsruhe	Kronenplatz (U)	de:08212:1002:91:1	49.009362	8.409794	tram	MATCHED	n9332240335	1.1	1.0	Kronenplatz (U)			Marktplatz (Pyramide U) / Marktplatz (Kaiserstraße U)	LINESTRING(8.409794 49.009362,8.409807200000001 49.0093576)
1280	Karlsruhe	Kronenplatz (U)	de:08212:1002:91:1 (U)	49.009362	8.409794	tram	NO_MATCH_AND_SEEMS_UNSERVED								POINT(8.409794 49.009362)
1281	Karlsruhe	Kronenplatz (U)	de:08212:1002:92:2	49.009285	8.411079	tram	MATCHED	n12529534373	4.2	1.0	Kronenplatz (U)			Durlacher Tor/KIT-Campus Süd (U)	LINESTRING(8.411079 49.009285,8.4110223 49.0092778)
1282	Karlsruhe	Kronenplatz (U)	de:08212:1002:92:2 (U)	49.009285	8.411079	tram	NO_MATCH_AND_SEEMS_UNSERVED								POINT(8.411079 49.009285)
1283	Karlsruhe	Kunsthalle	de:08212:50:1:1	49.011766	8.39958		NO_MATCH_AND_SEEMS_UNSERVED								POINT(8.39958 49.011766)
1284	Karlsruhe	Kunsthalle/Orangerie	de:08212:15:1:1	49.013144	8.398574	bus	NO_MATCH_AND_SEEMS_UNSERVED								POINT(8.398574 49.013144)
1285	Karlsruhe	Kurt-Schumacher-Str.	de:08212:1105:11:11	49.029798	8.374886	bus	MATCHED	n11478748939	4.1	0.82	Kurt-Schumacher-Str.	74	Karlsruhe Landauer Straße	Landauer Straße	LINESTRING(8.374886 49.029798,8.374912400000001 49.029830600000004)
1286	Karlsruhe	Kurt-Schumacher-Str.	de:08212:1105:12:12	49.029686	8.374841	bus	MATCHED	n11478748938	4.5	0.81	Kurt-Schumacher-Str.	74	Karlsruhe Stresemannstraße	Stresemannstraße	LINESTRING(8.374841 49.029686,8.3748477 49.0297265)
1287	Karlsruhe	Kurt-Schumacher-Str.	de:08212:1105:1:1	49.030275	8.376305	tram	MATCHED	n25346136	3.5	1.0	Kurt-Schumacher-Straße			Haus Bethlehem	LINESTRING(8.376305 49.030275,8.3763231 49.030304300000005)
1288	Karlsruhe	Kurt-Schumacher-Str.	de:08212:1105:21:21	49.030493	8.375407	bus	NO_MATCH_AND_SEEMS_UNSERVED								POINT(8.375407 49.030493)
1289	Karlsruhe	Kurt-Schumacher-Str.	de:08212:1105:22:22	49.030452	8.375371	bus	NO_MATCH_AND_SEEMS_UNSERVED								POINT(8.375371 49.030452)
1290	Karlsruhe	Kurt-Schumacher-Str.	de:08212:1105:23:23	49.030493	8.375407	bus	NO_MATCH_AND_SEEMS_UNSERVED								POINT(8.375407 49.030493)
1291	Karlsruhe	Kurt-Schumacher-Str.	de:08212:1105:24:24	49.030452	8.375371	bus	NO_MATCH_AND_SEEMS_UNSERVED								POINT(8.375371 49.030452)
1292	Karlsruhe	Kurt-Schumacher-Str.	de:08212:1105:2:2	49.029981	8.376233	tram	MATCHED	n1744261997	1.3	1.0	Kurt-Schumacher-Straße			August-Bebel-Straße	LINESTRING(8.376233 49.029981,8.3762407 49.029992)
1293	Karlsruhe	Kurt-Schumacher-Str.	de:08212:1105:90:91	49.030469	8.375452		NO_MATCH_AND_SEEMS_UNSERVED								POINT(8.375452 49.030469)
1294	Karlsruhe	Kurt-Schumacher-Str.	de:08212:1105:90:92	49.030481	8.375308		NO_MATCH_AND_SEEMS_UNSERVED								POINT(8.375308 49.030481)
1295	Karlsruhe	Käppelestraße	de:08212:91042:0:1	49.008342	8.439465		NO_MATCH_AND_SEEMS_UNSERVED								POINT(8.439465 49.008342)
1296	Karlsruhe	Kärcherstraße	de:08212:7021:0:1	49.016014	8.361573	bus	MATCHED	n348398260	9.8	0.69	Kärcherstraße	70,ALT70,NL17	Karlsruhe Entenfang / Karlsruhe Entenfang	Entenfang	LINESTRING(8.361573 49.016014,8.361632700000001 49.016092900000004)
1297	Karlsruhe	Kärcherstraße	de:08212:7021:0:2	49.016173	8.361806	bus	MATCHED	n348398267	4.3	0.82	Kärcherstraße	70,NL17	Karlsruhe Hertzstraße / Karlsruhe Hertzstraße	Hertzstraße	LINESTRING(8.361806 49.016173,8.3618331 49.0161389)
1298	Karlsruhe	Kärcherstraße	de:08212:7021:0:3	49.016214	8.362076	bus	NO_MATCH_AND_SEEMS_UNSERVED								POINT(8.362076 49.016214)
1299	Karlsruhe	Kühler Krug	de:08212:504:11:11	49.005567	8.368148	bus	MATCHED	w159408027	8.6	0.71	Kühler Krug	55	Karlsruhe Kühler Krug / Karlsruhe Kühler Krug / Karlsruhe Griesbachstraße	Griesbachstraße	LINESTRING(8.368148 49.005567,8.368251976563878 49.00560399695087)
1300	Karlsruhe	Kühler Krug	de:08212:504:12:12	49.005089	8.367906	bus	MATCHED	w159401415	7.7	0.73	Kühler Krug	55,NL15	Karlsruhe Entenfang / Karlsruhe Hübschstraße	Hübschstraße	LINESTRING(8.367906 49.005089,8.367845299999999 49.005032400000005)
1301	Karlsruhe	Kühler Krug	de:08212:504:13:13	49.005402	8.3676	bus	MATCHED	w159408025	5.4	0.68	Kühler Krug	55	Karlsruhe Kühler Krug		LINESTRING(8.3676 49.005402,8.36765045 49.00543690000001)
1302	Karlsruhe	Kühler Krug	de:08212:504:1:1	49.006339	8.366549	tram	MATCHED	n1557617759	16.6	1.0	Kühler Krug	5,E	Karlsruhe Mühlburger Feld	Mühlburger Feld	LINESTRING(8.366549 49.006339,8.3666931 49.0062237)
1303	Karlsruhe	Kühler Krug	de:08212:504:2:2	49.005814	8.367214	tram	MATCHED	n1557617756	7.6	1.0	Kühler Krug	5	Karlsruhe Hübschstraße	Hübschstraße	LINESTRING(8.367214 49.005814,8.3671407 49.0058626)
1304	Karlsruhe	Lameyplatz	de:08212:58:11:11	49.013445	8.354359	bus	MATCHED	n6032175010	11.0	0.53	Lameyplatz	ALT64	Karlsruhe Rheinhafen Nord		LINESTRING(8.354359 49.013445,8.354507100000001 49.013427)
1305	Karlsruhe	Lameyplatz	de:08212:58:12:12	49.012962	8.354871	bus	MATCHED	n10018424454	20.6	0.39	Lameyplatz	ALT64	Karlsruhe Entenfang		LINESTRING(8.354871 49.012962,8.3546033 49.013020100000006)
1306	Karlsruhe	Lameyplatz	de:08212:58:1:1	49.013227	8.354476	tram	MATCHED	n1157121011	1.3	1.0	Lameyplatz	1,17,5,E,S2	Karlsruhe Rheinhafen / Karlsruhe Rheinhafen / Karlsruhe Rheinhafen	Rheinhafen / Starckstraße	LINESTRING(8.354476 49.013227,8.354462100000001 49.0132338)
1307	Karlsruhe	Lameyplatz	de:08212:58:21:21	49.013828	8.35515	bus	NO_MATCH_AND_SEEMS_UNSERVED								POINT(8.35515 49.013828)
1308	Karlsruhe	Lameyplatz	de:08212:58:22:22	49.013763	8.355033	bus	NO_MATCH_AND_SEEMS_UNSERVED								POINT(8.355033 49.013763)
1309	Karlsruhe	Lameyplatz	de:08212:58:2:2	49.013044	8.355006	tram	MATCHED	n31992592	12.6	1.0	Lameyplatz	1,17,2,3,4,5,E	Karlsruhe Entenfang / Karlsruhe Entenfang	Entenfang	LINESTRING(8.355006 49.013044,8.354848200000001 49.0130884)
1310	Karlsruhe	Lameyplatz	de:08212:58:3:3	49.013268	8.354503	tram	MATCHED	n1157120988	1.4	1.0	Lameyplatz			Starckstraße	LINESTRING(8.354503 49.013268,8.354484300000001 49.013266900000005)
1311	Karlsruhe	Landauer Straße	de:08212:7404:0:1	49.031282	8.370448	bus	MATCHED	n332571135	56.1	0.38	Landauer Straße	74	Karlsruhe Frankenthaler Straße	Frankenthaler Straße	LINESTRING(8.370448 49.031282,8.3704652 49.0307771)
1312	Karlsruhe	Landauer Straße	de:08212:7404:0:2	49.030623	8.369918		NO_MATCH_AND_SEEMS_UNSERVED								POINT(8.369918 49.030623)
1313	Karlsruhe	Landauer Straße	de:08212:7404:0:3	49.029969	8.37043		NO_MATCH_AND_SEEMS_UNSERVED								POINT(8.37043 49.029969)
1314	Karlsruhe	Landauer Straße	de:08212:7404:0:4	49.03117	8.370322	bus	MATCHED	n332571136	5.5	0.78	Landauer Straße	74,NL17	Karlsruhe Berliner Straße / Karlsruhe Kurt-Schumacher-Str.	Berliner Straße / Kurt-Schumacher-Str.	LINESTRING(8.370322 49.03117,8.3702623 49.031200600000005)
1315	Karlsruhe	Landesbausparkasse	de:08212:604:1:1	49.001365	8.377509	tram	MATCHED	n1697538980	2.3	1.0	Landesbausparkasse	4,E,NL2	KA Europahalle/Europabad	Europahalle/Europabad	LINESTRING(8.377509 49.001365,8.377512900000001 49.0013444)
1316	Karlsruhe	Landesbausparkasse	de:08212:604:2:2	49.001972	8.377625	tram	MATCHED	n1697628747	2.7	1.0	Landesbausparkasse	4,E,NL2	Karlsruhe Weinbrennerplatz / Karlsruhe Lessingstraße / Karlsruhe Weinbrennerplatz	Weinbrennerplatz	LINESTRING(8.377625 49.001972,8.377626000000001 49.00199670000001)
1317	Karlsruhe	Landgrabenstraße	de:08212:5008:0:1	48.988634	8.377742	bus	MATCHED	n633786279	5.5	0.78	Landgrabenstraße	50,51,NL14	Beiertheim West / Karlsruhe Windeckstraße	Windeckstraße	LINESTRING(8.377742 48.988634,8.3778168 48.9886416)
1318	Karlsruhe	Landgrabenstraße	de:08212:5008:0:2	48.988669	8.377446	bus	MATCHED	n633786282	5.4	0.78	Landgrabenstraße	50,51,ALT50,NL14	Karlsruhe Grünwinkler Straße / Karlsruhe Grünwinkler Straße	Grünwinkler Straße	LINESTRING(8.377446 48.988669,8.377375 48.988655)
1319	Karlsruhe	Landgrabenstraße	de:08212:5008:0:3	48.988923	8.377149		NO_MATCH_AND_SEEMS_UNSERVED								POINT(8.377149 48.988923)
1320	Karlsruhe	Landgrabenstraße	de:08212:5008:0:4	48.989094	8.376835		NO_MATCH_AND_SEEMS_UNSERVED								POINT(8.376835 48.989094)
1321	Karlsruhe	Landgrabenstraße	de:08212:5008:0:5	48.988952	8.377185		NO_MATCH_AND_SEEMS_UNSERVED								POINT(8.377185 48.988952)
1322	Karlsruhe	Landratsamt	de:08212:91046:0:1	49.00404	8.400712		NO_MATCH_AND_SEEMS_UNSERVED								POINT(8.400712 49.00404)
1323	Karlsruhe	Lang Automobile GmbH	de:08212:91043:0:1	49.009008	8.443616		NO_MATCH_AND_SEEMS_UNSERVED								POINT(8.443616 49.009008)
1324	Karlsruhe	Leonardo Hotel	de:08212:90006:0:1	49.000068	8.403236		NO_MATCH_AND_SEEMS_UNSERVED								POINT(8.403236 49.000068)
1325	Karlsruhe	Leonardo Hotel	de:08212:90006:0:A	49.000068	8.403236		NO_MATCH_AND_SEEMS_UNSERVED								POINT(8.403236 49.000068)
1326	Karlsruhe	Leopoldschule	de:08212:91021:0:1	49.008313	8.389618		NO_MATCH_AND_SEEMS_UNSERVED								POINT(8.389618 49.008313)
1327	Karlsruhe	Lessingstraße	de:08212:507:11:11	49.004435	8.383438	bus	NO_MATCH_AND_SEEMS_UNSERVED								POINT(8.383438 49.004435)
1328	Karlsruhe	Lessingstraße	de:08212:507:1:1	49.004412	8.383842	tram	MATCHED	n4249481957	6.6	1.0	Lessingstraße	17,2,3,4,5,E	Karlsruhe Landesbausparkasse / Karlsruhe Weinbrennerplatz / Karlsruhe Weinbrennerplatz / Karlsruhe Weinbrennerplatz / Karlsruhe Weinbrennerplatz	Weinbrennerplatz	LINESTRING(8.383842 49.004412,8.3839305 49.0044029)
1329	Karlsruhe	Lessingstraße	de:08212:507:22:22	49.004323	8.383375	bus	NO_MATCH_AND_SEEMS_UNSERVED								POINT(8.383375 49.004323)
1330	Karlsruhe	Lessingstraße	de:08212:507:2:2	49.004347	8.384641	tram	MATCHED	n4249481956	2.8	1.0	Lessingstraße	17,2,3,4,5,E	Karlsruhe Arbeitsagentur / Karlsruhe Otto-Sachs-Straße	Otto-Sachs-Straße	LINESTRING(8.384641 49.004347,8.3846781 49.004341700000005)
1331	Karlsruhe	Lilienthalstraße	de:08212:8:11:11	49.021911	8.38536		MATCHED	n6757448809	0.1	0.94	Lilienthalstraße				LINESTRING(8.38536 49.021911,8.3853617 49.021910500000004)
1332	Karlsruhe	Lilienthalstraße	de:08212:8:12:12	49.023442	8.385225		MATCHED	n3781173193	2.6	0.76	Lilienthalstraße				LINESTRING(8.385225 49.023442,8.3851894 49.02344170000001)
1333	Karlsruhe	Lilienthalstraße	de:08212:8:1:1	49.022682	8.385225	tram	MATCHED	n1749643134	6.9	1.0	Lilienthalstraße	1,E,NL1	Karlsruhe Duale Hochschule	Duale Hochschule	LINESTRING(8.385225 49.022682,8.3852274 49.0226204)
1334	Karlsruhe	Lilienthalstraße	de:08212:8:2:2	49.022123	8.385055	tram	MATCHED	n256569383	33.5	1.0	Lilienthalstraße	1,E,NL1	Karlsruhe Synagoge	Synagoge	LINESTRING(8.385055 49.022123,8.385139 49.022419400000004)
1335	Karlsruhe	Linkenheimer Tor	de:08212:7302:0:1	49.014647	8.398314	bus	MATCHED	w159808701	3.2	0.85	Linkenheimer Tor	73	Karlsruhe Schützenhaus	Schützenhaus	LINESTRING(8.398314 49.014647,8.398355650000001 49.01463885)
1336	Karlsruhe	Linkenheimer Tor	de:08212:7302:0:2	49.014924	8.398071	bus	MATCHED	n55474934	2.1	0.89	Linkenheimer Tor	73	Karlsruhe Europaplatz	Europaplatz (Sparkasse)	LINESTRING(8.398071 49.014924,8.3980558 49.014940200000005)
1337	Karlsruhe	Links der Alb	de:08212:5206:0:1	48.983906	8.395942	bus	MATCHED	n25182596	8.9	0.71	Links der Alb	52,ALT52	Karlsruhe Nürnberger Straße	Nürnberger Straße	LINESTRING(8.395942 48.983906,8.3958556 48.983849400000004)
1338	Karlsruhe	Links der Alb	de:08212:5206:0:2	48.983953	8.395897	bus	MATCHED	n25182590	5.0	0.8	Links der Alb	52,ALT52	Karlsruhe Belchenplatz	Belchenplatz	LINESTRING(8.395897 48.983953,8.3959509 48.983980700000004)
1339	Karlsruhe	Links der Alb	de:08212:5206:0:4	48.984053	8.39623	bus	NO_MATCH_AND_SEEMS_UNSERVED								POINT(8.39623 48.984053)
1340	Karlsruhe	Liststraße	de:08212:5516:0:1	49.004494	8.363971	bus	MATCHED	n660690878	2.4	0.88	Liststraße	55	Karlsruhe Kühler Krug	Kühler Krug	LINESTRING(8.363971 49.004494,8.363990900000001 49.004477400000006)
1341	Karlsruhe	Liststraße	de:08212:5516:0:X	49.004918	8.365588		NO_MATCH_AND_SEEMS_UNSERVED								POINT(8.365588 49.004918)
1342	Karlsruhe	Lorenzstraße / ZKM	de:08212:5505:0:1	48.998854	8.383788	bus	MATCHED	n635041054	0.6	0.87	Lorenzstraße/ZKM			St. Vincentius Krankenhaus	LINESTRING(8.383788 48.998854,8.3837875 48.998848900000006)
1343	Karlsruhe	Lorenzstraße / ZKM	de:08212:5505:0:2	48.998713	8.384498	bus	MATCHED	n635041055	1.8	0.8	Lorenzstraße/ZKM			Südendschule	LINESTRING(8.384498 48.998713,8.3845215 48.9987191)
1344	Karlsruhe	Madenburgweg	de:08212:7018:0:1	49.027177	8.365354	bus	MATCHED	n335974928	8.4	0.72	Madenburgweg	70,ALT70,NL17	Karlsruhe Barbaraweg	Barbaraweg	LINESTRING(8.365354 49.027177,8.365345600000001 49.027101900000005)
1345	Karlsruhe	Madenburgweg	de:08212:7018:0:2	49.027147	8.365525	bus	MATCHED	n335974929	2.7	0.86	Madenburgweg	70	Karlsruhe Berliner Straße	Berliner Straße	LINESTRING(8.365525 49.027147,8.365487700000001 49.0271448)
1346	Karlsruhe	Marktplatz	de:08212:1:11:11	49.009609	8.404296	bus	NO_MATCH_AND_SEEMS_UNSERVED								POINT(8.404296 49.009609)
1347	Karlsruhe	Marktplatz	de:08212:1:12:12	49.009521	8.405527	bus	NO_MATCH_AND_SEEMS_UNSERVED								POINT(8.405527 49.009521)
1348	Karlsruhe	Marktplatz	de:08212:1:1:1	49.009585	8.404611	tram	NO_MATCH_AND_SEEMS_UNSERVED								POINT(8.404611 49.009585)
1349	Karlsruhe	Marktplatz	de:08212:1:2:2	49.009515	8.405563	tram	NO_MATCH_AND_SEEMS_UNSERVED								POINT(8.405563 49.009515)
1350	Karlsruhe	Marktplatz (Hebelstr. )	de:08212:70:0:11	49.008012	8.403838		NO_MATCH_AND_SEEMS_UNSERVED								POINT(8.403838 49.008012)
1351	Karlsruhe	Marktplatz Abstell	de:08212:21:11:11	49.009603	8.404036	bus	NO_MATCH_AND_SEEMS_UNSERVED								POINT(8.404036 49.009603)
1352	Karlsruhe	Marktplatz Abstell	de:08212:21:11:12	49.009568	8.404027	bus	NO_MATCH_AND_SEEMS_UNSERVED								POINT(8.404027 49.009568)
1353	Karlsruhe	Marktplatz Abstell	de:08212:21:1:1	49.009603	8.404126		NO_MATCH_AND_SEEMS_UNSERVED								POINT(8.404126 49.009603)
1354	Karlsruhe	Marktplatz Abstell	de:08212:21:1:2	49.009568	8.404126		NO_MATCH_AND_SEEMS_UNSERVED								POINT(8.404126 49.009568)
1355	Karlsruhe	Marylandschule	de:08212:91023:0:1	49.026446	8.387543		NO_MATCH_AND_SEEMS_UNSERVED								POINT(8.387543 49.026446)
1356	Karlsruhe	Mathystraße	de:08212:62:1:1	49.002172	8.394325	tram	MATCHED_THOUGH_REVERSED_DIR	n1585160306	78.4	1.0	Mathystraße	17,3,4	Karlsruhe Mathystraße / KA Karlstor/Bundesgerichtshof	Otto-Sachs-Straße	LINESTRING(8.394325 49.002172,8.3934998 49.002622)
1357	Karlsruhe	Mathystraße	de:08212:62:21:21	49.00186	8.394289		NO_MATCH_AND_SEEMS_UNSERVED								POINT(8.394289 49.00186)
1358	Karlsruhe	Mathystraße	de:08212:62:22:22	49.001677	8.394208		NO_MATCH_AND_SEEMS_UNSERVED								POINT(8.394208 49.001677)
1359	Karlsruhe	Mathystraße	de:08212:62:2:2	49.001884	8.394244	tram	MATCHED_THOUGH_REVERSED_DIR	n1585160200	81.5	1.0	Mathystraße	17,3,4	Karlsruhe Kolpingplatz	Mathystraße / Karlstor/Bundesgerichtshof	LINESTRING(8.394244 49.001884,8.3937913 49.0025538)
1360	Karlsruhe	Mathystraße	de:08212:62:3:3	49.002656	8.393229	tram	MATCHED_THOUGH_REVERSED_DIR	n1587601553	101.1	1.0	Mathystraße	17,2,3,4,5,E,NL2	Karlsruhe Otto-Sachs-Straße	Mathystraße / Karlstor/Bundesgerichtshof	LINESTRING(8.393229 49.002656,8.3943169 49.0020954)
1361	Karlsruhe	Mathystraße	de:08212:62:4:4	49.002561	8.393813	tram	MATCHED_THOUGH_REVERSED_DIR	n1587601550	85.0	1.0	Mathystraße	17,2,3,4,5,E,NL2	KA Karlstor/Bundesgerichtshof / Karlsruhe Mathystraße / Karlsruhe Konzerthaus / Karlsruhe Konzerthaus	Kolpingplatz	LINESTRING(8.393813 49.002561,8.3942416 49.001850000000005)
1362	Karlsruhe	Maxau	de:08212:1700:1:1	49.035982	8.307835	train	MATCHED	n3213687296	52.5	0.38	Maxau	S5,S51	Maximiliansau Eisenbahnstraße	Maximiliansau Eisenbahnstraße	LINESTRING(8.307835 49.035982,8.307130200000001 49.0360717)
1363	Karlsruhe	Maxau	de:08212:1700:2:2	49.036017	8.30709	train	MATCHED	n3244816171	34.2	0.46	Maxau	S5,S51	Knielingen Rheinbergstraße	Rheinbergstraße	LINESTRING(8.30709 49.036017,8.3066291 49.0360711)
1364	Karlsruhe	Messe (Messe-Express)	de:08212:211:0:1	48.981713	8.328604	bus	MATCHED	n9950508131	35.4	0.46	Messe	106,M	Karlsruhe Ebertstraße / Forchheim Messering Mitte	Ebertstraße	LINESTRING(8.328604 48.981713,8.328378500000001 48.98143150000001)
1365	Karlsruhe	Messe (Messe-Express)	de:08212:211:0:2	48.981689	8.328631		NO_MATCH_AND_SEEMS_UNSERVED								POINT(8.328631 48.981689)
1366	Karlsruhe	Messe (Messe-Express)	de:08212:211:0:3	48.978841	8.327913	bus	NO_MATCH_AND_SEEMS_UNSERVED								POINT(8.327913 48.978841)
1367	Karlsruhe	Messe Ost (Messe-Express)	de:08212:224:0:1	48.980044	8.331991		NO_MATCH_AND_SEEMS_UNSERVED								POINT(8.331991 48.980044)
1368	Karlsruhe	Messe Ost (Messe-Express)	de:08212:224:0:2	48.980274	8.331883		NO_MATCH_AND_SEEMS_UNSERVED								POINT(8.331883 48.980274)
1369	Karlsruhe	Messe P3	de:08212:225:0:1	48.979826	8.332476		NO_MATCH_AND_SEEMS_UNSERVED								POINT(8.332476 48.979826)
1370	Karlsruhe	Messplatz	de:08212:91044:0:1	49.005508	8.434372		NO_MATCH_AND_SEEMS_UNSERVED								POINT(8.434372 49.005508)
1371	Karlsruhe	Michelinstraße	de:08212:91054:0:1	49.007046	8.352293		NO_MATCH_AND_SEEMS_UNSERVED								POINT(8.352293 49.007046)
1372	Karlsruhe	Mühlburg	de:08212:32587:1:1	49.0149	8.350937	train	MATCHED	n1900264262	23.2	0.51	Karlsruhe-Mühlburg	RB51,RB52,RB54,RB55,RE6,S3,S52	Karlsruhe-Knielingen / Karlsruhe-Knielingen / Wörth (Rhein)	Karlsruhe-Knielingen	LINESTRING(8.350937 49.0149,8.3510568 49.014706800000006)
1373	Karlsruhe	Mühlburg	de:08212:32587:2:2	49.014352	8.351179	train	MATCHED	n1744412154	16.6	0.57	Karlsruhe-Mühlburg	RB51,RB52,RE6,S3,S52	Karlsruhe Hauptbahnhof / Karlsruhe Hauptbahnhof / Karlsruhe Westbahnhof	Karlsruhe West	LINESTRING(8.351179 49.014352,8.3511162 49.014495700000005)
1374	Karlsruhe	Mühlburg West	de:08212:103:1:1	49.020479	8.350568	tram	MATCHED	n28783859	13.9	1.0	Mühlburg West			Siemens	LINESTRING(8.350568 49.020479,8.350678400000001 49.0203775)
1375	Karlsruhe	Mühlburg West	de:08212:103:21:21	49.02045	8.350784	bus	NO_MATCH_AND_SEEMS_UNSERVED								POINT(8.350784 49.02045)
1376	Karlsruhe	Mühlburg West	de:08212:103:22:22	49.020426	8.35073	bus	NO_MATCH_AND_SEEMS_UNSERVED								POINT(8.35073 49.020426)
1377	Karlsruhe	Mühlburg West	de:08212:103:2:2	49.020167	8.350847	tram	MATCHED	n1158335330	1.3	1.0	Mühlburg West			Starckstraße	LINESTRING(8.350847 49.020167,8.3508493 49.020155300000006)
1378	Karlsruhe	Mühlburger Feld	de:08212:503:1:1	49.007847	8.363818	tram	MATCHED	n31235991	0.9	1.0	Mühlburger Feld	5,E	Karlsruhe Entenfang	Entenfang	LINESTRING(8.363818 49.007847,8.363829500000001 49.0078435)
1379	Karlsruhe	Mühlburger Feld	de:08212:503:2:2	49.007523	8.364474	tram	MATCHED	n1132436340	11.2	1.0	Mühlburger Feld	5	Karlsruhe Kühler Krug	Kühler Krug	LINESTRING(8.364474 49.007523,8.364598500000001 49.007464500000005)
1380	Karlsruhe	Mühlburger Tor	de:08212:39:1:1a	49.010617	8.382764	tram	MATCHED	n3170124330	0.8	1.0	Mühlburger Tor	1,2,3,4,5,E,NL2,S2	Karlsruhe Yorckstraße / Karlsruhe Yorckstraße / Karlsruhe Schillerstraße	Yorckstraße / Schillerstraße	LINESTRING(8.382764 49.010617,8.382755000000001 49.0106125)
1381	Karlsruhe	Mühlburger Tor	de:08212:39:21:21	49.010805	8.382692	bus	NO_MATCH_AND_SEEMS_UNSERVED								POINT(8.382692 49.010805)
1382	Karlsruhe	Mühlburger Tor	de:08212:39:22:22	49.010487	8.382261	bus	NO_MATCH_AND_SEEMS_UNSERVED								POINT(8.382261 49.010487)
1383	Karlsruhe	Mühlburger Tor	de:08212:39:2:2a	49.010552	8.383653	tram	MATCHED	n1637996711	7.4	1.0	Mühlburger Tor	1,2,3,4,5,E,NL2,S2	Karlsruhe Kaiserplatz / Karlsruhe Europaplatz / KA Europaplatz (U) / Karlsruhe Mühlburger Tor	Europaplatz (U) / Mühlburger Tor (Grashofstraße) / Europaplatz (Kaiserstraße) / Marktplatz (Kaiserstraße U)	LINESTRING(8.383653 49.010552,8.3837521 49.0105391)
1384	Karlsruhe	Mühlburger Tor	de:08212:39:3:3	49.011353	8.384623	tram	MATCHED	n2287858743	3.5	1.0	Mühlburger Tor (Grashofstraße)	1,E,NL1	KA Kunstakademie/Hochschule	Kunstakademie / Hochschule Karlsruhe	LINESTRING(8.384623 49.011353,8.3846229 49.0113217)
1385	Karlsruhe	Mühlburger Tor	de:08212:39:4:4	49.010911	8.384534	tram	MATCHED	n2287858747	5.4	1.0	Mühlburger Tor (Grashofstraße)	1,E,NL1	Karlsruhe Mühlburger Tor / KA Europaplatz (U)	Mühlburger Tor / Europaplatz (U)	LINESTRING(8.384534 49.010911,8.3845439 49.010958800000004)
1386	Karlsruhe	Mühlburger Tor	de:08212:39:91:1b	49.01067	8.381677	tram	MATCHED	n2287858756	0.9	1.0	Mühlburger Tor			Yorckstraße	LINESTRING(8.381677 49.01067,8.381672 49.0106629)
1387	Karlsruhe	Mühlburger Tor	de:08212:39:92:2b	49.010593	8.382638	tram	MATCHED	n2287858751	6.6	1.0	Mühlburger Tor			Europaplatz (Kaiserstraße) / Europaplatz (U)	LINESTRING(8.382638 49.010593,8.3825477 49.0105907)
1388	Karlsruhe	Naturkundemuseum	de:08212:14:0:1	49.007788	8.400784		NO_MATCH_AND_SEEMS_UNSERVED								POINT(8.400784 49.007788)
1389	Karlsruhe	Naturkundemuseum	de:08212:14:0:11	49.0078	8.400784		NO_MATCH_AND_SEEMS_UNSERVED								POINT(8.400784 49.0078)
1390	Karlsruhe	Naturkundemuseum	de:08212:8581:0:21	49.007936	8.400362	bus	NO_MATCH_AND_SEEMS_UNSERVED								POINT(8.400362 49.007936)
1391	Karlsruhe	Naturkundemuseum	de:08212:8581:0:A	49.007936	8.400362	bus	NO_MATCH_AND_SEEMS_UNSERVED								POINT(8.400362 49.007936)
1392	Karlsruhe	Neckarplatz	de:08212:5203:0:1	48.987325	8.394065	bus	MATCHED	n392129732	3.2	0.85	Neckarplatz	52,ALT52	Karlsruhe Weiherhof	Weiherhof	LINESTRING(8.394065 48.987325,8.3940611 48.9873537)
1393	Karlsruhe	Neckarplatz	de:08212:5203:0:2	48.987567	8.394361	bus	MATCHED	n392129731	5.1	0.79	Neckarplatz	52,ALT52	Karlsruhe Stephanienbad	Stephanienbad	LINESTRING(8.394361 48.987567,8.394355800000001 48.9875217)
1394	Karlsruhe	Neckarplatz	de:08212:5203:0:3	48.986683	8.393849	bus	NO_MATCH_AND_SEEMS_UNSERVED								POINT(8.393849 48.986683)
1395	Karlsruhe	Neue-Anlage Straße	de:08212:5006:0:1	48.989919	8.384417	bus	MATCHED	n25242286	3.2	0.82	Neue Anlage Straße	50,51,NL14	Karlsruhe Grünwinkler Straße	Grünwinkler Straße	LINESTRING(8.384417 48.989919,8.384421300000001 48.989947900000004)
1396	Karlsruhe	Neue-Anlage Straße	de:08212:5006:0:2	48.990567	8.38483	bus	MATCHED	n25242285	4.9	0.77	Neue Anlage Straße	50,51,ALT50,NL14	Karlsruhe Breite Straße	Breite Straße	LINESTRING(8.38483 48.990567,8.384858600000001 48.990606500000005)
1397	Karlsruhe	Neue-Anlage Straße	de:08212:5006:0:3	48.990314	8.384408		NO_MATCH_AND_SEEMS_UNSERVED								POINT(8.384408 48.990314)
1398	Karlsruhe	Neue-Anlage Straße	de:08212:5006:0:4	48.990326	8.384381		NO_MATCH_AND_SEEMS_UNSERVED								POINT(8.384381 48.990326)
1399	Karlsruhe	Neue-Anlage Straße	de:08212:5006:0:C	48.990361	8.384192	bus	NO_MATCH_BUT_OTHER_PLATFORM_MATCHED					50	Karlsruhe Grünwinkler Straße		POINT(8.384192 48.990361)
1400	Karlsruhe	Neureut Adolf-Ehrmann-Bad	de:08212:1114:1:1	49.05085	8.385279		MATCHED	n1734297261	10.6	0.35	Adolf-Ehrmann-Bad			Neureut Kirchfeld	LINESTRING(8.385279 49.05085,8.3851659 49.0507902)
1401	Karlsruhe	Neureut Adolf-Ehrmann-Bad	de:08212:1114:2:2	49.050403	8.384435		MATCHED	n25346140	16.6	0.27	Adolf-Ehrmann-Bad			Bärenweg	LINESTRING(8.384435 49.050403,8.384598800000001 49.050506500000004)
1402	Karlsruhe	Neureut Adolf-Ehrmann-Bad	de:08212:1114:3:11	49.050556	8.385055		NO_MATCH_AND_SEEMS_UNSERVED								POINT(8.385055 49.050556)
1403	Karlsruhe	Neureut Adolf-Ehrmann-Bad	de:08212:1114:3:12	49.050567	8.384956		NO_MATCH_AND_SEEMS_UNSERVED								POINT(8.384956 49.050567)
1404	Karlsruhe	Neureut Alte Kreisstraße	de:08212:7306:0:1	49.040411	8.392852	bus	MATCHED	n25346770	8.0	0.67	Alte Kreisstraße	73	Neureut Am Hubengut	Am Hubengut	LINESTRING(8.392852 49.040411,8.3929065 49.040473500000004)
1405	Karlsruhe	Neureut Alte Kreisstraße	de:08212:7306:0:2	49.040381	8.39296	bus	MATCHED	n25346769	9.0	0.65	Alte Kreisstraße	73	Karlsruhe Weißes Haus	Weißes Haus	LINESTRING(8.39296 49.040381,8.3928477 49.04041470000001)
1406	Karlsruhe	Neureut Am Bachkanal	de:08212:7111:0:1	49.06373	8.373538	bus	MATCHED	n4017983421	13.7	0.35	Am Bachkanal	71	Neureut Friedhof	Am Zinken	LINESTRING(8.373538 49.06373,8.3733508 49.0637223)
1407	Karlsruhe	Neureut Am Bachkanal	de:08212:7111:0:2	49.063824	8.373107	bus	MATCHED	n26980686	4.5	0.66	Am Bachkanal	71	Neureut Dammweg	Dammweg	LINESTRING(8.373107 49.063824,8.3731653 49.063837400000004)
1408	Karlsruhe	Neureut Am Baufeld	de:08212:7308:0:1	49.039557	8.393966	bus	NO_MATCH_AND_SEEMS_UNSERVED								POINT(8.393966 49.039557)
1409	Karlsruhe	Neureut Am Hubengut	de:08212:7307:0:1	49.042218	8.390516	bus	MATCHED	n25346772	12.9	0.59	Am Hubengut	73	Neureut Spöcker Straße	Spöcker Straße	LINESTRING(8.390516 49.042218,8.3906648 49.0422808)
1410	Karlsruhe	Neureut Am Hubengut	de:08212:7307:0:2	49.042248	8.39057	bus	MATCHED	n25346771	10.2	0.63	Am Hubengut	73	Neureut Alte Kreisstraße	Alte Kreisstraße	LINESTRING(8.39057 49.042248,8.390489200000001 49.0421728)
1411	Karlsruhe	Neureut Am Hubengut	de:08212:7307:0:3	49.042937	8.389483		NO_MATCH_AND_SEEMS_UNSERVED								POINT(8.389483 49.042937)
1412	Karlsruhe	Neureut Am Zinken	de:08212:7110:0:1	49.05835	8.380797	bus	NO_MATCH_BUT_OTHER_PLATFORM_MATCHED					71	Neureut Kirche		POINT(8.380797 49.05835)
1413	Karlsruhe	Neureut Am Zinken	de:08212:7110:0:2	49.05845	8.380814	bus	MATCHED	n1380532094	7.0	0.45	Am Zinken			Neureut Kirche	LINESTRING(8.380814 49.05845,8.380722200000001 49.0584336)
1414	Karlsruhe	Neureut An der Trift	de:08212:7204:0:1	49.045922	8.394235	bus	MATCHED	n25346149	3.1	0.78	An der Trift	72,73	Neureut Moldaustraße	Moldaustraße	LINESTRING(8.394235 49.045922,8.3942768 49.045917300000006)
1415	Karlsruhe	Neureut An der Trift	de:08212:7204:0:2	49.045769	8.393481	bus	MATCHED	n25346148	1.8	0.82	An der Trift	72,73	Neureut Spöcker Straße	Spöcker Straße	LINESTRING(8.393481 49.045769,8.3934595 49.045776800000006)
1416	Karlsruhe	Neureut Bachenweg	de:08212:7105:0:1	49.05042	8.37529	bus	MATCHED	n4017983426	21.5	0.43	Bachenweg	71	Neureut Waldenserkirche	Waldenserkirche	LINESTRING(8.37529 49.05042,8.3750639 49.050296900000006)
1417	Karlsruhe	Neureut Bachenweg	de:08212:7105:0:2	49.050214	8.37502	bus	MATCHED	n26086170	9.9	0.54	Bachenweg	71	Neureut Mitteltorstraße	Mitteltorstraße	LINESTRING(8.37502 49.050214,8.3751522 49.050233500000004)
1418	Karlsruhe	Neureut Blankenlocher Weg	de:08212:7020:1:1	49.053493	8.399715	bus	MATCHED	n428141638	17.9	0.53	Blankenlocher Weg	72,73	Neureut Kirchfeld Fortuna	Kirchfeld Fortuna	LINESTRING(8.399715 49.053493,8.399953700000001 49.0534553)
1419	Karlsruhe	Neureut Blankenlocher Weg	de:08212:7020:1:2	49.053623	8.399113	bus	MATCHED	n428141641	5.5	0.71	Blankenlocher Weg	72,73	Neureut Forlenweg	Forlenweg	LINESTRING(8.399113 49.053623,8.3991687 49.0536557)
1420	Karlsruhe	Neureut Bärenweg	de:08212:1111:1:1	49.047023	8.378569		MATCHED	n1733435188	6.8	0.39	Bärenweg			Adolf-Ehrmann-Bad	LINESTRING(8.378569 49.047023,8.3785162 49.046972100000005)
1421	Karlsruhe	Neureut Bärenweg	de:08212:1111:21:23	49.04836	8.381165		NO_MATCH_AND_SEEMS_UNSERVED								POINT(8.381165 49.04836)
1422	Karlsruhe	Neureut Bärenweg	de:08212:1111:21:24	49.04823	8.380877		NO_MATCH_AND_SEEMS_UNSERVED								POINT(8.380877 49.04823)
1423	Karlsruhe	Neureut Bärenweg	de:08212:1111:2:2	49.047182	8.378784		MATCHED	n428117786	3.1	0.5	Bärenweg			Welschneureuter Straße	LINESTRING(8.378784 49.047182,8.378824400000001 49.047189)
1424	Karlsruhe	Neureut Bärenweg	de:08212:1111:3:3	49.047194	8.379144	bus	MATCHED	n4017983427	1.7	0.73	Bärenweg	71,72	Neureut Mitteltorstraße	Mitteltorstraße	LINESTRING(8.379144 49.047194,8.3791581 49.047181300000005)
1425	Karlsruhe	Neureut Bärenweg	de:08212:1111:3:4	49.047117	8.378847	bus	MATCHED	w184009883	7.4	0.6	Bärenweg	72	Neureut Grünewaldstraße	Grünewaldstraße	LINESTRING(8.378847 49.047117,8.378924056251792 49.047160853515855)
1426	Karlsruhe	Neureut Bärenweg	de:08212:1111:3:5	49.046929	8.378605		MATCHED	n428117791	30.1	0.17	Bärenweg				LINESTRING(8.378605 49.046929,8.3788769 49.047131900000004)
1427	Karlsruhe	Neureut Dammweg	de:08212:7113:0:1	49.064036	8.370358	bus	MATCHED	n26980693	4.5	0.44	Dammweg	71	Neureut Am Bachkanal	Am Bachkanal	LINESTRING(8.370358 49.064036,8.3703123 49.064009500000004)
1428	Karlsruhe	Neureut Dammweg	de:08212:7113:0:2	49.064172	8.370017	bus	MATCHED	n4017983429	3.5	0.47	Dammweg	71	Neureut Im Kleinen Bruch	Im kleinen Bruch	LINESTRING(8.370017 49.064172,8.3700645 49.0641746)
1429	Karlsruhe	Neureut Donauschwabenstraße	de:08212:7206:0:1	49.051415	8.396014	bus	MATCHED	n25346175	2.9	0.8	Donauschwabenstraße	72,73	Neureut Forlenweg	Forlenweg	LINESTRING(8.396014 49.051415,8.3960506 49.0514262)
1430	Karlsruhe	Neureut Donauschwabenstraße	de:08212:7206:0:2	49.051209	8.396041	bus	MATCHED	n25346176	7.6	0.69	Donauschwabenstraße	72,73	Neureut Moldaustraße	Moldaustraße	LINESTRING(8.396041 49.051209,8.395936800000001 49.051209300000004)
1431	Karlsruhe	Neureut Flughafenstraße	de:08212:7012:0:1	49.036147	8.380527	bus	MATCHED	n335976178	0.7	0.82	Flughafenstraße	70,ALT70	KA Kaiserslauterner Straße		LINESTRING(8.380527 49.036147,8.3805256 49.036140700000004)
1432	Karlsruhe	Neureut Flughafenstraße	de:08212:7012:0:11	49.035676	8.379745	bus	MATCHED	w839885143	74.9	0.16	Flughafenstraße			Kaiserslauterner Straße	LINESTRING(8.379745 49.035676,8.380499022749103 49.03613181718175)
1433	Karlsruhe	Neureut Flughafenstraße	de:08212:7012:0:12	49.035605	8.379772	bus	NO_MATCH_AND_SEEMS_UNSERVED								POINT(8.379772 49.035605)
1434	Karlsruhe	Neureut Flughafenstraße	de:08212:7012:0:2	49.036135	8.380644	bus	MATCHED	n335976182	23.0	0.5	Flughafenstraße	70	Neureut Rosmarinweg	Rosmarinweg	LINESTRING(8.380644 49.036135,8.3808893 49.036265)
1435	Karlsruhe	Neureut Forlenweg	de:08212:7207:0:1	49.052964	8.395646	bus	MATCHED	n25346170	21.0	0.45	Forlenweg	72,73	Neureut Blankenlocher Weg	Blankenlocher Weg	LINESTRING(8.395646 49.052964,8.3957229 49.0527822)
1436	Karlsruhe	Neureut Forlenweg	de:08212:7207:0:2	49.052775	8.395637	bus	MATCHED	n25346169	2.4	0.72	Forlenweg	72,73	Neureut Donauschwabenstraße	Donauschwabenstraße	LINESTRING(8.395637 49.052775,8.3956061 49.052782)
1437	Karlsruhe	Neureut Forlenweg	de:08212:7207:0:3	49.053211	8.395259		NO_MATCH_AND_SEEMS_UNSERVED								POINT(8.395259 49.053211)
1438	Karlsruhe	Neureut Forlenweg	de:08212:7207:0:4	49.053382	8.39499		NO_MATCH_AND_SEEMS_UNSERVED								POINT(8.39499 49.053382)
1439	Karlsruhe	Neureut Forlenweg	de:08212:7207:0:C	49.053211	8.395259		NO_MATCH_AND_SEEMS_UNSERVED								POINT(8.395259 49.053211)
1440	Karlsruhe	Neureut Forlenweg	de:08212:7207:0:D	49.053382	8.39499		NO_MATCH_AND_SEEMS_UNSERVED								POINT(8.39499 49.053382)
1441	Karlsruhe	Neureut Friedhof	de:08212:7109:0:1	49.057879	8.384992	bus	MATCHED	n26084981	6.2	0.76	Neureut Friedhof	71,72	Neureut Kirche / Neureut Am Zinken	Neureut Kirche	LINESTRING(8.384992 49.057879,8.3850347 49.0579277)
1442	Karlsruhe	Neureut Friedhof	de:08212:7109:0:2	49.057332	8.384605	bus	MATCHED	n26084982	3.9	0.83	Neureut Friedhof	71,72	Neureut Am Bachkanal / Neureut Friedhof	Am Bachkanal / Am Zinken	LINESTRING(8.384605 49.057332,8.384616900000001 49.057298200000005)
1443	Karlsruhe	Neureut Friedhof	de:08212:7109:0:3	49.05785	8.384255		NO_MATCH_AND_SEEMS_UNSERVED								POINT(8.384255 49.05785)
1444	Karlsruhe	Neureut Großschneidersweg	de:08212:7102:0:1	49.043054	8.368795	bus	NO_MATCH_AND_SEEMS_UNSERVED								POINT(8.368795 49.043054)
1445	Karlsruhe	Neureut Großschneidersweg	de:08212:7102:0:2	49.043084	8.368885	bus	NO_MATCH_AND_SEEMS_UNSERVED								POINT(8.368885 49.043084)
1446	Karlsruhe	Neureut Grünewaldstraße	de:08212:7202:0:1	49.045569	8.381605	bus	MATCHED	n349176551	2.8	0.78	Grünewaldstraße	72	Neureut Spöcker Straße	Spöcker Straße	LINESTRING(8.381605 49.045569,8.3816439 49.045568900000006)
1447	Karlsruhe	Neureut Grünewaldstraße	de:08212:7202:0:2	49.045622	8.381551	bus	MATCHED	n4017983432	2.4	0.79	Grünewaldstraße	72	Neureut Bärenweg	Bärenweg	LINESTRING(8.381551 49.045622,8.3815731 49.045605900000005)
1448	Karlsruhe	Neureut Holbeinstraße	de:08212:7210:0:2	49.046788	8.382701	bus	MATCHED	n349034390	4.1	0.74	Holbeinstraße	72	Neureut Bärenweg	Bärenweg	LINESTRING(8.382701 49.046788,8.382748600000001 49.0468077)
1449	Karlsruhe	Neureut Holbeinstraße	de:08212:7210:0:22	49.046717	8.382737		NO_MATCH_AND_SEEMS_UNSERVED								POINT(8.382737 49.046717)
1450	Karlsruhe	Neureut Im Kleinen Bruch	de:08212:7112:0:1	49.06682	8.369684	bus	MATCHED	n26980694	7.8	0.48	Im kleinen Bruch	71	Neureut Dammweg	Dammweg	LINESTRING(8.369684 49.06682,8.3697312 49.066757)
1451	Karlsruhe	Neureut Kirche	de:08212:7108:0:1	49.053853	8.380392	bus	MATCHED	n1820406314	1.9	0.89	Neureut Kirche	71,72	Neureut Mitteltorstraße	Mitteltorstraße	LINESTRING(8.380392 49.053853,8.380366 49.0538527)
1452	Karlsruhe	Neureut Kirche	de:08212:7108:0:2	49.054006	8.38059	bus	MATCHED	n1820406313	6.4	0.76	Neureut Kirche	71,72	Neureut Friedhof	Neureut Friedhof	LINESTRING(8.38059 49.054006,8.380612600000001 49.0539506)
1453	Karlsruhe	Neureut Kirchfeld	de:08212:1115:1:1	49.053005	8.389079	trainish	MATCHED	n1708764914	28.0	0.32	Neureut Kirchfeld			Eggenstein Süd	LINESTRING(8.389079 49.053005,8.3887782 49.052848700000006)
1454	Karlsruhe	Neureut Kirchfeld	de:08212:1115:1:11	49.052675	8.390265		NO_MATCH_AND_SEEMS_UNSERVED								POINT(8.390265 49.052675)
1455	Karlsruhe	Neureut Kirchfeld	de:08212:1115:1:12	49.052563	8.390067		NO_MATCH_AND_SEEMS_UNSERVED								POINT(8.390067 49.052563)
1456	Karlsruhe	Neureut Kirchfeld	de:08212:1115:2:2	49.052634	8.388315	trainish	MATCHED	n1708764910	1.5	0.84	Neureut Kirchfeld			Adolf-Ehrmann-Bad	LINESTRING(8.388315 49.052634,8.3883319 49.0526424)
1457	Karlsruhe	Neureut Kirchfeld	de:08212:1115:5:5	49.053411	8.390786		NO_MATCH_AND_SEEMS_UNSERVED								POINT(8.390786 49.053411)
1458	Karlsruhe	Neureut Kirchfeld Fortuna	de:08212:7023:1:1	49.056572	8.400218	bus	MATCHED	w762507117	5.3	0.77	Kirchfeld Fortuna	72,73	Neureut Kirchfeld Nord	Kirchfeld Nord	LINESTRING(8.400218 49.056572,8.400287606710979 49.05658407806057)
1459	Karlsruhe	Neureut Kirchfeld Fortuna	de:08212:7023:1:2	49.056425	8.400236	bus	MATCHED	w762507116	5.3	0.77	Kirchfeld Fortuna	72,73	Neureut Blankenlocher Weg	Blankenlocher Weg	LINESTRING(8.400236 49.056425,8.400169252783954 49.0564431058629)
1460	Karlsruhe	Neureut Kirchfeld Nord	de:08212:7024:11:1	49.058615	8.39985	bus	MATCHED_THOUGH_REVERSED_DIR	n1896511894	1.0	0.72	Kirchfeld Nord	72,73	Neureut Kirchfeld Nord	Kirchfeld Fortuna	LINESTRING(8.39985 49.058615,8.3998389 49.0586198)
1461	Karlsruhe	Neureut Kirchfeld Nord	de:08212:7024:11:2	49.058621	8.399967	bus	MATCHED_THOUGH_REVERSED_DIR	n4017983436	2.7	0.61	Kirchfeld Nord	72,73	Neureut Kirchfeld Fortuna		LINESTRING(8.399967 49.058621,8.3999884 49.058641200000004)
1462	Karlsruhe	Neureut Kirchfeld Nord	de:08212:7024:11:3	49.059327	8.39976	bus	NO_MATCH_AND_SEEMS_UNSERVED								POINT(8.39976 49.059327)
1463	Karlsruhe	Neureut Kirchfeld Nord	de:08212:7024:12:3	49.059327	8.39976	bus	MATCHED_THOUGH_DISTANT	n60133933	314.7	0.05	Kirchfeld Fortuna	72,73	Neureut Kirchfeld Nord		LINESTRING(8.39976 49.059327,8.4002254 49.056513)
1464	Karlsruhe	Neureut Kirchfeld Schleife	de:08212:1117:1:2	49.053411	8.390786		NO_MATCH_AND_SEEMS_UNSERVED								POINT(8.390786 49.053411)
1465	Karlsruhe	Neureut Mitteltorstraße	de:08212:7107:0:1	49.052116	8.378191	bus	MATCHED	n1820406312	8.2	0.64	Mitteltorstraße	71,72	Neureut Bachenweg / Neureut Bärenweg	Bärenweg / Bachenweg	LINESTRING(8.378191 49.052116,8.378253200000001 49.052177300000004)
1466	Karlsruhe	Neureut Mitteltorstraße	de:08212:7107:0:2	49.052192	8.378389	bus	MATCHED	n1820406311	2.6	0.77	Mitteltorstraße	71,72	Neureut Kirche	Neureut Kirche	LINESTRING(8.378389 49.052192,8.3783887 49.052168400000006)
1467	Karlsruhe	Neureut Mitteltorstraße	de:08212:7107:0:3	49.05188	8.377895	bus	NO_MATCH_AND_SEEMS_UNSERVED								POINT(8.377895 49.05188)
1468	Karlsruhe	Neureut Moldaustraße	de:08212:7205:0:1	49.047394	8.396391	bus	MATCHED	n25346151	3.4	0.78	Moldaustraße	72,73	Neureut Donauschwabenstraße	Donauschwabenstraße	LINESTRING(8.396391 49.047394,8.396404500000001 49.0473651)
1469	Karlsruhe	Neureut Moldaustraße	de:08212:7205:0:2	49.047353	8.396239	bus	MATCHED	n25346152	16.8	0.55	Moldaustraße	72,73	Neureut An der Trift	An der Trift	LINESTRING(8.396239 49.047353,8.396054600000001 49.0472632)
1470	Karlsruhe	Neureut Rosmarinweg	de:08212:23:1:1	49.035635	8.385513	bus	MATCHED	w374740946	10.2	0.59	Rosmarinweg	70,71,ALT70	Neureut Welschneureuter Straße / Neureut Südschule / Neureut Flughafenstraße / Neureut Welschneureuter Straße	Welschneureuter Straße / Flughafenstraße	LINESTRING(8.385513 49.035635,8.38561265 49.0355708)
1471	Karlsruhe	Neureut Rosmarinweg	de:08212:23:1:2	49.035246	8.385917	bus	MATCHED	w374740943	7.3	0.63	Rosmarinweg	70,71	Karlsruhe Heidehof	Heidehof	LINESTRING(8.385917 49.035246,8.3858484 49.035294)
1472	Karlsruhe	Neureut Spöcker Straße	de:08212:7203:0:1	49.045004	8.390732	bus	MATCHED	n25346146	2.2	0.82	Spöcker Straße	72,73	Neureut An der Trift	An der Trift	LINESTRING(8.390732 49.045004,8.390752500000001 49.0449891)
1473	Karlsruhe	Neureut Spöcker Straße	de:08212:7203:0:2	49.04508	8.390507	bus	MATCHED	n25346147	1.2	0.85	Spöcker Straße	72,73	Neureut Grünewaldstraße / Neureut Am Hubengut / Neureut Holbeinstraße	Holbeinstraße / Grünewaldstraße / Am Hubengut	LINESTRING(8.390507 49.04508,8.390514000000001 49.045089600000004)
1474	Karlsruhe	Neureut Spöcker Straße	de:08212:7203:0:3	49.04647	8.392214	bus	MATCHED	w1069628611	196.3	0.06	Spöcker Straße				LINESTRING(8.392214 49.04647,8.390737600000001 49.04499435)
1475	Karlsruhe	Neureut Südschule	de:08212:7106:0:1	49.04541	8.370807	bus	MATCHED	n4017983443	27.0	0.26	Südschule	71	Neureut Welschneureuter Straße / Neureut Rosmarinweg / Neureut Welschneureuter Straße		LINESTRING(8.370807 49.04541,8.3709887 49.04562120000001)
1476	Karlsruhe	Neureut Südschule	de:08212:7106:0:A	49.045457	8.37237		NO_MATCH_AND_SEEMS_UNSERVED								POINT(8.37237 49.045457)
1477	Karlsruhe	Neureut Südschule	de:08212:7106:0:B	49.045545	8.372047	bus	NO_MATCH_BUT_OTHER_PLATFORM_MATCHED					71	Neureut Welschneureuter Straße		POINT(8.372047 49.045545)
1478	Karlsruhe	Neureut Unterfeldstraße	de:08212:7211:0:1	49.049272	8.381866	bus	NO_MATCH_AND_SEEMS_UNSERVED								POINT(8.381866 49.049272)
1479	Karlsruhe	Neureut Waldenserkirche	de:08212:7104:0:1	49.047382	8.371265	bus	MATCHED	n1820398765	1.9	0.77	Waldenserkirche	71	Neureut Welschneureuter Straße / Neureut Südschule	Welschneureuter Straße	LINESTRING(8.371265 49.047382,8.371259700000001 49.047365000000006)
1480	Karlsruhe	Neureut Waldenserkirche	de:08212:7104:0:2	49.046952	8.37087	bus	MATCHED	n1820398764	6.3	0.66	Waldenserkirche	71	Neureut Bachenweg	Bachenweg	LINESTRING(8.37087 49.046952,8.3709418 49.046983100000006)
1481	Karlsruhe	Neureut Waldenserkirche	de:08212:7104:0:3	49.046752	8.370655		NO_MATCH_AND_SEEMS_UNSERVED								POINT(8.370655 49.046752)
1482	Karlsruhe	Neureut Waldschule	de:08212:91036:0:1	49.047912	8.399383		NO_MATCH_AND_SEEMS_UNSERVED								POINT(8.399383 49.047912)
1483	Karlsruhe	Neureut Welschneureuter Straße	de:08212:1110:11:11	49.044697	8.373332	bus	MATCHED	n26084720	10.4	0.66	Welschneureuter Straße	71	Neureut Waldenserkirche	Waldenserkirche	LINESTRING(8.373332 49.044697,8.373443100000001 49.044638600000006)
1484	Karlsruhe	Neureut Welschneureuter Straße	de:08212:1110:12:12	49.044538	8.373457	bus	NO_MATCH_BUT_OTHER_PLATFORM_MATCHED					71	Neureut Rosmarinweg / Neureut Südschule		POINT(8.373457 49.044538)
1485	Karlsruhe	Neureut Welschneureuter Straße	de:08212:1110:1:1	49.044815	8.374706	tram	MATCHED	n1733298312	2.5	0.71	Welschneureuter Straße			Bärenweg	LINESTRING(8.374706 49.044815,8.3747308 49.0448309)
1486	Karlsruhe	Neureut Welschneureuter Straße	de:08212:1110:21:21	49.044468	8.374338	bus	NO_MATCH_BUT_OTHER_PLATFORM_MATCHED					71	Neureut Bärenweg		POINT(8.374338 49.044468)
1487	Karlsruhe	Neureut Welschneureuter Straße	de:08212:1110:22:22	49.044338	8.374032	bus	NO_MATCH_AND_SEEMS_UNSERVED								POINT(8.374032 49.044338)
1488	Karlsruhe	Neureut Welschneureuter Straße	de:08212:1110:2:2	49.044426	8.373942	tram	NO_MATCH_AND_SEEMS_UNSERVED								POINT(8.373942 49.044426)
1489	Karlsruhe	Neureut Welschneureuter Straße	de:08212:1110:3:3	49.04458	8.373385		MATCHED	n26084721	3.0	0.69	Welschneureuter Straße			Rosmarinweg	LINESTRING(8.373385 49.04458,8.3733436 49.044583)
1490	Karlsruhe	Neureut Welschneureuter Straße	de:08212:1110:3:4	49.044627	8.373376	bus	NO_MATCH_AND_SEEMS_UNSERVED								POINT(8.373376 49.044627)
1491	Karlsruhe	Neureut Welschneureuter Straße	de:08212:1110:4:11	49.044468	8.374338		MATCHED	n25345200	15.7	0.36	Welschneureuter Straße			Haus Bethlehem	LINESTRING(8.374338 49.044468,8.3742371 49.0445927)
1492	Karlsruhe	Neureut Welschneureuter Straße	de:08212:1110:4:12	49.044444	8.374185		NO_MATCH_AND_SEEMS_UNSERVED								POINT(8.374185 49.044444)
1493	Karlsruhe	Neureut-Heide	de:08212:13:1:1	49.036801	8.388208	tram	MATCHED	n25346776	36.3	1.0	Neureut-Heide	1,E,NL1	Neureut-Heide		LINESTRING(8.388208 49.036801,8.3881359 49.036478300000006)
1494	Karlsruhe	Neureut-Heide	de:08212:13:2:2	49.03617	8.387983	tram	MATCHED	n1734295081	3.8	1.0	Neureut-Heide	1,E,NL1	Karlsruhe Heidehof	Heidehof	LINESTRING(8.387983 49.03617,8.3879975 49.0361374)
1495	Karlsruhe	Neureuter Str. West	de:08212:9501:0:1	49.024774	8.355006		NO_MATCH_AND_SEEMS_UNSERVED								POINT(8.355006 49.024774)
1496	Karlsruhe	Neureuter Straße	de:08212:524:11:11	49.023489	8.357988	bus	MATCHED	n6404052086	6.8	0.75	Neureuter Straße	NL17	Knielingen Siemensallee	Siemensallee	LINESTRING(8.357988 49.023489,8.3580778 49.0234716)
1497	Karlsruhe	Neureuter Straße	de:08212:524:12:12	49.02336	8.357764	bus	NO_MATCH_AND_SEEMS_UNSERVED								POINT(8.357764 49.02336)
1498	Karlsruhe	Neureuter Straße	de:08212:524:1:1	49.023731	8.357333	tram	MATCHED	n1162700736	2.4	1.0	Neureuter Straße	2,E	Knielingen Siemensallee	Siemensallee	LINESTRING(8.357333 49.023731,8.3573046 49.023742000000006)
1499	Karlsruhe	Neureuter Straße	de:08212:524:2:2	49.023507	8.357683	tram	MATCHED	n89358554	11.4	1.0	Neureuter Straße	2,E	Karlsruhe Feierabendweg	Feierabendweg	LINESTRING(8.357683 49.023507,8.3575607 49.023570400000004)
1500	Karlsruhe	Neureuter Straße	de:08212:524:3:3	49.024155	8.357485	tram	MATCHED_THOUGH_OSM_NO_NAME	n145857120	11.7	1.0					LINESTRING(8.357485 49.024155,8.3573315 49.0241258)
1501	Karlsruhe	Novotel (Festplatz)	de:08212:90008:0:1	49.002921	8.401188		NO_MATCH_AND_SEEMS_UNSERVED								POINT(8.401188 49.002921)
1502	Karlsruhe	Novotel (Festplatz)	de:08212:90008:0:A	49.003982	8.40206		NO_MATCH_AND_SEEMS_UNSERVED								POINT(8.40206 49.003982)
1503	Karlsruhe	Novotel (Festplatz)	de:08212:90008:0:B	49.003781	8.402392		NO_MATCH_AND_SEEMS_UNSERVED								POINT(8.402392 49.003781)
1504	Karlsruhe	Nürnberger Straße	de:08212:5207:0:1	48.984372	8.3987	bus	MATCHED	n392129726	4.1	0.82	Nürnberger Straße	52,ALT52	Karlsruhe Dammerstock	Dammerstock	LINESTRING(8.3987 48.984372,8.3987099 48.984335400000006)
1505	Karlsruhe	Nürnberger Straße	de:08212:5207:0:2	48.984401	8.398421	bus	MATCHED	n392129727	5.2	0.79	Nürnberger Straße	52,ALT52	Karlsruhe Links der Alb	Links der Alb	LINESTRING(8.398421 48.984401,8.398485 48.9844207)
1506	Karlsruhe	Oberreut Albert-Braun-Straße	de:08212:608:11:11	48.98897	8.363504	bus	MATCHED	w158582315	6.2	0.56	Albert-Braun-Straße	50	Oberreut R.-Breitscheid-Staße	Rudolf-Breitscheid-Straße / Hardecksiedlung	LINESTRING(8.363504 48.98897,8.363440607292137 48.98900635912912)
1507	Karlsruhe	Oberreut Albert-Braun-Straße	de:08212:608:11:12	48.989088	8.363935	bus	MATCHED	w183559527	9.6	0.65	Albert-Braun-Straße	50,ALT50,SEV 14	Karlsruhe Hardecksiedlung	Hardecksiedlung	LINESTRING(8.363935 48.989088,8.363872400000002 48.9890123)
1508	Karlsruhe	Oberreut Albert-Braun-Straße	de:08212:608:1:1	48.988976	8.363225	tram	MATCHED	n1516245033	7.2	1.0	Albert-Braun-Straße	4,E,NL2	Oberreut Zentrum	Oberreut Zentrum	LINESTRING(8.363225 48.988976,8.363302800000001 48.9890163)
1509	Karlsruhe	Oberreut Albert-Braun-Straße	de:08212:608:2:2	48.989229	8.363773	tram	MATCHED	n1516245034	0.8	1.0	Albert-Braun-Straße	4,E,NL2	Karlsruhe Hardecksiedlung	Hardecksiedlung	LINESTRING(8.363773 48.989229,8.3637747 48.989222100000006)
1510	Karlsruhe	Oberreut B. -Lichtenberg-Straße	de:08212:5017:0:1	48.98719	8.36433	bus	MATCHED	n25675384	7.2	0.65	Bernhard-Lichtenberg-Straße	51	Oberreut R.-Breitscheid-Staße	Rudolf-Breitscheid-Straße	LINESTRING(8.36433 48.98719,8.364303900000001 48.9872528)
1511	Karlsruhe	Oberreut B. -Lichtenberg-Straße	de:08212:5017:0:2	48.987178	8.364312		NO_MATCH_AND_SEEMS_UNSERVED								POINT(8.364312 48.987178)
1512	Karlsruhe	Oberreut Badeniaplatz	de:08212:611:11:11	48.982632	8.36875	bus	MATCHED	n26128018	5.4	0.61	Badeniaplatz Steig A	51	Oberreut Eva-Maria-Buch-Straße	Eva-Maria-Buch-Straße	LINESTRING(8.36875 48.982632,8.3687697 48.982584900000006)
1513	Karlsruhe	Oberreut Badeniaplatz	de:08212:611:11:12	48.982338	8.36831	bus	NO_MATCH_AND_SEEMS_UNSERVED								POINT(8.36831 48.982338)
1514	Karlsruhe	Oberreut Badeniaplatz	de:08212:611:11:22	48.982326	8.369038	bus	MATCHED	n4810135510	2.9	0.78	Oberreut Badeniaplatz				LINESTRING(8.369038 48.982326,8.3690171 48.9823485)
1515	Karlsruhe	Oberreut Badeniaplatz	de:08212:611:12:12	48.982338	8.368355	bus	MATCHED	w158022616	9.8	0.57	Badeniaplatz	51	Bulach Friedhof	Bulach Friedhof	LINESTRING(8.368355 48.982338,8.3682324 48.9823025)
1516	Karlsruhe	Oberreut Badeniaplatz	de:08212:611:12:13	48.982385	8.36831	bus	NO_MATCH_BUT_OTHER_PLATFORM_MATCHED					SEV 14	Oberreut Wilhelm-Leuschner-Str.		POINT(8.36831 48.982385)
1517	Karlsruhe	Oberreut Badeniaplatz	de:08212:611:1:1	48.981954	8.368247	tram	MATCHED	n1516245035	23.6	1.0	Badeniaplatz				LINESTRING(8.368247 48.981954,8.3684604 48.981794300000004)
1518	Karlsruhe	Oberreut Badeniaplatz	de:08212:611:2:2	48.982255	8.368067	tram	MATCHED	n1516245098	1.2	1.0	Badeniaplatz	4,E,NL2	Oberreut Wilhelm-Leuschner-Str.	Wilhelm-Leuschner-Straße	LINESTRING(8.368067 48.982255,8.368051900000001 48.982250500000006)
1519	Karlsruhe	Oberreut Eugen-Geck-Straße	de:08212:5014:0:1	48.985103	8.356174	bus	MATCHED	n26128251	6.1	1.0	Eugen-Geck-Straße	50,51,ALT50	Oberreut Johanna-Kirchner-Str.	Johanna-Kirchner-Straße	LINESTRING(8.356174 48.985103,8.3561709 48.985048600000006)
1520	Karlsruhe	Oberreut Eva-Maria-Buch-Straße	de:08212:612:0:1	48.985745	8.367906	bus	MATCHED	n25675382	7.6	0.68	Eva-Maria-Buch-Straße	51	Oberreut B.-Lichtenberg-Straße	Bernhard-Lichtenberg-Straße	LINESTRING(8.367906 48.985745,8.368009200000001 48.9857451)
1521	Karlsruhe	Oberreut Eva-Maria-Buch-Straße	de:08212:612:0:2	48.985745	8.367897	bus	NO_MATCH_AND_SEEMS_UNSERVED								POINT(8.367897 48.985745)
1522	Karlsruhe	Oberreut Johanna-Kirchner-Str. 	de:08212:5013:0:1	48.985445	8.359497	bus	MATCHED	n633786267	4.5	0.65	Johanna-Kirchner-Straße	50,51	Oberreut Eugen-Geck-Straße	Eugen-Geck-Straße	LINESTRING(8.359497 48.985445,8.3594363 48.9854502)
1523	Karlsruhe	Oberreut Johanna-Kirchner-Str. 	de:08212:5013:0:2	48.985651	8.359722	bus	MATCHED	n633786266	4.9	0.64	Johanna-Kirchner-Straße	50,51,ALT50	Oberreut R.-Breitscheid-Staße	Rudolf-Breitscheid-Straße	LINESTRING(8.359722 48.985651,8.3597879 48.9856428)
1524	Karlsruhe	Oberreut R. -Breitscheid-Staße	de:08212:5012:0:1	48.986907	8.360728	bus	MATCHED	n633786271	4.3	0.69	Rudolf-Breitscheid-Straße	50,51	Oberreut Johanna-Kirchner-Str.	Johanna-Kirchner-Straße	LINESTRING(8.360728 48.986907,8.3607119 48.9869439)
1525	Karlsruhe	Oberreut R. -Breitscheid-Staße	de:08212:5012:0:2	48.987119	8.360998	bus	MATCHED	n633786274	4.8	0.67	Rudolf-Breitscheid-Straße	50,51,ALT50	Oberreut Albert-Braun-Straße / Oberreut Zentrum	Oberreut Zentrum / Albert-Braun-Straße	LINESTRING(8.360998 48.987119,8.3610532 48.9870955)
1526	Karlsruhe	Oberreut Realschule	de:08212:91006:12:12	48.993066	8.361366	bus	MATCHED	n25642383	11.7	0.52	Oberreut Realschule	83	Karlsruhe Edelbergstraße		LINESTRING(8.361366 48.993066,8.361208000000001 48.993050700000005)
1527	Karlsruhe	Oberreut Wilhelm-Leuschner-Str. 	de:08212:610:11:11	48.983658	8.364798	bus	NO_MATCH_BUT_OTHER_PLATFORM_MATCHED					SEV 14	Oberreut Zentrum		POINT(8.364798 48.983658)
1528	Karlsruhe	Oberreut Wilhelm-Leuschner-Str. 	de:08212:610:11:12	48.983658	8.364798	bus	MATCHED	n635945392	3.9	0.55	Wilhelm-Leuschner-Straße				LINESTRING(8.364798 48.983658,8.3648519 48.983656200000006)
1529	Karlsruhe	Oberreut Wilhelm-Leuschner-Str. 	de:08212:610:12:12	48.983405	8.365283	bus	MATCHED	n4016643244	4.8	0.67	Wilhelm-Leuschner-Straße	51	Oberreut Badeniaplatz	Badeniaplatz	LINESTRING(8.365283 48.983405,8.3652168 48.9834055)
1530	Karlsruhe	Oberreut Wilhelm-Leuschner-Str. 	de:08212:610:1:1	48.983334	8.365202	tram	MATCHED	n1516246112	1.3	1.0	Wilhelm-Leuschner-Straße	4,E,NL2	Oberreut Badeniaplatz	Badeniaplatz	LINESTRING(8.365202 48.983334,8.365185700000001 48.983339300000004)
1531	Karlsruhe	Oberreut Wilhelm-Leuschner-Str. 	de:08212:610:2:2	48.983652	8.364528	tram	MATCHED	n1516246113	2.1	1.0	Wilhelm-Leuschner-Straße	4,E,NL2	Oberreut Zentrum	Oberreut Zentrum	LINESTRING(8.364528 48.983652,8.3645517 48.9836407)
1532	Karlsruhe	Oberreut Zentrum	de:08212:609:11:11	48.985987	8.362489	bus	MATCHED	n6399335523	2.8	0.79	Oberreut Zentrum	SEV 14	Oberreut Albert-Braun-Straße		LINESTRING(8.362489 48.985987,8.362524800000001 48.9859969)
1533	Karlsruhe	Oberreut Zentrum	de:08212:609:11:12	48.985987	8.362489	bus	MATCHED	n4016643242	47.3	0.24	Oberreut Zentrum				LINESTRING(8.362489 48.985987,8.362372800000001 48.9855681)
1534	Karlsruhe	Oberreut Zentrum	de:08212:609:12:12	48.985515	8.362426	bus	MATCHED	w158586511	6.7	0.75	Oberreut Zentrum	51	Oberreut Wilhelm-Leuschner-Str.	Wilhelm-Leuschner-Straße	LINESTRING(8.362426 48.985515,8.36240385 48.98557340000001)
1535	Karlsruhe	Oberreut Zentrum	de:08212:609:1:1	48.985828	8.362255	tram	MATCHED	n1516245041	2.8	1.0	Oberreut Zentrum	4,E,NL2	Oberreut Wilhelm-Leuschner-Str.	Wilhelm-Leuschner-Straße	LINESTRING(8.362255 48.985828,8.3622587 48.98580320000001)
1536	Karlsruhe	Oberreut Zentrum	de:08212:609:2:2	48.985674	8.362336	tram	MATCHED	n1516245040	3.8	1.0	Oberreut Zentrum	4,E,NL2	Oberreut Albert-Braun-Straße	Albert-Braun-Straße	LINESTRING(8.362336 48.985674,8.3623087 48.9857035)
1537	Karlsruhe	Oberwaldbad	de:08212:9017:0:1	48.983033	8.409767		NO_MATCH_AND_SEEMS_UNSERVED								POINT(8.409767 48.983033)
1538	Karlsruhe	Ohiostraße	de:08212:7101:0:11	49.029963	8.393876	bus	MATCHED	w1026124763	8.4	0.72	Ohiostraße	71	Karlsruhe Duale Hochschule / Karlsruhe Heidehof	Duale Hochschule / Heidehof	LINESTRING(8.393876 49.029963,8.393981061088969 49.02999444897279)
1539	Karlsruhe	Ohiostraße	de:08212:7101:0:12	49.029951	8.394119	bus	NO_MATCH_BUT_OTHER_PLATFORM_MATCHED					71	Karlsruhe Schützenhaus		POINT(8.394119 49.029951)
1540	Karlsruhe	Ohiostraße	de:08212:7101:11:11	49.029975	8.393903	bus	MATCHED	n9460694077	0.6	0.92	Ohiostraße				LINESTRING(8.393903 49.029975,8.3939007 49.0299697)
1541	Karlsruhe	Ohiostraße	de:08212:7101:12:12	49.029898	8.39393	bus	MATCHED	n9460694076	1.2	0.88	Ohiostraße			Schützenhaus	LINESTRING(8.39393 49.029898,8.393914800000001 49.029894500000005)
1542	Karlsruhe	Ohiostraße	de:08212:7309:0:1	49.029992	8.394119	bus	NO_MATCH_AND_SEEMS_UNSERVED								POINT(8.394119 49.029992)
1543	Karlsruhe	Ohiostraße	de:08212:7309:0:2	49.029945	8.394208	bus	NO_MATCH_AND_SEEMS_UNSERVED								POINT(8.394208 49.029945)
1544	Karlsruhe	Ostendstraße	de:08212:622:1:1	49.005137	8.41601	tram	MATCHED	n1828944322	7.5	1.0	Ostendstraße	17,4,5,E	Karlsruhe Rüppurrer Tor / Karlsruhe Philipp-Reis-Straße / Karlsruhe Rüppurrer Tor	Philipp-Reis-Straße / die neue welle / Rüppurrer Tor	LINESTRING(8.41601 49.005137,8.416093700000001 49.005097500000005)
1545	Karlsruhe	Ostendstraße	de:08212:622:21:21	49.004918	8.417367		NO_MATCH_AND_SEEMS_UNSERVED								POINT(8.417367 49.004918)
1546	Karlsruhe	Ostendstraße	de:08212:622:22:22	49.004494	8.415301		NO_MATCH_AND_SEEMS_UNSERVED								POINT(8.415301 49.004494)
1547	Karlsruhe	Ostendstraße	de:08212:622:23:23	49.004765	8.417008		NO_MATCH_AND_SEEMS_UNSERVED								POINT(8.417008 49.004765)
1548	Karlsruhe	Ostendstraße	de:08212:622:2:2	49.004972	8.416549	tram	MATCHED	n1828944318	1.9	1.0	Ostendstraße	17,4,5,E	Karlsruhe Wolfartsweierer Str.	Wolfartsweierer Straße	LINESTRING(8.416549 49.004972,8.4165229 49.0049744)
1549	Karlsruhe	Otto-Sachs-Straße	de:08212:508:1:1	49.003392	8.389546	tram	MATCHED	n1585160211	1.6	1.0	Otto-Sachs-Straße	17,2,3,4,5,E,NL2	Karlsruhe Arbeitsagentur / Karlsruhe Lessingstraße	Arbeitsagentur / Lessingstraße	LINESTRING(8.389546 49.003392,8.3895628 49.0033831)
1550	Karlsruhe	Otto-Sachs-Straße	de:08212:508:21:21	49.003534	8.38951	bus	NO_MATCH_AND_SEEMS_UNSERVED								POINT(8.38951 49.003534)
1551	Karlsruhe	Otto-Sachs-Straße	de:08212:508:22:22	49.003357	8.389214	bus	NO_MATCH_AND_SEEMS_UNSERVED								POINT(8.389214 49.003357)
1552	Karlsruhe	Otto-Sachs-Straße	de:08212:508:2:2	49.003486	8.389232	tram	MATCHED	n26043088	3.0	1.0	Otto-Sachs-Straße	17,2,3,4,5,E,NL2	Karlsruhe Mathystraße	Mathystraße	LINESTRING(8.389232 49.003486,8.389197900000001 49.0035006)
1553	Karlsruhe	Palmbach Auf der Römerstraße	de:08212:4517:0:1	48.945719	8.489529	bus	MATCHED	n444440686	2.8	0.75	Auf der Römerstraße	158,27,47,NL3	Stupferich Rieslingstraße / Reichenbach Freibad / Palmbach Rudolf-Link-Straße / Stupferich Pfefferäcker / Langensteinbach Aussiedlerhf.	Rieslingstraße / Pfefferäcker / Rudolf-Link-Straße / Reichenbach Freibad	LINESTRING(8.489529 48.945719,8.4895487 48.945697300000006)
1554	Karlsruhe	Palmbach Auf der Römerstraße	de:08212:4517:0:2	48.945831	8.489511	bus	MATCHED	n444440687	5.7	0.67	Auf der Römerstraße	158,27,47,ALT47	Palmbach Waldenserplatz	Waldenserplatz	LINESTRING(8.489511 48.945831,8.489584 48.9458489)
1555	Karlsruhe	Palmbach Gustav-Meerwein-Str. 	de:08212:4519:0:1	48.943075	8.485459	bus	NO_MATCH_AND_SEEMS_UNSERVED								POINT(8.485459 48.943075)
1556	Karlsruhe	Palmbach Gustav-Meerwein-Str. 	de:08212:4519:0:2	48.94307	8.485468	bus	NO_MATCH_AND_SEEMS_UNSERVED								POINT(8.485468 48.94307)
1557	Karlsruhe	Palmbach Im Kloth	de:08212:4514:0:1	48.947365	8.478183	bus	MATCHED	w151214332	10.2	0.52	Im Kloth	158,27,47,NL3	Palmbach Kirche	Palmbach Kirche	LINESTRING(8.478183 48.947365,8.47804975 48.947391550000006)
1558	Karlsruhe	Palmbach Im Kloth	de:08212:4514:0:2	48.947772	8.4775	bus	MATCHED	w151214336	13.3	0.48	Im Kloth	158,27,47,ALT47	Grünwettersb. Seniorenresidenz	Seniorenresidenz	LINESTRING(8.4775 48.947772,8.477666150000001 48.947722600000006)
1559	Karlsruhe	Palmbach Im Kloth	de:08212:4514:0:3	48.947353	8.477716		MATCHED	n444440679	27.5	0.18	Im Kloth				LINESTRING(8.477716 48.947353,8.4780855 48.947397900000006)
1560	Karlsruhe	Palmbach Kirche	de:08212:4512:0:1	48.946279	8.482126	bus	MATCHED	n444440680	2.1	0.89	Palmbach Kirche	158,27,47,NL3	Palmbach Waldenserplatz	Waldenserplatz	LINESTRING(8.482126 48.946279,8.4821465 48.946266200000004)
1561	Karlsruhe	Palmbach Kirche	de:08212:4512:0:2	48.94658	8.480977	bus	MATCHED	n444440681	7.4	0.74	Palmbach Kirche	158,27,47,ALT47	Palmbach Im Kloth	Im Kloth	LINESTRING(8.480977 48.94658,8.481077500000001 48.94658200000001)
1562	Karlsruhe	Palmbach Rudolf-Link-Straße	de:08212:4523:0:1	48.943907	8.489591	bus	MATCHED	n4013189201	41.4	0.21	Rudolf-Link-Straße	27,47	Palmbach Rudolf-Link-Straße		LINESTRING(8.489591 48.943907,8.489203700000001 48.9436351)
1563	Karlsruhe	Palmbach Rudolf-Link-Straße	de:08212:4523:0:2	48.944173	8.490023	bus	MATCHED	n3085872536	3.2	0.61	Rudolf-Link-Straße	27,47	Palmbach Auf der Römerstraße	Auf der Römerstraße	LINESTRING(8.490023 48.944173,8.4900651 48.944182100000006)
1564	Karlsruhe	Palmbach Waldenserplatz	de:08212:4518:0:1	48.944946	8.479593	bus	NO_MATCH_AND_SEEMS_UNSERVED								POINT(8.479593 48.944946)
1565	Karlsruhe	Palmbach Waldenserplatz	de:08212:4518:0:11	48.945713	8.484839	bus	MATCHED	n444440684	9.8	0.56	Waldenserplatz	158,27,47,ALT47	Palmbach Kirche	Palmbach Kirche	LINESTRING(8.484839 48.945713,8.4849678 48.945690400000004)
1566	Karlsruhe	Palmbach Waldenserplatz	de:08212:4518:0:12	48.945577	8.48519	bus	MATCHED	n444440682	4.9	0.64	Waldenserplatz	158,27,47,NL3	Palmbach Auf der Römerstraße	Auf der Römerstraße	LINESTRING(8.48519 48.945577,8.4851235 48.9455782)
1567	Karlsruhe	Palmbach Waldenserplatz	de:08212:4518:0:2	48.944916	8.47962	bus	NO_MATCH_AND_SEEMS_UNSERVED								POINT(8.47962 48.944916)
1568	Karlsruhe	Palmbach Winterrot	de:08212:4513:0:1	48.945589	8.485271		NO_MATCH_AND_SEEMS_UNSERVED								POINT(8.485271 48.945589)
1569	Karlsruhe	Palmbach Winterrot	de:08212:4513:0:2	48.94566	8.485028	bus	NO_MATCH_AND_SEEMS_UNSERVED								POINT(8.485028 48.94566)
1570	Karlsruhe	Palmbach Winterrot	de:08212:4513:0:3	48.945636	8.48616		NO_MATCH_AND_SEEMS_UNSERVED								POINT(8.48616 48.945636)
1571	Karlsruhe	Palmbach Winterrot	de:08212:4513:0:4	48.945707	8.486133		NO_MATCH_AND_SEEMS_UNSERVED								POINT(8.486133 48.945707)
1572	Karlsruhe	Pappelallee	de:08212:10000:0:1	48.9951	8.335135	bus	NO_MATCH					83	Karlsruhe Falterweg		POINT(8.335135 48.9951)
1573	Karlsruhe	Pastor-Felke-Straße	de:08212:3003:0:1	49.015601	8.422263		MATCHED	n3876938337	5.5	0.63	Pastor-Felke-Straße				LINESTRING(8.422263 49.015601,8.42228 49.0155528)
1574	Karlsruhe	Pastor-Felke-Straße	de:08212:3003:0:2	49.015489	8.422245		MATCHED	n3876938334	3.3	0.72	Pastor-Felke-Straße				LINESTRING(8.422245 49.015489,8.4222211 49.015514200000005)
1575	Karlsruhe	Pastor-Felke-Straße	de:08212:3003:0:A	49.015489	8.422245	bus	MATCHED	w384394344	5.2	0.79	Pastor-Felke-Straße	30	KA Durlacher Tor/KIT-Campus Süd / Karlsruhe Emil-Gött-Straße	Emil-Gött-Straße	LINESTRING(8.422245 49.015489,8.422194900000001 49.01552220000001)
1576	Karlsruhe	Pastor-Felke-Straße	de:08212:3003:0:B	49.015601	8.422263	bus	MATCHED	w542645632	5.7	0.78	Pastor-Felke-Straße	30	Karlsruhe Büchiger Allee	Büchiger Allee	LINESTRING(8.422263 49.015601,8.422309000000002 49.015560050000005)
1577	Karlsruhe	Petergraben	de:08212:5015:0:1	48.985851	8.377464	bus	MATCHED	n25242276	5.4	0.79	Petergraben	51	Bulach Friedhof	Bulach Friedhof	LINESTRING(8.377464 48.985851,8.3774475 48.985897900000005)
1578	Karlsruhe	Petergraben	de:08212:5015:0:2	48.985963	8.377625	bus	MATCHED	n25242277	17.3	0.59	Petergraben	51	Karlsruhe Grünwinkler Straße / Karlsruhe Grünwinkler Straße	Grünwinkler Straße	LINESTRING(8.377625 48.985963,8.3775522 48.985815200000005)
1579	Karlsruhe	Pfannkuchstraße	de:08212:316:1:1	49.011259	8.347837		NO_MATCH_AND_SEEMS_UNSERVED								POINT(8.347837 49.011259)
1580	Karlsruhe	Pfannkuchstraße	de:08212:6021:0:A	49.0111	8.347595		MATCHED	n13306233131	10.8	0.47	Pfannkuchenstraße (Nachtclub)				LINESTRING(8.347595 49.0111,8.347703300000001 49.011166100000004)
1581	Karlsruhe	Philipp-Reis-Straße	de:08212:621:1:1	49.004488	8.410899	tram	MATCHED	n1828944329	8.7	1.0	Philipp-Reis-Straße / die neue welle	17,E	Karlsruhe Kongresszentrum / Karlsruhe Werderstraße	Mathystraße	LINESTRING(8.410899 49.004488,8.4110178 49.0044861)
1582	Karlsruhe	Philipp-Reis-Straße	de:08212:621:21:21	49.004636	8.410908	bus	NO_MATCH_AND_SEEMS_UNSERVED								POINT(8.410908 49.004636)
1583	Karlsruhe	Philipp-Reis-Straße	de:08212:621:22:22	49.00463	8.411851	bus	NO_MATCH_AND_SEEMS_UNSERVED								POINT(8.411851 49.00463)
1584	Karlsruhe	Philipp-Reis-Straße	de:08212:621:2:2	49.004471	8.411456	tram	MATCHED	n6179799540	2.0	1.0	Philipp-Reis-Straße / die neue welle	17,E	Karlsruhe Ostendstraße	Ostendstraße	LINESTRING(8.411456 49.004471,8.4114818 49.0044653)
1585	Karlsruhe	Philippstraße	de:08212:45:1:1	49.011447	8.364169	tram	MATCHED	n31991824	20.0	1.0	Philippstraße	1,17,3,E,S2	Karlsruhe Entenfang	Entenfang	LINESTRING(8.364169 49.011447,8.3644415 49.0114334)
1586	Karlsruhe	Philippstraße	de:08212:45:21:21	49.011518	8.364528	bus	NO_MATCH_AND_SEEMS_UNSERVED								POINT(8.364528 49.011518)
1587	Karlsruhe	Philippstraße	de:08212:45:22:22	49.01133	8.364259	bus	NO_MATCH_AND_SEEMS_UNSERVED								POINT(8.364259 49.01133)
1588	Karlsruhe	Philippstraße	de:08212:45:2:2	49.011388	8.364878	tram	MATCHED	n1744228270	9.7	1.0	Philippstraße	1,17,2,3,4,E,S2	Karlsruhe Händelstraße	Händelstraße	LINESTRING(8.364878 49.011388,8.364745600000001 49.011392400000005)
1589	Karlsruhe	Pirmasenser Straße	de:08212:7407:0:21	49.034916	8.364896		NO_MATCH_AND_SEEMS_UNSERVED								POINT(8.364896 49.034916)
1590	Karlsruhe	Pirmasenser Straße	de:08212:7407:0:22	49.034881	8.365444		NO_MATCH_AND_SEEMS_UNSERVED								POINT(8.365444 49.034881)
1591	Karlsruhe	Poststraße	de:08212:98:11:11	48.9951	8.40303	bus	MATCHED	w342924721	4.1	0.73	Poststraße	47	KA Hauptbahnhof (Vorplatz)		LINESTRING(8.40303 48.9951,8.4030745 48.99512235)
1592	Karlsruhe	Poststraße	de:08212:98:12:12	48.994929	8.402922	bus	MATCHED	w256980681	7.3	0.74	Poststraße (Steig B)	44,47	Durlach Tiefbauamt / Durlach Zündhütle	Zündhütle / Tiefbauamt	LINESTRING(8.402922 48.994929,8.4028384 48.99489245)
1593	Karlsruhe	Poststraße	de:08212:98:1:1	48.995041	8.403066	tram	MATCHED	n1633042846	4.1	1.0	Poststraße	17,2,3,4,NL2	KA Hauptbahnhof (Vorplatz)	Ebertstraße / Bahnhofsvorplatz	LINESTRING(8.403066 48.995041,8.403014 48.995026700000004)
1594	Karlsruhe	Poststraße	de:08212:98:2:2	48.995247	8.403964	tram	MATCHED	n1633042885	6.4	1.0	Poststraße	17,2,3,4,NL2	Karlsruhe Augartenstraße / Karlsruhe Tivoli	Tivoli / Augartenstraße	LINESTRING(8.403964 48.995247,8.4040488 48.9952605)
1595	Karlsruhe	Rennbuckelschule	de:08212:91024:0:1	49.025298	8.360728		NO_MATCH_AND_SEEMS_UNSERVED								POINT(8.360728 49.025298)
1596	Karlsruhe	Rheinbrücke	de:08212:41064:0:1	49.034551	8.321238	trainish	NO_MATCH_AND_SEEMS_UNSERVED								POINT(8.321238 49.034551)
1597	Karlsruhe	Rheinbrücke	de:08212:41064:0:2	49.034339	8.321247	trainish	NO_MATCH_AND_SEEMS_UNSERVED								POINT(8.321247 49.034339)
1598	Karlsruhe	Rheinbrücke	de:08212:41064:0:3	49.034292	8.321229	trainish	NO_MATCH_AND_SEEMS_UNSERVED								POINT(8.321229 49.034292)
1599	Karlsruhe	Rheinbrücke	de:08212:41064:0:4	49.034027	8.320996	trainish	NO_MATCH_AND_SEEMS_UNSERVED								POINT(8.320996 49.034027)
1600	Karlsruhe	Rheinhafen	de:08212:501:11:11	49.015236	8.347325	bus	MATCHED	w159847508	7.3	0.4	Rheinhafen, Steig A				LINESTRING(8.347325 49.015236,8.347420079316215 49.01525571950311)
1601	Karlsruhe	Rheinhafen	de:08212:501:1:1	49.015748	8.347379	tram	MATCHED	n3111251397	2.1	1.0	Rheinhafen	1,17,5,E,S2	Karlsruhe Bh West (Gleis 55)	Rheinhafen / Hauptfriedhof	LINESTRING(8.347379 49.015748,8.3473819 49.0157296)
1602	Karlsruhe	Rheinhafen	de:08212:501:22:22	49.015077	8.347325		MATCHED	n10018424453	13.8	0.41	Rheinhafen				LINESTRING(8.347325 49.015077,8.3474012 49.0151903)
1603	Karlsruhe	Rheinhafen	de:08212:501:2:2	49.015424	8.347442	tram	MATCHED	n1157382950	5.8	1.0	Rheinhafen	5	Karlsruhe Lameyplatz	Lameyplatz	LINESTRING(8.347442 49.015424,8.3474032 49.015469)
1604	Karlsruhe	Rheinhafen	de:08212:501:2:4	49.01543	8.347496	tram	MATCHED	n256570023	6.4	1.0	Rheinhafen	5	Karlsruhe Lameyplatz	Lameyplatz	LINESTRING(8.347496 49.01543,8.347466 49.01548450000001)
1605	Karlsruhe	Rheinhafen	de:08212:501:3:3	49.01599	8.34737	tram	NO_MATCH_BUT_OTHER_PLATFORM_MATCHED					5	Karlsruhe Rheinhafen		POINT(8.34737 49.01599)
1606	Karlsruhe	Rheinhafen Nord	de:08212:26:11:21	49.017104	8.320493	bus	NO_MATCH_BUT_OTHER_PLATFORM_MATCHED					ALT64	Karlsruhe Lameyplatz		POINT(8.320493 49.017104)
1607	Karlsruhe	Rheinhafen Nord	de:08212:26:11:31	49.016196	8.334542		MATCHED	n10018424452	13.1	0.43	Rheinhafen Nord (Virtuell)				LINESTRING(8.334542 49.016196,8.334364500000001 49.016212900000006)
1608	Karlsruhe	Rheinhafen Nord	de:08212:26:11:32	49.018494	8.341504		MATCHED	n10018424451	1.9	0.81	Rheinhafen Nord (Virtuell)				LINESTRING(8.341504 49.018494,8.341491300000001 49.018479600000006)
1609	Karlsruhe	Rheinhafen Nord	de:08212:26:11:33	49.018682	8.331308		MATCHED	n10006036879	69.6	0.13	Rheinhafen Nord (Virtuell)				LINESTRING(8.331308 49.018682,8.3320889 49.0183235)
1610	Karlsruhe	Rheinhafen Nord	de:08212:26:11:34	49.019254	8.319262		MATCHED	n10018424449	8.0	0.54	Rheinhafen Nord (Virtuell)				LINESTRING(8.319262 49.019254,8.3192651 49.01918250000001)
1611	Karlsruhe	Rheinhafen Nord	de:08212:26:11:35	49.017151	8.319738		MATCHED	n10018424450	29.0	0.26	Rheinhafen Nord (Virtuell)				LINESTRING(8.319738 49.017151,8.319342 49.017130800000004)
1612	Karlsruhe	Rheinhafenstraße	de:08212:203:1:1	49.001389	8.3449	tram	MATCHED	n256570284	2.0	1.0	Rheinhafenstraße	E,S2	Daxlanden Thomas-Mann-Straße	Thomas-Mann-Straße	LINESTRING(8.3449 49.001389,8.3449185 49.0014024)
1613	Karlsruhe	Rheinhafenstraße	de:08212:203:21:21	49.002072	8.345412	bus	MATCHED	n10004193968	31.5	0.31	Rheinhafenstraße			Mauerweg	LINESTRING(8.345412 49.002072,8.3455897 49.001813500000004)
1614	Karlsruhe	Rheinhafenstraße	de:08212:203:22:22	49.001813	8.345502	bus	MATCHED	n10018589329	3.2	0.85	Rheinhafenstraße	NL16	Karlsruhe Entenfang		LINESTRING(8.345502 49.001813,8.345493600000001 49.001841500000005)
1615	Karlsruhe	Rheinhafenstraße	de:08212:203:2:2	49.001677	8.345223	tram	MATCHED	n1153816678	0.9	1.0	Rheinhafenstraße	E,S2	Karlsruhe Eckenerstraße	Eckenerstraße	LINESTRING(8.345223 49.001677,8.3452199 49.001668800000004)
1616	Karlsruhe	Rintheim	de:08212:314:1:1	49.01629	8.443768	tram	MATCHED	n25420900	2.0	1.0	Rintheim	3,E	Rintheim Forststraße	Forststraße	LINESTRING(8.443768 49.01629,8.443772000000001 49.016272300000004)
1617	Karlsruhe	Rintheim	de:08212:314:21:21	49.016243	8.443858	bus	NO_MATCH_AND_SEEMS_UNSERVED								POINT(8.443858 49.016243)
1618	Karlsruhe	Rintheim	de:08212:314:22:22	49.016402	8.444209	bus	NO_MATCH_AND_SEEMS_UNSERVED								POINT(8.444209 49.016402)
1619	Karlsruhe	Rintheim Forststraße	de:08212:313:1:1	49.013951	8.44199	tram	MATCHED	n1478909513	0.6	1.0	Forststraße	3,E	Karlsruhe Dunantstraße	Dunantstraße	LINESTRING(8.44199 49.013951,8.4419973 49.013952200000006)
1620	Karlsruhe	Rintheim Forststraße	de:08212:313:21:21	49.014075	8.441981	bus	NO_MATCH_AND_SEEMS_UNSERVED								POINT(8.441981 49.014075)
1621	Karlsruhe	Rintheim Forststraße	de:08212:313:22:22	49.014128	8.442331	bus	NO_MATCH_AND_SEEMS_UNSERVED								POINT(8.442331 49.014128)
1622	Karlsruhe	Rintheim Forststraße	de:08212:313:2:2	49.014205	8.442286	tram	MATCHED	n1478909514	4.7	1.0	Forststraße	3,E	Rintheim	Rintheim	LINESTRING(8.442286 49.014205,8.44233 49.0142359)
1623	Karlsruhe	Rintheim Grundschule	de:08212:91014:0:1	49.012113	8.446014		MATCHED_THOUGH_OSM_NO_NAME	n4171917629	44.6	0.06					LINESTRING(8.446014 49.012113,8.4465611 49.011936600000006)
1624	Karlsruhe	Rintheim Sinsheimer Straße	de:08212:404:1:1	49.020727	8.444658	tram	MATCHED	n1146440201	14.7	1.0	Sinsheimer Straße	17,18,4,E,NL1,S2	KA Hirtenweg/Technologiepark	Hirtenweg - Technologiepark	LINESTRING(8.444658 49.020727,8.4445373 49.0206208)
1625	Karlsruhe	Rintheim Sinsheimer Straße	de:08212:404:21:21	49.020444	8.444442	bus	MATCHED_THOUGH_OSM_NO_NAME	n7683761833	6.5	0.61	Sinsheimer Straße				LINESTRING(8.444442 49.020444,8.444489200000001 49.020493300000005)
1626	Karlsruhe	Rintheim Sinsheimer Straße	de:08212:404:22:22	49.020668	8.444828	bus	NO_MATCH_AND_SEEMS_UNSERVED								POINT(8.444828 49.020668)
1627	Karlsruhe	Rintheim Sinsheimer Straße	de:08212:404:2:2	49.020986	8.445035	tram	MATCHED	n1146443857	1.8	1.0	Sinsheimer Straße	17,18,4,E,NL1,S2	Hagsfeld Süd / Hagsfeld Fächerbad	Fächerbad / Hagsfeld Süd	LINESTRING(8.445035 49.020986,8.445026 49.02097130000001)
1628	Karlsruhe	Rintheimer Querallee	de:08212:3005:0:1	49.025545	8.424652	bus	MATCHED	w724449969	9.7	0.69	Rintheimer Querallee	30	Waldstadt Breslauer Straße		LINESTRING(8.424652 49.025545,8.424602883512453 49.02546407921681)
1629	Karlsruhe	Rintheimer Querallee	de:08212:3005:0:2	49.025233	8.423961	bus	MATCHED	w737117918	9.0	0.71	Rintheimer Querallee	30	Karlsruhe Büchiger Allee	Büchiger Allee	LINESTRING(8.423961 49.025233,8.424004401887197 49.02530870113178)
1630	Karlsruhe	Rintheimer Querallee	de:08212:3005:0:3	49.024562	8.424248	bus	MATCHED	n401300582	81.6	0.16	Rintheimer Querallee				LINESTRING(8.424248 49.024562,8.4240106 49.0252792)
1631	Karlsruhe	Rüppurr Battstraße	de:08212:1210:0:1	48.965704	8.404773		MATCHED	n26619686	21.2	0.2	Battstraße			Tulpenstraße	LINESTRING(8.404773 48.965704,8.4047897 48.965513300000005)
1632	Karlsruhe	Rüppurr Battstraße	de:08212:1210:0:11	48.965686	8.404404	bus	MATCHED	n5198712116	1.1	0.6	Battstraße	ALT54	Rüppurr Heinrich-Heine-Ring		LINESTRING(8.404404 48.965686,8.404416300000001 48.9656802)
1633	Karlsruhe	Rüppurr Battstraße	de:08212:1210:0:2	48.964925	8.404826		MATCHED	n1698236025	8.7	0.33	Battstraße			Ettlingen Neuwiesenreben	LINESTRING(8.404826 48.964925,8.4048462 48.964848100000005)
1634	Karlsruhe	Rüppurr Battstraße	de:08212:1210:0:21	48.965474	8.405105		NO_MATCH_AND_SEEMS_UNSERVED								POINT(8.405105 48.965474)
1635	Karlsruhe	Rüppurr Battstraße	de:08212:1210:0:22	48.964323	8.40506		MATCHED	n5198712115	43.8	0.12	Battstraße				LINESTRING(8.40506 48.964323,8.404789300000001 48.9646746)
1636	Karlsruhe	Rüppurr Battstraße	de:08212:1210:0:3	48.96489	8.404746		MATCHED	n5198712114	24.9	0.18	Battstraße				LINESTRING(8.404746 48.96489,8.404720000000001 48.964667000000006)
1637	Karlsruhe	Rüppurr Battstraße	de:08212:1210:0:4	48.964182	8.404512		NO_MATCH_AND_SEEMS_UNSERVED								POINT(8.404512 48.964182)
1638	Karlsruhe	Rüppurr Battstraße	de:08212:1210:0:91	48.966134	8.405734		NO_MATCH_AND_SEEMS_UNSERVED								POINT(8.405734 48.966134)
1639	Karlsruhe	Rüppurr Battstraße	de:08212:1210:0:92	48.966164	8.40612		NO_MATCH_AND_SEEMS_UNSERVED								POINT(8.40612 48.966164)
1640	Karlsruhe	Rüppurr Hegaustraße	de:08212:1214:11:11	48.966706	8.411438	bus	MATCHED	n8656953647	32.8	0.3	Rüppurr Hegaustraße	ALT54	Rüppurr Prinzenweg		LINESTRING(8.411438 48.966706,8.4118843 48.966736600000004)
1641	Karlsruhe	Rüppurr Hegaustraße	de:08212:1214:11:12	48.966795	8.410755	bus	NO_MATCH_BUT_OTHER_PLATFORM_MATCHED					ALT54	Rüppurr Heinrich-Heine-Ring		POINT(8.410755 48.966795)
1642	Karlsruhe	Rüppurr Heinrich-Heine-Ring	de:08212:1213:11:11	48.966264	8.407018	bus	NO_MATCH					ALT54	Rüppurr Hegaustraße		POINT(8.407018 48.966264)
1643	Karlsruhe	Rüppurr Heinrich-Heine-Ring	de:08212:1213:11:12	48.966352	8.407009	bus	NO_MATCH					ALT54	Rüppurr Battstraße		POINT(8.407009 48.966352)
1644	Karlsruhe	Rüppurr Märchenring	de:08212:1216:11:11	48.970339	8.416217	bus	MATCHED	n8656953646	3.3	0.77	Rüppurr Märchenring	ALT54			LINESTRING(8.416217 48.970339,8.416214100000001 48.9703096)
1645	Karlsruhe	Rüppurr Märchenring	de:08212:1216:11:12	48.970551	8.415741	bus	NO_MATCH_BUT_OTHER_PLATFORM_MATCHED					ALT54	Rüppurr Prinzenweg		POINT(8.415741 48.970551)
1646	Karlsruhe	Rüppurr Ostendorfplatz	de:08212:1208:0:1	48.975988	8.406641		MATCHED	n26619701	8.5	0.39	Ostendorfplatz			Schloss Rüppurr	LINESTRING(8.406641 48.975988,8.406643 48.975911800000006)
1647	Karlsruhe	Rüppurr Ostendorfplatz	de:08212:1208:0:2	48.975445	8.406542		MATCHED	n1698377400	24.5	0.21	Ostendorfplatz			Tulpenstraße	LINESTRING(8.406542 48.975445,8.4065771 48.9756639)
1648	Karlsruhe	Rüppurr Ostendorfplatz	de:08212:1208:0:3	48.976005	8.40674		NO_MATCH_AND_SEEMS_UNSERVED								POINT(8.40674 48.976005)
1649	Karlsruhe	Rüppurr Ostendorfplatz	de:08212:1208:0:5	48.976353	8.406866		NO_MATCH_AND_SEEMS_UNSERVED								POINT(8.406866 48.976353)
1650	Karlsruhe	Rüppurr Prinzenweg	de:08212:1215:11:11	48.968688	8.414465	bus	MATCHED	n8656953645	10.5	0.54	Rüppurr Prinzenweg	ALT54	Rüppurr Märchenring		LINESTRING(8.414465 48.968688,8.4145362 48.968769900000005)
1651	Karlsruhe	Rüppurr Prinzenweg	de:08212:1215:11:12	48.968705	8.414411	bus	NO_MATCH_BUT_OTHER_PLATFORM_MATCHED					ALT54	Rüppurr Hegaustraße		POINT(8.414411 48.968705)
1652	Karlsruhe	Rüppurr Tulpenstraße	de:08212:1209:0:1	48.971341	8.404054		MATCHED	n26619688	17.8	0.29	Tulpenstraße			Ostendorfplatz	LINESTRING(8.404054 48.971341,8.404022600000001 48.971182000000006)
1653	Karlsruhe	Rüppurr Tulpenstraße	de:08212:1209:0:11	48.970539	8.404485	bus	MATCHED_THOUGH_OSM_NO_NAME	w1385812396	8.6	1.0					LINESTRING(8.404485 48.970539,8.404502475011991 48.970462628057554)
1654	Karlsruhe	Rüppurr Tulpenstraße	de:08212:1209:0:12	48.970716	8.404198	bus	MATCHED	w1385807421	15.4	0.38	Tulpenstraße				LINESTRING(8.404198 48.970716,8.404156287906067 48.970851555380015)
1655	Karlsruhe	Rüppurr Tulpenstraße	de:08212:1209:0:2	48.970881	8.404045		MATCHED	n1707663522	6.1	0.49	Tulpenstraße			Battstraße	LINESTRING(8.404045 48.970881,8.4040221 48.9709341)
1656	Karlsruhe	Rüppurrer Tor	de:08212:85:1:1	49.004824	8.410369	tram	MATCHED	n2509332322	1.0	1.0	Rüppurrer Tor	3,4,E	Karlsruhe Philipp-Reis-Straße / Karlsruhe Werderstraße	Werderstraße	LINESTRING(8.410369 49.004824,8.4103689 49.0048149)
1657	Karlsruhe	Rüppurrer Tor	de:08212:85:21:21	49.00602	8.409417		NO_MATCH_AND_SEEMS_UNSERVED								POINT(8.409417 49.00602)
1658	Karlsruhe	Rüppurrer Tor	de:08212:85:21:23	49.005767	8.410055	bus	NO_MATCH_AND_SEEMS_UNSERVED								POINT(8.410055 49.005767)
1659	Karlsruhe	Rüppurrer Tor	de:08212:85:21:A	49.00602	8.409417		NO_MATCH_AND_SEEMS_UNSERVED								POINT(8.409417 49.00602)
1660	Karlsruhe	Rüppurrer Tor	de:08212:85:22:22	49.005785	8.409722		NO_MATCH_AND_SEEMS_UNSERVED								POINT(8.409722 49.005785)
1661	Karlsruhe	Rüppurrer Tor	de:08212:85:22:B	49.005696	8.408474		NO_MATCH_AND_SEEMS_UNSERVED								POINT(8.408474 49.005696)
1662	Karlsruhe	Rüppurrer Tor	de:08212:85:23:23	49.004942	8.410243		NO_MATCH_AND_SEEMS_UNSERVED								POINT(8.410243 49.004942)
1663	Karlsruhe	Rüppurrer Tor	de:08212:85:23:C	49.004942	8.410243		NO_MATCH_AND_SEEMS_UNSERVED								POINT(8.410243 49.004942)
1664	Karlsruhe	Rüppurrer Tor	de:08212:85:24:24	49.004977	8.410567		NO_MATCH_AND_SEEMS_UNSERVED								POINT(8.410567 49.004977)
1665	Karlsruhe	Rüppurrer Tor	de:08212:85:24:D	49.004977	8.410567		NO_MATCH_AND_SEEMS_UNSERVED								POINT(8.410567 49.004977)
1666	Karlsruhe	Rüppurrer Tor	de:08212:85:2:2	49.005643	8.410378	tram	MATCHED	n2509332326	40.4	1.0	Rüppurrer Tor	3,4	Karlsruhe Kronenplatz / Karlsruhe Ostendstraße	Kronenplatz	LINESTRING(8.410378 49.005643,8.410400000000001 49.0052801)
1667	Karlsruhe	Rüppurrer Tor	de:08212:85:3:3	49.005844	8.408815	tram	MATCHED	n9332297059	3.5	1.0	Rüppurrer Tor	4,5,E	KA Ettlinger Tor/Staatstheater	Ettlinger Tor	LINESTRING(8.408815 49.005844,8.408863 49.0058444)
1668	Karlsruhe	Rüppurrer Tor	de:08212:85:4:4	49.005908	8.409596	tram	MATCHED	n6775697760	5.9	1.0	Rüppurrer Tor	4,5,E	Karlsruhe Ostendstraße / Karlsruhe Rüppurrer Tor / KA Durlacher Tor/KIT-Campus Süd	Durlacher Tor/KIT-Campus Süd / Ostendstraße	LINESTRING(8.409596 49.005908,8.40952 49.005890400000006)
1669	Karlsruhe	Rüppurrer Tor	de:08212:85:91:1	49.00582	8.408563	tram	MATCHED	n12529534377	7.3	1.0	Rüppurrer Tor				LINESTRING(8.408563 49.00582,8.4086627 49.0058214)
1670	Karlsruhe	Rüppurrer Tor	de:08212:85:92:2	49.005932	8.409803	tram	MATCHED	n12529534378	7.3	1.0	Rüppurrer Tor			Durlacher Tor/KIT-Campus Süd	LINESTRING(8.409803 49.005932,8.4097085 49.0059112)
1671	Karlsruhe	Schillerschule	de:08212:91025:0:1	49.007788	8.415085		NO_MATCH_AND_SEEMS_UNSERVED								POINT(8.415085 49.007788)
1672	Karlsruhe	Schillerstraße	de:08212:40:1:1	49.009756	8.379656	tram	MATCHED	n1637997527	4.7	1.0	Schillerstraße	17,2,3,4,5,E,NL2	Karlsruhe Sophienstraße	Sophienstraße	LINESTRING(8.379656 49.009756,8.3796538 49.0097138)
1673	Karlsruhe	Schillerstraße	de:08212:40:22:22	49.010658	8.37935	bus	NO_MATCH_AND_SEEMS_UNSERVED								POINT(8.37935 49.010658)
1674	Karlsruhe	Schillerstraße	de:08212:40:2:2	49.010428	8.379808	tram	MATCHED	n3383740032	1.2	1.0	Schillerstraße	17,2,3,4,5,E,NL2	Karlsruhe Yorckstraße / Karlsruhe Yorckstraße / Karlsruhe Mühlburger Tor	Yorckstraße / Mühlburger Tor	LINESTRING(8.379808 49.010428,8.3798144 49.010438400000005)
1675	Karlsruhe	Schloss Gottesaue	de:08212:624:1:1	49.003652	8.426925	tram	MATCHED	n1828938325	3.5	1.0	Schloss Gottesaue/Hochschule für Musik	17,4,5,E	Karlsruhe Wolfartsweierer Str.	Wolfartsweierer Straße	LINESTRING(8.426925 49.003652,8.4268782 49.003645000000006)
1676	Karlsruhe	Schloss Gottesaue	de:08212:624:2:2	49.003634	8.427949	tram	MATCHED	n1828938324	7.0	1.0	Schloss Gottesaue/Hochschule für Musik	17,4,5,E	KA Tullastraße/Alter Schlachthof / KA Tullastraße/Alter Schlachthof	Tullastraße/Alter Schlachthof	LINESTRING(8.427949 49.003634,8.4278537 49.003628600000006)
1677	Karlsruhe	Schloss Rüppurr	de:08212:1207:0:1	48.981471	8.403793		MATCHED	n23703985	51.2	0.17	Schloss Rüppurr			Dammerstock	LINESTRING(8.403793 48.981471,8.403832900000001 48.9810109)
1678	Karlsruhe	Schloss Rüppurr	de:08212:1207:0:11	48.981047	8.403659	bus	NO_MATCH_BUT_OTHER_PLATFORM_MATCHED					ALT53	Karlsruhe Erlenweg		POINT(8.403659 48.981047)
1679	Karlsruhe	Schloss Rüppurr	de:08212:1207:0:2	48.980876	8.403811		MATCHED	n1698377531	0.6	0.9	Schloss Rüppurr			Ostendorfplatz	LINESTRING(8.403811 48.980876,8.4038185 48.9808778)
1680	Karlsruhe	Schloss Rüppurr	de:08212:1207:0:54	48.981618	8.404126	bus	MATCHED_THOUGH_OSM_NO_NAME	n12853330696	7.7	0.23					LINESTRING(8.404126 48.981618,8.404140400000001 48.981686700000004)
1681	Karlsruhe	Schloss Rüppurr	de:08212:1207:0:8	48.981129	8.403991	bus	MATCHED	n12853330695	11.9	0.51	Schloss Rüppur				LINESTRING(8.403991 48.981129,8.4039303 48.981030100000005)
1682	Karlsruhe	Schlossgartenbahn	de:08212:24:1:1	49.014305	8.400676		MATCHED	n28834334	17.3	0.36	Schlossgartenbahn				LINESTRING(8.400676 49.014305,8.400878 49.014224000000006)
1683	Karlsruhe	Schlossgartenbahn	de:08212:24:1:2	49.014305	8.400793		MATCHED	n1680475680	7.5	0.56	Schlossgartenbahn				LINESTRING(8.400793 49.014305,8.4008727 49.0142625)
1684	Karlsruhe	Schule am Weinweg	de:08212:91027:0:1	49.012101	8.445987		NO_MATCH_AND_SEEMS_UNSERVED								POINT(8.445987 49.012101)
1685	Karlsruhe	Schweigener Straße	de:08212:7014:0:1	49.038508	8.369577	bus	MATCHED	n26086190	1.4	0.91	Schweigener Straße	70,74,ALT70	Karlsruhe Weißenburger Straße	Weißenburger Straße	LINESTRING(8.369577 49.038508,8.3695888 49.038498100000005)
1686	Karlsruhe	Schweigener Straße	de:08212:7014:0:2	49.038397	8.369577	bus	MATCHED	n26086191	9.2	0.7	Schweigener Straße	70,74,NL17	KA Kaiserslauterner Straße	Kaiserslauterner Straße	LINESTRING(8.369577 49.038397,8.3696836 49.038440300000005)
1687	Karlsruhe	Schwimmhalle PH	de:08212:9016:0:1	49.014228	8.39614		NO_MATCH_AND_SEEMS_UNSERVED								POINT(8.39614 49.014228)
1688	Karlsruhe	Schwimmschulweg	de:08212:6213:0:1	48.994593	8.364133	bus	MATCHED	n25242220	5.8	0.77	Schwimmschulweg	62,ALT62	Karlsruhe Hardecksiedlung	Hardecksiedlung	LINESTRING(8.364133 48.994593,8.3642114 48.994583000000006)
1689	Karlsruhe	Schwimmschulweg	de:08212:6213:0:2	48.994593	8.364905	bus	MATCHED	n25242219	2.7	0.87	Schwimmschulweg	62,ALT62	Karlsruhe Hornisgrindestraße	Hornisgrindestraße	LINESTRING(8.364905 48.994593,8.364922100000001 48.9946141)
1690	Karlsruhe	Schützenhaus	de:08212:7303:0:1	49.023855	8.396849	bus	MATCHED	n59860657	2.6	0.8	Schützenhaus	71,73	Karlsruhe Ohiostraße / Karlsruhe Am Kanalweg		LINESTRING(8.396849 49.023855,8.3968456 49.023831300000005)
1691	Karlsruhe	Schützenhaus	de:08212:7303:0:2	49.024202	8.396463	bus	MATCHED	n59860656	5.7	0.78	Schützenhaus	71,73	Karlsruhe Studentenhaus / Karlsruhe Linkenheimer Tor	Studentenhaus / Linkenheimer Tor	LINESTRING(8.396463 49.024202,8.3964444 49.024251400000004)
1692	Karlsruhe	Schützenhaus	de:08212:7303:0:3	49.023643	8.397882	bus	MATCHED	w364582548	75.4	0.17	Schützenhaus			Ohiostraße / Heidehof / Am Kanalweg	LINESTRING(8.397882 49.023643,8.396881435272489 49.023805973519345)
1693	Karlsruhe	Sinner	de:08212:6008:0:3	49.002214	8.354233	bus	NO_MATCH_AND_SEEMS_UNSERVED								POINT(8.354233 49.002214)
1694	Karlsruhe	Sinner	de:08212:6008:0:4	49.002661	8.355114	bus	NO_MATCH_AND_SEEMS_UNSERVED								POINT(8.355114 49.002661)
1695	Karlsruhe	Sinner	de:08212:6008:1:1	49.003009	8.356335	bus	NO_MATCH_BUT_OTHER_PLATFORM_MATCHED					60	Karlsruhe Andreas-Hofer-Straße		POINT(8.356335 49.003009)
1696	Karlsruhe	Sinner	de:08212:6008:1:2	49.003074	8.356228	bus	NO_MATCH_BUT_OTHER_PLATFORM_MATCHED					60	Grünwinkel Friedhof		POINT(8.356228 49.003074)
1697	Karlsruhe	Sinner	de:08212:6008:21:E	49.003445	8.354512	bus	NO_MATCH_BUT_OTHER_PLATFORM_MATCHED					62	Karlsruhe TÜV		POINT(8.354512 49.003445)
1698	Karlsruhe	Sinner	de:08212:6008:22:F	49.003392	8.354557		NO_MATCH_AND_SEEMS_UNSERVED								POINT(8.354557 49.003392)
1699	Karlsruhe	Sinner	de:08212:6008:23:G	49.004088	8.355626		NO_MATCH_AND_SEEMS_UNSERVED								POINT(8.355626 49.004088)
1700	Karlsruhe	Sinner	de:08212:6008:2:3	49.002107	8.354081	bus	MATCHED	n26004220	4.9	0.8	Sinner (Durmersheimer Straße)	62,NL15	Karlsruhe Durmersheimer Straße	Durmersheimer Straße	LINESTRING(8.354081 49.002107,8.3541167 49.002144400000006)
1701	Karlsruhe	Sinner	de:08212:6008:2:4	49.002691	8.355114	bus	NO_MATCH_BUT_OTHER_PLATFORM_MATCHED					62,ALT62	Grünwinkel Friedhof		POINT(8.355114 49.002691)
1702	Karlsruhe	Sinner	de:08212:6008:3:5	49.003451	8.354593	bus	NO_MATCH_AND_SEEMS_UNSERVED								POINT(8.354593 49.003451)
1703	Karlsruhe	Sinner	de:08212:6008:3:6	49.00338	8.354548	bus	NO_MATCH_AND_SEEMS_UNSERVED								POINT(8.354548 49.00338)
1704	Karlsruhe	Sinner (Zeppelinstr. )	de:08212:6004:0:1	49.003015	8.356264	bus	MATCHED	n26004223	1.7	0.84	Sinner (Zeppelinstr.)			Andreas-Hofer-Straße	LINESTRING(8.356264 49.003015,8.3562404 49.0030128)
1705	Karlsruhe	Sinner (Zeppelinstr. )	de:08212:6004:0:2	49.003098	8.356264	bus	MATCHED	n26004221	1.5	0.86	Sinner (Zeppelinstr.)			Grünwinkel-Friedhof	LINESTRING(8.356264 49.003098,8.3562632 49.0031115)
1706	Karlsruhe	Sinner (Zeppelinstr. )	de:08212:6004:1:1	49.003015	8.356264	bus	NO_MATCH_AND_SEEMS_UNSERVED								POINT(8.356264 49.003015)
1707	Karlsruhe	Sinner (Zeppelinstr. )	de:08212:6004:1:2	49.003098	8.356264	bus	NO_MATCH_AND_SEEMS_UNSERVED								POINT(8.356264 49.003098)
1708	Karlsruhe	Sinner (Zeppelinstr. )	de:08212:6004:2:3	49.002214	8.354233	bus	NO_MATCH_AND_SEEMS_UNSERVED								POINT(8.354233 49.002214)
1709	Karlsruhe	Sinner (Zeppelinstr. )	de:08212:6004:2:4	49.002661	8.355114	bus	MATCHED	n286343998	2.9	0.78	Sinner (Durmersheimer Straße)			Grünwinkel-Friedhof	LINESTRING(8.355114 49.002661,8.355143700000001 49.0026432)
1710	Karlsruhe	Sophienstraße	de:08212:602:1:1	49.007511	8.379063	tram	MATCHED	n1637997548	3.7	1.0	Sophienstraße	17,2,3,4,5,E,NL2	Karlsruhe Weinbrennerplatz / Karlsruhe Weinbrennerplatz / Karlsruhe Weinbrennerplatz / Karlsruhe Weinbrennerplatz	Weinbrennerplatz	LINESTRING(8.379063 49.007511,8.379044500000001 49.007479800000006)
1711	Karlsruhe	Sophienstraße	de:08212:602:2:2	49.007747	8.379278	tram	MATCHED	n3383740016	2.3	1.0	Sophienstraße	17,2,3,4,5,E,NL2	Karlsruhe Schillerstraße	Schillerstraße	LINESTRING(8.379278 49.007747,8.379295800000001 49.0077645)
1712	Karlsruhe	St. Josef Kirche	de:08212:6206:1:1	48.998318	8.350047	bus	MATCHED	n25642380	8.6	0.69	St. Josefs-Kirche	62,ALT62,NL15	Karlsruhe TÜV	TÜV	LINESTRING(8.350047 48.998318,8.350040400000001 48.998395300000006)
1713	Karlsruhe	St. Josef Kirche	de:08212:6206:2:2	48.998795	8.348529	bus	MATCHED	n420602696	7.8	0.71	St. Josefs-Kirche	62,ALT62	Karlsruhe Durmersheimer Straße	Durmersheimer Straße	LINESTRING(8.348529 48.998795,8.3484975 48.9987281)
1714	Karlsruhe	St. Josef Kirche	de:08212:6206:3:3	48.998843	8.351637		MATCHED_THOUGH_OSM_NO_NAME	w1385215033	126.4	0.07	St. Josefs-Kirche				LINESTRING(8.351637 48.998843,8.350055650000002 48.99838460000001)
1715	Karlsruhe	Stadt KA – Amt für Abfallwirtschaft	de:08212:91051:0:1	48.996078	8.432324		NO_MATCH_AND_SEEMS_UNSERVED								POINT(8.432324 48.996078)
1716	Karlsruhe	Stadtwerke	de:08212:315:11:11	49.007152	8.344361	bus	MATCHED	n1133478884	3.2	0.77	Stadtwerke	NL16	Daxlanden Mauerweg	Mauerweg / Ankerstraße	LINESTRING(8.344361 49.007152,8.3443491 49.0071243)
1717	Karlsruhe	Stadtwerke	de:08212:315:12:12	49.007511	8.344244		NO_MATCH_AND_SEEMS_UNSERVED								POINT(8.344244 49.007511)
1718	Karlsruhe	Stadtwerke	de:08212:315:1:1	49.007223	8.343256	tram	MATCHED	n256570806	12.7	0.54	Stadtwerke	3,E	Daxlanden Mauerweg	Mauerweg	LINESTRING(8.343256 49.007223,8.3434228 49.007191600000006)
1719	Karlsruhe	Stadtwerke	de:08212:315:21:21	49.007258	8.343624		NO_MATCH_AND_SEEMS_UNSERVED								POINT(8.343624 49.007258)
1720	Karlsruhe	Stadtwerke	de:08212:315:22:22	49.007122	8.344289	bus	MATCHED	n12990011096	9.4	0.57	Stadwerke			Entenfang	LINESTRING(8.344289 49.007122,8.3441708 49.0071541)
1721	Karlsruhe	Stadtwerke	de:08212:315:23:23	49.007376	8.344154		NO_MATCH_AND_SEEMS_UNSERVED								POINT(8.344154 49.007376)
1722	Karlsruhe	Stadtwerke	de:08212:315:24:21	49.007111	8.344496		NO_MATCH_AND_SEEMS_UNSERVED								POINT(8.344496 49.007111)
1723	Karlsruhe	Stadtwerke	de:08212:315:24:24	49.007511	8.344244		MATCHED	n6404822374	6.2	0.6	Stadtwerke				LINESTRING(8.344244 49.007511,8.3443278 49.00752060000001)
1724	Karlsruhe	Stadtwerke	de:08212:315:25:25	49.007152	8.344352		MATCHED	n10004188972	3.5	0.71	Stadtwerke			Mauerweg / Ankerstraße	LINESTRING(8.344352 49.007152,8.344341100000001 49.007183100000006)
1725	Karlsruhe	Stadtwerke	de:08212:315:2:2	49.007111	8.34384	tram	MATCHED	n1155496435	6.6	0.68	Stadtwerke	3,E	Karlsruhe Eckenerstraße	Eckenerstraße	LINESTRING(8.34384 49.007111,8.343750700000001 49.0071164)
1726	Karlsruhe	Starckstraße	de:08212:101:1:1	49.016402	8.352886	tram	MATCHED	n31992841	62.0	1.0	Starckstraße			Mühlburg West	LINESTRING(8.352886 49.016402,8.3528801 49.0169598)
1727	Karlsruhe	Starckstraße	de:08212:101:21:21	49.017492	8.353039	bus	NO_MATCH_AND_SEEMS_UNSERVED								POINT(8.353039 49.017492)
1728	Karlsruhe	Starckstraße	de:08212:101:22:22	49.017056	8.353191	bus	NO_MATCH_AND_SEEMS_UNSERVED								POINT(8.353191 49.017056)
1729	Karlsruhe	Starckstraße	de:08212:101:2:2	49.016031	8.35285	tram	MATCHED	n1158323075	61.5	1.0	Starckstraße			Lameyplatz	LINESTRING(8.35285 49.016031,8.3528483 49.016584300000005)
1730	Karlsruhe	Starckstraße	de:08212:101:91:1b	49.017162	8.352868	tram	NO_MATCH_AND_SEEMS_UNSERVED								POINT(8.352868 49.017162)
1731	Karlsruhe	Starckstraße	de:08212:101:92:2b	49.016485	8.352841	tram	NO_MATCH_AND_SEEMS_UNSERVED								POINT(8.352841 49.016485)
1732	Karlsruhe	Staudingerstraße	de:08212:506:0:1	49.009367	8.3638	bus	NO_MATCH_AND_SEEMS_UNSERVED								POINT(8.3638 49.009367)
1733	Karlsruhe	Staufenbergweg	de:08212:6011:0:1	48.991009	8.346975	bus	MATCHED	n25675458	4.6	0.71	Staufenbergweg	60	Karlsruhe Bernsteinstraße	Bernsteinstraße	LINESTRING(8.346975 48.991009,8.3469136 48.9909996)
1734	Karlsruhe	Stephanienbad	de:08212:5202:0:1	48.990809	8.391783	bus	MATCHED	n392129734	8.8	0.71	Stephanienbad	52,ALT52	Karlsruhe Neckarplatz	Neckarplatz	LINESTRING(8.391783 48.990809,8.391711800000001 48.9908731)
1735	Karlsruhe	Stephanienbad	de:08212:5202:0:2	48.991092	8.3919	bus	MATCHED	n392129733	5.1	0.79	Stephanienbad	52,ALT52	Karlsruhe Albtalbahnhof	Albtalbahnhof (Steig B)	LINESTRING(8.3919 48.991092,8.3918897 48.9910464)
1736	Karlsruhe	Stephanplatz	de:08212:52:1:1	49.009055	8.393373		NO_MATCH_AND_SEEMS_UNSERVED								POINT(8.393373 49.009055)
1737	Karlsruhe	Stresemannstraße	de:08212:7402:0:1	49.02634	8.37458	bus	MATCHED	n332571134	0.5	0.95	Stresemannstraße	74	Karlsruhe Kurt-Schumacher-Str.	Kurt-Schumacher-Str.	LINESTRING(8.37458 49.02634,8.3745861 49.026341300000006)
1738	Karlsruhe	Stresemannstraße	de:08212:7402:0:2	49.026217	8.374445	bus	MATCHED	n332571133	1.4	0.91	Stresemannstraße	74	Karlsruhe August-Bebel-Straße	August-Bebel-Straße	LINESTRING(8.374445 49.026217,8.374425200000001 49.0262163)
1739	Karlsruhe	Studentenhaus	de:08212:3002:0:1	49.011465	8.418122	bus	MATCHED	n25311850	7.4	1.0	Studentenhaus	30,71	Karlsruhe Emil-Gött-Straße / Karlsruhe Schützenhaus		LINESTRING(8.418122 49.011465,8.4181627 49.0114044)
1740	Karlsruhe	Studentenhaus	de:08212:3002:0:2	49.010982	8.417897	bus	MATCHED	n25311852	5.2	1.0	Studentenhaus	30,71	KA Durlacher Tor/KIT-Campus Süd / KA Durlacher Tor/KIT-Campus Süd		LINESTRING(8.417897 49.010982,8.4178882 49.011028700000004)
1741	Karlsruhe	Stupferich Efeustraße	de:08212:2222:0:1	48.956656	8.512507	bus	MATCHED	n5841700191	1.4	0.6	Efeustraße	158	Stupferich Karlsbader Str.		LINESTRING(8.512507 48.956656,8.512489200000001 48.956659200000004)
1742	Karlsruhe	Stupferich Efeustraße	de:08212:2222:0:2	48.956721	8.512696	bus	MATCHED	n5840177566	12.5	0.51	Efeustraße	158	Mutschelbach Sonnenberg	Mutschelbach Sonnenberg	LINESTRING(8.512696 48.956721,8.5126307 48.9566171)
1743	Karlsruhe	Stupferich Gerberastraße	de:08212:2306:0:1	48.956379	8.507342	bus	MATCHED	n25507111	7.4	0.37	Gerberastraße	158,23	Stupferich Karlsbader Str.	Karlsbader Straße	LINESTRING(8.507342 48.956379,8.507332700000001 48.9563131)
1744	Karlsruhe	Stupferich Gerberastraße	de:08212:2306:0:2	48.956497	8.507324	bus	MATCHED	n25507110	5.1	0.41	Gerberastraße	23,NL3	Durlach Thomashof	Thomashof	LINESTRING(8.507324 48.956497,8.5073782 48.956467700000005)
1745	Karlsruhe	Stupferich Gerberastraße	de:08212:2306:0:3	48.956709	8.506489		NO_MATCH_AND_SEEMS_UNSERVED								POINT(8.506489 48.956709)
1746	Karlsruhe	Stupferich Gerberastraße	de:08212:2306:0:4	48.956691	8.506857		NO_MATCH_AND_SEEMS_UNSERVED								POINT(8.506857 48.956691)
1747	Karlsruhe	Stupferich Grundschule	de:08212:91032:0:1	48.953889	8.511447		NO_MATCH_AND_SEEMS_UNSERVED								POINT(8.511447 48.953889)
1748	Karlsruhe	Stupferich Karlsbader Str. 	de:08212:2307:0:1	48.953889	8.507737	bus	MATCHED	n1779246533	8.7	0.53	Karlsbader Straße	158,23,47,ALT47	Stupferich Pfefferäcker	Pfefferäcker	LINESTRING(8.507737 48.953889,8.5078181 48.953946800000004)
1749	Karlsruhe	Stupferich Karlsbader Str. 	de:08212:2307:0:2	48.954237	8.508762	bus	MATCHED	n9032527687	2.2	0.65	Karlsbader Straße	23,NL3	Stupferich Gerberastraße	Gerberastraße	LINESTRING(8.508762 48.954237,8.5087636 48.954256900000004)
1750	Karlsruhe	Stupferich Karlsbader Str. 	de:08212:2307:0:21	48.953931	8.508555	bus	NO_MATCH_AND_SEEMS_UNSERVED								POINT(8.508555 48.953931)
1751	Karlsruhe	Stupferich Karlsbader Str. 	de:08212:2307:0:22	48.953948	8.508483	bus	NO_MATCH_AND_SEEMS_UNSERVED								POINT(8.508483 48.953948)
1752	Karlsruhe	Stupferich Karlsbader Str. 	de:08212:2307:0:25	48.953889	8.508528		NO_MATCH_AND_SEEMS_UNSERVED								POINT(8.508528 48.953889)
1753	Karlsruhe	Stupferich Karlsbader Str. 	de:08212:2307:0:3	48.953972	8.507998	bus	MATCHED	n1779246535	11.1	0.5	Karlsbader Straße	158	Stupferich Efeustraße	Efeustraße	LINESTRING(8.507998 48.953972,8.5081282 48.9540233)
1754	Karlsruhe	Stupferich Karlsbader Str. 	de:08212:2307:0:4	48.954184	8.508726	bus	NO_MATCH_AND_SEEMS_UNSERVED								POINT(8.508726 48.954184)
1755	Karlsruhe	Stupferich Kirche	de:08212:4713:0:1	48.951288	8.509103	bus	MATCHED	n25508838	5.9	0.77	Stupferich Kirche	158,23,47,NL3	Stupferich Wiesentalstraße	Wiesentalstraße	LINESTRING(8.509103 48.951288,8.509107100000001 48.951235100000005)
1756	Karlsruhe	Stupferich Kirche	de:08212:4713:0:2	48.951512	8.509202		NO_MATCH_AND_SEEMS_UNSERVED								POINT(8.509202 48.951512)
1757	Karlsruhe	Stupferich Pfefferäcker	de:08212:4717:0:1	48.952391	8.503947	bus	MATCHED	n25508851	7.0	0.38	Pfefferäcker	158,23,47,ALT47	Palmbach Auf der Römerstraße / Stupferich Rieslingstraße / Langensteinbach Aussiedlerhf.	Aussiedlerhöfe / Rieslingstraße / Auf der Römerstraße	LINESTRING(8.503947 48.952391,8.503937500000001 48.9524534)
1758	Karlsruhe	Stupferich Pfefferäcker	de:08212:4717:0:11	48.952379	8.504063		NO_MATCH_AND_SEEMS_UNSERVED								POINT(8.504063 48.952379)
1759	Karlsruhe	Stupferich Pfefferäcker	de:08212:4717:0:2	48.952379	8.504036	bus	MATCHED	n5840633290	6.8	0.55	Pfefferäcker	158	Stupferich Karlsbader Str.	Karlsbader Straße	LINESTRING(8.504036 48.952379,8.5041288 48.952375700000005)
1760	Karlsruhe	Stupferich Rathaus	de:08212:4715:0:1	48.954296	8.510639	bus	MATCHED	n1779246536	7.1	0.74	Stupferich Rathaus	158,23,47,ALT47,NL3	Stupferich Efeustraße / Stupferich Karlsbader Str. / Stupferich Karlsbader Str. / Palmbach Auf der Römerstraße	Karlsbader Straße / Pfefferäcker / Heinz-Barth-Schule	LINESTRING(8.510639 48.954296,8.5106652 48.9542347)
1761	Karlsruhe	Stupferich Rathaus	de:08212:4715:0:2	48.95396	8.511052		NO_MATCH_AND_SEEMS_UNSERVED								POINT(8.511052 48.95396)
1762	Karlsruhe	Stupferich Rathaus	de:08212:4715:0:3	48.953771	8.510594		NO_MATCH_AND_SEEMS_UNSERVED								POINT(8.510594 48.953771)
1763	Karlsruhe	Stupferich Rebgärtenstraße	de:08212:4712:0:1	48.950338	8.505312	bus	MATCHED	n25508833	71.5	0.26	Rebgärtenstraße	158,23,47,NL3	Stupferich Kirche	Stupferich Kirche	LINESTRING(8.505312 48.950338,8.505941700000001 48.949846900000004)
1764	Karlsruhe	Stupferich Rebgärtenstraße	de:08212:4712:0:2	48.950503	8.505195		NO_MATCH_AND_SEEMS_UNSERVED								POINT(8.505195 48.950503)
1765	Karlsruhe	Stupferich Rieslingstraße	de:08212:4711:0:1	48.951247	8.503309	bus	MATCHED	n1603350658	4.8	0.49	Rieslingstraße	158,23,47,NL3	Stupferich Rebgärtenstraße	Rebgärtenstraße	LINESTRING(8.503309 48.951247,8.5033391 48.951209000000006)
1766	Karlsruhe	Stupferich Rieslingstraße	de:08212:4711:0:2	48.951412	8.503668		NO_MATCH_AND_SEEMS_UNSERVED								POINT(8.503668 48.951412)
1767	Karlsruhe	Stupferich Wiesentalstraße	de:08212:4714:0:1	48.95209	8.511394	bus	MATCHED	n2510325474	15.7	0.48	Wiesentalstraße	158,23,47,NL3	Stupferich Rathaus	Stupferich Rathaus	LINESTRING(8.511394 48.95209,8.5116036 48.952058900000004)
1768	Karlsruhe	Stupferich Wiesentalstraße	de:08212:4714:0:2	48.952255	8.511951		NO_MATCH_AND_SEEMS_UNSERVED								POINT(8.511951 48.952255)
1769	Karlsruhe	Stupferich Wiesentalstraße	de:08212:4714:0:3	48.952232	8.510217		NO_MATCH_AND_SEEMS_UNSERVED								POINT(8.510217 48.952232)
1770	Karlsruhe	Synagoge	de:08212:5:11:11	49.017463	8.385306		MATCHED	n5590612869	1.2	0.85	Synagoge				LINESTRING(8.385306 49.017463,8.385321600000001 49.017459)
1771	Karlsruhe	Synagoge	de:08212:5:12:12	49.017616	8.384794		MATCHED	n6404051281	3.1	0.73	Synagoge				LINESTRING(8.384794 49.017616,8.384765100000001 49.0175953)
1772	Karlsruhe	Synagoge	de:08212:5:1:1	49.018258	8.384848	tram	MATCHED	n1720905770	35.9	1.0	Synagoge	1,E,NL1	Karlsruhe Lilienthalstraße	Lilienthalstraße	LINESTRING(8.384848 49.018258,8.3849028 49.017937100000005)
1773	Karlsruhe	Synagoge	de:08212:5:2:2	49.017563	8.38492	tram	MATCHED	n256569382	5.7	1.0	Synagoge	1,E,NL1	KA Kunstakademie/Hochschule	Kunstakademie / Hochschule Karlsruhe	LINESTRING(8.38492 49.017563,8.3849178 49.017614200000004)
1774	Karlsruhe	Südendschule	de:08212:5504:0:1	48.99863	8.389052	bus	MATCHED	n635041056	3.2	0.85	Südendschule	55	Karlsruhe ZKM	Lorenzstraße/ZKM	LINESTRING(8.389052 48.99863,8.3890133 48.9986441)
1775	Karlsruhe	Südendschule	de:08212:5504:0:2	48.998554	8.38836	bus	MATCHED	n635041057	6.5	0.76	Südendschule	55	Karlsruhe Kolpingplatz	Kolpingplatz	LINESTRING(8.38836 48.998554,8.3882856 48.9985227)
1776	Karlsruhe	Südendschule	de:08212:5504:0:3	48.998471	8.391064		NO_MATCH_AND_SEEMS_UNSERVED								POINT(8.391064 48.998471)
1777	Karlsruhe	TSNV	de:08212:8585:0:A	49.00585	8.434363		NO_MATCH_AND_SEEMS_UNSERVED								POINT(8.434363 49.00585)
1778	Karlsruhe	TSNV	de:08212:8585:0:B	49.005685	8.43421		NO_MATCH_AND_SEEMS_UNSERVED								POINT(8.43421 49.005685)
1779	Karlsruhe	TSNV	de:08212:8585:21:A	49.005826	8.434363	bus	NO_MATCH_AND_SEEMS_UNSERVED								POINT(8.434363 49.005826)
1780	Karlsruhe	TSNV	de:08212:8585:22:B	49.00569	8.434219	bus	NO_MATCH_AND_SEEMS_UNSERVED								POINT(8.434219 49.00569)
1781	Karlsruhe	Talstation (140m)	de:08212:90003:1:1	48.998395	8.480923		MATCHED_THOUGH_OSM_NO_NAME	w846777796	40.2	0.06					LINESTRING(8.480923 48.998395,8.481471800000001 48.998412650000006)
1782	Karlsruhe	Tivoli	de:08212:84:1:1	48.996644	8.410405	tram	MATCHED	n1727482374	10.6	1.0	Tivoli	17,3,4	Karlsruhe Poststraße	Poststraße	LINESTRING(8.410405 48.996644,8.410472200000001 48.9967285)
1783	Karlsruhe	Tivoli	de:08212:84:1:11	48.996674	8.410423	trainish	NO_MATCH_AND_SEEMS_UNSERVED								POINT(8.410423 48.996674)
1784	Karlsruhe	Tivoli	de:08212:84:21:21	48.996715	8.410342	bus	NO_MATCH_AND_SEEMS_UNSERVED								POINT(8.410342 48.996715)
1785	Karlsruhe	Tivoli	de:08212:84:21:22	48.997145	8.410315	bus	NO_MATCH_AND_SEEMS_UNSERVED								POINT(8.410315 48.997145)
1786	Karlsruhe	Tivoli	de:08212:84:21:A	48.996715	8.410342	bus	NO_MATCH_AND_SEEMS_UNSERVED								POINT(8.410342 48.996715)
1787	Karlsruhe	Tivoli	de:08212:84:22:22	48.997145	8.410315	bus	NO_MATCH_AND_SEEMS_UNSERVED								POINT(8.410315 48.997145)
1788	Karlsruhe	Tivoli	de:08212:84:22:23	48.996809	8.411043	bus	NO_MATCH_AND_SEEMS_UNSERVED								POINT(8.411043 48.996809)
1789	Karlsruhe	Tivoli	de:08212:84:22:B	48.997145	8.410315	bus	NO_MATCH_AND_SEEMS_UNSERVED								POINT(8.410315 48.997145)
1790	Karlsruhe	Tivoli	de:08212:84:23:23	48.996786	8.411052	bus	NO_MATCH_AND_SEEMS_UNSERVED								POINT(8.411052 48.996786)
1791	Karlsruhe	Tivoli	de:08212:84:2:12	48.996933	8.411079	trainish	NO_MATCH_AND_SEEMS_UNSERVED								POINT(8.411079 48.996933)
1792	Karlsruhe	Tivoli	de:08212:84:2:2	48.996974	8.410692	tram	MATCHED	n402533399	0.7	1.0	Tivoli	17,3,4	Karlsruhe Werderstraße	Werderstraße	LINESTRING(8.410692 48.996974,8.4107006 48.996971800000004)
1793	Karlsruhe	Tivoli	de:08212:84:3:3	48.996762	8.410692	tram	MATCHED	n1106695640	1.8	1.0	Tivoli			Poststraße	LINESTRING(8.410692 48.996762,8.4106745 48.9967504)
1794	Karlsruhe	Tivoli	de:08212:84:5:5	48.996067	8.409066	tram	NO_MATCH_AND_SEEMS_UNSERVED								POINT(8.409066 48.996067)
1795	Karlsruhe	Tivoli	de:08212:84:6:6	48.996031	8.409031	tram	NO_MATCH_AND_SEEMS_UNSERVED								POINT(8.409031 48.996031)
1796	Karlsruhe	Trierer Straße	de:08212:7406:0:1	49.035352	8.372721	bus	MATCHED	n332571138	2.1	0.88	Trierer Straße	74	KA Kaiserslauterner Straße	Kaiserslauterner Straße	LINESTRING(8.372721 49.035352,8.3727503 49.035352)
1797	Karlsruhe	Trierer Straße	de:08212:7406:0:2	49.035246	8.372424	bus	MATCHED	n332571137	1.8	0.9	Trierer Straße	74,NL17	Karlsruhe Frankenthaler Straße	Frankenthaler Straße	LINESTRING(8.372424 49.035246,8.3724465 49.0352534)
1798	Karlsruhe	Tullabad	de:08212:9015:0:1	49.000752	8.402841		NO_MATCH_AND_SEEMS_UNSERVED								POINT(8.402841 49.000752)
1799	Karlsruhe	TÜV	de:08212:6207:0:1	48.996721	8.348493	bus	MATCHED	n25642822	1.1	0.92	TÜV	62,ALT62,NL15	Karlsruhe Eichelbergstraße	Eichelbergstraße	LINESTRING(8.348493 48.996721,8.3484938 48.996710900000004)
1800	Karlsruhe	TÜV	de:08212:6207:0:2	48.996438	8.348197	bus	MATCHED	n25642689	11.3	0.67	TÜV	62,ALT62	Karlsruhe Edelbergstraße / Karlsruhe St. Josef Kirche	St. Josefs-Kirche	LINESTRING(8.348197 48.996438,8.3481725 48.9963375)
1801	Karlsruhe	TÜV	de:08212:6207:0:D	48.996715	8.348313	bus	NO_MATCH_BUT_OTHER_PLATFORM_MATCHED					62,ALT62	Karlsruhe Eichelbergstraße		POINT(8.348313 48.996715)
1802	Karlsruhe	Vogesenbrücke	de:08212:102:0:1	49.009108	8.355563	bus	MATCHED	n25242196	9.1	0.71	Vogesenbrücke	60,62,NL15	Karlsruhe Blohnstraße	Blohnstraße	LINESTRING(8.355563 49.009108,8.3554548 49.0090677)
1803	Karlsruhe	Vogesenbrücke	de:08212:102:0:2	49.00975	8.354763		NO_MATCH_AND_SEEMS_UNSERVED								POINT(8.354763 49.00975)
1804	Karlsruhe	Vogesenbrücke	de:08212:102:0:B	49.00975	8.354763		NO_MATCH_AND_SEEMS_UNSERVED								POINT(8.354763 49.00975)
1805	Karlsruhe	Vogesenschule	de:08212:91020:0:1	49.010522	8.35568		NO_MATCH_AND_SEEMS_UNSERVED								POINT(8.35568 49.010522)
1806	Karlsruhe	Waldstadt Breslauer Straße	de:08212:3008:0:1	49.028685	8.430105	bus	MATCHED	w724449971	10.2	0.6	Breslauer Straße	30	Waldstadt Schneidemühler Str.	Schneidemühler Straße	LINESTRING(8.430105 49.028685,8.430048859115185 49.02860051204849)
1807	Karlsruhe	Waldstadt Breslauer Straße	de:08212:3008:0:2	49.029015	8.430419	bus	MATCHED	n4257401254	7.9	0.67	Breslauer Straße	30	Karlsruhe Rintheimer Querallee	Rintheimer Querallee	LINESTRING(8.430419 49.029015,8.4304591 49.029081100000006)
1808	Karlsruhe	Waldstadt Breslauer Straße	de:08212:3008:0:3	49.028897	8.431048		NO_MATCH_AND_SEEMS_UNSERVED								POINT(8.431048 49.028897)
1809	Karlsruhe	Waldstadt Breslauer Straße	de:08212:3008:0:4	49.028832	8.430976		MATCHED	n25419116	72.5	0.11	Breslauer Straße				LINESTRING(8.430976 49.028832,8.4300488 49.0286005)
1810	Karlsruhe	Waldstadt Elbinger Straße Ost	de:08212:3017:1:1	49.040793	8.450694	tram	MATCHED	n1690128068	1.1	1.0	Elbinger Straße (Ost)	17,18,4,E,NL1	Waldstadt Jägerhaus	Jägerhaus	LINESTRING(8.450694 49.040793,8.450704700000001 49.040799400000004)
1811	Karlsruhe	Waldstadt Elbinger Straße Ost	de:08212:3017:2:2	49.040646	8.450497	tram	MATCHED	n1690847745	1.2	1.0	Elbinger Straße (Ost)	17,18,4,E,NL1	Waldstadt Osteroder Straße	Osteroder Straße	LINESTRING(8.450497 49.040646,8.4505137 49.040646)
1812	Karlsruhe	Waldstadt Elbinger Straße West	de:08212:3011:0:1	49.041241	8.43845	bus	MATCHED	w737117911	7.6	0.67	Elbinger Straße (West)	30	Waldstadt Europäische Schule / Waldstadt Elbinger Straße West	Europäische Schule Steig D	LINESTRING(8.43845 49.041241,8.438443729858442 49.04117308864818)
1813	Karlsruhe	Waldstadt Elbinger Straße West	de:08212:3011:0:2	49.040864	8.437849	bus	MATCHED	w653578526	9.1	0.64	Elbinger Straße (West)	30	Waldstadt Kolberger Straße	Insterburger / Kolberger Straße	LINESTRING(8.437849 49.040864,8.437887060372502 49.04094219051776)
1814	Karlsruhe	Waldstadt Europäische Schule	de:08212:3012:11:11	49.045386	8.447703	bus	MATCHED	n25313806	4.1	0.6	Europäische Schule	30	Waldstadt Elbinger Straße West		LINESTRING(8.447703 49.045386,8.447647 49.0453921)
1815	Karlsruhe	Waldstadt Europäische Schule	de:08212:3012:1:1	49.044797	8.446796	tram	MATCHED	n1690153847	1.5	1.0	Europäische Schule	17,18,4,E,NL1	Waldstadt Osteroder Straße	Osteroder Straße	LINESTRING(8.446796 49.044797,8.4468107 49.0448067)
1816	Karlsruhe	Waldstadt Europäische Schule	de:08212:3012:2:2	49.045339	8.447299	tram	MATCHED	n1690153864	39.4	1.0	Europäische Schule	17,18,4,E,NL1	Waldstadt Europäische Schule		LINESTRING(8.447299 49.045339,8.446979800000001 49.045053700000004)
1817	Karlsruhe	Waldstadt Glogauer Straße	de:08212:407:11:11	49.031665	8.441909	bus	MATCHED	n5212659912	1.5	0.72	Glogauer Straße				LINESTRING(8.441909 49.031665,8.4418881 49.0316667)
1818	Karlsruhe	Waldstadt Glogauer Straße	de:08212:407:12:12	49.031989	8.442268	bus	MATCHED	n5212659910	2.9	0.66	Glogauer Straße				LINESTRING(8.442268 49.031989,8.4422958 49.0319701)
1819	Karlsruhe	Waldstadt Glogauer Straße	de:08212:407:1:1	49.031712	8.441783	tram	MATCHED	n1690128084	2.4	1.0	Glogauer Straße	17,18,4,E,NL1	Waldstadt Im Eichbäumle	Im Eichbäumle / Fächerbad	LINESTRING(8.441783 49.031712,8.4417787 49.0316904)
1820	Karlsruhe	Waldstadt Glogauer Straße	de:08212:407:2:2	49.031965	8.442071	tram	MATCHED	n1690784427	1.0	1.0	Glogauer Straße	17,18,4,E,NL1	Waldstadt Zentrum	Waldstadt Zentrum	LINESTRING(8.442071 49.031965,8.442083400000001 49.031969600000004)
1821	Karlsruhe	Waldstadt Im Eichbäumle	de:08212:406:1:1	49.029574	8.447829	tram	MATCHED	n1690128088	0.2	1.0	Im Eichbäumle	17,18,4,E,NL1	Hagsfeld Fächerbad	Fächerbad	LINESTRING(8.447829 49.029574,8.447828600000001 49.029572400000006)
1822	Karlsruhe	Waldstadt Im Eichbäumle	de:08212:406:2:2	49.029568	8.44791	tram	MATCHED	n1711482088	1.8	1.0	Im Eichbäumle	17,18,4,E,NL1	Waldstadt Glogauer Straße	Glogauer Straße / Europäische Schule	LINESTRING(8.44791 49.029568,8.4479216 49.029554100000006)
1823	Karlsruhe	Waldstadt Insterburger Straße	de:08212:3018:0:1	49.037484	8.443894		NO_MATCH_AND_SEEMS_UNSERVED								POINT(8.443894 49.037484)
1824	Karlsruhe	Waldstadt Jägerhaus	de:08212:409:1:1	49.036818	8.446913	tram	MATCHED	n1690128093	0.2	1.0	Jägerhaus	17,18,4,E,NL1	Waldstadt Zentrum	Waldstadt Zentrum	LINESTRING(8.446913 49.036818,8.4469124 49.036819400000006)
1825	Karlsruhe	Waldstadt Jägerhaus	de:08212:409:2:2	49.037401	8.447541	tram	MATCHED	n1690441749	3.9	1.0	Jägerhaus	17,18,4,E,NL1	Waldstadt Elbinger Straße Ost	Elbinger Straße (Ost)	LINESTRING(8.447541 49.037401,8.447522900000001 49.037368)
1826	Karlsruhe	Waldstadt Jägerhaus	de:08212:409:3:3	49.037048	8.447919	tram	MATCHED	n1690441763	6.2	1.0	Jägerhaus				LINESTRING(8.447919 49.037048,8.4478413 49.037025500000006)
1827	Karlsruhe	Waldstadt Kolberger Straße	de:08212:3010:0:1	49.038579	8.43536	bus	MATCHED	w653578529	10.1	0.58	Insterburger / Kolberger Straße	30	Waldstadt Elbinger Straße West	Elbinger Straße (West)	LINESTRING(8.43536 49.038579,8.435328898809901 49.03849064211892)
1828	Karlsruhe	Waldstadt Kolberger Straße	de:08212:3010:0:2	49.038161	8.434704	bus	MATCHED	w653578528	9.8	0.59	Insterburger / Kolberger Straße	30	Waldstadt Schneidemühler Str.	Schneidemühler Straße	LINESTRING(8.434704 49.038161,8.434741661020274 49.03824553267681)
1829	Karlsruhe	Waldstadt Osteroder Straße	de:08212:411:1:1	49.043196	8.447658	tram	MATCHED	n1690128097	0.4	1.0	Osteroder Straße	17,18,4,E,NL1	Waldstadt Elbinger Straße Ost	Elbinger Straße (Ost)	LINESTRING(8.447658 49.043196,8.447655300000001 49.043193)
1830	Karlsruhe	Waldstadt Osteroder Straße	de:08212:411:2:2	49.043514	8.446652	tram	MATCHED	n1690847765	4.8	1.0	Osteroder Straße	17,18,4,E,NL1	Waldstadt Europäische Schule	Europäische Schule	LINESTRING(8.446652 49.043514,8.4467119 49.043496000000005)
1831	Karlsruhe	Waldstadt Pillauer Straße	de:08212:3016:0:1	49.036865	8.435998	bus	NO_MATCH_AND_SEEMS_UNSERVED								POINT(8.435998 49.036865)
1832	Karlsruhe	Waldstadt Pillauer Straße	de:08212:3016:0:2	49.036865	8.435809	bus	MATCHED	n6125058680	169.9	0.06	Insterburger / Kolberger Straße				LINESTRING(8.435809 49.036865,8.4347668 49.038231)
1833	Karlsruhe	Waldstadt Schneidem. Str. (Ost)	de:08212:3019:0:1	49.035158	8.44137		NO_MATCH_AND_SEEMS_UNSERVED								POINT(8.44137 49.035158)
1834	Karlsruhe	Waldstadt Schneidemühler Str. 	de:08212:3009:0:1	49.035269	8.431515	bus	MATCHED	w601343159	9.4	0.62	Schneidemühler Straße	30	Waldstadt Kolberger Straße	Insterburger / Kolberger Straße	LINESTRING(8.431515 49.035269,8.431488891776247 49.03518625147324)
1835	Karlsruhe	Waldstadt Schneidemühler Str. 	de:08212:3009:0:11	49.034574	8.4313	bus	MATCHED	n25314004	69.2	0.15	Schneidemühler Straße				LINESTRING(8.4313 49.034574,8.431482800000001 49.035185000000006)
1836	Karlsruhe	Waldstadt Schneidemühler Str. 	de:08212:3009:0:12	49.034545	8.431291	bus	NO_MATCH_AND_SEEMS_UNSERVED								POINT(8.431291 49.034545)
1837	Karlsruhe	Waldstadt Schneidemühler Str. 	de:08212:3009:0:13	49.035158	8.44137		NO_MATCH_AND_SEEMS_UNSERVED								POINT(8.44137 49.035158)
1838	Karlsruhe	Waldstadt Schneidemühler Str. 	de:08212:3009:0:2	49.034869	8.430923	bus	MATCHED	n4257401267	4.1	0.73	Schneidemühler Straße	30	Waldstadt Breslauer Straße	Breslauer Straße	LINESTRING(8.430923 49.034869,8.4309039 49.0349036)
1839	Karlsruhe	Waldstadt Zentrum	de:08212:408:11:11	49.035046	8.44526	bus	MATCHED	n25313598	6.7	0.64	Waldstadt Zentrum	31,ALT31	Hagsfeld Hallesche Allee		LINESTRING(8.44526 49.035046,8.445283400000001 49.0351044)
1840	Karlsruhe	Waldstadt Zentrum	de:08212:408:12:12	49.034616	8.445044	bus	MATCHED	n4189216589	1.9	0.84	Waldstadt Zentrum				LINESTRING(8.445044 49.034616,8.445054500000001 49.0346008)
1841	Karlsruhe	Waldstadt Zentrum	de:08212:408:13:13	49.034745	8.445107	bus	MATCHED	n4189216592	6.1	0.65	Waldstadt Zentrum				LINESTRING(8.445107 49.034745,8.4451155 49.034800000000004)
1842	Karlsruhe	Waldstadt Zentrum	de:08212:408:1:1	49.03501	8.44508	tram	MATCHED	n25313722	5.2	1.0	Waldstadt Zentrum	17,18,4,E,NL1	Waldstadt Glogauer Straße	Glogauer Straße	LINESTRING(8.44508 49.03501,8.4451351 49.0350399)
1843	Karlsruhe	Waldstadt Zentrum	de:08212:408:2:2	49.035252	8.445376	tram	MATCHED	n1690784918	0.8	1.0	Waldstadt Zentrum	17,18,4,E,NL1	Waldstadt Jägerhaus	Jägerhaus	LINESTRING(8.445376 49.035252,8.445387400000001 49.035251)
1844	Karlsruhe	Waldstraße	de:08212:4:22:22	49.009886	8.39711	bus	NO_MATCH_AND_SEEMS_UNSERVED								POINT(8.39711 49.009886)
1845	Karlsruhe	Wattkopfstraße	de:08212:6009:0:1	48.994505	8.351502	bus	MATCHED	n420673169	2.1	0.89	Wattkopfstraße	60,62,83,ALT62	Karlsruhe Bernsteinstraße / Karlsruhe Bernsteinstraße	Bernsteinstraße	LINESTRING(8.351502 48.994505,8.3514733 48.994507600000006)
1846	Karlsruhe	Wattkopfstraße	de:08212:6009:0:2	48.994646	8.351754	bus	MATCHED	n420673166	5.1	0.79	Wattkopfstraße	60,62,ALT62,NL15	Karlsruhe Edelbergstraße	Edelbergstraße	LINESTRING(8.351754 48.994646,8.3518018 48.9946129)
1847	Karlsruhe	Weiherhof	de:08212:5204:0:1	48.985669	8.392753	bus	MATCHED	n392129730	5.4	0.79	Weiherhof	52,ALT52	Karlsruhe Belchenplatz	Belchenplatz	LINESTRING(8.392753 48.985669,8.392751800000001 48.9857172)
1848	Karlsruhe	Weiherhof	de:08212:5204:0:2	48.985863	8.392987	bus	MATCHED	n310394976	8.7	0.71	Weiherhof	52,ALT52	Karlsruhe Neckarplatz	Neckarplatz	LINESTRING(8.392987 48.985863,8.3929722 48.9857856)
1849	Karlsruhe	Weinbrennerplatz	de:08212:603:10:10	49.005054	8.37856	tram	MATCHED	n4297083049	4.8	1.0	Weinbrennerplatz Ersatzhaltestelle	4	Karlsruhe Lessingstraße		LINESTRING(8.37856 49.005054,8.3785427 49.0050127)
1850	Karlsruhe	Weinbrennerplatz	de:08212:603:11:11	49.005667	8.376754	bus	MATCHED	w604967252	26.3	0.5	Weinbrennerplatz	55	Karlsruhe Hübschstraße	Hübschstraße	LINESTRING(8.376754 49.005667,8.37711035 49.00569695)
1851	Karlsruhe	Weinbrennerplatz	de:08212:603:12:12	49.005555	8.377724	bus	MATCHED	w655406350	11.7	0.65	Weinbrennerplatz	55	Karlsruhe Holtzstraße	Holtzstraße	LINESTRING(8.377724 49.005555,8.377567 49.00553515)
1852	Karlsruhe	Weinbrennerplatz	de:08212:603:16:16	49.00539	8.378515		NO_MATCH_AND_SEEMS_UNSERVED								POINT(8.378515 49.00539)
1853	Karlsruhe	Weinbrennerplatz	de:08212:603:1:1	49.005137	8.377832	tram	NO_MATCH_BUT_OTHER_PLATFORM_MATCHED					4,E,NL2	Karlsruhe Landesbausparkasse		POINT(8.377832 49.005137)
1854	Karlsruhe	Weinbrennerplatz	de:08212:603:21:21	49.005897	8.377158		NO_MATCH_AND_SEEMS_UNSERVED								POINT(8.377158 49.005897)
1855	Karlsruhe	Weinbrennerplatz	de:08212:603:21:23	49.00602	8.376718		MATCHED	n1637995848	56.5	0.15	Weinbrennerplatz			Hübschstraße	LINESTRING(8.376718 49.00602,8.3761851 49.005652600000005)
1856	Karlsruhe	Weinbrennerplatz	de:08212:603:24:24	49.005343	8.37865		NO_MATCH_AND_SEEMS_UNSERVED								POINT(8.37865 49.005343)
1857	Karlsruhe	Weinbrennerplatz	de:08212:603:2:2	49.005425	8.377859	tram	MATCHED	n5738963867	51.2	1.0	Weinbrennerplatz	4,E,NL2	Karlsruhe Sophienstraße	Lessingstraße	LINESTRING(8.377859 49.005425,8.3772506 49.005652000000005)
1858	Karlsruhe	Weinbrennerplatz	de:08212:603:33:13	49.005549	8.378308	trainish	NO_MATCH_AND_SEEMS_UNSERVED								POINT(8.378308 49.005549)
1859	Karlsruhe	Weinbrennerplatz	de:08212:603:34:24	49.005343	8.37865		NO_MATCH_AND_SEEMS_UNSERVED								POINT(8.37865 49.005343)
1860	Karlsruhe	Weinbrennerplatz	de:08212:603:3:3	49.005655	8.37617	tram	MATCHED	n1716361371	137.7	1.0	Weinbrennerplatz	5,E	Karlsruhe Hübschstraße	Landesbausparkasse	LINESTRING(8.37617 49.005655,8.3778403 49.0050839)
1861	Karlsruhe	Weinbrennerplatz	de:08212:603:4:4	49.005655	8.377176	tram	MATCHED	n26043058	57.2	1.0	Weinbrennerplatz	5	Karlsruhe Lessingstraße / Karlsruhe Sophienstraße	Sophienstraße	LINESTRING(8.377176 49.005655,8.377874 49.0054232)
1862	Karlsruhe	Weinbrennerplatz	de:08212:603:5:5	49.005962	8.37794	tram	MATCHED	n3380250010	5.8	1.0	Weinbrennerplatz	E	Karlsruhe Lessingstraße		LINESTRING(8.37794 49.005962,8.3779123 49.005913500000005)
1863	Karlsruhe	Weinbrennerplatz	de:08212:603:6:6	49.006315	8.378236	tram	MATCHED	n3383740019	30.5	1.0	Weinbrennerplatz	E	Karlsruhe Sophienstraße		LINESTRING(8.378236 49.006315,8.378066500000001 49.006064200000004)
1864	Karlsruhe	Weinbrennerplatz	de:08212:603:7:7	49.005549	8.378299	tram	MATCHED	n26043069	6.4	1.0	Weinbrennerplatz	17,2,3	Karlsruhe Sophienstraße	Sophienstraße	LINESTRING(8.378299 49.005549,8.3783764 49.005523000000004)
1865	Karlsruhe	Weinbrennerplatz	de:08212:603:8:8	49.005402	8.378694	tram	MATCHED	n7424864394	5.2	1.0	Weinbrennerplatz	17,2,3	Karlsruhe Lessingstraße	Lessingstraße	LINESTRING(8.378694 49.005402,8.3786299 49.005422100000004)
1866	Karlsruhe	Weinbrennerplatz	de:08212:603:91:91	49.005555	8.378371	bus	MATCHED	w175804774	13.9	0.44	Weinbrennerplatz			Sophienstraße	LINESTRING(8.378371 49.005555,8.378543230853323 49.00550201010066)
1867	Karlsruhe	Weinbrennerplatz	de:08212:603:92:92	49.005738	8.376682	bus	NO_MATCH_AND_SEEMS_UNSERVED								POINT(8.376682 49.005738)
1868	Karlsruhe	Weinbrennerplatz	de:08212:603:97:7	49.005549	8.378308	trainish	NO_MATCH_AND_SEEMS_UNSERVED								POINT(8.378308 49.005549)
1869	Karlsruhe	Weinbrennerplatz	de:08212:603:9:9	49.004736	8.378326	tram	MATCHED	n1726681506	2.8	1.0	Weinbrennerplatz Ersatzhaltestelle	4	Karlsruhe Landesbausparkasse		LINESTRING(8.378326 49.004736,8.3783487 49.0047561)
1870	Karlsruhe	Weinbrennerschule	de:08212:91038:0:1	49.005514	8.378416		NO_MATCH_AND_SEEMS_UNSERVED								POINT(8.378416 49.005514)
1871	Karlsruhe	Weinweg	de:08212:9:1:1	49.0045	8.441118	tram	MATCHED	n1744171523	1.6	1.0	Weinweg	1,2,5,E,NL2	KA Tullastraße/Alter Schlachthof	Tullastraße/Alter Schlachthof	LINESTRING(8.441118 49.0045,8.4411354 49.004491200000004)
1872	Karlsruhe	Weinweg	de:08212:9:1:3	49.004547	8.440858	tram	MATCHED	n7611727396	1.9	1.0	Weinweg			Tullastraße/Alter Schlachthof	LINESTRING(8.440858 49.004547,8.4408808 49.0045385)
1873	Karlsruhe	Weinweg	de:08212:9:21:21	49.004583	8.441271	bus	NO_MATCH_AND_SEEMS_UNSERVED								POINT(8.441271 49.004583)
1874	Karlsruhe	Weinweg	de:08212:9:22:22	49.004217	8.441648	bus	NO_MATCH_AND_SEEMS_UNSERVED								POINT(8.441648 49.004217)
1875	Karlsruhe	Weinweg	de:08212:9:2:2	49.004312	8.441963	tram	MATCHED	n21596341	11.6	1.0	Weinweg	1,2,5,E,NL2	Durlach Untermühlstraße	Untermühlstraße	LINESTRING(8.441963 49.004312,8.4418088 49.0043377)
1876	Karlsruhe	Weinweg	de:08212:9:2:4	49.004288	8.442107	tram	MATCHED	n7611727395	6.8	1.0	Weinweg			Untermühlstraße	LINESTRING(8.442107 49.004288,8.4420163 49.0043002)
1877	Karlsruhe	Weißenburger Straße	de:08212:7015:0:1	49.037095	8.367169	bus	MATCHED	n26086193	44.0	0.42	Weißenburger Straße	70,74,ALT70	Karlsruhe Germersheimer Straße	Germersheimer Straße	LINESTRING(8.367169 49.037095,8.3666959 49.0368502)
1878	Karlsruhe	Weißenburger Straße	de:08212:7015:0:2	49.03683	8.366828	bus	MATCHED	n26086194	9.9	0.69	Weißenburger Straße	70,74,NL17	Karlsruhe Schweigener Straße	Schweigener Straße	LINESTRING(8.366828 49.03683,8.3667469 49.036758400000004)
1879	Karlsruhe	Weißes Haus	de:08212:7305:0:1	49.032896	8.395152	bus	MATCHED	n59860775	5.7	0.78	Weißes Haus	73	Neureut Alte Kreisstraße	Alte Kreisstraße	LINESTRING(8.395152 49.032896,8.395178300000001 49.0328481)
1880	Karlsruhe	Weißes Haus	de:08212:7305:0:2	49.033273	8.394936	bus	MATCHED	w150983792	10.5	0.68	Weißes Haus	73	Karlsruhe Am Kanalweg	Am Kanalweg	LINESTRING(8.394936 49.033273,8.39484843325306 49.033347504229944)
1881	Karlsruhe	Weißes Haus	de:08212:7305:0:3	49.03289	8.394047	bus	MATCHED	n59860774	78.6	0.17	Weißes Haus				LINESTRING(8.394047 49.03289,8.3948815 49.033335400000006)
1882	Karlsruhe	Weißes Haus	de:08212:7305:0:4	49.032849	8.393921	bus	NO_MATCH_AND_SEEMS_UNSERVED								POINT(8.393921 49.032849)
1883	Karlsruhe	Welfenstraße	de:08212:6218:11:11	48.995306	8.386213	bus	MATCHED	w129930959	1.8	0.9	Welfenstraße	50,51,62	Beiertheim West	Beiertheim West	LINESTRING(8.386213 48.995306,8.38618975 48.995301350000005)
1884	Karlsruhe	Welfenstraße	de:08212:6218:11:13	48.995318	8.386168	bus	MATCHED	n420673187	2.0	0.83	Welfenstraße				LINESTRING(8.386168 48.995318,8.386191700000001 48.995308900000005)
1885	Karlsruhe	Welfenstraße	de:08212:6218:12:12	48.995088	8.386249	bus	MATCHED	w172282865	5.5	0.78	Welfenstraße	62,ALT62	Karlsruhe Ebertstraße	Ebertstraße	LINESTRING(8.386249 48.995088,8.386191550000001 48.99505675)
1886	Karlsruhe	Welfenstraße	de:08212:6218:13:D	48.995165	8.385387	bus	MATCHED	n25242293	55.1	0.21	Welfenstraße	50,51	Karlsruhe Breite Straße		LINESTRING(8.385387 48.995165,8.3861226 48.9950581)
1887	Karlsruhe	Welfenstraße	de:08212:6218:1:1	48.99533	8.384929	tram	MATCHED	n31235625	14.9	1.0	Welfenstraße	2,NL2	Karlsruhe ZKM	ZKM	LINESTRING(8.384929 48.99533,8.3851274 48.995300300000004)
1888	Karlsruhe	Welfenstraße	de:08212:6218:2:2	48.995236	8.38554	tram	MATCHED	n1604255216	1.6	1.0	Welfenstraße	2,NL2	Karlsruhe Barbarossaplatz	Barbarossaplatz	LINESTRING(8.38554 48.995236,8.385558000000001 48.9952277)
1889	Karlsruhe	Werderstraße	de:08212:83:1:1	49.000151	8.410603	tram	MATCHED	n1633043184	3.0	1.0	Werderstraße	17,3,4	Karlsruhe Tivoli	Tivoli	LINESTRING(8.410603 49.000151,8.4106068 49.0001777)
1890	Karlsruhe	Werderstraße	de:08212:83:1:11	49.000174	8.410603	trainish	NO_MATCH_AND_SEEMS_UNSERVED								POINT(8.410603 49.000174)
1891	Karlsruhe	Werderstraße	de:08212:83:2:12	49.001436	8.407854	trainish	NO_MATCH_AND_SEEMS_UNSERVED								POINT(8.407854 49.001436)
1892	Karlsruhe	Werderstraße	de:08212:83:2:2	49.000817	8.410621	tram	MATCHED	n2023224149	8.2	1.0	Werderstraße	17,3,4	Karlsruhe Philipp-Reis-Straße / Karlsruhe Rüppurrer Tor	Philipp-Reis-Straße / die neue welle / Rüppurrer Tor	LINESTRING(8.410621 49.000817,8.4106289 49.000743)
1893	Karlsruhe	Werderstraße	de:08212:83:91:1	49.000174	8.410603	trainish	NO_MATCH_AND_SEEMS_UNSERVED								POINT(8.410603 49.000174)
1894	Karlsruhe	Werderstraße	de:08212:83:92:2	49.000799	8.410621	trainish	NO_MATCH_AND_SEEMS_UNSERVED								POINT(8.410621 49.000799)
1895	Karlsruhe	West	de:08212:6017:1:1	49.002284	8.36283	trainish	MATCHED	n1831252666	14.8	0.45	Karlsruhe West			Karlsruhe-Mühlburg	LINESTRING(8.36283 49.002284,8.3629742 49.0021908)
1896	Karlsruhe	West	de:08212:6017:2:2	49.002096	8.363019	trainish	MATCHED	n3213687363	7.2	0.65	Karlsruhe West			Albtalbahnhof / Karlsruhe Hauptbahnhof	LINESTRING(8.363019 49.002096,8.3629598 49.00214810000001)
1897	Karlsruhe	Westbahnhof	de:08212:6005:11:11	49.001854	8.362947	bus	MATCHED	n25242216	3.8	0.83	Westbahnhof	60	Karlsruhe Birkenweg	Birkenweg	LINESTRING(8.362947 49.001854,8.3629035 49.001873100000005)
1898	Karlsruhe	Westbahnhof	de:08212:6005:11:12	49.00186	8.362992	bus	MATCHED	n286370208	4.7	0.8	Westbahnhof	60,NL15	Karlsruhe Kühler Krug / Karlsruhe Andreas-Hofer-Straße	Andreas-Hofer-Straße	LINESTRING(8.362992 49.00186,8.362988900000001 49.0019025)
1899	Karlsruhe	Westbahnhof	de:08212:6005:1:1	49.002308	8.362812		NO_MATCH_AND_SEEMS_UNSERVED								POINT(8.362812 49.002308)
1900	Karlsruhe	Westbahnhof	de:08212:6005:2:2	49.002096	8.363001		NO_MATCH_AND_SEEMS_UNSERVED								POINT(8.363001 49.002096)
1901	Karlsruhe	Wildpark	de:08212:7103:0:1	49.04415	8.36743	bus	NO_MATCH_AND_SEEMS_UNSERVED								POINT(8.36743 49.04415)
1902	Karlsruhe	Wildpark	de:08212:7103:0:2	49.044315	8.367214	bus	NO_MATCH_AND_SEEMS_UNSERVED								POINT(8.367214 49.044315)
1903	Karlsruhe	Wildpark	de:08212:7103:0:A	49.020903	8.414555		MATCHED	n3545023532	9.7	0.36	BBBank Wildpark				LINESTRING(8.414555 49.020903,8.414651600000001 49.0209625)
1904	Karlsruhe	Wildpark	de:08212:7103:0:B	49.020703	8.414636		MATCHED	n10204897969	5.8	0.44	BBBank Wildpark				LINESTRING(8.414636 49.020703,8.4146449 49.0206516)
1905	Karlsruhe	Wildpark	de:08212:7103:0:C	49.019313	8.411824		NO_MATCH_AND_SEEMS_UNSERVED								POINT(8.411824 49.019313)
1906	Karlsruhe	Wildparkstadion KSC	de:08212:25:1:1	49.021492	8.413495		NO_MATCH_AND_SEEMS_UNSERVED								POINT(8.413495 49.021492)
1907	Karlsruhe	Wildparkstadion KSC	de:08212:25:1:2	49.021504	8.413657		MATCHED	n4427971976	69.6	0.08	BBBank Wildpark				LINESTRING(8.413657 49.021504,8.4141726 49.0209775)
1908	Karlsruhe	Wilhelm-Kolb-Straße	de:08212:7403:0:1	49.027925	8.372999	bus	NO_MATCH_AND_SEEMS_UNSERVED								POINT(8.372999 49.027925)
1909	Karlsruhe	Wilhelm-Kolb-Straße	de:08212:7403:0:2	49.027837	8.373466	bus	NO_MATCH_AND_SEEMS_UNSERVED								POINT(8.373466 49.027837)
1910	Karlsruhe	Wilhelm-Kolb-Straße	de:08212:7403:0:3	49.02809	8.374706		NO_MATCH_AND_SEEMS_UNSERVED								POINT(8.374706 49.02809)
1911	Karlsruhe	Wilhelm-Kolb-Straße	de:08212:7403:0:4	49.027996	8.374697		NO_MATCH_AND_SEEMS_UNSERVED								POINT(8.374697 49.027996)
1912	Karlsruhe	Windeckstraße	de:08212:6215:0:1	48.991298	8.370951	bus	MATCHED	n25242064	11.2	0.67	Windeckstraße	50,62,NL14	Karlsruhe Hardecksiedlung / Karlsruhe Hardecksiedlung	Hardecksiedlung	LINESTRING(8.370951 48.991298,8.3710957 48.99126630000001)
1913	Karlsruhe	Windeckstraße	de:08212:6215:0:2	48.991174	8.370726	bus	MATCHED	n25241832	8.6	0.72	Windeckstraße	50,62,ALT50,ALT62,NL14,SEV 14	Bulach West / Karlsruhe Landgrabenstraße / Bulach West	Landgrabenstraße / Bulach West	LINESTRING(8.370726 48.991174,8.370609400000001 48.99116780000001)
1914	Karlsruhe	Wolfartsweier Brücke	de:08212:4801:0:21	48.972232	8.450946		NO_MATCH_AND_SEEMS_UNSERVED								POINT(8.450946 48.972232)
1915	Karlsruhe	Wolfartsweier Brücke	de:08212:4801:0:A	48.972232	8.450946		NO_MATCH_AND_SEEMS_UNSERVED								POINT(8.450946 48.972232)
1916	Karlsruhe	Wolfartsweier Brücke	de:08212:4801:1:1	48.972243	8.45091		NO_MATCH_AND_SEEMS_UNSERVED								POINT(8.45091 48.972243)
1917	Karlsruhe	Wolfartsweier Grundschule	de:08212:91033:0:1	48.973116	8.451853		NO_MATCH_AND_SEEMS_UNSERVED								POINT(8.451853 48.973116)
1918	Karlsruhe	Wolfartsweier Mitte	de:08212:4508:0:1	48.975563	8.455249	bus	MATCHED	n1143992765	0.5	0.95	Wolfartsweier Mitte	107,158,27,47,NL3	Wolfartsweier Süd	Wolfartsweier Süd	LINESTRING(8.455249 48.975563,8.4552458 48.9755588)
1919	Karlsruhe	Wolfartsweier Mitte	de:08212:4508:0:2	48.975646	8.45542	bus	MATCHED	n1143992763	4.0	0.82	Wolfartsweier Mitte	107,27,47,ALT47	Wolfartsweier Nord	Wolfartsweier Nord	LINESTRING(8.45542 48.975646,8.455435600000001 48.9756118)
1920	Karlsruhe	Wolfartsweier Nord	de:08212:4500:11:11	48.97827	8.458276	bus	MATCHED	n4012937367	5.4	0.79	Wolfartsweier Nord	107,27,47,ALT47	Durlach Zündhütle / Durlach Zündhütle / Durlach Max-Liebermann-Straße	Zündhütle / Max-Liebermann-Straße	LINESTRING(8.458276 48.97827,8.4582896 48.9782227)
1921	Karlsruhe	Wolfartsweier Nord	de:08212:4500:11:12	48.97811	8.458097	bus	MATCHED	n1661062144	2.2	0.88	Wolfartsweier Nord	107,158,27,47,NL3	Wolfartsweier Mitte	Wolfartsweier Mitte	LINESTRING(8.458097 48.97811,8.4580883 48.978129100000004)
1922	Karlsruhe	Wolfartsweier Nord	de:08212:4500:1:1	48.97916	8.458824	tram	MATCHED	n1658883742	4.0	1.0	Wolfartsweier Nord	2,8,E	Durlach Zündhütle	Zündhütle	LINESTRING(8.458824 48.97916,8.4588482 48.9791923)
1923	Karlsruhe	Wolfartsweier Süd	de:08212:4800:0:1	48.974036	8.453075	bus	MATCHED	w151410282	5.1	0.79	Wolfartsweier Süd	107,158,27,47,NL3	Ettlingen Hedwigshof / Grünwettersbach Rathaus	Ettlingen Hedwigshof / Grünwettersbach Rathaus	LINESTRING(8.453075 48.974036,8.45311315 48.9740747)
1924	Karlsruhe	Wolfartsweier Süd	de:08212:4800:0:2	48.974183	8.453416	bus	MATCHED	w151410278	6.6	0.76	Wolfartsweier Süd	107,27,47,ALT47	Wolfartsweier Mitte	Wolfartsweier Mitte	LINESTRING(8.453416 48.974183,8.4533711 48.974131400000005)
1925	Karlsruhe	Wolfartsweier Süd	de:08212:4800:0:3	48.972344	8.45091		NO_MATCH_AND_SEEMS_UNSERVED								POINT(8.45091 48.972344)
1926	Karlsruhe	Wolfartsweierer Str.	de:08212:623:11:11	49.004023	8.424329	bus	MATCHED	n2640039247	5.8	1.0	Wolfartsweierer Straße				LINESTRING(8.424329 49.004023,8.424383800000001 49.0039851)
1927	Karlsruhe	Wolfartsweierer Str.	de:08212:623:12:12	49.003934	8.424266		MATCHED	n1342561653	5.6	1.0	Wolfartsweierer Straße				LINESTRING(8.424266 49.003934,8.424207000000001 49.003965400000006)
1928	Karlsruhe	Wolfartsweierer Str.	de:08212:623:14:14	49.003569	8.422272		NO_MATCH_AND_SEEMS_UNSERVED								POINT(8.422272 49.003569)
1929	Karlsruhe	Wolfartsweierer Str.	de:08212:623:1:1	49.003563	8.423062	tram	MATCHED	n1828944340	29.6	1.0	Wolfartsweierer Straße	17,4,5,E	Karlsruhe Ostendstraße	Ostendstraße / Werderstraße	LINESTRING(8.423062 49.003563,8.422671600000001 49.0036344)
1930	Karlsruhe	Wolfartsweierer Str.	de:08212:623:21:21	49.003693	8.422999	bus	MATCHED	n9454970891	3.6	1.0	Wolfartsweierer Straße	42	Karlsruhe Kapellenstraße	Kapellenstraße	LINESTRING(8.422999 49.003693,8.4230356 49.0037152)
1931	Karlsruhe	Wolfartsweierer Str.	de:08212:623:22:22	49.003433	8.422505		MATCHED	w102295580	51.2	0.14	Wolfartsweirer Straße				LINESTRING(8.422505 49.003433,8.423085958327015 49.00369058807178)
1932	Karlsruhe	Wolfartsweierer Str.	de:08212:623:2:2	49.003398	8.423637	tram	MATCHED	n1828944339	10.8	1.0	Wolfartsweierer Straße	17,4,5,E	Karlsruhe Schloss Gottesaue	Schloss Gottesaue/Hochschule für Musik	LINESTRING(8.423637 49.003398,8.423494100000001 49.0034234)
1933	Karlsruhe	X_Bh Fremdfirma	de:08212:8997:1:1	49.001524	8.425937		NO_MATCH_AND_SEEMS_UNSERVED								POINT(8.425937 49.001524)
1934	Karlsruhe	X_Bh Tullastraße	de:08212:8999:1:1	49.006616	8.431111		NO_MATCH_AND_SEEMS_UNSERVED								POINT(8.431111 49.006616)
1935	Karlsruhe	Yorckstraße	de:08212:41:1:1	49.010958	8.375353	tram	MATCHED	n30030050	5.4	1.0	Yorckstraße	1,17,3,E,S2	Karlsruhe Händelstraße	Händelstraße	LINESTRING(8.375353 49.010958,8.3754265 49.010955700000004)
1936	Karlsruhe	Yorckstraße	de:08212:41:1:1b	49.010964	8.375155	tram	MATCHED	n12529534387	6.2	1.0	Yorckstraße			Händelstraße	LINESTRING(8.375155 49.010964,8.3752393 49.010964200000004)
1937	Karlsruhe	Yorckstraße	de:08212:41:21:21	49.01107	8.377122	bus	NO_MATCH_AND_SEEMS_UNSERVED								POINT(8.377122 49.01107)
1938	Karlsruhe	Yorckstraße	de:08212:41:22:22	49.010829	8.375326	bus	NO_MATCH_AND_SEEMS_UNSERVED								POINT(8.375326 49.010829)
1939	Karlsruhe	Yorckstraße	de:08212:41:2:2	49.010888	8.376197	tram	MATCHED	n1637997552	15.7	1.0	Yorckstraße	1,17,2,3,4,E,S2	Karlsruhe Mühlburger Tor / Karlsruhe Schillerstraße	Mühlburger Tor / Schillerstraße	LINESTRING(8.376197 49.010888,8.375983 49.0108976)
1940	Karlsruhe	Yorckstraße	de:08212:41:2:2b	49.010882	8.37635	tram	MATCHED	n12529534386	2.9	1.0	Yorckstraße			Mühlburger Tor	LINESTRING(8.37635 49.010882,8.376310700000001 49.0108813)
1941	Karlsruhe	Yorckstraße	de:08212:41:3:3	49.011011	8.375209	tram	MATCHED	n1637997565	2.8	1.0	Yorckstraße	2	KA Moltkestr./Städt. Klinikum	Moltkestraße/Städtisches Klinikum	LINESTRING(8.375209 49.011011,8.3752444 49.011019700000006)
1942	Karlsruhe	ZKM	de:08212:65:11:11	48.998854	8.383788	bus	NO_MATCH_BUT_OTHER_PLATFORM_MATCHED					55	KA St. Vincentius Krankenhaus		POINT(8.383788 48.998854)
1943	Karlsruhe	ZKM	de:08212:65:11:12	48.998713	8.384498	bus	NO_MATCH_BUT_OTHER_PLATFORM_MATCHED					55	Karlsruhe Südendschule		POINT(8.384498 48.998713)
1944	Karlsruhe	ZKM	de:08212:65:1:1	48.999797	8.386079	tram	MATCHED	n26043046	46.3	1.0	ZKM	2,NL2	Karlsruhe Arbeitsagentur	Arbeitsagentur	LINESTRING(8.386079 48.999797,8.3860258 48.999382100000005)
1945	Karlsruhe	ZKM	de:08212:65:21:21	48.998253	8.386007	bus	NO_MATCH_AND_SEEMS_UNSERVED								POINT(8.386007 48.998253)
1946	Karlsruhe	ZKM	de:08212:65:22:22	48.999573	8.385827	bus	NO_MATCH_AND_SEEMS_UNSERVED								POINT(8.385827 48.999573)
1947	Karlsruhe	ZKM	de:08212:65:2:2	48.99899	8.385944	tram	MATCHED	n1604255219	2.5	1.0	ZKM	2,NL2	Karlsruhe Welfenstraße	Welfenstraße	LINESTRING(8.385944 48.99899,8.385943600000001 48.998967500000006)
1948	Karlsruhe	ZKM/Städtische Galerie	de:08212:29:0:1	49.000328	8.382988		MATCHED	n5908313090	5.3	0.62	ZKM/Städtische Galerie			Ettlinger Tor (Finterstraße)	LINESTRING(8.382988 49.000328,8.3830545 49.000309)
1949	Karlsruhe	ZKM/Städtische Galerie	de:08212:29:21:21	49.00031	8.382961		NO_MATCH_AND_SEEMS_UNSERVED								POINT(8.382961 49.00031)
1950	Karlsruhe	ZKM/Städtische Galerie	de:08212:29:22:22	49.001094	8.38633		NO_MATCH_AND_SEEMS_UNSERVED								POINT(8.38633 49.001094)
1951	Karlsruhe	ZKM/Städtische Galerie	de:08212:8583:21:21	49.000239	8.382952	bus	NO_MATCH_AND_SEEMS_UNSERVED								POINT(8.382952 49.000239)
1952	Karlsruhe	ZKM/Städtische Galerie	de:08212:8583:22:22	49.000976	8.386312	bus	NO_MATCH_AND_SEEMS_UNSERVED								POINT(8.386312 49.000976)
1953	Karlsruhe	aluplast GmbH	de:08212:91053:0:1	49.021958	8.476539	bus	NO_MATCH_AND_SEEMS_UNSERVED								POINT(8.476539 49.021958)
1954	Karlsruhe	dm-drogerie markt GmbH	de:08212:91052:0:1	49.004477	8.451629		NO_MATCH_AND_SEEMS_UNSERVED								POINT(8.451629 49.004477)
1955	Karlsruhe	xxxl Mann Mobilia	de:08212:91031:0:1	49.005413	8.44437		NO_MATCH_AND_SEEMS_UNSERVED								POINT(8.44437 49.005413)
