	Ortsteil	Haltestelle	globaleID	lat	lon	mode	match_state	osm_id	distance	rating	osm_name	routes	official_direction	osm_direction	WKT
0	Adolzhausen	Ort	de:08128:12954:0:RiN	49.403358	9.870194	bus	MATCHED	n356876113	4.8	0.55	Adolzhausen	964,9861	Eichhof, Ort / Dreischwingen, Abzw.		LINESTRING(9.870194 49.403358,9.8701823 49.4034009)
1	Althausen	Bobstadter Straße	de:08128:12101:0:Bus1	49.472311	9.750188	bus	MATCHED_THOUGH_OSM_NO_NAME	n13012303836	11.6	0.2		933,9833	Neunkirchen, Ort		LINESTRING(9.750188 49.472311,9.7503392 49.47234580000001)
2	Althausen	Bobstadter Straße	de:08128:12101:0:Bus2	49.472515	9.750736	bus	NO_MATCH_BUT_OTHER_PLATFORM_MATCHED					933,9833	Althausen, Mühlweg		POINT(9.750736 49.472515)
3	Althausen	Mühlweg	de:08128:12102:0:Bus1	49.470028	9.747287	bus	NO_MATCH					933,9833	Althausen, Bobstadter Straße		POINT(9.747287 49.470028)
4	Althausen	Mühlweg	de:08128:12102:0:Bus2	49.470081	9.74717	bus	NO_MATCH					933,9833	Lustbronn, Ort		POINT(9.74717 49.470081)
5	Angeltürn	Ort	de:08128:12269:0:Bus1	49.486039	9.597753	bus	NO_MATCH					934,9839	Wölchingen, Abzw. Forellenhof / Uiffingen, Ort / Uiffingen, Ort / Schillingstadt, Ort		POINT(9.597753 49.486039)
6	Angeltürn	Ort	de:08128:12269:0:Bus2	49.486161	9.597672	bus	NO_MATCH					934	Berolzheim, Milchhaus		POINT(9.597672 49.486161)
7	Apfelbach	Ort	de:08128:12140:0:1	49.445954	9.823392	bus	MATCHED	n385311341	4.8	0.51	Apfelbach	944,9855	Bad Mergentheim, Altstadt Schloss / Hachtel, Ort / Markelsheim, Schule / Schönbühl, Ort		LINESTRING(9.823392 49.445954,9.8234195 49.44591440000001)
8	Archshofen	Ort	de:08128:12378:0:RiO	49.453231	10.071767	bus	MATCHED	n2453913688	5.6	0.67	Archshofen Ort	980,9870	Holdermühle, Abzw. Finsterlohr / Finsterlohr, Ort	Craintal Ort / Holdermühle Abzweig Finsterlohr	LINESTRING(10.071767 49.453231,10.0717985 49.4531852)
9	Archshofen	Ort	de:08128:12378:0:RiW	49.45333	10.071848	bus	MATCHED	n2453913694	25.1	0.52	Archshofen Ort	968,980,9870	Craintal, Ort		LINESTRING(10.071848 49.45333,10.0721632 49.453235600000006)
10	Archshofen	Tauberbrücke	de:08128:12379:0:1	49.453219	10.069971	bus	NO_MATCH					970	Craintal, Ort / Schonach, Ort / Finsterlohr, Ort		POINT(10.069971 49.453219)
11	Assamstadt	Betriebshof SWEG	de:08128:12206:0:1	49.428213	9.684468		NO_MATCH_AND_SEEMS_UNSERVED								POINT(9.684468 49.428213)
12	Assamstadt	Gemeidezentrum	de:08128:12205:0:RIW	49.428026	9.687675	bus	NO_MATCH					930,933,9833	Assamstadt, Krautheimer Straße / Bobstadt (Kr TBB), Ort / Assamstadt, Neunstettener Str.		POINT(9.687675 49.428026)
13	Assamstadt	Krautheimer Straße	de:08128:12204:0:Bus1	49.424456	9.682878	bus	NO_MATCH_BUT_OTHER_PLATFORM_MATCHED					933,9833	Assamstadt, Ortsmitte		POINT(9.682878 49.424456)
14	Assamstadt	Krautheimer Straße	de:08128:12204:0:Bus2	49.424608	9.682931	bus	MATCHED	n2613737819	20.6	0.39	Krautheimer Straße	933,9833	Horrenbach Ort / Assamstadt, Neunstettener Str.		LINESTRING(9.682931 49.424608,9.6832144 49.424624800000004)
15	Assamstadt	Mergentheimer Str. 	de:08128:12201:0:Bus1	49.428832	9.692759	bus	NO_MATCH_BUT_OTHER_PLATFORM_MATCHED					933,9833	Lustbronn, Ort		POINT(9.692759 49.428832)
16	Assamstadt	Mergentheimer Str. 	de:08128:12201:0:Bus2	49.428926	9.692696	bus	MATCHED	n2613737811	46.6	0.19	Mergentheimer Straße	933,9833	Assamstadt, Gemeidezentrum		LINESTRING(9.692696 49.428926,9.6932867 49.4290919)
17	Assamstadt	Neunstettener Str. 	de:08128:12203:0:Bus1	49.425888	9.681961	bus	NO_MATCH_BUT_OTHER_PLATFORM_MATCHED					930,933,9833	Neunstetten / Windischbuch, Ort		POINT(9.681961 49.425888)
18	Assamstadt	Neunstettener Str. 	de:08128:12203:0:Bus2	49.425806	9.681988	bus	MATCHED	n2613737815	36.5	0.21	Neunstetter Straße	930,933,9833	Assamstadt, Ortsmitte / Assamstadt, Krautheimer Straße / Assamstadt, Gemeidezentrum		LINESTRING(9.681988 49.425806,9.6824914 49.4258078)
19	Assamstadt	Ortsmitte	de:08128:12202:0:Bus1	49.427132	9.687468	bus	MATCHED	n2613737806	17.6	0.43	Ortsmitte	933,9833	Assamstadt, Mergentheimer Str.		LINESTRING(9.687468 49.427132,9.6876694 49.4272209)
20	Assamstadt	Ortsmitte	de:08128:12202:0:Bus2	49.42719	9.687351		NO_MATCH_AND_SEEMS_UNSERVED								POINT(9.687351 49.42719)
21	Bad Mergenth.	Breslauer Str. 	de:08128:12081:0:RiN	49.48888	9.76599	bus	MATCHED	n892709440	31.2	0.42	Breslauer Straße	933,958	Bad Mergentheim, Bahnhof / Bad Mergentheim, Altstadt Schloss / Bad Mgh., Eichendorffstraße	Eichendorffstr.	LINESTRING(9.76599 49.48888,9.7659015 49.489154400000004)
22	Bad Mergenth.	Breslauer Str. 	de:08128:12081:0:RiS	49.488915	9.7659	bus	NO_MATCH_BUT_OTHER_PLATFORM_MATCHED					933	Bad Mgh., Neunkircher Straße		POINT(9.7659 49.488915)
23	Bad Mergenth.	Friedhofstraße	de:08128:12082	49.48839	9.776024		NO_MATCH_AND_SEEMS_UNSERVED								POINT(9.776024 49.48839)
24	Bad Mergenth.	Klinik Vötisch	de:08128:12030	49.495095	9.794511		NO_MATCH_AND_SEEMS_UNSERVED								POINT(9.794511 49.495095)
25	Bad Mergenth.	Vitalhotel König	de:08128:12058:0:Bus1	49.495503	9.796209	bus	MATCHED	n9282376814	23.6	0.36	Vitalhotel König	958	Bad Mergentheim, Solymar Therme / Igersheim, Golfplatz	Solymar	LINESTRING(9.796209 49.495503,9.79646 49.495638)
26	Bad Mergenth.	Vitalhotel König	de:08128:12058:0:Bus2	49.49541	9.796074	bus	MATCHED	n336365433	37.8	0.45	Vitalhotel König	952	Igersheim, Kurhaus Am Sonnenb.	Golfplatz	LINESTRING(9.796074 49.49541,9.796574900000001 49.4955056)
27	Bad Mergentheim	ACTIV-Center	de:08128:12008:0:1	49.494161	9.774398	bus	MATCHED	n2432252123	5.3	0.79	ACTIV-Center	945,957,958,9833,9834,9843,9852,9855	Bad Mergentheim, Kursaal / Bad Mergentheim, Bahnhof		LINESTRING(9.774398 49.494161,9.774326100000001 49.494169600000006)
28	Bad Mergentheim	Abzw. Rehakl. 	de:08128:12040	49.501262	9.782339		NO_MATCH_AND_SEEMS_UNSERVED								POINT(9.782339 49.501262)
29	Bad Mergentheim	Altstadt Schloss	de:08128:12077:0:3	49.489038	9.774371		MATCHED	n253962979	10.2	0.49	Bad Mergentheim Altstadt Schloss			Künzelsau Bahnhof / Bad Mergentheim Altstadt Schloss / Bad Mergentheim Bahnhof	LINESTRING(9.774371 49.489038,9.774231700000001 49.4890278)
30	Bad Mergentheim	Altstadt Schloss	de:08128:12077:0:Bus1	49.488875	9.773598	bus	NO_MATCH_BUT_OTHER_PLATFORM_MATCHED					19,88b,930,933,944,945,949,952,955,956,959,9833,9834,9843,9852	Bad Mergentheim, Solymar Therme / Bad Mergentheim, Bahnhof / Bad Mgh., Maurus-Weber-Straße / Bad Mgh., Maurus-Weber-Straße / Bad Mgh., Schellenhäuschen / Bad Mgh., Wachbacher Straße / Igersheim, Bahnhof / Bad Mergentheim, Hochhaus / Bad Mgh., H.-H.-Ehrler-Platz / Igersheim, Bahnhof		POINT(9.773598 49.488875)
31	Bad Mergentheim	Altstadt Schloss	de:08128:12077:0:Bus2	49.489102	9.774389	bus	NO_MATCH_BUT_OTHER_PLATFORM_MATCHED					19,88b,930,933,944,949,952,955,956,9833,9834,9843,9852,9855	Bad Mgh., Wachbacher Straße / Igersheim, Bahnhof / Bad Mgh.,Caritas-K./Uhlandstr. / Bad Mergentheim, Bahnhof / Bad Mgh., Wachbacher Straße / Bad Mgh., Buchener Straße / Bad Mergentheim, Wildpark / Bad Mgh., Alter Friedhof / Bad Mergentheim, Solymar Therme / Bad Mgh., Maurus-Weber-Straße		POINT(9.774389 49.489102)
32	Bad Mergentheim	Bahnhof	de:08128:12005:1:1	49.493706	9.771505	train	MATCHED_AMBIGUOUSLY	w31793660	25.2	1.0	Bad Mergentheim	RB88,RE87	Igersheim, Bahnhof / Königshofen, Bahnhof / Weikersheim, Bahnhof / Lauda, Bahnhof / Edelfingen, Bahnhof / Lauda, Bahnhof / Weikersheim, Bahnhof		LINESTRING(9.771505 49.493706,9.771839013834793 49.493642596910995)
33	Bad Mergentheim	Bahnhof	de:08128:12005:1:1	49.493706	9.771505	train	MATCHED_AMBIGUOUSLY	w1464310915	14.2	1.0	Bad Mergentheim	RB88,RE87	Igersheim, Bahnhof / Königshofen, Bahnhof / Weikersheim, Bahnhof / Lauda, Bahnhof / Edelfingen, Bahnhof / Lauda, Bahnhof / Weikersheim, Bahnhof		LINESTRING(9.771505 49.493706,9.771321321612996 49.49366214565054)
34	Bad Mergentheim	Bahnhof	de:08128:12005:1:1	49.493706	9.771505	train	MATCHED_AMBIGUOUSLY	w1464310916	59.4	1.0	Bad Mergentheim	RB88,RE87	Igersheim, Bahnhof / Königshofen, Bahnhof / Weikersheim, Bahnhof / Lauda, Bahnhof / Edelfingen, Bahnhof / Lauda, Bahnhof / Weikersheim, Bahnhof		LINESTRING(9.771505 49.493706,9.770686021417985 49.49368511577657)
35	Bad Mergentheim	Bahnhof	de:08128:12005:2:5	49.493269	9.771505		MATCHED	w31793665	1.5	0.81	Bad Mergentheim Bahnhof				LINESTRING(9.771505 49.493269,9.771494697416344 49.49328114544424)
36	Bad Mergentheim	Bahnhof	de:08128:12005:2:6	49.493233	9.771398		MATCHED	w31793664	7.1	0.55	Bad Mergentheim Bahnhof			Kreisverkehr Wolfgangstr.	LINESTRING(9.771398 49.493233,9.771407749999998 49.493296750000006)
37	Bad Mergentheim	Bahnhof	de:08128:12005:2:Bus	49.493309	9.771703	bus	MATCHED	w31793663	8.1	0.6	Bad Mergentheim Bahnhof	19,88b,930,933,944,945,949,952,955,956,957,958,959,9833,9834,9843,9852,9855	Bad Mgh., Kreisv. Wolfgangstr. / Bad Mergentheim, Bembe / Bad Mergentheim, Altstadt Schloss / Bad Mgh., Buchener Straße / Bad Mergentheim, ACTIV-Center / Bad Mergentheim, Solymar Therme / Bad Mergentheim, Probsteistr. / Neunkirchen, Ort / Bad Mgh., Beim Braunstall / Bad Mgh.,Caritas-K./Uhlandstr. / Bad Mgh., Edelfinger Straße / Bad Mergenth., Breslauer Str. / Bad Mergentheim, Altstadt Schloss / Bad Mgh., Unterer Graben / Edelfingen, Süd / Bad Mgh., Wachbacher Straße / Bad Mergentheim, Kursaal		LINESTRING(9.771703 49.493309,9.77159462629181 49.493290021018815)
38	Bad Mergentheim	Bahnhof	de:08128:12005:3:2	49.493729	9.771856	train	MATCHED	n5633687188	16.7	0.41	Bad Mergentheim	RB88	Edelfingen, Bahnhof / Igersheim, Bahnhof		LINESTRING(9.771856 49.493729,9.772086100000001 49.4937163)
39	Bad Mergentheim	Bahnhof	de:08128:12005:3:3	49.493811	9.771874	train	MATCHED	n5633687181	15.7	0.42	Bad Mergentheim	RB85,RB88,RE87	Igersheim, Bahnhof / Lauda, Bahnhof / Königshofen, Bahnhof / Edelfingen, Bahnhof / Lauda, Bahnhof		LINESTRING(9.771874 49.493811,9.772088 49.493791400000006)
40	Bad Mergentheim	Bembe	de:08128:12007:0:Bus1	49.495608	9.773275	bus	NO_MATCH_BUT_OTHER_PLATFORM_MATCHED					945,9843	Bad Mergentheim, ACTIV-Center		POINT(9.773275 49.495608)
41	Bad Mergentheim	Bembe	de:08128:12007:0:Bus2	49.495608	9.773356	bus	MATCHED	n894263629	17.4	0.59	Bembe	945,956,9843	Bad Mgh., Herrenwiesen/Diesel.	Herrenwiesen/Dieselstraße	LINESTRING(9.773356 49.495608,9.773596600000001 49.49560880000001)
42	Bad Mergentheim	Corolinum	de:08128:12010	49.48776	9.776105		NO_MATCH_AND_SEEMS_UNSERVED								POINT(9.776105 49.48776)
43	Bad Mergentheim	Fachklinik Schwaben	de:08128:12089:0:1	49.49415	9.785609	bus	MATCHED	n7657339435	14.3	0.47	Fachklinik Schwaben	957,958	Bad Mergentheim, Kursaal / Bad Mergentheim, Solymar Therme	Kursaal	LINESTRING(9.785609 49.49415,9.7858047 49.49413130000001)
44	Bad Mergentheim	Fachklinik Schwaben	de:08128:12089:0:2	49.494056	9.785699		MATCHED	n7659042692	2.8	0.75	Fachklinik Schwaben			Solymar	LINESTRING(9.785699 49.494056,9.7857372 49.494050300000005)
45	Bad Mergentheim	Festplatz	de:08128:12019:0:RiN	49.492172	9.791412	bus	NO_MATCH					952	Bad Mergentheim, Solymar Therme		POINT(9.791412 49.492172)
46	Bad Mergentheim	Frankenstraße	de:08128:12020:0:Bus1	49.490083	9.778764	bus	MATCHED	n7658985084	10.4	0.58	Frankenstr.	956	Bad Mergentheim, Altstadt Schloss	H.-H.-Ehrler-Platz	LINESTRING(9.778764 49.490083,9.778621300000001 49.490071)
47	Bad Mergentheim	Gänsmarkt	de:08128:12026:0:Bus1	49.492312	9.772934	bus	MATCHED	n7659042687	21.3	0.55	Gänsmarkt	956,958	Bad Mergentheim, Bahnhof		LINESTRING(9.772934 49.492312,9.773102300000001 49.4921548)
48	Bad Mergentheim	Hexenkreuz	de:08128:12023:0:Bus1	49.49849	9.785663	bus	NO_MATCH_BUT_OTHER_PLATFORM_MATCHED					957	Bad Mergentheim, Rehaklinik o.d.T.		POINT(9.785663 49.49849)
49	Bad Mergentheim	Hexenkreuz	de:08128:12023:0:Bus2	49.498269	9.785762	bus	MATCHED	n7656750638	71.8	0.34	Hexenkreuz	955,957	Bad Mergentheim, Waldstraße / Bad Mergentheim, Waldstraße	Waldstr.	LINESTRING(9.785762 49.498269,9.7859294 49.498905900000004)
50	Bad Mergentheim	Hochhaus	de:08128:12024:0:Bus1	49.498111	9.76325	bus	MATCHED	n894263626	13.4	0.64	Hochhaus	945,956,9843	Bad Mgh., Mobilpark Ried / Bad Mergentheim, Altstadt Schloss / Edelfingen, Süd	Mobilpark Ried	LINESTRING(9.76325 49.498111,9.7630693 49.4981372)
51	Bad Mergentheim	Hochhaus	de:08128:12024:0:Bus2	49.498245	9.762073	bus	NO_MATCH_BUT_OTHER_PLATFORM_MATCHED					945,9843	Bad Mgh., Herrenwiesen/Diesel.		POINT(9.762073 49.498245)
52	Bad Mergentheim	Kaiserstraße	de:08128:12025:0:RiS	49.487066	9.773509	bus	MATCHED	n7659042695	8.2	0.6	Kaiserstr.	958	Bad Mgh., Agnes-Schreiber-Str.	Agnes-Schreiber-Str.	LINESTRING(9.773509 49.487066,9.7735117 49.4871397)
53	Bad Mergentheim	Kindergarten	de:08128:12027	49.488595	9.770436		NO_MATCH_AND_SEEMS_UNSERVED								POINT(9.770436 49.488595)
54	Bad Mergentheim	Kursaal	de:08128:12088:0:1	49.495404	9.781459	bus	MATCHED	n506241731	6.0	0.66	Kursaal	957,958,9833,9834,9843	Bad Mergentheim, Bembe / Bad Mgh., Mobilpark Ried / Löffelstelzen, Ort / Bad Mgh., Diabetes-Klinik / Bad Mergentheim, Fachklinik Schwaben	Diabetes Klinik	LINESTRING(9.781459 49.495404,9.781537400000001 49.4954204)
55	Bad Mergentheim	Kursaal	de:08128:12088:0:2	49.49534	9.781405	bus	MATCHED	n506241719	6.9	0.63	Kursaal	9833,9834,9843	Bad Mergentheim, Bembe / Bad Mergentheim, ACTIV-Center	Fachklinik Schwaben	LINESTRING(9.781405 49.49534,9.7814992 49.4953483)
56	Bad Mergentheim	Max-Eyth-Str. 	de:08128:12087	49.495882	9.764301		NO_MATCH_AND_SEEMS_UNSERVED								POINT(9.764301 49.495882)
57	Bad Mergentheim	Milchbar	de:08128:12035	49.492703	9.773661		NO_MATCH_AND_SEEMS_UNSERVED								POINT(9.773661 49.492703)
58	Bad Mergentheim	Probsteistr. 	de:08128:12055:0:RiO	49.488927	9.770203	bus	NO_MATCH					930	Bad Mergentheim, Bahnhof		POINT(9.770203 49.488927)
59	Bad Mergentheim	Probsteistr. 	de:08128:12055:0:RiW	49.489015	9.770221	bus	NO_MATCH					930	Bad Mgh., Buchener Straße		POINT(9.770221 49.489015)
60	Bad Mergentheim	Rehaklinik o. d. T. 	de:08128:12031:0:1	49.496384	9.789283	bus	NO_MATCH_BUT_OTHER_PLATFORM_MATCHED					957	Bad Mgh., Klinik Hohenlohe		POINT(9.789283 49.496384)
61	Bad Mergentheim	Rehaklinik o. d. T. 	de:08128:12031:0:2	49.496437	9.789265	bus	MATCHED	n7656750641	8.9	0.58	Reha-Klinik ob der Tauber	955,957	Bad Mergentheim, Hexenkreuz	Hexenkreuz	LINESTRING(9.789265 49.496437,9.789201700000001 49.496505400000004)
62	Bad Mergentheim	Schloss	de:08128:12042	49.491127	9.775359		NO_MATCH_AND_SEEMS_UNSERVED								POINT(9.775359 49.491127)
63	Bad Mergentheim	Schwalbenweg	de:08128:12043	49.498053	9.762576		NO_MATCH_AND_SEEMS_UNSERVED								POINT(9.762576 49.498053)
64	Bad Mergentheim	Solymar Therme	de:08128:12044:0:S946g	49.493764	9.790604	bus	MATCHED	n893287198	38.0	0.35	Solymar	952,9833,9834,9843,9852,9855	Bad Mergentheim, Wildpark / Bad Mergenth., Vitalhotel König / Igersheim, Kaufland / Reisfeld, Ort / Bad Mgh., Mobilpark Ried	Vitalhotel König	LINESTRING(9.790604 49.493764,9.7910353 49.4939588)
65	Bad Mergentheim	Solymar Therme	de:08128:12044:0:S952_	49.493934	9.790783	bus	MATCHED	n893287207	7.1	0.43	Solymar	958,9833,9834,9843,9852,9855	Bad Mgh.,Caritas-K./Uhlandstr. / Bad Mergentheim, Altstadt Schloss / Bad Mergentheim, Kursaal / Bad Mergentheim, Bahnhof / Bad Mergentheim, Fachklinik Schwaben / Bad Mergentheim, Wildpark / Bad Mergenth., Vitalhotel König	Fachklinik Schwaben	LINESTRING(9.790783 49.493934,9.7908159 49.493994300000004)
66	Bad Mergentheim	Waldstraße	de:08128:12047:0:1	49.502055	9.786606	bus	NO_MATCH_BUT_OTHER_PLATFORM_MATCHED					955,957	Bad Mergentheim, Hexenkreuz / Löffelstelzen, Ort		POINT(9.786606 49.502055)
67	Bad Mergentheim	Waldstraße	de:08128:12047:0:2	49.501915	9.78666	bus	MATCHED	n7656750637	24.9	0.42	Waldstr.	955,957	Löffelstelzen, Ort	Löffelstelzen Ort	LINESTRING(9.78666 49.501915,9.7868251 49.5021117)
68	Bad Mergentheim	Wildpark	de:08128:12060:0:1	49.467331	9.799515	bus	MATCHED	n501854742	30.9	0.3	Wildpark	955,9833,9834,9843,9852,9855	Bad Mgh., Wachbacher Straße / Bad Mgh., Willingertal/Camping / Bad Mgh., Mobilpark Ried / Bad Mergentheim, Solymar Therme / Bad Mergentheim, Solymar Therme / Bad Mgh.,Caritas-K./Uhlandstr.		LINESTRING(9.799515 49.467331,9.7995139 49.4670531)
69	Bad Mergentheim	Ärztehaus	de:08128:12048	49.487766	9.771191		NO_MATCH_AND_SEEMS_UNSERVED								POINT(9.771191 49.487766)
70	Bad Mgh.	Abzw. Breslauer Str. 	de:08128:12096:0:Bus1	49.489131	9.765675	bus	MATCHED	n892709437	13.0	0.55	Abzweig Breslauer Straße	956	Bad Mgh., Eichendorffstraße	Eichendorffstr.	LINESTRING(9.765675 49.489131,9.7655537 49.4890446)
71	Bad Mgh.	Abzw. Breslauer Str. 	de:08128:12096:0:Bus2	49.489225	9.765684		MATCHED	n892709439	6.0	0.37	Breslauer Straße				LINESTRING(9.765684 49.489225,9.7656185 49.4891925)
72	Bad Mgh.	Abzw. Ketterberg	de:08128:12100:0:1	49.498735	9.782528	bus	MATCHED	n7656750640	10.2	0.69	Abzw. Ketterberg	957	Bad Mgh., Klinik Hohenlohe	Klinik Hohenlohe	LINESTRING(9.782528 49.498735,9.7824372 49.4988048)
73	Bad Mgh.	Abzw. Reha-Kl. Taub. 	de:08128:12099:0:1	49.502638	9.782043	bus	MATCHED	n7656750639	8.1	0.55	Abzw. Klinik Taubertal	955,957	Bad Mgh., Edelfinger Straße / Bad Mgh., Abzw. Ketterberg	Abzw. Ketterberg	LINESTRING(9.782043 49.502638,9.7819866 49.502575300000004)
74	Bad Mgh.	Agnes-Schreiber-Str. 	de:08128:12062:0:Bus2	49.484381	9.77173	bus	MATCHED	n7659042696	14.3	0.63	Agnes-Schreiber-Str.	958	Bad Mgh., Eisenbergweg/Mitte	Eisenbergweg Mitte	LINESTRING(9.77173 49.484381,9.771698500000001 49.4842541)
75	Bad Mgh.	Alem. -Weg/C-Aug-Str. 	de:08128:12090	49.482543	9.7803		NO_MATCH_AND_SEEMS_UNSERVED								POINT(9.7803 49.482543)
76	Bad Mgh.	Alter Friedhof	de:08128:12091:0:2	49.487888	9.775431	bus	MATCHED	n7658985075	21.4	0.55	Alter Friedhof	956	Bad Mgh., Saarbrücker Straße	Saarbrücker Str.	LINESTRING(9.775431 49.487888,9.7754563 49.4876962)
77	Bad Mgh.	Austraße/Realschule	de:08128:12004	49.48577	9.785753		NO_MATCH_AND_SEEMS_UNSERVED								POINT(9.785753 49.48577)
78	Bad Mgh.	Beim Braunstall	de:08128:12006:0:Bus1	49.494517	9.757366	bus	MATCHED	n7659042689	9.7	0.7	Beim Braunstall	956,9833,9834,9843	Löffelstelzen, Ort / Bad Mgh., Buchener Straße	Buchener Straße	LINESTRING(9.757366 49.494517,9.7572414 49.4944858)
79	Bad Mgh.	Beim Braunstall	de:08128:12006:0:RiN	49.493869	9.757123	bus	NO_MATCH_BUT_OTHER_PLATFORM_MATCHED					9843	Bad Mgh., Buchener Straße		POINT(9.757123 49.493869)
80	Bad Mgh.	Brahmsstraße	de:08128:12113:0:2	49.479817	9.770859	bus	MATCHED	n7659042699	9.8	0.55	Brahmsstr.	958	Neunkirchen, Stuppacher Straße	Stuppacher Str.	LINESTRING(9.770859 49.479817,9.770818700000001 49.479901100000006)
81	Bad Mgh.	Bregenzer Straße	de:08128:12075	49.487684	9.76307		NO_MATCH_AND_SEEMS_UNSERVED								POINT(9.76307 49.487684)
82	Bad Mgh.	Buchener Straße	de:08128:12051:0:Bus1	49.493146	9.758803	bus	MATCHED	n361136777	5.3	0.79	Buchener Straße	930,945,956,9834,9843	Bad Mgh.,Caritas-K./Uhlandstr. / Bad Mergentheim, Probsteistr. / Bad Mgh.,Caritas-K./Uhlandstr. / Bad Mergentheim, Bahnhof / Bad Mergentheim, Altstadt Schloss	Caritas Krankenhaus / Uhlandstr.	LINESTRING(9.758803 49.493146,9.7588754 49.493151600000004)
83	Bad Mgh.	Buchener Straße	de:08128:12051:0:Bus2	49.493239	9.758821	bus	MATCHED	n361136765	3.7	0.75	Buchener Straße	930,9834,9843	Bad Mgh., Mobilpark Ried / Bad Mgh., Drillberg/Fa. Würth		LINESTRING(9.758821 49.493239,9.7588024 49.493269600000005)
84	Bad Mgh.	Caritas-K. /Uhlandstr. 	de:08128:12084:0:Bus1	49.491961	9.763358	bus	MATCHED	n341152112	4.7	0.72	Caritas Krankenhaus / Uhlandstr.	945,956,9833	Bad Mgh., Abzw. Breslauer Str. / Bad Mergentheim, Bahnhof / Neunkirchen, Ort	Abzweig Breslauer Straße	LINESTRING(9.763358 49.491961,9.7633051 49.491984900000006)
85	Bad Mgh.	Caritas-K. /Uhlandstr. 	de:08128:12084:0:Bus2	49.491985	9.763519	bus	MATCHED	n341152118	5.9	0.4	Caritas Krankenhaus	930,945,9833,9834,9843,9852,9855	Bad Mgh., Mobilpark Ried / Bad Mergentheim, Altstadt Schloss / Bad Mgh., Buchener Straße / Edelfingen, Süd / Bad Mergentheim, Altstadt Schloss / Bad Mergentheim, Bahnhof / Bad Mgh., Wachbacher Straße		LINESTRING(9.763519 49.491985,9.763440800000001 49.4919992)
86	Bad Mgh.	Clemens-August-Str. 	de:08128:12011:0:2	49.482519	9.780282	bus	MATCHED	n7658985078	1.3	0.92	Clemens-August-Str.	956	Bad Mgh., Neuer Friedhof	Neuer Friedhof	LINESTRING(9.780282 49.482519,9.7802682 49.4825262)
87	Bad Mgh.	Deutschord-Gym. 	de:08128:12012:0:Bus1	49.486984	9.787244	bus	MATCHED	n897802541	24.6	0.25	Deutschordengymnasium	930,933,944,945,949,952,955,956	Neunkirchen, Ort / Igersheim, Bahnhof / Holzbronn (Igersheim), Ort / Bad Mergentheim, Festplatz / Bad Mgh., Schellenhäuschen / Bad Mgh., Wachbacher Straße / Bad Mgh., Maurus-Weber-Straße / Igersheim, Bahnhof / Bad Mgh., Maurus-Weber-Straße / Bad Mergentheim, Altstadt Schloss / Schönbühl, Ort / Bad Mergentheim, Altstadt Schloss / Bad Mergentheim, Bahnhof / Igersheim, Schule		LINESTRING(9.787244 49.486984,9.786939 49.4868863)
88	Bad Mgh.	Deutschord-Gym. 	de:08128:12012:0:Bus2	49.486879	9.786525	bus	MATCHED	n897802434	39.8	0.19	Deutschordengymnasium	933			LINESTRING(9.786525 49.486879,9.786575000000001 49.48723570000001)
89	Bad Mgh.	Diabetes-Klinik	de:08128:12103:0:1	49.496052	9.779276	bus	MATCHED	n9282328269	14.0	0.42	Diabetes Klinik	957,958	Bad Mgh., Edelfinger Straße / Bad Mergentheim, Kursaal	Edelfinger Str.	LINESTRING(9.779276 49.496052,9.779446700000001 49.4959934)
90	Bad Mgh.	Diabetes-Klinik	de:08128:12103:0:2	49.495941	9.779357	bus	MATCHED	n7656750643	8.0	0.73	Diabetes-Klinik	957	Bad Mgh., Klinik Hohenlohe	Klinik Hohenlohe / Kursaal	LINESTRING(9.779357 49.495941,9.7792695 49.495984500000006)
91	Bad Mgh.	Drillberg/Fa. Würth	de:08128:12013:0:Bus1	49.485472	9.746658	bus	MATCHED	n5166469294	6.1	0.56	Bad Mergentheim Drillberg Firma Würth	930,9833,9834	Bad Mgh., Buchener Straße / Bad Mergentheim, Kursaal / Bad Mergentheim, Solymar Therme		LINESTRING(9.746658 49.485472,9.7467225 49.4854372)
92	Bad Mgh.	Drillberg/Fa. Würth	de:08128:12013:0:Bus2	49.485589	9.745787	bus	MATCHED	n5166469295	7.8	0.52	Bad Mergentheim Drillberg Firma Würth	930,9834	Dainbach, Ort / Dainbach, Abzw. Üttingshof		LINESTRING(9.745787 49.485589,9.7457115 49.485638900000005)
93	Bad Mgh.	E. -Mörike-Haus	de:08128:12014:0:Bus1	49.485607	9.783498	bus	NO_MATCH					930	Bad Mgh., Deutschord-Gym.		POINT(9.783498 49.485607)
94	Bad Mgh.	E. -Mörike-Haus	de:08128:12014:0:Bus2	49.485531	9.783597	bus	NO_MATCH					930,933,945,955	Bad Mgh., Deutschord-Gym. / Bad Mgh., Deutschord-Gym.		POINT(9.783597 49.485531)
95	Bad Mgh.	Edelfinger Straße	de:08128:12104:0:1	49.496769	9.776949	bus	MATCHED	n9282328270	19.8	0.32	Edelfinger Str.	955,957,958	Bad Mgh., Diabetes-Klinik / Bad Mergentheim, Bahnhof / Bad Mgh., Kreisv. Wolfgangstr.	Kreisverkehr Wolfgangstr.	LINESTRING(9.776949 49.496769,9.776717600000001 49.4968644)
96	Bad Mgh.	Edelfinger Straße	de:08128:12104:0:2	49.496664	9.777057	bus	MATCHED	n7656750644	33.9	0.4	Edelfinger Str.	955,957	Bad Mgh., Klinik Hohenlohe / Bad Mgh., Diabetes-Klinik	Diabetes-Klinik	LINESTRING(9.777057 49.496664,9.7766195 49.496771900000006)
97	Bad Mgh.	Eichendorffstraße	de:08128:12066:0:Bus1	49.489925	9.767508	bus	MATCHED	n7659042690	24.7	0.45	Eichendorffstr.	956,958	Bad Mergentheim, Bahnhof / Bad Mgh., Marktplatz	Unterer Graben / Marktplatz	LINESTRING(9.767508 49.489925,9.7678173 49.4900187)
98	Bad Mgh.	Eichendorffstraße	de:08128:12066:0:RiW	49.489791	9.766807		NO_MATCH_AND_SEEMS_UNSERVED								POINT(9.766807 49.489791)
99	Bad Mgh.	Eisenb. /Bruckner Str	de:08128:12016:0:RiN	49.479234	9.770697	bus	NO_MATCH_BUT_OTHER_PLATFORM_MATCHED					955	Bad Mgh., Wachbacher Straße		POINT(9.770697 49.479234)
100	Bad Mgh.	Eisenb. /Bruckner Str	de:08128:12016:0:RiS	49.479344	9.77058	bus	MATCHED	n13004193269	57.5	0.15	Eisenberg, Brucknerstraße	955	Bad Mgh., Willingertal/Camping		LINESTRING(9.77058 49.479344,9.7704795 49.479856600000005)
101	Bad Mgh.	Eisenberg/Kaiserstr. 	de:08128:12061	49.487217	9.773338		NO_MATCH_AND_SEEMS_UNSERVED								POINT(9.773338 49.487217)
102	Bad Mgh.	Eisenbergweg	de:08128:12029	49.479846	9.770841		NO_MATCH_AND_SEEMS_UNSERVED								POINT(9.770841 49.479846)
103	Bad Mgh.	Eisenbergweg/Mitte	de:08128:12063:0:Bus2	49.482455	9.772008	bus	MATCHED	n7659042697	5.9	0.71	Eisenbergweg Mitte	958	Bad Mgh., Mozartstraße	Mozartstr.	LINESTRING(9.772008 49.482455,9.7719775 49.482504600000006)
104	Bad Mgh.	Fa. Würth/Osttor	de:08128:12052:0:Bus1	49.486634	9.743963		MATCHED	n5166464947	68.0	0.09	Bad Mergentheim Würth Osttor				LINESTRING(9.743963 49.486634,9.744900600000001 49.4866128)
105	Bad Mgh.	Fa. Würth/Osttor	de:08128:12052:0:Bus2	49.486715	9.743927	bus	NO_MATCH_BUT_OTHER_PLATFORM_MATCHED					930	Bad Mgh., Fa. Würth/Zentrum		POINT(9.743927 49.486715)
106	Bad Mgh.	Fa. Würth/Westtor	de:08128:12054:0:Bus1	49.488419	9.737019		NO_MATCH_AND_SEEMS_UNSERVED								POINT(9.737019 49.488419)
107	Bad Mgh.	Fa. Würth/Westtor	de:08128:12054:0:Bus2	49.488484	9.737055	bus	NO_MATCH					930	Bad Mgh., Drillberg/Fa. Würth		POINT(9.737055 49.488484)
108	Bad Mgh.	Fa. Würth/Zentrum	de:08128:12053:0:Bus1	49.487626	9.739876		NO_MATCH_AND_SEEMS_UNSERVED								POINT(9.739876 49.487626)
109	Bad Mgh.	Fa. Würth/Zentrum	de:08128:12053:0:Bus2	49.487737	9.739867	bus	NO_MATCH					930	Bad Mgh., Fa. Würth/Westtor		POINT(9.739867 49.487737)
110	Bad Mgh.	H. -H. -Ehrler-Platz	de:08128:12021:0:Bus1	49.489884	9.773185	bus	MATCHED	n7659042685	5.2	0.76	H.-H.-Ehrler-Platz	956,958	Bad Mgh., Marktplatz / Bad Mergentheim, Kaiserstraße	Marktplatz / Kaiserstr.	LINESTRING(9.773185 49.489884,9.7731791 49.4898375)
111	Bad Mgh.	Hauffstraße	de:08128:12036:0:Bus1	49.487381	9.782348	bus	MATCHED	n7658985082	14.9	0.49	Hauffstr.	956	Bad Mgh., Kolpingstraße	Kolpingstr.	LINESTRING(9.782348 49.487381,9.7823335 49.487515)
112	Bad Mgh.	Herrenwiesen/Diesel. 	de:08128:12022:0:Bus1	49.497487	9.765505	bus	NO_MATCH_BUT_OTHER_PLATFORM_MATCHED					945,9843	Bad Mergentheim, Bembe / Bad Mergentheim, Kursaal		POINT(9.765505 49.497487)
113	Bad Mgh.	Herrenwiesen/Diesel. 	de:08128:12022:0:Bus2	49.497469	9.766178	bus	MATCHED	n894263605	9.9	0.56	Herrenwiesen/Dieselstraße	945,956,9843	Bad Mergentheim, Hochhaus	Hochhaus	LINESTRING(9.766178 49.497469,9.7662996 49.497429100000005)
114	Bad Mgh.	Hölderlinstraße	de:08128:12068:0:1	49.486412	9.782546	bus	MATCHED	n7658985081	4.5	0.72	Hölderlinstr.	956	Bad Mgh., Hauffstraße	Hauffstr.	LINESTRING(9.782546 49.486412,9.7825185 49.4864486)
115	Bad Mgh.	Klinik Hohenlohe	de:08128:12028:0:Bus1	49.496128	9.781441	bus	MATCHED	n7659042693	16.3	0.6	Klinik Hohenlohe	957	Bad Mergentheim, Bahnhof / Bad Mergentheim, Fachklinik Schwaben / Bad Mgh., Diabetes-Klinik	Fachklinik Schwaben	LINESTRING(9.781441 49.496128,9.7813142 49.4960067)
116	Bad Mgh.	Klinik Hohenlohe	de:08128:12028:0:Bus2	49.496052	9.781513	bus	MATCHED	n7656750642	14.3	0.62	Klinik Hohenlohe	955,957	Bad Mergentheim, Rehaklinik o.d.T.	Reha-Klinik ob der Tauber	LINESTRING(9.781513 49.496052,9.7813858 49.4959531)
117	Bad Mgh.	Kolpingstraße	de:08128:12057:0:Bus1	49.489779	9.781899	bus	MATCHED	n7658985083	16.6	0.49	Kolpingstr.	956	Bad Mergentheim, Frankenstraße	Frankenstr.	LINESTRING(9.781899 49.489779,9.781941900000001 49.489631900000006)
118	Bad Mgh.	Kreisv. Wolfgangstr. 	de:08128:12080:0:1	49.495871	9.774865	bus	MATCHED	n7657236970	10.5	0.64	Kreisverkehr Wolfgangstr.	957,958	Bad Mergentheim, ACTIV-Center	ACTIV-Center	LINESTRING(9.774865 49.495871,9.7747908 49.4957901)
119	Bad Mgh.	Kreisv. Wolfgangstr. 	de:08128:12080:0:2	49.495725	9.774829	bus	MATCHED	n9282328268	6.9	0.71	Kreisverkehr Wolfgangstr.	957,958	Bad Mgh., Edelfinger Straße / Bad Mgh., Edelfinger Straße	Edelfinger Str.	LINESTRING(9.774829 49.495725,9.774830600000001 49.4956632)
120	Bad Mgh.	Marien-/Friedhofstr. 	de:08128:12032:0:Bus2	49.488536	9.777084		NO_MATCH_AND_SEEMS_UNSERVED								POINT(9.777084 49.488536)
121	Bad Mgh.	Marktplatz	de:08128:12095:0:1	49.491086	9.773401	bus	MATCHED	n7659042686	6.0	0.77	Marktplatz	956,958	Bad Mergentheim, Gänsmarkt	Gänsmarkt	LINESTRING(9.773401 49.491086,9.773391 49.491032800000006)
122	Bad Mgh.	Maurus-Weber-Straße	de:08128:12033:0:Bus1	49.487042	9.781189	bus	NO_MATCH					930,933,944,945,955	Bad Mgh., Deutschord-Gym. / Bad Mgh., E.-Mörike-Haus / Bad Mgh., E.-Mörike-Haus / Bad Mergentheim, Altstadt Schloss		POINT(9.781189 49.487042)
123	Bad Mgh.	Maurus-Weber-Straße	de:08128:12033:0:Bus2	49.486972	9.781414	bus	NO_MATCH					930,933,944,945,949,952,955,956	Bad Mergentheim, Altstadt Schloss / Bad Mgh., Deutschord-Gym. / Bad Mgh., Hauffstraße / Bad Mgh., E.-Mörike-Haus / Bad Mgh., Deutschord-Gym. / Harthausen, Brunnen		POINT(9.781414 49.486972)
124	Bad Mgh.	Maximilianstraße	de:08128:12064:0:Bus1	49.484696	9.78286	bus	MATCHED	n7658985080	9.7	0.59	Maximilianstr.	956	Bad Mgh., Hölderlinstraße	Hölderlinstr.	LINESTRING(9.78286 49.484696,9.7828458 49.484782800000005)
125	Bad Mgh.	Mobilpark Ried	de:08128:12059:0:2	49.497621	9.758318	bus	MATCHED	n7659042688	31.4	0.48	Mobilpark Ried	945,956,9833,9834,9843,9852,9855	Bad Mergentheim, Kursaal / Bad Mgh., Buchener Straße / Löffelstelzen, Ort / Bad Mgh., Drillberg/Fa. Würth / Bad Mgh., Beim Braunstall / Bad Mgh., Beim Braunstall / Bad Mergentheim, Bahnhof / Bad Mergentheim, ACTIV-Center / Bad Mergentheim, Solymar Therme	Beim Braunstall	LINESTRING(9.758318 49.497621,9.758504700000001 49.497875900000004)
126	Bad Mgh.	Mozartstraße	de:08128:12074:0:Bus2	49.480267	9.772449	bus	MATCHED	n7659042698	2.4	0.7	Mozartstr.	958	Bad Mgh., Brahmsstraße	Brahmsstr.	LINESTRING(9.772449 49.480267,9.7724813 49.480263300000004)
127	Bad Mgh.	Neuer Friedhof	de:08128:12018:0:Bus1	49.483021	9.78321	bus	MATCHED	n7658985079	5.6	0.78	Neuer Friedhof	956	Bad Mgh., Maximilianstraße	Maximilianstr.	LINESTRING(9.78321 49.483021,9.7832079 49.4829706)
128	Bad Mgh.	Neunkircher Straße	de:08128:12045:0:Bus1	49.483978	9.766106	bus	MATCHED	n7659042711	2.6	0.75	Neunkircher Str.	933,958	Bad Mergenth., Breslauer Str.	Breslauer Straße	LINESTRING(9.766106 49.483978,9.7660927 49.483955800000004)
129	Bad Mgh.	Neunkircher Straße	de:08128:12045:0:Bus2	49.484002	9.765963	bus	NO_MATCH_BUT_OTHER_PLATFORM_MATCHED					933	Neunkirchen, Ort		POINT(9.765963 49.484002)
130	Bad Mgh.	Reha-Klinik o. d. T. 	de:08128:12106	49.496443	9.789517		NO_MATCH_AND_SEEMS_UNSERVED								POINT(9.789517 49.496443)
131	Bad Mgh.	Reha-KlinikTaubertal	de:08128:12098:0:1	49.500142	9.780884	bus	MATCHED	n7657236969	5.0	0.77	Reha-Klinik Taubertal	957	Bad Mgh., Abzw. Reha-Kl.Taub.	Abzw. Klinik Taubertal	LINESTRING(9.780884 49.500142,9.780914300000001 49.500182200000005)
132	Bad Mgh.	Rigaer Straße	de:08128:12039:0:Bus1	49.480576	9.766789	bus	MATCHED	n7659042710	7.8	0.63	Rigaer Str.	958	Bad Mgh., Neunkircher Straße	Neunkircher Str.	LINESTRING(9.766789 49.480576,9.766811500000001 49.4806449)
133	Bad Mgh.	Saarbrücker Straße	de:08128:12092:0:2	49.486406	9.775665	bus	MATCHED	n7658985076	11.6	0.61	Saarbrücker Str.	956	Bad Mgh., Von-Salza-Straße	Von-Salza-Str.	LINESTRING(9.775665 49.486406,9.7756816 49.486302300000006)
134	Bad Mgh.	Schellenhäuschen	de:08128:12041:0:Bus1	49.49122	9.784288	bus	NO_MATCH_BUT_OTHER_PLATFORM_MATCHED					945	Bad Mergentheim, Altstadt Schloss		POINT(9.784288 49.49122)
135	Bad Mgh.	Schellenhäuschen	de:08128:12041:0:Bus2	49.491133	9.78427	bus	MATCHED	n894263609	11.7	0.52	Schellenhäuschen	959	Igersheim, Schule / Igersheim, Bahnhof		LINESTRING(9.78427 49.491133,9.7844308 49.4911431)
136	Bad Mgh.	Schloßgartenstraße	de:08128:12065	49.488069	9.778997		NO_MATCH_AND_SEEMS_UNSERVED								POINT(9.778997 49.488069)
137	Bad Mgh.	Siebenwinden	de:08128:12056	49.4865	9.760905		NO_MATCH_AND_SEEMS_UNSERVED								POINT(9.760905 49.4865)
138	Bad Mgh.	Unterer Graben	de:08128:12097:0:2	49.491547	9.769763	bus	MATCHED	n7659042691	6.8	0.75	Unterer Graben	956,958	Bad Mgh., H.-H.-Ehrler-Platz / Bad Mergentheim, Altstadt Schloss	H.-H.-Ehrler-Platz / Alter Friedhof	LINESTRING(9.769763 49.491547,9.769711000000001 49.4914962)
139	Bad Mgh.	Von-Salza-Straße	de:08128:12003:0:Bus2	49.483774	9.779114	bus	MATCHED	n7658985077	2.9	0.73	Von-Salza-Str.	956	Bad Mgh., Clemens-August-Str.	Clemens-August-Str.	LINESTRING(9.779114 49.483774,9.779152400000001 49.483766900000006)
140	Bad Mgh.	W-Frank/Industriestr. 	de:08128:12085	49.497901	9.754392		NO_MATCH_AND_SEEMS_UNSERVED								POINT(9.754392 49.497901)
141	Bad Mgh.	W. -Frank-Str. /Abelt	de:08128:12086	49.497125	9.756369		NO_MATCH_AND_SEEMS_UNSERVED								POINT(9.756369 49.497125)
142	Bad Mgh.	Wachbacher Straße	de:08128:12046:0:Bus1	49.484877	9.770499	bus	MATCHED	n8992305212	26.2	0.46	Bad Mergentheim Wachbacher Straße	933,955,9833,9855	Bad Mergentheim, Altstadt Schloss / Bad Mergentheim, Bahnhof / Neunkirchen, Ort / Bad Mgh., Maurus-Weber-Straße / Bad Mergentheim, Altstadt Schloss		LINESTRING(9.770499 49.484877,9.7707805 49.485024800000005)
143	Bad Mgh.	Wachbacher Straße	de:08128:12046:0:Bus2	49.485011	9.770463	bus	MATCHED	n8992305213	4.8	0.72	Bad Mergentheim Wachbacher Straße	955,9833,9855	Lillstadt, Ort / Bad Mgh.,Caritas-K./Uhlandstr. / Bad Mgh., Willingertal/Camping / Bad Mergentheim, Wildpark / Wachbach, Schule / Lillstadt, Abzw. / Bad Mgh., Eisenb./Bruckner Str	Lillstadt Abzweig	LINESTRING(9.770463 49.485011,9.7705176 49.4850361)
144	Bad Mgh.	Willingertal/Camping	de:08128:12049:0:RiN	49.463694	9.77694	bus	MATCHED	n897802403	2.9	0.47	Willinger Tal	955,9855	Bad Mgh., Wachbacher Straße / Bad Mergentheim, Wildpark / Bad Mgh., Eisenb./Bruckner Str		LINESTRING(9.77694 49.463694,9.7769534 49.463718300000004)
145	Bad Mgh.	Willingertal/Camping	de:08128:12049:0:RiS	49.463653	9.776832	bus	MATCHED	n5024495368	15.9	0.27	Willinger Tal	955,9855	Wachbach, Siedlung		LINESTRING(9.776832 49.463653,9.7769299 49.4635255)
146	Beckstein	Abzw. Weingut Benz	de:08128:13856:0:Bus1	49.536801	9.715846	bus	NO_MATCH					942,9842	Königshofen, B292/Eisenbahnstr / Lauda, i-Park Tauberfranken / Sachsenflur, Feuerwehrhaus		POINT(9.715846 49.536801)
147	Beckstein	Abzw. Weingut Benz	de:08128:13856:0:Bus2	49.536888	9.715891	bus	NO_MATCH					9842	Beckstein, Linde		POINT(9.715891 49.536888)
148	Beckstein	Linde	de:08128:13858:0:Bus1	49.545976	9.704949	bus	NO_MATCH					942,9842	Königshofen, Bahnhof / Beckstein, Abzw. Weingut Benz		POINT(9.704949 49.545976)
149	Bernsfelden	Kirche	de:08128:12623:0:1	49.562468	9.893595	bus	NO_MATCH					949,952	Oesfeld Ort / Harth., WITTENST. talent arena / Harthausen, Brunnen		POINT(9.893595 49.562468)
150	Bernsfelden	Ort	de:08128:12622:0:RiN	49.56333	9.893353	bus	MATCHED	n3959186091	4.5	0.71	Bernsfelden Ort	952,9852	Simmringen, Ort / Bowiesen, Ort		LINESTRING(9.893353 49.56333,9.893408 49.5633111)
151	Bernsfelden	Ort	de:08128:12622:0:RiS	49.563441	9.893326	bus	MATCHED	n3959186092	5.2	0.69	Bernsfelden Ort	952	Harth., WITTENST. talent arena		LINESTRING(9.893326 49.563441,9.893255100000001 49.5634322)
152	Berolzheim	Gh Engel	de:08128:13751:0:Bus1	49.473998	9.539363	bus	NO_MATCH					934,939	Berolzheim, Hohenstadter Weg / Angeltürn, Ort		POINT(9.539363 49.473998)
153	Berolzheim	Gh Engel	de:08128:13751:0:Bus2	49.474015	9.539273		NO_MATCH_AND_SEEMS_UNSERVED								POINT(9.539273 49.474015)
154	Berolzheim	Hohenstadter Weg	de:08128:13753:0:1	49.476887	9.537431	bus	MATCHED	n11964688256	3.6	0.75	Berolzheim, Hohenstadter Weg	939	Hohenstadt, Ort		LINESTRING(9.537431 49.476887,9.5373829 49.4768777)
155	Berolzheim	Kindergarten	de:08128:13754:0:1	49.476625	9.538608	bus	MATCHED	n11964688255	18.9	0.41	Berolzheim, Kindergarten	939	Berolzheim, Milchhaus		LINESTRING(9.538608 49.476625,9.5383749 49.476701600000005)
156	Berolzheim	Milchhaus	de:08128:13757:0:Bus2	49.474179	9.539354	bus	NO_MATCH					934,939,9839	Schillingstadt, Ort / Buch, Ort / Schillingstadt, Ort / Uiffingen, Ort		POINT(9.539354 49.474179)
157	Berolzheim	Ort	de:08128:13755	49.475282	9.539462		NO_MATCH_AND_SEEMS_UNSERVED								POINT(9.539462 49.475282)
158	Bestenheid	Bahnhof Glashütte	de:08128:13591:1:1	49.786163	9.499954	train	MATCHED	n5636324818	40.5	0.12	Wertheim-Bestenheid	RB88,RE87	Wertheim, Bahnhof / Hasloch (Main)	Wertheim / Hasloch (Main)	LINESTRING(9.499954 49.786163,9.5005152 49.786188800000005)
159	Bestenheid	Bahnhof Glashütte	de:08128:13591:2:Bus	49.786383	9.499963	bus	NO_MATCH_BUT_OTHER_PLATFORM_MATCHED					974	Bestenheid, Schuller		POINT(9.499963 49.786383)
160	Bestenheid	Bestenheider Landstr. 	de:08128:13590:0:RiO	49.781853	9.499513	bus	MATCHED	n605012823	3.3	0.76	Bestenheider Landstraße	972,977,9872	Bestenheid, Breslauer Straße / Bestenheid, GS / Bestenheid, Bildungszentrum / Bestenheid, Bildungszentrum / Bestenheid, Bildungszentrum	Breslauer Straße	LINESTRING(9.499513 49.781853,9.4995518 49.7818376)
161	Bestenheid	Bestenheider Landstr. 	de:08128:13590:0:RiW	49.781957	9.501741	bus	MATCHED	n3901880609	15.7	0.54	Bestenheider Landstraße	972,974,977,9872	Bestenheid, Mainhafen / Bestenheid, Leonhard-Karl-Straße	Mainhafen	LINESTRING(9.501741 49.781957,9.501958400000001 49.7819683)
162	Bestenheid	Bildungszentrum	de:08128:13592:0:1	49.780461	9.504023	bus	MATCHED	n524582845	16.6	0.44	Bestenheid, Bildungszentrum	632,662,663,972,973,974,975	Wertheim, Höhenweg / Wertheim, ZOB / Bestenheid, Bestenheider Landstr. / Wertheim, Waldhaus / Bestenheid, Mainhafen / Wertheim, Altstadt / Reinhardshof, Bestenheider Höhe / Wertheim, ZOB / Bestenheid, Breslauer Straße / Wertheim, Gymnasium		LINESTRING(9.504023 49.780461,9.5040735 49.7806064)
163	Bestenheid	Bildungszentrum	de:08128:13592:0:HP10	49.780183	9.504113	bus	NO_MATCH_BUT_OTHER_PLATFORM_MATCHED					972	Bestenheid, Bestenheider Landstr.		POINT(9.504113 49.780183)
164	Bestenheid	Bildungszentrum	de:08128:13592:0:HP11	49.78027	9.503996	bus	NO_MATCH_BUT_OTHER_PLATFORM_MATCHED					972	Bestenheid, Bestenheider Landstr. / Bestenheid, Mainhafen		POINT(9.503996 49.78027)
165	Bestenheid	Bildungszentrum	de:08128:13592:0:HP12	49.780368	9.503942	bus	NO_MATCH_BUT_OTHER_PLATFORM_MATCHED					977	Bestenheid, Breslauer Straße		POINT(9.503942 49.780368)
166	Bestenheid	Bildungszentrum	de:08128:13592:0:HP2	49.780391	9.504077	bus	NO_MATCH_BUT_OTHER_PLATFORM_MATCHED					971,972	Bestenheid, Breslauer Straße / Wertheim, ZOB		POINT(9.504077 49.780391)
167	Bestenheid	Bildungszentrum	de:08128:13592:0:HP3	49.780328	9.504149	bus	NO_MATCH_BUT_OTHER_PLATFORM_MATCHED					971	Wertheim, ZOB		POINT(9.504149 49.780328)
168	Bestenheid	Bildungszentrum	de:08128:13592:0:HP4	49.780258	9.504185	bus	NO_MATCH_BUT_OTHER_PLATFORM_MATCHED					941	Wertheim, ZOB		POINT(9.504185 49.780258)
169	Bestenheid	Bildungszentrum	de:08128:13592:0:HP5	49.7802	9.504248	bus	NO_MATCH_BUT_OTHER_PLATFORM_MATCHED					986 / 632	Wertheim, Waldhaus / Wertheim, ZOB / Wertheim, Altstadt		POINT(9.504248 49.7802)
170	Bestenheid	Bildungszentrum	de:08128:13592:0:HP6	49.780148	9.504301		NO_MATCH_AND_SEEMS_UNSERVED								POINT(9.504301 49.780148)
171	Bestenheid	Bildungszentrum	de:08128:13592:0:HP7	49.78009	9.504328		NO_MATCH_AND_SEEMS_UNSERVED								POINT(9.504328 49.78009)
172	Bestenheid	Bildungszentrum	de:08128:13592:0:HP8	49.780032	9.504364		NO_MATCH_AND_SEEMS_UNSERVED								POINT(9.504364 49.780032)
173	Bestenheid	Bildungszentrum	de:08128:13592:0:HP9	49.779997	9.504239	bus	NO_MATCH_BUT_OTHER_PLATFORM_MATCHED					972	Bestenheid, Breslauer Straße		POINT(9.504239 49.779997)
174	Bestenheid	Breslauer Straße	de:08128:13593:0:RiS	49.780855	9.505308	bus	MATCHED	n271921346	16.0	0.6	Breslauer Straße	972,974,977,9872	Reinhardshof, Nord/Krankenhaus / Wertheim, Waldhaus / Wertheim, Waldhaus / Wertheim, Höhenweg	Waldhaus	LINESTRING(9.505308 49.780855,9.505452700000001 49.78074590000001)
175	Bestenheid	Breslauer Straße	de:08128:13593:0:RiW	49.780937	9.505352	bus	MATCHED	n271921345	19.7	0.57	Breslauer Straße	972,974,977,9872	Bestenheid, Liegnitzer Straße / Bestenheid, Evang. Kirche / Bestenheid, Volksbank / Bestenheid, Mühlenweg / Bestenheid, Bestenheider Landstr.	Bestenheider Landstraße	LINESTRING(9.505352 49.780937,9.50558 49.780838900000006)
176	Bestenheid	E-Center	de:08128:13451	49.784533	9.491438		NO_MATCH_AND_SEEMS_UNSERVED								POINT(9.491438 49.784533)
177	Bestenheid	Evang. Kirche	de:08128:13594:0:RiO	49.784295	9.498921	bus	MATCHED	n12010053325	5.5	0.57	Evangelische Kirche	974,977	Bestenheid, Breslauer Straße / Bestenheid, Volksbank		LINESTRING(9.498921 49.784295,9.4989802 49.7842636)
178	Bestenheid	Evang. Kirche	de:08128:13594:0:RiW	49.784399	9.498974	bus	NO_MATCH_BUT_OTHER_PLATFORM_MATCHED					974,977	Bestenheid, Leonhard-Karl-Straße / Bestenheid, Otto-Schott-Str.		POINT(9.498974 49.784399)
179	Bestenheid	Fa. Straub	de:08128:13595:0:RiO	49.783773	9.48311	bus	NO_MATCH					977	Bestenheid, Otto-Schott-Str.		POINT(9.48311 49.783773)
180	Bestenheid	Fa. Straub	de:08128:13595:0:RiW	49.78379	9.482904	bus	NO_MATCH					974,977	Grünenwört, Karl-Kirchner-Str. / Bestenheid, Hafenstraße		POINT(9.482904 49.78379)
181	Bestenheid	GS	de:08128:13596:0:1	49.783002	9.502676	bus	NO_MATCH					972	Bestenheid, Bildungszentrum / Bestenheid, Mainhafen / Bestenheid, Breslauer Straße / Bestenheid, Bildungszentrum		POINT(9.502676 49.783002)
182	Bestenheid	Hafenstraße	de:08128:13599:0:1	49.781064	9.475277	bus	NO_MATCH					974	Bestenheid, Mainhafen		POINT(9.475277 49.781064)
183	Bestenheid	Leonhard-Karl-Straße	de:08128:13604:0:1	49.78462	9.494923	bus	NO_MATCH					974	Reinhardshof, Bestenheider Höhe / Bestenheid, Evang. Kirche		POINT(9.494923 49.78462)
184	Bestenheid	Liegnitzer Straße	de:08128:13602:0:1	49.779997	9.501624	bus	NO_MATCH					974	Bestenheid, Reichenberger Straße		POINT(9.501624 49.779997)
185	Bestenheid	Mainhafen	de:08128:13597:0:RiO	49.780797	9.481924	bus	MATCHED	n605012815	20.2	0.4	Mainhafen	972	Bestenheid, Bildungszentrum / Bestenheid, Leonhard-Karl-Straße / Bestenheid, Bildungszentrum / Bestenheid, Bestenheider Landstr.	Bestenheider Landstraße	LINESTRING(9.481924 49.780797,9.482186500000001 49.780860100000005)
186	Bestenheid	Mainhafen	de:08128:13597:0:RiW	49.780647	9.48108	bus	MATCHED	n3901880610	8.0	0.73	Mainhafen	972	Wessental, Ort / Grünenwört, Karl-Kirchner-Str.	Lange Straße/Friedhof / Karl-Kirchner-Straße	LINESTRING(9.48108 49.780647,9.480970800000001 49.780635600000004)
187	Bestenheid	Mühlenweg	de:08128:13600:0:1	49.783535	9.504975	bus	NO_MATCH					974	Bestenheid, Bahnhof Glashütte		POINT(9.504975 49.783535)
188	Bestenheid	Otto-Schott-Str. 	de:08128:13453:0:RiO	49.785177	9.488554	bus	NO_MATCH					977	Bestenheid, Evang. Kirche		POINT(9.488554 49.785177)
189	Bestenheid	Otto-Schott-Str. 	de:08128:13453:0:RiW	49.785269	9.488554	bus	NO_MATCH					974,977	Bestenheid, Fa. Straub		POINT(9.488554 49.785269)
190	Bestenheid	Reichenberger Straße	de:08128:13603:0:1	49.779109	9.499433	bus	NO_MATCH					974	Bestenheid, Leonhard-Karl-Straße		POINT(9.499433 49.779109)
191	Bestenheid	Schuller	de:08128:13601:0:1	49.786035	9.49583	bus	NO_MATCH					974	Bestenheid, Leonhard-Karl-Straße / Bestenheid, Otto-Schott-Str.		POINT(9.49583 49.786035)
192	Bestenheid	Volksbank	de:08128:13598:0:RiN	49.783147	9.501283	bus	NO_MATCH					974,977	Bestenheid, Evang. Kirche		POINT(9.501283 49.783147)
193	Bestenheid	Volksbank	de:08128:13598:0:RiS	49.782282	9.50219	bus	NO_MATCH					974,977	Bestenheid, Breslauer Straße		POINT(9.50219 49.782282)
194	Bettingen	Dertinger Straße	de:08128:13505:0:RiO	49.773047	9.567893	bus	MATCHED	n9318463378	4.0	0.73	Bettingen Dertinger Straße	973,977,986 / 632,9873	Bettingen, Kirche / Wertheim, Kreisverkehr/Almosenberg / Homburg Gh. Krone / Dertingen, Metzgerei Strauß / Dertingen, Post / Bettingen, Homburger Weg / Dertingen, Post / Würzburg Stettiner Straße / Lindelbach, Gärtnerei	Kreisverkehr / Almosenberg	LINESTRING(9.567893 49.773047,9.567862 49.7730168)
195	Bettingen	Dertinger Straße	de:08128:13505:0:RiW	49.773082	9.567794	bus	MATCHED	n9318463377	2.1	0.83	Bettingen Dertinger Straße	973,976,977,986 / 632	Bettingen, Homburger Weg / Homburg Am Bischbach / Dertingen, Post / Bettingen, Kirche	Bettingen Kirche	LINESTRING(9.567794 49.773082,9.5678204 49.773089600000006)
196	Bettingen	Homburger Weg	de:08128:13508:0:RiS	49.773517	9.564021	bus	NO_MATCH					986 / 632	Bettingen, Dertinger Straße / Bettingen, Dertinger Straße / Homburg Gh. Krone / Homburg Am Bischbach		POINT(9.564021 49.773517)
197	Bettingen	Kirche	de:08128:13506:0:RiO	49.772409	9.563231	bus	MATCHED	n9318463379	9.1	0.7	Bettingen Kirche	973,977,986 / 632,9873	Bettingen, Dertinger Straße / Bettingen, Dertinger Straße	Bettingen Dertinger Straße	LINESTRING(9.563231 49.772409,9.563105100000001 49.7723984)
198	Bettingen	Kirche	de:08128:13506:0:RiS	49.772508	9.56315	bus	MATCHED	n9318463380	29.5	0.49	Bettingen Kirche	973,976,977,986 / 632	Urphar, Alte Landstraße / Urphar, Ort / Lindelbach, Schule / Lindelbach, Gärtnerei	Urphar	LINESTRING(9.56315 49.772508,9.5627631 49.772420100000005)
199	Blumweiler	Ort	de:08128:12389:0:RiN	49.403083	10.097872	bus	NO_MATCH_BUT_OTHER_PLATFORM_MATCHED					970,9870	Creglingen, ZOB / Oberrimbach, Kindergarten / Seldeneck, Ort / Weiler, Ort		POINT(10.097872 49.403083)
200	Blumweiler	Ort	de:08128:12389:0:RiO	49.40296	10.09772	bus	MATCHED	n5328153722	69.3	0.17	Blumenweiler Ort	970,9870	Schwarzenbronn, Ort / Schmerbach, Ort		LINESTRING(10.09772 49.40296,10.096832000000001 49.402730000000005)
201	Bobstadt (Kr TBB)	Ort	de:08128:12291:0:Bus1	49.465043	9.674308	bus	NO_MATCH					930,9834	Boxberg (TBB), Stadtapotheke / Bobstadt (Kr TBB), Talmühle		POINT(9.674308 49.465043)
202	Bobstadt (Kr TBB)	Ort	de:08128:12291:0:Bus2	49.465066	9.674173	bus	NO_MATCH					930	Seehof, LSZ / Assamstadt, Gemeidezentrum		POINT(9.674173 49.465066)
203	Bobstadt (Kr TBB)	Talmühle	de:08128:12292:0:RiN	49.475212	9.669978	bus	NO_MATCH					930,9834	Schweigern, Sonne / Boxberg (TBB), Stadtapotheke / Schweigern, Sonne / Bobstadt (Kr TBB), Ort		POINT(9.669978 49.475212)
204	Bobstadt (Kr TBB)	Talmühle	de:08128:12292:0:RiS	49.475469	9.669789	bus	NO_MATCH					930	Bobstadt (Kr TBB), Ort		POINT(9.669789 49.475469)
205	Bowiesen	Ort	de:08128:12627:0:1	49.572728	9.831028	bus	MATCHED	n1911668547	29.8	0.31	Bowiesen Ort	949,952,9852	Neubronn (Igershm.), Ort / Oesfeld Ort / Bernsfelden, Ort		LINESTRING(9.831028 49.572728,9.831052000000001 49.572996)
206	Boxberg	Kindergarten	de:08128:12262:0:Bus1	49.482041	9.63842		NO_MATCH_AND_SEEMS_UNSERVED								POINT(9.63842 49.482041)
207	Boxberg	Kindergarten	de:08128:12262:0:Bus2	49.481924	9.638375		NO_MATCH_AND_SEEMS_UNSERVED								POINT(9.638375 49.481924)
208	Boxberg (TBB)	Rathaus	de:08128:12263:0:Bus1	49.480926	9.641097	bus	MATCHED	n3554647211	43.6	0.25	Boxberg, Rathaus	930,934,937,9834,9839	Boxberg (TBB), Schulzentrum / Boxberg-Wölchingen, Bahnhof / Boxberg (TBB), Stadtapotheke / Boxberg (TBB), Schulzentrum / Wölchingen, Abzw. Bahnhof / Boxberg-Wölchingen, Bahnhof	Boxberg, Stadtapotheke / Boxberg-Wölchingen, Bahnhof	LINESTRING(9.641097 49.480926,9.6407219 49.4806189)
209	Boxberg (TBB)	Rathaus	de:08128:12263:0:Bus2	49.480897	9.641007	bus	MATCHED	n11737817107	37.5	0.28	Boxberg, Rathaus	930,934,937,9842	Boxberg (TBB), Schulzentrum / Boxberg (TBB), Stadtapotheke / Schwabhausen, Zur Wassersch. / Windischbuch, Ort / Windischbuch, Ort / Boxberg (TBB), Schulzentrum / Boxberg-Wölchingen, Bahnhof	Boxberg, Schulzentrum	LINESTRING(9.641007 49.480897,9.640628900000001 49.4806669)
210	Boxberg (TBB)	Schulzentrum	de:08128:12264:0:Bus1	49.482899	9.639579	bus	MATCHED	n11737817105	7.3	0.62	Boxberg, Schulzentrum	930,934,937	Boxberg-Wölchingen, Bahnhof / Schwabhausen, Zur Wassersch. / Boxberg (TBB), Rathaus / Boxberg (TBB), Stadtapotheke / Boxberg-Wölchingen, Bahnhof	Boxberg, Rathaus	LINESTRING(9.639579 49.482899,9.639479300000001 49.482887100000006)
211	Boxberg (TBB)	Schulzentrum	de:08128:12264:0:Bus2	49.482829	9.639489	bus	MATCHED	n11737817106	29.0	0.32	Boxberg, Schulzentrum	930,934,937,9834,9839,9842	Boxberg-Wölchingen, Bahnhof / Boxberg (TBB), Rathaus / Boxberg (TBB), Stadtapotheke / Boxberg (TBB), Rathaus / Schwabhausen, Zur Wassersch. / Wölchingen, Abzw. Bahnhof / Boxberg-Wölchingen, Bahnhof		LINESTRING(9.639489 49.482829,9.6391127 49.4827406)
212	Boxberg (TBB)	Stadtapotheke	de:08128:12265:0:Bus1	49.481679	9.642714	bus	MATCHED	n3554647206	37.3	0.45	Boxberg, Stadtapotheke	930,937,9834	Boxberg (TBB), Rathaus / Bobstadt (Kr TBB), Ort / Schweigern, Sonne / Schweigern, Sonne	Schweigern, Sonne	LINESTRING(9.642714 49.481679,9.6431261 49.4818797)
213	Boxberg (TBB)	Stadtapotheke	de:08128:12265:0:Bus2	49.481883	9.642983	bus	MATCHED	n11737817121	6.5	0.64	Boxberg, Stadtapotheke	930,937,942,9842	Boxberg (TBB), Schulzentrum / Schweigern, Sonne / Boxberg-Wölchingen, Bahnhof / Boxberg (TBB), Schulzentrum / Boxberg (TBB), Rathaus / Boxberg-Wölchingen, Bahnhof	Boxberg, Schulzentrum	LINESTRING(9.642983 49.481883,9.6428978 49.4818633)
214	Boxberg-Wölchingen	Bahnhof	de:08128:12276:0:3	49.485327	9.640145	bus	MATCHED	n11737817109	17.9	0.58	Boxberg-Wölchingen, Bahnhof	934,937,9834,9839,9842	Uiffingen, Ort / Seehof, Max-Planck-Str. West / Wölchingen, Rathaus	Boxberg-Wölchingen, Rathaus	LINESTRING(9.640145 49.485327,9.6403332 49.4854307)
215	Boxberg-Wölchingen	Bahnhof	de:08128:12276:0:GeoBu	49.485315	9.640531	bus	NO_MATCH_BUT_OTHER_PLATFORM_MATCHED					930,934,937,9834,9839,9842	Boxberg (TBB), Rathaus / Boxberg (TBB), Rathaus / Boxberg (TBB), Stadtapotheke / Boxberg (TBB), Schulzentrum / Boxberg (TBB), Stadtapotheke		POINT(9.640531 49.485315)
216	Boxberg-Wölchingen	Bahnhof	de:08128:12276:1:1	49.485542	9.640019	train	MATCHED	w309033409	34.7	1.0	Wölchingen	RB8,RB85,RE8	Eubigheim, Bahnhof / Lauda, Bahnhof / Königshofen, Bahnhof	Eubigheim	LINESTRING(9.640019 49.485542,9.639599220942333 49.48539123542192)
217	Boxberg-Wölchingen	Bahnhof	de:08128:12276:2:FS	49.48535	9.64036	bus	MATCHED	n11737817108	8.9	0.58	Boxberg-Wölchingen, Bahnhof	930,937,942	Boxberg (TBB), Rathaus / Boxberg (TBB), Schulzentrum / Boxberg (TBB), Stadtapotheke / Wölchingen, Abzw. Bahnhof		LINESTRING(9.64036 49.48535,9.6403733 49.4852706)
218	Boxtal	Abzw. Sägemühle	de:08128:12409:0:RiN	49.755146	9.398498	bus	NO_MATCH_BUT_OTHER_PLATFORM_MATCHED					972	Rauenberg, Abzw. Alte Schule / Boxtal, Linde / Boxtal, Sägemühlen		POINT(9.398498 49.755146)
219	Boxtal	Abzw. Sägemühle	de:08128:12409:0:RiS	49.755013	9.398417	bus	MATCHED	n3898690933	24.4	0.36	Boxtal, Abzw. Sägemühle	972	Boxtal, Linde / Boxtal, Sägemühlen / Rauenberg, Abzw. Alte Schule	Rauenberg, Abzw. Alte Schule	LINESTRING(9.398417 49.755013,9.398407800000001 49.754794000000004)
220	Boxtal	Antoniusmühle	de:08128:12412:0:1	49.744908	9.401355	bus	MATCHED_THOUGH_OSM_NO_NAME	n5184619079	24.2	0.14		972	Boxtal, Linde / Wessental, Ort / Boxtal, Sägemühlen / Boxtal, Sägemühlen		LINESTRING(9.401355 49.744908,9.4010792 49.745032900000005)
221	Boxtal	Linde	de:08128:12401:0:RiN	49.763195	9.401301	bus	MATCHED	n687313318	18.5	0.42	Boxtal Linde	972,9872	Boxtal, Weinstock / Boxtal, Abzw. Sägemühle / Boxtal, Weinstock	Boxtal, Weinstock	LINESTRING(9.401301 49.763195,9.4013598 49.7630331)
222	Boxtal	Linde	de:08128:12401:0:RiS	49.763056	9.401148	bus	MATCHED	n687313314	2.6	0.8	Boxtal Linde	972,9872	Boxtal, Abzw. Sägemühle / Boxtal, Weinstock	Boxtal, Abzw. Sägemühle	LINESTRING(9.401148 49.763056,9.401135700000001 49.7630776)
223	Boxtal	Sägemühlen	de:08128:12410:0:RiN	49.747595	9.39954	bus	MATCHED	n5184619080	29.5	0.49	Boxtal Sägemühlen	972	Boxtal, Linde / Boxtal, Antoniusmühle / Boxtal, Abzw. Sägemühle	Boxtal Linde	LINESTRING(9.39954 49.747595,9.3996051 49.747857200000006)
224	Boxtal	Sägemühlen	de:08128:12410:0:RiS	49.747555	9.399459	bus	NO_MATCH_BUT_OTHER_PLATFORM_MATCHED					972	Boxtal, Abzw. Sägemühle / Boxtal, Abzw. Sägemühle / Boxtal, Linde / Rauenberg, Abzw. Alte Schule / Boxtal, Antoniusmühle / Wessental, Ort		POINT(9.399459 49.747555)
225	Boxtal	Weinstock	de:08128:12403:0:RiN	49.767628	9.402783	bus	MATCHED	n3898690934	24.3	0.36	Boxtal, Weinstock	972,9872	Freudenberg, Tremhof / Reinhardshof, Nord/Krankenhaus / Boxtal, Linde / Freudenberg, Abzw. Boxtal	Abzweig Boxtal / Tremhof	LINESTRING(9.402783 49.767628,9.402769000000001 49.767409400000005)
226	Boxtal	Weinstock	de:08128:12403:0:RiS	49.767518	9.402666	bus	MATCHED	n9315795126	7.6	0.61	Boxtal Weinstock	972,9872	Boxtal, Linde / Boxtal, Linde / Freudenberg, Tremhof	Boxtal Linde	LINESTRING(9.402666 49.767518,9.402658 49.767450000000004)
227	Brehmen	Abzw. Birkenfeld	de:08128:12701	49.578186	9.561156		NO_MATCH_AND_SEEMS_UNSERVED								POINT(9.561156 49.578186)
228	Brehmen	Ort	de:08128:12702:0:RiN	49.567921	9.553682	bus	MATCHED	n8145508861	6.5	0.64	Brehmen, Ort	850,9850	Königh, Abzw. Hof Birkenfeld / Pülfringen, Mühlstraße / Weikerstetten, Ort / Buch, Ort	Püfringen Mühlstraße / Königheim Abzw. Hof Birkenfeld	LINESTRING(9.553682 49.567921,9.5535987 49.567899600000004)
229	Bronn	Ort	de:08128:13228:0:RiN	49.440008	9.893613	bus	MATCHED	n318633584	8.0	0.55	Bronn	961,965	Weikersheim, Tauberhöhe / Weikersheim, Bahnhofstraße / Weikersheim, Tauberhöhe	Tauberhöhe	LINESTRING(9.893613 49.440008,9.893687 49.4400619)
230	Bronn	Ort	de:08128:13228:0:RiS	49.440025	9.893524	bus	MATCHED	n308763206	7.8	0.39	Bronn	961,964,965,9861	Rüsselhausen, Ort / Honsbronn, Ort / Pfitzingen, Ort	Honsbronn Ort	LINESTRING(9.893524 49.440025,9.8934703 49.4400856)
231	Bronnbach	Bahnhof	de:08128:13549:1:1	49.714998	9.543567	train	MATCHED	n5636325332	18.7	0.27	Kloster Bronnbach	RB88,RE87	Gamburg, Bahnhof / Reicholzheim, Bahnhof	Bahnhof Gamburg (Tauber) / Reicholzheim	LINESTRING(9.543567 49.714998,9.543493600000001 49.7151592)
232	Bronnbach	Bahnhof	de:08128:13549:30:GeoS1	49.715097	9.543145		NO_MATCH_AND_SEEMS_UNSERVED								POINT(9.543145 49.715097)
233	Bronnbach	Eulschirbenmühle	de:08128:13538:0:RiN	49.700992	9.579383	bus	MATCHED	n1446890226	6.1	0.66	Eulschirbenmühle	941,9876	Bronnbach, Kloster		LINESTRING(9.579383 49.700992,9.5794236 49.700943800000005)
234	Bronnbach	Eulschirbenmühle	de:08128:13538:0:RiS	49.700928	9.579185	bus	MATCHED	n9834571960	8.1	0.6	Eulschirbenmühle	941,9876	Wenkheim, Ortsmitte / Gamburg, Dorfgemeinschaftshaus / Gamburg, Tauberbrücke		LINESTRING(9.579185 49.700928,9.5791286 49.7009915)
235	Bronnbach	Kloster	de:08128:13537:0:RiN	49.713151	9.546756	bus	MATCHED	n431300515	1.1	0.88	Kloster Bronnbach	88a,941,9876	Gamburg, Bahnhof / Reicholzheim, Schule		LINESTRING(9.546756 49.713151,9.546750000000001 49.7131416)
236	Bronnbach	Kloster	de:08128:13537:0:RiS	49.713249	9.54663	bus	MATCHED	n431300513	5.6	0.67	Kloster Bronnbach	941,9873,9876	Bronnbach, Eulschirbenmühle / Höhefeld, Siedlung / Bronnbach, Schafhof		LINESTRING(9.54663 49.713249,9.5465645 49.713222)
237	Bronnbach	Schafhof	de:08128:13536:0:1	49.719174	9.561012	bus	NO_MATCH					941	Reicholzheim, Schule		POINT(9.561012 49.719174)
238	Bronnbach	Schafhof	de:08128:13536:0:2	49.717861	9.557203	bus	NO_MATCH					941	Höhefeld, Siedlung		POINT(9.557203 49.717861)
239	Brunntal	Ort	de:08128:13330:0:1	49.68332	9.694026	bus	MATCHED	n1874258192	14.2	0.46	Brunntal Ort	941,9876	Werbachhausen, Ort / Hochhausen (Tauber), Ort / Wenkheim, Emmentaler Mühle / Werbach, Welzmühle / Niklashausen, Ort / Werbachhausen, Ort		LINESTRING(9.694026 49.68332,9.6938932 49.683414400000004)
240	Buch	Abzw. Ahornhof	de:08128:13752:0:Bus1	49.537296	9.596199	bus	MATCHED	n12569545031	25.3	0.25	Abzweigung Ahornhof	942	Kupprichhausen, Kirche		LINESTRING(9.596199 49.537296,9.595859800000001 49.537352000000006)
241	Buch	Abzw. Ahornhof	de:08128:13752:0:Bus2	49.53739	9.596181	bus	MATCHED	n12569545032	21.1	0.28	Abzweigung Ahornhof	942	Buch, Ort		LINESTRING(9.596181 49.53739,9.5958957 49.537429100000004)
242	Buch	Ort	de:08128:13756:0:Bus1	49.538445	9.555928		NO_MATCH_AND_SEEMS_UNSERVED								POINT(9.555928 49.538445)
243	Buch	Ort	de:08128:13756:0:Bus2	49.538363	9.555892	bus	MATCHED_THOUGH_OSM_NO_NAME	n1094708302	5.9	0.25		850,939,942,9839,9850	Uiffingen, Scharfbachweg / Uiffingen, Ort / Eubigheim, Obereubigheim Ort / Brehmen, Ort / Eubigheim, Schule / Buch, Abzw. Ahornhof / Heckfeld, Ort / Gerichtstetten, Altes Milchh. / Berolzheim, Milchhaus / Eubigheim, Bahnhof		LINESTRING(9.555892 49.538363,9.5558283 49.53833)
244	Burgstall	Ort	de:08128:12381:0:RiO	49.435942	10.123537	bus	NO_MATCH_BUT_OTHER_PLATFORM_MATCHED					9870	Seldeneck, Ort / Weiler, Ort		POINT(10.123537 49.435942)
245	Burgstall	Ort	de:08128:12381:0:RiW	49.436041	10.123375	bus	MATCHED	n5328153731	3.2	0.77	Burgstall Ort	970,9870	Wolfsbuch, Ort / Schonach, Ort / Finsterlohr, Ort		LINESTRING(10.123375 49.436041,10.1234172 49.436047900000005)
246	Craintal	Hofgarten	de:08128:12312:0:RiO	49.463589	10.057556	bus	NO_MATCH_BUT_OTHER_PLATFORM_MATCHED					967	Schön, Ort		POINT(10.057556 49.463589)
247	Craintal	Hofgarten	de:08128:12312:0:RiW	49.463636	10.057403	bus	MATCHED	n5328153734	30.3	0.31	Craintal Hofgarten	967,968	Creglingen, ZOB / Creglingen, ZOB / Craintal, Ort		LINESTRING(10.057403 49.463636,10.0570885 49.4634568)
248	Craintal	Ort	de:08128:12311:0:RiO	49.462065	10.055687	bus	MATCHED	n2453913702	7.1	0.74	Craintal Ort	968,970,980,9870	Archshofen, Ort / Archshofen, Tauberbrücke / Archshofen, Ort	Archshofen Ort	LINESTRING(10.055687 49.462065,10.0555985 49.462093200000005)
249	Craintal	Ort	de:08128:12311:0:RiW	49.461791	10.056253	bus	MATCHED	n2453913698	4.8	0.8	Craintal Ort	968,970,980,9870	Creglingen, Rothenburger Str. / Schön, Ort / Creglingen, ZOB / Creglingen, ZOB		LINESTRING(10.056253 49.461791,10.056309 49.4618144)
250	Creglingen	Herrgottskirche	de:08128:12301:0:RiN	49.457925	10.031334	bus	MATCHED	n369974475	192.1	0.09	Creglingen Herrgottskirche	969,9863,9869,9870	Creglingen, Waldstraße / Creglingen, ZOB		LINESTRING(10.031334 49.457925,10.0309147 49.459630700000005)
251	Creglingen	Herrgottskirche	de:08128:12301:0:RiS	49.45789	10.031145	bus	NO_MATCH_BUT_OTHER_PLATFORM_MATCHED					969,970,9869,9870	Craintal, Ort / Münster, Ort / Münster, See / Finsterlohr, Ort / Burgstall, Ort		POINT(10.031145 49.45789)
252	Creglingen	Rothenburger Str. 	de:08128:12304:0:RiO	49.469036	10.035637	bus	MATCHED	n5328135504	17.3	0.36	Creglingen Rothenburger Straße	980,9870	Craintal, Ort / Creglingen, Herrgottskirche		LINESTRING(10.035637 49.469036,10.035431 49.469115200000005)
253	Creglingen	Rothenburger Str. 	de:08128:12304:0:RiW	49.469159	10.035709	bus	NO_MATCH_BUT_OTHER_PLATFORM_MATCHED					980,9870	Creglingen, Waldstraße / Creglingen, Herrgottskirche / Creglingen, ZOB		POINT(10.035709 49.469159)
254	Creglingen	Touristinfo	de:08128:12305:0:1	49.474138	10.026914		NO_MATCH_AND_SEEMS_UNSERVED								POINT(10.026914 49.474138)
255	Creglingen	Waldstraße	de:08128:12307:0:1	49.466841	10.035206	bus	NO_MATCH					9863,9867,9869,9870	Münster, Industriegebiet / Creglingen, ZOB / Creglingen, ZOB / Creglingen, Herrgottskirche / Creglingen, Rothenburger Str. / Creglingen, ZOB / Schirmbach, Ort		POINT(10.035206 49.466841)
256	Creglingen	ZOB	de:08128:12302:0:1	49.471196	10.029537	bus	MATCHED_THOUGH_OSM_NO_NAME	n2453914158	1.2	0.33		980,9867,9869	Creglingen, Rothenburger Str. / Creglingen, Waldstraße		LINESTRING(10.029537 49.471196,10.029533500000001 49.4711853)
257	Creglingen	ZOB	de:08128:12302:0:2	49.471278	10.029385	bus	MATCHED_THOUGH_OSM_NO_NAME	n2453914175	0.6	0.35		980	Klingen Ort / Riedenheim Röttinger Straße		LINESTRING(10.029385 49.471278,10.029383600000001 49.4712729)
258	Creglingen	ZOB	de:08128:12302:0:3	49.471377	10.029214	bus	MATCHED_THOUGH_OSM_NO_NAME	n2453914179	2.3	0.31		968	Klingen Ort / Craintal, Ort / Schirmbach, Ort		LINESTRING(10.029214 49.471377,10.0292229 49.471357600000005)
259	Creglingen	ZOB	de:08128:12302:0:4	49.471441	10.029088	bus	MATCHED	w237498661	4.9	0.7	Creglingen ZOB	969	Creglingen, Herrgottskirche		LINESTRING(10.029088 49.471441,10.029114865703306 49.47140079165712)
260	Creglingen	ZOB	de:08128:12302:0:5	49.471523	10.02898	bus	MATCHED_THOUGH_OSM_NO_NAME	n2453914195	3.4	0.29		970,9870	Archshofen, Tauberbrücke / Creglingen, Herrgottskirche / Oberrimbach, Kindergarten / Reutsachsen, Ort / Creglingen, Waldstraße / Craintal, Ort		LINESTRING(10.02898 49.471523,10.028935500000001 49.4715147)
261	Creglingen	ZOB	de:08128:12302:0:6	49.471605	10.028828	bus	MATCHED_THOUGH_OSM_NO_NAME	n2453914200	2.7	0.3		967	Klingen Ort / Craintal, Hofgarten		LINESTRING(10.028828 49.471605,10.0287945 49.471594800000005)
262	Creglingen	ZOB	de:08128:12302:0:7	49.47168	10.028684	bus	MATCHED_THOUGH_OSM_NO_NAME	n2453914205	3.8	0.28		963,9863	Niederrimbach, Ort / Klingen Ort		LINESTRING(10.028684 49.47168,10.028683800000001 49.471645800000005)
263	Dainbach	Abzw. Üttingshof	de:08128:12112:0:SNord	49.487387	9.713232	bus	MATCHED	n5166472221	4.3	0.53	Uittigshof Abzweigung	930,9834	Dainbach, Ort / Dainbach, Ort		LINESTRING(9.713232 49.487387,9.7131962 49.4874183)
264	Dainbach	Abzw. Üttingshof	de:08128:12112:0:SSüd	49.485583	9.71351	bus	MATCHED	n5166472120	22.5	0.32	Üttingshof Abzweigung	930,9834	Bad Mgh., Drillberg/Fa. Würth / Bad Mgh., Fa. Würth/Osttor		LINESTRING(9.71351 49.485583,9.7137784 49.485685200000006)
265	Dainbach	Ort	de:08128:12111:0:Bus1	49.496367	9.71395	bus	MATCHED	n499324653	3.2	0.54	Dainbach	930	Unterschüpf, Brunnen / Schweigern, Sonne / Schweigern, Schule		LINESTRING(9.71395 49.496367,9.7139551 49.496395400000004)
266	Dainbach	Ort	de:08128:12111:0:Bus2	49.496349	9.713807	bus	NO_MATCH_BUT_OTHER_PLATFORM_MATCHED					930,9834	Schweigern, An der Dell / Schweigern, Hofmann-Menü / Bad Mgh., Drillberg/Fa. Würth / Dainbach, Abzw. Üttingshof		POINT(9.713807 49.496349)
267	Dertingen	Am Oberen Tor	de:08128:13510:0:RiO	49.766329	9.623715	bus	MATCHED	n1632954293	5.5	0.64	Dertingen, Am oberen Tor	973,977	Dertingen, Post / Kembach, Ort / Wüstenzell Ort	Wüstenzell Ort	LINESTRING(9.623715 49.766329,9.6236504 49.766355000000004)
268	Dertingen	Am Oberen Tor	de:08128:13510:0:RiW	49.766445	9.623643	bus	MATCHED	n1632954326	6.4	0.61	Dertingen, Am oberen Tor	973,977,9873	Dertingen, Post / Wüstenzell Ort / Dertingen, Metzgerei Strauß	Dertingen Post	LINESTRING(9.623643 49.766445,9.6237238 49.7664683)
269	Dertingen	Metzgerei Strauß	de:08128:13511:0:RiO	49.767721	9.617094	bus	NO_MATCH					973	Dertingen, Post / Dertingen, Schule		POINT(9.617094 49.767721)
270	Dertingen	Metzgerei Strauß	de:08128:13511:0:RiW	49.767756	9.617067	bus	NO_MATCH					973,9873	Hofgarten, St.Lioba-Kirche / Bettingen, Kirche / Wertheim, Almosenberg / Bettingen, Dertinger Straße / Urphar, Ort / Lindelbach, Gärtnerei / Lindelbach, Schule		POINT(9.617067 49.767756)
271	Dertingen	Post	de:08128:13512:0:RiO	49.766816	9.619259	bus	MATCHED	n1632954327	44.6	0.42	Dertingen Post	973,977,986 / 632,9873	Dertingen, Am Oberen Tor / Waldbüttelbrunn/B8 / Dertingen, Am Oberen Tor	Dertingen, Am oberen Tor	LINESTRING(9.619259 49.766816,9.6195711 49.766469400000005)
272	Dertingen	Post	de:08128:13512:0:RiW	49.766915	9.619331	bus	MATCHED	n1632954269	82.3	0.16	Dertingen Post	973,977,986 / 632	Dertingen, Am Oberen Tor / Dertingen, Schule / Dertingen, Metzgerei Strauß / Wertheim, Almosenberg / Bettingen, Dertinger Straße / Bettingen, Dertinger Straße	Almosenberg	LINESTRING(9.619331 49.766915,9.620007000000001 49.7663184)
273	Dertingen	Schule	de:08128:13513:0:1	49.767106	9.614058	bus	NO_MATCH					973	Dertingen, Metzgerei Strauß / Wertheim, Almosenberg / Bettingen, Dertinger Straße / Dertingen, Post / Lindelbach, Schule		POINT(9.614058 49.767106)
274	Deubach	Ort	de:08128:13879:0:Bus1	49.54643	9.771757		NO_MATCH_AND_SEEMS_UNSERVED								POINT(9.771757 49.54643)
275	Deubach	Ort	de:08128:13879:0:Bus2	49.546442	9.771667	bus	NO_MATCH					943,945,9843	Oberbalbach, Ort / Unterbalbach, Ost / Oberbalbach, Ort / Oberbalbach, Abzw. Deubach		POINT(9.771667 49.546442)
276	Dienstadt	Ort	de:08128:13045:0:RiN	49.633426	9.612917	bus	NO_MATCH_BUT_OTHER_PLATFORM_MATCHED					971,9874,990	Eiersheim, Kirche		POINT(9.612917 49.633426)
277	Dienstadt	Ort	de:08128:13045:0:RiS	49.633367	9.612908	bus	MATCHED	n9689372203	3.9	0.74	Dienstadt, Ort	971,9874	Tauberbischofsheim, Abz. Külsh		LINESTRING(9.612908 49.633367,9.6128975 49.633332200000005)
278	Dietenhan	Ort	de:08128:13490:0:RiO	49.743445	9.604437	bus	NO_MATCH					973	Höhefeld, Ort / Höhefeld, Abzw. Wagenbuch / Kembach, Ort		POINT(9.604437 49.743445)
279	Dietenhan	Ort	de:08128:13490:0:RiW	49.743607	9.604347	bus	NO_MATCH					973,9873	Urphar, Alte Landstraße / Dertingen, Post / Lindelbach, Schule / Urphar, Ort		POINT(9.604347 49.743607)
280	Distelhausen (Tbb. )	Bahnhof	de:08128:13054:1:1	49.598178	9.68374	train	MATCHED	n5633687149	13.4	0.36	Distelhausen	RB85,RB88,RE87	Dittigheim, Bahnhof / Lauda, Bahnhof	Lauda / Dittigheim	LINESTRING(9.68374 49.598178,9.6836353 49.59827790000001)
281	Distelhausen (Tbb. )	Bahnhof	de:08128:13054:30:GeoS2	49.598428	9.684045		NO_MATCH_AND_SEEMS_UNSERVED								POINT(9.684045 49.598428)
282	Distelhausen (Tbb. )	Kirche	de:08128:13052:0:RiN	49.598958	9.692202	bus	MATCHED	n3846300075	30.9	0.31	Distelhausen Kirche	88a,941,9841,988	Dittigheim, Kirche / Lauda, ZOB / Dittigheim, Abzw.		LINESTRING(9.692202 49.598958,9.6922929 49.5986868)
283	Distelhausen (Tbb. )	Kirche	de:08128:13052:0:RiS	49.598463	9.692597	bus	MATCHED	n3846300076	3.6	0.75	Distelhausen Kirche	941,9841,988,990	Distelhausen (Tbb.), Schule / Lauda, Tauberbr./TauberCenter / Lauda, i-Park Tauberfranken / Gerlachsheim, West		LINESTRING(9.692597 49.598463,9.6926324 49.598440700000005)
284	Distelhausen (Tbb. )	Schule	de:08128:13053:0:1	49.596886	9.697376	bus	MATCHED	n447751006	3.2	0.77	Distelhausen Schule	941	Gerlachsheim, West / Distelhausen (Tbb.), Kirche / Grünsfeld, Bahnhof		LINESTRING(9.697376 49.596886,9.6973341 49.5968771)
285	Dittigheim	Abzw. 	de:08128:13046:0:RiN	49.609984	9.680524	bus	MATCHED	n3846300069	11.2	0.44	Dittigheim Abzweigung	941,9841,988	Dittigheim, Kirche / Tauberbischofsheim, Abzw. Laur		LINESTRING(9.680524 49.609984,9.6805094 49.610084300000004)
286	Dittigheim	Abzw. 	de:08128:13046:0:RiS	49.609833	9.680488	bus	MATCHED	n3846300094	8.6	0.49	Dittigheim Abzweigung	941,9841,988,990	Distelhausen (Tbb.), Kirche		LINESTRING(9.680488 49.609833,9.680465100000001 49.609757300000005)
287	Dittigheim	Bahnhof	de:08128:13048:1:1	49.60804	9.674784	train	MATCHED	n5633687142	5.2	0.41	Dittigheim	RB85,RB88,RE87	Lauda, Bahnhof / Tauberbischofsheim, Bahnhof / Tauberbischofsheim, Bahnhof / Distelhausen (Tbb.), Bahnhof	Distelhausen / Tauberbischofsheim	LINESTRING(9.674784 49.60804,9.6747458 49.60808)
288	Dittigheim	Bahnhof	de:08128:13048:30:GeoS1	49.607761	9.67517		NO_MATCH_AND_SEEMS_UNSERVED								POINT(9.67517 49.607761)
289	Dittigheim	Kirche	de:08128:13047:0:1	49.610002	9.675682	bus	MATCHED	n3846300080	6.8	0.62	Dittigheim Kirche	88a,941,9841	Tauberbischofsheim, Abzw. Laur / Hof Steinbach Ort / Tauberbischofsheim, ZOB / Dittigheim, Abzw. / Distelhausen (Tbb.), Kirche		LINESTRING(9.675682 49.610002,9.675767800000001 49.610027)
290	Dittwar	Abzw. Hof Steinbach	de:08128:13061:0:1	49.590806	9.641726	bus	NO_MATCH					850,9850	Dittwar, Ort		POINT(9.641726 49.590806)
291	Dittwar	Ort	de:08128:13062:0:1	49.590271	9.637989	bus	NO_MATCH					850,9850	Hof Steinbach Ort / Tauberbischofsheim, Am Ditt Bf		POINT(9.637989 49.590271)
292	Dreischwingen	Abzw. 	de:08128:12931:0:1	49.386689	9.88587	bus	MATCHED	n466124138	23.2	0.33	Dreischwingen Abzweigung	964,9861	Ermershausen, Ort / Ermershausen, Ort		LINESTRING(9.88587 49.386689,9.8860054 49.3868785)
293	Dreischwingen	Ort	de:08128:12925	49.386543	9.885888		NO_MATCH_AND_SEEMS_UNSERVED								POINT(9.885888 49.386543)
294	Dunzendorf	Ort	de:08128:12957:0:RiO	49.412424	9.988978	bus	MATCHED_THOUGH_OSM_NO_NAME	n325727559	3.2	0.29		966,9869	Streichental, Ort		LINESTRING(9.988978 49.412424,9.9889483 49.4124453)
295	Dunzendorf	Ort	de:08128:12957:0:RiW	49.412511	9.989005	bus	NO_MATCH_BUT_OTHER_PLATFORM_MATCHED					966,9869	Ebertsbronn, Ort / Wermutshausen, Ort / Wildentierbach, Ort		POINT(9.989005 49.412511)
296	Dörlesberg	Bäckerei	de:08128:13557:0:RiO	49.713011	9.4976	bus	MATCHED	n9675347121	5.6	0.67	Dörlesberg, Bäckerei	971,9871	Dörlesberg, Waage		LINESTRING(9.4976 49.713011,9.4976657 49.713038600000004)
297	Dörlesberg	Bäckerei	de:08128:13557:0:RiW	49.713075	9.49751	bus	NO_MATCH_BUT_OTHER_PLATFORM_MATCHED					971,9871	Hundheim, Kirche / Dörlesberg, Ernsthöfe		POINT(9.49751 49.713075)
298	Dörlesberg	Ernsthöfe	de:08128:13558:0:RiN	49.709462	9.491339	bus	MATCHED	n9703704457	8.4	0.59	Dörlesberg, Ernsthöfr	971,9871	Dörlesberg, Bäckerei		LINESTRING(9.491339 49.709462,9.491234700000001 49.709428)
299	Dörlesberg	Ernsthöfe	de:08128:13558:0:RiS	49.709352	9.491204	bus	NO_MATCH_BUT_OTHER_PLATFORM_MATCHED					971,9871	Hundheim, Kirche / Hundheim, Kirche / Hundheim, Gemeindezentrum / Hundheim, Denkmalsiedlung		POINT(9.491204 49.709352)
300	Dörlesberg	Waage	de:08128:13556:0:RiN	49.713348	9.503655	bus	MATCHED	n802024263	17.7	0.22	An der Waage (Richtung Wertheim)	971,9871	Hundheim, Denkmalsiedlung / Sachsenhausen, Ort		LINESTRING(9.503655 49.713348,9.5036757 49.713189500000006)
301	Dörlesberg	Waage	de:08128:13556:0:RiW	49.712791	9.502424	bus	MATCHED	n914442405	5.4	0.68	Dörlesberg, Waage	971,9871	Dörlesberg, Bäckerei		LINESTRING(9.502424 49.712791,9.5024668 49.7128311)
302	Dörtel	Ort	de:08128:12121:0:RiN	49.423357	9.807195	bus	NO_MATCH					955,9855	Wachbach, Schule / Hachtel, Ort / Hachtel, Ort / Wachbach, Rathaus		POINT(9.807195 49.423357)
303	Dörtel	Ort	de:08128:12121:0:RiS	49.423241	9.806998	bus	NO_MATCH					955,9855	Rot, Rathaus		POINT(9.806998 49.423241)
304	Ebenheid	Kirche	de:08128:12408	49.713958	9.360876		NO_MATCH_AND_SEEMS_UNSERVED								POINT(9.360876 49.713958)
305	Ebenheid	Ort	de:08128:12411:0:RiN	49.714492	9.360697	bus	MATCHED	n5184619076	2.9	0.58	Ebenheid Kirche	972	Freudenberg, Badesee / Freudenberg, Tremhof / Rauenberg, Schule / Wessental, Ort / Wessental, Ort / Rauenberg, Brandweiher	Wessental Ort	LINESTRING(9.360697 49.714492,9.3607219 49.71447190000001)
306	Ebertsbronn	Ort	de:08128:12960:0:RiO	49.434499	9.947521	bus	NO_MATCH_BUT_OTHER_PLATFORM_MATCHED					966,9869	Dunzendorf, Ort / Rinderfeld, Kindergarten / Rinderfeld, Ortsmitte / Heimberg, Süd / Niederstetten, ZOB		POINT(9.947521 49.434499)
307	Ebertsbronn	Ort	de:08128:12960:0:RiS	49.434581	9.947557	bus	MATCHED	n315617176	5.6	0.56	Ebertsbronn	966	Wermutshausen, Ort		LINESTRING(9.947557 49.434581,9.9475979 49.4345378)
308	Edelfingen	Bahnhof	de:08128:12153:1:1	49.51322	9.743092	train	MATCHED	n5633687169	27.0	0.22	Edelfingen	RB88,RE87	Königshofen, Bahnhof / Bad Mergentheim, Bahnhof / Bad Mergentheim, Bahnhof		LINESTRING(9.743092 49.51322,9.743184300000001 49.5129846)
309	Edelfingen	Mitte	de:08128:12152	49.515156	9.750045		NO_MATCH_AND_SEEMS_UNSERVED								POINT(9.750045 49.515156)
310	Edelfingen	Nord	de:08128:12150:0:Bus1	49.515769	9.750988	bus	MATCHED	n3959141267	32.9	0.3	Edelfingen, Nord	88b,945,9843	Edelfingen, Süd		LINESTRING(9.750988 49.515769,9.7508102 49.516041200000004)
311	Edelfingen	Nord	de:08128:12150:0:Bus2	49.515821	9.751114	bus	MATCHED	n3959141266	25.0	0.35	Edelfingen, Nord	88b,945,9843	Unterbalbach, Bürgm.-Kolb-Str.		LINESTRING(9.751114 49.515821,9.751314 49.515637600000005)
312	Edelfingen	Süd	de:08128:12151:0:Bus1	49.50951	9.752775	bus	MATCHED_THOUGH_DISTANT	n12033102662	344.6	0.06	Edelfingen, Süd	88b,945,9843	Bad Mergentheim, Altstadt Schloss / Bad Mergentheim, Bahnhof / Bad Mergentheim, Hochhaus / Bad Mgh., Mobilpark Ried / Löffelstelzen, Ort		LINESTRING(9.752775 49.50951,9.752015 49.512570000000004)
313	Edelfingen	Süd	de:08128:12151:0:Bus2	49.509598	9.752892	bus	MATCHED_THOUGH_DISTANT	n12033102663	333.5	0.06	Edelfingen, Süd	88b,945,9843	Edelfingen, Nord		LINESTRING(9.752892 49.509598,9.7522123 49.5125649)
314	Eichel	Höhenweg	de:08128:13456:0:1	49.765453	9.54036	bus	MATCHED	n4676846928	7.8	0.56	Eicheler Höhenweg	976	Wertheim, Schlösschen im Hofgarten		LINESTRING(9.54036 49.765453,9.540459100000001 49.765424)
315	Eichel	Würzburger Straße	de:08128:13457:0:RiO	49.765238	9.541465	bus	MATCHED	n560926636	46.3	0.24	Eichel Würzburger Straße	973,976,977,986 / 632	Urphar, Ort / Bettingen, Kirche / Wertheim, Schlösschen im Hofgarten	Urphar	LINESTRING(9.541465 49.765238,9.540884400000001 49.76541640000001)
316	Eichel	Würzburger Straße	de:08128:13457:0:RiW	49.765348	9.54151	bus	MATCHED	n560011332	9.4	0.56	Eichel Würzburger Straße	973,976,977,986 / 632,9873	Hofgarten, St.Lioba-Kirche / Urphar, Ort / Wertheim, Schlösschen im Hofgarten	Wertheim Altstadt	LINESTRING(9.54151 49.765348,9.541622400000001 49.765305100000006)
317	Eichhof	Ort	de:08128:12929:0:RiN	49.393343	9.884837	bus	MATCHED	n318633544	32.7	0.2	Eichhof	964,9861	Adolzhausen, Ort		LINESTRING(9.884837 49.393343,9.8844733 49.393517300000006)
318	Eichhof	Ort	de:08128:12929:0:RiS	49.393267	9.884873	bus	NO_MATCH_BUT_OTHER_PLATFORM_MATCHED					964	Dreischwingen, Abzw. / Ermershausen, Ort / Niederstetten, Ziegelmühle / Niederstetten, Bahnhof		POINT(9.884873 49.393267)
319	Eiersheim	Kirche	de:08128:12834:0:RiS	49.659577	9.589075	bus	MATCHED	n1481668500	10.0	0.55	Eiersheim, Kirche	971,9874	Dienstadt, Ort		LINESTRING(9.589075 49.659577,9.589015900000001 49.6594956)
320	Eiersheim	Kirche	de:08128:12834:0:RiW	49.659659	9.589084	bus	MATCHED_THOUGH_OSM_NO_NAME	n1481668498	20.3	0.15		971,9874,990	Gamburg, Dorfgemeinschaftshaus / Uissigheim, Ort		LINESTRING(9.589084 49.659659,9.5888034 49.6596533)
321	Elpersheim	Abzw. 	de:08128:13232	49.473187	9.873868		NO_MATCH_AND_SEEMS_UNSERVED								POINT(9.873868 49.473187)
322	Elpersheim	Bahnhof	de:08128:13234:1:1	49.473198	9.872952	train	MATCHED	n5633687205	35.0	0.19	Elpersheim	RB85,RB88,RE87	Weikersheim, Bahnhof / Weikersheim, Bahnhof / Markelsheim, Bahnhof	Markelsheim / Weikersheim	LINESTRING(9.872952 49.473198,9.873411200000001 49.4731007)
323	Elpersheim	Bahnhof	de:08128:13234:1:RiW	49.473402	9.87271	bus	MATCHED	n310093280	20.0	0.56	Elpersheim Bahnhof	88b,961	Markelsheim, Kirche / Markelsheim, Bahnhof / Igersheim, Kaufland	Igersheim Kaufland	LINESTRING(9.87271 49.473402,9.872983900000001 49.473380600000006)
324	Elpersheim	Bahnhof	de:08128:13234:2:Bus	49.472976	9.87474	bus	MATCHED	n289652934	13.3	0.64	Elpersheim Bahnhof	88b,959,961,9861	Elpersheim, Ort / Weikersheim, Bahnhofstraße / Weikersheim, Tauberhöhe	Weikersheim Bahnhofstraße	LINESTRING(9.87474 49.472976,9.874873200000001 49.4728933)
325	Elpersheim	Ort	de:08128:13235:0:RiN	49.469567	9.872512	bus	MATCHED	n289652928	1.3	0.87	Elpersheim Ort	961,962,9861	Elpersheim, Bahnhof / Weikersheim, Bahnhofstraße / Weikersheim, Mühlrad		LINESTRING(9.872512 49.469567,9.8725255 49.469559600000004)
326	Elpersheim	Ort	de:08128:13235:0:RiS	49.469474	9.872404	bus	NO_MATCH_BUT_OTHER_PLATFORM_MATCHED					961,965,9861	Pfitzingen, Ort / Honsbronn, Ort / Bronn, Ort		POINT(9.872404 49.469474)
327	Elpersheim	Schule	de:08128:13233:0:1	49.468493	9.873581	bus	MATCHED	n289652630	6.2	0.65	Elpersheim Schule	959,961,962	Bronn, Ort / Weikersheim, Bahnhofstraße / Elpersheim, Ort		LINESTRING(9.873581 49.468493,9.8735991 49.4684389)
328	Epplingen	Ort	de:08128:12272:0:Bus1	49.505544	9.628134	bus	NO_MATCH					9842	Schweigern, An der Dell		POINT(9.628134 49.505544)
329	Epplingen	Ort	de:08128:12272:0:Bus2	49.505637	9.628107	bus	NO_MATCH					930,9842	Wölchingen, Abzw. Bahnhof / Boxberg-Wölchingen, Bahnhof / Unterschüpf, Brunnen / Kupprichhausen, Kirche		POINT(9.628107 49.505637)
330	Erdbach	Ort	de:08128:12315:0:RiO	49.477798	10.064769	bus	MATCHED	n496193553	29.4	0.32	Erdbach Ort	967,968,9867	Schön, Ort / Freudenbach, Ortsmitte		LINESTRING(10.064769 49.477798,10.0649832 49.4775731)
331	Erdbach	Ort	de:08128:12315:0:RiW	49.477844	10.064931	bus	NO_MATCH_BUT_OTHER_PLATFORM_MATCHED					967,968,9867	Schirmbach, Ort / Schirmbach, Ort / Reinsbronn, Ort		POINT(10.064931 49.477844)
332	Ermershausen	Ort	de:08128:12932:0:RiN	49.378748	9.884262	bus	MATCHED	n466124091	0.7	0.72	Ermershausen	964,9861	Sichertshausen, Ort / Eichhof, Ort		LINESTRING(9.884262 49.378748,9.884253900000001 49.3787511)
333	Ermershausen	Ort	de:08128:12932:0:RiS	49.378753	9.884082	bus	MATCHED	n466124087	9.9	0.44	Ermershausen	964	Zollhaus Ort		LINESTRING(9.884082 49.378753,9.8839507 49.3787305)
334	Eubigheim	Bahnhof	de:08128:13761:1:1	49.501886	9.53824	train	MATCHED	n3337902220	31.9	0.37	Eubigheim	RB85,RE8	Boxberg-Wölchingen, Bahnhof	Königshofen (Baden)	LINESTRING(9.53824 49.501886,9.5379169 49.5016906)
335	Eubigheim	Bahnhof	de:08128:13761:2:2	49.501524	9.537539	train	MATCHED	n3337902221	32.3	0.37	Eubigheim	RB8,RB85,RE8	Rosenberg, Bahnhof	Rosenberg (Baden)	LINESTRING(9.537539 49.501524,9.537870100000001 49.501718600000004)
336	Eubigheim	Bahnhof	de:08128:13761:2:3	49.501583	9.537449	trainish	NO_MATCH_AND_SEEMS_UNSERVED								POINT(9.537449 49.501583)
337	Eubigheim	Bahnhof	de:08128:13761:30:Bus	49.501682	9.538258	bus	MATCHED	n13021038382	0.9	0.9	Bahnhof	939,9839	Eubigheim, Schule / Buch, Ort / Eubigheim, Kirche / Uiffingen, Scharfbachweg / Eubigheim, Obereubigheim Ort		LINESTRING(9.538258 49.501682,9.5382554 49.5016897)
338	Eubigheim	Kirche	de:08128:13762:0:Bus1	49.501069	9.539677	bus	MATCHED_THOUGH_OSM_NO_NAME	n3107940657	8.0	0.23		939,9839,9850	Eubigheim, Bahnhof / Eubigheim, Obereubigheim Ort / Eubigheim, Schule		LINESTRING(9.539677 49.501069,9.5397868 49.501072400000005)
339	Eubigheim	Kirche	de:08128:13762:0:Bus2	49.501501	9.539893	bus	MATCHED_THOUGH_OSM_NO_NAME	n3107940658	8.1	0.23		939,9839,9850	Berolzheim, Kindergarten / Hohenstadt, Ort / Hohenstadt, Ort		LINESTRING(9.539893 49.501501,9.539897 49.501573500000006)
340	Eubigheim	Obereubigheim Ort	de:08128:13763:0:1	49.510513	9.553484	bus	NO_MATCH					9839,9850	Eubigheim, Bahnhof / Eubigheim, Kirche / Buch, Ort		POINT(9.553484 49.510513)
341	Eubigheim	Schule	de:08128:13760:0:1	49.498467	9.544285	bus	NO_MATCH					850,939	Buch, Ort / Eubigheim, Bahnhof / Gerichtstetten, Altes Milchh. / Brehmen, Ort / Eubigheim, Kirche		POINT(9.544285 49.498467)
342	Finsterlohr	Ort	de:08128:12384:0:RiO	49.434435	10.097154	bus	NO_MATCH_BUT_OTHER_PLATFORM_MATCHED					970,9870	Schonach, Ort / Burgstall, Ort		POINT(10.097154 49.434435)
343	Finsterlohr	Ort	de:08128:12384:0:RiW	49.434552	10.097208	bus	MATCHED	n5328153732	6.6	0.64	Finsterlohr Ort	970,9870	Archshofen, Tauberbrücke / Archshofen, Ort / Creglingen, Rothenburger Str.		LINESTRING(10.097208 49.434552,10.097234100000001 49.434609)
344	Frauental	Kloster	de:08128:12332:0:RiO	49.496478	10.091117	bus	MATCHED	n1161003396	86.7	0.16	Frauental Kloster	967,9867	Fuchshof, Ort / Lohrhof, Ort / Weidenhof, Ort / Niedersteinach, Ort		LINESTRING(10.091117 49.496478,10.090106 49.4968961)
345	Frauental	Seewiesenhof	de:08128:12333:0:RiO	49.500398	10.099094	bus	NO_MATCH_BUT_OTHER_PLATFORM_MATCHED					9867	Weidenhof, Ort		POINT(10.099094 49.500398)
346	Frauental	Seewiesenhof	de:08128:12333:0:RiW	49.500521	10.099013	bus	MATCHED	n5328153740	102.7	0.14	Seewiesenhof	967,9867	Waldmannshofen, Ort / Sechselbach, Ort		LINESTRING(10.099013 49.500521,10.0979078 49.501100400000006)
347	Freudenbach	Kindergarten	de:08128:12358:0:RiN	49.47084	10.096237	bus	MATCHED	n5328153735	15.3	0.46	Freudenbach Kindergarten	967,968,9867	Freudenbach, Ortsmitte / Reinsbronn, Ort / Erdbach, Ort		LINESTRING(10.096237 49.47084,10.0964334 49.4707894)
348	Freudenbach	Kindergarten	de:08128:12358:0:RiS	49.470752	10.096103	bus	NO_MATCH_BUT_OTHER_PLATFORM_MATCHED					967,968	Schön, Ort		POINT(10.096103 49.470752)
349	Freudenbach	Ortsmitte	de:08128:12359:0:RiS	49.473408	10.096552	bus	NO_MATCH_BUT_OTHER_PLATFORM_MATCHED					967,968,9867	Freudenbach, Kindergarten / Freudenbach, Kindergarten / Schön, Ort		POINT(10.096552 49.473408)
350	Freudenbach	Ortsmitte	de:08128:12359:0:RiW	49.473356	10.09674	bus	MATCHED	n5328153736	14.9	0.46	Freudenbach Ortsmitte	967,968,9867	Schön, Ort / Erdbach, Ort		LINESTRING(10.09674 49.473356,10.0966076 49.4732532)
351	Freudenberg	Abzw. Boxtal	de:08128:12426:0:RiO	49.771724	9.401579	bus	MATCHED	n605012772	16.3	0.51	Abzweig Boxtal	972,977,9872	Mondfeld, Ort	Ort	LINESTRING(9.401579 49.771724,9.4017181 49.7718402)
352	Freudenberg	Abzw. Boxtal	de:08128:12426:0:RiW	49.771765	9.401507	bus	MATCHED	n605012768	3.2	0.73	Abzweig Boxtal	972,977,9872	Freudenberg, Tremhof / Boxtal, Weinstock / Boxtal, Weinstock	Boxtal Weinstock / Seepark / Tremhof	LINESTRING(9.401507 49.771765,9.4014682 49.771778600000005)
353	Freudenberg	Badesee	de:08128:12423:1:1	49.761919	9.318521	bus	MATCHED	n8717795551	26.8	0.33	Freudenberg, Badesee	9872	Ebenheid, Ort / Freudenberg, Seepark / Freudenberg, Tremhof		LINESTRING(9.318521 49.761919,9.318788600000001 49.761751200000006)
354	Freudenberg	Fa. Rauch	de:08128:12428:0:RiN	49.7455	9.326588		NO_MATCH_AND_SEEMS_UNSERVED								POINT(9.326588 49.7455)
355	Freudenberg	Fa. Rauch	de:08128:12428:0:RiS	49.745494	9.326363	bus	NO_MATCH					972	Freudenberg, Rathaus		POINT(9.326363 49.745494)
356	Freudenberg	Post	de:08128:12422:0:RiS	49.753829	9.324423	bus	NO_MATCH					982 / 85	Miltenberg, Schwimmbad / Miltenberg, Schwimmbad / Freudenberg, Schule		POINT(9.324423 49.753829)
357	Freudenberg	Rathaus	de:08128:12429:0:RiN	49.741529	9.322761	bus	MATCHED	n263855901	31.8	0.48	Rathaus	85,972,977,982 / 85,9872	Wertheim, Waldhaus / Freudenberg, Stubenrauchweg / Freudenberg, Schule / Freudenberg-Kirschfurt / Freudenberg-Kirschfurt	Schule	LINESTRING(9.322761 49.741529,9.3231196 49.7416959)
358	Freudenberg	Rathaus	de:08128:12429:0:RiS	49.741558	9.322662	bus	MATCHED	n263855903	32.5	0.47	Rathaus	85,972,977,982 / 85,9872	Bürgstadt, Gesundheitszentrum / Bürgstadt, Industriegebiet / Bürgstadt, Industriegebiet / Bürgstadt, Gesundheitszentrum / Bürgstadt Industriegebiet	Gesundheitszentrum	LINESTRING(9.322662 49.741558,9.322987000000001 49.741761100000005)
359	Freudenberg	Schule	de:08128:12430:0:RiN	49.747851	9.325941	bus	MATCHED	n263855834	9.3	0.7	Schule	972	Freudenberg, Stubenrauchweg	Stubenrauchweg	LINESTRING(9.325941 49.747851,9.3260099 49.7479218)
360	Freudenberg	Schule	de:08128:12430:0:RiS	49.747729	9.325977	bus	MATCHED	n263855878	7.0	0.75	Schule	972	Freudenberg, Fa. Rauch / Freudenberg, Rathaus	Rathaus	LINESTRING(9.325977 49.747729,9.3259314 49.747784700000004)
361	Freudenberg	Seepark	de:08128:12421:0:RiN	49.75647	9.32348	bus	MATCHED	n263855851	21.7	0.55	Seepark	972	Freudenberg, Tremhof / Freudenberg-Kirschfurt / Freudenberg, Badesee	Tremhof / Bahnhof	LINESTRING(9.32348 49.75647,9.323573900000001 49.756284300000004)
362	Freudenberg	Seepark	de:08128:12421:0:RiS	49.756487	9.323417	bus	MATCHED	n263855852	22.7	0.37	Seepark	972	Freudenberg, Stubenrauchweg / Freudenberg, Post / Freudenberg-Kirschfurt	Stubenrauchweg	LINESTRING(9.323417 49.756487,9.323264 49.756308600000004)
363	Freudenberg	Stubenrauchweg	de:08128:12431:0:RiN	49.750788	9.325716	bus	MATCHED	n263855842	10.5	0.68	Stubenrauchweg	972	Freudenberg, Seepark / Freudenberg, Seepark	Seepark	LINESTRING(9.325716 49.750788,9.3256726 49.750877700000004)
364	Freudenberg	Stubenrauchweg	de:08128:12431:0:RiS	49.750846	9.325483	bus	MATCHED	n263855843	2.7	0.86	Stubenrauchweg	972	Freudenberg, Schule / Freudenberg, Fa. Rauch	Schule	LINESTRING(9.325483 49.750846,9.3254987 49.750823600000004)
365	Freudenberg	Tremhof	de:08128:12427:0:RiO	49.771521	9.362224	bus	MATCHED	n605012755	7.6	0.73	Tremhof	972	Boxtal, Weinstock / Ebenheid, Ort / Freudenberg, Abzw. Boxtal	Abzweig Boxtal	LINESTRING(9.362224 49.771521,9.362302600000001 49.771567000000005)
366	Freudenberg	Tremhof	de:08128:12427:0:RiW	49.771579	9.362098	bus	MATCHED	n3901880612	5.8	0.78	Tremhof	972	Freudenberg, Seepark / Freudenberg, Badesee	Seepark	LINESTRING(9.362098 49.771579,9.3621771 49.771587100000005)
367	Fuchshof	Ort	de:08128:12335:0:RiO	49.497901	10.081451	bus	MATCHED	n496232092	15.1	0.33	Frauental Fuchshof	967,9867	Frauental, Kloster		LINESTRING(10.081451 49.497901,10.081339700000001 49.4980163)
368	Fuchshof	Ort	de:08128:12335:0:RiW	49.497971	10.081649	bus	NO_MATCH_BUT_OTHER_PLATFORM_MATCHED					9867	Lohrhof, Ort		POINT(10.081649 49.497971)
369	Gamburg	Abzw. Bahnhof	de:08128:13301	49.698238	9.596864		NO_MATCH_AND_SEEMS_UNSERVED								POINT(9.596864 49.698238)
370	Gamburg	Abzw. Ortsmitte	de:08128:13305	49.693316	9.597304		MATCHED	n3754925907	1.6	0.35	Gamburg				LINESTRING(9.597304 49.693316,9.5972866 49.693325)
371	Gamburg	Abzw. Wehrb. -Gamburg	de:08128:13302	49.69302	9.597286		NO_MATCH_AND_SEEMS_UNSERVED								POINT(9.597286 49.69302)
372	Gamburg	Bahnhof	de:08128:13304:1:1	49.698331	9.59566	train	MATCHED	n5633686673	54.4	0.13	Bahnhof Gamburg (Tauber)	RB88,RE87	Tauberbischofsheim, Bahnhof / Bronnbach, Bahnhof / Niklashausen, Bahnhof	Niklashausen / Kloster Bronnbach	LINESTRING(9.59566 49.698331,9.5950068 49.6980858)
373	Gamburg	Bahnhof	de:08128:13304:3:RiN	49.697639	9.596262	bus	MATCHED_THOUGH_OSM_NO_NAME	n430874349	16.1	0.17		941,9876	Höhefeld, Ort / Niklashausen, Ort		LINESTRING(9.596262 49.697639,9.5962885 49.6974956)
374	Gamburg	Bahnhof	de:08128:13304:3:RiS	49.697657	9.596235	bus	MATCHED_THOUGH_OSM_NO_NAME	n430874350	14.1	0.18		88a,941,9876	Gamburg, Tauberbrücke / Niklashausen, Ort / Bronnbach, Kloster		LINESTRING(9.596235 49.697657,9.5961081 49.6975605)
375	Gamburg	Bahnhof	de:08128:13304:4:2	49.698162	9.595058	train	MATCHED	n5633686672	7.3	0.39	Gamburg (Tauber)	RE87	Bronnbach, Bahnhof		LINESTRING(9.595058 49.698162,9.594976500000001 49.698122500000004)
376	Gamburg	Dorfgemeinschaftshaus	de:08128:13303:0:RiN	49.69478	9.599864	bus	MATCHED	n10315389649	9.7	0.56	Dorfgemeinschaftshaus	941,9876	Bronnbach, Eulschirbenmühle		LINESTRING(9.599864 49.69478,9.5999017 49.694696300000004)
377	Gamburg	Dorfgemeinschaftshaus	de:08128:13303:0:RiS	49.69478	9.599864	bus	NO_MATCH_BUT_OTHER_PLATFORM_MATCHED					941,971,9876	Gamburg, Bahnhof / Gamburg, Uissigheimer Straße / Gamburg, Tauberbrücke		POINT(9.599864 49.69478)
378	Gamburg	Tauberbrücke	de:08128:13306:0:RiN	49.69338	9.597187	bus	NO_MATCH					941,9876	Gamburg, Dorfgemeinschaftshaus / Gamburg, Bahnhof		POINT(9.597187 49.69338)
379	Gamburg	Tauberbrücke	de:08128:13306:0:RiS	49.693455	9.597151	bus	NO_MATCH					941,9876	Gamburg, Dorfgemeinschaftshaus / Bronnbach, Eulschirbenmühle		POINT(9.597151 49.693455)
380	Gamburg	Uissigheimer Straße	de:08128:13310:0:1	49.691195	9.600529	bus	MATCHED_THOUGH_NAMES_DIFFER	n7177701651	37.6	0.09	Abzw Burg	971	Uissigheim, Ort / Eiersheim, Kirche		LINESTRING(9.600529 49.691195,9.6005331 49.691533500000006)
381	Gamburg	Uissigheimer Straße	de:08128:13310:0:2	49.691195	9.600619		NO_MATCH_AND_SEEMS_UNSERVED								POINT(9.600619 49.691195)
382	Gerchsheim	Dachsberg	de:08128:12452:0:RiN	49.708347	9.786902	bus	MATCHED	n456385196	4.6	0.71	Dachsberg	850	Großrinderfeld, Ortsmitte / Tauberbischofsheim, Würzb. Str / Schönfeld, Ort	Irtenberg Forsthaus	LINESTRING(9.786902 49.708347,9.786894 49.70838800000001)
383	Gerchsheim	Dachsberg	de:08128:12452:0:RiS	49.708329	9.786678		MATCHED	n456385195	4.6	0.66	Dachsberg				LINESTRING(9.786678 49.708329,9.786615900000001 49.708336700000004)
384	Gerchsheim	Ortsmitte	de:08128:12453:0:RiO	49.706668	9.784208	bus	NO_MATCH					850,9875,990	Gerchsheim, Schule		POINT(9.784208 49.706668)
385	Gerchsheim	Ortsmitte	de:08128:12453:0:RiW	49.70679	9.78498	bus	NO_MATCH					850,9875,990	Gerchsheim, Dachsberg / Großrinderfeld, Schule / Schönfeld, Ort / Großrinderfeld, Ortsmitte / Tauberbischofsheim, Würzb. Str		POINT(9.78498 49.70679)
386	Gerchsheim	Schule	de:08128:12454:0:1	49.708765	9.78798	bus	MATCHED	n7288227051	5.7	0.47	Gerchsheim	850,9875,990	Kist Carl-Diem-Straße / Irtenberg, Fh. Irtenberg / Gerchsheim, Ortsmitte	Abzweig Paimar	LINESTRING(9.78798 49.708765,9.7880445 49.708735000000004)
387	Gerchsheim	Schule Ersatzhalt	de:08128:12455	49.708213	9.786624		NO_MATCH_AND_SEEMS_UNSERVED								POINT(9.786624 49.708213)
388	Gerlachsheim	Bahnhof	de:08128:13824:1:1	49.581057	9.711103	train	NO_MATCH					RB8,RB85,RE8	Grünsfeld, Bahnhof		POINT(9.711103 49.581057)
389	Gerlachsheim	Bahnhof	de:08128:13824:2:2	49.581017	9.710591	train	NO_MATCH					RB8,RB85	Lauda, Bahnhof / Lauda, Bahnhof		POINT(9.710591 49.581017)
390	Gerlachsheim	Bahnhof	de:08128:13824:30:Bus	49.581494	9.717975	bus	NO_MATCH					941,9841	Distelhausen (Tbb.), Schule / Distelhausen (Tbb.), Kirche / Lauda, i-Park Tauberfranken / Lauda, Tauberbr./TauberCenter		POINT(9.717975 49.581494)
391	Gerlachsheim	Sonne	de:08128:13825:0:Bus1	49.580021	9.718154	bus	MATCHED	n13063813149	8.6	0.58	Gerlachsheim Sonne	851,941,9841,988	Gerlachsheim, Bahnhof / Grünsfeld, Bahnhof / Distelhausen (Tbb.), Kirche		LINESTRING(9.718154 49.580021,9.7182732 49.5800185)
392	Gerlachsheim	Sonne	de:08128:13825:0:Bus2	49.58009	9.718118	bus	MATCHED	n13063813144	23.7	0.36	Gerlachsheim Sonne	851,941,988,990	Lauda, Bachgasse / Gerlachsheim, West / Gerlachsheim, West		LINESTRING(9.718118 49.58009,9.718365400000001 49.5802296)
393	Gerlachsheim	West	de:08128:13826:0:Bus1	49.578617	9.712405	bus	MATCHED	n3846300091	124.9	0.12	Gerlachsheim West	851,941,9841,988,990	Gerlachsheim, Sonne / Gerlachsheim, Sonne / Lauda, Tauberbr./TauberCenter		LINESTRING(9.712405 49.578617,9.710771000000001 49.5782527)
394	Gerlachsheim	West	de:08128:13826:0:Bus2	49.578693	9.712369	bus	MATCHED_THOUGH_DISTANT	n3846300093	254.1	0.05	Gerlachsheim Bahnhof	851	Lauda, Tauberbr./TauberCenter		LINESTRING(9.712369 49.578693,9.711309400000001 49.580872400000004)
395	Gissigheim	Bergstraße	de:08128:12706:0:RiN	49.597276	9.58753	bus	MATCHED	n8145508857	8.8	0.71	Gissigheim, Bergstraße	850,9850	Königheim, Siedlung / Königheim, Ritterberg/Kieserstr. / Tauberbischofsheim, Abzw.Ditt.	Königheim, Siedlung	LINESTRING(9.58753 49.597276,9.5875695 49.5973513)
396	Gissigheim	Bergstraße	de:08128:12706:0:RiS	49.597107	9.587369	bus	MATCHED	n8145508858	5.7	0.78	Gissigheim, Bergstraße	850,9850	Gissigheim, Brunnen	Gissigheim, Brunnen	LINESTRING(9.587369 49.597107,9.5873235 49.5970651)
397	Gissigheim	Brunnen	de:08128:12707:0:RiN	49.594405	9.587234	bus	MATCHED	n2716299529	0.5	0.95	Gissigheim, Brunnen	850,9850	Gissigheim, Bergstraße	Gissigheim, Bergstraße	LINESTRING(9.587234 49.594405,9.587229500000001 49.5944012)
398	Gissigheim	Brunnen	de:08128:12707:0:RiS	49.594714	9.587252	bus	MATCHED	n2716299530	9.8	0.69	Gissigheim, Brunnen	850,9850	Pülfringen, Kirche / Königh, Abzw. Hof Birkenfeld	Königheim Abzw. Hof Birkenfeld	LINESTRING(9.587252 49.594714,9.5872575 49.5946263)
399	Großrinderfeld	Ortsmitte	de:08128:12466:0:RiN	49.664671	9.732851	bus	MATCHED_THOUGH_OSM_NO_NAME	n9742993906	1.1	0.34		850,9875,990	Gerchsheim, Ortsmitte / Ilmspan, Ort / Großrinderfeld, Schule		LINESTRING(9.732851 49.664671,9.732850000000001 49.6646809)
400	Großrinderfeld	Ortsmitte	de:08128:12466:0:RiS	49.665078	9.733102	bus	MATCHED_THOUGH_OSM_NO_NAME	n9742993905	3.1	0.3		850,9875,990	Tauberbischofsheim, Würzb. Str / Paimar, Abzweig		LINESTRING(9.733102 49.665078,9.733130300000001 49.665098400000005)
401	Großrinderfeld	Schule	de:08128:12465:0:1	49.664578	9.737998	bus	NO_MATCH					850,9875	Großrinderfeld, Ortsmitte / Gerchsheim, Ortsmitte / Ilmspan, Ort		POINT(9.737998 49.664578)
402	Grünenwört	Karl-Kirchner-Str. 	de:08128:13542:0:RiN	49.775165	9.473247	bus	NO_MATCH_BUT_OTHER_PLATFORM_MATCHED					972	Bestenheid, Mainhafen		POINT(9.473247 49.775165)
403	Grünenwört	Karl-Kirchner-Str. 	de:08128:13542:0:RiS	49.775066	9.47331	bus	MATCHED	n10965424203	26.7	0.46	Karl-Kirchner-Straße	972	Grünenwört, Lange Str./Friedh.	Lange Straße/Friedhof	LINESTRING(9.47331 49.775066,9.472958700000001 49.775142200000005)
404	Grünenwört	Lange Str. /Friedh. 	de:08128:13544:0:RiN	49.773326	9.472357		MATCHED	n2482492851	24.2	0.22	Lange Straße/Friedhof				LINESTRING(9.472357 49.773326,9.4724993 49.7735232)
405	Grünenwört	Lange Str. /Friedh. 	de:08128:13544:0:RiS	49.773337	9.472303	bus	MATCHED	n3901880611	26.3	0.27	Lange Straße/Friedhof	972	Grünenwört, Karl-Kirchner-Str. / Grünenwört, Lange Str./West / Grünenwört, Lange Str./West	Staustufe / Lange Straße/West	LINESTRING(9.472303 49.773337,9.4724467 49.7735549)
406	Grünenwört	Lange Str. /West	de:08128:13543:0:RiN	49.770454	9.46898	bus	MATCHED	n10965424200	47.3	0.36	Lange Straße/West	972	Faulbach Staustufe / Faulbach Staustufe / Mondfeld, Oberdorf	Staustufe	LINESTRING(9.46898 49.770454,9.4696362 49.770463500000005)
407	Grünenwört	Lange Str. /West	de:08128:13543:0:RiO	49.770437	9.469698	bus	NO_MATCH_BUT_OTHER_PLATFORM_MATCHED					972	Grünenwört, Lange Str./Friedh. / Faulbach Staustufe		POINT(9.469698 49.770437)
408	Grünenwört	Maintalstr. /Ost	de:08128:13545:0:RiO	49.775704	9.472447	bus	MATCHED	n10965451706	12.5	0.53	Maintalstraße Ost	972	Bestenheid, Mainhafen / Bestenheid, Fa. Straub	Mainhafen	LINESTRING(9.472447 49.775704,9.472573800000001 49.775781300000006)
409	Grünenwört	Maintalstr. /Ost	de:08128:13545:0:RiW	49.775751	9.472375	bus	NO_MATCH_BUT_OTHER_PLATFORM_MATCHED					972	Bestenheid, Mainhafen		POINT(9.472375 49.775751)
410	Grünenwört	Maintalstr. /West	de:08128:13546:0:RiN	49.77173	9.468189	bus	MATCHED	n10965451707	14.6	0.53	Maintalstraße West	972	Grünenwört, Maintalstr./Ost / Grünenwört, Maintalstr./Ost	Maintalstraße Ost	LINESTRING(9.468189 49.77173,9.468392300000001 49.7717345)
411	Grünsfeld	Abzw. Kützbrunn	de:08128:12504:0:Bus1	49.599011	9.775808	bus	NO_MATCH					851,940,9840	Zimmern, Ort / Zimmern, Kindergarten / Zimmern, Ort		POINT(9.775808 49.599011)
412	Grünsfeld	Abzw. Kützbrunn	de:08128:12504:0:Bus2	49.599116	9.775844	bus	NO_MATCH					851,940	Grünsfeld, Ost		POINT(9.775844 49.599116)
413	Grünsfeld	Bahnhof	de:08128:12503:1:1	49.604873	9.7454	train	MATCHED	w281701572	43.5	1.0	Grünsfeld	RB8,RB85,RE8	Zimmern, Bahnhof		LINESTRING(9.7454 49.604873,9.746000670264005 49.6049032330338)
414	Grünsfeld	Bahnhof	de:08128:12503:2:Bus	49.605339	9.746999	bus	MATCHED_THOUGH_OSM_NO_NAME	n13063457718	7.4	0.24		851,940,941,9840,9841	Grünsfeld,Industriepark o.d.T. / Grünsfeld, Ost / Gerlachsheim, Sonne / Grünsfeld, Schule / Grünsfeldhausen, Ort / Marstadt, Ort / Grünsfeld, Ost		LINESTRING(9.746999 49.605339,9.7470443 49.605279700000004)
415	Grünsfeld	Bahnhof	de:08128:12503:3:2	49.604932	9.745966	train	MATCHED	w281701571	6.7	1.0	Grünsfeld	RB8,RB85,RE8	Lauda, Bahnhof / Gerlachsheim, Bahnhof	Gerlachsheim	LINESTRING(9.745966 49.604932,9.745976412950627 49.60499190749503)
416	Grünsfeld	Industriepark o. d. T. 	de:08128:12506:0:1	49.602789	9.723445	bus	NO_MATCH					9840	Grünsfeld, Bahnhof / Messelhausen, Ort		POINT(9.723445 49.602789)
417	Grünsfeld	Kindercampus	de:08128:12507:0:1	49.609839	9.744556	bus	MATCHED	n448172640	105.1	0.08	Kindergarten	940	Grünsfeld, Lange Gasse / Grünsfeld, Bahnhof / Grünsfeldhausen, Ort		LINESTRING(9.744556 49.609839,9.743163000000001 49.610110500000005)
418	Grünsfeld	Lange Gasse	de:08128:12501:0:RiN	49.610444	9.743325		NO_MATCH_AND_SEEMS_UNSERVED								POINT(9.743325 49.610444)
419	Grünsfeld	Lange Gasse	de:08128:12501:0:RiS	49.608995	9.742813	bus	NO_MATCH					940,9841	Grünsfeld, Bahnhof / Grünsfeld, Schule		POINT(9.742813 49.608995)
420	Grünsfeld	Ost	de:08128:12505:0:Bus1	49.606701	9.7538	bus	MATCHED_THOUGH_DISTANT	n448172652	266.7	0.07	Grünsfeld Ost	851,940,9841	Lauda, Tauberbr./TauberCenter / Grünsfeld, Abzw. Kützbrunn		LINESTRING(9.7538 49.606701,9.7503516 49.607556300000006)
421	Grünsfeld	Ost	de:08128:12505:0:Bus2	49.606794	9.753853	bus	NO_MATCH_BUT_OTHER_PLATFORM_MATCHED					851,940,9840,9841	Grünsfeld, Schule / Grünsfeld, Schule / Grünsfeld, Bahnhof / Grünsfeld,Industriepark o.d.T.		POINT(9.753853 49.606794)
422	Grünsfeld	Schule	de:08128:12502:0:RiN	49.609018	9.743631	bus	MATCHED	n448172642	3.8	0.74	Schule	940,9840,9841	Marstadt, Ort / Grünsfeld, Kindercampus / Grünsfeld, Bahnhof / Grünsfeldhausen, Ort / Grünsfeld, Lange Gasse		LINESTRING(9.743631 49.609018,9.743606100000001 49.6090485)
423	Grünsfeld	Schule	de:08128:12502:0:RiS	49.608989	9.743505	bus	NO_MATCH_BUT_OTHER_PLATFORM_MATCHED					940,9840	Grünsfeld, Bahnhof / Grünsfeld, Kindercampus		POINT(9.743505 49.608989)
424	Grünsfeldhausen	Ort	de:08128:12512:0:RiN	49.624948	9.741259	bus	NO_MATCH					940,9841	Paimar, Ort		POINT(9.741259 49.624948)
425	Grünsfeldhausen	Ort	de:08128:12512:0:RiS	49.625018	9.74116	bus	NO_MATCH					940,9841	Grünsfeld, Lange Gasse		POINT(9.74116 49.625018)
426	Haagen	Abzw. 	de:08128:13252:0:RiN	49.441713	9.923141	bus	MATCHED	n315075093	17.0	0.43	Haagen, Abzw.	959	Laudenbach, Ort		LINESTRING(9.923141 49.441713,9.923256 49.441845900000004)
427	Haagen	Abzw. 	de:08128:13252:0:RiS	49.441988	9.92324	bus	MATCHED	n315075092	3.6	0.75	Haagen, Abzw.	959	Vorbachzimmern, Ort		LINESTRING(9.92324 49.441988,9.9232516 49.4420197)
428	Haagen	Ort	de:08128:13253	49.442531	9.920859		MATCHED	n315075091	17.6	0.36	Haagen Ort				LINESTRING(9.920859 49.442531,9.9207227 49.4426618)
429	Hachtel	Ort	de:08128:12124:0:RiO	49.419156	9.792742	bus	NO_MATCH					955,9855	Dörtel, Ort / Apfelbach, Ort		POINT(9.792742 49.419156)
430	Hachtel	Ort	de:08128:12124:0:RiW	49.41925	9.792742	bus	NO_MATCH					955	Wachbach, Rathaus / Wachbach, Schule		POINT(9.792742 49.41925)
431	Hachtel	Ort	de:08128:12962:0:1	49.378502	9.995446	bus	NO_MATCH					102,103	Untereichenrot Ort / Krailshausen Ort		POINT(9.995446 49.378502)
432	Harth.	WITTENST. talent arena	de:08128:12633:0:1	49.534154	9.85345	bus	NO_MATCH					952,9852	Bernsfelden, Ort / Reckerstal, Ort / Simmringen, Ort / Harthausen, Brunnen		POINT(9.85345 49.534154)
433	Harthausen	Brunnen	de:08128:12631:0:RiN	49.531455	9.847251	bus	MATCHED	n368915646	41.5	0.19	Haltestelle Harthausen Ri N	952	Bernsfelden, Ort / Harth., WITTENST. talent arena		LINESTRING(9.847251 49.531455,9.8468491 49.5311892)
434	Harthausen	Brunnen	de:08128:12631:0:RiS	49.53149	9.84717	bus	MATCHED	n368915649	35.4	0.21	Haltestelle Harthausen Ri S	949,952,9852	Harth., WITTENST. talent arena / Igersheim, Schule / Neuses, Ort		LINESTRING(9.84717 49.53149,9.8468028 49.5312793)
435	Harthausen	Kindergarten	de:08128:12632	49.531828	9.843901		NO_MATCH_AND_SEEMS_UNSERVED								POINT(9.843901 49.531828)
436	Heckfeld	Ort	de:08128:13913:0:Bus1	49.552259	9.636749	bus	MATCHED_THOUGH_OSM_NO_NAME	n1338912159	7.6	0.23		942	Oberlauda, Mühlrad		LINESTRING(9.636749 49.552259,9.636769600000001 49.552326400000005)
437	Heckfeld	Ort	de:08128:13913:0:Bus2	49.551449	9.63665	bus	NO_MATCH_BUT_OTHER_PLATFORM_MATCHED					942,9842	Buch, Ort / Königshofen, Rathaus / Oberlauda, Mühlrad / Kupprichhausen, Schule		POINT(9.63665 49.551449)
438	Heimberg	Landturm	de:08128:12965:0:1	49.387853	10.009945	bus	NO_MATCH					966	Heimberg, Nord / Wolkersfelden, Ort		POINT(10.009945 49.387853)
439	Heimberg	Landturm	de:08128:12965:0:2	49.387906	10.009954	bus	NO_MATCH					966	Wildentierbach, Ort		POINT(10.009954 49.387906)
440	Heimberg	Nord	de:08128:12963:0:RiO	49.386286	10.015461	bus	NO_MATCH_BUT_OTHER_PLATFORM_MATCHED					966,9869	Heimberg, Süd		POINT(10.015461 49.386286)
441	Heimberg	Nord	de:08128:12963:0:RiW	49.38635	10.015856	bus	MATCHED	n498326825	10.0	0.55	Heimberg Nord	966,9869	Heimberg, Landturm / Wildentierbach, Ort / Rinderfeld, Kindergarten		LINESTRING(10.015856 49.38635,10.0158042 49.386433800000006)
442	Heimberg	Süd	de:08128:12964:0:1	49.383561	10.013772	bus	MATCHED	n498406404	113.9	0.13	Heimberg Süd	966,9869	Ebertsbronn, Ort / Wolkersfelden, Ort / Heimberg, Nord		LINESTRING(10.013772 49.383561,10.0152502 49.3839039)
443	Heimberg	Süd	de:08128:12964:0:2	49.383555	10.013619	bus	NO_MATCH_BUT_OTHER_PLATFORM_MATCHED					966	Heimberg, Nord		POINT(10.013619 49.383555)
444	Herbsthausen	Ort	de:08128:12127:0:RiN	49.405147	9.82977	bus	NO_MATCH_BUT_OTHER_PLATFORM_MATCHED					955,9855	Rot, Rathaus		POINT(9.82977 49.405147)
445	Herbsthausen	Ort	de:08128:12127:0:RiO	49.405275	9.829851	bus	MATCHED	n388721015	7.9	0.52	Herbsthausen	955,9855	Schönbühl, Ort		LINESTRING(9.829851 49.405275,9.8297526 49.405245300000004)
446	Herbsthausen	Ort	de:08128:12127:0:RiS	49.40496	9.82977		MATCHED	n388721010	15.4	0.33	Herbsthausen				LINESTRING(9.82977 49.40496,9.829880000000001 49.404842)
447	Herrenzimmern	Ort	de:08128:12901:0:1	49.428394	9.86467	bus	MATCHED	n318633552	0.9	0.66	Herrenzimmern	961,964,965,9861	Rüsselhausen, Ort / Pfitzingen, Ort / Rüsselhausen, Ort / Pfitzingen, Ort / Bronn, Ort	Pfitzingen / Rüsselhausen	LINESTRING(9.86467 49.428394,9.8646591 49.428390500000006)
448	Hochhausen	Bahnhof	de:08128:13001:1:1	49.663671	9.633255	train	MATCHED	n5633686698	12.1	0.4	Hochhausen (Tauber)	RB88,RE87	Niklashausen, Bahnhof / Tauberbischofsheim, Bahnhof / Tauberbischofsheim, Bahnhof	Niklashausen / Tauberbischofsheim	LINESTRING(9.633255 49.663671,9.6332806 49.6635635)
449	Hochhausen	Bahnhof	de:08128:13001:30:GeoS1	49.664363	9.633434		NO_MATCH_AND_SEEMS_UNSERVED								POINT(9.633434 49.664363)
450	Hochhausen (Tauber)	Ort	de:08128:13002:0:RiN	49.66017	9.635941	bus	MATCHED	n13038518585	10.6	0.4	Hochhausen	88a,941,9876	Brunntal, Ort / Werbach, Marktplatz / Tauberbischofsheim, Fechtzent. / Tauberbischofsheim, Einkaufsz. / Tauberbischofsheim, ZOB / Impfingen, Ort		LINESTRING(9.635941 49.66017,9.635855900000001 49.660248200000005)
451	Hochhausen (Tauber)	Ort	de:08128:13002:0:RiS	49.660159	9.635806		NO_MATCH_AND_SEEMS_UNSERVED								POINT(9.635806 49.660159)
452	Hofgarten	Am Bildacker	de:08128:13461:0:1	49.762853	9.534718	bus	NO_MATCH					976	Hofgarten, St.Lioba-Kirche		POINT(9.534718 49.762853)
453	Hofgarten	St. Lioba-Kirche	de:08128:13462:0:1	49.76395	9.53656	bus	NO_MATCH					976,9873	Reinhardshof, Nord/Krankenhaus / Eichel, Höhenweg		POINT(9.53656 49.76395)
454	Hofstetten	Ort	de:08128:13884:0:Bus1	49.568067	9.758525	bus	MATCHED	n849817970	19.3	0.31	Hofstetten	943,9840	Sailtheim, Ort / Messelhausen, Ort		LINESTRING(9.758525 49.568067,9.7583008 49.5681613)
455	Hofstetten	Ort	de:08128:13884:0:Bus2	49.568189	9.75865	bus	NO_MATCH_BUT_OTHER_PLATFORM_MATCHED					943,9840	Marbach, Ortsmitte		POINT(9.75865 49.568189)
456	Hohenstadt	Abzw. 	de:08128:13768:0:Bus1	49.488274	9.518639		NO_MATCH_AND_SEEMS_UNSERVED								POINT(9.518639 49.488274)
457	Hohenstadt	Abzw. 	de:08128:13768:0:Bus2	49.48832	9.518576		MATCHED	n633484027	10.8	0.37	Abzweigung Hohenstadt				LINESTRING(9.518576 49.48832,9.5184292 49.4883043)
458	Hohenstadt	Ort	de:08128:13769:0:Bus1	49.491769	9.516734	bus	NO_MATCH_BUT_OTHER_PLATFORM_MATCHED					939,9839	Berolzheim, Kindergarten / Eubigheim, Kirche		POINT(9.516734 49.491769)
459	Hohenstadt	Ort	de:08128:13769:0:Bus2	49.491751	9.516923	bus	MATCHED_THOUGH_OSM_NO_NAME	n633484046	8.5	0.22		939,9839	Osterburken, Bahnhof / Hirschlanden		LINESTRING(9.516923 49.491751,9.5170361 49.4917299)
460	Holdermühle	Abzw. Finsterlohr	de:08128:14712:0:RiO	49.446456	10.102148	bus	NO_MATCH_BUT_OTHER_PLATFORM_MATCHED					980	Tauberzell Am Brunnen		POINT(10.102148 49.446456)
461	Holdermühle	Abzw. Finsterlohr	de:08128:14712:0:RiW	49.44655	10.10222	bus	MATCHED	n2453913705	72.5	0.16	Holdermühle Abzweig Finsterlohr	980	Archshofen, Ort	Archshofen Ort / Tauberscheckenbach/Kirche	LINESTRING(10.10222 49.44655,10.103079800000001 49.4462175)
462	Holzbronn (Igersheim)	Ort	de:08128:12651:0:RiN	49.522213	9.813888	bus	NO_MATCH					949,9852	Reckerstal, Ort / Neuses, Ort		POINT(9.813888 49.522213)
463	Holzbronn (Igersheim)	Ort	de:08128:12651:0:RiS	49.522014	9.81369	bus	NO_MATCH					949,9852	Reisfeld, Ort		POINT(9.81369 49.522014)
464	Honsbronn	Ort	de:08128:13237:0:1	49.450276	9.908193	bus	MATCHED	n308763167	1.8	0.84	Honsbronn Ort	961,964,965,9861	Bronn, Ort / Pfitzingen, Ort / Elpersheim, Ort / Bronn, Ort / Weikersheim, Bahnhofstraße	Pfitzingen / Bronn	LINESTRING(9.908193 49.450276,9.908184100000001 49.450261100000006)
465	Hundheim	Denkmalsiedlung	de:08128:12806:0:RiN	49.702839	9.456439	bus	MATCHED_THOUGH_OSM_NO_NAME	n9703704458	17.2	0.16		971,9871	Sachsenhausen, Am Kirchweg / Sonderriet, Rathaus		LINESTRING(9.456439 49.702839,9.456317700000001 49.7029718)
466	Hundheim	Denkmalsiedlung	de:08128:12806:0:RiS	49.702775	9.456296	bus	MATCHED	n9709080562	21.2	0.39	Hundheim, Denkmalsiedlung	971,9871	Steinbach, Gemeindezentrum / Hundheim, Kirche		LINESTRING(9.456296 49.702775,9.4562111 49.7029572)
467	Hundheim	Gemeindezentrum	de:08128:12805:0:RiN	49.693804	9.469564	bus	MATCHED_THOUGH_NAMES_DIFFER	n943883331	12.3	0.13	Schule	971,9871	Hundheim, Denkmalsiedlung / Dörlesberg, Ernsthöfe		LINESTRING(9.469564 49.693804,9.4696776 49.6938861)
468	Hundheim	Gemeindezentrum	de:08128:12805:0:RiS	49.693839	9.469501	bus	NO_MATCH_BUT_OTHER_PLATFORM_MATCHED					971,9871	Hundheim, Kirche		POINT(9.469501 49.693839)
469	Hundheim	Kirche	de:08128:12804:0:RiN	49.691828	9.467057	bus	MATCHED	n454179319	14.6	0.47	Hundheim, Kirche	971,9871	Neunkirchen, Bushaltestelle / Hundheim, Denkmalsiedlung / Dörlesberg, Ernsthöfe / Hundheim, Gemeindezentrum		LINESTRING(9.467057 49.691828,9.467227000000001 49.691755900000004)
470	Hundheim	Kirche	de:08128:12804:0:RiS	49.691828	9.466985	bus	MATCHED	n9675347122	8.6	0.58	Hundheim, Kirche	971,9871	Steinbach, Gemeindezentrum / Sonderriet, Rathaus / Steinbach, Gemeindezentrum / Hundheim, Denkmalsiedlung		LINESTRING(9.466985 49.691828,9.466955200000001 49.6917527)
471	Höhefeld	Abzw. Wagenbuch	de:08128:13522:0:RiN	49.721782	9.597268	bus	MATCHED_THOUGH_OSM_NO_NAME	n3402758537	7.8	0.23		973	Höhefeld, Siedlung		LINESTRING(9.597268 49.721782,9.5973232 49.721721200000005)
472	Höhefeld	Abzw. Wagenbuch	de:08128:13522:0:RiS	49.721729	9.59716	bus	NO_MATCH_BUT_OTHER_PLATFORM_MATCHED					973	Höhefeld, Ort		POINT(9.59716 49.721729)
473	Höhefeld	Ort	de:08128:13519:0:RiS	49.71282	9.610536	bus	NO_MATCH					941,973,9873,9876	Lindelbach, Schule / Gamburg, Bahnhof / Höhefeld, Abzw. Wagenbuch / Urphar, Ort / Kembach, Ort / Höhefeld, Siedlung / Dietenhan, Ort / Bronnbach, Kloster / Niklashausen, Ort		POINT(9.610536 49.71282)
474	Höhefeld	Siedlung	de:08128:13521:0:1	49.726184	9.591106	bus	MATCHED_THOUGH_OSM_NO_NAME	n1761231566	13.3	0.18		941,973,9873	Dertingen, Post / Höhefeld, Abzw. Wagenbuch / Bronnbach, Schafhof / Höhefeld, Ort		LINESTRING(9.591106 49.726184,9.5909549 49.726252900000006)
475	Igersheim	Bahnhof	de:08128:12602:1:1	49.493525	9.812406	train	MATCHED	w29977149	24.6	1.0	Igersheim	RB85,RB88,RE87	Bad Mergentheim, Bahnhof / Markelsheim, Bahnhof / Bad Mergentheim, Bahnhof / Markelsheim, Bahnhof	Markelsheim	LINESTRING(9.812406 49.493525,9.812692293777927 49.493405760707276)
476	Igersheim	Bahnhof	de:08128:12602:2:3	49.493537	9.812927	bus	MATCHED	n11967963754	7.8	0.6	Igersheim, Bahnhof	949	Bad Mergentheim, Altstadt Schloss / Neuses, Ort / Bad Mgh., Deutschord-Gym.		LINESTRING(9.812927 49.493537,9.812850000000001 49.4934875)
477	Igersheim	Bahnhof	de:08128:12602:2:Bus1	49.493391	9.813088	bus	MATCHED_THOUGH_REVERSED_DIR	n327335487	6.7	0.54	Igersheim, Bahnhof	88b,944,9852	Bad Mgh., Deutschord-Gym. / Bad Mergentheim, Bahnhof / Bad Mergentheim, Altstadt Schloss / Markelsheim, Bahnhof / Reisfeld, Ort	Igersheim Ortsmitte	LINESTRING(9.813088 49.493391,9.813038500000001 49.4933404)
478	Igersheim	Bahnhof	de:08128:12602:2:Bus2	49.493263	9.813277	bus	MATCHED	n11967963750	8.8	0.58	Igersheim, Bahnhof	88b,945,949,952,958,959,961,9852	Bad Mergentheim, Solymar Therme / Reisfeld, Ort / Bad Mgh., Deutschord-Gym. / Harth., WITTENST. talent arena / Neuses, Ort / Igersheim, Ortsmitte / Igersheim, Ortsmitte / Bad Mergentheim, Altstadt Schloss / Markelsheim, Bahnhof		LINESTRING(9.813277 49.493263,9.8132248 49.4931914)
479	Igersheim	Gesundheitszentrum	de:08128:12604:0:Bus1	49.495287	9.815433	bus	MATCHED	n330009961	3.6	0.75	Igersheim Gesundheitszentrum	958,9852	Igersheim, Ortsmitte / Igersheim, Schule / Igersheim, Schule	Bad Mergentheim Bahnhof	LINESTRING(9.815433 49.495287,9.815425900000001 49.4952552)
480	Igersheim	Golfplatz	de:08128:12608:0:1	49.497534	9.797736	bus	MATCHED	n9282376815	7.5	0.61	Golfplatz	958	Bad Mergenth., Vitalhotel König / Igersheim, Kurhaus Am Sonnenb.	Vitalhotel König	LINESTRING(9.797736 49.497534,9.797771200000001 49.4975971)
481	Igersheim	Golfplatz	de:08128:12608:0:2	49.497539	9.797853		MATCHED	n7659042694	10.7	0.47	Golfplatz			Kurhaus Am Sonnenberg	LINESTRING(9.797853 49.497539,9.79785 49.4976348)
482	Igersheim	Handelshof	de:08128:12603	49.487235	9.820392		NO_MATCH_AND_SEEMS_UNSERVED								POINT(9.820392 49.487235)
483	Igersheim	Kaufland	de:08128:12607:0:RiN	49.488034	9.819511	bus	MATCHED	n302694206	2.1	0.89	Igersheim Kaufland	961,9852	Igersheim, Bahnhof / Igersheim, Gesundheitszentrum	Igersheim Ortsmitte	LINESTRING(9.819511 49.488034,9.8194829 49.488039)
484	Igersheim	Kaufland	de:08128:12607:0:RiS	49.488093	9.819413		MATCHED	n302694202	2.7	0.76	Igersheim Kaufland				LINESTRING(9.819413 49.488093,9.819390100000001 49.4880739)
485	Igersheim	Kurhaus Am Sonnenb. 	de:08128:12601:0:Bus1	49.498164	9.799263	bus	MATCHED	n9282376816	5.0	0.62	Kurhaus Am Sonnenberg	952,958	Igersheim, Golfplatz / Igersheim, Schule / Igersheim, Schule	Igersheim Hauptschule	LINESTRING(9.799263 49.498164,9.7991945 49.498157000000006)
486	Igersheim	Kurhaus Am Sonnenb. 	de:08128:12601:0:Bus2	49.498135	9.799299		MATCHED	n336365420	9.4	0.44	Kurhaus Am Sonnenberg			Golfplatz	LINESTRING(9.799299 49.498135,9.7993235 49.498218)
487	Igersheim	Ortsmitte	de:08128:12606:0:Bus1	49.492802	9.816089	bus	MATCHED	n298274507	2.6	0.87	Igersheim Ortsmitte	958	Igersheim, Gesundheitszentrum	Igersheim Hauptschule	LINESTRING(9.816089 49.492802,9.816124400000001 49.4928049)
488	Igersheim	Ortsmitte	de:08128:12606:0:RiW	49.492895	9.81608	bus	MATCHED	n298274508	1.4	0.91	Igersheim Ortsmitte	961,9852	Markelsheim, Kirche / Igersheim, Schule / Igersheim, Bahnhof	Markelsheim Kirche	LINESTRING(9.81608 49.492895,9.816086 49.492883400000004)
489	Igersheim	Schule	de:08128:12605:0:Bus1	49.49681	9.80777	bus	MATCHED	n327335599	7.1	0.47	Igersheim Hauptschule	944,958	Igersheim, Bahnhof / Igersheim, Bahnhof / Igersheim, Kurhaus Am Sonnenb.	Kurhaus Am Sonnenberg	LINESTRING(9.80777 49.49681,9.8076805 49.49683580000001)
490	Igersheim	Schule	de:08128:12605:0:Bus2	49.496443	9.807815	bus	MATCHED	n327335589	7.1	0.63	Igersheim Hauptschule	944,949,952,959,9852	Igersheim, Bahnhof / Igersheim, Bahnhof / Igersheim, Bahnhof / Igersheim, Ortsmitte	Igersheim, Bahnhof	LINESTRING(9.807815 49.496443,9.8077831 49.49650320000001)
491	Ilmspan	Ersatzhaltestelle	de:08128:12472:0:1	49.666816	9.790855		NO_MATCH_AND_SEEMS_UNSERVED								POINT(9.790855 49.666816)
492	Ilmspan	Ersatzhaltestelle	de:08128:12472:0:2	49.666799	9.790891		NO_MATCH_AND_SEEMS_UNSERVED								POINT(9.790891 49.666799)
493	Ilmspan	Ort	de:08128:12471:0:RiO	49.666909	9.790514	bus	MATCHED	n2747930076	4.8	0.49	Ilmspan	850,9875	Schönfeld, Ort		LINESTRING(9.790514 49.666909,9.7905184 49.666952200000004)
494	Ilmspan	Ort	de:08128:12471:0:RiW	49.666985	9.790568	bus	NO_MATCH_BUT_OTHER_PLATFORM_MATCHED					850,9875	Tauberbischofsheim, Würzb. Str / Gerchsheim, Schule / Großrinderfeld, Ortsmitte / Großrinderfeld, Schule		POINT(9.790568 49.666985)
495	Impfingen	Ort	de:08128:13034:0:RiN	49.647457	9.659476	bus	MATCHED_THOUGH_OSM_NO_NAME	n821887894	12.3	0.19		941,9876	Werbach, Brücke / Impfingen, Schule / Hochhausen (Tauber), Ort / Werbach, Marktplatz		LINESTRING(9.659476 49.647457,9.6595966 49.6475346)
496	Impfingen	Ort	de:08128:13034:0:RiS	49.648103	9.65909	bus	MATCHED_THOUGH_OSM_NO_NAME	n8821378315	7.2	0.24		941,9876	Tauberbischofsheim, ZOB / Tauberbischofsheim, Einkaufsz. / Impfingen, Schule / Tauberbischofsheim, Fechtzent. / Tauberbischofsheim, Wörtplatz / Impfingen, Siedlung		LINESTRING(9.65909 49.648103,9.6590155 49.648146200000006)
497	Impfingen	Schule	de:08128:13035:0:1	49.647643	9.660033	bus	MATCHED_THOUGH_OSM_NO_NAME	n821887890	17.4	0.16		941	Impfingen, Ort / Tauberbischofsheim, Fechtzent. / Werbach, Brücke / Werbach, Schule / Tauberbischofsheim, Wörtplatz		LINESTRING(9.660033 49.647643,9.660272500000001 49.64762330000001)
498	Impfingen	Siedlung	de:08128:13036:0:1	49.64552	9.66006	bus	NO_MATCH					941,9876	Impfingen, Ort / Tauberbischofsheim, Einkaufsz.		POINT(9.66006 49.64552)
499	Kembach	Ort	de:08128:13525:0:RiO	49.742342	9.626427	bus	MATCHED_THOUGH_OSM_NO_NAME	n1194796179	9.2	0.22		973	Höhefeld, Ort / Dertingen, Am Oberen Tor		LINESTRING(9.626427 49.742342,9.6265228 49.742287700000006)
500	Kembach	Ort	de:08128:13525:0:RiW	49.742417	9.626212	bus	MATCHED_THOUGH_OSM_NO_NAME	n1194796266	10.2	0.21		973,9873	Dietenhan, Ort / Dietenhan, Ort		LINESTRING(9.626212 49.742417,9.626094400000001 49.742467600000005)
501	Krensheim	Ort	de:08128:12519:0:RiO	49.63698	9.779051	bus	MATCHED	n329613028	31.3	0.24	Krensheim	940,9841	Wittighausen , Abzw.Hof Lilach		LINESTRING(9.779051 49.63698,9.779329500000001 49.6371952)
502	Krensheim	Ort	de:08128:12519:0:RiW	49.637167	9.779141	bus	MATCHED	n329613029	0.4	0.72	Krensheim	940,9841	Paimar, Ort		LINESTRING(9.779141 49.637167,9.779146200000001 49.637168800000005)
503	Kupprichhausen	Kirche	de:08128:12251:0:Bus1	49.526965	9.621523	bus	MATCHED	n9018837580	2.9	0.78	Kupprichhausen, Kirche	942,9842	Epplingen, Ort / Buch, Abzw. Ahornhof / Kupprichhausen, Schule		LINESTRING(9.621523 49.526965,9.6215276 49.526938900000005)
504	Kupprichhausen	Kirche	de:08128:12251:0:Bus2	49.526878	9.621334		NO_MATCH_AND_SEEMS_UNSERVED								POINT(9.621334 49.526878)
505	Kupprichhausen	Schule	de:08128:12252:0:Bus1	49.526819	9.622367	bus	MATCHED	n9018837575	6.3	0.65	Kupprichhausen, Schule	937,942,9842	Kupprichhausen, Kirche / Lengenrieden, Ort	Lengenrieden, Ort	LINESTRING(9.622367 49.526819,9.622349700000001 49.526874500000005)
506	Kupprichhausen	Schule	de:08128:12252:0:Bus2	49.52693	9.622457	bus	MATCHED	n9018837576	0.7	0.94	Kupprichhausen, Schule	937,942	Kupprichhausen, Kirche / Heckfeld, Ort / Uiffingen, Am Beutig / Buch, Abzw. Ahornhof	Uiffingen, Am Beutig	LINESTRING(9.622457 49.52693,9.622449000000001 49.5269337)
507	Königh	Abzw. Hof Birkenfeld	de:08128:12726:0:RiO	49.578133	9.561111	bus	MATCHED	n8145508860	20.0	0.55	Königheim Abzw. Hof Birkenfeld	850,9850	Gissigheim, Brunnen	Gissigheim, Brunnen	LINESTRING(9.561111 49.578133,9.561356100000001 49.578216000000005)
508	Königh	Abzw. Hof Birkenfeld	de:08128:12726:0:RiW	49.578244	9.561246	bus	MATCHED	n8145508859	16.7	0.58	Königheim Abzw. Hof Birkenfeld	850,9850	Pülfringen, Mühlstraße / Brehmen, Ort	Brehmen, Ort	LINESTRING(9.561246 49.578244,9.5614559 49.578306600000005)
509	Königheim	Bf-Str. /B27	de:08128:12724	49.618674	9.601616		NO_MATCH_AND_SEEMS_UNSERVED								POINT(9.601616 49.618674)
510	Königheim	Breitenflur	de:08128:12728:0:RiO	49.620234	9.611893	bus	MATCHED	n8145508856	3.4	0.84	Köngheim, Breitenflur	850,9850,999	Tauberbischofsheim, Am Ditt Bf / Tauberbischofsheim, Abzw.Ditt.	Tauberbischofsheim, Abzweig Dittwar	LINESTRING(9.611893 49.620234,9.611869200000001 49.620207900000004)
511	Königheim	Breitenflur	de:08128:12728:0:RiW	49.620304	9.611947	bus	MATCHED	n7014946810	4.3	0.82	Königheim, Breitenflur	850,9850,999	Königheim, Ost	Königheim, Ost	LINESTRING(9.611947 49.620304,9.6118886 49.620309600000006)
512	Königheim	Ost	de:08128:12720:0:RiO	49.619268	9.600637	bus	MATCHED	n428564063	1.0	0.93	Königheim, Ost	850,9850,999	Königheim, Turnhalle / Tauberbischofsheim, Abzw.Ditt. / Königheim, Breitenflur / Tauberbischofsheim, Am Ditt Bf	Köngheim, Breitenflur / Tauberbischofsheim, Abzweig Dittwar	LINESTRING(9.600637 49.619268,9.6006233 49.6192676)
513	Königheim	Ost	de:08128:12720:0:RiW	49.619344	9.600601	bus	MATCHED	n428564064	9.2	0.7	Königheim, Ost	850,9850,999	Königheim, Rathaus	Königheim Rathaus	LINESTRING(9.600601 49.619344,9.600645700000001 49.619421700000004)
514	Königheim	Rathaus	de:08128:12721:0:RiO	49.617999	9.594995	bus	MATCHED	n1654408808	1.5	0.91	Königheim, Rathaus	850,9850,999	Königheim, Ost	Königheim, Ost	LINESTRING(9.594995 49.617999,9.5949892 49.617986)
515	Königheim	Rathaus	de:08128:12721:0:RiW	49.618075	9.594986	bus	MATCHED	n1654408777	5.5	0.78	Königheim Rathaus	850,9850,999	Königheim, Siedlung	Königheim, Siedlung	LINESTRING(9.594986 49.618075,9.5949954 49.618124300000005)
516	Königheim	Ritterberg/Kieserstr. 	de:08128:12727:0:RiO	49.615729	9.58206	bus	NO_MATCH					850,9850	Weikerstetten, Ort / Königheim, Siedlung / Königheim, Rathaus		POINT(9.58206 49.615729)
517	Königheim	Siedlung	de:08128:12722:0:RiO	49.616521	9.586605	bus	MATCHED	n443329055	7.4	0.74	Königheim, Siedlung	850,9850,999	Königheim, Rathaus	Königheim, Rathaus	LINESTRING(9.586605 49.616521,9.5867038 49.616504000000006)
518	Königheim	Siedlung	de:08128:12722:0:RiW	49.61655	9.586533	bus	MATCHED	n443329057	7.2	0.74	Königheim, Siedlung	850,9850,999	Weikerstetten, Ort / Königheim, Ritterberg/Kieserstr. / Gissigheim, Bergstraße / Weikerstetten, Ort	Gissigheim, Bergstraße / Weikerstetten, Ort	LINESTRING(9.586533 49.61655,9.586447300000001 49.6165171)
519	Königheim	Siedlung NeueHeimat	de:08128:12725	49.616271	9.584638		NO_MATCH_AND_SEEMS_UNSERVED								POINT(9.584638 49.616271)
520	Königheim	Turnhalle	de:08128:12723:0:1	49.618477	9.603484	bus	MATCHED_THOUGH_OSM_NO_NAME	n11635530380	11.0	0.2		850	Tauberbischofsheim, Abzw.Ditt. / Tauberbischofsheim, Am Ditt Bf		LINESTRING(9.603484 49.618477,9.6036306 49.618450900000006)
521	Königshofen	A. -Kimmelmannstr. 	de:08128:13936:0:1	49.546873	9.739894	bus	NO_MATCH					945,9842,9843	Königshofen, Bürgerm.Weid-Str		POINT(9.739894 49.546873)
522	Königshofen	A. -Kimmelmannstr. 	de:08128:13936:0:2	49.546873	9.739822	bus	NO_MATCH					945,9842,9843	Königshofen, Gewerbestr.		POINT(9.739822 49.546873)
523	Königshofen	Am Breitenstein	de:08128:13933:0:1	49.541639	9.723553		NO_MATCH_AND_SEEMS_UNSERVED								POINT(9.723553 49.541639)
524	Königshofen	Am Breitenstein	de:08128:13933:0:2	49.541581	9.723526	bus	NO_MATCH					945	Königshofen, B292/Eisenbahnstr		POINT(9.723526 49.541581)
525	Königshofen	Antonius Str. 	de:08128:13932:0:1	49.541843	9.736121	bus	NO_MATCH					945	Königshofen, Gewerbestr.		POINT(9.736121 49.541843)
526	Königshofen	Antonius Str. 	de:08128:13932:0:2	49.541721	9.736148	bus	NO_MATCH					945	Unterbalbach, Oberbalb. Straße / Unterbalbach, Bürgm.-Kolb-Str.		POINT(9.736148 49.541721)
527	Königshofen	B 290/Abzw. B 292	de:08128:13928:0:1	49.545078	9.732644		NO_MATCH_AND_SEEMS_UNSERVED								POINT(9.732644 49.545078)
528	Königshofen	B 290/Abzw. B 292	de:08128:13928:0:2	49.545072	9.732509	bus	NO_MATCH					945	Königshofen, Rathaus		POINT(9.732509 49.545072)
529	Königshofen	B 290/Aldi	de:08128:13929:0:1	49.544157	9.73321	bus	NO_MATCH					945,9842,9843	Königshofen, B292/Eisenbahnstr / Unterbalbach, Sturmfelder Str. / Königshofen, Gewerbestr.		POINT(9.73321 49.544157)
530	Königshofen	B292/Eisenbahnstr	de:08128:13931:0:1	49.543819	9.729356	bus	NO_MATCH					942,945,9842,9843	Königshofen, Bahnhof / Königshofen, Rathaus / Königshofen, B 290/Aldi / Königshofen, Schule / Königshofen, Gewerbestr.		POINT(9.729356 49.543819)
531	Königshofen	B292/Eisenbahnstr	de:08128:13931:0:2	49.543883	9.72924	bus	NO_MATCH					942,945,9842	Lauda, i-Park Tauberfranken / Königshofen, Bahnhof / Beckstein, Linde		POINT(9.72924 49.543883)
532	Königshofen	Bahnhof	de:08128:13927:1:1	49.546057	9.724532	trainish	NO_MATCH_AND_SEEMS_UNSERVED								POINT(9.724532 49.546057)
533	Königshofen	Bahnhof	de:08128:13927:2:2	49.546273	9.724461	train	MATCHED	n5633687163	21.2	0.33	Königshofen (Baden)	RB85,RB88,RE8,RE87	Bad Mergentheim, Bahnhof / Bad Mergentheim, Bahnhof / Edelfingen, Bahnhof / Lauda, Bahnhof / Lauda, Bahnhof / Lauda, Bahnhof	Lauda / Bad Mergentheim	LINESTRING(9.724461 49.546273,9.724327 49.5464421)
534	Königshofen	Bahnhof	de:08128:13927:30:GeoS	49.546122	9.72508	bus	NO_MATCH_BUT_OTHER_PLATFORM_MATCHED					9842,9843	Königshofen, B292/Eisenbahnstr / Königshofen, Gewerbestr. / Beckstein, Linde		POINT(9.72508 49.546122)
535	Königshofen	Bürgerm. Weid-Str	de:08128:13939:0:1	49.548808	9.73913	bus	NO_MATCH					945,9842,9843	Königshofen, Friedhof / Königshofen, Sailtheimer Str.		POINT(9.73913 49.548808)
536	Königshofen	Bürgerm. Weid-Str	de:08128:13939:0:2	49.548674	9.739184	bus	NO_MATCH					945,9842,9843	Königshofen, A.-Kimmelmannstr.		POINT(9.739184 49.548674)
537	Königshofen	Friedhof	de:08128:13930:0:1	49.549409	9.734818	bus	NO_MATCH					945,9842	Königshofen, Rathaus / Königshofen, Rathaus		POINT(9.734818 49.549409)
538	Königshofen	Friedhof	de:08128:13930:0:2	49.549391	9.734971	bus	NO_MATCH					9842	Königshofen, Sailtheimer Str.		POINT(9.734971 49.549391)
539	Königshofen	Gewerbestr. 	de:08128:13935:0:1	49.542852	9.736076	bus	NO_MATCH					945,9842,9843	Königshofen, A.-Kimmelmannstr.		POINT(9.736076 49.542852)
540	Königshofen	Gewerbestr. 	de:08128:13935:0:2	49.542933	9.736049	bus	NO_MATCH					945,9842,9843	Königshofen, Antonius Str. / Königshofen, B 290/Aldi		POINT(9.736049 49.542933)
541	Königshofen	Kiebitz	de:08128:13923	49.546489	9.724802		NO_MATCH_AND_SEEMS_UNSERVED								POINT(9.724802 49.546489)
542	Königshofen	Rathaus	de:08128:13925:0:Bus1	49.547491	9.731243	bus	MATCHED	n495995401	6.5	0.64	Königshofen Rathaus	88b,942,943,945,9843	Marbach, Brunnen / Königshofen, Sailtheimer Str. / Lauda, Abzw. Marbach / Marbach, Ortsmitte / Lauda, Tauberbr./TauberCenter / Lauda, Gemeinschaftsschule		LINESTRING(9.731243 49.547491,9.7312049 49.5475435)
543	Königshofen	Rathaus	de:08128:13925:0:Bus2	49.547474	9.731153	bus	MATCHED	n478522196	9.8	0.56	Königshofen Rathaus	88b,942,943,945,9842	Heckfeld, Ort / Königshofen, B292/Eisenbahnstr / Unterbalbach, Oberbalb. Straße / Lauda, Bachgasse / Königshofen, Sailtheimer Str. / Königshofen, Schule / Unterbalbach, Bürgm.-Kolb-Str. / Königshofen, Friedhof		LINESTRING(9.731153 49.547474,9.7311435 49.54738630000001)
544	Königshofen	Sailtheimer Str. 	de:08128:13934:0:2	49.550003	9.733004	bus	NO_MATCH					945,9842,9843	Königshofen, Bürgerm.Weid-Str / Königshofen, Friedhof / Königshofen, Rathaus		POINT(9.733004 49.550003)
545	Königshofen	Schule	de:08128:13926:0:Bus1	49.547963	9.735492	bus	NO_MATCH					943			POINT(9.735492 49.547963)
546	Königshofen	Schule	de:08128:13926:0:Bus2	49.547876	9.735447	bus	NO_MATCH					942,943	Königshofen, Rathaus / Marbach, Ortsmitte / Königshofen, B292/Eisenbahnstr		POINT(9.735447 49.547876)
547	Külsheim	Abzw. Steinfurt	de:08128:12816:0:RiO	49.660281	9.480685		MATCHED_THOUGH_OSM_NO_NAME	n943837970	10.9	0.15					LINESTRING(9.480685 49.660281,9.480543200000001 49.6602484)
548	Külsheim	Abzw. Steinfurt	de:08128:12816:0:RiW	49.660321	9.480568		MATCHED_THOUGH_OSM_NO_NAME	n943837975	4.3	0.21					LINESTRING(9.480568 49.660321,9.480565200000001 49.6603599)
549	Külsheim	Haagstr. 	de:08128:12825:0:RiO	49.66809	9.520417	bus	MATCHED	n3648895525	8.2	0.54	Külsheim, Haagstraße	971,9871,9874	Külsheim, Mainstraße / Külsheim, Römerbad / Külsheim, Römerbad		LINESTRING(9.520417 49.66809,9.5205271 49.668108600000004)
550	Külsheim	Haagstr. 	de:08128:12825:0:RiW	49.668223	9.520678	bus	MATCHED	n9688054425	13.0	0.49	Külsheim, Haagstr.	971,9871,9874	Külsheim, Moret Brunnen / Külsheim, Hardheimer Straße		LINESTRING(9.520678 49.668223,9.5205125 49.6681776)
551	Külsheim	Hallenbad	de:08128:12828:0:1	49.662229	9.512503	bus	NO_MATCH					971	Külsheim, Weberei Pahl		POINT(9.512503 49.662229)
552	Külsheim	Hardheimer Straße	de:08128:13307:0:RiO	49.667316	9.511991		MATCHED	n1453509372	6.5	0.59	Hardheimer Straße				LINESTRING(9.511991 49.667316,9.5119421 49.667267200000005)
553	Külsheim	Hardheimer Straße	de:08128:13307:0:RiW	49.667386	9.513213	bus	MATCHED	n1453509373	12.3	0.5	Hardheimer Straße	971,9871,9874	Külsheim, Prinz-Eugen-Straße		LINESTRING(9.513213 49.667386,9.513368700000001 49.6674318)
554	Külsheim	Kaserne	de:08128:12818	49.667316	9.512674		NO_MATCH_AND_SEEMS_UNSERVED								POINT(9.512674 49.667316)
555	Külsheim	Kolpingstr. 	de:08128:12826:0:RiO	49.666305	9.525097	bus	NO_MATCH					9871,9874	Külsheim, Mainstraße		POINT(9.525097 49.666305)
556	Külsheim	Kolpingstr. 	de:08128:12826:0:RiW	49.666392	9.524909	bus	NO_MATCH					9871,9874	Külsheim, Römerbad / Külsheim, Römerbad		POINT(9.524909 49.666392)
557	Külsheim	Mainstraße	de:08128:12817:0:RiN	49.667473	9.53011	bus	NO_MATCH_BUT_OTHER_PLATFORM_MATCHED					971,9871,9874	Külsheim, Römerbad / Külsheim, Haagstr.		POINT(9.53011 49.667473)
558	Külsheim	Mainstraße	de:08128:12817:0:RiS	49.66738	9.530065	bus	MATCHED	n9688054426	1.9	0.75	Külsheim, Mainstr.	971,9871,9874	Tauberbischofsheim, Abz. Külsh / Külsheim, Kolpingstr.		LINESTRING(9.530065 49.66738,9.5300505 49.6673947)
559	Külsheim	Moret Brunnen	de:08128:12819:0:RiN	49.670252	9.518037	bus	MATCHED	n971759655	4.2	0.72	Külsheim, Moret Brunnen	971,9871,9874,990	Külsheim, Schlossblick / Külsheim, Hardheimer Straße		LINESTRING(9.518037 49.670252,9.5180752 49.6702231)
560	Külsheim	Moret Brunnen	de:08128:12819:0:RiS	49.670165	9.517929	bus	MATCHED	n1453509378	1.7	0.85	Moret Brunnen	971,9871,9874	Külsheim, Haagstr.		LINESTRING(9.517929 49.670165,9.5179083 49.670172300000004)
561	Külsheim	Prinz-Eugen-Straße	de:08128:12827:0:1	49.665886	9.512557	bus	MATCHED	n11425928149	56.8	0.21	Külsheim, Prinz-Eugen-Straße	971,9871,9874	Külsheim, Hallenbad / Külsheim, Weberei Pahl		LINESTRING(9.512557 49.665886,9.5123175 49.6663731)
562	Külsheim	Prinz-Eugen-Straße	de:08128:12827:0:2	49.665886	9.512647	bus	MATCHED	n9675347129	4.3	0.72	Külsheim, Prinz-Eugen-Straße	971,9871,9874	Külsheim, Schlossblick / Külsheim, Moret Brunnen / Külsheim, Römerbad / Külsheim, Haagstr.		LINESTRING(9.512647 49.665886,9.5126299 49.665849400000006)
563	Külsheim	Römerbad	de:08128:12820:0:RiN	49.669165	9.52419	bus	MATCHED	n1453509622	16.5	0.44	Külsheim, Römerbad	971,9874	Külsheim, Mainstraße / Uissigheim, Abzw Stahlbergstr		LINESTRING(9.52419 49.669165,9.5243126 49.669290000000004)
564	Külsheim	Römerbad	de:08128:12820:0:RiS	49.669409	9.524145	bus	MATCHED	n1453509623	1.5	0.86	Külsheim, Römerbad	971,9871,9874,990	Külsheim, Kolpingstr. / Külsheim, Moret Brunnen / Külsheim, Moret Brunnen / Külsheim, Haagstr.		LINESTRING(9.524145 49.669409,9.524139 49.6693962)
565	Külsheim	Schlossblick	de:08128:12824:0:RiN	49.673828	9.519564	bus	MATCHED	n9688054424	30.7	0.28	Külsheim, SchlossBlick	971,9871,9874	Külsheim, Moret Brunnen / Külsheim, Hardheimer Straße		LINESTRING(9.519564 49.673828,9.519691100000001 49.674091700000005)
566	Külsheim	Schule	de:08128:12821	49.671479	9.524594		NO_MATCH_AND_SEEMS_UNSERVED								POINT(9.524594 49.671479)
567	Külsheim	Weberei Pahl	de:08128:12823:0:RiW	49.666328	9.507661	bus	MATCHED	n11425928150	21.4	0.38	Külsheim, Weberei Pahl	971,9871,9874	Steinbach, Dorfplatz / Steinfurt, Ort / Külsheim, Prinz-Eugen-Straße		LINESTRING(9.507661 49.666328,9.5078001 49.666158)
568	Kützbrunn	Ort	de:08128:12526:0:RiN	49.581267	9.761274	bus	MATCHED	n1251659303	4.0	0.62	Kützbrunn	940,9840	Grünsfeld, Abzw. Kützbrunn / Zimmern, Ort / Zimmern, Ort		LINESTRING(9.761274 49.581267,9.761307 49.581237800000004)
569	Kützbrunn	Ort	de:08128:12526:0:RiS	49.581302	9.761184	bus	MATCHED	n1251659300	6.4	0.55	Kützbrunn	940,9840	Messelhausen, Ort / Marstadt, Ort		LINESTRING(9.761184 49.581302,9.7611208 49.581262)
570	Lauda	Abzw. Marbach	de:08128:13807:0:Bus1	49.562153	9.720454	bus	MATCHED	n13341512443	31.8	0.21	Abzweigung Marbach	88b,942,945,9843	Königshofen, Sailtheimer Str. / Königshofen, Rathaus / Marbach, Ortsmitte		LINESTRING(9.720454 49.562153,9.7207187 49.5619244)
571	Lauda	Abzw. Marbach	de:08128:13807:0:Bus2	49.562602	9.719906	bus	MATCHED	n13341512474	32.8	0.21	Abzweigung Marbach	88b,942,943,945,9843	Lauda, ZOB / Marbach, Ortsmitte / Lauda, Tauberbr./TauberCenter		LINESTRING(9.719906 49.562602,9.7196051 49.562823200000004)
572	Lauda	Bachgasse	de:08128:13808:0:Bus1	49.570397	9.704994	bus	MATCHED	n3846300068	7.0	0.63	Bachgasse	851,941,942,943,9840,9842,988	Lauda, Laudaplatz / Lauda, Becksteiner Str. / Lauda, Tauberbr./TauberCenter / Gerlachsheim, West / Lauda, Becksteiner Str.		LINESTRING(9.704994 49.570397,9.704970900000001 49.570457700000006)
573	Lauda	Bachgasse	de:08128:13808:0:Bus2	49.570566	9.704752	bus	MATCHED	n3846300081	6.8	0.63	Bachgasse	851,941,942,943,945,9840,9841,9842,9843,988,990	Lauda, Becksteiner Str. / Lauda, Gemeinschaftsschule / Lauda, ZOB / Lauda, ZOB / Lauda, ZOB / Lauda, ZOB / Lauda, Kugelgraben/Stadtkirche / Lauda, ZOB / Lauda, Becksteiner Str. / Lauda, Laudaplatz / Lauda, Abzw. Marbach		LINESTRING(9.704752 49.570566,9.7046726 49.570599400000006)
574	Lauda	Badstr. /E-Zentrum Süd	de:08128:13819:0:1	49.560883	9.707429	bus	NO_MATCH					851,942,945,9841	Lauda, ZOB / Lauda, Badstr./Gewerbegeb. Süd		POINT(9.707429 49.560883)
575	Lauda	Badstr. /E-Zentrum Süd	de:08128:13819:0:2	49.560947	9.707339	bus	NO_MATCH					9841	Lauda, ZOB		POINT(9.707339 49.560947)
576	Lauda	Badstr. /Gewerbegeb. Süd	de:08128:13818:0:1	49.563278	9.7098	bus	NO_MATCH					851,942,945	Lauda, ZOB / Lauda, ZOB / Lauda, ZOB		POINT(9.7098 49.563278)
577	Lauda	Badstr. /Gewerbegeb. Süd	de:08128:13818:0:2	49.563325	9.709746		NO_MATCH_AND_SEEMS_UNSERVED								POINT(9.709746 49.563325)
578	Lauda	Bahnhof	de:08128:13805:1:1	49.565591	9.709288	train	MATCHED	n3176948217	1.0	0.6	Lauda	RB85,RB88,RE8,RE87	Königshofen, Bahnhof / Bad Mergentheim, Bahnhof / Distelhausen (Tbb.), Bahnhof / Bad Mergentheim, Bahnhof	Distelhausen / Königshofen (Baden)	LINESTRING(9.709288 49.565591,9.709282 49.565599500000005)
579	Lauda	Bahnhof	de:08128:13805:2:GeoS1	49.565807	9.708596		NO_MATCH_AND_SEEMS_UNSERVED								POINT(9.708596 49.565807)
580	Lauda	Bahnhof	de:08128:13805:3:3	49.565754	9.70936	train	MATCHED	n1183017771	12.0	0.43	Lauda	RB8,RB85,RB88,RE8,RE87	Würzburg Hbf / Gerlachsheim, Bahnhof / Würzburg Hbf / Würzburg Hbf / Distelhausen (Tbb.), Bahnhof / Würzburg Hbf	Gerlachsheim / Würzburg Hauptbahnhof	LINESTRING(9.70936 49.565754,9.7094348 49.5656576)
581	Lauda	Bahnhof	de:08128:13805:3:4	49.565807	9.709441	train	MATCHED	n3176948219	14.2	0.41	Lauda	RB8,RB85,RB88,RE87	Boxberg-Wölchingen, Bahnhof / Distelhausen (Tbb.), Bahnhof / Tauberbischofsheim, Bahnhof / Gerlachsheim, Bahnhof / Tauberbischofsheim, Bahnhof / Königshofen, Bahnhof	Tauberbischofsheim	LINESTRING(9.709441 49.565807,9.709556500000001 49.5657037)
582	Lauda	Bahnhof	de:08128:13805:4:2	49.56569	9.70936	train	MATCHED	n30906401	5.6	0.51	Lauda	RB8,RB85,RE8	Boxberg-Wölchingen, Bahnhof / Osterburken, Bahnhof	Osterburken	LINESTRING(9.70936 49.56569,9.7093944 49.5656449)
583	Lauda	Becksteiner Str. 	de:08128:13817:0:1	49.567706	9.701266	bus	MATCHED	n12010333216	14.4	1.0	Becksteiner Straße	942,945,9840,9841,9842,9843	Lauda, Ramstal / Lauda, Gemeinschaftsschule / Lauda, Gemeinschaftsschule / Lauda, Schulzentrum / Lauda, i-Park Tauberfranken		LINESTRING(9.701266 49.567706,9.701338100000001 49.5675852)
584	Lauda	Becksteiner Str. 	de:08128:13817:0:2	49.567753	9.701347	bus	MATCHED	n12010333224	0.8	1.0	Becksteiner Straße	942,945,9840,9841,9842,9843	Lauda, Kugelgraben/Stadtkirche / Lauda, i-Park Tauberfranken / Lauda, Ramstal / Lauda, Gemeinschaftsschule		LINESTRING(9.701347 49.567753,9.701358200000001 49.567753200000006)
585	Lauda	Gemeinschaftsschule	de:08128:13809:0:1	49.568172	9.705039	bus	MATCHED	n278735076	15.4	0.28	Hauptschule	851,941,942,943,945,9840,9841,9842,9843	Lauda, Schulz.-Sporthalle / Lauda, Schulzentrum / Distelhausen (Tbb.), Kirche / Lauda, Tauberbr./TauberCenter / Lauda, Becksteiner Str. / Lauda, i-Park Tauberfranken / Gerlachsheim, West		LINESTRING(9.705039 49.568172,9.7048512 49.568106900000004)
586	Lauda	Gemeinschaftsschule	de:08128:13809:0:2	49.568289	9.705749	bus	MATCHED	n278735077	13.9	0.29	Hauptschule	942,945,9842,9843	Lauda, Schulzentrum / Lauda, ZOB / Lauda, Bachgasse / Lauda, ZOB / Lauda, i-Park Tauberfranken		LINESTRING(9.705749 49.568289,9.7059349 49.568320500000006)
587	Lauda	Kath. Kindergarten	de:08128:13803:0:1	49.563068	9.701527		NO_MATCH_AND_SEEMS_UNSERVED								POINT(9.701527 49.563068)
588	Lauda	Kugelgraben/Stadtkirche	de:08128:13815:0:1	49.571219	9.701275	bus	MATCHED	n12010335606	5.0	1.0	Kugelgraben / Stadtkirche	945,9840,9842,9843	Lauda, Ramstal / Lauda, Becksteiner Str.		LINESTRING(9.701275 49.571219,9.7012114 49.5712011)
589	Lauda	Kugelgraben/Stadtkirche	de:08128:13815:0:2	49.571184	9.701275	bus	MATCHED	n12010335589	9.9	1.0	Kugelgraben / Stadtkirche	945,9840,9841,9842,9843	Lauda, Tauberbr./TauberCenter / Lauda, Ramstal / Lauda, Laudaplatz / Lauda, Rebgut		LINESTRING(9.701275 49.571184,9.7014112 49.571171400000004)
590	Lauda	Laudaplatz	de:08128:13814:0:1	49.575081	9.701652	bus	NO_MATCH					942,943,945,9840,9841,9842,9843	Lauda, Bachgasse / Oberlauda, Schule / Königshofen, Rathaus / Lauda, Kugelgraben/Stadtkirche / Lauda, Kugelgraben/Stadtkirche / Lauda, Tauberbr./TauberCenter		POINT(9.701652 49.575081)
591	Lauda	Ramstal	de:08128:13804:0:Bus1	49.567018	9.693334	bus	MATCHED	n281924080	3.2	0.75	Ramstal	942,945,9840,9841,9842,9843	Lauda, Becksteiner Str. / Oberlauda, Schule / Lauda, ZOB / Lauda, Rebgut / Lauda, Laudaplatz		LINESTRING(9.693334 49.567018,9.6933165 49.5669911)
592	Lauda	Rebgut	de:08128:13820:0:1	49.5683	9.689911	bus	NO_MATCH					9840,9841,9842,9843	Lauda, Schulzentrum / Lauda, Kugelgraben/Stadtkirche / Lauda, Schulzentrum / Lauda, Ramstal		POINT(9.689911 49.5683)
593	Lauda	Schulz. -Sporthalle	de:08128:13812:0:1	49.56273	9.704545	bus	NO_MATCH					851,942	Lauda, Badstr./E-Zentrum Süd / Lauda, ZOB / Lauda, i-Park Tauberfranken		POINT(9.704545 49.56273)
594	Lauda	Schulz. -Sporthalle	de:08128:13812:0:2	49.56248	9.705066		NO_MATCH_AND_SEEMS_UNSERVED								POINT(9.705066 49.56248)
595	Lauda	Schulzentrum	de:08128:13806:0:1	49.561262	9.705919	bus	NO_MATCH_BUT_OTHER_PLATFORM_MATCHED					941,943,945,9840,9841,9843	Königshofen, Schule / Lauda, ZOB / Lauda, ZOB / Lauda, i-Park Tauberfranken / Lauda, ZOB / Lauda, Rebgut / Lauda, Badstr./E-Zentrum Süd / Lauda, Laudaplatz		POINT(9.705919 49.561262)
596	Lauda	Schulzentrum	de:08128:13806:0:2	49.56167	9.705596	bus	MATCHED	n428707539	6.6	0.64	Schulzentrum	941,945,9840,9841,9842,9843	Lauda, i-Park Tauberfranken / Lauda, ZOB / Lauda, Tauberbr./TauberCenter / Lauda, Laudaplatz		LINESTRING(9.705596 49.56167,9.7056096 49.561611500000005)
597	Lauda	Schulzentrum	de:08128:13806:0:3	49.560318	9.706665		NO_MATCH_AND_SEEMS_UNSERVED								POINT(9.706665 49.560318)
598	Lauda	Tauberbr. /TauberCenter	de:08128:13813:0:1	49.570561	9.70803	bus	MATCHED	n3846300079	4.3	0.47	Tauberbrücke/Tauber-Center	851,941,942,943,945,9840,9842,9843	Lauda, Abzw. Marbach / Marbach, Ortsmitte / Marbach, Brunnen / Lauda, ZOB / Gerlachsheim, West		LINESTRING(9.70803 49.570561,9.708011 49.570598000000004)
599	Lauda	Tauberbr. /TauberCenter	de:08128:13813:0:2	49.570642	9.707976	bus	NO_MATCH_BUT_OTHER_PLATFORM_MATCHED					851,941,942,943,945,9840,9841,9842,9843	Lauda, Kugelgraben/Stadtkirche / Grünsfeld, Bahnhof / Lauda, Gemeinschaftsschule / Lauda, Bachgasse / Lauda, ZOB / Lauda, Laudaplatz		POINT(9.707976 49.570642)
600	Lauda	ZOB	de:08128:13811:0:1	49.56597	9.708147	bus	MATCHED	w627964468	1.1	0.88	ZOB Lauda	88b,945,9843,988,990	Lauda, Bachgasse / Lauda, Gemeinschaftsschule / Lauda, Schulzentrum / Lauda, Abzw. Marbach / Dienstadt, Ort / Lauda, Schulzentrum		LINESTRING(9.708147 49.56597,9.708136905092159 49.56596285944107)
601	Lauda	ZOB	de:08128:13811:0:2	49.565929	9.708048	bus	MATCHED	w627964470	2.6	0.78	ZOB Lauda	88a,941,9841,988	Lauda, Schulzentrum / Lauda, Bachgasse / Distelhausen (Tbb.), Kirche / Lauda, Gemeinschaftsschule		LINESTRING(9.708048 49.565929,9.70801445 49.5659196)
602	Lauda	ZOB	de:08128:13811:0:3	49.565894	9.70795	bus	MATCHED	w627964471	1.3	0.85	ZOB Lauda	851,9841	Lauda, Bachgasse / Lauda, Becksteiner Str.		LINESTRING(9.70795 49.565894,9.707933950000001 49.5658893)
603	Lauda	ZOB	de:08128:13811:0:4	49.565859	9.707869	bus	MATCHED	w627964472	1.0	0.87	ZOB Lauda	851			LINESTRING(9.707869 49.565859,9.70785545 49.56585975)
604	Lauda	ZOB	de:08128:13811:0:5	49.56583	9.707797	bus	MATCHED	w627964467	1.0	0.87	ZOB Lauda	942,9842	Lauda, i-Park Tauberfranken / Lauda, Schulz.-Sporthalle / Lauda, Bachgasse / Lauda, Bachgasse / Lauda, Gemeinschaftsschule		LINESTRING(9.707797 49.56583,9.707784450000002 49.565833)
605	Lauda	ZOB	de:08128:13811:0:6	49.565801	9.707707	bus	MATCHED	w1421773466	4.3	0.7	ZOB Lauda	943,9840	Lauda, Gemeinschaftsschule / Lauda, Bachgasse / Lauda, Schulzentrum		LINESTRING(9.707707 49.565801,9.70776335 49.5657875)
606	Lauda	i-Park Tauberfranken	de:08128:13810:0:1	49.555132	9.712199	bus	NO_MATCH					851,942,943,945,9840,9841,9842,9843	Lauda, Gemeinschaftsschule / Lauda, ZOB / Beckstein, Linde / Lauda, Schulz.-Sporthalle / Sachsenflur, Feuerwehrhaus / Lauda, Badstr./E-Zentrum Süd / Lauda, ZOB / Lauda, Badstr./E-Zentrum Süd / Königshofen, Schule / Lauda, Schulzentrum / Königshofen, Am Breitenstein / Lauda, Gemeinschaftsschule / Lauda, Kugelgraben/Stadtkirche / Lauda, Kugelgraben/Stadtkirche		POINT(9.712199 49.555132)
607	Lauda	i-Park Tauberfranken	de:08128:13810:0:2	49.555377	9.712109		NO_MATCH_AND_SEEMS_UNSERVED								POINT(9.712109 49.555377)
608	Laudenbach	Ghäuberg	de:08128:13208:0:RiS	49.461464	9.928064	bus	MATCHED	n314925480	13.1	0.49	Ghäuberg	959,963,9863	Weikersheim, Im Molach/Industriestr. / Queckbronn, Ort / Weikersheim, Bahnhofstraße / Laudenbach, Ort / Laudenbach, Ort		LINESTRING(9.928064 49.461464,9.9278852 49.4614479)
609	Laudenbach	Ort	de:08128:13249:0:RiO	49.454457	9.93013	bus	MATCHED	n339168744	3.2	0.57	Laudenbach	88b,959,963,9863	Queckbronn, Ort / Haagen, Abzw. / Neubronn (Weikersheim), Ort / Vorbachzimmern, Ort		LINESTRING(9.93013 49.454457,9.9301741 49.454456)
610	Laudenbach	Ort	de:08128:13249:0:RiW	49.45448	9.930435	bus	MATCHED	n339168854	14.4	0.35	Laudenbach	88b,959,9863	Laudenbach, Ghäuberg / Weikersheim, Im Molach/Industriestr. / Weikersheim, Bahnhofstraße		LINESTRING(9.930435 49.45448,9.930630500000001 49.4545016)
611	Lengenrieden	Ort	de:08128:12256:0:Bus1	49.528359	9.640001	bus	MATCHED	n9018910565	7.5	0.61	Lengenrieden, Ort	937,942,9842	Oberschüpf, Ort / Kupprichhausen, Schule	Oberschüpf, Ort	LINESTRING(9.640001 49.528359,9.639899 49.5283704)
612	Lengenrieden	Ort	de:08128:12256:0:Bus2	49.52844	9.640001	bus	MATCHED	n9018910566	7.1	0.74	Lengenrieden, Ort	937,942	Kupprichhausen, Schule	Kupprichhausen, Schule	LINESTRING(9.640001 49.52844,9.6399162 49.528473000000005)
613	Lichtel	Birkhöfe	de:08128:12366:0:1	49.403223	10.032673	bus	MATCHED	n5328135512	19.9	0.39	Lichtel Birkhöfe	969,970,9869	Streichental, Ort / Lichtel, Oben / Oberrimbach, Ort / Ebertsbronn, Ort		LINESTRING(10.032673 49.403223,10.0324671 49.403105000000004)
614	Lichtel	Oben	de:08128:12367:0:RiW	49.41157	10.045806	bus	MATCHED	n5328135511	33.6	0.3	Lichtel Oben	969,970,9869	Dunzendorf, Ort / Lichtel, Birkhöfe / Lichtel, Unten		LINESTRING(10.045806 49.41157,10.0460018 49.4118439)
615	Lichtel	Unten	de:08128:12368:0:RiO	49.410664	10.050046	bus	MATCHED_THOUGH_DISTANT	n5328135510	310.5	0.06	Lichtel Unten	969,9869	Münster, Ort / Münster, Industriegebiet / Oberrimbach, Ort		LINESTRING(10.050046 49.410664,10.0508682 49.413405100000006)
616	Lichtel	Unten	de:08128:12368:0:RiW	49.410711	10.050172	bus	MATCHED	n5328135509	1.5	0.86	Lichtel Unten	969,970,9869	Oberrimbach, Ort / Münster, Ort / Lichtel, Oben		LINESTRING(10.050172 49.410711,10.0501515 49.4107086)
617	Lillstadt	Abzw. 	de:08128:12169:0:Bus1	49.453225	9.76228	bus	MATCHED	n2430189933	51.7	0.35	Lillstadt Abzweig	19	Bad Mgh., Wachbacher Straße / Lillstadt, Ort	Bad Mergentheim Wachbacher Straße	LINESTRING(9.76228 49.453225,9.762057200000001 49.4527833)
618	Lillstadt	Abzw. 	de:08128:12169:0:RiS	49.453161	9.762145	bus	MATCHED	n2430189934	68.7	0.31	Lillstadt Abzweig	19	Stuppach, Ort	Stuppach	LINESTRING(9.762145 49.453161,9.7613944 49.4527841)
619	Lillstadt	Ort	de:08128:12170:0:Bus1	49.449067	9.772601	bus	MATCHED	n13013260236	53.1	0.22	Lillstadt Ort	9833	Bad Mgh., Wachbacher Straße / Lillstadt, Abzw. / Assamstadt, Mergentheimer Str.		LINESTRING(9.772601 49.449067,9.7720239 49.449361800000005)
620	Lindelbach	Gärtnerei	de:08128:13494:0:RiN	49.756354	9.581709	bus	NO_MATCH					973	Bettingen, Kirche		POINT(9.581709 49.756354)
621	Lindelbach	Gärtnerei	de:08128:13494:0:RiS	49.756237	9.581494	bus	NO_MATCH					973,9873	Hofgarten, St.Lioba-Kirche / Lindelbach, Schule / Dietenhan, Ort / Bettingen, Kirche / Urphar, Ort / Urphar, Alte Landstraße		POINT(9.581494 49.756237)
622	Lindelbach	Schule	de:08128:13495:0:RiN	49.752279	9.578969	bus	NO_MATCH					973	Lindelbach, Gärtnerei / Urphar, Ort / Lindelbach, Gärtnerei / Höhefeld, Ort		POINT(9.578969 49.752279)
623	Lindelbach	Schule	de:08128:13495:0:RiS	49.751728	9.578323		NO_MATCH_AND_SEEMS_UNSERVED								POINT(9.578323 49.751728)
624	Lohrhof	Ort	de:08128:12339:0:RiN	49.501781	10.103496	bus	MATCHED	n5328153738	22.2	0.26	Lohrhof	967,9867	Weidenhof, Ort		LINESTRING(10.103496 49.501781,10.1033405 49.5019532)
625	Lohrhof	Ort	de:08128:12339:0:RiW	49.501746	10.103352	bus	NO_MATCH_BUT_OTHER_PLATFORM_MATCHED					9867	Fuchshof, Ort		POINT(10.103352 49.501746)
626	Lustbronn	Ort	de:08128:12136:0:Bus1	49.448769	9.727919	bus	NO_MATCH					933,9833	Althausen, Mühlweg		POINT(9.727919 49.448769)
627	Lustbronn	Ort	de:08128:12136:0:Bus2	49.448921	9.727946	bus	NO_MATCH					933,9833	Assamstadt, Mergentheimer Str. / Lillstadt, Ort		POINT(9.727946 49.448921)
628	Löffelstelzen	Ort	de:08128:12105:0:Bus1	49.508204	9.788322	bus	MATCHED	n7656750636	16.5	0.6	Löffelstelzen Ort	955,957,9843	Bad Mergentheim, Waldstraße / Bad Mgh., Abzw. Reha-Kl.Taub. / Bad Mgh., Klinik Hohenlohe / Bad Mgh., Mobilpark Ried / Bad Mgh., Reha-KlinikTaubertal / Edelfingen, Süd	Reha-Klinik Taubertal	LINESTRING(9.788322 49.508204,9.7885478 49.508220900000005)
629	Marbach	Brunnen	de:08128:13836:0:1	49.565842	9.727712	bus	NO_MATCH					943,945	Lauda, Abzw. Marbach / Königshofen, Sailtheimer Str. / Königshofen, Schule / Lauda, Abzw. Marbach		POINT(9.727712 49.565842)
630	Marbach	Ortsmitte	de:08128:13834:0:945	49.565847	9.727748		NO_MATCH_AND_SEEMS_UNSERVED								POINT(9.727748 49.565847)
631	Marbach	Ortsmitte	de:08128:13834:0:Bus1	49.565801	9.728198	bus	MATCHED	n513544678	8.8	0.31	Marbach	943,9840	Hofstetten, Ort		LINESTRING(9.728198 49.565801,9.7280765 49.565802100000006)
632	Marbach	Ortsmitte	de:08128:13834:0:Bus2	49.565888	9.728189	bus	NO_MATCH_BUT_OTHER_PLATFORM_MATCHED					943,9840,9843	Königshofen, Rathaus / Lauda, Tauberbr./TauberCenter / Lauda, Abzw. Marbach / Königshofen, Rathaus		POINT(9.728189 49.565888)
633	Markelsheim	Bahnhof	de:08128:12144:1:1	49.478165	9.835429	train	MATCHED	n5633687194	24.7	0.27	Markelsheim	RB85,RB88,RE87	Elpersheim, Bahnhof / Igersheim, Bahnhof		LINESTRING(9.835429 49.478165,9.835158100000001 49.478300000000004)
634	Markelsheim	Bahnhof	de:08128:12144:2:2	49.478399	9.834998	train	MATCHED	n5633687193	15.3	0.34	Markelsheim	RE87	Elpersheim, Bahnhof	Elpersheim / Igersheim	LINESTRING(9.834998 49.478399,9.8351941 49.4783467)
635	Markelsheim	Bahnhof	de:08128:12144:30:Bus	49.478183	9.834738	bus	MATCHED	n295955213	12.4	0.5	Markelsheim Bahnhof	88b,944,959,961,9855	Apfelbach, Ort / Elpersheim, Bahnhof / Igersheim, Schule / Markelsheim, Kirche / Igersheim, Bahnhof / Wachbach, Schule		LINESTRING(9.834738 49.478183,9.834670500000001 49.478285400000004)
636	Markelsheim	Kirche	de:08128:12145:0:RiN	49.473303	9.833911	bus	MATCHED	n292618546	83.8	0.32	Markelsheim Kirche	944,961,9855	Elpersheim, Bahnhof / Markelsheim, Bahnhof	Elpersheim Bahnhof / Rüsselhausen	LINESTRING(9.833911 49.473303,9.834412400000001 49.4739822)
637	Markelsheim	Kirche	de:08128:12145:0:RiS	49.473268	9.833795	bus	NO_MATCH_BUT_OTHER_PLATFORM_MATCHED					944,961,9855	Markelsheim, Schule / Rüsselhausen, Ort		POINT(9.833795 49.473268)
638	Markelsheim	Schule	de:08128:12146:0:RiN	49.471062	9.832627	bus	MATCHED	n292618463	66.0	0.35	Markelsheim Schule	944,961,9855	Markelsheim, Kirche	Markelsheim Kirche	LINESTRING(9.832627 49.471062,9.832928800000001 49.4716218)
639	Markelsheim	Schule	de:08128:12146:0:RiS	49.471266	9.832573	bus	NO_MATCH_BUT_OTHER_PLATFORM_MATCHED					944,9855	Hachtel, Ort / Apfelbach, Ort		POINT(9.832573 49.471266)
640	Marstadt	Ort	de:08128:13888:0:Bus1	49.564915	9.799245	bus	NO_MATCH					943	Vilchband, Ort / Deubach, Ort		POINT(9.799245 49.564915)
641	Marstadt	Ort	de:08128:13888:0:Bus2	49.564973	9.799263	bus	NO_MATCH					943,9840	Messelhausen, Ort / Zimmern, Ort / Grünsfeld, Abzw. Kützbrunn / Messelhausen, Kindergarten		POINT(9.799263 49.564973)
642	Messelhausen	Kindergarten	de:08128:13893:0:Bus1	49.574574	9.790999	bus	NO_MATCH					943	Marstadt, Ort		POINT(9.790999 49.574574)
643	Messelhausen	Kindergarten	de:08128:13893:0:Bus2	49.574621	9.791098	bus	NO_MATCH					943	Messelhausen, Ort		POINT(9.791098 49.574621)
644	Messelhausen	Ort	de:08128:13892:0:Bus1	49.575099	9.788412	bus	NO_MATCH					940,943	Marstadt, Ort / Vilchband, Ort / Hofstetten, Ort / Vilchband, Ort / Messelhausen, Kindergarten		POINT(9.788412 49.575099)
645	Messelhausen	Ort	de:08128:13892:0:Bus2	49.575186	9.788268	bus	NO_MATCH					940,943,9840	Kützbrunn, Ort / Sailtheim, Ort / Hofstetten, Ort / Kützbrunn, Ort		POINT(9.788268 49.575186)
646	Mondfeld	Fähre	de:08128:13552:0:Fuß	49.784655	9.415988		NO_MATCH_AND_SEEMS_UNSERVED								POINT(9.415988 49.784655)
647	Mondfeld	Fähre	de:08128:13552:0:Fähre	49.784765	9.415799		MATCHED	n364843726	24.2	0.24	Mainfähre Mondfeld				LINESTRING(9.415799 49.784765,9.415493000000001 49.784674900000006)
648	Mondfeld	Oberdorf	de:08128:13553:0:RiO	49.783883	9.420552	bus	MATCHED	n9315760430	9.6	0.56	Oberdorf	972	Grünenwört, Lange Str./West / Faulbach Staustufe / Grünenwört, Maintalstr./West / Bestenheid, Mainhafen / Mondfeld, Ort / Mondfeld, Turnhalle / Faulbach Staustufe	Staustufe	LINESTRING(9.420552 49.783883,9.420678500000001 49.7838567)
649	Mondfeld	Oberdorf	de:08128:13553:0:RiW	49.783999	9.420632	bus	MATCHED	n10965424198	7.4	0.74	Oberdorf	972	Mondfeld, Ort	Ort	LINESTRING(9.420632 49.783999,9.420685800000001 49.783942)
650	Mondfeld	Ort	de:08128:13550:0:RiN	49.783251	9.416347	bus	MATCHED	n605012792	9.7	0.56	Ort	972,977,9872	Mondfeld, Oberdorf / Mondfeld, Turnhalle	Oberdorf	LINESTRING(9.416347 49.783251,9.4164806 49.7832603)
651	Mondfeld	Ort	de:08128:13550:0:RiS	49.783118	9.416195	bus	MATCHED	n605012782	14.9	0.62	Ort	972,977,9872	Mondfeld, Turnhalle / Mondfeld, Turnhalle / Wessental, Ort / Freudenberg, Abzw. Boxtal	Abzweig Boxtal	LINESTRING(9.416195 49.783118,9.4160743 49.7830092)
652	Mondfeld	Turnhalle	de:08128:13551:0:RiO	49.782526	9.419087	bus	NO_MATCH					972	Faulbach Staustufe / Faulbach Staustufe / Grünenwört, Lange Str./West		POINT(9.419087 49.782526)
653	Mondfeld	Turnhalle	de:08128:13551:0:RiW	49.782683	9.41933	bus	NO_MATCH					972	Freudenberg, Abzw. Boxtal		POINT(9.41933 49.782683)
654	Münster	Industriegebiet	de:08128:12320:0:1	49.443296	10.027364	bus	NO_MATCH					9869	Lichtel, Unten / Heimberg, Süd / Münster, Ort / Schmerbach, Ort		POINT(10.027364 49.443296)
655	Münster	Ort	de:08128:12319:0:RiN	49.442093	10.03738	bus	NO_MATCH_BUT_OTHER_PLATFORM_MATCHED					969,970,9869	Münster, See / Creglingen, Herrgottskirche / Creglingen, ZOB		POINT(10.03738 49.442093)
656	Münster	Ort	de:08128:12319:0:RiS	49.442093	10.037299	bus	MATCHED	n497177739	10.4	0.54	Münster Ort	969,970,9869	Schmerbach, Ort / Lichtel, Unten / Münster, Industriegebiet		LINESTRING(10.037299 49.442093,10.0371717 49.442050200000004)
657	Münster	See	de:08128:12321:0:1	49.435586	10.04453	bus	NO_MATCH					9869	Münster, Ort / Creglingen, Herrgottskirche		POINT(10.04453 49.435586)
658	Nassau	Lichtenhöfe	de:08128:13245:0:1	49.525513	9.870563	bus	MATCHED	n370139153	14.8	0.46	Lichtenhöfe	962,9852	Nassau, Ort / Weikersheim, Bismarckstraße / Simmringen, Ort		LINESTRING(9.870563 49.525513,9.870470000000001 49.5253948)
659	Nassau	Ort	de:08128:13244:0:1	49.525192	9.89453	bus	MATCHED	n373314762	7.7	0.35	Nassau	962,980,9852	Schäftersheim, Schule / Nassau, Lichtenhöfe		LINESTRING(9.89453 49.525192,9.8946319 49.5251735)
660	Nassig	Kirche	de:08128:13561:0:RiN	49.735085	9.450034	bus	MATCHED	n2642012422	8.2	0.6	Nassig, Kirche	971,9871	Nassig, Rose		LINESTRING(9.450034 49.735085,9.4499463 49.7350385)
661	Nassig	Kirche	de:08128:13561:0:RiS	49.735062	9.44972	bus	MATCHED	n2642012421	10.5	0.54	Nassig, Kirche	971,9871	Nassig, Schule / Sonderriet, Gehöft / Nassig, Steingasse		LINESTRING(9.44972 49.735062,9.4496316 49.734987100000005)
662	Nassig	Rose	de:08128:13563:0:RiN	49.737181	9.455056	bus	MATCHED	n9709080561	28.2	0.33	Nassig, Rose	971,9871	Nassig, Ödengesäß		LINESTRING(9.455056 49.737181,9.4547386 49.737032400000004)
663	Nassig	Rose	de:08128:13563:0:RiS	49.736902	9.4544	bus	MATCHED	n9697855558	21.5	0.38	Nassig, Rose	971,9871	Nassig, Kirche		LINESTRING(9.4544 49.736902,9.4545975 49.7370473)
664	Nassig	Schule	de:08128:13564:0:RiN	49.733721	9.447142	bus	NO_MATCH_BUT_OTHER_PLATFORM_MATCHED					971	Nassig, Kirche		POINT(9.447142 49.733721)
665	Nassig	Schule	de:08128:13564:0:RiS	49.733784	9.447016	bus	MATCHED	n9732538794	17.2	0.43	Nassig, Schule	971,9872	Nassig, Steingasse Im Tal / Boxtal, Sägemühlen / Sachsenhausen, Am Kirchweg / Sonderriet, Gehöft / Freudenberg, Abzw. Boxtal / Nassig, Steingasse		LINESTRING(9.447016 49.733784,9.4467976 49.7338473)
666	Nassig	Steingasse	de:08128:13565:0:RiO	49.73523	9.434314	bus	MATCHED	n9709080560	14.6	0.47	Nassig, Steingasse	971,9871	Nassig, Schule / Sonderriet, Gehöft / Nassig, Kirche		LINESTRING(9.434314 49.73523,9.4345139 49.7352111)
667	Nassig	Steingasse	de:08128:13565:0:RiW	49.735131	9.435464	bus	MATCHED	n9726428336	7.1	0.62	Nassig, Steingasse	971,9871	Nassig, Steingasse Im Tal		LINESTRING(9.435464 49.735131,9.435367600000001 49.735145100000004)
668	Nassig	Steingasse Im Tal	de:08128:13566:0:1	49.736002	9.430164	bus	MATCHED	n9709080559	7.8	0.61	Nassig, Steingasse Im Tal	971,9871	Wessental, Ort / Nassig, Steingasse / Sonderriet, Gehöft		LINESTRING(9.430164 49.736002,9.4302004 49.735936)
669	Nassig	Ödengesäß	de:08128:13562:0:RiO	49.737628	9.460769	bus	MATCHED	n2642012415	10.7	0.54	Nassig, Ödengesäß	971,9871	Hundheim, Denkmalsiedlung / Vockenrot, Nassiger Straße / Vockenrot, Reinhardswiesen / Sachsenhausen, Ort / Wertheim, Neuhof		LINESTRING(9.460769 49.737628,9.460813100000001 49.73772030000001)
670	Nassig	Ödengesäß	de:08128:13562:0:RiW	49.737709	9.460985	bus	MATCHED	n2642012417	13.7	0.48	Nassig, Ödengesäß	971,9871	Nassig, Rose		LINESTRING(9.460985 49.737709,9.4610023 49.737586)
671	Neubronn (Igershm. )	Ort	de:08128:13262:0:1	49.548593	9.828252	bus	MATCHED	n370659836	18.7	0.31	Neubronn	949,9852	Bowiesen, Ort / Oesfeld Ort / Reckerstal, Ort		LINESTRING(9.828252 49.548593,9.8283646 49.5484419)
672	Neubronn (Weikersheim)	Kiga	de:08128:13261:0:RiN	49.468394	9.967823	bus	MATCHED	n344291420	12.9	0.44	Neubronn Kindergarten	963	Queckbronn, Ort		LINESTRING(9.967823 49.468394,9.967654000000001 49.4684304)
673	Neubronn (Weikersheim)	Kiga	de:08128:13261:0:RiS	49.4683	9.967706	bus	NO_MATCH_BUT_OTHER_PLATFORM_MATCHED					963	Neubronn (Weikersheim), Ort / Oberndorf, Standorf		POINT(9.967706 49.4683)
674	Neubronn (Weikersheim)	Ort	de:08128:13260:0:RiN	49.465539	9.969719	bus	MATCHED	n459824133	12.5	0.38	Neubronn	963	Queckbronn, Ort / Neubronn (Weikersheim), Kiga / Oberndorf, Standorf / Niederrimbach, Ort		LINESTRING(9.969719 49.465539,9.9695622 49.4655853)
675	Neubronn (Weikersheim)	Ort	de:08128:13260:0:RiS	49.464704	9.969629	bus	MATCHED	n344291458	9.6	0.42	Neubronn	963,9863	Oberndorf, Standorf / Neubronn (Weikersheim), Kiga / Oberndorf, Standorf / Queckbronn, Ort / Röttingen Bahnhofstraße		LINESTRING(9.969629 49.464704,9.9695544 49.464632800000004)
676	Neunkirch.	V. -Berliching. -Str	de:08128:15060:0:1	49.477938	9.76077	bus	MATCHED	n7659042704	22.6	0.51	V.-Berlichingen-Str.	958	Neunkirchen, Panoramastraße	Panoramastr.	LINESTRING(9.76077 49.477938,9.760465400000001 49.4779807)
677	Neunkirchen	Carl-Arnold-Str. 	de:08128:12069:0:Bus1	49.477109	9.763537	bus	MATCHED	n361185509	4.7	0.69	Carl-Arnold-Straße	958	Neunkirchen, Ort	Neunkirchen Ort	LINESTRING(9.763537 49.477109,9.7634763 49.4770939)
678	Neunkirchen	Carl-Arnold-Str. 	de:08128:12069:0:Bus2	49.477214	9.763367	bus	MATCHED	n361185505	4.3	0.7	Carl-Arnold-Straße	958	Neunkirchen, Schönblickstraße	Schönblickstr.	LINESTRING(9.763367 49.477214,9.763419 49.477233000000005)
679	Neunkirchen	Ort	de:08128:12037:0:3	49.477383	9.765361	bus	MATCHED	n361185620	7.0	0.63	Neunkirchen Ort	933	Althausen, Bobstadter Straße	Rigaer Str.	LINESTRING(9.765361 49.477383,9.7652973 49.477335700000005)
680	Neunkirchen	Ort	de:08128:12037:0:Bus1	49.477185	9.765621	bus	MATCHED	n361185621	30.7	0.48	Neunkirchen Ort	958,9833	Neunkirchen, Carl-Arnold-Str. / Althausen, Bobstadter Straße	Carl-Arnold-Straße	LINESTRING(9.765621 49.477185,9.7659271 49.476993900000004)
681	Neunkirchen	Ort	de:08128:12037:0:Bus2	49.477208	9.765352	bus	MATCHED	n13014151166	6.4	0.57	Neunkirchen Mitte	933,958,9833	Bad Mgh.,Caritas-K./Uhlandstr. / Bad Mgh., Neunkircher Straße / Bad Mgh., Rigaer Straße		LINESTRING(9.765352 49.477208,9.765437700000001 49.477195800000004)
682	Neunkirchen	Panoramastraße	de:08128:12070:0:Bus1	49.478562	9.763951	bus	MATCHED	n7659042705	1.5	0.74	Panoramastr.	958	Neunkirchen, Schönblickstraße	Schönblickstr.	LINESTRING(9.763951 49.478562,9.7639308 49.4785575)
683	Neunkirchen	Panoramastraße	de:08128:12070:0:Bus2	49.478644	9.763906	bus	MATCHED	n7659042702	3.0	0.7	Panoramastr.	958	Neunkirchen, Zum Wald	Zum Wald	LINESTRING(9.763906 49.478644,9.7639416 49.4786586)
684	Neunkirchen	Schule	de:08128:12109	49.476951	9.764031		NO_MATCH_AND_SEEMS_UNSERVED								POINT(9.764031 49.476951)
685	Neunkirchen	Schönblickstraße	de:08128:12071:0:Bus1	49.477967	9.76325	bus	MATCHED	n7659042706	6.7	0.66	Schönblickstr.	958	Neunkirchen, Carl-Arnold-Str.	Carl-Arnold-Straße	LINESTRING(9.76325 49.477967,9.7631905 49.4779211)
686	Neunkirchen	Schönblickstraße	de:08128:12071:0:Bus2	49.477885	9.763313	bus	MATCHED	n7659042701	1.1	0.81	Schönblickstr.	958	Neunkirchen, Panoramastraße	Panoramastr.	LINESTRING(9.763313 49.477885,9.7632978 49.477884800000005)
687	Neunkirchen	Sportpatz	de:08128:12072	49.475872	9.760753		MATCHED	n361185816	9.4	0.33	Neunkirchen Schule				LINESTRING(9.760753 49.475872,9.7606614 49.475932)
688	Neunkirchen	Stuppacher Straße	de:08128:12073:0:Bus2	49.475994	9.768658	bus	MATCHED	n7659042700	8.7	0.63	Stuppacher Str.	958	Neunkirchen, Ort	Neunkirchen Ort	LINESTRING(9.768658 49.475994,9.7687588 49.4759521)
689	Neunkirchen	Zum Wald	de:08128:15059:0:1	49.479391	9.763421	bus	MATCHED	n7659042703	7.2	0.73	Zum Wald	958	Neunkirch.,V.-Berliching.-Str	V.-Berlichingen-Str.	LINESTRING(9.763421 49.479391,9.763322 49.479383500000004)
690	Neuses	Ort	de:08128:12610:0:RiN	49.507772	9.853926	bus	MATCHED	n370139165	13.4	0.28	Neuses	949,952,9852	Harthausen, Brunnen / Harthausen, Brunnen		LINESTRING(9.853926 49.507772,9.8537417 49.5077809)
691	Neuses	Ort	de:08128:12610:0:RiS	49.507375	9.854096	bus	MATCHED	n358094684	21.3	0.22	Neuses	952,9852	Igersheim, Schule / Holzbronn (Igersheim), Ort		LINESTRING(9.854096 49.507375,9.854247800000001 49.5072108)
692	Niederrimbach	Ort	de:08128:12329:0:RiO	49.475014	9.996803	bus	MATCHED	n472312554	14.5	0.38	Niederrimbach	963,9863	Creglingen, Waldstraße / Creglingen, Herrgottskirche / Creglingen, ZOB / Bieberehren Abzweig Bahnhof		LINESTRING(9.996803 49.475014,9.9966027 49.4750147)
693	Niederrimbach	Ort	de:08128:12329:0:RiW	49.475142	9.99674	bus	MATCHED	n279903596	68.3	0.15	Niederrimbach	963,9863	Neubronn (Weikersheim), Ort / Oberndorf, Standorf / Neubronn (Weikersheim), Ort		LINESTRING(9.99674 49.475142,9.9958164 49.4752638)
694	Niedersteinach	Ort	de:08128:12342:0:RiO	49.503105	10.060026	bus	MATCHED	n496231224	41.6	0.26	Niedersteinach Ort	967,9867	Fuchshof, Ort / Frauental, Kloster / Reinsbronn, Ort		LINESTRING(10.060026 49.503105,10.0605986 49.5030708)
695	Niedersteinach	Ort	de:08128:12342:0:RiW	49.503233	10.060143		NO_MATCH_AND_SEEMS_UNSERVED								POINT(10.060143 49.503233)
696	Niederstetten	Bahnhof	de:08128:12910:1:1	49.403393	9.915191	train	MATCHED	n5633687219	5.3	0.45	Niederstetten	RB88	Laudenbach (Württ)		LINESTRING(9.915191 49.403393,9.9151583 49.4034356)
697	Niederstetten	Bahnhof	de:08128:12910:2:4	49.403802	9.915487	bus	MATCHED	n3984755798	7.5	0.61	Niederstetten Bahnhof	88b,959,964,965,966	Eichhof, Ort / Niederstetten, Ziegelmühle / Vorbachzimmern, Ort / Schrozberg ZOB / Niederstetten, Ziegelmühle		LINESTRING(9.915487 49.403802,9.915385500000001 49.403813)
698	Niederstetten	Bahnhof	de:08128:12910:2:Bus	49.403843	9.915478	bus	MATCHED	n3984755799	44.0	0.25	Niederstetten Bahnhof	964,965,9861,9869	Niederstetten, Ziegelmühle / Pfitzingen, Ort		LINESTRING(9.915478 49.403843,9.915226200000001 49.404203300000006)
699	Niederstetten	Bahnhof	de:08128:12910:3:2	49.403381	9.915092	train	MATCHED	n5633687218	4.0	0.49	Niederstetten	RB88,RE87	Laudenbach (Württ) / Schrozberg Bahnhof	Schrozberg / Laudenbach (Württ)	LINESTRING(9.915092 49.403381,9.9150641 49.403412200000005)
700	Niederstetten	Flugplatz	de:08128:12961:0:1	49.394881	9.957115	bus	NO_MATCH					966,9861,9869	Niederstetten, Rehhof / Wildentierbach, Ort / Niederstetten, ZOB / Niederstetten, Hohe Buche / Eichhof, Ort / Niederstetten, Hohe Buche		POINT(9.957115 49.394881)
701	Niederstetten	Frickentalplatz	de:08128:55558:0:1	49.400131	9.915496		NO_MATCH_AND_SEEMS_UNSERVED								POINT(9.915496 49.400131)
702	Niederstetten	Frickentalplatz	de:08128:55558:0:2	49.400055	9.915281		NO_MATCH_AND_SEEMS_UNSERVED								POINT(9.915281 49.400055)
703	Niederstetten	Frickentalplatz	de:08128:55558:0:3	49.399921	9.915245		NO_MATCH_AND_SEEMS_UNSERVED								POINT(9.915245 49.399921)
704	Niederstetten	Frickentalplatz	de:08128:55558:0:4	49.399856	9.915469		NO_MATCH_AND_SEEMS_UNSERVED								POINT(9.915469 49.399856)
705	Niederstetten	Frickentalplatz	de:08128:55558:0:5	49.399921	9.915667		NO_MATCH_AND_SEEMS_UNSERVED								POINT(9.915667 49.399921)
706	Niederstetten	Hohe Buche	de:08128:12911:0:RiO	49.400897	9.936822	bus	MATCHED	n356877311	14.4	0.47	Hohe Buche	966,9861,9869	Niederstetten, Rehhof / Niederstetten, Flugplatz		LINESTRING(9.936822 49.400897,9.93701 49.4009395)
707	Niederstetten	Hohe Buche	de:08128:12911:0:RiW	49.400949	9.93684	bus	MATCHED	n3982916257	9.8	0.55	Hohe Buche	966,9861,9869	Niederstetten, Sperrlohe		LINESTRING(9.93684 49.400949,9.9369478 49.4010028)
708	Niederstetten	Kindergarten	de:08128:12912	49.398897	9.921695		MATCHED	n361551845	49.4	0.17	Kindergarten				LINESTRING(9.921695 49.398897,9.921822 49.3984602)
709	Niederstetten	Rehhof	de:08128:12917:0:RiN	49.406421	9.941673	bus	NO_MATCH_BUT_OTHER_PLATFORM_MATCHED					966,9869	Wermutshausen, Ort / Wermutshausen, Ort		POINT(9.941673 49.406421)
710	Niederstetten	Rehhof	de:08128:12917:0:RiS	49.406567	9.94188	bus	MATCHED	n371561086	11.3	0.52	Niederstetten Rehhof	966,9869	Niederstetten, ZOB / Niederstetten, Hohe Buche / Oberstetten, Ort		LINESTRING(9.94188 49.406567,9.9418553 49.4064666)
711	Niederstetten	Sperrlohe	de:08128:12913:0:RiN	49.398705	9.926869	bus	MATCHED	n356877296	6.9	0.63	Sperrlohe	966,9861	Niederstetten, Hohe Buche		LINESTRING(9.926869 49.398705,9.926853000000001 49.398644000000004)
712	Niederstetten	Sperrlohe	de:08128:12913:0:RiS	49.398699	9.926662	bus	MATCHED	n356877300	6.9	0.63	Sperrlohe	966,9861,9869	Niederstetten, ZOB / Niederstetten, Ziegelmühle / Niederstetten, Bahnhof / Vorbachzimmern, Ort		LINESTRING(9.926662 49.398699,9.926722 49.3986509)
713	Niederstetten	ZOB	de:08128:12915:0:HP1	49.39743	9.919188	bus	MATCHED	n12899675867	7.9	0.6	Niederstetten ZOB	959	Oberstetten, Ort / Vorbachzimmern, Ort / Niederstetten, Ziegelmühle		LINESTRING(9.919188 49.39743,9.9190979 49.397469300000004)
714	Niederstetten	ZOB	de:08128:12915:0:HP2	49.397319	9.919188	bus	NO_MATCH_BUT_OTHER_PLATFORM_MATCHED					9869	Vorbachzimmern, Ort		POINT(9.919188 49.397319)
715	Niederstetten	ZOB	de:08128:12915:0:HP3	49.39719	9.919206	bus	MATCHED	n12899675866	9.1	1.0	Niederstetten ZOB	964,966,9861,9869	Niederstetten, Ziegelmühle / Niederstetten, Sperrlohe / Oberstetten, Ort		LINESTRING(9.919206 49.39719,9.9191281 49.3972537)
716	Niederstetten	ZOB	de:08128:12915:0:HP4	49.397015	9.919188		MATCHED	n12899675865	10.8	1.0	Niederstetten ZOB				LINESTRING(9.919188 49.397015,9.9191114 49.3969321)
717	Niederstetten	ZOB	de:08128:12915:0:HP5	49.396781	9.919224	bus	MATCHED	n12899675859	24.9	1.0	Niederstetten ZOB	965,966	Niederstetten, Ziegelmühle / Niederstetten, Flugplatz / Vorbachzimmern, Kindergarten / Niederstetten, Sperrlohe / Oberstetten, Ort		LINESTRING(9.919224 49.396781,9.9195667 49.3967942)
718	Niederstetten	ZOB	de:08128:12915:0:HP6	49.396845	9.919512		MATCHED	n12899675864	13.0	1.0	Niederstetten ZOB				LINESTRING(9.919512 49.396845,9.9193688 49.3969147)
719	Niederstetten	Ziegelmühle	de:08128:12914:0:RiO	49.401768	9.91979	bus	MATCHED	n703703954	12.9	0.5	Niederstetten, Ziegelmühle	959,964,965,966,9861,9869	Niederstetten, ZOB / Niederstetten, ZOB / Niederstetten, ZOB / Niederstetten, ZOB		LINESTRING(9.91979 49.401768,9.9199312 49.401698)
720	Niederstetten	Ziegelmühle	de:08128:12914:0:RiW	49.401803	9.919817	bus	MATCHED	n703703969	10.7	0.54	Niederstetten, Ziegelmühle	88b,959,964,965,966,9861,9869	Niederstetten, Bahnhof / Sichertshausen, Ort / Pfitzingen, Ort / Eichhof, Ort / Vorbachzimmern, Ort / Niederstetten, Bahnhof		LINESTRING(9.919817 49.401803,9.9199651 49.4018013)
721	Niklashausen	Bahnhof	de:08128:13309:1:1	49.701741	9.613923	train	MATCHED	n5633686686	16.6	0.33	Niklashausen	RB88,RE87	Gamburg, Bahnhof / Hochhausen, Bahnhof / Gamburg, Bahnhof	Bahnhof Gamburg (Tauber) / Hochhausen (Tauber)	LINESTRING(9.613923 49.701741,9.613756500000001 49.701843800000006)
722	Niklashausen	Bahnhof	de:08128:13309:30:GeoS	49.701811	9.6143		NO_MATCH_AND_SEEMS_UNSERVED								POINT(9.6143 49.701811)
723	Niklashausen	Ort	de:08128:13308:0:RiN	49.70403	9.6151	bus	MATCHED	n11487161929	21.7	1.0	Niklashausen	941,9876	Höhefeld, Ort / Gamburg, Bahnhof		LINESTRING(9.6151 49.70403,9.6149783 49.7042088)
724	Niklashausen	Ort	de:08128:13308:0:RiS	49.703339	9.615594	bus	MATCHED	n430888154	23.0	1.0	Niklashausen	88a,941,9876	Brunntal, Ort / Werbach, Marktplatz / Werbach, Kirche / Werbach, Friedhof / Gamburg, Bahnhof / Wenkheim, Ortsmitte		LINESTRING(9.615594 49.703339,9.6154402 49.7035203)
725	Oberbalbach	Abzw. Deubach	de:08128:13878:0:Bus1	49.535518	9.776132	bus	NO_MATCH					945	Unterbalbach, Ost		POINT(9.776132 49.535518)
726	Oberbalbach	Abzw. Deubach	de:08128:13878:0:Bus2	49.535442	9.776132	bus	NO_MATCH					945	Deubach, Ort / Oberbalbach, Ort / Oberbalbach, Ort		POINT(9.776132 49.535442)
727	Oberbalbach	Ort	de:08128:13903:0:Bus1	49.538905	9.791735	bus	NO_MATCH					943,945,9843	Deubach, Ort / Oberbalbach, Abzw. Deubach / Messelhausen, Kindergarten / Unterbalbach, Oberbalb. Straße		POINT(9.791735 49.538905)
728	Oberbalbach	Ort	de:08128:13903:0:Bus2	49.538695	9.791852	bus	NO_MATCH					943,945,9843	Unterbalbach, Oberbalb. Straße / Unterbalbach, Bürgm.-Kolb-Str. / Oberbalbach, Abzw. Deubach / Deubach, Ort		POINT(9.791852 49.538695)
729	Oberlauda	Kindergarten	de:08128:13844	49.568568	9.680865		NO_MATCH_AND_SEEMS_UNSERVED								POINT(9.680865 49.568568)
730	Oberlauda	Mühlrad	de:08128:13845:0:Bus1	49.567071	9.677613	bus	NO_MATCH					942,9842	Oberlauda, Turnhalle		POINT(9.677613 49.567071)
731	Oberlauda	Mühlrad	de:08128:13845:0:Bus2	49.566919	9.677991	bus	NO_MATCH					942,9842	Heckfeld, Ort		POINT(9.677991 49.566919)
732	Oberlauda	Schule	de:08128:13847:0:1	49.567572	9.681189	bus	NO_MATCH_BUT_OTHER_PLATFORM_MATCHED					942	Lauda, Ramstal		POINT(9.681189 49.567572)
733	Oberlauda	Schule	de:08128:13847:0:2	49.567653	9.681171	bus	MATCHED	n279982408	70.0	0.09	Turnhalle	942,9842	Oberlauda, Mühlrad		LINESTRING(9.681171 49.567653,9.682139300000001 49.567651500000004)
734	Oberlauda	Turnhalle	de:08128:13846:0:Bus2	49.566302	9.683192	bus	MATCHED	n5540507822	11.7	0.52	Turnhalle	942,9842	Oberlauda, Schule / Lauda, Bachgasse / Lauda, Ramstal		LINESTRING(9.683192 49.566302,9.6830466 49.566256700000004)
735	Oberndorf	Standorf	de:08128:12303:0:RiO	49.444324	9.998168	bus	MATCHED	n369860185	14.3	0.47	Standorf	963,9863	Niederrimbach, Ort		LINESTRING(9.998168 49.444324,9.9980367 49.4444202)
736	Oberndorf	Standorf	de:08128:12303:0:RiW	49.444453	9.998105	bus	MATCHED	n5396891828	6.4	0.65	Standorf	963,9863	Neubronn (Weikersheim), Ort / Neubronn (Weikersheim), Ort		LINESTRING(9.998105 49.444453,9.9980188 49.444464)
737	Oberrimbach	Kindergarten	de:08128:12371:0:RiO	49.409408	10.060242	bus	NO_MATCH_BUT_OTHER_PLATFORM_MATCHED					969,970	Schmerbach, Ort / Blumweiler, Ort		POINT(10.060242 49.409408)
738	Oberrimbach	Kindergarten	de:08128:12371:0:RiW	49.40953	10.060125	bus	MATCHED	n5328135506	30.4	0.31	Oberrimbach Kindergarten	969,970	Creglingen, ZOB / Oberrimbach, Ort		LINESTRING(10.060125 49.40953,10.060501400000001 49.409650400000004)
739	Oberrimbach	Ort	de:08128:12372:0:RiO	49.40787	10.057071	bus	MATCHED	n5328135508	29.3	0.32	Oberrimbach Ort	969,970,9869	Oberrimbach, Kindergarten / Schmerbach, Ort / Schmerbach, Ort		LINESTRING(10.057071 49.40787,10.0570372 49.4076078)
740	Oberrimbach	Ort	de:08128:12372:0:RiW	49.408005	10.05717	bus	MATCHED	n5328135507	5.4	0.68	Oberrimbach Ort	969,970,9869	Lichtel, Oben / Lichtel, Birkhöfe / Lichtel, Unten		LINESTRING(10.05717 49.408005,10.057115900000001 49.407971700000004)
741	Oberschüpf	Ort	de:08128:12259:0:Bus1	49.522347	9.677281	bus	MATCHED_THOUGH_REVERSED_DIR	n499332588	2.7	0.72	Oberschüpf, Ort	937,942	Lengenrieden, Ort	Unterschüpf, Brunnen	LINESTRING(9.677281 49.522347,9.6772791 49.5223225)
742	Oberschüpf	Ort	de:08128:12259:0:Bus2	49.522458	9.677146	bus	MATCHED	n499332557	4.5	0.71	Oberschüpf, Ort	937,942,9842	Unterschüpf, Brunnen / Lengenrieden, Ort / Unterschüpf, Brunnen	Lengenrieden, Ort	LINESTRING(9.677146 49.522458,9.6771898 49.5224868)
743	Oberstetten	Ort	de:08128:12920:0:RiN	49.375531	9.946937	bus	MATCHED	n705833558	9.6	0.5	Oberstetten	959,9869	Wolkersfelden, Ort / Niederstetten, Flugplatz / Niederstetten, ZOB		LINESTRING(9.946937 49.375531,9.946938900000001 49.375617600000005)
744	Oberstetten	Ort	de:08128:12920:0:RiS	49.375484	9.946856	bus	MATCHED	n705833581	13.8	0.43	Oberstetten	959,964,966	Niederstetten, ZOB		LINESTRING(9.946856 49.375484,9.9467431 49.375583400000004)
745	Oberwittighausen	Abzw. Kirch	de:08128:13725:0:1	49.634799	9.85389	bus	NO_MATCH					940	Oberwittighausen, Ort		POINT(9.85389 49.634799)
746	Oberwittighausen	Ort	de:08128:13724:0:RiN	49.625186	9.853108	bus	MATCHED	n970823050	8.5	0.55	Oberwittighausen	9840	Poppenhausen, Ort / Gaubüttelbrunn		LINESTRING(9.853108 49.625186,9.853217200000001 49.62521520000001)
747	Oberwittighausen	Ort	de:08128:13724:0:RiS	49.625274	9.853045	bus	MATCHED	n970823047	9.6	0.53	Oberwittighausen	940,9840	Wittighausen, Bahnhof / Poppenhausen, Ort		LINESTRING(9.853045 49.625274,9.853071100000001 49.6253583)
748	Paimar	Abzweig	de:08128:12533:0:RiN	49.641943	9.725916	bus	MATCHED	n728175189	11.1	0.67	Abzweig Paimar	850,9875,990	Großrinderfeld, Ortsmitte	Dachsberg	LINESTRING(9.725916 49.641943,9.7259103 49.6418431)
749	Paimar	Abzweig	de:08128:12533:0:RiS	49.641832	9.725799	bus	MATCHED	n728175194	8.1	0.72	Abzweig Paimar	850,9875,990	Tauberbischofsheim, Würzb. Str	Tauberbischofsheim, Würzb. Str	LINESTRING(9.725799 49.641832,9.7256955 49.641860900000005)
750	Paimar	Bischofsheimer Straße	de:08128:12534:0:1	49.639575	9.752946	bus	NO_MATCH					940	Krensheim, Ort		POINT(9.752946 49.639575)
751	Paimar	Ort	de:08128:12532:0:RiO	49.638522	9.753431	bus	MATCHED	n670689369	6.3	0.45	Paimar	940,9841	Paimar, Bischofsheimer Straße / Krensheim, Ort		LINESTRING(9.753431 49.638522,9.753518300000001 49.6385226)
752	Paimar	Ort	de:08128:12532:0:RiW	49.638592	9.753377	bus	MATCHED	n2404475338	5.8	0.46	Paimar	940,9841	Grünsfeldhausen, Ort		LINESTRING(9.753377 49.638592,9.753298200000001 49.6385835)
753	Pfitzingen	Ort	de:08128:12942:0:RiN	49.426361	9.891898	bus	MATCHED	n12278439996	50.1	0.18	Pfitzingen	961	Honsbronn, Ort		LINESTRING(9.891898 49.426361,9.8918601 49.425910900000005)
754	Pfitzingen	Ort	de:08128:12942:0:RiS	49.426384	9.891862	bus	MATCHED	n313528648	11.5	0.4	Pfitzingen	961,964,965,9861	Adolzhausen, Ort / Herrenzimmern, Ort / Niederstetten, Ziegelmühle / Niederstetten, Bahnhof	Honsbronn Ort / Herrenzimmern	LINESTRING(9.891862 49.426384,9.891925200000001 49.426479300000004)
755	Poppenhausen	Ort	de:08128:13710:0:RiO	49.630493	9.826662	bus	NO_MATCH					940,9840	Oberwittighausen, Ort / Gaubüttelbrunn / Oberwittighausen, Abzw. Kirch		POINT(9.826662 49.630493)
756	Poppenhausen	Ort	de:08128:13710:0:RiW	49.630604	9.826716	bus	NO_MATCH					940,9840	Wittighausen , Abzw.Hof Lilach		POINT(9.826716 49.630604)
757	Pülfringen	Kirche	de:08128:12733:0:RiO	49.582001	9.526786	bus	MATCHED	n8145544217	2.9	0.83	Püfringen Kirche	850,9850	Schweinberg, Ost / Brehmen, Ort / Gissigheim, Brunnen	Schweinberg, Ost	LINESTRING(9.526786 49.582001,9.526754700000001 49.581984600000006)
758	Pülfringen	Kirche	de:08128:12733:0:RiW	49.582112	9.526759	bus	MATCHED	n382604645	12.1	0.63	Püfringen Kirche	843,850,9850	Brehmen, Ort / Pülfringen, Mühlstraße	Brehmen, Ort	LINESTRING(9.526759 49.582112,9.526629400000001 49.5820433)
759	Pülfringen	Mühlstraße	de:08128:12734:0:1	49.578559	9.524981	bus	MATCHED	n8145650720	4.7	0.69	Püfringen Mühlstraße	843,850,9850	Erfeld, Mühle / Waldstetten, Post / Brehmen, Ort / Bretzingen, Friseur / Pülfringen, Kirche	Püfringen Kirche	LINESTRING(9.524981 49.578559,9.5250465 49.578561300000004)
760	Pülfringen	Neubaugebiet	de:08128:12736	49.578914	9.517264		NO_MATCH_AND_SEEMS_UNSERVED								POINT(9.517264 49.578914)
761	Pülfringen	Ort	de:08128:12735:0:1	49.581465	9.526301		MATCHED	n9860738683	35.7	0.22	Pülfringen, Ort				LINESTRING(9.526301 49.581465,9.526409300000001 49.5811514)
762	Queckbronn	Ort	de:08128:13255:0:RiO	49.473782	9.949291	bus	MATCHED_THOUGH_OSM_NO_NAME	n319056210	25.4	0.13		963,9863	Tauberrettersheim Ort / Neubronn (Weikersheim), Kiga / Neubronn (Weikersheim), Ort / Neubronn (Weikersheim), Ort		LINESTRING(9.949291 49.473782,9.949582000000001 49.4736549)
763	Queckbronn	Ort	de:08128:13255:0:RiW	49.473683	9.949695	bus	MATCHED	n319056026	6.6	0.51	Queckbronn	963,9863	Laudenbach, Ort / Weikersheim, Bahnhofstraße / Weikersheim, Im Molach/Industriestr.		LINESTRING(9.949695 49.473683,9.949631700000001 49.4737251)
764	Rauenberg	Abzw. Alte Schule	de:08128:12413:0:RiO	49.742063	9.384502	bus	MATCHED	n3902932216	2.7	0.79	Rauenberg, Abzw. Alte Schule	972	Boxtal, Abzw. Sägemühle / Rauenberg, Schule / Boxtal, Abzw. Sägemühle / Rauenberg, Brandweiher / Wessental, Ort	Rauenberg Brandweiher	LINESTRING(9.384502 49.742063,9.384469900000001 49.7420503)
765	Rauenberg	Abzw. Alte Schule	de:08128:12413:0:RiW	49.742145	9.384394	bus	NO_MATCH_BUT_OTHER_PLATFORM_MATCHED					972	Rauenberg, Brandweiher / Rauenberg, Schule / Boxtal, Abzw. Sägemühle / Rauenberg, Brandweiher		POINT(9.384394 49.742145)
766	Rauenberg	Brandweiher	de:08128:12414:0:RiN	49.739532	9.385203	bus	MATCHED	n539767152	2.1	0.82	Rauenberg Brandweiher	972	Rauenberg, Abzw. Alte Schule / Boxtal, Abzw. Sägemühle / Rauenberg, Abzw. Alte Schule / Ebenheid, Ort	Ebenheid Kirche	LINESTRING(9.385203 49.739532,9.3851905 49.7395146)
767	Rauenberg	Brandweiher	de:08128:12414:0:RiS	49.739521	9.385041	bus	NO_MATCH_BUT_OTHER_PLATFORM_MATCHED					972	Ebenheid, Ort / Boxtal, Abzw. Sägemühle / Rauenberg, Abzw. Alte Schule		POINT(9.385041 49.739521)
768	Rauenberg	Schule	de:08128:12415:0:1	49.739944	9.390862	bus	MATCHED	n3902932215	38.2	0.27	Rauenberg, Schule	972	Wessental, Ort / Rauenberg, Brandweiher / Rauenberg, Brandweiher		LINESTRING(9.390862 49.739944,9.3913896 49.7399148)
769	Reckerstal	Ort	de:08128:12640:0:RiN	49.535437	9.826365	bus	MATCHED	n370652979	6.2	0.56	Reckerstal	949,9852	Neubronn (Igershm.), Ort		LINESTRING(9.826365 49.535437,9.8263709 49.5353812)
770	Reckerstal	Ort	de:08128:12640:0:RiS	49.535349	9.826249	bus	NO_MATCH_BUT_OTHER_PLATFORM_MATCHED					949,9852	Holzbronn (Igersheim), Ort / Harth., WITTENST. talent arena		POINT(9.826249 49.535349)
771	Reicholzheim	Bahnhof	de:08128:13533:1:1	49.728773	9.527262	train	MATCHED	n5636325323	4.8	0.51	Reicholzheim	RB88,RE87	Wertheim, Bahnhof / Bronnbach, Bahnhof / Wertheim, Bahnhof	Kloster Bronnbach / Tauberbischofsheim / Wertheim	LINESTRING(9.527262 49.728773,9.5272784 49.7287314)
772	Reicholzheim	Bahnhof	de:08128:13533:30:GeoS1	49.728878	9.527936		NO_MATCH_AND_SEEMS_UNSERVED								POINT(9.527936 49.728878)
773	Reicholzheim	Ort	de:08128:13529	49.7267	9.534009		NO_MATCH_AND_SEEMS_UNSERVED								POINT(9.534009 49.7267)
774	Reicholzheim	Schule	de:08128:13530:0:RiN	49.725156	9.532446	bus	MATCHED	n3414668438	1.5	0.86	Schule	88a,941	Waldenhausen, Abzw. / Reicholzheim, Siedlung / Bronnbach, Kloster		LINESTRING(9.532446 49.725156,9.5324611 49.725146200000005)
775	Reicholzheim	Schule	de:08128:13530:0:RiW	49.725272	9.532553	bus	MATCHED	n11361495278	2.6	0.8	Schule	941,9873	Höhefeld, Siedlung / Bronnbach, Kloster		LINESTRING(9.532553 49.725272,9.5325634 49.725294000000005)
776	Reicholzheim	Siedlung	de:08128:13531:0:RiO	49.730144	9.531691	bus	NO_MATCH_BUT_OTHER_PLATFORM_MATCHED					941,9873	Reicholzheim, Schule		POINT(9.531691 49.730144)
777	Reicholzheim	Siedlung	de:08128:13531:0:RiW	49.730272	9.531907	bus	MATCHED_THOUGH_OSM_NO_NAME	n3414668437	7.8	0.23		941	Reicholzheim, Teilbacher Mühle		LINESTRING(9.531907 49.730272,9.531812700000001 49.730237900000006)
778	Reicholzheim	Teilbacher Mühle	de:08128:13532:0:RiN	49.734882	9.519456	bus	NO_MATCH					941	Waldenhausen, Abzw. / Waldenhausen, Ort		POINT(9.519456 49.734882)
779	Reicholzheim	Teilbacher Mühle	de:08128:13532:0:RiS	49.735085	9.519429	bus	NO_MATCH					941,9873	Reicholzheim, Siedlung		POINT(9.519429 49.735085)
780	Reinhardsh.	Bestenh. Höhe/KKH	de:08128:13473:0:1	49.761687	9.497097	bus	NO_MATCH					974,975	Wartberg, S-Provence-Ring Nord / Wartberg, S-Provence-Ring Nord		POINT(9.497097 49.761687)
781	Reinhardsh.	Bestenh. Höhe/KKH	de:08128:13473:0:2	49.761721	9.497286	bus	NO_MATCH					975	Reinhardshof, Bestenheider Höhe		POINT(9.497286 49.761721)
782	Reinhardshof	Bestenheider Höhe	de:08128:13605:0:1	49.764524	9.498426	bus	NO_MATCH					974,975	Bestenheid, Bildungszentrum / Reinhardsh., Bestenh. Höhe/KKH		POINT(9.498426 49.764524)
783	Reinhardshof	GHS	de:08128:13469:0:RiN	49.751623	9.491977	bus	MATCHED	n9675347118	10.3	0.55	Reinhardshof, GHS	971,975,9871	Reinhardshof, Nord/Krankenhaus / Reinhardshof, Gewerbegebiet / Reinhardshof, Nord/Krankenhaus / Reinhardshof, Kirche		LINESTRING(9.491977 49.751623,9.4919963 49.751531500000006)
784	Reinhardshof	GHS	de:08128:13469:0:RiS	49.751426	9.492156	bus	NO_MATCH_BUT_OTHER_PLATFORM_MATCHED					971,975,9871	Vockenrot, Nassiger Straße		POINT(9.492156 49.751426)
785	Reinhardshof	Gewerbegebiet	de:08128:13476:0:1	49.756702	9.490575	bus	NO_MATCH_BUT_OTHER_PLATFORM_MATCHED					971	Reinhardshof, GHS		POINT(9.490575 49.756702)
786	Reinhardshof	Gewerbegebiet	de:08128:13476:0:2	49.756754	9.490746	bus	MATCHED	n9675346109	47.6	0.23	Reinhardhof, Gewerbegebiet	971	Reinhardshof, Nord/Krankenhaus		LINESTRING(9.490746 49.756754,9.491192400000001 49.757069300000005)
787	Reinhardshof	Kirche	de:08128:13468:0:RiO	49.752645	9.496926	bus	MATCHED	n1694315935	14.1	0.48	Reinhardshof Kirche	971,975,9871,9872	Reinhardshof, Süd / Reinhardshof, Süd		LINESTRING(9.496926 49.752645,9.4967655 49.752573000000005)
788	Reinhardshof	Kirche	de:08128:13468:0:RiW	49.752697	9.496908	bus	MATCHED	n1694316390	14.8	0.46	Reinhardshof Kirche	971,975,9871,9872	Reinhardshof, GHS / Reinhardshof, Nord/Krankenhaus / Reinhardshof, Nord/Krankenhaus		LINESTRING(9.496908 49.752697,9.4967333 49.7527671)
789	Reinhardshof	Nord/Krankenhaus	de:08128:13470:0:RiN	49.759122	9.496684	bus	MATCHED	n1651507924	20.8	0.39	Reinhardshof Nord/Krankenhaus	975,9872,9873	Waldenhausen, Ort / Mondfeld, Oberdorf / Höhefeld, Siedlung / Wartberg, S-Provence-Ring Nord / Reicholzheim, Siedlung / Bestenheid, Breslauer Straße		LINESTRING(9.496684 49.759122,9.4967482 49.7593046)
790	Reinhardshof	Nord/Krankenhaus	de:08128:13470:0:RiS	49.759354	9.496576	bus	MATCHED	n1651507988	3.8	0.6	Reinhardshof Nord	971,975,9871,9872,9873	Reinhardshof, GHS / Reinhardshof, Gewerbegebiet / Reinhardshof, Kirche / Wertheim, Altstadt		LINESTRING(9.496576 49.759354,9.4965229 49.759353100000006)
791	Reinhardshof	Rotkreuzstraße	de:08128:13472	49.760555	9.496863		NO_MATCH_AND_SEEMS_UNSERVED								POINT(9.496863 49.760555)
792	Reinhardshof	Süd	de:08128:13471:0:3	49.751444	9.498786	bus	MATCHED	n1694313264	6.8	0.63	Reinhardshof Süd	975	Vockenrot, Nassiger Straße / Reinhardshof, Kirche		LINESTRING(9.498786 49.751444,9.4988803 49.7514448)
793	Reinhardshof	Süd	de:08128:13471:0:4	49.751391	9.498768	bus	MATCHED	n527867056	16.5	0.44	Reinhardshof Süd	975	Reinhardshof, Kirche / Reinhardsh., Bestenh. Höhe/KKH		LINESTRING(9.498768 49.751391,9.498566400000001 49.751462100000005)
794	Reinhardshof	Süd	de:08128:13471:0:RiO	49.751374	9.499073	bus	MATCHED	n1694314487	12.1	0.51	Reinhardshof Süd	971,9871,9872	Wertheim, Waldhaus / Wertheim, Burgblick / Wartberg, Frankenplatz		LINESTRING(9.499073 49.751374,9.4989071 49.751359)
795	Reinhardshof	Süd	de:08128:13471:0:RiW	49.75142	9.499091	bus	MATCHED	n1694314053	42.1	0.26	Reinhardshof Süd	971,9871,9872	Vockenrot, Nassiger Straße / Reinhardshof, Kirche		LINESTRING(9.499091 49.75142,9.4985101 49.751378100000004)
796	Reinsbronn	Ort	de:08128:12345:0:RiS	49.499161	10.040326	bus	MATCHED	n496194818	4.3	0.72	Reinsbronn Ort	968,9867	Schirmbach, Ort / Freudenbach, Kindergarten / Erdbach, Ort		LINESTRING(10.040326 49.499161,10.040381 49.499174700000005)
797	Reinsbronn	Ort	de:08128:12345:0:RiW	49.499284	10.040362	bus	MATCHED_THOUGH_DISTANT	n496194883	307.4	0.05	Reinsbronn	967,968,9867	Abzw. Reinsbronn / Niedersteinach, Ort / Schirmbach, Ort		LINESTRING(10.040362 49.499284,10.0433062 49.497292800000004)
798	Reisfeld	Ort	de:08128:12617:0:1	49.520691	9.809262	bus	MATCHED	n359024292	36.6	0.2	Reisfeld	949,9852	Igersheim, Schule / Holzbronn (Igersheim), Ort / Igersheim, Kaufland		LINESTRING(9.809262 49.520691,9.8088931 49.5209156)
799	Rengershausen	Mitte	de:08128:12158:0:Bus1	49.405994	9.726967	bus	MATCHED	n8992496382	24.2	0.44	Rengershausen Siedlung	19	Stuppach, Ort	Stuppach	LINESTRING(9.726967 49.405994,9.7272013 49.4061486)
800	Rengershausen	Mitte	de:08128:12158:0:RiN	49.406053	9.726823	bus	MATCHED	n8992496381	23.8	0.44	Rengershausen Siedlung	19	Rengershausen, Siedlung	Rengershausen Mitte	LINESTRING(9.726823 49.406053,9.7266014 49.405895)
801	Rengershausen	Siedlung	de:08128:12157:0:2	49.403031	9.722942	bus	MATCHED	n8992496380	8.7	0.59	Rengershausen Mitte	19	Dörzbach Goldbachstraße	Dörzbach Goldbachstraße	LINESTRING(9.722942 49.403031,9.722826600000001 49.403052300000006)
802	Rengershausen	Siedlung	de:08128:12157:0:Bus1	49.403656	9.724101	bus	MATCHED	n8992496379	40.5	0.36	Rengershausen Mitte	19	Rengershausen, Mitte	Rengershausen Siedlung	LINESTRING(9.724101 49.403656,9.723790900000001 49.403352600000005)
803	Reutsachsen	Ort	de:08128:12391:0:RiO	49.390449	10.137757	bus	NO_MATCH_BUT_OTHER_PLATFORM_MATCHED					970,9870	Weiler, Ort / Rothenburg o.T. Berufsschule		POINT(10.137757 49.390449)
804	Reutsachsen	Ort	de:08128:12391:0:RiW	49.390619	10.137802	bus	MATCHED	n5328153725	49.7	0.23	Reutsachsen Ort	970,9870	Schwarzenbronn, Ort		LINESTRING(10.137802 49.390619,10.137208300000001 49.390841900000005)
805	Rinderfeld	Kindergarten	de:08128:12967:0:1	49.419606	9.990236	bus	MATCHED	n497138167	45.2	0.24	Rinderfeld Kindergarten	966,9869	Rinderfeld, Ortsmitte / Rinderfeld, Ortsmitte / Niederstetten, Flugplatz		LINESTRING(9.990236 49.419606,9.9903802 49.4192109)
806	Rinderfeld	Ortsmitte	de:08128:12968:0:RiO	49.419495	9.988853	bus	MATCHED	n497138769	10.9	0.36	Rinderfeld	966,9869	Streichental, Ort / Rinderfeld, See		LINESTRING(9.988853 49.419495,9.9887713 49.4195775)
807	Rinderfeld	Ortsmitte	de:08128:12968:0:RiW	49.419647	9.98888	bus	MATCHED	n497138750	11.3	0.36	Rinderfeld	966,9869	Ebertsbronn, Ort / Rinderfeld, See		LINESTRING(9.98888 49.419647,9.989035000000001 49.419641600000006)
808	Rinderfeld	See	de:08128:12969:0:RiN	49.417035	9.985852	bus	NO_MATCH					9869	Wermutshausen, Ort / Niederstetten, ZOB		POINT(9.985852 49.417035)
809	Rinderfeld	See	de:08128:12969:0:RiS	49.417117	9.985843	bus	NO_MATCH					9869	Heimberg, Nord		POINT(9.985843 49.417117)
810	Rot	Rathaus	de:08128:12130:0:RiO	49.401049	9.814328	bus	NO_MATCH					955,9855	Herbsthausen, Ort		POINT(9.814328 49.401049)
811	Rot	Rathaus	de:08128:12130:0:RiW	49.401154	9.81422	bus	NO_MATCH					955,9855	Dörtel, Ort		POINT(9.81422 49.401154)
812	Rüsselhausen	Ort	de:08128:12906:0:RiN	49.442192	9.85548	bus	MATCHED	n307711647	2.7	0.73	Rüsselhausen	961	Markelsheim, Schule	Herrenzimmern / Markelsheim Schule	LINESTRING(9.85548 49.442192,9.8554878 49.4422154)
813	Rüsselhausen	Ort	de:08128:12906:0:RiO	49.442105	9.855453	bus	NO_MATCH_BUT_OTHER_PLATFORM_MATCHED					961,964,965,9861	Weikersheim, Bahnhofstraße / Elpersheim, Ort / Herrenzimmern, Ort / Niederstetten, Bahnhof / Pfitzingen, Ort / Bronn, Ort		POINT(9.855453 49.442105)
814	Sachsenflur	Alte Wagnerei	de:08128:13938:0:1	49.523758	9.710043	bus	MATCHED_THOUGH_OSM_NO_NAME	n9020401704	7.9	0.23		942,9842	Lauda, i-Park Tauberfranken / Beckstein, Linde / Beckstein, Abzw. Weingut Benz		LINESTRING(9.710043 49.523758,9.710117 49.5238103)
815	Sachsenflur	Feuerwehrhaus	de:08128:13937:0:Bus2	49.52423	9.709171	bus	MATCHED_THOUGH_OSM_NO_NAME	n9020401703	58.2	0.08		942,9842	Unterschüpf, Brunnen / Unterschüpf, Brunnen		LINESTRING(9.709171 49.52423,9.7097361 49.5238573)
816	Sachsenhausen	Am Kirchweg	de:08128:13571:0:RiO	49.733697	9.480622	bus	NO_MATCH_BUT_OTHER_PLATFORM_MATCHED					971,9871	Sachsenhausen, Ort / Sachsenhausen, Ort		POINT(9.480622 49.733697)
817	Sachsenhausen	Am Kirchweg	de:08128:13571:0:RiW	49.733726	9.48082	bus	MATCHED	n9675347119	2.5	0.8	Sachsenhausen, Am Kirchweg	971,9871	Nassig, Kirche / Nassig, Ödengesäß / Wertheim, Neuhof		LINESTRING(9.48082 49.733726,9.4808518 49.733735700000004)
818	Sachsenhausen	Ort	de:08128:13572:0:RiN	49.731566	9.492767	bus	MATCHED	n11534139543	6.7	0.64	Sachsenhausen, Ort	971,9871	Sachsenhausen, Am Kirchweg / Vockenrot, Reinhardswiesen / Sonderriet, Rathaus / Vockenrot, Nassiger Straße		LINESTRING(9.492767 49.731566,9.4928255 49.7316128)
819	Sachsenhausen	Ort	de:08128:13572:0:RiS	49.731526	9.492668	bus	MATCHED	n9675347120	2.0	0.83	Sachsenhausen, Ort	971,9871	Nassig, Ödengesäß / Dörlesberg, Waage		LINESTRING(9.492668 49.731526,9.4926937 49.731520100000004)
820	Sailtheim	Ort	de:08128:13910:0:Bus1	49.566139	9.766196	bus	NO_MATCH					943,9840	Hofstetten, Ort / Grünsfeld, Ost / Messelhausen, Ort		POINT(9.766196 49.566139)
821	Schillingstadt	Ort	de:08128:13775:0:Bus1	49.458714	9.572663	bus	NO_MATCH					939,9839	Windischbuch, Ort		POINT(9.572663 49.458714)
822	Schillingstadt	Ort	de:08128:13775:0:Bus2	49.458924	9.57287	bus	NO_MATCH					934,939,9839	Berolzheim, Milchhaus / Berolzheim, Gh Engel / Oberwittstadt, Ort		POINT(9.57287 49.458924)
823	Schirmbach	Ort	de:08128:12324:0:RiN	49.484148	10.041395	bus	MATCHED	n5328153737	3.0	0.78	Schirmbach Ort	967,968	Reinsbronn, Ort		LINESTRING(10.041395 49.484148,10.0414363 49.484147)
824	Schirmbach	Ort	de:08128:12324:0:RiS	49.484183	10.041287	bus	MATCHED_THOUGH_OSM_NO_NAME	n369878922	19.2	0.16		967,968,9867	Erdbach, Ort / Creglingen, ZOB / Creglingen, Waldstraße		LINESTRING(10.041287 49.484183,10.0415512 49.4841944)
825	Schmerbach	Ort	de:08128:12377:0:RiN	49.410477	10.068812	bus	MATCHED	n5328135505	31.1	0.31	Schmerbach Ort	969,970,9869	Lichtel, Birkhöfe / Finsterlohr, Ort / Münster, Ort		LINESTRING(10.068812 49.410477,10.0685911 49.4107168)
826	Schmerbach	Ort	de:08128:12377:0:RiS	49.41039	10.068659	bus	NO_MATCH_BUT_OTHER_PLATFORM_MATCHED					969,970,9869	Oberrimbach, Kindergarten / Blumweiler, Ort / Oberrimbach, Ort		POINT(10.068659 49.41039)
827	Schonach	Ort	de:08128:12387:0:RiN	49.426898	10.115057	bus	MATCHED	n2277100120	44.3	0.25	Schonach Ort	970	Finsterlohr, Ort / Burgstall, Ort		LINESTRING(10.115057 49.426898,10.1151734 49.42728940000001)
828	Schonach	Ort	de:08128:12387:0:RiS	49.426793	10.114877	bus	MATCHED	n5328153730	2.6	0.8	Schonach Ort	970,9870	Seldeneck, Ort / Wolfsbuch, Ort / Finsterlohr, Ort		LINESTRING(10.114877 49.426793,10.1148916 49.4267716)
829	Schwabhausen	Kindergarten	de:08128:12278:0:Bus1	49.4558	9.600529		NO_MATCH_AND_SEEMS_UNSERVED								POINT(9.600529 49.4558)
830	Schwabhausen	Kindergarten	de:08128:12278:0:Bus2	49.455736	9.600475		NO_MATCH_AND_SEEMS_UNSERVED								POINT(9.600475 49.455736)
831	Schwabhausen	Ort	de:08128:12279:0:Bus1	49.455759	9.602389	bus	NO_MATCH					930,934,9839	Windischbuch, Ort / Windischbuch, Ort / Seehof, Seehöfer Str Systemair / Schillingstadt, Ort / Schwabhausen, Zur Wassersch. / Oberwittstadt, Ort		POINT(9.602389 49.455759)
832	Schwabhausen	Ort	de:08128:12279:0:Bus2	49.455742	9.602353		NO_MATCH_AND_SEEMS_UNSERVED								POINT(9.602353 49.455742)
833	Schwabhausen	Zur Wassersch. 	de:08128:12288:0:1	49.459584	9.6098	bus	NO_MATCH					930,934	Schwabhausen, Ort / Boxberg (TBB), Rathaus / Boxberg (TBB), Schulzentrum / Boxberg-Wölchingen, Bahnhof		POINT(9.6098 49.459584)
834	Schwarzenbronn	Ort	de:08128:12392:0:RiO	49.39277	10.116503	bus	MATCHED	n5328153724	80.4	0.16	Schwarzenbronn Ort	970,9870	Weiler, Ort / Reutsachsen, Ort / Rothenburg o.T. Berufsschule		LINESTRING(10.116503 49.39277,10.1175435 49.3925215)
835	Schwarzenbronn	Ort	de:08128:12392:0:RiW	49.392917	10.116611	bus	MATCHED	n5328153723	17.4	0.43	Schwarzenbronn Ort	970,9870	Blumweiler, Ort / Blumweiler, Ort		LINESTRING(10.116611 49.392917,10.116377400000001 49.392951200000006)
836	Schweigern	An der Dell	de:08128:12280:0:Bus1	49.491792	9.661336	bus	NO_MATCH					930,9834,9842	Dainbach, Ort / Epplingen, Ort		POINT(9.661336 49.491792)
837	Schweigern	An der Dell	de:08128:12280:0:Bus2	49.491734	9.661165	bus	NO_MATCH					9834,9842	Schweigern, Hofmann-Menü / Schweigern, Hofmann-Menü		POINT(9.661165 49.491734)
838	Schweigern	Friedhof	de:08128:12281:0:Bus1	49.488431	9.66837		NO_MATCH_AND_SEEMS_UNSERVED								POINT(9.66837 49.488431)
839	Schweigern	Friedhof	de:08128:12281:0:Bus2	49.488379	9.668289		NO_MATCH_AND_SEEMS_UNSERVED								POINT(9.668289 49.488379)
840	Schweigern	Hofmann-Menü	de:08128:12284:0:Bus1	49.493216	9.668433	bus	NO_MATCH					930,937,9834	Dainbach, Ort / Boxberg (TBB), Stadtapotheke / Schweigern, Sonne / Schweigern, An der Dell / Unterschüpf, Brunnen		POINT(9.668433 49.493216)
841	Schweigern	Hofmann-Menü	de:08128:12284:0:Bus2	49.493245	9.668172	bus	NO_MATCH					942,9842	Schweigern, An der Dell / Schweigern, Sonne / Schweigern, Sonne		POINT(9.668172 49.493245)
842	Schweigern	Kindergarten	de:08128:12282:0:Bus1	49.491483	9.668019		NO_MATCH_AND_SEEMS_UNSERVED								POINT(9.668019 49.491483)
843	Schweigern	Kindergarten	de:08128:12282:0:Bus2	49.491454	9.667948		NO_MATCH_AND_SEEMS_UNSERVED								POINT(9.667948 49.491454)
844	Schweigern	Schule	de:08128:12283:0:Bus1	49.490614	9.662046	bus	NO_MATCH					930	Dainbach, Ort / Schweigern, Sonne / Unterschüpf, Brunnen		POINT(9.662046 49.490614)
845	Schweigern	Schule	de:08128:12283:0:Bus2	49.490544	9.661974		NO_MATCH_AND_SEEMS_UNSERVED								POINT(9.661974 49.490544)
846	Schweigern	Sonne	de:08128:12285:0:St1	49.489785	9.668936	bus	MATCHED	n11737817120	6.1	0.76	Schweigern, Sonne	930,937,9834,9842	Bobstadt (Kr TBB), Talmühle / Schweigern, Hofmann-Menü / Unterschüpf, Brunnen / Schweigern, Hofmann-Menü / Schweigern, An der Dell	Unterschüpf, Brunnen	LINESTRING(9.668936 49.489785,9.6689603 49.489732200000006)
847	Schweigern	Sonne	de:08128:12285:0:St2	49.490584	9.669654	bus	MATCHED	n11737817119	8.3	0.71	Schweigern, Sonne	930,937,942	Bobstadt (Kr TBB), Talmühle / Boxberg (TBB), Stadtapotheke	Boxberg, Stadtapotheke	LINESTRING(9.669654 49.490584,9.6695434 49.490563900000005)
848	Schweigern	Sonne	de:08128:12285:0:St3	49.490427	9.669466	bus	NO_MATCH_BUT_OTHER_PLATFORM_MATCHED					930,937,9842	Boxberg (TBB), Schulzentrum / Boxberg (TBB), Stadtapotheke / Schweigern, Hofmann-Menü / Unterschüpf, Brunnen / Schweigern, Schule / Bobstadt (Kr TBB), Talmühle / Dainbach, Ort		POINT(9.669466 49.490427)
849	Schäftersheim	Schule	de:08128:13240:0:SNord	49.497808	9.902812	bus	MATCHED	n312603983	12.5	0.38	Schäftersheim Schule/Kindergarten	962,9852	Weikersheim, ZOB / Weikersheim, Bahnhofstraße / Schäftersheim, Würzburger Str. / Elpersheim, Schule / Nassau, Ort		LINESTRING(9.902812 49.497808,9.9029846 49.4978093)
850	Schäftersheim	Schule	de:08128:13240:0:SSued	49.496658	9.903558	bus	NO_MATCH_BUT_OTHER_PLATFORM_MATCHED					962,980	Nassau, Ort		POINT(9.903558 49.496658)
851	Schäftersheim	Würzburger Str. 	de:08128:13241:0:RiO	49.496775	9.903872	bus	MATCHED	n312604321	84.5	0.29	Schäftersheim Würzburger Straße	962,980	Schäftersheim, Schule / Tauberrettersheim Ort	Tauberrettersheim Ort	LINESTRING(9.903872 49.496775,9.903003700000001 49.4962676)
852	Schäftersheim	Würzburger Str. 	de:08128:13241:0:RiS	49.496863	9.903719	bus	MATCHED	n312604328	94.4	0.28	Schäftersheim Würzburger Straße	980,9852	Weikersheim, Bahnhofstraße / Weikersheim, Bismarckstraße / Schäftersheim, Schule	Marktplatz	LINESTRING(9.903719 49.496863,9.902716100000001 49.496320100000005)
853	Schön	Ort	de:08128:12361:0:RiN	49.456057	10.084227	bus	MATCHED	n5328153733	15.1	0.46	Schön Ort	967,968,9867	Freudenbach, Ortsmitte / Freudenbach, Ortsmitte / Freudenbach, Kindergarten		LINESTRING(10.084227 49.456057,10.084346400000001 49.4559453)
854	Schön	Ort	de:08128:12361:0:RiS	49.456004	10.084155	bus	NO_MATCH_BUT_OTHER_PLATFORM_MATCHED					967,968,9867	Craintal, Hofgarten / Erdbach, Ort		POINT(10.084155 49.456004)
855	Schönbühl	Ort	de:08128:12133:0:RiS	49.411272	9.852129	bus	MATCHED	n313528123	17.0	0.32	Schönbühl	955,9855	Hollenbach Mönchshof / Hollenbacher Seen / Herbsthausen, Ort		LINESTRING(9.852129 49.411272,9.852337400000001 49.4113416)
856	Schönfeld	Ort	de:08128:12460:0:RiN	49.676758	9.800763	bus	NO_MATCH_BUT_OTHER_PLATFORM_MATCHED					850,9875	Gerchsheim, Ortsmitte		POINT(9.800763 49.676758)
857	Schönfeld	Ort	de:08128:12460:0:RiS	49.676635	9.800647	bus	MATCHED	n221897343	1.9	0.64	Schönfeld	850,9875	Ilmspan, Ort		LINESTRING(9.800647 49.676635,9.800637400000001 49.6766191)
858	Sechselbach	Ort	de:08128:12348:0:RiO	49.514579	10.069297		MATCHED	n496231524	3.6	0.71	Sechselbach Ort				LINESTRING(10.069297 49.514579,10.0692774 49.514549)
859	Sechselbach	Ort	de:08128:12348:0:RiW	49.514678	10.069198	bus	NO_MATCH_BUT_OTHER_PLATFORM_MATCHED					967,9867	Klingen Ort / Waldmannshofen, Ort / Frauental, Seewiesenhof / Abzw. Reinsbronn / Reinsbronn, Ort		POINT(10.069198 49.514678)
860	Seehof	LSZ	de:08128:12286:0:Bus1	49.447531	9.650592	bus	NO_MATCH					930	Bobstadt (Kr TBB), Ort		POINT(9.650592 49.447531)
861	Seehof	LSZ	de:08128:12286:0:Bus2	49.447601	9.650466	bus	NO_MATCH					930	Windischbuch, Ort		POINT(9.650466 49.447601)
862	Seehof	Max-Planck-Str. Ost	de:08128:12290:0:1	49.450755	9.646532	bus	NO_MATCH					9833,9839	Seehof, Rudolf-Diesel-Str. Ost / Seehof, Max-Planck-Str. West		POINT(9.646532 49.450755)
863	Seehof	Max-Planck-Str. West	de:08128:12293:0:1	49.451	9.643855	bus	NO_MATCH					9833,9839	Wölchingen, Rathaus / Boxberg-Wölchingen, Bahnhof / Seehof, Max-Planck-Str. Ost / Wölchingen, Abzw. Forellenhof		POINT(9.643855 49.451)
864	Seehof	Robert-Bosch-Str. 	de:08128:12266:0:1	49.440983	9.634135	bus	NO_MATCH					9833,9839	Seehof, Seehöfer Str Systemair / Seehof, Systemair Expo		POINT(9.634135 49.440983)
865	Seehof	Rud. -Diesel-Str. Mitte	de:08128:12294:0:1	49.448792	9.645085	bus	NO_MATCH					9833,9839	Seehof, Rudolf-D.-Str. West / Seehof, Rudolf-Diesel-Str. Ost		POINT(9.645085 49.448792)
866	Seehof	Rudolf-D. -Str. West	de:08128:11807:0:1	49.448559	9.641708	bus	NO_MATCH					9833,9839	Seehof, Systemair Expo / Seehof, Rud.-Diesel-Str. Mitte		POINT(9.641708 49.448559)
867	Seehof	Rudolf-Diesel-Str. Ost	de:08128:11805:0:1	49.450258	9.650152	bus	NO_MATCH					9833,9839	Seehof, Max-Planck-Str. Ost / Seehof, Rud.-Diesel-Str. Mitte		POINT(9.650152 49.450258)
868	Seehof	Seehöfer Str Systemair	de:08128:11802:0:1	49.439762	9.631575	bus	NO_MATCH					9833,9839	Schwabhausen, Ort / Seehof, Robert-Bosch-Str. / Windischbuch, Ort / Buch, Ort		POINT(9.631575 49.439762)
869	Seehof	Systemair Expo	de:08128:11808:0:1	49.44638	9.642543	bus	NO_MATCH					9833,9839	Seehof, Rudolf-D.-Str. West / Seehof, Robert-Bosch-Str.		POINT(9.642543 49.44638)
870	Seldeneck	Ort	de:08128:12394:0:RiO	49.413341	10.145429	bus	NO_MATCH_BUT_OTHER_PLATFORM_MATCHED					9870	Blumweiler, Ort		POINT(10.145429 49.413341)
871	Seldeneck	Ort	de:08128:12394:0:RiW	49.413446	10.145528	bus	MATCHED	n3655231076	12.6	0.35	Seldeneck	970,9870	Wolfsbuch, Ort / Weiler, Ort / Schonach, Ort		LINESTRING(10.145528 49.413446,10.1453603 49.4134742)
872	Sichertshausen	Ort	de:08128:12946:0:RiN	49.376478	9.900917	bus	MATCHED	n466124465	23.5	0.32	Sichertshausen	964,9861	Niederstetten, Ziegelmühle / Niederstetten, Bahnhof / Niederstetten, Bahnhof		LINESTRING(9.900917 49.376478,9.9009047 49.376266900000005)
873	Sichertshausen	Ort	de:08128:12946:0:RiS	49.376215	9.900773	bus	MATCHED	n466124469	8.8	0.51	Sichertshausen	964	Gütbach Ort		LINESTRING(9.900773 49.376215,9.900663300000001 49.3762485)
874	Simmringen	Ort	de:08128:12645:0:RiN	49.579252	9.904088		NO_MATCH_AND_SEEMS_UNSERVED								POINT(9.904088 49.579252)
875	Simmringen	Ort	de:08128:12645:0:RiS	49.579234	9.904043	bus	MATCHED	n354118514	2.7	0.6	Simmringen	949,952,9852	Bernsfelden, Kirche / Bad Mergentheim, Altstadt Schloss / Nassau, Lichtenhöfe / Bernsfelden, Ort / Bütthard Simmringer Straße / Bernsfelden, Ort		LINESTRING(9.904043 49.579234,9.9040239 49.579213)
876	Sonderriet	Gehöft	de:08128:13578:0:RiO	49.71886	9.434961	bus	MATCHED	n9697855559	6.9	0.63	Sondreriet, Gehöft	971,9871	Sonderriet, Rathaus		LINESTRING(9.434961 49.71886,9.4350535 49.7188456)
877	Sonderriet	Gehöft	de:08128:13578:0:RiW	49.718976	9.434978	bus	MATCHED	n9703704459	11.8	0.51	Sonderriet, Gehöft	971,9871	Nassig, Kirche / Wessental, Ort / Nassig, Steingasse Im Tal / Nassig, Schule		LINESTRING(9.434978 49.718976,9.4351149 49.718918200000005)
878	Sonderriet	Rathaus	de:08128:13579:0:RiO	49.717536	9.439228	bus	MATCHED	n9732538795	13.8	0.48	Sonderriet, Rathaus	971,9871	Sonderriet, Gehöft / Dörlesberg, Waage / Hundheim, Kirche / Neunkirchen, Bushaltestelle / Sachsenhausen, Am Kirchweg / Sachsenhausen, Ort / Hundheim, Denkmalsiedlung		LINESTRING(9.439228 49.717536,9.439395000000001 49.717475900000004)
879	Sonderriet	Rathaus	de:08128:13579:0:RiW	49.717681	9.439183	bus	MATCHED	n2117404492	7.4	0.62	Sonderriet, Rathaus	971,9871	Sonderriet, Gehöft		LINESTRING(9.439183 49.717681,9.439271300000001 49.7176467)
880	Steinbach	Dorfplatz	de:08128:12812:0:RiN	49.679734	9.471791	bus	MATCHED	n943874970	2.0	0.83	Dorfplatz	971,9871	Steinbach, Gemeindezentrum / Steinbach, Gemeindezentrum		LINESTRING(9.471791 49.679734,9.4718189 49.6797319)
881	Steinbach	Dorfplatz	de:08128:12812:0:RiS	49.679647	9.471747	bus	MATCHED	n943874968	3.3	0.76	Steinbach, Dorfplatz	971,9871	Külsheim, Weberei Pahl / Steinfurt, Ort / Steinbach, Vorderer Messhof		LINESTRING(9.471747 49.679647,9.4717201 49.6796227)
882	Steinbach	Gemeindezentrum	de:08128:12813:0:RiN	49.682466	9.470004	bus	NO_MATCH_BUT_OTHER_PLATFORM_MATCHED					971	Hundheim, Kirche / Steinbach, Dorfplatz		POINT(9.470004 49.682466)
883	Steinbach	Gemeindezentrum	de:08128:12813:0:RiS	49.682245	9.470067	bus	MATCHED	n9675347123	11.2	0.53	Steinbach, Gemeindezentrum	971,9871	Steinbach, Dorfplatz / Steinbach, Vorderer Messhof		LINESTRING(9.470067 49.682245,9.4699627 49.6823197)
884	Steinbach	Vorderer Messhof	de:08128:12811:1:1	49.675205	9.44928	bus	NO_MATCH					9871	Steinfurt, Ort / Hundheim, Kirche		POINT(9.44928 49.675205)
885	Steinfurt	Ort	de:08128:12841:1:1	49.648568	9.484494	bus	MATCHED	n1775831349	47.9	0.23	Steinfurt, Ort	841,843,971,9871	Steinbach, Dorfplatz / Külsheim, Weberei Pahl / Rüdental, Ort / Hardheim, Schule		LINESTRING(9.484494 49.648568,9.4842815 49.6481596)
886	Streichental	Ort	de:08128:12970:0:RiS	49.423574	10.004789	bus	MATCHED	n497140102	11.5	0.45	Streichental	966,9869	Dunzendorf, Ort / Wolkersfelden, Ort / Rinderfeld, Ortsmitte		LINESTRING(10.004789 49.423574,10.0048619 49.423666100000005)
887	Stuppach	Ort	de:08128:12164:0:Bus1	49.445481	9.751347	bus	MATCHED	n836234431	88.1	0.26	Stuppach	19	Lillstadt, Abzw.	Lillstadt Abzweig	LINESTRING(9.751347 49.445481,9.751009700000001 49.4447197)
888	Stuppach	Ort	de:08128:12164:0:RiS	49.445481	9.751176	bus	MATCHED	n2430190184	8.8	0.59	Stuppach	19	Rengershausen, Mitte	Rengershausen Siedlung	LINESTRING(9.751176 49.445481,9.7512177 49.445555600000006)
889	Tauberbischofsheim	Abz. Külsh	de:08128:13014:0:RiO	49.619076	9.655254	bus	MATCHED	n4641738229	10.2	0.67	Tauberbischofsheim, Abzw. Külsheim	850,971,9841,9850,9874,9876,999	Tauberbischofsheim, Bahnhof / Tauberbischofsheim, Sonnenpl. / Tauberbischofsheim, ZOB / Tauberbischofsheim, ZOB / Tauberbischofsheim, ZOB / Tauberbischofsheim, ZOB	Tauberbischofsheim, Bahnhof	LINESTRING(9.655254 49.619076,9.6553918 49.619056)
890	Tauberbischofsheim	Abz. Külsh	de:08128:13014:0:RiW	49.619105	9.655236	bus	MATCHED	n7040628283	6.9	0.73	Tauberbischofsheim, Abzw. Külsheim	850,971,9841,9850,9874,9876,999	Tauberbischofsheim, Am Ditt Bf / Tauberbischofsheim, Abzw.Ditt. / Külsheim, Mainstraße / Dienstadt, Ort	Tauberbischofsheim, Abzw. Dittwar	LINESTRING(9.655236 49.619105,9.6551407 49.6190976)
891	Tauberbischofsheim	Abzw. Ditt. 	de:08128:13060:0:RiO	49.605659	9.643298	bus	MATCHED	n2404475331	4.9	0.76	Tauberbischofsheim, Abzweig Dittwar	850,999	Tauberbischofsheim, Abz. Külsh	Tauberbischofsheim, Abzw. Külsheim	LINESTRING(9.643298 49.605659,9.643295400000001 49.605614800000005)
892	Tauberbischofsheim	Abzw. Ditt. 	de:08128:13060:0:RiW	49.605723	9.643217	bus	MATCHED	n7014946809	7.4	0.74	Tauberbischofsheim, Abzw. Dittwar	850,999	Königheim, Ost / Tauberbischofsheim, Am Ditt Bf / Königheim, Breitenflur	Königheim, Breitenflur	LINESTRING(9.643217 49.605723,9.643239600000001 49.6057883)
893	Tauberbischofsheim	Abzw. Laur	de:08128:13012:0:RiN	49.618896	9.669888	bus	MATCHED	n3846300096	12.8	0.31	Abzweigung Laurentiusberg	941,9841,9850,9875,988	Tauberbischofsheim, Wörtplatz / Tauberbischofsheim, Wörtplatz / Tauberbischofsheim, Würzb. Str / Tauberbischofsheim, Würzb. Str		LINESTRING(9.669888 49.618896,9.6697846 49.6189892)
894	Tauberbischofsheim	Abzw. Laur	de:08128:13012:0:RiS	49.618791	9.669708	bus	MATCHED	n3846300086	16.6	0.28	Abzweigung Laurentiusberg	941,9841,9850,988	Dittigheim, Abzw. / Dittigheim, Kirche / Tauberbischofsheim, Laurentiusb.		LINESTRING(9.669708 49.618791,9.6696021 49.618923200000005)
895	Tauberbischofsheim	Am Ditt Bahnhof	de:08128:13016:0:RiN	49.604047	9.642489	bus	NO_MATCH					850,9850	Tauberbischofsheim, Abzw.Ditt. / Königheim, Breitenflur / Tauberbischofsheim, Abz. Külsh		POINT(9.642489 49.604047)
896	Tauberbischofsheim	Am Ditt Bahnhof	de:08128:13016:0:RiS	49.603459	9.642507	bus	NO_MATCH					850,9850	Hof Steinbach Ort / Dittwar, Abzw. Hof Steinbach		POINT(9.642507 49.603459)
897	Tauberbischofsheim	Bahnhof	de:08128:13015:1:1	49.623935	9.658443	train	MATCHED	n5633686703	48.8	0.21	Tauberbischofsheim	RB85,RB88,RE87	Lauda, Bahnhof / Hochhausen, Bahnhof / Dittigheim, Bahnhof	Hochhausen (Tauber) / Reicholzheim	LINESTRING(9.658443 49.623935,9.658339600000001 49.623501600000004)
898	Tauberbischofsheim	Bahnhof	de:08128:13015:2:GeoS1	49.624156	9.658902	bus	NO_MATCH_BUT_OTHER_PLATFORM_MATCHED					999	Tauberbischofsheim, Abz. Külsh		POINT(9.658902 49.624156)
899	Tauberbischofsheim	Bahnhof	de:08128:13015:3:2	49.623726	9.658273	train	MATCHED	n5633686702	24.3	0.32	Tauberbischofsheim	RB88,RE87	Lauda, Bahnhof / Dittigheim, Bahnhof / Hochhausen, Bahnhof	Lauda / Dittigheim	LINESTRING(9.658273 49.623726,9.6582685 49.6235075)
900	Tauberbischofsheim	Einkaufsz. 	de:08128:13024:0:1	49.633094	9.656117	bus	NO_MATCH					9876	Hochhausen (Tauber), Ort / Werbach, Welzmühle / Tauberbischofsheim, Fechtzent. / Werbachhausen, Ort / Impfingen, Siedlung		POINT(9.656117 49.633094)
901	Tauberbischofsheim	Evan. Kiga	de:08128:13022:0:1	49.623941	9.670957	bus	MATCHED	n9721002508	15.0	0.39	Tauberbischofsheim, Evangelischer Kindergarten	850,941,971,9874	Tauberbischofsheim, Wörtplatz / Tauberbischofsheim, Krankenh. / Tauberbischofsheim, ZOB / Tauberbischofsheim, Wörtplatz		LINESTRING(9.670957 49.623941,9.6709786 49.6238066)
902	Tauberbischofsheim	Fechtzent. 	de:08128:13020:0:RiN	49.627421	9.661641	bus	MATCHED	n427890033	1.4	0.6	Fechtzentrum	941,9876	Hochhausen (Tauber), Ort / Impfingen, Siedlung / Tauberbischofsheim, Einkaufsz. / Impfingen, Schule / Impfingen, Ort		LINESTRING(9.661641 49.627421,9.661639300000001 49.6274333)
903	Tauberbischofsheim	Fechtzent. 	de:08128:13020:0:RiS	49.627409	9.661579	bus	MATCHED	n427890034	4.1	0.51	Fechtzentrum	941,9876	Tauberbischofsheim, ZOB / Tauberbischofsheim, ZOB / Tauberbischofsheim, Wörtplatz / Tauberbischofsheim, Wörtplatz		LINESTRING(9.661579 49.627409,9.661605900000001 49.627376500000004)
904	Tauberbischofsheim	Hof Steinbach Ort	de:08128:13066:0:1	49.593147	9.655317	bus	NO_MATCH					9841,9850	Dittigheim, Kirche / Tauberbischofsheim, Laurentiusb. / Dittwar, Abzw. Hof Steinbach / Tauberbischofsheim, Am Ditt Bf		POINT(9.655317 49.593147)
905	Tauberbischofsheim	Krankenh. 	de:08128:13023:0:1	49.629009	9.674362	bus	MATCHED_THOUGH_OSM_NO_NAME	n428064345	4.3	0.27		9841,9850,9874,9875,9876	Tauberbischofsheim, Laurentiusb. / Tauberbischofsheim, Fechtzent. / Tauberbischofsheim, Wörtplatz / Tauberbischofsheim, Würzb. Str / Tauberbischofsheim, Wörtplatz / Tauberbischofsheim, Evan. Kiga		LINESTRING(9.674362 49.629009,9.6743217 49.629037800000006)
906	Tauberbischofsheim	Laurentiusb. 	de:08128:13013:0:RiN	49.621503	9.675547	bus	MATCHED	n427060629	17.3	0.21	Kaserne	941,971,9841,9850,9874,9875,9876	Tauberbischofsheim, Krankenh. / Tauberbischofsheim, Abzw. Laur / Tauberbischofsheim, Abzw. Laur / Tauberbischofsheim, ZOB / Dittigheim, Kirche / Hof Steinbach Ort / Lauda, i-Park Tauberfranken / Tauberbischofsheim, Würzb. Str		LINESTRING(9.675547 49.621503,9.6753205 49.6215527)
907	Tauberbischofsheim	Sonnenpl. 	de:08128:13017:0:RiO	49.621596	9.659027	bus	MATCHED	n3849166516	7.8	0.4	Sonnenplatz	850,971,9850,9874,9875,9876	Tauberbischofsheim, Wörtplatz / Tauberbischofsheim, Abz. Külsh / Tauberbischofsheim, Wörtplatz / Tauberbischofsheim, ZOB / Tauberbischofsheim, ZOB / Tauberbischofsheim, ZOB / Tauberbischofsheim, Wörtplatz		LINESTRING(9.659027 49.621596,9.659072100000001 49.6216602)
908	Tauberbischofsheim	Wörtplatz	de:08128:13019:0:HP1	49.624622	9.665235	bus	MATCHED	n2404475487	1.1	0.88	Wörtplatz	850,9841,9875,988,990	Tauberbischofsheim, Evan. Kiga / Tauberbischofsheim, Würzb. Str / Tauberbischofsheim, ZOB / Tauberbischofsheim, ZOB / Tauberbischofsheim, ZOB / Tauberbischofsheim, Krankenh.		LINESTRING(9.665235 49.624622,9.665222100000001 49.624617)
909	Tauberbischofsheim	Wörtplatz	de:08128:13019:0:HP3	49.624913	9.665064	bus	MATCHED	n2404475491	5.6	0.67	Wörtplatz	850,9850	Tauberbischofsheim, ZOB / Tauberbischofsheim, ZOB / Tauberbischofsheim, ZOB / Tauberbischofsheim, Krankenh. / Tauberbischofsheim, Sonnenpl.		LINESTRING(9.665064 49.624913,9.6650551 49.6248634)
910	Tauberbischofsheim	Wörtplatz	de:08128:13019:0:HP4	49.625355	9.664794		MATCHED	w232098092	22.4	0.31	Wörtplatz				LINESTRING(9.664794 49.625355,9.664780089072194 49.62515391358963)
911	Tauberbischofsheim	Wörtplatz	de:08128:13019:0:HP5	49.625507	9.664696	bus	MATCHED	n2404475498	8.8	0.58	Wörtplatz	941	Tauberbischofsheim, ZOB / Tauberbischofsheim, Laurentiusb. / Tauberbischofsheim, ZOB / Tauberbischofsheim, Abzw. Laur / Tauberbischofsheim, ZOB		LINESTRING(9.664696 49.625507,9.664669100000001 49.625429800000006)
912	Tauberbischofsheim	Wörtplatz	de:08128:13019:0:HP6	49.625617	9.664417	bus	MATCHED	n427516059	14.5	0.47	Wörtplatz	971,9874,990	Tauberbischofsheim, ZOB / Tauberbischofsheim, Laurentiusb. / Tauberbischofsheim, Evan. Kiga		LINESTRING(9.664417 49.625617,9.6642224 49.6256488)
913	Tauberbischofsheim	Wörtplatz	de:08128:13019:0:HP7	49.625507	9.664031	bus	MATCHED	w36769471	10.8	0.53	Wörtplatz	941,988	Tauberbischofsheim, ZOB / Tauberbischofsheim, ZOB / Tauberbischofsheim, Abzw. Laur / Tauberbischofsheim, ZOB		LINESTRING(9.664031 49.625507,9.664080486967942 49.62559891298882)
914	Tauberbischofsheim	Wörtplatz	de:08128:13019:0:HP8	49.625594	9.664166	bus	MATCHED	n427516058	9.1	0.57	Wörtplatz	941,9876	Tauberbischofsheim, Fechtzent. / Tauberbischofsheim, Krankenh. / Tauberbischofsheim, Laurentiusb.	Tauberbischofsheim, Würzb. Str	LINESTRING(9.664166 49.625594,9.6642813 49.6255619)
915	Tauberbischofsheim	Würzb. Str	de:08128:13018:0:RiO	49.624092	9.671415	bus	MATCHED	n427562099	10.9	0.67	Tauberbischofsheim, Würzb. Str	850,9841,9850,9875,9876,990	Ilmspan, Ort / Tauberbischofsheim, Laurentiusb. / Tauberbischofsheim, Abzw. Laur / Paimar, Abzweig / Tauberbischofsheim, Krankenh.	Abzweig Paimar	LINESTRING(9.671415 49.624092,9.671286100000001 49.6240413)
916	Tauberbischofsheim	Würzb. Str	de:08128:13018:0:RiW	49.624145	9.671361	bus	MATCHED	n427562091	6.7	0.75	Tauberbischofsheim, Würzb. Str	850,9841,9850,9875,990	Tauberbischofsheim, Wörtplatz / Tauberbischofsheim, Krankenh. / Tauberbischofsheim, Wörtplatz		LINESTRING(9.671361 49.624145,9.6712714 49.6241615)
917	Tauberbischofsheim	ZOB	de:08128:13021:0:HP1	49.623953	9.658677	bus	MATCHED	n2404475372	2.0	0.71	Tauberbischofsheim, Bahnhof	850,941,9850,988	Tauberbischofsheim, Wörtplatz / Tauberbischofsheim, Abz. Külsh / Tauberbischofsheim, Sonnenpl.	Wörtplatz / Tauberbischofsheim, Abzw. Külsheim	LINESTRING(9.658677 49.623953,9.6586847 49.62393530000001)
918	Tauberbischofsheim	ZOB	de:08128:13021:0:HP2	49.623994	9.65874	bus	MATCHED_THOUGH_OSM_NO_NAME	n2404475378	3.3	0.66	Tauberbischofsheim Bahnhof	941,9841,988	Tauberbischofsheim, Wörtplatz / Tauberbischofsheim, Wörtplatz / Tauberbischofsheim, Wörtplatz / Tauberbischofsheim, Abz. Külsh		LINESTRING(9.65874 49.623994,9.6587096 49.6240158)
919	Tauberbischofsheim	ZOB	de:08128:13021:0:HP3	49.624075	9.658776	bus	MATCHED_THOUGH_OSM_NO_NAME	n2404475382	2.6	0.69	Tauberbischofsheim Bahnhof	971,9874,990	Dittigheim, Abzw. / Tauberbischofsheim, Abz. Külsh / Dienstadt, Ort / Tauberbischofsheim, Sonnenpl. / Tauberbischofsheim, Wörtplatz		LINESTRING(9.658776 49.624075,9.658745600000001 49.6240874)
920	Tauberbischofsheim	ZOB	de:08128:13021:0:HP4	49.624145	9.658812	bus	MATCHED_THOUGH_OSM_NO_NAME	n290984999	6.1	0.57	Tauberbischofsheim Bahnhof	850,88a,941,9876	Dittigheim, Kirche / Tauberbischofsheim, Wörtplatz / Tauberbischofsheim, Sonnenpl. / Tauberbischofsheim, Laurentiusb. / Tauberbischofsheim, Fechtzent. / Hochhausen (Tauber), Ort		LINESTRING(9.658812 49.624145,9.658763200000001 49.624189900000005)
921	Tauberbischofsheim	ZOB	de:08128:13021:0:HP5	49.624255	9.658839	bus	MATCHED_THOUGH_OSM_NO_NAME	n2404475410	4.2	0.28		850,941,9874,9875,990	Tauberbischofsheim, Sonnenpl. / Tauberbischofsheim, Wörtplatz		LINESTRING(9.658839 49.624255,9.658789200000001 49.624274500000006)
922	Uiffingen	Am Beutig	de:08128:12296:0:1	49.506524	9.597978	bus	MATCHED	n11737817116	37.5	0.45	Uiffingen, Am Beutig	937	Kupprichhausen, Schule	Kupprichhausen, Schule	LINESTRING(9.597978 49.506524,9.597987 49.5061867)
923	Uiffingen	Am Beutig	de:08128:12296:0:2	49.506489	9.597888	bus	MATCHED	n11737817117	33.7	0.47	Uiffingen, Am Beutig	937	Uiffingen, Ort	Uiffingen, Ort	LINESTRING(9.597888 49.506489,9.5978282 49.5061885)
924	Uiffingen	Ort	de:08128:12295:0:Bus1	49.500929	9.59389	bus	MATCHED	n11737817115	3.5	0.84	Uiffingen, Ort	934,937,9839	Wölchingen, Abzw. Forellenhof / Angeltürn, Ort / Seehof, Seehöfer Str Systemair	Boxberg-Wölchingen, Abzweigung Forellenhof	LINESTRING(9.59389 49.500929,9.5939359 49.5009206)
925	Uiffingen	Ort	de:08128:12295:0:Bus2	49.501139	9.593738	bus	MATCHED	n11737817114	14.6	0.62	Uiffingen, Ort	937,9839	Seehof, Max-Planck-Str. West / Uiffingen, Am Beutig	Uiffingen, Am Beutig	LINESTRING(9.593738 49.501139,9.5938912 49.501054200000006)
926	Uiffingen	Scharfbachweg	de:08128:12297:0:1	49.502113	9.593055	bus	NO_MATCH					939	Eubigheim, Bahnhof / Buch, Ort		POINT(9.593055 49.502113)
927	Uissigheim	Abzw Stahlbergstr	de:08128:12830:0:RiO	49.680082	9.568863	bus	MATCHED	n3648861087	11.5	0.44	Uissigheim, Abzweigung Stahlbergstraße	971,9874	Uissigheim, Ort / Uissigheim, Ort		LINESTRING(9.568863 49.680082,9.5687256 49.6801347)
928	Uissigheim	Abzw Stahlbergstr	de:08128:12830:0:RiW	49.680164	9.568818	bus	MATCHED	n3648861086	6.2	0.55	Uissigheim, Abzweigung Stahlbergstraße	971,9874,990	Külsheim, Römerbad		LINESTRING(9.568818 49.680164,9.5687525 49.6802007)
929	Uissigheim	Ort	de:08128:12829:0:RiN	49.679182	9.572529	bus	MATCHED	n1446899250	6.4	0.64	Uissigheim, Ort	971,9874,990	Uissigheim, Abzw Stahlbergstr / Gamburg, Dorfgemeinschaftshaus		LINESTRING(9.572529 49.679182,9.572529000000001 49.6791241)
930	Uissigheim	Ort	de:08128:12829:0:RiS	49.679234	9.572439	bus	MATCHED	n1446899516	4.3	0.72	Uissigheim, Ort	971,9874	Eiersheim, Kirche		LINESTRING(9.572439 49.679234,9.572389600000001 49.6792126)
931	Unterbalbach	Bürgm. -Kolb-Str. 	de:08128:13866:0:Bus1	49.527088	9.747934	bus	MATCHED	n422998376	6.5	0.46	Bürgermeister-Kolb-Straße	88b,945,9843	Edelfingen, Nord		LINESTRING(9.747934 49.527088,9.747910300000001 49.5270315)
932	Unterbalbach	Bürgm. -Kolb-Str. 	de:08128:13866:0:Bus2	49.527105	9.748032	bus	MATCHED	n422998374	12.8	0.35	Bürgermeister-Kolb-Straße	88b,945,9843	Königshofen, Antonius Str. / Königshofen, B 290/Abzw. B 292 / Königshofen, Rathaus / Unterbalbach, Oberbalb. Straße / Oberbalbach, Ort		LINESTRING(9.748032 49.527105,9.748109000000001 49.5270014)
933	Unterbalbach	Oberbalb. Straße	de:08128:13867:0:Bus1	49.527811	9.747925	bus	NO_MATCH_BUT_OTHER_PLATFORM_MATCHED					943,945,9843	Königshofen, B 290/Abzw. B 292 / Königshofen, Antonius Str. / Königshofen, Schule / Unterbalbach, Sturmfelder Str. / Unterbalbach, Bürgm.-Kolb-Str. / Königshofen, Rathaus		POINT(9.747925 49.527811)
934	Unterbalbach	Oberbalb. Straße	de:08128:13867:0:Bus2	49.527729	9.747961	bus	MATCHED	n422998200	5.0	0.59	Oberbalbacher Straße	945,9843	Unterbalbach, Ost		LINESTRING(9.747961 49.527729,9.748029800000001 49.527724400000004)
935	Unterbalbach	Ost	de:08128:13870:0:1	49.528265	9.755003	bus	NO_MATCH					945	Unterbalbach, Oberbalb. Straße		POINT(9.755003 49.528265)
936	Unterbalbach	Ost	de:08128:13870:0:2	49.528201	9.755039	bus	NO_MATCH					945,9843	Oberbalbach, Abzw. Deubach / Unterbalbach, Oberbalb. Straße / Deubach, Ort		POINT(9.755039 49.528201)
937	Unterbalbach	Schubertstraße	de:08128:13868:0:Bus1	49.528819	9.743711		NO_MATCH_AND_SEEMS_UNSERVED								POINT(9.743711 49.528819)
938	Unterbalbach	Schubertstraße	de:08128:13868:0:Bus2	49.528749	9.74364		NO_MATCH_AND_SEEMS_UNSERVED								POINT(9.74364 49.528749)
939	Unterbalbach	Sturmfelder Str. 	de:08128:13869:0:1	49.529915	9.744897	bus	NO_MATCH					945,9843	Unterbalbach, Oberbalb. Straße / Königshofen, B292/Eisenbahnstr / Königshofen, Antonius Str. / Königshofen, Antonius Str.		POINT(9.744897 49.529915)
940	Unterschüpf	Brunnen	de:08128:12298:0:Bus1	49.51445	9.688735	bus	MATCHED	n2008227266	3.4	0.76	Unterschüpf, Brunnen	930,937,942,9842	Schweigern, Hofmann-Menü / Schweigern, Sonne / Sachsenflur, Alte Wagnerei / Dainbach, Ort / Schweigern, Sonne / Oberschüpf, Ort	Schweigern, Sonne	LINESTRING(9.688735 49.51445,9.6886887 49.514453100000004)
941	Unterschüpf	Brunnen	de:08128:12298:0:Bus2	49.514351	9.688546	bus	MATCHED	n11737817118	2.3	0.81	Unterschüpf, Brunnen	930,942,9842	Schweigern, Sonne / Schweigern, Schule / Schweigern, An der Dell / Sachsenflur, Alte Wagnerei / Oberschüpf, Ort	Oberschüpf, Ort	LINESTRING(9.688546 49.514351,9.688578300000001 49.5143508)
942	Unterschüpf	EH L579/Abzw B292	de:08128:12299:0:1	49.51294	9.694601		NO_MATCH_AND_SEEMS_UNSERVED								POINT(9.694601 49.51294)
943	Urphar	Alte Landstraße	de:08128:13499:0:RiN	49.749453	9.572034	bus	NO_MATCH					973	Lindelbach, Schule		POINT(9.572034 49.749453)
944	Urphar	Alte Landstraße	de:08128:13499:0:RiS	49.749505	9.571981	bus	NO_MATCH					973	Bettingen, Kirche / Dietenhan, Ort		POINT(9.571981 49.749505)
945	Urphar	Ort	de:08128:13500:0:RiN	49.748454	9.570768	bus	MATCHED	n560926637	12.1	0.52	Urphar	973,976,977	Wertheim, Almosenberg / Lindelbach, Schule / Lindelbach, Gärtnerei / Lindelbach, Gärtnerei / Höhefeld, Siedlung / Urphar, Alte Landstraße / Kembach, Ort / Bettingen, Kirche / Urphar, Alte Landstraße	Bettingen Kirche	LINESTRING(9.570768 49.748454,9.5708336 49.7485544)
946	Urphar	Ort	de:08128:13500:0:RiS	49.748466	9.570588	bus	MATCHED	n552415787	46.0	0.33	Urphar	973,976,977,986 / 632,9873	Eichel, Würzburger Straße / Hofgarten, St.Lioba-Kirche / Eichel, Würzburger Straße	Eichel Würzburger Straße	LINESTRING(9.570588 49.748466,9.570532100000001 49.748053500000005)
947	Vilchband	Ort	de:08128:13720:0:RiN	49.589968	9.823069	bus	MATCHED_THOUGH_OSM_NO_NAME	n2430863398	9.1	0.22		940,9840	Wittighausen, Kirche / Wittighausen, Schule		LINESTRING(9.823069 49.589968,9.8229871 49.5900303)
948	Vilchband	Ort	de:08128:13720:0:RiS	49.589945	9.822943	bus	NO_MATCH_BUT_OTHER_PLATFORM_MATCHED					940,943,9840	Deubach, Ort / Marstadt, Ort / Messelhausen, Ort / Kützbrunn, Ort / Messelhausen, Ort		POINT(9.822943 49.589945)
949	Vockenrot	Nassiger Straße	de:08128:13474:0:RiO	49.750219	9.488832	bus	NO_MATCH_BUT_OTHER_PLATFORM_MATCHED					971,975,9871	Reinhardshof, Süd / Wertheim, Burgblick / Reinhardshof, GHS / Reinhardshof, Süd / Wertheim, ZOB		POINT(9.488832 49.750219)
950	Vockenrot	Nassiger Straße	de:08128:13474:0:RiW	49.750341	9.489102	bus	MATCHED	n3304052580	7.2	0.59	Vockenrot - Nassiger Straße	971,975,9871	Vockenrot, Reinhardswiesen / Vockenrot, Reinhardswiesen / Sachsenhausen, Am Kirchweg / Nassig, Ödengesäß / Hundheim, Kirche / Sachsenhausen, Ort / Wertheim, Neuhof		LINESTRING(9.489102 49.750341,9.489164 49.750391500000006)
951	Vockenrot	Reinhardswiesen	de:08128:13475:0:RiO	49.746893	9.48735	bus	NO_MATCH					971,975	Sachsenhausen, Ort		POINT(9.48735 49.746893)
952	Vockenrot	Reinhardswiesen	de:08128:13475:0:RiW	49.746951	9.487368	bus	NO_MATCH					971,975,9871	Vockenrot, Nassiger Straße / Wertheim, Neuhof		POINT(9.487368 49.746951)
953	Vorbachzimmern	Kindergarten	de:08128:12951	49.423708	9.922341	bus	MATCHED	n368190738	51.7	0.22	Vorbachzimmern Kindergarten	965	Niederstetten, ZOB		LINESTRING(9.922341 49.423708,9.9216821 49.423885600000006)
954	Vorbachzimmern	Ort	de:08128:12950:0:RiN	49.424251	9.918766	bus	MATCHED	n413589639	7.6	0.51	Vorbachzimmern	88b,959	Laudenbach, Ort / Haagen, Abzw.		LINESTRING(9.918766 49.424251,9.9188345 49.424302700000005)
955	Vorbachzimmern	Ort	de:08128:12950:0:RiS	49.423416	9.91917	bus	MATCHED	n413589600	9.3	0.47	Vorbachzimmern	88b,959,9869	Niederstetten, Ziegelmühle / Niederstetten, ZOB / Niederstetten, Ziegelmühle / Oberstetten, Ort		LINESTRING(9.91917 49.423416,9.9190422 49.4234244)
956	Wachbach	Rathaus	de:08128:12115:0:RiN	49.443168	9.792777	bus	NO_MATCH_BUT_OTHER_PLATFORM_MATCHED					955,9855	Wachbach, Siedlung		POINT(9.792777 49.443168)
957	Wachbach	Rathaus	de:08128:12115:0:RiS	49.443168	9.792616	bus	MATCHED	n897736007	3.8	0.74	Wachbach, Rathaus	955,9855	Hachtel, Ort / Dörtel, Ort / Wachbach, Schule		LINESTRING(9.792616 49.443168,9.7925948 49.443199400000005)
958	Wachbach	Schule	de:08128:12116:0:1	49.441702	9.797269	bus	MATCHED	n897735377	4.7	0.69	Wachbach, Schule	955,9855	Markelsheim, Bahnhof / Wachbach, Rathaus / Hachtel, Ort		LINESTRING(9.797269 49.441702,9.7972142 49.441679500000006)
959	Wachbach	Siedlung	de:08128:12117:0:RiN	49.448512	9.788025	bus	NO_MATCH					955,9855	Bad Mgh., Willingertal/Camping		POINT(9.788025 49.448512)
960	Wachbach	Siedlung	de:08128:12117:0:RiS	49.448395	9.787971	bus	NO_MATCH					955,9855	Wachbach, Rathaus		POINT(9.787971 49.448395)
961	Waldenhausen	Abzw. 	de:08128:13479:0:RiO	49.746254	9.524109	bus	NO_MATCH					941	Reicholzheim, Siedlung / Reicholzheim, Teilbacher Mühle		POINT(9.524109 49.746254)
962	Waldenhausen	Abzw. 	de:08128:13479:0:RiW	49.746278	9.524576	bus	NO_MATCH					88a,941	Wertheim, ZOB / Reicholzheim, Schule / Wertheim, Stiftskirche / Waldenhausen, Ort		POINT(9.524576 49.746278)
963	Waldenhausen	Ort	de:08128:13480:0:1	49.744641	9.52375	bus	MATCHED	n428137147	24.8	0.35	Waldenhausen , Ort	941,9873	Reicholzheim, Teilbacher Mühle / Höhefeld, Siedlung / Waldenhausen, Abzw. / Reicholzheim, Siedlung / Wertheim, Stiftskirche		LINESTRING(9.52375 49.744641,9.5237172 49.7448629)
964	Waldmannshofen	Ort	de:08128:12351:0:RiN	49.533122	10.067797		NO_MATCH_AND_SEEMS_UNSERVED								POINT(10.067797 49.533122)
965	Waldmannshofen	Ort	de:08128:12351:0:RiS	49.533134	10.067653	bus	MATCHED	n504454221	35.5	0.29	Waldmannshofen Ort	967,9867	Sechselbach, Ort		LINESTRING(10.067653 49.533134,10.068023700000001 49.5329252)
966	Wartberg	Berliner Ring	de:08128:13488:0:1	49.754009	9.501229	bus	NO_MATCH					975	Reinhardshof, Süd		POINT(9.501229 49.754009)
967	Wartberg	Frankenplatz	de:08128:13485:0:RiS	49.755274	9.502765	bus	MATCHED_THOUGH_OSM_NO_NAME	n4607523226	21.5	0.15		9871	Reinhardshof, Süd / Wertheim, Burgblick		LINESTRING(9.502765 49.755274,9.502994000000001 49.7551506)
968	Wartberg	S-Provence-Ring Nord	de:08128:13489:0:RiN	49.758924	9.501598	bus	NO_MATCH					975	Reinhardshof, Nord/Krankenhaus / Reinhardsh., Bestenh. Höhe/KKH		POINT(9.501598 49.758924)
969	Wartberg	S-Provence-Ring Nord	de:08128:13489:0:RiS	49.75918	9.501238	bus	NO_MATCH					974,975	Wartberg, S.-Provence-R. Mitte		POINT(9.501238 49.75918)
970	Wartberg	S-Provence-Ring Süd	de:08128:13486:0:1	49.752094	9.506197	bus	NO_MATCH					975	Wertheim, Burgblick		POINT(9.506197 49.752094)
971	Wartberg	S-Provence-Ring Süd	de:08128:13486:0:2	49.752117	9.506305	bus	NO_MATCH					975	Wartberg, S.-Provence-R. Mitte		POINT(9.506305 49.752117)
972	Wartberg	S. -Provence-R. Mitte	de:08128:13487:0:1	49.756673	9.503718	bus	NO_MATCH					975	Wartberg, S-Provence-Ring Nord		POINT(9.503718 49.756673)
973	Wartberg	S. -Provence-R. Mitte	de:08128:13487:0:2	49.756626	9.503673	bus	NO_MATCH					975	Wartberg, S-Provence-Ring Süd		POINT(9.503673 49.756626)
974	Weidenhof	Ort	de:08128:12355:0:RiN	49.507644	10.104861		NO_MATCH_AND_SEEMS_UNSERVED								POINT(10.104861 49.507644)
975	Weidenhof	Ort	de:08128:12355:0:RiS	49.507603	10.104888	bus	MATCHED	n5328153739	57.8	0.15	Weidenhof	967,9867	Frauental, Seewiesenhof / Lohrhof, Ort		LINESTRING(10.104888 49.507603,10.1047806 49.508118100000004)
976	Weikersheim	Bahnhof	de:08128:13209:1:1	49.478399	9.906208	train	MATCHED	n291424290	13.8	0.32	Weikersheim	RB85,RB88,RE87	Laudenbach (Württ) / Bad Mergentheim, Bahnhof / Elpersheim, Bahnhof / Bad Mergentheim, Bahnhof	Elpersheim / Laudenbach (Württ)	LINESTRING(9.906208 49.478399,9.906017700000001 49.4784018)
977	Weikersheim	Bahnhof	de:08128:13209:3:2	49.478346	9.906199	train	MATCHED	n5633687214	15.5	0.3	Weikersheim	RB88,RE87	Bad Mergentheim, Bahnhof / Bad Mergentheim, Bahnhof / Laudenbach (Württ) / Elpersheim, Bahnhof		LINESTRING(9.906199 49.478346,9.906006900000001 49.4782851)
978	Weikersheim	Bahnhofstraße	de:08128:13201:0:RiO	49.479619	9.900414	bus	MATCHED	n318633842	7.3	0.74	Weikersheim Bahnhofstraße	88b,959,961,962,963,965,980,9852,9863	Weikersheim, ZOB / Weikersheim, Mühlrad / Weikersheim, ZOB / Weikersheim, ZOB / Weikersheim, ZOB / Weikersheim, ZOB / Weikersheim, ZOB		LINESTRING(9.900414 49.479619,9.900503800000001 49.4795886)
979	Weikersheim	Bahnhofstraße	de:08128:13201:0:RiW	49.479718	9.900432	bus	MATCHED	n318633594	3.0	0.85	Weikersheim Bahnhofstraße	959,961,962,963,965,980,9861,9863	Weikersheim, Kraft-zu-Hoh.-Sch / Elpersheim, Bahnhof / Laudenbach, Ghäuberg / Weikersheim, Tauberhöhe / Elpersheim, Schule / Weikersheim, Bismarckstraße / Weikersheim, Mühlrad / Schäftersheim, Schule / Elpersheim, Ort / Laudenbach, Ort / Bronn, Ort / Queckbronn, Ort / Weikersheim, ZOB / Schäftersheim, Würzburger Str. / Rüsselhausen, Ort	Bronn / Elpersheim Bahnhof / Schäftersheim Würzburger Straße	LINESTRING(9.900432 49.479718,9.9003998 49.479700900000005)
980	Weikersheim	Bismarckstraße	de:08128:13202:0:RiO	49.482601	9.904483	bus	MATCHED	n321780472	16.5	0.44	Bismarckstraße	959,963,9852,9861,9863	Weikersheim, Im Molach/Industriestr.		LINESTRING(9.904483 49.482601,9.904709700000002 49.482582900000004)
981	Weikersheim	Bismarckstraße	de:08128:13202:0:RiW	49.482735	9.904582	bus	NO_MATCH_BUT_OTHER_PLATFORM_MATCHED					959,963,9863	Weikersheim, Bahnhofstraße / Weikersheim, Mühlrad		POINT(9.904582 49.482735)
982	Weikersheim	Im Molach/Industriestr. 	de:08128:13204:0:RiO	49.479455	9.911849	bus	NO_MATCH_BUT_OTHER_PLATFORM_MATCHED					959,963,9852,9861,9863	Laudenbach, Ghäuberg / Weikersheim, Tauberhöhe / Queckbronn, Ort / Weikersheim, Mühlrad / Schäftersheim, Würzburger Str.		POINT(9.911849 49.479455)
983	Weikersheim	Im Molach/Industriestr. 	de:08128:13204:0:RiW	49.479555	9.912002	bus	MATCHED	n301171952	2.4	0.72	Im Mohlach / Industriestraße	959,963,9863	Weikersheim, Bismarckstraße		LINESTRING(9.912002 49.479555,9.912024500000001 49.4795396)
984	Weikersheim	Kraft-zu-Hoh. -Sch	de:08128:13206:0:RiN	49.477208	9.897278	bus	NO_MATCH_BUT_OTHER_PLATFORM_MATCHED					961,962,963	Elpersheim, Schule / Weikersheim, Bahnhofstraße / Laudenbach, Ort		POINT(9.897278 49.477208)
985	Weikersheim	Kraft-zu-Hoh. -Sch	de:08128:13206:0:RiS	49.477261	9.897081		MATCHED_THOUGH_NAMES_DIFFER	n297203933	3.9	0.24	Sonderschule				LINESTRING(9.897081 49.477261,9.8971105 49.477290800000006)
986	Weikersheim	Laudenbach (Württ)	de:08128:13250:1:1	49.455169	9.923168	train	MATCHED	n359973802	8.5	1.0	Laudenbach (Württ)	RB88,RE87	Niederstetten, Bahnhof / Weikersheim, Bahnhof / Weikersheim, Bahnhof	Weikersheim / Niederstetten	LINESTRING(9.923168 49.455169,9.9231827 49.455093500000004)
987	Weikersheim	Laudenbach (Württ)	de:08128:13250:30:Bus	49.454953	9.923545		NO_MATCH_AND_SEEMS_UNSERVED								POINT(9.923545 49.454953)
988	Weikersheim	Marktplatz	de:08128:13205:0:RiN	49.480687	9.898042		NO_MATCH_AND_SEEMS_UNSERVED								POINT(9.898042 49.480687)
989	Weikersheim	Marktplatz	de:08128:13205:0:RiS	49.480652	9.897916		MATCHED	n297203936	2.5	0.77	Marktplatz			Weikersheim Bahnhofstraße	LINESTRING(9.897916 49.480652,9.8978836 49.4806449)
990	Weikersheim	Mühlrad	de:08128:13816:0:RiN	49.481796	9.900459	bus	MATCHED	n11805139775	19.4	0.41	Mühlrad	962,9852,9861,9863	Schäftersheim, Würzburger Str. / Weikersheim, Bismarckstraße		LINESTRING(9.900459 49.481796,9.9006325 49.481663600000005)
991	Weikersheim	Mühlrad	de:08128:13816:0:RiS	49.481691	9.900369	bus	MATCHED	n10740766588	8.8	0.58	Mühlrad	9852,9863	Weikersheim, Bahnhofstraße		LINESTRING(9.900369 49.481691,9.900340700000001 49.4817684)
992	Weikersheim	Tauberhöhe	de:08128:13207:0:RiO	49.458358	9.889912	bus	NO_MATCH_BUT_OTHER_PLATFORM_MATCHED					961,965,9861	Weikersheim, Bahnhofstraße / Honsbronn, Ort / Weikersheim, Bahnhofstraße		POINT(9.889912 49.458358)
993	Weikersheim	Tauberhöhe	de:08128:13207:0:RiW	49.458369	9.889751	bus	MATCHED_THOUGH_REVERSED_DIR	n304007359	2.9	0.72	Tauberhöhe	961,965,9861	Elpersheim, Bahnhof / Elpersheim, Schule / Bronn, Ort	Weikersheim Bahnhofstraße	LINESTRING(9.889751 49.458369,9.88973 49.4583907)
994	Weikersheim	ZOB	de:08128:13210:0:1	49.47865	9.904851	bus	MATCHED_THOUGH_OSM_NO_NAME	n13015884836	6.3	0.25		959,9852	Weikersheim, Bahnhofstraße / Weikersheim, Bahnhofstraße / Weikersheim, Bismarckstraße		LINESTRING(9.904851 49.47865,9.9049355 49.478637000000006)
995	Weikersheim	ZOB	de:08128:13210:0:2	49.47865	9.904717	bus	MATCHED	n2453914327	12.9	0.49	Weikersheim ZOB	88b,959,961	Weikersheim, Bahnhofstraße / Elpersheim, Bahnhof	Weikersheim ZOB	LINESTRING(9.904717 49.47865,9.9047119 49.478533600000006)
996	Weikersheim	ZOB	de:08128:13210:0:3	49.478644	9.904573	bus	MATCHED_THOUGH_OSM_NO_NAME	w30442970	2.2	0.31		963	Weikersheim, Bahnhofstraße	Weikersheim Bahnhofstraße	LINESTRING(9.904573 49.478644,9.904552332126752 49.478629969559826)
997	Weikersheim	ZOB	de:08128:13210:0:4	49.478632	9.904474	bus	MATCHED_THOUGH_OSM_NO_NAME	n13015884837	25.9	0.13		961,962,9863	Weikersheim, Bahnhofstraße / Weikersheim, Kraft-zu-Hoh.-Sch		LINESTRING(9.904474 49.478632,9.9048222 49.478580400000006)
998	Weikersheim	ZOB	de:08128:13210:0:5	49.478627	9.90433	bus	NO_MATCH_BUT_OTHER_PLATFORM_MATCHED					88b,965	Weikersheim, Bahnhofstraße / Laudenbach, Ort		POINT(9.90433 49.478627)
999	Weikersheim	ZOB	de:08128:13210:0:6	49.478597	9.904204	bus	NO_MATCH_BUT_OTHER_PLATFORM_MATCHED					961,980,9861	Weikersheim, Bahnhofstraße / Weikersheim, Mühlrad		POINT(9.904204 49.478597)
1000	Weikersheim	ZOB	de:08128:13210:0:7	49.478831	9.90389		NO_MATCH_AND_SEEMS_UNSERVED								POINT(9.90389 49.478831)
1001	Weikerstetten	Ort	de:08128:12742:0:RiO	49.612063	9.5529	bus	MATCHED	n7040628282	14.6	0.47	Weikerstetten, Ort	850,9850,999	Pülfringen, Kirche / Gissigheim, Bergstraße / Königheim, Siedlung / Pülfringen, Mühlstraße	Königheim, Siedlung	LINESTRING(9.5529 49.612063,9.553070400000001 49.611993000000005)
1002	Weikerstetten	Ort	de:08128:12742:0:RiW	49.612132	9.552999	bus	MATCHED	n7014946812	4.9	0.7	Weikerstetten, Ort	850,9850,999	Schweinberg, Ost / Königheim, Siedlung / Pülfringen, Kirche	Schweinberg, Ost	LINESTRING(9.552999 49.612132,9.552961100000001 49.612168800000006)
1003	Weiler	Ort	de:08128:12395:0:RiN	49.408075	10.120061	bus	MATCHED	n5328153726	75.5	0.17	Weiler Ort	970,9870	Burgstall, Ort / Wolfsbuch, Ort		LINESTRING(10.120061 49.408075,10.119123 49.407781500000006)
1004	Weiler	Ort	de:08128:12395:0:RiW	49.408151	10.119926	bus	MATCHED	n5328153727	22.2	0.38	Weiler Ort	970,9870	Reutsachsen, Ort / Seldeneck, Ort / Blumweiler, Ort		LINESTRING(10.119926 49.408151,10.119765600000001 49.4079807)
1005	Wenkheim	Dorfbrunnen	de:08128:13339	49.700027	9.70344		NO_MATCH_AND_SEEMS_UNSERVED								POINT(9.70344 49.700027)
1006	Wenkheim	Emmentaler Mühle	de:08128:13335:0:1	49.687946	9.685231	bus	NO_MATCH					941,9876	Brunntal, Ort / Werbachhausen, Ort / Werbachhausen, Ort / Wenkheim, Zellenrain / Hochhausen (Tauber), Ort		POINT(9.685231 49.687946)
1007	Wenkheim	Ortsmitte	de:08128:13336:0:RiN	49.699632	9.70309	bus	MATCHED	n653296713	3.9	0.74	Wenkheim Ortsmitte	492,941,9876	Niklashausen, Ort / Steinbach Ortsmitte / Wenkheim, Zellenrain / Wenkheim, Sportplatz / Bronnbach, Eulschirbenmühle	Wenkheim Zellenrain	LINESTRING(9.70309 49.699632,9.7030394 49.699645600000004)
1008	Wenkheim	Ortsmitte	de:08128:13336:0:RiS	49.699679	9.702919	bus	NO_MATCH_BUT_OTHER_PLATFORM_MATCHED					492,941	Wenkheim, Zellenrain / Steinbach Ortsmitte		POINT(9.702919 49.699679)
1009	Wenkheim	Sportplatz	de:08128:13337:0:RiS	49.698551	9.698032	bus	MATCHED_THOUGH_NAMES_DIFFER	n653296711	28.8	0.1	Schule	941,9876	Wenkheim, Ortsmitte / Wenkheim, Zellenrain / Niklashausen, Ort		LINESTRING(9.698032 49.698551,9.6983853 49.6984295)
1010	Wenkheim	Zellenrain	de:08128:13338:0:RiN	49.696163	9.695373	bus	MATCHED	n2452480151	15.0	0.46	Wenkheim Zellenrain	492,941,9876	Wenkheim, Ortsmitte / Wenkheim, Ortsmitte / Wenkheim, Sportplatz / Wenkheim, Emmentaler Mühle		LINESTRING(9.695373 49.696163,9.695254100000001 49.6960521)
1011	Wenkheim	Zellenrain	de:08128:13338:0:RiS	49.696239	9.695211	bus	MATCHED	n653296730	14.9	0.46	Wenkheim Zellenrain	492,941	Wenkheim, Emmentaler Mühle / Wenkheim, Ortsmitte		LINESTRING(9.695211 49.696239,9.695115000000001 49.696120500000006)
1012	Werbach	Brücke	de:08128:13315:0:1	49.666694	9.640172	bus	MATCHED	n1490788405	9.6	0.55	Brücke	941	Hochhausen (Tauber), Ort		LINESTRING(9.640172 49.666694,9.6400579 49.6666499)
1013	Werbach	Friedhof	de:08128:13316:0:RiO	49.671235	9.640845	bus	NO_MATCH					941,9876	Werbach, Schule / Werbach, Schule		POINT(9.640845 49.671235)
1014	Werbach	Friedhof	de:08128:13316:0:RiW	49.671357	9.641295	bus	NO_MATCH					941,9876	Werbach, Kirche / Niklashausen, Ort		POINT(9.641295 49.671357)
1015	Werbach	Kirche	de:08128:13317:0:RiN	49.670066	9.63886	bus	MATCHED	n1490787857	12.6	0.5	Kirche	941,9876	Böttigheim Ort / Niklashausen, Ort / Werbach, Friedhof		LINESTRING(9.63886 49.670066,9.6388428 49.6701792)
1016	Werbach	Kirche	de:08128:13317:0:RiS	49.670148	9.638725	bus	MATCHED	n1490788893	2.1	0.82	Kirche	941,9876	Werbach, Marktplatz		LINESTRING(9.638725 49.670148,9.638711800000001 49.6701653)
1017	Werbach	Marktplatz	de:08128:13318:0:1	49.667281	9.640082	bus	MATCHED	n660145955	15.0	0.45	Marktplatz	88a,941,9876	Werbach, Welzmühle / Niklashausen, Ort / Niklashausen, Ort / Impfingen, Ort / Hochhausen (Tauber), Ort / Impfingen, Ort / Werbach, Kirche		LINESTRING(9.640082 49.667281,9.6398743 49.6672777)
1018	Werbach	Schule	de:08128:13319:0:RiO	49.671927	9.643756	bus	MATCHED	n1650476707	8.6	0.58	Schule	941,9876	Werbach, Friedhof / Werbach, Marktplatz / Werbach, Welzmühle		LINESTRING(9.643756 49.671927,9.6438748 49.671925800000004)
1019	Werbach	Schule	de:08128:13319:0:RiW	49.672008	9.643963	bus	NO_MATCH_BUT_OTHER_PLATFORM_MATCHED					941,9876	Werbach, Marktplatz / Werbach, Friedhof / Werbach, Brücke / Werbach, Welzmühle		POINT(9.643963 49.672008)
1020	Werbach	Welzmühle	de:08128:13320:0:RiO	49.671316	9.656521	bus	NO_MATCH					941,9876	Werbachhausen, Ort / Brunntal, Ort		POINT(9.656521 49.671316)
1021	Werbach	Welzmühle	de:08128:13320:0:RiW	49.671177	9.655003	bus	NO_MATCH					941,9876	Werbach, Schule / Werbach, Schule / Impfingen, Ort / Werbach, Marktplatz / Hochhausen (Tauber), Ort / Wenkheim, Sportplatz		POINT(9.655003 49.671177)
1022	Werbachhausen	Ort	de:08128:13342:0:RiN	49.680239	9.679644	bus	NO_MATCH_BUT_OTHER_PLATFORM_MATCHED					941,9876	Wenkheim, Emmentaler Mühle / Werbach, Welzmühle / Brunntal, Ort		POINT(9.679644 49.680239)
1023	Werbachhausen	Ort	de:08128:13342:0:RiS	49.680309	9.679536	bus	MATCHED	n660145954	15.6	0.37	Werbachhausen	941,9876	Werbach, Welzmühle		LINESTRING(9.679536 49.680309,9.679476300000001 49.680443600000004)
1024	Wermutshausen	Ort	de:08128:12973:0:RiN	49.417602	9.949093	bus	NO_MATCH_BUT_OTHER_PLATFORM_MATCHED					966,9869	Wildentierbach, Ort / Ebertsbronn, Ort		POINT(9.949093 49.417602)
1025	Wermutshausen	Ort	de:08128:12973:0:RiS	49.41766	9.949048	bus	MATCHED	n315616868	8.7	0.5	Wermutshausen	966,9869	Niederstetten, Flugplatz / Niederstetten, Rehhof / Dunzendorf, Ort / Rinderfeld, Ortsmitte		LINESTRING(9.949048 49.41766,9.9490502 49.4177382)
1026	Wertheim	Almosenberg	de:08128:13417:0:1	49.771562	9.584108	bus	MATCHED	n9318463374	4.4	0.81	Almosenberg	973,976,977,9873	Wertheim, Kreisverkehr/Almosenberg / Wertheim, Village	Kreisverkehr / Almosenberg	LINESTRING(9.584108 49.771562,9.5841363 49.7715972)
1027	Wertheim	Almosenberg	de:08128:13417:0:2	49.771527	9.584422	bus	MATCHED	n9318463373	21.6	0.55	Almosenberg	973,977	Dertingen, Post / Dertingen, Metzgerei Strauß / Würzburg, Hauptbahnhof ZOB / Würzburg Oberer Burgweg / Dertingen, Schule	Dertingen Post / Hauptbahnhof ZOB - Bussteig 12	LINESTRING(9.584422 49.771527,9.5841283 49.7714864)
1028	Wertheim	Altstadt	de:08128:13402:0:RiO	49.761106	9.51686	bus	MATCHED	n271924539	14.3	0.47	Wertheim Altstadt	632,662,663,973,976,977,986 / 632,9873	Hofgarten, Am Bildacker / Wertheim, Schlösschen im Hofgarten / Bestenheid, Bildungszentrum / Kreuzwertheim Brückenstraße / Wertheim, Waldhaus / Wertheim, Burg	Wertheim Schlösschen im Hofgarten	LINESTRING(9.51686 49.761106,9.517022500000001 49.7610327)
1029	Wertheim	Altstadt	de:08128:13402:0:RiW	49.761222	9.516923	bus	MATCHED	n263796594	9.0	0.58	Wertheim Altstadt	632,662,663,973,976,977,986 / 632,9871,9872,9873	Wertheim, Schlösschen im Hofgarten / Wertheim, ZOB / Wertheim, ZOB / Wertheim, ZOB / Bestenheid, Bildungszentrum / Wertheim, ZOB / Wertheim, Waldhaus / Wertheim, ZOB / Kreuzwertheim Brückenstraße / Wertheim, Burg / Wertheim, Glasmuseum / Kreuzwertheim Rathaus / Wertheim, ZOB / Bestenheid, Bildungszentrum	Waldhaus	LINESTRING(9.516923 49.761222,9.5170385 49.761251900000005)
1030	Wertheim	Bahnhof	de:08128:13412:1:1	49.761756	9.513132	train	MATCHED	n5636324811	5.1	0.44	Wertheim	RB88	Reicholzheim, Bahnhof	Reicholzheim	LINESTRING(9.513132 49.761756,9.513110000000001 49.7617126)
1031	Wertheim	Bahnhof	de:08128:13412:2:Bus	49.761977	9.512485	bus	MATCHED	n567909747	44.0	0.17	Wertheim ZOB	972	Wertheim, Gymnasium / Wertheim, Waldhaus		LINESTRING(9.512485 49.761977,9.5118839 49.761908700000006)
1032	Wertheim	Bahnhof	de:08128:13412:3:2	49.761779	9.513051	train	MATCHED	n5636324812	9.2	0.36	Wertheim	RB88,RE87	Bestenheid, Bahnhof Glashütte / Reicholzheim, Bahnhof		LINESTRING(9.513051 49.761779,9.513088600000001 49.7618583)
1033	Wertheim	Bahnhof	de:08128:13412:3:3	49.76175	9.513285	train	MATCHED	n2438144945	14.1	0.3	Wertheim	RB88,RE87	Reicholzheim, Bahnhof / Bestenheid, Bahnhof Glashütte	Wertheim-Bestenheid / Reicholzheim	LINESTRING(9.513285 49.76175,9.513208200000001 49.7618662)
1034	Wertheim	Burg	de:08128:13415:0:1	49.759261	9.5203	bus	MATCHED	n1764590467	1.5	0.84	Burg	9871,9872,9873	Wertheim, Altstadt / Reicholzheim, Siedlung / Wertheim, Glasmuseum / Wertheim, Waldhaus / Wertheim, ZOB		LINESTRING(9.5203 49.759261,9.520280600000001 49.7592652)
1035	Wertheim	Burgblick	de:08128:13403:0:RiN	49.753742	9.508353	bus	NO_MATCH_BUT_OTHER_PLATFORM_MATCHED					971,975,9871	Wertheim, Uihleinstraße / Wertheim, Altstadt		POINT(9.508353 49.753742)
1036	Wertheim	Burgblick	de:08128:13403:0:RiS	49.753446	9.508317	bus	MATCHED	n9675346108	10.5	0.54	Wertheim, Burgblick	971,975,9871	Wartberg, S-Provence-Ring Süd / Vockenrot, Nassiger Straße / Wartberg, Berliner Ring / Reinhardshof, Süd / Wartberg, Frankenplatz		LINESTRING(9.508317 49.753446,9.5082479 49.753528800000005)
1037	Wertheim	Gemeinschaftsschule	de:08128:13405:0:RiW	49.75745	9.510266	bus	NO_MATCH					972	Wertheim, ZOB / Wertheim, Bahnhof / Wertheim, ZOB		POINT(9.510266 49.75745)
1038	Wertheim	Gemeinschaftsschule	de:08128:13405:1:RiO	49.757381	9.510302		NO_MATCH_AND_SEEMS_UNSERVED								POINT(9.510302 49.757381)
1039	Wertheim	Glasmuseum	de:08128:13409:0:1	49.758982	9.51598	bus	MATCHED	n6827131733	151.8	0.09	Glasmuseum	941,9871,9872,9873	Waldenhausen, Ort / Reinhardshof, Nord/Krankenhaus / Wertheim, Waldhaus / Wertheim, Altstadt / Waldenhausen, Abzw.		LINESTRING(9.51598 49.758982,9.517757000000001 49.758248300000005)
1040	Wertheim	Gymnasium	de:08128:13404:0:RiO	49.75633	9.513069		NO_MATCH_AND_SEEMS_UNSERVED								POINT(9.513069 49.75633)
1041	Wertheim	Gymnasium	de:08128:13404:0:RiW	49.75633	9.513069	bus	NO_MATCH					972	Bestenheid, Bildungszentrum / Wertheim, Gemeinschaftsschule		POINT(9.513069 49.75633)
1042	Wertheim	Höhenweg	de:08128:13406:0:RiN	49.775872	9.508919	bus	MATCHED_THOUGH_OSM_NO_NAME	n271921347	7.1	0.24		974	Bestenheid, Breslauer Straße / Bestenheid, Bildungszentrum		LINESTRING(9.508919 49.775872,9.5089663 49.7758157)
1043	Wertheim	Höhenweg	de:08128:13406:0:RiS	49.775803	9.508793	bus	MATCHED_THOUGH_OSM_NO_NAME	n605012821	0.8	0.34		974	Wertheim, Waldhaus		LINESTRING(9.508793 49.775803,9.508802900000001 49.7758071)
1044	Wertheim	Kreisverkehr/Almosenberg	de:08128:13416:0:1	49.77321	9.577802	bus	MATCHED	n9318463376	11.2	0.65	Kreisverkehr / Almosenberg	973,977	Wertheim, Almosenberg	Almosenberg	LINESTRING(9.577802 49.77321,9.5779484 49.7731762)
1045	Wertheim	Kreisverkehr/Almosenberg	de:08128:13416:0:2	49.773297	9.577451	bus	MATCHED	n9318463375	9.7	0.67	Kreisverkehr / Almosenberg	973,976,977,9873	Bettingen, Dertinger Straße / Bettingen, Kirche	Bettingen Dertinger Straße	LINESTRING(9.577451 49.773297,9.577316600000001 49.773295600000004)
1046	Wertheim	Neuhof	de:08128:13411:0:RiS	49.747154	9.481089	bus	NO_MATCH					971,975,9871	Vockenrot, Reinhardswiesen / Vockenrot, Nassiger Straße / Sachsenhausen, Am Kirchweg		POINT(9.481089 49.747154)
1047	Wertheim	Schlösschen im Hofgarten	de:08128:13414:0:RiO	49.763085	9.532661	bus	MATCHED	n271925699	108.9	0.28	Wertheim Schlösschen im Hofgarten	973,976,977,986 / 632	Eichel, Würzburger Straße / Eichel, Würzburger Straße	Eichel Würzburger Straße	LINESTRING(9.532661 49.763085,9.5337568 49.7637604)
1048	Wertheim	Schlösschen im Hofgarten	de:08128:13414:0:RiW	49.763184	9.532536	bus	MATCHED	n552415782	28.8	0.32	Wertheim Schlösschen im Hofgarten	973,976,977,986 / 632	Wertheim, Altstadt / Wertheim, Altstadt		LINESTRING(9.532536 49.763184,9.532823500000001 49.763364100000004)
1049	Wertheim	Stiftskirche	de:08128:13408:0:1	49.758472	9.51765	bus	MATCHED	n6827131732	7.6	0.58	Stiftskirche	941,9871,9872	Wertheim, ZOB / Wertheim, Burgblick / Reinhardshof, Süd		LINESTRING(9.51765 49.758472,9.517749 49.7584493)
1050	Wertheim	Uihleinstraße	de:08128:13407:0:1	49.759696	9.510087	bus	NO_MATCH					971,975	Wertheim, ZOB / Wertheim, ZOB / Wertheim, ZOB / Wertheim, ZOB		POINT(9.510087 49.759696)
1051	Wertheim	Village	de:08128:13413:0:RiS	49.775838	9.577101	bus	NO_MATCH					976	Wertheim, Kreisverkehr/Almosenberg		POINT(9.577101 49.775838)
1052	Wertheim	Village	de:08128:13413:0:RiW	49.775907	9.577254		NO_MATCH_AND_SEEMS_UNSERVED								POINT(9.577254 49.775907)
1053	Wertheim	Waldhaus	de:08128:13410:0:RiN	49.766955	9.508829	bus	MATCHED	n9315683260	6.0	0.66	Waldhaus	972	Bestenheid, Bildungszentrum / Bestenheid, Bildungszentrum / Wertheim, Altstadt / Wertheim, Altstadt / Wertheim, Glasmuseum / Bestenheid, Bildungszentrum / Bestenheid, Breslauer Straße / Wertheim, Höhenweg / Wertheim, ZOB / Bestenheid, Bildungszentrum / Bestenheid, Bildungszentrum / Wertheim, Bahnhof	Breslauer Straße / Wertheim Altstadt	LINESTRING(9.508829 49.766955,9.5088655 49.766906000000006)
1054	Wertheim	Waldhaus	de:08128:13410:0:RiS	49.767182	9.508524	bus	MATCHED	n4005938235	67.1	0.19	Waldhaus	972	Wertheim, Stiftskirche / Wertheim, ZOB / Wertheim, Altstadt / Wertheim, Glasmuseum / Wertheim, ZOB / Wertheim, ZOB / Bestenheid, Bildungszentrum / Wertheim, ZOB / Bestenheid, Breslauer Straße / Wertheim, ZOB / Wertheim, ZOB / Wertheim, ZOB	Haltepunkt 3, Wertheim ZOB	LINESTRING(9.508524 49.767182,9.5084055 49.767780900000005)
1055	Wertheim	ZOB	de:08128:13401:0:1	49.762847	9.512108	bus	MATCHED	n552415771	2.3	1.0	Haltepunkt 1, Wertheim ZOB	972,977,982 / 85,986 / 632	Wertheim, Waldhaus / Wertheim, Gymnasium		LINESTRING(9.512108 49.762847,9.512136100000001 49.762837600000005)
1056	Wertheim	ZOB	de:08128:13401:0:10	49.762418	9.512126	bus	MATCHED	n567909764	3.6	1.0	Haltepunkt 10, Wertheim ZOB	972,973,974,975,976	Wertheim, Burgblick / Bestenheid, Bildungszentrum / Wertheim, Gymnasium		LINESTRING(9.512126 49.762418,9.512155100000001 49.7623912)
1057	Wertheim	ZOB	de:08128:13401:0:11	49.762215	9.51227		MATCHED	n11945183027	33.8	1.0	Haltepunkt 11, Wertheim ZOB				LINESTRING(9.51227 49.762215,9.512406 49.761924400000005)
1058	Wertheim	ZOB	de:08128:13401:0:12	49.761936	9.511892	bus	MATCHED	n567909753	11.9	1.0	Haltepunkt 12, Wertheim ZOB	971,973	Wertheim, Burgblick		LINESTRING(9.511892 49.761936,9.5120538 49.761957)
1059	Wertheim	ZOB	de:08128:13401:0:2	49.76276	9.512153	bus	MATCHED	n11945183048	1.3	0.56	Haltepunkt 2, Wertheim ZOB	83,85,977,982 / 85	Wertheim, Waldhaus / Hasloch (M.) Friedhof / Wertheim, Gymnasium / Hasloch (M.) Friedhof		LINESTRING(9.512153 49.76276,9.5121391 49.7627681)
1060	Wertheim	ZOB	de:08128:13401:0:3	49.762685	9.512198	bus	MATCHED	n11945183046	0.5	0.6	Haltepunkt 3, Wertheim ZOB	632,663,88a,941,971,973,9873	Wertheim, Waldhaus / Wertheim, Gymnasium / Reicholzheim, Siedlung / Waldenhausen, Abzw. / Wertheim, Glasmuseum / Wertheim, Burg	Friedhof / Waldhaus	LINESTRING(9.512198 49.762685,9.5121911 49.7626858)
1061	Wertheim	ZOB	de:08128:13401:0:4	49.762603	9.512234	bus	MATCHED	n11945183043	0.6	0.59	Haltepunkt 4, Wertheim ZOB	971,973	Wertheim, Altstadt		LINESTRING(9.512234 49.762603,9.512242 49.7626014)
1062	Wertheim	ZOB	de:08128:13401:0:5	49.762522	9.51227	bus	MATCHED	n11945183041	1.4	0.56	Haltepunkt 5, Wertheim ZOB	971,973,974,976	Bestenheid, Bildungszentrum / Bestenheid, Bildungszentrum / Wertheim, Waldhaus		LINESTRING(9.51227 49.762522,9.512289 49.762521500000005)
1063	Wertheim	ZOB	de:08128:13401:0:6	49.762453	9.512305	bus	MATCHED	n11945183035	3.5	0.49	Haltepunkt 6, Wertheim ZOB	974,976	Wertheim, Waldhaus		LINESTRING(9.512305 49.762453,9.512347 49.762436400000006)
1064	Wertheim	ZOB	de:08128:13401:0:7	49.762319	9.512377		MATCHED	n567119939	3.4	1.0	Haltepunkt 7, Wertheim ZOB				LINESTRING(9.512377 49.762319,9.5124217 49.762308100000006)
1065	Wertheim	ZOB	de:08128:13401:0:8	49.762162	9.512494	bus	NO_MATCH_BUT_OTHER_PLATFORM_MATCHED					9871,9872,9873	Wertheim, Burg / Wertheim, Altstadt / Wertheim, Altstadt		POINT(9.512494 49.762162)
1066	Wertheim	ZOB	de:08128:13401:0:9	49.762574	9.512018		MATCHED	n567909767	6.6	1.0	Haltepunkt 9, Wertheim ZOB				LINESTRING(9.512018 49.762574,9.5120742 49.7625268)
1067	Wessental	Ort	de:08128:12420:0:RiN	49.730364	9.412044	bus	MATCHED	n5184619078	12.1	0.51	Wessental Ort	972	Wessental, Ort / Boxtal, Antoniusmühle / Wertheim, ZOB / Sonderriet, Gehöft / Nassig, Schule		LINESTRING(9.412044 49.730364,9.4118756 49.7303664)
1068	Wessental	Ort	de:08128:12420:0:RiS	49.730248	9.412323	bus	MATCHED	n5184619077	2.3	0.81	Wessental Ort	972	Ebenheid, Ort / Boxtal, Antoniusmühle / Nassig, Steingasse Im Tal / Rauenberg, Schule / Ebenheid, Ort / Rauenberg, Brandweiher / Wertheim, Bahnhof	Boxtal Sägemühlen	LINESTRING(9.412323 49.730248,9.4123126 49.7302679)
1069	Wildentierbach	Ort	de:08128:12976:0:RiO	49.395308	9.983777	bus	MATCHED	n325722723	11.4	0.46	Wildentierbach	966,9869	Heimberg, Landturm / Rinderfeld, Kindergarten / Heimberg, Nord		LINESTRING(9.983777 49.395308,9.9836664 49.3952357)
1070	Wildentierbach	Ort	de:08128:12976:0:RiW	49.395226	9.983499	bus	MATCHED	n325722776	1.1	0.78	Wildentierbach	966,9869	Rinderfeld, Kindergarten / Dunzendorf, Ort / Niederstetten, Flugplatz		LINESTRING(9.983499 49.395226,9.983483900000001 49.3952237)
1071	Windischbuch	Ort	de:08128:12287:0:Bus1	49.436462	9.621334	bus	MATCHED_THOUGH_OSM_NO_NAME	n2057529045	11.8	0.2		934,9833,9839	Schwabhausen, Ort / Schillingstadt, Ort / Assamstadt, Neunstettener Str. / Schollhof, Ort		LINESTRING(9.621334 49.436462,9.6214714 49.436405300000004)
1072	Windischbuch	Ort	de:08128:12287:0:Bus2	49.436316	9.62163	bus	NO_MATCH_BUT_OTHER_PLATFORM_MATCHED					930,934,9833,9839	Assamstadt, Neunstettener Str. / Seehof, LSZ / Schillingstadt, Ort / Seehof, Seehöfer Str Systemair / Schwabhausen, Ort		POINT(9.62163 49.436316)
1073	Wittighausen	Abzw. Hof Lilach	de:08128:13711:0:1	49.650162	9.811247	bus	NO_MATCH					940,9840	Poppenhausen, Ort		POINT(9.811247 49.650162)
1074	Wittighausen	Abzw. Hof Lilach	de:08128:13711:0:2	49.650173	9.811067	bus	NO_MATCH					940,9840	Krensheim, Ort		POINT(9.811067 49.650173)
1075	Wittighausen	Bahnhof	de:08128:13702:1:1	49.618273	9.84603	train	MATCHED	n2856802338	11.3	0.58	Wittighausen	RB8,RB85,RE8	Grünsfeld, Bahnhof / Zimmern, Bahnhof	Zimmern (Main-Tauber)	LINESTRING(9.84603 49.618273,9.8459033 49.6182141)
1076	Wittighausen	Bahnhof	de:08128:13702:2:2	49.618412	9.846488	train	MATCHED	n2856802337	47.0	0.35	Wittighausen	RB8,RB85,RE8	Gaubüttelbrunn	Gaubüttelbrunn	LINESTRING(9.846488 49.618412,9.8459375 49.6181867)
1077	Wittighausen	Bahnhof	de:08128:13702:3:Bus1	49.618459	9.845922	bus	MATCHED_THOUGH_OSM_NO_NAME	n13063221461	7.2	0.48	Wittighausen	851,940,9840	Wittighausen, Kirche / Oberwittighausen, Ort / Oberwittighausen, Ort / Wittighausen, Schule		LINESTRING(9.845922 49.618459,9.846021200000001 49.6184652)
1078	Wittighausen	Bahnhof	de:08128:13702:3:Bus2	49.618447	9.845949		NO_MATCH_AND_SEEMS_UNSERVED								POINT(9.845949 49.618447)
1079	Wittighausen	Kirche	de:08128:13703:0:Bus1	49.612482	9.837693	bus	NO_MATCH_BUT_OTHER_PLATFORM_MATCHED					851,940,9840	Wittighausen, Bahnhof / Wittighausen, Schule		POINT(9.837693 49.612482)
1080	Wittighausen	Kirche	de:08128:13703:0:Bus2	49.61254	9.837909	bus	MATCHED	n60132781	10.6	0.54	Kirche	851,940,9840	Vilchband, Ort / Zimmern, Ort / Wittighausen, Schule		LINESTRING(9.837909 49.61254,9.838014300000001 49.6124737)
1081	Wittighausen	Schule	de:08128:13701:0:1	49.612732	9.841843	bus	MATCHED	n283041732	10.7	0.54	Schule	940,9840	Wittighausen, Bahnhof / Wittighausen, Kirche / Wittighausen, Kirche / Vilchband, Ort		LINESTRING(9.841843 49.612732,9.841959300000001 49.6126731)
1082	Wolfsbuch	Ort	de:08128:12397:0:RiN	49.414563	10.120689	bus	MATCHED	n5328153729	103.9	0.14	Wolfsbuch Ort	970,9870	Seldeneck, Ort / Schonach, Ort / Schonach, Ort		LINESTRING(10.120689 49.414563,10.1197624 49.415275400000006)
1083	Wolfsbuch	Ort	de:08128:12397:0:RiS	49.414504	10.120492	bus	MATCHED	n5328153728	6.9	0.63	Wolfsbuch Ort	970,9870	Burgstall, Ort / Weiler, Ort		LINESTRING(10.120492 49.414504,10.120567600000001 49.4144663)
1084	Wolkersfelden	Ort	de:08128:12979:0:1	49.389654	10.040686	bus	MATCHED	n4811158977	2.8	0.64	Wolkersfelden	966,9869	Niederstetten, Flugplatz / Dunzendorf, Ort / Wildentierbach, Ort / Oberrimbach, Ort / Heimberg, Landturm / Heimberg, Süd		LINESTRING(10.040686 49.389654,10.0407126 49.3896358)
1085	Wölchingen	Abzw. Bahnhof	de:08128:12289:0:1	49.485834	9.642256	bus	NO_MATCH					930	Epplingen, Ort		POINT(9.642256 49.485834)
1086	Wölchingen	Abzw. Bahnhof	de:08128:12289:0:2	49.485566	9.641977	bus	NO_MATCH					930	Boxberg (TBB), Stadtapotheke / Boxberg (TBB), Schulzentrum / Boxberg (TBB), Rathaus		POINT(9.641977 49.485566)
1087	Wölchingen	Abzw. Forellenhof	de:08128:12275:0:Bus1	49.487486	9.614677	bus	MATCHED	n11737817113	0.7	0.84	Boxberg-Wölchingen, Abzweigung Forellenhof	934,937,9839	Wölchingen, Rathaus	Boxberg-Wölchingen, Rathaus	LINESTRING(9.614677 49.487486,9.614675700000001 49.4874798)
1088	Wölchingen	Abzw. Forellenhof	de:08128:12275:0:Bus2	49.487585	9.614722	bus	MATCHED	n11737817112	21.4	0.49	Boxberg-Wölchingen, Abzweigung Forellenhof	934,937,9839	Uiffingen, Ort / Uiffingen, Ort / Angeltürn, Ort / Angeltürn, Ort	Uiffingen, Ort	LINESTRING(9.614722 49.487585,9.6149529 49.4874652)
1089	Wölchingen	Rathaus	de:08128:12277:0:Bus1	49.484819	9.631494	bus	MATCHED	n11737817111	4.7	0.55	Boxberg-Wölchingen, Rathaus	934,937,9839	Boxberg-Wölchingen, Bahnhof	Boxberg, Rathaus	LINESTRING(9.631494 49.484819,9.631431800000001 49.4848316)
1090	Wölchingen	Rathaus	de:08128:12277:0:Bus2	49.484906	9.631539	bus	MATCHED	n11737817110	5.2	0.67	Boxberg-Wölchingen, Rathaus	934,937,9839	Wölchingen, Abzw. Forellenhof	Boxberg-Wölchingen, Abzweigung Forellenhof	LINESTRING(9.631539 49.484906,9.631469800000001 49.4848931)
1091	Zimmern	Bahnhof	de:08128:12541:1:1	49.595348	9.790873	train	MATCHED	n1182898320	13.4	0.46	Zimmern (Main-Tauber)	RB8,RB85,RE8	Wittighausen, Bahnhof	Wittighausen	LINESTRING(9.790873 49.595348,9.7907097 49.595290000000006)
1092	Zimmern	Bahnhof	de:08128:12541:2:2	49.595261	9.790433	train	MATCHED	w281701584	18.0	0.42	Zimmern (Main-Tauber)	RB8,RB85	Grünsfeld, Bahnhof		LINESTRING(9.790433 49.595261,9.790645037912562 49.59534669703405)
1093	Zimmern	Kindergarten	de:08128:12540:0:1	49.598353	9.782195	bus	MATCHED	n448218598	16.4	0.43	Kindergarten	940,9840	Zimmern, Ort / Kützbrunn, Ort / Zimmern, Ort / Grünsfeld, Abzw. Kützbrunn		LINESTRING(9.782195 49.598353,9.782121700000001 49.598492900000004)
1094	Zimmern	Ort	de:08128:12539:0:Bus1	49.597415	9.786669	bus	NO_MATCH_BUT_OTHER_PLATFORM_MATCHED					851,940,9840	Zimmern, Kindergarten / Wittighausen, Kirche / Vilchband, Ort		POINT(9.786669 49.597415)
1095	Zimmern	Ort	de:08128:12539:0:Bus2	49.597468	9.786759	bus	MATCHED_THOUGH_OSM_NO_NAME	n448218681	6.9	0.24		851,940,9840	Grünsfeld, Ost / Grünsfeld, Abzw. Kützbrunn / Zimmern, Kindergarten		LINESTRING(9.786759 49.597468,9.7866953 49.597514100000005)
1096	Zimmern (b Grünsf. )	Schule	de:08128:12538	49.599744	9.785492		MATCHED_THOUGH_NAMES_DIFFER	n448218611	26.5	0.06	Höhenstraße				LINESTRING(9.785492 49.599744,9.785174300000001 49.599862400000006)
