	Ortsteil	Haltestelle	globaleID	lat	lon	mode	match_state	osm_id	distance	rating	osm_name	routes	official_direction	osm_direction	WKT
0	Rostock	Albert-Schulz-Str. 	de:13003:725:1:1	54.089849	12.188009	bus	MATCHED	w327514417	47.1	0.31	Albert-Schulz-Straße	23,F4	Rostock, Brinckmanshöhe	Brinckmannshöhe	LINESTRING(12.188009 54.089849,12.18729025 54.08982090000001)
1	Rostock	Albert-Schulz-Str. 	de:13003:725:1:2	54.089881	12.187012	bus	MATCHED	w327514418	17.7	0.47	Albert-Schulz-Straße	23,F4	Rostock, Riekdahl	Riekdahl	LINESTRING(12.187012 54.089881,12.186744674540277 54.08990689908446)
2	Rostock	Albert-Schweitzer-Str	de:13003:724:1:1	54.116648	12.15002	bus	MATCHED	w323806931	99.6	0.27	Albert-Schweitzer-Straße	19,45,49,F2	Rostock, Jawaharal-Nehru-Str.	Jawaharlal-Nehru-Straße	LINESTRING(12.15002 54.116648,12.148689032107828 54.11708229483987)
3	Rostock	Albert-Schweitzer-Str	de:13003:724:1:2	54.116764	12.150092	bus	MATCHED	w323806932	4.2	0.74	Albert-Schweitzer-Straße	19,45,49,F2	Rostock, Urho-Kekkonen-Straße	Urho-Kekkonen-Straße	LINESTRING(12.150092 54.116764,12.150148811564929 54.11674698956931)
4	Rostock	Alter Hafen Süd	de:13003:1706:1:1	54.109539	12.085997	bus	MATCHED	n4391401631	30.8	0.48	Alter Hafen Süd	34	Rostock Fischereihafen	Fischereihafen	LINESTRING(12.085997 54.109539,12.0862572 54.1093082)
5	Rostock	Alter Hafen Süd	de:13003:1706:1:2	54.10956	12.085862	bus	MATCHED	n12582863455	0.1	0.95	Alter Hafen Süd	34	Rostock S Bramow		LINESTRING(12.085862 54.10956,12.08586 54.10956)
6	Rostock	Am Bagehl	de:13003:726:1:1	54.086187	12.147936	bus	MATCHED	w327328344	6.7	0.75	Am Bagehl	113,22,23,24,F4	Rostock, Steintor / IHK / Rostock, Steintor / IHK	Steintor IHK	LINESTRING(12.147936 54.086187,12.148035427795572 54.08620289654035)
7	Rostock	Am Bagehl	de:13003:726:1:2	54.08585	12.148537	bus	MATCHED	w327328342	10.4	0.68	Am Bagehl	113,22,23,24,F4	Rostock, Flussbad	Flussbad	LINESTRING(12.148537 54.08585,12.14837825367375 54.08585912214238)
8	Rostock	Am Dorfteich	de:13003:1667:1:1	54.061288	12.103514	bus	MATCHED	w788252126	1.2	0.92	Am Dorfteich	26	Rostock Weidengrund / Rostock Neue Reihe	Neue Reihe / Weidengrund	LINESTRING(12.103514 54.061288,12.103520494161646 54.06127773180081)
9	Rostock	Am Dorfteich	de:13003:1667:1:2	54.061298	12.104547	bus	MATCHED	n3351874097	6.9	0.75	Am Dorfteich	26	Rostock, Biestow	Biestow	LINESTRING(12.104547 54.061298,12.1045843 54.061240100000006)
10	Rostock	Am Dorfteich	de:13003:1667:1:3	54.060602	12.106694		NO_MATCH_AND_SEEMS_UNSERVED								POINT(12.106694 54.060602)
11	Rostock	Am Eisenwerk	de:13003:1832:1:1	54.147039	12.130787	bus	MATCHED	w1442862259	4.3	0.79	Am Eisenwerk	19	Rostock, Kraftwerk	Kraftwerk	LINESTRING(12.130787 54.147039,12.130821897043075 54.147006142141066)
12	Rostock	Am Eisenwerk	de:13003:1832:1:2	54.147107	12.130814	bus	MATCHED	n251740054	13.2	0.49	Am Eisenwerk	19	Rostock Getreidehafen		LINESTRING(12.130814 54.147107,12.1309278 54.1470087)
13	Rostock	Am Hechtgraben	de:13003:10951:1:1	54.113552	12.110116		NO_MATCH_AND_SEEMS_UNSERVED								POINT(12.110116 54.113552)
14	Rostock	Am Kringelgraben	de:13003:727:1:1	54.065569	12.129017	bus	MATCHED	w1215599257	0.8	0.94	Am Kringelgraben	26	Rostock, Schwaaner Landstraße	Schwaaner Landstraße	LINESTRING(12.129017 54.065569,12.129012733952463 54.06557530536427)
15	Rostock	Am Kringelgraben	de:13003:727:1:2	54.065289	12.13005	bus	MATCHED	w1215599256	12.3	0.65	Am Kringelgraben	26	Rostock, Tychsenstraße	Tychsenstraße	LINESTRING(12.13005 54.065289,12.130227400549344 54.06525179981584)
16	Rostock	Am Liepengraben	de:13003:728:1:1	54.128409	12.15867	bus	MATCHED	w326835894	4.7	0.7	Am Liepengraben	16,18	Rostock, Hinrichsdorf / Rostock, Neu Hinrichsdorf	Hinrichsdorf / Neu Hinrichsdorf	LINESTRING(12.15867 54.128409,12.158604214293584 54.12839113461902)
17	Rostock	Am Petridamm	de:13003:729:1:1	54.091008	12.162461	bus	MATCHED	w329373271	11.3	0.67	Am Petridamm	F2	Rostock, Katerweg	Katerweg	LINESTRING(12.162461 54.091008,12.162376960585163 54.090919818399826)
18	Rostock	Am Petridamm	de:13003:729:1:2	54.091572	12.162982	bus	MATCHED	w329373272	7.2	0.74	Am Petridamm	F2	Rostock Stadthafen	Stadthafen	LINESTRING(12.162982 54.091572,12.162989499999998 54.09163675)
19	Rostock	Am Rosengarten	de:13003:1608:1:1	54.085249	12.135179	bus	MATCHED	n733075834	2.9	0.78	Am Rosengarten	112,113,123	Rostock, Steintor / IHK		LINESTRING(12.135179 54.085249,12.135223900000002 54.0852499)
20	Rostock	Am Rosengarten	de:13003:1608:1:2	54.085418	12.136913	bus	MATCHED	w338146797	6.7	0.64	Am Rosengarten	112,113,123,24	Rostock, Steintor / IHK / Rostock, Deutsche Med-Platz / Rostock, ZOB		LINESTRING(12.136913 54.085418,12.136987213204415 54.085460079954906)
21	Rostock	Am Rosengarten	de:13003:1608:1:3	54.085765	12.136105	bus	NO_MATCH_BUT_OTHER_PLATFORM_MATCHED					24	Rostock, Steintor / IHK		POINT(12.136105 54.085765)
22	Rostock	Am Seehafen (Bus)	de:13003:890:1:1	54.144366	12.106712	bus	MATCHED	n1774915510	9.2	0.7	Am Seehafen	19,45,49	Rostock, Heidenholzmoor / Rostock, Krummendorf Nord / Rostock, Seehafen Ost	Heidenholzmoor / Seehafen Ost	LINESTRING(12.106712 54.144366,12.1068475 54.144344000000004)
23	Rostock	Am Seehafen (Bus)	de:13003:890:1:2	54.14455	12.107754	bus	MATCHED	w1360693104	12.9	0.64	Am Seehafen	19,45,49	Rostock, Seehafen Fähre	Seehafen Fähre	LINESTRING(12.107754 54.14455,12.107559619620227 54.144530856953075)
24	Rostock	Auf dem Kalverradd	de:13003:10485:1:1	54.154004	12.050136	bus	MATCHED	w1203984898	3.7	0.83	Auf dem Kalverradd	37,F3	Rostock, Mecklenburger Allee / Rostock Güstrower Str. (Nachtbus) / Rostock, Mecklenburger Allee	Mecklenburger Allee	LINESTRING(12.050136 54.154004,12.050083631632164 54.153992300531876)
25	Rostock	Auf dem Kalverradd	de:13003:10485:1:2	54.154104	12.050037	bus	MATCHED	w1203984899	2.1	0.89	Auf dem Kalverradd	37,F3	Rostock, Streuwiesenweg / Rostock, Streuwiesenweg	Streuwiesenweg	LINESTRING(12.050037 54.154104,12.050069092830725 54.154103200060625)
26	Rostock	Bahnbetriebswerk	de:13003:730:1:1	54.132309	12.131793	bus	MATCHED	w327284855	6.7	0.75	Bahnbetriebswerk	19,49	Rostock, Hafenbahnweg	Hafenbahnweg	LINESTRING(12.131793 54.132309,12.131696280447645 54.13232845059976)
27	Rostock	Bahnbetriebswerk	de:13003:730:1:2	54.132504	12.131496	bus	MATCHED	w327284856	6.4	0.76	Bahnbetriebswerk	19,49	Rostock, Krummendorf Nord	Krummendorf Nord	LINESTRING(12.131496 54.132504,12.131592867747758 54.132494933828454)
28	Rostock	Baumschulenweg	de:13003:731:1:1	54.106321	12.136787	bus	MATCHED	w140231791	5.2	0.79	Baumschulenweg	45,F2	Rostock, Schenkendorfweg / Rostock, Hafenallee	Schenkendorfweg / Hafenallee	LINESTRING(12.136787 54.106321,12.136722888169588 54.10629362508803)
29	Rostock	Baumschulenweg	de:13003:731:1:2	54.106827	12.137605	bus	MATCHED	w140231792	5.0	0.79	Baumschulenweg	45	Rostock, Gehlsheim Klinik	Gehlsheim Klinik	LINESTRING(12.137605 54.106827,12.13768154439516 54.106822456515914)
30	Rostock	Bei der Tweel	de:13003:3057:1:1	54.080664	12.113584	bus	MATCHED	w328387313	3.7	0.83	Bei der Tweel	26	Rostock, Erich-Schlesinger-Str.	Erich-Schlesinger-Straße	LINESTRING(12.113584 54.080664,12.113543780917565 54.080686810712756)
31	Rostock	Bei der Tweel	de:13003:3057:1:2	54.080206	12.114015	bus	MATCHED	w328387312	2.6	0.87	Bei der Tweel	26	Rostock, Saarplatz	Saarplatz	LINESTRING(12.114015 54.080206,12.114055215181882 54.080206930462104)
32	Rostock	Beim Pulverturm	de:13003:1727:1:1	54.076116	12.105867	bus	MATCHED	w662947243	99.8	0.29	Beim Pulverturm	39,F1	Rostock Campus Südstadt / Rostock Campus Südstadt	Campus Südstadt	LINESTRING(12.105867 54.076116,12.10713055 54.07661755000001)
33	Rostock	Beim Pulverturm	de:13003:1727:1:2	54.075953	12.105724	bus	MATCHED	w662947245	187.2	0.22	Beim Pulverturm	39,F1	Rostock Joachim-Jungius-Str	Joachim.-Jungius-Straße	LINESTRING(12.105724 54.075953,12.10813892857608 54.07685400397563)
34	Rostock	Bertolt-Brecht-Straße	de:13003:732:1:3	54.119438	12.058616	tram	MATCHED	n1530754920	1.8	0.86	Bertolt-Brecht-Straße	1,5	Rostock, Ehm-Welk-Straße	Ehm-Welk-Straße	LINESTRING(12.058616 54.119438,12.058625500000002 54.1194232)
35	Rostock	Bertolt-Brecht-Straße	de:13003:732:2:1	54.119196	12.05885	bus	MATCHED	n3362465902	18.8	0.57	Bertolt-Brecht-Straße	F2	Rostock, Ehm-Welk-Straße	Ehm-Welk-Straße	LINESTRING(12.05885 54.119196,12.0588718 54.119364600000004)
36	Rostock	Bertolt-Brecht-Straße	de:13003:732:3:4	54.118622	12.058823	tram	MATCHED	n1530754911	20.7	0.44	Bertolt-Brecht-Straße	1,5	Rostock, Evershagen Süd	Evershagen Süd	LINESTRING(12.058823 54.118622,12.058859 54.118437300000004)
37	Rostock	Bertolt-Brecht-Straße	de:13003:732:4:2	54.119164	12.058535	bus	MATCHED	n2744657726	28.7	0.5	Bertolt-Brecht-Straße	F2	Rostock, Evershagen Süd		LINESTRING(12.058535 54.119164,12.0583656 54.1194016)
38	Rostock	Biestow	de:13003:1430:1:1	54.059595	12.101708	bus	MATCHED	w322474830	11.3	0.53	Biestow	26	Rostock Am Dorfteich	Am Dorfteich	LINESTRING(12.101708 54.059595,12.101853899999998 54.05964835)
39	Rostock	Binzer Straße	de:13003:733:1:1	54.142403	12.043857	bus	MATCHED	w328637082	13.2	0.64	Binzer Straße	31	Rostock, Saßnitzer Straße	Saßnitzer Straße	LINESTRING(12.043857 54.142403,12.043807875159237 54.142288212526545)
40	Rostock	Binzer Straße	de:13003:733:1:2	54.141735	12.043587	bus	MATCHED	w328637083	5.0	0.8	Binzer Straße	31	Rostock, Gedser Straße	Gedser Straße	LINESTRING(12.043587 54.141735,12.043548312211321 54.14177352468645)
41	Rostock	Blockmacherring	de:13003:734:1:1	54.144597	12.076295	bus	MATCHED	w328655620	10.7	0.56	Blockmacherring/IGA-Park	31,F1	Rostock, Dänenberg / Rostock, Schmarl Zentrum	Schmarl Zentrum	LINESTRING(12.076295 54.144597,12.07645305 54.144623)
42	Rostock	Blockmacherring	de:13003:734:1:2	54.144534	12.078154	bus	MATCHED	w328655619	2.7	0.72	Blockmacherring/IGA-Park	31,F1	Rostock, Gerüstbauerring	Gerüstbauerring	LINESTRING(12.078154 54.144534,12.078115650000003 54.144542099999995)
43	Rostock	Blücherstraße	de:13003:735:1:1	54.081176	12.142815	bus	MATCHED	n3170903165	3.3	0.85	Blücherstraße	22,23	Rostock, Puschkinplatz	Puschkinplatz Handwerkerbildungszentrum	LINESTRING(12.142815 54.081176,12.142822500000001 54.0811471)
44	Rostock	Blücherstraße	de:13003:735:1:2	54.081402	12.142797	bus	MATCHED	w327328346	3.8	0.74	Blücherstraße	22,23	Rostock, Steintor / IHK		LINESTRING(12.142797 54.081402,12.142846800000003 54.08141895000001)
45	Rostock	Bonhoefferstraße	de:13003:736:1:1	54.095159	12.06971	bus	MATCHED	w142499303	4.3	0.82	Bonhoefferstraße	25,39	Rostock, W.-Husemann-Straße	Walter-Husemann-Straße	LINESTRING(12.06971 54.095159,12.069662107028051 54.09513270018809)
46	Rostock	Bonhoefferstraße	de:13003:736:1:2	54.095544	12.068947	bus	MATCHED	w142499369	8.5	0.72	Bonhoefferstraße	25,39	Rostock, Etkar-Andree-Straße	Etkar-André-Straße	LINESTRING(12.068947 54.095544,12.06902508295172 54.09548245156912)
47	Rostock	Breitling	de:13003:737:1:1	54.176713	12.107314	bus	MATCHED	w326947400	4.0	1.0	Breitling	17,18	Rostock, Hohe Düne	Hohe Düne	LINESTRING(12.107314 54.176713,12.10725490013911 54.176703821400544)
48	Rostock	Breitling	de:13003:737:1:2	54.176782	12.10726	bus	MATCHED	w326947403	4.3	1.0	Breitling	17,18	Rostock, Hohe Düne Fähre	Hohe Düne Fähre	LINESTRING(12.10726 54.176782,12.107324957134567 54.17678895014644)
49	Rostock	Brinckmansdorf	de:13003:738:1:1	54.081123	12.187902	bus	MATCHED	w314890645	20.2	0.56	Brinckmannsdorf	123,23,24,F4	Rostock, Am Rosengarten / Rostock Wossidlopark / Rostock, Hüerbaasweg	Hüerbaasweg / Wossidlopark	LINESTRING(12.187902 54.081123,12.18820862949405 54.081143650221044)
50	Rostock	Brinckmansdorf	de:13003:738:1:2	54.081028	12.186428	bus	MATCHED	w314890644	4.9	0.8	Brinckmannsdorf	123,23,24,F4	Neu Roggentin / Neu Roggentin B 110 / Neu Roggentin B 110 / Rostock, Timmermannsstrat	Timmermannsstrat / Neu Roggentin, B110 / Neu Roggentin	LINESTRING(12.186428 54.081028,12.18641133326819 54.080985100126256)
51	Rostock	Brinckmanshöhe	de:13003:739:1:1	54.087204	12.188557	bus	MATCHED	w327514419	5.1	0.79	Brinckmannshöhe	23,F4	Rostock, Rudolf-Tarnow-Str.	Rudolf-Tarnow-Straße	LINESTRING(12.188557 54.087204,12.188538578053192 54.0872483819299)
52	Rostock	Brinckmanshöhe	de:13003:739:1:2	54.088242	12.188548	bus	MATCHED	w327514420	10.7	0.68	Brinckmannshöhe	23,F4	Rostock, Albert-Schulz-Str.	Albert-Schulz-Straße	LINESTRING(12.188548 54.088242,12.188591279227202 54.08814974229506)
53	Rostock	Brückenweg	de:13003:740:1:1	54.115021	12.16954	bus	MATCHED	w326947406	2.0	0.83	Brückenweg	16,18	Rostock, Martin-Luther-King-Al / Rostock, Neu Hinrichsdorf	Martin-Luther-King-Allee / Neu Hinrichsdorf	LINESTRING(12.16954 54.115021,12.16956054550115 54.11500799730953)
54	Rostock	Bützower Straße	de:13003:345:1:1	54.155751	12.063126	bus	NO_MATCH					36	Rostock, Güstrower Straße		POINT(12.063126 54.155751)
55	Rostock	Bützower Straße	de:13003:345:1:2	54.155867	12.062739	bus	NO_MATCH					36,F3	Rostock, Mecklenburger Allee / Rostock, Mecklenburger Allee		POINT(12.062739 54.155867)
56	Rostock	Campingplatz	de:13003:1705:1:1	54.194328	12.156586	bus	MATCHED	n5262502939	4.9	0.7	Campingplatz	17	Rostock Markgrafenheide Strand	Markgrafenheide, StrandResort	LINESTRING(12.156586 54.194328,12.1566188 54.194288400000005)
57	Rostock	Campingplatz	de:13003:1705:1:2	54.194812	12.156631	bus	MATCHED	n5262502942	16.9	0.43	Campingplatz	17	Rostock, Markgrafenheide	Markgrafenheide	LINESTRING(12.156631 54.194812,12.156555800000001 54.1949576)
58	Rostock	Campus Südstadt	de:13003:836:1:1	54.074229	12.103424	tram	MATCHED	n1530755322	16.5	0.49	Campus Südstadt	4,6			LINESTRING(12.103424 54.074229,12.103292000000001 54.074102700000005)
59	Rostock	Campus Südstadt	de:13003:836:1:5	54.073871	12.104241	tram	MATCHED	n250137226	10.6	0.58	Campus Südstadt	4,6	Rostock, Klinikum Süd	Klinikum Süd	LINESTRING(12.104241 54.073871,12.104312700000001 54.073956)
60	Rostock	Campus Südstadt	de:13003:836:2:1	54.074229	12.103424		MATCHED	w139659650	12.1	0.45	Campus Südstadt			Neuer Friedhof / Rostock, Klinikum Süd / Alter Friedhof / Beim Pulverturm / Platz der Jugend	LINESTRING(12.103424 54.074229,12.10350183386197 54.07432713364151)
61	Rostock	Campus Südstadt	de:13003:836:2:2	54.074488	12.103676	bus	NO_MATCH_BUT_OTHER_PLATFORM_MATCHED					102,28,29,39,F1	Rostock, Neuer Friedhof / Rostock Beim Pulverturm / Rostock, Neuer Friedhof / Rostock, Platz der Jugend / Rostock, Klinikum Süd		POINT(12.103676 54.074488)
62	Rostock	Campus Südstadt	de:13003:836:2:3	54.073708	12.104089	bus	MATCHED	w139659634	17.7	0.59	Campus Südstadt	102,28,29,39	Rostock Campus Südstadt	Campus Südstadt	LINESTRING(12.104089 54.073708,12.104238091385167 54.073840872592434)
63	Rostock	Campus Südstadt	de:13003:836:2:4	54.074393	12.104673	bus	MATCHED	n339343113	3.4	0.84	Rostock Campus Südstadt	102,F1	Rostock Beim Pulverturm / Rostock, Neuer Friedhof	Beim Pulverturm	LINESTRING(12.104673 54.074393,12.104719600000001 54.074406)
64	Rostock	Campus Südstadt	de:13003:836:2:6	54.074287	12.104241		NO_MATCH_AND_SEEMS_UNSERVED								POINT(12.104241 54.074287)
65	Rostock	Campus Südstadt	de:13003:836:2:7	54.075326	12.104772		NO_MATCH_AND_SEEMS_UNSERVED								POINT(12.104772 54.075326)
66	Rostock	Campus Südstadt	de:13003:836:2:8	54.075399	12.104655		NO_MATCH_AND_SEEMS_UNSERVED								POINT(12.104655 54.075399)
67	Rostock	Campus Ulmenstraße Rostock	de:13003:3005:1:1	54.087135	12.109434	bus	MATCHED	w1437101123	2.9	0.74	Campus Ulmenstraße	26	Rostock Thomas-Müntzer-Platz	Thomas-Müntzer-Platz	LINESTRING(12.109434 54.087135,12.109478696234147 54.08713380665312)
68	Rostock	Campus Ulmenstraße Rostock	de:13003:3005:1:2	54.08673	12.110341	bus	MATCHED	w1437101122	1.6	0.78	Campus Ulmenstraße	26	Rostock, Saarplatz	Saarplatz	LINESTRING(12.110341 54.08673,12.110320294953603 54.08673768704139)
69	Rostock	Carl-Hopp-Str.	de:13003:1702:1:1	54.098099	12.097217	bus	MATCHED	w503560480	120.0	0.23	Carl-Hopp-Straße	34	Rostock S Bramow	S Bramow	LINESTRING(12.097217 54.098099,12.0963016 54.0990335)
70	Rostock	Carl-Hopp-Str.	de:13003:1702:1:2	54.09811	12.097073	bus	MATCHED	w503559853	180.5	0.19	Carl-Hopp-Straße	34	Rostock S Holbeinplatz	S Holbeinplatz	LINESTRING(12.097073 54.09811,12.095677750000004 54.099509000000005)
71	Rostock	Charles-Darwin-Ring	de:13003:741:1:1	54.061651	12.117213	tram	MATCHED	n1530754929	1.5	0.88	Charles-Darwin-Ring	2,5	Rostock, Lomonossowstraße	Lomonossowstraße	LINESTRING(12.117213 54.061651,12.117230600000001 54.061659000000006)
72	Rostock	Charles-Darwin-Ring	de:13003:741:1:2	54.061335	12.117186	tram	MATCHED	n281845677	2.7	0.81	Charles-Darwin-Ring	2,5	Rostock, Südblick	Südblick	LINESTRING(12.117186 54.061335,12.117171500000001 54.061358000000006)
73	Rostock	Charles-Darwin-Ring	de:13003:741:2:3	54.061114	12.117393	bus	MATCHED	w328366427	4.4	0.81	Charles-Darwin-Ring	F1	Rostock, Lomonossowstraße	Lomonossowstraße	LINESTRING(12.117393 54.061114,12.117444200000001 54.06108865)
74	Rostock	Charles-Darwin-Ring	de:13003:741:2:4	54.061383	12.117303	bus	MATCHED	w139659641	2.0	0.89	Charles-Darwin-Ring	F1	Rostock, Südblick	Südblick	LINESTRING(12.117303 54.061383,12.117272997629204 54.061381025229934)
75	Rostock	Charles-Darwin-Ring	de:13003:741:2:5	54.061926	12.118237		MATCHED	w139659376	85.6	0.11	Charles-Darwin-Ring				LINESTRING(12.118237 54.061926,12.117122654193238 54.06152339980495)
76	Rostock	Charles-Darwin-Ring	de:13003:741:2:6	54.061841	12.11821		MATCHED	w139659322	66.6	0.13	Charles-Darwin-Ring			Lomonossowstraße	LINESTRING(12.11821 54.061841,12.117278255500434 54.06160099880882)
77	Rostock	DK-Abstellung	de:13003:1650:1:1	54.103045	12.154385		NO_MATCH_AND_SEEMS_UNSERVED								POINT(12.154385 54.103045)
78	Rostock	Dethardingstraße	de:13003:3064:1:1	54.086203	12.105697	bus	MATCHED	w328353600	3.9	0.83	Dethardingstraße	25,39,F2	Rostock, Schillingallee	Schillingallee	LINESTRING(12.105697 54.086203,12.105754987073801 54.08619686954359)
79	Rostock	Dethardingstraße	de:13003:3064:1:2	54.085186	12.106676	bus	MATCHED	w328353599	9.4	0.7	Dethardingstraße	25,39,F2	Rostock S Parkstraße / Rostock S Parkstraße	S Parkstraße / Platz der Jugend	LINESTRING(12.106676 54.085186,12.106535208455925 54.08516837198143)
80	Rostock	Deutsche Med Platz	de:13003:2988:1:1	54.085623	12.125253	bus	MATCHED	w328353602	5.9	0.72	Deutsche-Med-Platz	121,25,F4	Rostock, Doberaner Platz / Rostock, Saarplatz / Rostock, Schillingallee	Doberaner Platz / Markt Reutershagen / Saarplatz	LINESTRING(12.125253 54.085623,12.125328146148934 54.085652570236974)
81	Rostock	Deutsche Med Platz	de:13003:2988:1:2	54.084928	12.126017	bus	MATCHED	n286871889	3.3	0.68	Deutsche-Med-Platz	112,113,121,123	Rostock, Goetheplatz / Rostock, Hauptbahnhof Süd		LINESTRING(12.126017 54.084928,12.125973 54.084943300000006)
82	Rostock	Deutsche Med Platz	de:13003:2988:1:3	54.085644	12.126915	bus	MATCHED	w455383423	12.4	0.45	Deutsche-Med-Platz	112,113,123	Rostock, Am Rosengarten		LINESTRING(12.126915 54.085644,12.127104571183422 54.08564724593826)
83	Rostock	Diedrichshagen	de:13003:744:1:1	54.167101	12.047163		MATCHED	w329290565	6.3	0.6	Diedrichshagen				LINESTRING(12.047163 54.167101,12.04707905596012 54.16707385541626)
84	Rostock	Diedrichshagen	de:13003:744:1:2	54.166991	12.046911	bus	MATCHED	w329290566	11.0	0.53	Diedrichshagen	37	Rostock, Streuwiesenweg	Streuwiesenweg	LINESTRING(12.046911 54.166991,12.04707945071785 54.16699334358447)
85	Rostock	Dierkow	de:13003:1505	54.106237	12.180499		MATCHED_THOUGH_OSM_NO_NAME	w157407974	34.0	0.07					LINESTRING(12.180499 54.106237,12.180083802103065 54.10642026030173)
86	Rostock	Dierkow Dorf	de:13003:745:1:1	54.109244	12.160602	bus	MATCHED	n1219205983	5.4	0.79	Dierkow Dorf	118	Bentwisch, Gewerbepark / Neu Hinrichsdorf, EKZ	Bentwisch, Gewerbepark / Neu Hinrichsdorf, EKZ	LINESTRING(12.160602 54.109244,12.160551700000001 54.1092061)
87	Rostock	Dierkow Dorf	de:13003:745:1:2	54.10947	12.161464	bus	MATCHED	n1219205703	12.5	0.65	Dierkow Dorf	118	Rostock Dierkower Kreuz	Dierkower Kreuz	LINESTRING(12.161464 54.10947,12.161508600000001 54.109579200000006)
88	Rostock	Dierkow-Zentrum	de:13003:746:1:1	54.102313	12.167258	tram	MATCHED	n283472559	2.4	0.83	Dierkow-Zentrum	3,4,5	Rostock, Lorenzstraße	Lorenzstraße	LINESTRING(12.167258 54.102313,12.1672209 54.102310800000005)
89	Rostock	Dierkow-Zentrum	de:13003:746:1:2	54.102218	12.167806	tram	MATCHED	n1530754936	4.6	0.74	Dierkow-Zentrum	3,4,5	Rostock, Katerweg	Katerweg	LINESTRING(12.167806 54.102218,12.167875800000001 54.10221790000001)
90	Rostock	Dierkow-Zentrum	de:13003:746:2:3	54.102086	12.166279	bus	MATCHED	n3362465908	21.9	0.55	Dierkow-Zentrum	F2	Rostock, Katerweg	Katerweg	LINESTRING(12.166279 54.102086,12.165952500000001 54.1021286)
91	Rostock	Dierkow-Zentrum	de:13003:746:2:4	54.10216	12.166342	bus	MATCHED	n3362465906	10.1	0.69	Dierkow-Zentrum	F2	Rostock Dierkower Kreuz	Dierkower Kreuz	LINESTRING(12.166342 54.10216,12.1664808 54.1021196)
92	Rostock	Dierkower Allee	de:13003:2989:1:3	54.103408	12.178883		MATCHED	w139659330	121.2	0.08	Dierkower Allee				LINESTRING(12.178883 54.103408,12.179884977642494 54.10432342068063)
93	Rostock	Dierkower Allee	de:13003:2989:1:4	54.103408	12.179377		MATCHED	n283472560	91.9	0.1	Dierkower Allee			Katerweg	LINESTRING(12.179377 54.103408,12.180093800000002 54.104118400000004)
94	Rostock	Dierkower Allee	de:13003:2989:2:1	54.104188	12.179898	tram	MATCHED	w139659398	10.4	0.59	Dierkower Allee	3,4,5	Rostock, Katerweg	Katerweg	LINESTRING(12.179898 54.104188,12.17979556174831 54.10425889991138)
95	Rostock	Dierkower Allee	de:13003:2989:2:2	54.104409	12.179754	tram	MATCHED	n1530755100	4.2	0.76	Dierkower Allee	3,4,5			LINESTRING(12.179754 54.104409,12.17969 54.10440740000001)
96	Rostock	Dierkower Damm	de:13003:747:1:1	54.098699	12.156667	tram	MATCHED	n1530754952	8.1	0.64	Dierkower Damm	1,2,3,4,5	Rostock, Petridamm	Petridamm	LINESTRING(12.156667 54.098699,12.156733000000001 54.098637100000005)
97	Rostock	Dierkower Damm	de:13003:747:1:2	54.098225	12.156982	tram	MATCHED	n1530754944	12.2	0.55	Dierkower Damm	1,2,3,4,5	Rostock Dierkower Kreuz	Dierkower Kreuz	LINESTRING(12.156982 54.098225,12.156901600000001 54.0983243)
98	Rostock	Dierkower Damm	de:13003:747:1:3	54.09782	12.157179		NO_MATCH_AND_SEEMS_UNSERVED								POINT(12.157179 54.09782)
99	Rostock	Dierkower Damm	de:13003:747:1:4	54.098699	12.156919		NO_MATCH_AND_SEEMS_UNSERVED								POINT(12.156919 54.098699)
100	Rostock	Dierkower Damm	de:13003:747:2:3	54.097951	12.157089		NO_MATCH_AND_SEEMS_UNSERVED								POINT(12.157089 54.097951)
101	Rostock	Dierkower Damm	de:13003:747:2:4	54.098699	12.156919		NO_MATCH_AND_SEEMS_UNSERVED								POINT(12.156919 54.098699)
102	Rostock	Dierkower Kreuz	de:13003:748:1:2	54.103424	12.153945	tram	MATCHED	n30729155	1.0	1.0	Dierkower Kreuz	1,2,3,4,5	Rostock, Dierkower Damm	Dierkower Damm	LINESTRING(12.153945 54.103424,12.153957400000001 54.103419300000006)
103	Rostock	Dierkower Kreuz	de:13003:748:1:3	54.103993	12.154376	tram	MATCHED	n5082566751	0.9	1.0	Dierkower Kreuz	1,2,3,4,5	Rostock, Hinrichsdorfer Straße / Rostock, Martin-Niemöller-Str. / Rostock, Lorenzstraße	Hinrichsdorfer Straße / Martin-Niemöller-Straße / Lorenzstraße	LINESTRING(12.154376 54.103993,12.154387700000001 54.103988300000005)
104	Rostock	Dierkower Kreuz	de:13003:748:2:1	54.103725	12.153936	bus	NO_MATCH_BUT_OTHER_PLATFORM_MATCHED					45	Rostock, Lorenzstraße		POINT(12.153936 54.103725)
105	Rostock	Dierkower Kreuz	de:13003:748:2:4	54.103746	12.154376	bus	NO_MATCH_BUT_OTHER_PLATFORM_MATCHED					118,16,18,19,45,49,F2,X41	Rostock Dierkower Kreuz		POINT(12.154376 54.103746)
106	Rostock	Dierkower Kreuz	de:13003:748:2:5	54.103651	12.154511	bus	MATCHED	w139659616	11.7	0.66	Dierkower Kreuz	45,F2	Rostock, Schenkendorfweg / Rostock, Lorenzstraße	Schenkendorfweg / Lorenzstraße	LINESTRING(12.154511 54.103651,12.154655559567853 54.103588544265875)
107	Rostock	Dierkower Kreuz	de:13003:748:2:6	54.103656	12.154439	bus	MATCHED	w139659607	14.0	0.48	Dierkower Kreuz	16,18,F2	Rostock, Dierkow-Zentrum / Rostock, Lorenzstraße	Lorenzstraße / Dierkow-Zentrum	LINESTRING(12.154439 54.103656,12.154527559874436 54.10354197897212)
108	Rostock	Dierkower Kreuz	de:13003:748:2:7	54.103556	12.154385	bus	MATCHED	w139659613	11.8	0.66	Dierkower Kreuz	19,49,X41	Rostock, Lorenzstraße	Lorenzstraße	LINESTRING(12.154385 54.103556,12.154470434807076 54.103462451746076)
109	Rostock	Dierkower Kreuz	de:13003:748:2:8	54.103398	12.154376	bus	MATCHED	w139659602	3.8	0.74	Dierkower Kreuz	118	Rostock Dierkow Dorf	Dierkow Dorf	LINESTRING(12.154376 54.103398,12.154412234059327 54.10337087549824)
110	Rostock	Dieselmotorenwerk	de:13003:749:1:1	54.072653	12.136904	bus	MATCHED	w328366428	6.7	0.76	Dieselmotorenwerk	26	Rostock, Mendelejewstraße	Mendelejewstraße	LINESTRING(12.136904 54.072653,12.136976804019696 54.07261126942393)
111	Rostock	Dieselmotorenwerk	de:13003:749:1:2	54.072801	12.136401	bus	MATCHED	w328366429	0.7	0.94	Dieselmotorenwerk	26	Rostock Zur Mooskuhle	Zur Mooskuhle	LINESTRING(12.136401 54.072801,12.136410848828408 54.07280395450383)
112	Rostock	Doberaner Platz	de:13003:750:1:1	54.088363	12.123331		MATCHED	w139663105	6.2	0.6	Doberaner Platz			Schröderplatz	LINESTRING(12.123331 54.088363,12.123270538495392 54.088320099421615)
113	Rostock	Doberaner Platz	de:13003:750:1:10	54.088748	12.122136		NO_MATCH_AND_SEEMS_UNSERVED								POINT(12.122136 54.088748)
114	Rostock	Doberaner Platz	de:13003:750:1:2	54.088015	12.122935		MATCHED	n11105075936	4.0	0.77	Doberaner Platz	3,6,F2	Rostock, Saarplatz		LINESTRING(12.122935 54.088015,12.1228853 54.0879934)
115	Rostock	Doberaner Platz	de:13003:750:2:3	54.088021	12.123322	bus	NO_MATCH_AND_SEEMS_UNSERVED								POINT(12.123322 54.088021)
116	Rostock	Doberaner Platz	de:13003:750:2:4	54.088484	12.12228		MATCHED	n1537065754	18.0	0.35	Doberaner Platz				LINESTRING(12.12228 54.088484,12.122053800000002 54.088576700000004)
117	Rostock	Doberaner Platz	de:13003:750:2:5	54.088468	12.122666		NO_MATCH_AND_SEEMS_UNSERVED								POINT(12.122666 54.088468)
118	Rostock	Doberaner Platz	de:13003:750:3:1	54.0883	12.123618		MATCHED	w139663099	27.2	0.27	Doberaner Platz			Volkstheater	LINESTRING(12.123618 54.0883,12.123253744594804 54.08841820440384)
119	Rostock	Doberaner Platz	de:13003:750:3:2	54.088026	12.123133		MATCHED	w139659610	8.9	0.52	Doberaner Platz			Schröderplatz	LINESTRING(12.123133 54.088026,12.123035342280277 54.08797076476064)
120	Rostock	Doberaner Platz	de:13003:750:4:5	54.08732	12.121031		MATCHED	n3362368405	12.0	0.44	Doberaner Platz				LINESTRING(12.121031 54.08732,12.120855 54.087290700000004)
121	Rostock	Doberaner Platz	de:13003:750:5:1	54.088426	12.122971		MATCHED	n1530754978	0.3	0.95	Doberaner Platz	1,2,3,4,5,6,F1	Rostock, Volkstheater / Rostock, Volkstheater	Volkstheater	LINESTRING(12.122971 54.088426,12.1229726 54.088428900000004)
122	Rostock	Doberaner Platz	de:13003:750:6:6	54.088316	12.123483		MATCHED	n241200227	1.5	0.88	Doberaner Platz	1,2,3,4,5,6,F1	Rostock, Schröderplatz / Rostock, Schröderplatz / Rostock, Kröpeliner Tor	Kröpeliner Tor	LINESTRING(12.123483 54.088316,12.1235057 54.0883126)
123	Rostock	Doberaner Platz	de:13003:750:7:3	54.088036	12.12316		MATCHED	n241200225	0.4	0.94	Doberaner Platz	25,3,6,F2,F4	Rostock, Schröderplatz / Rostock, Schröderplatz / Rostock, Kröpeliner Tor	Kröpeliner Tor	LINESTRING(12.12316 54.088036,12.123154600000001 54.0880385)
124	Rostock	Doberaner Platz	de:13003:750:8:7	54.087736	12.122217	bus	MATCHED	w328353603	10.1	0.69	Doberaner Platz	25,F2,F4	Rostock, Doberaner Platz	Goetheplatz / Doberaner Platz	LINESTRING(12.122217 54.087736,12.122370799410996 54.08773725591781)
125	Rostock	Doberaner Platz	de:13003:750:9:5	54.087462	12.121327	tram	NO_MATCH_BUT_OTHER_PLATFORM_MATCHED					3,6	Rostock, Saarplatz		POINT(12.121327 54.087462)
126	Rostock	Doberaner Platz	de:13003:750:9:8	54.087436	12.121363	tram	NO_MATCH_BUT_OTHER_PLATFORM_MATCHED					3,6	Rostock, Volkstheater		POINT(12.121363 54.087436)
127	Rostock	Doberaner Platz	de:13003:750:9:9	54.088274	12.1229		MATCHED	w139659622	25.8	0.28	Doberaner Platz			Saarplatz	LINESTRING(12.1229 54.088274,12.123045038794327 54.08805897118178)
128	Rostock	Dr. -Lorenz-Weg	de:13003:751:1:1	54.079331	12.094827	tram	MATCHED	w139659361	4.0	0.72	Dr.-Lorenz-Weg	3,6	Rostock Thierfelderstraße	Thierfelderstraße	LINESTRING(12.094827 54.079331,12.094885471697443 54.0793214959524)
129	Rostock	Dr. -Lorenz-Weg	de:13003:751:1:2	54.079394	12.094899	tram	MATCHED	w139659390	1.8	0.81	Dr.-Lorenz-Weg	3,6	Rostock, Zoo	Zoo	LINESTRING(12.094899 54.079394,12.094926909914912 54.07939174870602)
130	Rostock	Dänenberg	de:13003:742:1:1	54.143677	12.069198	bus	MATCHED	w328655622	3.4	0.84	Dänenberg	31	Rostock, Blockmacherring	Blockmacherring/IGA-Park	LINESTRING(12.069198 54.143677,12.069148097862293 54.14366869989233)
131	Rostock	Dänenberg	de:13003:742:1:2	54.143761	12.069306	bus	MATCHED	w328655621	1.9	0.9	Dänenberg	31	Rostock, S Lütten Klein / Rostock, S Lütten Klein	S Lütten Klein	LINESTRING(12.069306 54.143761,12.069318671122199 54.14377590069099)
132	Rostock	Dänenberg (Nachtbus)	de:13003:1818:1:1	54.142814	12.066934	bus	MATCHED	n12492496970	1.2	0.91	Dänenberg	F1	Rostock, S Lütten Klein / Rostock, S Lütten Klein	S Lütten Klein	LINESTRING(12.066934 54.142814,12.066931100000001 54.1428032)
133	Rostock	Dänenberg (Nachtbus)	de:13003:1818:1:2	54.142808	12.067114	bus	MATCHED	n12492302710	1.7	0.9	Dänenberg	F1	Rostock S Lichtenhagen	S Lichtenhagen	LINESTRING(12.067114 54.142808,12.067119600000002 54.142823)
134	Rostock	E-Schlesinger-Straße	de:13003:752:1:4	54.074951	12.121983	tram	MATCHED	w139659308	8.6	0.62	Erich-Schlesinger-Straße	2,4,5,6	Rostock, Stadthalle / Rostock, Goetheplatz	Goetheplatz / Stadthalle	LINESTRING(12.121983 54.074951,12.12193415 54.0748789)
135	Rostock	E-Schlesinger-Straße	de:13003:752:1:5	54.074888	12.121768	tram	MATCHED	n250137231	11.5	0.57	Erich-Schlesinger-Straße	2,4,5,6	Rostock, Südstadt-Center	Südstadt-Center	LINESTRING(12.121768 54.074888,12.121736 54.074786800000005)
136	Rostock	E-Schlesinger-Straße	de:13003:752:2:1	54.075031	12.121714	bus	MATCHED	n3362368409	2.8	0.79	Erich-Schlesinger-Straße	102,106	Rostock, Südstadt-Center / Rostock, Majakowskistraße		LINESTRING(12.121714 54.075031,12.121719200000001 54.075056100000005)
137	Rostock	E-Schlesinger-Straße	de:13003:752:2:10	54.074857	12.123483		NO_MATCH_AND_SEEMS_UNSERVED								POINT(12.123483 54.074857)
138	Rostock	E-Schlesinger-Straße	de:13003:752:2:11	54.075131	12.12307		MATCHED	n1530755012	66.7	0.13	Erich-Schlesinger-Straße				LINESTRING(12.12307 54.075131,12.1220554 54.07507510000001)
139	Rostock	E-Schlesinger-Straße	de:13003:752:2:2	54.074909	12.122163	bus	MATCHED	n3362368408	5.5	0.68	Erich-Schlesinger-Straße	102,106	Rostock, Hauptbahnhof Süd		LINESTRING(12.122163 54.074909,12.122220200000001 54.0749446)
140	Rostock	E-Schlesinger-Straße	de:13003:752:2:3	54.075768	12.120815	bus	MATCHED	w328387317	2.8	0.86	Erich-Schlesinger-Straße	26,39,F1	Rostock Bei der Tweel / Rostock Joachim-Jungius-Str	Bei der Tweel / Joachim.-Jungius-Straße	LINESTRING(12.120815 54.075768,12.120832942625706 54.07574507361961)
141	Rostock	E-Schlesinger-Straße	de:13003:752:2:6	54.075847	12.120052	bus	MATCHED	w328387315	5.9	0.77	Erich-Schlesinger-Straße	26,39,F1	Rostock, Mendelejewstraße / Rostock, Goetheplatz / Rostock, Stadthalle	Mendelejewstraße / Stadthalle	LINESTRING(12.120052 54.075847,12.12014252177556 54.07584966812964)
142	Rostock	E-Schlesinger-Straße	de:13003:752:2:7	54.074857	12.123483		NO_MATCH_AND_SEEMS_UNSERVED								POINT(12.123483 54.074857)
143	Rostock	E-Schlesinger-Straße	de:13003:752:2:8	54.075131	12.12307		MATCHED	w139659337	83.6	0.11	Erich-Schlesinger-Straße				LINESTRING(12.12307 54.075131,12.1218295 54.074951950000006)
144	Rostock	E-Schlesinger-Straße	de:13003:752:2:9	54.076011	12.119971		NO_MATCH_AND_SEEMS_UNSERVED								POINT(12.119971 54.076011)
145	Rostock	Ehm-Welk-Straße	de:13003:753:1:3	54.121844	12.058598	tram	MATCHED	n282839269	0.6	0.93	Ehm-Welk-Straße	1,5	Rostock, Thomas-Morus-Straße	Thomas-Morus-Straße	LINESTRING(12.058598 54.121844,12.058603000000002 54.121839900000005)
146	Rostock	Ehm-Welk-Straße	de:13003:753:2:1	54.121671	12.058383	bus	MATCHED	n3362465909	16.8	0.59	Ehm-Welk-Straße	F2	Rostock, Bertolt-Brecht-Straße	Bertolt-Brecht-Straße	LINESTRING(12.058383 54.121671,12.058236800000001 54.12154640000001)
147	Rostock	Ehm-Welk-Straße	de:13003:753:2:2	54.122802	12.058697		NO_MATCH_AND_SEEMS_UNSERVED								POINT(12.058697 54.122802)
148	Rostock	Ehm-Welk-Straße	de:13003:753:3:4	54.121581	12.058499	tram	MATCHED	n1530754995	2.8	0.81	Ehm-Welk-Straße	1,5	Rostock, Bertolt-Brecht-Straße	Bertolt-Brecht-Straße	LINESTRING(12.058499 54.121581,12.058511300000001 54.121605100000004)
149	Rostock	Ehm-Welk-Straße	de:13003:753:4:2	54.12165	12.058715	bus	MATCHED	n250670135	10.6	0.68	Ehm-Welk-Straße	F2	Rostock, Thomas-Morus-Straße		LINESTRING(12.058715 54.12165,12.058807400000001 54.1217285)
150	Rostock	Eikholt	de:13003:1815:1:1	54.064962	12.076528	bus	MATCHED	w1247410582	4.1	0.82	Eikholt	29	Rostock Stadtweide	Stadtweide	LINESTRING(12.076528 54.064962,12.076468592406686 54.064950935118524)
151	Rostock	Eikholt	de:13003:1815:1:2	54.064899	12.076016	bus	MATCHED	w1247410581	4.2	0.82	Eikholt	29	Rostock Wüsteney / Rostock Wüsteney	Wüsteney	LINESTRING(12.076016 54.064899,12.076079860402016 54.0648966499544)
152	Rostock	Elmenhorster Weg	de:13003:1542:1:1	54.15149	12.058661	tram	MATCHED	n283292029	7.9	0.64	Elmenhorster Weg	1,5	Rostock, Mecklenburger Allee		LINESTRING(12.058661 54.15149,12.0586753 54.1515604)
153	Rostock	Elmenhorster Weg	de:13003:1542:2:2	54.151569	12.058679	bus	MATCHED	w139659365	11.4	0.63	Elmenhorster Weg	38,F3	Rostock, Mecklenburger Allee / Rostock Güstrower Str. (Nachtbus) / Rostock, Mecklenburger Allee		LINESTRING(12.058679 54.151569,12.058678200286087 54.15146672647627)
154	Rostock	Elmenhorster Weg	de:13003:1542:3:3	54.151353	12.058535	tram	MATCHED	n1530755005	3.3	0.79	Elmenhorster Weg	1,5	Rostock, Eutiner Straße	Eutiner Straße	LINESTRING(12.058535 54.151353,12.058532000000001 54.1513234)
155	Rostock	Elmenhorster Weg	de:13003:1542:4:4	54.150695	12.058104	bus	MATCHED	n3362368407	4.8	0.8	Elmenhorster Weg	38,F3	Rostock, Eutiner Straße	Eutiner Straße	LINESTRING(12.058104 54.150695,12.058049700000002 54.150724200000006)
156	Rostock	Etkar-Andree-Straße	de:13003:754:1:1	54.098573	12.068066	bus	MATCHED	w142499358	8.2	0.7	Etkar-André-Straße	25,39	Rostock, Bonhoefferstraße	Bonhoefferstraße	LINESTRING(12.068066 54.098573,12.06817150257048 54.09861335065893)
157	Rostock	Etkar-Andree-Straße	de:13003:754:1:2	54.098194	12.067563	bus	MATCHED	w142499367	3.0	0.82	Etkar-André-Straße	25,39	Rostock, Markt Reutershagen	Markt Reutershagen	LINESTRING(12.067563 54.098194,12.067579796687019 54.09816862659092)
158	Rostock	Eutiner Straße	de:13003:1543:1:1	54.147907	12.05796	tram	MATCHED	n51373121	11.2	0.57	Eutiner Straße	1,5	Rostock, Elmenhorster Weg	Elmenhorster Weg	LINESTRING(12.05796 54.147907,12.057929300000001 54.148006)
159	Rostock	Eutiner Straße	de:13003:1543:2:2	54.148496	12.05779	bus	MATCHED	n3362368410	11.4	0.67	Eutiner Straße	38,F3	Rostock, Möllner Straße	Möllner Straße	LINESTRING(12.05779 54.148496,12.0576839 54.1485768)
160	Rostock	Eutiner Straße	de:13003:1543:3:3	54.14857	12.057942	tram	MATCHED	n1530755025	10.9	0.58	Eutiner Straße	1,5	Rostock, Rügener Str.	Rügener Straße	LINESTRING(12.057942 54.14857,12.057948600000001 54.1484718)
161	Rostock	Eutiner Straße	de:13003:1543:4:4	54.147981	12.057718	bus	MATCHED	w139659315	23.5	0.49	Eutiner Straße	38,F3	Rostock, Elmenhorster Weg	Elmenhorster Weg	LINESTRING(12.057718 54.147981,12.05795169172122 54.147820484552454)
162	Rostock	Evershagen	de:13003:1501	54.124076	12.068111		MATCHED	n250393679	53.8	0.14	Rostock-Evershagen				LINESTRING(12.068111 54.124076,12.068551000000001 54.123667700000006)
163	Rostock	Evershagen Süd	de:13003:755:1:2	54.116479	12.060727		MATCHED	n28903623	12.6	0.57	Evershagen Süd	1,38,39,5,F2	Rostock, Messestraße / Rostock, Theodor-Storm-Straße / Rostock, Bertolt-Brecht-Straße / Rostock, Bertolt-Brecht-Straße	Bertolt-Brecht-Straße	LINESTRING(12.060727 54.116479,12.060563700000001 54.1164197)
164	Rostock	Evershagen Süd	de:13003:755:1:3	54.116474	12.060718		MATCHED	n1530755029	7.0	0.56	Evershagen Süd				LINESTRING(12.060718 54.116474,12.060762200000001 54.116417000000006)
165	Rostock	Evershagen Süd	de:13003:755:2:1	54.116484	12.061401		MATCHED	n1530755031	1.9	0.86	Evershagen Süd	1,38,39,5,F2	Rostock, Hundsburgallee / Rostock Immendiek / Rostock S Marienehe / Rostock S Evershagen		LINESTRING(12.061401 54.116484,12.0613927 54.1164999)
166	Rostock	Evershagen Süd	de:13003:755:2:2	54.116527	12.060907		MATCHED	w139659627	6.7	0.58	Evershagen Süd			Messestraße / Theodor-Storm-Straße / Bertolt-Brecht-Straße	LINESTRING(12.060907 54.116527,12.061005596961484 54.1165106495688)
167	Rostock	Evershagen Süd	de:13003:755:3:3	54.116779	12.058921		NO_MATCH_AND_SEEMS_UNSERVED								POINT(12.058921 54.116779)
168	Rostock	Evershagen Süd	de:13003:755:3:4	54.11649	12.061266		MATCHED	n1530755046	3.2	0.71	Evershagen Süd				LINESTRING(12.061266 54.11649,12.0612563 54.116518400000004)
169	Rostock	Evershagen Süd	de:13003:755:4:1	54.116458	12.061311		MATCHED	w139659636	17.8	0.36	Evershagen Süd			Hundsburgallee / Immendiek / S Evershagen	LINESTRING(12.061311 54.116458,12.061043765501086 54.11642706286778)
170	Rostock	Fischerdorf	de:13003:1443:1:1	54.129146	12.057385	tram	MATCHED	n282839270	1.8	0.86	Fischerdorf	1,5	Rostock, Helsinkier Straße		LINESTRING(12.057385 54.129146,12.0573905 54.12916190000001)
171	Rostock	Fischerdorf	de:13003:1443:2:2	54.12883	12.057331	tram	MATCHED	n1530755049	1.1	0.9	Fischerdorf	1,5	Rostock, Thomas-Morus-Straße	Thomas-Morus-Straße	LINESTRING(12.057331 54.12883,12.057337700000001 54.128821200000004)
172	Rostock	Fischereihafen	de:13003:1703:1:1	54.115932	12.084973	bus	MATCHED	n12582863453	16.7	0.6	Fischereihafen	34			LINESTRING(12.084973 54.115932,12.084930100000001 54.116079500000005)
173	Rostock	Fischereihafen	de:13003:1703:1:2	54.117101	12.085089	bus	MATCHED	n4389746549	6.8	0.75	Fischereihafen	34	Rostock Alter Hafen Süd	Alter Hafen Süd	LINESTRING(12.085089 54.117101,12.0850006 54.1170686)
174	Rostock	Flussbad	de:13003:757:1:1	54.08381	12.153056	bus	MATCHED	w327328348	0.9	0.93	Flussbad	113,22,23,24,F4	Rostock, Am Bagehl	Am Bagehl	LINESTRING(12.153056 54.08381,12.153050211810086 54.083802523430556)
175	Rostock	Flussbad	de:13003:757:1:2	54.08381	12.152688	bus	MATCHED	w327328349	6.0	0.77	Flussbad	113,22,23,24,F4	Rostock Neubrandenburger Str / Rostock Weißes Kreuz	Weißes Kreuz	LINESTRING(12.152688 54.08381,12.152757487148873 54.08377458844145)
176	Rostock	Friedensforum	de:13003:758:1:1	54.113178	12.144019	tram	MATCHED	n1530755056	20.7	0.44	Friedensforum	1	Rostock, Hölderlinweg	Hölderlinweg	LINESTRING(12.144019 54.113178,12.144304100000001 54.11325780000001)
177	Rostock	Friedensforum	de:13003:758:1:2	54.113467	12.144989	tram	MATCHED	n1530755060	22.6	0.42	Friedensforum	1	Rostock, Graf-Stauffenberg-Str	Graf-Stauffenberg-Straße	LINESTRING(12.144989 54.113467,12.144683500000001 54.11337210000001)
178	Rostock	Friedrichshöhe	de:13003:1648:1:1	54.074319	12.058526		NO_MATCH_AND_SEEMS_UNSERVED								POINT(12.058526 54.074319)
179	Rostock	Fähre Schnickmannstr	de:13003:381	54.092199	12.133841		MATCHED	n716803915	88.4	0.08	Schnickmannstraße				LINESTRING(12.133841 54.092199,12.133664900000001 54.0929859)
180	Rostock	Fährstr. Michaelshof	de:13003:756:1:1	54.100759	12.120196	bus	MATCHED	w323806934	2.8	0.81	Fährstraße Michaelshof	45,F2	Rostock, Gehlsheimer Straße	Gehlsheim Klinik / Gehlsheimer Straße	LINESTRING(12.120196 54.100759,12.120155302778226 54.10076543215293)
181	Rostock	Fährstr. Michaelshof	de:13003:756:1:2	54.101381	12.119342	bus	MATCHED	w323806933	2.7	0.82	Fährstraße Michaelshof	45,F2	Rostock, Kirchenplatz	Kirchenplatz	LINESTRING(12.119342 54.101381,12.119320517922912 54.101360172925894)
182	Rostock	Galileistraße	de:13003:761:1:1	54.067445	12.118264	bus	MATCHED	n3351874100	11.0	0.67	Galileistraße	26	Rostock, Tychsenstraße	Tychsenstraße	LINESTRING(12.118264 54.067445,12.1184325 54.067447200000004)
183	Rostock	Galileistraße	de:13003:761:1:2	54.06754	12.11777	bus	MATCHED	w328366432	2.9	0.86	Galileistraße	26	Rostock, Majakowskistraße	Majakowskistraße	LINESTRING(12.11777 54.06754,12.11781352628167 54.06753892000744)
184	Rostock	Gartenstadt	de:13003:762:1:1	54.086619	12.088153	bus	MATCHED	w328353604	0.7	0.94	Gartenstadt	25,39,F2	Rostock, Tschaikowskistraße	Tschaikowskistraße	LINESTRING(12.088153 54.086619,12.088143658351242 54.0866227171067)
185	Rostock	Gartenstadt	de:13003:762:1:2	54.08517	12.087766		NO_MATCH_AND_SEEMS_UNSERVED								POINT(12.087766 54.08517)
186	Rostock	Gartenstadt	de:13003:762:1:3	54.085223	12.087838		NO_MATCH_AND_SEEMS_UNSERVED								POINT(12.087838 54.085223)
187	Rostock	Gedser Straße	de:13003:763:1:1	54.138041	12.045043		NO_MATCH_AND_SEEMS_UNSERVED								POINT(12.045043 54.138041)
188	Rostock	Gedser Straße	de:13003:763:1:2	54.137341	12.043623	bus	MATCHED	w328637084	9.6	0.7	Gedser Straße	31	Rostock, Ostseeallee	Ostseeallee	LINESTRING(12.043623 54.137341,12.043560875148566 54.137419049280794)
189	Rostock	Gedser Straße	de:13003:763:1:3	54.137735	12.043686	bus	MATCHED	w1370675217	4.5	0.81	Gedser Straße	31	Rostock, Binzer Straße	Binzer Straße	LINESTRING(12.043686 54.137735,12.043753498474874 54.13774487424831)
190	Rostock	Gehlsdorf Fähre	de:13003:764:1:1	54.099447	12.114015	ferry	MATCHED	n280392252	0.9	0.9	Gehlsdorf Fähre	FÄ2	Rostock Kabutzenhof Fähre	Schnickmannstraße / Kabutzenhof Fähre	LINESTRING(12.114015 54.099447,12.114013900000002 54.099454900000005)
191	Rostock	Gehlsdorf Fähre	de:13003:764:1:2	54.099447	12.114015		NO_MATCH_AND_SEEMS_UNSERVED								POINT(12.114015 54.099447)
192	Rostock	Gehlsheim Klinik	de:13003:765:0:1	54.101939	12.130454		NO_MATCH_AND_SEEMS_UNSERVED								POINT(12.130454 54.101939)
193	Rostock	Gehlsheim Klinik	de:13003:765:0:2	54.102029	12.130311		NO_MATCH_AND_SEEMS_UNSERVED								POINT(12.130311 54.102029)
194	Rostock	Gehlsheim Klinik	de:13003:765:1:1	54.101939	12.130454	bus	MATCHED	w140231790	6.9	0.75	Gehlsheim Klinik	45,F2	Rostock, Baumschulenweg	Baumschulenweg	LINESTRING(12.130454 54.101939,12.130394500000003 54.1018879)
195	Rostock	Gehlsheim Klinik	de:13003:765:1:2	54.102029	12.130311	bus	MATCHED	w140231801	2.0	0.89	Gehlsheim Klinik	45,F2	Rostock, Gehlsheimer Straße	Fährstraße Michaelshof / Gehlsheimer Straße	LINESTRING(12.130311 54.102029,12.13033360482148 54.10204134498737)
196	Rostock	Gehlsheimer Straße	de:13003:766:1:1	54.098915	12.126457	bus	MATCHED	n3166461481	21.6	0.55	Gehlsheimer Straße	45,F2	Rostock, Gehlsheim Klinik	Gehlsheim Klinik	LINESTRING(12.126457 54.098915,12.1264734 54.098721100000006)
197	Rostock	Gehlsheimer Straße	de:13003:766:1:2	54.098836	12.126592	bus	MATCHED	w1350753766	13.3	0.64	Gehlsheimer Straße	45,F2	Rostock, Fährstr. Michaelshof	Fährstraße Michaelshof	LINESTRING(12.126592 54.098836,12.126556747373893 54.09895337867154)
198	Rostock	Gerberbruch	de:13003:767:1:1	54.08821	12.149517	bus	MATCHED	w329373273	12.1	0.66	Gerberbruch	F2	Rostock, Steintor / IHK	Steintor IHK	LINESTRING(12.149517 54.08821,12.149589646040377 54.08830964476842)
199	Rostock	Gerberbruch	de:13003:767:1:2	54.088405	12.14993	bus	MATCHED	w1350753771	16.4	0.6	Gerberbruch	F2	Rostock Stadthafen	Stadthafen	LINESTRING(12.14993 54.088405,12.149776500000002 54.08828845000001)
200	Rostock	Gerberbruch	de:13003:767:2:3	54.088321	12.149364	tram	MATCHED	n239118093	13.0	0.54	Gerberbruch	1,2,3,4,5	Rostock, Steintor / IHK / Rostock, Steintor / IHK		LINESTRING(12.149364 54.088321,12.1493382 54.088205300000006)
201	Rostock	Gerberbruch	de:13003:767:2:4	54.088363	12.14957	tram	MATCHED	n1530755065	18.2	0.47	Gerberbruch	1,2,3,4,5	Rostock Stadthafen	Stadthafen	LINESTRING(12.14957 54.088363,12.1496641 54.0885169)
202	Rostock	Gerüstbauerring	de:13003:768:1:1	54.146271	12.081739	bus	MATCHED	w328655624	9.0	0.71	Gerüstbauerring	31,F1	Rostock, Blockmacherring	Blockmacherring/IGA-Park	LINESTRING(12.081739 54.146271,12.0817213 54.14635095000001)
203	Rostock	Gerüstbauerring	de:13003:768:1:2	54.147575	12.082385	bus	MATCHED	w328655623	14.8	0.62	Gerüstbauerring	31,F1	Rostock, Groß Klein Dorf	Groß Klein Dorf	LINESTRING(12.082385 54.147575,12.08241145 54.14744255)
204	Rostock	Getreidehafen	de:13003:1607:1:1	54.147807	12.124238	bus	MATCHED	n3340157610	31.6	0.48	Getreidehafen	19	Rostock Liebherrstraße Süd	Liebherrstraße Süd	LINESTRING(12.124238 54.147807,12.1246548 54.147950800000004)
205	Rostock	Goetheplatz	de:13003:770:1:4	54.082899	12.127256		MATCHED	w139659417	15.0	0.39	Goetheplatz			Schröderplatz	LINESTRING(12.127256 54.082899,12.127342539689817 54.08277381290752)
206	Rostock	Goetheplatz	de:13003:770:1:5	54.082957	12.127193	tram	MATCHED	n1530755078	1.1	0.86	Goetheplatz	2,3,4,6	Rostock, Schröderplatz		LINESTRING(12.127193 54.082957,12.1272091 54.08296)
207	Rostock	Goetheplatz	de:13003:770:1:6	54.082562	12.127319	tram	MATCHED	w139659401	22.4	0.42	Goetheplatz	2,3,4,6	Rostock, Erich-Schlesinger-Str. / Rostock, Stadthalle	Stadthalle	LINESTRING(12.127319 54.082562,12.127199483785315 54.08275088602494)
208	Rostock	Goetheplatz	de:13003:770:1:8	54.08244	12.127122		NO_MATCH_AND_SEEMS_UNSERVED								POINT(12.127122 54.08244)
209	Rostock	Goetheplatz	de:13003:770:1:9	54.082572	12.127364		MATCHED	n281832454	2.2	0.79	Goetheplatz				LINESTRING(12.127364 54.082572,12.127333 54.082564500000004)
210	Rostock	Goetheplatz	de:13003:770:2:1	54.080881	12.129358	bus	MATCHED	n3362465910	12.0	0.66	Goetheplatz	F1,F2,F4	Rostock, Hauptbahnhof Nord / Rostock, Hauptbahnhof Nord		LINESTRING(12.129358 54.080881,12.129175100000001 54.080891300000005)
211	Rostock	Goetheplatz	de:13003:770:2:2	54.081429	12.127032	bus	MATCHED	w328387320	10.5	0.68	Goetheplatz	113,22,F1	Rostock, Erich-Schlesinger-Str. / Rostock, Hauptbahnhof Süd / Rostock, Stadthalle	Erich-Schlesinger-Straße	LINESTRING(12.127032 54.081429,12.127015224963314 54.08152260386767)
212	Rostock	Goetheplatz	de:13003:770:2:3	54.081186	12.127418	bus	MATCHED	w328387322	12.1	0.51	Goetheplatz	113	Rostock, Deutsche Med-Platz		LINESTRING(12.127418 54.081186,12.127336194234285 54.081088335972595)
213	Rostock	Goetheplatz	de:13003:770:2:4	54.081718	12.128218	bus	MATCHED	w1352092879	7.6	0.73	Goetheplatz	F2,F4	Rostock, Schröderplatz / Rostock, Deutsche Med-Platz	Schröderplatz / Deutsche-Med-Platz	LINESTRING(12.128218 54.081718,12.12833295 54.08172825)
214	Rostock	Goetheplatz	de:13003:770:2:7	54.082562	12.127634		NO_MATCH_AND_SEEMS_UNSERVED								POINT(12.127634 54.082562)
215	Rostock	Goetheplatz	de:13003:770:2:8	54.08244	12.127122		NO_MATCH_AND_SEEMS_UNSERVED								POINT(12.127122 54.08244)
216	Rostock	Grabower Straße	de:13003:771:1:1	54.155972	12.069468	bus	MATCHED	w329290569	7.5	0.74	Grabower Straße	36	Rostock S Lichtenhagen	S Lichtenhagen	LINESTRING(12.069468 54.155972,12.0694440855518 54.15603790285823)
217	Rostock	Graf-Stauffenberg-Str	de:13003:772:1:1	54.11114	12.137075	tram	MATCHED	n30729096	14.0	0.47	Graf-Stauffenberg-Straße	1	Rostock, Friedensforum	Friedensforum	LINESTRING(12.137075 54.11114,12.137219700000001 54.1112327)
218	Rostock	Graf-Stauffenberg-Str	de:13003:772:1:2	54.111551	12.137659	tram	MATCHED	n1530755081	17.9	0.42	Graf-Stauffenberg-Straße	1	Rostock, Hafenallee	Hafenallee	LINESTRING(12.137659 54.111551,12.137487100000001 54.1114261)
219	Rostock	Graf-Stauffenberg-Str	de:13003:772:1:3	54.11234	12.137219		NO_MATCH_AND_SEEMS_UNSERVED								POINT(12.137219 54.11234)
220	Rostock	Graf-Stauffenberg-Str	de:13003:772:2:3	54.11234	12.137219		NO_MATCH_AND_SEEMS_UNSERVED								POINT(12.137219 54.11234)
221	Rostock	Graureiherweg	de:13003:860:1:1	54.071483	12.081451		MATCHED	n3354431682	79.0	0.12	Graureiherweg				LINESTRING(12.081451 54.071483,12.081900500000001 54.0708241)
222	Rostock	Greifswalder Straße	de:13003:773:1:1	54.089643	12.101996	bus	MATCHED	n3352132234	5.1	0.79	Greifswalder Straße	28	Rostock, Schillingallee	Schillingallee	LINESTRING(12.101996 54.089643,12.101919200000001 54.089650400000004)
223	Rostock	Greifswalder Straße	de:13003:773:1:2	54.089506	12.102265	bus	MATCHED	n3352132233	6.3	0.76	Greifswalder Straße	28	Rostock S Holbeinplatz	S Holbeinplatz	LINESTRING(12.102265 54.089506,12.1023428 54.0894732)
224	Rostock	Groß Klein Dorf	de:13003:1522:1:1	54.150027	12.081999	bus	MATCHED	w328655625	13.6	0.64	Groß Klein Dorf	31,F1	Rostock, Taklerring	Taklerring	LINESTRING(12.081999 54.150027,12.08206953037325 54.149912528850685)
225	Rostock	Groß Kleiner Allee	de:13003:1738	54.153873	12.07678		NO_MATCH_AND_SEEMS_UNSERVED								POINT(12.07678 54.153873)
226	Rostock	Groß Schwaßer Weg	de:13003:774:1:1	54.0838	12.071803	bus	MATCHED	w179483257	12.0	0.51	Groß Schwaßer Weg	28	Rostock, Westfriedhof / Rostock, Sternwarte	Sternwarte / Westfriedhof	LINESTRING(12.071803 54.0838,12.0719021844854 54.083891181813286)
227	Rostock	Groß Schwaßer Weg	de:13003:774:1:2	54.083832	12.07236		NO_MATCH_AND_SEEMS_UNSERVED								POINT(12.07236 54.083832)
228	Rostock	Güstrower Str. (Nachtbus)	de:13003:1817:1:1	54.154367	12.063656	bus	MATCHED	n13243600391	40.8	0.19	Güstrower Straße	F3	Rostock Bützower Straße		LINESTRING(12.063656 54.154367,12.063817400000001 54.154013000000006)
229	Rostock	Güstrower Str. (Nachtbus)	de:13003:1817:1:2	54.154567	12.063799		NO_MATCH_AND_SEEMS_UNSERVED								POINT(12.063799 54.154567)
230	Rostock	Güstrower Straße	de:13003:775:1:1	54.152689	12.063404	bus	MATCHED	w329290570	7.8	0.73	Güstrower Straße	36	Rostock S Lichtenhagen	S Lichtenhagen	LINESTRING(12.063404 54.152689,12.063376789272079 54.15275711004531)
231	Rostock	Güstrower Straße	de:13003:775:1:2	54.153147	12.063557	bus	MATCHED	w329290571	10.5	0.68	Güstrower Straße	36	Rostock Bützower Straße	Mecklenburger Allee	LINESTRING(12.063557 54.153147,12.063603177307906 54.15305667404137)
232	Rostock	Güterverkehrszentrum	de:13003:776:1:1	54.139193	12.164339	bus	MATCHED	w326835895	8.1	0.7	Güterverkerszentrum	16,18	Rostock, Hinrichsdorf	Hinrichsdorf	LINESTRING(12.164339 54.139193,12.164334021179737 54.13926573998469)
233	Rostock	Güterverkehrszentrum	de:13003:776:1:2	54.139314	12.164572	bus	MATCHED	w326835896	13.7	0.61	Güterverkerszentrum	16,18	Rostock, Nienhagen	Nienhagen	LINESTRING(12.164572 54.139314,12.164532905936763 54.13919272332739)
234	Rostock	HRO Klinikum-Schillingallee	de:13003:1620:1:1	54.085602	12.100549	bus	MATCHED	n563268390	4.4	0.59	Klinikum Schillingallee	39	Rostock Ostseestadion / Rostock, Schillingallee		LINESTRING(12.100549 54.085602,12.100529300000002 54.085639500000006)
235	Rostock	Hafenallee	de:13003:777:1:1	54.109091	12.135988	tram	MATCHED	n30729084	5.8	0.7	Hafenallee	1	Rostock, Graf-Stauffenberg-Str	Graf-Stauffenberg-Straße	LINESTRING(12.135988 54.109091,12.1359907 54.109038500000004)
236	Rostock	Hafenallee	de:13003:777:1:2	54.108754	12.136024	tram	MATCHED	n1530755098	2.2	0.84	Hafenallee	1			LINESTRING(12.136024 54.108754,12.136053800000001 54.1087452)
237	Rostock	Hafenallee	de:13003:777:2:3	54.108833	12.135826	bus	MATCHED	w139659644	10.4	0.68	Hafenallee	F2	Rostock, J.-Curie-Allee	Joliot-Curie-Allee	LINESTRING(12.135826 54.108833,12.135864716587198 54.10874244073643)
238	Rostock	Hafenallee	de:13003:777:2:4	54.108649	12.135853	bus	MATCHED	w139659652	12.9	0.64	Hafenallee	F2	Rostock, Gehlsheim Klinik	Gehlsheim Klinik	LINESTRING(12.135853 54.108649,12.135691586178305 54.1087148705267)
239	Rostock	Hafenbahnweg	de:13003:778:1:1	54.125029	12.145016	bus	MATCHED	w141228790	11.1	0.67	Hafenbahnweg	19,49	Rostock, Urho-Kekkonen-Straße	Urho-Kekkonen-Straße	LINESTRING(12.145016 54.125029,12.144848642462593 54.125043091481416)
240	Rostock	Hafenbahnweg	de:13003:778:1:2	54.125677	12.144055	bus	MATCHED	w141228792	16.1	0.6	Hafenbahnweg	19,49	Rostock, Bahnbetriebswerk	Bahnbetriebswerk	LINESTRING(12.144055 54.125677,12.144221912774132 54.12557123651402)
241	Rostock	Haltepunkt Dierkow	de:13003:779	54.103661	12.180194		NO_MATCH_AND_SEEMS_UNSERVED								POINT(12.180194 54.103661)
242	Rostock	Hamburger Straße	de:13003:880:1:1	54.099332	12.090183		NO_MATCH_AND_SEEMS_UNSERVED								POINT(12.090183 54.099332)
243	Rostock	Hamburger Straße	de:13003:880:1:2	54.099131	12.090003		NO_MATCH_AND_SEEMS_UNSERVED								POINT(12.090003 54.099131)
244	Rostock	Hamburger Straße	de:13003:880:1:3	54.099532	12.0903		NO_MATCH_AND_SEEMS_UNSERVED								POINT(12.0903 54.099532)
245	Rostock	Handwerkstraße	de:13003:780:1:1	54.123182	12.074579	bus	MATCHED	w329294082	49.6	0.4	Handwerkstraße	38	Rostock, Industriestraße	Industriestraße	LINESTRING(12.074579 54.123182,12.075026610048871 54.12354141951705)
246	Rostock	Handwerkstraße	de:13003:780:1:2	54.12326	12.074453	bus	MATCHED	w329294081	6.7	0.75	Handwerkstraße	38	Rostock S Evershagen	S Evershagen	LINESTRING(12.074453 54.12326,12.07441604200217 54.12320395539327)
247	Rostock	Handwerkstraße	de:13003:780:1:3	54.124819	12.07386	bus	NO_MATCH_AND_SEEMS_UNSERVED								POINT(12.07386 54.124819)
248	Rostock	Handwerkstraße	de:13003:780:1:4	54.124213	12.074669	bus	NO_MATCH_AND_SEEMS_UNSERVED								POINT(12.074669 54.124213)
249	Rostock	Hauptbahnhof	de:13003:1489:1:1	54.078404	12.130903	tram	MATCHED	w323832581	4.7	0.72	Hauptbahnhof	2,3,5,6	Rostock Rosa-Luxemburg-Straße	Rosa-Luxemburg-Straße	LINESTRING(12.130903 54.078404,12.1309683596886 54.078387281464906)
250	Rostock	Hauptbahnhof	de:13003:1489:2:1	54.078794	12.130948	train	MATCHED_THOUGH_OSM_NO_NAME	w30323816	11.2	0.21		S1,S2,S3	Rostock S Parkstraße / Papendorf		LINESTRING(12.130948 54.078794,12.131006168575277 54.078699542120724)
251	Rostock	Hauptbahnhof	de:13003:1489:2:2	54.078725	12.130823	train	MATCHED_THOUGH_OSM_NO_NAME	w1426438505	11.7	0.21		RE5,RE9,S1,S2,S3	Papendorf / Kavelstorf / Rostock S Parkstraße		LINESTRING(12.130823 54.078725,12.130968139299751 54.0786640348859)
252	Rostock	Hauptbahnhof	de:13003:1489:3:3	54.078261	12.131398	train	MATCHED	n1530755118	33.3	0.29	Hauptbahnhof	17,RB11,RB12,RE50,RE85,RE9,S1,S2,S3	Güstrow Bahnhof / Rostock S Parkstraße / Plaaz / Rostock Thierfelderstraße / Papendorf / Kavelstorf / Waren (Müritz) Bahnhof / Rövershagen		LINESTRING(12.131398 54.078261,12.1310129 54.0784558)
253	Rostock	Hauptbahnhof	de:13003:1489:3:4	54.077587	12.132206	train	MATCHED_THOUGH_OSM_NO_NAME	w1426729067	47.3	0.09		17,RB11,RB12,RE1,RE9,S2	Waren (Müritz) Bahnhof / Schwaan, Bahnhof / Rostock-Kassebohm / Rövershagen		LINESTRING(12.132206 54.077587,12.132707812722519 54.07728167071066)
254	Rostock	Hauptbahnhof	de:13003:1489:3:5	54.07756	12.132134	train	MATCHED_THOUGH_OSM_NO_NAME	w1426729069	9.7	0.22		RB11,RE50,RE9	Güstrow Bahnhof / Roggentin, DB Haltepunkt / Rövershagen		LINESTRING(12.132134 54.07756,12.132171830026707 54.07747620974074)
255	Rostock	Hauptbahnhof	de:13003:1489:3:6	54.079115	12.129736	train	MATCHED	n3980946237	3.3	0.8	Rostock Hauptbahnhof	S1,S3	Rostock S Parkstraße		LINESTRING(12.129736 54.079115,12.1297806 54.0791015)
256	Rostock	Hauptbahnhof	de:13003:1489:3:7	54.078525	12.1304	train	MATCHED	n1530755102	31.1	0.3	Hauptbahnhof	33,RB28,RE1,RE5	Güstrow Bahnhof / Schwaan, Bahnhof / Plaaz / Langhagen DB / Ribnitz-Damgarten West		LINESTRING(12.1304 54.078525,12.130793500000001 54.0783691)
257	Rostock	Hauptbahnhof	de:13003:1489:4:8	54.078609	12.130176	train	MATCHED_THOUGH_OSM_NO_NAME	w30323810	5.8	0.15		33,RB11,RB12,RE1,RE5,RE50,RE9	Rostock-Kassebohm / Rövershagen / Schwaan, Bahnhof / Güstrow Bahnhof / Roggentin, DB Haltepunkt / Bützow, Bahnhof / Langhagen DB / Plaaz		LINESTRING(12.130176 54.078609,12.130246161778205 54.07864034269298)
258	Rostock	Hauptbahnhof	de:13003:1489:4:9	54.078551	12.130059	train	MATCHED_THOUGH_OSM_NO_NAME	w1426729066	36.0	0.11		RB11,RB12,RE5	Rostock-Kassebohm / Rostock Thierfelderstraße	Rostock Thierfelder Straße	LINESTRING(12.130059 54.078551,12.129701584082564 54.07879715139858)
259	Rostock	Hauptbahnhof	de:13003:1489:5:10	54.07862	12.129799	train	MATCHED_THOUGH_OSM_NO_NAME	w1426729065	10.6	0.21		RB11,RE50,RE85	Bad Kleinen Bahnhof / Rostock Thierfelderstraße / Güstrow Bahnhof	Rostock Thierfelder Straße	LINESTRING(12.129799 54.07862,12.129654615354774 54.078662932372005)
260	Rostock	Hauptbahnhof	de:13003:1489:5:11	54.078556	12.129655	train	MATCHED_THOUGH_OSM_NO_NAME	w30323815	6.3	0.26		RB11	Rostock Thierfelderstraße / Roggentin, DB Haltepunkt	Roggentin	LINESTRING(12.129655 54.078556,12.129640482971267 54.07861155587414)
261	Rostock	Hauptbahnhof	de:13003:1489:6:2	54.078456	12.130859	tram	MATCHED	w323832577	1.1	0.88	Hauptbahnhof	2,3,5,6	Rostock, Stadthalle	Stadthalle	LINESTRING(12.130859 54.078456,12.13087405398358 54.07845132821179)
262	Rostock	Hauptbahnhof Nord	de:13003:781:1:1	54.079278	12.13164	bus	MATCHED	n3352053687	7.0	0.75	Hauptbahnhof Nord	F1,F2,F4	Rostock Rosa-Luxemburg-Straße	Rosa-Luxemburg-Straße	LINESTRING(12.13164 54.079278,12.131536700000002 54.0792931)
263	Rostock	Hauptbahnhof Nord	de:13003:781:1:2	54.079025	12.132458	bus	MATCHED	w328387325	5.9	0.66	Hauptbahnhof Nord	22,23,F1,F2,F4	Rostock, Goetheplatz / Rostock, Goetheplatz	Stadthalle / Goetheplatz	LINESTRING(12.132458 54.079025,12.132508418674295 54.07906935380468)
264	Rostock	Hauptbahnhof Nord	de:13003:781:1:4	54.078103	12.133464		NO_MATCH_AND_SEEMS_UNSERVED								POINT(12.133464 54.078103)
265	Rostock	Hauptbahnhof Nord	de:13003:781:1:5	54.078535	12.132431		NO_MATCH_AND_SEEMS_UNSERVED								POINT(12.132431 54.078535)
266	Rostock	Hauptbahnhof Nord	de:13003:781:1:6	54.078351	12.134605	bus	MATCHED	w1271144425	2.8	0.79	Hauptbahnhof Nord	22,23	Rostock Schillerplatz	Schillerplatz	LINESTRING(12.134605 54.078351,12.13461600062635 54.07837570232257)
267	Rostock	Hauptbahnhof Nord	de:13003:781:2:3	54.078599	12.133024		NO_MATCH_AND_SEEMS_UNSERVED								POINT(12.133024 54.078599)
268	Rostock	Hauptbahnhof Süd	de:13003:1524:1:2	54.077381	12.128658	bus	MATCHED	w1340285110	37.3	0.25	Hauptbahnhof Süd	22,26,39	Rostock, Stadthalle / Rostock, Mendelejewstraße / Rostock, Mendelejewstraße		LINESTRING(12.128658 54.077381,12.129228150000001 54.077392)
269	Rostock	Hauptbahnhof Süd	de:13003:1524:3:1	54.077655	12.129008	bus	MATCHED	w1340285111	23.0	0.37	Hauptbahnhof Süd	26,39		Stadthalle / Mendelejewstraße	LINESTRING(12.129008 54.077655,12.129125963537017 54.07746075490421)
270	Rostock	Hauptbahnhof Süd	de:13003:899:1:5	54.077228	12.129565	bus	MATCHED	w116644801	9.4	0.69	Hauptbahnhof Süd	102,106,112,113,121,123			LINESTRING(12.129565 54.077228,12.129461266574932 54.077169749232304)
271	Rostock	Hechtgraben	de:13003:1778:1:1	54.066755	12.072818		MATCHED	n9726164305	1.6	0.83	Rostock Hechtgraben				LINESTRING(12.072818 54.066755,12.072795200000002 54.066750400000004)
272	Rostock	Heidenholzmoor	de:13003:783:1:1	54.135009	12.117051	bus	MATCHED	w329343735	9.4	0.7	Heidenholzmoor	45	Rostock, Krummendorf	Krummendorf	LINESTRING(12.117051 54.135009,12.117181708612023 54.13497414136849)
273	Rostock	Heidenholzmoor	de:13003:783:1:2	54.134993	12.116971	bus	MATCHED	w329343736	5.8	0.78	Heidenholzmoor	45	Rostock Am Seehafen (Bus)		LINESTRING(12.116971 54.134993,12.116885630579246 54.1349788616488)
274	Rostock	Heinrich-Schütz-Str	de:13003:784:1:1	54.095202	12.093677	tram	NO_MATCH_BUT_OTHER_PLATFORM_MATCHED					1,2,3,4,5,6	Rostock S Holbeinplatz		POINT(12.093677 54.095202)
275	Rostock	Heinrich-Schütz-Str	de:13003:784:1:6	54.095154	12.093767		MATCHED	n1530755137	0.8	0.77	Heinrich-Schütz-Straße			Holbeinplatz	LINESTRING(12.093767 54.095154,12.0937774 54.0951576)
276	Rostock	Heinrich-Schütz-Str	de:13003:784:2:2	54.09497	12.093875	bus	MATCHED	n3362465914	12.2	0.45	Heinrich-Schütz-Straße			Kunsthalle	LINESTRING(12.093875 54.09497,12.0940033 54.0948902)
277	Rostock	Heinrich-Schütz-Str	de:13003:784:2:4	54.094812	12.093794	bus	MATCHED_THOUGH_REVERSED_DIR	n3362465912	1.1	0.72	Heinrich-Schütz-Straße	F1	Rostock, Kunsthalle	S Holbeinplatz	LINESTRING(12.093794 54.094812,12.093777900000001 54.094812600000004)
278	Rostock	Heinrich-Schütz-Str	de:13003:784:3:3	54.094896	12.094171	tram	NO_MATCH_BUT_OTHER_PLATFORM_MATCHED					1,2,3,4,5,6	Rostock, Kunsthalle		POINT(12.094171 54.094896)
279	Rostock	Heinrich-Schütz-Str	de:13003:784:3:5	54.094996	12.093983		MATCHED	n1530755124	1.6	0.72	Heinrich-Schütz-Straße			Kunsthalle	LINESTRING(12.093983 54.094996,12.094006 54.094991500000006)
280	Rostock	Heinrich-Schütz-Str	de:13003:784:4:2	54.09497	12.093875	bus	NO_MATCH_BUT_OTHER_PLATFORM_MATCHED					F1	Rostock S Holbeinplatz		POINT(12.093875 54.09497)
281	Rostock	Helsinkier Straße	de:13003:785:1:1	54.132772	12.057197	tram	MATCHED	n282839271	2.2	0.78	Helsinkier Straße	1,5	Rostock, St. Petersburger Stra		LINESTRING(12.057197 54.132772,12.0571643 54.1327742)
282	Rostock	Helsinkier Straße	de:13003:785:2:2	54.131114	12.057305	bus	MATCHED	w329373274	6.3	0.76	Helsinkier Straße	F2	Rostock, Thomas-Morus-Straße	Thomas-Morus-Straße	LINESTRING(12.057305 54.131114,12.057299599290348 54.13105721459224)
283	Rostock	Helsinkier Straße	de:13003:785:3:3	54.132504	12.057098	tram	MATCHED	n1530755141	2.2	0.78	Helsinkier Straße	1,5	Rostock, Fischerdorf		LINESTRING(12.057098 54.132504,12.0571195 54.13248840000001)
284	Rostock	Helsinkier Straße	de:13003:785:4:4	54.131657	12.057412	bus	MATCHED	w715806908	3.6	0.84	Helsinkier Straße	F2	Rostock, St. Petersburger Stra	Sankt Petersburger Straße	LINESTRING(12.057412 54.131657,12.057453902646742 54.13163637999262)
285	Rostock	Hinrichsdorf	de:13003:786:1:1	54.134436	12.163512	bus	MATCHED	n3335161597	8.3	0.72	Hinrichsdorf	16,18	Rostock, Am Liepengraben / Rostock, Neu Hinrichsdorf	Am Liepengraben / Neu Hinrichsdorf	LINESTRING(12.163512 54.134436,12.1635194 54.134361500000004)
286	Rostock	Hinrichsdorf	de:13003:786:1:2	54.134351	12.163629	bus	MATCHED	n3335161596	3.1	0.85	Hinrichsdorf	16,18	Rostock, Güterverkehrszentrum	Güterverkerszentrum	LINESTRING(12.163629 54.134351,12.1636716 54.1343387)
287	Rostock	Hinrichsdorfer Str.	de:13003:1653	54.116442	12.161824		MATCHED_THOUGH_OSM_NO_NAME	w891854778	9.6	0.16					LINESTRING(12.161824 54.116442,12.161841257527392 54.11652719485682)
288	Rostock	Hinrichsdorfer Straße	de:13003:787:1:1	54.106237	12.158985	tram	MATCHED	n1530755146	13.7	0.53	Hinrichsdorfer Straße	2	Rostock Dierkower Kreuz	Dierkower Kreuz	LINESTRING(12.158985 54.106237,12.158778700000001 54.1062172)
289	Rostock	Hinrichsdorfer Straße	de:13003:787:1:2	54.106174	12.159066	tram	MATCHED	n281842198	14.1	0.52	Hinrichsdorfer Straße	2	Rostock, Kurt-Schumacher-Ring	Kurt-Schumacher-Ring	LINESTRING(12.159066 54.106174,12.159273800000001 54.1062066)
290	Rostock	Hinrichshagen	de:13003:788:1:1	54.187695	12.207503	bus	MATCHED	w326947415	9.4	0.7	Hinrichshagen	18	Niederhagen	Niederhagen	LINESTRING(12.207503 54.187695,12.2073617 54.187678350000006)
291	Rostock	Hinrichshagen	de:13003:788:1:2	54.187948	12.206775	bus	MATCHED	w326947409	8.2	0.72	Hinrichshagen	18	Rostock, Schnatermannweg	Schnatermannweg	LINESTRING(12.206775 54.187948,12.206898703933497 54.18796212466267)
292	Rostock	Hinrichshagen	de:13003:788:1:3	54.188063	12.208347	bus	MATCHED	w326949499	8.8	0.71	Hinrichshagen	118,140,17,18	Rostocker Heide	Rostocker Heide	LINESTRING(12.208347 54.188063,12.208427960023082 54.187999487911384)
293	Rostock	Hinrichshagen	de:13003:788:1:4	54.187843	12.208087	bus	MATCHED	w326947418	6.4	0.76	Hinrichshagen	118,140,17,18	Rostock, Schnatermannweg / Hinrichshagen / Niederhagen / Forsthaus	Niederhagen / Schnatermannweg	LINESTRING(12.208087 54.187843,12.208081167837202 54.18790067919406)
294	Rostock	Hohe Düne	de:13003:789:1:1	54.178333	12.114491	bus	MATCHED	w326947424	3.2	0.85	Hohe Düne	17,18	Rostock, Strand	Strand	LINESTRING(12.114491 54.178333,12.11445361132034 54.17831419576155)
295	Rostock	Hohe Düne	de:13003:789:1:2	54.178701	12.115219	bus	MATCHED	w326947421	4.0	0.82	Hohe Düne	17,18	Rostock, Breitling	Breitling	LINESTRING(12.115219 54.178701,12.115195550000001 54.178668050000006)
296	Rostock	Hohe Düne Fähre	de:13003:790:1:1	54.176487	12.098627		NO_MATCH_AND_SEEMS_UNSERVED								POINT(12.098627 54.176487)
297	Rostock	Hohe Düne Fähre	de:13003:790:1:2	54.176498	12.099301		NO_MATCH_AND_SEEMS_UNSERVED								POINT(12.099301 54.176498)
298	Rostock	Hohe Düne Fähre	de:13003:790:1:3	54.176698	12.097504	ferry	MATCHED	n52590713	1.1	0.7	Hohe Düne	FÄ1	Rostock, Warnemünde Fähre		LINESTRING(12.097504 54.176698,12.097519700000001 54.1766945)
299	Rostock	Hohe Düne Fähre	de:13003:790:2:1	54.176508	12.098654	bus	MATCHED	n3336552650	6.9	0.63	Hohe Düne Fähre	17,18	Rostock, Breitling	Breitling	LINESTRING(12.098654 54.176508,12.0985562 54.176531100000005)
300	Rostock	Hohe Düne Fähre	de:13003:790:2:2	54.176498	12.099301		NO_MATCH_AND_SEEMS_UNSERVED								POINT(12.099301 54.176498)
301	Rostock	Hundsburgallee	de:13003:798:1:1	54.120154	12.077517	bus	MATCHED	w329294084	4.8	0.8	Hundsburgallee	38	Rostock, Evershagen Süd		LINESTRING(12.077517 54.120154,12.077555064028957 54.12019064401718)
302	Rostock	Hundsburgallee	de:13003:798:1:2	54.120312	12.077858	bus	MATCHED	w329294083	12.8	0.65	Hundsburgallee	38	Rostock, Stadtwerke	Stadtwerke	LINESTRING(12.077858 54.120312,12.077770853960242 54.120209299085424)
303	Rostock	Hölderlinweg	de:13003:792:1:1	54.111993	12.150693	tram	MATCHED	n252971150	14.8	0.51	Hölderlinweg	1	Rostock, Martin-Niemöller-Str.	Martin-Niemöller-Straße	LINESTRING(12.150693 54.111993,12.1508643 54.1119065)
304	Rostock	Hölderlinweg	de:13003:792:1:2	54.111719	12.151313	tram	MATCHED	n1530755159	11.3	0.57	Hölderlinweg	1	Rostock, Friedensforum	Friedensforum	LINESTRING(12.151313 54.111719,12.1511627 54.111769300000006)
305	Rostock	Hüerbaasweg	de:13003:797:1:1	54.081313	12.178963	bus	MATCHED	w327514429	7.9	0.73	Hüerbaasweg	23,24,F4	Rostock Wossidlopark / Rostock, Kassebohm Nord	Wossidlopark / Kassebohm Nord	LINESTRING(12.178963 54.081313,12.179074322142064 54.08134065399249)
306	Rostock	Hüerbaasweg	de:13003:797:1:2	54.081176	12.180482	bus	MATCHED	w327514428	12.7	0.65	Hüerbaasweg	23,24,F4	Rostock Brinckmansdorf	Brinckmannsdorf	LINESTRING(12.180482 54.081176,12.180311100953483 54.08112272943789)
307	Rostock	Immendiek	de:13003:940:1:1	54.104357	12.069513	bus	MATCHED	w328059296	13.6	0.63	Immendiek	25,39,F1,F2	Rostock, Evershagen Süd / Rostock S Evershagen / Rostock, Schutow	Schutow / S Evershagen	LINESTRING(12.069513 54.104357,12.069719322618909 54.104340762015305)
308	Rostock	Immendiek	de:13003:940:1:2	54.103856	12.070779	bus	MATCHED	w328059295	10.3	0.68	Immendiek	25,39,F1,F2	Rostock Reutershagen / Rostock Reutershagen / Rostock, Markt Reutershagen	Reutershagen / Markt Reutershagen	LINESTRING(12.070779 54.103856,12.070622585145506 54.10386289851169)
309	Rostock	Industriestraße	de:13003:800:1:1	54.129925	12.08199	bus	MATCHED	w329294085	3.4	0.76	Industriestraße	38	Rostock, Handwerkstraße / Rostock, Siemens	Siemens / Handwerkstraße	LINESTRING(12.08199 54.129925,12.082041233180632 54.129930281525596)
310	Rostock	J. -Curie-Allee	de:13003:801:1:1	54.112125	12.133796	bus	MATCHED	w165811518	12.2	0.54	Joliot-Curie-Allee	F2	Rostock, Weidendamm	Weidendamm	LINESTRING(12.133796 54.112125,12.133884909925573 54.11202826328129)
311	Rostock	J. -Curie-Allee	de:13003:801:1:2	54.111214	12.134209	bus	MATCHED	w140105024	12.5	0.62	J.-Curie-Allee	F2	Rostock, Hafenallee	Hafenallee	LINESTRING(12.134209 54.111214,12.134079092308239 54.11129661667947)
312	Rostock	Jawaharal-Nehru-Str. 	de:13003:802:1:1	54.113757	12.159919	bus	MATCHED	w323806936	7.2	0.66	Jawaharlal-Nehru-Straße	19,45,49,F2	Rostock, Martin-Luther-King-Al	Martin-Luther-King-Allee	LINESTRING(12.159919 54.113757,12.159809822900984 54.113749385101904)
313	Rostock	Jawaharal-Nehru-Str. 	de:13003:802:1:2	54.114252	12.158446	bus	MATCHED	w323806935	11.2	0.6	Jawaharlal-Nehru-Straße	19,45,49,F2	Rostock, Albert-Schweitzer-Str	Albert-Schweitzer-Straße	LINESTRING(12.158446 54.114252,12.15861705857428 54.11424940347504)
314	Rostock	Jawaharal-Nehru-Str. 	de:13003:802:2:3	54.113251	12.159093		NO_MATCH_AND_SEEMS_UNSERVED								POINT(12.159093 54.113251)
315	Rostock	Jawaharal-Nehru-Str. 	de:13003:802:3:4	54.113341	12.154763		NO_MATCH_AND_SEEMS_UNSERVED								POINT(12.154763 54.113341)
316	Rostock	Joachim-Jungius-Str	de:13003:1728:1:1	54.077877	12.113279	bus	MATCHED	w461936668	51.4	0.35	Joachim.-Jungius-Straße	39,F1	Rostock Beim Pulverturm	Beim Pulverturm	LINESTRING(12.113279 54.077877,12.112532474005473 54.0777349044515)
317	Rostock	Joachim-Jungius-Str	de:13003:1728:1:2	54.077834	12.11344	bus	MATCHED	w436207461	12.5	0.58	Joachim.-Jungius-Straße	39,F1	Rostock, Erich-Schlesinger-Str.	Erich-Schlesinger-Straße	LINESTRING(12.11344 54.077834,12.113631484360052 54.077834842159085)
318	Rostock	Jürgeshof	de:13003:398:1:1	54.168174	12.194989	bus	MATCHED	w620941385	3.5	1.0	Jürgeshof	18	Rostock Nienhager Koppel	Nienhager Koppel	LINESTRING(12.194989 54.168174,12.19503325 54.16819185000001)
319	Rostock	Jürgeshof	de:13003:398:1:2	54.168064	12.196876	bus	MATCHED	n3336552651	7.6	1.0	Jürgeshof	18	Niederhagen	Niederhagen	LINESTRING(12.196876 54.168064,12.196776900000001 54.168027800000004)
320	Rostock	KGA Warnemünde Werft	de:13003:1809:1:1	54.164156	12.077867		NO_MATCH_AND_SEEMS_UNSERVED								POINT(12.077867 54.164156)
321	Rostock	KGA Warnemünde Werft	de:13003:1809:1:2	54.164014	12.077777		NO_MATCH_AND_SEEMS_UNSERVED								POINT(12.077777 54.164014)
322	Rostock	Kabutzenhof	de:13003:804:1:4	54.091935	12.112461	tram	MATCHED	n104287719	10.6	0.58	Kabutzenhof	1,2,3,4,5,6	Rostock, Maßmannstraße	Maßmannstraße	LINESTRING(12.112461 54.091935,12.1125839 54.091873500000005)
323	Rostock	Kabutzenhof	de:13003:804:2:1	54.091919	12.112677	bus	MATCHED	w139659421	5.1	0.77	Kabutzenhof	F1	Rostock, Maßmannstraße	Maßmannstraße	LINESTRING(12.112677 54.091919,12.112726466971829 54.09188352356936)
324	Rostock	Kabutzenhof	de:13003:804:2:2	54.091846	12.112488	bus	MATCHED	w139659405	14.0	0.59	Kabutzenhof	F1	Rostock, Volkstheater	Volkstheater	LINESTRING(12.112488 54.091846,12.112669687726116 54.09177925376298)
325	Rostock	Kabutzenhof	de:13003:804:4:3	54.091793	12.112722	tram	MATCHED	n1530755176	5.2	0.72	Kabutzenhof	1,2,3,4,5,6	Rostock, Volkstheater	Volkstheater	LINESTRING(12.112722 54.091793,12.1127985 54.091779100000004)
326	Rostock	Kabutzenhof Fähre	de:13003:1460:1:1	54.095007	12.114563	ferry	MATCHED	n269202659	0.2	0.94	Kabutzenhof Fähre	FÄ2	Rostock Gehlsdorf Fähre	Gehlsdorf Fähre	LINESTRING(12.114563 54.095007,12.114566100000001 54.095006000000005)
327	Rostock	Kabutzenhof Fähre	de:13003:1460:1:2	54.095007	12.114554		MATCHED	n5454745975	23.6	0.2	Am Kabutzenhof				LINESTRING(12.114554 54.095007,12.114282800000002 54.0948671)
328	Rostock	Kassebohm	de:13003:1640:1:3	54.079231	12.163665		NO_MATCH_AND_SEEMS_UNSERVED								POINT(12.163665 54.079231)
329	Rostock	Kassebohm	de:13003:1640:2:1	54.079726	12.16397	train	MATCHED	n278194134	47.5	0.22	Rostock-Kassebohm	RB12	Rostock Hauptbahnhof / Rostock Hauptbahnhof / Rostock Hauptbahnhof / Rostock Hauptbahnhof / Rostock Hauptbahnhof	Gleis 9	LINESTRING(12.16397 54.079726,12.1632849 54.0795861)
330	Rostock	Kassebohm	de:13003:1640:2:2	54.079832	12.163791	train	MATCHED	n322721735	44.4	0.23	Rostock-Kassebohm	RB12	Bentwisch Bahnhof / Bentwisch Bahnhof		LINESTRING(12.163791 54.079832,12.1634665 54.079481900000005)
331	Rostock	Kassebohm Nord	de:13003:1444:1:1	54.075874	12.177823	bus	MATCHED	n3343022815	11.9	0.51	Kassebohm Nord	22,F4	Rostock Wossidlopark / Rostock, Hüerbaasweg	Wossidlopark / Hüerbaasweg	LINESTRING(12.177823 54.075874,12.1778445 54.075768200000006)
332	Rostock	Kassebohm Nord	de:13003:1444:1:2	54.075062	12.178487		NO_MATCH_AND_SEEMS_UNSERVED								POINT(12.178487 54.075062)
333	Rostock	Kassebohm Süd	de:13003:806:1:1	54.072316	12.182269	bus	MATCHED	w114095286	12.3	0.65	Kassebohm Süd	22	Rostock Kessiner Weg	Kessiner Weg	LINESTRING(12.182269 54.072316,12.182456223540601 54.072317999416484)
334	Rostock	Kassebohm Süd	de:13003:806:1:2	54.072474	12.182628	bus	MATCHED	w114095290	9.3	0.7	Kassebohm Süd	22			LINESTRING(12.182628 54.072474,12.182487656627584 54.0724616478462)
335	Rostock	Katerweg	de:13003:805:1:1	54.100506	12.173133	tram	MATCHED	n59769017	10.6	0.58	Katerweg	3,4,5	Rostock, Dierkow-Zentrum	Dierkow-Zentrum	LINESTRING(12.173133 54.100506,12.1729891 54.1005491)
336	Rostock	Katerweg	de:13003:805:1:2	54.100806	12.172379	tram	MATCHED	n1530755179	17.5	0.48	Katerweg	3,4,5	Rostock Dierkower Allee		LINESTRING(12.172379 54.100806,12.1725955 54.1007144)
337	Rostock	Katerweg	de:13003:805:2:3	54.10097	12.171741	bus	MATCHED	n3362465921	60.5	0.37	Katerweg	F2	Rostock Am Petridamm	Am Petridamm	LINESTRING(12.171741 54.10097,12.172410300000001 54.10059450000001)
338	Rostock	Katerweg	de:13003:805:2:4	54.100943	12.171983	bus	MATCHED	n3362465918	65.5	0.35	Katerweg	F2	Rostock, Dierkow-Zentrum	Dierkow-Zentrum	LINESTRING(12.171983 54.100943,12.172703700000001 54.1005346)
339	Rostock	Kessiner Berg	de:13003:807:1:1	54.071367	12.165156	bus	MATCHED	n7389985837	20.0	0.4	Rostock, Kessiner Berg	113	Kessin, ORC		LINESTRING(12.165156 54.071367,12.1651357 54.071546500000004)
340	Rostock	Kessiner Berg	de:13003:807:1:2	54.070708	12.165722	bus	MATCHED	n7389999575	2.3	0.88	Rostock, Kessiner Berg	113	Rostock Röthsoll	Rostock, Röthsoll	LINESTRING(12.165722 54.070708,12.165697100000001 54.0706934)
341	Rostock	Kessiner Weg	de:13003:3058:1:1	54.071035	12.179071	bus	MATCHED	n3340691339	74.0	0.34	Kessiner Weg	22	Rostock, Zu den Söllen	Zu den Söllen	LINESTRING(12.179071 54.071035,12.177942300000002 54.07107250000001)
342	Rostock	Kessiner Weg	de:13003:3058:1:2	54.070988	12.178963	bus	MATCHED	w114095295	3.9	0.83	Kessiner Weg	22	Rostock, Kassebohm Süd	Kassebohm Süd	LINESTRING(12.178963 54.070988,12.1789122 54.07097015000001)
343	Rostock	Kirchenplatz	de:13003:808:1:1	54.104109	12.114716	bus	MATCHED	w323806937	6.2	0.77	Kirchenplatz	45,F2	Rostock, Fährstr. Michaelshof	Fährstraße Michaelshof	LINESTRING(12.114716 54.104109,12.114674772594238 54.104158868639885)
344	Rostock	Kirchenplatz	de:13003:808:1:2	54.104509	12.114572	bus	MATCHED	n3301519462	3.3	0.84	Kirchenplatz	45,F2	Rostock, Schöffenweg	Schöffenweg	LINESTRING(12.114572 54.104509,12.1146165 54.104494800000005)
345	Rostock	Kirchenplatz	de:13003:808:1:3	54.102871	12.116566	bus	NO_MATCH_AND_SEEMS_UNSERVED								POINT(12.116566 54.102871)
346	Rostock	Kirchenplatz	de:13003:808:1:4	54.102924	12.116647	bus	NO_MATCH_AND_SEEMS_UNSERVED								POINT(12.116647 54.102924)
347	Rostock	Klinikum Süd	de:13003:809:1:3	54.072901	12.107601	tram	MATCHED	n1530755188	24.4	0.41	Klinikum Süd	4,6	Rostock, Robert-Koch-Straße	Robert-Koch-Straße	LINESTRING(12.107601 54.072901,12.1079453 54.072816100000004)
348	Rostock	Klinikum Süd	de:13003:809:1:4	54.073007	12.107592	tram	MATCHED	n250137227	4.6	0.74	Klinikum Süd	4,6	Rostock Campus Südstadt	Campus Südstadt	LINESTRING(12.107592 54.073007,12.107534600000001 54.07298290000001)
349	Rostock	Klinikum Süd	de:13003:809:2:1	54.072743	12.107736	bus	MATCHED	n339343121	6.2	0.77	Rostock, Klinikum Süd	102,F1	Rostock, Robert-Koch-Straße	Robert-Koch-Straße	LINESTRING(12.107736 54.072743,12.107650600000001 54.0727672)
350	Rostock	Klinikum Süd	de:13003:809:2:2	54.073091	12.107799	bus	NO_MATCH_BUT_OTHER_PLATFORM_MATCHED					102,F1	Rostock Campus Südstadt		POINT(12.107799 54.073091)
351	Rostock	Klinikum Süd	de:13003:809:2:5	54.073043	12.107808		MATCHED	n339343123	3.3	0.72	Rostock, Klinikum Süd			Rostock Campus Südstadt	LINESTRING(12.107808 54.073043,12.107848500000001 54.073060500000004)
352	Rostock	Klinikum Süd	de:13003:809:2:6	54.072817	12.107628		NO_MATCH_AND_SEEMS_UNSERVED								POINT(12.107628 54.072817)
353	Rostock	Kopenhagener Straße	de:13003:1814:1:1	54.134172	12.046902	bus	MATCHED	w1356193315	1.9	0.89	Kopenhagener Straße	31	Rostock, Ostseeallee	Ostseeallee	LINESTRING(12.046902 54.134172,12.046876226881295 54.13416445069283)
354	Rostock	Kopenhagener Straße	de:13003:1814:1:2	54.134088	12.047405	bus	MATCHED	w1356193314	35.4	0.46	Kopenhagener Straße	31	Rostock Stockholmer Straße	Stockholmer Straße	LINESTRING(12.047405 54.134088,12.046863668635286 54.13408497314493)
355	Rostock	Kraftwerk	de:13003:811:1:1	54.140777	12.128541	bus	MATCHED	w1360682368	143.4	0.11	Kraftwerk	19	Rostock Am Eisenwerk 	Am Eisenwerk	LINESTRING(12.128541 54.140777,12.128695906778642 54.14206234105377)
356	Rostock	Kreuzfahrtterminal	de:13003:3072:1:1	54.150001	12.101151		NO_MATCH_AND_SEEMS_UNSERVED								POINT(12.101151 54.150001)
357	Rostock	Krummendorf	de:13003:813:1:1	54.133746	12.109811	bus	MATCHED	w643954782	2.6	0.87	Krummendorf	45	Rostock, Oldendorf	Oldendorf	LINESTRING(12.109811 54.133746,12.10980961701672 54.133722869624734)
358	Rostock	Krummendorf	de:13003:813:1:2	54.133883	12.110629	bus	MATCHED	w329343737	0.7	0.94	Krummendorf	45	Rostock, Heidenholzmoor	Heidenholzmoor	LINESTRING(12.110629 54.133883,12.11063925 54.133880000000005)
359	Rostock	Krummendorf	de:13003:813:1:3	54.13402	12.110224		NO_MATCH_AND_SEEMS_UNSERVED								POINT(12.110224 54.13402)
360	Rostock	Krummendorf Nord	de:13003:814:1:1	54.13573	12.121238	bus	MATCHED	w327284859	10.2	0.69	Krummendorf Nord	19,49	Rostock, Bahnbetriebswerk	Bahnbetriebswerk	LINESTRING(12.121238 54.13573,12.121084232989345 54.13574664170779)
361	Rostock	Krummendorf Nord	de:13003:814:1:2	54.135709	12.121678	bus	MATCHED	w327284863	7.4	0.74	Krummendorf Nord	19,49	Rostock, Seehafen Fähre / Rostock, Seehafen Ost / Rostock Am Seehafen (Bus)	Seehafen Fähre / Seehafen Ost	LINESTRING(12.121678 54.135709,12.12179007637507 54.13570253102292)
362	Rostock	Kröpeliner Tor	de:13003:812:1:3	54.089817	12.129987	tram	MATCHED	n1530755194	0.4	0.94	Kröpeliner Tor	1,2,4,5,6	Rostock, Lange Straße	Lange Straße	LINESTRING(12.129987 54.089817,12.129986200000001 54.0898204)
363	Rostock	Kröpeliner Tor	de:13003:812:1:4	54.089854	12.129062	tram	MATCHED	n30251829	4.8	0.73	Kröpeliner Tor	1,2,4,5,6	Rostock, Doberaner Platz / Rostock, Doberaner Platz / Rostock, Schröderplatz		LINESTRING(12.129062 54.089854,12.1290087 54.089824)
364	Rostock	Kröpeliner Tor	de:13003:812:2:1	54.089944	12.12943	bus	MATCHED	n3362137839	4.2	0.65	Kröpeliner Tor, Bahnsteig C	F1	Rostock, Doberaner Platz		LINESTRING(12.12943 54.089944,12.129443700000001 54.089981200000004)
365	Rostock	Kröpeliner Tor	de:13003:812:2:2	54.089728	12.129466	bus	MATCHED	n3362137838	7.6	0.73	Kröpeliner Tor	F1	Rostock, Lange Straße	Lange Straße	LINESTRING(12.129466 54.089728,12.1294731 54.08965980000001)
366	Rostock	Kulturzentrum	de:13003:815	54.070302	12.135521		MATCHED	w1337243121	41.1	0.09	Zur Mooskuhle			Schwaaner Landstraße	LINESTRING(12.135521 54.070302,12.135960203070331 54.07056537000861)
367	Rostock	Kunsthalle	de:13003:816:1:1	54.099574	12.086904	tram	MATCHED	n240405130	5.4	0.71	Kunsthalle	1,2,5	Rostock Reutershagen / Rostock Reutershagen	Reutershagen	LINESTRING(12.086904 54.099574,12.086982200000001 54.0995575)
368	Rostock	Kunsthalle	de:13003:816:2:2	54.099421	12.086841	bus	MATCHED	w302292814	9.5	0.7	Kunsthalle	F1	Rostock Heinrich-Schütz-Str	Heinrich-Schütz-Straße	LINESTRING(12.086841 54.099421,12.086792292832873 54.099340749740556)
369	Rostock	Kunsthalle	de:13003:816:3:3	54.099595	12.08667	tram	MATCHED	n1530755200	2.3	0.84	Kunsthalle	1,2,5	Rostock Heinrich-Schütz-Str	Heinrich-Schütz-Straße	LINESTRING(12.08667 54.099595,12.086638 54.099602700000005)
370	Rostock	Kunsthalle	de:13003:816:4:4	54.099384	12.086787	bus	MATCHED	w302292813	11.0	0.67	Kunsthalle	F1	Rostock Reutershagen		LINESTRING(12.086787 54.099384,12.086916190137865 54.09944694274873)
371	Rostock	Kunsthalle	de:13003:816:5:5	54.098468	12.089662		NO_MATCH_AND_SEEMS_UNSERVED								POINT(12.089662 54.098468)
372	Rostock	Kuphalstraße	de:13003:817:1:1	54.093774	12.085422	bus	MATCHED	w142499300	76.9	0.33	Kuphalstraße	25,39,F2	Rostock, Ulrich-von-Hutten-Str	Ulrich-von-Hutten-Straße	LINESTRING(12.085422 54.093774,12.084779041126385 54.09435261088748)
373	Rostock	Kuphalstraße	de:13003:817:1:2	54.093416	12.085467	bus	MATCHED	w142499313	15.1	0.62	Kuphalstraße	25,39,F2	Rostock, Tschaikowskistraße	Tschaikowskistraße	LINESTRING(12.085467 54.093416,12.0853887527726 54.09354366029482)
374	Rostock	Kurt-Schumacher-Ring	de:13003:818:1:1	54.108991	12.165363	tram	MATCHED	n1530755205	13.7	0.53	Kurt-Schumacher-Ring	2	Rostock, Hinrichsdorfer Straße	Hinrichsdorfer Straße	LINESTRING(12.165363 54.108991,12.1652845 54.10887700000001)
375	Rostock	Kurt-Schumacher-Ring	de:13003:818:1:2	54.108465	12.164779	tram	MATCHED	n281842199	12.9	0.54	Kurt-Schumacher-Ring	2			LINESTRING(12.164779 54.108465,12.164891 54.1085599)
376	Rostock	Kurt-Schumacher-Ring	de:13003:818:1:5	54.108902	12.165668		NO_MATCH_AND_SEEMS_UNSERVED								POINT(12.165668 54.108902)
377	Rostock	Kurt-Schumacher-Ring	de:13003:818:2:3	54.108206	12.164671	bus	MATCHED	w139659668	1.3	0.92	Kurt-Schumacher-Ring	16,18,19,45,49,F2,X41	Rostock, Lorenzstraße	Lorenzstraße	LINESTRING(12.164671 54.108206,12.164684085583401 54.10819743950048)
378	Rostock	Kurt-Schumacher-Ring	de:13003:818:2:4	54.107912	12.16468	bus	MATCHED	w139659635	5.5	0.78	Kurt-Schumacher-Ring	16,18,19,45,49,F2,X41	Rostock, Martin-Luther-King-Al	Martin-Luther-King-Allee	LINESTRING(12.16468 54.107912,12.164610283909624 54.10788406935396)
379	Rostock	Kurt-Schumacher-Ring	de:13003:818:2:5	54.10896	12.164527		NO_MATCH_AND_SEEMS_UNSERVED								POINT(12.164527 54.10896)
380	Rostock	Lange Straße	de:13003:819:1:3	54.089902	12.134057	tram	MATCHED	n1530755209	12.2	0.55	Lange Straße	1,2,4,5,6	Rostock Neuer Markt		LINESTRING(12.134057 54.089902,12.1342434 54.0899086)
381	Rostock	Lange Straße	de:13003:819:1:4	54.089986	12.134874	tram	MATCHED	n30251831	8.1	0.64	Lange Straße	1,2,4,5,6	Rostock, Kröpeliner Tor	Kröpeliner Tor	LINESTRING(12.134874 54.089986,12.134766500000001 54.08995)
382	Rostock	Lange Straße	de:13003:819:2:1	54.090028	12.134263	bus	MATCHED	n3362368412	6.9	0.75	Lange Straße	F1	Rostock, Kröpeliner Tor	Kröpeliner Tor, Bahnsteig C	LINESTRING(12.134263 54.090028,12.1343084 54.090084100000006)
383	Rostock	Lange Straße	de:13003:819:2:2	54.089823	12.133994	bus	MATCHED	n3362368411	7.0	0.75	Lange Straße	F1	Rostock Neuer Markt	Neuer Markt	LINESTRING(12.133994 54.089823,12.1339933 54.0897603)
384	Rostock	Langenort	de:13003:820:1:1	54.118938	12.105203	bus	MATCHED	n3301519463	1.6	0.91	Langenort	45,F2	Rostock, Langenort Hufe	Langenort Hufe	LINESTRING(12.105203 54.118938,12.105198000000001 54.1189243)
385	Rostock	Langenort	de:13003:820:1:2	54.119233	12.104502	bus	MATCHED	n3301519464	32.2	0.47	Langenort	45,F2	Rostock, Warnowblick / Rostock, Warnowblick	Warnowblick	LINESTRING(12.104502 54.119233,12.104951400000001 54.1191138)
386	Rostock	Langenort Hufe	de:13003:821:1:1	54.115679	12.110233	bus	MATCHED	w323800042	3.0	0.85	Langenort Hufe	45,F2	Rostock, Pressentinstraße	Pressentinstraße	LINESTRING(12.110233 54.115679,12.110257655368816 54.11570195747233)
387	Rostock	Langenort Hufe	de:13003:821:1:2	54.116595	12.110943	bus	MATCHED	w323800040	1.6	0.91	Langenort Hufe	45,F2	Rostock, Langenort	Langenort	LINESTRING(12.110943 54.116595,12.110948500000001 54.11658130000001)
388	Rostock	Leibnizplatz	de:13003:822:1:1	54.081581	12.140012		NO_MATCH_AND_SEEMS_UNSERVED								POINT(12.140012 54.081581)
389	Rostock	Leibnizplatz	de:13003:822:1:2	54.081186	12.138952		NO_MATCH_AND_SEEMS_UNSERVED								POINT(12.138952 54.081186)
390	Rostock	Leibnizplatz	de:13003:822:1:3	54.081423	12.139725		NO_MATCH_AND_SEEMS_UNSERVED								POINT(12.139725 54.081423)
391	Rostock	Leibnizplatz	de:13003:822:1:4	54.081339	12.13933		NO_MATCH_AND_SEEMS_UNSERVED								POINT(12.13933 54.081339)
392	Rostock	Leibnizplatz	de:13003:822:2:1	54.081581	12.140012		NO_MATCH_AND_SEEMS_UNSERVED								POINT(12.140012 54.081581)
393	Rostock	Leibnizplatz	de:13003:822:2:2	54.081186	12.138952		NO_MATCH_AND_SEEMS_UNSERVED								POINT(12.138952 54.081186)
394	Rostock	Lessingstraße	de:13003:823:1:1	54.074704	12.138728		NO_MATCH_AND_SEEMS_UNSERVED								POINT(12.138728 54.074704)
395	Rostock	Lessingstraße	de:13003:823:1:2	54.074651	12.138404		NO_MATCH_AND_SEEMS_UNSERVED								POINT(12.138404 54.074651)
396	Rostock	Lichtenhagen	de:13003:840	54.152284	12.070698		NO_MATCH_AND_SEEMS_UNSERVED								POINT(12.070698 54.152284)
397	Rostock	Liebherrstraße Nord	de:13003:3059:1:1	54.154278	12.116396	bus	MATCHED	w1442843738	108.4	0.11	Liebherrstraße Nord	19,49	Rostock Liebherrstraße Süd	Liebherrstraße Süd	LINESTRING(12.116396 54.154278,12.117822150000002 54.15378045)
398	Rostock	Liebherrstraße Süd	de:13003:1830:1:1	54.15069	12.119189	bus	MATCHED	n13234435434	17.9	0.58	Liebherrstraße Süd	19,49	Rostock Am Eisenwerk  / Rostock, Seehafen Ost		LINESTRING(12.119189 54.15069,12.119407500000001 54.1507864)
399	Rostock	Liebherrstraße Süd	de:13003:1830:1:2	54.150811	12.11954	bus	MATCHED	n13239268550	12.0	0.66	Liebherrstraße Süd	19,49	Rostock Liebherrstraße Nord	Liebherrstraße Nord	LINESTRING(12.11954 54.150811,12.119446100000001 54.150718000000005)
400	Rostock	Lomonossowstraße	de:13003:824:1:1	54.065099	12.117213	tram	MATCHED	n252965732	6.2	0.69	Lomonossowstraße	2,5	Rostock, Charles-Darwin-Ring		LINESTRING(12.117213 54.065099,12.117262 54.0650509)
401	Rostock	Lomonossowstraße	de:13003:824:1:2	54.06511	12.117357	tram	MATCHED	n1530755246	21.8	0.43	Lomonossowstraße	2,5	Rostock, Majakowskistraße	Majakowskistraße	LINESTRING(12.117357 54.06511,12.117291000000002 54.065302100000004)
402	Rostock	Lomonossowstraße	de:13003:824:1:4	54.065226	12.117564	bus	MATCHED	w328366440	4.8	0.8	Lomonossowstraße	F1	Rostock, Majakowskistraße	Majakowskistraße	LINESTRING(12.117564 54.065226,12.1175880500573 54.065266750435406)
403	Rostock	Lomonossowstraße	de:13003:824:2:3	54.064915	12.117384	bus	MATCHED	w139659639	1.0	0.93	Lomonossowstraße	F1	Rostock, Charles-Darwin-Ring	Charles-Darwin-Ring	LINESTRING(12.117384 54.064915,12.117371374593677 54.06490980276938)
404	Rostock	Lorenzstraße	de:13003:825:1:1	54.104715	12.160117	tram	MATCHED	n59769027	11.0	0.57	Lorenzstraße	3,4,5	Rostock Dierkower Kreuz	Dierkower Kreuz	LINESTRING(12.160117 54.104715,12.159987500000002 54.104777500000004)
405	Rostock	Lorenzstraße	de:13003:825:1:2	54.104667	12.159991	tram	MATCHED	n1530755252	19.0	0.46	Lorenzstraße	3,4,5	Rostock, Dierkow-Zentrum	Dierkow-Zentrum	LINESTRING(12.159991 54.104667,12.160178100000001 54.1045359)
406	Rostock	Lorenzstraße	de:13003:825:2:3	54.105131	12.160126	bus	MATCHED	w139659619	1.8	0.9	Lorenzstraße	16,18,19,45,49,F2,X41	Rostock Dierkower Kreuz / Rostock Dierkower Kreuz	Dierkower Kreuz	LINESTRING(12.160126 54.105131,12.16014495 54.105142300000004)
407	Rostock	Lorenzstraße	de:13003:825:2:4	54.104657	12.159398	bus	MATCHED	w139659606	0.9	0.94	Lorenzstraße	16,18,19,45,49,F2,X41	Rostock, Kurt-Schumacher-Ring	Kurt-Schumacher-Ring	LINESTRING(12.159398 54.104657,12.159411 54.104657)
408	Rostock	Lorenzstraße	de:13003:825:2:5	54.103398	12.159102		NO_MATCH_AND_SEEMS_UNSERVED								POINT(12.159102 54.103398)
409	Rostock	Lorenzstraße	de:13003:825:2:6	54.103509	12.159039		NO_MATCH_AND_SEEMS_UNSERVED								POINT(12.159039 54.103509)
410	Rostock	Lütten Klein	de:13003:1503	54.138141	12.064868		MATCHED	n5258680272	8.1	0.51	Rostock-Lütten Klein				LINESTRING(12.064868 54.138141,12.064989200000001 54.1381248)
411	Rostock	Lütten Klein Zentrum	de:13003:1445:1:5	54.138025	12.054592	tram	MATCHED	w1212466465	11.8	0.56	Lütten Klein Zentrum	1,5	Rostock, Warnowallee	Warnowallee	LINESTRING(12.054592 54.138025,12.054772292961582 54.13803268585733)
412	Rostock	Lütten Klein Zentrum	de:13003:1445:2:1	54.138077	12.055409	bus	MATCHED	w1212466467	10.2	0.69	Lütten Klein Zentrum	119,122,45,49,X41	Rostock, S Lütten Klein / Rostock, S Lütten Klein	S Lütten Klein	LINESTRING(12.055409 54.138077,12.055524464751949 54.138015615738276)
413	Rostock	Lütten Klein Zentrum	de:13003:1445:2:2	54.138298	12.053199		MATCHED	n282839274	85.5	0.1	Lütten-Klein Zentrum			Warnowallee	LINESTRING(12.053199 54.138298,12.054422500000001 54.1380269)
414	Rostock	Lütten Klein Zentrum	de:13003:1445:2:3	54.138072	12.054816	bus	MATCHED	w139659474	8.5	0.69	Lütten Klein Zentrum	31,F3	Rostock, S Lütten Klein / Rostock, S Lütten Klein	S Lütten Klein	LINESTRING(12.054816 54.138072,12.054935289749123 54.138041622461095)
415	Rostock	Lütten Klein Zentrum	de:13003:1445:2:4	54.139683	12.0509		NO_MATCH_AND_SEEMS_UNSERVED								POINT(12.0509 54.139683)
416	Rostock	Lütten Klein Zentrum	de:13003:1445:3:6	54.137967	12.054924	tram	MATCHED	w139659318	10.2	0.66	Lütten Klein Zentrum	1,5	Rostock, St. Petersburger Stra	St. Petersburger Straße	LINESTRING(12.054924 54.137967,12.054770348114115 54.137953119374885)
417	Rostock	Lütten Klein Zentrum	de:13003:1445:4:2	54.138298	12.053199	bus	MATCHED	w328655627	15.7	0.61	Lütten Klein Zentrum	119,122,45,49,F3,X41	Rostock, Warnowallee / Lichtenhagen, Dorf / Lichtenhagen, Ahrensholt	Lichtenhagen, Dorf / Warnowallee	LINESTRING(12.053199 54.138298,12.053436502913657 54.13831630402691)
418	Rostock	Lütten Klein Zentrum	de:13003:1445:6:6	54.137514	12.053927	bus	MATCHED	w1356199270	2.2	0.88	Lütten Klein Zentrum	31	Rostock Stockholmer Straße	Stockholmer Straße	LINESTRING(12.053927 54.137514,12.053938601967115 54.13753232490285)
419	Rostock	Majakowskistraße	de:13003:826:1:3	54.069707	12.116315	tram	MATCHED	n1530755273	2.7	0.81	Majakowskistraße	2,5	Rostock, Südstadt-Center	Südstadt-Center	LINESTRING(12.116315 54.069707,12.1162839 54.06972330000001)
420	Rostock	Majakowskistraße	de:13003:826:1:4	54.069443	12.116225	tram	MATCHED	n281843883	1.3	0.88	Majakowskistraße	2,5	Rostock, Lomonossowstraße	Lomonossowstraße	LINESTRING(12.116225 54.069443,12.1162451 54.0694444)
421	Rostock	Majakowskistraße	de:13003:826:2:1	54.069533	12.11662	bus	MATCHED	n3362368413	31.0	0.48	Majakowskistraße	26,F1	Rostock, Robert-Koch-Straße / Rostock, Robert-Koch-Straße	Robert-Koch-Straße / Rostock, Robert-Koch-Straße	LINESTRING(12.11662 54.069533,12.1166634 54.0692558)
422	Rostock	Majakowskistraße	de:13003:826:2:2	54.069496	12.116387	bus	NO_MATCH_BUT_OTHER_PLATFORM_MATCHED					106,26,F1	Rostock, Lomonossowstraße / Rostock, Galileistraße / Sildemow, in der Seekoppel / Sildemow, Abzweig		POINT(12.116387 54.069496)
423	Rostock	Majakowskistraße	de:13003:826:2:5	54.069417	12.116566		NO_MATCH_AND_SEEMS_UNSERVED								POINT(12.116566 54.069417)
424	Rostock	Majakowskistraße	de:13003:826:2:6	54.069285	12.11645		MATCHED	w139659605	5.9	0.61	Majakowskistraße			Galileistraße / Lomonossowstraße	LINESTRING(12.11645 54.069285,12.1163613 54.069278649999994)
425	Rostock	Markgrafenheide	de:13003:828:1:1	54.193545	12.145744	bus	MATCHED	w326947425	4.0	0.82	Markgrafenheide	17,18	Rostock, Schulzenwiese / Rostock Campingplatz	Schulzenwiese / Campingplatz	LINESTRING(12.145744 54.193545,12.145698554209195 54.19352108384546)
426	Rostock	Markgrafenheide	de:13003:828:1:2	54.193629	12.1456	bus	MATCHED	w326947427	7.3	0.74	Markgrafenheide	17,18	Rostock, Taterhörn	Taterhörn	LINESTRING(12.1456 54.193629,12.145711803013008 54.19362438783801)
427	Rostock	Markgrafenheide Strand	de:13003:1698:1:1	54.20096	12.154763	bus	MATCHED	w659773642	38.6	0.26	Markgrafenheide, StrandResort	17	Rostock Campingplatz	Campingplatz	LINESTRING(12.154763 54.20096,12.154404750000001 54.200684649999985)
428	Rostock	Markt Reutershagen	de:13003:829:1:1	54.099095	12.072252	bus	MATCHED	w116595478	8.8	0.71	Markt Reutershagen	121,128,25,39	Rostock, Etkar-Andree-Straße	Etkar-André-Straße / Deutsche-Med-Platz	LINESTRING(12.072252 54.099095,12.072383579692707 54.099112545079834)
429	Rostock	Markt Reutershagen	de:13003:829:1:2	54.099	12.072468	bus	MATCHED	w116595482	3.2	0.77	Markt Reutershagen	121,128,25,39,F2	Rostock, Schwimmhalle / Rostock Reutershagen / Rostock Immendiek / Rostock, Ulrich-von-Hutten-Str	Immendiek / Reuterhagen / Ulrich-von-Hutten-Straße	LINESTRING(12.072468 54.099,12.072423800064511 54.09898873823704)
430	Rostock	Martin-Luther-King-Al	de:13003:830:1:1	54.111145	12.163306	bus	MATCHED	w323806939	3.7	0.83	Martin-Luther-King-Allee	16,18,19,45,49,F2,X41	Rostock, Kurt-Schumacher-Ring	Kurt-Schumacher-Ring	LINESTRING(12.163306 54.111145,12.16331010336335 54.11117803118964)
431	Rostock	Martin-Luther-King-Al	de:13003:830:1:2	54.111082	12.163387	bus	MATCHED	w323806938	8.1	0.72	Martin-Luther-King-Allee	16,18,19,45,49,F2,X41	Rostock, Neu Hinrichsdorf / Rostock, Brückenweg / Rostock, S Lütten Klein / Rostock, Jawaharal-Nehru-Str.	Neu Hinrichsdorf / Brückenweg / S Lütten Klein / Jawaharlal-Nehru-Straße	LINESTRING(12.163387 54.111082,12.163370882698572 54.11100966258109)
432	Rostock	Martin-Luther-King-Al	de:13003:830:2:3	54.110871	12.162587		NO_MATCH_AND_SEEMS_UNSERVED								POINT(12.162587 54.110871)
433	Rostock	Martin-Luther-King-Al	de:13003:830:2:4	54.110966	12.162479		NO_MATCH_AND_SEEMS_UNSERVED								POINT(12.162479 54.110966)
434	Rostock	Martin-Luther-King-Al	de:13003:830:3:5	54.109692	12.163279		NO_MATCH_AND_SEEMS_UNSERVED								POINT(12.163279 54.109692)
435	Rostock	Martin-Luther-King-Al	de:13003:830:3:6	54.109607	12.163638		NO_MATCH_AND_SEEMS_UNSERVED								POINT(12.163638 54.109607)
436	Rostock	Martin-Niemöller-Str. 	de:13003:831:1:1	54.109381	12.154655	tram	MATCHED	n1530755300	13.4	0.48	Martin-Niemöller-Straße	1	Rostock Dierkower Kreuz	Dierkower Kreuz	LINESTRING(12.154655 54.109381,12.154825800000001 54.109314700000006)
437	Rostock	Martin-Niemöller-Str. 	de:13003:831:1:2	54.109123	12.155257	tram	MATCHED	n1530755293	10.2	0.54	Martin-Niemöller-Straße	1	Rostock, Hölderlinweg	Hölderlinweg	LINESTRING(12.155257 54.109123,12.155127 54.109173000000006)
438	Rostock	Martin-Niemöller-Str. 	de:13003:831:2:3	54.109328	12.155257		NO_MATCH_AND_SEEMS_UNSERVED								POINT(12.155257 54.109328)
439	Rostock	Maxim-Gorki-Str. 	de:13003:833:1:1	54.122781	12.052696	bus	MATCHED	w328353605	4.3	0.71	Maxim-Gorki-Straße	25,38	Rostock, Thomas-Morus-Straße		LINESTRING(12.052696 54.122781,12.052693173477744 54.12274247949619)
440	Rostock	Maxim-Gorki-Str. 	de:13003:833:1:2	54.121597	12.052184	bus	MATCHED	w328059297	1.6	0.78	Maxim-Gorki-Straße	25,38	Rostock, Theodor-Storm-Straße	Theodor-Storm-Straße	LINESTRING(12.052184 54.121597,12.052163914965174 54.12160559850784)
441	Rostock	Maßmannstraße	de:13003:832:1:1	54.092973	12.108086	tram	MATCHED	n1530755318	3.0	0.8	Maßmannstraße	1,2,3,4,5,6	Rostock, Kabutzenhof	Kabutzenhof	LINESTRING(12.108086 54.092973,12.1081233 54.0929889)
442	Rostock	Maßmannstraße	de:13003:832:2:2	54.092884	12.107925		NO_MATCH_AND_SEEMS_UNSERVED								POINT(12.107925 54.092884)
443	Rostock	Maßmannstraße	de:13003:832:3:3	54.092778	12.108014	bus	MATCHED	n3362368414	5.8	0.78	Maßmannstraße	F1	Rostock, Kabutzenhof	Kabutzenhof	LINESTRING(12.108014 54.092778,12.1081014 54.0927701)
444	Rostock	Maßmannstraße	de:13003:832:4:4	54.092984	12.107691		MATCHED	n28903601	1.9	0.86	Maßmannstraße	1,2,3,4,5,6,F1	Rostock S Holbeinplatz / Rostock S Holbeinplatz	Holbeinplatz	LINESTRING(12.107691 54.092984,12.1076782 54.092968600000006)
445	Rostock	Maßmannstraße	de:13003:832:5:5	54.092436	12.106927		NO_MATCH_AND_SEEMS_UNSERVED								POINT(12.106927 54.092436)
446	Rostock	Mecklenburger Allee	de:13003:834:1:1	54.155135	12.058383	tram	MATCHED	w323471463	15.9	0.5	Mecklenburger Allee	1,5			LINESTRING(12.058383 54.155135,12.058626545931817 54.155133307092555)
447	Rostock	Mecklenburger Allee	de:13003:834:1:2	54.155635	12.058769	tram	MATCHED	w323471462	1.3	0.89	Mecklenburger Allee	1,5	Rostock, Elmenhorster Weg	Elmenhorster Weg	LINESTRING(12.058769 54.155635,12.058762669666974 54.15562433369848)
448	Rostock	Mecklenburger Allee	de:13003:834:2:3	54.155199	12.058625	bus	MATCHED	w139659328	7.3	0.62	Mecklenburger Allee	36,37,38,F3	Rostock Auf dem Kalverradd / Rostock, Elmenhorster Weg / Rostock Bützower Straße	Elmenhorster Weg / Güstrower Straße / Auf dem Kalverradd	LINESTRING(12.058625 54.155199,12.058535347538834 54.155160057057564)
449	Rostock	Mecklenburger Allee	de:13003:834:2:4	54.155556	12.058796	bus	MATCHED	w139659347	5.9	0.77	Mecklenburger Allee	36,37,38,F3			LINESTRING(12.058796 54.155556,12.058761350000003 54.155604800000006)
450	Rostock	Mendelejewstraße	de:13003:835:1:1	54.073987	12.127319	bus	MATCHED	n10658031979	4.1	0.82	Mendelejewstraße	22,39	Rostock, Erich-Schlesinger-Str.	Erich-Schlesinger-Straße	LINESTRING(12.127319 54.073987,12.1273801 54.073981200000006)
451	Rostock	Mendelejewstraße	de:13003:835:1:2	54.073829	12.127643	bus	MATCHED	n3352053689	3.8	0.83	Mendelejewstraße	39	Rostock, Hauptbahnhof Süd		LINESTRING(12.127643 54.073829,12.1276843 54.073804800000005)
452	Rostock	Mendelejewstraße	de:13003:835:1:3	54.073755	12.128954	bus	MATCHED	n3352053690	22.6	0.54	Mendelejewstraße	26	Rostock, Hauptbahnhof Süd / Rostock, Hauptbahnhof Süd		LINESTRING(12.128954 54.073755,12.1291664 54.073594400000005)
453	Rostock	Mendelejewstraße	de:13003:835:1:4	54.073544	12.129026	bus	MATCHED	n10658031978	7.3	0.74	Mendelejewstraße	26	Rostock, Dieselmotorenwerk	Dieselmotorenwerk	LINESTRING(12.129026 54.073544,12.129088600000001 54.073489800000004)
454	Rostock	Messestraße	de:13003:837:1:1	54.111208	12.051978	bus	MATCHED	n3348812226	12.3	0.65	Messestraße	25,39	Rostock, Evershagen Süd / Rostock, Theodor-Storm-Straße	Theodor-Storm-Straße	LINESTRING(12.051978 54.111208,12.0519169 54.1111037)
455	Rostock	Messestraße	de:13003:837:1:2	54.110634	12.051124	bus	MATCHED	w328059298	7.3	0.74	Messestraße	25,39	Rostock, Schutow	Schutow	LINESTRING(12.051124 54.110634,12.051110804373545 54.11069933661623)
456	Rostock	Möllner Straße	de:13003:838:1:1	54.143398	12.057538	bus	MATCHED	w329366186	13.6	0.63	Möllner Straße	38,F3	Rostock, Eutiner Straße	Eutiner Straße	LINESTRING(12.057538 54.143398,12.057593600000002 54.14328020000001)
457	Rostock	Möllner Straße	de:13003:838:1:2	54.142866	12.05734	bus	MATCHED	w329366185	5.2	0.79	Möllner Straße	38,F3	Rostock Rigaer Straße	Rigaer Straße	LINESTRING(12.05734 54.142866,12.057306029423446 54.14290805590979)
458	Rostock	Neu Hinrichsdorf	de:13003:839:1:1	54.124392	12.165947	bus	MATCHED	w308069554	4.4	0.81	Neu Hinrichsdorf	16,18	Rostock, Brückenweg / Rostock, Martin-Luther-King-Al	Martin-Luther-King-Allee / Brückenweg	LINESTRING(12.165947 54.124392,12.165880100373835 54.12438934272222)
459	Rostock	Neu Hinrichsdorf	de:13003:839:1:2	54.124429	12.166306	bus	MATCHED	w447748049	5.4	0.79	Neu Hinrichsdorf	16,18	Rostock, Hinrichsdorf / Rostock, Am Liepengraben	Am Liepengraben / Hinrichsdorf	LINESTRING(12.166306 54.124429,12.166353723993375 54.12438968049881)
460	Rostock	Neu Hinrichsdorf EKZ	de:13003:583:1:1	54.12305	12.169836	bus	MATCHED	n369195568	3.8	0.74	Neu Hinrichsdorf, EKZ	118	Rostock Dierkow Dorf / Goorsdorf / Bentwisch, Gewerbepark	Goorsdorf	LINESTRING(12.169836 54.12305,12.169894500000002 54.123052300000005)
461	Rostock	Neubrandenburger Str	de:13003:841:1:1	54.079326	12.159775	bus	MATCHED	n294942436	22.1	0.35	Rostock, Neubrandenburger Straße	113	Rostock Röthsoll		LINESTRING(12.159775 54.079326,12.1596498 54.079510600000006)
462	Rostock	Neubrandenburger Str	de:13003:841:1:2	54.079895	12.159542	bus	MATCHED_THOUGH_REVERSED_DIR	w436230383	15.0	0.31	Rostock, Neubrandenburger Straße	113	Rostock, Flussbad	Rostock, Rötsoll	LINESTRING(12.159542 54.079895,12.15966365139533 54.079780897154684)
463	Rostock	Neue Reihe	de:13003:646:1:1	54.065474	12.107062	bus	MATCHED	n12484330677	13.6	0.63	Neue Reihe	26	Rostock, Biestow	Biestow	LINESTRING(12.107062 54.065474,12.1069323 54.065378900000006)
464	Rostock	Neue Reihe	de:13003:646:1:2	54.065637	12.107332	bus	MATCHED	n12484330678	2.8	0.86	Neue Reihe	26	Rostock, Robert-Koch-Straße	Robert-Koch-Straße	LINESTRING(12.107332 54.065637,12.107374100000001 54.0656307)
465	Rostock	Neue Reihe	de:13003:646:1:4	54.065563	12.107188		NO_MATCH_AND_SEEMS_UNSERVED								POINT(12.107188 54.065563)
466	Rostock	Neuendorfer Weg	de:13003:842:1:1	54.084627	12.205032	bus	MATCHED	w327514434	10.5	0.68	Neuendorfer Weg	24	Pastow, Nordwest	Pastow Nordwest	LINESTRING(12.205032 54.084627,12.205192949999994 54.084631900000005)
467	Rostock	Neuendorfer Weg	de:13003:842:1:2	54.084575	12.205077	bus	MATCHED	w327514433	5.4	0.79	Neuendorfer Weg	24	Pastow, Gewerbepark	Pastow, Gewerbepark	LINESTRING(12.205077 54.084575,12.204996649202785 54.084584393870784)
468	Rostock	Neuer Friedhof	de:13003:843:1:1	54.073586	12.086581	tram	MATCHED	n250990011	8.6	0.62	Neuer Friedhof	3,6			LINESTRING(12.086581 54.073586,12.086677600000002 54.073638700000004)
469	Rostock	Neuer Friedhof	de:13003:843:1:2	54.073586	12.087317	tram	MATCHED	n250990020	22.8	0.42	Neuer Friedhof	3,6	Rostock, Zoo	Zoo	LINESTRING(12.087317 54.073586,12.087300500000001 54.073790900000006)
470	Rostock	Neuer Friedhof	de:13003:843:1:5	54.072854	12.087587	bus	MATCHED	w1311620787	165.0	0.15	Alter Friedhof	102,29	Rostock Stadtweide	Stadtweide	LINESTRING(12.087587 54.072854,12.08579211518467 54.071813631282154)
471	Rostock	Neuer Friedhof	de:13003:843:2:1	54.072153	12.086572	bus	MATCHED	w142106335	2.8	0.86	Neuer Friedhof	102,29	Rostock Campus Südstadt	Campus Südstadt	LINESTRING(12.086572 54.072153,12.086605103501512 54.07213764962304)
472	Rostock	Neuer Friedhof	de:13003:843:2:3	54.07395	12.087425	bus	MATCHED	w139659615	6.9	0.72	Neuer Friedhof	28	Rostock Campus Südstadt	Campus Südstadt	LINESTRING(12.087425 54.07395,12.087409701684454 54.074011523000074)
473	Rostock	Neuer Friedhof	de:13003:843:2:4	54.074372	12.087551	bus	MATCHED	w139659599	5.7	0.78	Neuer Friedhof	28	Rostock, Zoo	Zoo	LINESTRING(12.087551 54.074372,12.08760097842877 54.07432980803451)
474	Rostock	Neuer Markt	de:13003:844:1:1	54.089069	12.140498		MATCHED	n59769051	9.9	0.61	Neuer Markt	1,2,4,5,6,F1	Rostock, Lange Straße / Rostock, Lange Straße	Lange Straße	LINESTRING(12.140498 54.089069,12.1404701 54.0891564)
475	Rostock	Neuer Markt	de:13003:844:1:2	54.08899	12.140408		MATCHED	n1530755340	18.9	0.48	Neuer Markt	1,2,4,5,6,F1	Rostock, Steintor / IHK / Rostock, Steintor / IHK		LINESTRING(12.140408 54.08899,12.1404741 54.088824800000005)
476	Rostock	Neuer Markt	de:13003:844:2:3	54.088985	12.140345		MATCHED	w139659345	3.3	0.72	Neuer Markt				LINESTRING(12.140345 54.088985,12.14039103402721 54.088973329978636)
477	Rostock	Neuer Markt	de:13003:844:2:4	54.089011	12.140578		MATCHED	w139659312	3.3	0.72	Neuer Markt			Lange Straße	LINESTRING(12.140578 54.089011,12.140552000000001 54.08898510000001)
478	Rostock	Neuer Markt	de:13003:844:2:5	54.090139	12.138845		MATCHED	n2155805205	24.0	0.29	Neuer Markt				LINESTRING(12.138845 54.090139,12.139178900000001 54.090050600000005)
479	Rostock	Neuer Markt	de:13003:844:2:6	54.089938	12.140776		MATCHED	n3348135321	6.7	0.58	Neuer Markt				LINESTRING(12.140776 54.089938,12.14075 54.0898794)
480	Rostock	Nienhagen	de:13003:845:1:1	54.148238	12.171094	bus	MATCHED	w326835897	9.4	0.7	Nienhagen	16,18	Rostock, Güterverkehrszentrum	Güterverkerszentrum	LINESTRING(12.171094 54.148238,12.171113899199883 54.148321708494045)
481	Rostock	Nienhagen	de:13003:845:1:2	54.148717	12.171687	bus	MATCHED	w326835898	13.3	0.64	Nienhagen	16,18	Rostock, Stuthof / Rostock Nienhager Koppel	Stuthof / Nienhager Koppel	LINESTRING(12.171687 54.148717,12.171647345126846 54.148600040569775)
482	Rostock	Nienhagen	de:13003:845:1:3	54.148949	12.174355		NO_MATCH_AND_SEEMS_UNSERVED								POINT(12.174355 54.148949)
483	Rostock	Nienhagen	de:13003:845:1:4	54.148838	12.175074		NO_MATCH_AND_SEEMS_UNSERVED								POINT(12.175074 54.148838)
484	Rostock	Nienhager Koppel	de:13003:846:1:1	54.161758	12.174858	bus	MATCHED	n12526319846	2.0	0.89	Nienhager Koppel	18	Rostock, Nienhagen / Rostock, Stuthof	Stuthof / Nienhagen	LINESTRING(12.174858 54.161758,12.1748408 54.161772400000004)
485	Rostock	Nienhager Koppel	de:13003:846:1:2	54.161721	12.174849	bus	MATCHED	n3336552653	7.1	0.75	Nienhager Koppel	18	Rostock, Jürgeshof	Jürgeshof	LINESTRING(12.174849 54.161721,12.1749138 54.16167)
486	Rostock	Nienhager Koppel	de:13003:846:1:3	54.161384	12.174759		NO_MATCH_AND_SEEMS_UNSERVED								POINT(12.174759 54.161384)
487	Rostock	Nienhager Koppel	de:13003:846:1:4	54.161526	12.174804		NO_MATCH_AND_SEEMS_UNSERVED								POINT(12.174804 54.161526)
488	Rostock	Oldendorf	de:13003:848:1:1	54.132741	12.106442	bus	MATCHED	w329343740	4.8	0.8	Oldendorf	45	Rostock, Warnowrande	Warnowrande	LINESTRING(12.106442 54.132741,12.106385699796052 54.1327126885119)
489	Rostock	Oldendorf	de:13003:848:1:2	54.132804	12.106945	bus	MATCHED	w643949864	3.3	0.84	Oldendorf	45	Rostock, Krummendorf	Krummendorf	LINESTRING(12.106945 54.132804,12.106906900000002 54.13278390000001)
490	Rostock	Osloer Straße	de:13003:850:1:1	54.138293	12.046525		NO_MATCH_AND_SEEMS_UNSERVED								POINT(12.046525 54.138293)
491	Rostock	Osloer Straße	de:13003:850:1:2	54.138088	12.049229	bus	MATCHED	w139979034	18.4	0.58	Osloer Straße	F3	Rostock, Lütten Klein Zentrum	Lütten Klein Zentrum	LINESTRING(12.049229 54.138088,12.04900156441557 54.13799024639317)
492	Rostock	Osloer Straße	de:13003:850:1:3	54.138951	12.047962		NO_MATCH_AND_SEEMS_UNSERVED								POINT(12.047962 54.138951)
493	Rostock	Ostseeallee	de:13003:1666:1:1	54.139661	12.045213		NO_MATCH_AND_SEEMS_UNSERVED								POINT(12.045213 54.139661)
494	Rostock	Ostseeallee	de:13003:1666:1:2	54.139609	12.045366		NO_MATCH_AND_SEEMS_UNSERVED								POINT(12.045366 54.139609)
495	Rostock	Ostseeallee	de:13003:810:1:1	54.134425	12.04356	bus	MATCHED	w328637086	2.4	0.81	Ostseeallee	31	Rostock Kopenhagener Straße	Gedser Straße / Kopenhagener Straße	LINESTRING(12.04356 54.134425,12.043553350000002 54.13444665000001)
496	Rostock	Ostseeallee	de:13003:810:1:2	54.134499	12.043785	bus	MATCHED	w328637088	2.2	0.88	Ostseeallee	31	Rostock, Gedser Straße	Gedser Straße	LINESTRING(12.043785 54.134499,12.043808098373322 54.13451368137996)
497	Rostock	Ostseestadion	de:13003:852:1:1	54.086456	12.095321	bus	MATCHED	w328059301	17.5	0.59	Ostseestadion	25,28,39,F2	Rostock, Schwimmhalle	Schwimmhalle	LINESTRING(12.095321 54.086456,12.095570993933615 54.08651099525491)
498	Rostock	Ostseestadion	de:13003:852:1:2	54.086371	12.094836	bus	MATCHED	w328059302	20.3	0.56	Ostseestadion	25,28,39,F2	HRO Klinikum-Schillingallee / Rostock, Schillingallee	Klinikum Schillingallee / Schillingallee	LINESTRING(12.094836 54.086371,12.094539858730469 54.086317173553965)
499	Rostock	Paulstraße	de:13003:1662:1:1	54.082388	12.141171	tram	MATCHED	n7783719913	18.0	0.34	Paulstraße	2,3,5,6	Rostock, Steintor / IHK / Rostock, Steintor / IHK		LINESTRING(12.141171 54.082388,12.1409231 54.0823182)
500	Rostock	Paulstraße	de:13003:1662:1:2	54.082156	12.140695	tram	MATCHED	w139659420	35.3	0.42	Paulstraße	2,3,5,6	Rostock Rosa-Luxemburg-Straße	Rosa-Luxemburg-Straße	LINESTRING(12.140695 54.082156,12.140912544169835 54.08244608121774)
501	Rostock	Paulstraße	de:13003:1662:2:1	54.082461	12.141072	bus	MATCHED	n7909865416	14.6	0.47	Paulstraße	F1,F2,F4	Rostock, Steintor / IHK / Rostock, Steintor / IHK		LINESTRING(12.141072 54.082461,12.1411957 54.0825703)
502	Rostock	Paulstraße	de:13003:1662:2:2	54.082314	12.140929	bus	MATCHED	n2967543833	5.1	0.69	Paulstraße	F1,F2,F4	Rostock Rosa-Luxemburg-Straße		LINESTRING(12.140929 54.082314,12.140906300000001 54.0823576)
503	Rostock	Peez Dorf	de:13003:854:1:1	54.156671	12.151708		NO_MATCH_AND_SEEMS_UNSERVED								POINT(12.151708 54.156671)
504	Rostock	Petridamm	de:13003:855:1:1	54.092415	12.156344	tram	MATCHED	n30729197	19.3	0.45	Petridamm	1,2,3,4,5	Rostock Stadthafen	Stadthafen	LINESTRING(12.156344 54.092415,12.1561199 54.0923023)
505	Rostock	Petridamm	de:13003:855:1:2	54.092905	12.157305	tram	MATCHED	n1530755373	20.5	0.44	Petridamm	1,2,3,4,5	Rostock, Dierkower Damm	Dierkower Damm	LINESTRING(12.157305 54.092905,12.157452200000002 54.093067600000005)
506	Rostock	Petridamm	de:13003:855:2:3	54.092172	12.156065		NO_MATCH_AND_SEEMS_UNSERVED								POINT(12.156065 54.092172)
507	Rostock	Petridamm	de:13003:855:2:4	54.092789	12.157431		NO_MATCH_AND_SEEMS_UNSERVED								POINT(12.157431 54.092789)
508	Rostock	Platz der Jugend	de:13003:856:1:1	54.081423	12.105149	tram	MATCHED	n1530755396	32.5	0.35	Platz der Jugend	3,6	Rostock S Parkstraße	S Parkstraße	LINESTRING(12.105149 54.081423,12.1054496 54.0816553)
509	Rostock	Platz der Jugend	de:13003:856:1:2	54.081729	12.105508	tram	MATCHED	w390298157	12.9	0.61	Platz der Jugend	3,6	Rostock Thierfelderstraße	Thierfelderstraße	LINESTRING(12.105508 54.081729,12.105616871774027 54.08182520573532)
510	Rostock	Platz der Jugend	de:13003:856:1:3	54.081207	12.103676		MATCHED	n1530757890	17.2	0.36	Platz der Jugend				LINESTRING(12.103676 54.081207,12.103937 54.081191700000005)
511	Rostock	Platz der Jugend	de:13003:856:1:6	54.081729	12.105508		MATCHED	n3934526164	0.7	0.89	Platz der Jugend				LINESTRING(12.105508 54.081729,12.1054969 54.0817283)
512	Rostock	Platz der Jugend	de:13003:856:2:4	54.08166	12.105463	bus	MATCHED	w139659375	16.8	0.56	Platz der Jugend	39	Rostock Campus Südstadt	Campus Südstadt	LINESTRING(12.105463 54.08166,12.105303238494233 54.0815423473767)
513	Rostock	Platz der Jugend	de:13003:856:2:5	54.081012	12.104493	bus	MATCHED	n8376401424	4.8	0.8	Platz der Jugend	39	Rostock S Parkstraße		LINESTRING(12.104493 54.081012,12.1045656 54.0810126)
514	Rostock	Pressentinstraße	de:13003:858:1:1	54.111698	12.107583	bus	MATCHED	n3301519465	2.3	0.88	Pressentinstraße	45,F2	Rostock, Schöffenweg	Schöffenweg	LINESTRING(12.107583 54.111698,12.1075528 54.111709000000005)
515	Rostock	Pressentinstraße	de:13003:858:1:2	54.11262	12.107655	bus	MATCHED	n3301519466	4.8	0.8	Pressentinstraße	45,F2	Rostock, Langenort Hufe	Langenort Hufe	LINESTRING(12.107655 54.11262,12.107601800000001 54.1125903)
516	Rostock	Puschkinplatz	de:13003:859:1:1	54.076506	12.141207	bus	MATCHED	w327328354	7.5	0.57	Puschkinplatz Handwerkerbildungszentrum	22,23	Rostock Schillerplatz	Schillerplatz	LINESTRING(12.141207 54.076506,12.141214185045412 54.076573510210366)
517	Rostock	Puschkinplatz	de:13003:859:1:2	54.075542	12.140605		NO_MATCH_AND_SEEMS_UNSERVED								POINT(12.140605 54.075542)
518	Rostock	Puschkinplatz	de:13003:859:1:3	54.077655	12.142052	bus	MATCHED	w1271144434	1.2	0.71	Puschkinplatz Handwerkerbildungszentrum	22,23	Rostock, Blücherstraße	Blücherstraße	LINESTRING(12.142052 54.077655,12.14204675 54.077644500000005)
519	Rostock	Rahnstädter Weg	de:13003:861:1:1	54.106948	12.078891	tram	MATCHED	n264927058	11.2	0.57	Rahnstädter Weg	1,5	Rostock S Marienehe		LINESTRING(12.078891 54.106948,12.078944700000001 54.107043700000006)
520	Rostock	Rahnstädter Weg	de:13003:861:1:3	54.107448	12.077139		NO_MATCH_AND_SEEMS_UNSERVED								POINT(12.077139 54.107448)
521	Rostock	Rahnstädter Weg	de:13003:861:1:4	54.10738	12.07696		NO_MATCH_AND_SEEMS_UNSERVED								POINT(12.07696 54.10738)
522	Rostock	Rahnstädter Weg	de:13003:861:2:2	54.106911	12.078756	tram	MATCHED	n1530770615	2.9	0.74	Rahnstädter Weg	1,5	Rostock Reutershagen		LINESTRING(12.078756 54.106911,12.0787723 54.1068871)
523	Rostock	Reuters/E-Thälmann Str	de:13003:1737	54.100116	12.074947		NO_MATCH_AND_SEEMS_UNSERVED								POINT(12.074947 54.100116)
524	Rostock	Reutershagen	de:13003:862:1:3	54.101697	12.079152	tram	MATCHED	n1530770625	20.2	1.0	Reutershagen	1,2,5	Rostock, Kunsthalle	Kunsthalle	LINESTRING(12.079152 54.101697,12.079446 54.101641300000004)
525	Rostock	Reutershagen	de:13003:862:1:4	54.10177	12.079187	tram	MATCHED	n270996227	18.0	1.0	Reutershagen	1,5	Rostock, Rahnstädter Weg	Rahnstädter Weg	LINESTRING(12.079187 54.10177,12.078930600000001 54.101829200000005)
526	Rostock	Reutershagen	de:13003:862:1:8	54.101802	12.079241		MATCHED	w139659344	2.0	0.8	Reutershagen				LINESTRING(12.079241 54.101802,12.079267055885756 54.10181177107887)
527	Rostock	Reutershagen	de:13003:862:2:1	54.101481	12.078442	bus	MATCHED	w142499363	6.7	1.0	Reuterhagen	121,128,25,39	Rostock Immendiek / Rostock, Schutow	Immendiek / Schutow	LINESTRING(12.078442 54.101481,12.078422886350827 54.1014221996207)
528	Rostock	Reutershagen	de:13003:862:2:2	54.101439	12.07819	bus	MATCHED	w142499368	3.4	0.84	Reutershagen	121,128,25,39	Rostock, Markt Reutershagen / Rostock, W.-Husemann-Straße / Rostock, Markt Reutershagen	Markt Reutershagen / Walter-Husemann-Straße	LINESTRING(12.07819 54.101439,12.078188432443318 54.10146952727298)
529	Rostock	Reutershagen	de:13003:862:2:4	54.101544	12.078514		NO_MATCH_AND_SEEMS_UNSERVED								POINT(12.078514 54.101544)
530	Rostock	Reutershagen	de:13003:862:2:5	54.101591	12.079349	bus	MATCHED	w329373276	6.1	0.76	Reutershagen	F1	Rostock Immendiek	Immendiek	LINESTRING(12.079349 54.101591,12.079430400000003 54.101564350000004)
531	Rostock	Reutershagen	de:13003:862:2:6	54.101576	12.0789	bus	MATCHED	w329373275	0.7	0.94	Reutershagen	F1	Rostock, Kunsthalle	Kunsthalle	LINESTRING(12.0789 54.101576,12.078910749829959 54.10157446844478)
532	Rostock	Reutershagen	de:13003:862:2:7	54.101876	12.078981	tram	MATCHED	n2487070131	1.3	0.89	Reutershagen	2			LINESTRING(12.078981 54.101876,12.0789725 54.1018655)
533	Rostock	Richard-Wagner-Straße	de:13003:865:1:1	54.173043	12.080355	bus	MATCHED	w329290575	4.5	0.57	R.-Wagner-Str. TZW	36,F3	Warnemünde, Wiesenweg	Wiesenweg	LINESTRING(12.080355 54.173043,12.080419882981982 54.173028829163535)
534	Rostock	Richard-Wagner-Straße	de:13003:865:1:2	54.173264	12.079969	bus	MATCHED	w329290574	11.6	0.47	R.-Wagner-Str. TZW	36,F3	Warnemünde, S Warnemünde, Werft / Warnemünde, S Warnemünde, Werft	S Warnemünde Werft	LINESTRING(12.079969 54.173264,12.07987897967043 54.17335364058375)
535	Rostock	Richard-Wagner-Straße	de:13003:865:1:3	54.173007	12.080247		NO_MATCH_AND_SEEMS_UNSERVED								POINT(12.080247 54.173007)
536	Rostock	Riekdahl	de:13003:866:1:1	54.091703	12.184326	bus	MATCHED	w327514439	6.6	0.64	Riekdahl	23,F4	Rostock, Albert-Schulz-Str.	Albert-Schulz-Straße	LINESTRING(12.184326 54.091703,12.18425008793395 54.091664023226535)
537	Rostock	Rigaer Straße	de:13003:722:1:1	54.140125	12.057412	bus	MATCHED	w329366198	2.3	0.88	Rigaer Straße	38,F3	Rostock, Möllner Straße	Möllner Straße	LINESTRING(12.057412 54.140125,12.0574024 54.1401048)
538	Rostock	Rigaer Straße	de:13003:722:1:2	54.139956	12.057035	bus	MATCHED	w329366199	2.1	0.88	Rigaer Straße	38,F3	Rostock, S Lütten Klein / Rostock, Warnowallee / Rostock, S Lütten Klein	Warnowallee / S Lütten Klein	LINESTRING(12.057035 54.139956,12.057033700000002 54.13993675)
539	Rostock	Rigaer Straße	de:13003:722:1:3	54.139651	12.054538		NO_MATCH_AND_SEEMS_UNSERVED								POINT(12.054538 54.139651)
540	Rostock	Rigaer Straße	de:13003:722:1:4	54.139604	12.054286		NO_MATCH_AND_SEEMS_UNSERVED								POINT(12.054286 54.139604)
541	Rostock	Roald-Amundsen-Straße	de:13003:868:1:1	54.131846	12.072827	bus	MATCHED	w329294086	0.8	0.94	Roald-Amundsen-Straße	38,39,F1	Rostock, Stephan-Jantzen-Ring	Stephan-Jantzen-Ring	LINESTRING(12.072827 54.131846,12.072834646022326 54.1318514687568)
542	Rostock	Roald-Amundsen-Straße	de:13003:868:1:2	54.132035	12.073214	bus	MATCHED	w329294087	10.8	0.68	Roald-Amundsen-Straße	38,39,F1	Rostock, Schmarl Zentrum / Rostock, Schmarl Zentrum	Schmarl Zentrum	LINESTRING(12.073214 54.132035,12.07324142339038 54.13193915122837)
543	Rostock	Robert-Koch-Straße	de:13003:869:1:3	54.072153	12.11229	tram	MATCHED	n250137229	15.0	0.51	Robert-Koch-Straße	4,6	Rostock, Klinikum Süd	Klinikum Süd	LINESTRING(12.11229 54.072153,12.112063500000001 54.0721355)
544	Rostock	Robert-Koch-Straße	de:13003:869:1:4	54.072068	12.112237	tram	MATCHED	n1530770630	26.5	0.39	Robert-Koch-Straße	4,6	Rostock, Südstadt-Center	Südstadt-Center	LINESTRING(12.112237 54.072068,12.112642300000001 54.072074900000004)
545	Rostock	Robert-Koch-Straße	de:13003:869:2:1	54.072242	12.112461	bus	MATCHED	n339343127	4.8	0.8	Rostock, Robert-Koch-Straße	102,F1	Rostock, Klinikum Süd	Rostock, Klinikum Süd	LINESTRING(12.112461 54.072242,12.1125182 54.072269600000006)
546	Rostock	Robert-Koch-Straße	de:13003:869:2:2	54.072095	12.111105	bus	MATCHED	n339343125	6.3	0.76	Robert-Koch-Straße	102,F1	Rostock, Südstadt-Center / Rostock, Majakowskistraße	Majakowskistraße	LINESTRING(12.111105 54.072095,12.1111813 54.072059800000005)
547	Rostock	Robert-Koch-Straße	de:13003:869:2:3	54.071193	12.111302	bus	MATCHED	n12484183746	22.1	0.54	Robert-Koch-Straße	26	Rostock Neue Reihe	Neue Reihe	LINESTRING(12.111302 54.071193,12.1112178 54.071001100000004)
548	Rostock	Robert-Koch-Straße	de:13003:869:2:4	54.071172	12.111455	bus	MATCHED	n12484183747	9.2	0.7	Robert-Koch-Straße	26	Rostock, Majakowskistraße	Majakowskistraße	LINESTRING(12.111455 54.071172,12.111437 54.0710897)
549	Rostock	Roggentin Gewerbepark	de:13003:870	54.077049	12.211393		MATCHED	n6494163456	14.3	0.41	Roggentin, Gewerbepark				LINESTRING(12.211393 54.077049,12.2115302 54.076948800000004)
550	Rostock	Rohrmannsche Koppel	de:13003:871:1:1	54.172944	12.046183	bus	MATCHED	w329290576	7.0	0.75	Rohrmannsche Koppel	37,F3	Stolteraer Weg	Stolteraer Weg	LINESTRING(12.046183 54.172944,12.046272764320141 54.17297777891524)
551	Rostock	Rohrmannsche Koppel	de:13003:871:1:2	54.172691	12.045788	bus	MATCHED	w329290577	9.8	0.69	Rohrmannsche Koppel	37,F3	Warnemünde, Friedhof	Warnemünde Friedhof	LINESTRING(12.045788 54.172691,12.045680309359879 54.17262940409278)
552	Rostock	Rosa-Luxemburg-Straße	de:13003:1502:1:1	54.08018	12.136644		MATCHED	n7909223672	3.2	0.81	Rosa-Luxemburg-Straße	2,3,5,6,F1,F2,F4	Rostock Paulstraße / Rostock Paulstraße	Paulstraße	LINESTRING(12.136644 54.08018,12.136644100000002 54.0802087)
553	Rostock	Rosa-Luxemburg-Straße	de:13003:1502:1:2	54.080169	12.136311		MATCHED	n7909311271	4.0	0.69	Rosa-Luxemburg-Straße	2,3,5,6,F1,F2,F4	Rostock, Hauptbahnhof Nord / Rostock Hauptbahnhof		LINESTRING(12.136311 54.080169,12.1362679 54.0801432)
554	Rostock	Rosenweg	de:13003:872:1:1	54.086508	12.08544	bus	MATCHED	w328395823	0.7	0.94	Rosenweg	28	Rostock, Sternwarte	Sternwarte	LINESTRING(12.08544 54.086508,12.085445988761292 54.086502595931016)
555	Rostock	Rosenweg	de:13003:872:1:2	54.086482	12.085089	bus	MATCHED	w328395822	8.1	0.72	Rosenweg	28	Rostock, Schwimmhalle	Schwimmhalle	LINESTRING(12.085089 54.086482,12.084966841567729 54.086495921899996)
556	Rostock	Rostocker Heide	de:13003:873:1:1	54.202248	12.212084	bus	MATCHED	n3336552655	4.9	0.8	Rostocker Heide	118,140,17,18	Hinrichshagen / Wallensteins Lager	Wallensteins Lager	LINESTRING(12.212084 54.202248,12.2120932 54.2022917)
557	Rostock	Rostocker Heide	de:13003:873:1:2	54.201875	12.211851	bus	MATCHED	n3336552654	10.0	0.69	Rostocker Heide	118,140	Hinrichshagen		LINESTRING(12.211851 54.201875,12.2118034 54.201789600000005)
558	Rostock	Rostocker Straße	de:13003:965:0:1	54.170346	12.082538		NO_MATCH_AND_SEEMS_UNSERVED								POINT(12.082538 54.170346)
559	Rostock	Rostocker Straße	de:13003:965:0:2	54.170451	12.082287		NO_MATCH_AND_SEEMS_UNSERVED								POINT(12.082287 54.170451)
560	Rostock	Rostocker Straße	de:13003:965:0:3	54.170356	12.082889		NO_MATCH_AND_SEEMS_UNSERVED								POINT(12.082889 54.170356)
561	Rostock	Rostocker Straße	de:13003:965:1:3	54.170383	12.082907	bus	MATCHED	w329290578	19.0	0.57	Rostocker Straße	36,37,F3	Rostock, Werftblick / Rostock, Richard-Wagner-Straße / Warnemünde, Poststraße	R.-Wagner-Str. TZW / Werftblick / Poststraße	LINESTRING(12.082907 54.170383,12.083159276438574 54.17029820983638)
562	Rostock	Rudolf-Tarnow-Str. 	de:13003:874:1:1	54.085902	12.189024	bus	MATCHED	w327514440	7.7	0.65	Rudolf-Tarnow-Straße	23,F4	Rostock, Timmermannsstrat	Timmermannsstrat	LINESTRING(12.189024 54.085902,12.188915401624087 54.08587433544457)
563	Rostock	Rudolf-Tarnow-Str. 	de:13003:874:1:2	54.085934	12.188926	bus	MATCHED	w327514441	11.2	0.59	Rudolf-Tarnow-Straße	23,F4	Rostock, Brinckmanshöhe	Brinckmannshöhe	LINESTRING(12.188926 54.085934,12.18908099880204 54.08597763384384)
564	Rostock	Röthsoll	de:13003:2051:1:1	54.07463	12.162893	bus	MATCHED_THOUGH_DISTANT	n11231268954	266.5	0.14	Rostock, Rötsoll	113	Rostock Kessiner Berg	Deutsche-Med-Platz	LINESTRING(12.162893 54.07463,12.161563000000001 54.0768922)
565	Rostock	Röthsoll	de:13003:2051:1:2	54.07464	12.163108	bus	MATCHED_THOUGH_DISTANT	n11231268953	273.4	0.18	Rostock, Röthsoll	113	Rostock Neubrandenburger Str		LINESTRING(12.163108 54.07464,12.161472400000001 54.076899600000004)
566	Rostock	Rügener Str. 	de:13003:1431:1:1	54.145366	12.0501	tram	MATCHED	n30731148	2.4	0.69	Rügener Straße	1,5	Rostock, Eutiner Straße	Eutiner Straße	LINESTRING(12.0501 54.145366,12.0501068 54.145387400000004)
567	Rostock	Rügener Str. 	de:13003:1431:2:2	54.145155	12.049947	tram	MATCHED	n1530770633	6.1	0.58	Rügener Straße	1,5	Rostock, Turkuer Straße	Turkuer Straße	LINESTRING(12.049947 54.145155,12.0499279 54.145101600000004)
568	Rostock	S Bramow	de:13003:1504:1:3	54.101849	12.093489	bus	MATCHED	w503556520	75.9	0.33	S Bramow	34	Rostock Alter Hafen Süd	Alter Hafen Süd	LINESTRING(12.093489 54.101849,12.09297599425194 54.10246072995936)
569	Rostock	S Bramow	de:13003:1504:1:4	54.101676	12.09348	bus	MATCHED	w503556518	54.0	0.38	S Bramow	34	Rostock Carl-Hopp-Str.	Carl-Hopp-Straße	LINESTRING(12.09348 54.101676,12.09392264001539 54.10126643846175)
570	Rostock	S Bramow	de:13003:1504:2:1	54.101633	12.090641	train	MATCHED	n5258680278	66.1	0.16	Rostock-Bramow	S1,S2,S3	Rostock S Marienehe		LINESTRING(12.090641 54.101633,12.0901253 54.102143600000005)
571	Rostock	S Bramow	de:13003:1504:2:2	54.101597	12.090524	train	MATCHED	n5258680277	2.0	0.69	Rostock-Bramow	S1,S2,S3	Rostock S Holbeinplatz / Rostock S Holbeinplatz		LINESTRING(12.090524 54.101597,12.0905018 54.1016089)
572	Rostock	S Bramow	de:13003:1504:91:5	54.101196	12.090614	bus	NO_MATCH_AND_SEEMS_UNSERVED								POINT(12.090614 54.101196)
573	Rostock	S Evershagen	de:13003:794:1:1	54.12374	12.069037	bus	MATCHED	w329294079	6.2	0.76	S Evershagen	38,39,F1	Rostock, Handwerkstraße / Rostock Immendiek / Rostock, Evershagen Süd	Handwerkstraße / Immendiek	LINESTRING(12.069037 54.12374,12.068963262945708 54.1237753500953)
574	Rostock	S Evershagen	de:13003:794:1:2	54.124108	12.068866	bus	MATCHED	w329294080	2.5	0.86	S Evershagen	38,39,F1	Rostock, Stephan-Jantzen-Ring	Stephan-Jantzen-Ring	LINESTRING(12.068866 54.124108,12.068884931647103 54.12408832647125)
575	Rostock	S Evershagen	de:13003:794:1:5	54.126466	12.069719	bus	NO_MATCH_AND_SEEMS_UNSERVED								POINT(12.069719 54.126466)
576	Rostock	S Evershagen	de:13003:794:1:6	54.126119	12.070025	bus	NO_MATCH_AND_SEEMS_UNSERVED								POINT(12.070025 54.126119)
577	Rostock	S Evershagen	de:13003:794:2:1	54.123571	12.068632	train	MATCHED	w162149740	6.4	0.54	Rostock-Evershagen	S1,S2,S3	Rostock, S Lütten Klein		LINESTRING(12.068632 54.123571,12.068539931231943 54.123551343465515)
578	Rostock	S Evershagen	de:13003:794:2:2	54.123539	12.068426	train	MATCHED	n1670407924	9.5	0.5	Rostock-Evershagen	S1,S2,S3	Rostock S Marienehe		LINESTRING(12.068426 54.123539,12.0683729 54.1236186)
579	Rostock	S Holbeinplatz	de:13003:791:1:1	54.092768	12.100424	tram	MATCHED	n1530755156	3.6	0.69	Holbeinplatz	1,2,3,4,5,6	Rostock, Maßmannstraße	Maßmannstraße	LINESTRING(12.100424 54.092768,12.1004722 54.092784)
580	Rostock	S Holbeinplatz	de:13003:791:1:10	54.091983	12.099534		NO_MATCH_AND_SEEMS_UNSERVED								POINT(12.099534 54.091983)
581	Rostock	S Holbeinplatz	de:13003:791:1:11	54.092046	12.099606		NO_MATCH_AND_SEEMS_UNSERVED								POINT(12.099606 54.092046)
582	Rostock	S Holbeinplatz	de:13003:791:1:12	54.093458	12.097711		NO_MATCH_AND_SEEMS_UNSERVED								POINT(12.097711 54.093458)
583	Rostock	S Holbeinplatz	de:13003:791:1:6	54.092568	12.100576		MATCHED	w139659217	30.8	0.25	S Holbeinplatz			Maßmannstraße	LINESTRING(12.100576 54.092568,12.100209950320846 54.09274136263476)
584	Rostock	S Holbeinplatz	de:13003:791:1:7	54.092504	12.098079		NO_MATCH_AND_SEEMS_UNSERVED								POINT(12.098079 54.092504)
585	Rostock	S Holbeinplatz	de:13003:791:1:8	54.093395	12.097504		NO_MATCH_AND_SEEMS_UNSERVED								POINT(12.097504 54.093395)
586	Rostock	S Holbeinplatz	de:13003:791:1:9	54.092367	12.09975		NO_MATCH_AND_SEEMS_UNSERVED								POINT(12.09975 54.092367)
587	Rostock	S Holbeinplatz	de:13003:791:2:13	54.093342	12.100729		MATCHED	n28928787	89.3	0.1	Rostock Holbeinplatz				LINESTRING(12.100729 54.093342,12.0993911 54.093498200000006)
588	Rostock	S Holbeinplatz	de:13003:791:2:14	54.093358	12.100891		NO_MATCH_AND_SEEMS_UNSERVED								POINT(12.100891 54.093358)
589	Rostock	S Holbeinplatz	de:13003:791:2:2	54.092889	12.099121	bus	MATCHED	w328395821	4.4	0.72	S Holbeinplatz	28,34,F1	Rostock Heinrich-Schütz-Str / Rostock, Greifswalder Straße / Rostock, Maßmannstraße / Rostock Carl-Hopp-Str.	Greifswalder Straße / Maßmannstraße / Heinrich-Schütz-Straße / Carl-Hopp-Straße	LINESTRING(12.099121 54.092889,12.099142979051692 54.0928516292714)
590	Rostock	S Holbeinplatz	de:13003:791:3:1	54.093258	12.099633	train	MATCHED	n5258680280	24.9	0.3	Rostock-Holbeinplatz	S1,S2,S3	Rostock S Bramow / Rostock S Parkstraße		LINESTRING(12.099633 54.093258,12.099361100000001 54.093414100000004)
591	Rostock	S Holbeinplatz	de:13003:791:3:2	54.09321	12.099489	train	MATCHED	n5258680279	30.5	0.31	Rostock Holbeinplatz	S1,S2,S3	Rostock S Parkstraße		LINESTRING(12.099489 54.09321,12.0992154 54.093432)
592	Rostock	S Holbeinplatz	de:13003:791:4:4	54.092741	12.099588	tram	MATCHED	w139659387	0.6	0.89	S Holbeinplatz			Heinrich-Schütz-Straße	LINESTRING(12.099588 54.092741,12.099579600293263 54.0927435870658)
593	Rostock	S Holbeinplatz	de:13003:791:4:5	54.092741	12.099588	tram	MATCHED	n28903603	17.9	0.42	Holbeinplatz	1,2,3,4,5,6	Rostock Heinrich-Schütz-Str	Heinrich-Schütz-Straße	LINESTRING(12.099588 54.092741,12.0993305 54.0926868)
594	Rostock	S Lichtenhagen	de:13003:795:1:1	54.152331	12.070941	trainish	MATCHED	n31197165	31.5	0.27	Rostock-Lichtenhagen				LINESTRING(12.070941 54.152331,12.0708461 54.1520535)
595	Rostock	S Lichtenhagen	de:13003:795:1:2	54.152347	12.070725	trainish	MATCHED	n4264917034	30.4	0.28	Rostock-Lichtenhagen				LINESTRING(12.070725 54.152347,12.070647200000002 54.152078100000004)
596	Rostock	S Lichtenhagen	de:13003:795:1:5	54.152815	12.072091		NO_MATCH_AND_SEEMS_UNSERVED								POINT(12.072091 54.152815)
597	Rostock	S Lichtenhagen	de:13003:795:1:6	54.152758	12.072127		NO_MATCH_AND_SEEMS_UNSERVED								POINT(12.072127 54.152758)
598	Rostock	S Lichtenhagen	de:13003:795:1:7	54.1524	12.069099		NO_MATCH_AND_SEEMS_UNSERVED								POINT(12.069099 54.1524)
599	Rostock	S Lichtenhagen	de:13003:795:2:1	54.152395	12.06909	bus	MATCHED	w311006593	14.3	0.63	S Lichtenhagen	36	Rostock, Werftblick	Werftblick	LINESTRING(12.06909 54.152395,12.069136927167996 54.152269410465045)
600	Rostock	S Lichtenhagen	de:13003:795:2:2	54.152521	12.068749	bus	MATCHED	w311006592	7.7	0.73	S Lichtenhagen	36	Rostock, Güstrower Straße	Güstrower Straße	LINESTRING(12.068749 54.152521,12.068678428847287 54.15257650657554)
601	Rostock	S Lichtenhagen	de:13003:795:3:3	54.151363	12.071363	bus	MATCHED	w328655626	6.2	0.65	S Lichtenhagen	31,F1	Rostock Dänenberg (Nachtbus) / Rostock, Zum Laakkanal	Zum Laakkanal / Dänenberg	LINESTRING(12.071363 54.151363,12.071393121343387 54.151416132797856)
602	Rostock	S Lichtenhagen	de:13003:795:3:4	54.151053	12.071669	bus	NO_MATCH_BUT_OTHER_PLATFORM_MATCHED					F1	Rostock, Zum Laakkanal		POINT(12.071669 54.151053)
603	Rostock	S Lichtenhagen	de:13003:795:4:5	54.152815	12.072091		NO_MATCH_AND_SEEMS_UNSERVED								POINT(12.072091 54.152815)
604	Rostock	S Lichtenhagen	de:13003:795:4:6	54.152758	12.072127		NO_MATCH_AND_SEEMS_UNSERVED								POINT(12.072127 54.152758)
605	Rostock	S Lichtenhagen	de:13003:840:1:1	54.152331	12.070941	train	NO_MATCH_BUT_OTHER_PLATFORM_MATCHED					S1,S2,S3	Warnemünde, S Warnemünde, Werft		POINT(12.070941 54.152331)
606	Rostock	S Lichtenhagen	de:13003:840:1:2	54.152347	12.070725	train	NO_MATCH_BUT_OTHER_PLATFORM_MATCHED					S1,S2,S3	Rostock, S Lütten Klein		POINT(12.070725 54.152347)
607	Rostock	S Lütten Klein	de:13003:796:1:5	54.137877	12.065479	bus	MATCHED	w1350342672	6.8	1.0	S Lütten Klein	35,38,39,45,49			LINESTRING(12.065479 54.137877,12.06554277880665 54.137924810724726)
608	Rostock	S Lütten Klein	de:13003:796:1:6	54.137662	12.065686	bus	MATCHED	w1350342671	10.0	1.0	S Lütten Klein	119,122,38,45,49,X41	Rostock Rigaer Straße / Rostock, Lütten Klein Zentrum	Lütten Klein Zentrum / Rigaer Straße	LINESTRING(12.065686 54.137662,12.065542151365344 54.13769358032133)
609	Rostock	S Lütten Klein	de:13003:796:1:7	54.137499	12.065551		MATCHED	w1350342670	1.2	1.0	S Lütten Klein				LINESTRING(12.065551 54.137499,12.065544551331692 54.137489340791284)
610	Rostock	S Lütten Klein	de:13003:796:1:8	54.13723	12.065632	bus	MATCHED	w1350342668	8.7	1.0	S Lütten Klein	35,45,49,X41	Rostock, Martin-Luther-King-Al / Rostock, Schmarl Zentrum / Rostock, Schmarl Dorf	Schmarl Zentrum / Schmarl Dorf / Martin-Luther-King-Allee	LINESTRING(12.065632 54.13723,12.065543329193451 54.13728810847458)
611	Rostock	S Lütten Klein	de:13003:796:1:9	54.137572	12.065964	bus	NO_MATCH_BUT_OTHER_PLATFORM_MATCHED					38,39,F1,F2	Rostock, St. Petersburger Stra / Rostock, Schmarl Zentrum		POINT(12.065964 54.137572)
612	Rostock	S Lütten Klein	de:13003:796:2:1	54.138162	12.065102	train	MATCHED	w289863235	6.8	0.74	Lütten Klein	S1,S2,S3	Rostock S Lichtenhagen	Rostock-Lichtenhagen	LINESTRING(12.065102 54.138162,12.065175134504925 54.138118268740634)
613	Rostock	S Lütten Klein	de:13003:796:3:1	54.137714	12.065335	bus	MATCHED	w1350346492	23.9	1.0	S Lütten Klein	31,35,38,39,F1,F2,F3			LINESTRING(12.065335 54.137714,12.065277330998846 54.1379262996992)
614	Rostock	S Lütten Klein	de:13003:796:3:2	54.13763	12.065326	bus	MATCHED	w1350346493	9.5	1.0	S Lütten Klein	31,F3	Rostock, Lütten Klein Zentrum / Rostock, Lütten Klein Zentrum	Lütten Klein Zentrum	LINESTRING(12.065326 54.13763,12.065278670519815 54.13771038037856)
615	Rostock	S Lütten Klein	de:13003:796:3:3	54.13742	12.065326	bus	MATCHED	w1350346494	9.4	1.0	S Lütten Klein	31,F1,F2	Rostock, Dänenberg / Rostock Dänenberg (Nachtbus)	Dänenberg	LINESTRING(12.065326 54.13742,12.065277817385555 54.13749941079705)
616	Rostock	S Lütten Klein	de:13003:796:3:4	54.137272	12.065317		MATCHED	w1350346495	3.4	1.0	S Lütten Klein			St. Petersburger Straße / Schmarl Zentrum	LINESTRING(12.065317 54.137272,12.065276248940586 54.13729078345897)
617	Rostock	S Lütten Klein	de:13003:796:4:2	54.138183	12.064877	train	MATCHED	w154513736	4.7	0.79	Lütten Klein	S1,S2,S3	Rostock S Evershagen	Rostock-Evershagen	LINESTRING(12.064877 54.138183,12.064814647253936 54.13816174004937)
618	Rostock	S Marienehe	de:13003:827:1:3	54.110734	12.080508		MATCHED	n28903615	3.5	0.72	S Marienehe			Evershagen Süd	LINESTRING(12.080508 54.110734,12.0805053 54.11070290000001)
619	Rostock	S Marienehe	de:13003:827:1:7	54.110734	12.08049	tram	MATCHED	w139659321	13.8	0.52	S Marienehe	1,5	Rostock, Evershagen Süd		LINESTRING(12.08049 54.110734,12.080624208890471 54.11063781894684)
620	Rostock	S Marienehe	de:13003:827:1:8	54.110434	12.080688		NO_MATCH_AND_SEEMS_UNSERVED								POINT(12.080688 54.110434)
621	Rostock	S Marienehe	de:13003:827:2:1	54.111556	12.080364	train	MATCHED	w162184001	84.9	1.0	S Marienehe	S1,S2,S3	Rostock S Evershagen		LINESTRING(12.080364 54.111556,12.079663804916617 54.11219771004837)
622	Rostock	S Marienehe	de:13003:827:2:2	54.111514	12.08023	train	MATCHED	w1370909755	80.9	1.0	S Marienehe	S1,S2,S3	Rostock S Bramow	Rostock-Evershagen / Rostock-Bramow	LINESTRING(12.08023 54.111514,12.079639299580085 54.112152047075796)
623	Rostock	S Marienehe	de:13003:827:3:10	54.11046	12.080364	bus	MATCHED	n4389746550	130.9	1.0	S Marienehe				LINESTRING(12.080364 54.11046,12.0815342 54.111414100000005)
624	Rostock	S Marienehe	de:13003:827:3:5	54.11046	12.079807		NO_MATCH_AND_SEEMS_UNSERVED								POINT(12.079807 54.11046)
625	Rostock	S Marienehe	de:13003:827:3:6	54.110392	12.079762		NO_MATCH_AND_SEEMS_UNSERVED								POINT(12.079762 54.110392)
626	Rostock	S Marienehe	de:13003:827:3:9	54.11144	12.081469		MATCHED	n5258680275	82.7	0.11	S Marienehe				LINESTRING(12.081469 54.11144,12.080210600000001 54.1115112)
627	Rostock	S Marienehe	de:13003:827:4:4	54.110503	12.080616	tram	MATCHED	w139659310	13.6	0.52	S Marienehe	1,5	Rostock, Rahnstädter Weg	Rahnstädter Weg	LINESTRING(12.080616 54.110503,12.080481486080823 54.110596031144404)
628	Rostock	S Marienehe	de:13003:827:5:4	54.110503	12.080616		MATCHED	n1530755288	1.7	0.82	S Marienehe			Rahnstädter Weg	LINESTRING(12.080616 54.110503,12.0806424 54.1105036)
629	Rostock	S Parkstraße	de:13003:853:1:2	54.084153	12.110045		MATCHED	w139659631	20.3	1.0	S Parkstraße	25,3,6,F2	Rostock, Saarplatz	Saarplatz	LINESTRING(12.110045 54.084153,12.109826278612598 54.08402339064107)
630	Rostock	S Parkstraße	de:13003:853:1:3	54.083046	12.107925	tram	MATCHED	w139659338	14.5	1.0	S Parkstraße	3,6	Rostock, Platz der Jugend	Platz der Jugend	LINESTRING(12.107925 54.083046,12.10805225808879 54.08315217726333)
631	Rostock	S Parkstraße	de:13003:853:1:4	54.083215	12.108338	tram	MATCHED	w139659314	26.5	1.0	S Parkstraße	3,6	Rostock S Parkstraße	S Parkstraße	LINESTRING(12.108338 54.083215,12.108044918510492 54.08305137718705)
632	Rostock	S Parkstraße	de:13003:853:2:1	54.083784	12.109218		MATCHED	w139659623	35.2	1.0	S Parkstraße	25,3,6,F2	Rostock Dethardingstraße / Rostock S Parkstraße	Dethardingstraße	LINESTRING(12.109218 54.083784,12.10961146361042 54.08399900341557)
633	Rostock	S Parkstraße	de:13003:853:2:2	54.083816	12.108266		MATCHED	n12509528365	7.4	0.56	S Parkstraße				LINESTRING(12.108266 54.083816,12.108319900000001 54.083757500000004)
634	Rostock	S Parkstraße	de:13003:853:2:5	54.083942	12.108032	bus	MATCHED	w1352092873	1.7	0.84	S Parkstraße	39	Rostock, Platz der Jugend		LINESTRING(12.108032 54.083942,12.10805675 54.0839462)
635	Rostock	S Parkstraße	de:13003:853:2:6	54.083763	12.108419	bus	MATCHED	n4899288373	3.2	0.83	S Parkstraße	39	Rostock Dethardingstraße	Dethardingstraße	LINESTRING(12.108419 54.083763,12.108463100000002 54.083774700000006)
636	Rostock	S Parkstraße	de:13003:853:2:7	54.083104	12.10832		MATCHED	n264990467	13.5	0.42	S Parkstraße				LINESTRING(12.10832 54.083104,12.108311400000002 54.0832248)
637	Rostock	S Parkstraße	de:13003:853:2:8	54.082841	12.107691		MATCHED	n1530755346	20.7	0.32	S Parkstraße				LINESTRING(12.107691 54.082841,12.107846 54.0830028)
638	Rostock	S Parkstraße	de:13003:853:3:1	54.085407	12.107835	train	MATCHED	n28928784	18.8	0.4	Rostock Parkstraße	S1,S2,S3	Rostock S Holbeinplatz		LINESTRING(12.107835 54.085407,12.1079928 54.0852664)
639	Rostock	S Parkstraße	de:13003:853:3:2	54.085354	12.107637	train	MATCHED	n5258680281	14.8	0.43	Rostock Parkstraße	S1,S2,S3	Rostock Hauptbahnhof / Rostock Hauptbahnhof / Rostock Hauptbahnhof / Rostock Hauptbahnhof		LINESTRING(12.107637 54.085354,12.1078328 54.0852869)
640	Rostock	S Warnemünde Werft	de:13003:926:1:1	54.16931	12.085242	bus	MATCHED	w1351793564	20.1	0.56	S Warnemünde Werft	119,36,37,F3	Warnemünde, Wiesenweg / Rostock Rostocker Straße / Warnemünde, Poststraße	Rostocker Straße	LINESTRING(12.085242 54.16931,12.085056085861078 54.169165709543535)
641	Rostock	S Warnemünde Werft	de:13003:926:1:4	54.169457	12.08553		MATCHED	w28940848	29.2	0.23	Warnemünde Werft			Rostock-Lichtenhagen	LINESTRING(12.08553 54.169457,12.08529839822949 54.169232837593505)
642	Rostock	S Warnemünde Werft	de:13003:926:1:5	54.169457	12.085548	bus	MATCHED	w329290582	18.3	0.58	S Warnemünde Werft	37,F3		Rostocker Straße / S Warnemünde Werft	LINESTRING(12.085548 54.169457,12.085413583368165 54.16931253221858)
643	Rostock	S Warnemünde Werft	de:13003:926:2:1	54.169368	12.085961	train	MATCHED	n5258680270	4.6	0.79	Warnemünde Werft	S1,S2,S3	Warnemünde / Warnemünde / Warnemünde		LINESTRING(12.085961 54.169368,12.0860056 54.169400200000005)
644	Rostock	S Warnemünde Werft	de:13003:926:3:2	54.169457	12.085871	train	MATCHED	n1898273589	91.2	0.3	Warnemünde Werft	S1,S2,S3	Rostock S Lichtenhagen	Rostock-Lichtenhagen	LINESTRING(12.085871 54.169457,12.0847431 54.168974000000006)
645	Rostock	Saarplatz	de:13003:875:1:1	54.084938	12.115982	tram	MATCHED	n1530770644	0.5	0.93	Saarplatz	25,3,6,F2	Rostock S Parkstraße	S Parkstraße	LINESTRING(12.115982 54.084938,12.115987 54.084941900000004)
646	Rostock	Saarplatz	de:13003:875:1:3	54.085586	12.114473	bus	MATCHED	w1442123047	2.3	0.86	Saarplatz	26	Campus Ulmenstraße Rostock	Campus Ulmenstraße	LINESTRING(12.114473 54.085586,12.114488791867421 54.08556708890232)
647	Rostock	Saarplatz	de:13003:875:1:4	54.085407	12.114626	bus	MATCHED	w1429767522	1.9	0.88	Saarplatz	26	Rostock Bei der Tweel	Bei der Tweel	LINESTRING(12.114626 54.085407,12.114654891867426 54.08540498890231)
648	Rostock	Saarplatz	de:13003:875:1:5	54.08586	12.118399		MATCHED	n30252126	137.6	0.07	Saarplatz				LINESTRING(12.118399 54.08586,12.116724900000001 54.085111600000005)
649	Rostock	Saarplatz	de:13003:875:1:6	54.083684	12.114958		MATCHED	n540653244	171.4	0.06	Saarplatz				LINESTRING(12.114958 54.083684,12.1163226 54.084997800000004)
650	Rostock	Saarplatz	de:13003:875:2:2	54.085075	12.116602	tram	MATCHED	w139659630	16.8	0.56	Saarplatz	25,3,6,F2	Rostock, Doberaner Platz / Rostock, Doberaner Platz / Rostock, Doberaner Platz	Doberaner Platz	LINESTRING(12.116602 54.085075,12.11638927337157 54.08499120162122)
651	Rostock	Satower Straße	de:13003:877:1:1	54.06559	12.069971	bus	MATCHED	n9726164306	2.3	0.81	Rostock, Satower Straße	102,137	Rostock, Akazienweg		LINESTRING(12.069971 54.06559,12.069994300000001 54.0656059)
652	Rostock	Satower Straße	de:13003:877:1:2	54.065189	12.069243	bus	MATCHED	n9726164307	2.9	0.78	Rostock, Satower Straße	102,137	Rostock Stadtweide		LINESTRING(12.069243 54.065189,12.069201300000001 54.0651796)
653	Rostock	Saßnitzer Straße	de:13003:876:1:1	54.145976	12.043749	bus	MATCHED	w140002171	17.5	0.59	Saßnitzer Straße	31			LINESTRING(12.043749 54.145976,12.0438234 54.14582455)
654	Rostock	Saßnitzer Straße	de:13003:876:1:2	54.145934	12.043596	bus	MATCHED	w140002169	5.7	0.78	Saßnitzer Straße	31	Rostock, Binzer Straße	Binzer Straße	LINESTRING(12.043596 54.145934,12.043568898993698 54.14588577434116)
655	Rostock	Schenkendorfweg	de:13003:878:1:1	54.103398	12.144603	bus	MATCHED	w140231788	2.4	0.88	Schenkendorfweg	45	Rostock Dierkower Kreuz		LINESTRING(12.144603 54.103398,12.144595653392082 54.10337683385312)
656	Rostock	Schenkendorfweg	de:13003:878:1:2	54.103567	12.144657	bus	MATCHED	w140231808	5.4	0.79	Schenkendorfweg	45	Rostock, Baumschulenweg	Baumschulenweg	LINESTRING(12.144657 54.103567,12.144678362866816 54.10352018187945)
657	Rostock	Schillerplatz	de:13003:10953:1:1	54.078108	12.136832	bus	MATCHED	w1271144429	53.6	0.39	Schillerplatz	22,23	Rostock, Hauptbahnhof Nord / Rostock, Hauptbahnhof Nord	Hauptbahnhof Nord	LINESTRING(12.136832 54.078108,12.137349883648987 54.07773495417687)
658	Rostock	Schillerplatz	de:13003:10953:1:2	54.078267	12.137308	bus	MATCHED	w1271144428	26.5	0.51	Schillerplatz	22,23	Rostock, Puschkinplatz		LINESTRING(12.137308 54.078267,12.13690255 54.07826235)
659	Rostock	Schillingallee	de:13003:879:1:1	54.086904	12.101861	bus	MATCHED	w498523981	9.8	0.69	Schillingallee	121,25,28,39,F2	Rostock Ostseestadion / Rostock, Schwimmhalle / HRO Klinikum-Schillingallee	Klinikum Schillingallee / Ostseestadion	LINESTRING(12.101861 54.086904,12.101862526924407 54.086991991874775)
660	Rostock	Schillingallee	de:13003:879:1:2	54.086904	12.102041	bus	MATCHED	w498523980	6.0	0.77	Schillingallee	121,25,28,39,F2	Rostock Dethardingstraße / Rostock, Greifswalder Straße / Rostock, Deutsche Med-Platz	Greifswalder Straße / Dethardingstraße	LINESTRING(12.102041 54.086904,12.102091750000005 54.08694940000002)
661	Rostock	Schillingallee	de:13003:879:1:3	54.087293	12.102301		MATCHED	w1350753772	9.4	0.5	Schillingallee				LINESTRING(12.102301 54.087293,12.102427651716482 54.08733252471002)
662	Rostock	Schmarl Dorf	de:13003:1546:1:1	54.136309	12.086284	bus	MATCHED	w329285219	8.5	0.59	Schmarl Dorf	35	Rostock, S Lütten Klein / Rostock, S Lütten Klein		LINESTRING(12.086284 54.136309,12.086186000312537 54.136259372973036)
663	Rostock	Schmarl Zentrum	de:13003:882:1:1	54.134409	12.072953	bus	MATCHED	w329285221	8.9	0.71	Schmarl Zentrum	38,39,45,49	Rostock, Roald-Amundsen-Straße / Rostock, Seehafen Fähre	Roald-Amundsen-Straße / Seehafen Fähre	LINESTRING(12.072953 54.134409,12.072829574502157 54.134375624580066)
664	Rostock	Schmarl Zentrum	de:13003:882:1:2	54.134504	12.072252	bus	MATCHED	w329285220	11.0	0.67	Schmarl Zentrum	38,39,45,49	Rostock, S Lütten Klein / Rostock, S Lütten Klein / Rostock, S Lütten Klein	S Lütten Klein	LINESTRING(12.072252 54.134504,12.0724193839634 54.134498520500806)
665	Rostock	Schmarl Zentrum	de:13003:882:1:3	54.134172	12.073106	bus	MATCHED	n12505089825	5.0	0.77	Schmarl Zentrum	F1	Rostock, Roald-Amundsen-Straße	Roald-Amundsen-Straße	LINESTRING(12.073106 54.134172,12.0730942 54.1341272)
666	Rostock	Schmarl Zentrum	de:13003:882:1:4	54.134151	12.073268	bus	MATCHED	n12492496973	32.8	0.43	Schmarl Zentrum	F1	Rostock, Blockmacherring	Blockmacherring/IGA-Park	LINESTRING(12.073268 54.134151,12.073251800000001 54.1338565)
667	Rostock	Schnatermannweg	de:13003:883:1:1	54.19159	12.1789	bus	MATCHED	w326947436	6.6	0.76	Schnatermannweg	17,18	Hinrichshagen / Hinrichshagen		LINESTRING(12.1789 54.19159,12.1787997 54.191594)
668	Rostock	Schnatermannweg	de:13003:883:1:2	54.191574	12.179305	bus	MATCHED	w326947439	3.8	0.83	Schnatermannweg	17,18	Rostock, Schulzenwiese	Schulzenwiese	LINESTRING(12.179305 54.191574,12.179266800000004 54.19159960000001)
669	Rostock	Schnickmannstr.	de:13003:1619:1:1	54.092188	12.13385		MATCHED	n461817808	58.4	0.1	Rostocker Stadthafen			Warnemünde	LINESTRING(12.13385 54.092188,12.1340322 54.0927013)
670	Rostock	Schröderplatz	de:13003:885:1:1	54.087093	12.126358		MATCHED	w139659363	6.1	0.71	Schröderplatz	2,3,4,6,F2	Rostock, Doberaner Platz / Rostock, Doberaner Platz / Rostock, Kröpeliner Tor	Doberaner Platz	LINESTRING(12.126358 54.087093,12.126334543644223 54.087040085188114)
671	Rostock	Schröderplatz	de:13003:885:1:2	54.086909	12.126133	tram	MATCHED	n281835006	2.7	0.82	Schröderplatz	2,3,4,6	Rostock, Goetheplatz		LINESTRING(12.126133 54.086909,12.126172700000001 54.086914500000006)
672	Rostock	Schröderplatz	de:13003:885:1:5	54.087589	12.126645		NO_MATCH_AND_SEEMS_UNSERVED								POINT(12.126645 54.087589)
673	Rostock	Schröderplatz	de:13003:885:2:1	54.086593	12.125918		MATCHED	w139659382	54.5	0.15	Schröderplatz			Goetheplatz	LINESTRING(12.125918 54.086593,12.12617879139615 54.08705825161602)
674	Rostock	Schröderplatz	de:13003:885:2:2	54.087288	12.126493		MATCHED	n1530770670	14.1	0.4	Schröderplatz			Kröpeliner Tor	LINESTRING(12.126493 54.087288,12.126353 54.0871915)
675	Rostock	Schröderplatz	de:13003:885:2:3	54.087504	12.126789	bus	MATCHED	n2262740580	5.7	0.78	Schröderplatz	F1	Rostock, Kröpeliner Tor	Kröpeliner Tor	LINESTRING(12.126789 54.087504,12.1267385 54.08746240000001)
676	Rostock	Schröderplatz	de:13003:885:2:4	54.086603	12.125639	bus	MATCHED	w328353606	18.7	0.58	Schröderplatz	25,F2,F4	Rostock, Goetheplatz / Rostock, Deutsche Med-Platz	Deutsche-Med-Platz / Goetheplatz	LINESTRING(12.125639 54.086603,12.12582015153991 54.08673245378353)
677	Rostock	Schulzenwiese	de:13003:886:1:1	54.191212	12.160278	bus	MATCHED	w653792061	25.7	0.52	Schulzenwiese	17,18	Rostock, Schnatermannweg	Schnatermannweg	LINESTRING(12.160278 54.191212,12.159910185270308 54.191130840732484)
678	Rostock	Schulzenwiese	de:13003:886:1:2	54.191185	12.159766	bus	MATCHED	w653792059	3.1	0.85	Schulzenwiese	17,18	Rostock, Markgrafenheide	Markgrafenheide	LINESTRING(12.159766 54.191185,12.159732887685168 54.191204400750365)
679	Rostock	Schutow	de:13003:887:1:1	54.106047	12.054116	bus	MATCHED	w142499351	7.9	0.73	Schutow	121,128,25,39	Rostock, Messestraße / Sievershagen Ostseepark Parkpl / Sievershagen, Ostseepark	Messestraße / Sievershagen, Ostseepark / Ostseepark Sievershagen	LINESTRING(12.054116 54.106047,12.054231748656713 54.10606781574132)
680	Rostock	Schutow	de:13003:887:1:2	54.105605	12.056909	bus	MATCHED	w142499341	8.3	0.72	Schutow	121,128,25,39	Rostock Reutershagen / Rostock Immendiek	Reutershagen / Immendiek	LINESTRING(12.056909 54.105605,12.056788013155598 54.10558164938704)
681	Rostock	Schwaaner Landstraße	de:13003:888:1:1	54.06667	12.132997	bus	MATCHED	w328366444	0.3	0.96	Schwaaner Landstraße	26	Rostock Zur Mooskuhle	Zur Mooskuhle	LINESTRING(12.132997 54.06667,12.132997492224506 54.06666717873492)
682	Rostock	Schwaaner Landstraße	de:13003:888:1:2	54.066512	12.132718	bus	MATCHED	w1215599252	10.4	0.65	Schwaaner Landstraße	26	Rostock, Am Kringelgraben	Am Kringelgraben	LINESTRING(12.132718 54.066512,12.132794270445833 54.06659407479632)
683	Rostock	Schwimmhalle	de:13003:889:1:1	54.086303	12.090183	bus	MATCHED	w328059300	4.4	0.81	Schwimmhalle	121,25,28,39,F2	Rostock, Gartenstadt / Rostock, Markt Reutershagen / Rostock, Rosenweg	Gartenstadt / Rosenweg	LINESTRING(12.090183 54.086303,12.090243672998009 54.086286400722464)
684	Rostock	Schwimmhalle	de:13003:889:1:2	54.086187	12.090183	bus	MATCHED	w328059299	9.0	0.71	Schwimmhalle	121,25,28,39,F2	Rostock, Schillingallee / Rostock Ostseestadion	Ostseestadion	LINESTRING(12.090183 54.086187,12.090054564341893 54.08615776385356)
685	Rostock	Schöffenweg	de:13003:884:1:1	54.108875	12.110215	bus	MATCHED	n3301519467	136.6	1.0	Schöffenweg	45,F2	Rostock, Kirchenplatz	Kirchenplatz	LINESTRING(12.110215 54.108875,12.111245100000001 54.107808000000006)
686	Rostock	Schöffenweg	de:13003:884:1:2	54.108328	12.110916	bus	MATCHED	n11559827995	61.9	1.0	Schöffenweg	45,F2	Rostock, Pressentinstraße	Pressentinstraße	LINESTRING(12.110916 54.108328,12.111395400000001 54.1078485)
687	Rostock	Schöne Aussicht	de:13003:3003	54.113631	12.067752		NO_MATCH_AND_SEEMS_UNSERVED								POINT(12.067752 54.113631)
688	Rostock	Seehafen Anleger	de:13003:1651:1:1	54.152174	12.098375		NO_MATCH_AND_SEEMS_UNSERVED								POINT(12.098375 54.152174)
689	Rostock	Seehafen Fähre	de:13003:891:1:1	54.143377	12.102436	bus	MATCHED	w253472537	16.4	0.6	Seehafen Fähre	19,45,49	Rostock Am Seehafen (Bus)		LINESTRING(12.102436 54.143377,12.102517835335936 54.14323727300163)
690	Rostock	Seehafen Fähre	de:13003:891:1:2	54.143066	12.102651	bus	MATCHED	w1354370207	20.4	0.56	Seehafen Fähre	19,45,49	Rostock, Krummendorf Nord / Rostock, Schmarl Zentrum	Krummendorf Nord / Schmarl Zentrum	LINESTRING(12.102651 54.143066,12.102544461452945 54.14323867976882)
691	Rostock	Seehafen Fähre	de:13003:891:1:3	54.14395	12.101798		MATCHED	w253472531	2.3	0.43	Seehafen Terminal				LINESTRING(12.101798 54.14395,12.10177655 54.14396635)
692	Rostock	Seehafen Fähre	de:13003:891:1:4	54.141956	12.102517		NO_MATCH_AND_SEEMS_UNSERVED								POINT(12.102517 54.141956)
693	Rostock	Seehafen Nord	de:13003:1507	54.142419	12.110557		NO_MATCH_AND_SEEMS_UNSERVED								POINT(12.110557 54.142419)
694	Rostock	Seehafen Ost	de:13003:2029:1:1	54.146907	12.120851	bus	MATCHED	w327284865	6.8	0.75	Seehafen Ost	19,49	Rostock Am Seehafen (Bus) / Rostock, Krummendorf Nord	Krummendorf Nord	LINESTRING(12.120851 54.146907,12.120943288391253 54.14693590585983)
695	Rostock	Seehafen Ost	de:13003:2029:1:2	54.146918	12.121507	bus	MATCHED	w327284864	12.0	0.66	Seehafen Ost	19,49	Rostock Liebherrstraße Süd	Liebherrstraße Süd	LINESTRING(12.121507 54.146918,12.121362549325207 54.146851495562636)
696	Rostock	Seehafen West	de:13003:892:1:1	54.144103	12.103361		NO_MATCH_AND_SEEMS_UNSERVED								POINT(12.103361 54.144103)
697	Rostock	Seehafen West	de:13003:892:1:2	54.144255	12.102768		NO_MATCH_AND_SEEMS_UNSERVED								POINT(12.102768 54.144255)
698	Rostock	Seelotsenring	de:13003:893:1:1	54.156345	12.079376	bus	MATCHED	w328655628	14.5	0.62	Seelotsenring	31,F1	Rostock, Taklerring	Taklerring	LINESTRING(12.079376 54.156345,12.07918655 54.15641205000001)
699	Rostock	Seelotsenring	de:13003:893:1:2	54.156524	12.079205	bus	MATCHED	w328655629	13.5	0.48	Seelotsenring	31,F1	Rostock Zum Pagenwerder / Rostock, Zum Laakkanal	Zum Pagenwerder / Zum Laakkanal / Taklerring	LINESTRING(12.079205 54.156524,12.079379209780074 54.15645817031751)
700	Rostock	Siemens	de:13003:895:1:1	54.125998	12.079035	bus	MATCHED	w329294088	11.0	0.67	Siemens	38	Rostock, Stadtwerke	Stadtwerke	LINESTRING(12.079035 54.125998,12.07887844607323 54.126034924945515)
701	Rostock	Siemens	de:13003:895:1:2	54.12594	12.079385	bus	MATCHED	w329294089	11.5	0.67	Siemens	38	Rostock, Industriestraße	Industriestraße	LINESTRING(12.079385 54.12594,12.07929880939415 54.12602983472331)
702	Rostock	Speicher	de:13003:896:1:1	54.091403	12.143112		MATCHED	n3362465925	0.9	0.88	Speicher				LINESTRING(12.143112 54.091403,12.1431239 54.091399700000004)
703	Rostock	Speicher	de:13003:896:1:2	54.092462	12.14251		NO_MATCH_AND_SEEMS_UNSERVED								POINT(12.14251 54.092462)
704	Rostock	St. Petersburger Stra	de:13003:898:1:1	54.135372	12.057098	tram	MATCHED	n1530770651	7.9	0.58	St. Petersburger Straße	1,5	Rostock, Lütten Klein Zentrum	Lütten-Klein Zentrum	LINESTRING(12.057098 54.135372,12.057104500000001 54.1353007)
705	Rostock	St. Petersburger Stra	de:13003:898:2:2	54.135857	12.057188	bus	MATCHED	w329373277	9.7	0.64	St. Petersburger Straße	F2	Rostock, Helsinkier Straße	Helsinkier Straße	LINESTRING(12.057188 54.135857,12.057129951759824 54.135936825183066)
706	Rostock	St. Petersburger Stra	de:13003:898:3:3	54.135988	12.056999	tram	MATCHED	n1530770663	9.3	0.55	St. Petersburger Straße	1,5	Rostock, Helsinkier Straße		LINESTRING(12.056999 54.135988,12.057020300000001 54.135905400000006)
707	Rostock	St. Petersburger Stra	de:13003:898:4:4	54.136999	12.05726	bus	MATCHED	w329373278	9.1	0.59	Sankt Petersburger Straße	F2	Rostock, S Lütten Klein / Rostock, S Lütten Klein	S Lütten Klein	LINESTRING(12.05726 54.136999,12.0573162 54.136924500000006)
708	Rostock	Stadthafen	de:13003:2985:1:1	54.09134	12.151565	tram	MATCHED	n30729532	13.3	0.53	Stadthafen	1,2,3,4,5	Rostock, Gerberbruch	Gerberbruch	LINESTRING(12.151565 54.09134,12.151469700000002 54.0912349)
709	Rostock	Stadthafen	de:13003:2985:1:2	54.091572	12.152355	tram	MATCHED	n12509528379	12.5	0.55	Stadthafen	1,2,3,4,5	Rostock, Petridamm	Petridamm	LINESTRING(12.152355 54.091572,12.152511500000001 54.091635800000006)
710	Rostock	Stadthafen	de:13003:2985:2:3	54.091635	12.151852	bus	MATCHED	n12509528380	8.5	0.69	Stadthafen	F2	Rostock, Gerberbruch	Gerberbruch	LINESTRING(12.151852 54.091635,12.1517312 54.0916075)
711	Rostock	Stadthafen	de:13003:2985:2:4	54.091524	12.151699	bus	MATCHED	w1350753770	0.5	0.95	Stadthafen	F2	Rostock Am Petridamm	Am Petridamm	LINESTRING(12.151699 54.091524,12.15169445 54.09152765)
712	Rostock	Stadthafen	de:13003:2985:3:5	54.090418	12.150918		NO_MATCH_AND_SEEMS_UNSERVED								POINT(12.150918 54.090418)
713	Rostock	Stadthalle	de:13003:1523:1:3	54.078114	12.127229	tram	MATCHED	n1530770693	0.8	0.88	Stadthalle	2,3,5,6	Rostock Hauptbahnhof		LINESTRING(12.127229 54.078114,12.1272301 54.078106500000004)
714	Rostock	Stadthalle	de:13003:1523:1:4	54.078303	12.126888	tram	MATCHED	n30729569	1.0	0.86	Stadthalle	2,3,5,6	Rostock, Goetheplatz / Rostock, Erich-Schlesinger-Str.		LINESTRING(12.126888 54.078303,12.126900500000001 54.0782973)
715	Rostock	Stadthalle	de:13003:1523:1:5	54.078203	12.126717		MATCHED	w139659333	19.5	0.34	Stadthalle			Erich-Schlesinger-Straße	LINESTRING(12.126717 54.078203,12.127011727012794 54.07817498563052)
716	Rostock	Stadthalle	de:13003:1523:1:6	54.077782	12.127454		MATCHED	w139659313	56.9	0.15	Stadthalle			Goetheplatz	LINESTRING(12.127454 54.077782,12.127084896768363 54.07824470146535)
717	Rostock	Stadthalle	de:13003:1523:2:1	54.077776	12.127355	bus	MATCHED	n3352053692	1.4	0.91	Stadthalle	22,26	Rostock, Hauptbahnhof Süd		LINESTRING(12.127355 54.077776,12.1273414 54.077766800000006)
718	Rostock	Stadthalle	de:13003:1523:2:2	54.078193	12.12687	bus	NO_MATCH_BUT_OTHER_PLATFORM_MATCHED					26	Rostock, Erich-Schlesinger-Str.		POINT(12.12687 54.078193)
719	Rostock	Stadtweide	de:13003:1547:1:1	54.069174	12.080301	bus	MATCHED	w1306014380	21.2	0.55	Stadtweide	102,29	Rostock Eikholt / Rostock, Satower Str.	Eikholt	LINESTRING(12.080301 54.069174,12.080533727418679 54.069306136192615)
720	Rostock	Stadtweide	de:13003:1547:1:2	54.069232	12.080625	bus	MATCHED	w141610951	2.4	0.88	Stadtweide	102,29	Rostock, Neuer Friedhof	Neuer Friedhof	LINESTRING(12.080625 54.069232,12.080600467052525 54.0692158839902)
721	Rostock	Stadtwerke	de:13003:900:1:1	54.123076	12.080795	bus	MATCHED	w329294091	6.3	0.76	Stadtwerke	38	Rostock, Hundsburgallee	Hundsburgallee	LINESTRING(12.080795 54.123076,12.080806483873495 54.12313190716881)
722	Rostock	Stadtwerke	de:13003:900:1:2	54.123371	12.0812	bus	MATCHED	w329294090	10.5	0.68	Stadtwerke	38	Rostock, Siemens	Siemens	LINESTRING(12.0812 54.123371,12.081158250000007 54.12328010000001)
723	Rostock	Steintor IHK	de:13003:901:1:1	54.086424	12.141019	tram	MATCHED	n1530770741	13.7	1.0	Steintor IHK	1,2,4,5,6	Rostock Paulstraße / Rostock, Steintor / IHK		LINESTRING(12.141019 54.086424,12.141027300000001 54.086547100000004)
724	Rostock	Steintor IHK	de:13003:901:1:D	54.086066	12.141935	tram	MATCHED	n30729544	4.6	1.0	Steintor IHK	2,3	Rostock Paulstraße	Paulstraße	LINESTRING(12.141935 54.086066,12.141865300000001 54.08606820000001)
725	Rostock	Steintor IHK	de:13003:901:1:L	54.086582	12.141099	tram	MATCHED	n6244815515	11.3	1.0	Steintor IHK	1,2,4,5,6	Rostock Neuer Markt		LINESTRING(12.141099 54.086582,12.141070500000001 54.0866818)
726	Rostock	Steintor IHK	de:13003:901:2:10	54.086255	12.140677	bus	MATCHED	n3362368484	3.5	0.84	Steintor IHK	F1	Rostock Paulstraße	Paulstraße	LINESTRING(12.140677 54.086255,12.140667200000001 54.086286)
727	Rostock	Steintor IHK	de:13003:901:2:4	54.086319	12.140929	bus	MATCHED	n2488304634	1.2	0.92	Steintor IHK	F1	Rostock Neuer Markt	Neuer Markt	LINESTRING(12.140929 54.086319,12.140935200000001 54.0863091)
728	Rostock	Steintor IHK	de:13003:901:2:5	54.085866	12.142689	bus	MATCHED	w139659614	18.8	0.57	Steintor IHK	112,113,123,24,304,F2,F4	Bentwisch, Hanse-Center / Bentwisch / Rostock Brinckmansdorf / Rostock Wossidlopark / Rostock, Am Bagehl / Rostock, Gerberbruch	Brinckmannsdorf / Gerberbruch / Am Bagehl	LINESTRING(12.142689 54.085866,12.142472406943922 54.08575511523562)
729	Rostock	Steintor IHK	de:13003:901:2:E	54.086224	12.143363	bus	MATCHED	w139659632	14.9	0.62	Steintor IHK	112,113,123,24,F4	Rostock, Am Rosengarten / Rostock, Am Rosengarten	Am Rosengarten	LINESTRING(12.143363 54.086224,12.143574471627746 54.08627474834873)
730	Rostock	Steintor IHK	de:13003:901:3:C	54.086171	12.141899		MATCHED	n608598474	6.4	1.0	Steintor IHK	1,2,22,23,4,5,F2,F4	Rostock Paulstraße / Rostock, Blücherstraße / Rostock, Steintor / IHK		LINESTRING(12.141899 54.086171,12.141847 54.0861225)
731	Rostock	Steintor IHK	de:13003:901:3:G	54.085412	12.141099		MATCHED	n1530770720	80.6	0.11	Steintor IHK			Paulstraße	LINESTRING(12.141099 54.085412,12.141051200000001 54.0861358)
732	Rostock	Steintor IHK	de:13003:901:3:K	54.086092	12.142537		MATCHED	n608594522	4.4	1.0	Steintor IHK	1,2,22,23,3,4,5	Rostock, Am Bagehl / Rostock, Gerberbruch	Gerberbruch	LINESTRING(12.142537 54.086092,12.142536600000001 54.086131400000006)
733	Rostock	Stephan-Jantzen-Ring	de:13003:902:1:1	54.129746	12.071327	bus	MATCHED	w329294092	4.2	0.82	Stephan-Jantzen-Ring	38,39,F1	Rostock S Evershagen	S Evershagen	LINESTRING(12.071327 54.129746,12.071292404280294 54.1297773000789)
734	Rostock	Stephan-Jantzen-Ring	de:13003:902:1:2	54.130193	12.071444	bus	MATCHED	w329294093	4.6	0.81	Stephan-Jantzen-Ring	38,39,F1	Rostock, Roald-Amundsen-Straße	Roald-Amundsen-Straße / Schmarl Zentrum	LINESTRING(12.071444 54.130193,12.071448499030627 54.130151829188)
735	Rostock	Sternwarte	de:13003:903:1:1	54.085676	12.076861	bus	MATCHED	w142499334	8.4	0.72	Sternwarte	28	Rostock, Groß Schwaßer Weg	Groß Schwaßer Weg	LINESTRING(12.076861 54.085676,12.076940619999307 54.08573541403906)
736	Rostock	Sternwarte	de:13003:903:1:2	54.085866	12.077508	bus	MATCHED	w142499337	8.8	0.71	Sternwarte	28	Rostock, Rosenweg	Rosenweg	LINESTRING(12.077508 54.085866,12.077427761359749 54.08580209105379)
737	Rostock	Stockholmer Straße	de:13003:1813:1:1	54.134172	12.052939	bus	MATCHED	w1356197191	5.5	0.78	Stockholmer Straße	31	Rostock Kopenhagener Straße	Kopenhagener Straße	LINESTRING(12.052939 54.134172,12.053022075853157 54.13416299932654)
738	Rostock	Stockholmer Straße	de:13003:1813:1:2	54.134114	12.052409	bus	MATCHED	w1356197192	4.6	0.81	Stockholmer Straße	31	Rostock, Lütten Klein Zentrum	Lütten Klein Zentrum	LINESTRING(12.052409 54.134114,12.052364413309354 54.134082600481115)
739	Rostock	Stolteraer Weg	de:13003:904:1:1	54.169273	12.037515	bus	MATCHED	w180957631	4.6	0.81	Stolteraer Weg	119,37,F3	Elmenhorst, Bachweg / Rostock, Streuwiesenweg / Elmenhorst, Nordkante / Rostock, Streuwiesenweg	Streuwiesenweg / Elmenhorst, Nordkante / Elmenhorst, Bachweg	LINESTRING(12.037515 54.169273,12.037565763457831 54.169301333643965)
740	Rostock	Stolteraer Weg	de:13003:904:1:2	54.169242	12.037649	bus	MATCHED	w180957633	8.2	0.72	Stolteraer Weg	119,37,F3	Warnemünde, Friedhof / Rostock, Rohrmannsche Koppel	Warnemünde Friedhof / Rohrmannsche Koppel	LINESTRING(12.037649 54.169242,12.037579745427555 54.16918059729676)
741	Rostock	Strand	de:13003:905:1:1	54.181498	12.122396	bus	MATCHED	w326947441	8.9	0.71	Strand	17,18	Rostock, Taterhörn	Taterhörn	LINESTRING(12.122396 54.181498,12.122299764021802 54.18144086689177)
742	Rostock	Strand	de:13003:905:1:2	54.181308	12.121732	bus	MATCHED	w326947444	10.8	0.68	Strand	17,18	Rostock, Hohe Düne	Hohe Düne	LINESTRING(12.121732 54.181308,12.121866910869263 54.18136423877827)
743	Rostock	Straßenbahnbetriebshof	de:13003:1649	54.098104	12.09038		NO_MATCH_AND_SEEMS_UNSERVED								POINT(12.09038 54.098104)
744	Rostock	Streuwiesenweg	de:13003:906:1:1	54.166617	12.042177	bus	MATCHED	w329290580	6.1	0.77	Streuwiesenweg	37	Rostock Diedrichshagen	Diedrichshagen	LINESTRING(12.042177 54.166617,12.04209215 54.1665952)
745	Rostock	Streuwiesenweg	de:13003:906:1:2	54.166901	12.04206	bus	MATCHED	w329290581	7.3	0.62	Streuwiesenweg	37,F3	Rostock Auf dem Kalverradd / Stolteraer Weg	Auf dem Kalverradd / Stolteraer Weg	LINESTRING(12.04206 54.166901,12.04217155815115 54.16689460201929)
746	Rostock	Stuthof	de:13003:907:1:1	54.166596	12.171912	bus	MATCHED	w326835899	8.0	0.6	Stuthof	16,18	Rostock Nienhager Koppel / Rostock, Nienhagen	Nienhager Koppel / Nienhagen	LINESTRING(12.171912 54.166596,12.17179375 54.16661475000001)
747	Rostock	Südblick	de:13003:1525:1:1	54.058087	12.11645	tram	MATCHED	n281849650	10.5	0.46	Südblick	2,5	Rostock, Charles-Darwin-Ring		LINESTRING(12.11645 54.058087,12.116476200000001 54.058180300000004)
748	Rostock	Südblick	de:13003:1525:1:2	54.057955	12.117051	tram	MATCHED	n252965736	33.9	0.22	Südblick	2,5			LINESTRING(12.117051 54.057955,12.1170887 54.057651)
749	Rostock	Südblick	de:13003:1525:2:3	54.057971	12.116944	bus	MATCHED	n1532561622	3.0	0.78	Südblick	106,137,26,F1	Rostock, Charles-Darwin-Ring / Rostock Weidengrund / Gragetopshof / Sildemow, Abzweig		LINESTRING(12.116944 54.057971,12.1169381 54.057997400000005)
750	Rostock	Südblick	de:13003:1525:2:4	54.05805	12.116324	bus	MATCHED	n1532561620	19.2	0.57	Südblick	26,F1			LINESTRING(12.116324 54.05805,12.116085400000001 54.0579498)
751	Rostock	Südstadt-Center	de:13003:908:1:3	54.072179	12.117617	tram	MATCHED	n1530770745	5.4	0.71	Südstadt-Center	2,4,5,6	Rostock, Erich-Schlesinger-Str.		LINESTRING(12.117617 54.072179,12.1176708 54.0722152)
752	Rostock	Südstadt-Center	de:13003:908:1:4	54.072153	12.117195	tram	MATCHED	n250137230	6.3	0.69	Südstadt-Center	2,4,5,6	Rostock, Majakowskistraße / Rostock, Robert-Koch-Straße	Robert-Koch-Straße / Majakowskistraße	LINESTRING(12.117195 54.072153,12.117168300000001 54.072098600000004)
753	Rostock	Südstadt-Center	de:13003:908:2:1	54.07201	12.117411	bus	MATCHED	n339343133	4.6	0.71	Südstadt-Center	102,106	Rostock, Erich-Schlesinger-Str.		LINESTRING(12.117411 54.07201,12.117350400000001 54.0719895)
754	Rostock	Südstadt-Center	de:13003:908:2:2	54.07229	12.117267	bus	MATCHED	n339343129	3.6	0.75	Südstadt-Center	102	Rostock, Robert-Koch-Straße		LINESTRING(12.117267 54.07229,12.1172926 54.072318700000004)
755	Rostock	Südstadt-Center	de:13003:908:2:5	54.072016	12.117483		MATCHED	w139659362	10.9	0.47	Südstadt-Center				LINESTRING(12.117483 54.072016,12.117396750061458 54.07210000238342)
756	Rostock	Südstadt-Center	de:13003:908:2:6	54.072311	12.117303		MATCHED	w139659346	14.6	0.4	Südstadt-Center			Robert-Koch-Straße / Majakowskistraße	LINESTRING(12.117303 54.072311,12.117324326343253 54.072180613866905)
757	Rostock	Taklerring	de:13003:909:1:1	54.150932	12.081586	bus	MATCHED	w328655630	10.4	0.68	Taklerring	31,F1	Rostock, Gerüstbauerring	Gerüstbauerring	LINESTRING(12.081586 54.150932,12.0814979 54.15100975000001)
758	Rostock	Taklerring	de:13003:909:1:2	54.152395	12.081299	bus	MATCHED	w328655631	20.9	0.55	Taklerring	31,F1	Rostock, Seelotsenring	Seelotsenring	LINESTRING(12.081299 54.152395,12.081415203715178 54.15221997451359)
759	Rostock	Tannenweg	de:13003:1652:1:1	54.074988	12.072513		NO_MATCH_AND_SEEMS_UNSERVED								POINT(12.072513 54.074988)
760	Rostock	Tannenweg	de:13003:1652:1:2	54.075168	12.073501		NO_MATCH_AND_SEEMS_UNSERVED								POINT(12.073501 54.075168)
761	Rostock	Taterhörn	de:13003:910:1:1	54.187858	12.133176	bus	MATCHED	w326947445	4.1	0.82	Taterhörn	17,18	Rostock, Markgrafenheide	Markgrafenheide	LINESTRING(12.133176 54.187858,12.133201299999998 54.187824500000005)
762	Rostock	Taterhörn	de:13003:910:1:2	54.186839	12.131685	bus	MATCHED	w326947448	5.0	0.8	Taterhörn	17,18	Rostock, Strand	Strand	LINESTRING(12.131685 54.186839,12.131709130296981 54.186881659021736)
763	Rostock	Theodor-Storm-Straße	de:13003:912:1:1	54.116416	12.054376	bus	MATCHED	w328059303	2.8	0.86	Theodor-Storm-Straße	25,38	Rostock, Maxim-Gorki-Str.	Maxim-Gorki-Straße	LINESTRING(12.054376 54.116416,12.05441380000882 54.11640349366125)
764	Rostock	Theodor-Storm-Straße	de:13003:912:1:2	54.116063	12.05452	bus	MATCHED	w328059304	5.3	0.79	Theodor-Storm-Straße	25,38	Rostock, Evershagen Süd / Rostock, Messestraße	Messestraße	LINESTRING(12.05452 54.116063,12.054451432961663 54.116088008454)
765	Rostock	Thierfelderstraße	de:13003:1509:1:4	54.078045	12.100558		MATCHED	n5246309052	9.3	0.48	Rostock Thierfelder Straße			Gleis 9 / Gleis 11 / Groß Schwaß	LINESTRING(12.100558 54.078045,12.1004193 54.078062900000006)
766	Rostock	Thierfelderstraße	de:13003:1509:1:5	54.077798	12.100118		MATCHED	w71001892	17.5	0.33	Rostock Thierfelder Straße			Groß Schwaß	LINESTRING(12.100118 54.077798,12.099942882266726 54.07791732437517)
767	Rostock	Thierfelderstraße	de:13003:1509:2:2	54.080085	12.101789	tram	MATCHED	n1530755389	0.9	0.87	Thierfelderstraße	3,6	Rostock, Dr.-Lorenz-Weg		LINESTRING(12.101789 54.080085,12.101801400000001 54.0800818)
768	Rostock	Thierfelderstraße	de:13003:1509:2:3	54.080807	12.103819	tram	MATCHED	n321021768	1.6	0.82	Thierfelderstraße	3,6	Rostock, Platz der Jugend		LINESTRING(12.103819 54.080807,12.1038428 54.080808600000005)
769	Rostock	Thierfelderstraße	de:13003:1509:3:1	54.077998	12.100226	train	MATCHED_THOUGH_DISTANT	w139659463	267.1	0.07	Thierfelderstraße	RB11,RB12	Rostock Hauptbahnhof / Rostock Hauptbahnhof / Rostock Hauptbahnhof / Rostock Hauptbahnhof / Groß Schwaß, Bahnhof	Dr.-Lorenz-Weg	LINESTRING(12.100226 54.077998,12.102052706097393 54.080143916099075)
770	Rostock	Thomas-Morus-Straße	de:13003:913:1:4	54.124582	12.058077	tram	MATCHED	n28903631	9.2	0.61	Thomas-Morus-Straße	1,5	Rostock, Fischerdorf		LINESTRING(12.058077 54.124582,12.058099700000001 54.124500000000005)
771	Rostock	Thomas-Morus-Straße	de:13003:913:2:1	54.124792	12.057358	bus	MATCHED	w328059306	3.2	0.85	Thomas-Morus-Straße	25,38	Rostock, Thomas-Morus-Straße		LINESTRING(12.057358 54.124792,12.057336641035846 54.12476634923911)
772	Rostock	Thomas-Morus-Straße	de:13003:913:2:2	54.125366	12.058086	bus	MATCHED	n1712818644	2.3	0.88	Thomas-Morus-Straße	25,38,F2	Rostock, Helsinkier Straße	Helsinkier Straße	LINESTRING(12.058086 54.125366,12.058120800000001 54.1253668)
773	Rostock	Thomas-Morus-Straße	de:13003:913:2:3	54.124261	12.058095		MATCHED	n1530770750	20.5	0.33	Thomas-Morus-Straße			Ehm-Welk-Straße	LINESTRING(12.058095 54.124261,12.0581701 54.124082)
774	Rostock	Thomas-Morus-Straße	de:13003:913:3:5	54.124582	12.057987		NO_MATCH_BUT_OTHER_PLATFORM_MATCHED					1,5,F2	Rostock, Ehm-Welk-Straße / Rostock, Ehm-Welk-Straße		POINT(12.057987 54.124582)
775	Rostock	Thomas-Morus-Straße	de:13003:913:6:6	54.124935	12.057224	bus	MATCHED	w328059305	2.2	0.88	Thomas-Morus-Straße	25,38	Rostock, Maxim-Gorki-Str.	Maxim-Gorki-Straße	LINESTRING(12.057224 54.124935,12.057250181789536 54.124948001437886)
776	Rostock	Thomas-Müntzer-Platz	de:13003:523:1:1	54.090049	12.104915	bus	MATCHED	w1442128004	5.6	0.65	Thomas-Müntzer-Platz	26	Campus Ulmenstraße Rostock	Campus Ulmenstraße	LINESTRING(12.104915 54.090049,12.104857329641844 54.090011616544324)
777	Rostock	Thomas-Müntzer-Platz	de:13003:523:1:2	54.090065	12.104691		MATCHED	n13232666899	9.6	0.5	Thomas-Müntzer-Platz				LINESTRING(12.104691 54.090065,12.104814300000001 54.090111900000004)
778	Rostock	Timmermannsstrat	de:13003:769:1:1	54.08302	12.193516	bus	MATCHED	w327514422	6.8	0.75	Timmermannsstrat	23,F4	Rostock Brinckmansdorf	Brinckmannsdorf	LINESTRING(12.193516 54.08302,12.19345723895355 54.08307076455591)
779	Rostock	Timmermannsstrat	de:13003:769:1:2	54.083178	12.193615	bus	MATCHED	w327514421	12.2	0.65	Timmermannsstrat	23,F4	Rostock, Rudolf-Tarnow-Str.	Rudolf-Tarnow-Straße	LINESTRING(12.193615 54.083178,12.193646792463095 54.08307022930663)
780	Rostock	Timmermannsstrat	de:13003:769:1:3	54.081534	12.19348		NO_MATCH_AND_SEEMS_UNSERVED								POINT(12.19348 54.081534)
781	Rostock	Timmermannsstrat	de:13003:769:1:4	54.08185	12.193543		NO_MATCH_AND_SEEMS_UNSERVED								POINT(12.193543 54.08185)
782	Rostock	Toitenwinkel	de:13003:1508	54.126361	12.144118		NO_MATCH_AND_SEEMS_UNSERVED								POINT(12.144118 54.126361)
783	Rostock	Torfbrücke	de:13003:1071:1:1	54.241448	12.224957	bus	MATCHED	n334230375	4.1	0.82	Torfbrücke	118,140	Graal Müritz, Süd	Graal-Müritz Süd	LINESTRING(12.224957 54.241448,12.225016400000001 54.241435900000006)
784	Rostock	Torfbrücke	de:13003:1071:1:2	54.241459	12.224921	bus	MATCHED	n334230372	3.3	0.84	Torfbrücke	118,140	Müggenburg	Müggenburg	LINESTRING(12.224921 54.241459,12.224875200000001 54.241472)
785	Rostock	Torfbrücke	de:13003:1071:2:1	54.241774	12.227598	trainish	MATCHED	n5246309050	18.2	0.37	Rostock-Torfbrücke			Graal-Müritz Koppelweg / Rövershagen	LINESTRING(12.227598 54.241774,12.227432400000001 54.241642000000006)
786	Rostock	Tschaikowskistraße	de:13003:914:1:1	54.09114	12.088162	bus	MATCHED	w328059308	12.8	0.65	Tschaikowskistraße	25,39,F2	Rostock, Kuphalstraße	Kuphalstraße	LINESTRING(12.088162 54.09114,12.088037787849796 54.09122909886361)
787	Rostock	Tschaikowskistraße	de:13003:914:1:2	54.08957	12.08782	bus	MATCHED	w328059307	10.2	0.69	Tschaikowskistraße	25,39,F2	Rostock, Schwimmhalle	Schwimmhalle	LINESTRING(12.08782 54.08957,12.087928504464239 54.08950443783789)
788	Rostock	Tschaikowskistraße	de:13003:914:1:3	54.090803	12.089213		NO_MATCH_AND_SEEMS_UNSERVED								POINT(12.089213 54.090803)
789	Rostock	Turkuer Straße	de:13003:915:1:1	54.142272	12.049795	tram	MATCHED	n282841451	1.0	0.89	Turkuer Straße	1,5	Rostock, Rügener Str.	Rügener Straße	LINESTRING(12.049795 54.142272,12.0497989 54.142263500000006)
790	Rostock	Turkuer Straße	de:13003:915:2:2	54.141945	12.049741	tram	MATCHED	n1530770763	1.7	0.85	Turkuer Straße	1,5	Rostock, Warnowallee	Warnowallee	LINESTRING(12.049741 54.141945,12.049739800000001 54.14192980000001)
791	Rostock	Tychsenstraße	de:13003:916:1:1	54.067187	12.123151	bus	MATCHED	w328366445	0.3	0.96	Tychsenstraße	26	Rostock, Am Kringelgraben	Am Kringelgraben	LINESTRING(12.123151 54.067187,12.123149919534045 54.06718405089435)
792	Rostock	Tychsenstraße	de:13003:916:1:2	54.067292	12.122864	bus	MATCHED	w328366450	4.5	0.81	Tychsenstraße	26	Rostock, Galileistraße	Galileistraße	LINESTRING(12.122864 54.067292,12.122924082263049 54.06727320780444)
793	Rostock	Ulrich-von-Hutten-Str	de:13003:917:1:1	54.096977	12.080463	bus	MATCHED	w142499356	11.8	0.6	Ulrich-von-Hutten-Straße	25,39,F2	Rostock, Markt Reutershagen / Rostock, Markt Reutershagen	Markt Reutershagen	LINESTRING(12.080463 54.096977,12.08060677108645 54.096913431422614)
794	Rostock	Ulrich-von-Hutten-Str	de:13003:917:1:2	54.096803	12.080409	bus	MATCHED	w142499361	10.4	0.62	Ulrich-von-Hutten-Straße	25,39,F2	Rostock, Kuphalstraße	Kuphalstraße	LINESTRING(12.080409 54.096803,12.080269581098337 54.09675895042536)
795	Rostock	Urho-Kekkonen-Straße	de:13003:918:1:1	54.118554	12.144702	bus	MATCHED	w323806940	7.0	0.75	Urho-Kekkonen-Straße	19,45,49,F2	Rostock, Albert-Schweitzer-Str	Albert-Schweitzer-Straße	LINESTRING(12.144702 54.118554,12.144595274859148 54.11854741184092)
796	Rostock	Urho-Kekkonen-Straße	de:13003:918:1:2	54.118596	12.1448	bus	MATCHED	w323806941	9.5	0.7	Urho-Kekkonen-Straße	19,45,49,F2	Rostock, Zum Schäferteich / Rostock, Hafenbahnweg	Hafenbahnweg / Zum Schäferteich	LINESTRING(12.1448 54.118596,12.144931684030729 54.11855952412048)
797	Rostock	Urho-Kekkonen-Straße	de:13003:918:1:3	54.11848	12.144217		NO_MATCH_AND_SEEMS_UNSERVED								POINT(12.144217 54.11848)
798	Rostock	Urho-Kekkonen-Straße	de:13003:918:1:4	54.117901	12.144585		NO_MATCH_AND_SEEMS_UNSERVED								POINT(12.144585 54.117901)
799	Rostock	Verbindungsweg	de:13003:1799	54.081945	12.166225		NO_MATCH_AND_SEEMS_UNSERVED								POINT(12.166225 54.081945)
800	Rostock	Vicke-Schorler-Ring	de:13003:920:1:1	54.074878	12.175469	bus	MATCHED	w114095306	9.1	0.71	Vicke-Schorler-Ring	22	Rostock, Kassebohm Nord	Wossidlopark	LINESTRING(12.175469 54.074878,12.175373752707179 54.07481839016046)
801	Rostock	Vicke-Schorler-Ring	de:13003:920:1:2	54.075062	12.175873	bus	MATCHED	w114097949	5.6	0.78	Vicke-Schorler-Ring	22	Rostock, Zu den Söllen	Zu den Söllen	LINESTRING(12.175873 54.075062,12.175956221570624 54.07507337176495)
802	Rostock	Volkstheater	de:13003:919:1:4	54.09006	12.118309	tram	MATCHED	n1530770766	1.1	0.9	Volkstheater	1,2,3,4,5,6	Rostock, Doberaner Platz / Rostock, Doberaner Platz		LINESTRING(12.118309 54.09006,12.118325700000002 54.0900607)
803	Rostock	Volkstheater	de:13003:919:2:1	54.090234	12.118058	bus	MATCHED_THOUGH_OSM_NO_NAME	n2966850162	5.7	0.43		F1	Rostock, Kabutzenhof	Kabutzenhof	LINESTRING(12.118058 54.090234,12.117971200000001 54.090232400000005)
804	Rostock	Volkstheater	de:13003:919:2:2	54.090007	12.118282	bus	MATCHED	n2966850161	2.8	0.86	Volkstheater	F1	Rostock, Doberaner Platz		LINESTRING(12.118282 54.090007,12.1183183 54.090019600000005)
805	Rostock	Volkstheater	de:13003:919:3:3	54.090212	12.117941	tram	MATCHED	n282837133	0.5	0.93	Volkstheater	1,2,3,4,5,6	Rostock, Kabutzenhof	Kabutzenhof	LINESTRING(12.117941 54.090212,12.1179371 54.0902163)
806	Rostock	W. -Husemann-Straße	de:13003:922:1:1	54.095344	12.073447	bus	MATCHED	w142499357	9.0	0.64	Walter-Husemann-Straße	25,39	Rostock Reutershagen	Reuterhagen	LINESTRING(12.073447 54.095344,12.073315309034669 54.095368318412106)
807	Rostock	W. -Husemann-Straße	de:13003:922:1:2	54.095486	12.072774	bus	MATCHED	n3356791874	9.2	0.64	Walter-Husemann-Straße	25,39	Rostock, Bonhoefferstraße	Bonhoefferstraße	LINESTRING(12.072774 54.095486,12.0728925 54.095440800000006)
808	Rostock	W. -Husemann-Straße	de:13003:922:1:3	54.095718	12.07413		NO_MATCH_AND_SEEMS_UNSERVED								POINT(12.07413 54.095718)
809	Rostock	Wallensteins Lager	de:13003:1093:1:1	54.208605	12.212641	bus	MATCHED	n369037556	5.8	0.78	Wallensteins Lager	118,140	Müggenburg	Müggenburg	LINESTRING(12.212641 54.208605,12.2127145 54.2085755)
810	Rostock	Wallensteins Lager	de:13003:1093:1:2	54.208563	12.21256	bus	MATCHED	n369037558	5.3	0.79	Wallensteins Lager	118,140	Rostocker Heide	Rostocker Heide	LINESTRING(12.21256 54.208563,12.212479 54.2085683)
811	Rostock	Warnemünde	de:13003:1500:1:1	54.176997	12.089392	bus	NO_MATCH_AND_SEEMS_UNSERVED								POINT(12.089392 54.176997)
812	Rostock	Warnemünde	de:13003:1500:1:6	54.177192	12.090416	bus	NO_MATCH_AND_SEEMS_UNSERVED								POINT(12.090416 54.177192)
813	Rostock	Warnemünde	de:13003:1500:2:1	54.176919	12.090345	train	MATCHED	n4265542539	13.9	0.5	Warnemünde	S1,S2,S3	Warnemünde, S Warnemünde, Werft		LINESTRING(12.090345 54.176919,12.0904296 54.176804800000006)
814	Rostock	Warnemünde	de:13003:1500:2:2	54.176934	12.09047	train	MATCHED	n4265542540	7.1	0.65	Warnemünde	S1,S2,S3	Warnemünde, S Warnemünde, Werft		LINESTRING(12.09047 54.176934,12.0905558 54.1768951)
815	Rostock	Warnemünde	de:13003:1500:3:3	54.176961	12.090677	train	MATCHED	n4265542542	3.8	0.77	Warnemünde	S1,S2,S3	Warnemünde, S Warnemünde, Werft		LINESTRING(12.090677 54.176961,12.0906857 54.176926800000004)
816	Rostock	Warnemünde	de:13003:1500:4:4	54.177234	12.091027	trainish	MATCHED	n289634244	42.5	0.27	Warnemünde				LINESTRING(12.091027 54.177234,12.091239700000001 54.1768731)
817	Rostock	Warnemünde	de:13003:1500:5:5	54.177287	12.091225	trainish	MATCHED	n4265542548	49.0	0.24	Warnemünde			Gleis 3	LINESTRING(12.091225 54.177287,12.091420900000001 54.1768621)
818	Rostock	Warnemünde Friedhof	de:13003:759:1:1	54.175131	12.051573	bus	MATCHED	w329290568	0.7	0.91	Warnemünde Friedhof	119,37,F3	Warnemünde Strand / Warnemünde Strand / Stolteraer Weg	"Warnemünde Strand / Haus ""Stolteraa"""	LINESTRING(12.051573 54.175131,12.051572172164612 54.17512486501855)
819	Rostock	Warnemünde Friedhof	de:13003:759:1:2	54.175283	12.05169	bus	MATCHED	w329290567	3.0	0.78	Warnemünde Friedhof	119,37,F3	Rostock, Rohrmannsche Koppel / Warnemünde Haus Stolteraa	Stolteraer Weg / Rohrmannsche Koppel	LINESTRING(12.05169 54.175283,12.051726337695476 54.17529998528405)
820	Rostock	Warnemünde Fritz-Reuter-Straße	de:13003:760:1:1	54.173574	12.085583	bus	MATCHED	w329291470	3.6	0.72	Fritz-Reuter Straße	37	Warnemünde, S Warnemünde, Werft	S Warnemünde Werft	LINESTRING(12.085583 54.173574,12.08558005 54.1736066)
821	Rostock	Warnemünde Fähre	de:13003:924:1:1	54.17664	12.092653	ferry	MATCHED	n461817929	74.9	0.13	Warnemünde	FÄ1	Rostock, Hohe Düne Fähre		LINESTRING(12.092653 54.17664,12.092982500000002 54.1772848)
822	Rostock	Warnemünde Haus Stolteraa	de:13003:782:1:1	54.176882	12.066701	bus	MATCHED	w329290573	18.0	0.42	Hotel Stolteraa	119,36,37,F3	Warnemünde Strand / Warnemünde Strand / Warnemünde, Friedhof	Warnemünde Strand / Warnemünde Friedhof	LINESTRING(12.066701 54.176882,12.06696755 54.17692375)
823	Rostock	Warnemünde Haus Stolteraa	de:13003:782:1:2	54.176787	12.068075	bus	MATCHED	w329290572	7.3	0.58	"Haus ""Stolteraa"""	119,36,37,F3	Warnemünde, Wiesenweg	R.-Wagner-Str. TZW / Wiesenweg	LINESTRING(12.068075 54.176787,12.067977599999999 54.176754700000004)
824	Rostock	Warnemünde Kirchenplatz	de:13003:921:1:1	54.176635	12.084676	bus	MATCHED	w329291476	3.7	0.75	Warnemünde Kirchenplatz	37	Warnemünde, Wachtlerstraße		LINESTRING(12.084676 54.176635,12.084729602360815 54.17662388692847)
825	Rostock	Warnemünde Kirchenplatz	de:13003:921:1:2	54.177355	12.083724	bus	MATCHED	w329291475	2.7	0.86	Warnemünde Kirchenplatz	37	Warnemünde Fritz-Reuter-Straße	Fritz-Reuter Straße / Wachtlerstraße	LINESTRING(12.083724 54.177355,12.083720300740554 54.17733043270634)
826	Rostock	Warnemünde Kirchenplatz	de:13003:921:1:3	54.177707	12.083517		NO_MATCH_AND_SEEMS_UNSERVED								POINT(12.083517 54.177707)
827	Rostock	Warnemünde Kurhausstraße	de:13003:793:1:1	54.179579	12.079538	bus	MATCHED	w329291471	1.6	0.72	Kurhausstraße	37	Warnemünde, Seestraße	Seestraße	LINESTRING(12.079538 54.179579,12.079543091817193 54.17956528440867)
828	Rostock	Warnemünde Rostocker Straße	de:13003:3002:1:1	54.170351	12.08288		NO_MATCH_AND_SEEMS_UNSERVED								POINT(12.08288 54.170351)
829	Rostock	Warnemünde Strand	de:13003:925:1:1	54.176025	12.058239	bus	MATCHED	w322782226	8.6	0.71	Warnemünde Strand	36,37	Warnemünde, S Warnemünde, Werft / Warnemünde Haus Stolteraa	"Haus ""Stolteraa"""	LINESTRING(12.058239 54.176025,12.058187792551342 54.17609602519965)
830	Rostock	Warnemünde Strand	de:13003:925:1:2	54.176156	12.058266	bus	MATCHED	w322782225	5.2	0.79	Warnemünde Strand	37,F3	Warnemünde Haus Stolteraa	"Haus ""Stolteraa"""	LINESTRING(12.058266 54.176156,12.058283007132136 54.17611033428425)
831	Rostock	Warnemünde Strand	de:13003:925:1:3	54.176414	12.056712	bus	MATCHED	w322782224	2.6	0.87	Warnemünde Strand	36,37,F3	Warnemünde, Friedhof	Warnemünde Friedhof	LINESTRING(12.056712 54.176414,12.056733564811266 54.17639394450392)
832	Rostock	Warnemünde Wiesenweg	de:13003:934:1:1	54.176203	12.076897	bus	MATCHED	w329290587	8.2	0.34	Wiesenweg	119,36,37,F3	Warnemünde Haus Stolteraa	Hotel Stolteraa	LINESTRING(12.076897 54.176203,12.077009537581375 54.176234710055546)
833	Rostock	Warnemünde Wiesenweg	de:13003:934:1:2	54.176146	12.074929	bus	MATCHED	w329290586	10.2	0.48	Wiesenweg	119,36,37,F3	Rostock, Richard-Wagner-Straße / Warnemünde, S Warnemünde, Werft / Warnemünde Kurhausstraße	R.-Wagner-Str. TZW	LINESTRING(12.074929 54.176146,12.07477264826685 54.176144682890566)
834	Rostock	Warnowallee	de:13003:927:1:1	54.139398	12.049705	tram	MATCHED	n283292035	3.0	0.79	Warnowallee	1,5	Rostock, Turkuer Straße	Turkuer Straße	LINESTRING(12.049705 54.139398,12.0497036 54.1394249)
835	Rostock	Warnowallee	de:13003:927:1:3	54.139651	12.050953	bus	MATCHED	n12495533860	5.4	0.76	Warnowallee	F3	Rostock, Osloer Straße	Osloer Straße	LINESTRING(12.050953 54.139651,12.0508766 54.139668900000004)
836	Rostock	Warnowallee	de:13003:927:1:4	54.139598	12.048474	bus	MATCHED	w380487072	6.8	0.75	Warnowallee	F3	Rostock Rigaer Straße	Rigaer Straße	LINESTRING(12.048474 54.139598,12.048534250000005 54.13954870000001)
837	Rostock	Warnowallee	de:13003:927:2:2	54.13913	12.04957	tram	MATCHED	n1530770783	3.2	0.78	Warnowallee	1,5	Rostock, Lütten Klein Zentrum	Lütten-Klein Zentrum	LINESTRING(12.04957 54.13913,12.0495785 54.139101800000006)
838	Rostock	Warnowblick	de:13003:928:1:1	54.118001	12.102669	bus	MATCHED	w325194669	12.7	0.5	Warnowblick	45,F2	Rostock, Warnowrande / Rostock, Langenort	Warnowrande / Langenort	LINESTRING(12.102669 54.118001,12.10263883738914 54.117887922285135)
839	Rostock	Warnowblick	de:13003:928:1:2	54.117474	12.102651	bus	MATCHED	n3318494476	29.0	0.49	Warnowblick	45,F2			LINESTRING(12.102651 54.117474,12.1023192 54.117646900000004)
840	Rostock	Warnowrande	de:13003:929:1:1	54.128172	12.105239	bus	MATCHED	w329343742	4.8	0.8	Warnowrande	45	Rostock, Warnowblick	Warnowblick	LINESTRING(12.105239 54.128172,12.105242141294092 54.128214685626375)
841	Rostock	Warnowrande	de:13003:929:1:2	54.128304	12.105382	bus	MATCHED	w329343741	1.0	0.93	Warnowrande	45	Rostock, Oldendorf	Oldendorf	LINESTRING(12.105382 54.128304,12.105376272881612 54.128295969021366)
842	Rostock	Weidendamm	de:13003:930:1:1	54.1153	12.136805	bus	MATCHED	w140105030	2.9	0.86	Weidendamm	45,F2	Rostock, Zum Schäferteich	Zum Schäferteich	LINESTRING(12.136805 54.1153,12.136766200000006 54.115286700000006)
843	Rostock	Weidendamm	de:13003:930:1:2	54.115389	12.136626	bus	MATCHED	w643525204	2.0	0.89	Weidendamm	45,F2	Rostock, J.-Curie-Allee	J.-Curie-Allee	LINESTRING(12.136626 54.115389,12.136643619151695 54.115373848811046)
844	Rostock	Weidendamm	de:13003:930:1:3	54.115263	12.1365		NO_MATCH_AND_SEEMS_UNSERVED								POINT(12.1365 54.115263)
845	Rostock	Weidengrund	de:13003:935:1:1	54.060075	12.114312	bus	MATCHED	w156423006	9.8	0.69	Weidengrund	26	Rostock, Südblick	Südblick	LINESTRING(12.114312 54.060075,12.114171169266825 54.06010607023616)
846	Rostock	Weidengrund	de:13003:935:1:2	54.060571	12.113629	bus	MATCHED	w1349548487	7.5	0.74	Weidengrund	26	Rostock Am Dorfteich	Am Dorfteich	LINESTRING(12.113629 54.060571,12.113676710738194 54.06050964283151)
847	Rostock	Weißes Kreuz	de:13003:931:1:1	54.081392	12.159506	bus	MATCHED	w327328358	11.5	0.66	Weißes Kreuz	22,23,24,F4	Rostock, Flussbad	Flussbad	LINESTRING(12.159506 54.081392,12.159681343555995 54.081396456206086)
848	Rostock	Weißes Kreuz	de:13003:931:1:2	54.08126	12.160287	bus	MATCHED	w327328357	7.8	0.73	Weißes Kreuz	22,23,24,F4	Rostock Wossidlopark	Wossidlopark	LINESTRING(12.160287 54.08126,12.16039440203635 54.081229872933)
849	Rostock	Weißes Kreuz	de:13003:931:1:3	54.080765	12.159272		NO_MATCH_AND_SEEMS_UNSERVED								POINT(12.159272 54.080765)
850	Rostock	Weißes Kreuz	de:13003:931:1:4	54.081376	12.160287		NO_MATCH_AND_SEEMS_UNSERVED								POINT(12.160287 54.081376)
851	Rostock	Weißes Kreuz	de:13003:931:1:5	54.081281	12.159425		NO_MATCH_AND_SEEMS_UNSERVED								POINT(12.159425 54.081281)
852	Rostock	Weißes Kreuz	de:13003:931:1:6	54.081407	12.159344		NO_MATCH_AND_SEEMS_UNSERVED								POINT(12.159344 54.081407)
853	Rostock	Werftblick	de:13003:932:1:1	54.161626	12.071085	bus	MATCHED	w329290585	4.7	0.8	Werftblick	36	Warnemünde, S Warnemünde, Werft	S Warnemünde Werft	LINESTRING(12.071085 54.161626,12.071104627079533 54.16158502137703)
854	Rostock	Werftblick	de:13003:932:1:2	54.162378	12.070995	bus	MATCHED	w329290584	5.2	0.79	Werftblick	36	Rostock, Grabower Straße	Grabower Straße	LINESTRING(12.070995 54.162378,12.071048600000001 54.16241215000001)
855	Rostock	Westfriedhof	de:13003:933:1:1	54.080696	12.071579	bus	MATCHED	n317769665	23.7	0.36	Westfriedhof	28	Rostock, Zoo / Rostock, Groß Schwaßer Weg		LINESTRING(12.071579 54.080696,12.0717704 54.0808766)
856	Rostock	Westfriedhof	de:13003:933:1:2	54.080791	12.071471		MATCHED	w328395824	7.2	0.57	Westfriedhof			Zoo / Groß Schwaßer Weg	LINESTRING(12.071471 54.080791,12.071580210167035 54.08078693996971)
857	Rostock	Wossidlopark	de:13003:911:1:1	54.081455	12.173978	bus	MATCHED	n3391131252	2.8	0.61	Rostock, Tessiner Straße	123,22,23,24,F4	Rostock Weißes Kreuz / Rostock, Steintor / IHK	Weißes Kreuz	LINESTRING(12.173978 54.081455,12.1739381 54.081463500000005)
858	Rostock	Wossidlopark	de:13003:911:1:2	54.081281	12.17431	bus	MATCHED	w327328355	5.4	0.79	Wossidlopark	123,22,23,24,F4	Rostock, Hüerbaasweg / Rostock, Vicke-Schorler-Ring / Rostock Brinckmansdorf / Rostock, Kassebohm Nord	Hüerbaasweg / Vicke-Schorler-Ring / Kassebohm Nord	LINESTRING(12.17431 54.081281,12.17423888906783 54.08125675120748)
859	Rostock	Wüsteney	de:13003:1816:1:1	54.061525	12.076717	bus	MATCHED	w1249119811	0.9	0.89	Wüsteney	29	Rostock Eikholt	Eikholt	LINESTRING(12.076717 54.061525,12.076714205036556 54.06151681827944)
860	Rostock	Wüsteney	de:13003:1816:1:2	54.061119	12.077948	bus	MATCHED	w1247403653	3.0	0.85	Wüsteney	29			LINESTRING(12.077948 54.061119,12.077992521611382 54.061111225744156)
861	Rostock	ZOB	de:13003:899:1:1	54.076464	12.130059	bus	MATCHED	w354892029	9.7	0.69	Rostock ZOB	102,121,123	Rostock, Deutsche Med-Platz / Rostock, Erich-Schlesinger-Str. / Rostock, Deutsche Med-Platz	Deutsche-Med-Platz	LINESTRING(12.130059 54.076464,12.130178290540188 54.07651601190193)
862	Rostock	ZOB	de:13003:899:1:2	54.076295	12.130275	bus	MATCHED	w322131025	7.1	0.62	Rostock ZOB	113	Rostock, Goetheplatz		LINESTRING(12.130275 54.076295,12.130379350207486 54.07631244200004)
863	Rostock	ZOB	de:13003:899:1:3	54.076216	12.130409	bus	MATCHED	w322131027	5.1	0.69	Rostock ZOB	106,112,304	Rostock, Erich-Schlesinger-Str. / Rostock, Deutsche Med-Platz		LINESTRING(12.130409 54.076216,12.130469606029152 54.07624460599922)
864	Rostock	ZOB	de:13003:899:1:4	54.076143	12.130526	bus	MATCHED	w322131031	4.4	0.72	Rostock ZOB	304	Rostock, Steintor / IHK		LINESTRING(12.130526 54.076143,12.130578551794875 54.07616793839759)
865	Rostock	ZOB	de:13003:899:1:6	54.076359	12.130203		MATCHED	w322131032	5.1	0.64	Rostock ZOB				LINESTRING(12.130203 54.076359,12.130262330508245 54.07638820616989)
866	Rostock	Zoo	de:13003:936:1:1	54.0798	12.089177	tram	MATCHED	n250989997	14.8	0.51	Zoo	3,6	Rostock, Dr.-Lorenz-Weg		LINESTRING(12.089177 54.0798,12.0894022 54.079804700000004)
867	Rostock	Zoo	de:13003:936:1:2	54.07989	12.089347	tram	MATCHED	n1530770786	32.3	0.35	Zoo	3,6	Rostock, Neuer Friedhof	Neuer Friedhof	LINESTRING(12.089347 54.07989,12.088863 54.0798343)
868	Rostock	Zoo	de:13003:936:2:3	54.080164	12.085817	bus	MATCHED_THOUGH_REVERSED_DIR	w328395825	3.2	0.7	Zoo	28	Rostock, Westfriedhof	Neuer Friedhof	LINESTRING(12.085817 54.080164,12.08584319514297 54.08013989227451)
869	Rostock	Zoo	de:13003:936:2:4	54.08039	12.0857	bus	MATCHED_THOUGH_REVERSED_DIR	w328395826	2.5	0.74	Zoo	28	Rostock, Neuer Friedhof	Westfriedhof	LINESTRING(12.0857 54.08039,12.085705791711886 54.08036747885008)
870	Rostock	Zu den Söllen	de:13003:939:1:1	54.072474	12.170672	bus	MATCHED	w114095307	13.2	0.64	Zu den Söllen	22	Rostock, Vicke-Schorler-Ring	Vicke-Schorler-Ring	LINESTRING(12.170672 54.072474,12.170772074117568 54.072371576121725)
871	Rostock	Zu den Söllen	de:13003:939:1:2	54.071673	12.170977	bus	MATCHED	w114095305	10.2	0.69	Zu den Söllen	22	Rostock Kessiner Weg	Kessiner Weg	LINESTRING(12.170977 54.071673,12.170892645664653 54.07175002962143)
872	Rostock	Zum Laakkanal	de:13003:937:1:1	54.156529	12.073465	bus	MATCHED	w328655636	10.1	0.69	Zum Laakkanal	31,F1	Rostock, Seelotsenring / Rostock Zum Pagenwerder	Zum Pagenwerder / Seelotsenring	LINESTRING(12.073465 54.156529,12.073439829638657 54.15643923390542)
873	Rostock	Zum Laakkanal	de:13003:937:1:2	54.157187	12.073295	bus	MATCHED	w328655632	0.4	0.95	Zum Laakkanal	31,F1	Rostock S Lichtenhagen	S Lichtenhagen	LINESTRING(12.073295 54.157187,12.073297426315253 54.157190605461665)
874	Rostock	Zum Pagenwerder	de:13003:3060:1:1	54.160364	12.083967	bus	MATCHED	w328655639	7.0	0.63	Zum Pagenwerder	31	Rostock, Zum Laakkanal / Rostock, Seelotsenring	Zum Laakkanal / Seelotsenring	LINESTRING(12.083967 54.160364,12.084068950000002 54.16038215000001)
875	Rostock	Zum Schäferteich	de:13003:938:1:1	54.118122	12.141117	bus	MATCHED	w323806942	0.8	0.94	Zum Schäferteich	45,F2	Rostock, Urho-Kekkonen-Straße	Urho-Kekkonen-Straße	LINESTRING(12.141117 54.118122,12.14112522254552 54.11811616776293)
876	Rostock	Zum Schäferteich	de:13003:938:1:2	54.117237	12.140021	bus	MATCHED	w140105031	8.7	0.71	Zum Schäferteich	45,F2	Rostock, Weidendamm	Weidendamm	LINESTRING(12.140021 54.117237,12.140076452996551 54.117308303864625)
877	Rostock	Zur Mooskuhle	de:13003:1687:1:1	54.069828	12.138171	bus	MATCHED	n9677933753	10.1	0.69	Zur Mooskuhle	26	Rostock, Dieselmotorenwerk	Zur Mooskuhle	LINESTRING(12.138171 54.069828,12.1381963 54.0699179)
878	Rostock	Zur Mooskuhle	de:13003:1687:1:2	54.07006	12.138027	bus	MATCHED_THOUGH_REVERSED_DIR	w328366455	14.0	0.36	Zur Mooskuhle	26	Rostock, Schwaaner Landstraße	Dieselmotorenwerk	LINESTRING(12.138027 54.07006,12.13813995 54.0699537)
879	Rostock	Zur Mooskuhle	de:13003:1687:1:3	54.069554	12.135584		NO_MATCH_AND_SEEMS_UNSERVED								POINT(12.135584 54.069554)
880	Warnemünde	Poststraße	de:13003:857:1:1	54.174715	12.087272	bus	MATCHED	w329291472	3.3	0.85	Poststraße	37	Warnemünde Kirchenplatz	Warnemünde Kirchenplatz	LINESTRING(12.087272 54.174715,12.087311999999994 54.174697)
881	Warnemünde	Seestraße	de:13003:894:1:1	54.180099	12.081811	bus	MATCHED	w329291473	5.1	0.79	Seestraße	37	Warnemünde Kirchenplatz / Warnemünde, Wiesenweg / Warnemünde, Wachtlerstraße	Warnemünde Kirchenplatz	LINESTRING(12.081811 54.180099,12.081746713349522 54.18007335694174)
882	Warnemünde	Wachtlerstraße	de:13003:923:1:1	54.177371	12.081361	bus	MATCHED	w329291474	3.0	0.86	Wachtlerstraße	37	Warnemünde Kurhausstraße / Warnemünde, Wiesenweg	Kurhausstraße	LINESTRING(12.081361 54.177371,12.081347818206195 54.17734552099446)
883	Warnemünde	Wachtlerstraße	de:13003:923:1:2	54.177355	12.08226		NO_MATCH_AND_SEEMS_UNSERVED								POINT(12.08226 54.177355)
