	Ortsteil	Haltestelle	globaleID	lat	lon	mode	match_state	osm_id	distance	rating	osm_name	routes	official_direction	osm_direction	WKT
0	Adelsheim	Abzw. Leibenst. Str	de:08225:6784:0:RiN	49.396799	9.394096	bus	NO_MATCH					842,857,8931	Adelsheim, Untere Austraße / Adelsheim, Jakobskirche		POINT(9.394096 49.396799)
1	Adelsheim	Abzw. Leibenst. Str	de:08225:6784:0:RiS	49.397003	9.393979	bus	NO_MATCH					857,8931	Sennfeld, Rathausplatz		POINT(9.393979 49.397003)
2	Adelsheim	Baron-Carl-Straße	de:08225:452:0:RiO	49.40541	9.393503		MATCHED	n7246755197	13.5	1.0	Adelsheim, Baron-Carl-Straße				LINESTRING(9.393503 49.40541,9.393403600000001 49.40530690000001)
3	Adelsheim	Baron-Carl-Straße	de:08225:452:0:RiW	49.405462	9.393611	bus	MATCHED	n7246755200	6.7	1.0	Adelsheim, Baron-Carl-Straße	857	Adelsheim, Untere Austraße / Adelsheim, Schulzentrum		LINESTRING(9.393611 49.405462,9.393653200000001 49.405515900000005)
4	Adelsheim	Damberger Hof	de:08225:67920:0:1	49.417502	9.372393	bus	NO_MATCH					857	Adelsheim, Schulzentrum / Hergenstadt, Ort		POINT(9.372393 49.417502)
5	Adelsheim	Jakobskirche	de:08225:1403:0:RiN	49.404942	9.389784	bus	MATCHED	n7246755191	14.3	1.0	Adelsheim, Jakobskirche	842,848,857,8931	Adelsheim, Nordbahnhof / Adelsheim, Nordbahnhof / Osterburken, Bahnhof / Adelsheim, Nordbahnhof		LINESTRING(9.389784 49.404942,9.3896996 49.405058200000006)
6	Adelsheim	Jakobskirche	de:08225:1403:0:RiS	49.40503	9.389596	bus	MATCHED	n7246755192	15.0	1.0	Adelsheim, Jakobskirche	842,848,8931,8941	Osterburken, Bahnhof / Adelsheim, Schulzentrum / Adelsheim, Nordbahnhof / Sennfeld, Rathausplatz / Adelsheim, Ost		LINESTRING(9.389596 49.40503,9.3897251 49.4049245)
7	Adelsheim	Lindengrund	de:08225:6780:0:1	49.397518	9.393818	bus	NO_MATCH					857	Adelsheim, Damberger Hof		POINT(9.393818 49.397518)
8	Adelsheim	Lindengrund	de:08225:6780:0:Bus2	49.397477	9.393764		NO_MATCH_AND_SEEMS_UNSERVED								POINT(9.393764 49.397477)
9	Adelsheim	Nordbahnhof	de:08225:6777:1:1	49.421534	9.39291	train	MATCHED	n1588370359	3.4	1.0	Adelsheim-Nord	S1	Osterburken, Bahnhof / Osterburken, Bahnhof	Osterburken	LINESTRING(9.39291 49.421534,9.3928823 49.4215098)
10	Adelsheim	Nordbahnhof	de:08225:6777:2:2	49.420442	9.388212	bus	MATCHED	w1317546469	18.1	0.42	Adelsheim Nordbahnhof (Landstraße L 519)	842,848,857	Adelsheim, Jakobskirche / Adelsheim, Schulzentrum / Zimmern, Mühle		LINESTRING(9.388212 49.420442,9.388075150000008 49.420577849999994)
11	Adelsheim	Nordbahnhof	de:08225:6777:2:3	49.420184	9.3885	bus	MATCHED	w1317546467	14.6	0.47	Adelsheim Nordbahnhof (Landstraße L 519)	842,857,8931,8941	Adelsheim, Jakobskirche / Adelsheim, Schulzentrum / Hemsbach, Ort		LINESTRING(9.3885 49.420184,9.388566101015124 49.42005948738391)
12	Adelsheim	Nordbahnhof	de:08225:6777:2:Bus	49.42095	9.391617	bus	MATCHED	w1317548689	23.1	1.0	Adelsheim, Nordbahnhof	848	Schlierstadt, Seligent. Hof / Adelsheim, Schulzentrum / Adelsheim, Jakobskirche / Adelsheim, Jakobskirche / Zimmern, Mühle		LINESTRING(9.391617 49.42095,9.391332495542454 49.42085585990874)
13	Adelsheim	Nordbahnhof	de:08225:6777:2:SEV	49.421388	9.392021	bus	NO_MATCH_AND_SEEMS_UNSERVED						Osterburken, Bahnhof		POINT(9.392021 49.421388)
14	Adelsheim	Nordbahnhof	de:08225:6777:3:2	49.421388	9.392407	train	MATCHED	n3159183228	36.8	1.0	Adelsheim-Nord	RE2,S1,S2,S3,S4	Zimmern, Bahnhof	Zimmern(b Seckach)	LINESTRING(9.392407 49.421388,9.3928553 49.421542800000005)
15	Adelsheim	Ost	de:08225:6398:1:1	49.402843	9.394779	train	MATCHED	n3199053533	62.3	1.0	Adelsheim Ost	MEX18,RB18,RB8	Sennfeld, Bahnhof	Sennfeld	LINESTRING(9.394779 49.402843,9.3953653 49.4032519)
16	Adelsheim	Ost	de:08225:6398:2:2	49.40296	9.395147	train	MATCHED	n3199053532	31.9	1.0	Adelsheim Ost	MEX18,RB18,RE8	Osterburken, Bahnhof / Osterburken, Bahnhof	Osterburken	LINESTRING(9.395147 49.40296,9.395463600000001 49.4031591)
17	Adelsheim	Ost	de:08225:6398:30:Bus	49.402873	9.394384	bus	NO_MATCH_BUT_OTHER_PLATFORM_MATCHED					8931	Adelsheim, Untere Austraße / Adelsheim, Jakobskirche		POINT(9.394384 49.402873)
18	Adelsheim	Schulzentrum	de:08225:1450:0:1	49.40894	9.394923	bus	MATCHED	n7246738176	24.3	0.35	Adelsheim, Schulzentrum	844,848,857	Adelsheim, Lindengrund / Adelsheim, Jakobskirche / Hemsbach, Ort / Adelsheim, Jakobskirche / Adelsheim, Nordbahnhof / Osterburken, GTO / Adelsheim, Untere Austraße / Osterburken, Bahnhof / Hergenstadt, Ort		LINESTRING(9.394923 49.40894,9.3952401 49.4090095)
19	Adelsheim	Untere Austraße	de:08225:6778:0:RiN	49.400499	9.392515	bus	MATCHED	n7246738173	2.9	1.0	Adelsheim, Untere Austraße	857,8931	Osterburken, Bahnhof / Adelsheim, Schulzentrum / Adelsheim, Ost		LINESTRING(9.392515 49.400499,9.392554200000001 49.4005013)
20	Adelsheim	Untere Austraße	de:08225:6778:0:RiS	49.400464	9.392479	bus	MATCHED	n7246738175	8.4	1.0	Adelsheim, Untere Austraße	857,8931	Adelsheim, Abzw. Leibenst. Str / Adelsheim, Wemmershof / Leibenstadt, Ort		LINESTRING(9.392479 49.400464,9.392473 49.4003888)
21	Adelsheim	Wemmershof	de:08225:6292:0:RiN	49.405994	9.425268	bus	NO_MATCH					8931	Erlenbach/Ra, Ort		POINT(9.425268 49.405994)
22	Adelsheim	Wemmershof	de:08225:6292:0:RiS	49.406164	9.425115	bus	NO_MATCH					857,8931	Adelsheim, Untere Austraße / Osterburken, GTO / Osterburken, Hauptschule / Hergenstadt, Ort		POINT(9.425115 49.406164)
23	Aglasterhausen	Bahnhof	de:08225:9175:1:1	49.349841	8.990591	train	MATCHED	n2375424198	28.9	1.0	Aglasterhausen	S8	Helmstadt, Bahnhof	Helmstadt (Baden)	LINESTRING(8.990591 49.349841,8.9909014 49.3500043)
24	Aglasterhausen	Bahnhof	de:08225:9175:30:GeoBu	49.350403	8.991489	bus	MATCHED	w228883114	5.0	1.0	Aglasterhausen, Bahnhof	745,795,822,824,8952,899	Aglasterhausen, Bauhof / Aglasterhausen, Oberes Tal / Aglasterhausen, Bott / Aglasterhausen, Sparkasse / Aglasterhausen, Helmstadter S. / Helmstadt, Rathaus / Daudenzell, Mühle / Daudenzell, Ort / Aglasterhausen, Sparkasse / Aglasterhausen, Grundschule	Aglasterhausen, Oberes Tal / Helmstadt, Rathaus / Aglasterhausen, Sparkasse	LINESTRING(8.991489 49.350403,8.991420730645096 49.3503954933091)
25	Aglasterhausen	Bauhof	de:08225:5213:0:RiN	49.347243	8.984042	bus	MATCHED	n7204724298	7.3	1.0	Aglasterhausen, Bauhof	822	Aglasterhausen, Bahnhof / Aglasterhausen, Oberes Tal		LINESTRING(8.984042 49.347243,8.984057100000001 49.347307900000004)
26	Aglasterhausen	Bott	de:08225:4793:0:RiO	49.356009	8.986665	bus	MATCHED	n2948992359	5.5	1.0	Aglasterhausen, Bott	822,8952	Aglasterhausen, Helmstadter S. / Aglasterhausen, Bahnhof / Aglasterhausen, Grundschule / Aglasterhausen, Sparkasse		LINESTRING(8.986665 49.356009,8.9866176 49.355969900000005)
27	Aglasterhausen	Bott	de:08225:4793:0:RiW	49.35643	8.985578	bus	MATCHED	n5019777729	8.3	1.0	Aglasterhausen, Bott	745,822	Unterschwarzach, Marktplatz / Unterschwarzach, Wildpark / Aglasterhausen, Grundschule / Michelbach, Adler		LINESTRING(8.985578 49.35643,8.9855886 49.3565039)
28	Aglasterhausen	Grundschule	de:08225:3582:0:RiO	49.357425	8.991004	bus	MATCHED	n766661227	4.0	1.0	Aglasterhausen, Schule	745,822	Aglasterhausen, Bott / Aglasterhausen, Sparkasse / Aglasterhausen, Bahnhof / Aglasterhausen, Oberes Tal / Daudenzell, Mühle / Breitenbronn, Ort		LINESTRING(8.991004 49.357425,8.990949200000001 49.3574215)
29	Aglasterhausen	Grundschule	de:08225:905	49.357214	8.9906		NO_MATCH_AND_SEEMS_UNSERVED								POINT(8.9906 49.357214)
30	Aglasterhausen	Helmstadter S. 	de:08225:9181:0:RiN	49.355752	8.98494	bus	MATCHED	n6314077896	8.1	1.0	Aglasterhausen, Helmstadter Straße	822,824,8952	Reichartshausen, Freibad / Unterschwarzach, Wildpark / Michelbach, Adler	Michelbach, Adler	LINESTRING(8.98494 49.355752,8.9849563 49.3556797)
31	Aglasterhausen	Helmstadter S. 	de:08225:9181:0:RiS	49.355576	8.984842	bus	MATCHED	n6314077894	7.3	1.0	Aglasterhausen, Helmstadter Straße	822,824,8952	Aglasterhausen, Oberes Tal / Aglasterhausen, Bahnhof	Aglasterhausen, Oberes Tal	LINESTRING(8.984842 49.355576,8.9847847 49.355629900000004)
32	Aglasterhausen	Mosbacher Str. 	de:08225:3580:0:RiO	49.351521	8.997885	bus	MATCHED	n5019777727	3.9	0.76	Aglasterhausen, Mosbacher Straße	745,822,824	Daudenzell, Mühle / Neckarelz, Pattbergschule / Obrigheim, Ortsein-/ausgang / Mörtelstein, Berg / Daudenzell, Ort	Daudenzell, Ort / Daudenzell, Mühle	LINESTRING(8.997885 49.351521,8.997889 49.351486400000006)
33	Aglasterhausen	Mosbacher Str. 	de:08225:3580:0:RiW	49.351562	8.997786	bus	MATCHED	n5019777728	9.3	0.65	Aglasterhausen, Mosbacher Straße	745,822,824,8952	Aglasterhausen, Sparkasse / Reichartshausen, Alter Rathpl.	Aglasterhausen, Sparkasse	LINESTRING(8.997786 49.351562,8.9979133 49.351559)
34	Aglasterhausen	Oberes Tal	de:08225:9179:0:RiO	49.349871	8.988525	bus	MATCHED	n3686697799	2.7	1.0	Aglasterhausen, Oberes Tal	745,822,824	Aglasterhausen, Helmstadter S. / Daudenzell, Mühle / Mörtelstein, Berg / Breitenbronn, Ort	Aglasterhausen, Helmstadter Straße	LINESTRING(8.988525 49.349871,8.9885503 49.3498889)
35	Aglasterhausen	Oberes Tal	de:08225:9179:0:RiW	49.349935	8.988417	bus	MATCHED	n3711005568	0.7	1.0	Aglasterhausen, Oberes Tal	745,822,824	Aglasterhausen, Bauhof / Aglasterhausen, Grundschule / Aglasterhausen, Sparkasse / Aglasterhausen, Bahnhof	Aglasterhausen, Bahnhof / Aglasterhausen, Sparkasse	LINESTRING(8.988417 49.349935,8.9884267 49.3499351)
36	Aglasterhausen	Sparkasse	de:08225:3581:0:RiO	49.353633	8.992199	bus	MATCHED	n2948992490	3.3	1.0	Aglasterhausen, Sparkasse	745,822,824,899	Aglasterhausen, Grundschule / Obrigheim, Ortsein-/ausgang / Aglasterhausen, Mosbacher Str. / Daudenzell, Ort / Aglasterhausen, Bahnhof / Obrigheim, Neckarbrücke	Aglasterhausen, Mosbacher Straße / Obrigheim, Ortseingang	LINESTRING(8.992199 49.353633,8.9921925 49.3536032)
37	Aglasterhausen	Sparkasse	de:08225:3581:0:RiW	49.353715	8.992271	bus	MATCHED	n4427088357	1.2	1.0	Aglasterhausen, Sparkasse	745,822,824,8952,899	Aglasterhausen, Oberes Tal / Aglasterhausen, Bahnhof / Aglasterhausen, Grundschule / Helmstadt, Rathaus / Aglasterhausen, Bott / Aglasterhausen, Bott	Aglasterhausen, Oberes Tal / Aglasterhausen, Bahnhof	LINESTRING(8.992271 49.353715,8.9922565 49.3537097)
38	Allfeld	Adler	de:08225:396:0:1	49.323366	9.242416	bus	MATCHED	n12033857487	18.6	0.41	Allfeld, Adler	8937	Allfeld, Assulzerstraße / Billigheim, Rathaus / Allfeld, Ort		LINESTRING(9.242416 49.323366,9.2423015 49.323515400000005)
39	Allfeld	Assulzerstraße	de:08225:1381:0:RiN	49.327974	9.240089	bus	MATCHED	n8130356715	8.0	0.73	Allfeld, Assulzerstraße	835,8937	Sulzbach, Kindergarten / Sulzbach, Unterdorf	Sulzbach, Kindergarten / Sulzbach, Unterdorf	LINESTRING(9.240089 49.327974,9.2400807 49.328045700000004)
40	Allfeld	Assulzerstraße	de:08225:1381:0:RiS	49.327903	9.24008	bus	MATCHED	n8130356716	3.5	0.84	Allfeld, Assulzerstraße	835,8937	Allfeld, Ort	Allfeld, Ort	LINESTRING(9.24008 49.327903,9.240032300000001 49.327899800000004)
41	Allfeld	Ort	de:08225:1382:0:RiN	49.323981	9.239227	bus	MATCHED	n2137760474	11.0	0.53	Allfeld, Ort	618	Allfeld, Assulzerstraße	Allfeld, Assulzerstraße / Billigheim, Aussiedlerhöfe	LINESTRING(9.239227 49.323981,9.239075900000001 49.323970900000006)
42	Allfeld	Ort	de:08225:1382:0:RiS	49.323881	9.239298	bus	NO_MATCH_BUT_OTHER_PLATFORM_MATCHED					835,8937	Allfeld, Adler / Untergriesheim, Abzw Höchstberg / Billigheim, Aussiedlerhöfe / Allfeld, Assulzerstraße		POINT(9.239298 49.323881)
43	Altheim	Kapelle	de:08225:6400:0:RiN	49.52416	9.439533	bus	MATCHED	n2376796806	13.1	0.49	Altheim Kapelle	844,849,939	Walldürn, Volksbank / Sindolsheim, Ort / Gerichtstetten, Altes Milchh. / Altheim, Pfarrer-Hauser-Platz / Rinschheim, Ort	Sindolsheim Ort / Altheim, Pfarrer-Hauser-Platz	LINESTRING(9.439533 49.52416,9.439510100000001 49.524042800000004)
44	Altheim	Ort	de:08225:6361	49.520545	9.443099		NO_MATCH_AND_SEEMS_UNSERVED								POINT(9.443099 49.520545)
45	Altheim	Pfarrer-Hauser-Platz	de:08225:6399:0:RiN	49.520078	9.443045	bus	NO_MATCH_BUT_OTHER_PLATFORM_MATCHED					843,844,849,8950,939	Walldürn, Volksbank / Götzingen, Ort / Sindolsheim, Milchhaus / Sindolsheim, Ort / Walldürn, Bahnhof / Gerichtstetten, Altes Milchh. / Altheim, Kapelle / Gerichtstetten, Ort		POINT(9.443045 49.520078)
46	Altheim	Pfarrer-Hauser-Platz	de:08225:6399:0:RiS	49.520014	9.442982		MATCHED	n2376796807	2.4	0.77	Altheim, Pfarrer-Hauser-Platz			Altheim Kapelle / Götzingen Ort	LINESTRING(9.442982 49.520014,9.442997 49.519994600000004)
47	Asbach	Große Gärten	de:08225:2781:0:RiN	49.343609	9.030503	bus	MATCHED	n1656139192	5.9	1.0	Asbach, Große Gärten	822,8952	Mörtelstein, Berg / Obrigheim, Ortsein-/ausgang / Asbach, TECH-NO	Mörtelstein, Berg	LINESTRING(9.030503 49.343609,9.030571100000001 49.343580200000005)
48	Asbach	Große Gärten	de:08225:2781:0:RiS	49.343708	9.030512	bus	MATCHED	n1656139204	14.3	1.0	Asbach, Große Gärten	822,8952	Asbach, Ortsstraße / Asbach, Schule	Asbach, Schule	LINESTRING(9.030512 49.343708,9.0303406 49.343644100000006)
49	Asbach	Ortsstraße	de:08225:16920:0:1	49.340998	9.026011	bus	NO_MATCH					822,828	Kälbertshausen, Rathaus		POINT(9.026011 49.340998)
50	Asbach	Schule	de:08225:2782:0:RiN	49.341589	9.025023	bus	MATCHED	n7024410711	3.2	1.0	Asbach, Schule	822,8952	Daudenzell, Ort	Daudenzell, Ort	LINESTRING(9.025023 49.341589,9.0249889 49.3415709)
51	Asbach	Schule	de:08225:2782:0:RiO	49.341426	9.025302	bus	MATCHED	n1656139624	13.2	1.0	Asbach, Schule	822,8952	Asbach, Große Gärten	Asbach, Große Gärten	LINESTRING(9.025302 49.341426,9.025407300000001 49.341329200000004)
52	Asbach	TECH-NO	de:08225:6951:0:RiO	49.350953	9.040142	bus	MATCHED	n7024287569	7.9	1.0	Asbach, TECH-NO	822	Obrigheim, Ortsein-/ausgang / Mörtelstein, Berg		LINESTRING(9.040142 49.350953,9.0401106 49.3508846)
53	Asbach	TECH-NO	de:08225:6951:0:RiW	49.351035	9.040232	bus	MATCHED	n7024287578	14.8	1.0	Asbach, TECH-NO	822	Asbach, Große Gärten		LINESTRING(9.040232 49.351035,9.0401012 49.350933500000004)
54	Auerbach	Krone	de:08225:8212:0:1	49.398213	9.223174	bus	MATCHED	n3442892110	7.4	0.62	Auerbach, Krone	8941	Oberschefflenz, Kirche / Oberschefflenz, Kirche		LINESTRING(9.223174 49.398213,9.2231932 49.398278000000005)
55	Auerbach	Krone	de:08225:8212:0:2	49.398202	9.22321	bus	MATCHED	n7058600122	1.9	0.8	Auerbach, Krone	S2	Dallau, Mitte		LINESTRING(9.22321 49.398202,9.223184700000001 49.3981968)
56	Auerbach (b. Mosbach)	Bahnhof	de:08225:8206:1:1	49.399535	9.223147	train	MATCHED	n3211907972	16.5	1.0	Auerbach (b Mosbach)	S1	Oberschefflenz, Bahnhof	Oberschefflenz	LINESTRING(9.223147 49.399535,9.2233736 49.3995417)
57	Auerbach (b. Mosbach)	Bahnhof	de:08225:8206:2:2	49.399581	9.223138	train	MATCHED	n3310873610	11.7	1.0	Auerbach (b Mosbach)	RE2,S1,S2,S3,S4	Dallau, Bahnhof	Dallau	LINESTRING(9.223138 49.399581,9.2232987 49.399577400000005)
58	Auerbach/Mb	Schule	de:08225:6018:0:1	49.400096	9.220254	bus	MATCHED	n6992806168	18.7	0.35	Auerbach, Schle	841,8937	Dallau, Schule / Neckarburken, Ort / Rittersbach, Schule / Rittersbach, Ort / Neckarburken, Schule / Dallau, Mitte		LINESTRING(9.220254 49.400096,9.2200264 49.400174400000004)
59	Ballenberg	Ort	de:08225:192:0:RiN	49.39985	9.552272	bus	NO_MATCH_BUT_OTHER_PLATFORM_MATCHED					844,8931	Unterwittstadt, Ort / Merchingen, Ort / Unterwittstadt, Ort		POINT(9.552272 49.39985)
60	Ballenberg	Ort	de:08225:192:0:RiS	49.399652	9.552568	bus	MATCHED_THOUGH_OSM_NO_NAME	n437570601	10.0	0.21		844,8931	Erlenbach/Ra, Ort / Oberndorf Aussiedler		LINESTRING(9.552568 49.399652,9.5524903 49.399726300000005)
61	Balsbach	Campingstraße	de:08225:1695:0:RiS	49.476677	9.173937		NO_MATCH_AND_SEEMS_UNSERVED								POINT(9.173937 49.476677)
62	Balsbach	Campingstraße	de:08225:1695:0:RiW	49.476683	9.173964	bus	MATCHED	n4386425315	12.4	1.0	Balsbach, Campingstraße	832,840,8935	Wagenschwend, Balsbacherstraße / Krumbach/Li, Campingplatz / Balsbach, Engel / Wagenschwend, Grüner Baum		LINESTRING(9.173964 49.476683,9.1740937 49.47661)
63	Balsbach	Engel	de:08225:1432:0:RiN	49.47715	9.175832		NO_MATCH_AND_SEEMS_UNSERVED								POINT(9.175832 49.47715)
64	Balsbach	Engel	de:08225:1432:0:RiS	49.477127	9.175788	bus	MATCHED	n7195982562	14.8	1.0	Balsbach, Engel	832,840,8935	Krumbach/Li, Campingplatz / Balsbach, Campingstraße / Laudenberg, Wilder Mann / Balsbach, Kloster / Laudenberg, Schule		LINESTRING(9.175788 49.477127,9.1759477 49.47704400000001)
65	Balsbach	Engel	de:08225:1432:0:RiW	49.477109	9.175895	bus	MATCHED	n3126901664	21.8	1.0	Balsbach, Engel	832,840,8935	Balsbach, Kloster / Wagenschwend, Grüner Baum		LINESTRING(9.175895 49.477109,9.1756343 49.4772066)
66	Balsbach	Kloster	de:08225:1433:0:RiN	49.481049	9.171808	bus	NO_MATCH_BUT_OTHER_PLATFORM_MATCHED					832,840	Laudenberg, Schule / Scheidental, Ort / Balsbach, Engel		POINT(9.171808 49.481049)
67	Balsbach	Kloster	de:08225:1433:0:RiS	49.48029	9.172212	bus	MATCHED	n2571272027	5.5	0.68	Balsbach, Kloster	832,840,8935,8944	Laudenberg, Wilder Mann / Wagenschwend, Grüner Baum / Balsbach, Engel / Laudenberg, Wilder Mann / Balsbach, Engel		LINESTRING(9.172212 49.48029,9.1721567 49.480324)
68	Billigheim	Aussiedlerhöfe	de:08225:1383:0:RiN	49.338546	9.246395	bus	MATCHED	n6958670540	15.9	1.0	Billigheim, Aussiedlerhöfe	835	Billigheim, Kirche / Billigheim, Rathaus	Billigheim, Kirche	LINESTRING(9.246395 49.338546,9.2465126 49.3386663)
69	Billigheim	Aussiedlerhöfe	de:08225:1383:0:RiS	49.338616	9.246404	bus	MATCHED	n6958670541	6.9	1.0	Billigheim, Aussiedlerhöfe	835	Allfeld, Ort	Allfeld, Ort	LINESTRING(9.246404 49.338616,9.2463101 49.3386256)
70	Billigheim	Kirche	de:08225:1386:0:RiO	49.347571	9.254246	bus	MATCHED	n6855120476	18.2	1.0	Billigheim, Kirche	835,8937	Billigheim, Quellberg / Billigheim, Schlossplatz	Billigheim, Schloßplatz / Billigheim, Quellberg	LINESTRING(9.254246 49.347571,9.2544901 49.347606400000004)
71	Billigheim	Kirche	de:08225:1386:0:RiW	49.347624	9.254246	bus	MATCHED	n6855120470	8.2	1.0	Billigheim, Kirche	835,8937	Billigheim, Rittwiese / Billigheim, Rathaus / Billigheim, Aussiedlerhöfe / Allfeld, Assulzerstraße	Billigheim, Aussiedlerhöfe / Allfeld, Assulzerstraße	LINESTRING(9.254246 49.347624,9.254142400000001 49.347653400000006)
72	Billigheim	Quellberg	de:08225:1387:0:RiN	49.353136	9.256798	bus	MATCHED	n6855120481	9.3	1.0	Billigheim, Quellberg	835,8937	Katzental, Ort / Katzental, Ort / Waldmühlbach, Rathaus / Waldmühlbach, Raiffeisen	Waldmühlbach Raiffeisen / Katzental, Ort	LINESTRING(9.256798 49.353136,9.2569081 49.3531787)
73	Billigheim	Quellberg	de:08225:1387:0:RiS	49.352007	9.256402	bus	MATCHED	n6855120463	7.8	1.0	Billigheim, Quellberg	835,8937	Billigheim, Kirche / Billigheim, Schlossplatz	Billigheim, Kirche / Billigheim, Schloßplatz	LINESTRING(9.256402 49.352007,9.2562966 49.352020800000005)
74	Billigheim	Rathaus	de:08225:1384:0:RiO	49.347846	9.251848	bus	MATCHED	n8883221606	3.5	0.84	Billigheim, Rathaus	835	Billigheim, Aussiedlerhöfe / Billigheim, Kirche	Billigheim, Kirche	LINESTRING(9.251848 49.347846,9.2518052 49.3478307)
75	Billigheim	Rathaus	de:08225:1384:0:RiW	49.348103	9.25148	bus	MATCHED	n8883224712	2.6	0.8	Billigheim, Rathaus	835,8937	Billigheim, Schule / Allfeld, Adler / Billigheim, Rittwiese / Billigheim, Rittwiese / Billigheim, Kirche		LINESTRING(9.25148 49.348103,9.251508900000001 49.348089400000006)
76	Billigheim	Rittwiese	de:08225:1404:0:RiO	49.349999	9.246763	bus	MATCHED	n8883221605	2.5	0.81	Billigheim, Rittwiese	835,8937	Billigheim, Rathaus / Billigheim, Rathaus / Billigheim, Kirche / Billigheim, Schule	Billigheim, Rathaus	LINESTRING(9.246763 49.349999,9.246762 49.3499769)
77	Billigheim	Rittwiese	de:08225:1404:0:RiW	49.34997	9.247024	bus	MATCHED	n8883224713	7.3	0.62	Billigheim, Rittwiese	835	Sulzbach, Hirsch / Sulzbach, Kindergarten		LINESTRING(9.247024 49.34997,9.2470732 49.350027600000004)
78	Billigheim	Schlossplatz	de:08225:6779:0:RiO	49.347366	9.256052	bus	MATCHED	n6958670543	13.9	1.0	Billigheim, Schloßplatz	618	Billigheim, Schmelzenhof	Billigheim, Schmelzenhof	LINESTRING(9.256052 49.347366,9.2559003 49.347442)
79	Billigheim	Schlossplatz	de:08225:6779:0:RiW	49.347442	9.256169	bus	MATCHED	n11959230213	10.2	0.63	Billigheim, Schloßplatz	618	Billigheim, Kirche	Billigheim, Kirche	LINESTRING(9.256169 49.347442,9.256277800000001 49.347384700000006)
80	Billigheim	Schmelzenhof	de:08225:6781:0:RiN	49.332698	9.272249	bus	MATCHED	n11948882209	4.4	0.72	Billigheim, Schmelzenhof	618	Billigheim, Schlossplatz		LINESTRING(9.272249 49.332698,9.2723081 49.332691000000004)
81	Billigheim	Schmelzenhof	de:08225:6781:0:RiS	49.332768	9.272087	bus	MATCHED	n11948882212	12.8	0.64	Billigheim, Schmelzenhof	618	Bittelbronn Sülzhof	Bittelbronn, Sülzhof	LINESTRING(9.272087 49.332768,9.271962 49.3328496)
82	Billigheim	Schule	de:08225:1385:0:1	49.349256	9.253043	bus	NO_MATCH					835	Waldmühlbach, Raiffeisen / Sulzbach, Kindergarten / Billigheim, Kirche / Billigheim, Rathaus / Billigheim, Rittwiese		POINT(9.253043 49.349256)
83	Binau	Abzw. Bahnhof	de:08225:281:0:RiO	49.368395	9.087869	bus	MATCHED	n3423006801	6.9	1.0	Binau, Abzweigung Bahnhof	836	Diedesheim, Schule		LINESTRING(9.087869 49.368395,9.087914900000001 49.368341)
84	Binau	Abzw. Bahnhof	de:08225:281:0:RiW	49.368447	9.087932	bus	MATCHED	n3423006802	9.9	1.0	Binau, Abzweigung Bahnhof	836	Binau, Österling / Binau, Gasthaus Sonneneck / Binau, Bahnhof	Binau Bahnhof	LINESTRING(9.087932 49.368447,9.0880449 49.3684966)
85	Binau	Bahnhof	de:08225:9128:1:1	49.372612	9.083567	train	MATCHED	n3211907965	45.4	1.0	Binau	S1,S2	Neckarelz, Bahnhof / Neckarelz, Bahnhof / Neckarelz, Bahnhof	Mosbach-Neckarelz	LINESTRING(9.083567 49.372612,9.0838394 49.372244800000004)
86	Binau	Bahnhof	de:08225:9128:2:1	49.372355	9.083342	bus	MATCHED	n12864190693	5.3	0.68	Binau Bahnhof	836,8936	Binau, Österling / Diedesheim, Schule		LINESTRING(9.083342 49.372355,9.083346 49.3723077)
87	Binau	Bahnhof	de:08225:9128:2:2	49.372285	9.083459	bus	MATCHED	n7249284458	4.4	0.72	Binau Bahnhof	836,8936	Binau, Österling / Neckargerach, Marktplatz	Binau Österling	LINESTRING(9.083459 49.372285,9.083519200000001 49.372289900000006)
88	Binau	Bahnhof	de:08225:9128:3:2	49.372577	9.083611	train	MATCHED	n1577030012	20.3	1.0	Binau	S1,S2,S3,S4	Neckargerach, Bahnhof / Neckarelz, Bahnhof / Neckarelz, Bahnhof	Neckargerach	LINESTRING(9.083611 49.372577,9.0837415 49.3724159)
89	Binau	Gasthaus Sonneneck	de:08225:309:0:RiO	49.365241	9.056428	bus	MATCHED	n3430537510	11.7	1.0	Binau, Gasthaus Sonneneck	836,8936	Neckargerach, Bahnhofsvorplatz / Binau, Abzw. Bahnhof / Binau, Schule	Binau, Schule	LINESTRING(9.056428 49.365241,9.056267100000001 49.3652347)
90	Binau	Gasthaus Sonneneck	de:08225:309:0:RiW	49.365288	9.056518	bus	MATCHED	n3430537511	9.0	1.0	Binau, Gasthaus Sonneneck	836,8936	Binau, Schule / Guttenbach, Schleuse	Guttenbach Schleuse	LINESTRING(9.056518 49.365288,9.056426400000001 49.36534210000001)
91	Binau	Reichenbucher Straße	de:08225:283:0:RiO	49.36809	9.064432	bus	MATCHED	n6984903286	5.2	1.0	Binau, Reichenbucher Straße	836,8936	Binau, Österling / Binau, Schule	Binau Siedlung	LINESTRING(9.064432 49.36809,9.0643791 49.3680584)
92	Binau	Reichenbucher Straße	de:08225:283:0:RiW	49.368155	9.064423	bus	MATCHED	n6984846279	6.5	1.0	Binau, Reichenbucher Straße	836,8936	Binau, Schule / Binau, Siedlung	Binau, Schule	LINESTRING(9.064423 49.368155,9.0643349 49.368164400000005)
93	Binau	Schule	de:08225:284:0:RiO	49.367207	9.060929	bus	MATCHED	n6984846276	5.9	1.0	Binau, Schule	836,8936	Binau, Gasthaus Sonneneck / Binau, Reichenbucher Straße	Binau, Reichenbucher Straße	LINESTRING(9.060929 49.367207,9.0609996 49.367181200000005)
94	Binau	Schule	de:08225:284:0:RiW	49.367073	9.060049	bus	MATCHED	n6984846275	11.8	1.0	Binau, Schule	836,8936	Binau, Reichenbucher Straße / Binau, Gasthaus Sonneneck	Binau, Gasthaus Sonneneck	LINESTRING(9.060049 49.367073,9.0598892 49.367052400000006)
95	Binau	Siedlung	de:08225:9139:0:RiW	49.370161	9.074655	bus	MATCHED	n8123286145	10.0	0.55	Binau Siedlung	836,8936	Binau, Österling / Binau, Reichenbucher Straße / Binau, Reichenbucher Straße	Binau Österling	LINESTRING(9.074655 49.370161,9.0746383 49.370071700000004)
96	Binau	Österling	de:08225:282:0:RiO	49.372074	9.079937	bus	MATCHED	n8123305388	5.9	0.66	Binau Österling	836,8936	Binau, Bahnhof / Binau, Siedlung	Binau Bahnhof	LINESTRING(9.079937 49.372074,9.079855400000001 49.372077100000006)
97	Binau	Österling	de:08225:282:0:RiW	49.37215	9.079659	bus	MATCHED	n8123305387	6.2	0.65	Binau Österling	836,8936	Binau, Bahnhof / Binau, Siedlung	Binau Siedlung	LINESTRING(9.079659 49.37215,9.079578 49.372166500000006)
98	Bofsheim	A. -Lindgren-Schule	de:08225:6032:0:RiN	49.471716	9.412682		NO_MATCH_AND_SEEMS_UNSERVED								POINT(9.412682 49.471716)
99	Bofsheim	A. -Lindgren-Schule	de:08225:6032:0:RiS	49.471774	9.412727	bus	NO_MATCH					844	Bofsheim, Ort / Osterburken, Bahnhof / Sindolsheim, Ort		POINT(9.412727 49.471774)
100	Bofsheim	Ort	de:08225:187:0:RiN	49.471301	9.412628	bus	MATCHED	n3451633119	5.8	0.78	Bofsheim Ort	844	Bofsheim, A.-Lindgren-Schule / Sindolsheim, Ort	Sindolsheim Ort	LINESTRING(9.412628 49.471301,9.4125858 49.471256600000004)
101	Bofsheim	Ort	de:08225:187:0:RiS	49.471167	9.412548	bus	MATCHED	n3451899944	0.6	0.95	Bofsheim Ort	844,8932	Osterburken, GTO / Osterburken, Hauptschule / Bofsheim, Steg / Osterburken, Bahnhof	Osterburken, Bahnhof	LINESTRING(9.412548 49.471167,9.412551800000001 49.471171600000005)
102	Bofsheim	Steg	de:08225:182:0:RiN	49.472755	9.410859	bus	NO_MATCH_BUT_OTHER_PLATFORM_MATCHED					844,8932,8946	Eberstadt, Rathaus / Götzingen, Ort / Sindolsheim, Luckengasse / Schlierstadt, Ort		POINT(9.410859 49.472755)
103	Bofsheim	Steg	de:08225:182:0:RiS	49.472766	9.410859		MATCHED	n1824592417	3.1	0.73	Bofsheim Steg				LINESTRING(9.410859 49.472766,9.410826100000001 49.4727842)
104	Breitenau	Ort	de:08225:6015	49.657769	9.430595		NO_MATCH_AND_SEEMS_UNSERVED								POINT(9.430595 49.657769)
105	Breitenbronn	Am Dorfplatz	de:08225:15117:0:RiW	49.365382	9.021987	bus	MATCHED	n7196870594	15.2	1.0	Breitenbronn, Am Dorfplatz	745,822,824,8952	Obrigheim, Ortsein-/ausgang / Aglasterhausen, Mosbacher Str. / Daudenzell, Mühle / Neunkirchen, Ludwigstraße / Breitenbronn, Ort / Aglasterhausen, Grundschule / Aglasterhausen, Bott	Aglasterhausen, Mosbacher Straße	LINESTRING(9.021987 49.365382,9.022140400000001 49.365475100000005)
106	Breitenbronn	Ort	de:08225:4792:0:RiN	49.364294	9.021924	bus	NO_MATCH_BUT_OTHER_PLATFORM_MATCHED					745,822,8952	Aglasterhausen, Oberes Tal / Daudenzell, Ort / Mörtelstein, Berg / Neunkirchen, Ludwigstraße / Daudenzell, Mühle / Obrigheim, Ortsein-/ausgang / Breitenbronn, Am Dorfplatz		POINT(9.021924 49.364294)
107	Breitenbronn	Ort	de:08225:4792:0:RiS	49.364317	9.021852		MATCHED	n6820703406	16.7	1.0	Breitenbronn, Ort				LINESTRING(9.021852 49.364317,9.0218623 49.364167300000005)
108	Breitenbronn	Sporthallenweg	de:08225:15119:0:RiW	49.364229	9.022517	bus	MATCHED	n7196870587	12.9	1.0	Breitenbronn, Sporthallenweg	822,824	Neunkirchen, Ludwigstraße / Aglasterhausen, Grundschule	Neunkirchen, Ludwigstraße	LINESTRING(9.022517 49.364229,9.0226863 49.364193)
109	Bretzingen	Friseur	de:08225:1043:0:RiN	49.576858	9.488527	bus	MATCHED	n9856173134	3.9	0.74	Bretzingen, Friseur	843,8950	Bretzingen, Ort / Erfeld, Mühle / Pülfringen, Kirche / Waldstetten, Post		LINESTRING(9.488527 49.576858,9.488515900000001 49.576824)
110	Bretzingen	Friseur	de:08225:1043:0:RiS	49.576834	9.488428	bus	MATCHED	n2065429633	27.5	0.33	Friseur	843	Bretzingen, Ort / Waldstetten, Post		LINESTRING(9.488428 49.576834,9.4882491 49.5770525)
111	Bretzingen	Ort	de:08225:221:0:RiN	49.580329	9.484934	bus	MATCHED	n9866115066	3.8	0.74	Bretzingen, Ort	843,8950	Hardheim, Post / Erfeld, Mühle / Bretzingen, Friseur / Hardheim, Bretzinger Straße / Hardheim, Schule		LINESTRING(9.484934 49.580329,9.4849422 49.5803632)
112	Bretzingen	Ort	de:08225:221:0:RiS	49.580399	9.48488	bus	MATCHED	n9856173133	2.0	0.83	Bretzingen, Ort	843	Bretzingen, Friseur / Hardheim, Bretzinger Straße / Bretzingen, Friseur		LINESTRING(9.48488 49.580399,9.4848531 49.5803968)
113	Bronnacker	Ort	de:08225:190:0:RiN	49.444207	9.483416		NO_MATCH_AND_SEEMS_UNSERVED								POINT(9.483416 49.444207)
114	Bronnacker	Ort	de:08225:190:0:RiS	49.444172	9.483362	bus	MATCHED_THOUGH_OSM_NO_NAME	w271961758	15.6	0.15		844,8932	Hirschlanden / Rosenberg, Brücke / Hüngheim, Ort		LINESTRING(9.483362 49.444172,9.483238232793344 49.44428683239217)
115	Buchen	Abzw. Hainstadt	de:08225:2668:0:RiN	49.528813	9.331421	bus	MATCHED	n914640989	7.7	0.69	Buchen Abzweig Hainstadt	841,842,843,845,8930,8951,999	Hainstadt, Ziegeleistraße / Hainstadt, Talstraße / Walldürn, ZG Raiffeisen / Buchen, Walldürner Höhe / Hainstadt, Ort	Haintadt, Talstr. / Buchen, Walldürner Höhe	LINESTRING(9.331421 49.528813,9.3315087 49.5287742)
116	Buchen	Abzw. Hainstadt	de:08225:2668:0:RiS	49.528831	9.33134	bus	MATCHED	n914641064	2.7	0.87	Buchen, Abzw. Hainstadt	841,842,843,8930,8951,999	Buchen, Bahnhof / Buchen, Bahnhof / Buchen, Bahnhof	Buchen Bahnhof	LINESTRING(9.33134 49.528831,9.3313032 49.5288325)
117	Buchen	Am Bild	de:08225:2684:0:RiS	49.521729	9.323255	bus	MATCHED	n642625096	7.7	0.73	Buchen, Am Bild	823,845	Buchen, Morrebrücke / Buchen, Evangelische Kirche	Buchen, Evangelische Kirche / Buchen, Morrebrücke	LINESTRING(9.323255 49.521729,9.323205100000001 49.521790300000006)
118	Buchen	Am Nahholz	de:08225:2689:0:RiO	49.520067	9.31014	bus	MATCHED	n7039383626	5.1	0.79	Buchen, Am Nahholz	845	Buchen, Hollerbacher Straße	Buchen, Hollerbacher Str.	LINESTRING(9.31014 49.520067,9.310078500000001 49.5200438)
119	Buchen	Am Ring	de:08225:6002:0:RiO	49.516369	9.316176	bus	MATCHED	n8093197151	16.8	0.6	Buchen Am Ring	821,841	Buchen, Morrebrücke / Buchen, Schulzentrum / Buchen, Stadion	Buchen, Stadion	LINESTRING(9.316176 49.516369,9.3159474 49.516344800000006)
120	Buchen	Bahnhof	de:08225:9176:1:1	49.523519	9.326803	train	MATCHED	n2438144628	37.7	0.32	Buchen im Odenwald	RB84	Buchen, Bahnhof Ost / Hainstadt, Bahnhof	Buchen Ost	LINESTRING(9.326803 49.523519,9.327323900000001 49.523530300000004)
121	Buchen	Bahnhof	de:08225:9176:2:2	49.523589	9.327387	train	MATCHED	n5650583603	4.7	0.4	Buchen im Odenwald	RB84	Hainstadt, Bahnhof / Buchen, Bahnhof Ost	Hainstadt (Baden)	LINESTRING(9.327387 49.523589,9.3273249 49.5235769)
122	Buchen	Bahnhof	de:08225:9176:30:3	49.523361	9.326291	bus	MATCHED	w1352792548	10.0	0.54	Buchen Bahnhof	841,843,8930,8943,999	Walldürn, Bahnhof / Walldürn, Bahnhof / Hainstadt, Ort / Buchen, Abzw. Hainstadt / Buchen, Morrebrücke / Buchen, Stadion / Buchen, Reichsadler	Buchen Abzweig Hainstadt	LINESTRING(9.326291 49.523361,9.32642708911544 49.52334322879995)
123	Buchen	Bahnhof	de:08225:9176:30:4	49.523373	9.325995	bus	MATCHED	w1352792550	8.8	0.57	Buchen Bahnhof	821,823,8946	Buchen, Schulzentrum / Buchen, Industriestraße / Buchen, Morrebrücke / Buchen, Morrebrücke / Buchen, Reichsadler	Buchen, Reichsadler / Buchen, Morrebrücke	LINESTRING(9.325995 49.523373,9.326111734580156 49.52335094849096)
124	Buchen	Bahnhof	de:08225:9176:30:5	49.523431	9.326345	bus	MATCHED	w1352792547	8.3	0.71	Buchen Bahnhof	841	Buchen, Morrebrücke / Buchen, Schulzentrum	Buchen, Morrebrücke	LINESTRING(9.326345 49.523431,9.326421305604683 49.523374737173114)
125	Buchen	Bahnhof	de:08225:9176:30:6	49.523262	9.326246	bus	MATCHED	w1352792546	5.6	1.0	Buchen Bahnhof				LINESTRING(9.326246 49.523262,9.326225200000001 49.52321345)
126	Buchen	Bahnhof	de:08225:9176:30:7	49.52328	9.326534	bus	MATCHED	w1352792545	10.2	0.53	Buchen Bahnhof	844,8944	Buchen, Industriestraße / Steinbach, Unterdorf / Buchen, Schulzentrum / Buchen, Krankenhaus / Hettingen, Ort / Eberstadt, Tropfsteinhöhle	Buchen, Industriestraße	LINESTRING(9.326534 49.52328,9.32644175 49.5232104)
127	Buchen	Bahnhof	de:08225:9176:30:Bus	49.523431	9.326004	bus	MATCHED	w1352792549	9.3	0.56	Buchen Bahnhof	842,845,848,8930,8951	Buchen, Schulzentrum / Buchen, Einhardstraße / Buchen, Abzw. Hainstadt / Buchen, Lidl / Hainstadt, Schule / Buchen, Siedlung / Buchen, Morrebrücke / Buchen, Industriestraße / Buchen, E-Center/OBI	Buchen, Industriestraße / Buchen, Lidl / Buchen, Schulzentrum / Buchen Einhardtstraße	LINESTRING(9.326004 49.523431,9.326111097292676 49.52338527684337)
128	Buchen	Bahnhof Ost	de:08225:6742:1:1	49.51911	9.33196	train	MATCHED	n5650583587	24.8	0.28	Buchen Ost	RB84	Bödigheim, Bahnhof / Buchen, Bahnhof	Buchen im Odenwald / Bödigheim	LINESTRING(9.33196 49.51911,9.331751800000001 49.518933000000004)
129	Buchen	Bahnhof Ost	de:08225:6742:30:Bus	49.519069	9.332301		NO_MATCH_AND_SEEMS_UNSERVED								POINT(9.332301 49.519069)
130	Buchen	Berliner Straße	de:08225:2688:0:RiO	49.5182	9.305441	bus	MATCHED	n7039383625	3.1	0.76	Buchen,Berliner Str,	845	Buchen, Am Nahholz	Buchen, Am Nahholz	LINESTRING(9.305441 49.5182,9.3054275 49.518173700000006)
131	Buchen	E-Center/OBI	de:08225:6749:0:RiN	49.509773	9.315224	bus	MATCHED	n8143415766	14.7	0.47	Buchen, E-Center / OBI	845	Buchen, Bahnhof / Buchen, Evangelische Kirche	Buchen Bahnhof	LINESTRING(9.315224 49.509773,9.3152919 49.5098974)
132	Buchen	Eberstadter Straße	de:08225:2692:0:RiO	49.519414	9.328699	bus	MATCHED	n642694725	4.1	0.82	Buchen, Eberstadter Straße	845	Buchen, Bahnhof	Buchen Bahnhof	LINESTRING(9.328699 49.519414,9.3287204 49.51938010000001)
133	Buchen	Einhardstraße	de:08225:6746:0:RiN	49.526225	9.329642	bus	MATCHED	n642680048	11.3	0.67	Buchen Einhardtstraße	845	Buchen, Abzw. Hainstadt	Buchen Abzweig Hainstadt	LINESTRING(9.329642 49.526225,9.3297965 49.526208000000004)
134	Buchen	Einhardstraße/Herm	de:08225:60773:0:1	49.525898	9.335086	bus	MATCHED	n642680291	13.0	0.64	Buchen Einhardtstraße/Herm	845	Buchen, Industriestraße	Buchen, Industriestraße	LINESTRING(9.335086 49.525898,9.3349065 49.5259069)
135	Buchen	Evangelische Kirche	de:08225:2742:0:RiW	49.519991	9.320901	bus	MATCHED	n7039383623	7.9	1.0	Buchen, Evangelische Kirche	821,841,845	Buchen, Hollerbacher Straße / Buchen, Konrad-Adenauer-Straße / Buchen, Krankenhaus / Buchen, Von-Leiningen-Straße / Buchen, Zum Kleinen Roth	Buchen, Hollerbacher Str.	LINESTRING(9.320901 49.519991,9.3210064 49.5199737)
136	Buchen	F. -X. -Schmerbeck-Str. 	de:08225:6744:0:RiN	49.519017	9.322824	bus	MATCHED	n7039383630	12.7	0.65	Buchen, F.-X.-Schmerbeck-Str.	845	Buchen, Morrebrücke	Buchen, Morrebrücke	LINESTRING(9.322824 49.519017,9.322900800000001 49.5189146)
137	Buchen	Friedhof	de:08225:2683:0:RiS	49.525181	9.320982	bus	MATCHED	n564875701	5.7	0.78	Buchen Friedhof	845	Buchen, Am Bild	Buchen, Am Bild	LINESTRING(9.320982 49.525181,9.320903300000001 49.5251741)
138	Buchen	Hainsterbach	de:08225:6001:0:RiN	49.526784	9.324513	bus	NO_MATCH_BUT_OTHER_PLATFORM_MATCHED					845	Buchen, Friedhof / Buchen, Nelkenweg / Buchen, Veilchenweg		POINT(9.324513 49.526784)
139	Buchen	Hainsterbach	de:08225:6001:0:RiS	49.526819	9.324387	bus	MATCHED	n4386425317	9.5	0.67	Buchen,Heinsterbach	845		Buchen Friedhof	LINESTRING(9.324387 49.526819,9.3244404 49.526741)
140	Buchen	Hallenbad	de:08225:6321:0:1	49.519991	9.33037	bus	NO_MATCH					844	Hettingen , Abzw. Schule		POINT(9.33037 49.519991)
141	Buchen	Herderstraße	de:08225:6745:0:RiS	49.516894	9.318323	bus	MATCHED	n7039383629	10.3	0.59	Buchen, Herderstr.	845	Buchen, Stadion	Buchen, Stadion	LINESTRING(9.318323 49.516894,9.3182231 49.5169603)
142	Buchen	Hollerbacher Straße	de:08225:5981:0:RiO	49.51872	9.311478	bus	MATCHED	n7039383627	27.7	0.29	Buchen, Hollerbacher Str.	821,841,845	Buchen, Von-Kleist-Straße / Buchen, Am Ring	Buchen Am Ring / Buchen, Potsdamer Straße / Buchen, Von-Kleist-Str.	LINESTRING(9.311478 49.51872,9.311856800000001 49.51868210000001)
143	Buchen	Hollerbacher Straße	de:08225:5981:0:RiW	49.518218	9.312179	bus	MATCHED	n7734458783	73.6	0.34	Buchen, Hollerbacher Straße	821,841	Buchen, Potsdamer Straße	Buchen, Potsdamer Straße	LINESTRING(9.312179 49.518218,9.311649800000001 49.518783500000005)
144	Buchen	Industriestraße	de:08225:207:0:RiO	49.522079	9.335023	bus	MATCHED	n641892862	10.0	0.69	Buchen, Industriestraße	844,845,8946	Hettingen, Sportplatz	Hettingen Sportplatz	LINESTRING(9.335023 49.522079,9.3349302 49.5220119)
145	Buchen	Industriestraße	de:08225:207:0:RiW	49.522149	9.334852	bus	MATCHED	n914640621	8.2	0.72	Buchen, Industriestraße	844,845	Buchen, Schulzentrum / Buchen, Bahnhof / Buchen, Bahnhof	Buchen Bahnhof	LINESTRING(9.334852 49.522149,9.3349425 49.522193400000006)
146	Buchen	Kiga St. Elisabeth	de:08225:2686:0:RiW	49.522615	9.312053	bus	MATCHED	n914642286	8.6	0.68	Buchen Kindergarten St. Elisabeth	845	Buchen, Löserweg	Buchen Löserweg	LINESTRING(9.312053 49.522615,9.311982800000001 49.5226775)
147	Buchen	Konrad-Adenauer-Straße	de:08225:2685:0:RiN	49.522265	9.314461	bus	MATCHED	n914642060	24.4	0.36	Buchen Konrad-Adenauer-Straße	821,845,8943	Buchen, Krankenhaus / Buchen, Krankenhaus / Buchen, Krankenhaus / Buchen, Morrebrücke	Buchen, Krankenhaus	LINESTRING(9.314461 49.522265,9.3143217 49.522465000000004)
148	Buchen	Krankenhaus	de:08225:2744:0:RiB	49.52458	9.308711	bus	NO_MATCH_BUT_OTHER_PLATFORM_MATCHED					8943	Buchen, Konrad-Adenauer-Straße / Unterneudorf, Ort		POINT(9.308711 49.52458)
149	Buchen	Krankenhaus	de:08225:2744:0:RiO	49.524953	9.308199	bus	MATCHED	n914642506	4.8	0.7	Krankenhaus	821,845	Buchen, Von-Leiningen-Straße / Buchen, Kiga St. Elisabeth / Buchen, Hollerbacher Straße		LINESTRING(9.308199 49.524953,9.3081955 49.5249095)
150	Buchen	Krankenhaus	de:08225:2744:0:RiW	49.525018	9.308271	bus	MATCHED	n914642633	3.7	0.83	Buchen, Krankenhaus	821,8944	Unterneudorf, Ort / Hollerbach, Feuerwehr	Buchen Kindergarten St. Elisabeth	LINESTRING(9.308271 49.525018,9.308228900000001 49.5250374)
151	Buchen	Lidl	de:08225:6748:0:RiS	49.518591	9.325438	bus	MATCHED	n914643668	14.7	0.62	Buchen, Lidl	845	Buchen, E-Center/OBI	Buchen, E-Center / OBI	LINESTRING(9.325438 49.518591,9.325281 49.5185078)
152	Buchen	Löserweg	de:08225:2687:0:RiW	49.521285	9.305405	bus	MATCHED	n914642874	7.4	0.74	Buchen Löserweg	845	Buchen, Stettiner Straße	Buchen Stettiner Straße	LINESTRING(9.305405 49.521285,9.3053246 49.521326800000004)
153	Buchen	Morrebrücke	de:08225:2741:0:RiO	49.520557	9.324019	bus	MATCHED	n2405768068	0.4	0.93	Buchen, Morrebrücke	821,823,841,844,845,8944	Buchen, Schulzentrum / Buchen, Bahnhof / Buchen, Eberstadter Straße / Buchen, Bahnhof / Buchen, Bahnhof / Buchen, Reichsadler	Buchen, Schulzentrum / Buchen Bahnhof / Buchen, Eberstadter Straße	LINESTRING(9.324019 49.520557,9.32402 49.520560200000006)
154	Buchen	Morrebrücke	de:08225:2741:0:RiW	49.520772	9.323947	bus	MATCHED	n642625407	2.6	0.8	Buchen, Morrebrücke	821,841,842,8943	Buchen, Bahnhof / Waldhausen (Odenw) / Buchen, Konrad-Adenauer-Straße / Buchen, Evangelische Kirche / Einbach, Ort / Buchen, Schulzentrum / Buchen, Stadion	Buchen, Evangelische Kirche	LINESTRING(9.323947 49.520772,9.3239707 49.520754800000006)
155	Buchen	Nelkenweg	de:08225:2682:0:RiN	49.531548	9.324567	bus	NO_MATCH_BUT_OTHER_PLATFORM_MATCHED					845	Buchen, Veilchenweg		POINT(9.324567 49.531548)
156	Buchen	Nelkenweg	de:08225:2682:0:RiS	49.531542	9.324459	bus	MATCHED	n642623347	48.4	0.4	Buchen Nelkenweg	845	Buchen, Hainsterbach / Buchen, Hainsterbach	Buchen,Heinsterbach	LINESTRING(9.324459 49.531542,9.324489100000001 49.5311067)
157	Buchen	Potsdamer Straße	de:08225:5982:0:RiO	49.517646	9.306115	bus	MATCHED	n8078561116	4.5	0.81	Buchen, Potsdamer Straße	821,841	Buchen, Hollerbacher Straße	Buchen, Hollerbacher Str.	LINESTRING(9.306115 49.517646,9.3060911 49.5176091)
158	Buchen	Potsdamer Straße	de:08225:5982:0:RiW	49.51774	9.306403	bus	MATCHED	n7734458784	7.9	0.73	Buchen, Potsdamer Straße	821,841	Hollerbach, Feuerwehr	Hollerbach, Feuerwehr	LINESTRING(9.306403 49.51774,9.3062941 49.517736500000005)
159	Buchen	Reichsadler	de:08225:1032:0:RiN	49.523326	9.321252	bus	MATCHED	n564875695	29.5	0.32	Buchen, Reichsadler	823,8943	Hettigenbeuern, Ort / Stürzenhardt, Ort / Buchen, Bahnhof	Hettigenbeuern, Ort / Stürzenhardt, Ort	LINESTRING(9.321252 49.523326,9.321387900000001 49.5230763)
160	Buchen	Reichsadler	de:08225:1032:0:RiS	49.523326	9.321198		NO_MATCH_AND_SEEMS_UNSERVED								POINT(9.321198 49.523326)
161	Buchen	Schulzentrum	de:08225:854:0:1	49.519699	9.329121	bus	NO_MATCH_BUT_OTHER_PLATFORM_MATCHED					821,823,841,842,843,844,845,848	Buchen, Bahnhof / Buchen, Stadion / Bödigheim, Kirche / Walldürn, Bahnhof / Buchen, Hainsterbach / Buchen, Bahnhof / Buchen, Morrebrücke / Buchen, Siedlung / Buchen, Bahnhof / Buchen, Bahnhof / Buchen, Industriestraße / Buchen, Morrebrücke / Unterneudorf, Ort / Buchen, Bahnhof		POINT(9.329121 49.519699)
162	Buchen	Schulzentrum	de:08225:854:0:2	49.519968	9.329543		NO_MATCH_AND_SEEMS_UNSERVED								POINT(9.329543 49.519968)
163	Buchen	Schulzentrum	de:08225:854:0:3	49.520032	9.329112		NO_MATCH_AND_SEEMS_UNSERVED								POINT(9.329112 49.520032)
164	Buchen	Schulzentrum	de:08225:854:0:4	49.519851	9.329013		MATCHED	n642694903	8.0	0.53	Buchen, Schulzentrum			Buchen Bahnhof / Buchen, Siedlung	LINESTRING(9.329013 49.519851,9.3289711 49.519917500000005)
165	Buchen	Schulzentrum	de:08225:854:0:5	49.519787	9.329013		MATCHED_THOUGH_OSM_NO_NAME	n12912162720	55.5	0.05					LINESTRING(9.329013 49.519787,9.3283166 49.519578700000004)
166	Buchen	Siedlung	de:08225:853:0:1	49.505736	9.344904	bus	MATCHED	n1244432160	26.8	0.33	Buchen, Siedlung	848	Eberstadt, Tropfsteinhöhle / Buchen, Schulzentrum / Eberstadt, Rathaus	Eberstadt Tropfsteinhöhle / Buchen, Schulzentrum	LINESTRING(9.344904 49.505736,9.3445535 49.5056591)
167	Buchen	Siemensstraße	de:08225:6753:0:RiW	49.525974	9.338185	bus	MATCHED	n4709038857	12.7	0.65	Buchen Siemensstraße	845	Buchen, Einhardstraße/Herm	Buchen Einhardtstraße/Herm	LINESTRING(9.338185 49.525974,9.338040600000001 49.526038500000006)
168	Buchen	Stadion	de:08225:1031:0:RiN	49.517262	9.323372	bus	MATCHED	n914643537	22.1	1.0	Buchen, Stadion	821,841,842,845,8930,8944	Buchen, Bahnhof / Buchen, Berliner Straße / Buchen, Morrebrücke / Buchen, Morrebrücke / Buchen, F.-X.-Schmerbeck-Str.	Buchen, F.-X.-Schmerbeck-Str. / Buchen, Morrebrücke	LINESTRING(9.323372 49.517262,9.3233747 49.5174609)
169	Buchen	Stadion	de:08225:1031:0:RiS	49.516789	9.323291	bus	MATCHED	n643598255	50.9	1.0	Buchen, Stadion	841,8930	Heidersbach, Ort / Einbach, Ort / Bödigheim, Kirche / Waldhausen (Odenw)		LINESTRING(9.323291 49.516789,9.3232044 49.5172431)
170	Buchen	Stettiner Straße	de:08225:6743:0:RiO	49.518311	9.300564	bus	MATCHED	n914643038	7.3	0.74	Buchen Stettiner Straße	845	Buchen, Berliner Straße	Buchen,Berliner Str,	LINESTRING(9.300564 49.518311,9.300514900000001 49.5183686)
171	Buchen	Veilchenweg	de:08225:198:0:RiS	49.532971	9.324234	bus	MATCHED	n1295219728	9.5	0.56	Buchen Veilchenweg	845	Hainstadt, Schule / Buchen, Nelkenweg	Buchen Nelkenweg	LINESTRING(9.324234 49.532971,9.324106200000001 49.532989500000006)
172	Buchen	Von-Kleist-Straße	de:08225:6330:0:RiW	49.517267	9.313868	bus	MATCHED	n7039383628	10.0	0.62	Buchen, Von-Kleist-Str.	845	Buchen, Herderstraße	Buchen, Herderstr.	LINESTRING(9.313868 49.517267,9.313875300000001 49.5171774)
173	Buchen	Von-Leiningen-Straße	de:08225:2690:0:RiN	49.521466	9.313742		MATCHED	n914641972	6.3	1.0	Von-Leiningen-Straße				LINESTRING(9.313742 49.521466,9.313828800000001 49.5214585)
174	Buchen	Von-Leiningen-Straße	de:08225:2690:0:RiS	49.521717	9.314065	bus	MATCHED	n914641850	5.1	1.0	Buchen, Von-Leiningen-Straße	821,841	Buchen, Am Ring / Buchen, Hollerbacher Straße	Buchen, Hollerbacher Straße	LINESTRING(9.314065 49.521717,9.3141204 49.5217455)
175	Buchen	Waldschwimmbad	de:08225:6886:0:1	49.529396	9.309142		NO_MATCH_AND_SEEMS_UNSERVED								POINT(9.309142 49.529396)
176	Buchen	Walldürner Höhe	de:08225:2695:0:RiN	49.535868	9.339784	bus	MATCHED	n7040628276	0.8	0.94	Buchen, Walldürner Höhe	841,999	Walldürn, ZG Raiffeisen / Walldürn, Süd / Walldürn, Süd	Walldürn, ZG Raiffeisen	LINESTRING(9.339784 49.535868,9.339782000000001 49.535861100000005)
177	Buchen	Walldürner Höhe	de:08225:2695:0:RiS	49.535886	9.339676	bus	MATCHED	n6987201503	4.1	0.82	Buchen, Walldürner Höhe	841,999	Buchen, Abzw. Hainstadt / Hainstadt, Ort	Buchen, Abzw. Hainstadt	LINESTRING(9.339676 49.535886,9.3396969 49.535920000000004)
178	Buchen	Zum Kleinen Roth	de:08225:1812:0:RiW	49.520737	9.317838	bus	MATCHED	n7039383624	6.7	0.75	Buchen, Zum Kleinen Roth	845	Buchen, Konrad-Adenauer-Straße	Buchen Konrad-Adenauer-Straße	LINESTRING(9.317838 49.520737,9.31793 49.520732900000006)
179	Buchen (Odenwald)	Waldhausen (Odenw)	de:08225:6060:0:RiN	49.467197	9.257319	bus	MATCHED	n2405768237	9.9	1.0	Waldhausen, Ort	841,842,8944	Buchen, Bahnhof / Oberscheringen,Dorfstr.Einbach / Oberneudorf, Ort / Buchen, Morrebrücke / Einbach, Ort / Buchen, Stadion / Hettingen, Ort	Buchen Bahnhof / Heidersbach, Ort	LINESTRING(9.257319 49.467197,9.2574559 49.4671984)
180	Buchen (Odenwald)	Waldhausen (Odenw)	de:08225:6060:0:RiS	49.465989	9.257525	bus	MATCHED_THOUGH_REVERSED_DIR	n3010229648	4.1	0.43	Waldhausen, Ort	841,842	Heidersbach, Ort / Großeicholzheim,Milchhaus a.W.	Oberneudorf, Ort	LINESTRING(9.257525 49.465989,9.2574688 49.4659855)
181	Bödigheim	Bahnhof	de:08225:6760:1:1	49.475702	9.3172	train	MATCHED	n5650583586	13.5	0.52	Bödigheim	RB84	Seckach, Bahnhof	Seckach	LINESTRING(9.3172 49.475702,9.3172186 49.4758232)
182	Bödigheim	Bahnhof	de:08225:6760:2:2	49.47572	9.317254	train	MATCHED	n5650583579	6.8	0.62	Bödigheim	RB84	Buchen, Bahnhof Ost	Buchen Ost	LINESTRING(9.317254 49.47572,9.3172761 49.475779)
183	Bödigheim	Bahnhof	de:08225:6760:30:GeoS1	49.475516	9.316868		MATCHED_THOUGH_OSM_NO_NAME	n12912089003	57.0	0.05					LINESTRING(9.316868 49.475516,9.317023200000001 49.476018800000006)
184	Bödigheim	Kirche	de:08225:136:0:RiN	49.478294	9.315521	bus	MATCHED	n3572446329	22.7	1.0	Bödigheim, Kirche	842,8930	Buchen, Stadion / Einbach, Ort		LINESTRING(9.315521 49.478294,9.315735 49.4784434)
185	Bödigheim	Kirche	de:08225:136:0:RiS	49.479269	9.316006	bus	MATCHED	n4709038835	6.7	1.0	Bödigheim, Kirche	842,8930	Seckach, Bahnhof / Buchen, Schulzentrum		LINESTRING(9.316006 49.479269,9.3160076 49.4793297)
186	Dallau	Bahnhof	de:08225:8207:1:1	49.387642	9.187151	train	MATCHED	n5127028785	42.7	1.0	Dallau	S1	Auerbach (b. Mosbach), Bahnhof	Auerbach (b Mosbach)	LINESTRING(9.187151 49.387642,9.1874582 49.387969500000004)
187	Dallau	Bahnhof	de:08225:8207:1:3	49.387561	9.187025	trainish	NO_MATCH_AND_SEEMS_UNSERVED								POINT(9.187025 49.387561)
188	Dallau	Bahnhof	de:08225:8207:2:2	49.387642	9.187088	train	MATCHED	n5127028786	14.2	1.0	Dallau	RE2,S1,S2,S3,S4	Neckarburken, Bahnhof	Neckarburken	LINESTRING(9.187088 49.387642,9.1870055 49.387526300000005)
189	Dallau	Bahnhof	de:08225:8207:3:1	49.389104	9.188121		MATCHED	n7062536555	7.6	0.55	Dallau, Bahnhof				LINESTRING(9.188121 49.389104,9.188021 49.389083600000006)
190	Dallau	Bahnhof	de:08225:8207:4:2	49.388022	9.187906		NO_MATCH_AND_SEEMS_UNSERVED								POINT(9.187906 49.388022)
191	Dallau	Bahnhof	de:08225:8207:4:Bus	49.38773	9.187591	bus	MATCHED	n7062543293	54.3	1.0	Dallau, Bahnhof	832,841,8935,8937	Dallau, Mitte / Muckental, Lamm / Auerbach/Mb, Schule / Muckental, Lamm / Mosbach, Johannes-Diakonie		LINESTRING(9.187591 49.38773,9.188041100000001 49.3881207)
192	Dallau	Industriegebiet	de:08225:2658:0:RiO	49.380256	9.185615	bus	MATCHED	n3139184918	14.6	1.0	Dallau, Industriegebiet	832,841	Dallau, Mitte	Dallau, Mitte	LINESTRING(9.185615 49.380256,9.1855136 49.3801422)
193	Dallau	Industriegebiet	de:08225:2658:0:RiW	49.38052	9.185624	bus	MATCHED	n2405768024	5.0	1.0	Dallau, Industriegebiet	832,841	Neckarburken, Ort	Neckarburken, Ort	LINESTRING(9.185624 49.38052,9.1855598 49.3805045)
194	Dallau	Mitte	de:08225:6033:0:RiN	49.384818	9.191292	bus	MATCHED	n2405768056	10.3	1.0	Dallau, Mitte	832,841,8935,8937,8941	Dallau, Bahnhof / Auerbach, Krone / Muckental, Lamm / Dallau, Oberfeld	Dallau, Oberfeld	LINESTRING(9.191292 49.384818,9.1914329 49.3848095)
195	Dallau	Mitte	de:08225:6033:0:RiS	49.384543	9.190834	bus	MATCHED	n2405768029	11.0	1.0	Dallau, Mitte	832,841,8935,8937	Dallau, Bahnhof / Dallau, Industriegebiet / Neckarburken, Ort	Dallau, Industriegebiet	LINESTRING(9.190834 49.384543,9.190731000000001 49.3846161)
196	Dallau	Oberfeld	de:08225:2673:0:RiN	49.387426	9.192361	bus	MATCHED	n3121704483	6.8	1.0	Dallau, Oberfeld	832,841	Auerbach/Mb, Schule / Rittersbach, Schule / Rittersbach, Ort	Rittersbach, Ort	LINESTRING(9.192361 49.387426,9.1924525 49.3874374)
197	Dallau	Schule	de:08225:6017:0:1	49.383531	9.189559	bus	NO_MATCH					841	Auerbach/Mb, Schule / Neckarburken, Schule		POINT(9.189559 49.383531)
198	Daudenzell	Mühle	de:08225:6952:0:1	49.350175	9.003661	bus	MATCHED	n3114742444	20.3	0.55	Daudenzell, Mühle	745,824	Daudenzell, Ort / Breitenbronn, Sporthallenweg / Aglasterhausen, Sparkasse / Reichartshausen, Alter Rathpl. / Daudenzell, Ort / Aglasterhausen, Mosbacher Str.	Breitenbronn, Sporthallenweg	LINESTRING(9.003661 49.350175,9.003491 49.350030600000004)
199	Daudenzell	Ort	de:08225:2790:0:RiN	49.347723	9.006195	bus	MATCHED	n7119530894	15.7	1.0	Daudenzell, Ort	745,822,8952	Aglasterhausen, Mosbacher Str. / Aglasterhausen, Sparkasse / Aglasterhausen, Sparkasse / Daudenzell, Mühle / Breitenbronn, Sporthallenweg	Aglasterhausen, Mosbacher Straße	LINESTRING(9.006195 49.347723,9.006063900000001 49.3478356)
200	Daudenzell	Ort	de:08225:2790:0:RiS	49.347647	9.006096	bus	MATCHED	n7119530891	16.1	1.0	Daudenzell, Ort	745,822,8952	Asbach, Schule	Asbach, Schule	LINESTRING(9.006096 49.347647,9.0061739 49.347511000000004)
201	Diedesheim	Hamberg	de:08225:2794:0:RiN	49.357273	9.116804	bus	MATCHED	n1411212755	33.0	1.0	Diedesheim, Hamberg	830	Diedesheim, Schreckhof	Diedesheim, Schreckhof	LINESTRING(9.116804 49.357273,9.1171412 49.3570737)
202	Diedesheim	Hamberg	de:08225:2794:0:RiS	49.357086	9.116939	bus	MATCHED	n6985302884	17.0	1.0	Diedesheim, Hamberg	830	Diedesheim, Kindergarten	Diedesheim, Kindergarten	LINESTRING(9.116939 49.357086,9.1170811 49.356965)
203	Diedesheim	Kindergarten	de:08225:2795:0:RiN	49.355114	9.113867	bus	MATCHED	n6960062229	0.9	1.0	Diedesheim, Kindergarten	830,8938,8952	Diedesheim, Hamberg / Obrigheim, Neckarbrücke / Obrigheim, Neckarbrücke	Diedesheim, Hamberg	LINESTRING(9.113867 49.355114,9.1138726 49.355121100000005)
204	Diedesheim	Kindergarten	de:08225:2795:0:RiS	49.354991	9.11313	bus	MATCHED	n1411212756	5.8	1.0	Diedesheim, Kindergarten	830,8938,8952	Diedesheim, Maschinenfabrik / Diedesheim, Schule	Diedesheim, Maschinenfabrik	LINESTRING(9.11313 49.354991,9.1130642 49.35502)
205	Diedesheim	Maschinenfabrik	de:08225:2796:0:RiN	49.352159	9.11066	bus	MATCHED	n1411212753	12.4	1.0	Diedesheim, Maschinenfabrik	830	Diedesheim, Kindergarten	Diedesheim, Kindergarten	LINESTRING(9.11066 49.352159,9.110779 49.3520795)
206	Diedesheim	Maschinenfabrik	de:08225:2796:0:RiW	49.352036	9.110705	bus	MATCHED	n1411212754	15.3	1.0	Diedesheim, Maschinenfabrik	830	Diedesheim, Oberer Herrenweg	Diedesheim, Oberer Herrenweg	LINESTRING(9.110705 49.352036,9.1105643 49.3521384)
207	Diedesheim	Oberer Herrenweg	de:08225:2797:0:RiS	49.353557	9.107381	bus	MATCHED	n5371902532	34.8	1.0	Diedesheim, Oberer Herrenweg	830	Diedesheim, Maschinenfabrik	Diedesheim, Maschinenfabrik	LINESTRING(9.107381 49.353557,9.106909100000001 49.353609500000005)
208	Diedesheim	Oberer Herrenweg	de:08225:2797:0:RiW	49.353651	9.106986	bus	MATCHED	n5371902533	14.3	1.0	Diedesheim, Oberer Herrenweg	830	Diedesheim, Schule	Diedesheim, Schule	LINESTRING(9.106986 49.353651,9.1071832 49.3536553)
209	Diedesheim	Schifferdecker	de:08225:6730:0:1	49.362714	9.099575	bus	MATCHED	n3423006871	7.8	0.73	Diedesheim, Schifferdecker	836	Binau, Abzw. Bahnhof	Binau, Abzweigung Bahnhof	LINESTRING(9.099575 49.362714,9.0996267 49.3627757)
210	Diedesheim	Schreckhof	de:08225:2793:0:RiS	49.363539	9.107408	bus	MATCHED	n1411220609	4.8	1.0	Diedesheim, Schreckhof	830	Diedesheim, Hamberg	Diedesheim, Hamberg	LINESTRING(9.107408 49.363539,9.1073416 49.363534300000005)
211	Diedesheim	Schule	de:08225:2775:0:RiN	49.350076	9.10483	bus	MATCHED	n1411220623	6.2	1.0	Diedesheim, Schule	822,828,830,833,836,8938,8952	Diedesheim, Oberer Herrenweg / Obrigheim, Neckarbrücke / Diedesheim, Schifferdecker / Diedesheim, Kindergarten	Diedesheim, Oberer Herrenweg / Obrigheim, Neckarbrücke / Diedesheim, Schifferdecker	LINESTRING(9.10483 49.350076,9.104912200000001 49.350061800000006)
212	Diedesheim	Schule	de:08225:2775:0:RiS	49.349947	9.10474	bus	MATCHED	n6799953295	7.0	1.0	Diedesheim, Schule	822,828,830,833,836,8938,8952	Diedesheim, Zentrum / Neckarelz, Pattbergschule / Neckarelz, Pattbergschule / Obrigheim, Neckarbrücke / Neckarelz, Bahnhof	Obrigheim, Neckarbrücke / Diedesheim, Zentrum	LINESTRING(9.10474 49.349947,9.1046897 49.350000400000006)
213	Diedesheim	Zentrum	de:08225:6731:0:RiN	49.34904	9.104623	bus	MATCHED	n1411220614	12.5	1.0	Diedesheim, Zentrum	822,828,830,833,836,8938,8952	Diedesheim, Schule / Obrigheim, Neckarbrücke / Diedesheim, Schule	Diedesheim, Schule	LINESTRING(9.104623 49.34904,9.1046239 49.3489274)
214	Diedesheim	Zentrum	de:08225:6731:0:RiS	49.348876	9.104524	bus	MATCHED	n6926239109	7.9	1.0	Diedesheim, Zentrum	822,828,830,833,836,8938,8952	Neckarelz, Pattbergschule / Neckarelz, Bahnhof / Neckarelz, Pattbergschule / Neckarelz, Elzbrücke	Neckarelz, Pattbergschule / Diedesheim, Schule	LINESTRING(9.104524 49.348876,9.1045003 49.3489456)
215	Donebach	Ort	de:08225:2754:0:RiS	49.560627	9.1922	bus	MATCHED	n6491576827	8.6	1.0	Donebach, Ort	821,832,844,8943	Mudau, Brückengut / Mudau, Rathaus / Mörschenhardt, Ort / Mudau, Rathaus / Ünglert, Ort / Mudau, Schule	Mudau, Rathaus	LINESTRING(9.1922 49.560627,9.192160900000001 49.560700000000004)
216	Dornberg	Ort	de:08225:224:0:1	49.625774	9.427945	bus	MATCHED	n3137948404	18.5	0.41	Dornberg, Ort	843,8950	Hardheim, Schule / Rütschdorf, Ort		LINESTRING(9.427945 49.625774,9.427997300000001 49.6256111)
217	Eberstadt	Möbel Gramlich	de:08225:848:0:RiN	49.475977	9.36491	bus	MATCHED	n8146195871	10.7	0.68	Eberstadt, Möbel Gramlich	844,848	Eberstadt, Rathaus	Eberstadt Rathaus	LINESTRING(9.36491 49.475977,9.3648699 49.4758847)
218	Eberstadt	Möbel Gramlich	de:08225:848:0:RiS	49.47586	9.364748	bus	MATCHED	n8146195872	7.5	0.74	Eberstadt, Möbel Gramlich	848	Schlierstadt, Ort	Schlierstadt, Ort	LINESTRING(9.364748 49.47586,9.3647957 49.47592)
219	Eberstadt	Rathaus	de:08225:849:0:RiN	49.478294	9.365826	bus	MATCHED	n412275062	6.2	0.65	Eberstadt Rathaus	844,848,8946	Eberstadt, Tropfsteinhöhle / Buchen, Schulzentrum / Götzingen, Schule / Rinschheim, Raiffeisenstraße	Eberstadt, Möbel Gramlich / Eberstadt Tropfsteinhöhle	LINESTRING(9.365826 49.478294,9.365740800000001 49.4782979)
220	Eberstadt	Rathaus	de:08225:849:0:RiS	49.478171	9.365907	bus	MATCHED_THOUGH_OSM_NO_NAME	n4555577025	14.1	0.18		848	Eberstadt, Möbel Gramlich		LINESTRING(9.365907 49.478171,9.3659207 49.478297100000006)
221	Eberstadt	Tropfsteinhöhle	de:08225:852:0:2	49.480909	9.347213	bus	MATCHED	n506240602	12.5	0.64	Eberstadt Tropfsteinhöhle	848	Buchen, Siedlung / Eberstadt, Rathaus	Eberstadt Rathaus / Buchen, Siedlung	LINESTRING(9.347213 49.480909,9.347361000000001 49.480850600000004)
222	Eberstadt	Tropfsteinhöhle	de:08225:852:0:RiO	49.479992	9.35007	bus	MATCHED	n12228573140	10.7	0.67	Eberstadt Tropfsteinhöhle	844,848,8946	Buchen, Bahnhof / Eberstadt, Tropfsteinhöhle / Buchen, Bahnhof	Eberstadt Tropfsteinhöhle	LINESTRING(9.35007 49.479992,9.3499821 49.4800698)
223	Eicholzheim	Bahnhof	de:08225:8204:1:1	49.432677	9.290484	train	MATCHED	n3211907984	20.6	1.0	Eichholzheim	S1	Seckach, Bahnhof / Seckach, Bahnhof	Seckach	LINESTRING(9.290484 49.432677,9.2906305 49.432835700000005)
224	Eicholzheim	Bahnhof	de:08225:8204:2:2	49.432641	9.290368	train	MATCHED	n3310906761	91.7	1.0	Eichholzheim	RE2,S1,S2,S3,S4	Oberschefflenz, Bahnhof	Oberschefflenz	LINESTRING(9.290368 49.432641,9.2896595 49.431958200000004)
225	Eicholzheim	Bahnhof	de:08225:8204:81:Bus	49.432624	9.289945	bus	NO_MATCH_BUT_OTHER_PLATFORM_MATCHED					848	Großeicholzheim,Milchhaus a.W.		POINT(9.289945 49.432624)
226	Einbach	Ort	de:08225:2761:0:RiS	49.484002	9.240089	bus	MATCHED	n7734469186	27.1	0.34	Einbach, Ort	841,842,8944	Oberneudorf, Ort / Oberscheringen, Ort / Buchen, Stadion / Oberscheringen,Dorfstr.Einbach / Waldhausen (Odenw) / Bödigheim, Kirche	Oberscheringen, Ort	LINESTRING(9.240089 49.484002,9.2399973 49.484238100000006)
227	Elztal	Abzw. Auerbach	de:08225:2660:0:1	49.401084	9.20907		MATCHED	w755702755	22.0	0.24	Elztal, Abzweigung Auerbach				LINESTRING(9.20907 49.401084,9.208856113334516 49.40122431800367)
228	Erfeld	Mühle	de:08225:6009:0:RiN	49.562544	9.494384	bus	NO_MATCH_BUT_OTHER_PLATFORM_MATCHED					843,8950	Waldstetten, Post / Bretzingen, Friseur / Bretzingen, Friseur		POINT(9.494384 49.562544)
229	Erfeld	Mühle	de:08225:6009:0:RiS	49.562421	9.494366	bus	MATCHED	n9860738684	6.7	0.64	Erfeld, Mühle	843,8950	Erfeld, Ort		LINESTRING(9.494366 49.562421,9.4942952 49.562459800000006)
230	Erfeld	Ort	de:08225:269:0:RiN	49.554234	9.496199	bus	MATCHED_THOUGH_OSM_NO_NAME	n373421461	5.0	0.27		843,8950	Erfeld, Mühle		LINESTRING(9.496199 49.554234,9.4962205 49.5541916)
231	Erfeld	Ort	de:08225:269:0:RiS	49.554199	9.495992	bus	MATCHED	n9860738685	10.1	0.55	Erfeld, Ort	843,8950	Gerichtstetten, Ort / Gerichtstetten, Grundschule / Gerichtstetten, Ort		LINESTRING(9.495992 49.554199,9.4958589 49.5541728)
232	Erlenbach	Rathaus	de:08225:1657:0:RiN	49.385777	9.551553		NO_MATCH_AND_SEEMS_UNSERVED								POINT(9.551553 49.385777)
233	Erlenbach/Ra	Ort	de:08225:195:0:RiN	49.385754	9.551589	bus	MATCHED	n11904084697	140.3	1.0	Erlenbach	844,8931	Oberndorf Aussiedler / Ballenberg, Ort / Oberndorf Aussiedler / Merchingen, Ort / Oberndorf / Heßlingshof / Adelsheim, Wemmershof		LINESTRING(9.551589 49.385754,9.550547 49.3846907)
234	Ernsttal	Ort	de:08225:5987	49.566727	9.137986		NO_MATCH_AND_SEEMS_UNSERVED								POINT(9.137986 49.566727)
235	Ernsttal	Waldleiningen	de:08225:6119	49.569273	9.117155		NO_MATCH_AND_SEEMS_UNSERVED								POINT(9.117155 49.569273)
236	Fahrenbach	Apotheke	de:08225:1418:0:RiN	49.428108	9.151614	bus	MATCHED_THOUGH_REVERSED_DIR	n3476479742	10.7	1.0	Fahrenbach, Apotheke	832,840,8942	Fahrenbach, Grüner Baum	Sattelbach, Salle	LINESTRING(9.151614 49.428108,9.151598400000001 49.4280124)
237	Fahrenbach	Apotheke	de:08225:1418:0:RiS	49.427763	9.152548	bus	MATCHED_THOUGH_REVERSED_DIR	n3476479741	7.2	1.0	Fahrenbach, Apotheke	832,8942	Sattelbach, Salle / Sattelbach, Bahnübergang	Fahrenbach, Grüner Baum	LINESTRING(9.152548 49.427763,9.152604 49.427816)
238	Fahrenbach	Friedhof	de:08225:1420:0:RiN	49.434049	9.152108	bus	MATCHED	n3476479746	45.9	1.0	Fahrenbach, Friedhof	832,840,8942	Trienz, Bahnhof / Trienz, Am Denkmal / Robern, Roberner See	Trienz, Am Denkmal	LINESTRING(9.152108 49.434049,9.1518608 49.43366880000001)
239	Fahrenbach	Friedhof	de:08225:1420:0:RiS	49.433681	9.15165	bus	MATCHED	n3476479748	54.1	1.0	Fahrenbach, Friedhof	832,840,8942	Fahrenbach, Schule / Fahrenbach, Grüner Baum	Fahrenbach, Grüner Baum	LINESTRING(9.15165 49.433681,9.152011100000001 49.4341066)
240	Fahrenbach	Grüner Baum	de:08225:1419:0:RiN	49.430918	9.149898	bus	MATCHED	n1606759733	15.8	1.0	Fahrenbach, Grüner Baum	832,840,8942	Fahrenbach, Friedhof	Fahrenbach, Friedhof	LINESTRING(9.149898 49.430918,9.1499279 49.430777600000006)
241	Fahrenbach	Grüner Baum	de:08225:1419:0:RiS	49.430188	9.149943	bus	MATCHED	n3476479743	9.2	1.0	Fahrenbach, Grüner Baum	832,8942	Fahrenbach, Apotheke	Fahrenbach, Apotheke	LINESTRING(9.149943 49.430188,9.149819200000001 49.4302063)
242	Fahrenbach	Schule	de:08225:5998:0:1	49.431216	9.152943	bus	MATCHED	n7114893749	5.2	0.65	Fahrenbach, Schule	840	Fahrenbach, Friedhof / Fahrenbach, Apotheke		LINESTRING(9.152943 49.431216,9.1530021 49.4311889)
243	Gerichtstetten	Altes Milchh. 	de:08225:314:0:1	49.535332	9.50529	bus	MATCHED	n12177420631	6.1	0.54	Gerichtstetten Altes Milchhaus	843,844,939	Sindolsheim, Ort / Buch, Ort / Altheim, Kapelle / Eubigheim, Bahnhof / Erfeld, Ort / Gerichtstetten, Ort		LINESTRING(9.50529 49.535332,9.5053654 49.535308400000005)
244	Gerichtstetten	Grundschule	de:08225:272:0:1	49.535221	9.502343	bus	MATCHED	n9876572689	3.1	0.77	Gerichtstetten, Grundschule	843	Erfeld, Ort / Gerichtstetten, Altes Milchh.		LINESTRING(9.502343 49.535221,9.5023031 49.535211000000004)
245	Gerichtstetten	Ort	de:08225:323:0:RiN	49.53567	9.504077	bus	MATCHED	n1225662376	10.7	0.54	Gerichtstetten, Ort	843,8950	Altheim, Pfarrer-Hauser-Platz / Erfeld, Ort / Gerichtstetten, Altes Milchh.		LINESTRING(9.504077 49.53567,9.5042159 49.5356382)
246	Gerichtstetten	Ort	de:08225:323:0:RiS	49.535536	9.504122	bus	MATCHED	n9860738686	10.4	0.54	Gerichtstetten, Ort	8950	Altheim, Pfarrer-Hauser-Platz		LINESTRING(9.504122 49.535536,9.504002100000001 49.535587500000005)
247	Gerolzahn	Ort	de:08225:863:0:RiN	49.625856	9.320057	bus	MATCHED	n6335600052	5.5	0.63	Gerolzahl, Ort	849,8951	Rippberg, Schule / Gottersdorf, Freilandmuseum / Hornbach, Linkenmühle / Rippberg, Schule / Rippberg, Bahnhof / Neusaß, Ort	Gottersdorf Freilandmuseum / Rippberg, Schule	LINESTRING(9.320057 49.625856,9.3199842 49.625841900000005)
248	Gerolzahn	Ort	de:08225:863:0:RiS	49.625704	9.320335	bus	NO_MATCH_BUT_OTHER_PLATFORM_MATCHED					849	Neusaß, Ort		POINT(9.320335 49.625704)
249	Glashofen	Kirche	de:08225:18000	49.623668	9.366455		NO_MATCH_AND_SEEMS_UNSERVED								POINT(9.366455 49.623668)
250	Glashofen	Ort	de:08225:879:0:RiO	49.623499	9.365647	bus	MATCHED	n9279883690	6.0	0.66	Glashofen Ort	849,8951	Wettersdorf, Ort / Neusaß, Ort / Reinhardsachsen, Madonnen.	Neusaß Ort	LINESTRING(9.365647 49.623499,9.3655685 49.623515700000006)
251	Glashofen	Ort	de:08225:879:0:RiW	49.623505	9.365314	bus	MATCHED	n9279972403	21.5	0.38	Glashofen Ort	849,8951	Reinhardsachsen, Madonnen. / Wettersdorf, Ort / Neusaß, Ort / Neusaß, Ort / Kaltenbrunn, Ort	Madonnenländchen	LINESTRING(9.365314 49.623505,9.3655845 49.6234253)
252	Gottersdorf	Freilandmuseum	de:08225:15054:0:RiW	49.637359	9.31252	bus	MATCHED	n564948921	11.0	0.53	Gottersdorf Freilandmuseum	849,8951	Gerolzahn, Ort / Reinhardsachsen, Ort / Gerolzahn, Ort / Neusaß, Ort / Rippberg, Schule	Gerolzahl, Ort / Reichartshausen / Neusaß Ort	LINESTRING(9.31252 49.637359,9.3126584 49.6373182)
253	Gottersdorf	Ort	de:08225:862	49.637539	9.310679		NO_MATCH_AND_SEEMS_UNSERVED								POINT(9.310679 49.637539)
254	Gottersdorf	Schule	de:08225:15055	49.635962	9.308289		NO_MATCH_AND_SEEMS_UNSERVED								POINT(9.308289 49.635962)
255	Großeicholzheim	Bannholzsied. 	de:08225:14255:0:RiO	49.44624	9.309726	bus	MATCHED	n7116151043	1.9	1.0	Großeicholzheim, Bannholzsiedlung	848	Seckach, Bahnhof / Seckach, Schule	Seckach, Bahnhof	LINESTRING(9.309726 49.44624,9.3097442 49.4462527)
256	Großeicholzheim	Bannholzsied. 	de:08225:14255:0:RiW	49.446263	9.309493	bus	MATCHED	n7116151049	5.8	1.0	Großeicholzheim, Bannholzsiedlung	848	Großeicholzheim,Milchhaus a.W.	Großeicholzheim, Milchhaus am Wasserschloß	LINESTRING(9.309493 49.446263,9.309435200000001 49.4462996)
257	Großeicholzheim	Denkmal	de:08225:845	49.444085	9.28805		NO_MATCH_AND_SEEMS_UNSERVED								POINT(9.28805 49.444085)
258	Großeicholzheim	Milchhaus a. W. 	de:08225:6341:0:RiO	49.444067	9.288598	bus	MATCHED	n4605797781	9.9	1.0	Großeicholzheim, Milchhaus am Wasserschloß	835,842,848,8941	Eicholzheim, Bahnhof / Großeicholzheim, Bannholzsied. / Seckach, Bahnhof / Waldhausen (Odenw) / Kleineicholzheim, Ort	Großeicholzheim, Bannholzsiedlung	LINESTRING(9.288598 49.444067,9.288608100000001 49.443977800000006)
259	Großeicholzheim	Milchhaus a. W. 	de:08225:6341:0:RiW	49.444178	9.288625	bus	MATCHED	n4605797782	6.6	1.0	Großeicholzheim, Milchhaus am Wasserschloß	842,848	Waldhausen (Odenw) / Seckach, Eicholzheimer Straße	Waldhausen, Ort	LINESTRING(9.288625 49.444178,9.288699600000001 49.444144400000006)
260	Großeicholzheim	ev. Kirche	de:08225:6538:0:1	49.444202	9.28982	bus	NO_MATCH					S1	Seckach, Bahnhof		POINT(9.28982 49.444202)
261	Großeicholzheim	ev. Kirche	de:08225:6538:0:2	49.444009	9.289631	bus	NO_MATCH					S2	Kleineicholzheim, Ort		POINT(9.289631 49.444009)
262	Guttenbach	Dreschhalle	de:08225:5995:0:RiO	49.39315	9.071772	bus	MATCHED	n1658792427	5.7	1.0	Guttenbach, Dreschhalle	836,8952	Neckargerach, Marktplatz / Guttenbach, Ort / Neckargerach, Bahnhofsvorplatz	Guttenbach, Ort	LINESTRING(9.071772 49.39315,9.0718058 49.3931036)
263	Guttenbach	Neckarkatz. Straße	de:08225:5999:0:RiW	49.389882	9.072436	bus	MATCHED	n297559699	6.1	1.0	Guttenbach, Neckarkatzenbacher Straße	836,8952	Guttenbach, Ort / Neckargerach, Marktplatz / Neckargerach, Bahnhof / Zwingenberg, Kohlstatter Feld / Neckarkatzenbach	Neckarkatzenbach Ort / Neckargerach, Marktplatz	LINESTRING(9.072436 49.389882,9.072499500000001 49.3899175)
264	Guttenbach	Ort	de:08225:311:0:RiS	49.390508	9.075949	bus	MATCHED	n1658792472	14.1	1.0	Guttenbach, Ort	836,8952	Guttenbach, Dreschhalle / Guttenbach, Neckarkatz. Straße	Guttenbach, Neckarkatzenbacher Straße	LINESTRING(9.075949 49.390508,9.0758276 49.390606700000006)
265	Guttenbach	Schleuse	de:08225:310:0:RiN	49.383836	9.079228	bus	MATCHED	n8123274219	95.2	0.3	Guttenbach Schleuse	836	Neckargerach, Marktplatz	Neckargerach, Marktplatz	LINESTRING(9.079228 49.383836,9.0781852 49.3833161)
266	Guttenbach	Schleuse	de:08225:310:0:RiS	49.383473	9.078257	bus	MATCHED	n7059270931	10.6	1.0	Guttenbach Schleuse	836	Binau, Gasthaus Sonneneck	Binau, Gasthaus Sonneneck	LINESTRING(9.078257 49.383473,9.078111400000001 49.3834807)
267	Guttenbach	Schule	de:08225:5990	49.391215	9.070289		NO_MATCH_AND_SEEMS_UNSERVED								POINT(9.070289 49.391215)
268	Götzingen	Ort	de:08225:181:0:RiN	49.49751	9.39389	bus	MATCHED_THOUGH_REVERSED_DIR	n2457025072	5.6	0.58	Götzingen Ort	844	Bofsheim, Ort / Altheim, Pfarrer-Hauser-Platz / Bofsheim, Steg	Rinschheim Ort	LINESTRING(9.39389 49.49751,9.393869800000001 49.4975589)
269	Götzingen	Ort	de:08225:181:0:RiS	49.497335	9.392928	bus	MATCHED	n2457025071	8.3	0.59	Götzingen Ort	844,8946	Götzingen, Schule / Rinschheim, Ort	Altheim, Pfarrer-Hauser-Platz	LINESTRING(9.392928 49.497335,9.3930269 49.497297700000004)
270	Götzingen	Schule	de:08225:35047:0:RiW	49.495451	9.39221	bus	NO_MATCH					844,8946	Bofsheim, Steg / Rinschheim, Raiffeisenstraße / Buchen, Hallenbad / Eberstadt, Rathaus		POINT(9.39221 49.495451)
271	Hainstadt	Bahnhof	de:08225:8446:1:1	49.543056	9.326866	train	MATCHED	n5650583610	104.1	1.0	Hainstadt (Baden)	RB84	Buchen, Bahnhof / Walldürn, Bahnhof / Buchen, Bahnhof	Walldürn / Buchen im Odenwald	LINESTRING(9.326866 49.543056,9.327588 49.543866400000006)
272	Hainstadt	Bahnhof	de:08225:8446:30:GeoS1	49.543254	9.327288		NO_MATCH_AND_SEEMS_UNSERVED								POINT(9.327288 49.543254)
273	Hainstadt	Ort	de:08225:179:0:RiS	49.5388	9.331546	bus	MATCHED	n7039383621	9.7	1.0	Hainstadt, Ort	841,842,845,8930,8951	Buchen, Abzw. Hainstadt / Hainstadt, Talstraße / Hainstadt, Ziegeleistraße / Walldürn, Kaserne / Hornbach, Ort	Haintadt, Ziegeleistraße	LINESTRING(9.331546 49.5388,9.331524700000001 49.5388864)
274	Hainstadt	Schule	de:08225:20039:0:RiW	49.543207	9.32904	bus	NO_MATCH					845	Buchen, Veilchenweg / Buchen, Morrebrücke		POINT(9.32904 49.543207)
275	Hainstadt	Talstraße	de:08225:2669:0:RiN	49.537413	9.335751	bus	MATCHED	n7039383619	2.4	0.75	Haintadt, Talstr.	845	Hainstadt, Ort	Hainstadt, Ort	LINESTRING(9.335751 49.537413,9.33577 49.537430500000006)
276	Hainstadt	Talstraße	de:08225:2669:0:RiS	49.53736	9.335598	bus	MATCHED	n9929639837	17.3	0.29	Hainstadt, Ort	841,842	Walldürn, Süd / Buchen, Schulzentrum / Buchen, Walldürner Höhe / Buchen, Abzw. Hainstadt		LINESTRING(9.335598 49.53736,9.3357001 49.5375012)
277	Hainstadt	Ziegeleistraße	de:08225:6747:0:RiS	49.535262	9.330037	bus	MATCHED	n8138059924	169.3	0.23	Haintadt, Ziegeleistraße	845	Buchen, Veilchenweg	Buchen Veilchenweg	LINESTRING(9.330037 49.535262,9.3316523 49.536363200000004)
278	Hardheim	Abzw. Bretzingen	de:08225:7100:0:RiO	49.606282	9.473642	bus	MATCHED	n7040628279	11.6	0.66	Hardheim, Abzw. Bretzingen	841,8930,999	Hardheim, Post / Hardheim, Rote Au / Hardheim, Post	Hardheim, Post	LINESTRING(9.473642 49.606282,9.473482800000001 49.606293)
279	Hardheim	Abzw. Bretzingen	de:08225:7100:0:RiW	49.606364	9.473507	bus	MATCHED	n6987201492	7.8	0.73	Hardheim, Abzw. Bretzingen	841,842,843,8930,999	Höpfingen, Rathaus / Höpfingen, Ziegelei	Höpfingen, Ziegelei	LINESTRING(9.473507 49.606364,9.473613700000001 49.606374100000004)
280	Hardheim	Apotheke	de:08225:6892	49.61091	9.472995		NO_MATCH_AND_SEEMS_UNSERVED								POINT(9.472995 49.61091)
281	Hardheim	Bretzinger Straße	de:08225:1044:0:RiN	49.605095	9.473274	bus	MATCHED	n9911440601	43.6	0.2	Hardhein, Bretzinger Str.	843,8950	Hardheim, Post / Bretzingen, Ort / Hardheim, Post / Höpfingen, Rathaus / Hardheim, Schule		LINESTRING(9.473274 49.605095,9.473047300000001 49.6047311)
282	Hardheim	Bretzinger Straße	de:08225:1044:0:RiS	49.604844	9.473013	bus	MATCHED	n9856173132	6.3	0.56	Hardheim, Bretzinger Str.	843,8950	Bretzingen, Ort / Bretzingen, Ort		LINESTRING(9.473013 49.604844,9.472926900000001 49.604837700000004)
283	Hardheim	Kaserne	de:08225:1362:0:1	49.619332	9.482401	bus	NO_MATCH					8930	Schweinberg, Rathaus / Hardheim, Post		POINT(9.482401 49.619332)
284	Hardheim	Post	de:08225:1359:0:RiO	49.6107	9.473732	bus	MATCHED	n1651566563	7.9	0.6	Hardheim, Post	841,843,850,8950,999	Hardheim, Abzw. Bretzingen / Hardheim, Schule / Hardheim, Bretzinger Straße / Hardheim, Rote Au / Dornberg, Ort / Hardheim, Rote Au	Hardheim, Rote Au	LINESTRING(9.473732 49.6107,9.4736878 49.610634600000004)
285	Hardheim	Post	de:08225:1359:0:RiW	49.610683	9.473489	bus	MATCHED	n6987201491	10.4	0.54	Hardheim, Post	842,843,850,8930,8950,999	Hardheim, Abzw. Bretzingen / Höpfingen, Rathaus / Hardheim, Bretzinger Straße / Hardheim, Bretzinger Straße / Hardheim, Kaserne	Hardheim, Abzw. Bretzingen	LINESTRING(9.473489 49.610683,9.4735928 49.6107474)
286	Hardheim	Rote Au	de:08225:1361:0:RiN	49.611026	9.478601	bus	MATCHED	n6987201490	4.8	0.7	Hardheim, Rote Au	841,843,999	Hardheim, Post / Hardheim, Post / Hardheim, Schule / Schweinberg, Rathaus / Bretzingen, Ort		LINESTRING(9.478601 49.611026,9.4786675 49.6110254)
287	Hardheim	Rote Au	de:08225:1361:0:RiS	49.610916	9.478726	bus	MATCHED	n7040628280	15.3	0.61	Hardheim, Rote Au	841,850,999	Hardheim, Abzw. Bretzingen / Schweinberg, Rathaus	Hardheim, Abzw. Bretzingen / Schweinberg, Rathaus	LINESTRING(9.478726 49.610916,9.478539900000001 49.6109815)
288	Hardheim	Schule	de:08225:1360:0:1	49.609979	9.475061	bus	MATCHED	n9866115077	4.0	0.72	Hardheim, Schule	841,843	Hardheim, Post / Hardheim, Post / Bretzingen, Ort / Hardheim, Bretzinger Straße / Höpfingen, Schule / Hardheim, Abzw. Bretzingen / Dornberg, Ort / Hardheim, Rote Au / Schweinberg, Ost		LINESTRING(9.475061 49.609979,9.4750771 49.6099449)
289	Haßmersheim	Bahnhof	de:08225:8222:1:1	49.304069	9.154093	train	MATCHED	n2438144610	7.0	1.0	Haßmersheim	MEX12,RB10a,RE10a,S41	Neckarzimmern, Bahnhof / Neckarzimmern, Bahnhof	Neckarzimmern	LINESTRING(9.154093 49.304069,9.1541105 49.3041308)
290	Haßmersheim	Bahnhof	de:08225:8222:2:2	49.304075	9.154129	train	MATCHED	n3188338840	7.3	1.0	Haßmersheim	MEX12,RB10a,S41	Gundelsheim (Neckar)	Gundelsheim (Neckar)	LINESTRING(9.154129 49.304075,9.1540566 49.304120600000005)
291	Haßmersheim	Bahnhof	de:08225:8222:30:1	49.303607	9.153824		MATCHED_THOUGH_OSM_NO_NAME	n12880411188	3.6	0.22					LINESTRING(9.153824 49.303607,9.1537801 49.303592)
292	Haßmersheim	Friedhof	de:08225:90:0:RiS	49.29984	9.141894	bus	MATCHED	n1247388009	13.9	1.0	Haßmersheim, Friedhof	828,8938	Neckarmühlbach, Ort / Haßmersheim, Hauptschule / Haßmersheim, Ort / Haßmersheim, Steg	Neckarmühlbach, Ort	LINESTRING(9.141894 49.29984,9.1417058 49.2998187)
293	Haßmersheim	Fähre (Bahnhof)	de:08225:8224:0:Fuß	49.301972	9.15403		NO_MATCH_AND_SEEMS_UNSERVED								POINT(9.15403 49.301972)
294	Haßmersheim	Fähre (Bahnhof)	de:08225:8224:0:Fähre	49.301972	9.15386		NO_MATCH_AND_SEEMS_UNSERVED								POINT(9.15386 49.301972)
295	Haßmersheim	Fähre (Ort)	de:08225:8225:0:Fuß	49.301902	9.152279		NO_MATCH_AND_SEEMS_UNSERVED								POINT(9.152279 49.301902)
296	Haßmersheim	Fähre (Ort)	de:08225:8225:0:Fähre	49.301914	9.152503		NO_MATCH_AND_SEEMS_UNSERVED								POINT(9.152503 49.301914)
297	Haßmersheim	Hauptschule	de:08225:89:0:1	49.296987	9.143367	bus	MATCHED	n1591067135	14.6	0.22	Schule	828	Haßmersheim, Ort / Haßmersheim, Friedhof / Haßmersheim, Steg / Neckarmühlbach, Ort / Haßmersheim, Ort		LINESTRING(9.143367 49.296987,9.1435638 49.296959400000006)
298	Haßmersheim	Lessingstraße	de:08225:99:0:RiN	49.305212	9.145811	bus	MATCHED	n1608968200	5.2	1.0	Haßmersheim, Lessingstraße	828	Hüffenhardt, Ortsmitte / Haßmersheim, Ort / Haßmersheim, Spielplatz / Neckarzimmern, Schleuse		LINESTRING(9.145811 49.305212,9.1458814 49.3052031)
299	Haßmersheim	Lessingstraße	de:08225:99:0:RiS	49.305083	9.145856	bus	MATCHED	n1608968202	38.7	1.0	Haßmersheim, Lessingstraße	828	Haßmersheim, Ort	Haßmersheim, Ort	LINESTRING(9.145856 49.305083,9.1455961 49.3053867)
300	Haßmersheim	Ort	de:08225:2788:0:RiO	49.301293	9.147616	bus	MATCHED	n1591067098	16.0	1.0	Haßmersheim, Ort	828,8938	Haßmersheim, Lessingstraße / Neckarmühlbach, Ort / Haßmersheim, Steg / Haßmersheim, Steg / Haßmersheim, Friedhof / Haßmersheim, Spielplatz		LINESTRING(9.147616 49.301293,9.1474205 49.3012263)
301	Haßmersheim	Ort	de:08225:2788:0:RiW	49.301287	9.147419	bus	MATCHED	n1591067113	10.1	1.0	Haßmersheim, Ort	828,8938	Haßmersheim, Hauptschule / Hüffenhardt, Ortsmitte / Neckarmühlbach, Ort / Haßmersheim, Friedhof	Haßmersheim, Friedhof / Neckarmühlbach, Ort	LINESTRING(9.147419 49.301287,9.1475237 49.3013472)
302	Haßmersheim	Spielplatz	de:08225:54:0:RiN	49.308591	9.144391	bus	MATCHED	n1608968222	15.2	1.0	Haßmersheim, Spielplatz	8938	Neckarzimmern, Schleuse		LINESTRING(9.144391 49.308591,9.144555500000001 49.3085072)
303	Haßmersheim	Spielplatz	de:08225:54:0:RiS	49.308474	9.144481	bus	MATCHED	n1608968214	8.1	1.0	Haßmersheim, Spielplatz	828,8938	Haßmersheim, Steg / Haßmersheim, Lessingstraße / Neckarzimmern, Schleuse / Hochhausen, Ort / Haßmersheim, Lessingstraße	Haßmersheim, Lessingstraße	LINESTRING(9.144481 49.308474,9.1443866 49.3085132)
304	Haßmersheim	Steg	de:08225:15178:0:1	49.303361	9.151542	bus	MATCHED	n8130706988	3.2	0.85	Haßmersheim, Steg	828,8938	Haßmersheim, Spielplatz / Haßmersheim, Spielplatz		LINESTRING(9.151542 49.303361,9.1515266 49.3033336)
305	Haßmersheim	Steg	de:08225:15178:0:2	49.303331	9.151407	bus	MATCHED	n8130706989	17.9	0.42	Haßmersheim, Steg	828,8938	Haßmersheim, Ort / Neckarzimmern, Schleuse / Neckarmühlbach, Ort / Haßmersheim, Spielplatz	Haßmersheim, Ort	LINESTRING(9.151407 49.303331,9.1514918 49.3031797)
306	Heidersbach	Ort	de:08225:2663:0:RiN	49.454013	9.24732	bus	MATCHED	n2405768064	9.2	1.0	Heidersbach, Ort	840,841,8935	Heidersbach, Röhrenbrunnen / Buchen, Stadion / Limbach, Schule / Langenelz, Ofenloch / Oberscheringen, Ort / Waldhausen (Odenw) / Scheringen, Feuerwehr	Waldhausen, Ort	LINESTRING(9.24732 49.454013,9.247433500000001 49.4540506)
307	Heidersbach	Ort	de:08225:2663:0:RiS	49.453458	9.247123	bus	MATCHED	n2405768059	11.8	1.0	Heidersbach, Ort	841	Rittersbach, Schule / Rittersbach, Ort	Rittersbach, Ort	LINESTRING(9.247123 49.453458,9.247044800000001 49.4535508)
308	Heidersbach	Röhrenbrunnen	de:08225:34540:0:1	49.45434	9.248569	bus	NO_MATCH					840	Oberscheringen, Waldhaus. Str. / Scheringen, Feuerwehr / Mudau, Rathaus		POINT(9.248569 49.45434)
309	Heidersbach	Ziegelhüttenstr. 	de:08225:34541	49.454317	9.248551		NO_MATCH_AND_SEEMS_UNSERVED								POINT(9.248551 49.454317)
310	Hemsbach	Am Eber	de:08225:62890:0:RiN	49.430299	9.406277	bus	MATCHED	n7118805083	7.9	1.0	Hemsbach, Am Eber	857,8931	Osterburken, GTO / Osterburken, Hauptschule		LINESTRING(9.406277 49.430299,9.4062623 49.4302282)
311	Hemsbach	Am Eber	de:08225:62890:0:RiS	49.43024	9.406116	bus	MATCHED	n3495578343	3.7	1.0	Hemsbach, Am Eber	857,8931	Hemsbach, Ort		LINESTRING(9.406116 49.43024,9.406072700000001 49.4302579)
312	Hemsbach	Ort	de:08225:6289:0:RiN	49.427751	9.400959	bus	NO_MATCH_BUT_OTHER_PLATFORM_MATCHED					857,8931,8932	Osterburken, Bahnhof / Hemsbach, Am Eber		POINT(9.400959 49.427751)
313	Hemsbach	Ort	de:08225:6289:0:RiS	49.427792	9.400304	bus	MATCHED	n3495578342	92.5	1.0	Hemsbach, Ort	848,857,8931	Adelsheim, Nordbahnhof / Adelsheim, Nordbahnhof		LINESTRING(9.400304 49.427792,9.401565300000001 49.4276679)
314	Hergenstadt	Ort	de:08225:6290:0:1	49.39042	9.437377	bus	NO_MATCH					857,8931	Adelsheim, Schulzentrum / Leibenstadt, Ort / Adelsheim, Wemmershof / Adelsheim, Wemmershof		POINT(9.437377 49.39042)
315	Hettigenbeuern	Ort	de:08225:1034:0:RiS	49.579147	9.265107	bus	MATCHED	n8137864239	5.5	0.67	Hettigenbeuern, Ort	823,8943	Buchen, Am Bild / Stürzenhardt, Ort / Buchen, Reichsadler	Buchen, Am Bild	LINESTRING(9.265107 49.579147,9.2650346 49.579131000000004)
316	Hettinge.	Abzw. Schule	de:08225:6754:0:RiW	49.520096	9.361487	bus	MATCHED	n8143470121	13.3	0.64	Hettingen Abzw. Schule	844,845	Rinschheim, Ort / Rinschheim, Ort / Hettingen,  Am Blassenrain / Buchen, Industriestraße	Hettingen Am Blassenrain	LINESTRING(9.361487 49.520096,9.361659300000001 49.5201374)
317	Hettinge.	Hühnerberg	de:08225:6752:0:1	49.520201	9.3445	bus	MATCHED	n8143470119	9.2	0.68	Hettingen Hühnerberg	845	Buchen, Siemensstraße / Buchen, Industriestraße	Buchen Siemensstraße	LINESTRING(9.3445 49.520201,9.3445733 49.520268900000005)
318	Hettingen	Am Blassenrain	de:08225:6751:0:RiS	49.520621	9.356996	bus	MATCHED	n8143470120	21.0	0.55	Hettingen Am Blassenrain	845	Hettingen , Hühnerberg	Hettingen Hühnerberg	LINESTRING(9.356996 49.520621,9.3567105 49.5205884)
319	Hettingen	Klosterhof	de:08225:6750:0:RiO	49.519314	9.364928	bus	MATCHED	n2457025075	3.7	0.75	Hettingen Klosterhof	845	Hettingen , Abzw. Schule / Hettingen, Sportplatz	Hettingen Abzw. Schule	LINESTRING(9.364928 49.519314,9.3649325 49.5192813)
320	Hettingen	Ort	de:08225:178:0:RiN	49.519449	9.366428	bus	MATCHED_THOUGH_REVERSED_DIR	n2457025074	14.4	0.35	Hettingen, Ort	842,844	Buchen, Industriestraße / Hettingen , Abzw. Schule / Hettingen, Sportplatz / Buchen, Bahnhof	Rinschheim, Ort	LINESTRING(9.366428 49.519449,9.366579900000001 49.5193657)
321	Hettingen	Ort	de:08225:178:0:RiS	49.518743	9.367928	bus	MATCHED_THOUGH_REVERSED_DIR	n2457025073	8.3	0.49	Hettingen Ort	844,8946	Rinschheim, Ort	Hettingen Sportplatz	LINESTRING(9.367928 49.518743,9.3679659 49.5188131)
322	Hettingen	Sportplatz	de:08225:93:0:RiO	49.51855	9.358226	bus	MATCHED	n2403250500	5.9	0.77	Hettingen Sportplatz	844,845,8946	Hettingen, Ort / Hettingen, Klosterhof	Hettingen, Ort / Hettingen Klosterhof	LINESTRING(9.358226 49.51855,9.3581722 49.518509900000005)
323	Hettingen	Sportplatz	de:08225:93:0:RiW	49.518585	9.35802	bus	MATCHED	n2403250507	44.4	0.42	Hettingen Sportplatz	844,845	Buchen, Industriestraße / Hettingen,  Am Blassenrain	Buchen, Industriestraße	LINESTRING(9.35802 49.518585,9.3586279 49.5186391)
324	Hochhausen	Ort	de:08225:2789:0:RiN	49.32521	9.104147	bus	MATCHED	n911112851	4.1	1.0	Hochhausen	828,8938	Neckarelz, N.-Odenwald-Zentrum / Neckarzimmern, Schleuse / Obrigheim, Realschule / Obrigheim, Neckarbrücke / Obrigheim, Gardinenfabrik		LINESTRING(9.104147 49.32521,9.104171800000001 49.3252432)
325	Hochhausen	Ort	de:08225:2789:0:RiS	49.325146	9.1043	bus	MATCHED	n1590992063	8.2	1.0	Hochhausen, Ort	828	Neckarzimmern, Schleuse	Neckarzimmern, Schleuse	LINESTRING(9.1043 49.325146,9.1041884 49.325133900000004)
326	Hollerbach	Feuerwehr	de:08225:2745:0:RiN	49.514194	9.278914	bus	MATCHED	n8078716842	3.8	0.83	Hollerbach, Feuerwehr	821,841,8944	Unterneudorf, Ort / Buchen, Potsdamer Straße / Buchen, Stadion	Buchen, Potsdamer Straße	LINESTRING(9.278914 49.514194,9.2789336 49.5142255)
327	Hollerbach	Feuerwehr	de:08225:2745:0:RiS	49.514054	9.278878	bus	MATCHED	n7734469185	4.6	0.81	Hollerbach, Feuerwehr	821,841,8944	Oberneudorf, Ort	Oberneudorf, Ort / Langenelz, Ofenloch	LINESTRING(9.278878 49.514054,9.278815400000001 49.514046300000004)
328	Hornbach	Kleinhornbach	de:08225:15043:0:RiO	49.597433	9.286388	bus	MATCHED	n2463431319	5.3	0.68	Hornbach Kleinhornbach	849,8951	Walldürn, Montereau Allee / Walldürn, Norma / Gottersdorf, Freilandmuseum / Hornbach, Linkenmühle / Hornbach, Ort / Walldürn, Auerberg / Hornbach, Ort	Hornbach, Ort	LINESTRING(9.286388 49.597433,9.286325 49.5974086)
329	Hornbach	Linkenmühle	de:08225:15044:0:1	49.605613	9.292694	bus	MATCHED	n1803918936	11.6	0.51	Linkenmühle	849,8951	Hornbach, Ort / Hornbach, Kleinhornbach / Gerolzahn, Ort / Gottersdorf, Freilandmuseum / Rippberg, Schule	Hornbach, Ort / Gerolzahl, Ort	LINESTRING(9.292694 49.605613,9.292537300000001 49.6056364)
330	Hornbach	Ort	de:08225:900:0:RiO	49.591004	9.290664	bus	MATCHED	n6691082316	7.2	0.62	Hornbach, Ort	849,8951	Hornbach, Kleinhornbach / Hornbach, Linkenmühle	Linkenmühle / Hornbach Kleinhornbach	LINESTRING(9.290664 49.591004,9.2905762 49.5909734)
331	Hornbach	Ort	de:08225:900:0:RiW	49.590993	9.290466	bus	NO_MATCH_BUT_OTHER_PLATFORM_MATCHED					849,8951	Hornbach, Kleinhornbach / Walldürn, Bahnhof / Hainstadt, Ort / Walldürn, Norma		POINT(9.290466 49.590993)
332	Höpfingen	Heidlein	de:08225:1356:0:RiN	49.60648	9.437575	bus	MATCHED	n1829588878	6.4	0.76	Höpfingen, Heidlein	841,999	Höpfingen, Ziegelei	Höpfingen, Ziegelei	LINESTRING(9.437575 49.60648,9.437638900000001 49.606440000000006)
333	Höpfingen	Heidlein	de:08225:1356:0:RiS	49.60623	9.437054	bus	MATCHED	n2405768218	10.7	0.68	Höpfingen, Heidlein	841,842,999	Höpfingen, Rathaus	Höpfingen, Rathaus	LINESTRING(9.437054 49.60623,9.4369101 49.606252100000006)
334	Höpfingen	Rathaus	de:08225:1355:0:RiN	49.602521	9.429409	bus	MATCHED	n2405768216	2.5	0.87	Höpfingen, Rathaus	841,8930,999	Hardheim, Abzw. Bretzingen / Höpfingen, Heidlein	Höpfingen, Heidlein	LINESTRING(9.429409 49.602521,9.4294224 49.6025001)
335	Höpfingen	Rathaus	de:08225:1355:0:RiS	49.602463	9.42913	bus	MATCHED	n2405768217	20.9	0.55	Höpfingen, Rathaus	841,842,843,8930,999	Walldürn, Bahnhof / Walldürn, Volksbank / Walldürn, Schlachthof	Walldürn, Schlachthof	LINESTRING(9.42913 49.602463,9.4293385 49.6025937)
336	Höpfingen	Schule	de:08225:220:0:1	49.603284	9.435437	bus	MATCHED	n9853707529	59.7	0.2	Höpfingen, Schule	843	Waldstetten, Post / Schlempertshof, Ort / Hardheim, Schule		LINESTRING(9.435437 49.603284,9.434648300000001 49.6031236)
337	Höpfingen	Siedl. Fuchsenloch	de:08225:6010:0:1	49.570968	9.426004	bus	MATCHED	n9863668207	3.5	0.71	Höpfingen, Siedlung Fuchsenloch	843	Höpfingen, Siedlung Eckwald		LINESTRING(9.426004 49.570968,9.4260515 49.5709735)
338	Höpfingen	Siedl. Hohle Eiche	de:08225:6013:0:1	49.582799	9.412458	bus	MATCHED	n9863668209	10.1	0.49	Höpfingen, Siedlung Hohle Eiche	843	Schlempertshof, Ort / Höpfingen, Siedlung Eckwald		LINESTRING(9.412458 49.582799,9.412482200000001 49.5827097)
339	Höpfingen	Siedlung Eckwald	de:08225:6011:0:1	49.583055	9.429607	bus	MATCHED	n9863668208	5.3	0.61	Höpfingen, Siedlung Echwald	843	Höpfingen, Siedl. Hohle Eiche / Höpfingen, Siedl. Fuchsenloch		LINESTRING(9.429607 49.583055,9.4296564 49.583019300000004)
340	Höpfingen	Ziegelei	de:08225:1357:0:RiO	49.608145	9.442533	bus	MATCHED	n1829590270	12.7	0.65	Höpfingen, Ziegelei	841,999	Hardheim, Abzw. Bretzingen	Hardheim, Abzw. Bretzingen	LINESTRING(9.442533 49.608145,9.442404100000001 49.60806770000001)
341	Höpfingen	Ziegelei	de:08225:1357:0:RiW	49.608081	9.442093	bus	MATCHED	n6987201493	12.7	0.65	Höpfingen, Ziegelei	841,842,999	Höpfingen, Heidlein	Höpfingen, Heidlein	LINESTRING(9.442093 49.608081,9.4421868 49.608177600000005)
342	Hüffenhardt	Bahnhof	de:08225:9177:1:1	49.291053	9.086809	trainish	MATCHED	n7226251361	12.4	1.0	Hüffenhardt			Siegelsbach	LINESTRING(9.086809 49.291053,9.0868338 49.2909427)
343	Hüffenhardt	Bahnhof	de:08225:9177:30:GeoBu	49.291674	9.086405		NO_MATCH_AND_SEEMS_UNSERVED								POINT(9.086405 49.291674)
344	Hüffenhardt	Bahnhof	de:08225:9177:30:GeoS1	49.291246	9.086666		NO_MATCH_AND_SEEMS_UNSERVED								POINT(9.086666 49.291246)
345	Hüffenhardt	Evang. Kirche	de:08225:9178:0:RiW	49.290566	9.080054	bus	MATCHED	n1574600200	21.2	1.0	Hüffenhardt, Evangelische Kirche	745,795,828,8938	Hüffenhardt, Gewerbegebiet / Kälbertshausen, Rathaus / Hüffenhardt, Ortsmitte / Neckarmühlbach, Ort / Neckarmühlbach, Burg Guttenberg / Hüffenhardt, Ortsmitte / Wollenberg Ort / Untergimpern, Bahnhof / Hüffenhardt, Hüttigsmühle	Hüffenhardt, Gewerbegebiet / Neckarmühlbach, Ort / Hüffenhardt, Hüttigsmühle	LINESTRING(9.080054 49.290566,9.080292400000001 49.2904569)
346	Hüffenhardt	Gewerbegebiet	de:08225:4967:0:RiN	49.288721	9.084034	bus	MATCHED	n1574600236	8.9	1.0	Hüffenhardt, Gewerbegebiet	795	Hüffenhardt, Evang. Kirche	Hüffenhardt, Evangelische Kirche / Siegelsbach Mitte	LINESTRING(9.084034 49.288721,9.0841318 49.2886736)
347	Hüffenhardt	Gewerbegebiet	de:08225:4967:0:RiS	49.288598	9.084016	bus	MATCHED	n1574600203	3.7	1.0	Hüffenhardt, Gewerbegebiet	795	Siegelsbach, Mitte / Siegelsbach, Siedlung / Hüffenhardt, Evang. Kirche	Siegelsbach Mitte	LINESTRING(9.084016 49.288598,9.0839687 49.288609900000004)
348	Hüffenhardt	Hüttigsmühle	de:08225:4960:0:RiO	49.287045	9.053859	bus	MATCHED	n1578472057	28.6	1.0	Hüffenhardt, Hüttigsmühle	795	Hüffenhardt, Evang. Kirche	Hüffenhardt, Evangelische Kirche / Wollenberg, Weinberg	LINESTRING(9.053859 49.287045,9.053470200000001 49.2870841)
349	Hüffenhardt	Hüttigsmühle	de:08225:4960:0:RiW	49.287133	9.053419	bus	MATCHED	n1578472053	36.2	1.0	Hüffenhardt, Hüttigsmühle	795	Wollenberg Weinberg	Wollenberg, Weinberg	LINESTRING(9.053419 49.287133,9.0539155 49.2871077)
350	Hüffenhardt	Ortsmitte	de:08225:2786:0:RiO	49.291433	9.084806	bus	MATCHED	n7212441421	18.6	1.0	Hüffenhardt, Ortsmitte	828	Haßmersheim, Friedhof		LINESTRING(9.084806 49.291433,9.084561500000001 49.291383800000006)
351	Hüffenhardt	Ortsmitte	de:08225:2786:0:RiS	49.291937	9.084645	bus	MATCHED	n1629875223	2.0	1.0	Hüffenhardt, Ortsmitte	822,828	Haßmersheim, Hauptschule / Haßmersheim, Ort / Neckarmühlbach, Ort / Hüffenhardt, Evang. Kirche / Kälbertshausen, Rose / Haßmersheim, Friedhof	Hüffenhardt, Evangelische Kirche	LINESTRING(9.084645 49.291937,9.084617 49.291938)
352	Hüffenhardt	Ortsmitte	de:08225:2786:0:RiW	49.29158	9.085354	bus	MATCHED	n1574600255	2.3	1.0	Hüffenhardt, Ortsmitte	828,8938	Kälbertshausen, Rose / Hüffenhardt, Evang. Kirche / Kälbertshausen, Rathaus		LINESTRING(9.085354 49.29158,9.085357700000001 49.291600100000004)
353	Hüngheim	Ort	de:08225:206:0:RiN	49.412003	9.51765	bus	MATCHED	n2457025076	6.0	0.66	Hüngheim Ort	844,8931	Oberwittstadt, Ort / Bronnacker, Ort / Merchingen, Ort	Oberwittstadt Ort	LINESTRING(9.51765 49.412003,9.5176751 49.4119517)
354	Hüngheim	Ort	de:08225:206:0:RiS	49.411974	9.517462	bus	MATCHED	n2457025077	13.6	0.63	Hüngheim Ort	844,8931	Merchingen, Ort	Alte Schule	LINESTRING(9.517462 49.411974,9.517590400000001 49.4120628)
355	Kaltenbrunn	Ort	de:08225:860:0:RiO	49.647475	9.358128	bus	MATCHED	n9279883692	5.1	0.69	Kaltenbrunn Ort	849,8951	Reinhardsachsen, Ort / Reinhardsachsen, Madonnen. / Wettersdorf, Ort	Wettersdorf Ort / Reinhardsachsen, Ort	LINESTRING(9.358128 49.647475,9.358126700000001 49.647429)
356	Katzental	Ort	de:08225:1391:0:RiN	49.373688	9.266302	bus	MATCHED	n6854843740	10.2	1.0	Katzental, Ort	835,8937	Unterschefflenz, Ort	Unterschefflenz, Ort	LINESTRING(9.266302 49.373688,9.2664387 49.3737099)
357	Katzental	Ort	de:08225:1391:0:RiS	49.373589	9.266221	bus	MATCHED	n6854843747	6.4	1.0	Katzental, Ort	835,8937	Billigheim, Quellberg / Waldmühlbach, Rathaus / Waldmühlbach, Schule / Billigheim, Schule	Billigheim, Quellberg / Waldmühlbach, Rathaus	LINESTRING(9.266221 49.373589,9.2661584 49.3735483)
358	Kleineicholzheim	Ort	de:08225:1398:0:RiN	49.427839	9.288589	bus	MATCHED	n7116151041	5.4	1.0	Kleineicholzheim	835,842,8941	Großeicholzheim, ev. Kirche / Großeicholzheim,Milchhaus a.W. / Großeicholzheim,Milchhaus a.W.	Großeicholzheim, Milchhaus am Wasserschloß	LINESTRING(9.288589 49.427839,9.2886454 49.4278701)
359	Kleineicholzheim	Ort	de:08225:1398:0:RiS	49.427296	9.288364	bus	MATCHED	n13123008661	9.2	0.57	Kleineicholzheim Ort	835	Oberschefflenz, Kirche / Oberschefflenz, Kirche		LINESTRING(9.288364 49.427296,9.288248900000001 49.4272603)
360	Krumbach/Li	Bahnhof	de:08225:1430	49.452396	9.181779		NO_MATCH_AND_SEEMS_UNSERVED								POINT(9.181779 49.452396)
361	Krumbach/Li	Campingplatz	de:08225:6264:0:RiN	49.458971	9.177018	bus	MATCHED	n7195982544	111.0	1.0	Krumbach, Campingplatz	832,840	Balsbach, Campingstraße / Balsbach, Engel / Balsbach, Kloster / Wagenschwend, Balsbacherstraße / Wagenschwend, Grüner Baum / Balsbach, Engel	Wagenschwend, Grüner Baum	LINESTRING(9.177018 49.458971,9.177906400000001 49.4581578)
362	Krumbach/Li	Campingplatz	de:08225:6264:0:RiS	49.458089	9.177791	bus	MATCHED	n7195982543	109.3	1.0	Krumbach, Campingplatz	832,840,8935	Krumbach/Li, Engel / Krumbach/Li, Kirche / Krumbach/Li, Kirche / Wagenschwend, Linde		LINESTRING(9.177791 49.458089,9.176992400000001 49.4589232)
363	Krumbach/Li	Engel	de:08225:1741:0:RiS	49.454889	9.181438	bus	MATCHED	n7195982525	8.7	1.0	Krumbach, Engel	840,8935	Krumbach/Li, Campingplatz / Krumbach/Li, Campingplatz / Krumbach/Li, Kirche		LINESTRING(9.181438 49.454889,9.1815569 49.454899600000005)
364	Krumbach/Li	Kirche	de:08225:1431:0:RiO	49.454095	9.184268	bus	MATCHED	n7195982515	35.0	1.0	Krumbach, Kirche	832,840	Limbach, Hirschberg	Limbach, Hirschberg	LINESTRING(9.184268 49.454095,9.1838086 49.453999100000004)
365	Krumbach/Li	Kirche	de:08225:1431:0:RiW	49.454054	9.183756	bus	MATCHED	n3168128105	31.9	1.0	Krumbach, Kirche	832,840,8935	Limbach, Hirschberg / Limbach, Kirche / Krumbach/Li, Engel / Krumbach/Li, Campingplatz / Balsbach, Engel / Muckental, Kindergarten / Krumbach/Li, Sportplatz	Krumbach, Campingplatz	LINESTRING(9.183756 49.454054,9.184157800000001 49.4541708)
366	Krumbach/Li	Sportplatz	de:08225:6265:0:RiO	49.452197	9.183549	bus	MATCHED	n3168128106	6.7	1.0	Krumbach, Sportplatz	832,840	Krumbach/Li, Campingplatz / Krumbach/Li, Kirche	Krumbach, Kirche	LINESTRING(9.183549 49.452197,9.183544600000001 49.452137)
367	Krumbach/Li	Sportplatz	de:08225:6265:0:RiW	49.45222	9.183208	bus	MATCHED	n3168128107	7.5	1.0	Krumbach, Sportplatz	832	Robern, Sägewerk		LINESTRING(9.183208 49.45222,9.1831782 49.4522843)
368	Kälbertshausen	Rathaus	de:08225:2785:0:RiN	49.316966	9.063211	bus	MATCHED	n3561173839	11.3	1.0	Kälbertshausen, Rathaus	745,822,828,8938	Hüffenhardt, Ortsmitte / Hüffenhardt, Ortsmitte / Kälbertshausen, Rose / Hüffenhardt, Evang. Kirche / Wollenberg Ort / Hüffenhardt, Ortsmitte	Kälbertshausen, Rose / Hüffenhardt, Evangelische Kirche	LINESTRING(9.063211 49.316966,9.0631362 49.316877100000006)
369	Kälbertshausen	Rose	de:08225:44:0:RiO	49.318576	9.066202	bus	MATCHED	n1642284354	4.5	1.0	Kälbertshausen, Rose	828,8938	Hüffenhardt, Ortsmitte / Obrigheim, Ortsein-/ausgang / Obrigheim, Kirstetter Straße / Kälbertshausen, Rathaus / Obrigheim, Weißer Stein / Obrigheim, Realschule	Hüffenhardt, Ortsmitte	LINESTRING(9.066202 49.318576,9.066204800000001 49.3185354)
370	Langenelz	Ofenloch	de:08225:2740:0:RiN	49.513103	9.216733	bus	MATCHED	n8078724299	6.4	0.76	Langenelz, Ofenloch	821,8935	Langenelz, Ort	Langenelz, Ort	LINESTRING(9.216733 49.513103,9.2166771 49.5131476)
371	Langenelz	Ofenloch	de:08225:2740:0:RiS	49.512998	9.21685	bus	MATCHED	n8078724298	10.6	0.54	Langenelz, Ofenloch	821,8935,8943	Mudau, Bahnhof / Buchen, Stadion / Buchen, Schulzentrum / Langenelz, Ort / Oberneudorf, Ort / Heidersbach, Ort	Oberneudorf, Ort	LINESTRING(9.21685 49.512998,9.216713500000001 49.512964700000005)
372	Langenelz	Ort	de:08225:2748:0:RiN	49.515465	9.203797		NO_MATCH_AND_SEEMS_UNSERVED								POINT(9.203797 49.515465)
373	Langenelz	Ort	de:08225:2748:0:RiO	49.515873	9.20757	bus	MATCHED	n2440674416	6.3	1.0	Langenelz, Ort	821,8935	Langenelz, Ofenloch	Langenelz, Ofenloch	LINESTRING(9.20757 49.515873,9.207579500000001 49.515816900000004)
374	Langenelz	Ort	de:08225:2748:0:RiS	49.515617	9.20368		NO_MATCH_AND_SEEMS_UNSERVED								POINT(9.20368 49.515617)
375	Langenelz	Ort	de:08225:2748:0:RiW	49.515827	9.208127	bus	MATCHED	n2440674417	3.0	1.0	Langenelz, Ort	821,8935,8943	Mudau, Rathaus / Mudau, Bahnhof / Langenelz, Wanderbahn / Langenelz, Ofenloch / Mudau, Schule	Mudau, Bahnhof	LINESTRING(9.208127 49.515827,9.2081678 49.5158314)
376	Langenelz	Wanderbahn	de:08225:48001:0:1	49.515652	9.203806	bus	MATCHED	n7235898721	11.1	0.67	Langenelz, Wanderbahn	821,832,840,8935,8943	Mudau, Bahnhof / Langenelz, Ort / Waldauerbach, Ort / Mudau, Schule	Mudau, Bahnhof	LINESTRING(9.203806 49.515652,9.2038138 49.5157517)
377	Langenelz	Wanderbahn	de:08225:48001:0:2	49.515652	9.203662	bus	MATCHED	n7235898719	7.8	0.73	Langenelz, Wanderbahn	821,832,8935	Langenelz, Ort / Laudenberg, Paradiesweg	Laudenberg, Paradiesweg	LINESTRING(9.203662 49.515652,9.2036472 49.5155827)
378	Laudenberg	Paradiesweg	de:08225:10:0:RiN	49.484334	9.215592	bus	MATCHED	n8144986661	18.0	0.58	Laudenberg, Paradiesweg	832,840,8935	Langenelz, Wanderbahn / Laudenberg, Schule	Langenelz, Wanderbahn	LINESTRING(9.215592 49.484334,9.2155546 49.484493900000004)
379	Laudenberg	Paradiesweg	de:08225:10:0:RiS	49.484527	9.215439	bus	MATCHED	n7673313980	6.6	0.76	Laudenberg, Paradiesweg	832,8935	Laudenberg, Wilder Mann / Laudenberg, Wilder Mann / Laudenberg, Wilder Mann	Laudenberg, Wilder Mann	LINESTRING(9.215439 49.484527,9.2154422 49.4845866)
380	Laudenberg	Schule	de:08225:1742:0:1	49.481364	9.216751	bus	NO_MATCH					840,8935	Limbach, Laudenbergerstraße / Oberscheringen, Ort / Balsbach, Engel / Laudenberg, Paradiesweg / Limbach, Schule		POINT(9.216751 49.481364)
381	Laudenberg	Wilder Mann	de:08225:1367:0:RiN	49.481621	9.215286	bus	MATCHED_THOUGH_OSM_NO_NAME	n3814472062	6.6	0.41		832,840	Laudenberg, Paradiesweg	Laudenberg, Paradiesweg	LINESTRING(9.215286 49.481621,9.2153633 49.4816524)
382	Laudenberg	Wilder Mann	de:08225:1367:0:RiS	49.480156	9.214271	bus	MATCHED	n2405768241	5.8	1.0	Laudenberg, Wilder Mann	832,841,8944	Laudenberg, Paradiesweg / Limbach, Schule / Limbach, Kirche / Oberscheringen, Ort / Limbach, Laudenbergerstraße	Limbach, Laudenbergerstraße	LINESTRING(9.214271 49.480156,9.214219400000001 49.4801165)
383	Laudenberg	Wilder Mann	de:08225:1367:0:RiS2	49.480664	9.214523	bus	MATCHED	n10943452787	5.3	0.68	Laudenberg, Wilder Mann	832	Oberscheringen, Ort / Oberscheringen, Dorfstr.		LINESTRING(9.214523 49.480664,9.214538600000001 49.480710200000004)
384	Laudenberg	Wilder Mann	de:08225:1367:0:RiW	49.480389	9.213876	bus	NO_MATCH_BUT_OTHER_PLATFORM_MATCHED					832,8935	Balsbach, Engel / Laudenberg, Paradiesweg / Balsbach, Kloster		POINT(9.213876 49.480389)
385	Lauerskreuz	Ort	de:08225:5994:0:1	49.41548	9.07355	bus	NO_MATCH					836,8936	Neckargerach, Bahnhof / Reichenbuch, Schulstraße		POINT(9.07355 49.41548)
386	Leibenstadt	Ort	de:08225:1040:0:RiN	49.3696	9.42012	bus	MATCHED	n10268424458	4.4	0.7	Leibenstadt	857,8931	Sennfeld, Korber Buckel / Adelsheim, Untere Austraße / Adelsheim, Jakobskirche / Korb / Hergenstadt, Ort	Korb	LINESTRING(9.42012 49.3696,9.420121100000001 49.3696398)
387	Leibenstadt	Ort	de:08225:1040:0:RiS	49.369582	9.419995	bus	MATCHED	n10268424459	5.0	0.69	Leibenstadt	857,8931	Volkshausen Abzweig / Hergenstadt, Ort	Abzweig Volkshausen	LINESTRING(9.419995 49.369582,9.419959500000001 49.3696208)
388	Limbach	Hirschberg	de:08225:1434:0:RiO	49.46102	9.205764	bus	MATCHED	n1274689342	4.2	1.0	Limbach, Hirschberg	832,840,8935	Limbach, Kirche / Scheringen, Feuerwehr / Limbach, Schule / Laudenberg, Schule	Limbach, Kirche	LINESTRING(9.205764 49.46102,9.205724 49.4609929)
389	Limbach	Hirschberg	de:08225:1434:0:RiW	49.461096	9.205405	bus	MATCHED	n1267894275	10.6	1.0	Limbach, Hirschberg	832,840	Krumbach/Li, Kirche	Krumbach, Kirche	LINESTRING(9.205405 49.461096,9.205532700000001 49.461142300000006)
390	Limbach	Kirche	de:08225:1429:0:RiO	49.461119	9.211397	bus	MATCHED	n7196103819	4.9	0.8	Limbach, Kirche	832,8935,8944	Limbach, Laudenbergerstraße / Limbach, Schule / Scheringen, Feuerwehr	Limbach, Laudenbergerstraße	LINESTRING(9.211397 49.461119,9.2114619 49.4611066)
391	Limbach	Kirche	de:08225:1429:0:RiW	49.461184	9.211199	bus	MATCHED	n7196103824	2.9	0.86	Limbach, Kirche	832,8935	Trienz, Linde / Limbach, Hirschberg / Limbach, Hirschberg	Limbach, Hirschberg	LINESTRING(9.211199 49.461184,9.2112171 49.4612069)
392	Limbach	Laudenbergerstraße	de:08225:2664:0:RiN	49.464815	9.213813	bus	MATCHED	n3168128108	5.6	1.0	Limbach, Laudenbergerstraße	832,840,8935	Laudenberg, Schule / Laudenberg, Wilder Mann / Laudenberg, Wilder Mann / Laudenberg, Wilder Mann		LINESTRING(9.213813 49.464815,9.2138577 49.4648556)
393	Limbach	Laudenbergerstraße	de:08225:2664:0:RiS	49.464868	9.213777	bus	MATCHED	n7196103808	24.0	1.0	Limbach, Laudenbergerstraße	832,840,841,8935	Limbach, Kirche / Limbach, Schule	Limbach, Kirche / Limbach, Schule	LINESTRING(9.213777 49.464868,9.213692700000001 49.4646594)
394	Limbach	Schule	de:08225:2665:0:1	49.459963	9.211325	bus	MATCHED	n1301167389	7.6	1.0	Limbach, Schule	832,840,841,8944	Muckental, Kindergarten / Buchen, Stadion / Scheringen, Feuerwehr / Scheringen, Feuerwehr / Waldhausen (Odenw) / Muckental, Lamm / Limbach, Hirschberg / Scheringen, L 584 / Laudenberg, Schule / Muckental, Lamm / Limbach, Kirche / Krumbach/Li, Kirche / Limbach, Laudenbergerstraße	Scheringen Ort	LINESTRING(9.211325 49.459963,9.2112266 49.4599387)
395	Lohrbach	Dorfwiesen	de:08225:1679:0:1	49.398658	9.143322	bus	MATCHED	n4296859756	23.9	1.0	Lohrbach, Dorfwiesen	832,837	Lohrbach, Mühle	Lohrbach, Mühle	LINESTRING(9.143322 49.398658,9.1430118 49.3987314)
396	Lohrbach	Flugplatz	de:08225:114:0:RiO	49.39988	9.121377	bus	MATCHED	n4722454067	6.5	1.0	Lohrbach, Flugplatz	834,8942	Lohrbach, Panoramaweg	Lohrbach, Panoramaweg	LINESTRING(9.121377 49.39988,9.121432800000001 49.399834600000005)
397	Lohrbach	Flugplatz	de:08225:114:0:RiW	49.399967	9.121287	bus	MATCHED	n4722454068	2.6	1.0	Lohrbach, Flugplatz	834,8942	Reichenbuch, Schulstraße	Reichenbuch, Schulstraße	LINESTRING(9.121287 49.399967,9.1212692 49.3999469)
398	Lohrbach	Mühle	de:08225:1408:0:RiN	49.392151	9.150087	bus	MATCHED	n7119530888	4.3	1.0	Lohrbach, Mühle	832,837	Lohrbach, Schule	Lohrbach, Dorfwiesen / Mosbach, Hasbachtal / Lohrbach, Schule	LINESTRING(9.150087 49.392151,9.1501462 49.3921458)
399	Lohrbach	Mühle	de:08225:1408:0:RiS	49.392326	9.150015	bus	MATCHED	n7119530890	2.6	1.0	Lohrbach, Mühle	832,834,837	Mosbach, Hasbachtal	Mosbach, Hasbachtal	LINESTRING(9.150015 49.392326,9.1499799 49.39233)
400	Lohrbach	Ortsmitte	de:08225:1410:0:RiO	49.400301	9.136837	bus	MATCHED	n4730778740	2.2	1.0	Lohrbach, Ortsmitte	834,837,8942	Lohrbach, Schule / Lohrbach, Schule	Lohrbach, Schule	LINESTRING(9.136837 49.400301,9.1368101 49.4003109)
401	Lohrbach	Ortsmitte	de:08225:1410:0:RiW	49.400377	9.136711	bus	MATCHED	n4730778741	16.8	1.0	Lohrbach, Ortsmitte	834,837,8942	Lohrbach, Panoramaweg	Lohrbach, Schule / Lohrbach, Panoramaweg	LINESTRING(9.136711 49.400377,9.1364835 49.4004039)
402	Lohrbach	Panoramaweg	de:08225:1411:0:RiO	49.403194	9.131105	bus	MATCHED	n4722453411	2.3	1.0	Lohrbach, Panoramaweg	834,837,8942	Lohrbach, Ortsmitte	Lohrbach, Ortsmitte	LINESTRING(9.131105 49.403194,9.1310771 49.403203000000005)
403	Lohrbach	Panoramaweg	de:08225:1411:0:RiW	49.403282	9.131114	bus	MATCHED	n4722453412	5.1	1.0	Lohrbach, Panoramaweg	834,837,8942	Lohrbach, Flugplatz / Mosbach, Michelherd	Lohrbach, Ortsmitte / Mosbach, Michelherd / Lohrbach, Flugplatz	LINESTRING(9.131114 49.403282,9.1310502 49.4033006)
404	Lohrbach	Schule	de:08225:1409:0:RiN	49.400458	9.144086	bus	MATCHED	n4730778519	5.2	1.0	Lohrbach, Schule	832,834,837,8942	Sattelbach, Hirsch / Lohrbach, Ortsmitte / Sattelbach, Lohrbacher Straße	Lohrbach, Ortsmitte / Sattelbach, Lohrbacher Straße	LINESTRING(9.144086 49.400458,9.1441382 49.4004253)
405	Lohrbach	Schule	de:08225:1409:0:RiS	49.400499	9.143861	bus	MATCHED	n4730778518	9.5	1.0	Lohrbach, Schule	832,834,837,8942	Lohrbach, Ortsmitte / Lohrbach, Mühle / Lohrbach, Dorfwiesen / Mosbach, Bahnhof Käfertörle	Lohrbach, Dorfwiesen / Lohrbach, Ortsmitte	LINESTRING(9.143861 49.400499,9.143756 49.4005506)
406	Masseldorn	Berg	de:08225:123:0:1	49.359485	9.120442	bus	MATCHED	n3060672654	3.2	1.0	Masseldorn, Berg	834,838,8942	Masseldorn, Syrmienstraße / Masseldorn, Böhmerwaldstraße	Masseldorn, Böhmerwaldstraße	LINESTRING(9.120442 49.359485,9.120413000000001 49.359462900000004)
407	Masseldorn	Böhmerwaldstraße	de:08225:6901:0:1	49.356723	9.122158	bus	MATCHED	n3060672653	6.1	1.0	Masseldorn, Böhmerwaldstraße	834,838,8942	Masseldorn, Berg / Masseldorn, Donauschwabenstr.	Masseldorn, Donauschwabenstraße	LINESTRING(9.122158 49.356723,9.1220766 49.356708000000005)
408	Masseldorn	Denkmal	de:08225:122:0:1	49.356934	9.127288	bus	MATCHED	n3060672659	6.9	1.0	Masseldorn, Denkmal	834,838,8942	Masseldorn, Syrmienstraße / Masseldorn, Sportplatz	Masseldorn, Syrmienstraße	LINESTRING(9.127288 49.356934,9.127199800000001 49.356957)
409	Masseldorn	Donauschwabenstr. 	de:08225:126:0:1	49.356319	9.125832	bus	MATCHED	n3060672649	6.7	1.0	Masseldorn, Donauschwabenstraße	834,838,8942	Masseldorn, Böhmerwaldstraße / Masseldorn, Mitte / Masseldorn, Tal	Masseldorn, Mitte	LINESTRING(9.125832 49.356319,9.1257406 49.3563084)
410	Masseldorn	Mitte	de:08225:254:0:1	49.354763	9.12833	bus	MATCHED	n3060672660	5.2	1.0	Masseldorn, Mitte	838,8942	Masseldorn, Tal / Masseldorn, Donauschwabenstr.	Masseldorn, Tal	LINESTRING(9.12833 49.354763,9.128261400000001 49.3547765)
411	Masseldorn	Müller-Gut. -Schule	de:08225:2791:0:1	49.358543	9.127288	bus	MATCHED	n3060109570	29.5	1.0	Masseldorn, Müller-Guttenbrunn-Schule	822,834,838	Mosbach, Gymnasium / Masseldorn, Sportplatz / Mosbach, Gymnasium / Reichenbuch, Kirchenstraße / Mosbach, Gymnasium / Nüstenbach, Wendeplatte		LINESTRING(9.127288 49.358543,9.126882 49.358534000000006)
412	Masseldorn	Sportplatz	de:08225:129:0:RiN	49.357267	9.127907	bus	MATCHED	n7003941879	9.5	1.0	Masseldorn, Sportplatz	834,8942	Masseldorn, Müller-Gut.-Schule / Nüstenbach, Wendeplatte	Nüstenbach, Wendeplatte	LINESTRING(9.127907 49.357267,9.1280146 49.35721890000001)
413	Masseldorn	Sportplatz	de:08225:129:0:RiS	49.357144	9.127898	bus	MATCHED	n3060672652	7.9	1.0	Masseldorn, Sportplatz	834,8942	Mosbach, Gymnasium / Mosbach, Katzenhorn / Masseldorn, Denkmal		LINESTRING(9.127898 49.357144,9.127789100000001 49.357149500000006)
414	Masseldorn	Syrmienstraße	de:08225:6900:0:1	49.358156	9.122994	bus	MATCHED	n3060672651	8.5	1.0	Masseldorn, Syrmienstraße	834,838,8942	Masseldorn, Berg / Masseldorn, Denkmal	Masseldorn, Berg	LINESTRING(9.122994 49.358156,9.1231106 49.358146100000006)
415	Masseldorn	Tal	de:08225:127:0:1	49.352071	9.128572	bus	MATCHED	n3060672648	106.4	1.0	Masseldorn, Tal	834,838,8942	Mosbach, Henschelberg / Mosbach, Gymnasium / Masseldorn, Mitte / Mosbach, Gymnasium	Mosbach, Gymnasium	LINESTRING(9.128572 49.352071,9.1293509 49.35126)
416	Merchingen	Ort	de:08225:199:0:RiO	49.401131	9.506062	bus	MATCHED	n9804893289	5.8	0.67	Merchingen Ort	844,8931	Hüngheim, Ort / Ballenberg, Ort / Erlenbach/Ra, Ort		LINESTRING(9.506062 49.401131,9.505986700000001 49.401147800000004)
417	Merchingen	Ort	de:08225:199:0:RiW	49.401066	9.506044	bus	MATCHED	n9804893288	7.3	0.62	Merchingen Ort	844,8931	Osterburken, Adventon / Osterburken, RIO Süd / Osterburken, Hauptschule / Osterburken, Alte Römerstraße / Hüngheim, Ort / Osterburken, R I O		LINESTRING(9.506044 49.401066,9.5061304 49.4010326)
418	Mettelheim	Ort	de:08225:6024:0:1	49.500054	9.485715	bus	NO_MATCH					844	Sindolsheim, Milchhaus		POINT(9.485715 49.500054)
419	Michelbach	Adler	de:08225:4828:0:RiN	49.375156	8.962015	bus	MATCHED	n916454172	10.4	1.0	Michelbach, Adler	745,822,824,8952	Michelbach, Bollenberg / Michelbach, Sonnenhalde	Michelbach, Sonnenhalde	LINESTRING(8.962015 49.375156,8.9620045 49.3752489)
420	Michelbach	Adler	de:08225:4828:0:RiS	49.375127	8.961944	bus	MATCHED	n7210799855	13.3	1.0	Michelbach, Adler	822,824,8952	Reichartshausen, Am Geißbuckel / Aglasterhausen, Bott / Aglasterhausen, Helmstadter S.	Aglasterhausen, Helmstadter Straße	LINESTRING(8.961944 49.375127,8.9619698 49.375008300000005)
421	Michelbach	Bollenberg	de:08225:6972:0:1	49.376987	8.961737	bus	MATCHED	n6314077181	7.5	1.0	Michelbach, Bollenberg	824,8952	Michelbach, Sonnenhalde / Unterschwarzach, Marktplatz / Unterschwarzach, Wildpark / Michelbach, Seniorenheim		LINESTRING(8.961737 49.376987,8.961735000000001 49.376919300000004)
422	Michelbach	Seniorenheim	de:08225:6948:0:1	49.380496	8.961468	bus	MATCHED	n5069960579	9.4	1.0	Michelbach, Seniorenheim	824,8952	Michelbach, Adler / Michelbach, Bollenberg		LINESTRING(8.961468 49.380496,8.9613549 49.380454900000004)
423	Michelbach	Sonnenhalde	de:08225:4841:0:RiO	49.376034	8.964127	bus	MATCHED	n6314077656	7.1	1.0	Michelbach, Sonnenhalde	745,822,824,8952	Unterschwarzach, Marktplatz / Unterschwarzach, Marktplatz	Unterschwarzach, Marktplatz	LINESTRING(8.964127 49.376034,8.964127300000001 49.3759699)
424	Michelbach	Sonnenhalde	de:08225:4841:0:RiW	49.376145	8.964028	bus	MATCHED	n7210799850	59.9	1.0	Michelbach, Sonnenhalde	822,824,8952	Michelbach, Seniorenheim / Michelbach, Adler / Michelbach, Bollenberg	Michelbach, Adler	LINESTRING(8.964028 49.376145,8.964738500000001 49.3758702)
425	Mittelschefflenz	Alte Schule	de:08225:1394:0:RiO	49.399944	9.276453	bus	MATCHED	n6854970286	19.3	1.0	Mittelschefflenz, Alte Schule	835,8937	Mittelschefflenz, Ort	Mittelschefflenz, Ort	LINESTRING(9.276453 49.399944,9.2762556 49.3998271)
426	Mittelschefflenz	Alte Schule	de:08225:1394:0:RiW	49.399967	9.276417	bus	MATCHED	n8130339006	10.2	0.69	Mittelschefflenz, Alte Schule	835,8937	Unterscheffl., Schule Wendepl. / Unterschefflenz, Schule	Unterschefflenz, Schule	LINESTRING(9.276417 49.399967,9.2762765 49.399972500000004)
427	Mittelschefflenz	Ort	de:08225:1395:0:RiN	49.401785	9.278726	bus	MATCHED	n6854843780	9.8	1.0	Mittelschefflenz, Ort	835,842,8937	Oberschefflenz, Talstraße / Mittelschefflenz, Pappelweg	Mittelschefflenz Peppelweg	LINESTRING(9.278726 49.401785,9.2787702 49.401868500000006)
428	Mittelschefflenz	Ort	de:08225:1395:0:RiS	49.401785	9.278672	bus	MATCHED	n6854970300	10.6	1.0	Mittelschefflenz, Ort	835,8937	Mittelschefflenz, Alte Schule	Mittelschefflenz, Alte Schule	LINESTRING(9.278672 49.401785,9.2786877 49.40169)
429	Mittelschefflenz	Pappelweg	de:08225:6990:0:RiN	49.403907	9.276749	bus	MATCHED	n6854843777	6.6	1.0	Mittelschefflenz Peppelweg	835,842,8937	Oberschefflenz, Talstraße	Oberschefflenz, Talstraße	LINESTRING(9.276749 49.403907,9.2766847 49.4039495)
430	Mittelschefflenz	Pappelweg	de:08225:6990:0:RiS	49.40396	9.276498	bus	MATCHED	n8130339007	11.4	0.67	Mittelschefflenz Pappelweg	835,8937	Mittelschefflenz, Ort	Mittelschefflenz, Ort	LINESTRING(9.276498 49.40396,9.276616800000001 49.403892600000006)
431	Mosbach	Alte Bergsteige	de:08225:6040:0:RiO	49.349672	9.164253	bus	MATCHED	n6953260123	11.7	1.0	Mosbach, Alte Bergsteige	835	MOS Bergfeld, Höhenweg	Bergfeld, Höhenweg	LINESTRING(9.164253 49.349672,9.1644068 49.349639700000004)
432	Mosbach	Alte Bergsteige	de:08225:6040:0:RiW	49.349806	9.163966	bus	MATCHED	n6953260125	6.2	1.0	Mosbach, Alte Bergsteige	835	Mosbach, Schorre	Mosbach, Schorre	LINESTRING(9.163966 49.349806,9.164042 49.3497812)
433	Mosbach	Alte Mälzerei	de:08225:6113:0:RiO	49.352563	9.149188	bus	MATCHED	n305462613	2.0	1.0	Mosbach, Alte Mälzerei	830,8937,8938,8942	Mosbach, Bahnhof Bleichstraße / Mosbach, Bahnhof Käfertörle / Mosbach, Alter Steinbruch / Mosbach, Bahnhof Käfertörle / Mosbach, Krankenhaus / Mosbach, Sulzbacher Straße	Mosbach, Alter Steinbruch	LINESTRING(9.149188 49.352563,9.1492112 49.3525732)
434	Mosbach	Alter Steinbruch	de:08225:6293:0:RiN	49.352604	9.153114	bus	MATCHED	n6934058859	6.2	1.0	Mosbach, Alter Steinbruch	830	Mosbach, Wilhelm-Schwarz-Str.	Mosbach, Wilhelm-Schwarz-Straße	LINESTRING(9.153114 49.352604,9.1530758 49.3525537)
435	Mosbach	Am Wäldchen	de:08225:5612:0:RiO	49.348226	9.143772		MATCHED	n7003941859	17.7	1.0	Mosbach, Am Wäldchen				LINESTRING(9.143772 49.348226,9.1439664 49.3483226)
436	Mosbach	Am Wäldchen	de:08225:5612:0:RiW	49.348384	9.143906	bus	MATCHED	n7003941856	6.1	1.0	Mosbach, Am Wäldchen	831	Mosbach, Hardbergschule	Mosbach, Hardbergschule	LINESTRING(9.143906 49.348384,9.1438316 49.3483585)
437	Mosbach	Arbeitsamt	de:08225:6107	49.351117	9.136729		NO_MATCH_AND_SEEMS_UNSERVED								POINT(9.136729 49.351117)
438	Mosbach	Bahnhof	de:08225:8209:1:1	49.35251	9.143655	train	MATCHED	n3211906457	21.3	1.0	Mosbach (Baden)	S1,S2	Neckarburken, Bahnhof	Neckarburken	LINESTRING(9.143655 49.35251,9.143613 49.352320000000006)
439	Mosbach	Bahnhof	de:08225:8209:3:2	49.352094	9.143448	train	MATCHED	n1588245026	25.2	1.0	Mosbach (Baden)	RE2,S1,S2,S3,S4,S41	Mosbach, Westbahnhof	Mosbach West	LINESTRING(9.143448 49.352094,9.1435454 49.3523112)
440	Mosbach	Bahnhof Bleichstraße	de:08225:6106:0:RiN	49.351767	9.143125	bus	MATCHED	w1319595030	0.3	1.0	Bahnhof Bleichstraße	822,828,832,834,835,836,837,838,841,8938,8942	Mosbach, Polizei / Mosbach, Busbahnhof / Mosbach, Alte Mälzerei / Waldstadt, Tarunstraße / Mosbach, Busbahnhof / Mosbach, Krankenhaus / Mosbach, Busbahnhof / Mosbach, Busbahnhof / Mosbach, Sulzbacher Straße / Mosbach, Technisches Rathaus	Mosbach, Krankenhaus / Mosbach, Busbahnhof	LINESTRING(9.143125 49.351767,9.143125736880835 49.35176430813809)
441	Mosbach	Bahnhof Bleichstraße	de:08225:6106:0:RiS	49.352018	9.143116	bus	MATCHED	w1319595032	7.0	1.0	Bahnhof Bleichstraße	822,828,832,833,834,835,836,838,841,8938,8942	Mosbach, Gymnasium / Mosbach, Busbahnhof / Mosbach, Telekom / Mosbach, Westbahnhof	Mosbach, Busbahnhof / Mosbach, Telekom	LINESTRING(9.143116 49.352018,9.1431436 49.35207865)
442	Mosbach	Bahnhof Gartenweg	de:08225:6308:0:RiN	49.35258	9.144472	bus	MATCHED	n6929538443	2.8	1.0	Mosbach, Bahnhof Gartenweg	830,831	Mosbach, Busbahnhof / Mosbach, Obertorzentrum	Mosbach, Obertorzentrum	LINESTRING(9.144472 49.35258,9.1444667 49.352605000000004)
443	Mosbach	Bahnhof Gartenweg	de:08225:6308:0:RiS	49.352615	9.144293	bus	MATCHED	n6929538442	8.1	1.0	Mosbach, Bahnhof Gartenweg	830	Mosbach, Busbahnhof	Mosbach, Busbahnhof	LINESTRING(9.144293 49.352615,9.144403200000001 49.3526272)
444	Mosbach	Bahnhof Käfertörle	de:08225:6105:0:RiN	49.352352	9.143951	bus	MATCHED	w1319596265	9.8	1.0	Mosbach, Bahnhof Käfertörle	822,828,832,833,834,835,837,841,8937,8938,8941	Mosbach, Johannes-Diakonie / Mosbach, Krankenhaus / Mosbach, Polizei / Neckarburken, Ort / Mosbach, Sulzbacher Straße / Mosbach, Alte Mälzerei / Mosbach, Technisches Rathaus	Mosbach Polizei / Mosbach Sulzbacher Straße	LINESTRING(9.143951 49.352352,9.144014500000003 49.3522746)
445	Mosbach	Bahnhof Käfertörle	de:08225:6105:0:RiS	49.352691	9.143861	bus	MATCHED	w739723729	8.6	1.0	Mosbach, Bahnhof Käfertörle	822,828,832,833,834,835,837,841,8938	Mosbach, Busbahnhof / Mosbach, Busbahnhof / Mosbach, Busbahnhof	Mosbach, Busbahnhof	LINESTRING(9.143861 49.352691,9.143852517125039 49.35276850458397)
446	Mosbach	Bergfeld, Braukmann	de:08225:1372:0:RiO	49.346283	9.165205	bus	NO_MATCH					835	MOS Bergfeld, Kirche / MOS Bergfeld, Siedlung		POINT(9.165205 49.346283)
447	Mosbach	Bergfeld, Braukmann	de:08225:1372:0:RiW	49.346371	9.165421	bus	NO_MATCH					835	Mosbach, Polizei		POINT(9.165421 49.346371)
448	Mosbach	Bergfeld, Hardhof	de:08225:1375:0:RiO	49.343819	9.151874	bus	MATCHED	n7018887936	30.7	1.0	Bergfeld, Hardhof	835	MOS Bergfeld, Kirche	Bergfeld, Kirche	LINESTRING(9.151874 49.343819,9.152276500000001 49.343903000000005)
449	Mosbach	Bergfeld, Hardhof	de:08225:1375:0:RiW	49.343977	9.152135	bus	MATCHED	n7018887929	11.1	1.0	Bergfeld, Hardhof	835	Neckarelz, Kaserne	Neckarelz, Kaserne	LINESTRING(9.152135 49.343977,9.152073300000001 49.343885500000006)
450	Mosbach	Bergfeld, Höhenweg	de:08225:4749:0:RiO	49.348876	9.169167	bus	MATCHED	n6926239094	0.9	1.0	Bergfeld, Höhenweg	835	MOS Bergfeld, Kirche	Bergfeld, Kirche	LINESTRING(9.169167 49.348876,9.1691604 49.348882700000004)
451	Mosbach	Bergfeld, Höhenweg	de:08225:4749:0:RiW	49.349081	9.16879	bus	MATCHED	n305474584	20.6	1.0	Bergfeld, Höhenweg	835	Mosbach, Alte Bergsteige	Mosbach, Alte Bergsteige	LINESTRING(9.16879 49.349081,9.169068300000001 49.3490468)
452	Mosbach	Bergfeld, Kirche	de:08225:1371:0:RiN	49.347951	9.171116	bus	MATCHED	n305474579	5.0	1.0	Bergfeld, Kirche	835,8937	Mosbach, Krankenhaus / MOS Bergfeld, Höhenweg / Mosbach, Polizei	Bergfeld, Höhenweg	LINESTRING(9.171116 49.347951,9.171182 49.3479648)
453	Mosbach	Bergfeld, Kirche	de:08225:1371:0:RiS	49.347676	9.171512	bus	MATCHED	n6985461601	4.6	1.0	Bergfeld, Kirche	835,8937	MOS Bergfeld, Hardhof / MOS Bergfeld, Siedlung / MOS Bergfeld, Braukmann	Bergfeld, Siedlung / Bergfeld, Hardhof	LINESTRING(9.171512 49.347676,9.171456300000001 49.347696600000006)
454	Mosbach	Bergfeld, Siedlung	de:08225:1373:0:RiO	49.347027	9.179471	bus	MATCHED	n6953267356	5.5	1.0	Bergfeld, Siedlung	835,8937	Sulzbach, Aussiedlerhof / MOS Bergfeld, Kirche / Sulzbach, Hirsch	Sulzbach, Aussiedlerhof	LINESTRING(9.179471 49.347027,9.179395000000001 49.3470243)
455	Mosbach	Bergfeld, Siedlung	de:08225:1373:0:RiW	49.346816	9.180342	bus	MATCHED	n6953267362	3.3	1.0	Bergfeld, Siedlung	835	MOS Bergfeld, Kirche / Mosbach, Polizei / MOS Bergfeld, Braukmann / MOS Bergfeld, Braukmann / Mosbach, Krankenhaus	Bergfeld, Kirche	LINESTRING(9.180342 49.346816,9.1803103 49.3468369)
456	Mosbach	Bergfeld, Wasserwerk	de:08225:1374	49.34506	9.159816		NO_MATCH_AND_SEEMS_UNSERVED								POINT(9.159816 49.34506)
457	Mosbach	Busbahnhof	de:08225:6111:0:RiN3	49.349596	9.140053	bus	MATCHED_AMBIGUOUSLY	n6984467102	32.3	1.0	Mosbach, Busbahnhof	8938	Mosbach, Bahnhof Käfertörle		LINESTRING(9.140053 49.349596,9.139721100000001 49.349402500000004)
458	Mosbach	Busbahnhof	de:08225:6111:0:RiN3	49.349596	9.140053	bus	MATCHED_AMBIGUOUSLY	n7003941848	15.9	1.0	Mosbach, Busbahnhof	8938	Mosbach, Bahnhof Käfertörle	Mosbach, Bahnhof Käfertörle	LINESTRING(9.140053 49.349596,9.1402368 49.3496736)
459	Mosbach	Busbahnhof	de:08225:6111:0:RiN4	49.349742	9.140358	bus	MATCHED_AMBIGUOUSLY	n6959523694	4.1	1.0	Mosbach, Busbahnhof	832,834,835,837	Mosbach, Moschee / Mosbach, Bahnhof Käfertörle / Mosbach, Bahnhof Bleichstraße / Mosbach, Gymnasium	Mosbach, Bahnhof Käfertörle / Bahnhof Bleichstraße / Neckarelz Bahnhof / Mosbach, Bahnhof Gartenweg	LINESTRING(9.140358 49.349742,9.1404137 49.3497478)
460	Mosbach	Busbahnhof	de:08225:6111:0:RiN4	49.349742	9.140358	bus	MATCHED_AMBIGUOUSLY	n6984467103	40.6	1.0	Mosbach, Busbahnhof	832,834,835,837	Mosbach, Moschee / Mosbach, Bahnhof Käfertörle / Mosbach, Bahnhof Bleichstraße / Mosbach, Gymnasium		LINESTRING(9.140358 49.349742,9.1399377 49.3495008)
461	Mosbach	Busbahnhof	de:08225:6111:0:RiN5	49.349888	9.140663	bus	MATCHED	n7003941850	0.9	1.0	Mosbach, Busbahnhof	830,831,833,838,841	Mosbach, Bahnhof Bleichstraße / Mosbach, Bahnhof Gartenweg / Mosbach, Bahnhof Käfertörle	Mosbach, Bahnhof Käfertörle / Bahnhof Bleichstraße	LINESTRING(9.140663 49.349888,9.1406737 49.349884700000004)
462	Mosbach	Busbahnhof	de:08225:6111:0:RiN6	49.349391	9.139936	bus	NO_MATCH_BUT_OTHER_PLATFORM_MATCHED					899	Neckarelz, Bahnhof		POINT(9.139936 49.349391)
463	Mosbach	Busbahnhof	de:08225:6111:0:RiS	49.349432	9.140044	bus	MATCHED	n7003941852	10.2	1.0	Mosbach, Busbahnhof	822,828,830,831,832	Mosbach, Westbahnhof / Mosbach, Landratsamt / Neckarelz, Lindengasse / Mosbach, Gewerbeschule / Mosbach, Bahnhof Bleichstraße / Mosbach, Bahnhof Käfertörle	Mosbach, Gewerbeschule / Mosbach, Haltepunkt West / Mosbach, Bahnhof Käfertörle / Mosbach, Landratsamt	LINESTRING(9.140044 49.349432,9.1399187 49.349391100000005)
464	Mosbach	Busbahnhof	de:08225:6111:0:RiS1	49.349555	9.140286	bus	MATCHED	n6984467101	12.2	1.0	Mosbach, Busbahnhof	833,835,836,841,8938	Mosbach, Westbahnhof / Mosbach, Moschee / Mosbach, Bahnhof Bleichstraße / Neckarelz, Bahnhof / Mosbach, Gewerbeschule	Mosbach, Moschee / Mosbach, Gewerbeschule / Mosbach, Bahnhof Käfertörle	LINESTRING(9.140286 49.349555,9.140160700000001 49.349627600000005)
465	Mosbach	Duale Hochschule	de:08225:2705:0:RiN	49.354382	9.151946	bus	MATCHED	n6934058855	1.7	1.0	Mosbach, Duale Hochschule	830,835	Mosbach, Krankenhaus	Mosbach, Krankenhaus	LINESTRING(9.151946 49.354382,9.151925 49.354387900000006)
466	Mosbach	Duale Hochschule	de:08225:2705:0:RiS	49.354587	9.151479	bus	MATCHED	n6934058856	3.6	1.0	Mosbach, Duale Hochschule	835	Mosbach, Schorre	Mosbach, Schorre	LINESTRING(9.151479 49.354587,9.151514800000001 49.3546096)
467	Mosbach	Eduard-Mörike-Weg	de:08225:5604:0:RiN	49.343568	9.135507	bus	MATCHED	n6960193537	13.7	1.0	Mosbach, Eduard-Mörike-Weg	831	Mosbach, Unterer Hardbergweg	Mosbach, Unterer Hardbergweg	LINESTRING(9.135507 49.343568,9.135628 49.343662200000004)
468	Mosbach	Eduard-Mörike-Weg	de:08225:5604:0:RiS	49.34365	9.135417	bus	MATCHED	n6960193538	35.4	1.0	Mosbach, Eduard-Mörike-Weg	831	Mosbach, Friedr.-Hölderlin-Str	Mosbach, Friedrich-Hölderlin-Straße	LINESTRING(9.135417 49.34365,9.135827200000001 49.343822100000004)
469	Mosbach	Forststraße	de:08225:5608:0:RiN	49.348993	9.147122	bus	MATCHED	n1455018397	3.4	1.0	Mosbach, Forststraße	831	Mosbach, Franz-Roser-Platz	Mosbach, Franz-Roser-Platz	LINESTRING(9.147122 49.348993,9.1471303 49.3489632)
470	Mosbach	Forststraße	de:08225:5608:0:RiO	49.349122	9.146961	bus	MATCHED	n6960276759	1.5	1.0	Mosbach, Forststraße	831	Mosbach, Am Wäldchen	Mosbach, Am Wäldchen	LINESTRING(9.146961 49.349122,9.1469805 49.3491185)
471	Mosbach	Franz-Roser-Platz	de:08225:5609:0:RiO	49.349929	9.145281	bus	MATCHED	n6960276772	15.6	1.0	Mosbach, Franz-Roser-Platz	831	Mosbach, Forststraße	Mosbach, Forststraße	LINESTRING(9.145281 49.349929,9.1450694 49.349952900000005)
472	Mosbach	Franz-Roser-Platz	de:08225:5609:0:RiW	49.350029	9.145272	bus	MATCHED	n6960276769	9.2	1.0	Mosbach, Franz-Roser-Platz	831	Mosbach, Landratsamt	Mosbach, Landratsamt	LINESTRING(9.145272 49.350029,9.145152600000001 49.350056)
473	Mosbach	Friedhof	de:08225:2656:0:RiN	49.358601	9.149467	bus	MATCHED	n466538461	5.3	1.0	Mosbach, Friedhof	828,832,833,837,841,8938	Mosbach, Johannes-Diakonie / Mosbach, Johannes-Diakonie / Mosbach, Technisches Rathaus	Mosbach, Johannes-Diakonie / Mosbach, Polizei / Mosbach, Technisches Rathaus	LINESTRING(9.149467 49.358601,9.1494776 49.358554000000005)
474	Mosbach	Friedhof	de:08225:2656:0:RiS	49.358607	9.149314	bus	MATCHED	n6960276746	4.1	1.0	Mosbach, Friedhof	832,833,834,837,841,8938,8942	Mosbach, Sulzbacher Straße / Mosbach, Polizei / Mosbach, Krankenhaus / Mosbach, Johannes-Diakonie	Mosbach, Polizei	LINESTRING(9.149314 49.358607,9.1492698 49.3585846)
475	Mosbach	Friedr. -Hölderlin-Str	de:08225:5605:0:RiN	49.341396	9.131555	bus	MATCHED	n6984467145	6.5	1.0	Mosbach, Friedrich-Hölderlin-Straße	831	Mosbach, Eduard-Mörike-Weg	Mosbach, Eduard-Mörike-Weg	LINESTRING(9.131555 49.341396,9.1315933 49.341448500000006)
476	Mosbach	Friedr. -Hölderlin-Str	de:08225:5605:0:RiS	49.341472	9.131447	bus	MATCHED	n6984467147	5.3	1.0	Mosbach, Friedrich-Hölderlin-Straße	831	Neckarelz, Tannenhof	Neckarelz, Tannenhof	LINESTRING(9.131447 49.341472,9.1314344 49.341425400000006)
477	Mosbach	Gewerbeschule	de:08225:1405:0:RiN	49.344832	9.134726	bus	MATCHED	n6799953298	5.4	1.0	Mosbach, Gewerbeschule	822,828,833,834,836,838,8938	Mosbach, Busbahnhof / Mosbach, Busbahnhof / Mosbach, Gymnasium / Mosbach, Busbahnhof / Mosbach, Busbahnhof / Mosbach, Busbahnhof	Mosbach, Busbahnhof	LINESTRING(9.134726 49.344832,9.134764 49.344874000000004)
478	Mosbach	Gewerbeschule	de:08225:1405:0:RiS	49.34492	9.1346	bus	MATCHED	n6985382082	5.4	1.0	Mosbach, Gewerbeschule	822,828,833,836,8938	Mosbach, Heinrich-Heine-Straße	Mosbach, Heinrich-Heine-Straße	LINESTRING(9.1346 49.34492,9.1345317 49.344900300000006)
479	Mosbach	Gymnasium	de:08225:2766:0:RiO	49.348694	9.129677	bus	NO_MATCH_BUT_OTHER_PLATFORM_MATCHED					822	Mosbach, Henschelberg / Neckarelz, Pattbergschule / Masseldorn, Müller-Gut.-Schule / Mosbach, Busbahnhof		POINT(9.129677 49.348694)
480	Mosbach	Gymnasium	de:08225:2766:0:RiO-5	49.348577	9.129336	bus	NO_MATCH_BUT_OTHER_PLATFORM_MATCHED					832,837,838	Neckarelz, Hammer / Neckarelz, Bama / Mosbach, Henschelberg / MOS Masseldorn, Zwerrenberg / Mosbach, Westbahnhof		POINT(9.129336 49.348577)
481	Mosbach	Gymnasium	de:08225:2766:0:RiO-6	49.348425	9.128976	bus	MATCHED	n1018135398	9.4	0.56	Mosbach, Gymnasium	828,833	Mosbach, Henschelberg / Neckarelz, Bahnhof / Neckarelz, Hammer	Mosbach, Henschelberg	LINESTRING(9.128976 49.348425,9.128878 49.348369600000005)
482	Mosbach	Gymnasium	de:08225:2766:0:RiO-7	49.348302	9.128635	bus	NO_MATCH_BUT_OTHER_PLATFORM_MATCHED					834	Mosbach, Henschelberg / MOS Masseldorn, Zwerrenberg / Neckarelz, N.-Odenwald-Zentrum		POINT(9.128635 49.348302)
483	Mosbach	Gymnasium	de:08225:2766:0:RiW-1	49.348419	9.128716	bus	NO_MATCH_BUT_OTHER_PLATFORM_MATCHED					836,8938	Neckarelz, Bahnhof / Neckarelz, Waldsteige Schule / Mosbach, Henschelberg / Neckarelz, Hammer		POINT(9.128716 49.348419)
484	Mosbach	Gymnasium	de:08225:2766:0:RiW-2	49.348478	9.128887	bus	MATCHED	n6960062261	9.2	0.57	Mosbach, Gymnasium	841	Mosbach, Busbahnhof / Mosbach, Henschelberg / Neckarelz, Hammer	Neckarelz, Hammer	LINESTRING(9.128887 49.348478,9.1287663 49.3485031)
485	Mosbach	Gymnasium	de:08225:2766:0:RiW-3	49.348741	9.12956	bus	NO_MATCH_BUT_OTHER_PLATFORM_MATCHED					835,8938	Mosbach, Henschelberg		POINT(9.12956 49.348741)
486	Mosbach	Hardbergschule	de:08225:5611:0:RiO	49.347109	9.140628	bus	MATCHED	n6984467127	7.3	1.0	Mosbach, Hardbergschule	831	Mosbach, Forststraße	Mosbach, Forststraße	LINESTRING(9.140628 49.347109,9.1406813 49.347164600000006)
487	Mosbach	Hardbergschule	de:08225:5611:0:RiW	49.347167	9.140457	bus	MATCHED	n6984467139	4.7	1.0	Mosbach, Hardbergschule	831	Mosbach, Unterer Hardbergweg	Mosbach, Unterer Hardbergweg	LINESTRING(9.140457 49.347167,9.1405177 49.3471823)
488	Mosbach	Hasbachtal	de:08225:1407:0:RiN	49.377081	9.155477	bus	MATCHED	n3476348364	4.6	1.0	Mosbach, Hasbachtal	832,837	Lohrbach, Mühle / Sattelbach, Hirsch	Lohrbach, Mühle / Mosbach, Johannes-Diakonie	LINESTRING(9.155477 49.377081,9.1554941 49.377120700000006)
489	Mosbach	Hasbachtal	de:08225:1407:0:RiS	49.376537	9.155198	bus	MATCHED	n7118800771	1.2	1.0	Mosbach, Hasbachtal	832,834,837	Mosbach, Johannes-Diakonie	Mosbach, Johannes-Diakonie	LINESTRING(9.155198 49.376537,9.1551901 49.376527200000005)
490	Mosbach	Heinrich-Heine-Straße	de:08225:2768:0:RiO	49.342959	9.131833	bus	MATCHED	n6985557526	5.1	1.0	Mosbach, Heinrich-Heine-Straße	822,828,833,834,836,838,8938	Mosbach, Gewerbeschule	Mosbach, Gewerbeschule	LINESTRING(9.131833 49.342959,9.131763000000001 49.3429641)
491	Mosbach	Heinrich-Heine-Straße	de:08225:2768:0:RiW	49.343211	9.132094	bus	MATCHED	n6985557532	55.7	1.0	Mosbach, Heinrich-Heine-Straße	822,828,833,836,8938	Neckarelz, Bama	Neckarelz, Bama	LINESTRING(9.132094 49.343211,9.1314626 49.3429261)
492	Mosbach	Henschelberg	de:08225:6104:0:RiO	49.350421	9.133504	bus	MATCHED	n6959523723	86.6	1.0	Mosbach, Henschelberg	822,828,832,834,835,836,837,838,841,8938,8942	Mosbach, Telekom	Mosbach, Telekom	LINESTRING(9.133504 49.350421,9.132463000000001 49.350041600000004)
493	Mosbach	Henschelberg	de:08225:6104:0:RiW	49.350479	9.133315	bus	MATCHED	n6959523721	61.7	1.0	Mosbach, Henschelberg	822,828,832,833,834,835,836,838,841,8938,8942	Mosbach, Gymnasium / Mosbach, Gymnasium / Mosbach, Gymnasium / Mosbach, Gymnasium / Mosbach, Gymnasium / Mosbach, Gymnasium / Mosbach, Gymnasium / Masseldorn, Tal	Mosbach, Gymnasium / Masseldorn, Zwerrenberg / Mosbach, Telekom	LINESTRING(9.133315 49.350479,9.132584300000001 49.3501951)
494	Mosbach	Johannes-Diakonie	de:08225:2657:0:RiN	49.364961	9.152081	bus	MATCHED	n2020651771	10.5	1.0	Mosbach, Johannes-Diakonie	832,837,841,8942	Neckarburken, Ort / Mosbach, Hasbachtal	Neckarburken, Ort / Mosbach, Friedhof / Mosbach, Hasbachtal	LINESTRING(9.152081 49.364961,9.1521433 49.364875600000005)
495	Mosbach	Johannes-Diakonie	de:08225:2657:0:RiS	49.364844	9.151901	bus	MATCHED	n2020651773	9.2	1.0	Mosbach, Johannes-Diakonie	828,832,833,834,837,841,8938,8942	Mosbach, Bahnhof Bleichstraße / Mosbach, Friedhof / Mosbach, Technisches Rathaus / Mosbach, Bahnhof Käfertörle	Mosbach, Friedhof	LINESTRING(9.151901 49.364844,9.151802400000001 49.3648961)
496	Mosbach	Katzenhorn	de:08225:6310:0:RiN	49.348016	9.128752	bus	NO_MATCH					835	Mosbach, Westbahnhof / Mosbach, Henschelberg / Mosbach, Busbahnhof		POINT(9.128752 49.348016)
497	Mosbach	Katzenhorn	de:08225:6310:0:RiS	49.347448	9.129183	bus	NO_MATCH					834	Mosbach, Henschelberg		POINT(9.129183 49.347448)
498	Mosbach	Kistnerstraße	de:08225:8537	49.354107	9.147751		MATCHED_AMBIGUOUSLY	n6934058873	77.1	1.0	Mosbach, Kistnerstraße				LINESTRING(9.147751 49.354107,9.1468444 49.354468600000004)
499	Mosbach	Kistnerstraße	de:08225:8537	49.354107	9.147751		MATCHED_AMBIGUOUSLY	n6934058871	63.4	1.0	Mosbach, Kistnerstraße				LINESTRING(9.147751 49.354107,9.1469319 49.354303800000004)
500	Mosbach	Knopfweg	de:08225:2677:0:RiS	49.352311	9.155917	bus	MATCHED	n6985302866	4.2	1.0	Mosbach, Knopfweg	830	Mosbach, Pirminstraße	Mosbach, Pirminstraße	LINESTRING(9.155917 49.352311,9.155919 49.3523488)
501	Mosbach	Krankenhaus	de:08225:2679:0:RiN	49.356817	9.152171	bus	MATCHED	n305474611	3.1	1.0	Mosbach, Krankenhaus	822,828,830,833,834,835,838,8937,8938,8942	Mosbach, Bahnhof Käfertörle / MOS Bergfeld, Höhenweg / Mosbach, Alte Mälzerei / MOS Bergfeld, Kirche / Mosbach, Sulzbacher Straße / Mosbach, Polizei / Mosbach, Obertorzentrum / Mosbach, Duale Hochschule / Mosbach, Polizei	Mosbach, Polizei / Mosbach, Obertorzentrum / Mosbach, Busbahnhof / Mosbach, Duale Hochschule	LINESTRING(9.152171 49.356817,9.152174200000001 49.356789400000004)
502	Mosbach	Landratsamt	de:08225:5610:0:RiO	49.349151	9.1422	bus	MATCHED	n6959503853	10.3	1.0	Mosbach, Landratsamt	831	Mosbach, Franz-Roser-Platz	Mosbach, Franz-Roser-Platz	LINESTRING(9.1422 49.349151,9.1422893 49.349223)
503	Mosbach	Landratsamt	de:08225:5610:0:RiW	49.349098	9.14184	bus	MATCHED	n6959503852	33.8	1.0	Mosbach, Landratsamt	831	Mosbach, Moschee / Mosbach, Busbahnhof	Mosbach, Busbahnhof	LINESTRING(9.14184 49.349098,9.1421927 49.349296800000005)
504	Mosbach	Lohrtalschule	de:08225:2678	49.354195	9.152117		NO_MATCH_AND_SEEMS_UNSERVED								POINT(9.152117 49.354195)
505	Mosbach	Masseldorn, Zwerrenberg	de:08225:103:0:1	49.353604	9.130072	bus	MATCHED	n3060672657	6.0	1.0	Masseldorn, Zwerrenberg	834,838	Masseldorn, Sportplatz / Masseldorn, Denkmal	Masseldorn, Sportplatz / Masseldorn, Denkmal	LINESTRING(9.130072 49.353604,9.130006100000001 49.353636900000005)
506	Mosbach	Michelherd	de:08225:1412:0:RiN	49.422913	9.115322	bus	MATCHED	n7368936476	3.2	1.0	Mosbach, Michelherd	837	Weisbach, Ort	Lohrbach, Panoramaweg / Weisbach, Ort	LINESTRING(9.115322 49.422913,9.1153666 49.422914500000005)
507	Mosbach	Michelherd	de:08225:1412:0:RiS	49.42282	9.115133	bus	MATCHED	n7368936478	3.2	1.0	Lohrbach, Michelherd	837	Lohrbach, Panoramaweg		LINESTRING(9.115133 49.42282,9.1151655 49.4228395)
508	Mosbach	Moschee	de:08225:2672:0:RiN	49.345704	9.131078	bus	MATCHED	n6959503838	4.5	1.0	Mosbach, Moschee	830,831	Mosbach, Westbahnhof / Mosbach, Busbahnhof	Mosbach, Haltepunkt West	LINESTRING(9.131078 49.345704,9.1310167 49.345697200000004)
509	Mosbach	Moschee	de:08225:2672:0:RiS	49.345651	9.130746	bus	MATCHED	n6959503835	24.4	1.0	Mosbach, Moschee	830,832,835,837	Mosbach, Schlachthof / Neckarelz, Pattbergschule	Mosbach, Schlachthof	LINESTRING(9.130746 49.345651,9.130975600000001 49.345811100000006)
510	Mosbach	Obertorzentrum	de:08225:2674:0:RiN	49.353973	9.1475	bus	MATCHED	n6934058867	1.8	1.0	Mosbach, Obertorzentrum	830,831	Mosbach, Busbahnhof / Mosbach, Alte Mälzerei	Mosbach, Alte Mälzerei / Mosbach, Busbahnhof	LINESTRING(9.1475 49.353973,9.1475109 49.3539874)
511	Mosbach	Obertorzentrum	de:08225:2674:0:RiS	49.353979	9.147374	bus	MATCHED	n6934058866	2.9	1.0	Mosbach, Obertorzentrum	830	Mosbach, Bahnhof Gartenweg	Mosbach, Bahnhof Gartenweg	LINESTRING(9.147374 49.353979,9.147377800000001 49.354004700000004)
512	Mosbach	Pirminstraße	de:08225:6112:0:RiW	49.353475	9.153141	bus	MATCHED	n6953260122	0.4	1.0	Mosbach, Pirminstraße	830	Mosbach, Duale Hochschule	Mosbach, Duale Hochschule	LINESTRING(9.153141 49.353475,9.1531388 49.3534718)
513	Mosbach	Polizei	de:08225:2655:0:RiN	49.356957	9.148757	bus	MATCHED	n305474646	21.0	1.0	Mosbach Polizei	828,832,833,837,841,8938,8942	Mosbach, Johannes-Diakonie / Mosbach, Friedhof / Mosbach, Friedhof	Mosbach, Friedhof	LINESTRING(9.148757 49.356957,9.1486895 49.3567729)
514	Mosbach	Polizei	de:08225:2655:0:RiW	49.356571	9.148191	bus	MATCHED	n6985302861	1.8	1.0	Mosbach, Polizei	828,832,833,834,835,837,841,8938	Mosbach, Bahnhof Käfertörle / Mosbach, Bahnhof Bleichstraße / Mosbach, Krankenhaus	Mosbach, Bahnhof Käfertörle	LINESTRING(9.148191 49.356571,9.1481683 49.356577300000005)
515	Mosbach	Schlachthof	de:08225:2792:0:RiO	49.344276	9.126228	bus	MATCHED	n6959667823	5.6	1.0	Mosbach, Schlachthof	830	Mosbach, Moschee	Mosbach, Moschee	LINESTRING(9.126228 49.344276,9.1263027 49.344287800000004)
516	Mosbach	Schlachthof	de:08225:2792:0:RiW	49.344516	9.126901	bus	MATCHED	n6959667824	1.9	1.0	Mosbach, Schlachthof	830,832	Neckarelz, Hammer	Neckarelz, Hammer	LINESTRING(9.126901 49.344516,9.126889400000001 49.3445316)
517	Mosbach	Schorre	de:08225:6039:0:RiO	49.350649	9.155791	bus	MATCHED	n305462614	20.8	1.0	Mosbach, Schorre	835	Mosbach, Alte Bergsteige	Mosbach, Alte Bergsteige	LINESTRING(9.155791 49.350649,9.1555744 49.350771)
518	Mosbach	Schorre	de:08225:6039:0:RiW	49.350731	9.155809	bus	MATCHED	n6953260120	2.0	1.0	Mosbach, Schorre	835	Mosbach, Duale Hochschule	Mosbach, Duale Hochschule	LINESTRING(9.155809 49.350731,9.155812300000001 49.350748800000005)
519	Mosbach	Sulzbacher Straße	de:08225:1368:0:RiO	49.356389	9.148901	bus	MATCHED	n8130345231	11.7	0.52	Mosbach Sulzbacher Straße	835,838,8937,8938,8942	Mosbach, Krankenhaus / Sulzbach, Hirsch / Mosbach, Alte Mälzerei / MOS Bergfeld, Siedlung / MOS Bergfeld, Höhenweg	Mosbach, Krankenhaus	LINESTRING(9.148901 49.356389,9.14874 49.356384000000006)
520	Mosbach	Technisches Rathaus	de:08225:28:0:RiO	49.360087	9.147032	bus	MATCHED	n2341578064	3.2	1.0	Mosbach, Technisches Rathaus	833,8938	Mosbach, Johannes-Diakonie / Mosbach, Friedhof / Mosbach, Bahnhof Bleichstraße	Mosbach, Friedhof	LINESTRING(9.147032 49.360087,9.1470701 49.360072)
521	Mosbach	Technisches Rathaus	de:08225:28:0:RiW	49.360216	9.147113	bus	MATCHED	n1606429281	3.9	1.0	Mosbach, Technisches Rathaus	822,828,833,834,8938	Waldstadt, Tarunstraße / Waldstadt, Kon.-Adenauer-Str. / Waldstadt, Gasthaus	Mosbach-Waldstadt, Gasthaus	LINESTRING(9.147113 49.360216,9.1470757 49.3602414)
522	Mosbach	Telekom	de:08225:7528:0:RiO	49.35069	9.139514	bus	MATCHED	n6934058861	2.3	1.0	Mosbach, Telekom	822,828,832,834,835,836,837,838,841,8938,8942	Mosbach, Bahnhof Bleichstraße	Bahnhof Bleichstraße	LINESTRING(9.139514 49.35069,9.139499800000001 49.350708600000004)
523	Mosbach	Telekom	de:08225:7528:0:RiW	49.350795	9.13946	bus	MATCHED	n6934058860	6.1	1.0	Mosbach, Telekom	822,828,832,833,834,835,836,838,841,8938,8942	Mosbach, Henschelberg / Masseldorn, Müller-Gut.-Schule	Mosbach, Henschelberg	LINESTRING(9.13946 49.350795,9.139381100000001 49.350813)
524	Mosbach	Unterer Hardbergweg	de:08225:5606:0:RiO	49.344691	9.136576	bus	MATCHED	n6960713657	11.7	1.0	Mosbach, Unterer Hardbergweg	831	Mosbach, Hardbergschule	Mosbach, Hardbergschule	LINESTRING(9.136576 49.344691,9.136721000000001 49.344736100000006)
525	Mosbach	Unterer Hardbergweg	de:08225:5606:0:RiW	49.344791	9.136468	bus	MATCHED	n6960713658	9.0	1.0	Mosbach, Unterer Hardbergweg	831	Mosbach, Eduard-Mörike-Weg	Mosbach, Eduard-Mörike-Weg	LINESTRING(9.136468 49.344791,9.1365897 49.344805900000004)
526	Mosbach	Westbahnhof	de:08225:6343:1:1	49.346722	9.134079	train	MATCHED	n3233016392	32.2	1.0	Mosbach West	S1,S2,S41	Mosbach, Bahnhof / Mosbach, Bahnhof / Mosbach, Bahnhof	Mosbach (Baden)	LINESTRING(9.134079 49.346722,9.133759000000001 49.3465209)
527	Mosbach	Westbahnhof	de:08225:6343:2:1	49.347149	9.134178	bus	MATCHED	n6959523714	5.0	0.64	Mosbach, Haltepunkt West	830,832,835	Mosbach, Busbahnhof / Mosbach, Busbahnhof	Mosbach, Busbahnhof	LINESTRING(9.134178 49.347149,9.134247400000001 49.347147500000005)
528	Mosbach	Westbahnhof	de:08225:6343:2:2	49.34705	9.13363	bus	MATCHED	n6959523711	6.4	0.61	Mosbach, Haltepunkt West	830,832,835	Mosbach, Moschee / Neckarelz, Bahnhof	Mosbach, Moschee	LINESTRING(9.13363 49.34705,9.133542400000001 49.3470584)
529	Mosbach	Westbahnhof	de:08225:6343:3:2	49.346752	9.134034	train	MATCHED	n1588244861	1.8	1.0	Mosbach West	RE2,S1,S2,S3,S4,S41	Neckarelz, Bahnhof / Neckarelz, Bahnhof / Neckarelz, Bahnhof / Neckarelz, Bahnhof	Mosbach-Neckarelz	LINESTRING(9.134034 49.346752,9.134052200000001 49.346741200000004)
530	Mosbach	Wilhelm-Schwarz-Str. 	de:08225:2676:0:RiO	49.351989	9.154875	bus	MATCHED	n6953260113	4.8	1.0	Mosbach, Wilhelm-Schwarz-Straße	830	Mosbach, Knopfweg	Mosbach, Knopfweg	LINESTRING(9.154875 49.351989,9.1548152 49.352006800000005)
531	Muckental	Kindergarten	de:08225:7102:0:RiO	49.425385	9.205845	bus	MATCHED	n7196007252	4.5	1.0	Muckental, Kindergarten	841,8935	Rittersbach, Schule / Krumbach/Li, Kirche		LINESTRING(9.205845 49.425385,9.205851000000001 49.425344800000005)
532	Muckental	Kindergarten	de:08225:7102:0:RiW	49.425473	9.205791	bus	MATCHED	n1249207589	5.4	1.0	Muckental, Kindergarten	832,841,8935	Rittersbach, Schule / Muckental, Lamm / Limbach, Schule		LINESTRING(9.205791 49.425473,9.205860300000001 49.425489600000006)
533	Muckental	Lamm	de:08225:2661:0:RiN	49.424351	9.202405	bus	MATCHED	n1249207618	7.2	1.0	Muckental, Lamm	832,841,8935	Limbach, Schule / Dallau, Bahnhof / Muckental, Kindergarten		LINESTRING(9.202405 49.424351,9.2024875 49.424315500000006)
534	Muckental	Lamm	de:08225:2661:0:RiS	49.424999	9.202108	bus	MATCHED	n7119539640	5.5	1.0	Muckental, Lamm	832,841,8935	Limbach, Schule / Dallau, Bahnhof		LINESTRING(9.202108 49.424999,9.2020315 49.424997600000005)
535	Mudau	Altes Rathaus	de:08225:2808	49.533816	9.204848		NO_MATCH_AND_SEEMS_UNSERVED								POINT(9.204848 49.533816)
536	Mudau	Bahnhof	de:08225:2751:0:RiS	49.531157	9.203842	bus	MATCHED	n2440674299	3.2	0.77	Mudau, Bahnhof	821,832,844,8935,8943	Steinbach, Ort / Mudau, Rumpfener Straße / Langenelz, Ofenloch / Mudau, Rathaus / Mudau, Schule / Scheidental, Ort / Langenelz, Ort / Langenelz, Wanderbahn / Mudau, Rumpfener Straße / Mudau, Rathaus / Mudau, Brückengut	Langenelz, Ort / Langenelz, Wanderbahn / Mudau, Rathaus	LINESTRING(9.203842 49.531157,9.2038861 49.5311625)
537	Mudau	Brückengut	de:08225:6890:0:RiN	49.537623	9.203698	bus	NO_MATCH					821,8943	Mudau, Rathaus / Donebach, Ort / Ünglert, Ort		POINT(9.203698 49.537623)
538	Mudau	Rathaus	de:08225:2753:0:RiN	49.533973	9.202459	bus	MATCHED	n5107244833	5.8	1.0	Mudau, Rathaus	821,832,840,844,8935,8943	Mudau, Schule / Scheidental, Ort / Buch, Bushaltestelle / Donebach, Ort / Mudau, Bahnhof / Mudau, Brückengut / Schloßau, Ort / Steinbach, Ort	Buch / Donebach, Ort	LINESTRING(9.202459 49.533973,9.202496 49.5339265)
539	Mudau	Rathaus	de:08225:2753:0:RiS	49.533927	9.202243	bus	MATCHED	n2440674300	13.5	0.48	Mudau, Rathaus	821,832,8935	Donebach, Ort / Buch, Bushaltestelle / Steinbach, Ort / Scheidental, Ort / Mudau, Bahnhof / Ünglert, Ort	Schloßau, Ort / Mudau, Bahnhof / Scheidental, Ort	LINESTRING(9.202243 49.533927,9.2020891 49.533858800000004)
540	Mudau	Rumpfener Straße	de:08225:2774:0:RiO	49.532288	9.208028	bus	MATCHED	n3561628710	5.4	1.0	Mudau, Rumpfener Straße	821,8943	Mudau, Bahnhof / Steinbach, Ort / Rumpfen, Ort		LINESTRING(9.208028 49.532288,9.2080987 49.5322711)
541	Mudau	Rumpfener Straße	de:08225:2774:0:RiW	49.532353	9.208028	bus	MATCHED	n3561628711	3.1	1.0	Mudau, Rumpfener Straße	821,8943	Steinbach, Ort / Mudau, Schule / Mudau, Rathaus / Mudau, Rathaus / Mudau, Bahnhof		LINESTRING(9.208028 49.532353,9.208069 49.532343600000004)
542	Mudau	Schule	de:08225:2752:0:RiS	49.533472	9.200312	bus	MATCHED	n7235898722	34.2	1.0	Mudau, Schule	821,832,840	Mudau, Rathaus / Schloßau, Ort / Mudau, Rumpfener Straße / Steinbach, Ort / Rumpfen, Ort / Mudau, Bahnhof / Langenelz, Wanderbahn / Schloßau, Schule Süd / Mörschenhardt, Ort / Ünglert, Ort / Schloßau, Ort	Mudau, Rathaus	LINESTRING(9.200312 49.533472,9.2005804 49.5337249)
543	Mörschenhardt	Ort	de:08225:2755:0:RiN	49.569949	9.172131	bus	MATCHED	n267528174	16.7	1.0	Mörschenhardt, Ort	821,832,844,8943	Schloßau, Ort / Mudau, Bahnhof / Scheringen, L 584 / Donebach, Ort / Schloßau, Ort / Preunschen, Bushaltestelle / Donebach, Ort	Donebach, Ort / Schloßau, Ort	LINESTRING(9.172131 49.569949,9.1723358 49.569878700000004)
544	Mörtelstein	Berg	de:08225:2784:0:RiO	49.357993	9.043511	bus	MATCHED	n7024287563	4.2	1.0	Mörtelstein, Berg	822,8952	Mörtelstein, Mitte	Mörtelstein, Mitte	LINESTRING(9.043511 49.357993,9.0434658 49.3580168)
545	Mörtelstein	Berg	de:08225:2784:0:RiS	49.358162	9.042738	bus	MATCHED	n7024287565	1.9	1.0	Mörtelstein, Berg	822,8952	Asbach, TECH-NO / Breitenbronn, Ort / Asbach, Große Gärten / Breitenbronn, Sporthallenweg	Asbach, Große Gärten	LINESTRING(9.042738 49.358162,9.0427358 49.358144800000005)
546	Mörtelstein	Gunzenboden	de:08225:2798:0:RiO	49.360707	9.051353	bus	MATCHED	n7024287562	6.4	1.0	Mörtelstein, Gunzenboden	822,8952	Obrigheim, Grund-/Hauptschule / Obrigheim, Ortsein-/ausgang	Obrigheim, Ortseingang	LINESTRING(9.051353 49.360707,9.051436200000001 49.36072720000001)
547	Mörtelstein	Gunzenboden	de:08225:2798:0:RiW	49.360754	9.051344	bus	MATCHED	n7024287560	3.7	1.0	Mörtelstein, Gunzenboden	822,8952	Mörtelstein, Mitte	Mörtelstein, Mitte	LINESTRING(9.051344 49.360754,9.051341 49.3607875)
548	Mörtelstein	Mitte	de:08225:7147:0:RiO	49.358385	9.046646	bus	MATCHED	n7024287547	18.9	1.0	Mörtelstein, Mitte	822,8952	Mörtelstein, Gunzenboden	Mörtelstein, Gunzenboden	LINESTRING(9.046646 49.358385,9.0466183 49.3582158)
549	Mörtelstein	Mitte	de:08225:7147:0:RiW	49.358051	9.046125	bus	MATCHED	n7024287552	6.6	1.0	Mörtelstein, Mitte	822,8952	Mörtelstein, Berg	Mörtelstein, Berg	LINESTRING(9.046125 49.358051,9.046038900000001 49.358070600000005)
550	Mörtelstein	Schule	de:08225:2783	49.358993	9.047436		NO_MATCH_AND_SEEMS_UNSERVED								POINT(9.047436 49.358993)
551	Mülben	Hohe Straße	de:08225:4787:0:RiO	49.464967	9.093843	bus	MATCHED	n5164707492	143.7	1.0	Mülben, Hohe Straße	821,8953	Mülben, Waldbrunner Hof	Mülben, Waldbrunner Hof	LINESTRING(9.093843 49.464967,9.091947000000001 49.465345600000006)
552	Mülben	Hohe Straße	de:08225:4787:0:RiW	49.465416	9.092011	bus	MATCHED	n5164707493	137.5	1.0	Mülben, Hohe Straße	821,837,840	Strümpfelbrunn, Schule / Strümpfelbrunn, Siedlung	Strümpfelbrunn, Siedlung	LINESTRING(9.092011 49.465416,9.0938301 49.4650638)
553	Mülben	Waldbrunner Hof	de:08225:4786:0:RiO	49.464459	9.09785	bus	MATCHED	n765178350	4.5	1.0	Mülben, Waldbrunner Hof	821,8953	Wagenschwend, Dorfmuseum / Weisbach, Ort / Weisbach, Ort	Wangenschwend, Dorfmuseum / Weisbach, Ort	LINESTRING(9.09785 49.464459,9.097899700000001 49.464435400000006)
554	Mülben	Waldbrunner Hof	de:08225:4786:0:RiW	49.464523	9.097814	bus	MATCHED	n765178334	9.0	1.0	Mülben, Waldbrunner Hof	821,837,840	Strümpfelbrunn, Schule / Mülben, Hohe Straße	Mülben, Hohe Straße	LINESTRING(9.097814 49.464523,9.0977072 49.4645646)
555	Neckarburken	Bahnhof	de:08225:8208:1:1	49.378596	9.164334	train	MATCHED	n5127028788	17.4	1.0	Neckarburken	S1	Dallau, Bahnhof	Dallau	LINESTRING(9.164334 49.378596,9.164133000000001 49.378510600000006)
556	Neckarburken	Bahnhof	de:08225:8208:2:2	49.377788	9.162043	train	MATCHED	n5127028789	38.4	1.0	Neckarburken	RE2,S1,S2,S3,S4	Mosbach, Bahnhof	Mosbach (Baden)	LINESTRING(9.162043 49.377788,9.1625115 49.3779489)
557	Neckarburken	Ort	de:08225:6131:0:RiO	49.377736	9.171206	bus	MATCHED	n2466255686	9.7	1.0	Neckarburken, Ort	832,841,8941	Dallau, Industriegebiet / Dallau, Mitte	Dallau, Industriegebiet	LINESTRING(9.171206 49.377736,9.171320600000001 49.3776912)
558	Neckarburken	Ort	de:08225:6131:0:RiW	49.377707	9.170326	bus	MATCHED	n6959523724	12.1	1.0	Neckarburken, Ort	832,841	Mosbach, Johannes-Diakonie / Mosbach, Bahnhof Bleichstraße	Mosbach, Johannes-Diakonie	LINESTRING(9.170326 49.377707,9.170475300000001 49.3777545)
559	Neckarburken	Schule	de:08225:6016:0:RiN	49.376081	9.171844	bus	MATCHED	n7021716910	13.3	0.49	Neckarburken, Schule	841	Auerbach/Mb, Schule / Dallau, Schule		LINESTRING(9.171844 49.376081,9.171681000000001 49.3761365)
560	Neckarelz	Am Waldhauer	de:08225:5143:0:RiN	49.337252	9.106267	bus	MATCHED	n4839564101	2.4	1.0	Neckarelz, Am Waldhauer	831	Neckarelz, Heilbronner Straße	Neckarelz, Heilbronner Straße	LINESTRING(9.106267 49.337252,9.106237400000001 49.337262200000005)
561	Neckarelz	Am Waldhauer	de:08225:5143:0:RiS	49.3372	9.106204	bus	MATCHED	n4839564100	0.5	1.0	Neckarelz, Am Waldhauer	831	Neckarelz, Im Weißen Feld	Neckarelz, Im Weißen Feld	LINESTRING(9.106204 49.3372,9.106196500000001 49.3371998)
562	Neckarelz	Bahnhof	de:08225:9180:1:1Bus	49.34849	9.112483	bus	MATCHED	n2341577908	7.3	1.0	Neckarelz Bahnhof	830,831,8938,8952,899	Mosbach, Busbahnhof / Neckarelz, Friedhof / Neckarelz, Elzbrücke	Neckarelz, Elzbrücke / Neckarelz, Pattbergschule	LINESTRING(9.112483 49.34849,9.1124086 49.3484459)
563	Neckarelz	Bahnhof	de:08225:9180:1:2Bus	49.348653	9.112151	bus	NO_MATCH_BUT_OTHER_PLATFORM_MATCHED					822,828,831,832,833,835,836,8938,8952,899	Neckarelz, Lindengasse / Obrigheim, Neckarbrücke / Neckarelz, Milbe / Neckarelz, Hammer / Neckarelz, Elzbrücke		POINT(9.112151 49.348653)
564	Neckarelz	Bahnhof	de:08225:9180:1:3Bus	49.348735	9.112079	bus	NO_MATCH_BUT_OTHER_PLATFORM_MATCHED					822,833	Diedesheim, Zentrum / Neckarelz, Pattbergschule		POINT(9.112079 49.348735)
565	Neckarelz	Bahnhof	de:08225:9180:1:4Bus	49.348806	9.112052	bus	MATCHED	n2341577955	6.3	0.53	Neckarelz Bahnhof, Steig 4	832	Neckarelz, Hammer / Neckarelz, Milbe / Neckarelz, Pattbergschule		LINESTRING(9.112052 49.348806,9.112119 49.3487699)
566	Neckarelz	Bahnhof	de:08225:9180:1:5Bus	49.348876	9.112025	bus	MATCHED	n2341577967	5.7	0.69	Neckarelz Bahnhof, Steig 5	828,836	Diedesheim, Schule / Neckarelz, Pattbergschule	Neckarelz, Pattbergschule	LINESTRING(9.112025 49.348876,9.112074100000001 49.3488362)
567	Neckarelz	Bahnhof	de:08225:9180:1:6Bus	49.348665	9.112429	bus	MATCHED	n2341577909	7.9	0.59	Neckarelz Bahnhof	828,841	Mosbach, Gymnasium / Neckarelz, Elzbrücke / Neckarelz, Milbe	Neckarelz, Elzbrücke / Obrigheim, Neckarbrücke / Neckarelz, Friedhof	LINESTRING(9.112429 49.348665,9.112407900000001 49.3487348)
568	Neckarelz	Bahnhof	de:08225:9180:1:S1Bus	49.348677	9.112349	bus	MATCHED	n2341577927	10.9	0.41	Neckarelz Bahnhof Steig 2			Mosbach, Busbahnhof	LINESTRING(9.112349 49.348677,9.1122533 49.3486009)
569	Neckarelz	Bahnhof	de:08225:9180:1:S2Bus	49.348741	9.112241	bus	MATCHED	n2341577940	7.1	0.48	Neckarelz Bahnhof, Steig 3				LINESTRING(9.112241 49.348741,9.112179300000001 49.348691300000006)
570	Neckarelz	Bahnhof	de:08225:9180:2:1	49.348776	9.112708	trainish	MATCHED	n2358358054	4.8	1.0	Mosbach-Neckarelz	MEX12,RB10a,S1,S2,S41	Binau, Bahnhof / Neckarzimmern, Bahnhof / Mosbach, Westbahnhof	Neckarzimmern	LINESTRING(9.112708 49.348776,9.112684 49.348815900000005)
571	Neckarelz	Bahnhof	de:08225:9180:3:2	49.348765	9.11278	train	MATCHED	n3188282865	0.4	1.0	Mosbach-Neckarelz	MEX12,RB10a,RE10a,S1,S2,S41	Neckarzimmern, Bahnhof / Bad Friedrichshall Hbf / Mosbach, Westbahnhof / Bad Friedrichshall Hbf / Eberbach, Bahnhof / Bad Friedrichshall Hbf / Binau, Bahnhof / Bad Friedrichshall Hbf	Mosbach West / Bad Friedrichshall Hauptbahnhof / Eberbach	LINESTRING(9.11278 49.348765,9.112781700000001 49.348768400000004)
572	Neckarelz	Bahnhof	de:08225:9180:3:3	49.348788	9.112923	train	MATCHED	n1577029901	10.0	1.0	Mosbach-Neckarelz	MEX12,RE10a,RE2,S1,S2,S3,S4,S41	Binau, Bahnhof / Eberbach, Bahnhof / Neckarzimmern, Bahnhof / Mosbach, Westbahnhof	Neckarzimmern / Binau	LINESTRING(9.112923 49.348788,9.112860900000001 49.3488679)
573	Neckarelz	Bahnhof	de:08225:9180:4:12	49.347975	9.113184	trainish	MATCHED	n3188282864	46.9	1.0	Mosbach-Neckarelz				LINESTRING(9.113184 49.347975,9.1134847 49.347601600000004)
574	Neckarelz	Bama	de:08225:2769:0:RiO	49.341455	9.128024	bus	MATCHED	n6799953296	6.3	1.0	Neckarelz, Bama	822,828,833,834,836,838,8938	Mosbach, Heinrich-Heine-Straße	Mosbach, Heinrich-Heine-Straße	LINESTRING(9.128024 49.341455,9.128106 49.341437400000004)
575	Neckarelz	Bama	de:08225:2769:0:RiW	49.341748	9.128734	bus	MATCHED	n6985461591	5.6	1.0	Neckarelz, Bama	822,828,833,836,8938	Neckarelz, N.-Odenwald-Zentrum	Neckarelz, Neckar-Odenwald-Zentrum	LINESTRING(9.128734 49.341748,9.1286593 49.341759200000006)
576	Neckarelz	Einkaufszentrum	de:08225:30:0:RiN	49.33004	9.107578	bus	MATCHED	n7048529121	13.7	1.0	Neckarelz, Einkaufszentrum	828	Neckarelz, Heilbronner Straße		LINESTRING(9.107578 49.33004,9.1075312 49.3301595)
577	Neckarelz	Einkaufszentrum	de:08225:30:0:RiS	49.330146	9.107408	bus	MATCHED	n7048529123	15.3	1.0	Neckarelz, Einkaufszentrum	828	Neckarzimmern, Kirche		LINESTRING(9.107408 49.330146,9.107546000000001 49.3300415)
578	Neckarelz	Elzbrücke	de:08225:2773:0:RiN	49.344446	9.106051	bus	MATCHED	n1411212757	10.6	1.0	Neckarelz, Elzbrücke	822,828,830,833,836,8938,8952	Neckarelz, Bahnhof / Neckarelz, Bahnhof / Neckarelz, Bahnhof / Neckarelz, Bahnhof	Neckarelz Bahnhof	LINESTRING(9.106051 49.344446,9.106186300000001 49.344482000000006)
579	Neckarelz	Elzbrücke	de:08225:2773:0:RiS	49.344504	9.106042	bus	MATCHED	n6960064390	3.2	1.0	Neckarelz, Elzbrücke	822,828,830,831,833,836,8938,8952	Diedesheim, Zentrum / Neckarelz, Pattbergschule / Neckarelz, Pattbergschule / Neckarelz, Lindengasse	Neckarelz, Lindengasse / Neckarelz, Pattbergschule	LINESTRING(9.106042 49.344504,9.1060312 49.3445316)
580	Neckarelz	Friedhof	de:08225:2799:0:RiO	49.34588	9.111369	bus	MATCHED	n6985302874	2.4	1.0	Neckarelz, Friedhof	830,8938	Neckarelz, Hammer	Neckarelz, Hammer	LINESTRING(9.111369 49.34588,9.111399 49.345871900000006)
581	Neckarelz	Friedhof	de:08225:2799:0:RiW	49.345967	9.111342	bus	MATCHED	n2341577914	7.7	1.0	Neckarelz, Friedhof	830,8938	Neckarelz, Bahnhof	Neckarelz Bahnhof	LINESTRING(9.111342 49.345967,9.1114143 49.3460173)
582	Neckarelz	Glückauf	de:08225:6295	49.342263	9.125545		NO_MATCH_AND_SEEMS_UNSERVED								POINT(9.125545 49.342263)
583	Neckarelz	Goethestraße	de:08225:6122:0:RiS	49.347249	9.109743	bus	MATCHED	n6956751395	5.9	1.0	Neckarelz, Goethestraße	831	Neckarelz, Bahnhof	Neckarelz Bahnhof	LINESTRING(9.109743 49.347249,9.109736 49.3473017)
584	Neckarelz	Hammer	de:08225:2671:0:RiO	49.344533	9.118709	bus	MATCHED	n6959523764	24.7	1.0	Neckarelz, Hammer	822,828,830,832,841,8938	Mosbach, Gymnasium / Mosbach, Gymnasium / Mosbach, Gymnasium / Mosbach, Gymnasium / Mosbach, Schlachthof / Mosbach, Gymnasium	Mosbach, Schlachthof	LINESTRING(9.118709 49.344533,9.1190332 49.3444652)
585	Neckarelz	Hammer	de:08225:2671:0:RiW	49.344592	9.11887	bus	MATCHED	n6959523765	20.7	1.0	Neckarelz, Hammer	828,830,832,833,836,841,8938	Neckarelz, Friedhof / Neckarelz, Schützenhaus / Neckarelz, Pattbergschule	Neckarelz, Pattbergschule / Neckarelz, Friedhof	LINESTRING(9.11887 49.344592,9.119146500000001 49.3445478)
586	Neckarelz	Heilbronner Straße	de:08225:29:0:RiN	49.339213	9.105297	bus	MATCHED	n6959523746	8.7	1.0	Neckarelz, Heilbronner Straße	828,831	Neckarelz, Pattbergschule / Neckarelz, Lindengasse / Neckarelz, Marktplatz	Neckarelz, Markplatz	LINESTRING(9.105297 49.339213,9.1053131 49.339290600000005)
587	Neckarelz	Heilbronner Straße	de:08225:29:0:RiS	49.339529	9.105009	bus	MATCHED	n442691030	7.1	1.0	Neckarelz, Heilbronner Straße	828,831	Neckarelz, Einkaufszentrum / Neckarelz, Am Waldhauer	Neckarzimmern, Kirche / Neckarelz, Am Waldhauer	LINESTRING(9.105009 49.339529,9.1049191 49.33950290000001)
588	Neckarelz	Heinrichsburg	de:08225:6294:0:RiN	49.333588	9.119778	bus	MATCHED	n6960062220	8.2	1.0	Neckarelz, Heinrichsburg	831	Neckarelz, Waldsteige Schule	Neckarelz, Waldsteige Schule	LINESTRING(9.119778 49.333588,9.1198352 49.3336519)
589	Neckarelz	Heinrichsburg	de:08225:6294:0:RiS	49.33343	9.119688	bus	MATCHED	n6960062219	25.0	1.0	Neckarelz, Heinrichsburg	831	Neckarelz, Waldsteige Kreisel	Neckarelz, Waldsteige Kreisel	LINESTRING(9.119688 49.33343,9.1197581 49.333650600000006)
590	Neckarelz	Im Burgstädtle	de:08225:5147:0:RiO	49.3383	9.122077	bus	MATCHED	n6960064386	11.3	1.0	Neckarelz, Im Burgstädtle	831	Neckarelz, Kastanienweg	Neckarelz, Kastanienweg	LINESTRING(9.122077 49.3383,9.121925300000001 49.3383211)
591	Neckarelz	Im Burgstädtle	de:08225:5147:0:RiW	49.338388	9.122086	bus	MATCHED	n6960064387	8.5	1.0	Neckarelz, Im Burgstädtle	831	Neckarelz, Waldsteige Schule	Neckarelz, Waldsteige Schule	LINESTRING(9.122086 49.338388,9.1221919 49.338419900000005)
592	Neckarelz	Im Weißen Feld	de:08225:5144:0:RiO	49.33693	9.112079	bus	MATCHED	n6956751392	6.3	1.0	Neckarelz, Im Weißen Feld	831	Neckarelz, Waldsteige Kreisel	Neckarelz, Waldsteige Kreisel	LINESTRING(9.112079 49.33693,9.1120099 49.336963600000004)
593	Neckarelz	Im Weißen Feld	de:08225:5144:0:RiW	49.337083	9.111926	bus	MATCHED_AMBIGUOUSLY	n6956751390	4.1	1.0	Neckarelz, Im Weißen Feld	831	Neckarelz, Am Waldhauer	Neckarelz, Am Waldhauer	LINESTRING(9.111926 49.337083,9.1119696 49.337106000000006)
594	Neckarelz	Im Weißen Feld	de:08225:5144:0:RiW	49.337083	9.111926	bus	MATCHED_AMBIGUOUSLY	n4839564096	252.7	1.0	Neckarelz, Im Weißen Feld	831	Neckarelz, Am Waldhauer		LINESTRING(9.111926 49.337083,9.108991000000001 49.335862500000005)
595	Neckarelz	Kaserne	de:08225:1376:0:RiN	49.338786	9.145002	bus	MATCHED	n715042256	11.1	1.0	Neckarelz, Kaserne	835	MOS Bergfeld, Hardhof	Bergfeld, Hardhof	LINESTRING(9.145002 49.338786,9.1449572 49.3388812)
596	Neckarelz	Kaserne	de:08225:1376:0:RiS	49.338874	9.144886	bus	MATCHED	n7018887911	2.0	1.0	Neckarelz, Kaserne	835	Mosbach, Busbahnhof		LINESTRING(9.144886 49.338874,9.1449069 49.3388858)
597	Neckarelz	Kastanienweg	de:08225:6121:0:RiN	49.338973	9.125581	bus	MATCHED	n6960062216	4.6	1.0	Neckarelz, Kastanienweg	831	Neckarelz, Tannenhof	Neckarelz, Tannenhof	LINESTRING(9.125581 49.338973,9.125589900000001 49.338932400000004)
598	Neckarelz	Kastanienweg	de:08225:6121:0:RiS	49.339026	9.125554	bus	MATCHED	n6960062215	40.4	1.0	Neckarelz, Kastanienweg	831	Neckarelz, Im Burgstädtle	Neckarelz, Im Burgstädtle	LINESTRING(9.125554 49.339026,9.1252331 49.338728800000005)
599	Neckarelz	Lindengasse	de:08225:2772:0:RiO	49.341033	9.107641	bus	MATCHED	n2542834005	3.4	1.0	Neckarelz, Lindengasse	822,828,833,836	Neckarelz, Unterführung / Mosbach, Busbahnhof	Neckarelz, Unterführung	LINESTRING(9.107641 49.341033,9.1076137 49.341007700000006)
600	Neckarelz	Lindengasse	de:08225:2772:0:RiW	49.341092	9.106779	bus	MATCHED	n6986446735	16.4	1.0	Neckarelz, Lindengasse	822,828,833,836	Neckarelz, Bahnhof / Neckarelz, Bahnhof / Neckarelz, Elzbrücke / Neckarelz, Pattbergschule	Neckarelz Bahnhof / Neckarelz, Elzbrücke / Neckarelz, Pattbergschule	LINESTRING(9.106779 49.341092,9.106961700000001 49.3411794)
601	Neckarelz	Marktplatz	de:08225:5142:0:RiN	49.341619	9.105243	bus	MATCHED	n6959658082	1.4	1.0	Neckarelz, Markplatz	831	Neckarelz, Bahnhof / Neckarelz, Pattbergschule	Neckarelz, Pattbergschule	LINESTRING(9.105243 49.341619,9.1052601 49.3416123)
602	Neckarelz	Marktplatz	de:08225:5142:0:RiS	49.341549	9.105189	bus	MATCHED	n6959658076	4.8	1.0	Neckarelz, Markplatz	831	Neckarelz, Heilbronner Straße	Neckarelz, Heilbronner Straße	LINESTRING(9.105189 49.341549,9.1051427 49.341579200000005)
603	Neckarelz	Messplatz	de:08225:6117	49.345441	9.104893		NO_MATCH_AND_SEEMS_UNSERVED								POINT(9.104893 49.345441)
604	Neckarelz	Milbe	de:08225:2653:0:RiS	49.346237	9.115618	bus	MATCHED	n6960193534	16.3	1.0	Neckarelz, Milbe	822,828,832,841	Neckarelz, Hammer		LINESTRING(9.115618 49.346237,9.115462500000001 49.3463429)
605	Neckarelz	N. -Odenwald-Zentrum	de:08225:2770:0:RiO	49.33967	9.124206	bus	MATCHED	n1606633198	9.4	1.0	Neckarelz, Neckar-Odenwald-Zentrum	822,828,833,834,836,8938	Neckarelz, Bama	Neckarelz, Bama	LINESTRING(9.124206 49.33967,9.1242788 49.339600000000004)
606	Neckarelz	N. -Odenwald-Zentrum	de:08225:2770:0:RiW	49.340267	9.125428	bus	MATCHED	n1606633204	16.3	1.0	Neckarelz, Neckar-Odenwald-Zentrum	822,828,833,836,8938	Neckarelz, Unterführung / Hochhausen, Ort	Neckarelz, Unterführung	LINESTRING(9.125428 49.340267,9.1255208 49.3404005)
607	Neckarelz	Pattbergschule	de:08225:6115:0:RiN	49.345563	9.104964	bus	MATCHED	n6984467104	9.9	1.0	Neckarelz, Pattbergschule	822,828,830,831,832,833,836	Neckarelz, Bahnhof / Neckarelz, Lindengasse / Neckarelz, Einkaufszentrum / Neckarelz, Bahnhof / Diedesheim, Schule / Mosbach, Gymnasium / Diedesheim, Zentrum / Neckarzimmern, Kirche / Obrigheim, Neckarbrücke / Neckarelz, Hammer / Neckarelz, Goethestraße	Diedesheim, Zentrum / Neckarelz, Goethestraße	LINESTRING(9.104964 49.345563,9.1050951 49.345539900000006)
608	Neckarelz	Pattbergschule	de:08225:6115:0:RiS	49.345353	9.104973	bus	MATCHED	n1411212739	17.9	1.0	Neckarelz, Pattbergschule	828,830,831,832,835,836	Neckarelz, Hammer / Mosbach, Katzenhorn / Neckarelz, Marktplatz / Neckarelz, Elzbrücke / Neckarelz, Heilbronner Straße / Mosbach, Gymnasium	Neckarelz Bahnhof / Neckarelz, Elzbrücke / Diedesheim, Zentrum / Neckarelz, Heilbronner Straße / Neckarelz, Markplatz	LINESTRING(9.104973 49.345353,9.104888500000001 49.34550410000001)
609	Neckarelz	Schützenhaus	de:08225:1366:0:RiN	49.349783	9.113274	bus	MATCHED	n7021716909	4.6	0.71	Neckarelz, Schützenhaus	828,832,833,836,841	Neckarelz, Bahnhof / Neckarelz, Bahnhof / Neckarelz, Bahnhof / Neckarelz, Bahnhof		LINESTRING(9.113274 49.349783,9.1133282 49.349805200000006)
610	Neckarelz	Tannenhof	de:08225:5603:0:RiO	49.339734	9.128006	bus	MATCHED	n6960193526	10.1	1.0	Neckarelz, Tannenhof	831	Mosbach, Friedr.-Hölderlin-Str	Mosbach, Friedrich-Hölderlin-Straße	LINESTRING(9.128006 49.339734,9.12814 49.339710100000005)
611	Neckarelz	Tannenhof	de:08225:5603:0:RiW	49.339781	9.128213	bus	MATCHED	n6960193528	11.8	1.0	Neckarelz, Tannenhof	831	Neckarelz, Kastanienweg	Neckarelz, Kastanienweg	LINESTRING(9.128213 49.339781,9.1280508 49.339778200000005)
612	Neckarelz	Unterführung	de:08225:2771:0:RiO	49.340688	9.114091	bus	MATCHED	n442688280	7.3	1.0	Neckarelz, Unterführung	822,828,833,836	Neckarelz, N.-Odenwald-Zentrum / Mosbach, Gymnasium	Neckarelz, Neckar-Odenwald-Zentrum	LINESTRING(9.114091 49.340688,9.114069800000001 49.34062410000001)
613	Neckarelz	Unterführung	de:08225:2771:0:RiW	49.340758	9.113534	bus	MATCHED	n6989039714	11.2	1.0	Neckarelz, Unterführung	822,828,833,836	Neckarelz, Lindengasse	Neckarelz, Lindengasse	LINESTRING(9.113534 49.340758,9.1136282 49.340837900000004)
614	Neckarelz	Waldsteige Kreisel	de:08225:5145:0:RiN	49.33576	9.11719	bus	MATCHED	n6960276730	2.9	1.0	Neckarelz, Waldsteige Kreisel	831	Neckarelz, Im Weißen Feld	Neckarelz, Im Weißen Feld	LINESTRING(9.11719 49.33576,9.117216 49.3357406)
615	Neckarelz	Waldsteige Kreisel	de:08225:5145:0:RiS	49.335654	9.117119	bus	MATCHED	n6960276727	12.9	1.0	Neckarelz, Waldsteige Kreisel	831	Neckarelz, Heinrichsburg	Neckarelz, Heinrichsburg	LINESTRING(9.117119 49.335654,9.1170913 49.335769000000006)
616	Neckarelz	Waldsteige Schule	de:08225:5146:0:RiN	49.336456	9.119921	bus	MATCHED	n6960276736	10.4	1.0	Neckarelz, Waldsteige Schule	831,833,836	Neckarelz, Unterführung / Neckarelz, Im Burgstädtle	Neckarelz, Im Burgstädtle	LINESTRING(9.119921 49.336456,9.1200639 49.336446200000005)
617	Neckarelz	Waldsteige Schule	de:08225:5146:0:RiS	49.336363	9.12002	bus	MATCHED	n6960276734	2.0	1.0	Neckarelz, Waldsteige Schule	831	Neckarelz, Heinrichsburg	Neckarelz, Heinrichsburg	LINESTRING(9.12002 49.336363,9.1199934 49.336365400000005)
618	Neckargerach	Bahnhof	de:08225:9129:1:1	49.397997	9.074646	train	MATCHED	n5123029608	2.3	1.0	Neckargerach	S1,S2	Binau, Bahnhof	Binau	LINESTRING(9.074646 49.397997,9.074646000000001 49.398017900000006)
619	Neckargerach	Bahnhof	de:08225:9129:2:Bus	49.398874	9.075967	bus	MATCHED	n2377991690	19.7	0.4	Neckargerach, Bahnhof	836	Neckargerach, Marktplatz	Neckargerach, Marktplatz	LINESTRING(9.075967 49.398874,9.0759395 49.39905)
620	Neckargerach	Bahnhof	de:08225:9129:3:2	49.397997	9.074718	train	MATCHED	n5123029609	57.1	1.0	Neckargerach	S1,S2,S3,S4	Zwingenberg/Bd, Bahnhof / Binau, Bahnhof	Zwingenberg (Baden)	LINESTRING(9.074718 49.397997,9.0747161 49.398510200000004)
621	Neckargerach	Bahnhofsvorplatz	de:08225:95592:0:1	49.398453	9.07435	bus	NO_MATCH					8936,8952,8954	Guttenbach, Dreschhalle / Neckargerach, Marktplatz / Neckarkatzenbach / Binau, Gasthaus Sonneneck		POINT(9.07435 49.398453)
622	Neckargerach	Marktplatz	de:08225:5992:0:2	49.401113	9.07037		NO_MATCH_AND_SEEMS_UNSERVED								POINT(9.07037 49.401113)
623	Neckargerach	Marktplatz	de:08225:5992:0:RiS	49.401002	9.069984	bus	MATCHED	n6799953294	16.7	1.0	Neckargerach, Marktplatz	836,8936,8952	Neckargerach, Bahnhofsvorplatz / Neckargerach, Bahnhof / Reichenbuch, Kirchenstraße / Guttenbach, Schleuse / Guttenbach, Dreschhalle / Zwingenberg, Kohlstatter Feld / Alte Dorfstraße, Zwingenberg (Baden) / Binau, Gasthaus Sonneneck	Neckargerach, Bahnhof / Guttenbach, Dreschhalle / Guttenbach Schleuse	LINESTRING(9.069984 49.401002,9.069925600000001 49.4011471)
624	Neckargerach	Schule	de:08225:5993	49.398745	9.078231		NO_MATCH_AND_SEEMS_UNSERVED								POINT(9.078231 49.398745)
625	Neckarkatzenb.	Buswendeplatz	de:08225:15666:0:1	49.384572	9.036603	bus	NO_MATCH					822	Neckarkatzenbach		POINT(9.036603 49.384572)
626	Neckarmühlbach	Burg Guttenberg	de:08225:50024:0:1	49.280306	9.133863	bus	NO_MATCH					8938	Hüffenhardt, Ortsmitte / Neckarmühlbach, Wil.-Hauff-Str		POINT(9.133863 49.280306)
627	Neckarmühlbach	Ort	de:08225:2787:0:RiN	49.283775	9.133171	bus	MATCHED	n971113676	15.5	1.0	Neckarmühlbach, Ort	828,8938	Haßmersheim, Ort / Haßmersheim, Friedhof / Haßmersheim, Hauptschule / Haßmersheim, Ort / Haßmersheim, Steg	Haßmersheim, Friedhof / Haßmersheim, Steg	LINESTRING(9.133171 49.283775,9.1333195 49.2836754)
628	Neckarmühlbach	Ort	de:08225:2787:0:RiS	49.283605	9.133082	bus	MATCHED	n971113568	9.0	1.0	Neckarmühlbach, Ort	828,8938	Hüffenhardt, Evang. Kirche / Neckarmühlbach, Wil.-Hauff-Str / Hüffenhardt, Ortsmitte	Neckarmühlbach, Wilhelm-Hauff-Straße	LINESTRING(9.133082 49.283605,9.1330465 49.283683)
629	Neckarmühlbach	Wil. -Hauff-Str	de:08225:5103:0:RiO	49.28384	9.137043	bus	MATCHED	n971113598	9.4	1.0	Neckarmühlbach, Wilhelm-Hauff-Straße	8938	Neckarmühlbach, Burg Guttenberg	Gundelsheim, Schleuse	LINESTRING(9.137043 49.28384,9.1369326 49.2837966)
630	Neckarmühlbach	Wil. -Hauff-Str	de:08225:5103:0:RiW	49.28384	9.13681	bus	MATCHED	n971113622	2.5	0.83	Neckarmühlbach, Wilhelm-Hauff-Straße	828,8938	Neckarmühlbach, Ort	Neckarmühlbach, Ort	LINESTRING(9.13681 49.28384,9.136802900000001 49.2838621)
631	Neckarzimmern	Bahnhof	de:08225:8223:1:1	49.316527	9.137654	train	MATCHED	n2438144613	6.1	1.0	Neckarzimmern	MEX12,RB10a,RE10a,S41	Neckarelz, Bahnhof / Neckarelz, Bahnhof / Neckarelz, Bahnhof	Mosbach-Neckarelz	LINESTRING(9.137654 49.316527,9.1375825 49.3165557)
632	Neckarzimmern	Bahnhof	de:08225:8223:2:2	49.316486	9.1376	train	MATCHED	n2438144612	4.6	1.0	Neckarzimmern	MEX12,RB10a,S41	Haßmersheim, Bahnhof	Haßmersheim	LINESTRING(9.1376 49.316486,9.1375582 49.3165172)
633	Neckarzimmern	Bahnhof	de:08225:8223:30:2	49.316509	9.136693		NO_MATCH_AND_SEEMS_UNSERVED								POINT(9.136693 49.316509)
634	Neckarzimmern	Kirche	de:08225:31:0:RiO	49.318406	9.132031	bus	MATCHED	n600461765	10.8	1.0	Neckarzimmern, Kirche	828	Neckarzimmern, Steinbach	Neckarzimmern, Steinbach	LINESTRING(9.132031 49.318406,9.1320491 49.318309600000006)
635	Neckarzimmern	Rathaus	de:08225:32:0:RiN	49.317909	9.134321	bus	MATCHED	n600461781	12.0	0.51	Neckarzimmern, Rathaus	828	Neckarelz, Heilbronner Straße		LINESTRING(9.134321 49.317909,9.134476900000001 49.317945200000004)
636	Neckarzimmern	Schleuse	de:08225:53:0:RiO	49.314922	9.132058	bus	MATCHED	n1591067087	7.6	1.0	Neckarzimmern, Schleuse	828,8938	Haßmersheim, Steg / Haßmersheim, Spielplatz / Haßmersheim, Ort	Haßmersheim, Spielplatz / Haßmersheim, Steg / Haßmersheim, Ort	LINESTRING(9.132058 49.314922,9.1320674 49.3148539)
637	Neckarzimmern	Schleuse	de:08225:53:0:RiW	49.314975	9.131923	bus	MATCHED	n1591067094	11.0	1.0	Neckarzimmern, Schleuse	828,8938	Hochhausen, Ort		LINESTRING(9.131923 49.314975,9.1320534 49.3150247)
638	Neckarzimmern	Steinbach	de:08225:33:0:RiN	49.311514	9.145631		MATCHED	n7045817620	123.3	1.0	Neckarzimmern, Steinbach				LINESTRING(9.145631 49.311514,9.1471341 49.311)
639	Neckarzimmern	Steinbach	de:08225:33:0:RiS	49.310887	9.147113	bus	MATCHED	n7045817610	127.1	1.0	Neckarzimmern, Steinbach	828	Neckarmühlbach, Wil.-Hauff-Str	Gundelsheim, Böttingen	LINESTRING(9.147113 49.310887,9.1455743 49.3114306)
640	Neunkirchen	Ers. Halt. Festplatz	de:08225:91841:0:1	49.388145	9.01489		NO_MATCH_AND_SEEMS_UNSERVED								POINT(9.01489 49.388145)
641	Neunkirchen	Hauptstraße	de:08225:6889:0:RiO	49.388297	9.006805	bus	MATCHED	n7114636147	4.0	1.0	Neunkirchen, Hauptstraße	822	Neunkirchen, Ludwigstraße		LINESTRING(9.006805 49.388297,9.006856500000001 49.388308900000006)
642	Neunkirchen	Ludwigstraße	de:08225:5209:0:RiS	49.38928	9.005135	bus	MATCHED	n262142326	9.1	1.0	Neunkirchen, Ludwigstraße	745,822,824,836,8952,8954	Breitenbronn, Am Dorfplatz / Neunkirchen, Seniorenheim / Oberschwarzach (Bdn) / Neunkirchen, Siedlung / Neunkirchen, Marktplatz / Neckarkatzenbach / Oberschwarzach (Bdn) / Breitenbronn, Ort	Breitenbronn, Am Dorfplatz / Schwanheim/Neckar / Neckarkatzenbach, Ort / Oberschwarzach	LINESTRING(9.005135 49.38928,9.005101 49.389359000000006)
643	Neunkirchen	Marktplatz	de:08225:9182:0:RiN	49.388508	9.008153		NO_MATCH_AND_SEEMS_UNSERVED								POINT(9.008153 49.388508)
644	Neunkirchen	Marktplatz	de:08225:9182:0:RiS	49.388338	9.008234	bus	NO_MATCH					8954	Neunkirchen, Ludwigstraße / Neckarkatzenbach		POINT(9.008234 49.388338)
645	Neunkirchen	Neckarkatzenbach	de:08225:4791:0:RiO	49.384221	9.034213	bus	MATCHED	n6312826093	6.6	1.0	Neckarkatzenbach, Ort	745,822,836,8952,8954	Guttenbach, Neckarkatz. Straße / Breitenbronn, Ort / Neunkirchen, Marktplatz / Neckarkatzenb., Buswendeplatz / Neckargerach, Bahnhofsvorplatz / Guttenbach, Dreschhalle	Guttenbach, Dreschhalle	LINESTRING(9.034213 49.384221,9.0341252 49.384204000000004)
646	Neunkirchen	Neckarkatzenbach	de:08225:4791:0:RiS	49.384602	9.036432		MATCHED	n7093664261	11.8	0.45	Neckarkatzenbach				LINESTRING(9.036432 49.384602,9.036530500000001 49.3846859)
647	Neunkirchen	Neckarkatzenbach	de:08225:4791:0:RiW	49.384274	9.034168	bus	MATCHED	n6312824975	7.8	1.0	Neckarkatzenbach Ort	745,822,836,8952	Breitenbronn, Am Dorfplatz / Neunkirchen, Siedlung / Neunkirchen, Ludwigstraße	Neunkirchen, Ludwigstraße	LINESTRING(9.034168 49.384274,9.034093 49.3843241)
648	Neunkirchen	Seniorenheim	de:08225:6949:0:RiW	49.395431	9.008135	bus	MATCHED	n6296832998	14.4	1.0	Neunkirchen, Seniorenheim	824	Neunkirchen, Siedlung		LINESTRING(9.008135 49.395431,9.008302200000001 49.395501100000004)
649	Neunkirchen	Siedlung	de:08225:4827:0:RiN	49.392653	9.002673	bus	MATCHED	n6296832997	13.9	1.0	Neunkirchen, Siedlung	822,8952	Schwanheim/Neckar / Neckarkatzenbach		LINESTRING(9.002673 49.392653,9.002858100000001 49.392620300000004)
650	Neunkirchen	Siedlung	de:08225:4827:0:RiS	49.39256	9.002727	bus	MATCHED	n1617167908	2.7	1.0	Neunkirchen, Siedlung	822,824,8952	Neunkirchen, Ludwigstraße / Oberschwarzach (Bdn) / Breitenbronn, Am Dorfplatz	Neunkirchen, Ludwigstraße	LINESTRING(9.002727 49.39256,9.0026904 49.392555200000004)
651	Neusaß	Ort	de:08225:864:0:RiO	49.621398	9.349189	bus	MATCHED	n9279972402	2.9	0.78	Neusaß Ort	849,8951	Gerolzahn, Ort / Glashofen, Ort / Glashofen, Ort / Walldürn, Dörrebrunnen / Wettersdorf, Ort / Reinhardsachsen, Madonnen. / Walldürn, Volksbank	Glashofen Ort	LINESTRING(9.349189 49.621398,9.349152 49.621388800000005)
652	Neusaß	Ort	de:08225:864:0:RiW	49.621468	9.349055	bus	MATCHED	n567147080	9.0	0.71	Neusaß Ort	849	Reinhardsachsen, Madonnen. / Gerolzahn, Ort	Madonnenländchen	LINESTRING(9.349055 49.621468,9.349179600000001 49.621473300000005)
653	Nüstenbach	Wendeplatte	de:08225:13:0:RiN	49.373513	9.125185	bus	MATCHED	n342353881	5.7	1.0	Nüstenbach, Wendeplatte	834,8942	Reichenbuch, Kirchenstraße / Masseldorn, Denkmal / Reichenbuch, Schulstraße / Masseldorn, Sportplatz / Masseldorn, Müller-Gut.-Schule	Reichenbuch, Kirchenstraße / Mosbach, Henschelberg	LINESTRING(9.125185 49.373513,9.125220500000001 49.373467700000006)
654	Oberdielbach	Abzw. Post	de:08225:4797:0:RiN	49.443682	9.056195	bus	MATCHED	n5164707496	5.5	1.0	Oberdielbach, Abzweigung Post	821,8953	Oberdielbach, Volksbank / Schollbrunn, Sägewerk / Oberdielbach, Ort	Oberdielbach, Ort	LINESTRING(9.056195 49.443682,9.0562562 49.443710700000004)
655	Oberdielbach	Abzw. Post	de:08225:4797:0:RiS	49.443559	9.056204	bus	MATCHED	n5164707495	8.9	1.0	Oberdielbach, Abzweigung Post	821,837,8953	Schollbrunn, Ort / Schollbrunn, Sägewerk / Schollbrunn, Sägewerk / Oberdielbach, Saatzucht	Schollbrunn, Sägewerk / Schollbrunn, Ort	LINESTRING(9.056204 49.443559,9.0561746 49.443480900000004)
656	Oberdielbach	Brandweiher	de:08225:4798:0:RiS	49.450171	9.055988	bus	MATCHED_AMBIGUOUSLY	n5968546822	5.7	1.0	Oberdielbach, Brandweiher	821,837,840,8953	Waldkatzenbach, Meisentalsiedl / Unterdielbach, Wolfsschlucht / Oberdielbach, Volksbank / Oberdielbach, Ort / Waldkatzenbach, Feriendorf	Oberdielbach, Ort / Oberdielbach Volksbank	LINESTRING(9.055988 49.450171,9.055909100000001 49.450166700000004)
657	Oberdielbach	Brandweiher	de:08225:4798:0:RiS	49.450171	9.055988	bus	MATCHED_AMBIGUOUSLY	n7368625494	15.5	1.0	Oberdielbach, Brandweiher	821,837,840,8953	Waldkatzenbach, Meisentalsiedl / Unterdielbach, Wolfsschlucht / Oberdielbach, Volksbank / Oberdielbach, Ort / Waldkatzenbach, Feriendorf	Waldkatzenbach Meisentalsiedlung	LINESTRING(9.055988 49.450171,9.056012 49.4503095)
658	Oberdielbach	Ort	de:08225:5986:0:RiN	49.446772	9.052296	bus	MATCHED	n776635682	4.2	1.0	Oberdielbach, Ort	821,8953	Oberdielbach, Volksbank / Oberdielbach, Brandweiher / Oberdielbach, Saatzucht / Strümpfelbrunn, Katzenbuckel-T	Strümpfelbrunn, Katzenbuckel-Therme / Oberdielbach Volksbank / Oberdielbach, Brandweiher	LINESTRING(9.052296 49.446772,9.0522916 49.446734400000004)
659	Oberdielbach	Ort	de:08225:5986:0:RiS	49.446707	9.052125	bus	MATCHED	n2440674301	13.5	1.0	Oberdielbach, Ort	821,840,8953	Schollbrunn, Sägewerk / Unterdielbach, Wolfsschlucht / Eberbach, Bahnhof / Unterdielbach, Wolfsschlucht	Unterdielbach, Wolfsschlucht	LINESTRING(9.052125 49.446707,9.0521417 49.4468283)
660	Oberdielbach	Saatzucht	de:08225:4799:0:RiN	49.45159	9.059492	bus	MATCHED	n5968530319	15.5	1.0	Oberdielbach, Saatzucht	821,8953	Oberdielbach, Brandweiher / Strümpfelbrunn, Katzenbuckel-T / Strümpfelbrunn, Schule		LINESTRING(9.059492 49.45159,9.0593647 49.451477800000006)
661	Oberdielbach	Saatzucht	de:08225:4799:0:RiS	49.451537	9.059321	bus	MATCHED	n5968530318	12.2	1.0	Oberdielbach, Saatzucht	821	Oberdielbach, Ort		LINESTRING(9.059321 49.451537,9.059346 49.451645500000005)
662	Oberdielbach	Volksbank	de:08225:4796:0:RiS	49.446877	9.054228	bus	MATCHED	n5164707494	11.4	0.52	Oberdielbach Volksbank	821,837,840,8953	Oberdielbach, Abzw. Post / Schollbrunn, Ort / Oberdielbach, Abzw. Post / Oberdielbach, Ort	Oberdielbach, Abzweigung Post	LINESTRING(9.054228 49.446877,9.054091600000001 49.4469283)
663	Oberneudorf	Ort	de:08225:2746:0:RiN	49.501408	9.265098	bus	NO_MATCH_BUT_OTHER_PLATFORM_MATCHED					821,841,8944	Hollerbach, Feuerwehr		POINT(9.265098 49.501408)
664	Oberneudorf	Ort	de:08225:2746:0:RiS	49.501297	9.265089	bus	MATCHED	n2405768073	7.2	0.62	Oberneudorf, Ort	821,841,8944	Waldhausen (Odenw) / Wagenschwend, Linde / Einbach, Ort / Langenelz, Ofenloch	Einbach, Ort / Hollerbach, Feuerwehr	LINESTRING(9.265089 49.501297,9.2651456 49.5012436)
665	Oberschefflenz	Bahnhof	de:08225:8205:1:1	49.417005	9.279238	train	MATCHED	n3211907882	8.4	1.0	Oberschefflenz	S1	Eicholzheim, Bahnhof	Eichholzheim	LINESTRING(9.279238 49.417005,9.279126600000001 49.416983300000005)
666	Oberschefflenz	Bahnhof	de:08225:8205:2:1	49.416783	9.279256	bus	MATCHED	n6789314826	6.5	0.63	Oberschefflenz, Bahnhof	835,842,8937	Waldhausen (Odenw) / Oberschefflenz, Kirche / Oberschefflenz, Talstraße / Rittersbach, Ort	Oberschefflenz Kirche / Oberschefflenz, Talstraße	LINESTRING(9.279256 49.416783,9.279178100000001 49.4168114)
667	Oberschefflenz	Bahnhof	de:08225:8205:3:2	49.416912	9.278456	train	MATCHED	n1588439998	5.9	1.0	Oberschefflenz	RE2,S1,S2,S3,S4	Auerbach (b. Mosbach), Bahnhof	Auerbach (b Mosbach)	LINESTRING(9.278456 49.416912,9.2783856 49.416884700000004)
668	Oberschefflenz	Kirche	de:08225:1397:0:RiN	49.415883	9.281924	bus	MATCHED	n1965711331	17.3	1.0	Oberschefflenz Kirche	835,842,8937,8941	Oberschefflenz, Bahnhof / Unterschefflenz, Schule / Oberschefflenz, Talstraße / Kleineicholzheim, Ort	Kleineicholzheim	LINESTRING(9.281924 49.415883,9.281729400000001 49.415973)
669	Oberschefflenz	Talstraße	de:08225:1396:0:RiN	49.413026	9.279606	bus	MATCHED	n6854843766	10.1	1.0	Oberschefflenz, Talstraße	835,842,8937	Oberschefflenz, Bahnhof / Oberschefflenz, Bahnhof / Oberschefflenz, Kirche	Oberschefflenz, Bahnhof	LINESTRING(9.279606 49.413026,9.2797351 49.412992700000004)
670	Oberschefflenz	Talstraße	de:08225:1396:0:RiS	49.412839	9.279696	bus	MATCHED	n4710799940	8.8	1.0	Oberschefflenz, Talstraße	835,8937	Mittelschefflenz, Pappelweg / Mittelschefflenz, Ort	Mittelschefflenz Pappelweg	LINESTRING(9.279696 49.412839,9.2796117 49.4128959)
671	Oberscheringen	Dorfstr. 	de:08225:42856:0:1	49.470063	9.233864	bus	NO_MATCH					832,840,841	Laudenberg, Schule / Heidersbach, Ort / Scheringen, L 584 / Laudenberg, Wilder Mann		POINT(9.233864 49.470063)
672	Oberscheringen	Dorfstr. Einbach	de:08225:42858:0:1	49.470682	9.234987	bus	NO_MATCH					841	Einbach, Ort / Scheringen, Feuerwehr / Waldhausen (Odenw)		POINT(9.234987 49.470682)
673	Oberscheringen	Ort	de:08225:2666:0:RiO	49.469988	9.233486	bus	MATCHED	n7734469187	7.4	0.62	Oberscheringen, Ort	832,840,841	Scheringen, Feuerwehr / Scheringen, L 584 / Scheringen, Feuerwehr / Laudenberg, Schule / Laudenberg, Wilder Mann	Laudenberg, Wilder Mann	LINESTRING(9.233486 49.469988,9.2333937 49.4700162)
674	Oberscheringen	Waldhaus. Str. 	de:08225:42857:0:1	49.47049	9.234924	bus	NO_MATCH					840	Scheringen, Feuerwehr		POINT(9.234924 49.47049)
675	Oberwittstadt	Ort	de:08225:194:0:RiS	49.42927	9.556035	bus	MATCHED	n834064149	16.1	0.45	Oberwittstadt Ort	844,8931,934	Schollhof, Ort / Hüngheim, Ort / Schillingstadt, Ort / Schwabhausen, Ort / Hüngheim, Ort / Hirschlanden / Unterwittstadt, Ort	Hüngheim Ort / Unterwittstadt Ort	LINESTRING(9.556035 49.42927,9.5558151 49.429250100000004)
676	Obrigheim	Gardinenfabrik	de:08225:52:0:RiN	49.341911	9.096179	bus	MATCHED	n7045817640	14.0	1.0	Obrigheim, Gardinenfabrik	828	Obrigheim, Neckarbrücke		LINESTRING(9.096179 49.341911,9.0963665 49.341939200000006)
677	Obrigheim	Gardinenfabrik	de:08225:52:0:RiS	49.341783	9.096089	bus	MATCHED	n7045817638	10.5	1.0	Obrigheim, Gardinenfabrik	828	Hochhausen, Ort	Hochhausen, Ort	LINESTRING(9.096089 49.341783,9.0962069 49.341838200000005)
678	Obrigheim	Grund-/Hauptschule	de:08225:2778:0:RiN	49.353984	9.093556	bus	MATCHED_THOUGH_OSM_NO_NAME	n2948992129	9.4	0.22		822,833	Obrigheim, Realschule / Obrigheim, Ortsein-/ausgang		LINESTRING(9.093556 49.353984,9.0936506 49.3539266)
679	Obrigheim	Im Luss	de:08225:42:0:RiO	49.355599	9.088166	bus	MATCHED	n2929536208	25.4	0.52	Obrigheim Im Luss	833	Obrigheim, Ortsein-/ausgang	Obrigheim, Ortseingang	LINESTRING(9.088166 49.355599,9.088513800000001 49.355623900000005)
680	Obrigheim	Im Trieb	de:08225:40:0:RiW	49.346974	9.090951	bus	MATCHED	n1941873723	3.8	0.74	Im Trieb	833	Obrigheim, Im Valtert		LINESTRING(9.090951 49.346974,9.0908999 49.3469658)
681	Obrigheim	Im Valtert	de:08225:41:0:RiN	49.34856	9.08468	bus	MATCHED	n9224020699	5.1	0.69	Im Valtert	833	Obrigheim, Im Luss / Obrigheim, Weißer Stein		LINESTRING(9.08468 49.34856,9.084698300000001 49.348604)
682	Obrigheim	Kirstetter Straße	de:08225:2780:0:RiW	49.351158	9.083441	bus	MATCHED	n7119427812	9.8	1.0	Obrigheim, Kirrstetterstraße	828,8938	Kälbertshausen, Rathaus / Obrigheim, Weißer Stein	Kälbertshausen, Rathaus	LINESTRING(9.083441 49.351158,9.0835483 49.351210900000005)
683	Obrigheim	Neckarbrücke	de:08225:2776:0:RiO	49.3521	9.097275	bus	MATCHED	n1656139245	13.8	1.0	Obrigheim, Neckarbrücke	822,828,833,8938,8952,899	Diedesheim, Schule / Neckarelz, Pattbergschule / Neckarelz, Bahnhof / Diedesheim, Zentrum / Obrigheim, Weißer Stein / Diedesheim, Kindergarten	Diedesheim, Schule / Obrigheim, Weißer Stein / Neckarelz, Bahnhof	LINESTRING(9.097275 49.3521,9.0971329 49.352018)
684	Obrigheim	Neckarbrücke	de:08225:2776:0:RiW	49.352071	9.096933	bus	MATCHED	n1656139259	10.2	1.0	Obrigheim, Neckarbrücke	822,828,833,8952,899	Kälbertshausen, Rathaus / Obrigheim, Grund-/Hauptschule / Obrigheim, Weißer Stein / Obrigheim, Gardinenfabrik / Hochhausen, Ort / Obrigheim, Im Trieb	Obrigheim, Weißer Stein / Obrigheim, Gardinenfabrik	LINESTRING(9.096933 49.352071,9.0969788 49.352158)
685	Obrigheim	Ortsein-/ausgang	de:08225:2779:0:RiO	49.354757	9.08398	bus	MATCHED	n2929536209	37.0	1.0	Obrigheim, Ortseingang	822,828,833,8952,899	Obrigheim, Weißer Stein / Obrigheim, Realschule	Obrigheim, Weißer Stein	LINESTRING(9.08398 49.354757,9.083473 49.354788500000005)
686	Obrigheim	Ortsein-/ausgang	de:08225:2779:0:RiW	49.354891	9.083405	bus	MATCHED	n2929536210	43.8	0.39	Obrigheim, Ortsausgang	822,833,8952,899	Asbach, Große Gärten / Aglasterhausen, Sparkasse / Breitenbronn, Sporthallenweg / Asbach, TECH-NO / Mörtelstein, Gunzenboden	Aglasterhausen, Sparkasse / Mörtelstein, Gunzenboden	LINESTRING(9.083405 49.354891,9.083999500000001 49.354825700000006)
687	Obrigheim	Realschule	de:08225:5989:0:RiS	49.35533	9.093664	bus	MATCHED	n2948992650	9.9	0.55	Obrigheim Realschule	822,828	Obrigheim, Weißer Stein / Obrigheim, Neckarbrücke		LINESTRING(9.093664 49.35533,9.0937976 49.355313900000006)
688	Obrigheim	Weißer Stein	de:08225:2777:0:RiO	49.353113	9.090376	bus	MATCHED	n1656139614	8.6	1.0	Obrigheim, Weißer Stein	822,828,833,8938,8952,899	Kälbertshausen, Rose / Obrigheim, Neckarbrücke	Obrigheim, Neckarbrücke	LINESTRING(9.090376 49.353113,9.0903413 49.3530394)
689	Obrigheim	Weißer Stein	de:08225:2777:0:RiW	49.353148	9.090331	bus	MATCHED	n1656139616	9.8	1.0	Obrigheim, Weißer Stein	822,828,833,8952,899	Asbach, Ortsstraße / Obrigheim, Kirstetter Straße / Obrigheim, Im Luss / Aglasterhausen, Mosbacher Str. / Breitenbronn, Sporthallenweg / Obrigheim, Ortsein-/ausgang	Obrigheim, Ortsausgang / Obrigheim, Kirrstetterstraße / Obrigheim Im Luss	LINESTRING(9.090331 49.353148,9.0903109 49.3532354)
690	Osterburken	Abzw. Boschstraße	de:08225:601:0:RiO	49.431514	9.437233	bus	MATCHED	n7116231541	8.6	1.0	Osterburken, Abzweigung Boschstraße	844,8932	Osterburken, Kirchb.-Kalkofen / Bronnacker, Ort		LINESTRING(9.437233 49.431514,9.4373517 49.431512500000004)
691	Osterburken	Abzw. Boschstraße	de:08225:601:0:RiW	49.431245	9.435886	bus	MATCHED	n2769008888	10.7	0.48	Osterburken, Abzweigung Boschstraße	844	Osterburken, Hauptschule		LINESTRING(9.435886 49.431245,9.435955100000001 49.431329600000005)
692	Osterburken	Adventon	de:08225:8213:0:RiO	49.41039	9.453062	bus	MATCHED	n11495612880	7.7	0.61	Osterburken, Adventon	844	Merchingen, Ort / Osterburken, Alte Schule		LINESTRING(9.453062 49.41039,9.4530549 49.4104594)
693	Osterburken	Alte Römerstraße	de:08225:8214:0:1	49.42199	9.442991	bus	MATCHED_THOUGH_NAMES_DIFFER	n2802985382	9.6	0.25	Ersatzhaltestelle	844	Osterburken, Hauptschule		LINESTRING(9.442991 49.42199,9.4428599 49.421980600000005)
694	Osterburken	Alte Schule	de:08225:6364:0:RiO	49.431356	9.42825		MATCHED	n3571884494	16.6	0.37	Alte Schule				LINESTRING(9.42825 49.431356,9.4282264 49.4315045)
695	Osterburken	Alte Schule	de:08225:6364:0:RiW	49.43187	9.427469	bus	MATCHED	n370263413	64.5	0.36	Alte Schule	844,8931	Osterburken, Bahnhof / Osterburken, Abzw. Boschstraße	Osterburken, Bahnhof	LINESTRING(9.427469 49.43187,9.4277992 49.4313312)
696	Osterburken	Bahnhof	de:08225:8200:1:1	49.429639	9.422393	train	MATCHED	n3176948223	15.6	1.0	Osterburken	RE2,S1,S2,S3,S4	Adelsheim, Nordbahnhof	Adelsheim-Nord	LINESTRING(9.422393 49.429639,9.422253000000001 49.42953240000001)
697	Osterburken	Bahnhof	de:08225:8200:2:2	49.429452	9.422213	train	MATCHED	n1608674100	1.4	1.0	Osterburken	RB8,RB85,RE8	Möckmühl / Adelsheim, Ost / Roigheim / Rosenberg, Bahnhof	Möckmühl	LINESTRING(9.422213 49.429452,9.422231700000001 49.4294528)
698	Osterburken	Bahnhof	de:08225:8200:2:3	49.429393	9.42233	train	MATCHED	n3176948221	13.1	1.0	Osterburken	MEX18,RB18	Adelsheim, Ost	Adelsheim Ost	LINESTRING(9.42233 49.429393,9.4222044 49.429307800000004)
699	Osterburken	Bahnhof	de:08225:8200:2:4	49.429662	9.42277	train	MATCHED	n2438144614	19.9	1.0	Osterburken	RB84,RB85,RE8	Seckach, Bahnhof / Rosenberg, Bahnhof / Eubigheim, Bahnhof / Lauda, Bahnhof	Lauda / Rosenberg (Baden)	LINESTRING(9.42277 49.429662,9.4229687 49.429786)
700	Osterburken	Bahnhof	de:08225:8200:3:5	49.430083	9.422456	bus	MATCHED	w1324239555	5.5	0.67	Osterburken, Bahnhof	842,844,848,857,8931,8932,8941,9839	Bofsheim, Ort / Osterburken, GTO / Schlierstadt, Ort / Adelsheim, Jakobskirche / Osterburken, Hauptschule / Hemsbach, Ort / Hohenstadt, Ort / Osterburken, Rathaus / Bofsheim, A.-Lindgren-Schule / Adelsheim, Baron-Carl-Straße / Schlierstadt, Ort / Merchingen, Ort / Adelsheim, Schulzentrum		LINESTRING(9.422456 49.430083,9.42246785 49.43003375000001)
701	Osterburken	Betr. h. Sport&Fun	de:08225:18216:0:1	49.422832	9.419186		NO_MATCH_AND_SEEMS_UNSERVED								POINT(9.419186 49.422832)
702	Osterburken	GTO	de:08225:434:0:1	49.433144	9.414021	bus	MATCHED	w761654328	10.9	0.29	Osterburken, GTO	844,848,857,8931	Osterburken, Rathaus / Osterburken, Bahnhof / Osterburken, Hauptschule / Osterburken, Bahnhof / Adelsheim, Baron-Carl-Straße / Merchingen, Ort / Schlierstadt, Ort / Hemsbach, Am Eber / Adelsheim, Schulzentrum		LINESTRING(9.414021 49.433144,9.4141119 49.4332216)
703	Osterburken	Hauptschule	de:08225:594:0:1	49.430462	9.433137	bus	MATCHED	n7118730324	8.3	1.0	Osterburken, Grund- und Hauptschule	844,848,857	Merchingen, Ort / Osterburken, Bahnhof / Osterburken, GTO / Osterburken, R I O / Hemsbach, Ort / Hemsbach, Am Eber		LINESTRING(9.433137 49.430462,9.433140700000001 49.4305365)
704	Osterburken	Kirchb. -Kalkofen	de:08225:6363:0:RiO	49.428996	9.435634	bus	MATCHED	n3571884502	9.8	1.0	Osterburken, Kirchberg-Kalkofen	844	Osterburken, RIO Süd		LINESTRING(9.435634 49.428996,9.4355566 49.4289241)
705	Osterburken	Kirchb. -Kalkofen	de:08225:6363:0:RiW	49.428943	9.435473		MATCHED	n13123025235	10.7	0.43	Osterburken, Kirchberg-Kalkofen				LINESTRING(9.435473 49.428943,9.4353263 49.428938)
706	Osterburken	R I O	de:08225:191:0:1	49.420465	9.446989	bus	MATCHED	n11236426541	8.6	0.71	Osterburken R I O	844	Merchingen, Ort / Osterburken, Alte Schule / Ravenstein, Abzw. Dörnishof / Osterburken, RIO West	Dörnishof Abzweig / Osterburken, Bahnhof	LINESTRING(9.446989 49.420465,9.4470256 49.4205382)
707	Osterburken	RIO Nord	de:08225:212:0:1	49.424094	9.448642	bus	MATCHED	n11236426539	48.0	0.24	Osterburken RIO Nord	844	Osterburken, RIO West		LINESTRING(9.448642 49.424094,9.4480115 49.4242252)
708	Osterburken	RIO Ost	de:08225:209:0:1	49.422247	9.449944	bus	MATCHED	n11236426540	17.6	0.43	Osterburken RIO Ost	844	Osterburken, RIO Nord		LINESTRING(9.449944 49.422247,9.449858500000001 49.422099100000004)
709	Osterburken	RIO Süd	de:08225:205:0:1	49.420477	9.447312	bus	MATCHED	n2687473939	2.7	0.79	Osterburken RIO Süd	844,8931	Osterburken, Alte Schule / Merchingen, Ort / Adelsheim, Wemmershof / Osterburken, RIO Ost		LINESTRING(9.447312 49.420477,9.4473184 49.4205011)
710	Osterburken	RIO West	de:08225:231:0:1	49.423042	9.444105	bus	MATCHED	n11236426538	6.5	0.64	Osterburken RIO West	844	Osterburken, Rathaus / Osterburken, Bahnhof		LINESTRING(9.444105 49.423042,9.444019500000001 49.4230603)
711	Osterburken	Rathaus	de:08225:6362:0:1	49.431035	9.427037	bus	MATCHED	n7118730322	8.3	1.0	Osterburken, Rathaus	844,8931,8932,9	Osterburken, R I O / Osterburken, Bahnhof / Osterburken, GTO / Osterburken, Adventon / Osterburken, RIO Süd / Osterburken, Abzw. Boschstraße / Ravenstein, Abzw. Dörnishof / Osterburken, Alte Schule	Osterburken R I O	LINESTRING(9.427037 49.431035,9.427150600000001 49.431025600000005)
712	Ravenstein	Abzw. Dörnishof	de:08225:906:0:1	49.403826	9.468818		MATCHED	n12253988186	22.6	0.25	Dörnishof Abzweig			Osterburken R I O / Hopfengarten Abzweig	LINESTRING(9.468818 49.403826,9.4686131 49.4039793)
713	Reichenbuch	Kirchenstraße	de:08225:118:0:RiN	49.395056	9.096583	bus	MATCHED	n7018887887	18.5	1.0	Reichenbuch, Kirchenstraße	834,8936,8942	Reichenbuch, Schulstraße / Robern, Hirsch / Nüstenbach, Wendeplatte	Reichenbuch, Schulstraße	LINESTRING(9.096583 49.395056,9.0965302 49.394893200000006)
714	Reichenbuch	Kirchenstraße	de:08225:118:0:RiS	49.394893	9.096484	bus	MATCHED	n1793639313	21.4	1.0	Reichenbuch, Kirchenstraße	834,8936,8942	Nüstenbach, Wendeplatte / Masseldorn, Müller-Gut.-Schule / Neckargerach, Marktplatz	Nüstenbach, Wendeplatte	LINESTRING(9.096484 49.394893,9.0964881 49.3950851)
715	Reichenbuch	Schulstraße	de:08225:115:0:RiN	49.396027	9.099251	bus	MATCHED	n1793639330	18.7	1.0	Reichenbuch, Schulstraße	834,8936,8942	Robern, Hirsch / Lauerskreuz, Ort / Reichenbuch, Kirchenstraße / Lohrbach, Flugplatz	Lohrbach, Flugplatz	LINESTRING(9.099251 49.396027,9.099107700000001 49.3958869)
716	Reichenbuch	Schulstraße	de:08225:115:0:RiS	49.395963	9.099071	bus	MATCHED	n7018878978	23.3	1.0	Reichenbuch, Schulstraße	834,8936,8942	Reichenbuch, Kirchenstraße	Reichenbuch, Kirchenstraße	LINESTRING(9.099071 49.395963,9.099325 49.3960907)
717	Reinhardsachsen	Madonnen. 	de:08225:871:0:1	49.637632	9.349091	bus	MATCHED	n9279883691	10.8	0.3	Madonnenländchen	849,8951	Wettersdorf, Ort / Kaltenbrunn, Ort / Neusaß, Ort / Reinhardsachsen, Ort / Glashofen, Ort	Kaltenbrunn Ort / Reinhardsachsen, Ort	LINESTRING(9.349091 49.637632,9.3492365 49.6376087)
718	Reinhardsachsen	Ort	de:08225:861:0:1	49.640081	9.344743	bus	MATCHED	n567147133	12.8	0.49	Reinhardsachsen, Ort	849,8951	Reinhardsachsen, Madonnen. / Gerolzahn, Ort / Gottersdorf, Freilandmuseum / Kaltenbrunn, Ort / Walldürn, Volksbank	Gottersdorf Freilandmuseum / Kaltenbrunn Ort	LINESTRING(9.344743 49.640081,9.3448822 49.640152400000005)
719	Reisenbach	Grund	de:08225:5985	49.49125	9.110058		MATCHED	n8863328388	56.1	0.16	Reisenbacher Grund				LINESTRING(9.110058 49.49125,9.1092881 49.4911976)
720	Reisenbach	Ort	de:08225:2759:0:1	49.504114	9.124916	bus	MATCHED	n5164707507	12.8	0.49	Reisenbach Ort	821,832,8935	Strümpfelbrunn, Siedlung / Scheidental, Ort / Wagenschwend, Dorfmuseum / Unterscheidental, Ort	Scheidental, Ort	LINESTRING(9.124916 49.504114,9.1247629 49.5040556)
721	Rinschheim	Ort	de:08225:94:0:RiO	49.5141	9.391949	bus	MATCHED	n8146298591	6.0	0.77	Rinschheim, Ort	844,8946	Götzingen, Schule / Altheim, Pfarrer-Hauser-Platz / Götzingen, Ort / Götzingen, Ort	Götzingen Ort	LINESTRING(9.391949 49.5141,9.3920321 49.514094500000006)
722	Rinschheim	Ort	de:08225:94:0:RiW	49.51378	9.391266	bus	MATCHED	n2457025660	68.0	0.35	Rinschheim Ort	844	Hettingen, Ort / Götzingen, Schule	Hettingen Ort	LINESTRING(9.391266 49.51378,9.3919213 49.5142188)
723	Rinschheim	Raiffeisenstraße	de:08225:35048:0:1	49.513506	9.393126	bus	MATCHED	n439775257	13.2	0.48	Rinschheim, Raiffeisenstraße	844	Götzingen, Schule / Eberstadt, Rathaus / Rinschheim, Ort / Hettingen , Abzw. Schule		LINESTRING(9.393126 49.513506,9.393048700000001 49.513398300000006)
724	Rippberg	Bahnhof	de:08225:6624:1:1	49.624831	9.291014	train	MATCHED	n5650584553	27.4	1.0	Rippberg	RB84	Walldürn, Bahnhof / Schneeberg im Odenwald	Schneeberg im Odenwald / Walldürn	LINESTRING(9.291014 49.624831,9.2913013 49.62466980000001)
725	Rippberg	Bahnhof	de:08225:6624:30:Bus	49.624389	9.290475	bus	NO_MATCH_BUT_OTHER_PLATFORM_MATCHED					8951	Gerolzahn, Ort / Rippberg, Schule		POINT(9.290475 49.624389)
726	Rippberg	Hauptstraße	de:08225:3910	49.624337	9.290583		NO_MATCH_AND_SEEMS_UNSERVED								POINT(9.290583 49.624337)
727	Rippberg	Schule	de:08225:899:0:RiN	49.62148	9.292901	bus	NO_MATCH_BUT_OTHER_PLATFORM_MATCHED					849,8951	Hornbach, Linkenmühle / Gottersdorf, Freilandmuseum / Gerolzahn, Ort / Rippberg, Bahnhof		POINT(9.292901 49.62148)
728	Rippberg	Schule	de:08225:899:0:RiS	49.621357	9.292874	bus	MATCHED	n6691082317	25.0	0.52	Rippberg, Schule	849,8951	Hornbach, Linkenmühle	Linkenmühle	LINESTRING(9.292874 49.621357,9.29273 49.6215617)
729	Rittersbach	Ort	de:08225:2662:0:RiN	49.424064	9.236109	bus	MATCHED	n3139184940	14.9	1.0	Rittersbach, Ort	841,8937	Buchen, Stadion / Rittersbach, Schule / Heidersbach, Ort / Oberschefflenz, Bahnhof	Heidersbach, Ort	LINESTRING(9.236109 49.424064,9.2363058 49.4241036)
730	Rittersbach	Ort	de:08225:2662:0:RiS	49.423807	9.235813	bus	MATCHED	n2405768234	5.8	1.0	Rittersbach, Ort	841,8937	Dallau, Mitte / Rittersbach, Schule / Auerbach/Mb, Schule	Dallau, Mitte	LINESTRING(9.235813 49.423807,9.235732800000001 49.423804100000005)
731	Rittersbach	Rathaus	de:08225:6782	49.424596	9.234591		NO_MATCH_AND_SEEMS_UNSERVED								POINT(9.234591 49.424596)
732	Rittersbach	Schule	de:08225:6019:0:RiO	49.424696	9.233891	bus	MATCHED	n8137336467	65.0	0.19	Rittersbach, Schule	832,841	Heidersbach, Ort / Muckental, Kindergarten / Auerbach/Mb, Schule		LINESTRING(9.233891 49.424696,9.2335823 49.425245000000004)
733	Rittersbach	Schule	de:08225:6019:0:RiW	49.425157	9.233648	bus	MATCHED	n7021258981	10.2	1.0	Rittersbach, Schule	841	Muckental, Kindergarten		LINESTRING(9.233648 49.425157,9.2337489 49.4252211)
734	Robern	Hirsch	de:08225:1425:0:RiN	49.452629	9.161567	bus	MATCHED	n3168130212	9.9	1.0	Robern, Hirsch	832,840,8942	Robern, Sägewerk / Wagenschwend, Linde / Robern, Kirche	Robern, Sägewerk	LINESTRING(9.161567 49.452629,9.1617022 49.4526188)
735	Robern	Hirsch	de:08225:1425:0:RiS	49.452524	9.161558	bus	MATCHED	n3168130211	9.9	1.0	Robern, Hirsch	832,840,8942	Robern, Roberner See / Trienz, Bahnhof / Trienz, Linde	Roberner See	LINESTRING(9.161558 49.452524,9.1614553 49.4524659)
736	Robern	Kirche	de:08225:6761:0:1	49.454042	9.162753	bus	MATCHED	n3476479753	8.2	1.0	Robern, Kirche	832,840,8942	Robern, Hirsch / Wagenschwend, Linde	Robern, Hirsch	LINESTRING(9.162753 49.454042,9.162647900000001 49.454068400000004)
737	Robern	Roberner See	de:08225:6762:0:RiN	49.442695	9.154686	bus	MATCHED	n3476479749	63.0	1.0	Roberner See	832,840	Robern, Hirsch	Robern, Hirsch	LINESTRING(9.154686 49.442695,9.1545754 49.44213310000001)
738	Robern	Roberner See	de:08225:6762:0:RiS	49.442607	9.154569	bus	MATCHED	n7115149135	10.3	1.0	Roberner See	832,840	Fahrenbach, Friedhof / Trienz, Am Denkmal	Trienz, Am Denkmal	LINESTRING(9.154569 49.442607,9.154480300000001 49.4425346)
739	Robern	Sägewerk	de:08225:1426:0:RiO	49.453102	9.166795	bus	MATCHED	n7673313981	14.9	0.62	Robern, Sägewerk	832,840	Krumbach/Li, Sportplatz	Krumbach, Sportplatz	LINESTRING(9.166795 49.453102,9.166702800000001 49.4529822)
740	Robern	Sägewerk	de:08225:1426:0:RiW	49.453044	9.166607	bus	NO_MATCH_BUT_OTHER_PLATFORM_MATCHED					832	Robern, Hirsch		POINT(9.166607 49.453044)
741	Rosenberg	Abzw. Bronnacker	de:08225:603:0:RiO	49.452798	9.479813		NO_MATCH_AND_SEEMS_UNSERVED								POINT(9.479813 49.452798)
742	Rosenberg	Abzw. Bronnacker	de:08225:603:0:RiW	49.452483	9.478717		NO_MATCH_AND_SEEMS_UNSERVED								POINT(9.478717 49.452483)
743	Rosenberg	Abzw. Bronnacker	de:08225:603:0:Ri_O	49.452693	9.47984		MATCHED	n11964679243	5.1	0.5	Abzweigung Bronnacker				LINESTRING(9.47984 49.452693,9.4798097 49.4527341)
744	Rosenberg	Abzw. Bronnacker	de:08225:603:0:Ri_W	49.452471	9.47861		MATCHED	n11964679242	1.2	0.66	Abzweigung Bronnacker				LINESTRING(9.47861 49.452471,9.4786257 49.4524728)
745	Rosenberg	Bahnhof	de:08225:6109:1:1	49.457563	9.47154	train	MATCHED	n3330080025	11.2	0.54	Rosenberg (Baden)	RB85,RE8	Eubigheim, Bahnhof	Eubigheim	LINESTRING(9.47154 49.457563,9.471406400000001 49.4575126)
746	Rosenberg	Bahnhof	de:08225:6109:2:2	49.457371	9.470947	train	MATCHED	n3330080026	36.2	0.37	Rosenberg (Baden)	RB8,RB85,RE8	Osterburken, Bahnhof / Osterburken, Bahnhof	Osterburken	LINESTRING(9.470947 49.457371,9.4713726 49.4575406)
747	Rosenberg	Bahnhof	de:08225:6109:30:Bus	49.45782	9.471486	bus	NO_MATCH_BUT_OTHER_PLATFORM_MATCHED					939	Sindolsheim, Luckengasse		POINT(9.471486 49.45782)
748	Rosenberg	Brücke	de:08225:189:0:RiO	49.455058	9.474477	bus	MATCHED_THOUGH_NAMES_DIFFER	w272739328	8.4	0.12	Bushaltestelle	844,8932	Bronnacker, Ort / Rosenberg, Rathaus		LINESTRING(9.474477 49.455058,9.47444078037798 49.455129621191084)
749	Rosenberg	Brücke	de:08225:189:0:RiW	49.454977	9.474352	bus	NO_MATCH_BUT_OTHER_PLATFORM_MATCHED					844	Bronnacker, Ort		POINT(9.474352 49.454977)
750	Rosenberg	Brücke	de:08225:189:0:Ri_O	49.454971	9.474495		NO_MATCH_AND_SEEMS_UNSERVED								POINT(9.474495 49.454971)
751	Rosenberg	Brücke	de:08225:189:0:Ri_W	49.455018	9.474361		NO_MATCH_AND_SEEMS_UNSERVED								POINT(9.474361 49.455018)
752	Rosenberg	Firma Getrag	de:08225:604:0:RiO	49.460349	9.475573	bus	NO_MATCH					8932	Hirschlanden		POINT(9.475573 49.460349)
753	Rosenberg	Firma Getrag	de:08225:604:0:RiW	49.460273	9.475412		NO_MATCH_AND_SEEMS_UNSERVED								POINT(9.475412 49.460273)
754	Rosenberg	Firma Getrag	de:08225:604:0:Ri_O	49.460244	9.475484		NO_MATCH_AND_SEEMS_UNSERVED								POINT(9.475484 49.460244)
755	Rosenberg	Firma Getrag	de:08225:604:0:Ri_W	49.460279	9.475376		NO_MATCH_AND_SEEMS_UNSERVED								POINT(9.475376 49.460279)
756	Rosenberg	Hirschlanden	de:08225:6021:0:Ri_N	49.474745	9.499747	bus	NO_MATCH_BUT_OTHER_PLATFORM_MATCHED					844,939	Berolzheim, Milchhaus		POINT(9.499747 49.474745)
757	Rosenberg	Hirschlanden	de:08225:6021:0:Ri_S	49.474418	9.499873	bus	MATCHED	n633484586	8.6	0.59	Hirschlanden	844,8932	Rosenberg, Rathaus / Sindolsheim, Luckengasse		LINESTRING(9.499873 49.474418,9.4999672 49.474371500000004)
758	Rosenberg	Post	de:08225:6118	49.45862	9.471908		NO_MATCH_AND_SEEMS_UNSERVED								POINT(9.471908 49.45862)
759	Rosenberg	Rathaus	de:08225:188:0:Ri_O	49.457517	9.473462	bus	MATCHED	n11492519636	1.7	0.85	Rosenberg, Rathaus	844	Rosenberg, Brücke / Rosenberg, Brücke		LINESTRING(9.473462 49.457517,9.4734572 49.4575322)
760	Rosenberg	Rathaus	de:08225:188:0:Ri_W	49.457616	9.47339	bus	MATCHED	n11492519635	9.4	0.57	Rosenberg, Rathaus	844,8932	Sindolsheim, Luckengasse / Hirschlanden / Rosenberg, Firma Getrag / Bofsheim, Ort / Sindolsheim, Milchhaus		LINESTRING(9.47339 49.457616,9.4732623 49.4576299)
761	Rumpfen	Ort	de:08225:2749:0:RiO	49.534119	9.243395	bus	NO_MATCH_BUT_OTHER_PLATFORM_MATCHED					821,823,8943	Steinbach, Unterdorf / Ünglert, Ort / Mudau, Rumpfener Straße / Unterneudorf, Ort		POINT(9.243395 49.534119)
762	Rumpfen	Ort	de:08225:2749:0:RiW	49.534084	9.243242	bus	MATCHED	n7237007551	7.0	1.0	Rumpfen, Ort	821,832	Mudau, Rathaus / Mudau, Rathaus / Steinbach, Ort / Mudau, Rumpfener Straße / Steinbach, Unterdorf		LINESTRING(9.243242 49.534084,9.2431809 49.5341328)
763	Rüdental	Ort	de:08225:268:0:RiN	49.631221	9.477756	bus	MATCHED	n1829591800	3.9	0.6	Rudental, Ort	843	Steinfurt, Ort		LINESTRING(9.477756 49.631221,9.4778097 49.631218600000004)
764	Rüdental	Ort	de:08225:268:0:RiS	49.631122	9.477666	bus	MATCHED_THOUGH_OSM_NO_NAME	n1829591799	15.6	0.17		841,843,8950	Hardheim, Rote Au / Hardheim, Post / Dornberg, Ort		LINESTRING(9.477666 49.631122,9.4775039 49.6310293)
765	Rütschdorf	Ort	de:08225:223:0:1	49.641867	9.414919	bus	MATCHED	n3137940517	8.0	0.59	Rütschdorf, Ort	843,8950	Dornberg, Ort / Vollmersdorf, Ort		LINESTRING(9.414919 49.641867,9.414808500000001 49.6418649)
766	Sattelbach	Bahnübergang	de:08225:1417:0:RiN	49.414972	9.160319	bus	MATCHED	n3476479734	10.2	1.0	Sattelbach, Bahnübergang	832,834	Sattelbach, Salle / Fahrenbach, Apotheke	Sattelbach, Salle	LINESTRING(9.160319 49.414972,9.160432700000001 49.4149182)
767	Sattelbach	Bahnübergang	de:08225:1417:0:RiS	49.414738	9.159447	bus	MATCHED_THOUGH_OSM_NO_NAME	n3476447465	9.6	1.0	Sattelbach, Bahnübergang	832	Sattelbach, Hirsch		LINESTRING(9.159447 49.414738,9.159324400000001 49.414769400000004)
768	Sattelbach	Hirsch	de:08225:1413:0:RiN	49.407327	9.158522	bus	MATCHED	n3476447455	5.8	1.0	Sattelbach, Hirsch	832,834	Sattelbach, Bahnübergang	Sattelbach, Bahnübergang	LINESTRING(9.158522 49.407327,9.1585891 49.4073549)
769	Sattelbach	Hirsch	de:08225:1413:0:RiS	49.406473	9.158513	bus	MATCHED	n7018878947	11.6	1.0	Sattelbach, Hirsch	832	Mosbach, Bahnhof Bleichstraße / Mosbach, Hasbachtal / Lohrbach, Schule		LINESTRING(9.158513 49.406473,9.1584255 49.406560000000006)
770	Sattelbach	Lohrbacher Straße	de:08225:1414:0:RiO	49.406625	9.159492	bus	MATCHED	n7018878941	4.1	1.0	Sattelbach, Lohrbacher Straße	832,834,8942	Sattelbach, Löwen	Sattelbach, Löwen	LINESTRING(9.159492 49.406625,9.159501 49.406588400000004)
771	Sattelbach	Lohrbacher Straße	de:08225:1414:0:RiW	49.406585	9.15933	bus	MATCHED	n3535074907	4.2	1.0	Sattelbach, Lohrbacher Straße	832,834,8942	Lohrbach, Schule / Mosbach, Hasbachtal	Lohrbach, Schule	LINESTRING(9.15933 49.406585,9.1592736 49.4065918)
772	Sattelbach	Löwen	de:08225:1415:0:RiN	49.410232	9.169401	bus	MATCHED	n7018878935	4.6	1.0	Sattelbach, Löwen	832,8942	Sattelbach, Salle	Sattelbach, Salle	LINESTRING(9.169401 49.410232,9.1694641 49.4102333)
773	Sattelbach	Löwen	de:08225:1415:0:RiS	49.410109	9.169454	bus	MATCHED	n1257438558	1.5	1.0	Sattelbach, Löwen	832,834,8942	Sattelbach, Lohrbacher Straße / Sattelbach, Lohrbacher Straße	Sattelbach, Lohrbacher Straße	LINESTRING(9.169454 49.410109,9.1694349 49.4101148)
774	Sattelbach	Salle	de:08225:1416:0:RiN	49.414469	9.161846	bus	MATCHED	n1257443511	1.6	1.0	Sattelbach, Salle	832,8942	Fahrenbach, Apotheke	Fahrenbach, Apotheke	LINESTRING(9.161846 49.414469,9.1618668 49.414464800000005)
775	Sattelbach	Salle	de:08225:1416:0:RiS	49.414393	9.161954	bus	MATCHED	n7018878903	11.4	1.0	Sattelbach, Salle	832,834,8942	Sattelbach, Löwen	Sattelbach, Löwen	LINESTRING(9.161954 49.414393,9.1618004 49.4144127)
776	Scheidental	Oberdorf	de:08225:5984	49.508081	9.149898		NO_MATCH_AND_SEEMS_UNSERVED								POINT(9.149898 49.508081)
777	Scheidental	Ort	de:08225:2758:0:RiN	49.508174	9.151488	bus	MATCHED	n7235898782	24.4	1.0	Scheidental, Ort	821,832,8935	Mudau, Rathaus / Mudau, Rathaus / Waldauerbach, Ort / Mudau, Bahnhof	Waldauerbach, Ort / Mudau, Rathaus	LINESTRING(9.151488 49.508174,9.1517582 49.508305)
778	Scheidental	Ort	de:08225:2758:0:RiS	49.508139	9.151344	bus	MATCHED	n5107244832	8.1	1.0	Scheidental, Ort	821,832,8935	Unterscheidental, Ort / Mülben, Waldbrunner Hof / Strümpfelbrunn, Kurgarten / Reisenbach, Ort / Balsbach, Kloster / Wagenschwend, Dorfmuseum	Strümpfelbrunn, Kurgarten / Wangenschwend, Dorfmuseum / Unterscheidental, Ort	LINESTRING(9.151344 49.508139,9.151284200000001 49.5082004)
779	Scheringen	Feuerwehr	de:08225:2762:0:RiO	49.466619	9.23522	bus	MATCHED	n2405768235	9.5	0.56	Scheringen Ort	840,841,8935,8944	Oberscheringen,Dorfstr.Einbach / Heidersbach, Ort / Waldhausen (Odenw) / Oberscheringen, Dorfstr.	Waldhausen, Ort	LINESTRING(9.23522 49.466619,9.2353503 49.4666244)
780	Scheringen	Feuerwehr	de:08225:2762:0:RiW	49.466765	9.234654	bus	MATCHED	n2426555460	12.1	0.36	Scheringen Ort	832,840,841,8935	Heidersbach, Ort / Limbach, Schule / Oberscheringen, Dorfstr. / Oberscheringen, Ort / Limbach, Hirschberg		LINESTRING(9.234654 49.466765,9.234567400000001 49.466858)
781	Scheringen	L 584	de:08225:42855:0:1	49.466567	9.235148	bus	NO_MATCH					832,840,841,844	Heidersbach, Ort / Limbach, Schule / Limbach, Kirche / Waldhausen (Odenw) / Waldhausen (Odenw)		POINT(9.235148 49.466567)
782	Schlempertshof	Ort	de:08225:6014:0:1	49.614042	9.41332	bus	MATCHED	n9863668210	3.7	0.73	Schlempertshof, Ort	843	Höpfingen, Siedl. Hohle Eiche / Höpfingen, Schule		LINESTRING(9.41332 49.614042,9.413273400000001 49.6140279)
783	Schlierstadt	Geisbergstraße	de:08225:14137:0:1	49.454918	9.368099		NO_MATCH_AND_SEEMS_UNSERVED								POINT(9.368099 49.454918)
784	Schlierstadt	Geisbergstraße	de:08225:14137:0:2	49.454866	9.368081		MATCHED	n2804548007	53.1	0.11	Schlierstadt, Ort			Osterburken, Bahnhof	LINESTRING(9.368081 49.454866,9.367380500000001 49.454726300000004)
785	Schlierstadt	Ort	de:08225:847:0:RiN	49.455035	9.366778	bus	MATCHED	n2463393495	10.2	0.69	Schlierstadt, Ort	848	Eberstadt, Möbel Gramlich	Eberstadt, Möbel Gramlich	LINESTRING(9.366778 49.455035,9.366896200000001 49.4549852)
786	Schlierstadt	Ort	de:08225:847:0:RiS	49.454918	9.366769	bus	MATCHED	n3571755807	12.8	1.0	Schlierstadt, Ort	848,8932	Osterburken, Bahnhof / Zimmern, Mühle / Schlierstadt, Seligent. Hof / Hemsbach, Ort / Adelsheim, Nordbahnhof / Osterburken, GTO	Schlierstadt, Ort	LINESTRING(9.366769 49.454918,9.3667005 49.4550245)
787	Schlierstadt	Seligent. Hof	de:08225:14132:0:1	49.440767	9.370497	bus	MATCHED_THOUGH_OSM_NO_NAME	n4553847234	16.2	0.17		848	Zimmern, Mühle / Schlierstadt, Ort / Schlierstadt, Ort		LINESTRING(9.370497 49.440767,9.3703298 49.4408636)
788	Schloßau	Ort	de:08225:2756:0:RiO	49.539471	9.153967	bus	MATCHED	n7235900391	8.0	1.0	Schloßau, Ort	821,832,8943	Mudau, Rathaus / Waldauerbach, Ort / Mudau, Schule / Mudau, Rathaus / Schloßau, Schule Süd / Mörschenhardt, Ort	Mudau, Rathaus	LINESTRING(9.153967 49.539471,9.153906000000001 49.539410700000005)
789	Schloßau	Ort	de:08225:2756:0:RiW	49.539465	9.153788	bus	MATCHED	n7235900393	9.5	1.0	Schloßau, Ort	821,832	Waldauerbach, Ort	Waldauerbach, Ort	LINESTRING(9.153788 49.539465,9.1538932 49.539516400000004)
790	Schloßau	Schule Süd	de:08225:35049:0:1	49.540532	9.15642	bus	MATCHED	n11868840380	12.3	0.45	Schlossau, Schule Süd	821	Mudau, Schule / Schloßau, Ort / Mörschenhardt, Ort	Schloßau, Ort	LINESTRING(9.15642 49.540532,9.156293 49.5404591)
791	Schloßau	Schule Süd	de:08225:35049:0:2	49.541493	9.15501		MATCHED	n11868840379	4.1	0.43	Schlossau, Schule Nord				LINESTRING(9.15501 49.541493,9.1550466 49.5414643)
792	Schmelzenhof	Ort	de:08225:6869	49.332891	9.273632		NO_MATCH_AND_SEEMS_UNSERVED								POINT(9.273632 49.332891)
793	Schollbrunn	Mühle	de:08225:4782:0:RiN	49.446444	9.084824	bus	MATCHED	n5164707500	18.7	1.0	Schollbrunn, Mühle	821,837,840	Weisbach, Ort / Weisbach, Mühlenweg	Weisbach, Mühlenweg	LINESTRING(9.084824 49.446444,9.0847421 49.4462842)
794	Schollbrunn	Mühle	de:08225:4782:0:RiS	49.446252	9.084743	bus	MATCHED	n5164707501	33.0	1.0	Schollbrunn Mühle	821,8953	Schollbrunn, Ort	Schollbrunn, Ort	LINESTRING(9.084743 49.446252,9.0848194 49.4465444)
795	Schollbrunn	Ort	de:08225:4781:0:RiO	49.435323	9.078617	bus	MATCHED	n5164707499	21.1	1.0	Schollbrunn, Ort	821,837,840	Schollbrunn, Mühle	Schollbrunn, Mühle / Schollbrunn, Sägewerk	LINESTRING(9.078617 49.435323,9.078328500000001 49.435295100000005)
796	Schollbrunn	Ort	de:08225:4781:0:RiW	49.4353	9.07859	bus	NO_MATCH_BUT_OTHER_PLATFORM_MATCHED					821,8953	Strümpfelbrunn, Katzenbuckel-T / Oberdielbach, Abzw. Post / Schollbrunn, Sägewerk		POINT(9.07859 49.4353)
797	Schollbrunn	Sägewerk	de:08225:48000:0:1	49.437052	9.075976	bus	MATCHED	n5164707497	19.0	0.57	Schollbrunn, Sägewerk	821,837	Schollbrunn, Ort	Schollbrunn, Ort	LINESTRING(9.075976 49.437052,9.0762379 49.4370502)
798	Schollbrunn	Sägewerk	de:08225:48000:0:2	49.43714	9.075985	bus	MATCHED	n5164707498	26.9	0.34	Schollbrunn, Sägewerk	821	Schollbrunn, Ort / Oberdielbach, Abzw. Post	Oberdielbach, Abzweigung Post	LINESTRING(9.075985 49.43714,9.075614700000001 49.4371566)
799	Schollhof	Ort	de:08225:6026:0:1	49.428786	9.589938	bus	NO_MATCH					844,934	Windischbuch, Ort / Oberwittstadt, Ort		POINT(9.589938 49.428786)
800	Schwarzach	Oberschwarzach (Bdn)	de:08225:4790:0:RiN	49.383157	8.996385	bus	MATCHED	n7210957369	31.1	1.0	Oberschwarzach	745,822,824,8952	Neunkirchen, Hauptstraße / Neunkirchen, Ludwigstraße / Schwarzacher-Hof	Neunkirchen, Ludwigstraße	LINESTRING(8.996385 49.383157,8.996117 49.382939)
801	Schwarzach	Oberschwarzach (Bdn)	de:08225:4790:0:RiS	49.38321	8.996232	bus	MATCHED	n489977584	5.0	1.0	Oberschwarzach	822,824,8952	Schwarzacher-Hof	Unterschwarzach, Marktplatz / Schwarzacherhof	LINESTRING(8.996232 49.38321,8.9962585 49.383251800000004)
802	Schwarzach	er-Hof	de:08225:4789:0:RiN	49.376999	8.988327	bus	MATCHED	n2948992488	12.1	1.0	Schwarzacherhof	745,822,824,8952	Unterschwarzach, Marktplatz / Oberschwarzach (Bdn)	Oberschwarzach	LINESTRING(8.988327 49.376999,8.9884912 49.376978)
803	Schwarzach	er-Hof	de:08225:4789:0:RiS	49.377133	8.988327	bus	MATCHED	n2948992489	9.3	1.0	Schwarzacherhof	822,824,8952	Unterschwarzach, Marktplatz / Unterschwarzach, Wildpark / Unterschwarzach, Marktplatz	Unterschwarzach, Marktplatz	LINESTRING(8.988327 49.377133,8.988416800000001 49.3771922)
804	Schweinberg	Ost	de:08225:714:0:1	49.618855	9.524576	bus	MATCHED	n6987201488	7.7	0.6	Schweinberg, Ost	841,843,850,8930,999	Weikerstetten, Ort / Weikerstetten, Ort / Schweinberg, Rathaus / Pülfringen, Kirche / Steinfurt, Ort	Weikerstetten, Ort / Schweinberg, Rathaus / Püfringen Kirche	LINESTRING(9.524576 49.618855,9.5246258 49.6189158)
805	Schweinberg	Rathaus	de:08225:1363:0:1	49.619914	9.519106	bus	MATCHED	n6987201489	6.8	0.62	Schweinberg, Rathaus	841,843,850,8930,999	Steinfurt, Ort / Hardheim, Kaserne / Hardheim, Post / Hardheim, Rote Au / Schweinberg, Ost	Hardheim, Post	LINESTRING(9.519106 49.619914,9.519147400000001 49.6199692)
806	Seckach	Bahnhof	de:08225:8203:0:GeoBu	49.441036	9.33814	bus	MATCHED_AMBIGUOUSLY	w1316933635	11.9	1.0	Seckach, Bahnhof	842,848,8930,8941	Großeicholzheim,Milchhaus a.W. / Bödigheim, Kirche / Zimmern, Mühle / Seckach, Jugendd. Kl., Spielpl / Großeicholzheim, Bannholzsied. / Seckach, Jugendd. Kl. Landstr. / Seckach, Jugendd. Kl. Landstr. / Seckach, Schule	Großeicholzheim, Bannholzsiedlung	LINESTRING(9.33814 49.441036,9.338302400000002 49.44104855000001)
807	Seckach	Bahnhof	de:08225:8203:0:GeoBu	49.441036	9.33814	bus	MATCHED_AMBIGUOUSLY	w1316933636	6.9	1.0	Seckach, Bahnhof	842,848,8930,8941	Großeicholzheim,Milchhaus a.W. / Bödigheim, Kirche / Zimmern, Mühle / Seckach, Jugendd. Kl., Spielpl / Großeicholzheim, Bannholzsied. / Seckach, Jugendd. Kl. Landstr. / Seckach, Jugendd. Kl. Landstr. / Seckach, Schule	Seckach, Jugenddorf Klinge	LINESTRING(9.33814 49.441036,9.338064000000003 49.44107315)
808	Seckach	Bahnhof	de:08225:8203:1:1	49.441305	9.338472	train	MATCHED	n1611541191	41.4	0.17	Seckach	S1	Zimmern, Bahnhof	Zimmern(b Seckach)	LINESTRING(9.338472 49.441305,9.338747000000001 49.4409788)
809	Seckach	Bahnhof	de:08225:8203:2:2	49.441024	9.338778	train	MATCHED	n3213687378	17.2	1.0	Seckach	RE2,S1,S2,S3,S4	Eicholzheim, Bahnhof	Eichholzheim	LINESTRING(9.338778 49.441024,9.3386677 49.4411609)
810	Seckach	Bahnhof	de:08225:8203:2:3	49.441205	9.338769	train	MATCHED	n1610718709	9.9	1.0	Seckach	RB84	Osterburken, Bahnhof / Bödigheim, Bahnhof	Bödigheim	LINESTRING(9.338769 49.441205,9.338835900000001 49.4411276)
811	Seckach	Bahnhof	de:08225:8203:3:2	49.441059	9.338266		NO_MATCH_AND_SEEMS_UNSERVED						Großeicholzheim, ev. Kirche		POINT(9.338266 49.441059)
812	Seckach	Bauernsiedlung	de:08225:5725	49.424503	9.331277		NO_MATCH_AND_SEEMS_UNSERVED								POINT(9.331277 49.424503)
813	Seckach	Bauernsiedlung Neudenauer Weg	de:08225:5730:0:1	49.425543	9.324423		NO_MATCH_AND_SEEMS_UNSERVED								POINT(9.324423 49.425543)
814	Seckach	EH Industriestraße	de:08225:15620	49.43884	9.339236		NO_MATCH_AND_SEEMS_UNSERVED								POINT(9.339236 49.43884)
815	Seckach	Eicholzheimer Straße	de:08225:1400:0:1	49.442555	9.333397	bus	MATCHED	n424436840	6.2	1.0	Seckach, Eicholzheimer Straße	842	Seckach, Bahnhof		LINESTRING(9.333397 49.442555,9.333405800000001 49.4424993)
816	Seckach	Jugendd. Kl. Landstr. 	de:08225:1401:0:RiO	49.438109	9.358613	bus	MATCHED	n2463392869	8.7	0.59	Seckach, Jugenddorf Klinge	842,848	Zimmern, Mühle / Schlierstadt, Seligent. Hof / Adelsheim, Schulzentrum	Schlierstadt, Ort	LINESTRING(9.358613 49.438109,9.358498 49.438087100000004)
817	Seckach	Jugendd. Kl. Landstr. 	de:08225:1401:0:RiW	49.438197	9.358379	bus	MATCHED	n2463392990	2.4	0.5	Jugenddorf, Klinge	842,848,8930	Seckach, Jugendd. Kl., Spielpl / Seckach, Bahnhof	Seckach, Bahnhof	LINESTRING(9.358379 49.438197,9.358384000000001 49.438175300000005)
818	Seckach	Jugendd. Kl., Spielpl	de:08225:10140:0:1	49.44322	9.351579	bus	NO_MATCH					848	Seckach, Jugendd. Kl. Landstr.		POINT(9.351579 49.44322)
819	Seckach	Jugendd. Kl., Spielpl	de:08225:10140:0:2	49.44329	9.351552	bus	NO_MATCH					848	Seckach, Schule / Seckach, Bahnhof		POINT(9.351552 49.44329)
820	Seckach	Schule	de:08225:5727:0:1	49.446795	9.331906	bus	NO_MATCH					848	Seckach, Jugendd. Kl., Spielpl / Großeicholzheim, Bannholzsied. / Seckach, Bahnhof		POINT(9.331906 49.446795)
821	Seckach	Waidachshof	de:08225:5726:0:1	49.416117	9.346782		NO_MATCH_AND_SEEMS_UNSERVED								POINT(9.346782 49.416117)
822	Sennfeld	Bahnhof	de:08225:6155:1:1	49.378777	9.380478	train	MATCHED	w313863086	4.7	1.0	Sennfeld	MEX18,RB18,RB8	Roigheim		LINESTRING(9.380478 49.378777,9.380453738474927 49.37881630893522)
823	Sennfeld	Bahnhof	de:08225:6155:2:2	49.37866	9.381915	train	MATCHED	n3199053704	74.3	0.25	Sennfeld	MEX18,RB18,RE8	Adelsheim, Ost	Adelsheim Ost	LINESTRING(9.381915 49.37866,9.382897900000001 49.378847400000005)
824	Sennfeld	Bahnhof	de:08225:6155:2:GeoS1	49.379017	9.381259	bus	NO_MATCH_BUT_OTHER_PLATFORM_MATCHED					857	Sennfeld, Korber Buckel / Sennfeld, Rathausplatz		POINT(9.381259 49.379017)
825	Sennfeld	Bahnhof	de:08225:6155:3:2	49.378812	9.382598	trainish	MATCHED	w313863083	24.2	1.0	Sennfeld				LINESTRING(9.382598 49.378812,9.382929322450567 49.378835977563845)
826	Sennfeld	Korber Buckel	de:08225:6895:0:1	49.378718	9.388527	bus	NO_MATCH					857,8931	Sennfeld, Rathausplatz / Sennfeld, Bahnhof / Leibenstadt, Ort		POINT(9.388527 49.378718)
827	Sennfeld	Rathausplatz	de:08225:448:0:RiN	49.380385	9.384053	bus	MATCHED_THOUGH_OSM_NO_NAME	n12920790026	4.3	0.28		842,857,8931	Adelsheim, Abzw. Leibenst. Str		LINESTRING(9.384053 49.380385,9.384013300000001 49.380356400000004)
828	Sennfeld	Rathausplatz	de:08225:448:0:RiS	49.380379	9.383855	bus	MATCHED_THOUGH_OSM_NO_NAME	n12920767877	6.3	0.25		842,857,8931	Sennfeld, Korber Buckel / Sennfeld, Bahnhof		LINESTRING(9.383855 49.380379,9.3838021 49.3804236)
829	Sindolsheim	Luckengasse	de:08225:184:0:1	49.486622	9.455469	bus	MATCHED	n11300955248	10.1	0.54	Sindolsheim Luckengasse	844,8932,939	Rosenberg, Rathaus / Rosenberg, Bahnhof / Sindolsheim, Ort / Hirschlanden / Bofsheim, Steg / Bofsheim, Ort		LINESTRING(9.455469 49.486622,9.4554057 49.4867032)
830	Sindolsheim	Milchhaus	de:08225:6023:0:RiN	49.48769	9.453834	bus	NO_MATCH_BUT_OTHER_PLATFORM_MATCHED					844	Mettelheim, Ort		POINT(9.453834 49.48769)
831	Sindolsheim	Milchhaus	de:08225:6023:0:RiS	49.487602	9.453726	bus	MATCHED	n8146298590	27.4	0.23	Sindolsheim Ort	844,939	Sindolsheim, Luckengasse / Rosenberg, Rathaus	Bofsheim Ort	LINESTRING(9.453726 49.487602,9.453813700000001 49.4878414)
832	Sindolsheim	Ort	de:08225:185:0:1	49.487836	9.453933	bus	MATCHED	n8146342044	0.2	0.92	Sindolsheim Ort	844,939	Altheim, Kapelle / Bofsheim, Ort	Altheim Kapelle	LINESTRING(9.453933 49.487836,9.4539322 49.4878378)
833	Steinbach	Ort	de:08225:2750:0:1	49.549718	9.239523	bus	MATCHED	n7236578008	5.0	0.68	Steinbach, Ort	821,832,844,8943	Mudau, Schule / Steinbach, Unterdorf / Mudau, Bahnhof / Mudau, Rumpfener Straße / Steinbach, Unterdorf / Rumpfen, Ort / Mudau, Rathaus		LINESTRING(9.239523 49.549718,9.2395838 49.549697)
834	Steinbach	Unterdorf	de:08225:40010:0:RiN	49.545201	9.241715	bus	NO_MATCH_BUT_OTHER_PLATFORM_MATCHED					821,823,844,8943	Steinbach, Ort / Stürzenhardt, Ort		POINT(9.241715 49.545201)
835	Steinbach	Unterdorf	de:08225:40010:0:RiS	49.544594	9.241445	bus	MATCHED	n7245650786	28.2	0.33	Steinbach, Unterdorf	821,832	Mudau, Rumpfener Straße / Rumpfen, Ort / Rumpfen, Ort		LINESTRING(9.241445 49.544594,9.2416481 49.5448104)
836	Strümpfelbrunn	Friedhof	de:08225:4768:0:RiO	49.463881	9.074035	bus	MATCHED	n7368936465	33.9	1.0	Strümpfelbrunn, Friedhof	821	Strümpfelbrunn, Kurgarten / Strümpfelbrunn, Schule / Strümpfelbrunn, Kurgarten	Strümpfelbrunn, Schule / Strümpfelbrunn, Kurgarten	LINESTRING(9.074035 49.463881,9.0735705 49.4638463)
837	Strümpfelbrunn	Friedhof	de:08225:4768:0:RiW	49.463904	9.073622	bus	MATCHED	n7368936463	48.9	1.0	Strümpfelbrunn, Friedhof	821,837,8953	Waldkatzenbach, Ort	Waldkatzenbach, Ort	LINESTRING(9.073622 49.463904,9.0742928 49.463948800000004)
838	Strümpfelbrunn	Katzenbuckel-T	de:08225:9188:0:1	49.459023	9.069463	bus	MATCHED	n5107244831	14.6	1.0	Strümpfelbrunn, Katzenbuckel-Therme	821,8935,8942,8953	Oberdielbach, Ort / Strümpfelbrunn, Kurgarten / Strümpfelbrunn, Kurgarten / Reisenbach, Ort / Wagenschwend, Grüner Baum / Strümpfelbrunn, Schule / Oberdielbach, Saatzucht	Oberdielbach, Ort / Strümpfelbrunn, Kurgarten	LINESTRING(9.069463 49.459023,9.0693149 49.4589335)
839	Strümpfelbrunn	Kurgarten	de:08225:9187:0:RiO	49.461954	9.079183	bus	MATCHED	n1941603802	5.2	1.0	Strümpfelbrunn, Kurgarten	821,8942,8953	Strümpfelbrunn, Schule / Mülben, Waldbrunner Hof / Scheidental, Ort / Strümpfelbrunn, Siedlung	Strümpfelbrunn, Siedlung / Scheidental, Ort	LINESTRING(9.079183 49.461954,9.079158300000001 49.4619104)
840	Strümpfelbrunn	Kurgarten	de:08225:9187:0:RiW	49.461989	9.079147	bus	MATCHED	n2440674430	9.4	1.0	Strümpfelbrunn, Kurgarten	821,837,840,8935,8942	Wagenschwend, Linde / Strümpfelbrunn, Friedhof / Waldkatzenbach, Ort / Weisbach, Ort / Strümpfelbrunn, Schule / Strümpfelbrunn, Siedlung / Strümpfelbrunn, Katzenbuckel-T / Scheidental, Ort	Strümpfelbrunn, Friedhof / Strümpfelbrunn, Schule	LINESTRING(9.079147 49.461989,9.079255400000001 49.462035)
841	Strümpfelbrunn	Schule	de:08225:4769:0:1	49.461937	9.07461	bus	MATCHED	n5968571866	4.4	1.0	Strümpfelbrunn, Schule	821,840,8935,8942	Strümpfelbrunn, Katzenbuckel-T / Strümpfelbrunn, Friedhof / Strümpfelbrunn, Kurgarten / Waldkatzenbach, Ort / Wagenschwend, Linde / Strümpfelbrunn, Kurgarten	Strümpfelbrunn, Kurgarten / Strümpfelbrunn, Katzenbuckel-Therme	LINESTRING(9.07461 49.461937,9.0746465 49.4619056)
842	Strümpfelbrunn	Siedlung	de:08225:4788:0:RiO	49.464891	9.086531	bus	MATCHED	n5164707490	6.5	1.0	Strümpfelbrunn, Siedlung	821,8953	Strümpfelbrunn, Friedhof / Mülben, Hohe Straße	Mülben, Hohe Straße	LINESTRING(9.086531 49.464891,9.0866018 49.464854700000004)
843	Strümpfelbrunn	Siedlung	de:08225:4788:0:RiW	49.464868	9.086369	bus	MATCHED	n5164707491	11.4	1.0	Strümpfelbrunn, Siedlung	821,837,840,8935,8942	Strümpfelbrunn, Kurgarten	Strümpfelbrunn, Kurgarten	LINESTRING(9.086369 49.464868,9.0864787 49.4649416)
844	Stürzenhardt	Ort	de:08225:1039:0:RiO	49.552031	9.267802	bus	MATCHED	n7245650787	5.5	0.67	Stürzenhardt, Ort	823,8943	Buchen, Am Bild / Steinbach, Unterdorf / Hettigenbeuern, Ort / Mudau, Rumpfener Straße	Buchen, Am Bild	LINESTRING(9.267802 49.552031,9.267864000000001 49.5520602)
845	Sulzbach	Aussiedlerhof	de:08225:1377:0:RiO	49.348226	9.207265	bus	MATCHED	n6985461597	1.4	1.0	Sulzbach, Aussiedlerhof	835	Sulzbach, Hirsch / Sulzbach, Hirsch	Sulzbach, Hirsch	LINESTRING(9.207265 49.348226,9.207277900000001 49.348216900000004)
846	Sulzbach	Hirsch	de:08225:1378:0:RiN	49.351919	9.220003	bus	MATCHED	n6958601011	6.2	1.0	Sulzbach, Hirsch	835,8937	Sulzbach, Sporthalle / MOS Bergfeld, Siedlung	Sulzbach, Sporthalle	LINESTRING(9.220003 49.351919,9.2200244 49.3519732)
847	Sulzbach	Hirsch	de:08225:1378:0:RiO	49.351363	9.220919	bus	MATCHED	n6958600995	12.2	1.0	Sulzbach, Hirsch	835	Billigheim, Rittwiese / Billigheim, Schule	Billigheim, Rittwiese	LINESTRING(9.220919 49.351363,9.2210631 49.3514197)
848	Sulzbach	Hirsch	de:08225:1378:0:RiS	49.351427	9.220299	bus	MATCHED	n8130356714	66.2	0.35	Sulzbach, Hirsch	835,8937	Sulzbach, Kindergarten / Billigheim, Rittwiese	Sulzbach, Kindergarten	LINESTRING(9.220299 49.351427,9.219861700000001 49.3519494)
849	Sulzbach	Kindergarten	de:08225:1701:0:RiN	49.349484	9.221548	bus	MATCHED	n831928392	22.7	1.0	Sulzbach, Kindergarten	835,8937	Sulzbach, Hirsch / Sulzbach, Hirsch	Sulzbach, Hirsch	LINESTRING(9.221548 49.349484,9.221631 49.3492868)
850	Sulzbach	Kindergarten	de:08225:1701:0:RiS	49.349449	9.221404	bus	MATCHED	n6958600991	7.4	1.0	Sulzbach, Kindergarten	835,8937	Allfeld, Assulzerstraße / Sulzbach, Unterdorf	Sulzbach, Unterdorf	LINESTRING(9.221404 49.349449,9.2214037 49.349382000000006)
851	Sulzbach	Post	de:08225:1379	49.349525	9.221494		NO_MATCH_AND_SEEMS_UNSERVED								POINT(9.221494 49.349525)
852	Sulzbach	Sporthalle	de:08225:1406:0:RiW	49.353265	9.217865	bus	MATCHED	n6958600998	3.2	1.0	Sulzbach, Sporthalle	835	Mosbach, Polizei / MOS Bergfeld, Siedlung	Bergfeld, Siedlung	LINESTRING(9.217865 49.353265,9.2178304 49.3532822)
853	Sulzbach	Unterdorf	de:08225:1380:0:RiN	49.346383	9.222949	bus	MATCHED	n6958670527	35.9	1.0	Sulzbach, Unterdorf	835,8937	Sulzbach, Kindergarten	Sulzbach, Kindergarten	LINESTRING(9.222949 49.346383,9.2231485 49.3460873)
854	Sulzbach	Unterdorf	de:08225:1380:0:RiS	49.346318	9.222832	bus	MATCHED	n6958670526	5.9	1.0	Sulzbach, Unterdorf	835,8937	Allfeld, Assulzerstraße	Allfeld, Assulzerstraße	LINESTRING(9.222832 49.346318,9.2228803 49.346275600000006)
855	Trienz	Abzw. 	de:08225:1424	49.436298	9.153429		NO_MATCH_AND_SEEMS_UNSERVED								POINT(9.153429 49.436298)
856	Trienz	Am Denkmal	de:08225:1428:0:RiW	49.439505	9.172176	bus	MATCHED	n7115027098	10.9	1.0	Trienz, Am Denkmal	832,840	Fahrenbach, Friedhof / Robern, Roberner See / Trienz, Linde / Limbach, Kirche / Robern, Hirsch	Trienz, Linde	LINESTRING(9.172176 49.439505,9.1721135 49.439594)
857	Trienz	Bahnhof	de:08225:1423:0:RiO	49.442934	9.161612	bus	MATCHED	n3168129424	52.4	0.22	Trienz, Bahnhof	832,840,8942	Trienz, Linde		LINESTRING(9.161612 49.442934,9.1621979 49.442657200000006)
858	Trienz	Bahnhof	de:08225:1423:0:RiW	49.442975	9.16154	bus	MATCHED	n3168129426	57.1	0.38	Trienz, Bahnhof	832,840,8942	Fahrenbach, Friedhof / Robern, Roberner See	Roberner See / Fahrenbach, Friedhof	LINESTRING(9.16154 49.442975,9.1622415 49.4427407)
859	Trienz	Linde	de:08225:1422:0:RiO	49.439938	9.169131	bus	MATCHED	n3168130214	8.5	1.0	Trienz, Linde	832,840,8942	Robern, Hirsch / Limbach, Schule / Trienz, Am Denkmal		LINESTRING(9.169131 49.439938,9.169017 49.4399183)
860	Trienz	Linde	de:08225:1422:0:RiW	49.440113	9.168673	bus	MATCHED	n3168130215	8.1	1.0	Trienz, Linde	832,840,8942	Trienz, Bahnhof	Trienz, Bahnhof	LINESTRING(9.168673 49.440113,9.168784200000001 49.440106)
861	Unterneudorf	Ort	de:08225:2747:0:RiO	49.528563	9.276336	bus	MATCHED	n7237007553	3.7	1.0	Unterneudorf, Ort	821,841,8943	Buchen, Krankenhaus / Buchen, Krankenhaus / Buchen, Schulzentrum / Rumpfen, Ort		LINESTRING(9.276336 49.528563,9.276337100000001 49.528529500000005)
862	Unterneudorf	Ort	de:08225:2747:0:RiW	49.529	9.275824	bus	MATCHED	n7236578007	3.7	1.0	Unterneudorf, Ort	821,823	Rumpfen, Ort / Rumpfen, Ort		LINESTRING(9.275824 49.529,9.275867400000001 49.528981800000004)
863	Unterscheffl.	Schule Wendepl. 	de:08225:15400:0:1	49.396436	9.273461	bus	NO_MATCH					835	Mittelschefflenz, Alte Schule / Katzental, Ort / Unterschefflenz, Ort		POINT(9.273461 49.396436)
864	Unterschefflenz	Ort	de:08225:1392:0:RiN	49.39118	9.269194	bus	MATCHED	n6854843762	9.4	1.0	Unterschefflenz, Ort	835,842,8937	Unterschefflenz, Schule / Unterscheffl., Schule Wendepl.	Unterschefflenz, Schule	LINESTRING(9.269194 49.39118,9.2692678 49.3912494)
865	Unterschefflenz	Ort	de:08225:1392:0:RiS	49.390829	9.269096	bus	MATCHED	n4710799937	15.2	1.0	Unterschefflenz, Ort	835,8937	Katzental, Ort	Katzental, Ort	LINESTRING(9.269096 49.390829,9.269027000000001 49.3909584)
866	Unterschefflenz	Schule	de:08225:1393:0:1	49.396302	9.273425		NO_MATCH_AND_SEEMS_UNSERVED								POINT(9.273425 49.396302)
867	Unterschefflenz	Schule	de:08225:1393:0:RiN	49.396208	9.272797	bus	MATCHED	n6854970297	6.0	0.77	Unterschefflenz, Schule	835,842,8937	Mittelschefflenz, Ort / Mittelschefflenz, Alte Schule	Mittelschefflenz, Alte Schule	LINESTRING(9.272797 49.396208,9.272779400000001 49.396260500000004)
868	Unterschefflenz	Schule	de:08225:1393:0:RiS	49.396214	9.272563	bus	MATCHED	n6854843733	2.9	0.86	Unterschefflenz, Schule	835,8937	Unterschefflenz, Ort	Unterschefflenz, Ort	LINESTRING(9.272563 49.396214,9.2726024 49.3962142)
869	Unterscheidental	Ort	de:08225:2764:0:1	49.504126	9.16481	bus	MATCHED	n7984402268	4.3	0.72	Unterscheidental, Ort	821,832,8935	Scheidental, Ort / Reisenbach, Ort	Reisenbach Ort	LINESTRING(9.16481 49.504126,9.1647529 49.5041152)
870	Unterschwarzach	Marktplatz	de:08225:4829:0:RiN	49.373718	8.983359	bus	MATCHED	n3425981797	27.6	1.0	Unterschwarzach, Marktplatz	745,822,824,8952	Schwarzacher-Hof / Breitenbronn, Am Dorfplatz / Aglasterhausen, Bott	Schwarzacherhof	LINESTRING(8.983359 49.373718,8.9835889 49.373916200000004)
871	Unterschwarzach	Marktplatz	de:08225:4829:0:RiS	49.373384	8.982982	bus	MATCHED	n7210957334	14.6	1.0	Unterschwarzach, Marktplatz	822,824	Michelbach, Sonnenhalde / Unterschwarzach, Wildpark	Schwarzacherhof	LINESTRING(8.982982 49.373384,8.9828548 49.3732824)
872	Unterschwarzach	Marktplatz	de:08225:4829:0:RiW	49.373332	8.982892	bus	MATCHED	n2948992361	9.5	1.0	Unterschwarzach, Marktplatz	822,824,8952	Michelbach, Sonnenhalde	Michelbach, Sonnenhalde	LINESTRING(8.982892 49.373332,8.982786 49.373381800000004)
873	Unterschwarzach	Schule	de:08225:4850	49.367827	8.984455		NO_MATCH_AND_SEEMS_UNSERVED								POINT(8.984455 49.367827)
874	Unterschwarzach	Wildpark	de:08225:4794:0:RiN	49.370185	8.982623	bus	MATCHED	n2948992491	9.2	1.0	Unterschwarzach, Wildpark	822,824	Unterschwarzach, Marktplatz / Unterschwarzach, Marktplatz / Aglasterhausen, Helmstadter S.		LINESTRING(8.982623 49.370185,8.9826952 49.370253500000004)
875	Unterschwarzach	Wildpark	de:08225:4794:0:RiS	49.370266	8.982497	bus	MATCHED	n2948992492	2.0	1.0	Wildpark	822,824	Aglasterhausen, Bahnhof / Aglasterhausen, Bott / Aglasterhausen, Helmstadter S.		LINESTRING(8.982497 49.370266,8.9824971 49.370248000000004)
876	Unterwittstadt	Ort	de:08225:193:0:RiN	49.40994	9.549397	bus	MATCHED	n2457025661	8.9	0.71	Unterwittstadt Ort	844,8931	Oberwittstadt, Ort	Oberwittstadt Ort	LINESTRING(9.549397 49.40994,9.549491 49.409889)
877	Unterwittstadt	Ort	de:08225:193:0:RiS	49.410296	9.549388	bus	MATCHED	n2457025662	7.4	0.62	Unterwittstadt Ort	844,8931	Oberwittstadt, Ort / Ballenberg, Ort	Krautheim Bahnhof	LINESTRING(9.549388 49.410296,9.549301900000001 49.4103312)
878	Vollmersdorf	Ort	de:08225:222:0:RiN	49.635433	9.397671	bus	MATCHED	w135026197	4.6	0.71	Vollmersdorf, Ort	843,8950	Schlempertshof, Ort / Rütschdorf, Ort / Rüdental, Ort		LINESTRING(9.397671 49.635433,9.397728758734967 49.635416508572796)
879	Wagenschwend	Balsbacherstraße	de:08225:6783:0:RiO	49.473175	9.159312	bus	MATCHED	n7196090081	6.1	1.0	Wagenschwend, Balsbacher Straße	832,8935	Balsbach, Campingstraße / Balsbach, Engel / Wagenschwend, Grüner Baum		LINESTRING(9.159312 49.473175,9.1592576 49.4731335)
880	Wagenschwend	Dorfmuseum	de:08225:14231:0:RiO	49.472293	9.14555	bus	MATCHED	n7235898773	24.8	1.0	Wangenschwend, Dorfmuseum	821,832,840	Reisenbach, Ort / Balsbach, Kloster / Scheidental, Ort / Balsbach, Kloster	Reisenbach Ort	LINESTRING(9.14555 49.472293,9.1456756 49.472500800000006)
881	Wagenschwend	Dorfmuseum	de:08225:14231:0:RiW	49.472328	9.145712	bus	MATCHED	n7235898774	32.3	1.0	Wangenschwend, Dorfmuseum	821,832,840	Scheidental, Ort / Mülben, Waldbrunner Hof	Mülben, Waldbrunner Hof	LINESTRING(9.145712 49.472328,9.145531400000001 49.472594)
882	Wagenschwend	Grüner Baum	de:08225:2767:0:RiO	49.472965	9.155288	bus	MATCHED	n3168128102	3.7	1.0	Wagenschwend, Grüner Baum	832,840,8935	Balsbach, Campingstraße / Wagenschwend, Balsbacherstraße / Balsbach, Engel		LINESTRING(9.155288 49.472965,9.155328800000001 49.4729444)
883	Wagenschwend	Grüner Baum	de:08225:2767:0:RiW	49.473116	9.154803	bus	MATCHED	n3168128103	4.5	1.0	Wagenschwend, Grüner Baum	832,840,8935,8942	Wagenschwend, Linde / Wagenschwend, Linde / Wagenschwend, Dorfmuseum / Wagenschwend, Dorfmuseum	Wagenschwend, Linde	LINESTRING(9.154803 49.473116,9.154772300000001 49.4731515)
884	Wagenschwend	Linde	de:08225:1427:0:RiO	49.471943	9.145416	bus	MATCHED	n3168130218	5.2	1.0	Wagenschwend, Linde	821,832,840,8935,8944	Mülben, Waldbrunner Hof / Scheidental, Ort / Wagenschwend, Grüner Baum / Balsbach, Kloster		LINESTRING(9.145416 49.471943,9.1454169 49.471896)
885	Wagenschwend	Linde	de:08225:1427:0:RiW	49.471651	9.145038	bus	MATCHED	n3168130217	9.7	1.0	Wagenschwend, Linde	832,840,8935,8942	Strümpfelbrunn, Siedlung / Robern, Kirche / Krumbach/Li, Campingplatz	Robern, Kirche	LINESTRING(9.145038 49.471651,9.144940400000001 49.4717101)
886	Waldauerbach	Ort	de:08225:2757:0:RiN	49.525023	9.157633	bus	MATCHED	n5164707509	4.8	1.0	Waldauerbach, Ort	821,832	Schloßau, Ort / Schloßau, Schule Süd	Schlossau, Schule Süd	LINESTRING(9.157633 49.525023,9.1576567 49.5249825)
887	Waldauerbach	Ort	de:08225:2757:0:RiS	49.525093	9.157579	bus	MATCHED	n5164707508	2.9	1.0	Waldauerbach, Ort	821,832,8943	Scheidental, Ort / Schloßau, Ort / Langenelz, Wanderbahn / Rumpfen, Ort	Scheidental, Ort	LINESTRING(9.157579 49.525093,9.1575459 49.52510770000001)
888	Waldkatzenbach	Feriendorf	de:08225:4795:0:RiN	49.461061	9.055701	bus	MATCHED	n5968552251	3.6	1.0	Waldkatzenbach, Feriendorf	821,8953	Waldkatzenbach, Ort / Oberdielbach, Brandweiher	Waldkatzenbach, Ort	LINESTRING(9.055701 49.461061,9.05574 49.461040700000005)
889	Waldkatzenbach	Feriendorf	de:08225:4795:0:RiS	49.461061	9.055611	bus	MATCHED	n5968552250	4.4	1.0	Waldkatzenbach, Feriendorf	821,837,840,8953	Waldkatzenbach, Meisentalsiedl / Oberdielbach, Brandweiher	Waldkatzenbach, Meisentalsiedlung	LINESTRING(9.055611 49.461061,9.0555719 49.461091200000006)
890	Waldkatzenbach	Meisentalsiedl	de:08225:4770:0:RiN	49.456512	9.05403	bus	MATCHED	n5968552245	30.5	1.0	Waldkatzenbach, Meisentalsiedlung	821,837,8953	Waldkatzenbach, Feriendorf / Mülben, Hohe Straße / Oberdielbach, Brandweiher	Oberdielbach, Brandweiher	LINESTRING(9.05403 49.456512,9.053756 49.4567204)
891	Waldkatzenbach	Ort	de:08225:9189:0:RiN	49.464512	9.056842	bus	MATCHED	n5968546821	5.2	1.0	Waldkatzenbach, Ort	821,8953	Mülben, Hohe Straße / Strümpfelbrunn, Schule / Strümpfelbrunn, Friedhof	Strümpfelbrunn, Friedhof	LINESTRING(9.056842 49.464512,9.0569138 49.4645142)
892	Waldkatzenbach	Ort	de:08225:9189:0:RiS	49.46499	9.057273	bus	MATCHED	n5968546820	11.4	1.0	Waldkatzenbach, Ort	821,837,840,8953	Waldkatzenbach, Feriendorf / Strümpfelbrunn, Friedhof / Oberdielbach, Brandweiher / Waldkatzenbach, Feriendorf	Waldkatzenbach, Feriendorf	LINESTRING(9.057273 49.46499,9.057122000000001 49.464962500000006)
893	Waldmühlbach	Raiffeisen	de:08225:1388:0:RiN	49.360005	9.282112	bus	MATCHED	n639294532	8.9	1.0	Waldmühlbach Raiffeisen	835,8937	Waldmühlbach, Rathaus	Waldmühlbach, Rathaus	LINESTRING(9.282112 49.360005,9.2821192 49.3600846)
894	Waldmühlbach	Raiffeisen	de:08225:1388:0:RiS	49.360064	9.282022	bus	MATCHED	n6855127587	26.0	1.0	Waldmühlbach Raiffeisen	835,8937	Billigheim, Quellberg / Billigheim, Schule	Billigheim, Quellberg	LINESTRING(9.282022 49.360064,9.2820096 49.360297900000006)
895	Waldmühlbach	Rathaus	de:08225:1389:0:RiN	49.362855	9.281717	bus	MATCHED	n6855127607	8.3	1.0	Waldmühlbach, Rathaus	835,8937	Waldmühlbach, Schule / Katzental, Ort / Katzental, Ort / Waldmühlbach, Reutäcker	Katzental, Ort	LINESTRING(9.281717 49.362855,9.2816696 49.362923300000006)
896	Waldmühlbach	Rathaus	de:08225:1389:0:RiS	49.362685	9.281654	bus	MATCHED	n639294526	4.3	1.0	Waldmühlbach, Rathaus	835,8937	Waldmühlbach, Raiffeisen / Roigheim Mühlbacher Höfe	Roigheim, Mühlbacher Höfe / Waldmühlbach Raiffeisen	LINESTRING(9.281654 49.362685,9.2816986 49.362659400000005)
897	Waldmühlbach	Reutäcker	de:08225:1390:0:RiN	49.364855	9.280558	bus	MATCHED	n639294537	7.6	1.0	Waldmühlbach Schule	835	Katzental, Ort / Katzental, Ort		LINESTRING(9.280558 49.364855,9.280653800000001 49.3648821)
898	Waldmühlbach	Schule	de:08225:13889:0:1	49.364803	9.280657	bus	NO_MATCH					8937	Katzental, Ort / Waldmühlbach, Rathaus		POINT(9.280657 49.364803)
899	Waldstadt	Gasthaus	de:08225:19:0:RiN	49.367523	9.133764	bus	MATCHED	n1411220625	10.0	1.0	Mosbach-Waldstadt, Gasthaus	828,833,834,8938	Waldstadt, Tarunstraße / Waldstadt, Kindergarten	Mosbach-Waldstadt, Tarunstraße	LINESTRING(9.133764 49.367523,9.133894900000001 49.367552100000005)
900	Waldstadt	Gasthaus	de:08225:19:0:RiO	49.367435	9.134959	bus	MATCHED	n1411220613	17.0	1.0	Mosbach-Waldstadt, Gasthaus	833,8938	Mosbach, Technisches Rathaus	Mosbach, Technisches Rathaus	LINESTRING(9.134959 49.367435,9.134896000000001 49.367288)
901	Waldstadt	Kindergarten	de:08225:18:0:RiS	49.371191	9.134797	bus	MATCHED	n1411220622	9.1	1.0	Mosbach-Waldstadt, Kindergarten	833,8938	Waldstadt, Gasthaus / Waldstadt, Schwalbennest	Mosbach-Waldstadt, Gasthaus	LINESTRING(9.134797 49.371191,9.1346782 49.371218000000006)
902	Waldstadt	Kon. -Adenauer-Str. 	de:08225:14:0:RiN	49.371372	9.138912	bus	MATCHED	n6985557520	9.1	1.0	Mosbach-Waldstadt, Konrad-Adenauer-Straße	822,828,833,834,8938	Waldstadt, Tarunstraße / Waldstadt, Schwalbennest		LINESTRING(9.138912 49.371372,9.139013 49.371323700000005)
903	Waldstadt	Schwalbennest	de:08225:7141:0:RiW	49.373215	9.136702	bus	MATCHED	n6985557518	15.0	1.0	Mosbach-Waldstadt, Schwalbennest	833,8938	Waldstadt, Kindergarten / Waldstadt, Kon.-Adenauer-Str.	Mosbach-Waldstadt, Kindergarten	LINESTRING(9.136702 49.373215,9.1369054 49.3732392)
904	Waldstadt	Tarunstraße	de:08225:102:0:RiO	49.370729	9.136271	bus	MATCHED	n1411220628	7.3	1.0	Mosbach-Waldstadt, Tarunstraße	822,828,833,834,8938	Mosbach, Bahnhof Bleichstraße / Waldstadt, Kon.-Adenauer-Str.	Mosbach-Waldstadt, Konrad-Adenauer-Straße	LINESTRING(9.136271 49.370729,9.136177400000001 49.3707044)
905	Waldstetten	Bauersiedlung	de:08225:213:0:RiO	49.569599	9.426418	bus	MATCHED	n9911440600	28.7	0.32	Waldstetten, Bauersiedlung	843	Waldstetten, Post		LINESTRING(9.426418 49.569599,9.4260243 49.569634300000004)
906	Waldstetten	Glöckle	de:08225:1983:0:RiN	49.565673	9.445417	bus	MATCHED	n9853707527	9.6	0.56	Waldstetten, Glöckle	843	Höpfingen, Schule		LINESTRING(9.445417 49.565673,9.4455179 49.565616600000006)
907	Waldstetten	Post	de:08225:214:0:RiS	49.565777	9.44998	bus	MATCHED	n9853707525	6.4	0.64	Waldstetten, Post	843,8950	Erfeld, Mühle / Walldürn, Bahnhof / Pülfringen, Kirche / Walldürn, Schlachthof / Waldstetten, Glöckle / Bretzingen, Friseur / Höpfingen, Schule		LINESTRING(9.44998 49.565777,9.449996500000001 49.565834)
908	Walldürn	Auerberg	de:08225:5044:0:RiN	49.585792	9.35864	bus	MATCHED	n9278386893	6.5	0.64	Walldürn Auerberg	841,842,846,849,8951	Walldürn, Bahnhof / Walldürn, Volksbank / Wettersdorf, Ort / Walldürn, Norma / Walldürn, Maria Rast / Hornbach, Kleinhornbach / Walldürn, Frankenlandschule / Walldürn, Bahnhof / Hornbach, Ort / Walldürn, Dörrebrunnen	Walldürn Dörrebrunnen / Hornbach Kleinhornbach / Walldürn Ostpreussenstraße	LINESTRING(9.35864 49.585792,9.3585578 49.5857692)
909	Walldürn	Bahnhof	de:08225:6573:1:1	49.577825	9.367003	trainish	NO_MATCH_AND_SEEMS_UNSERVED								POINT(9.367003 49.577825)
910	Walldürn	Bahnhof	de:08225:6573:2:2	49.578658	9.367901	bus	MATCHED	n9929148490	6.4	0.63	Walldürn, Bahnhof	841,842,843,849,8930,8943,8950,8951,999	Buchen, Walldürner Höhe / Walldürn, Auerberg / Walldürn, Kaserne / Walldürn, Süd / Buchen, Bahnhof / Walldürn, Volksbank / Walldürn, Norma / Wettersdorf, Ort / Walldürn, Volksbank / Walldürn, ZG Raiffeisen / Hornbach, Kleinhornbach / Walldürn, St. Marien		LINESTRING(9.367901 49.578658,9.3679643 49.578698700000004)
911	Walldürn	Bahnhof	de:08225:6573:2:6	49.57903	9.368746	bus	MATCHED	w232204650	54.4	0.22	Walldürn Bahnhof	846,849	Walldürn, Norma / Walldürn, Gewerbeg. Spangel / Walldürn, ZG Raiffeisen		LINESTRING(9.368746 49.57903,9.368245794036822 49.57866495961837)
912	Walldürn	Bahnhof	de:08225:6573:2:Bus	49.578628	9.367937	bus	MATCHED_AMBIGUOUSLY	n2405768240	74.4	1.0	Walldürn Bahnhof	841,842,843,846,849,8930,8943,8950,8951,999	Walldürn, Volksbank / Walldürn, Schlachthof / Walldürn, Norma / Waldstetten, Bauersiedlung / Altheim, Pfarrer-Hauser-Platz / Walldürn, St. Marien / Walldürn, Frankenlandschule / Walldürn, Grundschule / Walldürn, Auerberg / Altheim, Kapelle / Walldürn, Volksbank		LINESTRING(9.367937 49.578628,9.3688213 49.5789709)
913	Walldürn	Bahnhof	de:08225:6573:2:Bus	49.578628	9.367937	bus	MATCHED_AMBIGUOUSLY	n2405768239	47.1	1.0	Walldürn Bahnhof	841,842,843,846,849,8930,8943,8950,8951,999	Walldürn, Volksbank / Walldürn, Schlachthof / Walldürn, Norma / Waldstetten, Bauersiedlung / Altheim, Pfarrer-Hauser-Platz / Walldürn, St. Marien / Walldürn, Frankenlandschule / Walldürn, Grundschule / Walldürn, Auerberg / Altheim, Kapelle / Walldürn, Volksbank	Walldürn, ZG Raiffeisen	LINESTRING(9.367937 49.578628,9.3685159 49.578822900000006)
914	Walldürn	Bahnhof	de:08225:6573:2:Bus	49.578628	9.367937	bus	MATCHED_AMBIGUOUSLY	n2405768238	9.1	1.0	Walldürn Bahnhof	841,842,843,846,849,8930,8943,8950,8951,999	Walldürn, Volksbank / Walldürn, Schlachthof / Walldürn, Norma / Waldstetten, Bauersiedlung / Altheim, Pfarrer-Hauser-Platz / Walldürn, St. Marien / Walldürn, Frankenlandschule / Walldürn, Grundschule / Walldürn, Auerberg / Altheim, Kapelle / Walldürn, Volksbank	Walldürn, Schlachthof	LINESTRING(9.367937 49.578628,9.367949300000001 49.578546900000006)
915	Walldürn	Bahnhof	de:08225:6573:2:Bus	49.578628	9.367937	bus	MATCHED_AMBIGUOUSLY	n1272296587	20.9	1.0	Walldürn Bahnhof	841,842,843,846,849,8930,8943,8950,8951,999	Walldürn, Volksbank / Walldürn, Schlachthof / Walldürn, Norma / Waldstetten, Bauersiedlung / Altheim, Pfarrer-Hauser-Platz / Walldürn, St. Marien / Walldürn, Frankenlandschule / Walldürn, Grundschule / Walldürn, Auerberg / Altheim, Kapelle / Walldürn, Volksbank	Walldürn, ZG Raiffeisen / Walldürn, Volksbank	LINESTRING(9.367937 49.578628,9.368217300000001 49.5786737)
916	Walldürn	Bahnhof	de:08225:6573:3:4	49.578203	9.36774	train	MATCHED	n5650584538	2.3	1.0	Walldürn	RB84	Hainstadt, Bahnhof / Rippberg, Bahnhof	Hainstadt (Baden)	LINESTRING(9.36774 49.578203,9.367726000000001 49.578184)
917	Walldürn	Bahnhof	de:08225:6573:3:5	49.578151	9.36782	train	MATCHED	n5650584537	4.6	1.0	Walldürn	RB84	Hainstadt, Bahnhof / Rippberg, Bahnhof	Rippberg	LINESTRING(9.36782 49.578151,9.3677946 49.578113200000004)
918	Walldürn	Basilika	de:08225:6722:0:RiS	49.585099	9.366689	bus	MATCHED	n9278386896	14.8	0.44	Walldürn Basilika	846	Walldürn, Kino / Walldürn, Konrad-Adenauer-Str. / Walldürn, Geriatriezentrum	Walldürn Kino	LINESTRING(9.366689 49.585099,9.366522 49.58517620000001)
919	Walldürn	Dr. H. -Köhler-Straße	de:08225:6733:0:RiN	49.571324	9.353762	bus	MATCHED	n4060259701	5.2	0.64	Walldürn Dr.-Heinrich-Köhler-Straße	846,849	Walldürn, Süd / Walldürn, St. Marien	Walldürn Marienkirche	LINESTRING(9.353762 49.571324,9.3537818 49.571279000000004)
920	Walldürn	Dörrebrunnen	de:08225:67331:0:RiN	49.587772	9.360867	bus	MATCHED	n9278386895	6.2	0.65	Walldürn Dörrebrunnen	846,8951	Walldürn, Auerberg / Walldürn, Freibad / Neusaß, Ort	Walldürn Friedhof	LINESTRING(9.360867 49.587772,9.3609282 49.5877332)
921	Walldürn	Edeka Markt Tischer	de:08225:6571:0:RiS	49.571213	9.363922		MATCHED	n9278386885	18.9	0.34	Walldürn Edeka Markt Tischer			Walldürn Süd	LINESTRING(9.363922 49.571213,9.3637969 49.5710637)
922	Walldürn	Firma Braun	de:08225:6576:0:RiW	49.57218	9.359502		NO_MATCH_AND_SEEMS_UNSERVED								POINT(9.359502 49.57218)
923	Walldürn	Frankenlandschule	de:08225:1365:0:1	49.580021	9.365736	bus	MATCHED	n6990770251	56.0	0.21	Walldürn, Frankenlandschule	841,843,849	Walldürn, Bahnhof / Walldürn, Volksbank / Walldürn, ZG Raiffeisen / Walldürn, Bahnhof		LINESTRING(9.365736 49.580021,9.3655077 49.579539600000004)
924	Walldürn	Freibad	de:08225:67333:0:1	49.590166	9.360409	bus	NO_MATCH					846	Walldürn, Friedhof / Walldürn, Dörrebrunnen		POINT(9.360409 49.590166)
925	Walldürn	Friedhof	de:08225:6720:0:RiN	49.589059	9.362799	bus	MATCHED	n1825717699	11.9	0.51	Walldürn Friedhof	846	Walldürn, Geriatriezentrum / Walldürn, Freibad	Walldürn Geriatriezentrum	LINESTRING(9.362799 49.589059,9.362956500000001 49.589090000000006)
926	Walldürn	Geriatriezentrum	de:08225:6721:0:RiN	49.587178	9.365359	bus	MATCHED	n1825717695	9.1	0.57	Walldürn Geriatriezentrum	846	Walldürn, Basilika / Walldürn, Friedhof	Walldürn Friedhof	LINESTRING(9.365359 49.587178,9.3654483 49.5871201)
927	Walldürn	Geriatriezentrum	de:08225:6721:0:RiS	49.587324	9.365054		MATCHED	n1825717667	3.6	0.71	Walldürn Geriatriezentrum			Walldürn Basilika	LINESTRING(9.365054 49.587324,9.3650508 49.587355900000006)
928	Walldürn	Gewerbeg. Spangel	de:08225:6724:0:RiN	49.574702	9.36756	bus	MATCHED	n9278386884	7.5	0.53	Walldürn Gewerbegebiet Spangel	846	Walldürn, Robert-Koch-Straße / Walldürn, Bahnhof / Walldürn, ZG Raiffeisen / Walldürn, Im Barnholz	Walldürn, Robert-Koch-Straße / Walldürn Edeka Markt Tischer	LINESTRING(9.36756 49.574702,9.3674943 49.574754600000006)
929	Walldürn	Grundschule	de:08225:6728:0:RiO	49.581471	9.365853	bus	MATCHED	n9279703099	90.1	0.15	Walldürn Grundschule	846	Walldürn, Hildenbrandstraße / Walldürn, Bahnhof		LINESTRING(9.365853 49.581471,9.3657508 49.5806635)
930	Walldürn	Haus am Limes	de:08225:67330:0:1	49.589642	9.371548	bus	MATCHED	n9279703095	19.8	0.4	Walldürn Haus am Limes	846	Walldürn, Konrad-Adenauer-Str. / Walldürn, Wettersdorfer Straße	Walldürn Konrad-Adenauer-Straße	LINESTRING(9.371548 49.589642,9.371681200000001 49.5894859)
931	Walldürn	Heide	de:08225:6574	49.590294	9.361649		MATCHED	n1827938409	169.8	0.04	Walldürn Friedhof			Walldürn Maria Rast	LINESTRING(9.361649 49.590294,9.363178600000001 49.5891347)
932	Walldürn	Hildenbrandstraße	de:08225:6732:0:RiO	49.580819	9.36288	bus	MATCHED	n9279703098	3.1	0.77	Walldürn Hildenbrandstraße	846	Walldürn, Ostpreußenstraße / Walldürn, Grundschule	Walldürn Grundschule	LINESTRING(9.36288 49.580819,9.362884900000001 49.5807913)
933	Walldürn	Im Barnholz	de:08225:67335:0:1	49.573165	9.362925	bus	NO_MATCH					846	Walldürn, Gewerbeg. Spangel		POINT(9.362925 49.573165)
934	Walldürn	Im Barnholz	de:08225:67335:0:2	49.573194	9.362898	bus	NO_MATCH					846	Walldürn, Süd		POINT(9.362898 49.573194)
935	Walldürn	Jahnstraße	de:08225:6578:0:RiO	49.580935	9.356295	bus	MATCHED	n9278386888	7.6	0.61	Walldürn Jahnstraße	846	Walldürn, Kaserne / Walldürn, Schönbornstraße	Walldürn Weißer Stein	LINESTRING(9.356295 49.580935,9.356399300000001 49.5809252)
936	Walldürn	Kaserne	de:08225:1351:0:RiN	49.578745	9.350375	bus	NO_MATCH					846,8930	Walldürn, St. Marien / Walldürn, Jahnstraße / Walldürn, Bahnhof / Hainstadt, Ort		POINT(9.350375 49.578745)
937	Walldürn	Kino	de:08225:6723:0:RiS	49.583125	9.368467	bus	MATCHED	n1890584842	5.9	0.66	Walldürn Kino	846	Walldürn, Volksbank / Walldürn, Basilika / Walldürn, Volksbank	Walldürn, Volksbank	LINESTRING(9.368467 49.583125,9.3684411 49.583074700000004)
938	Walldürn	Konrad-Adenauer-Str. 	de:08225:6726:0:RiS	49.589054	9.369231	bus	MATCHED	n1827916108	11.5	0.48	Walldürn Konrad-Adenauer-Straße	846	Walldürn, Basilika / Walldürn, Haus am Limes	Walldürn Geriatriezentrum	LINESTRING(9.369231 49.589054,9.3693027 49.58914600000001)
939	Walldürn	Maria Rast	de:08225:6729:0:RiW	49.587464	9.357014	bus	MATCHED	n9279703096	4.1	0.73	Walldürn Maria Rast	846	Walldürn, Montereau Allee / Walldürn, Auerberg	Walldürn Auerberg	LINESTRING(9.357014 49.587464,9.3569572 49.587468900000005)
940	Walldürn	Marienkirche	de:08225:6572:0:RiN	49.574895	9.357247		MATCHED	n4060259589	11.4	0.46	Walldürn Marienkirche			Walldürn Schönbornstraße	LINESTRING(9.357247 49.574895,9.3572076 49.5747955)
941	Walldürn	Montereau Allee	de:08225:6575:0:RiO	49.585274	9.354525	bus	MATCHED	n9278386891	13.4	0.49	Walldürn Montereau Allee	846,849	Walldürn, Weißer Stein / Walldürn, St. Marien / Walldürn, Maria Rast / Walldürn, Norma	Walldürn Bahnhof	LINESTRING(9.354525 49.585274,9.3543562 49.585224800000006)
942	Walldürn	Norma	de:08225:67334:0:1	49.578559	9.364173	bus	NO_MATCH					846,849	Walldürn, St. Marien / Hornbach, Kleinhornbach / Walldürn, Bahnhof / Walldürn, Schönbornstraße / Altheim, Pfarrer-Hauser-Platz / Walldürn, Bahnhof / Walldürn, Auerberg / Walldürn, Volksbank / Walldürn, Bahnhof		POINT(9.364173 49.578559)
943	Walldürn	Ostpreußenstraße	de:08225:6727:0:RiO	49.581943	9.359367	bus	MATCHED	n9279703097	13.8	0.48	Walldürn Ostpreussenstraße	846	Walldürn, Hildenbrandstraße / Walldürn, Weißer Stein	Walldürn Hildenbrandstraße	LINESTRING(9.359367 49.581943,9.3591808 49.5819139)
944	Walldürn	Robert-Koch-Straße	de:08225:67332:0:1	49.577364	9.369752	bus	MATCHED	n11481058142	13.8	0.47	Walldürn, Robert-Koch-Straße	846	Walldürn, Schlachthof / Walldürn, Gewerbeg. Spangel	Walldürn, Schlachthof	LINESTRING(9.369752 49.577364,9.3699221 49.5774198)
945	Walldürn	Schlachthof	de:08225:1354:0:RiN	49.581477	9.374468	bus	MATCHED	n7040628278	7.1	0.74	Walldürn, Schlachthof	841,843,846,999	Waldstetten, Bauersiedlung / Walldürn, Wettersdorfer Straße / Höpfingen, Rathaus	Walldürn Wettersdorfer Straße / Höpfingen, Rathaus	LINESTRING(9.374468 49.581477,9.374428100000001 49.5814182)
946	Walldürn	Schlachthof	de:08225:1354:0:RiS	49.581424	9.374225	bus	MATCHED	n6987201494	4.4	0.81	Walldürn, Schlachthof	841,842,843,846,849,999	Walldürn, Volksbank / Walldürn, Robert-Koch-Straße / Walldürn, Bahnhof	Walldürn Bahnhof / Walldürn, Volksbank	LINESTRING(9.374225 49.581424,9.3741713 49.5814061)
947	Walldürn	Schönbornstraße	de:08225:6577:0:RiN	49.576904	9.360481	bus	MATCHED	n9278386887	6.2	0.65	Walldürn Schönbornstraße	846	Walldürn, Norma / Walldürn, Jahnstraße	Walldürn Jahnstraße	LINESTRING(9.360481 49.576904,9.3605018 49.5769583)
948	Walldürn	St. Marien	de:08225:139:0:RiN	49.574895	9.357274	bus	MATCHED	n9929148491	21.9	0.38	Walldürn, St. Marien	841,842,843,846,849	Walldürn, Auerberg / Walldürn, Dr. H.-Köhler-Straße / Walldürn, Süd / Walldürn, Kaserne / Walldürn, Bahnhof		LINESTRING(9.357274 49.574895,9.3570129 49.5747945)
949	Walldürn	Süd	de:08225:1350:0:RiO	49.572186	9.359727	bus	MATCHED	n9929148492	6.2	0.65	Walldürn, Süd	841,842,843,846,849	Walldürn, Im Barnholz / Hainstadt, Ort / Walldürn, Dr. H.-Köhler-Straße / Walldürn, Bahnhof / Walldürn, ZG Raiffeisen / Walldürn, Volksbank		LINESTRING(9.359727 49.572186,9.3596441 49.572173400000004)
950	Walldürn	Süd	de:08225:1350:0:RiW	49.572198	9.359322	bus	MATCHED	n9278386886	5.6	0.78	Walldürn Süd	841,842,846	Walldürn, St. Marien / Walldürn, Dr. H.-Köhler-Straße / Buchen, Walldürner Höhe	Walldürn Dr.-Heinrich-Köhler-Straße	LINESTRING(9.359322 49.572198,9.3592934 49.5721508)
951	Walldürn	Volksbank	de:08225:1353:0:RiN	49.581611	9.368063	bus	MATCHED	n8137412705	7.3	0.62	Walldürn, Volksbank	841,843,846,849,8930,8951	Hornbach, Kleinhornbach / Walldürn, Kino / Walldürn, Bahnhof / Walldürn, Norma / Altheim, Kapelle / Wettersdorf, Ort / Hornbach, Ort / Walldürn, Bahnhof / Walldürn, Schlachthof / Höpfingen, Rathaus / Gerolzahn, Ort	Walldürn Auerberg / Walldürn, Schlachthof	LINESTRING(9.368063 49.581611,9.368038400000001 49.581547)
952	Walldürn	Volksbank	de:08225:1353:0:RiS	49.58171	9.367919	bus	MATCHED	n2349531437	10.0	0.55	Walldürn, Volksbank	841,842,843,846,849,8930,8951	Walldürn, Auerberg / Walldürn, ZG Raiffeisen / Walldürn, Bahnhof / Walldürn, Bahnhof / Walldürn, Frankenlandschule / Walldürn, Bahnhof	Walldürn Bahnhof	LINESTRING(9.367919 49.58171,9.3678779 49.5816243)
953	Walldürn	Weißer Stein	de:08225:6579:0:RiW	49.582857	9.354498	bus	MATCHED	n9278386889	5.9	0.66	Walldürn Weißer Stein	846	Walldürn, Montereau Allee / Walldürn, Ostpreußenstraße	Walldürn Auerberg	LINESTRING(9.354498 49.582857,9.354573400000001 49.5828764)
954	Walldürn	Wettersdorfer Straße	de:08225:6725:0:RiN	49.58765	9.37242	bus	MATCHED	n1829590901	17.4	0.43	Walldürn Wettersdorfer Straße	846	Walldürn, Schlachthof / Walldürn, Haus am Limes	Walldürn Haus am Limes	LINESTRING(9.37242 49.58765,9.3725377 49.5875138)
955	Walldürn	ZG Raiffeisen	de:08225:1352:0:RiN	49.575652	9.36509	bus	MATCHED	n7040628277	20.5	0.56	Walldürn, ZG Raiffeisen	841,843,846,849,999	Walldürn, Bahnhof / Walldürn, Frankenlandschule	Walldürn Bahnhof	LINESTRING(9.36509 49.575652,9.3652254 49.575813800000006)
956	Walldürn	ZG Raiffeisen	de:08225:1352:0:RiS	49.575425	9.36482	bus	MATCHED	n6987201495	13.9	0.63	Walldürn, ZG Raiffeisen	841,843,846,849,999	Buchen, Abzw. Hainstadt / Walldürn, Süd / Buchen, Walldürner Höhe / Walldürn, Süd / Buchen, Bahnhof / Walldürn, Gewerbeg. Spangel	Buchen, Walldürner Höhe	LINESTRING(9.36482 49.575425,9.3649231 49.575530400000005)
957	Weisbach	Mosbacher Straße	de:08225:4783:0:RiO	49.443851	9.103949	bus	MATCHED	n5164707504	5.1	1.0	Weisbach, Mosbacher Straße	837,840	Mosbach, Michelherd / Weisbach, Ort	Mosbach, Michelherd / Weisbach, Ort	LINESTRING(9.103949 49.443851,9.103994700000001 49.4438162)
958	Weisbach	Mühlenweg	de:08225:4784:0:RiO	49.442858	9.099817	bus	MATCHED	n5164707502	8.6	1.0	Weisbach, Mühlenweg	821,837,840	Weisbach, Ort / Weisbach, Mosbacher Straße	Weisbach, Ort / Weisbach, Mosbacher Straße	LINESTRING(9.099817 49.442858,9.0997 49.4428727)
959	Weisbach	Mühlenweg	de:08225:4784:0:RiW	49.442975	9.099835	bus	MATCHED	n5164707503	2.8	1.0	Weisbach, Mühlenweg	821,8953	Schollbrunn, Mühle	Schollbrunn Mühle	LINESTRING(9.099835 49.442975,9.0997985 49.442967200000005)
960	Weisbach	Ort	de:08225:4785:0:RiN	49.444932	9.104425	bus	MATCHED	n5164707505	3.8	1.0	Weisbach, Ort	821,837,840,8953	Strümpfelbrunn, Kurgarten / Mülben, Hohe Straße / Weisbach, Mühlenweg / Strümpfelbrunn, Kurgarten / Mülben, Waldbrunner Hof	Mülben, Waldbrunner Hof	LINESTRING(9.104425 49.444932,9.104470800000001 49.4449491)
961	Weisbach	Ort	de:08225:4785:0:RiS	49.445685	9.103895	bus	MATCHED	n5164707506	6.7	1.0	Weisbach, Ort	821,8953	Weisbach, Mühlenweg	Weisbach, Mühlenweg	LINESTRING(9.103895 49.445685,9.1039169 49.4456269)
962	Wettersdorf	Ort	de:08225:898:0:RiS	49.630627	9.384915	bus	MATCHED	n9279769629	4.9	0.7	Wettersdorf Ort	849,8951	Kaltenbrunn, Ort / Walldürn, Bahnhof / Glashofen, Ort / Walldürn, Volksbank / Walldürn, Auerberg / Glashofen, Ort / Walldürn, Schlachthof / Reinhardsachsen, Madonnen.	Glashofen Ort	LINESTRING(9.384915 49.630627,9.3848844 49.630666000000005)
963	Zimmern	Bahnhof	de:08225:8202:1:1	49.430556	9.371584	train	MATCHED	w145420337	5.1	1.0	Zimmern(b Seckach)	S1	Adelsheim, Nordbahnhof		LINESTRING(9.371584 49.430556,9.371520029915043 49.43053605844134)
964	Zimmern	Bahnhof	de:08225:8202:2:2	49.430766	9.371072	train	MATCHED	w145420343	38.1	1.0	Zimmern(b Seckach)	RE2,S1,S2,S3,S4	Seckach, Bahnhof / Seckach, Bahnhof	Seckach	LINESTRING(9.371072 49.430766,9.371552890902151 49.43062709183913)
965	Zimmern	Bauernsiedlung	de:08225:5728	49.419507	9.354436		NO_MATCH_AND_SEEMS_UNSERVED								POINT(9.354436 49.419507)
966	Zimmern	Mühle	de:08225:1402:0:RiO	49.433004	9.373507	bus	MATCHED	n2960929044	7.3	1.0	Zimmern, Mühle	842,848,8941	Adelsheim, Nordbahnhof / Adelsheim, Nordbahnhof / Zimmern, Schule / Adelsheim, Jakobskirche		LINESTRING(9.373507 49.433004,9.3734068 49.4329948)
967	Zimmern	Mühle	de:08225:1402:0:RiW	49.43305	9.373731	bus	MATCHED	n2960929050	1.9	0.84	Zimmern, Mühle	842,848	Seckach, Jugendd. Kl. Landstr. / Schlierstadt, Seligent. Hof		LINESTRING(9.373731 49.43305,9.373754 49.4330579)
968	Zimmern	Schule	de:08225:5729:0:1	49.431274	9.370156	bus	NO_MATCH					848	Adelsheim, Jakobskirche / Großeicholzheim,Milchhaus a.W. / Zimmern, Mühle		POINT(9.370156 49.431274)
969	Zwingenberg	Alte Dorfstr. 	de:08225:91952:0:1	49.419162	9.039585	bus	NO_MATCH					S2	Lindach, Bahnhof		POINT(9.039585 49.419162)
970	Zwingenberg	Kohlstatter Feld	de:08225:9192:1:GeoFä	49.416222	9.041211		NO_MATCH_AND_SEEMS_UNSERVED								POINT(9.041211 49.416222)
971	Zwingenberg	Kohlstatter Feld	de:08225:9192:1:GeoS1	49.416439	9.041516		NO_MATCH_AND_SEEMS_UNSERVED								POINT(9.041516 49.416439)
972	Zwingenberg	Kohlstatter Feld	de:08225:9192:2:RiN	49.420821	9.035686		NO_MATCH_AND_SEEMS_UNSERVED								POINT(9.035686 49.420821)
973	Zwingenberg	Kohlstatter Feld	de:08225:9192:2:RiS	49.417578	9.040923		NO_MATCH_AND_SEEMS_UNSERVED								POINT(9.040923 49.417578)
974	Zwingenberg	Kohlstatter Feld	de:08225:9192:2:RiW	49.416491	9.041822	bus	NO_MATCH					836	Guttenbach, Schleuse / Guttenbach, Dreschhalle		POINT(9.041822 49.416491)
975	Zwingenberg/Bd	Bahnhof	de:08225:9191:1:1	49.415655	9.043124	train	MATCHED	n1577341316	27.5	1.0	Zwingenberg (Baden)	S1,S2,S3,S4	Neckargerach, Bahnhof / Lindach, Bahnhof / Lindach, Bahnhof	Lindach	LINESTRING(9.043124 49.415655,9.0429784 49.4158836)
976	Zwingenberg/Bd	Bahnhof	de:08225:9191:2:2	49.415889	9.042918	train	MATCHED	n3186504548	26.3	1.0	Zwingenberg (Baden)	S1,S2	Neckargerach, Bahnhof / Neckargerach, Bahnhof	Neckargerach	LINESTRING(9.042918 49.415889,9.043048200000001 49.4156678)
977	Zwingenberg/Bd	Bootsplatz	de:08225:6482:0:GeoFä	49.416135	9.039603		NO_MATCH_AND_SEEMS_UNSERVED								POINT(9.039603 49.416135)
978	Zwingenberg/Bd	Bootsplatz	de:08225:6482:0:GeoS1	49.416146	9.039324		NO_MATCH_AND_SEEMS_UNSERVED								POINT(9.039324 49.416146)
979	Ünglert	Ort	de:08225:5983:0:RiW	49.554566	9.209322	bus	NO_MATCH					821,8943	Donebach, Ort / Mudau, Schule / Mudau, Brückengut / Langenelz, Ort		POINT(9.209322 49.554566)
