	Ortsteil	Haltestelle	globaleID	lat	lon	mode	match_state	osm_id	distance	rating	osm_name	routes	official_direction	osm_direction	WKT
0	Bottrop	Abzweig Ekel	de:05512:3208:0:01	51.620552	6.953778	bus	MATCHED	n3061880500	0.4	1.0	Abzweig Ekel	188,267E	Bottrop Baukholt	Baukholt	LINESTRING(6.953778 51.620552,6.953774500000001 51.620555)
1	Bottrop	Abzweig Ekel	de:05512:3208:0:02	51.621489	6.954317	bus	MATCHED	n3061880503	0.7	1.0	Abzweig Ekel	188	Bottrop Repeler Hof	Repeler Hof	LINESTRING(6.954317 51.621489,6.954323400000001 51.621484200000005)
2	Bottrop	Abzweig Haniel	de:05512:3270:1:01	51.539184	6.8898	bus	MATCHED	n2964838935	1.8	1.0	Abzweig Haniel	251E,261,261E,NE18,TB261	Bottrop Hölderlinstr.	Hölderlinstraße	LINESTRING(6.8898 51.539184,6.889818200000001 51.539195600000006)
3	Bottrop	Abzweig Haniel	de:05512:3270:2:02	51.539586	6.88971	bus	MATCHED	n2964838937	4.9	1.0	Abzweig Haniel	261,261E,NE18,TB261	Bottrop Oberhausener Str. / Bottrop Bischofssondern	Bischofssondern / Oberhausener Straße	LINESTRING(6.88971 51.539586,6.889649500000001 51.539563300000005)
4	Bottrop	Aegidistr.	de:05512:3261:0:01	51.537384	6.950364	bus	MATCHED	n2996797882	1.7	1.0	Aegidistraße	262,262E,TB262	Bottrop Alsenstr.	Alsenstraße	LINESTRING(6.950364 51.537384,6.9503534 51.5373974)
5	Bottrop	Aegidistr.	de:05512:3261:0:02	51.537396	6.950706	bus	MATCHED	n2996797883	0.5	1.0	Aegidistraße	262,TB262	Bottrop In der Boverheide	In der Boverheide	LINESTRING(6.950706 51.537396,6.9507038 51.537399900000004)
6	Bottrop	Alpincenter	de:05512:4522:0:01	51.522055	6.964459	bus	MATCHED	n278560867	0.2	1.0	Alpincenter	263,263E	Bottrop Knappen-/ Prosperstr.	Knappen-/Prosperstraße	LINESTRING(6.964459 51.522055,6.9644585 51.5220568)
7	Bottrop	Alpincenter	de:05512:4522:0:02	51.522027	6.965734	bus	MATCHED	n2951375911	9.3	1.0	Alpincenter	263,263E	Bottrop Zentralwerkstatt	Zentralwerkstatt	LINESTRING(6.965734 51.522027,6.965868 51.522034100000006)
8	Bottrop	Alsenstr.	de:05512:3262:0:01	51.535121	6.944786	bus	MATCHED	n2996797888	0.3	1.0	Alsenstraße	262,TB262	Bottrop Aegidistr.	Aegidistraße	LINESTRING(6.944786 51.535121,6.944786000000001 51.5351179)
9	Bottrop	Alsenstr.	de:05512:3262:0:02	51.535093	6.944471	bus	MATCHED	n2996797886	0.8	1.0	Alsenstraße	262,262E,TB262	Bottrop Im Flaßviertel	Im Flaßviertel	LINESTRING(6.944471 51.535093,6.9444758 51.5350868)
10	Bottrop	Alter Südring	de:05512:3334:0:01	51.513167	6.933611	bus	MATCHED	n2939254987	0.4	1.0	Alter Südring	186,NE16	Bottrop Bahnhofstr.	Bahnhofstraße	LINESTRING(6.933611 51.513167,6.9336101 51.513163500000005)
11	Bottrop	Alter Südring	de:05512:3334:0:02	51.513363	6.93362	bus	MATCHED	n2939254988	2.5	1.0	Alter Südring	186,NE16	Bottrop Hardenbergstr.	Hardenbergstraße	LINESTRING(6.93362 51.513363,6.9336454000000005 51.513346600000006)
12	Bottrop	Am Abenteuerspielplatz	de:05512:4502:0:01	51.518819	6.949646	bus	MATCHED	n435100340	0.7	1.0	Am Abenteuerspielplatz	262,TB262	Bottrop Devensstr.	Devensstraße	LINESTRING(6.949646 51.518819,6.949655600000001 51.51881770000001)
13	Bottrop	Am Abenteuerspielplatz	de:05512:4502:0:02	51.518836	6.949852	bus	MATCHED	n431610431	1.0	1.0	Am Abenteuerspielplatz	262,TB262	Bottrop Prosperstr./Ostring	Prosperstraße/Ostring	LINESTRING(6.949852 51.518836,6.9498553 51.5188277)
14	Bottrop	Am Boyepumpwerk	de:05512:3435:0:01	51.519026	6.986153	bus	MATCHED	n2950606039	0.5	1.0	Am Boyepumpwerk	294E,TB294,TB294A	BOT Haverkamp	Haverkamp	LINESTRING(6.986153 51.519026,6.9861456 51.5190265)
15	Bottrop	Am Boyepumpwerk	de:05512:3435:0:02	51.519031	6.986566	bus	MATCHED	n2950606040	1.0	1.0	Am Boyepumpwerk	TB294	BOT Grenze Welheim	Grenze Welheim	LINESTRING(6.986566 51.519031,6.986572600000001 51.5190228)
16	Bottrop	Am Freitagshof	de:05512:3297:1:01	51.507062	6.912087	bus	MATCHED	n2948621802	3.9	1.0	Am Freitagshof	291,TB294	Bottrop Am Wienberg	Am Wienberg	LINESTRING(6.912087 51.507062,6.9120311 51.5070661)
17	Bottrop	Am Freitagshof	de:05512:3297:2:02	51.506743	6.912177	bus	MATCHED	n2948621803	1.4	1.0	Am Freitagshof	291,294E,TB294	Bottrop Am Quellenbusch	Am Quellenbusch	LINESTRING(6.912177 51.506743,6.912164300000001 51.506733200000006)
18	Bottrop	Am Pastors Busch	de:05512:3412:0:01	51.59836	6.914674	bus	MATCHED	n1713121721	0.7	1.0	Am Pastors Busch	267,267E,NE18	Bottrop Kaplan-Xanten-Str.	Kaplan-Xanten-Straße	LINESTRING(6.914674 51.59836,6.9146665 51.5983637)
19	Bottrop	Am Pastors Busch	de:05512:3412:0:02	51.597763	6.914459	bus	MATCHED	n1713121200	2.1	1.0	Am Pastors Busch	267,267E,NE18	Bottrop In der Koppel	In der Koppel	LINESTRING(6.914459 51.597763,6.914434000000001 51.597753000000004)
20	Bottrop	Am Piekenbrocksbach	de:05512:4766:1:01	51.512988	6.948999	bus	MATCHED_THOUGH_REVERSED_DIR	n2949969638	0.2	1.0	Am Piekenbrocksbach	294,294E,TB294	BOT Lehmkuhler Str.	An der Knippenburg	LINESTRING(6.948999 51.512988,6.9489980000000005 51.512986500000004)
21	Bottrop	Am Piekenbrocksbach	de:05512:4766:1:02	51.512999	6.948648	bus	MATCHED_THOUGH_REVERSED_DIR	n2949969641	1.0	1.0	Am Piekenbrocksbach	294,TB294	Bottrop An der Knippenburg	Lehmkuhler Straße	LINESTRING(6.948648 51.512999,6.9486615 51.5130015)
22	Bottrop	Am Quellenbusch	de:05512:3296:0:01	51.509103	6.911979	bus	MATCHED	n2948621804	0.2	1.0	Am Quellenbusch	291,TB294	Bottrop Am Freitagshof	Am Freitagshof	LINESTRING(6.911979 51.509103,6.911981900000001 51.509101900000005)
23	Bottrop	Am Quellenbusch	de:05512:3296:0:02	51.508896	6.912141	bus	MATCHED	n2948621805	3.5	1.0	Am Quellenbusch	291,294E,TB294	Bottrop Westfriedhof	Westfriedhof	LINESTRING(6.912141 51.508896,6.9121706000000005 51.5088705)
24	Bottrop	Am Sandknappen	de:05512:3292:0:01	51.516259	6.921106	bus	MATCHED	n2938801196	0.4	1.0	Am Sandknappen	261,TB261	BOT Westfriedhof Haupteingang	Westfriedhof Haupteingang	LINESTRING(6.921106 51.516259,6.921111600000001 51.516259500000004)
25	Bottrop	Am Sandknappen	de:05512:3292:0:02	51.515789	6.920926	bus	MATCHED	n2938801198	0.1	1.0	Am Sandknappen	261,TB261	Bottrop Untere Hochstr.	Untere Hochstraße	LINESTRING(6.920926 51.515789,6.9209255 51.5157881)
26	Bottrop	Am Schleitkamp	de:05512:3440:0:01	51.583291	6.889782	bus	MATCHED	n663643843	0.7	1.0	Am Schleitkamp	269E,TB269	Bottrop Dännenkamp	Dännenkamp	LINESTRING(6.889782 51.583291,6.8897848 51.583284600000006)
27	Bottrop	Am Schleitkamp	de:05512:3440:0:02	51.583732	6.889934	bus	MATCHED	n663643844	0.1	1.0	Am Schleitkamp	269E,TB269	Bottrop Lehmschlenke	Lehmschlenke	LINESTRING(6.889934 51.583732,6.8899349 51.5837317)
28	Bottrop	Am Timpenkotten	de:05512:4075:0:01	51.525325	6.949475	bus	MATCHED	n2992390065	0.1	1.0	Am Timpenkotten	266,TB266	Bottrop Tetraeder	Tetraeder	LINESTRING(6.949475 51.525325,6.949475100000001 51.5253257)
29	Bottrop	Am Timpenkotten	de:05512:4075:0:02	51.525303	6.949906	bus	MATCHED	n2992390064	0.6	1.0	Am Timpenkotten	266,266E,TB266	Bottrop Hasenhegge	Hasenhegge	LINESTRING(6.949906 51.525303,6.949903600000001 51.525297800000004)
30	Bottrop	Am Trapez	de:05512:3266:1:01	51.524816	6.92885	bus	MATCHED	n267435228	2.8	1.0	Am Trapez	251,259,259E,267,267E,NE2,SB91,SB91E,TB251	BOT ZOB Berliner Platz / BOT ZOB Berliner Platz / BOT ZOB Berliner Platz / BOT ZOB Berliner Platz / BOT ZOB Berliner Platz / BOT ZOB Berliner Platz / BOT ZOB Berliner Platz	ZOB Berliner Platz	LINESTRING(6.92885 51.524816,6.9288138 51.52482680000001)
31	Bottrop	Am Trapez	de:05512:3266:2:02	51.524218	6.929945	bus	MATCHED	n267435229	1.2	1.0	Am Trapez	251,259,259E,264,264E,267,267E,NE2,SB91,SB91E,TB251	Bottrop Hochschule / Bottrop Finanzamt / Bottrop Brauhaus	Hochschule / Finanzamt / Brauhaus	LINESTRING(6.929945 51.524218,6.9299355 51.524209500000005)
32	Bottrop	Am Weckelsberg	de:05512:3305:0:01	51.537954	6.932802	bus	MATCHED	n267483663	0.3	1.0	Am Weckelsberg	259,259E,NE2,SB91,SB91E	Bottrop Nordring	Nordring	LINESTRING(6.932802 51.537954,6.932799 51.537952700000005)
33	Bottrop	Am Weckelsberg	de:05512:3305:0:02	51.537759	6.932506	bus	MATCHED	n267483787	0.9	1.0	Am Weckelsberg	259,259E,NE2,SB91,SB91E	Bottrop Overbeckstr.	Overbeckstraße	LINESTRING(6.932506 51.537759,6.932515400000001 51.5377528)
34	Bottrop	Am Wienberg	de:05512:3298:0:01	51.504691	6.911826	bus	MATCHED	n2939359141	2.3	1.0	Am Wienberg	291,TB294	BOT-Vonderort Bf	Vonderort Bf	LINESTRING(6.911826 51.504691,6.911825800000001 51.5046704)
35	Bottrop	Am Wienberg	de:05512:3298:0:02	51.504881	6.911997	bus	MATCHED	n2939359140	1.8	1.0	Am Wienberg	291,294E,TB294	Bottrop Am Freitagshof	Am Freitagshof	LINESTRING(6.911997 51.504881,6.9119874 51.5048965)
36	Bottrop	An St. -Johannes	de:05512:3410:0:01	51.603259	6.917459	bus	MATCHED	n1471781743	0.6	1.0	An St. Johannes	267,267E,269E,NE18,SB16,TB269,X42	Bottrop Brabecker Weg / Bottrop Kaplan-Xanten-Str.	Kaplan-Xanten-Straße / Brabecker Weg	LINESTRING(6.917459 51.603259,6.9174576000000005 51.6032536)
37	Bottrop	An St. -Johannes	de:05512:3410:0:02	51.603102	6.917216	bus	MATCHED	n1471781742	0.8	1.0	An St. Johannes	267,267E,SB16,TB269,X42	BOT S.-Delitzsch-Str. / BOT S.-Delitzsch-Str.	Schulze-Delitzsch-Straße	LINESTRING(6.917216 51.603102,6.9172164 51.603095200000006)
38	Bottrop	An der Boye	de:05512:4531:0:01	51.543933	6.980646	bus	MATCHED_THOUGH_REVERSED_DIR	n4673471295	0.2	1.0	An der Boye	TB265	Bottrop Im Gewerbepark West	Walter-Spindler-Straße	LINESTRING(6.980646 51.543933,6.9806442 51.54393150000001)
39	Bottrop	An der Boye	de:05512:4531:0:02	51.544083	6.980619	bus	MATCHED_THOUGH_REVERSED_DIR	n4673471296	0.5	1.0	An der Boye	TB265	Bottrop Walter-Spindler-Str.	Im Gewerbepark West	LINESTRING(6.980619 51.544083,6.980612900000001 51.544080900000004)
40	Bottrop	An der Knippenburg	de:05512:4767:1:01	51.514045	6.951703	bus	MATCHED_THOUGH_REVERSED_DIR	n2949969642	0.1	1.0	An der Knippenburg	294,294E,TB294	Bottrop Am Piekenbrocksbach	Brakerstraße	LINESTRING(6.951703 51.514045,6.9517042 51.5140442)
41	Bottrop	An der Knippenburg	de:05512:4767:1:02	51.514145	6.951694	bus	MATCHED_THOUGH_REVERSED_DIR	n2949969645	0.5	1.0	An der Knippenburg	294,TB294	Bottrop Brakerstr.	Am Piekenbrocksbach	LINESTRING(6.951694 51.514145,6.951689600000001 51.5141416)
42	Bottrop	An der Kommende	de:05512:3218:1:01	51.524213	6.984913	bus	MATCHED	n2951146616	0.2	1.0	An der Kommende	189,263,263E,TB294	BOT Am Kämpchen	Am Kämpchen	LINESTRING(6.984913 51.524213,6.984914900000001 51.5242116)
43	Bottrop	An der Kommende	de:05512:3218:2:02	51.524229	6.984806	bus	MATCHED	n278566962	0.5	1.0	An der Kommende	189,263,263E,294E,TB294	BOT Grenze Welheim / BOT Grenze Welheim	Grenze Welheim	LINESTRING(6.984806 51.524229,6.984799300000001 51.52422790000001)
44	Bottrop	An der Linde	de:05512:3472:0:01	51.614015	6.914674	bus	MATCHED	n1713173933	0.4	1.0	An der Linde	267,267E,TB267,X42	Bottrop Gahlener Str	Gahlener Straße	LINESTRING(6.914674 51.614015,6.9146687 51.614017200000006)
45	Bottrop	An der Linde	de:05512:3472:0:02	51.613557	6.914459	bus	MATCHED	n1713173091	1.1	1.0	An der Linde	267,267E,TB267,X42	Bottrop Weberstr.	Weberstraße	LINESTRING(6.914459 51.613557,6.914442500000001 51.6135565)
46	Bottrop	Arenberg Fortsetzung	de:05512:3285:0:01	51.533842	6.960084	bus	MATCHED	w315559789	3.4	1.0	Arenberg Fortsetzung	260,260E,265,NE19	Bottrop Fortsetzungstr.	Fortsetzungstraße	LINESTRING(6.960084 51.533842,6.960049550000001 51.533820000000006)
47	Bottrop	Arenberg Fortsetzung	de:05512:3285:0:02	51.533808	6.958961	bus	MATCHED	w315559790	5.9	1.0	Arenberg Fortsetzung	260,260E,265,265E,NE19	Bottrop Siemensstr.	Siemensstraße	LINESTRING(6.958961 51.533808,6.959036950000001 51.533832000000004)
48	Bottrop	Armeler Hof	de:05512:4534:0:01	51.507666	6.929415	bus	MATCHED	n2939359132	0.7	1.0	Armeler Hof	TB294	Bottrop Unterberg	Unterberg	LINESTRING(6.929415 51.507666,6.9294066 51.507662200000006)
49	Bottrop	Armeler Hof	de:05512:4534:0:02	51.507722	6.929155	bus	MATCHED	n2939359131	0.5	1.0	Armeler Hof	294E,TB294	BOT Wissmannstr.	Wissmannstraße	LINESTRING(6.929155 51.507722,6.929148100000001 51.507723000000006)
50	Bottrop	Auf der Höhe	de:05512:4334:0:01	51.608397	6.943366	bus	MATCHED	n3054477270	0.5	1.0	Auf der Höhe	267,267E,TB267	Bottrop Pelsstr.	Pelsstraße	LINESTRING(6.943366 51.608397,6.9433597 51.608394200000006)
51	Bottrop	Auf der Höhe	de:05512:4334:0:02	51.608291	6.943294	bus	MATCHED	n3054477268	0.2	1.0	Auf der Höhe	267,267E,TB267	Bottrop Im Kamp	Im Kamp	LINESTRING(6.943294 51.608291,6.9432971000000006 51.608290100000005)
52	Bottrop	Auf der Kämpe	de:05512:3444:0:01	51.599649	6.91118	bus	MATCHED	n3054477271	1.5	1.0	Auf der Kämpe	269E,TB269	Bottrop Kaplan-Xanten-Str.	Kaplan-Xanten-Straße	LINESTRING(6.91118 51.599649,6.911174000000001 51.599662300000006)
53	Bottrop	Auf der Kämpe	de:05512:3444:0:02	51.59971	6.911045	bus	MATCHED	n3054477274	0.5	1.0	Auf der Kämpe	269E,TB269	Bottrop Hetkamp / Bottrop, Schacht 10	Hetkamp	LINESTRING(6.911045 51.59971,6.911050100000001 51.599707300000006)
54	Bottrop	Aulkestr.	de:05512:4718:0:01	51.609145	6.924592	bus	MATCHED	n5760457012	0.1	1.0	Aulkestraße	TB269	Bottrop Rohrbrauk	Rohrbrauk	LINESTRING(6.924592 51.609145,6.9245920000000005 51.6091442)
55	Bottrop	Aulkestr.	de:05512:4718:0:02	51.609195	6.924448	bus	MATCHED	n5760457010	0.5	1.0	Aulkestraße	TB269	BOT St.-A.-Hosp./Gartenstr	St.-Antonius-Hospital/Gartenstraße	LINESTRING(6.924448 51.609195,6.9244411 51.6091958)
56	Bottrop	BOT Am Jugendkombihaus	de:05512:3005:1:01	51.536239	6.979694	bus	MATCHED	w315559788	3.0	1.0	Am Jugendkombihaus	260,NE19	Bottrop Baukelstr. / Bottrop Baukelstr.	Baukelstraße	LINESTRING(6.979694 51.536239,6.979736600000001 51.53624285000001)
57	Bottrop	BOT Am Jugendkombihaus	de:05512:3005:1:02	51.53615	6.979991	bus	MATCHED	w315559787	4.1	1.0	Am Jugendkombihaus	260,NE19	BOT In Boymannsheide	In Boymannsheide	LINESTRING(6.979991 51.53615,6.979935300000001 51.53613795)
58	Bottrop	BOT Am Kämpchen	de:05512:3477:1:01	51.525889	6.98733	bus	MATCHED	n2951146615	0.5	1.0	Am Kämpchen	189,263,263E,TB294	Bottrop Mathias-Stinnes-Platz	Mathias-Stinnes-Platz	LINESTRING(6.98733 51.525889,6.9873336 51.525893100000005)
59	Bottrop	BOT Am Kämpchen	de:05512:3477:2:02	51.525392	6.986863	bus	MATCHED	n2951146614	0.2	1.0	Am Kämpchen	189,263,263E,294E,TB294	Bottrop An der Kommende	An der Kommende	LINESTRING(6.986863 51.525392,6.986859900000001 51.5253918)
60	Bottrop	BOT Am Lamperfeld	de:05512:3038:1:01	51.522933	6.918384	bus	MATCHED	n2964838939	1.8	1.0	Am Lamperfeld	268,268E,979,NE18,TB268	Bottrop Sportpark	Sportpark	LINESTRING(6.918384 51.522933,6.9184001 51.522946000000005)
61	Bottrop	BOT Am Lamperfeld	de:05512:3038:1:02	51.523162	6.917953	bus	MATCHED	n2964838940	3.3	1.0	Am Lamperfeld	268,268E,979,NE18,TB268	BOT Pferdemarkt	Pferdemarkt	LINESTRING(6.917953 51.523162,6.9179107 51.5231493)
62	Bottrop	BOT August-Everding-RS	de:05512:4383:0:1	51.533982	6.896241	bus	MATCHED	n3077490235	0.5	1.0	August-Everding-Realschule	261E	BOT Lindhorststr.		LINESTRING(6.896241 51.533982,6.896241000000001 51.5339861)
63	Bottrop	BOT Bergbaustr. 	de:05512:3007:1:01	51.504417	6.945971	bus	MATCHED	n252620050	5.5	1.0	Bergbaustraße	261,TB261	BOT Schürmannstr. / Bottrop Ebelstr.	Ebelstraße	LINESTRING(6.945971 51.504417,6.9459588000000005 51.504367900000005)
64	Bottrop	BOT Boyer Brücke	de:05512:3309:0:01	51.554306	6.943357	bus	MATCHED	n277444657	0.5	1.0	Boyer Brücke	259,259E,NE2,SB91,TB256	Bottrop Sarterstr.	Sarterstraße / Hornstraße	LINESTRING(6.943357 51.554306,6.9433574 51.5543016)
65	Bottrop	BOT Boyer Brücke	de:05512:3309:0:02	51.553904	6.94325	bus	MATCHED	n277444686	1.1	1.0	Boyer Brücke	259,NE2,SB91,SB91E,TB256	Gladbeck Hornstr.	Hornstraße	LINESTRING(6.94325 51.553904,6.943248100000001 51.553894)
66	Bottrop	BOT Boyer Brücke	de:05512:3309:0:03	51.552904	6.943241		NO_MATCH_AND_SEEMS_UNSERVED								POINT(6.943241 51.552904)
67	Bottrop	BOT Boyer Brücke	de:05512:3309:0:04	51.55296	6.943573		NO_MATCH_AND_SEEMS_UNSERVED								POINT(6.943573 51.55296)
68	Bottrop	BOT Boyer Markt	de:05512:3282:1:01	51.536893	6.97054	bus	MATCHED	w310089611	11.6	1.0	Boyer Markt	189,260,260E,265,265E,266,NE19,TB265,TB266	Bottrop-Boy Bf / Bottrop Wallmannstr.	Boy Bf	LINESTRING(6.97054 51.536893,6.97070115 51.53692035)
69	Bottrop	BOT Boyer Markt	de:05512:3282:2:02	51.537345	6.970729	bus	MATCHED	w310089613	2.4	1.0	Boyer Markt	189,265,266,TB265	Bottrop Heimannstr.	Heimannstraße	LINESTRING(6.970729 51.537345,6.9707454 51.5373262)
70	Bottrop	BOT Boyer Markt	de:05512:3282:4:04	51.53687	6.972382	bus	MATCHED	w310089614	6.6	1.0	Boyer Markt	260,260E,265,NE19	Bottrop Baukelstr.	Baukelstraße	LINESTRING(6.972382 51.53687,6.9722873000000005 51.536866200000006)
71	Bottrop	BOT Boyer Markt	de:05512:3282:5:05	51.537211	6.973047	bus	MATCHED	w310089612	4.5	1.0	Boyer Markt	189	Bottrop Kraneburgstr.	Kraneburgstraße	LINESTRING(6.973047 51.537211,6.9730431500000005 51.53725145)
72	Bottrop	BOT Boyer Markt	de:05512:3282:6:06	51.53715	6.970855		MATCHED	w356954773	1.9	1.0	Boyer Markt			Wallmannstraße	LINESTRING(6.970855 51.53715,6.970834050000001 51.53716085000001)
73	Bottrop	BOT Boyer Markt	de:05512:3282:7:07	51.536267	6.969956		NO_MATCH_AND_SEEMS_UNSERVED								POINT(6.969956 51.536267)
74	Bottrop	BOT Boyer Markt	de:05512:3282:8:08	51.537289	6.972939	bus	MATCHED	w310089610	4.4	1.0	Boyer Markt	189	BOT Boyer Markt	Wallmannstraße	LINESTRING(6.972939 51.537289,6.972940250000001 51.5372498)
75	Bottrop	BOT Börenstraße	de:05512:3459:0:01	51.553669	6.93362	bus	MATCHED	n567017754	0.4	1.0	Börenstraße	264	Bottrop Vienkenstraße	Vienkenstraße	LINESTRING(6.93362 51.553669,6.9336226000000005 51.5536724)
76	Bottrop	BOT Eichendorffstr. 	de:05512:3041:1:01	51.531646	6.900139	bus	MATCHED	n2964838949	0.2	1.0	Eichendorffstraße	268,979,NE18,TB268	BOT Lindhorststr. / BOT Lindhorststr.	Lindhorststraße	LINESTRING(6.900139 51.531646,6.9001356000000005 51.531646)
77	Bottrop	BOT Eichendorffstr. 	de:05512:3041:1:02	51.531037	6.900562	bus	MATCHED	n2964838946	0.1	1.0	Eichendorffstraße	268,268E,979,NE18,TB268	BOT Parkfriedhof	Parkfriedhof	LINESTRING(6.900562 51.531037,6.9005621 51.531038)
78	Bottrop	BOT Eigen Markt	de:05512:3253:1:01	51.547726	6.937123	bus	MATCHED	n277444736	1.5	1.0	Eigen Markt	259,259E,261,261E,262,262E,264,NE2,SB91,SB91E,TB261,TB262	Bottrop Liebrechtstr. / Bottrop Buchenstr.	Liebrechtstraße / Buchenstraße	LINESTRING(6.937123 51.547726,6.9371027000000005 51.5477311)
79	Bottrop	BOT Eigen Markt	de:05512:3253:2:02	51.547821	6.937473	bus	MATCHED	n277444838	1.1	1.0	Eigen Markt	259,261,261E,262,262E,264,264E,NE2,SB91,SB91E,TB256,TB261,TB262	Bottrop Sarterstr. / Bottrop Zur Schattigen Buche	Sarterstraße / Zur Schattigen Buche	LINESTRING(6.937473 51.547821,6.937487300000001 51.5478163)
80	Bottrop	BOT Emscher-Kläranlage	de:05512:3017:1:01	51.515705	6.97991	bus	MATCHED	n2950654085	0.6	1.0	Emscher-Kläranlage	294E,TB294,TB294A	Bottrop Lüningstr. / BOT Klopriesstr.	Lüningstraße	LINESTRING(6.97991 51.515705,6.9799180000000005 51.5157067)
81	Bottrop	BOT Emscher-Kläranlage	de:05512:3017:1:02	51.515694	6.98008	bus	MATCHED	n2950654086	0.1	1.0	Emscher-Kläranlage	TB294	BOT Haverkamp	Haverkamp	LINESTRING(6.98008 51.515694,6.9800798 51.515692900000005)
82	Bottrop	BOT Feldhausen Bahnhof	de:05512:4095:1:01	51.615153	6.97028		MATCHED	n3061880514	1.2	0.51	Feldhausen Bf	267,RB43,RE14,TB267,X42	Dorsten Bf / Dorsten Bf / Dorsten ZOB Dorsten / BOT Movie Park / Dorsten Bf	Movie Park	LINESTRING(6.97028 51.615153,6.9702691 51.6151447)
83	Bottrop	BOT Feldhausen Bahnhof	de:05512:4095:2:02	51.615437	6.970307		MATCHED	n3061880516	0.2	1.0	Feldhausen Bf	267,RB43,RE14,TB267,X42	Bottrop Lohbraucksweg / BOT S.-Delitzsch-Str. / Gladbeck-Zweckel Bf / Gladbeck-Zweckel Bf	Schulze-Delitzsch-Straße / Lohbraucksweg	LINESTRING(6.970307 51.615437,6.9703102 51.6154373)
84	Bottrop	BOT Freiherr-v-Stein-Str. 	de:05512:3020:0:01	51.51499	6.935255	bus	MATCHED	n2951375916	4.3	1.0	Freiherr-vom-Stein-Straße	261,SB16,TB261	BOT ZOB Berliner Platz / Bottrop Paßstraße/Realschulen / BOT ZOB Berliner Platz	Paßstraße/Realschulen / ZOB Berliner Platz	LINESTRING(6.935255 51.51499,6.935292700000001 51.514959100000006)
85	Bottrop	BOT Freiherr-v-Stein-Str. 	de:05512:3020:0:02	51.514839	6.935174	bus	MATCHED	n2951375915	1.9	1.0	Freiherr-vom-Stein-Straße	261,SB16,TB261	Bottrop Hbf	Bottrop Hbf	LINESTRING(6.935174 51.514839,6.9351523 51.5148287)
86	Bottrop	BOT Fuhlenbr. Markt	de:05512:3053:1:01	51.53245	6.891192	bus	MATCHED	n563305800	0.3	1.0	Fuhlenbrock Markt	261,261E,268,979,TB217,TB261,TB268	Bottrop Herderstr.	Herderstraße	LINESTRING(6.891192 51.53245,6.8911956000000005 51.5324522)
87	Bottrop	BOT Fuhlenbr. Markt	de:05512:3053:1:02	51.531947	6.891291	bus	MATCHED	n563305797	0.8	1.0	Fuhlenbrock Markt	261,261E,268,979,TB217,TB261,TB268	Bottrop Heidestr. / Bottrop Im Fuhlenbrock	Im Fuhlenbrock / Heidestraße	LINESTRING(6.891291 51.531947,6.891282800000001 51.5319415)
88	Bottrop	BOT Grafenmühle	de:05512:3436:0:01	51.56724	6.874645	bus	MATCHED	n663664672	2.0	1.0	Grafenmühle	251,251E,269E,TB251	Bottrop Köhlerstr.	Köhlerstraße	LINESTRING(6.874645 51.56724,6.8746539 51.5672568)
89	Bottrop	BOT Grafenw. Kirche	de:05512:3419:1:01	51.575124	6.896878	bus	MATCHED	n663646375	7.1	1.0	Grafenwald Kirche	251,251E,269E,TB251,TB256,TB269	Bottrop Dännenkamp / Bottrop Im Spring	Im Spring	LINESTRING(6.896878 51.575124,6.8969735000000005 51.575100000000006)
90	Bottrop	BOT Grafenw. Kirche	de:05512:3419:2:02	51.575001	6.897121	bus	MATCHED	n663646374	3.0	1.0	Grafenwald Kirche	251,251E,TB251,TB256,TB269	Bottrop Ottenkamp	Ottenkamp	LINESTRING(6.897121 51.575001,6.897078700000001 51.5749943)
91	Bottrop	BOT Grafenw. Kirche	de:05512:3419:3:03	51.575258	6.896555	bus	MATCHED	n3050999951	1.2	1.0	Grafenwald Kirche	251,269E,TB251	Bottrop Dännenkamp	Dännenkamp	LINESTRING(6.896555 51.575258,6.8965708 51.5752619)
92	Bottrop	BOT Grenze Welheim	de:05512:3021:1:01	51.520529	6.988156	bus	MATCHED	n2950606048	0.8	1.0	Grenze Welheim	294E,TB294,TB294A	Bottrop Am Boyepumpwerk	Am Boyepumpwerk	LINESTRING(6.988156 51.520529,6.988156 51.5205216)
93	Bottrop	BOT Grenze Welheim	de:05512:3021:1:02	51.520529	6.988354	bus	MATCHED	n2950606047	0.3	1.0	Grenze Welheim	TB294	Bottrop An der Kommende	An der Kommende	LINESTRING(6.988354 51.520529,6.9883572 51.520527)
94	Bottrop	BOT Grenze Welheim	de:05512:3021:1:03	51.519568	6.991821	bus	MATCHED	n332268471	4.4	1.0	Grenze Welheim	189,263	E-Stadion Mathias Stinnes / Essen Carnaperhof	Carnaperhof / Stadion Mathias Stinnes	LINESTRING(6.991821 51.519568,6.9917936 51.5195323)
95	Bottrop	BOT Grenze Welheim	de:05512:3021:1:04	51.519791	6.991651	bus	MATCHED	n2950980093	1.7	1.0	Grenze Welheim	189,263	Bottrop An der Kommende	An der Kommende	LINESTRING(6.991651 51.519791,6.991650300000001 51.5198059)
96	Bottrop	BOT Görkenstr. /Seniorenzentrum	de:05512:3043:1:01	51.535837	6.903481	bus	MATCHED	n497092255	0.3	1.0	Görkenstraße/Seniorenzentrum	261,261E,TB217,TB261	Bottrop Nibelungenweg / BOT Seniorenzentr. St. Teresa	Nibelungenweg / Seniorenzentrum St. Teresa	LINESTRING(6.903481 51.535837,6.9034803 51.5358394)
97	Bottrop	BOT Görkenstr. /Seniorenzentrum	de:05512:3043:1:02	51.535384	6.902511	bus	MATCHED	n497092250	1.2	1.0	Görkenstraße/Seniorenzentrum	261,261E,TB217,TB261	BOT Lindhorststr. / BOT Lindhorststr.	Lindhorststraße	LINESTRING(6.902511 51.535384,6.9025103 51.535373400000005)
98	Bottrop	BOT Haus-Hove-Str. 	de:05512:3002:1:01	51.502438	6.917001		NO_MATCH_AND_SEEMS_UNSERVED								POINT(6.917001 51.502438)
99	Bottrop	BOT Haus-Hove-Str. 	de:05512:3002:2:02	51.502505	6.916956	bus	MATCHED	n2939359137	2.0	1.0	Haus-Hove-Straße	291,294E,TB294	Bottrop Hovermannstr.	Hovermannstraße	LINESTRING(6.916956 51.502505,6.916936000000001 51.5025185)
100	Bottrop	BOT Haverkamp	de:05512:3022:1:01	51.518053	6.982677	bus	MATCHED	n2950606052	1.3	1.0	Haverkamp	294E,TB294,TB294A	Bottrop Lüningstr. / BOT Emscher-Kläranlage	Emscher-Kläranlage	LINESTRING(6.982677 51.518053,6.982673800000001 51.5180644)
101	Bottrop	BOT Haverkamp	de:05512:3022:1:02	51.518036	6.98291	bus	MATCHED	n2950606050	0.7	1.0	Haverkamp	TB294	Bottrop Am Boyepumpwerk	Am Boyepumpwerk	LINESTRING(6.98291 51.518036,6.9829131 51.51803)
102	Bottrop	BOT Haßlacher Str. 	de:05512:3010:1:01	51.501604	6.948091	bus	MATCHED	n2949253622	3.6	1.0	Haßlacher Straße	261,TB261	BOT Schürmannstr.	Schürmannstraße	LINESTRING(6.948091 51.501604,6.948133 51.501585000000006)
103	Bottrop	BOT Haßlacher Str. 	de:05512:3010:1:02	51.501722	6.948145		NO_MATCH_AND_SEEMS_UNSERVED								POINT(6.948145 51.501722)
104	Bottrop	BOT Heidenheck	de:05512:3148:1:01	51.519048	6.912329	bus	MATCHED	w315245785	12.2	1.0	Heidenheck	262,263,263E,291,NE21,SB91,SB91E,TB262,TB294	Bottrop Knappsch.-Krankenhaus / BOT Westfriedhof Haupteingang / Bottrop Im Beckram	Im Beckram / Knappschafts-Krankenhaus / Westfriedhof Haupteingang	LINESTRING(6.912329 51.519048,6.912491600000001 51.5190886)
105	Bottrop	BOT Heidenheck	de:05512:3148:1:02	51.51826	6.911063	bus	MATCHED	w315245784	7.1	1.0	Heidenheck	262,263,263E,291,294E,NE21,SB91,TB262,TB294	Bottrop Nathrathstr.	Nathrathstraße	LINESTRING(6.911063 51.51826,6.9110224 51.51820095)
106	Bottrop	BOT Hermann-Löns-Str. 	de:05512:3045:1:01	51.536323	6.894237	bus	MATCHED	n2964838966	1.2	1.0	Hermann-Löns-Straße	261,261E,NE18,TB261	Bottrop Hölderlinstr.	Hölderlinstraße	LINESTRING(6.894237 51.536323,6.8942195 51.5363224)
107	Bottrop	BOT Hermann-Löns-Str. 	de:05512:3045:1:02	51.535468	6.894965	bus	MATCHED	n2964838964	2.8	1.0	Hermann-Löns-Straße	261,261E,NE18,TB261	BOT Lindhorststr. / BOT Lindhorststr.	Lindhorststraße	LINESTRING(6.894965 51.535468,6.8949987 51.535454800000004)
108	Bottrop	BOT Im Brahmkamp	de:05512:3003:1:01	51.503327	6.9201	bus	MATCHED	n2939359135	0.8	1.0	Im Brahmkamp	291,TB294	BOT Wissmannstr.	Wissmannstraße	LINESTRING(6.9201 51.503327,6.920099700000001 51.5033345)
109	Bottrop	BOT Im Brahmkamp	de:05512:3003:2:02	51.50331	6.919902	bus	MATCHED	n2939359136	0.4	1.0	Im Brahmkamp	291,294E,TB294	BOT Haus-Hove-Str.	Haus-Hove-Straße	LINESTRING(6.919902 51.50331,6.919897300000001 51.503311700000005)
110	Bottrop	BOT In Boymannsheide	de:05512:3011:1:01	51.53596	6.988489	bus	MATCHED	n2995010008	0.9	1.0	In Boymannsheide	260,NE19	Gladbeck Hartmannshof	Hartmannshof	LINESTRING(6.988489 51.53596,6.988491700000001 51.53595180000001)
111	Bottrop	BOT In Boymannsheide	de:05512:3011:1:02	51.536088	6.988516	bus	MATCHED	n2995010011	0.7	1.0	In Boymannsheide	260,NE19	BOT Am Jugendkombihaus	Am Jugendkombihaus	LINESTRING(6.988516 51.536088,6.9885079 51.536083700000006)
112	Bottrop	BOT Klopriesstr. 	de:05512:3271:0:01	51.51173	6.970531	bus	MATCHED	n286350351	9.2	1.0	Klopriesstraße	268,268E,294,294E,TB268,TB294,TB294A	Bottrop Lüningstr. / Bottrop Döckelhorst	Lüningstraße / Döckelhorst	LINESTRING(6.970531 51.51173,6.970442 51.511668500000006)
113	Bottrop	BOT Lehmkuhler Str. 	de:05512:3012:1:01	51.511031	6.940896		MATCHED	n1709824801	0.5	1.0	Lehmkuhler Straße			Bottrop Hbf Südeingang	LINESTRING(6.940896 51.511031,6.9409029 51.511032400000005)
114	Bottrop	BOT Lehmkuhler Str. 	de:05512:3012:1:02	51.511059	6.94121	bus	NO_MATCH_BUT_OTHER_PLATFORM_MATCHED					291	Bottrop Hbf Südeingang		POINT(6.94121 51.511059)
115	Bottrop	BOT Lehmkuhler Str. 	de:05512:3012:1:03	51.510992	6.94174	bus	MATCHED	n2949969654	0.4	1.0	Lehmkuhler Straße	294,TB294	Bottrop Am Piekenbrocksbach	Am Piekenbrocksbach	LINESTRING(6.94174 51.510992,6.941742100000001 51.510995)
116	Bottrop	BOT Lehmkuhler Str. 	de:05512:3012:1:04	51.511177	6.941462	bus	MATCHED	n2949969658	0.7	1.0	Lehmkuhler Straße	294,294E,TB294	Bottrop Hbf / Bottrop Hbf Südeingang	Bottrop Hbf Südeingang / Bottrop Hbf	LINESTRING(6.941462 51.511177,6.941463700000001 51.511170500000006)
117	Bottrop	BOT Lichtenhorst	de:05512:3013:1:01	51.504987	6.948163	bus	MATCHED	n2949253625	0.3	1.0	Lichtenhorst	261,TB261	BOT Bergbaustr.	Bergbaustraße	LINESTRING(6.948163 51.504987,6.9481662 51.5049854)
118	Bottrop	BOT Lindhorststr. 	de:05512:3044:1:01	51.533406	6.899421	bus	MATCHED	n2964838988	1.0	1.0	Lindhorststraße	261,261E,TB217,TB261	BOT Görkenstr./Seniorenzentrum	Görkenstraße/Seniorenzentrum	LINESTRING(6.899421 51.533406,6.8994068 51.5334075)
119	Bottrop	BOT Lindhorststr. 	de:05512:3044:2:02	51.532534	6.89775	bus	MATCHED	n2964838984	3.2	1.0	Lindhorststraße	268,979,TB217,TB268	Bottrop Im Fuhlenbrock	Im Fuhlenbrock	LINESTRING(6.89775 51.532534,6.8977129 51.532550400000005)
120	Bottrop	BOT Lindhorststr. 	de:05512:3044:3:03	51.532652	6.898702	bus	MATCHED	n2964838981	2.4	1.0	Lindhorststraße	261E,268,268E,979,NE18,TB268	BOT Eichendorffstr.	Eichendorffstraße	LINESTRING(6.898702 51.532652,6.898677 51.5326377)
121	Bottrop	BOT Lindhorststr. 	de:05512:3044:4:04	51.533277	6.898334	bus	MATCHED	n2964838986	0.3	1.0	Lindhorststraße	261,261E,NE18,TB261	BOT Hermann-Löns-Str.	Hermann-Löns-Straße	LINESTRING(6.898334 51.533277,6.898334800000001 51.533280000000005)
122	Bottrop	BOT Maybachweg	de:05512:3259:0:01	51.540463	6.955925	bus	MATCHED	n2996797901	0.4	1.0	Maybachweg	262,264,264E,TB262	Bottrop In der Boverheide	In der Boverheide	LINESTRING(6.955925 51.540463,6.955924 51.540466800000004)
123	Bottrop	BOT Maybachweg	de:05512:3259:0:02	51.540463	6.956149	bus	MATCHED	n2996797898	2.6	1.0	Maybachweg	262,264,264E,TB262	Bottrop Ostfriedhof / Bottrop Rheinbabenstr.	Ostfriedhof / Rheinbabenstraße	LINESTRING(6.956149 51.540463,6.9561169000000005 51.540450500000006)
124	Bottrop	BOT Movie Park	de:05512:3036:1:01	51.620591	6.971888	bus	MATCHED	n3061883938	1.7	1.0	Movie Park	267,TB267,X42	BOT Feldhausen Bf	Feldhausen Bf	LINESTRING(6.971888 51.620591,6.9718857000000005 51.620606200000005)
125	Bottrop	BOT Nordfriedhof	de:05512:3429:1:01	51.540463	6.921097	bus	MATCHED	n2965132248	0.7	1.0	Nordfriedhof	251,267,267E,TB251	Bottrop Schubertstr. / Bottrop Schubertstr.	Schubertstraße	LINESTRING(6.921097 51.540463,6.9210937 51.5404575)
126	Bottrop	BOT Nordfriedhof	de:05512:3429:2:02	51.541251	6.920962	bus	MATCHED	n2965132250	2.4	1.0	Nordfriedhof	251,261E,267,267E,TB251	Bottrop Herzogstr. / Bottrop Stadtwald	Herzogstraße / Stadtwald	LINESTRING(6.920962 51.541251,6.920995400000001 51.5412474)
127	Bottrop	BOT Nordfriedhof/Brünerstr. 	de:05512:4772:1:01	51.541513	6.923819	bus	MATCHED	n2965132251	6.0	1.0	Nordfriedhof/Brünerstraße	261,261E,TB261	Bottrop In den Weywiesen	In den Weywiesen	LINESTRING(6.923819 51.541513,6.923904800000001 51.5415167)
128	Bottrop	BOT Nordfriedhof/Brünerstr. 	de:05512:4772:2:02	51.541664	6.923981	bus	MATCHED	n2965132253	0.5	1.0	Nordfriedhof/Brünerstraße	261,261E,TB261	Bottrop Stadtwald / BOT Nordfriedhof	Stadtwald	LINESTRING(6.923981 51.541664,6.9239794 51.541659200000005)
129	Bottrop	BOT Parkfriedhof	de:05512:3040:1:01	51.528656	6.908395	bus	MATCHED	n2964838991	1.2	1.0	Parkfriedhof	268,268E,979,NE18,TB268	Bottrop Sportpark	Sportpark	LINESTRING(6.908395 51.528656,6.908378000000001 51.528654)
130	Bottrop	BOT Parkfriedhof	de:05512:3040:1:02	51.528868	6.908134	bus	MATCHED	n2964838994	2.7	1.0	Parkfriedhof	268,979,NE18,TB268	BOT Eichendorffstr.	Eichendorffstraße	LINESTRING(6.908134 51.528868,6.9081334000000005 51.5288927)
131	Bottrop	BOT Pferdemarkt	de:05512:3030:1:01	51.521614	6.921861	bus	MATCHED	w315170902	16.1	1.0	Pferdemarkt	186,261,262,263,263E,268,268E,291,979,NE16,NE18,NE21,SB91,SB91E,TB261,TB262,TB268,TB294	Bottrop Untere Hochstr. / BOT Am Lamperfeld / Bottrop Untere Hochstr. / Bottrop Nathrathstr.	Nathrathstraße / Am Lamperfeld / Untere Hochstraße	LINESTRING(6.921861 51.521614,6.922064650000001 51.52168395)
132	Bottrop	BOT Pferdemarkt	de:05512:3030:2:02	51.521586	6.922319	bus	MATCHED	w315170901	0.8	1.0	Pferdemarkt	186,261,262,263,263E,268,268E,291,294E,979,NE16,NE18,NE21,SB91,TB261,TB262,TB268,TB294	BOT ZOB Berliner Platz / BOT ZOB Berliner Platz / BOT ZOB Berliner Platz / BOT ZOB Berliner Platz / BOT ZOB Berliner Platz / BOT ZOB Berliner Platz / BOT ZOB Berliner Platz / BOT ZOB Berliner Platz / BOT ZOB Berliner Platz	ZOB Berliner Platz	LINESTRING(6.922319 51.521586,6.92232645 51.52158)
133	Bottrop	BOT Pferdemarkt	de:05512:3030:3:03	51.521781	6.922418		MATCHED	n5252980792	7.4	1.0	Pferdemarkt				LINESTRING(6.922418 51.521781,6.9223147 51.521765200000004)
134	Bottrop	BOT Pferdemarkt	de:05512:3030:4:04	51.521575	6.922166		MATCHED	n5252980795	21.3	1.0	Pferdemarkt				LINESTRING(6.922166 51.521575,6.9219113000000005 51.5214677)
135	Bottrop	BOT Rheinbabenwerkstatt	de:05512:4786:0:01	51.542374	6.973684		MATCHED	n7760838265	1.9	1.0	Rheinbabenwerkstatt			Im Gewerbepark West	LINESTRING(6.973684 51.542374,6.9737087 51.5423813)
136	Bottrop	BOT Richard-Wagner-Schule	de:05512:4420:0:01	51.542502	6.916983	bus	MATCHED	n2964838999	0.2	1.0	Richard-Wagner-Schule	251,267E,TB251	Bottrop Nibelungenweg / Bottrop Stadtwald	Stadtwald	LINESTRING(6.916983 51.542502,6.9169812 51.542503)
137	Bottrop	BOT Richard-Wagner-Schule	de:05512:4420:0:02	51.542703	6.917109	bus	MATCHED	n5760457016	1.0	1.0	Richard-Wagner-Schule	251,TB251	Bottrop Herzogstr.	Herzogstraße	LINESTRING(6.917109 51.542703,6.917121000000001 51.5427085)
138	Bottrop	BOT S. -Delitzsch-Str. 	de:05512:4413:1:01	51.602511	6.922462	bus	MATCHED	n3054478937	1.3	1.0	Schulze-Delitzsch-Straße	267,267E,SB16,SB36,TB267	BOT St.-A.-Hosp./Gartenstr / Bottrop St.-Antonius-Hospital	St.-Antonius-Hospital / St.-Antonius-Hospital/Gartenstraße	LINESTRING(6.922462 51.602511,6.9224546 51.602500500000005)
139	Bottrop	BOT S. -Delitzsch-Str. 	de:05512:4413:2:02	51.602416	6.92178	bus	MATCHED	n1351540692	0.7	1.0	Schulze-Delitzsch-Straße	267E,269E,NE18,SB16,SB36,SB36E,X42	Bottrop Oberhofstr. / Bottrop An St.-Johannes / BOT S.-Delitzsch-Str.	Oberhofstraße / An St. Johannes	LINESTRING(6.92178 51.602416,6.921781 51.602422000000004)
140	Bottrop	BOT S. -Delitzsch-Str. 	de:05512:4413:3:03	51.602355	6.922058	bus	MATCHED	n1351540691	0.4	1.0	Schulze-Delitzsch-Straße	267E,TB269,X42	BOT Feldhausen Bf / BOT S.-Delitzsch-Str. / BOT St.-A.-Hosp./Gartenstr	St.-Antonius-Hospital / St.-Antonius-Hospital/Gartenstraße / Feldhausen Bf	LINESTRING(6.922058 51.602355,6.9220597 51.6023511)
141	Bottrop	BOT S. -Delitzsch-Str. 	de:05512:4413:4:04	51.602528	6.922094	bus	MATCHED	n5752183674	0.2	1.0	Schulze-Delitzsch-Straße	267,TB267,TB269	Bottrop An St.-Johannes		LINESTRING(6.922094 51.602528,6.9220915000000005 51.602529100000005)
142	Bottrop	BOT Schlagkamp	de:05512:3025:1:01	51.59303	6.929793	bus	MATCHED	n3054478934	1.6	1.0	Schlagkamp	SB36,SB36E	Bottrop Forststr.	Forststraße	LINESTRING(6.929793 51.59303,6.929773600000001 51.593022700000006)
143	Bottrop	BOT Schlagkamp	de:05512:3025:1:02	51.592684	6.930529	bus	MATCHED	n3054478933	1.1	1.0	Schlagkamp	SB36	Bottrop Dorfheide	Dorfheide	LINESTRING(6.930529 51.592684,6.930517200000001 51.5926908)
144	Bottrop	BOT Schneider-/Bottroper Str. 	de:05512:3417:1:01	51.574286	6.908862	bus	MATCHED	n663651010	2.8	1.0	Schneider-/Bottroper Straße	251,251E,267E,TB251,TB256,TB269	Bottrop Glaserhüttenheide / Bottrop Hege-/Bottroper Str. / Bottrop Schneiderstr.	Schneiderstraße	LINESTRING(6.908862 51.574286,6.9088235000000005 51.5742793)
145	Bottrop	BOT Schneider-/Bottroper Str. 	de:05512:3417:2:02	51.574381	6.909149	bus	MATCHED	n663651011	9.9	1.0	Schneider-/Bottroper Straße	251,251E,267E,269E,TB251,TB256,TB269	Bottrop Ottenkamp	Ottenkamp	LINESTRING(6.909149 51.574381,6.9090055 51.5743814)
146	Bottrop	BOT Schürmannstr. 	de:05512:3014:1:01	51.503461	6.951209	bus	MATCHED	n2949253624	0.7	1.0	Schürmannstraße	261,TB261	BOT Lichtenhorst	Lichtenhorst	LINESTRING(6.951209 51.503461,6.9512058 51.5034549)
147	Bottrop	BOT Seniorenzentr. St. Teresa	de:05512:4717:0:01	51.5381	6.902358	bus	MATCHED	n5752363276	0.3	1.0	Seniorenzentrum St. Teresa	TB217	BOT Görkenstr./Seniorenzentrum	Görkenstraße/Seniorenzentrum	LINESTRING(6.902358 51.5381,6.9023605 51.5381018)
148	Bottrop	BOT Speckenbruch	de:05512:3026:1:01	51.512368	6.962258	bus	MATCHED	n2949969661	1.8	1.0	Speckenbruch	268,294,TB268,TB294	Bottrop In der Welheimer Mark / Bottrop Gewerbegeb. Kruppwald	In der Welheimer Mark / Gewerbegebiet Kruppwald	LINESTRING(6.962258 51.512368,6.9622324 51.512369500000005)
149	Bottrop	BOT Speckenbruch	de:05512:3026:1:02	51.512278	6.962464	bus	MATCHED	n2949969660	1.0	1.0	Speckenbruch	268,268E,294,TB268,TB294	Bottrop Bahnübergang	Bahnübergang	LINESTRING(6.962464 51.512278,6.962477000000001 51.512281900000005)
150	Bottrop	BOT St. -A. -Hosp. /Gartenstr	de:05512:3174:1:01	51.606015	6.923603	bus	MATCHED	n1713140945	0.4	1.0	St.-Antonius-Hospital/Gartenstraße	267,267E,269E,SB16,TB269,X42	BOT S.-Delitzsch-Str. / BOT S.-Delitzsch-Str.	Schulze-Delitzsch-Straße	LINESTRING(6.923603 51.606015,6.923598200000001 51.606016600000004)
151	Bottrop	BOT St. -A. -Hosp. /Gartenstr	de:05512:3174:1:02	51.605903	6.923657	bus	MATCHED	n1713142704	4.0	1.0	St.-Antonius-Hospital/Gartenstraße	267,267E,TB267,TB269,X42	Bottrop Aulkestr. / Bottrop Hallenbad	Hallenbad / Aulkestraße	LINESTRING(6.923657 51.605903,6.9236275 51.605872500000004)
152	Bottrop	BOT Westfriedhof Haupteingang	de:05512:4715:1:01	51.51518	6.915563	bus	MATCHED	n6256368894	10.4	1.0	Westfriedhof Haupteingang	261,262,TB261,TB262	Bottrop Westring	Westring	LINESTRING(6.915563 51.51518,6.9154464 51.515238100000005)
153	Bottrop	BOT Westfriedhof Haupteingang	de:05512:4715:2:02	51.515549	6.914279	bus	MATCHED	n6256368892	2.2	1.0	Westfriedhof Haupteingang	261,262,TB261,TB262	Bottrop Hünefeldstr. / Bottrop Am Sandknappen	Am Sandknappen / Hünefeldstraße	LINESTRING(6.914279 51.515549,6.9143097000000004 51.515546)
154	Bottrop	BOT Weusterstr. 	de:05512:4798:0:01	51.542553	6.976433	bus	MATCHED	n2995955283	0.5	1.0	Weusterstraße	265,265E,TB265	Bottrop Im Gewerbepark West	Rheinbabenwerkstatt	LINESTRING(6.976433 51.542553,6.976426300000001 51.542552300000004)
155	Bottrop	BOT Weusterstr. 	de:05512:4798:0:02	51.542849	6.977152		MATCHED	n4673471298	0.4	1.0	Weusterstraße				LINESTRING(6.977152 51.542849,6.977151200000001 51.5428453)
156	Bottrop	BOT Wissmannstr. 	de:05512:3004:1:01	51.505519	6.924789	bus	MATCHED	n2939359134	0.2	1.0	Wissmannstraße	291,TB294	Bottrop Armeler Hof	Armeler Hof	LINESTRING(6.924789 51.505519,6.924787500000001 51.505521)
157	Bottrop	BOT Wissmannstr. 	de:05512:3004:1:02	51.505519	6.924663	bus	MATCHED	n2939359133	0.2	1.0	Wissmannstraße	291,294E,TB294	BOT Im Brahmkamp	Im Brahmkamp	LINESTRING(6.924663 51.505519,6.9246639000000005 51.505517700000006)
158	Bottrop	BOT ZOB Berliner Platz	de:05512:3267:1:13	51.52286	6.9269	bus	MATCHED	w482166627	9.8	1.0	ZOB Berliner Platz	268E,SB16	Bottrop Hochschule / BOT Pferdemarkt / BOT ZOB Berliner Platz	Pferdemarkt	LINESTRING(6.9269 51.52286,6.9270405 51.522865700000004)
159	Bottrop	BOT ZOB Berliner Platz	de:05512:3267:1:14	51.522877	6.927259	bus	MATCHED	w314870503	5.5	1.0	ZOB Berliner Platz	263E,266E,268,979,TB268	BOT Pferdemarkt	Pferdemarkt	LINESTRING(6.927259 51.522877,6.92733795 51.52288165)
160	Bottrop	BOT ZOB Berliner Platz	de:05512:3267:1:15	51.522905	6.92761	bus	MATCHED	w314870498	5.8	1.0	ZOB Berliner Platz	259,259E,260,260E,261,263,264E,268E,NE19,TB261	BOT Pferdemarkt	Pferdemarkt	LINESTRING(6.92761 51.522905,6.927694000000001 51.52290495)
161	Bottrop	BOT ZOB Berliner Platz	de:05512:3267:1:16	51.522966	6.92734	bus	MATCHED	w314870499	4.2	1.0	ZOB Berliner Platz	259,259E,264,265,SB91,SB91E	Bottrop Am Trapez	Am Trapez	LINESTRING(6.92734 51.522966,6.927357890751009 51.52292957468368)
162	Bottrop	BOT ZOB Berliner Platz	de:05512:3267:2:06	51.522514	6.927224	bus	MATCHED	w314870504	8.0	1.0	ZOB Berliner Platz	NE2,NE21,SB91,SB91E	BOT Pferdemarkt	Pferdemarkt	LINESTRING(6.927224 51.522514,6.92732435 51.52254875)
163	Bottrop	BOT ZOB Berliner Platz	de:05512:3267:2:07	51.522648	6.927601	bus	MATCHED	w314870501	10.6	1.0	ZOB Berliner Platz	251,259,266,267,267E,291,TB251,TB294	BOT Pferdemarkt / Bottrop Am Trapez	Am Trapez / Pferdemarkt	LINESTRING(6.927601 51.522648,6.92774075 51.5226864)
164	Bottrop	BOT ZOB Berliner Platz	de:05512:3267:2:08	51.522793	6.927816	bus	MATCHED	w314870506	7.9	1.0	ZOB Berliner Platz	259,260,260E,265,265E,268E,NE18,NE19	Bottrop Fr.-Ebert-/Horster Str	Friedrich-Ebert-/Horster Straße	LINESTRING(6.927816 51.522793,6.92770335 51.52278390000001)
165	Bottrop	BOT ZOB Berliner Platz	de:05512:3267:2:09	51.522776	6.927457	bus	MATCHED	w314870494	6.4	1.0	ZOB Berliner Platz	266,NE2,TB266	Bottrop Paßstraße/Realschulen / Bottrop Am Trapez	Paßstraße/Realschulen / Am Trapez	LINESTRING(6.927457 51.522776,6.927364950000001 51.522768600000006)
166	Bottrop	BOT ZOB Berliner Platz	de:05512:3267:2:10	51.522743	6.927233	bus	MATCHED_THOUGH_REVERSED_DIR	w314870495	7.9	1.0	ZOB Berliner Platz	259,262,294E,NE21,TB262	BOT Pferdemarkt	Pferdemarkt / Am Trapez	LINESTRING(6.927233 51.522743,6.9271187 51.5227419)
167	Bottrop	BOT ZOB Berliner Platz	de:05512:3267:2:11	51.522676	6.926972	bus	MATCHED	w314870505	3.6	1.0	ZOB Berliner Platz	291	BOT Pferdemarkt	Pferdemarkt / Hochschule	LINESTRING(6.926972 51.522676,6.9270218 51.522686)
168	Bottrop	BOT ZOB Berliner Platz	de:05512:3267:2:12	51.522547	6.927071	bus	MATCHED	w314870502	4.8	1.0	ZOB Berliner Platz	265E,NE18,SB29	Gelsenkirchen Musiktheater / BOT Pferdemarkt		LINESTRING(6.927071 51.522547,6.92712635 51.522572600000004)
169	Bottrop	BOT ZOB Berliner Platz	de:05512:3267:3:04	51.52243	6.927017	bus	MATCHED	w314870497	4.2	1.0	ZOB Berliner Platz	267E,SB16	BOT Freiherr-v-Stein-Str.	Paßstraße/Realschulen / Freiherr-vom-Stein-Straße	LINESTRING(6.927017 51.52243,6.926990250000001 51.52246375)
170	Bottrop	BOT ZOB Berliner Platz	de:05512:3267:3:05	51.52262	6.926819	bus	MATCHED_THOUGH_REVERSED_DIR	w314870496	1.5	1.0	ZOB Berliner Platz	261,SB29,TB261	Bottrop Paßstraße/Realschulen	Bottrop Hbf / Pferdemarkt	LINESTRING(6.926819 51.52262,6.9267977 51.52262055)
171	Bottrop	BOT ZOB Berliner Platz	de:05512:3267:4:01	51.522614	6.928023	bus	MATCHED	w314870507	4.8	1.0	ZOB Berliner Platz	186,NE16	BOT Pferdemarkt	Pferdemarkt	LINESTRING(6.928023 51.522614,6.92795555 51.522605150000004)
172	Bottrop	BOT ZOB Berliner Platz	de:05512:3267:4:02	51.522558	6.927816	bus	MATCHED	w314870508	5.6	1.0	ZOB Berliner Platz	263,263E,268,268E,TB268	Bottrop Paßstraße/Realschulen	Paßstraße/Realschulen	LINESTRING(6.927816 51.522558,6.927742100000001 51.52253725)
173	Bottrop	BOT ZOB Berliner Platz	de:05512:3267:4:03	51.522446	6.927511	bus	MATCHED	w314870510	5.2	1.0	ZOB Berliner Platz	259,264,264E,265	Bottrop Am Trapez		LINESTRING(6.927511 51.522446,6.9274373 51.52243865)
174	Bottrop	BOT Zeche Franz Haniel	de:05512:3049:1:01	51.543508	6.885452	bus	MATCHED	n2964839004	2.4	1.0	Zeche Franz Haniel	268	Bottrop Oberhausener Str.	Oberhausener Straße	LINESTRING(6.885452 51.543508,6.885442500000001 51.543486900000005)
175	Bottrop	BOT-Bernhard- Poether-Weg	de:05512:4074:0:01	51.52903	6.955449	bus	MATCHED	n2992390067	0.6	1.0	Bernhard-Poether-Weg	266,TB266	Bottrop Batenbrockstr.	Batenbrockstraße	LINESTRING(6.955449 51.52903,6.955451500000001 51.529024500000006)
176	Bottrop	BOT-Bernhard- Poether-Weg	de:05512:4074:0:02	51.529002	6.954892	bus	MATCHED	n2992390066	0.1	1.0	Bernhard-Poether-Weg	266,266E,TB266	Bottrop Tetraeder	Tetraeder	LINESTRING(6.954892 51.529002,6.9548911 51.5290016)
177	Bottrop	BOT-Bernhard- Poether-Weg	de:05512:4074:0:03	51.529086	6.953679		NO_MATCH_AND_SEEMS_UNSERVED								POINT(6.953679 51.529086)
178	Bottrop	BOT-Gewerbegebiet Kruppwald	de:05512:4384:0:01	51.511065	6.95906	bus	MATCHED	n2950980092	0.3	1.0	Gewerbegebiet Kruppwald	294,TB294	BOT Speckenbruch / Bottrop In der Welheimer Mark	Speckenbruch / In der Welheimer Mark	LINESTRING(6.95906 51.511065,6.959058000000001 51.511062900000006)
179	Bottrop	BOT-Gewerbegebiet Kruppwald	de:05512:4384:0:02	51.510964	6.95906		NO_MATCH_AND_SEEMS_UNSERVED								POINT(6.95906 51.510964)
180	Bottrop	BOT-Vonderort Bahnhof	de:05512:3447:1:01	51.501845	6.91241	bus	MATCHED	w310060152	6.8	1.0	Vonderort Bf	291,TB294	BOT Im Brahmkamp	Im Brahmkamp	LINESTRING(6.91241 51.501845,6.912325350000001 51.50181405000001)
181	Bottrop	BOT-Vonderort Bahnhof	de:05512:3447:90:1	51.501733	6.912356	train	MATCHED	n4733028657	2.4	0.55	Bottrop-Vonderort	RE44	Bottrop Hbf / Bottrop Hbf / Oberhausen Osterfeld Süd Bf.	Bottrop Hbf / Oberhausen-Osterfeld Süd	LINESTRING(6.912356 51.501733,6.9123226 51.5017385)
182	Bottrop	Bahnhofstr.	de:05512:3331:1:01	51.512384	6.93609	bus	MATCHED	n2948621799	0.6	1.0	Bahnhofstraße	186,NE16	Bottrop Hbf	Plankenschemm / Bottrop Hbf	LINESTRING(6.93609 51.512384,6.936097 51.5123873)
183	Bottrop	Bahnhofstr.	de:05512:3331:2:02	51.512653	6.935569	bus	MATCHED	n2948621798	0.3	1.0	Bahnhofstraße	186,NE16	Bottrop Alter Südring	Alter Südring	LINESTRING(6.935569 51.512653,6.9355713 51.512650300000004)
184	Bottrop	Bahnübergang	de:05512:3274:0:01	51.515062	6.960416	bus	MATCHED	n2949969648	0.4	1.0	Bahnübergang	268,294,TB268,TB294	BOT Speckenbruch	Speckenbruch	LINESTRING(6.960416 51.515062,6.960419000000001 51.515058800000006)
185	Bottrop	Bahnübergang	de:05512:3274:0:02	51.514721	6.960776	bus	MATCHED	n2949969647	0.6	1.0	Bahnübergang	268,268E,294,TB268,TB294	Bottrop Malakoffturm	Malakoffturm	LINESTRING(6.960776 51.514721,6.9607847000000005 51.514719500000005)
186	Bottrop	Batenbrockstr.	de:05512:4073:0:01	51.530249	6.960102	bus	MATCHED	n2995009992	1.2	1.0	Batenbrockstraße	266,TB266	Bottrop Borsigweg	Borsigweg	LINESTRING(6.960102 51.530249,6.9601075 51.5302385)
187	Bottrop	Batenbrockstr.	de:05512:4073:0:02	51.530327	6.95994	bus	MATCHED	n2995009993	0.4	1.0	Batenbrockstraße	266,266E,TB266	Bottrop Bernhard-Poether-Weg	Bernhard-Poether-Weg	LINESTRING(6.95994 51.530327,6.959936600000001 51.5303241)
188	Bottrop	Baukelstr.	de:05512:3006:1:01	51.536703	6.976388	bus	MATCHED	w315559792	6.0	1.0	Baukelstraße	260	BOT Boyer Markt	Boyer Markt	LINESTRING(6.976388 51.536703,6.976462400000001 51.5366757)
189	Bottrop	Baukelstr.	de:05512:3006:1:02	51.536211	6.977682	bus	MATCHED	w315559791	4.4	1.0	Baukelstraße	260,NE19	BOT Am Jugendkombihaus / BOT Boyer Markt	Am Jugendkombihaus	LINESTRING(6.977682 51.536211,6.97762065 51.5362226)
190	Bottrop	Baukholt	de:05512:4441:0:01	51.616887	6.953113	bus	MATCHED	n3061880504	0.7	1.0	Baukholt	267E	Bottrop Dorstener Str.	Dorstener Straße	LINESTRING(6.953113 51.616887,6.953108 51.6168811)
191	Bottrop	Baukholt	de:05512:4441:0:02	51.617133	6.953239	bus	MATCHED	n3061880507	0.3	1.0	Baukholt	188	Bottrop Abzweig Ekel	Abzweig Ekel	LINESTRING(6.953239 51.617133,6.9532343 51.617132500000004)
192	Bottrop	Bereitschaftssiedlung	de:05512:3422:0:01	51.569479	6.90234	bus	MATCHED	n663612591	1.7	1.0	Bereitschaftssiedlung	256E,TB256	Bottrop Pöttering / Bottrop Vossundern		LINESTRING(6.90234 51.569479,6.9023563 51.56946730000001)
193	Bottrop	Bereitschaftssiedlung	de:05512:3422:0:02	51.569384	6.902538	bus	MATCHED	n663612590	1.0	1.0	Bereitschaftssiedlung	TB256	Bottrop Bergwerk Prosper IV		LINESTRING(6.902538 51.569384,6.902527 51.5693901)
194	Bottrop	Bergwerk Prosper IV	de:05512:3339:0:01	51.569261	6.90649	bus	MATCHED	n663612589	0.7	1.0	Bergwerk Prosper IV	TB256	Bottrop Hege-/Bottroper Str.		LINESTRING(6.90649 51.569261,6.9064886 51.5692673)
195	Bottrop	Bergwerk Prosper IV	de:05512:3339:0:02	51.569312	6.907065	bus	MATCHED	n663612588	0.8	1.0	Bergwerk Prosper IV	256E,TB256	Bottrop Bereitschaftssiedlung		LINESTRING(6.907065 51.569312,6.907054400000001 51.56931470000001)
196	Bottrop	Berliner Berg	de:05512:3470:0:01	51.625108	6.928131	bus	MATCHED	n1713197339	0.7	1.0	Berliner Berg	267,267E,TB267,X42	Bottrop Reckelsberg	Reckelsberg	LINESTRING(6.928131 51.625108,6.928141 51.625105500000004)
197	Bottrop	Berliner Berg	de:05512:3470:0:02	51.624138	6.925616	bus	MATCHED	n1713196703	1.8	1.0	Berliner Berg	267,267E,TB267,X42	Bottrop Gahlener Str	Gahlener Straße	LINESTRING(6.925616 51.624138,6.9256279 51.624152200000005)
198	Bottrop	Bernepark	de:05512:3112:1:01	51.504132	6.945819		NO_MATCH_AND_SEEMS_UNSERVED								POINT(6.945819 51.504132)
199	Bottrop	Bernepark	de:05512:3112:1:02	51.504412	6.945971		NO_MATCH_AND_SEEMS_UNSERVED								POINT(6.945971 51.504412)
200	Bottrop	Betriebshof	de:05512:3250:1:01	51.549647	6.949196	bus	MATCHED	n2997705728	34.9	1.0	Bottrop Betriebshof	262,262E,TB262	Bottrop Velsenstr.	Velsenstraße	LINESTRING(6.949196 51.549647,6.949231 51.549333700000005)
201	Bottrop	Betriebshof	de:05512:3250:2:02	51.549877	6.949304	bus	MATCHED	n2997705731	35.7	1.0	Bottrop Betriebshof	262,262E,TB262	Bottrop Gewerbeg. Rheinbaben	Gewerbegebiet Rheinbaben	LINESTRING(6.949304 51.549877,6.9494363 51.5495668)
202	Bottrop	Birkenstr.	de:05512:3149:1:01	51.52087	6.901837	bus	MATCHED	n2964838943	0.8	1.0	Birkenstraße	261,261E,TB261	Bottrop Kettelerstr.	Kettelerstraße	LINESTRING(6.901837 51.52087,6.901832400000001 51.520876200000004)
203	Bottrop	Birkenstr.	de:05512:3149:2:02	51.520954	6.901478	bus	MATCHED	n2964838944	2.3	1.0	Birkenstraße	261,261E,TB261	Bottrop Im Beckram	Im Beckram	LINESTRING(6.901478 51.520954,6.901476700000001 51.52093300000001)
204	Bottrop	Bischofssondern	de:05512:4603:1:01	51.545184	6.894444	bus	MATCHED	n2965132241	1.6	1.0	Bischofssondern	NE18	Bottrop Forsthaus Specht	Forsthaus Specht	LINESTRING(6.894444 51.545184,6.894450300000001 51.5451703)
205	Bottrop	Bischofssondern	de:05512:4603:2:02	51.543279	6.892477	bus	MATCHED	n2965132238	0.8	1.0	Bischofssondern	251E,NE18	Bottrop Abzweig Haniel	Abzweig Haniel	LINESTRING(6.892477 51.543279,6.8924671 51.5432755)
206	Bottrop	Borsigweg	de:05512:4448:0:01	51.532998	6.964872	bus	MATCHED	n2995009998	0.7	1.0	Borsigweg	266,TB266	Bottrop Robert-Brenner-Str.	Boy Bf	LINESTRING(6.964872 51.532998,6.9648626 51.5329952)
207	Bottrop	Borsigweg	de:05512:4448:0:02	51.532814	6.964423	bus	MATCHED	n2995009997	0.8	1.0	Borsigweg	266,266E,TB266	Bottrop Batenbrockstr.	Batenbrockstraße	LINESTRING(6.964423 51.532814,6.964426400000001 51.5328072)
208	Bottrop	Boy Bahnhof	de:05512:3283:1:01	51.536602	6.968016	bus	MATCHED_AMBIGUOUSLY	w310089607	11.1	1.0	Boy Bf	260,260E,265,NE19	BOT Boyer Markt / BOT Boyer Markt	Boy Bf	LINESTRING(6.968016 51.536602,6.96786565 51.53656705)
209	Bottrop	Boy Bahnhof	de:05512:3283:1:01	51.536602	6.968016	bus	MATCHED_AMBIGUOUSLY	w1340358026	0.9	1.0	Boy Bf	260,260E,265,NE19	BOT Boyer Markt / BOT Boyer Markt	Boyer Markt / Wallmannstraße	LINESTRING(6.968016 51.536602,6.96801095 51.53659435)
210	Bottrop	Boy Bahnhof	de:05512:3283:1:01	51.536602	6.968016	bus	MATCHED_AMBIGUOUSLY	w1340358027	21.2	1.0	Boy Bf	260,260E,265,NE19	BOT Boyer Markt / BOT Boyer Markt	Boy Bf	LINESTRING(6.968016 51.536602,6.967726150000001 51.53654085)
211	Bottrop	Boy Bahnhof	de:05512:3283:2:02	51.536669	6.967684	bus	MATCHED_AMBIGUOUSLY	w1340358025	22.3	1.0	Boy Bf	260,260E,265,265E,NE19	Bottrop Fortsetzungstr.	Boy Bf	LINESTRING(6.967684 51.536669,6.967994350000001 51.5367218)
212	Bottrop	Boy Bahnhof	de:05512:3283:2:02	51.536669	6.967684	bus	MATCHED_AMBIGUOUSLY	w310089608	11.4	1.0	Boy Bf	260,260E,265,265E,NE19	Bottrop Fortsetzungstr.	Boy Bf	LINESTRING(6.967684 51.536669,6.96784355 51.5366939)
213	Bottrop	Boy Bahnhof	de:05512:3283:2:02	51.536669	6.967684	bus	MATCHED_AMBIGUOUSLY	w1340358024	0.6	1.0	Boy Bf	260,260E,265,265E,NE19	Bottrop Fortsetzungstr.	Fortsetzungstraße / Borsigweg	LINESTRING(6.967684 51.536669,6.96769005 51.5366655)
214	Bottrop	Boy Bahnhof	de:05512:3283:90:1	51.537317	6.967675	train	MATCHED	n4733028656	19.2	0.24	Bottrop-Boy	S9	Bottrop Hbf / Bottrop Hbf / GLA West Bf / GLA West Bf	Bottrop Hbf	LINESTRING(6.967675 51.537317,6.967720900000001 51.537146400000005)
215	Bottrop	Boy Bahnhof	de:05512:3283:91:2	51.537323	6.967738	train	MATCHED	n998734629	19.3	0.41	Bottrop-Boy	S9	GLA West Bf / GLA West Bf	Gladbeck West	LINESTRING(6.967738 51.537323,6.9677761 51.537151)
216	Bottrop	Brabecker Weg	de:05512:3415:0:01	51.589269	6.913839	bus	MATCHED	n1713109546	0.9	1.0	Brabecker Weg	267,267E,NE18,SB16,X42	Bottrop Gregorstr. / Bottrop An St.-Johannes	Gregorstraße / An St. Johannes	LINESTRING(6.913839 51.589269,6.9138470000000005 51.58927490000001)
217	Bottrop	Brabecker Weg	de:05512:3415:0:02	51.589235	6.913605	bus	MATCHED	n1713108627	0.5	1.0	Brabecker Weg	267,267E,NE18,SB16,X42	Bottrop Schneiderstr. / Bottrop Glaserhüttenheide	Glaserhüttenheide / Schneiderstraße	LINESTRING(6.913605 51.589235,6.9135990000000005 51.5892331)
218	Bottrop	Brakerstr.	de:05512:4768:0:01	51.517606	6.952529	bus	MATCHED	n2949969653	0.7	1.0	Brakerstraße	294,TB294	Bottrop Malakoffturm	Malakoffturm	LINESTRING(6.952529 51.517606,6.9525299 51.5176)
219	Bottrop	Brakerstr.	de:05512:4768:0:02	51.517315	6.952349	bus	MATCHED	n2949969650	0.6	1.0	Brakerstraße	294,TB294	Bottrop An der Knippenburg	An der Knippenburg	LINESTRING(6.952349 51.517315,6.952355600000001 51.5173113)
220	Bottrop	Brandenheide	de:05512:3340:0:01	51.566453	6.92231	bus	MATCHED	n3050999947	0.3	1.0	Brandenheide	256E,TB256	Bottrop Hege-/Bottroper Str.	Hege-/Bottroper Straße	LINESTRING(6.92231 51.566453,6.922310800000001 51.566450100000004)
221	Bottrop	Brandenheide	de:05512:3340:0:02	51.566274	6.922921	bus	MATCHED	n3050999944	3.8	1.0	Brandenheide	TB256	Gladbeck Flachglas	Flachglas	LINESTRING(6.922921 51.566274,6.9229592 51.566248900000005)
222	Bottrop	Brauhaus	de:05512:3301:0:01	51.529187	6.929326	bus	MATCHED	n267435166	0.5	1.0	Brauhaus	259,259E,NE2,SB91,SB91E	Bottrop Prosper III	Prosper III	LINESTRING(6.929326 51.529187,6.9293189 51.529188700000006)
223	Bottrop	Brauhaus	de:05512:3301:0:02	51.529349	6.92911	bus	MATCHED	n267435188	0.3	1.0	Brauhaus	259,259E,NE2,SB91,SB91E	Bottrop Am Trapez	Am Trapez	LINESTRING(6.92911 51.529349,6.929105900000001 51.5293494)
224	Bottrop	Breslauer Str.	de:05512:4532:0:01	51.536345	6.939638	bus	MATCHED	n2997707137	0.8	1.0	Breslauer Straße	264,264E	Bottrop Sydowstr.	Sydowstraße	LINESTRING(6.939638 51.536345,6.939626400000001 51.536346300000005)
225	Bottrop	Breslauer Str.	de:05512:4532:0:02	51.536155	6.939701	bus	MATCHED	n2997707135	0.4	1.0	Breslauer Straße	264,264E	Bottrop Im Flaßviertel	Im Flaßviertel	LINESTRING(6.939701 51.536155,6.9396972 51.536152400000006)
226	Bottrop	Brinkstr.	de:05512:3279:0:01	51.520082	6.940025	bus	MATCHED	n278560353	1.1	1.0	Brinkstraße	263,263E,268,TB268	Bottrop Paßstr.	Paßstraße	LINESTRING(6.940025 51.520082,6.9400252 51.5200722)
227	Bottrop	Brinkstr.	de:05512:3279:0:02	51.520155	6.938156	bus	MATCHED	n278560319	0.5	1.0	Brinkstraße	263,263E,268,268E,TB268	Prosperstr/Arbeitsamt	Prosperstraße/Arbeitsamt	LINESTRING(6.938156 51.520155,6.938158100000001 51.5201508)
228	Bottrop	Buchenstr.	de:05512:3307:0:01	51.543419	6.934904	bus	MATCHED	n277444851	1.0	1.0	Buchenstraße	259,259E,261,261E,NE2,SB91,SB91E,TB261	Bottrop Nordring	Nordring	LINESTRING(6.934904 51.543419,6.9348964 51.5434264)
229	Bottrop	Buchenstr.	de:05512:3307:0:02	51.543095	6.934922	bus	MATCHED	n277444894	0.8	1.0	Buchenstraße	259,259E,261,261E,NE2,SB91,SB91E,TB261	BOT Eigen Markt	Eigen Markt	LINESTRING(6.934922 51.543095,6.9349296 51.5430896)
230	Bottrop	Clemens- Hofbauer-Str	de:05512:3406:0:01	51.606032	6.931086	bus	MATCHED	n1714088222	0.6	1.0	Clemens-Hofbauer-Straße	SB36	Bottrop Pelsstr.	Pelsstraße	LINESTRING(6.931086 51.606032,6.9310866 51.6060263)
231	Bottrop	Clemens- Hofbauer-Str	de:05512:3406:0:02	51.605898	6.929532	bus	MATCHED	n1714086617	0.9	1.0	Clemens-Hofbauer-Straße	SB36	Bottrop Jugend-Kloster	Jugend-Kloster	LINESTRING(6.929532 51.605898,6.9295419 51.60589220000001)
232	Bottrop	Devensstr.	de:05512:4268:0:01	51.516203	6.944849	bus	MATCHED	n435100339	0.5	1.0	Devensstraße	262,TB262	Bottrop Feuerbachstr.	Feuerbachstraße	LINESTRING(6.944849 51.516203,6.9448490000000005 51.516198200000005)
233	Bottrop	Devensstr.	de:05512:4268:0:02	51.516326	6.945289	bus	MATCHED	n431610428	0.2	1.0	Devensstraße	262,TB262	Bottrop Am Abenteuerspielplatz	Am Abenteuerspielplatz	LINESTRING(6.945289 51.516326,6.9452924000000005 51.516325900000005)
234	Bottrop	Dieselstr.	de:05512:4503:0:01	51.531215	6.952879		MATCHED_THOUGH_OSM_NO_NAME	n1449120736	4.7	0.2					LINESTRING(6.952879 51.531215,6.952910200000001 51.531178000000004)
235	Bottrop	Dinslakener Str.	de:05512:3473:0:01	51.608352	6.91506		NO_MATCH_AND_SEEMS_UNSERVED								POINT(6.91506 51.608352)
236	Bottrop	Dinslakener Str.	de:05512:3473:0:02	51.609725	6.915168		NO_MATCH_AND_SEEMS_UNSERVED								POINT(6.915168 51.609725)
237	Bottrop	Dorfheide	de:05512:3401:0:01	51.596658	6.925283	bus	MATCHED	n3054477280	0.6	1.0	Dorfheide	SB36	Bottrop Oberhofstr.	Oberhofstraße	LINESTRING(6.925283 51.596658,6.9252802 51.5966528)
238	Bottrop	Dorfheide	de:05512:3401:0:02	51.596669	6.925032	bus	MATCHED	n3054477281	0.4	1.0	Dorfheide	SB36,SB36E	BOT Schlagkamp	Schlagkamp	LINESTRING(6.925032 51.596669,6.925027 51.5966667)
239	Bottrop	Dorstener Str.	de:05512:3047:1:01	51.611041	6.959051	bus	MATCHED	n3061880510	2.0	1.0	Dorstener Straße	188,267E	Bottrop Vikars Kamp	Vikars Kamp	LINESTRING(6.959051 51.611041,6.959047300000001 51.6110235)
240	Bottrop	Dorstener Str.	de:05512:3047:1:02	51.611231	6.959545	bus	MATCHED	n3061880513	1.5	1.0	Dorstener Straße	188	Bottrop Baukholt	Baukholt	LINESTRING(6.959545 51.611231,6.959565100000001 51.6112254)
241	Bottrop	Dännenkamp	de:05512:3439:0:01	51.578875	6.890482	bus	MATCHED	n663643842	10.1	1.0	Dännenkamp	269E,TB269	Bottrop Am Schleitkamp	Am Schleitkamp	LINESTRING(6.890482 51.578875,6.890565100000001 51.5788005)
242	Bottrop	Dännenkamp	de:05512:3439:0:02	51.578423	6.890788	bus	MATCHED	n663643841	0.5	1.0	Dännenkamp	269E,TB269	BOT Grafenw. Kirche / BOT Grafenw. Kirche	Grafenwald Kirche	LINESTRING(6.890788 51.578423,6.890784300000001 51.5784266)
243	Bottrop	Döckelhorst	de:05512:3272:0:01	51.510948	6.968061	bus	MATCHED	n2950606044	1.3	1.0	Döckelhorst	268,294,TB268,TB294	BOT Klopriesstr.	Klopriesstraße	LINESTRING(6.968061 51.510948,6.968073400000001 51.5109396)
244	Bottrop	Döckelhorst	de:05512:3272:0:02	51.510931	6.9678	bus	MATCHED	n2950606043	0.2	1.0	Döckelhorst	268,268E,294,TB268,TB294	Bottrop In der Welheimer Mark	In der Welheimer Mark	LINESTRING(6.9678 51.510931,6.967797300000001 51.5109312)
245	Bottrop	Düppelstr.	de:05512:3287:0:01	51.531579	6.947499	bus	MATCHED	n2992390071	0.8	1.0	Düppelstraße	260,260E,265,265E,NE19	Bottrop Siemensstr.	Siemensstraße	LINESTRING(6.947499 51.531579,6.9475014 51.5315717)
246	Bottrop	Düppelstr.	de:05512:3287:0:02	51.53188	6.948163	bus	MATCHED	n2992390072	0.5	1.0	Düppelstraße	260,260E,265,265E,NE19	Bottrop Ostring	Ostring	LINESTRING(6.948163 51.53188,6.9481631 51.531884500000004)
247	Bottrop	Ebel	de:05512:3016:1:01	51.501068	6.942324	bus	MATCHED	n2949253619	1.5	1.0	Ebel	SB16	Essen Hornbach	Hornbach	LINESTRING(6.942324 51.501068,6.9423168 51.5010552)
248	Bottrop	Ebel	de:05512:3016:1:02	51.501526	6.94183	bus	MATCHED	n2949253618	0.4	1.0	Ebel	SB16	Bottrop Hbf	Bottrop Hbf	LINESTRING(6.94183 51.501526,6.941830400000001 51.5015293)
249	Bottrop	Ebelstr.	de:05512:3009:1:01	51.50251	6.945019	bus	MATCHED	n2949253621	1.3	1.0	Ebelstraße	261,TB261	BOT Haßlacher Str.	Haßlacher Straße	LINESTRING(6.945019 51.50251,6.945010300000001 51.502500100000006)
250	Bottrop	Ebelstr.	de:05512:3009:1:02	51.502969	6.944525	bus	MATCHED	n2949253620	3.0	1.0	Ebelstraße	261,TB261	Bottrop Hbf	Bottrop Hbf	LINESTRING(6.944525 51.502969,6.944484500000001 51.5029607)
251	Bottrop	Ernst-Ender-Str.	de:05512:3255:0:01	51.544363	6.944202	bus	MATCHED	n2997707143	0.6	1.0	Ernst-Ender-Straße	264,264E	Bottrop Trappenstr.	Trappenstraße	LINESTRING(6.944202 51.544363,6.9442107 51.544364800000004)
252	Bottrop	Ernst-Ender-Str.	de:05512:3255:0:02	51.544363	6.944363	bus	MATCHED	n2997707142	0.6	1.0	Ernst-Ender-Straße	264,264E	Bottrop Liebrechtstr.	Liebrechtstraße	LINESTRING(6.944363 51.544363,6.9443679000000005 51.544358800000005)
253	Bottrop	Feuerbachstr.	de:05512:4264:0:01	51.513598	6.94042	bus	MATCHED	n431610425	0.5	1.0	Feuerbachstraße	262,TB262	Bottrop Devensstr.	Devensstraße	LINESTRING(6.94042 51.513598,6.940419100000001 51.513593400000005)
254	Bottrop	Feuerbachstr.	de:05512:4264:0:02	51.513598	6.940231	bus	MATCHED	n435100338	0.6	1.0	Feuerbachstraße	262,TB262	Bottrop Hbf	Bottrop Hbf	LINESTRING(6.940231 51.513598,6.940229400000001 51.513592900000006)
255	Bottrop	Finanzamt	de:05512:3489:0:01	51.52566	6.93114	bus	MATCHED	n271046241	0.2	1.0	Finanzamt	264,264E	Bottrop Germaniastr.	Germaniastraße	LINESTRING(6.93114 51.52566,6.9311408000000005 51.5256581)
256	Bottrop	Finanzamt	de:05512:3489:0:02	51.525643	6.930934	bus	MATCHED	n271046848	0.4	1.0	Finanzamt	264,264E	BOT ZOB Berliner Platz / BOT ZOB Berliner Platz / BOT ZOB Berliner Platz	ZOB Berliner Platz	LINESTRING(6.930934 51.525643,6.9309285 51.5256442)
257	Bottrop	Finkenweg	de:05512:3404:0:01	51.604124	6.933718	bus	MATCHED	n3054477287	0.4	1.0	Finkenweg	SB36	Bottrop Papenheide	Papenheide	LINESTRING(6.933718 51.604124,6.933713 51.6041247)
258	Bottrop	Finkenweg	de:05512:3404:0:02	51.604107	6.933835	bus	MATCHED	n3054477285	0.7	1.0	Finkenweg	SB36,SB36E	Bottrop Pelsstr.	Pelsstraße	LINESTRING(6.933835 51.604107,6.9338363 51.6041011)
259	Bottrop	Fischedickstr.	de:05512:3257:0:01	51.540312	6.948496	bus	MATCHED	n2997707148	1.7	1.0	Fischedickstraße	264,264E	Bottrop Trappenstr.	Trappenstraße	LINESTRING(6.948496 51.540312,6.948487200000001 51.5402974)
260	Bottrop	Fischedickstr.	de:05512:3257:0:02	51.540173	6.948478	bus	MATCHED	n2997707145	0.5	1.0	Fischedickstraße	264,264E	Bottrop Rheinbabenstr.	Rheinbabenstraße	LINESTRING(6.948478 51.540173,6.9484710000000005 51.540173)
261	Bottrop	Flöttestr.	de:05512:3479:0:01	51.530182	6.983835	bus	MATCHED	n278586466	0.2	1.0	Flöttestraße	263,263E,TB294	Bottrop Mathias-Stinnes-Platz	Mathias-Stinnes-Platz	LINESTRING(6.983835 51.530182,6.9838358000000005 51.5301805)
262	Bottrop	Flöttestr.	de:05512:3479:0:02	51.530316	6.98309	bus	MATCHED	n2951146618	0.3	1.0	Flöttestraße	263,263E,TB294	Bottrop Gungstr.	Gungstraße	LINESTRING(6.98309 51.530316,6.983094500000001 51.530315)
263	Bottrop	Forsthaus Specht	de:05512:3424:0:01	51.561555	6.912222	bus	MATCHED	n2866425595	0.5	1.0	Forsthaus Specht	251,267,267E,NE18,TB251	Bottrop Hege-/Bottroper Str.	Hege-/Bottroper Straße	LINESTRING(6.912222 51.561555,6.9122295000000005 51.561553700000005)
264	Bottrop	Forsthaus Specht	de:05512:3424:0:02	51.561857	6.912096	bus	MATCHED	n501736353	1.3	1.0	Forsthaus Specht	251,251E,267,267E,NE18,TB251	Bottrop Bischofssondern / Bottrop Rolandstr.	Rolandstraße / Bischofssondern	LINESTRING(6.912096 51.561857,6.912077900000001 51.5618606)
265	Bottrop	Forststr.	de:05512:3019:1:01	51.587807	6.933027	bus	MATCHED	n3054477290	1.0	1.0	Forststraße	SB36	BOT Schlagkamp	Schlagkamp	LINESTRING(6.933027 51.587807,6.933042100000001 51.5878067)
266	Bottrop	Forststr.	de:05512:3019:1:02	51.586422	6.934078	bus	MATCHED	n3054477288	4.8	1.0	Forststraße	SB36,SB36E	Gladbeck Uechtmannstr.	Uechtmannstraße	LINESTRING(6.934078 51.586422,6.9340552 51.586381100000004)
267	Bottrop	Fortkamp	de:05512:4770:0:01	51.528801	6.974502	bus	MATCHED	n2951264320	0.8	0.68	Fortkamp	189	Bottrop Hebeleckstr.	Hebeleckstraße	LINESTRING(6.974502 51.528801,6.974499700000001 51.528794000000005)
268	Bottrop	Fortkamp	de:05512:4770:0:02	51.528706	6.974367	bus	MATCHED	n2951264318	1.2	0.52	Fortkamp	189	Bottrop Welheimer Str.	Welheimer Straße / Fortkamp	LINESTRING(6.974367 51.528706,6.974379600000001 51.528698500000004)
269	Bottrop	Fortsetzungstr.	de:05512:3284:0:01	51.535149	6.963821	bus	MATCHED	w315559794	5.5	1.0	Fortsetzungstraße	260,260E,265,265E,NE19	Bottrop Arenberg Fortsetzung	Arenberg Fortsetzung	LINESTRING(6.963821 51.535149,6.9638844 51.535178200000004)
270	Bottrop	Fortsetzungstr.	de:05512:3284:0:02	51.534937	6.963659	bus	MATCHED	w315559793	5.1	1.0	Fortsetzungstraße	260,260E,265,NE19	Bottrop-Boy Bf	Boy Bf	LINESTRING(6.963659 51.534937,6.963605900000001 51.534904850000004)
271	Bottrop	Fr. -Ebert-/Horster Str	de:05512:3290:0:01	51.524274	6.933099	bus	MATCHED	n2992390074	1.3	1.0	Friedrich-Ebert-/Horster Straße	260,260E,265,265E,NE19	Bottrop Janusz-Korczak-GS	Janusz-Korczak-Gesamtschule	LINESTRING(6.933099 51.524274,6.933086100000001 51.524282500000005)
272	Bottrop	Fr. -Ebert-/Horster Str	de:05512:3290:0:02	51.523939	6.93141	bus	MATCHED	n2992390073	0.4	1.0	Friedrich-Ebert-/Horster Straße	260,260E,265,265E,NE19	BOT ZOB Berliner Platz / BOT ZOB Berliner Platz / BOT ZOB Berliner Platz / BOT ZOB Berliner Platz / BOT ZOB Berliner Platz	ZOB Berliner Platz	LINESTRING(6.93141 51.523939,6.931412900000001 51.5239417)
273	Bottrop	Friedenskirche	de:05512:4312:0:01	51.527046	6.978419	bus	MATCHED	n278562469	0.6	1.0	Friedenskirche	263,263E,TB294	Bottrop Welheimer Str.	Welheimer Straße	LINESTRING(6.978419 51.527046,6.9784154 51.5270414)
274	Bottrop	Friedenskirche	de:05512:4312:0:02	51.52713	6.97876	bus	MATCHED	n278562498	0.1	1.0	Friedenskirche	263,263E,TB294	Bottrop Gungstr.	Gungstraße	LINESTRING(6.97876 51.52713,6.978760100000001 51.5271291)
275	Bottrop	Fröbelstr.	de:05512:4079:0:01	51.522603	6.93803	bus	MATCHED	n2992390075	0.3	1.0	Fröbelstraße	266,TB266	Bottrop Möddericher Str.	Möddericher Straße	LINESTRING(6.93803 51.522603,6.938034600000001 51.522604)
276	Bottrop	Fröbelstr.	de:05512:4079:0:02	51.522704	6.938219	bus	MATCHED	n422016390	0.3	1.0	Fröbelstraße	266,266E,TB266	Bottrop Paßstraße/Realschulen	Paßstraße/Realschulen	LINESTRING(6.938219 51.522704,6.938220100000001 51.522701700000006)
277	Bottrop	Gahlener Str	de:05512:3471:0:01	51.620546	6.91904	bus	MATCHED	n1713180878	1.2	1.0	Gahlener Straße	267,267E,TB267,X42	Bottrop An der Linde	An der Linde	LINESTRING(6.91904 51.620546,6.919034300000001 51.620555800000005)
278	Bottrop	Gahlener Str	de:05512:3471:0:02	51.621634	6.920459	bus	MATCHED	n1713188795	1.3	1.0	Gahlener Straße	267,267E,TB267,X42	Bottrop Berliner Berg	Berliner Berg	LINESTRING(6.920459 51.621634,6.920475400000001 51.6216288)
279	Bottrop	Geibelstraße	de:05512:4385:1:01	51.520177	6.898486	bus	MATCHED	n1680974270	0.2	1.0	Geibelstraße	263	Oberhausen Jacobistr.	Jacobistraße	LINESTRING(6.898486 51.520177,6.8984832 51.5201769)
280	Bottrop	Geibelstraße	de:05512:4385:2:02	51.520093	6.898442	bus	MATCHED	n1680974238	0.6	1.0	Geibelstraße	263,263E	Bottrop Im Beckram	Im Beckram	LINESTRING(6.898442 51.520093,6.898444400000001 51.5200875)
281	Bottrop	Germaniastr.	de:05512:3265:0:01	51.526923	6.933108	bus	MATCHED	n2996797889	2.6	1.0	Germaniastraße	264,264E	Bottrop Finanzamt	Finanzamt	LINESTRING(6.933108 51.526923,6.933090900000001 51.526944300000004)
282	Bottrop	Germaniastr.	de:05512:3265:0:02	51.52737	6.933916	bus	MATCHED	n2996797892	0.5	1.0	Germaniastraße	264,264E	Bottrop Pestalozzistr.	Pestalozzistraße	LINESTRING(6.933916 51.52737,6.933918500000001 51.5273662)
283	Bottrop	Gewerbeg. Rheinbaben	de:05512:4658:0:01	51.550748	6.954487	bus	MATCHED	n5760457004	5.9	1.0	Gewerbegebiet Rheinbaben	262,TB262	Bottrop Industriestr.	Industriestraße	LINESTRING(6.954487 51.550748,6.9545382 51.55070550000001)
284	Bottrop	Gewerbeg. Rheinbaben	de:05512:4658:0:02	51.550781	6.954586	bus	MATCHED	n5844602756	7.5	1.0	Gewerbegebiet Rheinbaben	262,TB262	Bottrop Betriebshof	Bottrop Betriebshof	LINESTRING(6.954586 51.550781,6.954559000000001 51.550846400000005)
285	Bottrop	Gewerbegebiet Pelsstr.	de:05512:4419:0:01	51.608347	6.93264		NO_MATCH_AND_SEEMS_UNSERVED								POINT(6.93264 51.608347)
286	Bottrop	Gewerbegebiet Pelsstr.	de:05512:4419:0:02	51.607806	6.933332		NO_MATCH_AND_SEEMS_UNSERVED								POINT(6.933332 51.607806)
287	Bottrop	Glaserhüttenheide	de:05512:3416:0:01	51.581667	6.913174	bus	MATCHED	n1713105012	1.5	1.0	Glaserhüttenheide	267,267E,NE18	Bottrop Schneiderstr. / BOT Schneider-/Bottroper Str.	Schneiderstraße	LINESTRING(6.913174 51.581667,6.9131532 51.5816688)
288	Bottrop	Glaserhüttenheide	de:05512:3416:0:02	51.582705	6.913461	bus	MATCHED	n1713103388	0.5	1.0	Glaserhüttenheide	267,267E,NE18	Bottrop Brabecker Weg	Brabecker Weg	LINESTRING(6.913461 51.582705,6.9134659 51.582701300000004)
289	Bottrop	Gregorstr.	de:05512:3414:0:01	51.591819	6.914135	bus	MATCHED	n1713111648	0.8	1.0	Gregorstraße	267,267E,NE18	Bottrop In der Koppel	In der Koppel	LINESTRING(6.914135 51.591819,6.9141446 51.591815200000006)
290	Bottrop	Gregorstr.	de:05512:3414:0:02	51.5924	6.914045	bus	MATCHED	n1713112864	1.3	1.0	Gregorstraße	267,267E,NE18	Bottrop Brabecker Weg	Brabecker Weg	LINESTRING(6.914045 51.5924,6.9140277 51.5923968)
291	Bottrop	Grenzstr.	de:05512:3210:0:01	51.635563	6.958656	bus	MATCHED	n3061880520	0.1	1.0	Grenzstraße	188	Bottrop Repeler Hof	Repeler Hof	LINESTRING(6.958656 51.635563,6.9586547 51.635563700000006)
292	Bottrop	Grenzstr.	de:05512:3210:0:02	51.636205	6.959159	bus	MATCHED	n3061880522	0.4	1.0	Grenzstraße	188	Dorsten Feldmark	Feldmark	LINESTRING(6.959159 51.636205,6.9591558000000004 51.6362019)
293	Bottrop	Gungstr.	de:05512:3480:1:01	51.528807	6.98097	bus	MATCHED	n278562512	0.3	1.0	Gungstraße	189,263,263E,TB294	Bottrop Friedenskirche	Friedenskirche	LINESTRING(6.98097 51.528807,6.9809666 51.528809200000005)
294	Bottrop	Gungstr.	de:05512:3480:2:02	51.528723	6.981006	bus	MATCHED	n278562513	0.4	1.0	Gungstraße	189,263,263E,TB294	Bottrop Flöttestr.	Flöttestraße	LINESTRING(6.981006 51.528723,6.981010800000001 51.528724200000006)
295	Bottrop	Hallenbad	de:05512:4251:0:01	51.606958	6.920783	bus	MATCHED	n1713150015	0.6	1.0	Hallenbad	267,267E,TB267,X42	Bottrop Kirchhellener Ring / Bottrop Weberstr.	Weberstraße	LINESTRING(6.920783 51.606958,6.920775900000001 51.6069546)
296	Bottrop	Hallenbad	de:05512:4251:0:02	51.606846	6.920765	bus	MATCHED	n1713150065	0.9	1.0	Hallenbad	267,267E,269E,NE18,TB267,X42	Bottrop St.-Antonius-Hospital / Bottrop Jugend-Kloster / BOT St.-A.-Hosp./Gartenstr	St.-Antonius-Hospital / St.-Antonius-Hospital/Gartenstraße	LINESTRING(6.920765 51.606846,6.9207532 51.606843100000006)
297	Bottrop	Hardenbergstr.	de:05512:3333:0:01	51.515107	6.932021	bus	MATCHED	n2939254985	0.7	1.0	Hardenbergstraße	186,NE16	Bottrop Alter Südring	Alter Südring	LINESTRING(6.932021 51.515107,6.9320151 51.515101900000005)
298	Bottrop	Hardenbergstr.	de:05512:3333:0:02	51.515705	6.931868	bus	MATCHED	n2939254986	0.6	1.0	Hardenbergstraße	186,NE16	Bottrop Zeppelinstr. / Bottrop Zeppelinstr.	Zeppelinstraße	LINESTRING(6.931868 51.515705,6.9318657 51.515709900000004)
299	Bottrop	Hasenhegge	de:05512:4076:0:01	51.526823	6.945361	bus	MATCHED	n2992390078	0.1	1.0	Hasenhegge	266,TB266	Bottrop Am Timpenkotten	Am Timpenkotten	LINESTRING(6.945361 51.526823,6.9453626 51.526823400000005)
300	Bottrop	Hasenhegge	de:05512:4076:0:02	51.526851	6.945145	bus	MATCHED	n2992390077	0.8	1.0	Hasenhegge	266,266E,TB266	Bottrop Kampstr.	Kampstraße	LINESTRING(6.945145 51.526851,6.9451561 51.52685090000001)
301	Bottrop	Hbf	de:05512:3335:1:01	51.509958	6.936234	bus	MATCHED	w310030288	13.2	1.0	Bottrop Hbf	186,261,262,291,294E,NE16,SB16,TB261,TB262,TB294	Bottrop Im Springfeld / Bottrop Unterberg / Bottrop Plankenschemm / Bottrop Ebelstr. / Bottrop Ebel	Ebel / Ebelstraße / Musiktheater / Plankenschemm / Im Springfeld	LINESTRING(6.936234 51.509958,6.9363034500000005 51.5100688)
302	Bottrop	Hbf	de:05512:3335:2:02	51.509829	6.936252	bus	MATCHED	w310030287	2.4	1.0	Bottrop Hbf	186,261,262,291,294,NE16,SB16,TB261,TB262,TB294	Bottrop Feuerbachstr. / BOT Lehmkuhler Str. / Bottrop Bahnhofstr. / BOT Freiherr-v-Stein-Str. / BOT Lehmkuhler Str.	Feuerbachstraße / Freiherr-vom-Stein-Straße / Lehmkuhler Straße / ZOB Berliner Platz / Bahnhofstraße	LINESTRING(6.936252 51.509829,6.936275500000001 51.5098447)
303	Bottrop	Hbf	de:05512:3335:3:03	51.510238	6.936548		NO_MATCH_AND_SEEMS_UNSERVED								POINT(6.936548 51.510238)
304	Bottrop	Hbf	de:05512:3335:4:04	51.510204	6.936665		NO_MATCH_AND_SEEMS_UNSERVED								POINT(6.936665 51.510204)
305	Bottrop	Hbf	de:05512:3335:90:3	51.509617	6.936907	train	MATCHED	n449584321	19.8	0.56	Bottrop Hbf	RE14,S9	GLA West Bf / Bottrop-Boy Bf / Bottrop-Boy Bf	Gladbeck West / Bottrop-Boy	LINESTRING(6.936907 51.509617,6.9367394 51.5094731)
306	Bottrop	Hbf	de:05512:3335:90:4	51.509567	6.937024		NO_MATCH_AND_SEEMS_UNSERVED								POINT(6.937024 51.509567)
307	Bottrop	Hbf	de:05512:3335:98:1	51.509701	6.936719	train	MATCHED	n256332739	19.8	0.39	Bottrop Hbf	S9	Essen Dellwig Ost Bf / Bottrop-Boy Bf	Essen-Dellwig Ost / Bottrop-Boy	LINESTRING(6.936719 51.509701,6.9365630000000005 51.5095521)
308	Bottrop	Hbf	de:05512:3335:98:2	51.509639	6.936854	train	MATCHED	n998127001	19.7	0.39	Bottrop Hbf	RE14,RE44	Essen Borbeck Bf / BOT-Vonderort Bf / GLA West Bf	Bottrop-Vonderort / Essen-Borbeck	LINESTRING(6.936854 51.509639,6.9366868 51.5094956)
309	Bottrop	Hbf Südeingang	de:05512:4573:0:01	51.509103	6.937958		NO_MATCH_AND_SEEMS_UNSERVED								POINT(6.937958 51.509103)
310	Bottrop	Hbf Südeingang	de:05512:4573:0:02	51.509153	6.937896	bus	MATCHED	n3153959476	0.3	1.0	Bottrop Hbf Südeingang	291,294	Bottrop Hbf / Bottrop Unterberg	Unterberg / Bottrop Hbf	LINESTRING(6.937896 51.509153,6.9378926000000005 51.509151900000006)
311	Bottrop	Hebeleckstr.	de:05512:3481:0:01	51.532333	6.973711	bus	MATCHED	n2995010005	0.5	1.0	Hebeleckstraße	266,266E,TB266	Bottrop Wallmannstr. / Bottrop Fortkamp / Bottrop Wallmannstr.	Baukelstraße / Fortkamp	LINESTRING(6.973711 51.532333,6.9737038 51.5323317)
312	Bottrop	Hebeleckstr.	de:05512:3481:0:02	51.532534	6.973792	bus	MATCHED	n2995010007	0.2	1.0	Hebeleckstraße	189	Bottrop Wallmannstr.	Wallmannstraße	LINESTRING(6.973792 51.532534,6.9737939 51.532535800000005)
313	Bottrop	Hege-/Bottroper Str.	de:05512:3423:02:02	51.567793	6.911036	bus	MATCHED	n5760457013	8.2	1.0	Hege-/Bottroper Straße	TB256	Bottrop Brandenheide		LINESTRING(6.911036 51.567793,6.9111313 51.5677498)
314	Bottrop	Hege-/Bottroper Str.	de:05512:3423:1:01	51.568335	6.910326	bus	MATCHED	n663612586	0.1	1.0	Hege-/Bottroper Straße	256E,TB256,X42	Bottrop Bergwerk Prosper IV / Bottrop Schneiderstr.		LINESTRING(6.910326 51.568335,6.910325200000001 51.568335000000005)
315	Bottrop	Hege-/Bottroper Str.	de:05512:3423:3:03	51.568279	6.911629	bus	MATCHED	n663612583	1.3	1.0	Hege-/Bottroper Straße	251,267,267E,NE18,SB16,TB251,X42	Bottrop Schneiderstr.	Schneiderstraße	LINESTRING(6.911629 51.568279,6.911626200000001 51.5682905)
316	Bottrop	Hege-/Bottroper Str.	de:05512:3423:4:04	51.567268	6.911656	bus	MATCHED	n663612584	0.3	1.0	Hege-/Bottroper Straße	251,251E,267,267E,NE18,SB16,TB251,X42	Bottrop Herzogstr. / Bottrop Forsthaus Specht / Bottrop Oberhausener Str.	Herzogstraße / Forsthaus Specht / Oberhausener Straße	LINESTRING(6.911656 51.567268,6.9116568 51.5672653)
317	Bottrop	Hege-/Bottroper Str.	de:05512:3423:5:05	51.567648	6.912518		NO_MATCH_AND_SEEMS_UNSERVED								POINT(6.912518 51.567648)
318	Bottrop	Heidestr.	de:05512:3055:1:01	51.527633	6.894103	bus	MATCHED	n502521745	3.0	1.0	Heidestraße	261,261E,TB261	BOT Fuhlenbr. Markt	Fuhlenbrock Markt	LINESTRING(6.894103 51.527633,6.894142 51.52764560000001)
319	Bottrop	Heidestr.	de:05512:3055:1:02	51.527499	6.894094	bus	MATCHED	n502521741	4.5	1.0	Heidestraße	261,261E,TB261	Bottrop Kettelerstr.	Kettelerstraße	LINESTRING(6.894094 51.527499,6.8940516 51.5274688)
320	Bottrop	Heideweg	de:05512:3467:0:01	51.636088	6.939791	bus	MATCHED	n1713205681	1.9	1.0	Heideweg	267E,TB267,X42	Bottrop Rotthoffs-Hof	Rotthoffs Hof	LINESTRING(6.939791 51.636088,6.9397641000000005 51.6360905)
321	Bottrop	Heideweg	de:05512:3467:0:02	51.636957	6.940348	bus	MATCHED	n1713206204	4.4	1.0	Heideweg	267,267E,TB267,X42	Dorsten Seikenheide	Seikenheide	LINESTRING(6.940348 51.636957,6.940356700000001 51.636996200000006)
322	Bottrop	Heimannstr.	de:05512:3482:0:01	51.539815	6.967468	bus	MATCHED	n2995955260	0.3	1.0	Heimannstraße	265,265E,TB265	BOT Boyer Markt	Boyer Markt	LINESTRING(6.967468 51.539815,6.9674700000000005 51.539817000000006)
323	Bottrop	Heimannstr.	de:05512:3482:0:02	51.539949	6.967603	bus	MATCHED	n2995955262	0.3	1.0	Heimannstraße	265,TB265	Bottrop Reulstr.	Reulstraße	LINESTRING(6.967603 51.539949,6.967600900000001 51.539947000000005)
324	Bottrop	Heinr. -Heine Gymnasium	de:05512:4139:0:01	51.524721	6.915078		MATCHED	n3077490237	0.3	1.0	Heinrich-Heine-Gymnasium				LINESTRING(6.915078 51.524721,6.915075600000001 51.5247188)
325	Bottrop	Heinrich-Heine-Str.	de:05512:3050:1:01	51.537569	6.887985	bus	MATCHED	n2964838959	0.9	1.0	Heinrich-Heine-Straße	261,261E,268,979,TB261	Bottrop Abzweig Haniel / Bottrop Oberhausener Str. / Oberhausen Spechtstr.	Spechtstraße / Oberhausener Straße	LINESTRING(6.887985 51.537569,6.8879869000000005 51.5375772)
326	Bottrop	Heinrich-Heine-Str.	de:05512:3050:1:02	51.537591	6.887752	bus	MATCHED	n2964838960	1.2	1.0	Heinrich-Heine-Straße	261,261E,268,979,TB261	Bottrop Herderstr.	Herderstraße	LINESTRING(6.887752 51.537591,6.887734300000001 51.5375926)
327	Bottrop	Herderstr.	de:05512:3268:0:01	51.534423	6.889836	bus	MATCHED	n2964838963	2.1	1.0	Herderstraße	261,261E,268,979,TB261	Bottrop Heinrich-Heine-Str.	Heinrich-Heine-Straße	LINESTRING(6.889836 51.534423,6.8898256 51.53440560000001)
328	Bottrop	Herderstr.	de:05512:3268:0:02	51.53425	6.889773	bus	MATCHED	n2964838962	1.3	1.0	Herderstraße	261,261E,268,979,TB261	BOT Fuhlenbr. Markt	Fuhlenbrock Markt	LINESTRING(6.889773 51.53425,6.889791300000001 51.5342513)
329	Bottrop	Herzogstr.	de:05512:3428:0:01	51.545737	6.916327	bus	MATCHED	n1713078445	1.9	1.0	Herzogstraße	251,267,267E,SB16,TB251	BOT Richard-Wagner-Schule / BOT Nordfriedhof / Bottrop Hochschule	Hochschule / Nordfriedhof / Richard-Wagner-Schule	LINESTRING(6.916327 51.545737,6.9163005 51.5457417)
330	Bottrop	Herzogstr.	de:05512:3428:0:02	51.545335	6.916857	bus	MATCHED	n1713077305	0.1	1.0	Herzogstraße	251,261E,267,267E,SB16,TB251	Bottrop Schneiderstr. / Bottrop Stenkhoffstr. / Bottrop Hege-/Bottroper Str.	Hege-/Bottroper Straße / Stenkhoffstraße	LINESTRING(6.916857 51.545335,6.916858 51.5453343)
331	Bottrop	Hetkamp	de:05512:3178:1:01	51.598734	6.900427	bus	MATCHED	n3054477300	0.8	1.0	Hetkamp	269E,TB269	Bottrop, Schacht 10 / Bottrop Auf der Kämpe	Auf der Kämpe	LINESTRING(6.900427 51.598734,6.900425 51.5987413)
332	Bottrop	Hetkamp	de:05512:3178:1:02	51.598812	6.900409	bus	MATCHED	n3054477303	0.3	1.0	Hetkamp	269E,TB269	Bottrop Heuweg	Heuweg	LINESTRING(6.900409 51.598812,6.900411500000001 51.598809300000006)
333	Bottrop	Heuweg	de:05512:3443:0:01	51.596635	6.896178	bus	MATCHED	n3054477307	0.9	1.0	Heuweg	269E,TB269	Bottrop Hetkamp	Hetkamp	LINESTRING(6.896178 51.596635,6.8961893000000005 51.5966309)
334	Bottrop	Heuweg	de:05512:3443:0:02	51.596122	6.895522	bus	MATCHED	n3054477304	0.5	1.0	Heuweg	269E,TB269	Bottrop Hiesfelder Str.	Hiesfelder Straße	LINESTRING(6.895522 51.596122,6.895521400000001 51.596126500000004)
335	Bottrop	Hiesfelder Str.	de:05512:3442:0:01	51.593494	6.893851	bus	MATCHED	n3054477311	1.9	1.0	Hiesfelder Straße	269E,TB269	Bottrop Heuweg	Heuweg	LINESTRING(6.893851 51.593494,6.8938778 51.593493300000006)
336	Bottrop	Hiesfelder Str.	de:05512:3442:0:02	51.593175	6.893555	bus	MATCHED	n3054477308	0.9	1.0	Hiesfelder Straße	269E,TB269	Bottrop Lehmschlenke	Lehmschlenke	LINESTRING(6.893555 51.593175,6.89355 51.5931827)
337	Bottrop	Hochschule	de:05512:3433:0:01	51.528729	6.925553	bus	MATCHED	n2965132237	2.4	1.0	Hochschule	251,267,267E,SB16,TB251	Bottrop Randebrockstr. / Bottrop Herzogstr. / Bottrop Im Stadtgarten	Randebrockstraße / Im Stadtgarten / Herzogstraße	LINESTRING(6.925553 51.528729,6.925558100000001 51.5287074)
338	Bottrop	Hochschule	de:05512:3433:0:02	51.528399	6.925373	bus	MATCHED	n267435227	1.7	1.0	Hochschule	251,267,267E,SB16,TB251	BOT ZOB Berliner Platz / Bottrop Am Trapez	Am Trapez / ZOB Berliner Platz	LINESTRING(6.925373 51.528399,6.9253513 51.528392100000005)
339	Bottrop	Hohes Feld	de:05512:4338:0:01	51.605881	6.964881	bus	MATCHED	n3061880529	0.3	1.0	Hohes Feld	188,267,267E,TB267	Bottrop Kuhberg / Bottrop Kuhberg	Kuhberg	LINESTRING(6.964881 51.605881,6.9648855 51.6058813)
340	Bottrop	Hohes Feld	de:05512:4338:0:02	51.605792	6.965016	bus	MATCHED	n3061880526	0.4	1.0	Hohes Feld	188,267,267E,TB267	Bottrop Vikars Kamp	Vikars Kamp	LINESTRING(6.965016 51.605792,6.9650116 51.605789900000005)
341	Bottrop	Hovermannstr.	de:05512:3300:0:01	51.502169	6.915321		NO_MATCH_AND_SEEMS_UNSERVED								POINT(6.915321 51.502169)
342	Bottrop	Hovermannstr.	de:05512:3300:0:02	51.502337	6.91489	bus	MATCHED	n2939359138	0.5	1.0	Hovermannstraße	291,294E,TB294	Bottrop Am Wienberg	Am Wienberg	LINESTRING(6.91489 51.502337,6.914891000000001 51.5023324)
343	Bottrop	Hölderlinstr.	de:05512:3046:1:01	51.53791	6.892108	bus	MATCHED	n2964838970	0.9	1.0	Hölderlinstraße	261,261E,NE18,TB261	Bottrop Abzweig Haniel	Abzweig Haniel	LINESTRING(6.892108 51.53791,6.892095200000001 51.537910200000006)
344	Bottrop	Hölderlinstr.	de:05512:3046:1:02	51.53782	6.89183	bus	MATCHED	n2964838968	0.8	1.0	Hölderlinstraße	261,261E,NE18,TB261	BOT Hermann-Löns-Str.	Hermann-Löns-Straße	LINESTRING(6.89183 51.53782,6.8918331 51.537826900000006)
345	Bottrop	Hünefeldstr.	de:05512:3293:0:01	51.512725	6.921133	bus	MATCHED	n2938801194	0.5	1.0	Hünefeldstraße	262,TB262	Bottrop Südring	Südring	LINESTRING(6.921133 51.512725,6.9211264 51.5127237)
346	Bottrop	Hünefeldstr.	de:05512:3293:0:02	51.513145	6.920531	bus	MATCHED	n2938801193	0.1	1.0	Hünefeldstraße	262,TB262	BOT Westfriedhof Haupteingang	Westfriedhof Haupteingang	LINESTRING(6.920531 51.513145,6.9205316 51.5131443)
347	Bottrop	Im Beckram	de:05512:3341:0:01	51.520032	6.904487	bus	MATCHED	n2964838972	0.3	1.0	Im Beckram	261,261E,263,263E,TB261	Bottrop Birkenstr. / Bottrop Geibelstraße	Birkenstraße / Geibelstraße	LINESTRING(6.904487 51.520032,6.904491500000001 51.5200328)
348	Bottrop	Im Beckram	de:05512:3341:0:02	51.519981	6.903203	bus	MATCHED	n1680974209	0.7	1.0	Im Beckram	261,261E,263,263E,TB261	BOT Heidenheck / Bottrop Westring	Heidenheck / Westring	LINESTRING(6.903203 51.519981,6.9031937 51.519983700000004)
349	Bottrop	Im Flaßviertel	de:05512:3263:0:01	51.532668	6.942261	bus	MATCHED	n2996797893	0.5	1.0	Im Flaßviertel	262,264,264E,TB262	Bottrop Alsenstr. / Bottrop Breslauer Str.	Alsenstraße / Breslauer Straße	LINESTRING(6.942261 51.532668,6.9422553 51.5326704)
350	Bottrop	Im Flaßviertel	de:05512:3263:0:02	51.532378	6.941785	bus	MATCHED	n431610452	0.5	1.0	Im Flaßviertel	262,262E,264,264E,TB262	Bottrop Ostring / Bottrop Pestalozzistr.	Ostring / Pestalozzistraße	LINESTRING(6.941785 51.532378,6.9417838000000005 51.5323738)
351	Bottrop	Im Fuhlenbrock	de:05512:3054:1:01	51.529891	6.893375	bus	MATCHED	n2964838974	1.4	1.0	Im Fuhlenbrock	268,979,TB217,TB268	BOT Fuhlenbr. Markt	Fuhlenbrock Markt	LINESTRING(6.893375 51.529891,6.8933654 51.5299021)
352	Bottrop	Im Fuhlenbrock	de:05512:3054:1:02	51.530304	6.894273	bus	MATCHED	n2964838976	0.6	1.0	Im Fuhlenbrock	268,979,TB217,TB268	BOT Lindhorststr. / BOT Lindhorststr.	Lindhorststraße	LINESTRING(6.894273 51.530304,6.8942665000000005 51.530308100000006)
353	Bottrop	Im Gewerbepark West	de:05512:4633:0:01	51.545262	6.974906	bus	MATCHED	n2995955265	1.2	1.0	Im Gewerbepark West	265,TB265	Gladbeck Kösheide / BOT Weusterstr. / Bottrop An der Boye	An der Boye / Weusterstraße	LINESTRING(6.974906 51.545262,6.9748977000000005 51.5452522)
354	Bottrop	Im Gewerbepark West	de:05512:4633:0:02	51.545106	6.973927	bus	MATCHED	n2995955264	0.7	1.0	Im Gewerbepark West	265,265E,TB265	Bottrop Reulstr.	Reulstraße	LINESTRING(6.973927 51.545106,6.973931400000001 51.5451113)
355	Bottrop	Im Gewerbepark West	de:05512:4633:0:03	51.545435	6.974628	bus	MATCHED	n4673471297	0.3	1.0	Im Gewerbepark West	TB265	Bottrop Reulstr.	Reulstraße	LINESTRING(6.974628 51.545435,6.9746258 51.5454328)
356	Bottrop	Im Kamp	de:05512:4335:0:01	51.609106	6.959572	bus	MATCHED	n1800614578	0.4	1.0	Im Kamp	267,267E,TB267	Bottrop Auf der Höhe	Auf der Höhe	LINESTRING(6.959572 51.609106,6.959569 51.6091093)
357	Bottrop	Im Kamp	de:05512:4335:0:02	51.608754	6.959563	bus	MATCHED	n1800614577	0.6	1.0	Im Kamp	267,267E,TB267	Bottrop Kuhberg	Kuhberg	LINESTRING(6.959563 51.608754,6.959554300000001 51.608755200000004)
358	Bottrop	Im Pinntal	de:05512:4417:0:01	51.612436	6.925687	bus	MATCHED	n3054477312	1.1	1.0	Im Pinntal	TB269	Bottrop Rohrbrauk	Rohrbrauk	LINESTRING(6.925687 51.612436,6.925674300000001 51.612430100000005)
359	Bottrop	Im Pinntal	de:05512:4417:0:02	51.612603	6.924313	bus	MATCHED	n3054477314	0.5	1.0	Im Pinntal	TB269			LINESTRING(6.924313 51.612603,6.924309500000001 51.61259930000001)
360	Bottrop	Im Scheierbruch	de:05512:4525:0:01	51.539206	6.94378	bus	MATCHED	n2997707151	0.9	1.0	Im Scheierbruch	264,264E	Bottrop Sydowstr.	Sydowstraße	LINESTRING(6.94378 51.539206,6.943772600000001 51.539199200000006)
361	Bottrop	Im Scheierbruch	de:05512:4525:0:02	51.539105	6.943968	bus	MATCHED	n2997707149	1.6	1.0	Im Scheierbruch	264,264E	Bottrop Tannenstr.	Tannenstraße	LINESTRING(6.943968 51.539105,6.9439476 51.539098100000004)
362	Bottrop	Im Spring	de:05512:3420:0:01	51.573589	6.892306	bus	MATCHED	n663643836	0.4	1.0	Im Spring	251,251E,269E,TB251,TB256	BOT Grafenw. Kirche / BOT Grafenw. Kirche	Grafenwald Kirche	LINESTRING(6.892306 51.573589,6.8923012 51.573587200000006)
363	Bottrop	Im Spring	de:05512:3420:0:02	51.573544	6.892144	bus	MATCHED	n663643838	1.7	1.0	Im Spring	251,251E,TB251,TB256	Bottrop Vossundern	Vossundern	LINESTRING(6.892144 51.573544,6.8921481 51.5735286)
364	Bottrop	Im Springfeld	de:05512:4263:0:01	51.511445	6.930889	bus	MATCHED	n1447696962	0.4	1.0	Im Springfeld	262,TB262	Bottrop Hbf	Bottrop Hbf	LINESTRING(6.930889 51.511445,6.9308863 51.5114418)
365	Bottrop	Im Springfeld	de:05512:4263:0:02	51.511652	6.930889	bus	MATCHED	n2938705042	0.6	1.0	Im Springfeld	262,TB262	Bottrop Südring	Südring	LINESTRING(6.930889 51.511652,6.9308817000000005 51.511654)
366	Bottrop	Im Stadtgarten	de:05512:3431:0:01	51.532506	6.923244	bus	MATCHED	n2965132243	0.5	1.0	Im Stadtgarten	267,267E	Bottrop Schubertstr.	Schubertstraße	LINESTRING(6.923244 51.532506,6.9232506 51.532506600000005)
367	Bottrop	Im Stadtgarten	de:05512:3431:0:02	51.531534	6.923046	bus	MATCHED	n267482280	1.2	1.0	Im Stadtgarten	267,267E	Bottrop Hochschule	Hochschule	LINESTRING(6.923046 51.531534,6.923033500000001 51.53152660000001)
368	Bottrop	In den Weywiesen	de:05512:4523:0:01	51.541407	6.927277	bus	MATCHED	n3048165482	2.9	1.0	In den Weywiesen	261,261E,TB261	Bottrop Nordring	Nordring	LINESTRING(6.927277 51.541407,6.9273144 51.5413956)
369	Bottrop	In den Weywiesen	de:05512:4523:0:02	51.541469	6.927763	bus	MATCHED	n3048165484	0.5	1.0	In den Weywiesen	261,261E,TB261	BOT Nordfriedhof/Brünerstr.	Nordfriedhof/Brünerstraße	LINESTRING(6.927763 51.541469,6.9277708 51.5414691)
370	Bottrop	In der Boverheide	de:05512:3260:0:01	51.538971	6.953418	bus	MATCHED	n2996797896	0.2	1.0	In der Boverheide	262,264,264E,TB262	Bottrop Aegidistr. / Bottrop Tannenstr.	Tannenstraße / Aegidistraße	LINESTRING(6.953418 51.538971,6.9534213000000005 51.5389703)
371	Bottrop	In der Boverheide	de:05512:3260:0:02	51.539111	6.953913	bus	MATCHED	n2996797895	3.2	1.0	In der Boverheide	262,264,264E,TB262	BOT Maybachweg	Maybachweg	LINESTRING(6.953913 51.539111,6.9538672 51.5391149)
372	Bottrop	In der Koppel	de:05512:3413:0:01	51.594643	6.914548	bus	MATCHED	n1713116720	0.2	1.0	In der Koppel	267,267E,NE18	Bottrop Am Pastors Busch	Am Pastors Busch	LINESTRING(6.914548 51.594643,6.9145503 51.594644200000005)
373	Bottrop	In der Koppel	de:05512:3413:0:02	51.594777	6.91436	bus	MATCHED	n1713115201	0.8	1.0	In der Koppel	267,267E,NE18	Bottrop Gregorstr.	Gregorstraße	LINESTRING(6.91436 51.594777,6.9143498 51.594779900000006)
374	Bottrop	In der Welheimer Mark	de:05512:3273:0:01	51.509561	6.96392	bus	MATCHED	n1420677765	1.2	1.0	In der Welheimer Mark	268,294,TB268,TB294	Bottrop Döckelhorst	Döckelhorst	LINESTRING(6.96392 51.509561,6.9639148 51.5095504)
375	Bottrop	In der Welheimer Mark	de:05512:3273:0:02	51.509611	6.963731	bus	MATCHED	n1420677766	1.1	1.0	In der Welheimer Mark	268,268E,294,TB268,TB294	BOT Speckenbruch / Bottrop Gewerbegeb. Kruppwald	Speckenbruch / Gewerbegebiet Kruppwald	LINESTRING(6.963731 51.509611,6.9637336 51.5096208)
376	Bottrop	Industriestr.	de:05512:4655:0:01	51.546787	6.96047	bus	MATCHED	n5760457002	3.1	1.0	Industriestraße	262,TB262	Bottrop Ostfriedhof	Ostfriedhof	LINESTRING(6.96047 51.546787,6.9604732 51.546814600000005)
377	Bottrop	Industriestr.	de:05512:4655:0:02	51.546949	6.96047	bus	MATCHED	n5760456994	2.5	1.0	Industriestraße	262,TB262	Bottrop Gewerbeg. Rheinbaben	Gewerbegebiet Rheinbaben	LINESTRING(6.96047 51.546949,6.960461100000001 51.546927600000004)
378	Bottrop	Janusz-Korczak-GS	de:05512:3289:0:01	51.525996	6.936162	bus	MATCHED	n2992390079	0.4	1.0	Janusz-Korczak-Gesamtschule	260,260E,265,265E,NE19	Bottrop Ostring	Ostring	LINESTRING(6.936162 51.525996,6.936156700000001 51.525998200000004)
379	Bottrop	Janusz-Korczak-GS	de:05512:3289:0:02	51.526694	6.936737	bus	MATCHED	n2992390080	0.9	1.0	Janusz-Korczak-Gesamtschule	260,260E,265,265E,NE19	Bottrop Fr.-Ebert-/Horster Str	Friedrich-Ebert-/Horster Straße	LINESTRING(6.936737 51.526694,6.9367242000000005 51.526693400000006)
380	Bottrop	Johannes-/ Prosperstr.	de:05512:3483:0:01	51.523229	6.974601	bus	MATCHED	n278560987	0.7	1.0	Johannes-/Prosperstraße	263,263E	Bottrop Zentralwerkstatt	Zentralwerkstatt	LINESTRING(6.974601 51.523229,6.9745973 51.5232344)
381	Bottrop	Johannes-/ Prosperstr.	de:05512:3483:0:02	51.52305	6.974313	bus	MATCHED	n2951264321	0.4	1.0	Johannes-/Prosperstraße	263,263E	Bottrop Welheimer Str.	Welheimer Straße	LINESTRING(6.974313 51.52305,6.9743114 51.5230468)
382	Bottrop	Jugend-Kloster	de:05512:3407:0:01	51.605345	6.926747	bus	MATCHED	n585214676	0.1	1.0	Jugend-Kloster	SB36	Bottrop Hallenbad / Bottrop St.-Antonius-Hospital	St.-Antonius-Hospital	LINESTRING(6.926747 51.605345,6.9267472 51.6053459)
383	Bottrop	Jugend-Kloster	de:05512:3407:0:02	51.605239	6.926738	bus	MATCHED	n585214656	0.3	1.0	Jugend-Kloster	SB36	Bottrop Clemens-Hofbauer-Str.	Clemens-Hofbauer-Straße	LINESTRING(6.926738 51.605239,6.926741000000001 51.6052369)
384	Bottrop	Kampstr.	de:05512:4077:0:01	51.524939	6.946726	bus	MATCHED	n422016395	0.9	1.0	Kampstraße	262,266,TB262,TB266	Bottrop Ostring / Bottrop Hasenhegge	Ostring / Hasenhegge	LINESTRING(6.946726 51.524939,6.9467281000000005 51.5249314)
385	Bottrop	Kampstr.	de:05512:4077:0:02	51.524721	6.946942	bus	MATCHED	n422016394	0.2	1.0	Kampstraße	262,266,266E,TB262,TB266	Bottrop Möddericher Str. / Bottrop Prosperstr./Ostring	Möddericher Straße / Prosperstraße/Ostring	LINESTRING(6.946942 51.524721,6.9469446 51.524720900000005)
386	Bottrop	Kaplan-Xanten-Str.	de:05512:3411:1:01	51.60101	6.91471	bus	MATCHED	n1713130003	0.5	1.0	Kaplan-Xanten-Straße	267,267E,269E,NE18,TB269	Bottrop Kirchhellener Ring / Bottrop An St.-Johannes	Kirchhellener Ring / An St. Johannes	LINESTRING(6.91471 51.60101,6.9147045 51.6010069)
387	Bottrop	Kaplan-Xanten-Str.	de:05512:3411:2:02	51.600441	6.914539	bus	MATCHED	n1713137685	5.9	1.0	Kaplan-Xanten-Straße	267,267E,269E,NE18,TB269	Bottrop Am Pastors Busch / Bottrop Auf der Kämpe	Auf der Kämpe / Am Pastors Busch	LINESTRING(6.914539 51.600441,6.914505900000001 51.6004902)
388	Bottrop	Kettelerstr.	de:05512:3056:1:01	51.524017	6.895872	bus	MATCHED	n2964838979	0.3	1.0	Kettelerstraße	261,261E,TB261	Bottrop Birkenstr.	Birkenstraße	LINESTRING(6.895872 51.524017,6.895874500000001 51.5240195)
389	Bottrop	Kettelerstr.	de:05512:3056:1:02	51.523581	6.896861	bus	MATCHED	n2964838978	0.4	1.0	Kettelerstraße	261,261E,TB261	Bottrop Heidestr.	Heidestraße	LINESTRING(6.896861 51.523581,6.89686 51.523584500000005)
390	Bottrop	Kirchhellener Ring	de:05512:3119:1:01	51.607053	6.91886	bus	MATCHED	n1713166854	0.4	1.0	Kirchhellener Ring	267E,269E,NE18	Bottrop Hallenbad	Hallenbad	LINESTRING(6.91886 51.607053,6.9188561 51.607050900000004)
391	Bottrop	Kirchhellener Ring	de:05512:3119:1:02	51.607231	6.918312	bus	MATCHED	n1713167521	0.8	1.0	Kirchhellener Ring	267E	Bottrop An der Linde		LINESTRING(6.918312 51.607231,6.9183076 51.607237600000005)
392	Bottrop	Knappen-/ Prosperstr.	de:05512:3276:0:01	51.52134	6.955655	bus	MATCHED	n278560840	1.9	1.0	Knappen-/Prosperstraße	263,263E,268,268E,TB268	Bottrop Prosperstr./Ostring	Prosperstraße/Ostring	LINESTRING(6.955655 51.52134,6.9556462 51.5213559)
393	Bottrop	Knappen-/ Prosperstr.	de:05512:3276:0:02	51.521228	6.955781	bus	MATCHED	n278560811	1.9	1.0	Knappen-/Prosperstraße	263,263E,268,TB268	Bottrop Malakoffturm / Bottrop Alpincenter	Malakoffturm / Alpincenter	LINESTRING(6.955781 51.521228,6.955782 51.521210800000006)
394	Bottrop	Knappsch. -Krankenhaus	de:05512:3475:0:01	51.515012	6.908512	bus	MATCHED	n2939598765	0.5	1.0	Knappschafts-Krankenhaus	NE21,SB91,TB294	OB Revierpark Vonderort / Bottrop Westfriedhof	Westfriedhof / Revierpark Vonderort	LINESTRING(6.908512 51.515012,6.9085055 51.5150142)
395	Bottrop	Knappsch. -Krankenhaus	de:05512:3475:0:02	51.514503	6.908584	bus	MATCHED	n2939598764	0.8	1.0	Knappschafts-Krankenhaus	294E,NE21,SB91,TB294	BOT Heidenheck	Heidenheck	LINESTRING(6.908584 51.514503,6.908591100000001 51.5144978)
396	Bottrop	Kraneburgstr.	de:05512:4530:0:01	51.539385	6.976299	bus	MATCHED	n2995955267	0.6	1.0	Kraneburgstraße	TB265	Bottrop Walter-Spindler-Str.	Walter-Spindler-Straße	LINESTRING(6.976299 51.539385,6.9762908 51.539385200000005)
397	Bottrop	Kraneburgstr.	de:05512:4530:0:02	51.539502	6.976397	bus	MATCHED	n2995955270	0.3	1.0	Kraneburgstraße	TB265	BOT Boyer Markt	Boyer Markt	LINESTRING(6.976397 51.539502,6.9763975 51.5394993)
398	Bottrop	Kuhberg	de:05512:3206:0:01	51.605591	6.960758	bus	MATCHED	n1800614580	1.7	1.0	Kuhberg	188,267,267E,TB267	Bottrop Hohes Feld	Hohes Feld	LINESTRING(6.960758 51.605591,6.9607581000000005 51.605575400000006)
399	Bottrop	Kuhberg	de:05512:3206:0:02	51.605887	6.960237	bus	MATCHED	n1800614581	0.4	1.0	Kuhberg	267,267E,TB267	Bottrop Im Kamp	Im Kamp	LINESTRING(6.960237 51.605887,6.9602313 51.60588550000001)
400	Bottrop	Kuhberg	de:05512:3206:0:03	51.605111	6.960111	bus	MATCHED	n1800614579	3.4	1.0	Kuhberg	188	Gladbeck Beisenbusch	Beisenbusch	LINESTRING(6.960111 51.605111,6.960073400000001 51.6051304)
401	Bottrop	Köhlerstr.	de:05512:3437:0:01	51.568619	6.878697	bus	MATCHED	n809791421	0.4	1.0	Köhlerstraße	251,251E,269E,TB251	BOT Grafenmühle	Grafenmühle	LINESTRING(6.878697 51.568619,6.878695700000001 51.5686222)
402	Bottrop	Köhlerstr.	de:05512:3437:0:02	51.568508	6.878526	bus	MATCHED	n809791424	1.9	1.0	Köhlerstraße	251,251E,269E,TB251	Bottrop Pöttering	Pöttering	LINESTRING(6.878526 51.568508,6.8785246 51.568490800000006)
403	Bottrop	Lehmschlenke	de:05512:3441:0:01	51.587767	6.890186	bus	MATCHED	n663646377	0.6	1.0	Lehmschlenke	269E,TB269	Bottrop Am Schleitkamp	Am Schleitkamp	LINESTRING(6.890186 51.587767,6.8901938000000005 51.5877647)
404	Bottrop	Lehmschlenke	de:05512:3441:0:02	51.587762	6.890294	bus	MATCHED	n663646376	0.3	1.0	Lehmschlenke	269E,TB269	Bottrop Hiesfelder Str.	Hiesfelder Straße	LINESTRING(6.890294 51.587762,6.8902969 51.5877634)
405	Bottrop	Liebrechtstr.	de:05512:3254:0:01	51.546223	6.940465	bus	MATCHED	n2997707155	0.2	1.0	Liebrechtstraße	264,264E	BOT Eigen Markt	Eigen Markt	LINESTRING(6.940465 51.546223,6.9404629 51.546221200000005)
406	Bottrop	Liebrechtstr.	de:05512:3254:0:02	51.545916	6.94104	bus	MATCHED	n2997707152	0.2	1.0	Liebrechtstraße	264,264E	Bottrop Ernst-Ender-Str.	Ernst-Ender-Straße	LINESTRING(6.94104 51.545916,6.9410422 51.545915400000005)
407	Bottrop	Lohbraucksweg	de:05512:4346:0:1	51.613624	6.968151	bus	MATCHED	n3061883935	1.4	1.0	Lohbraucksweg	267,TB267	Bottrop Vikars Kamp	Vikars Kamp	LINESTRING(6.968151 51.613624,6.9681524 51.6136112)
408	Bottrop	Lohbraucksweg	de:05512:4346:0:2	51.613702	6.968447	bus	MATCHED	n3061883936	0.3	1.0	Lohbraucksweg	267,TB267	BOT Feldhausen Bf	Feldhausen Bf	LINESTRING(6.968447 51.613702,6.9684454 51.6136999)
409	Bottrop	Lokschuppen	de:05512:4308:1:01	51.531696	6.95703		MATCHED_THOUGH_OSM_NO_NAME	n1449120739	5.3	0.19					LINESTRING(6.95703 51.531696,6.956953400000001 51.5316921)
410	Bottrop	Lüningstr.	de:05512:3024:1:01	51.513944	6.976631	bus	MATCHED	n2950606057	0.6	1.0	Lüningstraße	294E,TB294,TB294A	BOT Emscher-Kläranlage / BOT Klopriesstr.	Klopriesstraße	LINESTRING(6.976631 51.513944,6.976626400000001 51.513939400000005)
411	Bottrop	Lüningstr.	de:05512:3024:1:02	51.513866	6.976676	bus	MATCHED	n2950606056	1.0	1.0	Lüningstraße	TB294	BOT Emscher-Kläranlage	Emscher-Kläranlage	LINESTRING(6.976676 51.513866,6.9766751000000005 51.5138569)
412	Bottrop	Malakoffturm	de:05512:3275:0:01	51.518187	6.958521	bus	MATCHED	n2949969664	0.8	1.0	Malakoffturm	268,268E,294,TB268,TB294	Bottrop Brakerstr. / Bottrop Knappen-/ Prosperstr.	Knappen-/Prosperstraße / Brakerstraße	LINESTRING(6.958521 51.518187,6.9585319000000005 51.518185100000004)
413	Bottrop	Malakoffturm	de:05512:3275:0:02	51.518198	6.958359	bus	MATCHED	n2949969663	1.1	1.0	Malakoffturm	268,294,TB268,TB294	Bottrop Bahnübergang	Bahnübergang	LINESTRING(6.958359 51.518198,6.958346100000001 51.518193000000004)
414	Bottrop	Marienhospital	de:05512:3058:1:01	51.535367	6.916929	bus	MATCHED	n2965132247	1.6	1.0	Marienhospital	251,TB251	Bottrop Schubertstr.	Schubertstraße	LINESTRING(6.916929 51.535367,6.916950000000001 51.535360700000005)
415	Bottrop	Marienhospital	de:05512:3058:1:02	51.535306	6.916803	bus	MATCHED	n2965132244	5.2	1.0	Marienhospital	251,TB251	Bottrop Overbeckshof	Overbeckshof	LINESTRING(6.916803 51.535306,6.916761200000001 51.535267600000005)
416	Bottrop	Mathias-Stinnes-Platz	de:05512:3484:0:01	51.52855	6.985812	bus	MATCHED	n2951146620	0.4	1.0	Mathias-Stinnes-Platz	263,263E,TB294	BOT Am Kämpchen / BOT Am Kämpchen	Am Kämpchen	LINESTRING(6.985812 51.52855,6.985817300000001 51.528550300000006)
417	Bottrop	Mathias-Stinnes-Platz	de:05512:3484:0:02	51.529204	6.98547	bus	MATCHED	n2951146623	0.6	1.0	Mathias-Stinnes-Platz	263,263E,TB294	Bottrop Flöttestr.	Flöttestraße	LINESTRING(6.98547 51.529204,6.9854718 51.529209200000004)
418	Bottrop	Möddericher Str.	de:05512:4078:0:01	51.522547	6.942405	bus	MATCHED	n2992390084	0.8	1.0	Möddericher Straße	266,TB266	Bottrop Kampstr.	Kampstraße	LINESTRING(6.942405 51.522547,6.9423969 51.522542200000004)
419	Bottrop	Möddericher Str.	de:05512:4078:0:02	51.522391	6.941992	bus	MATCHED	n422016392	0.3	1.0	Möddericher Straße	266,266E,TB266	Bottrop Fröbelstr.	Fröbelstraße	LINESTRING(6.941992 51.522391,6.941993900000001 51.522388500000005)
420	Bottrop	Nathrathstr.	de:05512:3147:1:01	51.520177	6.917459	bus	MATCHED	w315245790	6.9	1.0	Nathrathstraße	262,263,263E,291,294E,NE21,SB91,TB262,TB294	BOT Pferdemarkt	Pferdemarkt	LINESTRING(6.917459 51.520177,6.91736785 51.52015265)
421	Bottrop	Nathrathstr.	de:05512:3147:2:02	51.520144	6.916839	bus	MATCHED	w315245791	6.1	0.43	Nathrathstraße	262,263,263E,291,NE21,SB91,SB91E,TB262,TB294	BOT Heidenheck	Heidenheck	LINESTRING(6.916839 51.520144,6.916920800000001 51.52016295)
422	Bottrop	Nibelungenweg	de:05512:4504:0:01	51.540547	6.911952	bus	MATCHED	n497090164	1.1	1.0	Nibelungenweg	261,261E,TB261	Bottrop Stadtwald	Stadtwald	LINESTRING(6.911952 51.540547,6.911943000000001 51.540539100000004)
423	Bottrop	Nibelungenweg	de:05512:4504:0:02	51.540614	6.911683	bus	MATCHED	n497090174	0.1	1.0	Nibelungenweg	261,261E,267E,TB261	BOT Görkenstr./Seniorenzentrum	Görkenstraße/Seniorenzentrum	LINESTRING(6.911683 51.540614,6.911682000000001 51.5406142)
424	Bottrop	Nordring	de:05512:3306:0:01	51.541329	6.933727	bus	MATCHED	n267484323	6.4	1.0	Nordring	259,259E,261,261E,NE2,SB91,SB91E,TB261	Bottrop Buchenstr.	Buchenstraße	LINESTRING(6.933727 51.541329,6.933788300000001 51.541371700000006)
425	Bottrop	Nordring	de:05512:3306:0:02	51.540977	6.933413	bus	MATCHED	n267484112	2.2	1.0	Nordring	259,259E,261,261E,NE2,SB91,SB91E,TB261	Bottrop In den Weywiesen / Bottrop Am Weckelsberg	In den Weywiesen / Am Weckelsberg	LINESTRING(6.933413 51.540977,6.9333998 51.5409589)
426	Bottrop	Oberhausener Str.	de:05512:3095:0:01	51.53958	6.888174	bus	MATCHED	n5760457019	1.4	1.0	Oberhausener Straße	261,268,TB261,X42	Bottrop Hege-/Bottroper Str. / BOT Zeche Franz Haniel / Bottrop Hege-/Bottroper Str. / Bottrop Abzweig Haniel	Hege-/Bottroper Straße / Abzweig Haniel / Zeche Franz Haniel	LINESTRING(6.888174 51.53958,6.888155500000001 51.5395849)
427	Bottrop	Oberhausener Str.	de:05512:3095:0:02	51.539871	6.888273	bus	MATCHED	n5760457017	0.9	1.0	Oberhausener Straße	261,261E,268,TB261,X42	Oberhausen Elpenbachstr. / Bottrop Heinrich-Heine-Str.	Elpenbachstraße / Heinrich-Heine-Straße	LINESTRING(6.888273 51.539871,6.8882601 51.539873500000006)
428	Bottrop	Oberhofstr.	de:05512:3400:0:01	51.601367	6.92213	bus	MATCHED	n3054477323	3.8	1.0	Oberhofstraße	SB36	BOT S.-Delitzsch-Str.	Schulze-Delitzsch-Straße	LINESTRING(6.92213 51.601367,6.922104200000001 51.6013971)
429	Bottrop	Oberhofstr.	de:05512:3400:0:02	51.600156	6.922642	bus	MATCHED	n3054477324	2.0	1.0	Oberhofstraße	SB36,SB36E	Bottrop Dorfheide	Dorfheide	LINESTRING(6.922642 51.600156,6.9226665 51.6001659)
430	Bottrop	Ostfriedhof	de:05512:4657:0:01	51.543715	6.958719	bus	MATCHED	n5760456991	3.6	1.0	Ostfriedhof	262,TB262	BOT Maybachweg	Maybachweg	LINESTRING(6.958719 51.543715,6.958719800000001 51.5436824)
431	Bottrop	Ostfriedhof	de:05512:4657:0:02	51.543609	6.958871	bus	MATCHED	n5760456990	2.5	1.0	Ostfriedhof	262,TB262	Bottrop Industriestr.	Industriestraße	LINESTRING(6.958871 51.543609,6.9588726 51.543631600000005)
432	Bottrop	Ostring	de:05512:3288:0:01	51.529852	6.942163	bus	MATCHED	n2992390087	0.6	1.0	Ostring	260,260E,265,265E,NE19	Bottrop Janusz-Korczak-GS	Janusz-Korczak-Gesamtschule	LINESTRING(6.942163 51.529852,6.9421549 51.529853900000006)
433	Bottrop	Ostring	de:05512:3288:0:02	51.529718	6.942055	bus	MATCHED	n2992390086	4.1	1.0	Ostring	260,260E,265,265E,NE19	Bottrop Düppelstr.	Düppelstraße	LINESTRING(6.942055 51.529718,6.942084800000001 51.529686000000005)
434	Bottrop	Ostring	de:05512:3288:0:03	51.528896	6.941408	bus	MATCHED	n435100341	2.3	1.0	Ostring	262,TB262	Bottrop Kampstr.	Kampstraße	LINESTRING(6.941408 51.528896,6.9413755 51.528896700000004)
435	Bottrop	Ostring	de:05512:3288:0:04	51.528835	6.941552	bus	MATCHED	n431610443	1.2	1.0	Ostring	262,TB262	Bottrop Im Flaßviertel	Im Flaßviertel	LINESTRING(6.941552 51.528835,6.941539400000001 51.5288278)
436	Bottrop	Ottenkamp	de:05512:3418:0:01	51.574688	6.902511	bus	MATCHED	n663651008	3.7	1.0	Ottenkamp	251,251E,TB251,TB256,TB269	BOT Schneider-/Bottroper Str.	Schneider-/Bottroper Straße	LINESTRING(6.902511 51.574688,6.9024758 51.5746626)
437	Bottrop	Ottenkamp	de:05512:3418:0:02	51.574767	6.902655	bus	MATCHED	n663651009	1.2	1.0	Ottenkamp	251,251E,269E,TB251,TB256,TB269	BOT Grafenw. Kirche / BOT Grafenw. Kirche	Grafenwald Kirche	LINESTRING(6.902655 51.574767,6.9026471 51.5747763)
438	Bottrop	Overbeckshof	de:05512:4754:1:01	51.53316	6.917153	bus	MATCHED_THOUGH_REVERSED_DIR	n566531633	0.3	1.0	Overbeckshof	251,TB251	Bottrop Quadrat	Marienhospital	LINESTRING(6.917153 51.53316,6.9171559 51.533157900000006)
439	Bottrop	Overbeckshof	de:05512:4754:1:02	51.532948	6.917306	bus	MATCHED_THOUGH_REVERSED_DIR	n566531632	0.2	1.0	Overbeckshof	251,TB251	Bottrop Marienhospital	Quadrat	LINESTRING(6.917306 51.532948,6.917305300000001 51.5329466)
440	Bottrop	Overbeckstr.	de:05512:3304:0:01	51.534345	6.930781	bus	MATCHED	n3048165488	7.0	1.0	Overbeckstraße	259,259E,NE2,SB91,SB91E	Bottrop Prosper III	Prosper III	LINESTRING(6.930781 51.534345,6.9307553 51.5344063)
441	Bottrop	Overbeckstr.	de:05512:3304:0:02	51.534334	6.93097	bus	MATCHED	n3048165487	4.4	1.0	Overbeckstraße	259,259E,NE2,SB91,SB91E	Bottrop Am Weckelsberg	Am Weckelsberg	LINESTRING(6.93097 51.534334,6.930994500000001 51.5342977)
442	Bottrop	Papenheide	de:05512:3403:0:01	51.601473	6.930359	bus	MATCHED	n3054477326	8.0	1.0	Papenheide	SB36,SB36E	Bottrop Finkenweg	Finkenweg	LINESTRING(6.930359 51.601473,6.9303732 51.6014016)
443	Bottrop	Papenheide	de:05512:3403:0:02	51.601261	6.93017	bus	MATCHED	n3054477327	0.4	1.0	Papenheide	SB36	Bottrop Schultenkamp / Bottrop Schultenkamp	Schultenkamp	LINESTRING(6.93017 51.601261,6.9301715 51.6012574)
444	Bottrop	Paßstr.	de:05512:3278:1:01	51.520602	6.945998	bus	MATCHED	n2992390089	1.0	1.0	Paßstraße	263,263E,268,TB268	Bottrop Prosperstr./Ostring	Prosperstraße/Ostring	LINESTRING(6.945998 51.520602,6.9459853 51.5205987)
445	Bottrop	Paßstr.	de:05512:3278:2:02	51.520373	6.94466	bus	MATCHED	n2992390088	0.2	1.0	Paßstraße	263,263E,268,268E,TB268	Bottrop Brinkstr.	Brinkstraße	LINESTRING(6.94466 51.520373,6.944662800000001 51.5203726)
446	Bottrop	Paßstr.	de:05512:3278:3:03	51.520613	6.945441		NO_MATCH_AND_SEEMS_UNSERVED								POINT(6.945441 51.520613)
447	Bottrop	Paßstraße/Realschulen	de:05512:3281:1:01	51.521994	6.930988	bus	MATCHED	n2992390090	0.8	1.0	Paßstraße/Realschulen	261,263,263E,268,268E,TB261,TB268	BOT ZOB Berliner Platz / BOT ZOB Berliner Platz	ZOB Berliner Platz	LINESTRING(6.930988 51.521994,6.930989100000001 51.522001100000004)
448	Bottrop	Paßstraße/Realschulen	de:05512:3281:2:02	51.520948	6.930988	bus	MATCHED	n268886243	1.5	1.0	Paßstraße/Realschulen	261,263,263E,268,TB261,TB268	BOT Freiherr-v-Stein-Str. / Prosperstr/Arbeitsamt	Prosperstraße/Arbeitsamt / Freiherr-vom-Stein-Straße	LINESTRING(6.930988 51.520948,6.9309666000000005 51.520948700000005)
449	Bottrop	Paßstraße/Realschulen	de:05512:3281:3:03	51.522849	6.932065	bus	MATCHED	n2992390092	1.3	1.0	Paßstraße/Realschulen	266,TB266	Bottrop Fröbelstr.	Fröbelstraße	LINESTRING(6.932065 51.522849,6.9320661 51.522837700000004)
450	Bottrop	Paßstraße/Realschulen	de:05512:3281:4:04	51.522871	6.931724	bus	MATCHED	n2992390093	0.4	1.0	Paßstraße/Realschulen	266,266E,TB266	BOT ZOB Berliner Platz / BOT ZOB Berliner Platz / BOT ZOB Berliner Platz	ZOB Berliner Platz	LINESTRING(6.931724 51.522871,6.9317251 51.5228674)
451	Bottrop	Pelsstr.	de:05512:3405:0:01	51.606472	6.934069	bus	MATCHED	n1714091683	0.8	1.0	Pelsstraße	SB36	Bottrop Finkenweg / Bottrop Auf der Höhe	Finkenweg / Auf der Höhe	LINESTRING(6.934069 51.606472,6.934066400000001 51.6064651)
452	Bottrop	Pelsstr.	de:05512:3405:0:02	51.606539	6.933862	bus	MATCHED	n1714090696	0.3	1.0	Pelsstraße	SB36	Bottrop Clemens-Hofbauer-Str.	Clemens-Hofbauer-Straße	LINESTRING(6.933862 51.606539,6.933858300000001 51.606540700000004)
453	Bottrop	Pelsstr. /Im Pinntal	de:05512:4418:0:01	51.612336	6.927834	bus	MATCHED	n3054477330	0.3	1.0	Pelsstraße/Im Pinntal	TB269	Bottrop Im Pinntal	Im Pinntal	LINESTRING(6.927834 51.612336,6.927831100000001 51.6123337)
454	Bottrop	Pestalozzistr.	de:05512:3264:0:01	51.529673	6.937006	bus	MATCHED	n2996797904	1.3	1.0	Pestalozzistraße	264,264E	Bottrop Im Flaßviertel	Im Flaßviertel	LINESTRING(6.937006 51.529673,6.937023900000001 51.529670900000006)
455	Bottrop	Pestalozzistr.	de:05512:3264:0:02	51.529667	6.936827	bus	MATCHED	n2996797903	6.4	1.0	Pestalozzistraße	264,264E	Bottrop Germaniastr.	Germaniastraße	LINESTRING(6.936827 51.529667,6.936747400000001 51.5296377)
456	Bottrop	Plankenschemm	de:05512:3337:0:01	51.504859	6.935021	bus	MATCHED	n2949253612	0.7	1.0	Plankenschemm	186,NE16	Bottrop Zeche Prosper	Zeche Prosper	LINESTRING(6.935021 51.504859,6.9350136000000004 51.5048541)
457	Bottrop	Plankenschemm	de:05512:3337:0:02	51.504093	6.935713	bus	MATCHED	n2949253613	0.3	1.0	Plankenschemm	186,NE16	Bottrop Hbf	Bottrop Hbf	LINESTRING(6.935713 51.504093,6.935714300000001 51.504095400000004)
458	Bottrop	Prosper III	de:05512:3302:0:01	51.53102	6.92955	bus	MATCHED	n267434954	0.6	1.0	Prosper III	259,259E,NE2,SB91,SB91E	Bottrop Brauhaus	Brauhaus	LINESTRING(6.92955 51.53102,6.929542400000001 51.5310234)
459	Bottrop	Prosper III	de:05512:3302:0:02	51.531947	6.930098	bus	MATCHED	n267434956	2.0	1.0	Prosper III	259,259E,NE2,SB91,SB91E	Bottrop Overbeckstr.	Overbeckstraße	LINESTRING(6.930098 51.531947,6.9300838 51.5319311)
460	Bottrop	Prosperstr. /Ostring	de:05512:3277:1:01	51.521049	6.952906	bus	MATCHED	n2951375919	4.2	1.0	Prosperstraße/Ostring	263,263E,268,TB268	Bottrop Knappen-/ Prosperstr.	Knappen-/Prosperstraße	LINESTRING(6.952906 51.521049,6.9529062 51.521011300000005)
461	Bottrop	Prosperstr. /Ostring	de:05512:3277:2:02	51.521217	6.951469	bus	MATCHED	n2951375920	1.0	1.0	Prosperstraße/Ostring	263,263E,268,268E,TB268	Bottrop Paßstr.	Paßstraße	LINESTRING(6.951469 51.521217,6.9514683 51.521226000000006)
462	Bottrop	Prosperstr. /Ostring	de:05512:3277:3:03	51.520937	6.952565	bus	MATCHED	n2951375918	0.1	1.0	Prosperstraße/Ostring	262,TB262	Bottrop Kampstr.	Kampstraße	LINESTRING(6.952565 51.520937,6.9525665000000005 51.520937100000005)
463	Bottrop	Prosperstr. /Ostring	de:05512:3277:4:04	51.521725	6.952269	bus	MATCHED	n431610437	0.6	1.0	Prosperstraße/Ostring	262,TB262	Bottrop Am Abenteuerspielplatz	Am Abenteuerspielplatz	LINESTRING(6.952269 51.521725,6.9522618000000005 51.5217229)
464	Bottrop	Prosperstr/Arbeitsamt	de:05512:3280:0:01	51.519831	6.933763	bus	MATCHED	n278559829	0.3	1.0	Prosperstraße/Arbeitsamt	263,263E,268,268E,TB268	Bottrop Paßstraße/Realschulen	Paßstraße/Realschulen	LINESTRING(6.933763 51.519831,6.9337641 51.5198339)
465	Bottrop	Prosperstr/Arbeitsamt	de:05512:3280:0:02	51.519719	6.933566	bus	MATCHED	n278559866	0.6	1.0	Prosperstraße/Arbeitsamt	263,263E,268,TB268	Bottrop Brinkstr.	Brinkstraße	LINESTRING(6.933566 51.519719,6.933563 51.5197136)
466	Bottrop	Pöttering	de:05512:3438:0:01	51.568569	6.883107	bus	MATCHED	n663640283	0.6	1.0	Pöttering	251,251E,269E,TB251	Bottrop Vossundern	Vossundern	LINESTRING(6.883107 51.568569,6.8831142000000005 51.5685669)
467	Bottrop	Pöttering	de:05512:3438:0:02	51.568586	6.882586	bus	MATCHED	n663640280	0.5	1.0	Pöttering	251,251E,256E,269E,TB251	Bottrop Köhlerstr.	Köhlerstraße	LINESTRING(6.882586 51.568586,6.882589100000001 51.568590500000006)
468	Bottrop	Quadrat	de:05512:4137:0:01	51.531187	6.919705	bus	MATCHED	n566531631	0.4	1.0	Quadrat	251,TB251	Bottrop Overbeckshof	Overbeckshof	LINESTRING(6.919705 51.531187,6.9197077 51.531183600000006)
469	Bottrop	Quadrat	de:05512:4137:0:02	51.531031	6.919687	bus	MATCHED	n268751082	0.5	1.0	Quadrat	251,TB251	Bottrop Randebrockstr.	Randebrockstraße	LINESTRING(6.919687 51.531031,6.9196945 51.5310318)
470	Bottrop	Randebrockstr.	de:05512:3432:0:01	51.528807	6.921474	bus	MATCHED	n566531634	0.2	1.0	Randebrockstraße	251,TB251	Bottrop Hochschule	Hochschule	LINESTRING(6.921474 51.528807,6.921476800000001 51.5288066)
471	Bottrop	Randebrockstr.	de:05512:3432:0:02	51.528991	6.921456	bus	MATCHED	n566531635	0.4	1.0	Randebrockstraße	251,TB251	Bottrop Quadrat	Quadrat	LINESTRING(6.921456 51.528991,6.9214548 51.5289871)
472	Bottrop	Reckelsberg	de:05512:3469:0:01	51.628142	6.932919	bus	MATCHED	n1713037565	0.9	1.0	Reckelsberg	267,267E,TB267,X42	Bottrop Rotthoffs-Hof	Rotthoffs Hof	LINESTRING(6.932919 51.628142,6.9329282 51.6281358)
473	Bottrop	Reckelsberg	de:05512:3469:0:02	51.627088	6.931167	bus	MATCHED	n1713036139	1.1	1.0	Reckelsberg	267,267E,TB267,X42	Bottrop Berliner Berg	Berliner Berg	LINESTRING(6.931167 51.627088,6.931156700000001 51.6270959)
474	Bottrop	Repeler Heide	de:05512:4343:0:01	51.635073	6.961225	bus	MATCHED	n3061883953	0.1	1.0	Repeler Heide	TB292	Dorsten Feldmark / Dorsten Tönsholt	Tönsholt	LINESTRING(6.961225 51.635073,6.9612233 51.6350734)
475	Bottrop	Repeler Heide	de:05512:4343:0:02	51.635095	6.961315		NO_MATCH_AND_SEEMS_UNSERVED								POINT(6.961315 51.635095)
476	Bottrop	Repeler Hof	de:05512:3209:0:01	51.630512	6.957299	bus	MATCHED	n3061883958	0.5	1.0	Repeler Hof	188,267E	Bottrop Abzweig Ekel	Abzweig Ekel	LINESTRING(6.957299 51.630512,6.957295200000001 51.6305161)
477	Bottrop	Repeler Hof	de:05512:3209:0:02	51.631131	6.957676	bus	MATCHED	n3061883960	6.4	1.0	Repeler Hof	188	Bottrop Grenzstr.	Grenzstraße	LINESTRING(6.957676 51.631131,6.957682200000001 51.631188)
478	Bottrop	Repeler Hof	de:05512:3209:0:03	51.630467	6.957488		NO_MATCH_AND_SEEMS_UNSERVED								POINT(6.957488 51.630467)
479	Bottrop	Reulstr.	de:05512:3485:0:01	51.542039	6.968321		NO_MATCH_AND_SEEMS_UNSERVED								POINT(6.968321 51.542039)
480	Bottrop	Reulstr.	de:05512:3485:0:02	51.542793	6.968753	bus	MATCHED	n2995955276	0.5	1.0	Reulstraße	189,265,TB265	Bottrop Im Gewerbepark West	Im Gewerbepark West	LINESTRING(6.968753 51.542793,6.968747700000001 51.5427958)
481	Bottrop	Reulstr.	de:05512:3485:0:03	51.542793	6.9686	bus	MATCHED	n2995955277	0.2	1.0	Reulstraße	265,265E,TB265	Bottrop Heimannstr.	Heimannstraße	LINESTRING(6.9686 51.542793,6.9685984 51.5427915)
482	Bottrop	Rheinbabenstr.	de:05512:3258:0:01	51.541161	6.955035	bus	MATCHED	n435100343	0.2	1.0	Rheinbabenstraße	264,264E	Bottrop Fischedickstr.	Fischedickstraße	LINESTRING(6.955035 51.541161,6.955036600000001 51.5411622)
483	Bottrop	Rheinbabenstr.	de:05512:3258:0:02	51.540972	6.954883	bus	MATCHED	n431620450	0.2	1.0	Rheinbabenstraße	264,264E	BOT Maybachweg	Maybachweg	LINESTRING(6.954883 51.540972,6.9548841 51.5409707)
484	Bottrop	Robert-Brenner-Str.	de:05512:4072:0:01	51.533389	6.967459	bus	MATCHED	n6223711715	6.5	1.0	Robert-Brenner-Straße	266,266E,TB266	Bottrop Borsigweg		LINESTRING(6.967459 51.533389,6.967367800000001 51.533376100000005)
485	Bottrop	Robert-Brenner-Str.	de:05512:4072:0:02	51.533283	6.967118	bus	MATCHED	n6223711714	4.2	1.0	Robert-Brenner-Straße	266,TB266	Bottrop Wallmannstr.		LINESTRING(6.967118 51.533283,6.967178700000001 51.5332822)
486	Bottrop	Rohrbrauk	de:05512:4719:0:01	51.610673	6.925445	bus	MATCHED	n5760457006	0.9	1.0	Rohrbrauk	TB269	Bottrop Pelsstr./Im Pinntal	Pelsstraße/Im Pinntal	LINESTRING(6.925445 51.610673,6.925457700000001 51.6106745)
487	Bottrop	Rohrbrauk	de:05512:4719:0:02	51.61074	6.924933	bus	MATCHED	n5760457008	1.6	1.0	Rohrbrauk	TB269	Bottrop Aulkestr.	Aulkestraße	LINESTRING(6.924933 51.61074,6.9249102 51.610740500000006)
488	Bottrop	Rolandstr.	de:05512:3426:0:01	51.552189	6.916147	bus	MATCHED	n1713086187	2.0	1.0	Rolandstraße	251,267,267E,TB251	Bottrop Forsthaus Specht	Forsthaus Specht	LINESTRING(6.916147 51.552189,6.9161755000000005 51.55219030000001)
489	Bottrop	Rolandstr.	de:05512:3426:0:02	51.553591	6.915267	bus	MATCHED	n1713088023	2.8	1.0	Rolandstraße	251,267,267E,TB251	Bottrop Stenkhoffstr.	Stenkhoffstraße	LINESTRING(6.915267 51.553591,6.9152272 51.553589300000006)
490	Bottrop	Roonstr.	de:05512:4380:0:01	51.525956	6.921852		NO_MATCH_AND_SEEMS_UNSERVED								POINT(6.921852 51.525956)
491	Bottrop	Roonstr.	de:05512:4380:0:02	51.526029	6.921717		NO_MATCH_AND_SEEMS_UNSERVED								POINT(6.921717 51.526029)
492	Bottrop	Rotthoffs-Hof	de:05512:3445:0:01	51.63209	6.936952	bus	MATCHED	n1713204644	0.2	1.0	Rotthoffs Hof	267,267E,TB267,X42	Bottrop Heideweg	Heideweg	LINESTRING(6.936952 51.63209,6.936953900000001 51.63208890000001)
493	Bottrop	Rotthoffs-Hof	de:05512:3445:0:02	51.63204	6.936611	bus	MATCHED	n1713199517	1.4	1.0	Rotthoffs Hof	267,267E,TB267,X42	Bottrop Reckelsberg	Reckelsberg	LINESTRING(6.936611 51.63204,6.9365969000000005 51.632048600000005)
494	Bottrop	Sarterstr.	de:05512:3308:0:01	51.551642	6.940959	bus	MATCHED	n277444839	0.7	1.0	Sarterstraße	259,264,NE2,SB91,SB91E,TB256	BOT Boyer Brücke / Bottrop Stenkhoffbad	Stenkhoffbad / Boyer Brücke	LINESTRING(6.940959 51.551642,6.9409678 51.5516384)
495	Bottrop	Sarterstr.	de:05512:3308:0:02	51.550904	6.93989	bus	MATCHED	n277444702	0.7	1.0	Sarterstraße	259,259E,264,NE2,SB91,SB91E,TB256	BOT Eigen Markt / BOT Eigen Markt	Eigen Markt	LINESTRING(6.93989 51.550904,6.939883300000001 51.5509087)
496	Bottrop	Schacht 10	de:05512:3187:01:01	51.601507	6.889207	bus	NO_MATCH					TB269	Bottrop Hetkamp / Bottrop Auf der Kämpe		POINT(6.889207 51.601507)
497	Bottrop	Schlossgasse/ Bahnhof	de:05512:4339:0:01	51.613736	6.972885		NO_MATCH_AND_SEEMS_UNSERVED								POINT(6.972885 51.613736)
498	Bottrop	Schneiderstr.	de:05512:3094:1:01	51.573667	6.910461	bus	MATCHED	n5585816953	3.3	1.0	Schneiderstraße	251,267,267E,269E,NE18,SB16,TB251,TB256,TB269,X42	BOT Schneider-/Bottroper Str. / Bottrop Glaserhüttenheide / Bottrop Brabecker Weg	Glaserhüttenheide / Brabecker Weg / Schneider-/Bottroper Straße	LINESTRING(6.910461 51.573667,6.9104504 51.5736385)
499	Bottrop	Schneiderstr.	de:05512:3094:1:02	51.573795	6.910209	bus	MATCHED	n663612581	8.8	1.0	Schneiderstraße	251,267,267E,NE18,SB16,TB251,TB256,TB269,X42	Bottrop Hege-/Bottroper Str.	Brandenheide / Hege-/Bottroper Straße	LINESTRING(6.910209 51.573795,6.9101333 51.5737315)
500	Bottrop	Schubertstr.	de:05512:3430:1:01	51.536211	6.923055	bus	MATCHED	n267482292	1.0	1.0	Schubertstraße	267,267E	Bottrop Im Stadtgarten	Im Stadtgarten	LINESTRING(6.923055 51.536211,6.9230423000000005 51.536214400000006)
501	Bottrop	Schubertstr.	de:05512:3430:2:02	51.537686	6.923118	bus	MATCHED	n2965132276	0.8	1.0	Schubertstraße	251,267,267E,TB251	BOT Nordfriedhof	Nordfriedhof	LINESTRING(6.923118 51.537686,6.9231284 51.5376879)
502	Bottrop	Schubertstr.	de:05512:3430:3:03	51.536882	6.922373	bus	MATCHED	n2965132275	0.8	1.0	Schubertstraße	251,TB251	Bottrop Marienhospital	Marienhospital	LINESTRING(6.922373 51.536882,6.922363600000001 51.5368864)
503	Bottrop	Schultenkamp	de:05512:4769:1:01	51.601083	6.927673	bus	MATCHED	n3296844627	9.0	1.0	Schultenkamp	SB36	Bottrop Papenheide	Papenheide	LINESTRING(6.927673 51.601083,6.927782700000001 51.601040100000006)
504	Bottrop	Schultenkamp	de:05512:4769:1:02	51.600871	6.92946	bus	MATCHED	n3296844630	10.8	1.0	Schultenkamp	SB36,SB36E	Bottrop Papenheide		LINESTRING(6.92946 51.600871,6.929437200000001 51.6007751)
505	Bottrop	Siemensstr.	de:05512:3286:0:01	51.533059	6.954892	bus	MATCHED	n2995010017	1.0	1.0	Siemensstraße	260,260E,265,NE19	Bottrop Arenberg Fortsetzung	Arenberg Fortsetzung	LINESTRING(6.954892 51.533059,6.954894400000001 51.53304970000001)
506	Bottrop	Siemensstr.	de:05512:3286:0:02	51.533177	6.954946	bus	MATCHED	n2995010018	1.0	1.0	Siemensstraße	260,260E,265,265E,NE19	Bottrop Düppelstr.	Düppelstraße	LINESTRING(6.954946 51.533177,6.9549314 51.5331758)
507	Bottrop	Sportpark	de:05512:3039:1:01	51.527085	6.913497	bus	MATCHED	n2964838955	2.4	1.0	Sportpark	268,268E,979,NE18,TB268	BOT Am Lamperfeld	Am Lamperfeld	LINESTRING(6.913497 51.527085,6.9134666000000005 51.5270754)
508	Bottrop	Sportpark	de:05512:3039:1:02	51.526638	6.91471	bus	MATCHED	n2964838954	1.6	1.0	Sportpark	268,979,NE18,TB268	BOT Parkfriedhof	Parkfriedhof	LINESTRING(6.91471 51.526638,6.914723800000001 51.526649000000006)
509	Bottrop	St. -Antonius- Hospital	de:05512:3408:0:01	51.604754	6.924897	bus	MATCHED	n1713150019	1.0	1.0	St.-Antonius-Hospital	SB36	BOT S.-Delitzsch-Str. / BOT S.-Delitzsch-Str.	Schulze-Delitzsch-Straße	LINESTRING(6.924897 51.604754,6.9248928 51.6047626)
510	Bottrop	St. -Antonius- Hospital	de:05512:3408:0:02	51.604347	6.924439	bus	MATCHED	n1713144781	0.9	1.0	St.-Antonius-Hospital	SB36	Bottrop Jugend-Kloster / BOT St.-A.-Hosp./Gartenstr	St.-Antonius-Hospital/Gartenstraße / Jugend-Kloster	LINESTRING(6.924439 51.604347,6.9244259 51.6043451)
511	Bottrop	Stadtwald	de:05512:4799:0:01	51.54186	6.918303	bus	MATCHED	n2964839002	0.7	1.0	Stadtwald	251,261,261E,TB251,TB261	Bottrop Herzogstr. / BOT Nordfriedhof / BOT Nordfriedhof/Brünerstr.	Nordfriedhof / Nordfriedhof/Brünerstraße	LINESTRING(6.918303 51.54186,6.9183094 51.541855600000005)
512	Bottrop	Stadtwald	de:05512:4799:0:02	51.542067	6.918267	bus	MATCHED	n2964839003	0.3	1.0	Stadtwald	251,261,261E,TB251,TB261	Bottrop Nibelungenweg / BOT Richard-Wagner-Schule	Richard-Wagner-Schule / Nibelungenweg	LINESTRING(6.918267 51.542067,6.918270700000001 51.5420682)
513	Bottrop	Stenkhoffbad	de:05512:4052:0:01	51.555434	6.936728	bus	MATCHED	n567017757	0.5	1.0	Stenkhoffbad	264	BOT Börenstraße	Börenstraße	LINESTRING(6.936728 51.555434,6.9367217000000005 51.555432800000005)
514	Bottrop	Stenkhoffbad	de:05512:4052:0:02	51.555345	6.937069	bus	MATCHED	n2997707170	0.2	1.0	Stenkhoffbad	264	Bottrop Sarterstr.	Sarterstraße	LINESTRING(6.937069 51.555345,6.9370656 51.5553456)
515	Bottrop	Stenkhoffstr.	de:05512:3427:0:01	51.54824	6.916704	bus	MATCHED	n1713082448	0.6	1.0	Stenkhoffstraße	251,267,267E,TB251	Bottrop Rolandstr.	Rolandstraße	LINESTRING(6.916704 51.54824,6.916712700000001 51.548238700000006)
516	Bottrop	Stenkhoffstr.	de:05512:3427:0:02	51.5491	6.916246	bus	MATCHED	n1713079848	1.0	1.0	Stenkhoffstraße	251,267,267E,TB251	Bottrop Herzogstr.	Herzogstraße	LINESTRING(6.916246 51.5491,6.9162324 51.549102100000006)
517	Bottrop	Sydowstr.	de:05512:4526:0:01	51.538273	6.938605	bus	MATCHED	n2997707174	89.8	1.0	Sydowstraße	264,264E	Bottrop Breslauer Str.	Breslauer Straße	LINESTRING(6.938605 51.538273,6.939747700000001 51.538653200000006)
518	Bottrop	Sydowstr.	de:05512:4526:0:02	51.538312	6.939063	bus	MATCHED	n2997707175	1.1	1.0	Sydowstraße	264,264E	Bottrop Im Scheierbruch	Im Scheierbruch	LINESTRING(6.939063 51.538312,6.9390599 51.5383027)
519	Bottrop	Südring	de:05512:4501:0:01	51.511753	6.926936	bus	MATCHED	n2938801191	0.6	1.0	Südring	262,TB262	Bottrop Im Springfeld	Im Springfeld	LINESTRING(6.926936 51.511753,6.9269401 51.5117478)
520	Bottrop	Südring	de:05512:4501:0:02	51.511937	6.926864	bus	MATCHED	n2938801190	0.5	1.0	Südring	262,TB262	Bottrop Hünefeldstr.	Hünefeldstraße	LINESTRING(6.926864 51.511937,6.926858500000001 51.5119343)
521	Bottrop	Tennishalle	de:05512:4524:0:01	51.544759	6.95199		NO_MATCH_AND_SEEMS_UNSERVED								POINT(6.95199 51.544759)
522	Bottrop	Tennishalle	de:05512:4524:0:02	51.544994	6.9519		NO_MATCH_AND_SEEMS_UNSERVED								POINT(6.9519 51.544994)
523	Bottrop	Tetraeder	de:05512:3336:1:01	51.526884	6.95464	bus	MATCHED	n2992390109	3.6	1.0	Tetraeder	266,TB266	Bottrop Bernhard-Poether-Weg	Bernhard-Poether-Weg	LINESTRING(6.95464 51.526884,6.954644900000001 51.526851400000005)
524	Bottrop	Tetraeder	de:05512:3336:2:02	51.52699	6.954487	bus	MATCHED	n2992390108	4.2	1.0	Tetraeder	266,266E,TB266	Bottrop Am Timpenkotten	Am Timpenkotten	LINESTRING(6.954487 51.52699,6.9544579 51.52695670000001)
525	Bottrop	Trappenstr.	de:05512:3256:0:01	51.542793	6.945989	bus	MATCHED	n2997707177	1.2	1.0	Trappenstraße	264,264E	Bottrop Ernst-Ender-Str.	Ernst-Ender-Straße	LINESTRING(6.945989 51.542793,6.945977 51.54278540000001)
526	Bottrop	Trappenstr.	de:05512:3256:0:02	51.543117	6.945432	bus	MATCHED	n2997707178	1.0	1.0	Trappenstraße	264,264E	Bottrop Fischedickstr.	Fischedickstraße	LINESTRING(6.945432 51.543117,6.9454244 51.5431097)
527	Bottrop	Unterberg	de:05512:4765:0:01	51.508387	6.932407	bus	MATCHED	n2939359130	0.9	1.0	Unterberg	TB294	Bottrop Hbf / Bottrop Hbf	Bottrop Hbf	LINESTRING(6.932407 51.508387,6.9324173 51.5083828)
528	Bottrop	Unterberg	de:05512:4765:0:02	51.508398	6.932227	bus	MATCHED	n2939359129	1.3	1.0	Unterberg	294E,TB294	Bottrop Armeler Hof	Armeler Hof	LINESTRING(6.932227 51.508398,6.932233500000001 51.5083871)
529	Bottrop	Untere Hochstr.	de:05512:3291:1:01	51.51859	6.926963	bus	MATCHED	n2939254982	7.1	1.0	Untere Hochstraße	186,NE16	Bottrop Zeppelinstr. / Bottrop Zeppelinstr.	Zeppelinstraße	LINESTRING(6.926963 51.51859,6.9270624000000005 51.518574)
530	Bottrop	Untere Hochstr.	de:05512:3291:1:04	51.518567	6.925113	bus	MATCHED	n267437125	0.6	0.8	Untere Hochstraße	261,TB261	BOT Pferdemarkt	Pferdemarkt	LINESTRING(6.925113 51.518567,6.925118 51.518562100000004)
531	Bottrop	Untere Hochstr.	de:05512:3291:2:02	51.519054	6.925759	bus	MATCHED	n2939254981	1.1	1.0	Untere Hochstraße	186,NE16	BOT Pferdemarkt	Pferdemarkt	LINESTRING(6.925759 51.519054,6.9257549 51.519063900000006)
532	Bottrop	Untere Hochstr.	de:05512:3291:3:03	51.518623	6.924978	bus	MATCHED	n267437203	0.6	1.0	Untere Hochstraße	261,TB261	Bottrop Am Sandknappen	Am Sandknappen	LINESTRING(6.924978 51.518623,6.924976600000001 51.518627900000006)
533	Bottrop	Velsenstr.	de:05512:3251:0:01	51.547631	6.948271	bus	MATCHED	n431620453	1.0	1.0	Velsenstraße	262,262E,TB262	Bottrop Zur Schattigen Buche	Zur Schattigen Buche	LINESTRING(6.948271 51.547631,6.948284900000001 51.547633700000006)
534	Bottrop	Velsenstr.	de:05512:3251:0:02	51.547514	6.94846	bus	MATCHED	n435100344	0.7	1.0	Velsenstraße	262,262E,TB262	Bottrop Betriebshof	Bottrop Betriebshof	LINESTRING(6.94846 51.547514,6.948457 51.5475076)
535	Bottrop	Vienkenstraße	de:05512:3490:0:01	51.553295	6.936521	bus	MATCHED	n567017756	0.8	1.0	Vienkenstraße	264	Bottrop Stenkhoffbad	Stenkhoffbad	LINESTRING(6.936521 51.553295,6.9365135 51.5532893)
536	Bottrop	Vikars Kamp	de:05512:3207:0:01	51.611644	6.968798	bus	MATCHED	n3061883967	0.9	1.0	Vikars Kamp	188,267,267E,TB267	BOT Feldhausen Bf / Bottrop Lohbraucksweg / Bottrop Dorstener Str.	Lohbraucksweg / Dorstener Straße / Feldhausen Bf	LINESTRING(6.968798 51.611644,6.968793000000001 51.6116516)
537	Bottrop	Vikars Kamp	de:05512:3207:0:02	51.611499	6.968753	bus	MATCHED	n3061883964	0.2	1.0	Vikars Kamp	188,267,267E,TB267	Bottrop Hohes Feld	Hohes Feld	LINESTRING(6.968753 51.611499,6.968753400000001 51.6114976)
538	Bottrop	Vossundern	de:05512:3421:0:01	51.570026	6.889494	bus	MATCHED	n663612593	0.6	1.0	Vossundern	251,251E,TB251,TB256	Bottrop Bereitschaftssiedlung / Bottrop Pöttering	Pöttering	LINESTRING(6.889494 51.570026,6.889494200000001 51.5700209)
539	Bottrop	Vossundern	de:05512:3421:0:02	51.570082	6.889845	bus	MATCHED	n663612592	1.2	1.0	Vossundern	251,251E,269E,TB251,TB256	Bottrop Im Spring	Im Spring	LINESTRING(6.889845 51.570082,6.8898505000000005 51.570072200000006)
540	Bottrop	Wallmannstr.	de:05512:3486:1:01	51.534462	6.973154	bus	MATCHED	n2995010019	1.6	1.0	Wallmannstraße	189,266,TB266	Bottrop Wallmannstr. / Bottrop Hebeleckstr.	Hebeleckstraße / Baukelstraße	LINESTRING(6.973154 51.534462,6.9731367 51.534452800000004)
541	Bottrop	Wallmannstr.	de:05512:3486:2:02	51.534915	6.973208	bus	MATCHED	n2995010021	0.7	0.56	Wallmannstraße	189,266,TB266	BOT Boyer Markt / BOT Boyer Markt / BOT Boyer Markt	Boyer Markt	LINESTRING(6.973208 51.534915,6.973198200000001 51.534915700000006)
542	Bottrop	Wallmannstr.	de:05512:3486:3:03	51.534015	6.972517	bus	MATCHED	n6223711719	2.6	1.0	Wallmannstraße	266,TB266	Bottrop Hebeleckstr.		LINESTRING(6.972517 51.534015,6.9725478 51.5340276)
543	Bottrop	Wallmannstr.	de:05512:3486:4:04	51.53411	6.972687	bus	MATCHED	n6223711720	2.3	1.0	Wallmannstraße	266,266E,TB266	Bottrop Robert-Brenner-Str.		LINESTRING(6.972687 51.53411,6.972655100000001 51.5341156)
544	Bottrop	Walter-Spindler-Str.	de:05512:4476:0:01	51.542167	6.982542	bus	MATCHED	n2995955281	0.7	1.0	Walter-Spindler-Straße	189,TB265	Bottrop An der Boye / Gladbeck Kösheide	An der Boye / Kösheide	LINESTRING(6.982542 51.542167,6.982552500000001 51.542166)
545	Bottrop	Walter-Spindler-Str.	de:05512:4476:0:02	51.5421	6.982236	bus	MATCHED	n2995955280	0.4	1.0	Walter-Spindler-Straße	189,TB265	Bottrop Kraneburgstr.	Kraneburgstraße	LINESTRING(6.982236 51.5421,6.982232600000001 51.542102500000006)
546	Bottrop	Weberstr.	de:05512:4416:0:01	51.610037	6.9201	bus	MATCHED	n3054478945	0.1	1.0	Weberstraße	267,267E,TB267,X42	Bottrop An der Linde	An der Linde	LINESTRING(6.9201 51.610037,6.920098800000001 51.610037600000005)
547	Bottrop	Weberstr.	de:05512:4416:0:02	51.609931	6.919929	bus	MATCHED	n3054478942	0.6	1.0	Weberstraße	267,267E,TB267,X42	Bottrop Hallenbad	Hallenbad	LINESTRING(6.919929 51.609931,6.9199332 51.6099266)
548	Bottrop	Welheimer Str.	de:05512:3487:0:01	51.525504	6.975706	bus	MATCHED	n278562441	3.1	1.0	Welheimer Straße	263,263E,TB294	Bottrop Johannes-/ Prosperstr. / Bottrop Fortkamp	Fortkamp / Johannes-/Prosperstraße	LINESTRING(6.975706 51.525504,6.9757156 51.5255312)
549	Bottrop	Welheimer Str.	de:05512:3487:0:02	51.525677	6.97611	bus	MATCHED	n278562444	0.3	1.0	Welheimer Straße	263,263E,TB294	Bottrop Friedenskirche	Friedenskirche	LINESTRING(6.97611 51.525677,6.9761097 51.5256747)
550	Bottrop	Westfriedhof	de:05512:4533:0:01	51.511831	6.910506	bus	MATCHED	n2939598763	0.6	1.0	Westfriedhof	TB294	Bottrop Am Quellenbusch	Am Quellenbusch	LINESTRING(6.910506 51.511831,6.910503 51.5118263)
551	Bottrop	Westfriedhof	de:05512:4533:0:02	51.51201	6.910434	bus	MATCHED	n2939598762	0.5	1.0	Westfriedhof	294E,TB294	Bottrop Knappsch.-Krankenhaus	Knappschafts-Krankenhaus	LINESTRING(6.910434 51.51201,6.9104362 51.512014300000004)
552	Bottrop	Westring	de:05512:4723:1:01	51.517293	6.911422	bus	MATCHED	n6256368890	8.4	1.0	Westring	261,262,TB261,TB262	BOT Heidenheck / Bottrop Im Beckram	Heidenheck / Im Beckram	LINESTRING(6.911422 51.517293,6.9113213 51.51733410000001)
553	Bottrop	Westring	de:05512:4723:2:02	51.518014	6.909554	bus	MATCHED	n6256368888	4.4	1.0	Westring	261,TB261	BOT Westfriedhof Haupteingang	Westfriedhof Haupteingang	LINESTRING(6.909554 51.518014,6.9096085 51.5179941)
554	Bottrop	Wilhelm- Tenhagen-Str	de:05512:4529:0:01	51.534144	6.978167		NO_MATCH_AND_SEEMS_UNSERVED								POINT(6.978167 51.534144)
555	Bottrop	Zeche Prosper	de:05512:3338:0:01	51.500715	6.935937	bus	MATCHED	n2949253615	0.8	1.0	Zeche Prosper	186,NE16	Essen Kanalbrücke	Kanalbrücke	LINESTRING(6.935937 51.500715,6.9359317 51.500720900000005)
556	Bottrop	Zeche Prosper	de:05512:3338:0:02	51.500592	6.936108	bus	MATCHED	n2949253617	0.5	1.0	Zeche Prosper	186,NE16	Bottrop Plankenschemm	Plankenschemm	LINESTRING(6.936108 51.500592,6.9361088 51.500587900000006)
557	Bottrop	Zentralwerkstatt	de:05512:3488:0:01	51.522581	6.968968	bus	MATCHED	n278560874	0.7	1.0	Zentralwerkstatt	263,263E	Bottrop Alpincenter	Alpincenter	LINESTRING(6.968968 51.522581,6.968968500000001 51.522587)
558	Bottrop	Zentralwerkstatt	de:05512:3488:0:02	51.522637	6.970918	bus	MATCHED	n2951264323	2.2	1.0	Zentralwerkstatt	263,263E	Bottrop Johannes-/ Prosperstr.	Johannes-/Prosperstraße	LINESTRING(6.970918 51.522637,6.9709165 51.5226175)
559	Bottrop	Zeppelinstr.	de:05512:3332:0:01	51.517438	6.929586	bus	MATCHED	n2939254983	0.3	1.0	Zeppelinstraße	186,NE16	Bottrop Untere Hochstr. / Bottrop Hardenbergstr.	Untere Hochstraße	LINESTRING(6.929586 51.517438,6.9295831 51.5174396)
560	Bottrop	Zeppelinstr.	de:05512:3332:0:02	51.517047	6.929936	bus	MATCHED	n2939254984	1.9	1.0	Zeppelinstraße	186,NE16	Bottrop Untere Hochstr. / Bottrop Hardenbergstr.	Hardenbergstraße	LINESTRING(6.929936 51.517047,6.9299172 51.5170352)
561	Bottrop	Zur Schattigen Buche	de:05512:3252:0:01	51.548145	6.943977	bus	MATCHED	n431620454	0.2	1.0	Zur Schattigen Buche	262,262E,TB262	BOT Eigen Markt	Eigen Markt	LINESTRING(6.943977 51.548145,6.9439748 51.5481458)
562	Bottrop	Zur Schattigen Buche	de:05512:3252:0:02	51.548055	6.943959	bus	MATCHED	n435100345	0.4	1.0	Zur Schattigen Buche	262,262E,TB262	Bottrop Velsenstr.	Velsenstraße	LINESTRING(6.943959 51.548055,6.9439579 51.5480511)
563	Gelsenkirchen	GE Buer Rathaus	de:05512:4462:12:12	51.578261	7.057937	bus	MATCHED	w478922097	5.4	0.57	Buer Rathaus	381,397,398,E96,NE11,NE12	GE Hermann-Löns-Str. / Gelsenkirchen Erlestr. / GE Ges. Schule Berger Feld	Buer Rathaus/Kunstmuseum / Buer Bergmannsheil / Hermann-Löns-Straße	LINESTRING(7.057937 51.578261,7.0579892 51.578297400000004)
