	Ortsteil	Haltestelle	globaleID	lat	lon	mode	match_state	osm_id	distance	rating	osm_name	routes	official_direction	osm_direction	WKT
0	Adelshausen	Reichertshof. Str	de:09185:8769:0:1	48.65969	11.404409	bus	NO_MATCH_BUT_OTHER_PLATFORM_MATCHED					9154,X441	Aschelsried, Reichertshofener Straße / Karlskron-Pobenhausen, Kirche / Aschelsried, Dorfstraße / Karlskron-Pobenhausen, Kirche / Pobenhausen, Abzw. Fruchtheim / Adelshausen, Siedlungsstraße / Aschelsried, Dorfstraße / Adelshausen, Siedlungsstraße		POINT(11.404409 48.65969)
1	Adelshausen	Reichertshof. Str	de:09185:8769:0:2	48.659589	11.404562	bus	MATCHED_AMBIGUOUSLY	n11215344889	21.8	1.0	Karlskron-Adelshausen, Reichertshof. Str	9154	Aschelsried, Reichertshofener Straße / Adelshausen, Siedlungsstraße	Karlskron-Aschelsried, Ortsmitte	LINESTRING(11.404562 48.659589,11.404268400000001 48.659616400000004)
2	Adelshausen	Reichertshof. Str	de:09185:8769:0:2	48.659589	11.404562	bus	MATCHED_AMBIGUOUSLY	n4853800514	19.6	1.0	Karlskron-Adelshausen, Reichertshof. Str	9154	Aschelsried, Reichertshofener Straße / Adelshausen, Siedlungsstraße	Adelshausen, Schloßstraße / Karlskron-Aschelsried, Ortsmitte / Karlskron-Pobenhausen, Kirche	LINESTRING(11.404562 48.659589,11.4044228 48.6597389)
3	Adelshausen	Schloßstr. 	de:09185:8496:0:1	48.654017	11.401687		MATCHED	n4853799481	20.2	1.0	Adelshausen, Schloßstraße			Freinhausen, Kirche / Karlskron-Pobenhausen, Kirche	LINESTRING(11.401687 48.654017,11.4014165 48.653989200000005)
4	Adelshausen	Schloßstr. 	de:09185:8496:0:2	48.65413	11.401202		MATCHED	n4853799480	33.8	1.0	Adelshausen, Schloßstraße				LINESTRING(11.401202 48.65413,11.401583 48.6539602)
5	Adelshausen	Siedlungsstraße	de:09185:5117:0:1	48.653905	11.401463	bus	NO_MATCH					9154	Karlskron-Pobenhausen, Kirche / Adelshausen, Reichertshof. Str		POINT(11.401463 48.653905)
6	Adelshausen	Siedlungsstraße	de:09185:5117:0:2	48.653934	11.401606	bus	NO_MATCH					9154	Adelshausen, Reichertshof. Str / Freinhausen, Hohenwarter Straße / Karlskron-Pobenhausen, Kirche		POINT(11.401606 48.653934)
7	Alteneich	Bushaltestelle	de:09185:5086:0:1	48.624978	11.273614	bus	MATCHED	n5191615871	13.2	1.0	Alteneich, Bhst.	430	Edelshausen, Ortsanfang / Oberarnbach, Abz. Brunnen		LINESTRING(11.273614 48.624978,11.2734445 48.6250154)
8	Alteneich	Bushaltestelle	de:09185:5086:0:2	48.625127	11.273506	bus	MATCHED	n5191615872	13.7	1.0	Alteneich, Bhst.	430	Oberarnbach, Ortsmitte		LINESTRING(11.273506 48.625127,11.2736356 48.625039300000005)
9	Altmannstetten	Hauptsstraße	de:09185:5184:0:1	48.695167	11.189882	bus	NO_MATCH_BUT_OTHER_PLATFORM_MATCHED					430	Königsmoos, Abzweig Obermaxfeld		POINT(11.189882 48.695167)
10	Altmannstetten	Hauptsstraße	de:09185:5184:0:2	48.695108	11.189757	bus	MATCHED	n5659422988	2.7	1.0	Altmannstetten, Staatsstraße St 2046	425,430	Wagenhofen, Kreuzung / Wagenhofen, Kreuzung		LINESTRING(11.189757 48.695108,11.189789800000002 48.6951193)
11	Altmannstetten	Ortsmitte	de:09185:1836:0:99	48.697325	11.1899	bus	MATCHED	n5659417198	1.8	0.84	Altmannstetten, Ortsmitte	425,480	Wagenhofen, Ortsmitte / Neuburg-Donau,Hardt, Bushaltestelle / Ergertshausen, Ortsstraße / Königsmoos, Abzweig Obermaxfeld / Wagenhofen, Kreuzung		LINESTRING(11.1899 48.697325,11.1898937 48.6973093)
12	Ambach	Am Wiesenrain	de:09185:5000:0:1	48.649187	11.106788	bus	NO_MATCH_BUT_OTHER_PLATFORM_MATCHED					410	Ehekirchen Kreis		POINT(11.106788 48.649187)
13	Ambach	Am Wiesenrain	de:09185:5000:0:2	48.649181	11.106815	bus	MATCHED	n1341701269	3.7	1.0	Ambach, Am Wiesenrain	410	Hollenbach, Hauptstraße / Ambach, Hauptstraße		LINESTRING(11.106815 48.649181,11.106820800000001 48.649213700000004)
14	Ambach	Hauptstraße	de:09185:5001:0:1	48.647572	11.112978	bus	MATCHED	n1573328987	24.7	1.0	Ambach, Hauptstraße	410	Ambach, Am Wiesenrain	Ehekirchen, Kreis	LINESTRING(11.112978 48.647572,11.1128485 48.6473674)
15	Ambach	Hauptstraße	de:09185:5001:0:2	48.647543	11.112573	bus	MATCHED	n10082105700	28.5	1.0	Ambach, Hauptstraße	410	Ambach, Kagerhof / Seiboldsdorf, Maibaum / Hollenbach, Hauptstraße		LINESTRING(11.112573 48.647543,11.1127473 48.647771600000006)
16	Ambach	Kagerhof	de:09185:5043:0:1	48.651893	11.115529	bus	MATCHED	n10094872418	21.0	1.0	Kagerhof	410	Ambach, Hauptstraße		LINESTRING(11.115529 48.651893,11.1154825 48.65170680000001)
17	Ambach	Kagerhof	de:09185:5043:0:2	48.651899	11.115708	bus	MATCHED	n1573328989	14.9	1.0	Kagerhof	410	Seiboldsdorf, Maibaum / Hollenbach, Hauptstraße / Hollenbach, Telefonzelle		LINESTRING(11.115708 48.651899,11.115585000000001 48.652005700000004)
18	Aresing	Am hohen Weg	de:09185:8509:0:1	48.529838	11.296593	bus	MATCHED	n4964516091	3.9	1.0	Aresing, Zum Alten Wirt	9159	Aresing, Sonnenham Straße	Aresing, Fa. Bauer / Aresing, Sonnenhamstraße	LINESTRING(11.296593 48.529838,11.2965484 48.529856800000005)
19	Aresing	Am hohen Weg	de:09185:8509:0:2	48.530171	11.296944	bus	MATCHED	n4964516092	3.1	1.0	Aresing, Zum Alten Wirt	9159	Aresing, Bauernstraße / Schrobenhausen, Omnibusbahnhof	Schrobenhausen, Bahnhof / Aresing, Bauernstraße 7/22	LINESTRING(11.296944 48.530171,11.296980900000001 48.530184500000004)
20	Aresing	Autenzell	de:09185:7859:0:1	48.513428	11.272393	bus	MATCHED_THOUGH_REVERSED_DIR	n4964547143	15.7	1.0	Aresing, Autenzell	9158,9159	Weilach, Dorfstaße / Aresing-Unterweilenbach / Aresing, Ziegeleistraße	Aresing, Rettenbach	LINESTRING(11.272393 48.513428,11.2724293 48.513567)
21	Aresing	Autenzell	de:09185:7859:0:2	48.513505	11.272455	bus	MATCHED	n8948735666	2.8	1.0	Aresing, Autenzell	9158	Rettenbach, Dorfstraße	Aresing, Zum Alten Wirt / Aresing, Unterweilenbach / Weilach, Ort	LINESTRING(11.272455 48.513505,11.2724273 48.5134879)
22	Aresing	Bauernstraße	de:09185:8520:0:1	48.53562	11.293763	bus	MATCHED	n4964531273	5.2	1.0	Aresing, Bauernstraße 7/22	9159	Aresing, Wehamer Str. / Aresing, Am hohen Weg	Aresing, Wehamer Straße / Aresing, Zum Alten Wirt	LINESTRING(11.293763 48.53562,11.2937723 48.5355738)
23	Aresing	Bauernstraße	de:09185:8520:0:2	48.535465	11.293862	bus	MATCHED	n4964531274	7.4	1.0	Aresing, Bauernstraße 7/22	9158,9159	Gerolsbacher Straße 72	Gerolsbacher Straße 39	LINESTRING(11.293862 48.535465,11.2939182 48.5355204)
24	Aresing	Bauernstraße	de:09185:90042	48.532437	11.292155		NO_MATCH_AND_SEEMS_UNSERVED								POINT(11.292155 48.532437)
25	Aresing	Etzlberg	de:09185:7862:0:1	48.496531	11.292775	bus	MATCHED_THOUGH_REVERSED_DIR	n8975166033	1.4	1.0	Aresing, Abzw. Etzlberg	9158	Weilach, Dorfstaße	Aresing, Oberweilenbach	LINESTRING(11.292775 48.496531,11.2927937 48.496529200000005)
26	Aresing	Etzlberg	de:09185:7862:0:2	48.496703	11.292802	bus	MATCHED_THOUGH_REVERSED_DIR	n4966722454	17.8	0.26	Aresing, Abzw. Etzlberg	9158	Aresing-Oberweilenbach	Weilach, Ort	LINESTRING(11.292802 48.496703,11.2929609 48.4965832)
27	Aresing	Fa. Bauer	de:09185:8905:0:1	48.522722	11.295147	bus	MATCHED	n8948735674	5.1	1.0	Aresing, Fa. Bauer	9159	Aresing, Sonnenham Straße	Aresing, Zum Alten Wirt / Aresing, Sonnenhamstraße	LINESTRING(11.295147 48.522722,11.295197900000002 48.5227531)
28	Aresing	Fa. Bauer	de:09185:8905:0:2	48.52271	11.295147	bus	MATCHED	n4964508890	8.6	0.71	Aresing, Fa. Bauer	9159	Gerolsbach, Riederner Äcker	Gerolsbach, Riedener Äcker / Petershausen (S/R) West	LINESTRING(11.295147 48.52271,11.2952194 48.522649200000004)
29	Aresing	Oberweilenbach	de:09185:7861:0:1	48.500168	11.29795	bus	MATCHED_THOUGH_REVERSED_DIR	n4966714381	35.4	1.0	Aresing, Oberweilenbach	9158	Etzlberg	Aresing, Unterweilenbach	LINESTRING(11.29795 48.500168,11.297760700000001 48.5004609)
30	Aresing	Oberweilenbach	de:09185:7861:0:2	48.500704	11.297554	bus	MATCHED_THOUGH_REVERSED_DIR	n4966714382	13.5	1.0	Aresing, Oberweilenbach	9158	Aresing-Unterweilenbach	Aresing, Abzw. Etzlberg	LINESTRING(11.297554 48.500704,11.2975656 48.500583000000006)
31	Aresing	Rosensteig	de:09185:7857:0:1	48.532687	11.256879	bus	NO_MATCH					9158,9159	Rettenbach, Dorfstraße		POINT(11.256879 48.532687)
32	Aresing	Rosensteig	de:09185:7857:0:2	48.532776	11.256879	bus	NO_MATCH					9158	Schrobenhausen, Augsburger Straße		POINT(11.256879 48.532776)
33	Aresing	Sonnenham Straße	de:09185:8511:0:1	48.527036	11.294482	bus	MATCHED	n4964521505	80.7	1.0	Aresing, Sonnenhamstraße	9159	Aresing, Fa. Bauer	Aresing, Fa. Bauer	LINESTRING(11.294482 48.527036,11.2943932 48.5263131)
34	Aresing	Sonnenham Straße	de:09185:8511:0:2	48.527399	11.294994	bus	MATCHED	n4964521504	179.6	1.0	Aresing, Sonnenhamstraße	9159	Aresing, Am hohen Weg	Aresing, Zum Alten Wirt	LINESTRING(11.294994 48.527399,11.2943704 48.5258375)
35	Aresing	Unterweilenbach	de:09185:7860:0:1	48.50556	11.294779	bus	MATCHED_THOUGH_REVERSED_DIR	n4966720025	8.3	1.0	Aresing, Unterweilenbach	9158	Aresing-Oberweilenbach	Aresing, Autenzell	LINESTRING(11.294779 48.50556,11.2948345 48.5054947)
36	Aresing	Unterweilenbach	de:09185:7860:0:2	48.505489	11.294716	bus	MATCHED_THOUGH_REVERSED_DIR	n4966720026	1.0	1.0	Aresing, Unterweilenbach	9158	Aresing-Autenzell / Aresing, Bauernstraße	Aresing, Oberweilenbach	LINESTRING(11.294716 48.505489,11.294703 48.5054912)
37	Aresing	Wehamer Str. 	de:09185:8664:0:1	48.534478	11.304211	bus	MATCHED_THOUGH_REVERSED_DIR	n4964526924	322.2	1.0	Aresing, Wehamer Straße	9159	Oberlauterbach, Hauptstraße	Aresing, Bauernstraße 7/22	LINESTRING(11.304211 48.534478,11.299861 48.5347066)
38	Aresing	Wehamer Str. 	de:09185:8664:0:2	48.534442	11.30466	bus	NO_MATCH_BUT_OTHER_PLATFORM_MATCHED					9159	Aresing, Bauernstraße / Schrobenhausen, Omnibusbahnhof		POINT(11.30466 48.534442)
39	Aresing	Ziegeleistraße	de:09185:7906:0:1	48.52318	11.284924	bus	MATCHED	n10169671901	113.0	1.0	Aresing, Ziegelei	9159	Aresing, Bauernstraße		LINESTRING(11.284924 48.52318,11.284145200000001 48.5223055)
40	Aschelsried	Dorfstraße	de:09185:90265:0:1	48.657157	11.426004	bus	NO_MATCH					9154,X441	Adelshausen, Reichertshof. Str / Walding, Ortsmitte		POINT(11.426004 48.657157)
41	Aschelsried	Dorfstraße	de:09185:90265:0:2	48.657157	11.426013	bus	NO_MATCH					9154,X441	Walding, Ortsmitte / Adelshausen, Reichertshof. Str / Karlskron-Pobenhausen, Kirche / Aschelsried, Reichertshofener Straße / Walding, Ortsmitte / Adelshausen, Reichertshof. Str		POINT(11.426013 48.657157)
42	Aschelsried	Reichertshofener Straße	de:09185:7662:0:1	48.659044	11.425358	bus	MATCHED_AMBIGUOUSLY	n11215344890	9.7	1.0	Karlskron-Aschelsried, Ortsmitte	9154	Aschelsried, Dorfstraße	Karlskron-Walding, Ortsmitte	LINESTRING(11.425358 48.659044,11.425263800000002 48.6589832)
43	Aschelsried	Reichertshofener Straße	de:09185:7662:0:1	48.659044	11.425358	bus	MATCHED_AMBIGUOUSLY	n4853805385	9.3	1.0	Karlskron-Aschelsried, Ortsmitte	9154	Aschelsried, Dorfstraße	Karlskron-Adelshausen, Reichertshof. Str	LINESTRING(11.425358 48.659044,11.425232000000001 48.6590471)
44	Aschelsried	Reichertshofener Straße	de:09185:7662:0:2	48.65902	11.425097	bus	MATCHED	n4853805386	21.6	1.0	Karlskron-Aschelsried, Ortsmitte	9154	Walding, Ortsmitte / Aschelsried, Dorfstraße / Adelshausen, Siedlungsstraße	Adelshausen, Schloßstraße	LINESTRING(11.425097 48.65902,11.4252547 48.6588566)
45	Attenfeld	Dorfstraße	de:09185:8486:0:1	48.782278	11.188454	bus	MATCHED	n4880489007	12.9	1.0	Attenfeld	104,9112	Attenfeld Straßwirt / Bergen, Wiltrudistraße	Bergen, Wiltrudistr.	LINESTRING(11.188454 48.782278,11.188580100000001 48.782197000000004)
46	Attenfeld	Dorfstraße	de:09185:8486:0:2	48.782414	11.188409	bus	MATCHED	n9006715426	12.7	1.0	Attenfeld	103,104	Bergen, Wiltrudistraße / Meilenhofen, Sächenfartmühle	Bergen, Wiltrudistr.	LINESTRING(11.188409 48.782414,11.188442 48.782302200000004)
47	Baiern	Ortsmitte	de:09185:5046:0:99	48.677743	11.158118	bus	MATCHED	n5732556119	33.2	1.0	Baiern, Ortsmitte	410,425,480	Rohrenfels, Neue Siedlung / Ludwigsmoos, Achhäuser / Rohrenfels, Neue Siedlung	Rohrenfels, Neue Siedlung	LINESTRING(11.158118 48.677743,11.158198700000002 48.677449100000004)
48	Ballersdorf	Ortsende	de:09185:5045:0:1	48.703788	11.161253	bus	MATCHED	n2295960729	27.6	1.0	Ballersdorf, Ortsmitte	410,480	Sehensand, Waldstraße / Ballersdorf, Ortsmitte	Sehensand, Ortsmitte / Ballersdorf, Ortsende	LINESTRING(11.161253 48.703788,11.161170100000001 48.7040305)
49	Ballersdorf	Ortsende	de:09185:5045:0:2	48.703948	11.161154	bus	MATCHED	n10130382491	15.9	1.0	Ballersdorf, Ortsmitte	410,480	Ballersdorf, Ortsmitte / Sehensand, Waldstraße		LINESTRING(11.161154 48.703948,11.161045900000001 48.703824700000006)
50	Ballersdorf	Ortsmitte	de:09185:5044:0:1	48.704031	11.157148	bus	MATCHED	n10082154338	17.0	1.0	Ballersdorf, Ortsende	410,460,480	Wagenhofen, Ortsmitte / Ballersdorf, Ortsende / Neuburg-Donau,Hardt, Bushaltestelle / Wagenhofen, Kreuzung		LINESTRING(11.157148 48.704031,11.1570608 48.7041721)
51	Ballersdorf	Ortsmitte	de:09185:5044:0:2	48.704167	11.157184	bus	MATCHED	n2295960733	4.1	1.0	Ballersdorf, Ortsende	410,480	Neuburg-Feldkirchen, Mittelweg / Ballersdorf, Ortsende	Sehensand, Ortsmitte	LINESTRING(11.157184 48.704167,11.157198300000001 48.7041313)
52	Berg Im Gau	Krzg. Lagerhaus	de:09185:5047:0:1	48.636277	11.253402	bus	MATCHED	n10133893656	11.8	1.0	Berg Im Gau, Kreuzung Lagerhaus	430	Oberarnbach, Ortsmitte		LINESTRING(11.253402 48.636277,11.2533098 48.636363300000006)
53	Berg Im Gau	Krzg. Lagerhaus	de:09185:5047:0:2	48.636443	11.253402	bus	MATCHED	n10133893655	12.7	1.0	Berg Im Gau, Kreuzung Lagerhaus	430	Königsmoos,Obergrasheim, Bushaltestelle		LINESTRING(11.253402 48.636443,11.2534547 48.636334100000006)
54	Berg im Gau	Dirschhofen	de:09185:5174:0:99	48.627371	11.241473		MATCHED	n5191562857	38.3	1.0	Dirschhofen, Maibaum				LINESTRING(11.241473 48.627371,11.241762900000001 48.6270852)
55	Berg im Gau	Eppertshofen	de:09185:5179:0:99	48.62268	11.228348		MATCHED	n5191545243	41.7	1.0	Eppertshofen, Bhst.				LINESTRING(11.228348 48.62268,11.2277859 48.622640600000004)
56	Berg im Gau	Lampertshofen	de:09185:90268:0:99	48.628737	11.228743		NO_MATCH_AND_SEEMS_UNSERVED								POINT(11.228743 48.628737)
57	Berg im Gau	Schule	de:09185:90270:0:1	48.63601	11.248569		MATCHED_THOUGH_OSM_NO_NAME	n5191580846	2.5	0.24					LINESTRING(11.248569 48.63601,11.248573100000002 48.635987500000006)
58	Bergen	Wiltrudistraße	de:09185:8487:0:1	48.78319	11.143296	bus	MATCHED	n4460905728	5.9	1.0	Bergen, Wiltrudistr.	104,9112	Meilenhofen, Sächenfartmühle		LINESTRING(11.143296 48.78319,11.143373400000002 48.7832042)
59	Bergen	Wiltrudistraße	de:09185:8487:0:2	48.782983	11.143134	bus	MATCHED	n4460905727	34.5	1.0	Bergen, Wiltrudistr.	103,104	Hütting, Zur Burg / Hütting, Am Bahnhof/Hainb.Str.	Hütting, Gh. Zur Burg	LINESTRING(11.143134 48.782983,11.1435093 48.783168700000004)
60	Bergheim	Attenfeld Straßwirt	de:09185:8872:0:1	48.778602	11.200159	bus	MATCHED	n8312018292	14.8	1.0	Straßwirt	104	Neuburg, Ingolstädter Str. / Ried, Eugen-Erdner-Str.		LINESTRING(11.200159 48.778602,11.1999744 48.778548)
61	Bergheim	Attenfeld Straßwirt	de:09185:8872:0:2	48.778638	11.200186	bus	NO_MATCH_BUT_OTHER_PLATFORM_MATCHED					104	Attenfeld, Dorfstraße		POINT(11.200186 48.778638)
62	Bergheim	Hauptstr. /Im Winkel	de:09185:8483:0:1	48.76042	11.259448	bus	MATCHED	n9006715430	8.7	1.0	Bergheim, Hauptstraße/Im Winkl	9112,9239	Unterstall, Spielplatz / Unterstall, Joshofener Str.5	Unterstall, Am Spielplatz	LINESTRING(11.259448 48.76042,11.2593697 48.760478500000005)
63	Bergheim	Hauptstr. /Im Winkel	de:09185:8483:0:2	48.760603	11.259322	bus	MATCHED	n4880474137	35.9	1.0	Bergheim, Hauptstraße/Im Winkl	9112	Laubenstraße / Unterstall, Spielplatz	Attenfeld / Laubenstraße	LINESTRING(11.259322 48.760603,11.2597404 48.760436000000006)
64	Bertoldsheim	Am Schlossberg	de:09185:7767:0:1	48.742817	11.017945	bus	MATCHED	w436157811	15.2	1.0	Bertoldsheim	102	Rennertsh., Bertoldsheimer Str / Rohrbach, Herleinstraße / Rennertshofen, Trugenhofener		LINESTRING(11.017945 48.742817,11.01774139990799 48.74283883312952)
65	Bertoldsheim	Siedlung	de:09185:7766:0:1	48.746099	11.018259	bus	MATCHED	n10116662469	25.2	1.0	Bertoldsheim, Siedlung	102	Bertoldsheim, Am Schlossberg		LINESTRING(11.018259 48.746099,11.0180184 48.74626060000001)
66	Bittenbrunn	Birkenweg	de:09185:8923:0:1	48.746253	11.153393	bus	MATCHED	n10079772386	7.1	1.0	Birkenweg	405	Bittenbrunn, Grotte		LINESTRING(11.153393 48.746253,11.1534311 48.746194300000006)
67	Bittenbrunn	Birkenweg	de:09185:8923:0:2	48.746129	11.153366		NO_MATCH_AND_SEEMS_UNSERVED								POINT(11.153366 48.746129)
68	Bittenbrunn	Grotte	de:09185:7759:0:1	48.741976	11.15898	bus	MATCHED	n5731040383	16.6	1.0	Bittenbrunn, Grotte	405	Neuburg, Gietlhauserstraße	Gietlhausener Straße / Laisacker, Gietlhausener Straße	LINESTRING(11.15898 48.741976,11.158789800000001 48.7418957)
69	Bittenbrunn	Kirche	de:09185:7803:0:1	48.742758	11.157687	bus	MATCHED	n5226453596	4.6	1.0	Bittenbrunn, Kirche	102	Riedensheim, Tierheim		LINESTRING(11.157687 48.742758,11.1576354 48.7427816)
70	Bittenbrunn	Kirche	de:09185:7803:0:2	48.742965	11.157651	bus	MATCHED_THOUGH_REVERSED_DIR	n10094944251	2.8	1.0	Bittenbrunn, Kirche	102,405	Bittenbrunn, Rennertshof. Weg / Neuburg, Mühlenweg / Neuburg (Donau), Berufliches Schulzent.	Finkenstein, Tierheim	LINESTRING(11.157651 48.742965,11.1576582 48.7429399)
71	Bittenbrunn	Neuburgerstraße	de:09185:7680:0:1	48.743238	11.156959		NO_MATCH_AND_SEEMS_UNSERVED								POINT(11.156959 48.743238)
72	Bittenbrunn	Neuburgerstraße	de:09185:7680:0:2	48.743356	11.157094		NO_MATCH_AND_SEEMS_UNSERVED								POINT(11.157094 48.743356)
73	Bittenbrunn	Spielplatz	de:09185:7807:0:1	48.742515	11.159492		MATCHED	n10154157510	34.1	1.0	Bittenbrunn, Spielplatz				LINESTRING(11.159492 48.742515,11.159454700000001 48.7422096)
74	Brautlach	Aretinstraße 51	de:09185:1541:0:99	48.699525	11.45122	bus	MATCHED	n10967911052	5.0	0.73	Brautlach, Aretinstraße	540,546	Manching, Realschule / Oberstimm, Max-Immelmann-Kas. / Brautlach, Wolfsiedlung	Oberstimm, Max-Immelmann-Kaserne	LINESTRING(11.45122 48.699525,11.451281000000002 48.6995054)
75	Brautlach	Gewerbegebiet	de:09185:7522:0:1	48.690939	11.453367	bus	MATCHED	n10967911049	9.0	0.68	Brautlach, Gewerbegebiet	540	Baar-Ebenhausen, Werk	Baar-Ebenhausen, Werk / Baar-Ebenhausen, Kirche	LINESTRING(11.453367 48.690939,11.4533436 48.6910188)
76	Brautlach	Gewerbegebiet	de:09185:7522:0:2	48.690921	11.453421	bus	MATCHED	n10967911050	3.5	0.82	Brautlach, Gewerbegebiet	540,546	Brautlach, Aretinstraße 51	Brautlach, Aretinstraße	LINESTRING(11.453421 48.690921,11.4534523 48.6909445)
77	Brautlach	Münchener Straße	de:09185:7524:0:1	48.699555	11.450834		MATCHED	n3978770568	46.8	1.0	Brautlach Münchener Straße				LINESTRING(11.450834 48.699555,11.4503505 48.699281600000006)
78	Brautlach	Münchener Straße	de:09185:7524:0:2	48.699578	11.450798		MATCHED	n3978770569	56.3	1.0	Brautlach Münchener Straße				LINESTRING(11.450798 48.699578,11.4501828 48.699277800000004)
79	Brautlach	Wolfsiedlung	de:09185:1332:0:99	48.696626	11.445399	bus	MATCHED	n3978770570	7.0	0.63	Brautlach Wolfsiedlung	445	Karlskron-Mändlfeld, Riedlstraße 41 / Brautlach, Aretinstraße 51		LINESTRING(11.445399 48.696626,11.4454224 48.696564800000004)
80	Bruck	Feuerwehrhaus	de:09185:7787:0:1	48.716455	11.25687	bus	MATCHED	n5503331528	19.4	1.0	Bruck, Feuerwehrhaus	101	Bruck, Sedelfeldweg		LINESTRING(11.25687 48.716455,11.256960300000001 48.716291000000005)
81	Bruck	Feuerwehrhaus	de:09185:7787:0:2	48.716212	11.256879	bus	NO_MATCH_BUT_OTHER_PLATFORM_MATCHED					101	Neuburg, Kaserne Grünau / Neuburg, Ostendkreis / Heinrichsheim, Maibaum		POINT(11.256879 48.716212)
82	Bruck	Sedelfeldweg	de:09185:7786:0:1	48.715993	11.262304	bus	MATCHED	n5503333097	12.0	1.0	Bruck, Sedelfeldweg	101	Rohrenfeld, Gut Rohrenfeld		LINESTRING(11.262304 48.715993,11.262440100000001 48.716052100000006)
83	Bruck	Sedelfeldweg	de:09185:7786:0:2	48.716105	11.262664	bus	NO_MATCH_BUT_OTHER_PLATFORM_MATCHED					101	Bruck, Feuerwehrhaus		POINT(11.262664 48.716105)
84	Brunnen	(Oberbay)	de:09185:90261:1:1	48.629158	11.298093	trainish	MATCHED	n7926069598	25.0	0.35	Brunnen			Ingolstadt Hbf / Schrobenhausen	LINESTRING(11.298093 48.629158,11.2983326 48.6293165)
85	Brunnen	(Oberbay)	de:09185:90261:30:1	48.629372	11.298794	bus	MATCHED	n7976305303	12.4	0.28	Brunnen, Bahnhof	X441	Brunnen, Sportplatz		LINESTRING(11.298794 48.629372,11.2986316 48.629400100000005)
86	Brunnen	Am Gewerbegebiet	de:09185:5082:0:2	48.629734	11.308478		NO_MATCH_AND_SEEMS_UNSERVED								POINT(11.308478 48.629734)
87	Brunnen	Am Gewerbegebiet	de:09185:5082:0:99	48.632792	11.316284	bus	MATCHED	n5278195854	8.7	1.0	Brunnen, Abzw. Hauptstraße	435	Edelshausen, Arnbachstraße		LINESTRING(11.316284 48.632792,11.3163364 48.6328625)
88	Brunnen	Ingolstädter Straße 12	de:09185:8503:0:1	48.6298	11.309592	bus	NO_MATCH_BUT_OTHER_PLATFORM_MATCHED					9154,X441	Edelshausen, Arnbachstraße / Grasheim, Augsburger Str. 133 / Brunnen, Sportplatz / Kleinhohenried 2		POINT(11.309592 48.6298)
89	Brunnen	Ingolstädter Straße 12	de:09185:8503:0:2	48.629812	11.30934	bus	MATCHED_THOUGH_NAMES_DIFFER	n10116658653	77.0	1.0	Brunnen, Schule	X441	Kleinhohenried 2 / Schrobenhausen, Landratsamt / Karlshuld, Unterer Kanal / Hauptstraße / Niederarnbach, Brunnener Straße		LINESTRING(11.30934 48.629812,11.308323300000001 48.629654)
90	Brunnen	Niederarnbach	de:09185:8501:2:1	48.651472	11.332652	bus	MATCHED	n8314779602	78.0	0.29	Niederarnbach, Bahnhof	9154	Niederarnbach, Brunnener Straße	Niederarnbach, Gasthaus	LINESTRING(11.332652 48.651472,11.333626500000001 48.6517466)
91	Brunnen	Niederarnbach	de:09185:8501:2:2	48.651519	11.332903	bus	MATCHED	n4861563381	48.8	1.0	Niederarnbach, Bahnhof	9154	Kaltenherberg, Bahnhofstraße	Kaltenherberg, Bahnhofstraße	LINESTRING(11.332903 48.651519,11.3335035 48.651704200000005)
92	Brunnen	Schachhof	de:09185:7661:0:1	48.620899	11.296647		MATCHED	n8974521669	73.5	0.12	Schachhof				LINESTRING(11.296647 48.620899,11.2973678 48.6213551)
93	Brunnen	Schachhof	de:09185:7661:0:2	48.620881	11.296728	bus	MATCHED	n8974521670	28.2	0.5	Schachhof	9154	Brunnen, Sportplatz	Brunnen, Sportplatz	LINESTRING(11.296728 48.620881,11.297037900000001 48.621028900000006)
94	Brunnen	Schule	de:09185:5083:0:1	48.629657	11.308343		MATCHED	n4861632041	96.1	1.0	Brunnen, Ortsmitte			Niederarnbach, Gasthaus / Karlshuld, Unterer Kanal	LINESTRING(11.308343 48.629657,11.3096393 48.6297507)
95	Brunnen	Schule	de:09185:5083:0:2	48.62974	11.308271		MATCHED	n4861632043	49.7	1.0	Brunnen, Ortsmitte			Edelshausen, Arnbachstraße / Brunnen, Sportplatz / Schrobenhausen, Finanzamt	LINESTRING(11.308271 48.62974,11.308940400000001 48.6297926)
96	Brunnen	Sportplatz	de:09185:7708:0:1	48.629123	11.303295	bus	MATCHED	n4861632046	20.1	1.0	Brunnen, Sportplatz	9154,X441	Schrobenhausen, Finanzamt / Bahnhof	Brunnen, Bahnhof / Schrobenhausen, Finanzamt / Königslachen	LINESTRING(11.303295 48.629123,11.3035677 48.629120300000004)
97	Brunnen	Sportplatz	de:09185:7708:0:2	48.629141	11.303456	bus	MATCHED	n4861632045	16.8	0.6	Brunnen, Sportplatz	9154,X441	Niederarnbach, Brunnener Straße / Brunnen, Ingolstädter Straße 12	Brunnen, Ortsmitte / Niederarnbach, Gasthaus	LINESTRING(11.303456 48.629141,11.3036013 48.6290246)
98	Burgheim	Biding	de:09185:7950:0:1	48.691354	11.059285	bus	MATCHED	n5260618173	132.4	1.0	Biding	9114	Leidling / Burgheim, Dezenacker / Leidling	Leidling / Ortlfing	LINESTRING(11.059285 48.691354,11.0608426 48.6907585)
99	Burgheim	Biding	de:09185:7950:0:2	48.691319	11.059177	bus	NO_MATCH_BUT_OTHER_PLATFORM_MATCHED					9114	Ortlfing, Stefanstraße		POINT(11.059177 48.691319)
100	Burgheim	Burgheim	de:09185:7954:1:1	48.701049	11.026856	train	MATCHED	n11197875943	10.4	0.56	Burgheim	RB15	Straß-Moos / Rain		LINESTRING(11.026856 48.701049,11.026968700000001 48.701106)
101	Burgheim	Burgheim	de:09185:7954:1:2	48.701007	11.026901	train	MATCHED	n11197875939	9.5	0.59	Burgheim	RB15	Unterhausen (Bay) / Straß-Moos / Rain	Rain / Straß-Moos	LINESTRING(11.026901 48.701007,11.027004600000001 48.7010578)
102	Burgheim	Burgheim	de:09185:7954:2:1	48.701624	11.026371	bus	MATCHED	w447418029	46.0	1.0	Burgheim, Bahnhof	9114	Illdorf, Kirchenweg / Ortlfing, Stefanstraße / Burgheim-Straß, Kirche / Burgheim, Marktplatz	Burgheim, Bahnhof / Burgheim, Marktplatz	LINESTRING(11.026371 48.701624,11.02666201889458 48.70125822584617)
103	Burgheim	Burgheim	de:09185:7954:2:2	48.701321	11.026631	bus	MATCHED	n10056206427	13.6	1.0	Burgheim, Bahnhof			Burgheim, Bahnhof / Straß, Kirche / Illdorf / Dezenacker	LINESTRING(11.026631 48.701321,11.026814700000001 48.7013088)
104	Burgheim	Dezenacker	de:09185:7948:0:1	48.673401	11.090933	bus	MATCHED	n5075804802	10.7	1.0	Dezenacker	9114	Längloh / Oberhausen, St. Wolfgang / Längloh	Längloh / Burgheim, Schule	LINESTRING(11.090933 48.673401,11.0908002 48.673441000000004)
105	Burgheim	Dezenacker	de:09185:7948:0:2	48.673443	11.090933	bus	MATCHED	n11491875586	4.5	0.71	Dezenacker	9114	Leidling		LINESTRING(11.090933 48.673443,11.0909671 48.67340960000001)
106	Burgheim	Eschling	de:09185:7942:0:1	48.669468	11.026479	bus	MATCHED	n5226498546	9.3	1.0	Eschling	9114	Burgheim-Kunding	Kunding	LINESTRING(11.026479 48.669468,11.026577300000001 48.669521200000005)
107	Burgheim	Eschling	de:09185:7942:0:2	48.669474	11.02656	bus	MATCHED	n10130906521	5.8	1.0	Eschling	9114	Burgheim-Wengen / Burgheim-Wengen	Wengen	LINESTRING(11.02656 48.669474,11.026513000000001 48.6694326)
108	Burgheim	Gewerbegebiet	de:09185:8941	48.707843	11.009887		NO_MATCH_AND_SEEMS_UNSERVED								POINT(11.009887 48.707843)
109	Burgheim	Kunding	de:09185:7941:0:1	48.678081	11.004632	bus	MATCHED_THOUGH_REVERSED_DIR	n5226477938	43.7	1.0	Kunding	9114	Burgheim-Eschling		LINESTRING(11.004632 48.678081,11.0041568 48.6778458)
110	Burgheim	Kunding	de:09185:7941:0:2	48.67804	11.004524	bus	MATCHED_THOUGH_REVERSED_DIR	n10133962850	10.1	1.0	Kunding	9114		Eschling	LINESTRING(11.004524 48.67804,11.004575200000001 48.678124700000005)
111	Burgheim	Leidling	de:09185:7957:0:1	48.694165	11.077045	bus	MATCHED	n5732587707	122.3	1.0	Leidling	9114	Burgheim-Biding / Oberhausen, St. Wolfgang / Burgheim-Straß, Kirche	Sinning, Ortsmitte	LINESTRING(11.077045 48.694165,11.0785234 48.694666500000004)
112	Burgheim	Leidling	de:09185:7957:0:2	48.694165	11.077045	bus	MATCHED	n5732587708	59.7	1.0	Leidling	9114	Oberhausen, St. Wolfgang / Sinning, Im Westerfeld / Sinning, Herrengasse	Straß, Kirche / Biding / Dezenacker	LINESTRING(11.077045 48.694165,11.0775608 48.6945793)
113	Burgheim	Längloh	de:09185:7947:0:1	48.671752	11.078869	bus	MATCHED	n5075862023	91.6	1.0	Längloh	9114	Illdorf, Kirchenweg / Burgheim, Dezenacker / Ehekirchen,Bonsal	Bonsal / Illdorf / St. Wolfgang	LINESTRING(11.078869 48.671752,11.0776547 48.6715741)
114	Burgheim	Längloh	de:09185:7947:0:2	48.671752	11.078869	bus	MATCHED	n10094986909	4.4	1.0	Längloh	460	Ehekirchen,Bonsal / Burgheim, Dezenacker	Dezenacker	LINESTRING(11.078869 48.671752,11.078831500000001 48.6717207)
115	Burgheim	Längloh	de:09185:7949:0:1	48.671752	11.078877		NO_MATCH_AND_SEEMS_UNSERVED								POINT(11.078877 48.671752)
116	Burgheim	Längloh	de:09185:7949:0:2	48.671752	11.078877		NO_MATCH_AND_SEEMS_UNSERVED								POINT(11.078877 48.671752)
117	Burgheim	Maibaum	de:09185:8940	48.701327	11.012366		NO_MATCH_AND_SEEMS_UNSERVED								POINT(11.012366 48.701327)
118	Burgheim	Marktplatz	de:09185:7952:0:1	48.700379	11.016957	bus	MATCHED	n10095205256	0.1	1.0	Burgheim, Marktplatz	9114	Burgheim	Burgheim, Bahnhof	LINESTRING(11.016957 48.700379,11.016957600000001 48.7003794)
119	Burgheim	Marktplatz	de:09185:7952:0:2	48.700479	11.01746	bus	MATCHED	n10095205255	6.3	1.0	Burgheim, Marktplatz	9114			LINESTRING(11.01746 48.700479,11.0174002 48.7005197)
120	Burgheim	Marktstraße	de:09185:7686:0:1	48.701173	11.013085		NO_MATCH_AND_SEEMS_UNSERVED								POINT(11.013085 48.701173)
121	Burgheim	Marktstraße	de:09185:7686:0:2	48.701031	11.013004		NO_MATCH_AND_SEEMS_UNSERVED								POINT(11.013004 48.701031)
122	Burgheim	Moos	de:09185:7956:0:1	48.718393	11.034438	bus	MATCHED	n5075824847	18.5	1.0	Moos	9114	Unterhausen, Kirche / Burgheim-Straß, Kirche	Unterhausen, Kirche / Straß, Kirche / Burgheim, Bahnhof	LINESTRING(11.034438 48.718393,11.0342243 48.7183045)
123	Burgheim	Moos	de:09185:7956:0:2	48.718387	11.034303	bus	NO_MATCH_BUT_OTHER_PLATFORM_MATCHED					9114	Burgheim		POINT(11.034303 48.718387)
124	Burgheim	Schule	de:09185:7953:0:1	48.701072	11.022113	bus	MATCHED	n5731123797	20.5	1.0	Burgheim, Schule	9114	Ortlfing, Stefanstraße / Burgheim-Kunding	Ortlfing / Kunding	LINESTRING(11.022113 48.701072,11.0220082 48.701242900000004)
125	Burgheim	Straß-Moos	de:09185:8707:1:1	48.711263	11.050113	train	MATCHED	n14405191	30.9	0.3	Straß-Moos	RB15	Unterhausen (Bay) / Unterhausen (Bay) / Burgheim / Burgheim	Unterhausen / Burgheim	LINESTRING(11.050113 48.711263,11.0504969 48.7113767)
126	Burgheim	Wengen	de:09185:7943:0:1	48.661257	11.028204	bus	NO_MATCH_BUT_OTHER_PLATFORM_MATCHED					9114	Burgheim-Eschling / Holzkirchen, Kirchbergstraße		POINT(11.028204 48.661257)
127	Burgheim	Wengen	de:09185:7943:0:2	48.66131	11.028159	bus	MATCHED	n10129263232	22.4	1.0	Wengen	9114	Illdorf, Kirchenweg	Eschling / Holzkirchen / Illdorf	LINESTRING(11.028159 48.66131,11.0282303 48.6611142)
128	Burgheim-Straß	Kirche	de:09185:7955:0:1	48.709485	11.054174	bus	MATCHED	n5075818300	20.8	1.0	Straß, Kirche	9114	Burgheim-Moos / Burgheim, Schule / Neuburg, Kreuzberg	Moos / Am Kreuzberg / Burgheim, Schule / Burgheim, Bahnhof	LINESTRING(11.054174 48.709485,11.0539359 48.7095861)
129	Burgheim-Straß	Kirche	de:09185:7955:0:2	48.709105	11.055881	bus	MATCHED	n5075818299	19.0	1.0	Straß, Kirche	9114	Burgheim / Burgheim-Moos	Burgheim, Bahnhof / Moos	LINESTRING(11.055881 48.709105,11.056089700000001 48.7090047)
130	Deubling	Ingolstädter Straße	de:09185:8492:0:1	48.692018	11.406664	bus	MATCHED	n4853791055	175.1	1.0	Deubling, Ingolstädter Straße	X441	Karlskron, Firma Spangler / Mändlfeld, Riedelstraße 18	Mändlfeld, Riedelstraße 22 / Karlskron, Raiffeisen / Karlskron, Rathaus	LINESTRING(11.406664 48.692018,11.4066854 48.690443300000005)
131	Deubling	Ingolstädter Straße	de:09185:8492:0:2	48.691941	11.406664	bus	MATCHED	n4853791056	153.7	1.0	Deubling, Ingolstädter Straße	X441	Karlskron, Schule / Karlskroner Straße	Oberstimmer Straße / Karlskroner Straße	LINESTRING(11.406664 48.691941,11.406816500000001 48.690562500000006)
132	Deubling	Riedelstraße	de:09185:90260:0:1	48.686604	11.406951		MATCHED	n4970797942	52.4	1.0	Deubling, Riedelstraße			Karlskron, Rathaus / Mändlfeld, Riedelstraße 22	LINESTRING(11.406951 48.686604,11.4076117 48.686778800000006)
133	Deubling	Riedelstraße	de:09185:90260:0:2	48.686604	11.406951		NO_MATCH_AND_SEEMS_UNSERVED								POINT(11.406951 48.686604)
134	Dinkelshausen	Ortseinfahrt	de:09185:5031:0:99	48.649151	11.153779	bus	MATCHED_THOUGH_REVERSED_DIR	n7501614560	5.9	1.0	Dinkelshausen, Ortseinfahrt	490	Kehrhof / Hollenbach, Hauptstraße	Hollenbach	LINESTRING(11.153779 48.649151,11.1538026 48.649100700000005)
135	Dinkelshausen	Ortsmitte	de:09185:5002:0:1	48.648474	11.151021	bus	MATCHED	n10079900227	6.2	1.0	Dinkelshausen, Ortsmitte	410	Seiboldsdorf, Maibaum / Hollenbach, Telefonzelle	Hollenbach	LINESTRING(11.151021 48.648474,11.1509514 48.6484432)
136	Dinkelshausen	Ortsmitte	de:09185:5002:0:2	48.648504	11.151003	bus	MATCHED	n5260704753	4.4	1.0	Dinkelshausen, Ortsmitte	410	Hollenbach, Telefonzelle		LINESTRING(11.151003 48.648504,11.150991600000001 48.648542500000005)
137	Edelshausen	Arnbachstraße	de:09185:5090:0:1	48.608392	11.277809	bus	MATCHED	n2649580044	2.3	1.0	Edelshausen, Arnbachstraße	430,435	Königslachen, Bushaltestelle / Edelshausen, Ortsanfang / Schrobenhausen, Stärkefabrik	Brunnen, Ortsmitte	LINESTRING(11.277809 48.608392,11.2778396 48.608391600000004)
138	Edelshausen	Arnbachstraße	de:09185:5090:0:2	48.60873	11.276633	bus	MATCHED_THOUGH_REVERSED_DIR	n2649580127	2.5	1.0	Edelshausen, Arnbachstraße	430,435	Edelshausen, Ortsanfang / Oberarnbach, Abz. Brunnen / Alteneich, Bushaltestelle / Brunnen, Ingolstädter Straße 12	Königslachen / Rainerau/Ziegelfeld	LINESTRING(11.276633 48.60873,11.2766023 48.6087204)
139	Edelshausen	Ecke Arnbachstr. 	de:09185:7660:0:1	48.608617	11.276597		NO_MATCH_AND_SEEMS_UNSERVED								POINT(11.276597 48.608617)
140	Edelshausen	Ecke Arnbachstr. 	de:09185:7660:0:2	48.608516	11.27789		NO_MATCH_AND_SEEMS_UNSERVED								POINT(11.27789 48.608516)
141	Edelshausen	Gewerbegebiet	de:09185:90266:0:99	48.601168	11.279202		NO_MATCH_AND_SEEMS_UNSERVED								POINT(11.279202 48.601168)
142	Edelshausen	Ortsanfang	de:09185:5089:0:99	48.612038	11.273965	bus	MATCHED	n2649580412	7.9	1.0	Edelshausen, Ortsanfang	430	Alteneich, Bushaltestelle / Edelshausen, Arnbachstraße		LINESTRING(11.273965 48.612038,11.2739284 48.612104300000006)
143	Ehekirchen	Bonsal	de:09185:7945:0:1	48.656302	11.075347	bus	MATCHED	n8928946182	7.1	1.0	Bonsal	9114	Längloh / Ehekirchen, Buch / Haselbach, Ringstraße	Buch / Haselbach	LINESTRING(11.075347 48.656302,11.0752527 48.6563146)
144	Ehekirchen	Buch	de:09185:7946:0:1	48.648201	11.065798	bus	MATCHED	n5075784807	6.4	1.0	Buch	9114	Haselbach, Ringstraße / Holzkirchen, Kirchbergstraße / Ehekirchen,Bonsal	Längloh / Holzkirchen	LINESTRING(11.065798 48.648201,11.065877100000002 48.6481774)
145	Ehekirchen	Buch	de:09185:7946:0:2	48.648089	11.065816		MATCHED	n5075784808	5.4	0.63	Buch			Haselbach	LINESTRING(11.065816 48.648089,11.0657698 48.6480516)
146	Ehekirchen	Kehrhof	de:09185:5032:0:1	48.651299	11.165673	bus	MATCHED	n5260700740	21.5	1.0	Kehrhof	490	Dinkelshausen, Ortseinfahrt / Königsmoos-Ludwigsmoos, Fischerwirt		LINESTRING(11.165673 48.651299,11.165387 48.6512625)
147	Ehekirchen	Kehrhof	de:09185:5032:0:2	48.651299	11.165673		MATCHED	n11083306655	12.3	1.0	Kehrhof				LINESTRING(11.165673 48.651299,11.1655587 48.6512182)
148	Ehekirchen	Kreis	de:09185:5003:0:1	48.64134	11.105405	bus	MATCHED	n5732596197	52.0	1.0	Ehekirchen, Kreis	410	Ehekirchen, Schule / Ehekirchen, Post		LINESTRING(11.105405 48.64134,11.105686500000001 48.6409114)
149	Ehekirchen	Kreis	de:09185:5003:0:2	48.640859	11.105782	bus	MATCHED	n5732596196	5.8	1.0	Ehekirchen, Kreis	410	Ehekirchen, Schule / Ambach, Am Wiesenrain	Dinkelshausen, Ortsmitte	LINESTRING(11.105782 48.640859,11.105725300000001 48.6408228)
150	Ehekirchen	Post	de:09185:5004:0:1	48.636965	11.10518	bus	MATCHED	n5075737563	6.8	1.0	Ehekirchen, Post	410,480,490	Seiboldsdorf, Maibaum / Walda, Raiffeisenbank / Schönesberg, Rieder Straße / Hollenbach, Telefonzelle		LINESTRING(11.10518 48.636965,11.1051607 48.6370244)
151	Ehekirchen	Post	de:09185:5004:0:2	48.637161	11.105414	bus	MATCHED	n5075737562	21.5	1.0	Ehekirchen, Post	410	Ehekirchen Kreis / Ambach, Am Wiesenrain / Ehekirchen, Schule / Neuburg, Hofgarten Ri. Bittenbrunn / Ambach, Hauptstraße	Ehekirchen, Schule	LINESTRING(11.105414 48.637161,11.1053753 48.636969500000006)
152	Ehekirchen	Ried, Ortsmitte	de:09185:5030:0:99	48.624254	11.101767	bus	MATCHED	n5075717398	63.1	1.0	Ried (Ehekirchen), Ortsmitte	410,490	Schönesberg, Rieder Straße / Schainbach, Ortsmitte / Walda, Raiffeisenbank		LINESTRING(11.101767 48.624254,11.1022776 48.623799000000005)
153	Ehekirchen	Ried, Staatsstraße 2035	de:09185:5055:0:1	48.62271	11.096862	bus	MATCHED	n10116520050	8.2	1.0	Ried, Staatsstraße 2035	490		Schönesberg, Daferner	LINESTRING(11.096862 48.62271,11.096971900000002 48.622720300000005)
154	Ehekirchen	Ried, Staatsstraße 2035	de:09185:5055:0:2	48.622781	11.097014	bus	MATCHED	n1013942794	22.0	1.0	Ried, Staatsstraße 2035	410	Schönesberg, Rieder Straße		LINESTRING(11.097014 48.622781,11.0968411 48.622619900000004)
155	Ehekirchen	Schule	de:09185:5059:0:99	48.640402	11.104462	bus	MATCHED	n8327957013	18.6	1.0	Ehekirchen, Schule	410	Ehekirchen, Post / Ehekirchen Kreis / Ehekirchen, Post	Ambach, Hauptstraße	LINESTRING(11.104462 48.640402,11.1042799 48.6402859)
156	Ehekirchen-Fernmittenhausen	Am Weiher	de:09185:5051:0:99	48.668436	11.120443	bus	MATCHED	n5075791969	12.4	1.0	Fernmittenhausen, Am Weiher	410,480	Ehekirchen-Fernmittenhausen, Bushaltestelle / Hollenbach, Hauptstraße	Fernmittenhausen, Bhst.	LINESTRING(11.120443 48.668436,11.120395700000001 48.668543400000004)
157	Ehekirchen-Fernmittenhausen	Bushaltestelle	de:09185:5052:0:99	48.66525	11.120362	bus	MATCHED	n8929034927	24.2	1.0	Fernmittenhausen, Bhst.	410,480	Hollenbach, Hauptstraße / Ehekirchen-Fernmittenhausen, Am Weiher / Rohrenfels, Feuerwehrhaus / Isenhofen, Hauptstraße	Baiern, Ortsmitte	LINESTRING(11.120362 48.66525,11.1206809 48.665196900000005)
158	Ellenbrunn	Ellenstraße	de:09185:7502:0:1	48.783663	11.076066	bus	MATCHED	n5002050528	70.9	0.25	Ellenbrunn	103,9231,9238	Hütting, Zur Burg / Mauern, Römerstraße	Hütting, Gh. Zur Burg	LINESTRING(11.076066 48.783663,11.075688600000001 48.783076300000005)
159	Emskeim	Feuerwehrhaus	de:09185:7776:0:1	48.805867	11.025122	bus	MATCHED	n7528699081	13.7	1.0	Emskeim	102	Altstetten		LINESTRING(11.025122 48.805867,11.025273700000001 48.805938700000006)
160	Emskeim	Feuerwehrhaus	de:09185:7776:0:2	48.805837	11.02541	bus	MATCHED_THOUGH_REVERSED_DIR	n7528699080	15.6	0.14	Emskeim	102	Ammerfeld	Altstetten	LINESTRING(11.02541 48.805837,11.025619800000001 48.805858300000004)
161	Ergertshausen	Ortsstraße	de:09185:5062:0:1	48.695558	11.142397	bus	MATCHED	n5732551511	53.6	1.0	Ergertshausen, Ortsmitte	410,480	Rohrenfels, Schulstraße / Ballersdorf, Ortsmitte / Rohrenfels, Feuerwehrhaus		LINESTRING(11.142397 48.695558,11.141670900000001 48.695592000000005)
162	Ergertshausen	Ortsstraße	de:09185:5062:0:2	48.695558	11.142397	bus	MATCHED_THOUGH_REVERSED_DIR	n5732551512	54.5	1.0	Ergertshausen, Ortsmitte	410,480	Baiern, Ortsmitte / Wagenhofen, Ortsmitte	Rohrenfels, Kirche	LINESTRING(11.142397 48.695558,11.1416763 48.695669900000006)
163	Gachenbach	Kirche	de:09185:7843:0:1	48.499573	11.239317	bus	MATCHED	n10080094215	121.7	1.0	Gachenbach, Ort	9150,9158	Mangelsdorf, Mangelsdorf Abz / Weilach, Dorfstaße / Peutenhausen, Hauptstraße		LINESTRING(11.239317 48.499573,11.239548800000001 48.5006568)
164	Gachenbach	Kirche	de:09185:7843:0:2	48.499745	11.239541	bus	MATCHED	n10080094214	32.5	1.0	Gachenbach, Ort	9150,9158	Etzlberg / Mangelsdorf, Mangelsdorf Abz		LINESTRING(11.239541 48.499745,11.239578300000002 48.5000365)
165	Gachenbach	Ried/Birglbach	de:09185:7864:0:1	48.478544	11.255783	bus	MATCHED	n4966739450	37.9	1.0	Gachenbach, Abzw. Ried Birglbach	9158	Unterschönbach / Schiltberg, Post		LINESTRING(11.255783 48.478544,11.256158300000001 48.4787758)
166	Gachenbach	Ried/Birglbach	de:09185:7864:0:2	48.478729	11.256106	bus	MATCHED_THOUGH_REVERSED_DIR	n8975166030	10.4	0.3	Gachenbach, Abzw. Ried Birglbach	9158	Weilach, Kirche	Unterschönbach / Schiltberg, Post	LINESTRING(11.256106 48.478729,11.256109200000001 48.478822300000004)
167	Gietlhausen	Feuerwehrhaus	de:09185:7809:0:1	48.758318	11.1573		MATCHED	n5226436653	2.6	1.0	Gietlhausen, Feuerwehrhaus			Bittenbrunn, Grotte	LINESTRING(11.1573 48.758318,11.1573291 48.758304)
168	Grasheim	Augsburger Str. 133	de:09185:5110:0:99	48.673188	11.252459	bus	MATCHED	n5126910140	12.3	1.0	Augsburger Straße 133	420	Grasheim, Maibaum / Untermaxfeld, Kreuzung Ingolstädter Straße		LINESTRING(11.252459 48.673188,11.252604400000001 48.673132800000005)
169	Grasheim	Ingolst. Str. 135	de:09185:5069:0:99	48.673188	11.252459		NO_MATCH_AND_SEEMS_UNSERVED								POINT(11.252459 48.673188)
170	Grasheim	Ingolst. Str. 98	de:09185:5188:0:99	48.671616	11.246395	bus	MATCHED	n10172414634	79.7	1.0	Grasheim, Ingolst. Str. 98	420	Grasheim, Augsburger Str. 133		LINESTRING(11.246395 48.671616,11.245436000000002 48.671283700000004)
171	Grasheim	Maibaum	de:09185:251:0:1	48.676901	11.266832	bus	MATCHED	n3892245893	11.0	1.0	Karlshuld-Grasheim, Maibaum	420,430	Untermaxfeld, Kreuzung Ingolstädter Straße / Karlshuld, Unterer Kanal / Hauptstraße / Grasheim, Schrobenhausener Straße 30 / Karlshuld, Evangelisches Gemeindezentrum / Karlshuld, Schule	Königmoos-Untermaxfeld, Ingolstädter Straße	LINESTRING(11.266832 48.676901,11.2667829 48.6769947)
172	Grasheim	Maibaum	de:09185:251:0:2	48.67696	11.266832	bus	MATCHED	n3892245891	10.3	1.0	Karlshuld-Grasheim, Maibaum	420,430,X44	Untermaxfeld, Kreuzung Ingolstädter Straße / Obermaxfeld, Friedhof / Brunnen, Ingolstädter Straße 12 / Grasheim, Augsburger Str. 133 / Karlshuld, Scharfes Eck (Steig 4)	Karlshuld, Scharfes Eck	LINESTRING(11.266832 48.67696,11.266859 48.676869)
173	Grasheim	Oberer Kanal / Schrobenh. Str. 	de:09185:5072:0:2	48.653377	11.26491		MATCHED	n10172432258	10.2	0.36	Grasheim, Oberer Kan. SOB-Str.				LINESTRING(11.26491 48.653377,11.2649503 48.653464400000004)
174	Grasheim	Oberer Kanal / Schrobenh. Str. 	de:09185:5072:0:99	48.653377	11.26491	bus	MATCHED	n10172432260	4.1	1.0	Grasheim, Oberer Kan. SOB-Str.	420	Grasheim, Schrobenhausener Straße 92 / Grasheim, Oberer Kanal 118 / Königsmoos,Obergrasheim, Bushaltestelle		LINESTRING(11.26491 48.653377,11.2648791 48.6533463)
175	Grasheim	Oberer Kanal 118	de:09185:5073:0:1	48.655827	11.271225	bus	MATCHED	n10137631963	17.6	1.0	Grasheim, Oberer Kanal 118	420	Kleinhohenried 2 / Grasheim, Oberer Kanal / Schrobenh. Str.		LINESTRING(11.271225 48.655827,11.2714443 48.6558889)
176	Grasheim	Oberer Kanal 118	de:09185:5073:0:2	48.655827	11.271225	bus	MATCHED	n10137631962	9.5	1.0	Grasheim, Oberer Kanal 118	420	Grasheim, Oberer Kanal 83		LINESTRING(11.271225 48.655827,11.2712538 48.6559102)
177	Grasheim	Oberer Kanal 83	de:09185:5074:0:1	48.662277	11.285346	bus	MATCHED	n10137595017	9.8	1.0	Grasheim, Oberer Kanal 83	420	Grasheim, Oberer Kanal 118		LINESTRING(11.285346 48.662277,11.2852992 48.662194400000004)
178	Grasheim	Oberer Kanal 83	de:09185:5074:0:2	48.662277	11.285346	bus	MATCHED	n10137587916	5.5	1.0	Grasheim, Oberer Kanal 83	420	Karlshuld, Unterer Kanal / Hauptstraße		LINESTRING(11.285346 48.662277,11.2853502 48.6623268)
179	Grasheim	Schrobenhausener Straße 30	de:09185:5068:0:99	48.670838	11.266589	bus	MATCHED	n5260796422	75.8	1.0	Schrobenhausener Straße 30	420	Grasheim, Maibaum / Grasheim, Schrobenhausener Straße 56		LINESTRING(11.266589 48.670838,11.2666243 48.671519200000006)
180	Grasheim	Schrobenhausener Straße 56	de:09185:5070:0:99	48.666917	11.266068	bus	MATCHED	n5260790222	6.1	1.0	Schrobenhausener Straße 56	420	Grasheim, Schrobenhausener Straße 30 / Grasheim, Schrobenhausener Straße 92		LINESTRING(11.266068 48.666917,11.265994000000001 48.6668925)
181	Grasheim	Schrobenhausener Straße 92	de:09185:5071:0:99	48.659287	11.265098	bus	MATCHED	n5260805147	8.1	1.0	Schrobenhausener Straße 92	420	Grasheim, Schrobenhausener Straße 56 / Grasheim, Oberer Kanal / Schrobenh. Str.		LINESTRING(11.265098 48.659287,11.265081400000001 48.6593594)
182	Grillheim	Rainweg 27	de:09185:921:0:99	48.680905	11.441833	bus	MATCHED	n4954083506	2.7	1.0	Grillheim, Rainweg 27	X441	Karlskron, Rainweg 53 / Karlskron-Grillheim, Eicherstraße 20 / Karlskron, Schule / Karlskron-Grillheim, Eicherstraße 54 / Karlskron-Grillheim, Eicherstraße 54 / Karlskron, Rainweg 53	Karlskron, Rainweg 53 / Deubling, Ingolstädter Straße	LINESTRING(11.441833 48.680905,11.441814200000001 48.6809255)
183	Grünau	Eternit P&R	de:09185:7788:0:1	48.738919	11.24909		NO_MATCH_AND_SEEMS_UNSERVED								POINT(11.24909 48.738919)
184	Grünau	Eternit P&R	de:09185:7788:0:2	48.738925	11.249405		NO_MATCH_AND_SEEMS_UNSERVED								POINT(11.249405 48.738925)
185	Haselbach	Ringstraße	de:09185:5093:0:99	48.62771	11.047248	bus	MATCHED	n8928971405	7.0	1.0	Haselbach	460,490	Ehekirchen, Buch / Weidorf, Ortsmitte / Weidorf, Ortsmitte	Weidorf, Bhst. / Schönesberg, Daferner	LINESTRING(11.047248 48.62771,11.047276100000001 48.6277698)
186	Hatzenhofen	Neuburger Straße	de:09185:7771:0:1	48.753556	11.055279	bus	MATCHED	n5730901021	19.2	1.0	Hatzenhofen, Neuburger Straße	102	Stepperg, Hatzenhofener Straße / Riedensheim, Auenstraße		LINESTRING(11.055279 48.753556,11.0553092 48.753384200000006)
187	Hatzenhofen	Neuburger Straße	de:09185:7771:0:2	48.753757	11.054506	bus	MATCHED	n5258280252	7.6	1.0	Hatzenhofen, Neuburger Straße	102,103	Rennertshofen, Volksschule / Rennertshofen, Marktstraße / Rennertshofen, Marktstraße	Rennertshofen, Marktstraße 28 / Rennertshofen, Schule	LINESTRING(11.054506 48.753757,11.054555500000001 48.7538166)
188	Heinrichsheim	Am Eichet	de:09185:8744:0:1	48.722417	11.226623	bus	MATCHED	n10081637723	8.7	1.0	Heinrichsheim, Am Eichet	101			LINESTRING(11.226623 48.722417,11.226674200000001 48.7223465)
189	Heinrichsheim	Am Eichet	de:09185:8744:0:2	48.722299	11.226543		NO_MATCH_AND_SEEMS_UNSERVED								POINT(11.226543 48.722299)
190	Heinrichsheim	Bahnunterf. 	de:09185:7720:0:1	48.725084	11.223713	bus	MATCHED	n10082183193	2.4	1.0	Heinrichsheim, Bahnunterführung	101,401	Heinrichsheim, M-Bauer-Str SBH / Heinrichsheim, Am Eichet	Heinrichsheim, Matthias-Bauer-Straße	LINESTRING(11.223713 48.725084,11.223731800000001 48.7251015)
191	Heinrichsheim	Bahnunterf. 	de:09185:7720:0:2	48.724995	11.223731	bus	NO_MATCH_BUT_OTHER_PLATFORM_MATCHED					101	Heinrichsheim, Kindergarten		POINT(11.223731 48.724995)
192	Heinrichsheim	Biberbrücke	de:09185:7712:0:1	48.731312	11.222815	bus	MATCHED	n10079772384	4.4	1.0	Heinrichsheim, Biberbrücke	101,401	Heinrichsheim, Bürgerschwaige / Heinrichsheim, M-Bauer-Str SBH		LINESTRING(11.222815 48.731312,11.222873600000002 48.731321400000006)
193	Heinrichsheim	Biberbrücke	de:09185:7712:0:2	48.731075	11.223641		MATCHED	n10079772381	8.7	1.0	Heinrichsheim, Biberbrücke				LINESTRING(11.223641 48.731075,11.223674800000001 48.731000300000005)
194	Heinrichsheim	Biberbrücke	de:09185:7712:0:3	48.730974	11.223515		MATCHED	n10079772380	16.6	1.0	Heinrichsheim, Biberbrücke			Heinrichsheim, Schützenheim / Heinrichsheim, Bürgerschwaige	LINESTRING(11.223515 48.730974,11.2237063 48.7308941)
195	Heinrichsheim	Bürgerschwaige	de:09185:7716:0:1	48.730559	11.227665	bus	MATCHED	n10173752023	26.9	1.0	Heinrichsheim, Bürgerschwaige	101,401	Heinrichsheim, Maibaum		LINESTRING(11.227665 48.730559,11.2273286 48.7306535)
196	Heinrichsheim	Heckenweg	de:09185:7795:0:1	48.733871	11.219949	bus	MATCHED	n11078592657	14.0	1.0	Heckenweg	101,402	Heinrichsheim, Biberbrücke / Neuburg, Stadtwerke		LINESTRING(11.219949 48.733871,11.219897600000001 48.7337495)
197	Heinrichsheim	Heckenweg	de:09185:7795:0:2	48.733682	11.220021		MATCHED	n11078592658	18.7	1.0	Heckenweg				LINESTRING(11.220021 48.733682,11.2200156 48.7338504)
198	Heinrichsheim	Kindergarten	de:09185:7719:0:1	48.725878	11.230774	bus	MATCHED	n11078760849	7.9	1.0	Heinrichsheim, Altes Schulhaus	101,401	Heinrichsheim, Bahnunterf.		LINESTRING(11.230774 48.725878,11.230873200000001 48.725905700000006)
199	Heinrichsheim	Kindergarten	de:09185:7719:0:2	48.725789	11.230783	bus	NO_MATCH_BUT_OTHER_PLATFORM_MATCHED					101	Heinrichsheim, Maibaum		POINT(11.230783 48.725789)
200	Heinrichsheim	M-Bauer-Str SBH	de:09185:8394:0:1	48.728408	11.221916	bus	MATCHED	n10095031771	67.5	1.0	Heinrichsheim, Matthias-Bauer-Straße	101,401	Heinrichsheim, Bahnunterf. / Neuburg, Egerlandstraße / Heinrichsheim, Bürgerschwaige		LINESTRING(11.221916 48.728408,11.221986300000001 48.729013)
201	Heinrichsheim	M-Bauer-Str. 	de:09185:7721:0:1	48.727525	11.219877		MATCHED	n459517654	9.3	1.0	Heinrichsheim, Matthias-Bauer-Straße			Grünauer Str./Herrenwörthstr / Egerlandstraße	LINESTRING(11.219877 48.727525,11.2199807 48.727477500000006)
202	Heinrichsheim	M-Bauer-Str. 	de:09185:7721:0:2	48.727211	11.220012		NO_MATCH_AND_SEEMS_UNSERVED								POINT(11.220012 48.727211)
203	Heinrichsheim	Maibaum	de:09185:7713:0:1	48.730743	11.233046	bus	MATCHED	n10095060582	16.5	1.0	Heinrichsheim, Maibaum	101,401	Heinrichsheim, Schützenheim	Heinrichsheim, Schützenheim	LINESTRING(11.233046 48.730743,11.2331088 48.7306005)
204	Heinrichsheim	Maibaum	de:09185:7713:0:2	48.730559	11.233028	bus	NO_MATCH_BUT_OTHER_PLATFORM_MATCHED					101	Neuburg, Budweisstraße		POINT(11.233028 48.730559)
205	Heinrichsheim	Schwaigholzerst	de:09185:7646:0:1	48.735104	11.233693	bus	NO_MATCH					401,402	Neuburg, An der Wolfsschütt		POINT(11.233693 48.735104)
206	Heinrichsheim	Schwaigholzerst	de:09185:7646:0:2	48.735098	11.233918		NO_MATCH_AND_SEEMS_UNSERVED								POINT(11.233918 48.735098)
207	Heinrichsheim	Schützenheim	de:09185:7717:0:1	48.729054	11.236586	bus	MATCHED	n10154128740	9.9	1.0	Heinrichsheim, Schützenheim	101,401	Heinrichsheim, Kindergarten	Heinrichsheim, Bahnunterführung	LINESTRING(11.236586 48.729054,11.2365232 48.7291329)
208	Heinrichsheim	Schützenheim	de:09185:7717:0:2	48.729339	11.236568		NO_MATCH_AND_SEEMS_UNSERVED								POINT(11.236568 48.729339)
209	Herrenwörth	Grünauerstr. 	de:09185:8408:0:1	48.737343	11.227962		NO_MATCH_AND_SEEMS_UNSERVED								POINT(11.227962 48.737343)
210	Herrenwörth	Grünauerstr. 	de:09185:8408:0:2	48.737189	11.227989	bus	NO_MATCH					401,402	Neuburg, Budweisstraße / Heinrichsheim, Schwaigholzerst		POINT(11.227989 48.737189)
211	Herrenwörth	Schwaigholzstraße	de:09185:7714:0:1	48.736727	11.233792		MATCHED	n5220257326	190.7	1.0	Schwaigholzstr.			Stadtwerke	LINESTRING(11.233792 48.736727,11.233732700000001 48.7350122)
212	Herrenwörth	Schwaigholzstraße	de:09185:7714:0:2	48.736384	11.234079		NO_MATCH_AND_SEEMS_UNSERVED								POINT(11.234079 48.736384)
213	Hessellohe	Am Sportplatz	de:09185:7755:0:1	48.749606	11.176956		NO_MATCH_AND_SEEMS_UNSERVED								POINT(11.176956 48.749606)
214	Hessellohe	Am Sportplatz	de:09185:7755:0:2	48.749659	11.176929	bus	MATCHED	n5731068822	11.1	1.0	Hessellohe, Am Sportplatz	405	Laisacker, Roßstallstraße	Laisacker, Roßstallstraße	LINESTRING(11.176929 48.749659,11.1770084 48.749743800000005)
215	Hessellohe	Gemeindegasse	de:09185:7754:0:1	48.750938	11.180971		MATCHED	n10132408484	16.5	1.0	Hessellohe, Gemeindegasse				LINESTRING(11.180971 48.750938,11.1811088 48.7508208)
216	Hessellohe	Gemeindegasse	de:09185:7754:0:2	48.751039	11.181034	bus	MATCHED	n5731089695	6.6	1.0	Hessellohe, Gemeindegasse	405	Hessellohe, Am Sportplatz	Hessellohe, Am Sportplatz / Laisacker, Gietlhausener Straße / Gietlhausen, Feuerwehrhaus	LINESTRING(11.181034 48.751039,11.1810913 48.750993300000005)
217	Hessellohe	Kindergarten	de:09185:7753:0:1	48.749848	11.182822		MATCHED	n5731089694	50.0	1.0	Hessellohe, Kindergarten			Hessellohe, Gemeindegasse	LINESTRING(11.182822 48.749848,11.1834558 48.749685500000005)
218	Hessellohe	Kindergarten	de:09185:7753:0:2	48.75002	11.182902	bus	NO_MATCH_BUT_OTHER_PLATFORM_MATCHED					405	Hessellohe, Gemeindegasse		POINT(11.182902 48.75002)
219	Hohenried	Am Anger	de:09185:7453:0:1	48.633445	11.354049		MATCHED	n8314779607	20.5	1.0	Hohenried, Am Anger			Brunnen, Sportplatz / Kaltenherberg, Bahnhofstraße / Hohenried, Kirche	LINESTRING(11.354049 48.633445,11.354239000000002 48.633579700000006)
220	Hohenried	Am Anger	de:09185:7453:0:2	48.633564	11.354229	bus	NO_MATCH_BUT_OTHER_PLATFORM_MATCHED					9154	Schrobenhausen, Omnibusbahnhof / Hohenried, Kirche		POINT(11.354229 48.633564)
221	Hohenried	Kirche	de:09185:8499:0:1	48.633243	11.358137	bus	MATCHED	n4861598121	44.3	1.0	Hohenried, Kirche	9154	Deimhausen, Talstraße 13 / Hohenried, Am Anger / Karlskron-Pobenhausen, Kirche	Hohenried, Am Anger	LINESTRING(11.358137 48.633243,11.3586107 48.632997200000005)
222	Hohenried	Kirche	de:09185:8499:0:2	48.633089	11.357912		NO_MATCH_AND_SEEMS_UNSERVED								POINT(11.357912 48.633089)
223	Hollenbach	Hauptstraße	de:09185:5005:0:1	48.66506	11.127854	bus	MATCHED	n1341701184	8.5	1.0	Hollenbach, Hauptstraße St 2035	410,480,490	Hollenbach, Telefonzelle / Ambach, Kagerhof / Ehekirchen, Post / Seiboldsdorf, Maibaum / Hollenbach, Telefonzelle		LINESTRING(11.127854 48.66506,11.127748 48.6650902)
224	Hollenbach	Hauptstraße	de:09185:5005:0:2	48.66506	11.127836	bus	MATCHED	n7501614552	48.6	1.0	Hollenbach, Hauptstraße St 2035	410	Ehekirchen-Fernmittenhausen, Am Weiher / Baiern, Ortsmitte / Isenhofen, Hauptstraße		LINESTRING(11.127836 48.66506,11.1275732 48.6646586)
225	Hollenbach	Telefonzelle	de:09185:5006:0:1	48.660984	11.136316	bus	MATCHED	n7501614553	49.7	1.0	Hollenbach	410,490	Dinkelshausen, Ortseinfahrt / Seiboldsdorf, Maibaum / Ambach, Kagerhof / Dinkelshausen, Ortsmitte	Bonsal / Hollenbach	LINESTRING(11.136316 48.660984,11.1365935 48.6605761)
226	Hollenbach	Telefonzelle	de:09185:5006:0:2	48.661025	11.136343	bus	MATCHED	n7501614554	2.2	1.0	Hollenbach	410	Hollenbach, Hauptstraße / Ambach, Hauptstraße / Isenhofen, Hauptstraße	Neuburg, Wirtschaftsschule / Fernmittenhausen, Am Weiher / Hollenbach	LINESTRING(11.136343 48.661025,11.136338700000001 48.661044600000004)
227	Holzkirchen	Kirchbergstraße	de:09185:7944:0:1	48.660402	11.053222	bus	MATCHED_THOUGH_REVERSED_DIR	n5075771085	70.2	1.0	Holzkirchen	9114	Burgheim-Wengen	Illdorf / Illdorf, Hausnr. 54	LINESTRING(11.053222 48.660402,11.053994900000001 48.6600322)
228	Holzkirchen	Kirchbergstraße	de:09185:7944:0:2	48.660076	11.054012	bus	MATCHED_THOUGH_REVERSED_DIR	n5075771086	69.3	1.0	Holzkirchen	9114	Illdorf, Holzkirchener Straße 54 / Illdorf, Kirchenweg	Wengen	LINESTRING(11.054012 48.660076,11.053203600000002 48.6603944)
229	Hütting	Am Bahnhof/Hainb. Str. 	de:09185:7806:0:1	48.796157	11.111091		MATCHED	n5730915065	18.3	1.0	Hütting, Am Bahnhof/Hainbergstraße				LINESTRING(11.111091 48.796157,11.111233200000001 48.7962916)
230	Hütting	Am Bahnhof/Hainb. Str. 	de:09185:7806:0:2	48.796281	11.11101	bus	NO_MATCH_BUT_OTHER_PLATFORM_MATCHED					103			POINT(11.11101 48.796281)
231	Hütting	Schulbushaltestelle	de:09185:7772:0:1	48.798145	11.109896		MATCHED	n10094852509	44.6	1.0	Hütting, Schulbushaltestelle				LINESTRING(11.109896 48.798145,11.1104634 48.7982881)
232	Hütting	Schulbushaltestelle	de:09185:7772:0:2	48.798039	11.109995		NO_MATCH_AND_SEEMS_UNSERVED								POINT(11.109995 48.798039)
233	Hütting	Zur Burg	de:09185:8307:0:1	48.797542	11.110561	bus	MATCHED_THOUGH_REVERSED_DIR	n9004843866	31.1	1.0	Hütting, Gh. Zur Burg	104	Bergen, Wiltrudistraße	Hatzenhofen, Neuburger Straße / Espenlohe	LINESTRING(11.110561 48.797542,11.1105801 48.7978217)
234	Hütting	Zur Burg	de:09185:8307:0:2	48.797583	11.110804	bus	MATCHED	n5002055918	35.2	0.24	Hütting, Gh. Zur Burg	103,104,9231,9238	Ellenbrunn, Ellenstraße / Espenlohe		LINESTRING(11.110804 48.797583,11.1104795 48.7978164)
235	Illdorf	Holzkirchener Straße 54	de:09185:90264:0:1	48.666858	11.052701	bus	MATCHED	n10094789708	77.8	1.0	Illdorf, Hausnr. 54	9114	Illdorf, Kirchenweg	Illdorf	LINESTRING(11.052701 48.666858,11.052554500000001 48.667550500000004)
236	Illdorf	Kirchenweg	de:09185:90263:0:1	48.6761	11.051362	bus	MATCHED	n5075853074	10.1	1.0	Illdorf	9114	Längloh / Ortlfing, Stefanstraße / Burgheim, Schule	Bonsal / Holzkirchen / Längloh	LINESTRING(11.051362 48.6761,11.0512242 48.67609950000001)
237	Illdorf	Kirchenweg	de:09185:90263:0:2	48.676106	11.051218	bus	MATCHED	n5075853073	10.8	1.0	Illdorf	9114	Holzkirchen, Kirchbergstraße / Ehekirchen,Bonsal	Ortlfing	LINESTRING(11.051218 48.676106,11.0513636 48.6760924)
238	Ingolstadt	Audi 60	de:09185:8467:0:1	48.788984	11.424405		NO_MATCH_AND_SEEMS_UNSERVED								POINT(11.424405 48.788984)
239	Ingolstadt	Audi 60	de:09185:8467:0:2	48.789428	11.424864		NO_MATCH_AND_SEEMS_UNSERVED								POINT(11.424864 48.789428)
240	Isenhofen	Hauptstraße	de:09185:5007:0:1	48.682435	11.147392	bus	MATCHED	n1341700716	7.2	1.0	Isenhofen, Hauptstraße	410,480	Hollenbach, Hauptstraße / Baiern, Ortsmitte / Ehekirchen-Fernmittenhausen, Bushaltestelle		LINESTRING(11.147392 48.682435,11.147319300000001 48.682391100000004)
241	Isenhofen	Hauptstraße	de:09185:5007:0:2	48.68247	11.147554	bus	MATCHED	n10094864994	17.3	1.0	Isenhofen, Hauptstraße	410	Rohrenfels, Kirchgasse		LINESTRING(11.147554 48.68247,11.147439700000001 48.6823338)
242	Josephenburg	Körnerstraße	de:09185:90032:0:1	48.682132	11.419905	bus	MATCHED	n4952091905	5.3	1.0	Karlskron, Körnerstraße	X441	Karlskron, Josephenburg	Karlskron, Josephenburg	LINESTRING(11.419905 48.682132,11.419836100000001 48.682147)
243	Josephenburg	Körnerstraße	de:09185:90032:0:2	48.682079	11.419752	bus	MATCHED	n4952091906	7.2	1.0	Karlskron, Körnerstraße	X441	Mändlfeld, Riedelstraße 18	Mändlfeld, Riedelstraße 22	LINESTRING(11.419752 48.682079,11.4196846 48.6820323)
244	Joshofen	Abzw. 	de:09185:8481:0:1	48.749955	11.214307	bus	MATCHED	n4880446402	5.8	1.0	Joshofen, Jurahang	9239	Ried, Eubelgasse	Neuburg, Hofgarten	LINESTRING(11.214307 48.749955,11.2143172 48.749903)
245	Joshofen	Abzw. 	de:09185:8481:0:2	48.74893	11.211083	bus	MATCHED	n4880446403	47.0	1.0	Joshofen, Jurahang	9239	Unterstall, Joshofener Str.5	Unterstall, Am Spielplatz	LINESTRING(11.211083 48.74893,11.21169 48.7490621)
246	Joshofen	Jurahang	de:09185:51:0:1	48.74588	11.221593		MATCHED	n11078881146	10.7	1.0	Joshofen, Jurahang				LINESTRING(11.221593 48.74588,11.2217242 48.7458388)
247	Joshofen	Jurahang	de:09185:51:0:2	48.745826	11.221701	bus	NO_MATCH_BUT_OTHER_PLATFORM_MATCHED					9112	Bergheim, Hauptstr./Im Winkel		POINT(11.221701 48.745826)
248	Kaltenberg	Abz Hönighausen	de:09185:8498:0:1	48.647264	11.353088		NO_MATCH_AND_SEEMS_UNSERVED								POINT(11.353088 48.647264)
249	Kaltenberg	Abz Hönighausen	de:09185:8498:0:2	48.64721	11.353636		NO_MATCH_AND_SEEMS_UNSERVED								POINT(11.353636 48.64721)
250	Kaltenherberg	Bahnhofstraße	de:09185:8500:0:1	48.644332	11.342479	bus	MATCHED	n4861535525	152.8	1.0	Kaltenherberg, Bahnhofstraße	9154,X441	Niederarnbach, Siedlerweg / Niederarnbach	Niederarnbach, Bahnhof / Niederarnbach, Siedlerweg	LINESTRING(11.342479 48.644332,11.3405638 48.643804200000005)
251	Kaltenherberg	Bahnhofstraße	de:09185:8500:0:2	48.644338	11.342416	bus	MATCHED	n4861535526	161.0	1.0	Kaltenherberg, Bahnhofstraße	9154,X441	Karlskron-Pobenhausen, Kirche / Hohenried, Am Anger / Niederarnbach, Siedlerweg / Karlskron, Probfeld Nr. 7	Karlsron, Probfeld / Karlskron-Pobenhausen, Kirche / Hohenried, Am Anger / Brunnen, Ortsmitte	LINESTRING(11.342416 48.644338,11.3404381 48.6437235)
252	Karlshuld	Evangelisches Gemeindezentrum	de:09185:5192:0:1	48.680347	11.279849	bus	MATCHED	n5126892343	81.9	1.0	Karlshuld, evang. Kirche	420	Karlshuld, Unterer Kanal / Hauptstraße / Karlshuld, Scharfes Eck (Steig 4)		LINESTRING(11.279849 48.680347,11.278820300000001 48.6800666)
253	Karlshuld	Kirche	de:09185:345:0:1	48.676035	11.296009	bus	MATCHED	n3883625073	14.8	1.0	Karlshuld, Kirche	X44	Karlshuld, Schule / Karlshuld, Schule / Karlshuld, Unterer Kanal / Hauptstraße	Karlshuld, Schule	LINESTRING(11.296009 48.676035,11.296135600000001 48.676138900000005)
254	Karlshuld	Kirche	de:09185:345:0:2	48.676094	11.296036	bus	MATCHED	n3883625074	26.7	0.34	Karlshuld, Kirche	X44	Karlshuld, Unterer Kanal / Hauptstraße / Karlshuld, Schule / Karlshuld, Schule	Karlshuld, Unterer Kanal	LINESTRING(11.296036 48.676094,11.2956961 48.676177700000004)
255	Karlshuld	Kleinhohenried 2	de:09185:5087:0:1	48.663672	11.306879		MATCHED	n10133851630	15.7	1.0	Kleinhohenried, Pfaffenhofenerstraße			Karlshuld, Unterer Kanal	LINESTRING(11.306879 48.663672,11.3068226 48.66380830000001)
256	Karlshuld	Kleinhohenried 2	de:09185:5087:0:99	48.663672	11.30687	bus	MATCHED	n4970693969	27.5	1.0	Kleinhohenried, Pfaffenhofenerstraße	420,430,435,455	Brunnen, Ingolstädter Straße 12 / Kleinhohenried 88 / Karlshuld, Unterer Kanal / Hauptstraße / Karlshuld, Unterer Kanal / Hauptstraße / Brunnen, Ingolstädter Straße 12 / Grasheim, Oberer Kanal / Schrobenh. Str. / Grasheim, Maibaum / Brunnen, Am Gewerbegebiet		LINESTRING(11.30687 48.663672,11.3072008 48.6637871)
257	Karlshuld	Kleinhohenried 30	de:09185:5129:0:1	48.665879	11.314398	bus	MATCHED	n4970693968	9.0	1.0	Kleinhohenried, Haus Nr. 30	450	Weichering-Lichtenau, Ortsmitte	Kleinhohenried, Pfaffenhofenerstraße	LINESTRING(11.314398 48.665879,11.314375700000001 48.6659589)
258	Karlshuld	Kleinhohenried 30	de:09185:5129:0:2	48.665879	11.314398	bus	MATCHED	n11078409316	3.4	1.0	Kleinhohenried, Haus Nr. 30	450	Karlshuld, Unterer Kanal / Hauptstraße		LINESTRING(11.314398 48.665879,11.314428000000001 48.6658562)
259	Karlshuld	Kleinhohenried 69	de:09185:5128:0:1	48.668459	11.323408	bus	MATCHED	n4970693966	14.6	1.0	Kleinhohenried, Haus Nr. 69	420	Grasheim, Oberer Kanal 83	Kleinhohenried, Haus Nr. 30	LINESTRING(11.323408 48.668459,11.323525400000001 48.6685651)
260	Karlshuld	Kleinhohenried 69	de:09185:5128:0:2	48.668459	11.323408	bus	MATCHED	n11082770546	11.8	1.0	Kleinhohenried, Haus Nr. 69	450	Kleinhohenried 30		LINESTRING(11.323408 48.668459,11.3235676 48.668460100000004)
261	Karlshuld	Kleinhohenried 88	de:09185:5127:0:1	48.671799	11.335248	bus	MATCHED	n4970693964	21.2	1.0	Kleinhohenried, Haus Nr. 88	420	Kleinhohenried 69		LINESTRING(11.335248 48.671799,11.3350287 48.6716751)
262	Karlshuld	Kleinhohenried 88	de:09185:5127:0:2	48.671799	11.335248	bus	NO_MATCH_BUT_OTHER_PLATFORM_MATCHED					450	Kleinhohenried 69 / Kleinhohenried 30		POINT(11.335248 48.671799)
263	Karlshuld	Kochheim	de:09185:90267:0:99	48.701582	11.283792		NO_MATCH_AND_SEEMS_UNSERVED								POINT(11.283792 48.701582)
264	Karlshuld	Lederer	de:09185:5034:0:1	48.687393	11.279606	bus	MATCHED	n5126892876	11.7	1.0	Karlshuld, Lederer	420,430,450	Karlshuld, Schule / Karlshuld, Scharfes Eck (Steig 4) / Karlshuld, Scharfes Eck (Steig 4)	Karlshuld, Scharfes Eck	LINESTRING(11.279606 48.687393,11.2795687 48.687290700000005)
265	Karlshuld	Lederer	de:09185:5034:0:2	48.687393	11.279606	bus	MATCHED	n5126892877	9.1	1.0	Karlshuld, Lederer	420,430,435,450	Rosing, Abzweig / Neuburg (Donau), Paul-Winter-Schule / Neuburg, Neuzell, Bushaltestelle / Nazibühl, Kochheimer Weg / Nazibühl, Kochheimer Weg / Neuburg (Donau) / Zell, Kirche		LINESTRING(11.279606 48.687393,11.2797256 48.687374000000005)
266	Karlshuld	Ludwigstraße	de:09185:347:0:1	48.687262	11.294105	bus	MATCHED	n3883591524	63.0	1.0	Karlshuld, Ludwigstraße	X44	Karlshuld, Schule / Neuschwetzingen, Weidenstraße / Weichering, Am Osterfeld / Karlshuld, Scharfes Eck (Steig 4)	Karlshuld, Weidenstraße	LINESTRING(11.294105 48.687262,11.2947635 48.687623900000006)
267	Karlshuld	Ludwigstraße	de:09185:347:0:2	48.68763	11.294671	bus	MATCHED	n3883591522	54.4	1.0	Karlshuld, Ludwigstraße	X44	Karlshuld, Scharfes Eck (Steig 4) / Neuschwetzingen, Weidenstraße	Karlshuld, Scharfes Eck	LINESTRING(11.294671 48.68763,11.294075300000001 48.687339900000005)
268	Karlshuld	Neuschwetzingen	de:09185:538:0:1	48.695724	11.313949	bus	MATCHED	n3883578921	7.5	1.0	Karlshuld-Neuschwetzingen, Ortsmitte	X44	Karlskron, Firma Spangler / Neuschwetzingen, Weidenstraße / Weichering, Am Osterfeld	Karlshuld, Weidenstraße	LINESTRING(11.313949 48.695724,11.313873200000002 48.6957685)
269	Karlshuld	Neuschwetzingen	de:09185:538:0:2	48.695701	11.313697	bus	MATCHED	n3883578919	7.0	1.0	Karlshuld-Neuschwetzingen, Ortsmitte	X44	Karlshuld, Ludwigstraße / Karlskron, Firma Spangler / Weichering, Am Osterfeld / Neuschwetzingen, Weidenstraße	Weichering, Am Osterfeld / Karlskron, Betriebshof;Karlskron, Firma Spangler	LINESTRING(11.313697 48.695701,11.3136984 48.695638100000004)
270	Karlshuld	Scharfes Eck (Steig 4)	de:09185:348:0:1	48.682079	11.28664	bus	MATCHED	n10116623173	67.3	1.0	Karlshuld, Scharfes Eck	435	Karlshuld, Schule		LINESTRING(11.28664 48.682079,11.2863439 48.6826513)
271	Karlshuld	Scharfes Eck (Steig 4)	de:09185:348:0:2	48.682399	11.28673	bus	NO_MATCH_BUT_OTHER_PLATFORM_MATCHED					420,430	Karlshuld, Schule / Grasheim, Maibaum / Karlshuld, Schule		POINT(11.28673 48.682399)
272	Karlshuld	Scharfes Eck (Steig 4)	de:09185:348:0:3	48.681545	11.288149	bus	MATCHED	n10116623172	8.4	1.0	Karlshuld, Scharfes Eck	420,430,435,450	Karlshuld, Schule / Karlshuld, Lederer / Neuburg, Hofgarten Ri. Bittenbrunn		LINESTRING(11.288149 48.681545,11.2880927 48.6816109)
273	Karlshuld	Scharfes Eck (Steig 4)	de:09185:348:0:4	48.682714	11.287502	bus	MATCHED_THOUGH_REVERSED_DIR	n3883599057	17.7	1.0	Karlshuld, Scharfes Eck	X44	Karlshuld, Schule / Karlshuld, Schule	Neuburg, Hofgarten / Karlshuld, Ludwigstraße / Karlshuld-Neuschwetzingen, Ortsmitte	LINESTRING(11.287502 48.682714,11.287721900000001 48.6826505)
274	Karlshuld	Scharfes Eck (Steig 4)	de:09185:348:0:5	48.682636	11.287736	bus	MATCHED	n3883599059	19.2	1.0	Karlshuld, Scharfes Eck	X44	Karlshuld, Unterer Kanal / Hauptstraße / Karlshuld, Ludwigstraße / Karlshuld, Neuschwetzingen / Karlshuld, Neuschwetzingen / Karlshuld, Ludwigstraße	Karlshuld, Schule	LINESTRING(11.287736 48.682636,11.287503800000001 48.6827143)
275	Karlshuld	Scharfes Eck (Steig 4)	de:09185:348:0:6	48.681539	11.287969	bus	NO_MATCH_BUT_OTHER_PLATFORM_MATCHED					X44	Karlshuld, Ludwigstraße		POINT(11.287969 48.681539)
276	Karlshuld	Schule	de:09185:346:0:1	48.680068	11.290089	bus	MATCHED	n3883723756	12.6	1.0	Karlshuld, Schule	X44	Karlshuld, Kirche / Karlshuld, Kirche / Kleinhohenried 30 / Karlshuld, Unterer Kanal 46 / Karlshuld, Scharfes Eck (Steig 4)	Münchener Straße / Karlshuld, Scharfes Eck	LINESTRING(11.290089 48.680068,11.290142900000001 48.6801758)
277	Karlshuld	Schule	de:09185:346:0:2	48.680128	11.29008	bus	NO_MATCH_BUT_OTHER_PLATFORM_MATCHED					X44	Karlshuld, Scharfes Eck (Steig 4) / Alteneich, Bushaltestelle / Karlshuld, Scharfes Eck (Steig 4)		POINT(11.29008 48.680128)
278	Karlshuld	Schule	de:09185:346:0:99	48.679938	11.289703	bus	MATCHED	n3883723754	28.4	1.0	Karlshuld, Schule	420,430,435,445,450	Karlshuld, Kirche / Karlshuld, Lederer / Grasheim, Maibaum / Karlshuld, Ludwigstraße / Grasheim, Augsburger Str. 133 / Karlshuld, Kirche / Karlshuld, Scharfes Eck (Steig 4)	Karlshuld, Kirche	LINESTRING(11.289703 48.679938,11.2900659 48.6800256)
279	Karlshuld	Unterer Kanal / Hauptstraße	de:09185:349:0:1	48.670803	11.303546	bus	MATCHED	n3883709598	15.5	1.0	Karlshuld, Unterer Kanal	X44	Karlshuld, Unterer Kanal 46 / Brunnen, Am Gewerbegebiet / Kleinhohenried 2 / Grasheim, Augsburger Str. 133 / Walding, Ortsmitte / Kleinhohenried, Haus im Moos / Grasheim, Oberer Kanal 83 / Karlshuld, Kirche	Schrobenhausener Straße 56	LINESTRING(11.303546 48.670803,11.303336 48.670792000000006)
280	Karlshuld	Unterer Kanal / Hauptstraße	de:09185:349:0:2	48.670862	11.303322	bus	MATCHED	n3883709596	17.4	1.0	Karlshuld, Unterer Kanal	X44	Karlshuld, Kirche / Kleinhohenried 2	Karlshuld, Kirche	LINESTRING(11.303322 48.670862,11.3035537 48.6708295)
281	Karlshuld	Unterer Kanal 46	de:09185:5137:0:99	48.674593	11.312916	bus	MATCHED	n10116552271	6.2	1.0	Karlshuld, Unterer Kanal 46	420,450	Karlshuld, Unterer Kanal 62		LINESTRING(11.312916 48.674593,11.3128589 48.6745515)
282	Karlshuld	Unterer Kanal 62	de:09185:5138:0:99	48.676094	11.316149	bus	MATCHED	n10116556566	14.5	1.0	Karlshuld, Unterer Kanal 62	420,450	Karlshuld, Unterer Kanal 80a / Weichering, Kirche		LINESTRING(11.316149 48.676094,11.316338400000001 48.6761283)
283	Karlshuld	Unterer Kanal 80a	de:09185:5139:0:1	48.67801	11.320381	bus	MATCHED	n10154380937	19.9	1.0	Karlshuld, Unterer Kanal 80a	420	Kleinhohenried 2		LINESTRING(11.320381 48.67801,11.3206387 48.6780636)
284	Karlskron	Firma Spangler	de:09185:1790:0:99	48.681426	11.397213	bus	NO_MATCH					X441	Karlshuld, Neuschwetzingen / Karlshuld, Unterer Kanal / Hauptstraße / Karlskron, Hauptstraße / Josephenburg / Deubling, Ingolstädter Straße / Weiherfeld / Deubling, Ingolstädter Straße / Karlskron, Rathaus / Karlskron, Rathaus		POINT(11.397213 48.681426)
285	Karlskron	Gut Bofzheim	de:09185:5123:0:1	48.687339	11.377945	bus	MATCHED	n4977579374	7.5	1.0	Gut Bofzheim	450	Karlskron, Probfeld Nr. 7 / Karlskron, Firma Spangler		LINESTRING(11.377945 48.687339,11.3780406 48.687362400000005)
286	Karlskron	Hauptstraße / Josephenburg	de:09185:366:0:1	48.675382	11.420022	bus	MATCHED	n4939829097	64.4	1.0	Karlskron, Tankstelle	X441	Karlskron, Rathaus / Karlskron, Josephenburg	Karlskron, Josephenburg	LINESTRING(11.420022 48.675382,11.419435100000001 48.6758108)
287	Karlskron	Hauptstraße / Josephenburg	de:09185:366:0:2	48.675418	11.419878	bus	MATCHED	n4939829098	65.3	1.0	Karlskron, Tankstelle	X441	Karlskron-Grillheim, Eicherstraße 1 / Walding, Ortsmitte / Karlskron, Rainweg 53 / Karlskron, Rathaus	Grillheim, Eicherstraße 1 / Karlskron, Rathaus / Karlskron, Haupstraße 103	LINESTRING(11.419878 48.675418,11.4192943 48.675860400000005)
288	Karlskron	Hauptstraße / Josephenburg	de:09185:366:0:3	48.675732	11.41933	bus	MATCHED_THOUGH_REVERSED_DIR	n4939829099	10.1	1.0	Karlskron, Tankstelle	X441	Karlskron, Josephenburg	Karlskron, Rathaus	LINESTRING(11.41933 48.675732,11.419197700000002 48.6757088)
289	Karlskron	Hauptstraße / Josephenburg	de:09185:366:0:4	48.675661	11.419357	bus	MATCHED	n4939829100	11.3	1.0	Karlskron, Tankstelle	445	Karlskron, Rainweg 53 / Karlskron, Probfeld Nr. 7	Karlskron, Rainweg 53 / Karlskron, Josephenburg	LINESTRING(11.419357 48.675661,11.419220500000002 48.6756146)
290	Karlskron	Hauptstraße 103	de:09185:5124:0:1	48.673188	11.428044		MATCHED	n4954112719	11.5	1.0	Karlskron, Haupstraße 103			Karlskron, Rainweg 53 / Reichertshofen, Neuburger Straße	LINESTRING(11.428044 48.673188,11.428002800000002 48.673088500000006)
291	Karlskron	Hauptstraße 103	de:09185:5124:0:2	48.673104	11.428026		MATCHED	n4954112718	12.8	1.0	Karlskron, Haupstraße 103				LINESTRING(11.428026 48.673104,11.4280863 48.6732121)
292	Karlskron	Hauptstraße 145	de:09185:5118:0:1	48.670755	11.436263		NO_MATCH_AND_SEEMS_UNSERVED								POINT(11.436263 48.670755)
293	Karlskron	Hauptstraße 145	de:09185:5118:0:2	48.67091	11.436299		NO_MATCH_AND_SEEMS_UNSERVED								POINT(11.436299 48.67091)
294	Karlskron	Josephenburg	de:09185:358:0:1	48.679001	11.418117	bus	MATCHED	n4952091908	13.8	1.0	Karlskron, Josephenburg	X441	Karlskron, Hauptstraße / Josephenburg / Karlskron, Rathaus	Karlskron, Tankstelle / Karlskron, Rathaus / Karlskron, Körnerstraße	LINESTRING(11.418117 48.679001,11.4182228 48.6791032)
295	Karlskron	Josephenburg	de:09185:358:0:2	48.679125	11.418072	bus	MATCHED	n4952091907	3.3	1.0	Karlskron, Josephenburg	X441	Josephenburg, Körnerstraße / Karlskron, Hauptstraße / Josephenburg / Karlskron, Hauptstraße / Josephenburg	Karlskron, Tankstelle	LINESTRING(11.418072 48.679125,11.4180528 48.6791518)
296	Karlskron	Probfeld Nr. 7	de:09185:355:0:99	48.671135	11.365862	bus	MATCHED_AMBIGUOUSLY	n11215233879	31.1	1.0	Karlsron, Probfeld	X441	Kleinhohenried, Haus im Moos / Karlskron-Pobenhausen, Kirche / Karlskron-Pobenhausen, Kirche / Weichering-Lichtenheim, Ortsmitte / Karlskron, Firma Spangler / Pobenhausen, Abzw. Fruchtheim / Kaltenherberg, Bahnhofstraße / Pobenhausen, Abzw. Fruchtheim	Kleinhohenried, Haus im Moos / Kaltenherberg, Bahnhofstraße	LINESTRING(11.365862 48.671135,11.366080400000001 48.6713742)
297	Karlskron	Probfeld Nr. 7	de:09185:355:0:99	48.671135	11.365862	bus	MATCHED_AMBIGUOUSLY	n4970731984	21.8	1.0	Karlsron, Probfeld	X441	Kleinhohenried, Haus im Moos / Karlskron-Pobenhausen, Kirche / Karlskron-Pobenhausen, Kirche / Weichering-Lichtenheim, Ortsmitte / Karlskron, Firma Spangler / Pobenhausen, Abzw. Fruchtheim / Kaltenherberg, Bahnhofstraße / Pobenhausen, Abzw. Fruchtheim	Karlskron, Betriebshof;Karlskron, Firma Spangler / Karlskron-Pobenhausen, Kirche	LINESTRING(11.365862 48.671135,11.365911200000001 48.671328700000004)
298	Karlskron	Probfeld Nr. 7	de:09185:8903:0:1	48.671224	11.366069		NO_MATCH_AND_SEEMS_UNSERVED								POINT(11.366069 48.671224)
299	Karlskron	Raiffeisenstraße	de:09185:8493:0:1	48.678366	11.407364		MATCHED	n4853792190	4.7	1.0	Karlskron, Raiffeisen			Karlskron-Pobenhausen, Kirche	LINESTRING(11.407364 48.678366,11.407300800000002 48.678373500000006)
300	Karlskron	Raiffeisenstraße	de:09185:8493:0:2	48.678366	11.407364		NO_MATCH_AND_SEEMS_UNSERVED								POINT(11.407364 48.678366)
301	Karlskron	Rainweg 1	de:09185:5126:0:1	48.678775	11.436173		NO_MATCH_AND_SEEMS_UNSERVED								POINT(11.436173 48.678775)
302	Karlskron	Rainweg 1	de:09185:5126:0:2	48.678775	11.436173		NO_MATCH_AND_SEEMS_UNSERVED								POINT(11.436173 48.678775)
303	Karlskron	Rainweg 53	de:09185:363:0:90	48.673739	11.426499	bus	MATCHED	n4939829104	2.6	1.0	Karlskron, Rainweg 53	X441	Grillheim, Rainweg 27 / Mändlfeld, Riedelstraße 18 / Karlskron, Hauptstraße / Josephenburg / Karlskron, Firma Spangler	Grillheim, Rainweg 27	LINESTRING(11.426499 48.673739,11.4265343 48.673735900000004)
304	Karlskron	Rainweg 53	de:09185:363:0:99	48.673858	11.426517	bus	MATCHED	n4939829103	13.7	1.0	Karlskron, Rainweg 53	X441	Weichering-Lichtenau, Ortsmitte / Karlskron, Hauptstraße / Josephenburg / Grillheim, Rainweg 27	Karlskron, Tankstelle / Grillheim, Rainweg 27	LINESTRING(11.426517 48.673858,11.4264451 48.6737448)
305	Karlskron	Rathaus	de:09185:354:0:1	48.678313	11.409655	bus	MATCHED	n4948981261	34.4	1.0	Karlskron, Rathaus	X441	Karlskron, Hauptstraße / Josephenburg / Mändlfeld, Riedelstraße 18 / Karlskron, Firma Spangler	Karlskron, Betriebshof;Karlskron, Firma Spangler	LINESTRING(11.409655 48.678313,11.4101225 48.6783018)
306	Karlskron	Rathaus	de:09185:354:0:2	48.67817	11.41014	bus	MATCHED	n4948981260	26.3	1.0	Karlskron, Rathaus	X441	Karlskron, Firma Spangler / Karlskron, Hauptstraße / Josephenburg / Walding, Ortsmitte / Karlskron, Josephenburg / Karlskron, Rainweg 53	Karlskron, Haupstraße 103 / Karlskron, Josephenburg / Karlskron, Tankstelle	LINESTRING(11.41014 48.67817,11.4104819 48.6781026)
307	Karlskron	Schule	de:09185:5121:0:2	48.677108	11.408613		NO_MATCH_AND_SEEMS_UNSERVED								POINT(11.408613 48.677108)
308	Karlskron	Schule	de:09185:5121:0:99	48.677103	11.408631	bus	MATCHED	n4970750219	0.1	1.0	Karlskron, Schule	445	Pobenhausen, Abzw. Fruchtheim / Karlskron-Grillheim, Eicherstraße 1 / Walding, Ortsmitte		LINESTRING(11.408631 48.677103,11.408629900000001 48.677101900000004)
309	Karlskron-Grillheim	Eicherstraße 1	de:09185:918:0:90	48.670038	11.438419	bus	MATCHED_THOUGH_REVERSED_DIR	n8289670554	39.0	0.13	Grillheim, Eicherstraße 1	X441	Karlskron-Grillheim, Eicherstraße 20 / Karlskron-Grillheim, Eicherstraße 20 / Karlskron, Firma Spangler	Karlskron-Walding, Ortsmitte	LINESTRING(11.438419 48.670038,11.4383289 48.670383300000005)
310	Karlskron-Grillheim	Eicherstraße 1	de:09185:918:0:99	48.670465	11.438392	bus	MATCHED	n748875693	11.5	1.0	Grillheim, Eicherstraße 1	X441	Walding, Ortsmitte / Deubling, Ingolstädter Straße / Karlskron-Grillheim, Eicherstraße 20 / Karlskron-Grillheim, Eicherstraße 20 / Walding, Ortsmitte	Grillheim, Eicherstraße 20 / Karlskron-Walding, Ortsmitte	LINESTRING(11.438392 48.670465,11.4384177 48.6703629)
311	Karlskron-Grillheim	Eicherstraße 20	de:09185:919:0:1	48.674854	11.441581	bus	MATCHED	n4954083476	7.6	1.0	Grillheim, Eicherstraße 20	X441	Karlskron-Grillheim, Eicherstraße 1 / Karlskron-Grillheim, Eicherstraße 54 / Karlskron-Grillheim, Eicherstraße 54	Grillheim, Eicherstraße 1 / Grillheim, Eicherstraße 54	LINESTRING(11.441581 48.674854,11.4416475 48.674801300000006)
312	Karlskron-Grillheim	Eicherstraße 20	de:09185:919:0:2	48.674961	11.441707	bus	MATCHED	n8289670557	17.5	0.36	Grillheim, Eicherstraße 20	X441	Karlskron-Grillheim, Eicherstraße 1 / Karlskron-Grillheim, Eicherstraße 54	Grillheim, Eicherstraße 1	LINESTRING(11.441707 48.674961,11.441545300000001 48.6748454)
313	Karlskron-Grillheim	Eicherstraße 54	de:09185:920:0:1	48.681587	11.446414	bus	MATCHED	n4954083479	8.6	0.49	Grillheim, Eicherstraße 54	X441	Grillheim, Rainweg 27 / Karlskron-Grillheim, Eicherstraße 20	Grillheim, Eicherstraße 20	LINESTRING(11.446414 48.681587,11.4463003 48.6815702)
314	Karlskron-Grillheim	Eicherstraße 54	de:09185:920:0:2	48.681658	11.446261	bus	MATCHED	n8289670556	16.8	1.0	Grillheim, Eicherstraße 54	X441	Karlskron-Grillheim, Eicherstraße 20 / Grillheim, Rainweg 27	Grillheim, Rainweg 27 / Grillheim, Eicherstraße 20	LINESTRING(11.446261 48.681658,11.4464521 48.681575300000006)
315	Karlskron-Mändlfeld	Riedlstraße 41	de:09185:924:0:1	48.691894	11.422627	bus	MATCHED_THOUGH_DISTANT	n4970797941	360.0	0.13	Mändlfeld, Riedelstraße 22	445	Brautlach, Wolfsiedlung	Deubling, Ingolstädter Straße / Deubling, Riedelstraße	LINESTRING(11.422627 48.691894,11.4270227 48.693311900000005)
316	Karlskron-Mändlfeld	Riedlstraße 41	de:09185:924:0:2	48.691906	11.422645	bus	MATCHED_THOUGH_DISTANT	n5126795769	322.8	0.05	Mändlfeld, Riedelstraße 14	445	Mändlfeld, Riedelstraße 18	Mändlfeld, Riedelstraße 22 / Mändlfeld, Riedelstraße 41	LINESTRING(11.422645 48.691906,11.4266074 48.6931494)
317	Karlskron-Pobenhausen	Kirche	de:09185:8497:0:1	48.662532	11.381214	bus	MATCHED	n4861510901	43.1	1.0	Karlskron-Pobenhausen, Kirche	9154,X441	Karlskron, Probfeld Nr. 7 / Kaltenherberg, Bahnhofstraße / Adelshausen, Reichertshof. Str / Adelshausen, Siedlungsstraße	Hohenried, Kirche / Brunnen, Sportplatz / Karlsron, Probfeld / Kaltenherberg, Bahnhofstraße / Brunnen, Ortsmitte	LINESTRING(11.381214 48.662532,11.3806443 48.662442600000006)
318	Karlskron-Pobenhausen	Kirche	de:09185:8497:0:2	48.662497	11.38108	bus	MATCHED	n4861510900	83.3	1.0	Karlskron-Pobenhausen, Kirche	9154,X441	Adelshausen, Reichertshof. Str / Karlskron, Probfeld Nr. 7	Karlskron-Adelshausen, Reichertshof. Str	LINESTRING(11.38108 48.662497,11.380093800000001 48.6621311)
319	Kienberg	Kirche	de:09185:7778:0:1	48.786339	10.991723	bus	MATCHED	n5258332073	15.4	1.0	Kienberg, Kirche	102	Rohrbach, Herleinstraße / Ammerfeld	Ammerfeld	LINESTRING(10.991723 48.786339,10.9916268 48.7862159)
320	Kleinhohenried	Haus im Moos	de:09185:1729:0:1	48.67301	11.339461	bus	MATCHED_AMBIGUOUSLY	n11214160658	3.6	1.0	Kleinhohenried, Haus im Moos	X44		Kleinhohenried, Haus Nr. 69	LINESTRING(11.339461 48.67301,11.33947 48.673041500000004)
321	Kleinhohenried	Haus im Moos	de:09185:1729:0:1	48.67301	11.339461	bus	MATCHED_AMBIGUOUSLY	n4970693962	6.8	1.0	Kleinhohenried, Haus im Moos	X44			LINESTRING(11.339461 48.67301,11.3395291 48.6729688)
322	Kleinhohenried	Haus im Moos	de:09185:1729:0:2	48.672974	11.33938	bus	NO_MATCH_BUT_OTHER_PLATFORM_MATCHED					X44	Kleinhohenried 88 / Karlshuld, Unterer Kanal / Hauptstraße		POINT(11.33938 48.672974)
323	Klingsmoos	Erlengraben	de:09185:5173:0:99	48.622603	11.157507		NO_MATCH_AND_SEEMS_UNSERVED								POINT(11.157507 48.622603)
324	Klingsmoos	Kirche	de:09185:388:0:1	48.614218	11.153599		MATCHED	n3896897317	8.7	1.0	Königmoos-Klingsmoos, Kirche			Königmoos-Klingsmoos, Haus-Nr. 112	LINESTRING(11.153599 48.614218,11.153499 48.614259100000005)
325	Klingsmoos	Kirche	de:09185:388:0:2	48.614218	11.153581	bus	MATCHED	n1881623581	13.4	1.0	Königmoos-Klingsmoos, Kirche	420,425,490,X44	Klingsmoss, Abzweig Grimolzhausen / Königsmoos-Ludwigsmoos, Fischerwirt / Klingsmoos, Pöttmeser Straße 3 / Klingsmoos, Pöttmeser Straße 112 / Klingsmoos, Pöttmeser Straße 112 / Klingsmoos, Pöttmeser Straße 31 / Ehekirchen, Post	Königmoos-Ludwigsmoos, Fischerwirt / Königmoos-Klingsmoos, Haus-Nr. 31	LINESTRING(11.153581 48.614218,11.1536288 48.6141014)
326	Klingsmoos	Ortsanfang	de:09185:90013:0:1	48.601578	11.135399		MATCHED	n3896968101	4.3	1.0	Königmoos-Klingsmoos, Ortsanfang Abz. Grimolzhausen			Pöttmes, Sportplatz	LINESTRING(11.135399 48.601578,11.135394300000002 48.6016167)
327	Klingsmoos	Ortsanfang	de:09185:90013:0:2	48.602374	11.136504		MATCHED	n1006038138	90.4	1.0	Königmoos-Klingsmoos, Ortsanfang Abz. Grimolzhausen			Königmoos-Klingsmoos, Haus-Nr. 126	LINESTRING(11.136504 48.602374,11.135773200000001 48.6017213)
328	Klingsmoos	Pöttmeser Straße 112	de:09185:1830:0:1	48.609811	11.147311	bus	MATCHED	n3896968096	1.9	1.0	Königmoos-Klingsmoos, Haus-Nr. 112	420,425,490	Klingsmoos, Pöttmeser Straße 126 / Klingsmoos, Kirche	Königmoos-Klingsmoos, Kirche	LINESTRING(11.147311 48.609811,11.147307600000001 48.609828300000004)
329	Klingsmoos	Pöttmeser Straße 112	de:09185:1830:0:2	48.609817	11.14732	bus	MATCHED	n3896968098	12.8	1.0	Königmoos-Klingsmoos, Haus-Nr. 112	420,425	Klingsmoos, Kirche / Klingsmoos, Pöttmeser Straße 126	Königmoos-Klingsmoos, Haus-Nr. 126	LINESTRING(11.14732 48.609817,11.1472677 48.6099266)
330	Klingsmoos	Pöttmeser Straße 126	de:09185:1829:0:1	48.607857	11.144544	bus	MATCHED	n3896968100	11.0	1.0	Königmoos-Klingsmoos, Haus-Nr. 126	420,425,490	Klingsmoos, Pöttmeser Straße 112 / Klingsmoss, Abzweig Grimolzhausen	Königmoos-Klingsmoos, Ortsanfang Abz. Grimolzhausen	LINESTRING(11.144544 48.607857,11.144429800000001 48.6079212)
331	Klingsmoos	Pöttmeser Straße 126	de:09185:1829:0:2	48.607869	11.144553	bus	MATCHED	n1006037792	5.3	1.0	Königmoos-Klingsmoos, Haus-Nr. 126	420,425	Klingsmoss, Abzweig Grimolzhausen / Klingsmoos, Pöttmeser Straße 112	Königmoos-Klingsmoos, Haus-Nr. 112	LINESTRING(11.144553 48.607869,11.1445457 48.607821200000004)
332	Klingsmoos	Pöttmeser Straße 3	de:09185:1838:0:1	48.626831	11.171557	bus	MATCHED	n3896866320	8.6	1.0	Königmoos-Klingsmoos, Haus-Nr. 3	420,425,490	Klingsmoos, Pöttmeser Straße 31 / Königsmoos-Ludwigsmoos, Fischerwirt / Klingsmoos, Kirche	Königmoos-Klingsmoos, Haus-Nr. 31	LINESTRING(11.171557 48.626831,11.171475200000001 48.626776)
333	Klingsmoos	Pöttmeser Straße 3	de:09185:1838:0:2	48.626528	11.171476	bus	MATCHED	n3896866318	22.7	1.0	Königmoos-Klingsmoos, Haus-Nr. 3	420,425	Klingsmoos, Pöttmeser Straße 31 / Königsmoos-Ludwigsmoos, Fischerwirt	Königmoos-Ludwigsmoos, Fischerwirt	LINESTRING(11.171476 48.626528,11.171559700000001 48.6267244)
334	Klingsmoos	Pöttmeser Straße 31	de:09185:1831:0:1	48.622158	11.164891	bus	MATCHED	n3896875609	6.5	1.0	Königmoos-Klingsmoos, Haus-Nr. 31	420,425,490	Klingsmoos, Kirche	Königmoos-Klingsmoos, Kirche	LINESTRING(11.164891 48.622158,11.164869900000001 48.622214400000004)
335	Klingsmoos	Pöttmeser Straße 31	de:09185:1831:0:2	48.622039	11.164918	bus	MATCHED	n3896875607	8.8	1.0	Königmoos-Klingsmoos, Haus-Nr. 31	420,425	Klingsmoos, Kirche / Klingsmoos, Pöttmeser Straße 3	Königmoos-Klingsmoos, Haus-Nr. 3	LINESTRING(11.164918 48.622039,11.164963100000001 48.622112200000004)
336	Klingsmoss	Abzweig Grimolzhausen	de:09185:1822:0:1	48.601673	11.135471	bus	NO_MATCH					420,425,490	Königsmoos,Klingsmoos,Grimolzhausener Str / Pöttmes, Sportplatz / Klingsmoos, Pöttmeser Straße 126		POINT(11.135471 48.601673)
337	Klingsmoss	Abzweig Grimolzhausen	de:09185:1822:0:2	48.601632	11.135516	bus	NO_MATCH					420,425,X44	Klingsmoos, Pöttmeser Straße 126 / Klingsmoos, Kirche / Pöttmes, Sportplatz		POINT(11.135516 48.601632)
338	Kreut	Burgwaldring	de:09185:7347:0:1	48.725013	11.147176	bus	NO_MATCH					9114	Oberhausen, Schule / Sinning, Im Westerfeld / Neuburg, Kreuzberg / Oberhausen, Hauptstraße / ND, Donauwörther Straße / Gymnasium		POINT(11.147176 48.725013)
339	Kreut	Burgwaldring	de:09185:7966:0:1	48.726352	11.146808		MATCHED_THOUGH_NAMES_DIFFER	n5961568748	171.6	1.0	Kreut			Oberhausen, Hauptstraße / Abzweigung im Westerfeld / Am Kreuzberg / Oberhausen, Schule / Donauwörther Straße	LINESTRING(11.146808 48.726352,11.1473157 48.724845900000005)
340	Kreut	Burgwaldring	de:09185:7966:0:2	48.726352	11.146808	bus	NO_MATCH_BUT_OTHER_PLATFORM_MATCHED					460	Neuburg (Donau), Anna-von-Philipp-Straße		POINT(11.146808 48.726352)
341	Königmoos-Stengelheim	Rathaus	de:09185:702:0:1	48.665624	11.21561		MATCHED	n3893674471	3.5	1.0	Königmoos-Stengelheim, Rathaus				LINESTRING(11.21561 48.665624,11.215624400000001 48.665593900000005)
342	Königmoos-Stengelheim	Rathaus	de:09185:702:0:2	48.665653	11.215799		MATCHED	n3893674469	1.0	1.0	Königmoos-Stengelheim, Rathaus			Königmoos-Untermaxfeld, Pfalzstraße	LINESTRING(11.215799 48.665653,11.2158127 48.665650500000005)
343	Königslachen	Bushaltestelle	de:09185:8506:0:1	48.583171	11.284152	bus	MATCHED	n2776234202	4.8	1.0	Königslachen	430,435	Schrobenhausen-Mühlried, Feuerwehrhaus	Mühlried, Ingolstädter Straße / Mühlried, Feuerwehrhaus	LINESTRING(11.284152 48.583171,11.2841012 48.5831984)
344	Königslachen	Bushaltestelle	de:09185:8506:0:2	48.583171	11.284152	bus	MATCHED	n11078868416	6.9	1.0	Königslachen	430,435	Edelshausen, Arnbachstraße / Edelshausen, Arnbachstraße	Edelshausen, Arnbachstraße	LINESTRING(11.284152 48.583171,11.284245100000001 48.5831772)
345	Königsmoos	Abzweig Obermaxfeld	de:09185:1835:0:1	48.681379	11.203779	bus	MATCHED	n5659462641	21.6	1.0	Königmoos-Achhäuser, Abzw. Obermaxfeld	420,425,430	Obermaxfeld, Friedhof / Ludwigsmoos, Achhäuser / Stengelheim, Kreuzung-Pfalzstraße		LINESTRING(11.203779 48.681379,11.2034985 48.681322200000004)
346	Königsmoos	Abzweig Obermaxfeld	de:09185:1835:0:2	48.681379	11.203779	bus	MATCHED	n5659462640	18.8	1.0	Königmoos-Achhäuser, Abzw. Obermaxfeld	420,425,430	Altmannstetten, Hauptsstraße / Altmannstetten, Ortsmitte / Untermaxfeld, Krzg, Obermaxfeld		LINESTRING(11.203779 48.681379,11.2035803 48.681273100000006)
347	Königsmoos	Klingsmoos, Grimolzhausener Str	de:09185:5154:0:1	48.595531	11.141643	bus	MATCHED	n10094653581	15.4	1.0	Klingsmoos, Grimolzhausener Straße	490	Schrobenhausen, Pöttmeser Straße (Aldi)		LINESTRING(11.141643 48.595531,11.1417678 48.5954199)
348	Königsmoos	Klingsmoos, Grimolzhausener Str	de:09185:5154:0:2	48.595531	11.141643		NO_MATCH_AND_SEEMS_UNSERVED								POINT(11.141643 48.595531)
349	Königsmoos	Obergrasheim, Bushaltestelle	de:09185:5084:0:1	48.659233	11.245982	bus	MATCHED	n10137592053	7.5	1.0	Obergrasheim, Bushaltestelle	420,430	Berg im Gau, Krzg. Lagerhaus / Untermaxfeld, Kreuzung Ingolstädter Straße		LINESTRING(11.245982 48.659233,11.245881500000001 48.659243700000005)
350	Königsmoos	Obergrasheim, Bushaltestelle	de:09185:5084:0:2	48.659275	11.246117	bus	MATCHED	n5260824012	5.4	1.0	Obergrasheim	430	Stengelheim, Kreuzung-Pfalzstraße / Untermaxfeld, Kreuzung Ingolstädter Straße		LINESTRING(11.246117 48.659275,11.2461403 48.6592287)
351	Königsmoos - Ludwigsmoos	Kirche	de:09185:471:0:2	48.639827	11.181483	bus	MATCHED	n3896850371	14.0	1.0	Königmoos-Ludwigsmoos, Kirche	420,425,490	Klingsmoos, Pöttmeser Straße 31 / Kehrhof / Ehekirchen, Post / Königsmoos - Ludwigsmoos, Raiffeisenweg / Seiboldsdorf, Maibaum	Königmoos-Ludwigsmoos, Raiffeisenweg	LINESTRING(11.181483 48.639827,11.1815812 48.639719500000005)
352	Königsmoos - Ludwigsmoos	Kirche	de:09185:471:0:99	48.640669	11.182336	bus	MATCHED	n3896850373	21.3	1.0	Königmoos-Ludwigsmoos, Kirche	420,425,X44	Königsmoos-Ludwigsmoos, Fischerwirt / Königsmoos-Ludwigsmoos, Fischerwirt / Königsmoos - Ludwigsmoos, Raiffeisenweg	Königmoos-Ludwigsmoos, Fischerwirt	LINESTRING(11.182336 48.640669,11.1826226 48.6406943)
353	Königsmoos - Ludwigsmoos	Raiffeisenweg	de:09185:472:0:1	48.645002	11.189289	bus	MATCHED	n3896785676	5.2	1.0	Königmoos-Ludwigsmoos, Raiffeisenweg	420,425	Königsmoos - Ludwigsmoos, Kirche		LINESTRING(11.189289 48.645002,11.189227800000001 48.6450261)
354	Königsmoos - Ludwigsmoos	Raiffeisenweg	de:09185:472:0:2	48.645643	11.190071	bus	MATCHED	n3896785680	25.3	1.0	Königmoos-Ludwigsmoos, Raiffeisenweg	420,425,X44	Königsmoos - Ludwigsmoos, Kirche / Königsmoos-Ludwigsmoos, Abzweig Lampertshofen / Ludwigsmoos, Ludwigstraße 78	Königmoos-Ludwigsmoos, Kirche	LINESTRING(11.190071 48.645643,11.189762700000001 48.6455421)
355	Königsmoos-Ludwigsmoos	Abzweig Lampertshofen	de:09185:469:0:1	48.655062	11.204022	bus	MATCHED_THOUGH_REVERSED_DIR	n3893750917	11.8	1.0	Königmoos-Ludwigsmoos, Abz. Lampertshofen	420,425	Ludwigsmoos, Ludwigstraße 78 / Königsmoos - Ludwigsmoos, Raiffeisenweg	Königmoos-Stengelheim, Kreuzung/Fruchthof / Königmoos-Stengelheim, Rathaus	LINESTRING(11.204022 48.655062,11.203929800000001 48.654975300000004)
356	Königsmoos-Ludwigsmoos	Abzweig Lampertshofen	de:09185:469:0:2	48.655032	11.203914	bus	MATCHED	n3893750919	12.0	1.0	Königmoos-Ludwigsmoos, Abz. Lampertshofen	420,425,X44	Stengelheim, Rathaus / Stengelheim, Fruchthof / Aretinstraße / Ludwigsmoos, Ludwigstraße 78	Königmoos-Ludwigsmoos, Haus-Nr. 78	LINESTRING(11.203914 48.655032,11.203928000000001 48.6551394)
357	Königsmoos-Ludwigsmoos	Fischerwirt	de:09185:470:0:1	48.632994	11.171395	bus	MATCHED	n3896850370	13.3	1.0	Königmoos-Ludwigsmoos, Fischerwirt	420,425,490	Klingsmoos, Kirche / Klingsmoos, Pöttmeser Straße 3 / Königsmoos - Ludwigsmoos, Kirche	Königmoos-Klingsmoos, Haus-Nr. 3	LINESTRING(11.171395 48.632994,11.171441600000001 48.6331095)
358	Königsmoos-Ludwigsmoos	Fischerwirt	de:09185:470:0:2	48.632988	11.171386	bus	MATCHED	n3896850368	10.3	1.0	Königmoos-Ludwigsmoos, Fischerwirt	420,425,X44	Klingsmoos, Pöttmeser Straße 3 / Königsmoos - Ludwigsmoos, Kirche / Königsmoos - Ludwigsmoos, Kirche	Königmoos-Ludwigsmoos, Kirche	LINESTRING(11.171386 48.632988,11.1715253 48.632997200000005)
359	Laisacker	Gietlhausener Str. 	de:09185:7808:0:1	48.742112	11.166373		MATCHED	n5731000114	4.9	1.0	Gietlhausener Straße				LINESTRING(11.166373 48.742112,11.1663271 48.742080300000005)
360	Laisacker	Gietlhausener Str. 	de:09185:90276:0:1	48.752733	11.161531		NO_MATCH_AND_SEEMS_UNSERVED								POINT(11.161531 48.752733)
361	Laisacker	Kindergarten	de:09185:7758:0:1	48.744352	11.161603	bus	MATCHED	n5731006457	18.0	1.0	Laisacker - Kindergarten	405	Bittenbrunn, Kirche / Bittenbrunn, Grotte	Bittenbrunn, Grotte	LINESTRING(11.161603 48.744352,11.1615783 48.7445132)
362	Laisacker	Kindergarten	de:09185:7758:0:2	48.744381	11.161496		NO_MATCH_AND_SEEMS_UNSERVED								POINT(11.161496 48.744381)
363	Laisacker	Roßstallstraße	de:09185:7756:0:1	48.747059	11.16738		MATCHED	n5731000110	21.4	1.0	Laisacker, Roßstallstraße			Laisacker, Seestraße	LINESTRING(11.16738 48.747059,11.1670903 48.747076)
364	Laisacker	Roßstallstraße	de:09185:7756:0:2	48.747047	11.167209	bus	NO_MATCH_BUT_OTHER_PLATFORM_MATCHED					405	Laisacker, Seestraße		POINT(11.167209 48.747047)
365	Laisacker	Seestraße	de:09185:7757:0:1	48.746188	11.164065		MATCHED	n5731000116	11.2	1.0	Laisacker, Gietlhausener Straße			Attenfeld	LINESTRING(11.164065 48.746188,11.1642176 48.746191700000004)
366	Laisacker	Seestraße	de:09185:7757:0:2	48.746259	11.164065	bus	MATCHED_THOUGH_REVERSED_DIR	n5731000115	7.7	1.0	Laisacker, Gietlhausener Straße	405	Laisacker, Kindergarten	Laisacker, Seestraße	LINESTRING(11.164065 48.746259,11.164169300000001 48.746264200000006)
367	Langenmosen	Burgstraße	de:09185:90269:0:99	48.605582	11.217649		NO_MATCH_AND_SEEMS_UNSERVED								POINT(11.217649 48.605582)
368	Langenmosen	Kirche	de:09185:5098:0:1	48.609568	11.205127	bus	MATCHED	n4971164708	8.9	1.0	Langenmoosen, Kirche	9151	Klingsmoss, Abzweig Grimolzhausen / Langenmosen, Raiffeisenstraße / Langenmosen, Raiffeisenstraße / Klingsmoos, Pöttmeser Straße 3 / Malzhausen	Langenmoosen, Raiffeisen	LINESTRING(11.205127 48.609568,11.2051776 48.609495700000004)
369	Langenmosen	Kirche	de:09185:5098:0:2	48.609568	11.205127	bus	NO_MATCH_BUT_OTHER_PLATFORM_MATCHED					430,435	Langenmosen, Raiffeisenstraße		POINT(11.205127 48.609568)
370	Langenmosen	Malzhausen	de:09185:8861:0:1	48.594253	11.187412	bus	MATCHED	n4983480674	15.4	0.29	Malzhausen, Hauptstraße	430,490	Winkelhausen, Flurstraße		LINESTRING(11.187412 48.594253,11.1873375 48.594382200000005)
371	Langenmosen	Malzhausen	de:09185:8861:0:2	48.594253	11.187412	bus	NO_MATCH_BUT_OTHER_PLATFORM_MATCHED					430	Langenmosen, Kirche		POINT(11.187412 48.594253)
372	Langenmosen	Raiffeisenstraße	de:09185:7833:0:1	48.604828	11.214514	bus	MATCHED	n8972100359	5.7	1.0	Langenmoosen, Raiffeisen	9151	Schrobenhausen, Pöttmeser Straße (Aldi) / Langenmosen, Kirche	Langenmoosen, Raiffeisen / Langenmoosen, Kirche	LINESTRING(11.214514 48.604828,11.2144607 48.604865000000004)
373	Langenmosen	Raiffeisenstraße	de:09185:7833:0:2	48.60475	11.214469	bus	MATCHED	n4971169399	3.2	1.0	Langenmoosen, Raiffeisen	9151	Steingriff, Sportweg / Steingriff, Sportweg / Schrobenhausen, Omnibusbahnhof / Steingriff, Altenheim	Steingriff, Sportweg	LINESTRING(11.214469 48.60475,11.2144285 48.6047409)
374	Ludwigsmoos	Achhäuser	de:09185:1839:0:1	48.66875	11.18752	bus	MATCHED	n10124775213	60.2	1.0	Achhäuser	420,425	Königsmoos, Abzweig Obermaxfeld		LINESTRING(11.18752 48.66875,11.1881214 48.6691173)
375	Ludwigsmoos	Achhäuser	de:09185:1839:0:2	48.66875	11.18752		MATCHED	n10124775211	89.9	1.0	Achhäuser				LINESTRING(11.18752 48.66875,11.188226 48.6694096)
376	Ludwigsmoos	Ludwigstraße 78	de:09185:1832:0:1	48.650463	11.197168	bus	MATCHED	n3896785675	6.4	1.0	Königmoos-Ludwigsmoos, Haus-Nr. 78	420,425	Königsmoos - Ludwigsmoos, Raiffeisenweg	Königmoos-Ludwigsmoos, Raiffeisenweg	LINESTRING(11.197168 48.650463,11.197111000000001 48.650506)
377	Ludwigsmoos	Ludwigstraße 78	de:09185:1832:0:2	48.65038	11.19706	bus	MATCHED	n3896785673	4.3	1.0	Königmoos-Ludwigsmoos, Haus-Nr. 78	420,425	Königsmoos - Ludwigsmoos, Raiffeisenweg / Königsmoos-Ludwigsmoos, Abzweig Lampertshofen	Königmoos-Ludwigsmoos, Abz. Lampertshofen	LINESTRING(11.19706 48.65038,11.1971126 48.6503966)
378	Malzhausen	Ortsstraße	de:09185:5099:0:1	48.602642	11.18805	bus	NO_MATCH_BUT_OTHER_PLATFORM_MATCHED					9151	Winkelhausen, An der Frentz		POINT(11.18805 48.602642)
379	Malzhausen	Ortsstraße	de:09185:5099:0:2	48.60238	11.187924		MATCHED	n4971156889	36.8	1.0	Malzhausen, Ortsmitte			Langenmoosen, Kirche / Winkelhausen, An der Fretz / Sandizell, Sankt-Peter-Straße	LINESTRING(11.187924 48.60238,11.187852300000001 48.6027074)
380	Marienheim	Beim Jägerhaus	de:09185:5078:0:99	48.718915	11.209151	bus	NO_MATCH					420,450	Neuburg, Fleischnershausen / Marienheim, Bushaltestelle / Neuburg (Donau), Kollachenweg / Neuburg-Donau,Rödenhof,Hauptstraße		POINT(11.209151 48.718915)
381	Marienheim	Beim Jägerhaus	de:09185:8739:0:1	48.720556	11.204722		NO_MATCH_AND_SEEMS_UNSERVED								POINT(11.204722 48.720556)
382	Marienheim	Bushaltestelle	de:09185:8740:0:1	48.71652	11.213697	bus	MATCHED	n5659505153	5.0	1.0	Marienheim, BHST	420	Neuburg-Donau,Rödenhof,Hauptstraße	Rödenhof, Hauptstraße / Rödenhof, Raiffeisenbank	LINESTRING(11.213697 48.71652,11.213740600000001 48.7164857)
383	Marienheim	Bushaltestelle	de:09185:8740:0:2	48.71652	11.213697	bus	NO_MATCH_BUT_OTHER_PLATFORM_MATCHED					420,450	Neuburg (Donau), Kollachenweg / Marienheim, Beim Jägerhaus		POINT(11.213697 48.71652)
384	Mauern	Römerstraße	de:09185:7773:0:1	48.771788	11.062259		MATCHED	n5258319777	24.1	1.0	Mauern, Römerstraße				LINESTRING(11.062259 48.771788,11.062426400000001 48.7716014)
385	Mauern	Römerstraße	de:09185:7773:0:2	48.771481	11.062304	bus	NO_MATCH_BUT_OTHER_PLATFORM_MATCHED					103	Treidelheim, Kapellenweg		POINT(11.062304 48.771481)
386	Meilenhofen	Sächenfartmühle	de:09185:8862:0:1	48.791251	11.165754	bus	MATCHED	n10116591237	11.5	1.0	Sächenfartmühle	104	Attenfeld, Dorfstraße		LINESTRING(11.165754 48.791251,11.1657062 48.7913494)
387	Meilenhofen	Sächenfartmühle	de:09185:8862:0:2	48.791405	11.165834	bus	MATCHED_THOUGH_DISTANT	n10116591236	326.5	1.0	Sächenfartmühle	104	Bergen, Wiltrudistraße		LINESTRING(11.165834 48.791405,11.167051 48.794228600000004)
388	Mändlfeld	Riedelstraße 18	de:09185:925:0:1	48.693323	11.426786	bus	MATCHED	n8289670593	38.4	1.0	Mändlfeld, Riedelstraße 22	X441	Deubling, Ingolstädter Straße / Josephenburg, Körnerstraße / Karlskron, Firma Spangler / Karlskron-Mändlfeld, Riedlstraße 41	Mändlfeld, Riedelstraße 14 / Karlskron, Körnerstraße	LINESTRING(11.426786 48.693323,11.4264094 48.6930836)
389	Mändlfeld	Riedelstraße 18	de:09185:925:0:2	48.69525	11.436236		MATCHED	n8289670551	39.3	0.18	Mändlfeld, Riedelstraße 41			Realschule	LINESTRING(11.436236 48.69525,11.4357071 48.69520240000001)
390	Mühlried	Schule	de:09185:5092:0:1	48.565881	11.282553	bus	NO_MATCH_BUT_OTHER_PLATFORM_MATCHED					430,435	Schrobenhausen-Mühlried, Im Anger		POINT(11.282553 48.565881)
391	Mühlried	Schule	de:09185:5092:0:2	48.564894	11.282615	bus	MATCHED	n5015309723	28.5	1.0	Mühlried, Schule	430,435	Schrobenhausen-Mühlried, Feuerwehrhaus	Mühlried, Feuerwehrhaus	LINESTRING(11.282615 48.564894,11.282613000000001 48.5646378)
392	ND	Donauwörther Straße / Gymnasium	de:09185:7968:0:1	48.73434	11.175042	bus	MATCHED	n4993132084	7.1	0.48	Donauwörther Straße	404,9114	Neuburg, Adalbert-Stifter-Str. / Neuburg, Hofgarten Ri. Bittenbrunn / Neuburg, Spitalplatz / Neuburg, Kreuzberg / Neuburg (Donau), Landratsamt	Neuburg, Hofgarten	LINESTRING(11.175042 48.73434,11.175131400000001 48.7343641)
393	ND	Donauwörther Straße / Gymnasium	de:09185:7968:0:2	48.734422	11.174988	bus	MATCHED	n1341701422	8.9	1.0	Donauwörther Straße	9114	Neuburg, Hofgarten Ri. Bittenbrunn	Adalbert-Stifter-Str,	LINESTRING(11.174988 48.734422,11.1750928 48.7344616)
394	Nazibühl	Kochheimer Weg	de:09185:5042:0:1	48.693779	11.270443	bus	MATCHED	n5659469861	3.6	1.0	Nazibühl, Abzw. Kochheim	420	Karlshuld, Lederer / Zell, Kirche / Neuburg, Wirtschaftsschule		LINESTRING(11.270443 48.693779,11.2703942 48.6937817)
395	Nazibühl	Kochheimer Weg	de:09185:5042:0:2	48.69391	11.270165	bus	MATCHED_THOUGH_REVERSED_DIR	n5659469860	13.5	1.0	Nazibühl, Abzw. Kochheim	420	Zell, Kirche / Neuburg, Neuzell, Bushaltestelle / Neuburg-Donau,Rödenhof,Hauptstraße	Karlshuld, Lederer	LINESTRING(11.270165 48.69391,11.270190300000001 48.6937897)
396	Neuburg	AWO Münchner Str. 	de:09185:8757:0:1	48.728154	11.196171		NO_MATCH_AND_SEEMS_UNSERVED								POINT(11.196171 48.728154)
397	Neuburg	Adalbert-Stifter-Str. 	de:09185:7750:0:1	48.734422	11.171368	bus	MATCHED	n4984314868	15.6	1.0	Adalbert-Stifter-Str,	404	Neuburg, An der Luisenhöhe	Globolwerke / An der Luisenhöhe	LINESTRING(11.171368 48.734422,11.1715668 48.7343722)
398	Neuburg	Adalbert-Stifter-Str. 	de:09185:7750:0:2	48.734262	11.171413		MATCHED	n4984314867	14.7	0.36	Adalbert-Stifter-Str,				LINESTRING(11.171413 48.734262,11.1716084 48.734289100000005)
399	Neuburg	Am Schwalbanger	de:09185:7691:0:1	48.72608	11.186909	bus	MATCHED_THOUGH_REVERSED_DIR	n5220206998	12.3	1.0	Am Schwalbanger	101,403	Neuburg-Feldkirchen, Kapellenweg / Neuburg, Franz-Boecker-Str / Neuburg, Anton-Bruckner-Straße	Richard-Wagner-Str. - Altenheim	LINESTRING(11.186909 48.72608,11.187040600000001 48.7261479)
400	Neuburg	Am Schwalbanger	de:09185:7691:0:2	48.726174	11.187026	bus	MATCHED	n5220206997	12.3	1.0	Am Schwalbanger	101	Neuburg (Donau)		LINESTRING(11.187026 48.726174,11.1869644 48.7260712)
401	Neuburg	An der Luisenhöhe	de:09185:7751:0:1	48.733451	11.16702	bus	MATCHED	n4978891436	22.7	1.0	An der Luisenhöhe	404	Neuburg, Kreuzberg		LINESTRING(11.16702 48.733451,11.1673209 48.7334072)
402	Neuburg	An der Luisenhöhe	de:09185:7751:0:2	48.733397	11.167128		MATCHED	n4979347220	11.6	1.0	An der Luisenhöhe			Am Kreuzberg	LINESTRING(11.167128 48.733397,11.1671881 48.733493800000005)
403	Neuburg	An der Wolfsschütt	de:09185:7230:0:1	48.731804	11.233046	bus	MATCHED	n10082129328	54.5	1.0	An der Wolfsschütt	401,402	Heinrichsheim, Bürgerschwaige / Heinrichsheim, Maibaum		LINESTRING(11.233046 48.731804,11.2331812 48.732285600000004)
404	Neuburg	Anton-Bruckner-Straße	de:09185:7742:0:1	48.727176	11.199521	bus	MATCHED_THOUGH_REVERSED_DIR	n10082133804	11.5	1.0	Anton-Bruckner-Str.	101	Neuburg, Ostendkreis	Am Schwalbanger	LINESTRING(11.199521 48.727176,11.1994001 48.7271106)
405	Neuburg	Anton-Bruckner-Straße	de:09185:7742:0:2	48.727188	11.199575	bus	MATCHED_THOUGH_REVERSED_DIR	n5220206991	17.8	1.0	Anton-Bruckner-Str.	101,403	Neuburg, Franz-Hoffmann-Str. / Neuburg,  Am Schwalbanger	Ostend - Kreisverkehr	LINESTRING(11.199575 48.727188,11.1994804 48.727041)
406	Neuburg	Audi Industriegebiet	de:09185:90275:0:1	48.728485	11.249782		NO_MATCH_AND_SEEMS_UNSERVED								POINT(11.249782 48.728485)
407	Neuburg	Audi Industriegebiet	de:09185:90275:0:2	48.728539	11.249791		MATCHED	n5503328452	10.3	0.42	AUDI Industriegebiet			Weichering, Waldschänke	LINESTRING(11.249791 48.728539,11.2499303 48.728544600000006)
408	Neuburg	Baywa	de:09185:1818:0:1	48.725807	11.17921	bus	MATCHED	n5214867241	6.0	1.0	BayWa	410,425,430,X425	Neuburg-Feldkrichen, Eternitweg / Neuburg-Feldkirchen, Kapellenweg / Neuburg, Augsburger Unterführung		LINESTRING(11.17921 48.725807,11.179258200000001 48.72585)
409	Neuburg	Baywa	de:09185:1818:0:2	48.725795	11.1793	bus	MATCHED	n5214867242	6.1	1.0	BayWa	410,425,430,X425	Neuburg-Donau, Augsburger Unterführung / Neuburg-Feldkrichen, Eternitweg / Neuburg (Donau), Schwalbangerschule	Schwalbanger / Augsburger Unterführung	LINESTRING(11.1793 48.725795,11.1792981 48.725740200000004)
410	Neuburg	Berl. Str/Ostendschule	de:09185:7734:0:1	48.734517	11.196952		MATCHED	n5228173108	10.1	1.0	Berliner Straße - Ostendschule			Neuburg, Hofgarten / Ostend - Kreisverkehr	LINESTRING(11.196952 48.734517,11.1968309 48.7345595)
411	Neuburg	Berl. Str/Ostendschule	de:09185:7734:0:2	48.734369	11.196835		MATCHED	n5228173107	22.5	1.0	Berliner Straße - Ostendschule			Karl-Reisach-Platz / Neuburg, Parkschule	LINESTRING(11.196835 48.734369,11.1969844 48.7345455)
412	Neuburg	Berliner Straße	de:09185:8863:0:1	48.730026	11.192811	bus	MATCHED	n5220206986	9.7	1.0	Berliner Str.	403	Neuburg, Fa. Hofmann		LINESTRING(11.192811 48.730026,11.1929075 48.7299671)
413	Neuburg	Berliner Straße	de:09185:8863:0:2	48.72989	11.192694		NO_MATCH_AND_SEEMS_UNSERVED								POINT(11.192694 48.72989)
414	Neuburg	Berliner/Sudetenl. Str	de:09185:7723:0:1	48.733326	11.195569	bus	MATCHED	n459518252	8.6	1.0	Berliner Straße	401	Neuburg, Feuerwehrhaus	Feuerwehr	LINESTRING(11.195569 48.733326,11.1955313 48.7333992)
415	Neuburg	Berliner/Sudetenl. Str	de:09185:7723:0:2	48.733303	11.195542	bus	MATCHED	n5228173111	6.9	1.0	Berliner Straße	401	Neuburg, Ostendkreis	Ostend - Kreisverkehr	LINESTRING(11.195542 48.733303,11.195448800000001 48.733308)
416	Neuburg	Berufliches Schulzentrum	de:09185:7761:0:1	48.743048	11.170434	bus	MATCHED_THOUGH_REVERSED_DIR	n1927199975	0.2	1.0	Berufsschule	101,102,9112,9114,9239	Neuburg (Donau), Parkschule / Neuburg, Mühlenweg / Neuburg, Hofgarten Ri. Bittenbrunn	Neuburg, Parkschule / Bittenbrunn, Kirche / Ingolstädter Straße / Neuburg, Hofgarten	LINESTRING(11.170434 48.743048,11.1704314 48.7430491)
417	Neuburg	Berufliches Schulzentrum	de:09185:7761:0:2	48.743048	11.170434	bus	NO_MATCH_BUT_OTHER_PLATFORM_MATCHED					101,102,9112,9114,9239	Neuburg, Hofgarten Ri. Bittenbrunn / Bittenbrunn, Kirche / Neuburg, Ingolstädter Str.		POINT(11.170434 48.743048)
418	Neuburg	Berufschule/Monh. Str	de:09185:8231:0:1	48.741869	11.170308	bus	MATCHED	n5076027406	15.3	1.0	Berufsschule	405	Neuburg, Prof.-Döllgast-Str.	Monheimer Straße	LINESTRING(11.170308 48.741869,11.1701464 48.741781800000005)
419	Neuburg	Berufschule/Monh. Str	de:09185:8231:0:2	48.741727	11.17038		NO_MATCH_AND_SEEMS_UNSERVED								POINT(11.17038 48.741727)
420	Neuburg	Brandlbad	de:09185:8892:0:1	48.736395	11.168017		NO_MATCH_AND_SEEMS_UNSERVED								POINT(11.168017 48.736395)
421	Neuburg	Budweisstraße	de:09185:7729:0:1	48.735572	11.232049	bus	MATCHED	n5126962106	185.0	1.0	Grünauer Str./Budweisstr.	101,402	Neuburg, Ostendkreis / Bruck, Feuerwehrhaus / Neuburg (Donau), Parkschule / Heinrichsheim, Schwaigholzerst / Neuburg, Kaserne Grünau	Schwaigholzstr.	LINESTRING(11.232049 48.735572,11.2327019 48.737179000000005)
422	Neuburg	Budweisstraße	de:09185:7729:0:2	48.735554	11.231914		NO_MATCH_AND_SEEMS_UNSERVED								POINT(11.231914 48.735554)
423	Neuburg	Böheimbstraße	de:09185:7744:0:1	48.729742	11.196988	bus	MATCHED	n5220206989	6.0	1.0	Böheimbstr.	403	Neuburg, Berliner Straße		LINESTRING(11.196988 48.729742,11.1970685 48.729748)
424	Neuburg	Donauweg	de:09185:7060:0:1	48.733463	11.167353		NO_MATCH_AND_SEEMS_UNSERVED								POINT(11.167353 48.733463)
425	Neuburg	Donauweg	de:09185:7060:0:2	48.73351	11.167173		NO_MATCH_AND_SEEMS_UNSERVED								POINT(11.167173 48.73351)
426	Neuburg	Donauwörther Str. (deaktiviert)	de:09185:1823:0:1	48.734541	11.175392		MATCHED	n4993132086	93.7	0.09	Donauwörther Straße			Am Kreuzberg	LINESTRING(11.175392 48.734541,11.174127200000001 48.7344408)
427	Neuburg	Donauwörther Str. (deaktiviert)	de:09185:1823:0:2	48.734411	11.175437		NO_MATCH_AND_SEEMS_UNSERVED								POINT(11.175437 48.734411)
428	Neuburg	Dreifachturnhalle	de:09185:7792:0:1	48.736081	11.197338		NO_MATCH_AND_SEEMS_UNSERVED								POINT(11.197338 48.736081)
429	Neuburg	Egerlandstraße	de:09185:7722:0:1	48.731472	11.2043	bus	MATCHED	n459517655	3.5	1.0	Egerlandstraße	401	Neuburg, Ostendkreis	Ostend - Kreisverkehr	LINESTRING(11.2043 48.731472,11.204344500000001 48.7314602)
430	Neuburg	Egerlandstraße	de:09185:7722:0:2	48.731395	11.204435	bus	MATCHED	n10079908025	3.2	1.0	Egerlandstraße	401	Heinrichsheim, Biberbrücke	Heinrichsheim, Biberbrücke	LINESTRING(11.204435 48.731395,11.204406500000001 48.731373600000005)
431	Neuburg	Fa. Hofmann	de:09185:5036:0:2	48.73111	11.188086	bus	MATCHED_THOUGH_NAMES_DIFFER	n5210477322	14.1	1.0	Münchener Str. - Sonax	410,420	Neuburg (Donau), Oswaldplatz	Oswaldplatz	LINESTRING(11.188086 48.73111,11.187939 48.7311914)
432	Neuburg	Fa. Hofmann	de:09185:7745:0:1	48.73111	11.188086	bus	MATCHED_THOUGH_NAMES_DIFFER	n5210477321	11.8	1.0	Münchener Str. - Sonax	403	Neuburg (Donau), Münchener Straße 109 / Neuburg (Donau), Schwalbangerschule / Neuburg, Münchener Str./Post	Anton-Bruckner-Str.	LINESTRING(11.188086 48.73111,11.187931 48.731081700000004)
433	Neuburg	Feuerwehrhaus	de:09185:7724:0:1	48.733285	11.191742	bus	MATCHED	n459518254	11.2	1.0	Feuerwehr	401	Neuburg, Münchener Str./Post	Postamt	LINESTRING(11.191742 48.733285,11.191879700000001 48.733328)
434	Neuburg	Feuerwehrhaus	de:09185:7724:0:2	48.733232	11.191948	bus	MATCHED	n10080085535	10.9	1.0	Feuerwehr	401	Neuburg, Berliner/Sudetenl.Str	Berliner Straße	LINESTRING(11.191948 48.733232,11.1918175 48.7331852)
435	Neuburg	Fleischnershausen	de:09185:5132:0:99	48.717048	11.199279	bus	MATCHED	n7501614562	29.5	1.0	Marienheim, Fleischnershausen	450	Marienheim, Beim Jägerhaus / Neuburg, Marienheim-Wolfrahtsbuckel		LINESTRING(11.199279 48.717048,11.1995342 48.716843600000004)
436	Neuburg	Fleischnershausen	de:09185:8741:0:1	48.717048	11.199288		NO_MATCH_AND_SEEMS_UNSERVED								POINT(11.199288 48.717048)
437	Neuburg	Franz-Boecker-Str	de:09185:7740:0:1	48.725333	11.193934	bus	MATCHED	n5220206992	10.3	1.0	Franz-Boecker-Str.	403	Neuburg, Paul-Winter-Straße		LINESTRING(11.193934 48.725333,11.1939516 48.7252407)
438	Neuburg	Franz-Boecker-Str	de:09185:7740:0:2	48.725321	11.194059		NO_MATCH_AND_SEEMS_UNSERVED								POINT(11.194059 48.725321)
439	Neuburg	Franz-Hoffmann-Str. 	de:09185:7743:0:1	48.729736	11.200249	bus	MATCHED	n5226352105	1.3	1.0	Franz-Hoffmann-Str.	403	Neuburg, Böheimbstraße		LINESTRING(11.200249 48.729736,11.2002526 48.7297242)
440	Neuburg	Gietlhauserstraße	de:09185:7760:0:1	48.741828	11.167074	bus	NO_MATCH_BUT_OTHER_PLATFORM_MATCHED					405	Neuburg, Berufschule/Monh. Str		POINT(11.167074 48.741828)
441	Neuburg	Gietlhauserstraße	de:09185:7760:0:2	48.741946	11.167002		MATCHED	n5731000113	24.0	1.0	Gietlhausener Straße			Berufsschule	LINESTRING(11.167002 48.741946,11.166734900000002 48.7418221)
442	Neuburg	Goldix2	de:09185:5054:0:1	48.726121	11.192892		NO_MATCH_AND_SEEMS_UNSERVED								POINT(11.192892 48.726121)
443	Neuburg	Goldix2	de:09185:5054:0:2	48.726086	11.192739		NO_MATCH_AND_SEEMS_UNSERVED								POINT(11.192739 48.726086)
444	Neuburg	Grünauer/Budweisstr. 	de:09185:7229:0:1	48.737071	11.23275		NO_MATCH_AND_SEEMS_UNSERVED								POINT(11.23275 48.737071)
445	Neuburg	Hallenbad	de:09185:7736:0:1	48.737403	11.190197	bus	MATCHED_THOUGH_REVERSED_DIR	n5131006702	9.6	1.0	Hallenbad	402	Neuburg, Spitalplatz	Karl-Reisach-Platz	LINESTRING(11.190197 48.737403,11.1901867 48.7373172)
446	Neuburg	Hallenbad	de:09185:7736:0:2	48.737403	11.190197	bus	MATCHED	n5131006703	1.3	1.0	Hallenbad	402	Neuburg, Karl-Reisach-Platz		LINESTRING(11.190197 48.737403,11.190189400000001 48.737413600000004)
447	Neuburg	Herrenwörthstraße	de:09185:7730:0:1	48.736781	11.228555		MATCHED	n5189955955	59.4	1.0	Grünauer Str./Herrenwörthstr			Grünauer Str./Budweisstr. / AUDI Industriegebiet	LINESTRING(11.228555 48.736781,11.2280166 48.737179600000005)
448	Neuburg	Herrenwörthstraße	de:09185:7730:0:2	48.73668	11.228483		NO_MATCH_AND_SEEMS_UNSERVED								POINT(11.228483 48.73668)
449	Neuburg	Hofgarten Ri. Bittenbrunn	de:09185:1055:0:99	48.736466	11.181851	bus	MATCHED	n9006715429	10.9	1.0	Neuburg, Hofgarten	101,102,103,104,405,9112,9114,9239	Oberhausen, Schule / Neuburg (Donau), Landratsamt / Neuburg, Spitalplatz / Hütting, Zur Burg / Neuburg, Mühlenweg / Neuburg, Fa. Hofmann / Neuburg (Donau), Berufliches Schulzent. / Neuburg (Donau), Berufliches Schulzent. / Neuburg, Ingolstädter Str. / Ried, Eubelgasse / Neuburg (Donau), Parkschule	Neuburg, Parkschule / Ingolstädter Straße / Berufsschule / Spitalplatz / Ried, Eubelgasse / Joshofen, Jurahang	LINESTRING(11.181851 48.736466,11.181829 48.7363694)
450	Neuburg	Hofgarten Ri. Bittenbrunn	de:09185:7829:0:1	48.736301	11.181519	bus	MATCHED	n9006715428	30.2	1.0	Neuburg, Hofgarten	101,102,104,403,405,9112,9114,9239	Neuburg (Donau), Oswaldplatz / Neuburg, Spitalplatz / ND, Donauwörther Straße / Gymnasium / Karlshuld, Lederer / Neuburg (Donau), Landratsamt / Neuburg (Donau), Parkschule / Neuburg (Donau) / Neuburg (Donau), Schwalbangerschule	Landratsamt / Donauwörther Straße	LINESTRING(11.181519 48.736301,11.1814038 48.7360404)
451	Neuburg	Hofgarten Ri. Bittenbrunn	de:09185:7829:0:3	48.736241	11.181923		MATCHED	n259208309	25.4	0.22	Neuburg, Hofgarten			Spitalplatz / Landratsamt / Wolfgang-Wilhelm-Platz	LINESTRING(11.181923 48.736241,11.1816279 48.7363591)
452	Neuburg	Hofgarten Richtung Bittenbrunn	de:09185:1055	48.736638	11.181914		NO_MATCH_AND_SEEMS_UNSERVED								POINT(11.181914 48.736638)
453	Neuburg	Ingolstädter Str. 	de:09185:8477:0:1	48.743185	11.182705	bus	MATCHED	n4880437658	51.6	0.35	Ingolstädter Straße	104,9112,9239	Neuburg, Hofgarten Ri. Bittenbrunn / Neuburg (Donau), Berufliches Schulzent.	Berufsschule	LINESTRING(11.182705 48.743185,11.1830204 48.7435999)
454	Neuburg	Ingolstädter Str. 	de:09185:8477:0:2	48.743066	11.183001	bus	MATCHED	n4880437659	7.6	1.0	Ingolstädter Straße	103,104,405,9112,9239	Ried, Eugen-Erdner-Str. / Ried, Eubelgasse / Attenfeld, Dorfstraße	Ried, Eubelgasse / Hessellohe, Kindergarten	LINESTRING(11.183001 48.743066,11.1829006 48.7430518)
455	Neuburg	Karl-Reisach-Platz	de:09185:7735:0:1	48.736745	11.197787	bus	MATCHED	n5228173105	2.6	1.0	Karl-Reisach-Platz	402	Neuburg, Hallenbad	Heinrichsheim, Biberbrücke	LINESTRING(11.197787 48.736745,11.1977648 48.7367633)
456	Neuburg	Karl-Reisach-Platz	de:09185:7735:0:2	48.736822	11.19768	bus	MATCHED	n5228173106	6.9	1.0	Karl-Reisach-Platz	402	Neuburg (Donau), Ostendschule	Berliner Straße - Ostendschule	LINESTRING(11.19768 48.736822,11.1976203 48.7367744)
457	Neuburg	Karlsplatz	de:09185:7747:0:1	48.737343	11.178842		NO_MATCH_AND_SEEMS_UNSERVED								POINT(11.178842 48.737343)
458	Neuburg	Karlsplatz	de:09185:7747:0:2	48.737231	11.178878		MATCHED	n5131094523	7.4	0.56	Karlsplatz			Wolfgang-Wilhelm-Platz	LINESTRING(11.178878 48.737231,11.1789255 48.7372893)
459	Neuburg	Kaserne Grünau	de:09185:90273:0:1	48.737154	11.246027	bus	NO_MATCH_BUT_OTHER_PLATFORM_MATCHED					101	Zell, Kirche / Bruck, Feuerwehrhaus		POINT(11.246027 48.737154)
460	Neuburg	Kaserne Grünau	de:09185:90273:0:2	48.737189	11.246045	bus	MATCHED	n5189236121	1.5	0.86	Kaserne Grünau	101	Neuburg, Budweisstraße		LINESTRING(11.246045 48.737189,11.246043700000001 48.7372026)
461	Neuburg	Kreuzberg	de:09185:7752:0:1	48.732284	11.16517	bus	MATCHED	n2661697647	12.6	1.0	Am Kreuzberg	404,9114	Neuburg (Donau), Paul-Winter-Schule / ND, Donauwörther Straße / Gymnasium / Burgheim-Straß, Kirche / Oberhausen, Hauptstraße / ND, Donauwörther Straße / Gymnasium / Kreut, Burgwaldring	Oberhausen, Hauptstraße / Straß, Kirche / Kreut / Donauwörther Straße	LINESTRING(11.16517 48.732284,11.165024 48.732224200000005)
462	Neuburg	Längenmühlweg	de:09185:7791:0:1	48.726577	11.198632		NO_MATCH_AND_SEEMS_UNSERVED								POINT(11.198632 48.726577)
463	Neuburg	Längenmühlweg	de:09185:7791:0:2	48.726595	11.198847		NO_MATCH_AND_SEEMS_UNSERVED								POINT(11.198847 48.726595)
464	Neuburg	Marienheim-Wolfrahtsbuckel	de:09185:5133:0:1	48.718915	11.209151		MATCHED	n5659490700	0.4	1.0	Marienheim, Wohlfahrtsbuckel			Marienheim, BHST	LINESTRING(11.209151 48.718915,11.2091553 48.7189172)
465	Neuburg	Marienheim-Wolfrahtsbuckel	de:09185:5133:0:99	48.722121	11.208253	bus	MATCHED	n5659490699	6.4	1.0	Marienheim, Jägerhaus	450	Neuburg (Donau), Kollachenweg / Neuburg-Donau,Rödenhof,Hauptstraße	Marienheim, Wohlfahrtsbuckel	LINESTRING(11.208253 48.722121,11.2083024 48.722074000000006)
466	Neuburg	Monheimer Str. 9	de:09185:7804:0:1	48.740602	11.180216		NO_MATCH_AND_SEEMS_UNSERVED								POINT(11.180216 48.740602)
467	Neuburg	Monheimer Str. 9	de:09185:7804:0:2	48.740489	11.179812		NO_MATCH_AND_SEEMS_UNSERVED								POINT(11.179812 48.740489)
468	Neuburg	Mühlenweg	de:09185:7763:0:1	48.740394	11.18098	bus	MATCHED	n10095268500	30.2	1.0	Mühlenweg	102,405	Neuburg, Hofgarten Ri. Bittenbrunn		LINESTRING(11.18098 48.740394,11.1805737 48.740356600000005)
469	Neuburg	Mühlenweg	de:09185:7763:0:2	48.740483	11.181016	bus	MATCHED	n10095268498	30.6	1.0	Mühlenweg	102	Neuburg (Donau), Berufliches Schulzent. / Bittenbrunn, Kirche		LINESTRING(11.181016 48.740483,11.180605900000002 48.7405277)
470	Neuburg	Münchener Str. /Post	de:09185:7682:0:1	48.732935	11.184618	bus	MATCHED_THOUGH_NAMES_DIFFER	n1948223550	9.2	1.0	Postamt	401,403	Neuburg (Donau), Oswaldplatz	Oswaldplatz	LINESTRING(11.184618 48.732935,11.184709400000001 48.732990900000004)
471	Neuburg	Münchener Str. /Post	de:09185:7682:0:2	48.732817	11.1846	bus	MATCHED_THOUGH_NAMES_DIFFER	n321199003	20.7	1.0	Postamt	401	Neuburg, Feuerwehrhaus	Münchener Str. - Sonax / Feuerwehr	LINESTRING(11.1846 48.732817,11.1844272 48.732964100000004)
472	Neuburg	Neuer Friedhof	de:09185:7731:0:1	48.737278	11.212583	bus	MATCHED	n4978881714	15.1	1.0	Neuer Friedhof	402	Neuburg, Rohrenfelder/Bresl.		LINESTRING(11.212583 48.737278,11.2127589 48.7373477)
473	Neuburg	Neuzell, Bushaltestelle	de:09185:8676:0:1	48.703639	11.24468	bus	MATCHED	n5659479628	11.4	1.0	Neuzell, Feuerwehrhaus	420,450	Nazibühl, Kochheimer Weg / Karlshuld, Lederer	Nazibühl, Abzw. Kochheim	LINESTRING(11.24468 48.703639,11.2448233 48.7036007)
474	Neuburg	Neuzell, Bushaltestelle	de:09185:8676:0:2	48.703657	11.244922	bus	MATCHED	n5659479629	12.3	1.0	Neuzell, Feuerwehrhaus	420,450	Neuburg (Donau), Kollachenweg / Rosing, Abzweig / Zell, Kirche		LINESTRING(11.244922 48.703657,11.244759 48.7036822)
475	Neuburg	Nördl. Grünauerstr. M	de:09185:7727:0:1	48.738884	11.217236	bus	MATCHED	n5023740026	31.2	0.24	Nördl. Grünauer Straße - Mitte	101,402	Neuburg, Nördl.Grünauerstr. O / Neuburg, Budweisstraße	Nördl. Grünauer Straße - Ost	LINESTRING(11.217236 48.738884,11.2168331 48.7387956)
476	Neuburg	Nördl. Grünauerstr. O	de:09185:7728:0:1	48.738813	11.224333	bus	MATCHED	n4984314866	18.4	1.0	Nördl. Grünauer Straße - Ost	402	Herrenwörth, Grünauerstr.	Grünauer Str./Herrenwörthstr	LINESTRING(11.224333 48.738813,11.2245592 48.738741600000004)
477	Neuburg	Ostendkreis	de:09185:7684:0:1	48.73194	11.200707	bus	MATCHED	n10095406554	12.4	1.0	Ostend - Kreisverkehr	101,401,402	Neuburg, Egerlandstraße / Neuburg, Stettiner Straße / Heinrichsheim, M-Bauer-Str SBH	Stettiner Straße / Egerlandstraße	LINESTRING(11.200707 48.73194,11.2005488 48.731902600000005)
478	Neuburg	Ostendkreis	de:09185:7684:0:2	48.731934	11.200572	bus	MATCHED	n459518251	10.0	1.0	Ostend - Kreisverkehr	101,401,402	Neuburg (Donau), Ostendschule / Neuburg, Anton-Bruckner-Straße / Neuburg, Berliner/Sudetenl.Str / Neuburg,  Am Schwalbanger	Berliner Straße - Ostendschule / Berliner Straße	LINESTRING(11.200572 48.731934,11.200592700000001 48.73202250000001)
479	Neuburg	Parkschule	de:09185:7812:0:1	48.737604	11.187151	bus	MATCHED	n10132469799	12.1	1.0	Neuburg, Parkschule	101,104,404,405,9112,9114	Neuburg (Donau), Ostendschule / Neuburg, Spitalplatz / Neuburg, Hofgarten Ri. Bittenbrunn / Neuburg (Donau), Schwalbangerschule / Neuburg, Hofgarten Ri. Bittenbrunn / Neuburg (Donau), Landratsamt / Neuburg, Nördl.Grünauerstr. M	Neuburg, Hofgarten / Spitalplatz / Neuburg, Parkschule	LINESTRING(11.187151 48.737604,11.187298 48.7376519)
480	Neuburg	Parkschule	de:09185:7971:0:1	48.737693	11.189891		MATCHED	w535702415	185.3	0.05	Neuburg, Parkschule			Berufsschule / Neuburg, Parkschule / Berliner Straße - Ostendschule / Spitalplatz / Neuburg, Hofgarten	LINESTRING(11.189891 48.737693,11.187373097821917 48.737624036194966)
481	Neuburg	Parkschule	de:09185:7971:0:2	48.737811	11.189909		NO_MATCH_AND_SEEMS_UNSERVED								POINT(11.189909 48.737811)
482	Neuburg	Paul-Winter-Straße	de:09185:7741:0:1	48.725926	11.196817	bus	NO_MATCH_BUT_OTHER_PLATFORM_MATCHED					403	Neuburg, Anton-Bruckner-Straße		POINT(11.196817 48.725926)
483	Neuburg	Paul-Winter-Straße	de:09185:7741:0:2	48.726014	11.196889		MATCHED	n5220207000	51.0	1.0	Paul-Winter-Str.				LINESTRING(11.196889 48.726014,11.196388800000001 48.725695900000005)
484	Neuburg	Prof. -Döllgast-Str. 	de:09185:7762:0:1	48.740815	11.177611	bus	MATCHED_THOUGH_NAMES_DIFFER	n5076096422	9.1	1.0	Monheimer Straße	405	Neuburg, Mühlenweg	Neuburg, Hofgarten	LINESTRING(11.177611 48.740815,11.177493100000001 48.7407916)
485	Neuburg	Prof. -Döllgast-Str. 	de:09185:7762:0:2	48.740963	11.177611		NO_MATCH_AND_SEEMS_UNSERVED								POINT(11.177611 48.740963)
486	Neuburg	R. Wagner Str. /Altenh. 	de:09185:7739:0:2	48.727857	11.186127		MATCHED	n5222650495	22.2	1.0	Richard-Wagner-Str. 13			Augsburger Unterführung	LINESTRING(11.186127 48.727857,11.1864038 48.7279375)
487	Neuburg	Rohrenfelder/Bresl. 	de:09185:7732:0:1	48.735833	11.201884	bus	MATCHED	n5216226831	17.5	1.0	Rohrenfelder Str./Breslauer Str.	402	Neuburg, Stettiner Straße		LINESTRING(11.201884 48.735833,11.201882300000001 48.7359901)
488	Neuburg	Rohrenfelder/Bresl. 	de:09185:7732:0:2	48.736046	11.20201	bus	MATCHED	n5216226830	7.6	1.0	Rohrenfelder Str./Breslauer Str.	402	Neuburg, nördl.Grünauerstr. W	Nördl. Grünauer Straße - West	LINESTRING(11.20201 48.736046,11.2019917 48.735978900000006)
489	Neuburg	Spitalplatz	de:09185:7818:0:1	48.736052	11.184403	bus	MATCHED	n321198991	3.5	1.0	Spitalplatz	402,404,405	Neuburg, Hofgarten Ri. Bittenbrunn / ND, Donauwörther Straße / Gymnasium / Neuburg (Donau), Landratsamt / Neuburg (Donau), Parkschule	Amtsgericht / Neuburg, Hofgarten / Oswaldplatz	LINESTRING(11.184403 48.736052,11.184449 48.7360435)
490	Neuburg	Spitalplatz	de:09185:7818:0:2	48.735898	11.184465	bus	MATCHED	n10154228223	5.6	1.0	Spitalplatz	401,402,403,404,405	Neuburg, Hofgarten Ri. Bittenbrunn / Neuburg, Hallenbad / Neuburg (Donau), Parkschule / Neuburg (Donau), Oswaldplatz / Neuburg (Donau), Landratsamt / Neuburg, Hofgarten Ri. Bittenbrunn	Neuburg, Parkschule / Oswaldplatz / Hallenbad	LINESTRING(11.184465 48.735898,11.1844788 48.7359475)
491	Neuburg	St. Peter	de:09185:8924:0:1	48.736935	11.175707		MATCHED_THOUGH_NAMES_DIFFER	n4214539156	1.2	0.17	Amalienstraße				LINESTRING(11.175707 48.736935,11.175714900000001 48.7369257)
492	Neuburg	St. Peter	de:09185:8924:0:2	48.736822	11.175707		NO_MATCH_AND_SEEMS_UNSERVED								POINT(11.175707 48.736822)
493	Neuburg	Stadtwerke	de:09185:8873:0:1	48.737308	11.218557		MATCHED	n5126962108	4.6	1.0	Stadtwerke			Neuer Friedhof	LINESTRING(11.218557 48.737308,11.218617700000001 48.7372998)
494	Neuburg	Stadtwerke	de:09185:8873:0:2	48.736626	11.218682	bus	NO_MATCH_BUT_OTHER_PLATFORM_MATCHED					402	Neuburg, Neuer Friedhof		POINT(11.218682 48.736626)
495	Neuburg	Stettiner Straße	de:09185:7733:0:1	48.733711	11.201426	bus	MATCHED	n10154346989	6.9	1.0	Stettiner Straße	402	Neuburg, Ostendkreis		LINESTRING(11.201426 48.733711,11.2014574 48.7336522)
496	Neuburg	Stettiner Straße	de:09185:7733:0:2	48.733611	11.201551	bus	MATCHED	n10154346988	11.5	1.0	Stettiner Straße	402	Neuburg, Rohrenfelder/Bresl.	Rohrenfelder Str./Breslauer Str.	LINESTRING(11.201551 48.733611,11.2015922 48.7335111)
497	Neuburg	Städtische Turnhalle	de:09185:8737:0:1	48.732989	11.175958		MATCHED_THOUGH_NAMES_DIFFER	n5001053445	24.7	0.1	Landratsamt				LINESTRING(11.175958 48.732989,11.1759965 48.7327686)
498	Neuburg	Städtische Turnhalle	de:09185:8737:0:2	48.732947	11.17621		NO_MATCH_AND_SEEMS_UNSERVED								POINT(11.17621 48.732947)
499	Neuburg	Tourist-Info	de:09185:7746:0:1	48.736342	11.18045		NO_MATCH_AND_SEEMS_UNSERVED								POINT(11.18045 48.736342)
500	Neuburg	Tourist-Info	de:09185:7746:0:2	48.736164	11.18045		MATCHED_THOUGH_NAMES_DIFFER	n4225947379	11.1	0.15	Amtsgericht			Karlsplatz	LINESTRING(11.18045 48.736164,11.180568000000001 48.7362258)
501	Neuburg	Weiherleite	de:09185:7738:0:1	48.727638	11.182318		MATCHED	n5214867237	14.1	1.0	An der Weiherleite				LINESTRING(11.182318 48.727638,11.1821348 48.727675500000004)
502	Neuburg	Weiherleite	de:09185:7738:0:2	48.727703	11.182229	bus	MATCHED_THOUGH_NAMES_DIFFER	n5220206983	82.5	0.19	Schwalbanger	403	Neuburg, R.Wagner Str./Altenh. / Neuburg,  Am Schwalbanger	Münchener Straße / Schwalbangerschule	LINESTRING(11.182229 48.727703,11.183093900000001 48.727230600000006)
503	Neuburg	Wirtschaftsschule	de:09185:7805:0:1	48.730038	11.17745	bus	MATCHED	n5848308185	6.8	1.0	Neuburg, Wirtschaftsschule	101,102,104,9239	Neuburg (Donau), Paul-Winter-Schule / Neuburg (Donau), Landratsamt / Neuburg (Donau)	Neuburg, Bahnhof / Fernmittenhausen, Bhst. / Schwalbangerschule / Neuburg, Wirtschaftsschule	LINESTRING(11.17745 48.730038,11.1775146 48.729994100000006)
504	Neuburg	Wirtschaftsschule	de:09185:7805:0:2	48.729949	11.177728	bus	MATCHED	n5848306084	4.9	1.0	Neuburg, Wirtschaftsschule	101,102,103,104,9112,9239	Neuburg (Donau), Schwalbangerschule / Neuburg (Donau), Krankenhaus / Neuburg (Donau) / Neuburg (Donau), Landratsamt / Neuburg,  Am Schwalbanger	Krankenhaus / Königmoos-Untermaxfeld, Kreuzung Obermaxfeld / Neuburg, Hofgarten / Neuburg, Wirtschaftsschule	LINESTRING(11.177728 48.729949,11.177663500000001 48.729960000000005)
505	Neuburg	Wolfgang-Wilhelm-Pl. 	de:09185:7748:0:1	48.73553	11.176219		MATCHED	n5023740024	8.5	1.0	Wolfgang-Wilhelm-Platz			Neuburg, Hofgarten / Landratsamt / Donauwörther Straße / Pöttmes, Schule	LINESTRING(11.176219 48.73553,11.176174900000001 48.7356004)
506	Neuburg	Wolfgang-Wilhelm-Pl. 	de:09185:7748:0:2	48.735596	11.176452		NO_MATCH_AND_SEEMS_UNSERVED								POINT(11.176452 48.735596)
507	Neuburg	nördl. Grünauerstr. W	de:09185:7726:0:1	48.738155	11.211999	bus	MATCHED	n4986696549	18.3	1.0	Nördl. Grünauer Straße - West	402	Neuburg, Nördl.Grünauerstr. M	Nördl. Grünauer Straße - Mitte	LINESTRING(11.211999 48.738155,11.2120052 48.737990200000006)
508	Neuburg (Donau)	Anna-von-Philipp-Straße	de:09185:5150:0:1	48.729777	11.158019		NO_MATCH_AND_SEEMS_UNSERVED								POINT(11.158019 48.729777)
509	Neuburg (Donau)	Anna-von-Philipp-Straße	de:09185:5150:0:2	48.729777	11.158019	bus	MATCHED_THOUGH_NAMES_DIFFER	n5075926794	19.3	0.11	Globolwerke	460	Neuburg (Donau), Paul-Winter-Schule	Oberhausen, Schule	LINESTRING(11.158019 48.729777,11.1577669 48.729825600000005)
510	Neuburg (Donau)	Kollachenweg	de:09185:8736:0:1	48.726133	11.203483	bus	MATCHED	n5214867226	17.4	1.0	Kollachenweg	420,430,450	Neuburg, Marienheim-Wolfrahtsbuckel / Neuburg-Feldkirchen, Südpark / Marienheim, Beim Jägerhaus / Neuburg-Donau,Rödenhof,Hauptstraße	Marienheim, BHST / Marienheim, Jägerhaus	LINESTRING(11.203483 48.726133,11.2032571 48.72618000000001)
511	Neuburg (Donau)	Kollachenweg	de:09185:8736:0:2	48.726133	11.203483	bus	MATCHED	n10172396776	5.2	1.0	Kollachenweg	420,450	Neuburg (Donau), Münchener Straße 109 / Neuburg (Donau), Münchener Straße 155		LINESTRING(11.203483 48.726133,11.203552400000001 48.726142900000006)
512	Neuburg (Donau)	Krankenhaus	de:09185:7749:0:1	48.731359	11.176812	bus	MATCHED_THOUGH_REVERSED_DIR	n4984314870	4.6	1.0	Krankenhaus	403	Neuburg (Donau), Paul-Winter-Schule / Neuburg (Donau) / Neuburg (Donau), Oswaldplatz / Neuburg, Wirtschaftsschule	Wolfgang-Wilhelm-Platz / Donauwörther Straße / Landratsamt	LINESTRING(11.176812 48.731359,11.1768736 48.7313515)
513	Neuburg (Donau)	Krankenhaus	de:09185:7749:0:2	48.731247	11.17692	bus	MATCHED	n4984314869	11.2	1.0	Krankenhaus	410,420,425,430,435,460,X425	Neuburg, Wirtschaftsschule / Neuburg (Donau), Landratsamt	Neuburg, Bahnhof / Neuburg, Wirtschaftsschule	LINESTRING(11.17692 48.731247,11.176861500000001 48.731154200000006)
514	Neuburg (Donau)	Landratsamt	de:09185:7970:0:1	48.731987	11.176506	bus	MATCHED_THOUGH_REVERSED_DIR	n5226352111	10.3	1.0	Landratsamt	101,102,104,403,9112,9239	ND, Donauwörther Straße / Gymnasium / Neuburg (Donau), Krankenhaus / Neuburg, Wirtschaftsschule / Neuburg (Donau), Paul-Winter-Schule / Neuburg (Donau) / Neuburg, Spitalplatz	Neuburg, Hofgarten / Wolfgang-Wilhelm-Platz	LINESTRING(11.176506 48.731987,11.176572400000001 48.7319058)
515	Neuburg (Donau)	Landratsamt	de:09185:7970:0:2	48.732017	11.17665	bus	MATCHED	n4866767754	68.2	1.0	Landratsamt	101,102,103,104,9112,9239	Neuburg (Donau), Krankenhaus / Neuburg, Spitalplatz / Neuburg, Hofgarten Ri. Bittenbrunn / Hirschenstraße / Neuburg (Donau), Parkschule / Neuburg, Hofgarten Ri. Bittenbrunn	Neuburg, Bahnhof / Krankenhaus / Neuburg, Wirtschaftsschule	LINESTRING(11.17665 48.732017,11.1760864 48.7325041)
516	Neuburg (Donau)	Münchener Straße 109	de:09185:5037:0:1	48.728509	11.193161	bus	MATCHED	n5214867235	19.0	1.0	Münchener Straße	420,430,450	Neuburg (Donau), Münchener Straße 155 / Neuburg (Donau), Kollachenweg	Münchener Straße	LINESTRING(11.193161 48.728509,11.193312500000001 48.728370700000006)
517	Neuburg (Donau)	Münchener Straße 109	de:09185:5037:0:2	48.728379	11.193224	bus	MATCHED	n5214867234	20.8	1.0	Münchener Straße	410,420,450	Neuburg, Fa. Hofmann / Neuburg, Hofgarten Ri. Bittenbrunn	Adolf-Kolping-Straße	LINESTRING(11.193224 48.728379,11.193027800000001 48.72851360000001)
518	Neuburg (Donau)	Münchener Straße 155	de:09185:7693:0:1	48.728177	11.198246	bus	MATCHED	n5214867230	11.0	1.0	Münchener Straße	420,430	Neuburg (Donau), Kollachenweg		LINESTRING(11.198246 48.728177,11.1980961 48.7281777)
519	Neuburg (Donau)	Münchener Straße 155	de:09185:7693:0:2	48.728177	11.198246	bus	MATCHED_THOUGH_REVERSED_DIR	n5214867229	20.0	1.0	Münchener Straße	420,450	Neuburg (Donau), Münchener Straße 109 / Neuburg (Donau), Parkschule	Kollachenweg	LINESTRING(11.198246 48.728177,11.1980783 48.728035500000004)
520	Neuburg (Donau)	Ostendschule	de:09185:8488:0:1	48.734547	11.196988	bus	MATCHED	n13446061433	53.2	0.22	Ostendschule	101,402	Neuburg, Karl-Reisach-Platz / Heinrichsheim, Heckenweg		LINESTRING(11.196988 48.734547,11.196324 48.7343582)
521	Neuburg (Donau)	Ostendschule	de:09185:8488:0:2	48.734547	11.196988	bus	NO_MATCH_BUT_OTHER_PLATFORM_MATCHED					402	Neuburg, Ostendkreis / Neuburg (Donau), Berufliches Schulzent.		POINT(11.196988 48.734547)
522	Neuburg (Donau)	Oswaldplatz	de:09185:7725:0:1	48.733202	11.183127	bus	MATCHED	n10141293663	9.5	1.0	Oswaldplatz	401,403	Neuburg, Fa. Hofmann / Neuburg, Spitalplatz	Landratsamt / Spitalplatz	LINESTRING(11.183127 48.733202,11.1832559 48.7332011)
523	Neuburg (Donau)	Oswaldplatz	de:09185:7725:0:2	48.733202	11.183127	bus	MATCHED	n10141293665	14.6	1.0	Oswaldplatz	401	Neuburg, Hofgarten Ri. Bittenbrunn / Neuburg, Münchener Str./Post / Neuburg, Hofgarten Ri. Bittenbrunn / Neuburg, Spitalplatz	Postamt	LINESTRING(11.183127 48.733202,11.183025200000001 48.7330896)
524	Neuburg (Donau)	Paul-Winter-Schule	de:09185:8756:0:1	48.727644	11.170146	bus	MATCHED	w1175905777	3.0	1.0	Paul-Winter-Schule	101,102,103,104,9112,9239	Neuburg, Wirtschaftsschule / Neuburg (Donau) / Oberhausen, Schule / Neuburg (Donau), Krankenhaus / Neuburg, Wirtschaftsschule / Neuburg (Donau), Schwalbangerschule		LINESTRING(11.170146 48.727644,11.17018015 48.727629050000004)
525	Neuburg (Donau)	Schwalbangerschule	de:09185:7879:0:2	48.727093	11.18425	bus	MATCHED	n5220206985	42.1	1.0	Schwalbangerschule	410,420,425,430,450,480	Neuburg, Fleischnershausen / Neuburg (Donau), Paul-Winter-Schule / Neuburg (Donau), Münchener Straße 109 / Neuburg-Feldkirchen, Kapellenweg / Neuburg,  Am Schwalbanger / Sehensand, Kahlhof / Neuburg (Donau), Münchener Straße 109	Münchener Straße / Spitalplatz	LINESTRING(11.18425 48.727093,11.1842561 48.7267142)
526	Neuburg a.d. Donau	(Donau)	de:09185:7600:1:1	48.72736	11.17833	train	MATCHED	n14405189	4.2	0.41	Neuburg (Donau)	RB15	Unterhausen (Bay) / Rohrenfeld / Rohrenfeld		LINESTRING(11.17833 48.72736,11.178307 48.727325)
527	Neuburg a.d. Donau	(Donau)	de:09185:7600:1:2	48.72733	11.178366	trainish	MATCHED	n11197812136	5.1	0.39	Neuburg (Donau)				LINESTRING(11.178366 48.72733,11.1783391 48.7272879)
528	Neuburg a.d. Donau	(Donau)	de:09185:7600:1:3	48.727259	11.178474	train	MATCHED	n11197875937	7.1	0.35	Neuburg (Donau)	RB15	Rohrenfeld / Rohrenfeld / Unterhausen (Bay)	Unterhausen / Rohrenfeld	LINESTRING(11.178474 48.727259,11.1784244 48.727204500000006)
529	Neuburg a.d. Donau	(Donau)	de:09185:7600:2:1	48.727437	11.177656	bus	MATCHED	w454239459	6.2	1.0	Neuburg, Bahnhof	101,102,103,104,403,404,410,420,425,430,460,9112,9239,X425	Neuburg, Wirtschaftsschule / Neuburg,  Am Schwalbanger / Neuburg (Donau), Landratsamt / Neuburg (Donau), Krankenhaus / Neuburg (Donau), Krankenhaus / Neuburg-Donau, Augsburger Unterführung / Neuburg, Augsburger Unterführung / Neuburg (Donau), Paul-Winter-Schule	Augsburger Unterführung / Neuburg, Wirtschaftsschule / Krankenhaus / Neuburg, Bahnhof	LINESTRING(11.177656 48.727437,11.17770448164267 48.727391326579095)
530	Neuburg a.d. Donau	(Donau)	de:09185:7600:2:2	48.727312	11.177441	bus	MATCHED	w454239458	7.4	0.44	Neuburg, Bahnhof			Neuburg, Hofgarten / Anton-Bruckner-Str. / Landratsamt	LINESTRING(11.177441 48.727312,11.177540956728821 48.72730686568379)
531	Neuburg a.d. Donau	Adalbert-Stifter-Straße	de:09185:7969:0:1	48.734251	11.171862		NO_MATCH_AND_SEEMS_UNSERVED								POINT(11.171862 48.734251)
532	Neuburg a.d. Donau	Adalbert-Stifter-Straße	de:09185:7969:0:2	48.734251	11.171862		NO_MATCH_AND_SEEMS_UNSERVED								POINT(11.171862 48.734251)
533	Neuburg a.d. Donau	Adolf-Kolping-Straße	de:09185:1819:0:99	48.729611	11.181321	bus	MATCHED	n5226352109	5.7	1.0	Adolf-Kolping-Straße	404	Neuburg, Spitalplatz	Berliner Straße - Ostendschule	LINESTRING(11.181321 48.729611,11.1813883 48.7295865)
534	Neuburg a.d. Donau	Hirschenstraße	de:09185:5135:0:1	48.735359	11.183864	bus	NO_MATCH					101	Neuburg (Donau), Parkschule		POINT(11.183864 48.735359)
535	Neuburg a.d. Donau	Hirschenstraße	de:09185:5135:0:2	48.735365	11.183855		NO_MATCH_AND_SEEMS_UNSERVED								POINT(11.183855 48.735365)
536	Neuburg a.d. Donau	Maxweiler	de:09185:7784:0:1	48.719762	11.286793	bus	MATCHED	n5503320368	15.4	1.0	Maxweiler	101			LINESTRING(11.286793 48.719762,11.286753000000001 48.7198975)
537	Neuburg a.d. Donau	Maxweiler	de:09185:7784:0:2	48.719786	11.286721	bus	NO_MATCH_BUT_OTHER_PLATFORM_MATCHED					101	Rohrenfeld, Gut Rohrenfeld		POINT(11.286721 48.719786)
538	Neuburg a.d. Donau	ND Grün. Str. /K-R Platz	de:09185:8875:0:2	48.737355	11.197805		NO_MATCH_AND_SEEMS_UNSERVED								POINT(11.197805 48.737355)
539	Neuburg a.d. Donau	ND Grün. Str. /Rohrenf. Str. 	de:09185:8874:0:2	48.737308	11.202486		NO_MATCH_AND_SEEMS_UNSERVED								POINT(11.202486 48.737308)
540	Neuburg a.d. Donau	Rohrenfeld	de:09185:8709:1:1	48.721268	11.258891	train	MATCHED	n11197875946	6.3	0.68	Rohrenfeld	RB15	Weichering / Neuburg (Donau) / Neuburg (Donau) / Weichering	Weicherung / Neuburg (Donau)	LINESTRING(11.258891 48.721268,11.2589763 48.7212722)
541	Neuburg a.d. Donau	Rohrenfeld	de:09185:8709:1:2	48.721321	11.2589	train	MATCHED	n1493124049	5.8	0.69	Rohrenfeld	RB15	Weichering		LINESTRING(11.2589 48.721321,11.258977100000001 48.721331000000006)
542	Neuburg-Donau	Augsburger Unterführung	de:09185:5187:0:1	48.728604	11.179965	bus	MATCHED	n10082160649	16.3	1.0	Augsburger Unterführung	403,404	Neuburg-Feldkirchen, Südpark / Neuburg (Donau), Münchener Straße 109 / Neuburg (Donau), Schwalbangerschule / Neuburg (Donau), Münchener Straße 155 / Neuburg, Baywa / Adolf-Kolping-Straße / Neuburg-Donau,Rödenhof,Hauptstraße / Neuburg, Weiherleite / Neuburg-Feldkirchen, Kapellenweg / Neuburg (Donau) / Neuburg-Donau, Augsburger Unterführung	Schwalbanger	LINESTRING(11.179965 48.728604,11.18017 48.728658700000004)
543	Neuburg-Donau	Augsburger Unterführung	de:09185:5187:0:3	48.727786	11.181438	bus	MATCHED_THOUGH_NAMES_DIFFER	n5214867239	0.1	1.0	Schwalbanger	410,460	Neuburg, Baywa / Neuburg (Donau), Parkschule		LINESTRING(11.181438 48.727786,11.181439500000002 48.7277853)
544	Neuburg-Donau	Augsburger Unterführung	de:09185:7737:0:2	48.728604	11.179965	bus	MATCHED	n10082160650	5.4	1.0	Augsburger Unterführung	410,425,430,X425	Neuburg (Donau), Paul-Winter-Schule / Neuburg (Donau) / Neuburg, Spitalplatz / Neuburg, Baywa	Neuburg, Bahnhof	LINESTRING(11.179965 48.728604,11.179924600000001 48.7286446)
545	Neuburg-Donau	Hardt, Bushaltestelle	de:09185:5109:0:99	48.704985	11.185894	bus	MATCHED_THOUGH_NAMES_DIFFER	n5659409714	46.7	1.0	Hardt	480	Ballersdorf, Ortsmitte / Altmannstetten, Ortsmitte		LINESTRING(11.185894 48.704985,11.1857892 48.7045704)
546	Neuburg-Donau	Rödenhof, Hauptstraße	de:09185:8742:0:1	48.720076	11.218098	bus	MATCHED	n5260904055	14.7	1.0	Rödenhof, Hauptstraße	420,430,450	Zell, Kirche / Rosing, Abzweig / Neuburg (Donau), Kollachenweg	Zell, Kirche	LINESTRING(11.218098 48.720076,11.2182936 48.720049700000004)
547	Neuburg-Donau	Rödenhof, Hauptstraße	de:09185:8742:0:2	48.720349	11.217856	bus	MATCHED	n5260904054	6.5	1.0	Rödenhof, Hauptstraße	420,450	Neuburg, Neuzell, Bushaltestelle / Neuburg, Hofgarten Ri. Bittenbrunn / Neuburg (Donau), Kollachenweg / Marienheim, Bushaltestelle		LINESTRING(11.217856 48.720349,11.217775900000001 48.7203735)
548	Neuburg-Donau	Sehensand, Am Anger	de:09185:5064:0:1	48.714108	11.159358	bus	MATCHED	n5659445269	7.9	1.0	Sehensand, Ortsende	460,480	Sehensand, Kahlhof / Sehensand, Waldstraße	Kahlhof	LINESTRING(11.159358 48.714108,11.159462000000001 48.714089900000005)
549	Neuburg-Donau	Sehensand, Am Anger	de:09185:5064:0:2	48.714114	11.159456	bus	NO_MATCH_BUT_OTHER_PLATFORM_MATCHED					410,480	Neuburg-Feldkirchen, Mittelweg		POINT(11.159456 48.714114)
550	Neuburg-Feldkirchen	Kapellenweg	de:09185:1828:0:1	48.72192	11.177872	bus	MATCHED	n10094859970	1.4	1.0	Kapellenweg	410,420,425,430,460,480	Neuburg-Feldkirchen, Mittelweg / Neuburg-Feldkirchen, Schmidtweg		LINESTRING(11.177872 48.72192,11.1778586 48.7219108)
551	Neuburg-Feldkirchen	Kapellenweg	de:09185:1828:0:2	48.72192	11.177872	bus	MATCHED	n5214867244	61.2	1.0	Kapellenweg	410,425,430,480	Neuburg (Donau), Schwalbangerschule / Neuburg-Donau, Augsburger Unterführung / Neuburg-Feldkirchen, Südpark / Neuburg, Baywa	Südpark I / Münchener Str. - Sonax	LINESTRING(11.177872 48.72192,11.177845600000001 48.7213702)
552	Neuburg-Feldkirchen	Mittelweg	de:09185:1826:0:1	48.718441	11.177459	bus	MATCHED	n5214867248	5.2	1.0	Mittelweg	410,420,425,430,460	Wagenhofen, Ortsmitte / Wagenhofen, Kreuzung / Sehensand, Kahlhof / Wagenhofen, Kreuzung / Altmannstetten, Hauptsstraße		LINESTRING(11.177459 48.718441,11.1774602 48.7183945)
553	Neuburg-Feldkirchen	Mittelweg	de:09185:1826:0:2	48.717492	11.177728	bus	NO_MATCH_BUT_OTHER_PLATFORM_MATCHED					410,425,430,480	Neuburg-Feldkirchen, Schmidtweg / Neuburg-Donau, Augsburger Unterführung		POINT(11.177728 48.717492)
554	Neuburg-Feldkirchen	Schmidtweg	de:09185:1827:0:1	48.720207	11.177486	bus	MATCHED	n5214867247	8.0	1.0	Schmidweg	410,425,430,460,480	Neuburg-Feldkirchen, Mittelweg / Neuburg-Donau,Hardt, Bushaltestelle		LINESTRING(11.177486 48.720207,11.177465100000001 48.720277200000005)
555	Neuburg-Feldkirchen	Schmidtweg	de:09185:1827:0:2	48.721416	11.177854	bus	MATCHED	n10154095491	137.1	1.0	Schmidweg	410,425,430,460,480	Neuburg-Feldkirchen, Kapellenweg / Neuburg-Donau, Augsburger Unterführung	Kapellenweg	LINESTRING(11.177854 48.721416,11.1776058 48.720194400000004)
556	Neuburg-Feldkirchen	Südpark	de:09185:1816:0:99	48.720242	11.172509	bus	MATCHED	n5144929640	65.4	1.0	Südpark II	410,425,430,460,X425	Neuburg-Feldkrichen, Eternitweg / Neuburg-Feldkrichen, Eternitweg / Neuburg, Baywa / Neuburg-Feldkirchen, Kapellenweg / Neuburg (Donau), Kollachenweg	Eternitweg	LINESTRING(11.172509 48.720242,11.1728895 48.720773900000005)
557	Neuburg-Feldkirchen	Südpark Bäckerei Heckel	de:09185:1815:0:99	48.720527	11.169544		MATCHED	n5144929641	7.6	1.0	Südpark, Bäckerei Heckel			Südpark II	LINESTRING(11.169544 48.720527,11.1695986 48.7205846)
558	Neuburg-Feldkirchen	Südpark I	de:09185:1814:0:99	48.721765	11.170757		MATCHED	n5144929643	12.0	1.0	Südpark I			Augsburger Unterführung	LINESTRING(11.170757 48.721765,11.170660600000001 48.7218524)
559	Neuburg-Feldkrichen	Eternitweg	de:09185:1817:0:1	48.722708	11.177908	bus	MATCHED	n5188930929	9.1	1.0	Eternitweg	410,425,430,X425	Neuburg-Feldkirchen, Kapellenweg / Neuburg, Baywa / Neuburg-Feldkirchen, Südpark	BayWa	LINESTRING(11.177908 48.722708,11.177897900000001 48.722626000000005)
560	Neuburg-Feldkrichen	Eternitweg	de:09185:1817:0:2	48.723164	11.178357	bus	MATCHED	n10130986079	5.0	1.0	Eternitweg	410,425,430,X425	Neuburg-Feldkirchen, Südpark / Neuburg, Baywa		LINESTRING(11.178357 48.723164,11.1783072 48.7231941)
561	Neuschwetzingen	Weidenstraße	de:09185:352:0:1	48.693038	11.303357	bus	MATCHED	n3883578916	17.7	1.0	Karlshuld, Weidenstraße	X44	Karlshuld, Neuschwetzingen / Weichering, Am Osterfeld / Karlshuld, Ludwigstraße	Karlshuld-Neuschwetzingen, Ortsmitte	LINESTRING(11.303357 48.693038,11.303263300000001 48.692891800000005)
562	Neuschwetzingen	Weidenstraße	de:09185:352:0:2	48.692926	11.303187	bus	MATCHED	n3883578918	16.5	1.0	Karlshuld, Weidenstraße	X44	Karlshuld, Neuschwetzingen / Karlshuld, Ludwigstraße	Karlshuld, Ludwigstraße	LINESTRING(11.303187 48.692926,11.3033 48.6930545)
563	Niederarnbach	Brunnener Straße	de:09185:8502:0:1	48.64264	11.326947	bus	MATCHED	n4861555509	96.7	1.0	Niederarnbach, Gasthaus	9154,X441	Brunnen, Ingolstädter Straße 12	Brunnen, Ortsmitte	LINESTRING(11.326947 48.64264,11.326015100000001 48.642027500000005)
564	Niederarnbach	Brunnener Straße	de:09185:8502:0:2	48.642527	11.326723	bus	MATCHED	n4861555508	62.2	1.0	Niederarnbach, Gasthaus	9154,X441	Kaltenherberg, Bahnhofstraße / Niederarnbach / Niederarnbach, Siedlerweg	Kaltenherberg, Bahnhofstraße / Niederarnbach, Bahnhof / Niederarnbach, Siedlerweg	LINESTRING(11.326723 48.642527,11.326249800000001 48.642063300000004)
565	Niederarnbach	Siedlerweg	de:09185:7711:0:1	48.642308	11.331645	bus	MATCHED_THOUGH_REVERSED_DIR	n4861555511	119.4	1.0	Niederarnbach, Siedlerweg	X441	Karlshuld, Lederer / Niederarnbach, Brunnener Straße	Kaltenherberg, Bahnhofstraße	LINESTRING(11.331645 48.642308,11.3321232 48.643334100000004)
566	Niederarnbach	Siedlerweg	de:09185:7711:0:2	48.64232	11.331538	bus	MATCHED_THOUGH_REVERSED_DIR	n4861555510	123.0	0.05	Niederarnbach, Siedlerweg	X441	Kaltenherberg, Bahnhofstraße	Niederarnbach, Gasthaus	LINESTRING(11.331538 48.64232,11.3320205 48.643378500000004)
567	Niederdorf	Ortsmitte	de:09185:90271:0:1	48.545439	11.328528	bus	MATCHED_THOUGH_NAMES_DIFFER	n4962587650	1.4	0.11	Schulbus	9159	Niederdorf, Staatsstraße / Strobenried		LINESTRING(11.328528 48.545439,11.328537800000001 48.5454285)
568	Niederdorf	Staatsstraße	de:09185:8516:0:1	48.540949	11.324746	bus	MATCHED	n8948735665	1.8	0.64	Niederdorf	9159,9242	Strobenried / Niederdorf, Ortsmitte	Strobenried	LINESTRING(11.324746 48.540949,11.324735700000002 48.5409633)
569	Niederdorf	Staatsstraße	de:09185:8516:0:2	48.540896	11.324666	bus	MATCHED	n1326859190	13.2	1.0	Niederdorf	9159	Oberlauterbach, Hauptstraße	Oberlauterbach, Schulbushaltestelle / Strobenried	LINESTRING(11.324666 48.540896,11.324594000000001 48.5410046)
570	Oberarnbach	Abz. Brunnen	de:09185:5088:0:1	48.633302	11.270326	bus	MATCHED	n5191605930	7.9	0.57	Oberarnbach, Abzw. Brunnen	430	Alteneich, Bushaltestelle / Edelshausen, Ortsanfang		LINESTRING(11.270326 48.633302,11.270260100000002 48.6332463)
571	Oberarnbach	Abz. Brunnen	de:09185:5088:0:2	48.633302	11.270326	bus	MATCHED	n5191605931	6.8	0.6	Oberarnbach, Abzw. Brunnen	430	Karlshuld, Schule		LINESTRING(11.270326 48.633302,11.2704049 48.633334000000005)
572	Oberarnbach	Ortsmitte	de:09185:5085:0:1	48.634775	11.266868	bus	MATCHED	n5191596833	7.4	0.62	Oberarnbach, Ortsmitte	430	Oberarnbach, Abz. Brunnen / Alteneich, Bushaltestelle		LINESTRING(11.266868 48.634775,11.2668979 48.634711300000006)
573	Oberarnbach	Ortsmitte	de:09185:5085:0:2	48.634715	11.266949	bus	MATCHED	n5191596832	16.7	1.0	Oberarnbach, Ortsmitte	430	Berg im Gau, Krzg. Lagerhaus		LINESTRING(11.266949 48.634715,11.2668839 48.6348593)
574	Oberhausen	Hauptstraße	de:09185:7963:0:1	48.71927	11.112627	bus	MATCHED	n5260582433	0.8	1.0	Oberhausen, Hauptstraße	9114	Neuburg, Kreuzberg / Kreut, Burgwaldring	Kreut / Am Kreuzberg	LINESTRING(11.112627 48.71927,11.1126374 48.719268400000004)
575	Oberhausen	Hauptstraße	de:09185:7963:0:2	48.719608	11.109483	bus	MATCHED_THOUGH_REVERSED_DIR	n10094691203	4.2	1.0	Oberhausen, Hauptstraße	9114	Unterhausen, Kirche	Oberhausen, Schule / Moos / Abzweigung im Westerfeld	LINESTRING(11.109483 48.719608,11.109477700000001 48.719570600000004)
576	Oberhausen	Raiffeisenbank	de:09185:8942	48.722091	11.110489		NO_MATCH_AND_SEEMS_UNSERVED								POINT(11.110489 48.722091)
577	Oberhausen	Schule	de:09185:7962:0:1	48.720017	11.113651	bus	MATCHED_THOUGH_REVERSED_DIR	n5730821748	30.7	1.0	Oberhausen, Schule	9114	Oberhausen, Hauptstraße / Unterhausen, Kirche	Abzweigung im Westerfeld / Oberhausen-Sinning, Kapelle / Leidling / Am Kreuzberg / Oberhausen, Abzw. Bf. Unterhausen / Unterhausen, Bahnhof	LINESTRING(11.113651 48.720017,11.1132342 48.720015200000006)
578	Oberhausen	Schule	de:09185:7962:0:2	48.720017	11.113651	bus	NO_MATCH_BUT_OTHER_PLATFORM_MATCHED					9114	Leidling / Kreut, Burgwaldring / Unterhausen, Kirche / Unterhausen, Kirche		POINT(11.113651 48.720017)
579	Oberhausen	St. Wolfgang	de:09185:5143:0:1	48.6775	11.103671	bus	MATCHED	n5075867835	22.3	1.0	St. Wolfgang	460	Burgheim, Dezenacker	Sinning, Ortsmitte	LINESTRING(11.103671 48.6775,11.103373000000001 48.677465500000004)
580	Oberhausen	St. Wolfgang	de:09185:5143:0:2	48.6775	11.103671	bus	NO_MATCH_BUT_OTHER_PLATFORM_MATCHED					460	Sinning, Herrengasse / Burgheim, Dezenacker		POINT(11.103671 48.6775)
581	Oberhausen	Unterhausen (Bay)	de:09185:7967:1:1	48.71671	11.100635	train	MATCHED	n4216168528	12.8	0.52	Unterhausen (Bay)	RB15	Neuburg (Donau) / Neuburg (Donau)		LINESTRING(11.100635 48.71671,11.1004828 48.7167656)
582	Oberhausen	Unterhausen (Bay)	de:09185:7967:1:2	48.716663	11.100581	train	MATCHED	n11197875938	11.4	0.54	Unterhausen	RB15	Neuburg (Donau) / Neuburg (Donau) / Straß-Moos	Neuburg (Donau) / Straß-Moos	LINESTRING(11.100581 48.716663,11.1004462 48.716713000000006)
583	Oberhausen	Unterhausen (Bay)	de:09185:7967:2:1	48.717072	11.100437	bus	MATCHED	n5517176277	19.4	1.0	Unterhausen, Bahnhof	460,9114	Sinning, Im Westerfeld / Unterhausen, Bahnhofstr. / Unterhausen, Kirche / Oberhausen, Hauptstraße	Oberhausen, Hauptstraße / Unterhausen, Kirche	LINESTRING(11.100437 48.717072,11.1001785 48.717105100000005)
584	Oberhausen	Unterhausen (Bay)	de:09185:7967:2:2	48.717119	11.100338	bus	NO_MATCH_AND_SEEMS_UNSERVED								POINT(11.100338 48.717119)
585	Oberhausen-Sinning	Kapelle	de:09185:7959:0:1	48.69302	11.104992	bus	MATCHED	n10094857448	2.5	1.0	Oberhausen-Sinning, Kapelle	9114	Sinning, Im Westerfeld	Abzweigung im Westerfeld / Sinning, Ortsmitte	LINESTRING(11.104992 48.69302,11.104975600000001 48.6930399)
586	Oberhausen-Sinning	Kapelle	de:09185:7959:0:2	48.692967	11.104911	bus	NO_MATCH_BUT_OTHER_PLATFORM_MATCHED					9114	Sinning, Herrengasse		POINT(11.104911 48.692967)
587	Oberlauterbach	Hauptstraße	de:09185:8515:0:1	48.538118	11.326498	bus	MATCHED_THOUGH_REVERSED_DIR	n4962567093	15.0	1.0	Oberlauterbach, Schulbushaltestelle	9159	Niederdorf, Staatsstraße	Aresing, Wehamer Straße / Aresing, Bauernstraße 7/22	LINESTRING(11.326498 48.538118,11.3265154 48.537983700000005)
588	Oberlauterbach	Hauptstraße	de:09185:8515:0:2	48.53791	11.326561	bus	MATCHED_THOUGH_REVERSED_DIR	n4962567092	14.8	1.0	Oberlauterbach, Schulbushaltestelle	9159	Aresing, Wehamer Str.	Niederdorf	LINESTRING(11.326561 48.53791,11.3266173 48.5380375)
589	Obermaxfeld	Friedhof	de:09185:5076:0:1	48.689878	11.214469	bus	MATCHED	n5659451585	9.6	1.0	Obermaxfeld, Friedhof	420,430	Untermaxfeld, Krzg, Obermaxfeld / Untermaxfeld, Kreuzung Ingolstädter Straße / Obermaxfeld, Ringstraße	Königmoos-Untermaxfeld, Pfalzstraße	LINESTRING(11.214469 48.689878,11.214597600000001 48.6898928)
590	Obermaxfeld	Friedhof	de:09185:5076:0:2	48.689706	11.215538	bus	NO_MATCH_BUT_OTHER_PLATFORM_MATCHED					430	Königsmoos, Abzweig Obermaxfeld / Untermaxfeld, Kreuzung Ingolstädter Straße / Karlshuld, Schule		POINT(11.215538 48.689706)
591	Obermaxfeld	Ringstraße	de:09185:5115:0:1	48.686539	11.210229	bus	MATCHED_THOUGH_DISTANT	n10138491112	219.0	1.0	Obermaxfeld	420	Königsmoos, Abzweig Obermaxfeld		LINESTRING(11.210229 48.686539,11.208247400000001 48.685070200000006)
592	Obermaxfeld	Ringstraße	de:09185:5115:0:2	48.686539	11.210229		NO_MATCH_AND_SEEMS_UNSERVED								POINT(11.210229 48.686539)
593	Ortlfing	Stefanstraße	de:09185:7951:0:1	48.697811	11.041085	bus	MATCHED_THOUGH_REVERSED_DIR	n5075832332	7.4	1.0	Ortlfing	9114	Burgheim-Biding	Burgheim, Schule / Straß, Kirche / Burgheim, Bahnhof	LINESTRING(11.041085 48.697811,11.041179300000001 48.6978342)
594	Ortlfing	Stefanstraße	de:09185:7951:0:2	48.697586	11.041193	bus	MATCHED_THOUGH_REVERSED_DIR	n5075832333	8.0	1.0	Ortlfing	9114	Burgheim-Straß, Kirche / Burgheim, Schule / Burgheim	Biding	LINESTRING(11.041193 48.697586,11.041120300000001 48.6975324)
595	Peutenhausen	Abz Gachenbach	de:09185:7842:0:1	48.520777	11.230235		MATCHED	n4966766116	5.7	0.38	Peutenhausen, Gh Alter Wirt			Mangelsdorf, Abzw.	LINESTRING(11.230235 48.520777,11.2301946 48.5207332)
596	Peutenhausen	Hauptstraße	de:09185:7841:0:1	48.521717	11.231106	bus	MATCHED	n2147986018	6.4	1.0	Peutenhausen, Gh Alter Wirt	9150	Schrobenhausen, Augsburger Straße / Gachenbach, Kirche / Gachenbach, Kirche	Augsburger Straße	LINESTRING(11.231106 48.521717,11.231095900000001 48.521659500000005)
597	Pobenhausen	Abzw. Fruchtheim	de:09185:378:0:1	48.667742	11.370587	bus	NO_MATCH					445	Adelshausen, Siedlungsstraße		POINT(11.370587 48.667742)
598	Pobenhausen	Abzw. Fruchtheim	de:09185:378:0:2	48.667742	11.370587	bus	NO_MATCH					445	Karlskron, Probfeld Nr. 7 / Adelshausen, Reichertshof. Str / Karlskron, Hauptstraße / Josephenburg		POINT(11.370587 48.667742)
599	Rachelsbach	Bachstr. 	de:09185:8508:0:1	48.571725	11.329364		MATCHED	n4977846820	14.9	1.0	Rachelsbach, Bachstraße			Rachelsbach, Grundäcker	LINESTRING(11.329364 48.571725,11.3295463 48.571666400000005)
600	Rachelsbach	Bachstr. 	de:09185:8508:0:2	48.571653	11.329436		MATCHED	n9311038127	7.5	0.44	Rachelsbach, Bachstraße				LINESTRING(11.329436 48.571653,11.3294531 48.5717197)
601	Rachelsbach	Grundäcker	de:09185:8937:0:1	48.573912	11.334385		MATCHED	n1142867059	20.9	1.0	Rachelsbach, Grundäcker			Rachelsbach, Bachstraße / Waidhofen, Hofmarktstraße	LINESTRING(11.334385 48.573912,11.3345637 48.573766500000005)
602	Rachelsbach	Grundäcker	de:09185:8937:0:2	48.573799	11.334394		MATCHED	n10094671944	16.4	1.0	Rachelsbach, Grundäcker				LINESTRING(11.334394 48.573799,11.3346012 48.573852900000006)
603	Rennertshofen	Altstetten	de:09185:7796:0:1	48.813327	11.031689	bus	MATCHED	n7528699082	15.5	1.0	Altstetten	102	Emskeim, Feuerwehrhaus		LINESTRING(11.031689 48.813327,11.0317097 48.813188100000005)
604	Rennertshofen	Ammerfeld	de:09185:7797:0:1	48.793405	10.994714	bus	MATCHED	n5258342123	11.8	1.0	Ammerfeld	102	Emskeim, Feuerwehrhaus	Emskeim	LINESTRING(10.994714 48.793405,10.9947342 48.793510500000004)
605	Rennertshofen	Ammerfeld	de:09185:7797:0:2	48.793299	10.994822	bus	NO_MATCH_BUT_OTHER_PLATFORM_MATCHED					102	Kienberg, Kirche		POINT(10.994822 48.793299)
606	Rennertshofen	Bertoldsheimer Str	de:09185:90274:0:1	48.757785	11.043277	bus	NO_MATCH					102	Rennertshofen, Volksschule / Rennertshofen, Marktstraße		POINT(11.043277 48.757785)
607	Rennertshofen	Dittenfeld	de:09185:90272:0:1	48.74819	11.098596	bus	MATCHED	n5730841050	0.6	0.91	Dittenfeld	102	Stepperg, Poststraße / Riedensheim, Auenstraße	Stepperg, Poststraße	LINESTRING(11.098596 48.74819,11.0985893 48.748186600000004)
608	Rennertshofen	Erlbach	de:09185:7798:0:1	48.760609	11.007336	bus	MATCHED	n10079921291	5.4	1.0	Erlbach	102	Bertoldsheim, Siedlung		LINESTRING(11.007336 48.760609,11.007274800000001 48.7605814)
609	Rennertshofen	Hatzenhofen	de:09185:7645:0:1	48.751228	11.055476		NO_MATCH_AND_SEEMS_UNSERVED								POINT(11.055476 48.751228)
610	Rennertshofen	Hatzenhofen	de:09185:7645:0:2	48.751015	11.055575		NO_MATCH_AND_SEEMS_UNSERVED								POINT(11.055575 48.751015)
611	Rennertshofen	Marktstraße	de:09185:7679:0:1	48.755949	11.049961	bus	MATCHED	n5258295520	13.9	1.0	Rennertshofen, Marktstraße 28	102	Rennertshofen, Mittelweg / Rohrbach, Herleinstraße		LINESTRING(11.049961 48.755949,11.049834800000001 48.755856300000005)
612	Rennertshofen	Marktstraße	de:09185:7679:0:2	48.75612	11.049862	bus	NO_MATCH_BUT_OTHER_PLATFORM_MATCHED					102,103	Hatzenhofen, Neuburger Straße		POINT(11.049862 48.75612)
613	Rennertshofen	Mittelweg	de:09185:7836:0:1	48.760728	11.040483	bus	MATCHED	n10095211988	12.6	1.0	Rennertshofen, Mittelweg	102	Rennertshofen, Trugenhofener		LINESTRING(11.040483 48.760728,11.0405168 48.760839100000005)
614	Rennertshofen	Mittelweg	de:09185:7836:0:2	48.760923	11.040358	bus	MATCHED_THOUGH_DISTANT	n5730891444	204.7	0.15	Rennertshofen, Trugenhofener Straße	102	Rennertshofen, Marktstraße	Rohrbach, Herleinstraße	LINESTRING(11.040358 48.760923,11.038562800000001 48.7595157)
615	Rennertshofen	Trugenhofen	de:09185:90277:0:1	48.773843	10.998963	bus	NO_MATCH					102	Erlbach		POINT(10.998963 48.773843)
616	Rennertshofen	Trugenhofener	de:09185:7799:0:1	48.758507	11.041741	bus	MATCHED	n5730891443	5.5	1.0	Rennertshofen, Trugenhofener Straße	102	Bertoldsheim, Am Schlossberg / Erlbach		LINESTRING(11.041741 48.758507,11.041687600000001 48.758541400000006)
617	Rennertshofen	Trugenhofener	de:09185:7799:0:2	48.758347	11.041795	bus	NO_MATCH_BUT_OTHER_PLATFORM_MATCHED					102	Rennertshofen, Mittelweg / Rennertshofen, Marktstraße		POINT(11.041795 48.758347)
618	Rennertshofen	Volksschule	de:09185:7764:0:1	48.760515	11.048092	bus	MATCHED	n5961542829	38.1	1.0	Rennertshofen, Schule	102,103	Rennertshofen, Mittelweg / Hatzenhofen, Neuburger Straße	Rennertshofen, Kapelle/Abzw. Mittelweg	LINESTRING(11.048092 48.760515,11.0478473 48.7602132)
619	Rettenbach	Dorfstraße	de:09185:7858:0:1	48.528243	11.254866	bus	MATCHED_THOUGH_REVERSED_DIR	n2133707832	4.6	1.0	Aresing, Rettenbach	9158,9159	Aresing-Autenzell	Aresing, Rosenberg	LINESTRING(11.254866 48.528243,11.2549151 48.5282179)
620	Rettenbach	Dorfstraße	de:09185:7858:0:2	48.528178	11.254795	bus	MATCHED_THOUGH_REVERSED_DIR	n8948735667	7.2	1.0	Aresing, Rettenbach	9158	Rosensteig	Aresing, Autenzell	LINESTRING(11.254795 48.528178,11.254758200000001 48.528117900000005)
621	Ried	Eubelgasse	de:09185:8478:0:1	48.747787	11.186145	bus	MATCHED_THOUGH_REVERSED_DIR	n4880441552	27.1	1.0	Ried, Eubelgasse	9112,9239	Neuburg, Ingolstädter Str.	Unterstall, Joshofener Straße 5 / Hessellohe, Gemeindegasse / Hessellohe, Kindergarten / Joshofen, Jurahang / Unterstall, Am Spielplatz	LINESTRING(11.186145 48.747787,11.186500800000001 48.7477226)
622	Ried	Eubelgasse	de:09185:8478:0:2	48.747734	11.18646	bus	MATCHED_THOUGH_REVERSED_DIR	n4880441553	12.7	1.0	Ried, Eubelgasse	405,9112,9239	Hessellohe, Kindergarten / Nassenfels, Eichstätter Str. / Egweil, Schulweg / Unterstall, Spielplatz / Joshofen, Jurahang / Joshofen, Abzw.	Ingolstädter Straße	LINESTRING(11.18646 48.747734,11.1863539 48.7478241)
623	Ried	Eugen-Erdner-Str. 	de:09185:8479:0:1	48.74883	11.191284	bus	MATCHED	n10131007021	14.5	1.0	Eugen-Erdner-Straße	104	Neuburg, Ingolstädter Str.		LINESTRING(11.191284 48.74883,11.191105400000001 48.7488861)
624	Ried	Eugen-Erdner-Str. 	de:09185:8479:0:2	48.748924	11.191203	bus	NO_MATCH_BUT_OTHER_PLATFORM_MATCHED					104	Attenfeld Straßwirt		POINT(11.191203 48.748924)
625	Ried	Gemeindehaus	de:09185:7811:0:1	48.749416	11.184079		MATCHED	n5731089693	12.5	1.0	Hessellohe, Kindergarten				LINESTRING(11.184079 48.749416,11.1839426 48.749348600000005)
626	Riedensheim	Auenstraße	de:09185:7801:0:1	48.747503	11.105486	bus	MATCHED	n10126786709	28.7	1.0	Riedensheim, Auenstraße	102	Dittenfeld / Stepperg, Poststraße	Dittenfeld	LINESTRING(11.105486 48.747503,11.105876100000001 48.747496700000006)
627	Riedensheim	Auenstraße	de:09185:7801:0:2	48.747313	11.10545	bus	MATCHED	n5258370921	19.5	1.0	Riedensheim, Auenstraße	102	Riedensheim, Tierheim		LINESTRING(11.10545 48.747313,11.1057079 48.7473527)
628	Riedensheim	Tierheim	de:09185:7802:0:1	48.744879	11.126991	bus	MATCHED	n5730830159	21.7	1.0	Finkenstein, Tierheim	102	Riedensheim, Auenstraße		LINESTRING(11.126991 48.744879,11.1272157 48.744751900000004)
629	Riedensheim	Tierheim	de:09185:7802:0:2	48.745039	11.126641	bus	MATCHED_THOUGH_REVERSED_DIR	n5126994026	19.2	1.0	Finkenstein, Tierheim	102	Bittenbrunn, Rennertshof. Weg / Bittenbrunn, Kirche	Riedensheim, Auenstraße	LINESTRING(11.126641 48.745039,11.126386100000001 48.7450029)
630	Rohrbach	Herleinstraße	de:09185:7779:0:1	48.778721	11.031419	bus	MATCHED	n5258326818	3.2	1.0	Rohrbach, Herleinstraße	102	Kienberg, Kirche / Rennertshofen, Volksschule	Kienberg, Kirche	LINESTRING(11.031419 48.778721,11.031402 48.778747900000006)
631	Rohrenfeld	Gut Rohrenfeld	de:09185:7785:0:1	48.726595	11.274719	bus	MATCHED	n5503322927	16.7	1.0	Gut Rohrenfeld	101	Maxweiler		LINESTRING(11.274719 48.726595,11.2745878 48.7264728)
632	Rohrenfeld	Gut Rohrenfeld	de:09185:7785:0:2	48.726453	11.274611	bus	NO_MATCH_BUT_OTHER_PLATFORM_MATCHED					101	Bruck, Sedelfeldweg		POINT(11.274611 48.726453)
633	Rohrenfels	Bräustraße	de:09185:5028:0:99	48.686503	11.154938	bus	MATCHED	n5260749421	9.5	1.0	Rohrenfels, Schneiderbräu	410,480	Isenhofen, Hauptstraße / Rohrenfels, Feuerwehrhaus		LINESTRING(11.154938 48.686503,11.1548674 48.6864319)
634	Rohrenfels	Feuerwehrhaus	de:09185:5061:0:99	48.685596	11.154255	bus	MATCHED	n10171053286	49.7	1.0	Rohrenfels, Feuerwehrhaus	410,425,480	Ehekirchen-Fernmittenhausen, Am Weiher / Rohrenfels, Neue Siedlung / Isenhofen, Hauptstraße / Ergertshausen, Ortsstraße / Rohrenfels, Kirchgasse		LINESTRING(11.154255 48.685596,11.1544798 48.685174700000005)
635	Rohrenfels	Kirchgasse	de:09185:5027:0:1	48.687583	11.155719		MATCHED	n4985334758	6.7	1.0	Rohrenfels, Kirche			Wagenhofen, Ortsmitte	LINESTRING(11.155719 48.687583,11.1556862 48.68752670000001)
636	Rohrenfels	Kirchgasse	de:09185:5027:0:2	48.687589	11.155683	bus	MATCHED	n4981844532	7.6	1.0	Rohrenfels, Kirche	410,480	Ergertshausen, Ortsstraße / Wagenhofen, Feuerwehrhaus		LINESTRING(11.155683 48.687589,11.155603500000002 48.6876319)
637	Rohrenfels	Neue Siedlung	de:09185:5060:0:1	48.681189	11.154974	bus	MATCHED	n5260733782	18.8	1.0	Rohrenfels, Neue Siedlung	410,425,480	Baiern, Ortsmitte / Rohrenfels, Feuerwehrhaus / Ergertshausen, Ortsstraße		LINESTRING(11.154974 48.681189,11.154827200000001 48.6813275)
638	Rohrenfels	Neue Siedlung	de:09185:5060:0:2	48.681189	11.154974	bus	MATCHED	n10095295338	16.1	1.0	Rohrenfels, Neue Siedlung	410,480	Ehekirchen-Fernmittenhausen, Am Weiher / Rohrenfels, Feuerwehrhaus	Rohrenfels, Feuerwehrhaus	LINESTRING(11.154974 48.681189,11.1550042 48.6813328)
639	Rohrenfels	Schulstraße	de:09185:5026:0:1	48.688205	11.156672	bus	NO_MATCH_BUT_OTHER_PLATFORM_MATCHED					410,425,460,480	Rohrenfels, Feuerwehrhaus / Rohrenfels, Bräustraße / Sinning, Herrengasse / Wagenhofen, Kreuzung / Isenhofen, Hauptstraße		POINT(11.156672 48.688205)
640	Rohrenfels	Schulstraße	de:09185:5026:0:2	48.688294	11.156564		MATCHED	n5260744022	0.3	0.74	Rohrenfels, Hauptstraße				LINESTRING(11.156564 48.688294,11.1565679 48.688293800000004)
641	Rosing	Abzweig	de:09185:5131:0:1	48.695481	11.223273	bus	NO_MATCH_BUT_OTHER_PLATFORM_MATCHED					450	Zell, Kirche		POINT(11.223273 48.695481)
642	Rosing	Abzweig	de:09185:5131:0:2	48.695481	11.223273	bus	MATCHED_THOUGH_REVERSED_DIR	n5659481822	22.1	1.0	Königmoos-Obermaxfeld	450	Zell, Kirche	Obermaxfeld, Friedhof / Rosing, Abzw.	LINESTRING(11.223273 48.695481,11.222992900000001 48.6955522)
643	SOB	Seniorenzentrum Haus Nikolaus	de:09185:1773:0:99	48.572111	11.264901	bus	MATCHED_THOUGH_DISTANT	n5015339084	285.3	1.0	Seniorenheim St. Nikolaus	730	Schrobenhausen, Krankenhaus		LINESTRING(11.264901 48.572111,11.263065000000001 48.5743693)
644	Sandizell	Kindergarten	de:09185:8641:0:1	48.575101	11.172671		NO_MATCH_AND_SEEMS_UNSERVED								POINT(11.172671 48.575101)
645	Sandizell	Kindergarten	de:09185:8641:0:2	48.575011	11.172922		NO_MATCH_AND_SEEMS_UNSERVED								POINT(11.172922 48.575011)
646	Sandizell	Max-Emanuel-Straße	de:09185:8632:0:1	48.57856	11.175689	bus	MATCHED_THOUGH_DISTANT	n2921062055	220.2	0.08	Sandizell, Max-Emanuel-Straße	9151	Pfarrer-Rheinhard-Straße	Sandizell, Im Johannesfeld	LINESTRING(11.175689 48.57856,11.1747276 48.576685600000005)
647	Sandizell	Max-Emanuel-Straße	de:09185:8632:0:2	48.578417	11.175698		MATCHED	n5905925312	14.9	1.0	Sandizell, Max-Emanuel-Straße				LINESTRING(11.175698 48.578417,11.1757635 48.5785434)
648	Schainbach	Kirche	de:09185:5024:0:99	48.612615	11.092685	bus	MATCHED	n5075702006	10.7	1.0	Schainbach, Kirche	410,480,490	Schainbach, Ortsmitte / Walda, Raiffeisenbank / Schönesberg, Rieder Straße / Walda, Schloßweg / Ehekirchen, Ried, Staatsstraße 2035	Schainbach, Ortsmitte	LINESTRING(11.092685 48.612615,11.0928059 48.6125623)
649	Schainbach	Ortsmitte	de:09185:5058:0:99	48.612882	11.099197	bus	MATCHED	n5075704788	13.4	1.0	Schainbach, Ortsmitte	410,490	Schainbach, Kirche / Ehekirchen, Ried, Ortsmitte	Ried, Staatsstraße 2035	LINESTRING(11.099197 48.612882,11.0993755 48.612904400000005)
650	Schenkenau	Abz. Schloßweg	de:09185:90262:0:1	48.586238	11.375313	bus	MATCHED	n10132427721	22.4	1.0	Schenkenau, Abz. Schloßweg	9153,9242	Hohenwart, Pfaffenhofener Straße/Vormark / Waidhofen, Ostendstr.		LINESTRING(11.375313 48.586238,11.375185400000001 48.5860551)
651	Schenkenau	Abz. Schloßweg	de:09185:90262:0:2	48.58616	11.375304	bus	MATCHED	n10132427722	35.1	1.0	Schenkenau, Abz. Schloßweg	9153,9242	Waidhofen, Kirche / Waidhofen, Hofmarkstraße / Hohenwart, Pfaffenhofener Straße/Vormark		LINESTRING(11.375304 48.58616,11.374948 48.5859504)
652	Schrobenhausen	AN Schwaiger	de:09185:90043	48.559383	11.266886		MATCHED_AMBIGUOUSLY	w894508321	27.5	0.16	Schrobenhausen, Omnibusbf.			Georg-Leinfelder-Straße / Aresing, Zum Alten Wirt / Aresing, Bauernstraße 7/22 / Singenbach / Schrobenhausen, Bahnhof	LINESTRING(11.266886 48.559383,11.266527907351287 48.5593134393951)
653	Schrobenhausen	AN Schwaiger	de:09185:90043	48.559383	11.266886		MATCHED_AMBIGUOUSLY	w894508322	16.9	0.23	Schrobenhausen, Omnibusbf.			Schrobenhausen, Bahnhof	LINESTRING(11.266886 48.559383,11.266659611763105 48.55940681585004)
654	Schrobenhausen	AN Schwaiger	de:09185:90043	48.559383	11.266886		MATCHED_AMBIGUOUSLY	w894508326	14.8	0.25	Schrobenhausen, Omnibusbf.			Mangelsdorf, Abzw. / Schrobenhausen, Bahnhof / Augsburger Straße	LINESTRING(11.266886 48.559383,11.266685843982199 48.55937973931026)
655	Schrobenhausen	AN Schwaiger	de:09185:90043	48.559383	11.266886		MATCHED_AMBIGUOUSLY	w894508323	28.8	0.16	Schrobenhausen, Omnibusbf.			Schrobenhausen, Bahnhof	LINESTRING(11.266886 48.559383,11.26650162237996 48.55934051107889)
656	Schrobenhausen	Am Kellerberg	de:09185:1749:0:1	48.553925	11.276965	bus	MATCHED	n4995423865	40.9	1.0	Am Kellerberg	710	Schrobenhausen, St.-Ulrich-Straße		LINESTRING(11.276965 48.553925,11.276751500000001 48.5542646)
657	Schrobenhausen	Am Kellerberg	de:09185:1749:0:2	48.554145	11.276839	bus	MATCHED	n4995423864	6.8	1.0	Am Kellerberg	710	Schrobenhausen, Am Zacherkeller		LINESTRING(11.276839 48.554145,11.2769016 48.5541903)
658	Schrobenhausen	Am Oberen Tor	de:09185:1734:0:1	48.559241	11.264694	bus	MATCHED	n4977887029	27.7	0.23	Oberes Tor	710	Schrobenhausen, Leinfelder / Gritschen / Schrobenhausen, Lenbachstraße (Stadtmitte)		LINESTRING(11.264694 48.559241,11.264846 48.559468700000004)
659	Schrobenhausen	Am Oberen Tor	de:09185:1734:0:2	48.559276	11.264703	bus	MATCHED	n4977887030	22.1	0.26	Oberes Tor	710	Schrobenhausen, Lenbachstraße (Stadtmitte)		LINESTRING(11.264703 48.559276,11.264703800000001 48.559474900000005)
660	Schrobenhausen	Am Zacherkeller	de:09185:1750:0:1	48.554859	11.274288	bus	MATCHED	n4972255609	7.0	1.0	Am Zacherkeller	710,9242	Schrobenhausen, Am Kellerberg / Niederdorf, Staatsstraße		LINESTRING(11.274288 48.554859,11.274215 48.554819300000005)
661	Schrobenhausen	Am Zacherkeller	de:09185:1750:0:2	48.554894	11.274117	bus	MATCHED	n4972255610	1.3	1.0	Am Zacherkeller	710	Schrobenhausen, Zöllnerstraße		LINESTRING(11.274117 48.554894,11.2741238 48.554883200000006)
662	Schrobenhausen	Am Zacherkeller	de:09185:7318:0:1	48.554734	11.27471		MATCHED	n9024877630	8.5	1.0	Pfaffenhofener Straße/Am Kellerberg			Niederdorf	LINESTRING(11.27471 48.554734,11.274739400000001 48.5546604)
663	Schrobenhausen	Am Zacherkeller	de:09185:7318:0:2	48.554775	11.273668		MATCHED	n9313359224	8.6	1.0	Pfaffenhofener Straße/Am Kellerberg				LINESTRING(11.273668 48.554775,11.2737013 48.5548492)
664	Schrobenhausen	An der Weilach	de:09185:1753:0:1	48.558622	11.276767	bus	MATCHED	n10082108664	16.8	1.0	An der Weilach	710	Schrobenhausen, Fröbelstraße		LINESTRING(11.276767 48.558622,11.2769589 48.558540300000004)
665	Schrobenhausen	An der Weilach	de:09185:1753:0:2	48.558533	11.276983	bus	MATCHED	n10082108665	9.1	1.0	An der Weilach	710	Schrobenhausen, Mittelschule		LINESTRING(11.276983 48.558533,11.2770823 48.558582)
666	Schrobenhausen	Augsburger Straße	de:09185:7838:0:1	48.554032	11.266545	bus	MATCHED	n4995441144	44.2	1.0	Augsburger Straße	9150,9158	Rosensteig / Schrobenhausen / Schrobenhausen, Omnibusbahnhof / Schrobenhausen, Omnibusbahnhof / Gachenbach, Kirche / Peutenhausen, Hauptstraße / Schrobenhausen, Rettenbacher Straße		LINESTRING(11.266545 48.554032,11.2666967 48.5536474)
667	Schrobenhausen	Augsburger Straße	de:09185:7838:0:2	48.553461	11.26667		MATCHED	n4995441145	13.1	0.43	Augsburger Straße				LINESTRING(11.26667 48.553461,11.266583500000001 48.553358300000006)
668	Schrobenhausen	Bahnhof	de:09185:1757:0:1	48.565162	11.259987		MATCHED	n2714820381	52.2	0.14	Schrobenhausen			Brunnen / Radersdorf	LINESTRING(11.259987 48.565162,11.259285100000001 48.565218)
669	Schrobenhausen	Bahnhof	de:09185:1757:0:2	48.565037	11.259825		MATCHED	n2714820386	50.9	0.14	Schrobenhausen				LINESTRING(11.259825 48.565037,11.2592049 48.5652382)
670	Schrobenhausen	Bahnhofstraße	de:09185:1756:0:1	48.56364	11.26314	bus	MATCHED	n5015368350	41.8	1.0	Bahnhofstraße	720,730	Schrobenhausen / Schrobenhausen, Landratsamt	Schrobenhausen, Bahnhof	LINESTRING(11.26314 48.56364,11.2625796 48.563584000000006)
671	Schrobenhausen	Bahnhofstraße	de:09185:1756:0:2	48.564169	11.259053	bus	MATCHED_THOUGH_DISTANT	n5015368349	253.4	1.0	Bahnhofstraße	720,730	Schrobenhausen, Landratsamt / Schrobenhausen, Lenbachstraße (Stadtmitte)		LINESTRING(11.259053 48.564169,11.2623361 48.563500600000005)
672	Schrobenhausen	Drei Linden	de:09185:7839:0:1	48.55691	11.254857		NO_MATCH_AND_SEEMS_UNSERVED								POINT(11.254857 48.55691)
673	Schrobenhausen	Drei Linden	de:09185:7839:0:2	48.556851	11.25492		MATCHED	n1510465081	0.2	0.94	Drei Linden				LINESTRING(11.25492 48.556851,11.2549223 48.556850600000004)
674	Schrobenhausen	Fa. Bauer	de:09185:1758:0:1	48.56386	11.258756	bus	MATCHED	n5015359787	101.5	1.0	Schrobenhausen, Firma Bauer	720	Schrobenhausen, Pöttmeser Straße (Aldi)	Pöttmeser Straße(Aldi)	LINESTRING(11.258756 48.56386,11.257960800000001 48.5631148)
675	Schrobenhausen	Fa. Bauer	de:09185:1758:0:2	48.563937	11.258828		NO_MATCH_AND_SEEMS_UNSERVED								POINT(11.258828 48.563937)
676	Schrobenhausen	Finanzamt	de:09185:7866:0:1	48.559449	11.263553	bus	MATCHED	n4878160209	9.9	1.0	Schrobenhausen, Finanzamt	9150,9154,9242	Schrobenhausen, Am Zacherkeller / Schrobenhausen / Steingriff, Frühlingsstraße / Langenmosen, Raiffeisenstraße / Schrobenhausen, Omnibusbahnhof / Schrobenhausen, Omnibusbahnhof	Schrobenhausen, Knabenrealschule / Schrobenhausen, Omnibusbf. / Pfaffenhofener Straße/Am Kellerberg	LINESTRING(11.263553 48.559449,11.2634191 48.559453600000005)
677	Schrobenhausen	Finanzamt	de:09185:7866:0:2	48.559449	11.263553	bus	MATCHED	n4878160210	7.4	1.0	Schrobenhausen, Finanzamt	9150,9153	Schrobenhausen, Franz-von-Lenbach-Schule / Schrobenhausen, Omnibusbahnhof	Schrobenhausen, Bahnhof	LINESTRING(11.263553 48.559449,11.263535800000001 48.5595149)
678	Schrobenhausen	Franz-von-Lenbach-Schule	de:09185:7865:0:1	48.560638	11.27348	bus	MATCHED	n4962650089	33.5	1.0	Schrobenhausen, Knabenrealschule	9153	Schrobenhausen, Hallenbad	Waidhofen, Hofmarktstraße / Schrobenhausen, Hallenbad	LINESTRING(11.27348 48.560638,11.273370100000001 48.560345600000005)
679	Schrobenhausen	Franz-von-Lenbach-Schule	de:09185:7865:0:2	48.560275	11.273444	bus	NO_MATCH_BUT_OTHER_PLATFORM_MATCHED					9153	Waidhofen, Hofmarkstraße		POINT(11.273444 48.560275)
680	Schrobenhausen	Fröbelstraße	de:09185:1752:0:1	48.557249	11.276022	bus	MATCHED	n4995418907	21.7	1.0	Fröbelstraße	710	Schrobenhausen, Zöllnerstraße		LINESTRING(11.276022 48.557249,11.275848600000002 48.5570912)
681	Schrobenhausen	Fröbelstraße	de:09185:1752:0:2	48.557106	11.275887	bus	MATCHED	n4995418908	11.1	1.0	Fröbelstraße	710	Schrobenhausen, An der Weilach		LINESTRING(11.275887 48.557106,11.2757959 48.5570267)
682	Schrobenhausen	Georg-Leinfelder Straße	de:09185:8470:0:1	48.555227	11.268709	bus	MATCHED	n4962610253	9.1	1.0	Georg-Leinfelder-Straße	9159	Gerolsbacher Straße 72	Gerolsbacher Straße 72	LINESTRING(11.268709 48.555227,11.268735900000001 48.5551468)
683	Schrobenhausen	Georg-Leinfelder Straße	de:09185:8470:0:2	48.555227	11.268709	bus	MATCHED	n4962610254	30.0	1.0	Georg-Leinfelder-Straße	9151,9158,9159	Schrobenhausen, Omnibusbahnhof / Schrobenhausen, Omnibusbahnhof / Schrobenhausen, Omnibusbahnhof	Schrobenhausen, Omnibusbf.	LINESTRING(11.268709 48.555227,11.26842 48.5554171)
684	Schrobenhausen	Gerolsbacher Straße 72	de:09185:8471:0:1	48.549198	11.274252	bus	MATCHED	n4964567538	8.4	1.0	Gerolsbacher Straße 72	9158,9159	Georg-Leinfelder Straße / Aresing, Bauernstraße	Aresing, Bauernstraße 7/22	LINESTRING(11.274252 48.549198,11.274158700000001 48.549155500000005)
685	Schrobenhausen	Gerolsbacher Straße 72	de:09185:8471:0:2	48.549257	11.274342		MATCHED	n4964567536	10.5	0.41	Gerolsbacher Straße 39/72			Georg-Leinfelder-Straße / Aresing, Bauernstraße 7/22 / Oberes Tor	LINESTRING(11.274342 48.549257,11.274286700000001 48.5491697)
686	Schrobenhausen	Gerolsbacher Straße 72 (deakt. )	de:09185:8472:0:1	48.548228	11.275725		NO_MATCH_AND_SEEMS_UNSERVED								POINT(11.275725 48.548228)
687	Schrobenhausen	Gerolsbacher Straße 72 (deakt. )	de:09185:8472:0:2	48.54811	11.275618		MATCHED	n4964567539	153.3	1.0	Gerolsbacher Straße 39			Georg-Leinfelder-Straße	LINESTRING(11.275618 48.54811,11.274389300000001 48.549221200000005)
688	Schrobenhausen	Gollingkreut	de:09185:90257:0:1	48.564264	11.165107	bus	MATCHED_THOUGH_OSM_NO_NAME	n905781900	3.8	0.28		9151	Sandizell, Max-Emanuel-Straße		LINESTRING(11.165107 48.564264,11.1651444 48.564287500000006)
689	Schrobenhausen	Gollingkreut	de:09185:90257:0:2	48.56433	11.164873		NO_MATCH_AND_SEEMS_UNSERVED								POINT(11.164873 48.56433)
690	Schrobenhausen	Hagenauer Forst	de:09185:8904:0:1	48.572539	11.214793	bus	MATCHED	n4971132768	6.4	0.65	Hagenauer Forst	9159	Schrobenhausen, Pöttmeser Straße (Aldi)	Schrobenhausen, Bahnhof	LINESTRING(11.214793 48.572539,11.214782600000001 48.5725964)
691	Schrobenhausen	Hallenbad	de:09185:1755:0:1	48.55672	11.269725	bus	MATCHED	n4995403936	20.0	1.0	Schrobenhausen, Hallenbad	9153	Schrobenhausen, Leinfelder / Gritschen / Schrobenhausen, Leinfelder / Gritschen / Schrobenhausen, Omnibusbahnhof		LINESTRING(11.269725 48.55672,11.2699592 48.5568107)
692	Schrobenhausen	Hallenbad	de:09185:1755:0:2	48.557273	11.270299	bus	MATCHED_THOUGH_REVERSED_DIR	n8972542311	69.1	1.0	Schrobenhausen, Hallenbad	430,710	Schrobenhausen, Mittelschule / Schrobenhausen, Mittelschule	Schrobenhausen, Omnibusbf.	LINESTRING(11.270299 48.557273,11.269702200000001 48.5567943)
693	Schrobenhausen	Hallenbad	de:09185:8633:0:1	48.556375	11.269374		NO_MATCH_AND_SEEMS_UNSERVED								POINT(11.269374 48.556375)
694	Schrobenhausen	Hallenbad	de:09185:8633:0:2	48.556416	11.269177		NO_MATCH_AND_SEEMS_UNSERVED								POINT(11.269177 48.556416)
695	Schrobenhausen	Halsbach	de:09185:7869:0:1	48.546575	11.175141		NO_MATCH_AND_SEEMS_UNSERVED								POINT(11.175141 48.546575)
696	Schrobenhausen	Hauptstraße	de:09185:7840:0:1	48.54585	11.204839		MATCHED	n4840528422	2.7	0.52	Hörzhausen, Hauptstraße				LINESTRING(11.204839 48.54585,11.204823600000001 48.5458276)
697	Schrobenhausen	Hauptstraße	de:09185:7840:0:2	48.545873	11.204893		MATCHED	n4840528423	4.0	0.48	Hörzhausen, Hauptstraße				LINESTRING(11.204893 48.545873,11.204839000000002 48.5458702)
698	Schrobenhausen	Ignaz-Taschner-Straße	de:09185:1739:0:1	48.552213	11.270614	bus	MATCHED	n5074008139	43.4	1.0	Ignaz-Taschner-Straße	710	Schrobenhausen-Platte, Hafnerweg		LINESTRING(11.270614 48.552213,11.2706092 48.5518227)
699	Schrobenhausen	Krankenhaus	de:09185:1774:0:99	48.573139	11.26464	bus	MATCHED	n3025772402	62.6	1.0	Krankenhaus	730	Schrobenhausen, Regensburger Straße / Schrobenhausen, Stärkefabrik		LINESTRING(11.26464 48.573139,11.264834400000002 48.5725909)
700	Schrobenhausen	Landratsamt	de:09185:1771:0:1	48.564151	11.263868	bus	MATCHED	n5015372552	8.0	1.0	Landratsamt	430,435,455,730	Schrobenhausen, Bahnhofstraße / Schrobenhausen, Regensburger Straße / Schrobenhausen, Lenbachstraße (Stadtmitte) / Schrobenhausen, Omnibusbahnhof / Brunnen, Ingolstädter Straße 12 / Schrobenhausen, Lenbachstraße (Stadtmitte)	Schrobenhausen, Omnibusbf.	LINESTRING(11.263868 48.564151,11.2637625 48.5641332)
701	Schrobenhausen	Landratsamt	de:09185:1771:0:2	48.564235	11.263823	bus	MATCHED	n5015372551	8.1	1.0	Landratsamt	430,435,455,730	Brunnen, Ingolstädter Straße 12 / Schrobenhausen, Stärkefabrik / Schrobenhausen, Lenbachstraße (Stadtmitte) / Edelshausen, Arnbachstraße	Schrobenhausen, Stärkefabrik	LINESTRING(11.263823 48.564235,11.2639314 48.5642269)
702	Schrobenhausen	Leinfelder / Gritschen	de:09185:1735:0:1	48.556339	11.266104	bus	MATCHED	n4987930092	48.9	1.0	Leinfelder-/Gritschenstraße	710	Schrobenhausen, Am Oberen Tor / Schrobenhausen, Hallenbad / Schrobenhausen, Augsburger Straße		LINESTRING(11.266104 48.556339,11.265703 48.556689600000006)
703	Schrobenhausen	Leinfelder / Gritschen	de:09185:1735:0:2	48.556298	11.266167	bus	MATCHED	n4987930091	29.4	1.0	Leinfelder-/Gritschenstraße	710	Schrobenhausen, Am Oberen Tor		LINESTRING(11.266167 48.556298,11.2658559 48.5564632)
704	Schrobenhausen	Lenbachstraße (Stadtmitte)	de:09185:1788:0:1	48.561601	11.264595	bus	MATCHED_THOUGH_NAMES_DIFFER	n4977882998	71.4	1.0	Stadtmitte	430,435,455,710,730	Schrobenhausen, Landratsamt / Schrobenhausen, Hallenbad / Schrobenhausen, Bahnhofstraße / Schrobenhausen, Landratsamt / Brunnen, Ingolstädter Straße 12 / Schrobenhausen, Augsburger Straße		LINESTRING(11.264595 48.561601,11.2647548 48.5609674)
705	Schrobenhausen	Lenbachstraße (Stadtmitte)	de:09185:1788:0:2	48.5615	11.26455	bus	MATCHED_THOUGH_NAMES_DIFFER	n4977882997	61.9	1.0	Stadtmitte	430,435,455,710,720,730	Schrobenhausen, Bahnhofstraße / Schrobenhausen, Omnibusbahnhof / Schrobenhausen, Am Oberen Tor		LINESTRING(11.26455 48.5615,11.2646473 48.5609468)
706	Schrobenhausen	Mittelschule	de:09185:1754:0:1	48.559253	11.272411	bus	MATCHED	n4962650090	73.8	1.0	Hauptschule	430,710	Schrobenhausen, An der Weilach / Schrobenhausen, Hallenbad		LINESTRING(11.272411 48.559253,11.271721900000001 48.5587719)
707	Schrobenhausen	Mittelschule	de:09185:1754:0:2	48.5593	11.272473	bus	NO_MATCH_BUT_OTHER_PLATFORM_MATCHED					430,710	Schrobenhausen, Hallenbad / Schrobenhausen-Mühlried,Ingolstädter Str		POINT(11.272473 48.5593)
708	Schrobenhausen	Münchener Straße	de:09185:90259:0:1	48.549323	11.261002		MATCHED	n10095277260	11.6	1.0	Schrobenhausen, Münchener Straße				LINESTRING(11.261002 48.549323,11.260862000000001 48.5492749)
709	Schrobenhausen	Omnibusbahnhof	de:09185:8469:0:1	48.559056	11.266149	bus	MATCHED_AMBIGUOUSLY	w894508320	26.8	1.0	Schrobenhausen, Omnibusbf.	9153	Schrobenhausen / Langenmosen, Raiffeisenstraße / Schrobenhausen-Mühlried,Ingolstädter Str / Schrobenhausen / Schrobenhausen, Finanzamt	Schrobenhausen, Bahnhof	LINESTRING(11.266149 48.559056,11.266369918911616 48.55924708524714)
710	Schrobenhausen	Omnibusbahnhof	de:09185:8469:0:1	48.559056	11.266149	bus	MATCHED_AMBIGUOUSLY	w894508318	9.6	1.0	Schrobenhausen, Omnibusbf.	9153	Schrobenhausen / Langenmosen, Raiffeisenstraße / Schrobenhausen-Mühlried,Ingolstädter Str / Schrobenhausen / Schrobenhausen, Finanzamt		LINESTRING(11.266149 48.559056,11.266053971950358 48.55911448653944)
711	Schrobenhausen	Omnibusbahnhof	de:09185:8469:0:1	48.559056	11.266149	bus	MATCHED_AMBIGUOUSLY	w894508319	14.6	1.0	Schrobenhausen, Omnibusbf.	9153	Schrobenhausen / Langenmosen, Raiffeisenstraße / Schrobenhausen-Mühlried,Ingolstädter Str / Schrobenhausen / Schrobenhausen, Finanzamt	Landratsamt	LINESTRING(11.266149 48.559056,11.266211930156913 48.559180780830566)
712	Schrobenhausen	Pfaffenhofener Str. / Am Kellerberg (deaktiviert)	de:09185:7318	48.554674	11.27365		NO_MATCH_AND_SEEMS_UNSERVED								POINT(11.27365 48.554674)
713	Schrobenhausen	Pfarrer-Rheinhard-Straße	de:09185:8643:0:1	48.57919	11.186082	bus	MATCHED_THOUGH_DISTANT	n8972100358	260.0	0.12	Sandizell, Im Johannesfeld	9151	Schrobenhausen-Sandizell,St. Peter Straße / Schrobenhausen,Sandizell, Asamstraße	Sandizell, Asamstraße / Sandizell, Sankt-Peter-Straße	LINESTRING(11.186082 48.57919,11.1825626 48.579309800000004)
714	Schrobenhausen	Pfarrer-Rheinhard-Straße	de:09185:8643:0:2	48.579208	11.185696		MATCHED	n4971142217	17.9	1.0	Sandizell, Im Johannesfeld				LINESTRING(11.185696 48.579208,11.1859374 48.579222400000006)
715	Schrobenhausen	Platte deakt. 	de:09185:90044	48.548639	11.274917		NO_MATCH_AND_SEEMS_UNSERVED								POINT(11.274917 48.548639)
716	Schrobenhausen	Pöttmeser Straße (Aldi)	de:09185:1759:0:1	48.563283	11.255585	bus	MATCHED	n5015387665	49.4	1.0	Pöttmeser Straße(Aldi)	9159	Schrobenhausen / Schrobenhausen, Willibald-Fritsch-Straße / Schrobenhausen, Finanzamt	Rainerau/Ziegelfeld	LINESTRING(11.255585 48.563283,11.255108400000001 48.563595400000004)
717	Schrobenhausen	Pöttmeser Straße (Aldi)	de:09185:1759:0:2	48.563254	11.255684	bus	MATCHED	n5015387664	48.6	1.0	Pöttmeser Straße(Aldi)	9159	Schrobenhausen, Finanzamt / Hagenauer Forst / Schrobenhausen / Schrobenhausen, Omnibusbahnhof	Schrobenhausen, Bahnhof	LINESTRING(11.255684 48.563254,11.2551038 48.5634607)
718	Schrobenhausen	Regensburger Straße	de:09185:1772:0:1	48.567367	11.263553	bus	MATCHED	n5015382319	31.4	1.0	Regensburger Straße	730	Schrobenhausen, Stärkefabrik / SOB, Seniorenzentrum Haus Nikolaus / Schrobenhausen, Landratsamt		LINESTRING(11.263553 48.567367,11.263531700000001 48.5670846)
719	Schrobenhausen	Regensburger Straße	de:09185:1772:0:2	48.567492	11.263553	bus	MATCHED	n5015382318	45.5	1.0	Regensburger Straße	730	Schrobenhausen, Landratsamt		LINESTRING(11.263553 48.567492,11.263629600000002 48.5670864)
720	Schrobenhausen	Rettenbacher Straße	de:09185:1737:0:1	48.55135	11.265943	bus	MATCHED	n4995442294	7.1	1.0	Rettenbacher Straße	710	Schrobenhausen, Trappstraße		LINESTRING(11.265943 48.55135,11.2658649 48.551388)
721	Schrobenhausen	Sandizell, Asamstraße	de:09185:7835:0:1	48.580087	11.179453	bus	MATCHED	n1324313436	4.1	1.0	Sandizell, Asamstraße	9157	Schrobenhausen / Schrobenhausen-Sandizell,St. Peter Straße	Schrobenhausen, Bahnhof / Grimolzhausen Ort / Langenmoosen, Kirche / Sandizell, Sankt-Peter-Straße	LINESTRING(11.179453 48.580087,11.1794395 48.5801231)
722	Schrobenhausen	Sandizell, Asamstraße	de:09185:7835:0:2	48.580051	11.179462	bus	MATCHED	n10169716579	7.0	0.6	Sandizell, Asamstraße	9151,9157	Schrobenhausen-Sandizell,St. Peter Straße / Grimolzhausen		LINESTRING(11.179462 48.580051,11.1795545 48.5800653)
723	Schrobenhausen	Schrobenhausen	de:09185:7800:1:1	48.565394	11.259457	train	MATCHED_THOUGH_NAMES_DIFFER	w288761114	2.5	1.0	Gleis 1	RB13	Bahnhof	Brunnen	LINESTRING(11.259457 48.565394,11.25948423075742 48.565381210104455)
724	Schrobenhausen	Schrobenhausen	de:09185:7800:1:2	48.565429	11.259376	train	MATCHED_THOUGH_NAMES_DIFFER	w288760791	10.9	1.0	Gleis 2	RB13	Radersdorf / Radersdorf / Bahnhof	Radersdorf	LINESTRING(11.259376 48.565429,11.259343180131303 48.56533343762265)
725	Schrobenhausen	Schrobenhausen	de:09185:7800:2:1	48.56477	11.259331	bus	MATCHED	w452270234	12.6	1.0	Schrobenhausen, Bahnhof	490,720,730,9151,9153,9157,9158,9159,9242	Schrobenhausen, Omnibusbahnhof / Schrobenhausen, Bahnhofstraße / Schrobenhausen, Finanzamt / Schrobenhausen,Sandizell, Asamstraße / Schrobenhausen, Lenbachstraße (Stadtmitte) / Gollingkreut / Schrobenhausen, Bahnhofstraße / Steingriff, Frühlingsstraße / Schrobenhausen, Omnibusbahnhof / Schrobenhausen, Fa. Bauer / Grimolzhausen / Steingriff, Sportweg / Schrobenhausen, Omnibusbahnhof / Schrobenhausen, Omnibusbahnhof	Steingriff, Sportweg / Grimolzhausen Ort / Sandizell, Im Johannesfeld / Schrobenhausen, Stärkefabrik / Schrobenhausen, Omnibusbf. / Sandizell, Asamstraße / Steingriff, Frühlingstraße / Hagenauer Forst	LINESTRING(11.259331 48.56477,11.259254755251977 48.56487163023692)
726	Schrobenhausen	Schrobenhausen	de:09185:7800:2:2	48.56468	11.259277	bus	MATCHED	w452270235	14.1	1.0	Schrobenhausen, Bahnhof	9150,9153,9154,9157,9242	Brunnen, Sportplatz / Schachhof / Schrobenhausen, Stärkefabrik / Schrobenhausen, Finanzamt / Schrobenhausen, Stärkefabrik / Schrobenhausen, Omnibusbahnhof	Schachhof / Schrobenhausen, Stärkefabrik / Brunnen, Sportplatz / Karlskron-Pobenhausen, Kirche / Schrobenhausen, Omnibusbf. / Schrobenhausen, Finanzamt	LINESTRING(11.259277 48.56468,11.259175000000003 48.56478690000001)
727	Schrobenhausen	Schrobenhausen	de:09185:7800:2:3	48.564942	11.259583	bus	MATCHED	w452270236	20.7	1.0	Schrobenhausen, Bahnhof	720,9159	Schrobenhausen, Pöttmeser Straße (Aldi) / Schrobenhausen, Bahnhofstraße	Schrobenhausen, Firma Bauer	LINESTRING(11.259583 48.564942,11.259414939085476 48.56479288552594)
728	Schrobenhausen	St. -Jakob-Straße	de:09185:1747:0:1	48.553259	11.271782	bus	MATCHED	n4995424023	6.5	1.0	Sankt-Jakob-Straße	710	Schrobenhausen-Platte, Hafnerweg		LINESTRING(11.271782 48.553259,11.271725700000001 48.553214200000006)
729	Schrobenhausen	St. -Jakob-Straße	de:09185:1747:0:2	48.553283	11.27197	bus	MATCHED	n10154238719	50.3	1.0	Sankt-Jakob-Straße	710	Schrobenhausen, St.-Ulrich-Straße		LINESTRING(11.27197 48.553283,11.2712927 48.5533306)
730	Schrobenhausen	St. -Ulrich-Straße	de:09185:1748:0:1	48.553479	11.274791	bus	MATCHED	n4995426234	33.5	1.0	Sankt-Ulrich-Straße	710	Schrobenhausen, St.-Jakob-Straße		LINESTRING(11.274791 48.553479,11.2743377 48.553463300000004)
731	Schrobenhausen	St. -Ulrich-Straße	de:09185:1748:0:2	48.553479	11.274531	bus	MATCHED	n4995426235	11.1	1.0	Sankt-Ulrich-Straße	710	Schrobenhausen, Am Kellerberg		LINESTRING(11.274531 48.553479,11.2744437 48.553397600000004)
732	Schrobenhausen	Steingriffer Straße	de:09185:8645:0:1	48.567058	11.253106	bus	MATCHED	n10114240998	17.8	1.0	Schrobenhausen, Steingriffer Str.	720	Steingriff,Rainerau/ZFeld		LINESTRING(11.253106 48.567058,11.2529652 48.5669284)
733	Schrobenhausen	Steingriffer Straße	de:09185:8645:0:2	48.567017	11.25307	bus	MATCHED	n10114240997	12.4	1.0	Schrobenhausen, Steingriffer Str.	720	Schrobenhausen, Willibald-Fritsch-Straße		LINESTRING(11.25307 48.567017,11.2530497 48.566906200000005)
734	Schrobenhausen	Stärkefabrik	de:09185:7856:0:1	48.569056	11.265772	bus	MATCHED	n2649734250	6.9	1.0	Schrobenhausen, Stärkefabrik	9153,9242	Schrobenhausen, Regensburger Straße / Schrobenhausen-Mühlried, Adalb.-Stifter-Str. / Schrobenhausen-Mühlried,Ingolstädter Str / Schrobenhausen / Schrobenhausen, Landratsamt	Schrobenhausen, Bahnhof / Landratsamt / Mühlried, Ingolstädter Straße	LINESTRING(11.265772 48.569056,11.2658433 48.5690959)
735	Schrobenhausen	Stärkefabrik	de:09185:7856:0:2	48.569032	11.265673	bus	MATCHED	n2649734243	5.3	1.0	Schrobenhausen, Stärkefabrik	9153,9242	Schrobenhausen-Mühlried, Feuerwehrhaus / Schrobenhausen / SOB, Seniorenzentrum Haus Nikolaus / Schrobenhausen-Mühlried,Ingolstädter Str / Schrobenhausen-Mühlried, Am Steinbach	Am Steinbach / Mühlried, Ingolstädter Straße	LINESTRING(11.265673 48.569032,11.2657004 48.5689882)
736	Schrobenhausen	Trappstraße	de:09185:1738:0:1	48.550839	11.268108	bus	MATCHED	n5074005423	10.6	1.0	Trappstraße	710	Schrobenhausen, Ignaz-Taschner-Straße		LINESTRING(11.268108 48.550839,11.2682319 48.550790000000006)
737	Schrobenhausen	Willibald-Fritsch-Straße	de:09185:1760:0:1	48.564972	11.251632	bus	MATCHED_THOUGH_REVERSED_DIR	n5015393224	45.1	1.0	Willibald-Frisch-Straße	720	Schrobenhausen, Steingriffer Straße	Pöttmeser Straße(Aldi)	LINESTRING(11.251632 48.564972,11.2518755 48.5645996)
738	Schrobenhausen	Willibald-Fritsch-Straße	de:09185:1760:0:2	48.564918	11.25157	bus	MATCHED	n5015393223	24.4	1.0	Willibald-Frisch-Straße	720	Schrobenhausen, Pöttmeser Straße (Aldi)		LINESTRING(11.25157 48.564918,11.251848 48.5650368)
739	Schrobenhausen	Zöllnerstraße	de:09185:1751:0:1	48.555554	11.276722	bus	MATCHED	n4995412921	5.0	1.0	Zöllnerstraße	710	Schrobenhausen, Am Zacherkeller		LINESTRING(11.276722 48.555554,11.276654800000001 48.5555548)
740	Schrobenhausen	Zöllnerstraße	de:09185:1751:0:2	48.555572	11.276857	bus	MATCHED	n4995409420	17.8	1.0	Zöllnerstraße	710	Schrobenhausen, Fröbelstraße		LINESTRING(11.276857 48.555572,11.2766309 48.5556288)
741	Schrobenhausen-Mühlried	Adalb. -Stifter-Str. 	de:09185:1777:0:2	48.565519	11.273749	bus	MATCHED	n5015336556	26.0	1.0	Adalbert-Stifter-Straße	730	Schrobenhausen-Mühlried, Siebenbürg. Str		LINESTRING(11.273749 48.565519,11.274101700000001 48.5655182)
742	Schrobenhausen-Mühlried	Am Steinbach	de:09185:1787:0:1	48.564258	11.273462	bus	MATCHED	n4977846183	71.0	1.0	Am Steinbach	430,435,730	Schrobenhausen, Stärkefabrik	Schrobenhausen, Stärkefabrik	LINESTRING(11.273462 48.564258,11.274174 48.563828400000006)
743	Schrobenhausen-Mühlried	Am Steinbach	de:09185:1787:0:2	48.563842	11.273938	bus	MATCHED	n4977846182	44.0	1.0	Am Steinbach	430,435,730	Schrobenhausen-Mühlried, Im Anger / Schrobenhausen, Stärkefabrik	Riedweg / Im Anger	LINESTRING(11.273938 48.563842,11.2744725 48.563667300000006)
744	Schrobenhausen-Mühlried	Feuerwehrhaus	de:09185:1780:0:1	48.56927	11.282822	bus	MATCHED	n4878309351	23.7	1.0	Mühlried, Feuerwehrhaus	430,435,730	Mühlried, Schule / Schrobenhausen, Stärkefabrik / Schrobenhausen, Omnibusbahnhof / Schrobenhausen, Mittelschule / Schrobenhausen-Mühlried, Pfarrzentrum	In der Birks	LINESTRING(11.282822 48.56927,11.282755100000001 48.5690619)
745	Schrobenhausen-Mühlried	Feuerwehrhaus	de:09185:1780:0:2	48.56946	11.282885	bus	MATCHED	n4878309352	5.8	1.0	Mühlried, Feuerwehrhaus	430,435,730	Königslachen, Bushaltestelle / Schrobenhausen-Mühlried, Pfarrzentrum	Königslachen / Edelshausen, Arnbachstraße	LINESTRING(11.282885 48.56946,11.282928100000001 48.569416800000006)
746	Schrobenhausen-Mühlried	Im Anger	de:09185:1785:0:1	48.561036	11.280918	bus	MATCHED	n5015279684	66.1	1.0	Im Anger	430,435,730	Schrobenhausen-Mühlried, Riedweg / Schrobenhausen-Mühlried, Am Steinbach	Riedweg	LINESTRING(11.280918 48.561036,11.2801161 48.5613)
747	Schrobenhausen-Mühlried	Im Anger	de:09185:1785:0:2	48.561238	11.280145	bus	MATCHED	n5015279683	8.6	1.0	Im Anger	430,435,730	Schrobenhausen-Mühlried, Riedweg / Mühlried, Schule	In der Birks / Mühlried, Schule	LINESTRING(11.280145 48.561238,11.2800303 48.5612518)
748	Schrobenhausen-Mühlried	In der Birks	de:09185:1782:0:2	48.563129	11.282975	bus	MATCHED	n5015302166	34.2	1.0	In der Birks	730	Schrobenhausen-Mühlried, Riederhüttenweg	Im Anger	LINESTRING(11.282975 48.563129,11.282538800000001 48.563233700000005)
749	Schrobenhausen-Mühlried	Ingolstädter Str	de:09185:7855:0:2	48.568348	11.280154	bus	MATCHED	n4878309353	6.8	1.0	Mühlried, Ingolstädter Straße	9153,9242	Schrobenhausen-Mühlried, Feuerwehrhaus / Waidhofen, Hofmarkstraße / Schrobenhausen-Mühlried, Feuerwehrhaus / Königslachen, Bushaltestelle / Schrobenhausen, Stärkefabrik	Waidhofen, Hofmarktstraße	LINESTRING(11.280154 48.568348,11.2801749 48.568288)
750	Schrobenhausen-Mühlried	Ingolstädter Str	de:09185:7855:0:3	48.568313	11.28019	bus	MATCHED	n4878309354	12.3	0.41	Mühlried, Ingolstädter Straße	9153,9242	Waidhofen, Hofmarkstraße / Schrobenhausen, Stärkefabrik	Schrobenhausen, Stärkefabrik	LINESTRING(11.28019 48.568313,11.2800253 48.5683297)
751	Schrobenhausen-Mühlried	Pfarrzentrum	de:09185:1781:0:99	48.565703	11.279498	bus	MATCHED_THOUGH_NAMES_DIFFER	n5074027531	5.9	1.0	Pfarrhof	730	Schrobenhausen-Mühlried, In der Birks		LINESTRING(11.279498 48.565703,11.2795365 48.5656565)
752	Schrobenhausen-Mühlried	Riederhüttenweg	de:09185:1783:0:2	48.560578	11.283514	bus	MATCHED	n5015285261	37.3	1.0	Riederhüttenweg	730	Schrobenhausen-Mühlried, Riederwaldsiedl		LINESTRING(11.283514 48.560578,11.2830148 48.5606298)
753	Schrobenhausen-Mühlried	Riederwaldsiedl	de:09185:1784:0:2	48.558242	11.28363	bus	MATCHED	n5106108821	15.3	1.0	Riederwaldsiedlung	730	Schrobenhausen-Mühlried, Im Anger / Schrobenhausen-Mühlried, Im Anger		LINESTRING(11.28363 48.558242,11.283433200000001 48.5581997)
754	Schrobenhausen-Mühlried	Riedweg	de:09185:1786:0:2	48.562552	11.277782	bus	MATCHED	n4977878545	16.6	1.0	Riedweg	730	Schrobenhausen-Mühlried, Am Steinbach / Schrobenhausen-Mühlried, Am Steinbach	Am Steinbach	LINESTRING(11.277782 48.562552,11.2775595 48.562571000000005)
755	Schrobenhausen-Mühlried	Siebenbürg. Str	de:09185:1776:0:2	48.566832	11.27754	bus	MATCHED	n5015330212	15.0	1.0	Siebenbürgener Straße	730	Schrobenhausen-Mühlried,Ingolstädter Str		LINESTRING(11.27754 48.566832,11.277739400000002 48.5668583)
756	Schrobenhausen-Platte	Ascher Straße	de:09185:1745:0:99	48.549935	11.278016	bus	MATCHED	n4995481847	20.2	1.0	Ascher Straße	710	Schrobenhausen-Platte, Berliner Straße		LINESTRING(11.278016 48.549935,11.278186100000001 48.549792700000005)
757	Schrobenhausen-Platte	Berliner Straße	de:09185:1746:0:99	48.549953	11.276094	bus	MATCHED	n4995486362	97.0	1.0	Berliner Straße	710	Schrobenhausen-Platte, Hafnerweg / Schrobenhausen, St.-Jakob-Straße		LINESTRING(11.276094 48.549953,11.2771776 48.550445700000004)
758	Schrobenhausen-Platte	Breslauer Straße	de:09185:1741:0:99	48.5478	11.273408	bus	MATCHED	n4995454408	15.4	1.0	Breslauer Straße	710	Schrobenhausen-Platte, Stettiner Straße		LINESTRING(11.273408 48.5478,11.2732278 48.547730300000005)
759	Schrobenhausen-Platte	Brünner Straße	de:09185:1744:0:99	48.548205	11.278995	bus	MATCHED	n4995478163	17.1	1.0	Brünner Straße	710	Schrobenhausen-Platte, Ascher Straße		LINESTRING(11.278995 48.548205,11.278953000000001 48.5483558)
760	Schrobenhausen-Platte	Hafnerweg	de:09185:1740:0:1	48.549727	11.273713	bus	MATCHED	n4995448659	44.9	1.0	Hafnerweg	710	Schrobenhausen-Platte, Breslauer Straße		LINESTRING(11.273713 48.549727,11.2735442 48.549339200000006)
761	Schrobenhausen-Platte	Hafnerweg	de:09185:1740:0:2	48.549674	11.273857	bus	NO_MATCH_BUT_OTHER_PLATFORM_MATCHED					710	Schrobenhausen, St.-Jakob-Straße		POINT(11.273857 48.549674)
762	Schrobenhausen-Platte	Karlsbader Straße	de:09185:1743:0:99	48.547134	11.275905	bus	MATCHED	n4995470043	85.3	1.0	Karlsbader Straße	710	Schrobenhausen-Platte, Brünner Straße		LINESTRING(11.275905 48.547134,11.2754387 48.546432200000005)
763	Schrobenhausen-Platte	Stettiner Straße	de:09185:1742:0:99	48.54623	11.273704	bus	MATCHED	n4995462124	43.2	1.0	Stettiner Straße	710	Schrobenhausen-Platte, Karlsbader Straße		LINESTRING(11.273704 48.54623,11.2735617 48.545852700000005)
764	Schrobenhausen-Sandizell	St. Peter Straße	de:09185:8631:0:1	48.581169	11.177773	bus	MATCHED	n1006038214	16.4	1.0	Sandizell, Sankt-Peter-Straße	430,490	Winkelhausen, Flurstraße / Grimolzhausen	Malzhausen, Ortsmitte / Sandizell, Max-Emanuel-Straße	LINESTRING(11.177773 48.581169,11.1775502 48.5811732)
765	Schrobenhausen-Sandizell	St. Peter Straße	de:09185:8631:0:2	48.581151	11.177557	bus	MATCHED	n5075660755	195.9	0.07	Sandizell, Schloßstraße	9151	Schrobenhausen, Omnibusbahnhof / Malzhausen, Ortsstraße		LINESTRING(11.177557 48.581151,11.1749507 48.581487200000005)
766	Schönesberg	Rieder Straße	de:09185:5025:0:1	48.630839	11.099099	bus	MATCHED	n8928962769	37.8	1.0	Schönesberg, Daferner	410,480,490	Ehekirchen, Ried, Ortsmitte / Ehekirchen, Ried, Staatsstraße 2035 / Schainbach, Kirche		LINESTRING(11.099099 48.630839,11.098970600000001 48.6305102)
767	Schönesberg	Rieder Straße	de:09185:5025:0:2	48.629645	11.099027	bus	MATCHED	n8928962767	7.8	1.0	Schönesberg, Daferner	410,490	Ehekirchen, Schule / Ehekirchen, Post / Ehekirchen, Post	Ehekirchen, Post	LINESTRING(11.099027 48.629645,11.098921800000001 48.6296382)
768	Sehensand	Kahlhof	de:09185:5067:0:1	48.714339	11.171691	bus	MATCHED	n5732567100	19.8	1.0	Kahlhof	460,480	Neuburg-Donau, Sehensand, Am Anger	Schmidweg	LINESTRING(11.171691 48.714339,11.171945000000001 48.714278900000004)
769	Sehensand	Kahlhof	de:09185:5067:0:2	48.714345	11.171673		NO_MATCH_AND_SEEMS_UNSERVED								POINT(11.171673 48.714345)
770	Sehensand	Waldstraße	de:09185:5065:0:1	48.713818	11.156743	bus	MATCHED	n5659436908	8.3	1.0	Sehensand, Ortsmitte	460,480	Ballersdorf, Ortsmitte / Neuburg-Donau, Sehensand, Am Anger / Ballersdorf, Ortsende	Sehensand, Ortsende	LINESTRING(11.156743 48.713818,11.156804000000001 48.713755000000006)
771	Sehensand	Waldstraße	de:09185:5065:0:2	48.713818	11.156815	bus	MATCHED	n5659436907	18.1	1.0	Sehensand, Ortsmitte	410,480	Neuburg-Donau, Sehensand, Am Anger		LINESTRING(11.156815 48.713818,11.156696700000001 48.713960300000004)
772	Seiboldsdorf	Maibaum	de:09185:5023:0:1	48.643869	11.129542	bus	MATCHED	n10116663565	5.2	1.0	Seiboldsdorf (Kr ND), Maibaum	410,490	Hollenbach, Telefonzelle / Langenmosen, Kirche / Ambach, Hauptstraße / Ehekirchen Kreis / Ambach, Kagerhof / Ehekirchen, Post		LINESTRING(11.129542 48.643869,11.1296037 48.6438471)
773	Seiboldsdorf	Maibaum	de:09185:5023:0:2	48.643904	11.129731	bus	MATCHED	n10116663564	13.8	1.0	Seiboldsdorf (Kr ND), Maibaum	410	Dinkelshausen, Ortsmitte / Dinkelshausen, Ortsmitte		LINESTRING(11.129731 48.643904,11.129664 48.643787800000005)
774	Siefhofen	Kreuzung	de:09185:5175:0:2	48.635624	11.254229		NO_MATCH_AND_SEEMS_UNSERVED								POINT(11.254229 48.635624)
775	Siefhofen	Kreuzung	de:09185:5175:0:99	48.635624	11.254229		MATCHED	n5191580845	3.3	1.0	Siefhofen, Kreuzung				LINESTRING(11.254229 48.635624,11.254215100000001 48.635652500000006)
776	Sinning	Herrengasse	de:09185:7958:0:1	48.690571	11.109618	bus	MATCHED	n5075905537	14.0	1.0	Sinning, Ortsmitte	9114	Sinning, Im Westerfeld / Rohrenfels, Schulstraße / Leidling / Leidling	Abzweigung im Westerfeld / Oberhausen-Sinning, Kapelle / Ballersdorf, Ortsmitte / Leidling	LINESTRING(11.109618 48.690571,11.1096722 48.690450500000004)
777	Sinning	Herrengasse	de:09185:7958:0:2	48.690571	11.109618	bus	NO_MATCH_BUT_OTHER_PLATFORM_MATCHED					9114	Oberhausen-Sinning, Kapelle / Sinning, Im Westerfeld		POINT(11.109618 48.690571)
778	Sinning	Im Westerfeld	de:09185:7975:0:1	48.693797	11.104147	bus	MATCHED_THOUGH_REVERSED_DIR	n10116659413	4.3	1.0	Abzweigung im Westerfeld	9114	Oberhausen-Sinning, Kapelle / Sinning, Herrengasse	Oberhausen, Schule / Unterhausen, Bahnhof / Kreut	LINESTRING(11.104147 48.693797,11.104197800000001 48.693815400000005)
779	Sinning	Im Westerfeld	de:09185:7975:0:2	48.693809	11.104183	bus	MATCHED_THOUGH_REVERSED_DIR	n2412612248	8.3	1.0	Abzweigung im Westerfeld	9114	Unterhausen (Bay) / Kreut, Burgwaldring / Oberhausen, Hauptstraße	Oberhausen-Sinning, Kapelle / Sinning, Ortsmitte	LINESTRING(11.104183 48.693809,11.104086 48.6937707)
780	Steingriff	Altenheim	de:09185:8637:0:1	48.571089	11.246036	bus	MATCHED_THOUGH_REVERSED_DIR	n4878230724	19.0	1.0	Steingriff, Altenheim	9151	Schrobenhausen, Pöttmeser Straße (Aldi) / Steingriff, Frühlingsstraße	Steingriff, Sportweg	LINESTRING(11.246036 48.571089,11.2459719 48.570923300000004)
781	Steingriff	Altenheim	de:09185:8637:0:2	48.571089	11.246036	bus	MATCHED_THOUGH_REVERSED_DIR	n4878230725	11.5	1.0	Steingriff, Altenheim	9151	Schrobenhausen-Sandizell,St. Peter Straße / Steingriff, Sportweg	Steingriff, Frühlingstraße / Steingriffer Straße	LINESTRING(11.246036 48.571089,11.245914200000001 48.571024400000006)
782	Steingriff	Aussegnungshalle	de:09185:1763:0:99	48.572854	11.254938	bus	MATCHED	n5015326518	16.9	1.0	Aussegnungshalle	720	Steingriff, Friedhof / Parkplatz	Friedhof, Parkplatz	LINESTRING(11.254938 48.572854,11.254908400000001 48.5730045)
783	Steingriff	Friedhof / Parkplatz	de:09185:1764:0:99	48.574049	11.253582	bus	MATCHED	n5101650403	149.2	1.0	Friedhof, Parkplatz	720	Steingriff, Hofmarkstraße	Hofmarkstraße	LINESTRING(11.253582 48.574049,11.2555951 48.5741706)
784	Steingriff	Frühlingsstraße	de:09185:8636:0:1	48.567451	11.245542	bus	MATCHED	n4878228819	7.6	1.0	Steingriff, Frühlingstraße	9151	Steingriff, Altenheim	Steingriff, Altenheim / Hagenauer Forst	LINESTRING(11.245542 48.567451,11.245630700000001 48.567415700000005)
785	Steingriff	Frühlingsstraße	de:09185:8636:0:2	48.567451	11.245542	bus	MATCHED	n4878228818	16.6	1.0	Steingriff, Frühlingstraße	9151	Schrobenhausen, Pöttmeser Straße (Aldi) / Schrobenhausen, Steingriffer Straße / Pfarrer-Rheinhard-Straße / Schrobenhausen, Omnibusbahnhof	Schrobenhausen, Finanzamt / Sandizell, Im Johannesfeld / Schrobenhausen, Omnibusbf.	LINESTRING(11.245542 48.567451,11.245544200000001 48.5676002)
786	Steingriff	Hofmarkstraße	de:09185:1765:0:99	48.573995	11.251695	bus	MATCHED	n5101637553	2.4	1.0	Hofmarkstraße	720	Steingriff, Nordendstraße	Steingriff, Sportweg	LINESTRING(11.251695 48.573995,11.2516925 48.5739736)
787	Steingriff	Nordendstraße	de:09185:1766:0:99	48.575475	11.249225	bus	MATCHED	n5101644934	8.6	1.0	Nordendstraße	720	Steingriff, Sportweg		LINESTRING(11.249225 48.575475,11.2492154 48.575551700000005)
788	Steingriff	Rainerau/ZFeld	de:09185:1762:0:99	48.569876	11.255352	bus	MATCHED	n5101582296	3.4	1.0	Rainerau/Ziegelfeld	720	Steingriff, Aussegnungshalle	Aussegnungshalle	LINESTRING(11.255352 48.569876,11.2553914 48.5698609)
789	Steingriff	Sportweg	de:09185:8638:0:1	48.573894	11.247312	bus	MATCHED	n4878230721	6.5	1.0	Steingriff, Sportweg	9151	Steingriff, Altenheim / Langenmosen, Raiffeisenstraße	Steingriff, Altenheim / Langenmoosen, Raiffeisen	LINESTRING(11.247312 48.573894,11.2473822 48.5739287)
790	Steingriff	Sportweg	de:09185:8638:0:2	48.57393	11.247285	bus	MATCHED	n10114205771	29.0	1.0	Steingriff, Sportweg	9151	Steingriff, Altenheim		LINESTRING(11.247285 48.57393,11.247185 48.5741821)
791	Steingriff	Steingriffer Str	de:09185:1769:0:99	48.567849	11.24565		MATCHED_THOUGH_DISTANT	n5101604710	283.9	1.0	Steingriffer Straße			Willibald-Frisch-Straße	LINESTRING(11.24565 48.567849,11.249465800000001 48.567527000000005)
792	Stengelheim	Fruchthof / Aretinstraße	de:09185:1833:0:1	48.663179	11.215987	bus	NO_MATCH_BUT_OTHER_PLATFORM_MATCHED					420,425	Stengelheim, Kreuzung-Pfalzstraße / Stengelheim, Rathaus / Stengelheim, Kreuzung-Pfalzstraße / Untermaxfeld, Pfalzstraße 49 / Untermaxfeld, Ingolstädter Straße 48		POINT(11.215987 48.663179)
793	Stengelheim	Fruchthof / Aretinstraße	de:09185:1833:0:2	48.663268	11.216041	bus	MATCHED_THOUGH_REVERSED_DIR	n3893696779	13.6	1.0	Königmoos-Stengelheim, Kreuzung/Fruchthof	420,425	Königsmoos-Ludwigsmoos, Abzweig Lampertshofen / Königsmoos-Ludwigsmoos, Abzweig Lampertshofen	Königmoos-Untermaxfeld, Pfalzstraße	LINESTRING(11.216041 48.663268,11.216011100000001 48.6631475)
794	Stengelheim	Fruchthof / Aretinstraße	de:09185:1833:0:3	48.664152	11.217766	bus	MATCHED	n3893696781	164.4	1.0	Königmoos-Stengelheim, Kreuzung/Fruchthof	430	Stengelheim, Kreuzung-Pfalzstraße	Königmoos-Ludwigsmoos, Abz. Lampertshofen	LINESTRING(11.217766 48.664152,11.2159867 48.663259000000004)
795	Stengelheim	Kreuzung-Pfalzstraße	de:09185:1834:0:1	48.668982	11.212924	bus	MATCHED	n3893640083	7.6	1.0	Königmoos-Untermaxfeld, Pfalzstraße	420,425	Stengelheim, Fruchthof / Aretinstraße / Stengelheim, Rathaus	Königmoos-Stengelheim, Kreuzung/Fruchthof	LINESTRING(11.212924 48.668982,11.2129291 48.6689141)
796	Stengelheim	Kreuzung-Pfalzstraße	de:09185:1834:0:2	48.668964	11.213032	bus	MATCHED	n3893640085	3.5	1.0	Königmoos-Untermaxfeld, Pfalzstraße	425,430	Untermaxfeld, Krzg, Obermaxfeld / Obermaxfeld, Friedhof / Königsmoos, Abzweig Obermaxfeld	Wagenhofen, Kreuzung	LINESTRING(11.213032 48.668964,11.213031800000001 48.668995100000004)
797	Stengelheim	Kreuzung-Pfalzstraße	de:09185:1834:0:3	48.669017	11.213589	bus	MATCHED	n3893640086	1.5	0.64	Königmoos-Untermaxfeld, Pfalzstraße	430	Untermaxfeld, Krzg, Obermaxfeld	Königmoos-Untermaxfeld, Schröcker	LINESTRING(11.213589 48.669017,11.213598500000002 48.669029)
798	Stengelheim	Kreuzung-Pfalzstraße	de:09185:1834:0:4	48.669029	11.213364		NO_MATCH_AND_SEEMS_UNSERVED								POINT(11.213364 48.669029)
799	Stengelheim	Kreuzung-Pfalzstraße	de:09185:1834:0:99	48.668964	11.213032	bus	MATCHED	n3893640088	25.1	1.0	Königmoos-Untermaxfeld, Pfalzstraße	420,X44	Stengelheim, Fruchthof / Aretinstraße / Untermaxfeld, Pfalzstraße 49 / Untermaxfeld, Kreuzung Ingolstädter Straße		LINESTRING(11.213032 48.668964,11.213332000000001 48.669070700000006)
800	Stengelheim	Rathaus	de:09185:90019:0:1	48.665635	11.215628		NO_MATCH_AND_SEEMS_UNSERVED								POINT(11.215628 48.665635)
801	Stengelheim	Rathaus	de:09185:90019:0:2	48.665653	11.215817	bus	NO_MATCH					425,X44	Stengelheim, Kreuzung-Pfalzstraße / Stengelheim, Kreuzung-Pfalzstraße / Stengelheim, Fruchthof / Aretinstraße		POINT(11.215817 48.665653)
802	Stepperg	Hatzenhofener Straße	de:09185:7770:0:1	48.750192	11.061495	bus	MATCHED	n5730854198	17.4	1.0	Stepperg, Hatzenhofener Straße	102	Hatzenhofen, Neuburger Straße / Stepperg, Poststraße	Hatzenhofen, Neuburger Straße	LINESTRING(11.061495 48.750192,11.0612717 48.7502434)
803	Stepperg	Hatzenhofener Straße	de:09185:7770:0:2	48.750257	11.061082		NO_MATCH_AND_SEEMS_UNSERVED								POINT(11.061082 48.750257)
804	Stepperg	Poststraße	de:09185:7769:0:1	48.746158	11.072419	bus	MATCHED	n5730848746	24.0	1.0	Stepperg, Poststraße	102	Riedensheim, Auenstraße / Dittenfeld		LINESTRING(11.072419 48.746158,11.0720931 48.746160700000004)
805	Stepperg	Poststraße	de:09185:7769:0:2	48.746194	11.071673	bus	MATCHED	n5730848747	7.9	1.0	Stepperg, Poststraße	102	Stepperg, Hatzenhofener Straße	Stepperg, Hatzenhofener Straße	LINESTRING(11.071673 48.746194,11.071574100000001 48.7462217)
806	Treidelheim	Kapellenweg	de:09185:7774:0:1	48.761048	11.061495		MATCHED	n5730910902	21.4	1.0	Treidelheim, Kapellenweg				LINESTRING(11.061495 48.761048,11.0612744 48.7611733)
807	Treidelheim	Kapellenweg	de:09185:7774:0:2	48.761107	11.061324	bus	NO_MATCH_BUT_OTHER_PLATFORM_MATCHED					103	Hatzenhofen, Neuburger Straße		POINT(11.061324 48.761107)
808	Unterhausen	Bahnhofstraße	de:09185:5146:0:1	48.718316	11.093466	bus	NO_MATCH					9114	Oberhausen-Sinning, Kapelle / Sinning, Im Westerfeld / Unterhausen, Kirche		POINT(11.093466 48.718316)
809	Unterhausen	Bahnhofstraße	de:09185:5146:0:2	48.718061	11.093888		NO_MATCH_AND_SEEMS_UNSERVED								POINT(11.093888 48.718061)
810	Unterhausen	Feuerwehrhaus	de:09185:7979:0:1	48.720183	11.094122		MATCHED	n10080017607	11.1	1.0	Unterhausen, Feuerwehrhaus				LINESTRING(11.094122 48.720183,11.094013700000001 48.720114)
811	Unterhausen	Kirche	de:09185:5147:0:1	48.71898	11.094113	bus	MATCHED	n10154381448	75.9	1.0	Unterhausen, Kirche	9114	Oberhausen, Schule / Oberhausen, Hauptstraße / Unterhausen (Bay) / Unterhausen, Sinninger Straße		LINESTRING(11.094113 48.71898,11.094372900000002 48.7196409)
812	Unterhausen	Kirche	de:09185:5147:0:3	48.720148	11.094032		MATCHED	n5260588495	140.1	1.0	Unterhausen, Kirche			Oberhausen, Hauptstraße / Oberhausen, Schule	LINESTRING(11.094032 48.720148,11.0940986 48.7188888)
813	Unterhausen	Kirche	de:09185:7961:0:1	48.72023	11.094086		NO_MATCH_AND_SEEMS_UNSERVED								POINT(11.094086 48.72023)
814	Unterhausen	Sinninger Straße	de:09185:7960:0:1	48.715293	11.104911	bus	MATCHED	n5075915617	5.5	1.0	Oberhausen, Abzw. Bf. Unterhausen	460	Sinning, Im Westerfeld	Abzweigung im Westerfeld	LINESTRING(11.104911 48.715293,11.1048375 48.7152995)
815	Unterhsn	Bf-Str Abz SinnWeg	de:09185:7978:0:1	48.718269	11.094113		NO_MATCH_AND_SEEMS_UNSERVED								POINT(11.094113 48.718269)
816	Untermaxfeld	Ingolstädter Straße 48	de:09185:5107:0:1	48.667552	11.23089		MATCHED	n7501614556	43.5	0.1	Untermaxfeld, Ingolstädter Straße 48			Untermaxfeld, Ingolstädter Straße 48	LINESTRING(11.23089 48.667552,11.2303233 48.667441600000004)
817	Untermaxfeld	Ingolstädter Straße 48	de:09185:5107:0:99	48.667546	11.23089	bus	MATCHED	n7501614557	37.3	1.0	Untermaxfeld, Ingolstädter Straße 48	420,430	Untermaxfeld, Kreuzung Ingolstädter Straße / Stengelheim, Fruchthof / Aretinstraße		LINESTRING(11.23089 48.667546,11.2304963 48.6673344)
818	Untermaxfeld	Kreuzung Ingolstädter Straße	de:09185:731:0:1	48.669599	11.237565	bus	MATCHED	n3892306201	43.0	1.0	Königmoos-Untermaxfeld, Ingolstädter Straße	420,430	Königsmoos,Obergrasheim, Bushaltestelle / Untermaxfeld, Krzg, Obermaxfeld		LINESTRING(11.237565 48.669599,11.2373373 48.6692431)
819	Untermaxfeld	Kreuzung Ingolstädter Straße	de:09185:731:0:2	48.669563	11.237511	bus	MATCHED	n3892306199	37.4	1.0	Königmoos-Untermaxfeld, Ingolstädter Straße	420,430	Grasheim, Ingolst. Str. 98 / Untermaxfeld, Ingolstädter Straße 48 / Stengelheim, Kreuzung-Pfalzstraße / Grasheim, Maibaum		LINESTRING(11.237511 48.669563,11.2376074 48.6692325)
820	Untermaxfeld	Kreuzung Ingolstädter Straße	de:09185:731:0:4	48.669296	11.237619	bus	MATCHED	n3892306203	50.3	1.0	Königmoos-Untermaxfeld, Ingolstädter Straße	420	Grasheim, Ingolst. Str. 98	Königmoos-Untermaxfeld, Kreuzung Obermaxfeld	LINESTRING(11.237619 48.669296,11.237984200000001 48.6689135)
821	Untermaxfeld	Krzg, Obermaxfeld	de:09185:730:0:1	48.675602	11.23204	bus	MATCHED	n3892333179	3.9	0.56	Königmoos-Untermaxfeld, Kreuzung Obermaxfeld	420,430	Untermaxfeld, Pfalzstraße 49 / Untermaxfeld, Kreuzung Ingolstädter Straße / Obermaxfeld, Friedhof	Untermaxfeld, Ingolstädter Straße 48 / Untermaxfeld, Ortsmitte	LINESTRING(11.23204 48.675602,11.2319884 48.6756103)
822	Untermaxfeld	Krzg, Obermaxfeld	de:09185:730:0:2	48.675543	11.232058	bus	MATCHED	n2146425972	3.0	0.59	Königmoos-Untermaxfeld, Kreuzung Obermaxfeld	420,430,X44	Untermaxfeld, Kreuzung Ingolstädter Straße / Grasheim, Maibaum / Obermaxfeld, Friedhof	Königmoos-Untermaxfeld, Kreuzung Obermaxfeld / Karlshuld-Grasheim, Maibaum	LINESTRING(11.232058 48.675543,11.2320642 48.675516200000004)
823	Untermaxfeld	Ortsmitte	de:09185:701:0:1	48.673182	11.225384		MATCHED	n3893561160	30.0	1.0	Königmoos-Untermaxfeld, Schröcker				LINESTRING(11.225384 48.673182,11.225651000000001 48.673385700000004)
824	Untermaxfeld	Ortsmitte	de:09185:701:0:2	48.673182	11.225384		MATCHED	n3893561158	3.9	1.0	Königmoos-Untermaxfeld, Schröcker			Königmoos-Untermaxfeld, Kreuzung Obermaxfeld	LINESTRING(11.225384 48.673182,11.2254362 48.6731867)
825	Untermaxfeld	Pfalzstraße 49	de:09185:90020:0:1	48.673182	11.225393	bus	NO_MATCH					420	Stengelheim, Fruchthof / Aretinstraße / Stengelheim, Kreuzung-Pfalzstraße / Stengelheim, Kreuzung-Pfalzstraße / Königsmoos, Abzweig Obermaxfeld		POINT(11.225393 48.673182)
826	Untermaxfeld	Pfalzstraße 49	de:09185:90020:0:2	48.673182	11.225393	bus	NO_MATCH					420,X44	Untermaxfeld, Krzg, Obermaxfeld		POINT(11.225393 48.673182)
827	Unterstall	Am Gänsberg	de:09185:8489:0:1	48.764263	11.212744	bus	MATCHED	n5076137004	14.5	1.0	Unterstall, Am Gänsberg	9239	Unterstall, EgweilerStr.Ortsri		LINESTRING(11.212744 48.764263,11.2127776 48.7641344)
828	Unterstall	Am Gänsberg	de:09185:8489:0:2	48.76421	11.212547	bus	MATCHED	n5076137005	7.0	1.0	Unterstall, Am Gänsberg	9239	Egweil, Unterstaller Straße		LINESTRING(11.212547 48.76421,11.2125812 48.764151600000005)
829	Unterstall	EgweilerStr. Ortsri	de:09185:8732:0:1	48.762854	11.213068	bus	MATCHED	n10079916172	41.7	1.0	Unterstall, Egweiler Straße/Ortsring	9239	Unterstall, Joshofener Str.5		LINESTRING(11.213068 48.762854,11.2128876 48.7624981)
830	Unterstall	EgweilerStr. Ortsri	de:09185:8732:0:2	48.763079	11.212708	bus	MATCHED	n5076138774	0.4	1.0	Unterstall, Egweiler Straße/Ortsring	9239	Unterstall, Am Gänsberg		LINESTRING(11.212708 48.763079,11.212703900000001 48.7630811)
831	Unterstall	Joshofener Str. 5	de:09185:8733:0:1	48.758791	11.211936	bus	MATCHED	n5076143229	51.6	1.0	Unterstall, Joshofener Straße 5	9239	Joshofen, Abzw.	Unterstall, Am Spielplatz	LINESTRING(11.211936 48.758791,11.211859 48.759252200000006)
832	Unterstall	Joshofener Str. 5	de:09185:8733:0:2	48.758815	11.211729	bus	MATCHED	n11083288754	43.7	1.0	Unterstall, Joshofener Straße 5	9239	Unterstall, EgweilerStr.Ortsri		LINESTRING(11.211729 48.758815,11.211746300000001 48.759208)
833	Unterstall	Spielplatz	de:09185:8480:0:1	48.762794	11.213984	bus	MATCHED	n4880481635	24.5	1.0	Unterstall, Am Spielplatz	9112	Ried, Eubelgasse / Attenfeld, Dorfstraße	Ried, Eubelgasse / Joshofen, Jurahang	LINESTRING(11.213984 48.762794,11.2141114 48.76259)
834	Unterstall	Spielplatz	de:09185:8480:0:2	48.76264	11.213804	bus	MATCHED	n4880481636	20.5	1.0	Unterstall, Am Spielplatz	9112	Bergheim, Hauptstr./Im Winkel	Bergheim, Hauptstraße/Im Winkl	LINESTRING(11.213804 48.76264,11.2140316 48.762533000000005)
835	Wagenhofen	Feuerwehrhaus	de:09185:5020:0:1	48.69474	11.166014	bus	MATCHED	n5732584584	8.0	1.0	Wagenhofen, Feuerwehrhaus	410,425	Rohrenfels, Schulstraße / Rohrenfels, Bräustraße		LINESTRING(11.166014 48.69474,11.166068300000001 48.6948024)
836	Wagenhofen	Feuerwehrhaus	de:09185:5020:0:2	48.695203	11.167038	bus	MATCHED	n2423374064	6.3	1.0	Wagenhofen, Feuerwehrhaus	410,480	Altmannstetten, Ortsmitte / Wagenhofen, Ortsmitte / Wagenhofen, Kreuzung		LINESTRING(11.167038 48.695203,11.167048000000001 48.6951468)
837	Wagenhofen	Industriegebiet	de:09185:5191:0:99	48.696709	11.17294	bus	NO_MATCH					410	Wagenhofen, Kreuzung		POINT(11.17294 48.696709)
838	Wagenhofen	Kreuzung	de:09185:1837:0:1	48.698647	11.17126	bus	MATCHED	n5732575776	45.0	1.0	Wagenhofen, Kreuzung	410,425,430,460,480	Ballersdorf, Ortsende / Altmannstetten, Ortsmitte / Rohrenfels, Schulstraße / Wagenhofen, Feuerwehrhaus / Altmannstetten, Hauptsstraße / Neuburg-Feldkirchen, Schmidtweg		LINESTRING(11.17126 48.698647,11.1718592 48.6985662)
839	Wagenhofen	Kreuzung	de:09185:1837:0:2	48.69863	11.171296	bus	MATCHED	n5732575775	38.5	1.0	Wagenhofen, Kreuzung	410,425	Neuburg-Feldkirchen, Mittelweg	Schmidweg / Kapellenweg	LINESTRING(11.171296 48.69863,11.1717942 48.698736600000004)
840	Wagenhofen	Kreuzung	de:09185:1837:0:3	48.698636	11.171242		NO_MATCH_AND_SEEMS_UNSERVED								POINT(11.171242 48.698636)
841	Wagenhofen	Kreuzung	de:09185:1837:0:4	48.698647	11.17126	bus	NO_MATCH_BUT_OTHER_PLATFORM_MATCHED					430	Neuburg-Feldkirchen, Mittelweg		POINT(11.17126 48.698647)
842	Wagenhofen	Kreuzung	de:09185:1837:0:99	48.698807	11.171512	bus	NO_MATCH_BUT_OTHER_PLATFORM_MATCHED					420			POINT(11.171512 48.698807)
843	Wagenhofen	Ortsmitte	de:09185:5063:0:99	48.697539	11.166796	bus	MATCHED	n5732580739	17.5	1.0	Wagenhofen, Ortsmitte	410,425,480	Ballersdorf, Ortsmitte / Wagenhofen, Kreuzung / Wagenhofen, Feuerwehrhaus / Rohrenfels, Schulstraße / Ballersdorf, Ortsende	Ballersdorf, Ortsmitte	LINESTRING(11.166796 48.697539,11.166917900000001 48.697674500000005)
844	Waidhofen	Hofmarkstraße	de:09185:7634:0:1	48.576973	11.334053	bus	MATCHED	n4962537680	26.4	1.0	Waidhofen, Hofmarktstraße	9153,9242	Schrobenhausen, Franz-von-Lenbach-Schule / Waidhofen, Kirche / Schrobenhausen-Mühlried,Ingolstädter Str	Mühlried, Ingolstädter Straße / Schrobenhausen, Knabenrealschule / Rachelsbach, Grundäcker	LINESTRING(11.334053 48.576973,11.3342965 48.577146600000006)
845	Waidhofen	Hofmarkstraße	de:09185:7634:0:2	48.576919	11.334161	bus	MATCHED	n8972542310	82.0	1.0	Waidhofen, Hofmarktstraße	9153,9242	Waidhofen, Kirche / Schrobenhausen-Mühlried,Ingolstädter Str / Waidhofen, Schule	Waidhofen, Schule / Waidhofen, Kirche	LINESTRING(11.334161 48.576919,11.334924800000001 48.577454900000006)
846	Waidhofen	Kirche	de:09185:7853:0:1	48.580182	11.335311	bus	MATCHED	n4962495828	17.3	1.0	Waidhofen, Kirche	9153,9242	Waidhofen, Hofmarkstraße / Schenkenau, Abz. Schloßweg	Waidhofen, Hofmarktstraße	LINESTRING(11.335311 48.580182,11.335114500000001 48.580266200000004)
847	Waidhofen	Kirche	de:09185:7853:0:2	48.580259	11.335095	bus	MATCHED	n4962495827	21.0	1.0	Waidhofen, Kirche	9153,9242	Waidhofen, Ostendstr. / Waidhofen, Hofmarkstraße	Waidhofen, Schenkenau / Waidhofen, Ostendstraße	LINESTRING(11.335095 48.580259,11.335358600000001 48.580187300000006)
848	Waidhofen	Schenkenau	de:09185:7852:0:1	48.584829	11.378529	bus	MATCHED	n4953453754	12.3	1.0	Waidhofen, Schenkenau	9153	Schrobenhausen, Omnibusbahnhof	Waidhofen, Kirche / Waidhofen, Hofmarktstraße / Waidhofen, Ostendstraße	LINESTRING(11.378529 48.584829,11.378362200000002 48.5848256)
849	Waidhofen	Schenkenau	de:09185:7852:0:2	48.584883	11.378591		MATCHED	n4953453753	16.7	1.0	Waidhofen, Schenkenau			Hohenwart, Siedlung / Hohenwart, Hopfenhalle	LINESTRING(11.378591 48.584883,11.378644300000001 48.5847368)
850	Waidhofen	Schule	de:09185:7868:0:1	48.579178	11.340754	bus	MATCHED	n8972542312	29.4	1.0	Waidhofen, Schule	9153	Waidhofen, Hofmarkstraße	Waidhofen, Hofmarktstraße	LINESTRING(11.340754 48.579178,11.340546000000002 48.5794038)
851	Walda	Raiffeisenbank	de:09185:5021:0:1	48.608665	11.088418		MATCHED	n1340382567	7.1	1.0	Walda, Raiffeisenbank			Weidorf, Kapelle	LINESTRING(11.088418 48.608665,11.0884184 48.608729200000006)
852	Walda	Raiffeisenbank	de:09185:5021:0:3	48.608493	11.088732		NO_MATCH_AND_SEEMS_UNSERVED								POINT(11.088732 48.608493)
853	Walda	Raiffeisenbank	de:09185:5021:0:99	48.60851	11.088552	bus	MATCHED	n1013942723	32.4	1.0	Walda, Raiffeisenbank	410,460,480,490	Pöttmes, Hauptstraße / Weidorf, Ortsmitte / Walda, Schloßweg / Schönesberg, Rieder Straße / Schainbach, Kirche / Weidorf, Kapelle	Weidorf, Bhst.	LINESTRING(11.088552 48.60851,11.088702600000001 48.608236100000006)
854	Walda	Schloßweg	de:09185:5057:0:2	48.610934	11.090035		NO_MATCH_AND_SEEMS_UNSERVED								POINT(11.090035 48.610934)
855	Walda	Schloßweg	de:09185:5057:0:99	48.6105	11.090053	bus	MATCHED_THOUGH_NAMES_DIFFER	n4681204391	2.2	1.0	Walda, Daferner	410	Walda, Raiffeisenbank / Schainbach, Kirche	Schainbach, Kirche	LINESTRING(11.090053 48.6105,11.0900719 48.6104849)
856	Walding	Ortsmitte	de:09185:7663:0:1	48.660574	11.440665	bus	MATCHED	n10156500620	24.1	1.0	Karlskron-Walding, Ortsmitte	X441	Aschelsried, Dorfstraße / Karlskron, Hauptstraße / Josephenburg / Karlskron, Schule / Aschelsried, Dorfstraße / Karlskron-Grillheim, Eicherstraße 1	Grillheim, Eicherstraße 1	LINESTRING(11.440665 48.660574,11.4403384 48.660586300000006)
857	Walding	Ortsmitte	de:09185:7663:0:2	48.660574	11.440422	bus	MATCHED	n4970821265	11.5	1.0	Karlskron-Walding, Ortsmitte	X441	Aschelsried, Dorfstraße / Aschelsried, Dorfstraße / Karlskron-Grillheim, Eicherstraße 1 / Karlskron-Grillheim, Eicherstraße 1	Karlskron-Aschelsried, Ortsmitte	LINESTRING(11.440422 48.660574,11.4403296 48.660657500000006)
858	Weichering	Am Osterfeld	de:09185:7781:0:1	48.710024	11.321072	bus	MATCHED	n3883559098	7.9	1.0	Weichering, Am Osterfeld	X44	Weichering, Kirche / Weichering, Gewerbegebiet / Karlshuld, Neuschwetzingen / Weichering, Gewerbegebiet	Weichering, Gewerbegebiet / Weichering-Lichtenau, Ortsmitte / Weichering, Kirche	LINESTRING(11.321072 48.710024,11.321174800000001 48.710004500000004)
859	Weichering	Am Osterfeld	de:09185:7781:0:2	48.709982	11.321036	bus	MATCHED	n3883559096	15.6	1.0	Weichering, Am Osterfeld	X44	Weichering, Gewerbegebiet / Karlshuld, Neuschwetzingen	Karlshuld-Neuschwetzingen, Ortsmitte	LINESTRING(11.321036 48.709982,11.320878500000001 48.709887900000005)
860	Weichering	Gewerbegebiet	de:09185:751:0:1	48.711002	11.32807	bus	MATCHED	n3883559099	16.4	1.0	Weichering, Gewerbegebiet	X44	Weichering-Lichtenau, Ortsmitte / Weichering, Am Osterfeld	Weichering-Lichtenau, Ortsmitte	LINESTRING(11.32807 48.711002,11.328180300000001 48.7111302)
861	Weichering	Gewerbegebiet	de:09185:751:0:2	48.711239	11.327819	bus	MATCHED	n3883559101	2.8	0.79	Weichering, Gewerbegebiet	X44	Weichering-Lichtenau, Ortsmitte / Weichering, Schule / Weichering-Lichtenau, Ortsmitte / Weichering, Am Osterfeld	Weichering, Am Osterfeld	LINESTRING(11.327819 48.711239,11.3278558 48.711231600000005)
862	Weichering	Kirche	de:09185:7782:0:1	48.716366	11.321818	bus	MATCHED	n5126836231	115.0	0.13	Weichering, Kirche	450	Karlshuld, Neuschwetzingen	Weichering, Am Osterfeld	LINESTRING(11.321818 48.716366,11.3203302 48.716683)
863	Weichering	Kirche	de:09185:7782:0:2	48.716366	11.321818	bus	MATCHED	n5126836233	5.1	1.0	Weichering, Kirche	445,450	Weichering, Am Osterfeld / Weichering, Gewerbegebiet / Weichering-Lichtenau, Ortsmitte / Weichering, Schule	Karlskron, Betriebshof;Karlskron, Firma Spangler	LINESTRING(11.321818 48.716366,11.321770500000001 48.716399)
864	Weichering	Obermühle	de:09185:7780:0:1	48.709081	11.311945		NO_MATCH_AND_SEEMS_UNSERVED								POINT(11.311945 48.709081)
865	Weichering	Obermühle	de:09185:7780:0:2	48.70933	11.312008		NO_MATCH_AND_SEEMS_UNSERVED								POINT(11.312008 48.70933)
866	Weichering	Schule	de:09185:5186:0:1	48.713658	11.323632	bus	MATCHED	n5126832223	51.7	1.0	Weichering, Schule	445	Weichering, Kirche / Weichering, Gewerbegebiet / Weichering-Lichtenau, Ortsmitte		LINESTRING(11.323632 48.713658,11.324334700000001 48.7136506)
867	Weichering	Schule	de:09185:5186:0:2	48.713658	11.323632	bus	NO_MATCH_BUT_OTHER_PLATFORM_MATCHED					445			POINT(11.323632 48.713658)
868	Weichering	Siedlung	de:09185:90040	48.709117	11.319958		NO_MATCH_AND_SEEMS_UNSERVED								POINT(11.319958 48.709117)
869	Weichering	Waldschenke	de:09185:7783:0:1	48.717682	11.308514		MATCHED	n5126851292	16.1	1.0	Weichering, Waldschänke			Weichering, Kirche	LINESTRING(11.308514 48.717682,11.3082978 48.717702300000006)
870	Weichering	Weichering	de:09185:8708:1:1	48.720622	11.330702	train	MATCHED	w136062881	13.4	1.0	Weichering	RB15	Ingolstadt Hbf / Rohrenfeld / Ingolstadt Hbf / Ingolstadt Hbf / Ingolstadt Hbf		LINESTRING(11.330702 48.720622,11.330533548122501 48.720575416654476)
871	Weichering	Weichering	de:09185:8708:1:2	48.720681	11.330684	train	MATCHED	w136062883	11.7	1.0	Weichering	RB15	Ingolstadt Hbf / Ingolstadt Hbf / Ingolstadt Hbf / Ingolstadt Hbf / Ingolstadt Hbf / Rohrenfeld / Ingolstadt Hbf		LINESTRING(11.330684 48.720681,11.330542322744687 48.72063231223757)
872	Weichering-Lichtenau	Ortsmitte	de:09185:464:0:1	48.700681	11.348507	bus	MATCHED	n3882017906	13.5	1.0	Weichering-Lichtenau, Ortsmitte	X44	Weichering-Lichtenheim, Ortsmitte / Karlskron, Probfeld Nr. 7 / Karlshuld, Scharfes Eck (Steig 4) / Weichering, Gewerbegebiet / Karlskron, Gut Bofzheim	Weichering-Lichtenau, Ortsmitte / Lichtenheim, BHST	LINESTRING(11.348507 48.700681,11.3484426 48.700794800000004)
873	Weichering-Lichtenau	Ortsmitte	de:09185:464:0:2	48.700764	11.348642	bus	MATCHED	n3882017905	23.1	1.0	Weichering-Lichtenau, Ortsmitte	X44	Weichering-Lichtenheim, Ortsmitte / Weichering, Schule / Am Kirchsteig / Karlskron, Gut Bofzheim / Weichering, Kirche / Weichering, Gewerbegebiet / Karlskron, Probfeld Nr. 7	Weichering, Gewerbegebiet / Am Kirchsteig	LINESTRING(11.348642 48.700764,11.3487016 48.70056030000001)
874	Weichering-Lichtenau	Ortsmitte	de:09185:464:0:99	48.70141	11.348507	bus	MATCHED	n10095045523	30.9	1.0	Weichering-Lichtenau, Ortsmitte	X44	Am Kirchsteig		LINESTRING(11.348507 48.70141,11.3480884 48.701387100000005)
875	Weichering-Lichtenheim	Ortsmitte	de:09185:922:0:1	48.694283	11.353097	bus	NO_MATCH_BUT_OTHER_PLATFORM_MATCHED					445	Karlskron, Probfeld Nr. 7		POINT(11.353097 48.694283)
876	Weichering-Lichtenheim	Ortsmitte	de:09185:922:0:2	48.69423	11.353142	bus	MATCHED	n4970809137	64.7	1.0	Lichtenheim, BHST	445	Weichering-Lichtenau, Ortsmitte	Karlsron, Probfeld	LINESTRING(11.353142 48.69423,11.3526629 48.6947174)
877	Weidorf	Hauptstraße	de:09185:5029:0:1	48.613476	11.065969		NO_MATCH_AND_SEEMS_UNSERVED								POINT(11.065969 48.613476)
878	Weidorf	Hauptstraße	de:09185:5029:0:2	48.613476	11.065969		NO_MATCH_AND_SEEMS_UNSERVED								POINT(11.065969 48.613476)
879	Weidorf	Kapelle	de:09185:5140:0:1	48.612282	11.074673	bus	MATCHED	n10116632699	4.6	1.0	Weidorf, Kapelle	460	Walda, Raiffeisenbank		LINESTRING(11.074673 48.612282,11.074672000000001 48.6122409)
880	Weidorf	Kapelle	de:09185:5140:0:2	48.612282	11.074673	bus	MATCHED	n5732593285	5.5	1.0	Weidorf, Kapelle	460	Walda, Raiffeisenbank / Weidorf, Ortsmitte	Buch	LINESTRING(11.074673 48.612282,11.0747364 48.612307400000006)
881	Weidorf	Ortsmitte	de:09185:5056:0:1	48.613565	11.065717	bus	MATCHED	n1013942738	13.5	1.0	Weidorf, Bhst.	410,460,490	Walda, Raiffeisenbank / Pöttmes, Hauptstraße / Ehekirchen, Buch / Weidorf, Kapelle	Weidorf, Kapelle	LINESTRING(11.065717 48.613565,11.065718500000001 48.613443700000005)
882	Weidorf	Ortsmitte	de:09185:5056:0:2	48.613565	11.065717	bus	MATCHED_THOUGH_REVERSED_DIR	n10132468808	8.1	1.0	Weidorf, Bhst.	410,460	Haselbach, Ringstraße / Weidorf, Kapelle / Walda, Raiffeisenbank	Walda, Daferner	LINESTRING(11.065717 48.613565,11.065608200000002 48.613558100000006)
883	Weilach	Dorfstaße	de:09185:7863:0:1	48.494531	11.267497	bus	MATCHED_THOUGH_REVERSED_DIR	n4966730366	125.9	1.0	Weilach, Ort	9158	Weilach, Kirche	Aresing, Rettenbach / Aresing, Abzw. Etzlberg	LINESTRING(11.267497 48.494531,11.2672439 48.493411300000005)
884	Weilach	Dorfstaße	de:09185:7863:0:2	48.494638	11.267434	bus	MATCHED	n10095376973	2.6	1.0	Weilach, Ort	9158	Rettenbach, Dorfstraße / Etzlberg / Aresing-Autenzell		LINESTRING(11.267434 48.494638,11.2674572 48.4946209)
885	Weilach	Kirche	de:09185:7871:0:1	48.487041	11.265053	bus	MATCHED	n4966735431	13.9	1.0	Weilach, Kirche	9158	Ried/Birglbach	Weilach, Ort	LINESTRING(11.265053 48.487041,11.2651491 48.487148700000006)
886	Weilach	Kirche	de:09185:7871:0:2	48.48691	11.26482	bus	MATCHED_THOUGH_REVERSED_DIR	n4966735430	18.0	1.0	Weilach, Kirche	9158	Weilach, Dorfstaße	Gachenbach, Abzw. Ried Birglbach	LINESTRING(11.26482 48.48691,11.264949300000001 48.4870474)
887	Weilenbach	Feuerwehrhaus	de:09185:90041	48.506715	11.292614		NO_MATCH_AND_SEEMS_UNSERVED								POINT(11.292614 48.506715)
888	Winkelhausen	An der Frentz	de:09185:8642:0:1	48.599351	11.199737	bus	MATCHED	n4980112058	21.0	1.0	Winkelhausen, An der Fretz	9151	Winkelhausen, Flurstraße / Winkelhausen, Flurstraße	Winkelhausen	LINESTRING(11.199737 48.599351,11.199916 48.5994978)
889	Winkelhausen	An der Frentz	de:09185:8642:0:2	48.599499	11.199611		MATCHED	n8972100357	20.9	0.31	Winkelhausen, An der Fretz			Malzhausen, Ortsmitte	LINESTRING(11.199611 48.599499,11.199865500000001 48.5995812)
890	Winkelhausen	Flurstraße	de:09185:7830:0:1	48.599862	11.204462	bus	MATCHED	n4971157809	3.3	1.0	Winkelhausen	9151	Langenmosen, Kirche / Schrobenhausen-Sandizell,St. Peter Straße	Winkelhausen, An der Fretz / Langenmoosen, Kirche	LINESTRING(11.204462 48.599862,11.204500600000001 48.5998777)
891	Winkelhausen	Flurstraße	de:09185:7830:0:2	48.599832	11.204462	bus	NO_MATCH_BUT_OTHER_PLATFORM_MATCHED					9151	Malzhausen / Langenmosen, Kirche		POINT(11.204462 48.599832)
892	Zell	Kirche	de:09185:8639:0:1	48.713011	11.242074	bus	MATCHED	n5503339701	14.2	1.0	Zell, Kirche	101	Bruck, Feuerwehrhaus / Neuburg, Neuzell, Bushaltestelle / Karlshuld, Lederer / Neuburg-Donau,Rödenhof,Hauptstraße / Nazibühl, Kochheimer Weg	Neuzell, Feuerwehrhaus / Königmoos-Obermaxfeld	LINESTRING(11.242074 48.713011,11.241881000000001 48.7130135)
893	Zell	Kirche	de:09185:8639:0:2	48.713237	11.241805	bus	MATCHED	n5503339700	74.4	1.0	Zell, Kirche	420,450	Neuburg-Donau,Rödenhof,Hauptstraße	Weichering, Am Osterfeld	LINESTRING(11.241805 48.713237,11.2427527 48.713002800000005)
