	Ortsteil	Haltestelle	globaleID	lat	lon	mode	match_state	osm_id	distance	rating	osm_name	routes	official_direction	osm_direction	WKT
0	Bad Belzig	Am Betriebshof	de:12069:900221999::1	52.144827	12.613315	bus	MATCHED	w1022898202	4.5	0.79	Am Betriebshof	580,581,586,588,590	Bad Belzig, Brücker Landstr. / Lüsse / Bad Belzig, Gewerbepark Seedoche	Brücker Landstraße	LINESTRING(12.613315 52.144827,12.6133526 52.14479405)
1	Bad Belzig	Am Betriebshof	de:12069:900221999::2	52.144687	12.613304	bus	MATCHED	w1022898201	5.9	0.64	Am Betriebshof	580,581,586,588,590			LINESTRING(12.613304 52.144687,12.613239750000002 52.144721700000005)
2	Bad Belzig	Bahnhof	de:12069:900220143:1:50	52.136062	12.59495	train	MATCHED	n3417251181	0.7	0.7	Bad Belzig	RE7	Baitz, Bahnhof / Baitz, Bahnhof / Wiesenburg, Bahnhof	Wiesenburg (Mark)	LINESTRING(12.59495 52.136062,12.594941 52.1360657)
3	Bad Belzig	Bahnhof	de:12069:900220143:2:51	52.135985	12.59494	train	MATCHED	n30390523	5.9	0.51	Bad Belzig	RE7	Wiesenburg, Bahnhof / Baitz, Bahnhof / Baitz, Bahnhof	Baitz	LINESTRING(12.59494 52.135985,12.5950257 52.135989900000006)
4	Bad Belzig	Bahnhof	de:12069:900220143::1	52.1363	12.594945	bus	MATCHED	n3485900499	0.3	0.95	Bahnhof	555,572,580,581,582,586,588,590,591,592,593	Bad Belzig, Niemegker Str. / Borne / Bad Belzig, Krankenhaus / Preußnitz, B 102 / Raben	Krankenhaus / Preußnitz, B 102	LINESTRING(12.594945 52.1363,12.5949425 52.1363026)
5	Bad Belzig	Bahnhof	de:12069:900220143::2	52.136413	12.595119	bus	MATCHED	n1135863958	2.8	0.85	Bahnhof	590,591	Bad Belzig, Bahnhofsgasse / Borne / Bad Belzig, Burg Eisenhardt / Grubo	Niemegker Straße / Bahnhofsgasse / Bergholz	LINESTRING(12.595119 52.136413,12.595101600000001 52.1364359)
6	Bad Belzig	Bahnhof	de:12069:900220143::3	52.136465	12.595717		MATCHED	n9113773973	34.6	0.22	Bahnhof			Krankenhaus	LINESTRING(12.595717 52.136465,12.595424600000001 52.1362116)
7	Bad Belzig	Bahnhofsgasse	de:12069:900222003::3	52.137797	12.587841	bus	MATCHED	n3481062768	1.8	0.9	Bahnhofsgasse	590	Bad Belzig, Markt	Markt	LINESTRING(12.587841 52.137797,12.587823400000001 52.1377856)
8	Bad Belzig	Bergholz (bei Bad Belzig)	de:12069:900222239::1	52.10201	12.555113	bus	MATCHED	n8483813737	1.6	0.85	Bergholz	591	Grubo / Bad Belzig, Bahnhof		LINESTRING(12.555113 52.10201,12.55511 52.102024500000006)
9	Bad Belzig	Bergholz (bei Bad Belzig)	de:12069:900222239::2	52.102026	12.55489	bus	MATCHED_THOUGH_REVERSED_DIR	n1369428322	5.1	0.6	Bergholz	591	Borne	Grubo	LINESTRING(12.55489 52.102026,12.5549456 52.1019956)
10	Bad Belzig	Berliner Str. 	de:12069:900222003::4	52.139686	12.590694	bus	MATCHED	n7374703184	45.2	0.35	Berliner Straße	590	Bad Belzig, Markt	Markt	LINESTRING(12.590694 52.139686,12.5902299 52.139397100000004)
11	Bad Belzig	Borne	de:12069:900222036::1	52.110815	12.536072	bus	MATCHED	n2699765712	3.8	0.74	Borne	591	Bergholz (bei Bad Belzig)		LINESTRING(12.536072 52.110815,12.536019900000001 52.110802500000005)
12	Bad Belzig	Borne	de:12069:900222036::2	52.111268	12.53616	bus	MATCHED	n2699765713	4.4	0.72	Borne	591	Bad Belzig, Bahnhof		LINESTRING(12.53616 52.111268,12.5361703 52.111307100000005)
13	Bad Belzig	Borne	de:12069:900222036::3	52.111709	12.536603	bus	MATCHED	n3636528326	0.4	0.93	Borne	555,572	Bad Belzig, Burg Eisenhardt / Bad Belzig, Busbahnhof / Klein Glien / Bad Belzig, Markt	Burg Eisenhardt	LINESTRING(12.536603 52.111709,12.5366072 52.111706700000006)
14	Bad Belzig	Brandenburger Str. /SteinTherme	de:12069:900222005::1	52.149094	12.59989	bus	MATCHED	n3638690121	4.3	0.75	Brandenburger Straße/SteinTherme	580,581	Schwanebeck (PM) / Golzow (PM), Belziger Str.	Schwanebeck (PM) / Belziger Straße	LINESTRING(12.59989 52.149094,12.5999338 52.149121300000004)
15	Bad Belzig	Brandenburger Str. /SteinTherme	de:12069:900222005::2	52.149636	12.5999	bus	MATCHED	n482740561	6.6	0.7	Brandenburger Straße/SteinTherme	580,581,590	Bad Belzig, Busbahnhof	Busbahnhof	LINESTRING(12.5999 52.149636,12.5998915 52.149694800000006)
16	Bad Belzig	Brücker Landstr. 	de:12069:900222022::1	52.144242	12.609287	bus	MATCHED	w1022898199	4.0	0.75	Brücker Landstraße	540,580,581,582,586,587,588,590	Bad Belzig, Fichtestr. / Bad Belzig, Busbahnhof / Bad Belzig, Busbahnhof / Bad Belzig, Erich-Weinert-Str.	Fichtestraße / Erich-Weinert-Straße / Busbahnhof	LINESTRING(12.609287 52.144242,12.609333150000001 52.1442643)
17	Bad Belzig	Brücker Landstr. 	de:12069:900222022::2	52.144246	12.60955	bus	MATCHED	w1022898200	12.7	0.57	Brücker Landstraße	540,580,581,582,586,588,590	Bad Belzig, Gewerbepark Seedoche / Bad Belzig, Gewerbepark Süd / Lüsse / Bad Belzig, Am Betriebshof / Preußnitz, Neubau	Preußnitz, Neubau / Lüsse	LINESTRING(12.60955 52.144246,12.6093781 52.1442026)
18	Bad Belzig	Burg Eisenhardt	de:12069:900222184::1	52.136439	12.584455	bus	MATCHED	n3486592785	3.3	0.85	Burg Eisenhardt	572,590	Bad Belzig, Bahnhof	Bahnhof	LINESTRING(12.584455 52.136439,12.5844579 52.136409400000005)
19	Bad Belzig	Burg Eisenhardt	de:12069:900222184::2	52.136582	12.584663	bus	NO_MATCH_BUT_OTHER_PLATFORM_MATCHED					590	Bad Belzig, Landratsamt		POINT(12.584663 52.136582)
20	Bad Belzig	Busbahnhof	de:12069:900220174::1	52.143981	12.590161	bus	MATCHED	w1124952119	1.1	0.86	Busbahnhof	580,581,590	Bad Belzig, Brandenburger Str./SteinTherme / Bad Belzig, Straße der Einheit / Bad Belzig, Martin-Luther-Str.	Brandenburger Straße/SteinTherme / Straße der Einheit / Niemegker Straße / Martin-Luther-Straße	LINESTRING(12.590161 52.143981,12.5901691 52.14398945000001)
21	Bad Belzig	Busbahnhof	de:12069:900220174::2	52.144073	12.590348	bus	MATCHED	w1124952120	3.4	0.75	Busbahnhof	582,586	Bad Belzig, Weitzgrunder Weg / Bad Belzig, Straße der Einheit / Bad Belzig, Brücker Landstr.	Straße der Einheit / Niemegker Straße / Weitzgrunder Weg / Brücker Landstraße	LINESTRING(12.590348 52.144073,12.590383000000001 52.14409405000001)
22	Bad Belzig	Busbahnhof	de:12069:900220174::3	52.144169	12.590551	bus	MATCHED	w1124952121	4.1	0.72	Busbahnhof	540	Bad Belzig, Straße der Einheit	Niemegker Straße / Lübnitzer Straße	LINESTRING(12.590551 52.144169,12.590592050000001 52.14419530000001)
23	Bad Belzig	Busbahnhof	de:12069:900220174::4	52.144259	12.590453	bus	MATCHED	w1124952116	1.8	0.82	Busbahnhof	587,588,593	Bad Belzig, Lübnitzer Str. / Bad Belzig, Weitzgrunder Weg / Bad Belzig, Niemegker Str.	Martin-Luther-Straße / Lübnitzer Straße	LINESTRING(12.590453 52.144259,12.590471350000001 52.1442702)
24	Bad Belzig	Busbahnhof	de:12069:900220174::5	52.144152	12.590257	bus	MATCHED	w1124952117	2.3	0.79	Busbahnhof	540,555,588	Bad Belzig, Gliener Str. / Bad Belzig, Bahnhof / Bad Belzig, Markt / Klein Glien / Bad Belzig, Straße der Einheit	Niemegker Straße / Gliener Straße	LINESTRING(12.590257 52.144152,12.590271900000001 52.144170800000005)
25	Bad Belzig	Busbahnhof	de:12069:900220174::6	52.144045	12.590075	bus	MATCHED	w1124952118	2.8	0.85	Busbahnhof	591,592	Bad Belzig, Straße der Einheit / Bad Belzig, Krankenhaus	Straße der Einheit / Bahnhof	LINESTRING(12.590075 52.144045,12.5900557 52.14406715)
26	Bad Belzig	Egelinde	de:12069:900222065::1	52.210056	12.468445	bus	MATCHED	n7737704330	5.0	0.69	Egelinde	593	Hohenspringe		LINESTRING(12.468445 52.210056,12.468394 52.210088500000005)
27	Bad Belzig	Egelinde	de:12069:900222065::2	52.210008	12.468553	bus	MATCHED	n7737691927	6.7	0.64	Egelinde	559,593	Verlorenwasser, Hirschtränke		LINESTRING(12.468553 52.210008,12.4685625 52.2099479)
28	Bad Belzig	Erich-Weinert-Str. 	de:12069:900222006::1	52.141041	12.60644	bus	MATCHED	n2193293913	2.0	0.76	Erich-Weinert-Straße	580,581,586,588,590	Bad Belzig, Feierabendheim / Bad Belzig, Klinkengrund	Feierabendheim / Klinkengrund	LINESTRING(12.60644 52.141041,12.6064123 52.141047)
29	Bad Belzig	Erich-Weinert-Str. 	de:12069:900222006::2	52.141197	12.606595	bus	MATCHED	n652613409	11.7	0.57	Erich-Weinert-Straße	580,581,586,588,590	Bad Belzig, Brücker Landstr.	Brücker Landstraße	LINESTRING(12.606595 52.141197,12.6065763 52.1410926)
30	Bad Belzig	Ernst-Thälmann-Str. 	de:12069:900222038::1	52.142323	12.587455		NO_MATCH_AND_SEEMS_UNSERVED								POINT(12.587455 52.142323)
31	Bad Belzig	Feierabendheim	de:12069:900222007::1	52.139487	12.608677	bus	MATCHED	n2648588302	13.0	0.49	Feierabendheim	586,590	Bad Belzig, Klinkengrund / Bad Belzig, Erich-Weinert-Str.	Klinkengrund / Erich-Weinert-Straße	LINESTRING(12.608677 52.139487,12.6088617 52.13946180000001)
32	Bad Belzig	Feierabendheim	de:12069:900222007::2	52.139466	12.608619		NO_MATCH_AND_SEEMS_UNSERVED								POINT(12.608619 52.139466)
33	Bad Belzig	Fichtestr. 	de:12069:900222008::1	52.142227	12.598188	bus	MATCHED	w680487735	16.9	0.48	Fichtestraße	540	Bad Belzig, Brücker Landstr.	Brücker Landstraße	LINESTRING(12.598188 52.142227,12.5979761 52.14214845000001)
34	Bad Belzig	Fichtestr. 	de:12069:900222008::2	52.142127	12.597649	bus	MATCHED	w680487737	11.5	0.54	Fichtestraße	540	Bad Belzig, Straße der Einheit	Straße der Einheit	LINESTRING(12.597649 52.142127,12.59776285 52.14220245)
35	Bad Belzig	Forst	de:12069:900222009::1	52.14643	12.57437	bus	MATCHED	n2648729634	4.5	0.81	Forst	587,593	Bad Belzig, Röderhof	Röderhof	LINESTRING(12.57437 52.14643,12.574390600000001 52.146468600000006)
36	Bad Belzig	Forst	de:12069:900222009::2	52.147132	12.572751	bus	MATCHED	n2648758743	3.5	0.84	Forst	587,593	Bad Belzig, Puschkinstr. / Bad Belzig, Lübnitzer Str.	Puschkinstraße / Lübnitzer Straße	LINESTRING(12.572751 52.147132,12.572767 52.1471023)
37	Bad Belzig	Gewerbepark Seedoche	de:12069:900222072::1	52.148949	12.611772	bus	MATCHED	n7322880495	1.9	0.84	Gewerbepark Seedoche	582,587,588,590	Bad Belzig, Am Betriebshof / Bad Belzig, Gewerbepark Süd / Bad Belzig, Brücker Landstr.		LINESTRING(12.611772 52.148949,12.611759500000002 52.14896400000001)
38	Bad Belzig	Gewerbepark Seedoche	de:12069:900222072::2	52.148928	12.61176		NO_MATCH_AND_SEEMS_UNSERVED								POINT(12.61176 52.148928)
39	Bad Belzig	Gewerbepark Süd	de:12069:900222189::1	52.146547	12.611868	bus	NO_MATCH_BUT_OTHER_PLATFORM_MATCHED					590	Bad Belzig, Brücker Landstr.		POINT(12.611868 52.146547)
40	Bad Belzig	Gewerbepark Süd	de:12069:900222189::2	52.146647	12.611793	bus	MATCHED	n617292962	5.6	0.67	Gewerbepark Süd	590	Bad Belzig, Gewerbepark Seedoche		LINESTRING(12.611793 52.146647,12.6117115 52.1466537)
41	Bad Belzig	Gliener Str. 	de:12069:900222010::1	52.140722	12.57988	bus	MATCHED	n3360140731	5.4	0.65	Gliener Straße	588	Klein Glien	Klein Glien	LINESTRING(12.57988 52.140722,12.5798672 52.140770200000006)
42	Bad Belzig	Gliener Str. 	de:12069:900222010::2	52.140681	12.579888	bus	MATCHED	n3360142306	7.8	0.61	Gliener Straße	588	Bad Belzig, Busbahnhof	Busbahnhof	LINESTRING(12.579888 52.140681,12.5798214 52.1406238)
43	Bad Belzig	Klein Briesen (PM)	de:12069:900222105::1	52.23995	12.511239	bus	MATCHED	n559196130	0.2	0.94	Klein Briesen	596	Ragösen, Briesener Str.		LINESTRING(12.511239 52.23995,12.5112403 52.239951700000006)
44	Bad Belzig	Klein Briesen (PM)	de:12069:900222105::2	52.239878	12.511307	bus	NO_MATCH_BUT_OTHER_PLATFORM_MATCHED					596	Groß Briesen (PM), Dorf		POINT(12.511307 52.239878)
45	Bad Belzig	Klein Glien	de:12069:900222106::1	52.131682	12.51845	bus	MATCHED	n2163162726	3.7	0.83	Klein Glien	555,588	Hagelberg, Ortsmitte / Wiesenburg, Gewerbegebiet	Ortsmitte	LINESTRING(12.51845 52.131682,12.5184612 52.131714800000005)
46	Bad Belzig	Klein Glien	de:12069:900222106::2	52.131628	12.518455	bus	MATCHED	n2163162722	4.1	0.82	Klein Glien	555,588	Bad Belzig, Gliener Str. / Borne	Gliener Straße	LINESTRING(12.518455 52.131628,12.5184928 52.1315996)
47	Bad Belzig	Klein Glien	de:12069:900222106::3	52.131825	12.516583	bus	MATCHED	n3481591751	5.3	0.68	Klein Glien	587	Schmerwitz, Ortsmitte	Ortsmitte	LINESTRING(12.516583 52.131825,12.5166389 52.131858)
48	Bad Belzig	Klein Glien	de:12069:900222106::4	52.131801	12.516354	bus	MATCHED	n3481591750	21.2	0.39	Klein Glien	572,587	Borne / Hagelberg, Ortsmitte	Ortsmitte / Borne	LINESTRING(12.516354 52.131801,12.516644300000001 52.131736200000006)
49	Bad Belzig	Klinkengrund	de:12069:900222012::1	52.138227	12.604069	bus	MATCHED	w761710253	19.7	0.57	Klinkengrund	580,581,582,586,588,590,592	Preußnitz, Neubau / Preußnitz, B 102 / Bad Belzig, Feierabendheim / Bad Belzig, Erich-Weinert-Str.	Erich-Weinert-Straße / Preußnitz, B 102 / Preußnitz, Neubau / Feierabendheim	LINESTRING(12.604069 52.138227,12.6043259 52.13814835)
50	Bad Belzig	Klinkengrund	de:12069:900222012::2	52.138285	12.604001	bus	MATCHED	w761710252	4.6	0.81	Klinkengrund	580,581,582,586,588,590,592	Bad Belzig, Weitzgrunder Weg / Bad Belzig, Niemegker Str. / Bad Belzig, Bahnhof / Bad Belzig, Krankenhaus	Bahnhof / Niemegker Straße / Krankenhaus	LINESTRING(12.604001 52.138285,12.604025649825726 52.138323662375576)
51	Bad Belzig	Krankenhaus	de:12069:900222013::1	52.139576	12.597549	bus	MATCHED	n3485900500	5.1	0.79	Krankenhaus	555,580,581,582,586,588,590,591,592	Bad Belzig, Busbahnhof / Bad Belzig, Markt / Bad Belzig, Klinkengrund / Bad Belzig, Busbahnhof / Bad Belzig, Niemegker Str.	Klinkengrund / Niemegker Straße	LINESTRING(12.597549 52.139576,12.5975178 52.1395344)
52	Bad Belzig	Krankenhaus	de:12069:900222013::2	52.139452	12.597382	bus	MATCHED	n3480995346	4.6	0.81	Krankenhaus	590,591	Bad Belzig, Bahnhof	Bahnhof	LINESTRING(12.597382 52.139452,12.597330900000001 52.1394783)
53	Bad Belzig	Landratsamt	de:12069:900220348::1	52.139163	12.577916	bus	MATCHED	n3481076261	5.4	0.78	Landratsamt	590	Bad Belzig, Burg Eisenhardt	Burg Eisenhardt	LINESTRING(12.577916 52.139163,12.5779911 52.139178300000005)
54	Bad Belzig	Landratsamt	de:12069:900220348::2	52.139594	12.578284	bus	NO_MATCH_BUT_OTHER_PLATFORM_MATCHED					590	Bad Belzig, Busbahnhof		POINT(12.578284 52.139594)
55	Bad Belzig	Lübnitzer Str. 	de:12069:900222014::1	52.142329	12.582031	bus	MATCHED	n482740596	4.4	0.73	Lübnitzer Straße	587,593	Bad Belzig, Busbahnhof	Busbahnhof	LINESTRING(12.582031 52.142329,12.5819877 52.1423581)
56	Bad Belzig	Lübnitzer Str. 	de:12069:900222014::2	52.142428	12.581989	bus	MATCHED	n3481062771	3.1	0.76	Lübnitzer Straße	587,590,593	Bad Belzig, Lübnitzer Str./Puschkinstr. / Bad Belzig, Forst	Forst / Lübnitzer Straße/Puschkinstraße	LINESTRING(12.581989 52.142428,12.5820345 52.142427000000005)
57	Bad Belzig	Lübnitzer Str. 	de:12069:900222014::3	52.142595	12.583279		NO_MATCH_AND_SEEMS_UNSERVED								POINT(12.583279 52.142595)
58	Bad Belzig	Lübnitzer Str. /Puschkinstr. 	de:12069:900222071::1	52.144683	12.578566	bus	MATCHED	n2648758741	1.6	0.84	Lübnitzer Straße/Puschkinstraße	590	Bad Belzig, Puschkinstr.	Puschkinstraße	LINESTRING(12.578566 52.144683,12.578562600000001 52.14469750000001)
59	Bad Belzig	Lüsse	de:12069:900222125::1	52.148063	12.656844	bus	MATCHED	n3639251265	0.9	0.93	Lüsse	540,586	Baitz, Dorf / Neschholz, Ortsmitte / Neschholz, Ortsmitte	Dorf	LINESTRING(12.656844 52.148063,12.656834700000001 52.148068300000006)
60	Bad Belzig	Lüsse	de:12069:900222125::2	52.149585	12.65607	bus	MATCHED	n10287372447	7.7	0.73	Lüsse	540,586	Bad Belzig, Am Betriebshof / Bad Belzig, Brücker Landstr.	Brücker Landstraße	LINESTRING(12.65607 52.149585,12.6559798 52.1496269)
61	Bad Belzig	Lüsse	de:12069:900222125::3	52.149465	12.656102	bus	MATCHED	n6755663283	12.7	0.65	Lüsse	586	Neschholz, Ortsmitte / Baitz, Dorf	Ortsmitte / Dorf	LINESTRING(12.656102 52.149465,12.6561521 52.1493553)
62	Bad Belzig	Lüsse	de:12069:900222125::4	52.148645	12.656528	bus	MATCHED	n6755663280	10.2	0.55	Lüsse	586	Kuhlowitz, Abzweig		LINESTRING(12.656528 52.148645,12.656451200000001 52.148723100000005)
63	Bad Belzig	Markt	de:12069:900222015::1	52.140359	12.586234	bus	MATCHED	n1135863955	5.9	0.77	Markt	555,586,590	Bad Belzig, Landratsamt / Bad Belzig, Bahnhof / Klein Glien / Borne / Lübnitz, Ausbau / Bad Belzig, Lübnitzer Str.	Landratsamt / Lübnitzer Straße	LINESTRING(12.586234 52.140359,12.5861706 52.1403952)
64	Bad Belzig	Martin-Luther-Str. 	de:12069:900222016::1	52.146669	12.592572	bus	MATCHED	n652613407	2.9	0.77	Martin-Luther-Straße	590	Bad Belzig, Weitzgrunder Weg	Weitzgrunder Weg	LINESTRING(12.592572 52.146669,12.592577 52.146694700000005)
65	Bad Belzig	Niemegker Str. 	de:12069:900222017::1	52.140641	12.595864	bus	MATCHED	w1022898196	4.1	0.66	Niemegker Straße	580,581,582,586,588,592,593	Bad Belzig, Bahnhof / Bad Belzig, Klinkengrund	Klinkengrund / Krankenhaus / Bahnhof	LINESTRING(12.595864 52.140641,12.595911950000001 52.14061825)
66	Bad Belzig	Niemegker Str. 	de:12069:900222017::2	52.140915	12.595469	bus	MATCHED	w1022898195	22.4	0.42	Niemegker Straße	580,581,582,586,588,592,593	Bad Belzig, Busbahnhof / Bad Belzig, Straße der Einheit / Bad Belzig, Busbahnhof / Bad Belzig, Markt	Busbahnhof / Straße der Einheit	LINESTRING(12.595469 52.140915,12.59573785 52.140800750000004)
67	Bad Belzig	Puschkinstr. 	de:12069:900222018::1	52.144831	12.584515	bus	MATCHED	n2648758744	1.9	0.73	Puschkinstraße	587,590	Bad Belzig, Busbahnhof / Bad Belzig, Busbahnhof	Busbahnhof	LINESTRING(12.584515 52.144831,12.5844898 52.144825000000004)
68	Bad Belzig	Reha-Klinik	de:12069:900222019::1	52.162896	12.588202	bus	MATCHED	n1618016937	6.4	0.65	Reha-Klinik	590	Bad Belzig, ZEGG	ZEGG	LINESTRING(12.588202 52.162896,12.588188200000001 52.162952600000004)
69	Bad Belzig	Reha-Klinik Haupteingang	de:12069:900222263::1	52.164804	12.586365	bus	MATCHED	n3485836244	1.8	0.9	Reha-Klinik Haupteingang	590	Bad Belzig, Reha-Klinik	Reha-Klinik	LINESTRING(12.586365 52.164804,12.5863388 52.16480120000001)
70	Bad Belzig	Rosa-Luxemburg-Str. 	de:12069:900222021::1	52.149981	12.59104	bus	MATCHED	n3481062770	2.1	0.81	Rosa-Luxemburg-Straße	590	Bad Belzig, ZEGG / Bad Belzig, SteinTherme/Am Kurpark	ZEGG	LINESTRING(12.59104 52.149981,12.591068900000002 52.149975600000005)
71	Bad Belzig	Röderhof	de:12069:900222020::1	52.15053	12.561549	bus	MATCHED	n2648729629	3.2	0.85	Röderhof	587,593	Lübnitz, Ausbau	Ausbau	LINESTRING(12.561549 52.15053,12.561539300000002 52.1505577)
72	Bad Belzig	Röderhof	de:12069:900222020::2	52.150213	12.562782	bus	MATCHED	n3481591749	4.2	0.82	Röderhof	587,593	Bad Belzig, Forst	Forst	LINESTRING(12.562782 52.150213,12.562732500000001 52.1502348)
73	Bad Belzig	Schwanebeck (PM)	de:12069:900222183::1	52.17675	12.627089	bus	MATCHED	n3636719349	4.0	0.82	Schwanebeck (PM)	580,581	Fredersdorf (PM), Dorf / Lütte, Dorf	Lütte, Dorf / Fredersdorf (PM), Dorf	LINESTRING(12.627089 52.17675,12.627043100000002 52.1767283)
74	Bad Belzig	Schwanebeck (PM)	de:12069:900222183::2	52.176824	12.627078	bus	MATCHED	n1135810059	14.3	0.63	Schwanebeck (PM)	580,581	Bad Belzig, Brandenburger Str./SteinTherme	Brandenburger Straße/SteinTherme	LINESTRING(12.627078 52.176824,12.6272859 52.1768313)
75	Bad Belzig	SteinTherme/Am Kurpark	de:12069:900222002::1	52.151273	12.59552	bus	MATCHED	n1618016931	4.3	0.82	SteinTherme/Am Kurpark	590	Bad Belzig, Brandenburger Str./SteinTherme	Brandenburger Straße/SteinTherme	LINESTRING(12.59552 52.151273,12.595519000000001 52.1512345)
76	Bad Belzig	Straße der Einheit	de:12069:900222187::1	52.141713	12.590012	bus	MATCHED	n6321731672	15.7	0.61	Straße der Einheit	540,580,581,582,586,588,590,592	Bad Belzig, Niemegker Str. / Bad Belzig, Fichtestr. / Bad Belzig, Berliner Str.	Fichtestraße / Berliner Straße / Niemegker Straße	LINESTRING(12.590012 52.141713,12.5898058 52.1417744)
77	Bad Belzig	Straße der Einheit	de:12069:900222187::2	52.141799	12.589903	bus	MATCHED	n5378108459	2.3	0.88	Straße der Einheit	540,580,581,582,586,588	Bad Belzig, Busbahnhof / Bad Belzig, Busbahnhof / Bad Belzig, Busbahnhof / Bad Belzig, Busbahnhof	Busbahnhof	LINESTRING(12.589903 52.141799,12.5899348 52.1417939)
78	Bad Belzig	Weitzgrund	de:12069:900222246::1	52.192931	12.527228	bus	MATCHED	n7737692694	0.4	0.93	Weitzgrund	555	Schmerwitz, Ortsmitte / Verlorenwasser, Hirschtränke		LINESTRING(12.527228 52.192931,12.5272281 52.1929346)
79	Bad Belzig	Weitzgrunder Weg	de:12069:900222023::1	52.149426	12.587916	bus	MATCHED	n3481062767	6.1	0.65	Weitzgrunder Weg	586,587,590	Bad Belzig, Rosa-Luxemburg-Str. / Bad Belzig, Busbahnhof	Rosa-Luxemburg-Straße / Busbahnhof	LINESTRING(12.587916 52.149426,12.588002000000001 52.1494416)
80	Bad Belzig	ZEGG	de:12069:900222024::1	52.15672	12.593547	bus	MATCHED	n541417063	2.5	0.87	ZEGG	590	Bad Belzig, Reha-Klinik Haupteingang / Bad Belzig, Reha-Klinik	Reha-Klinik Haupteingang	LINESTRING(12.593547 52.15672,12.593574400000001 52.156734400000005)
81	Bad Belzig	ZEGG	de:12069:900222024::2	52.15614	12.59364	bus	MATCHED	n2648760337	4.9	0.8	ZEGG	590	Bad Belzig, SteinTherme/Am Kurpark	SteinTherme/Am Kurpark	LINESTRING(12.59364 52.15614,12.593630300000001 52.1560962)
82	Baitz	Bahnhof	de:12069:900220142:1:50	52.164186	12.685215	train	MATCHED	n3420206018	3.5	0.45	Baitz	RE7	Bad Belzig, Bahnhof / Brück, Bahnhof / Bad Belzig, Bahnhof	Bad Belzig	LINESTRING(12.685215 52.164186,12.6852415 52.1641594)
83	Baitz	Bahnhof	de:12069:900220142:2:51	52.163915	12.683916	train	MATCHED	n1378539593	8.6	0.52	Baitz	RE7	Brück, Bahnhof	Brück (Mark)	LINESTRING(12.683916 52.163915,12.6837944 52.163933300000004)
84	Baitz	Bahnhof	de:12069:900220142::1	52.164338	12.684324	bus	MATCHED	n10287277787	24.2	0.53	Bahnhof	540,586	Baitz, Dorf	Dorf	LINESTRING(12.684324 52.164338,12.6842529 52.164551)
85	Baitz	Bahnhof	de:12069:900220142::2	52.164364	12.68436	bus	MATCHED	n5378108457	5.5	0.78	Bahnhof	540,586	Neschholz, Ausbau	Ausbau	LINESTRING(12.68436 52.164364,12.684304000000001 52.164328100000006)
86	Baitz	Dorf	de:12069:900222000::1	52.172377	12.67789	bus	MATCHED	n1851770461	4.1	0.73	Dorf	540,586	Baitz, Bahnhof / Lüsse / Lüsse	Kuhlowitz, Abzweig / Lüsse / Bahnhof	LINESTRING(12.67789 52.172377,12.677949400000001 52.172378)
87	Bardenitz	Mühlenberg	de:12069:900222218::1	52.073468	12.936179	bus	NO_MATCH					549	Treuenbrietzen, Süd		POINT(12.936179 52.073468)
88	Beelitz	Abzweig Gewerbepark	de:12069:900220939::1	52.223369	12.970859	bus	MATCHED	w706573576	6.0	0.77	Abzweig Gewerbepark	640	Beelitz, Treuenbrietzener Str. 18	Treuenbrietzener Straße 18	LINESTRING(12.970859 52.223369,12.9707764 52.22335075000001)
89	Beelitz	Abzweig Gewerbepark	de:12069:900220939::2	52.22407	12.971428		MATCHED	w706912471	5.0	0.65	Abzweig Gewerbepark				LINESTRING(12.971428 52.22407,12.971497550000002 52.224056700000006)
90	Beelitz	Amselweg	de:12069:900220989::1	52.246375	12.976016	bus	MATCHED	n1477899358	1.5	0.91	Amselweg	640	Beelitz, Zur Feldscheune	Zur Feldscheune	LINESTRING(12.976016 52.246375,12.976017800000001 52.2463616)
91	Beelitz	An der Kiesgrube	de:12069:900220982::1	52.248963	12.983375	bus	MATCHED	n1477057625	6.1	0.77	An der Kiesgrube	643,X43	Beelitz, Zur Feldscheune	Zur Feldscheune	LINESTRING(12.983375 52.248963,12.9833165 52.2489215)
92	Beelitz	An der Kiesgrube	de:12069:900220982::2	52.24854	12.983073	bus	MATCHED	w1124912264	6.2	0.74	An der Kiesgrube	643,X43	Beelitz, Kemmeter Weg / Seddin (PM), Jägerhof	Jägerhof / Kemmeter Weg	LINESTRING(12.983073 52.24854,12.983042050000002 52.24848745)
93	Beelitz	An der Kiesgrube	de:12069:900220982::3	52.249749	12.984954		NO_MATCH_AND_SEEMS_UNSERVED								POINT(12.984954 52.249749)
94	Beelitz	An der Kiesgrube	de:12069:900220982::4	52.249293	12.985111		NO_MATCH_AND_SEEMS_UNSERVED								POINT(12.985111 52.249293)
95	Beelitz	Birkhorst (PM)	de:12069:900220956::1	52.187941	12.905338	bus	MATCHED	w1268115701	10.1	0.55	Birkhorst (PM)	640,642	Schäpe / Salzbrunn	Schäpe / Salzbrunn	LINESTRING(12.905338 52.187941,12.905321399999997 52.1878508)
96	Beelitz	Busendorf	de:12069:900220960::1	52.288798	12.827034	bus	MATCHED	n1477057643	4.4	0.72	Busendorf	541,645,647	Kanin / Borkwalde, Wielandstr.	Wielandstraße / Kanin	LINESTRING(12.827034 52.288798,12.8269807 52.288820900000005)
97	Beelitz	Busendorf	de:12069:900220960::2	52.288799	12.827442	bus	MATCHED	n8059378988	6.4	0.76	Busendorf	645,647	Emstal	Emstal / Busendorf	LINESTRING(12.827442 52.288799,12.827533200000001 52.2888115)
98	Beelitz	Carl-von-Ossietzky-Str. 	de:12069:900220975::1	52.242784	12.95804	bus	MATCHED	n2250582359	7.9	0.67	Carl-von-Ossietzky-Straße	645	Beelitz, Finkenstr.	Finkenstraße	LINESTRING(12.95804 52.242784,12.958154100000002 52.242772200000005)
99	Beelitz	Carl-von-Ossietzky-Str. 	de:12069:900220975::2	52.242628	12.958329	bus	MATCHED	n2250582354	5.9	0.71	Carl-von-Ossietzky-Straße	645	Beelitz, Zeppelinstr.	Zeppelinstraße	LINESTRING(12.958329 52.242628,12.9583793 52.2425848)
100	Beelitz	Finkenstr. 	de:12069:900220976::1	52.245218	12.95055	bus	MATCHED	n1477899386	4.4	0.66	Finkenstraße	645	Beelitz, Husarenallee	Husarenallee	LINESTRING(12.95055 52.245218,12.9505569 52.2452575)
101	Beelitz	Finkenstr. 	de:12069:900220976::2	52.24533	12.95078	bus	MATCHED	n1477899389	4.3	0.66	Finkenstraße	645	Beelitz, Carl-von-Ossietzky-Str.	Carl-von-Ossietzky-Straße	LINESTRING(12.95078 52.24533,12.950757900000001 52.245293600000004)
102	Beelitz	Friedrichshof	de:12069:900220814::1	52.23714	12.952007	bus	MATCHED	n3386162449	4.9	0.8	Friedrichshof	647	Reesdorf (PM), Ausbau	Reesdorf	LINESTRING(12.952007 52.23714,12.951958000000001 52.237172400000006)
103	Beelitz	Friedrichshof	de:12069:900220814::2	52.237109	12.952523	bus	MATCHED	n3386162458	48.1	0.4	Friedrichshof	640,647	Beelitz, Liebknechtpark	Stadt Bahnhof / Liebknechtpark	LINESTRING(12.952523 52.237109,12.951818800000002 52.237101800000005)
104	Beelitz	Gewerbegebiet Süd	de:12069:900220980	52.223246	12.963837		NO_MATCH_AND_SEEMS_UNSERVED								POINT(12.963837 52.223246)
105	Beelitz	Gymnasium	de:12069:900220935::1	52.240907	12.964266	bus	MATCHED	n6454237763	4.3	0.82	Gymnasium	640	Beelitz, Amselweg	Amselweg	LINESTRING(12.964266 52.240907,12.9643285 52.240903)
106	Beelitz	Husarenallee	de:12069:900220930::1	52.247776	12.942802	bus	MATCHED	w711004542	7.8	0.73	Husarenallee	641,645	Beelitz-Heilstätten, Parkinsonklinik	Parkinsonklinik	LINESTRING(12.942802 52.247776,12.942915250000004 52.24778435000001)
107	Beelitz	Husarenallee	de:12069:900220930::2	52.247492	12.943231	bus	MATCHED	n2250582304	5.7	0.78	Husarenallee	641,645	Beelitz, Finkenstr. / Beelitz, Zeppelinstr.	Finkenstraße / Zeppelinstraße	LINESTRING(12.943231 52.247492,12.943166100000001 52.2474603)
108	Beelitz	Jahnstr. 	de:12069:900220926::1	52.236553	12.971933	bus	MATCHED	n3386162455	3.4	0.67	Jahnstraße	640,641,643,644,645,647,X43	Beelitz, Lustgarten	Lustgarten	LINESTRING(12.971933 52.236553,12.9718858 52.2365428)
109	Beelitz	Kanin	de:12069:900220962::1	52.286452	12.836756	bus	MATCHED	n3385733534	17.2	0.59	Kanin	541,645	Borkwalde, Wielandstr. / Busendorf / Busendorf	Busendorf / Wielandstraße	LINESTRING(12.836756 52.286452,12.8365156 52.2864067)
110	Beelitz	Kanin	de:12069:900220962::2	52.286377	12.836629	bus	MATCHED	n3385733532	7.2	0.74	Kanin	541,645	Klaistow, Dorf	Dorf	LINESTRING(12.836629 52.286377,12.8365746 52.286321900000004)
111	Beelitz	Kanin	de:12069:900220962::3	52.285869	12.83347		NO_MATCH_AND_SEEMS_UNSERVED								POINT(12.83347 52.285869)
112	Beelitz	Kanin	de:12069:900220962::34	52.28549	12.833244		NO_MATCH_AND_SEEMS_UNSERVED								POINT(12.833244 52.28549)
113	Beelitz	Kemmeter Weg	de:12069:900220936::1	52.255641	12.989426	bus	MATCHED	n8234575207	11.6	0.66	Kemmeter Weg	643	Beelitz, An der Kiesgrube	An der Kiesgrube	LINESTRING(12.989426 52.255641,12.9893213 52.2555593)
114	Beelitz	Kemmeter Weg	de:12069:900220936::2	52.255349	12.989281	bus	MATCHED	n8234575206	4.8	0.8	Kemmeter Weg	643	Seddin (PM), Schuppesiedlung	Jägerhof	LINESTRING(12.989281 52.255349,12.989340100000001 52.255373000000006)
115	Beelitz	Körzin	de:12069:900220780::1	52.216932	13.088184	bus	MATCHED	n823482512	4.5	0.71	Körzin	644	Zauchwitz, Trebbiner Str.	Trebbiner Straße	LINESTRING(13.088184 52.216932,13.0881611 52.2168939)
116	Beelitz	LAGA Haupteingang	de:12069:900220809::1	52.234543	12.984457		NO_MATCH_AND_SEEMS_UNSERVED								POINT(12.984457 52.234543)
117	Beelitz	LAGA Haupteingang	de:12069:900220809::2	52.234618	12.983563		NO_MATCH_AND_SEEMS_UNSERVED								POINT(12.983563 52.234618)
118	Beelitz	Liebknechtpark	de:12069:900220928::1	52.237829	12.96411	bus	MATCHED	w680656844	4.3	0.82	Liebknechtpark	546,640,641,642,643,645,647,X43	Beelitz, Platanenring / Beelitz, Zeppelinstr. / Beelitz, Gymnasium / Beelitz, Lustgarten / Beelitz, Friedrichshof	Friedrichshof / Zeppelinstraße / Gymnasium	LINESTRING(12.96411 52.237829,12.964150635373604 52.23785793967285)
119	Beelitz	Liebknechtpark	de:12069:900220928::2	52.237734	12.964488	bus	MATCHED	w680656843	2.8	0.86	Liebknechtpark	640,641,642,643,644,645,647,X43	Beelitz, Jahnstr. / Beelitz, Stadt Bhf / Beelitz, Platanenring	Jahnstraße	LINESTRING(12.964488 52.237734,12.964453481669178 52.237720821093255)
120	Beelitz	Lustgarten	de:12069:900220927::1	52.235843	12.976182	bus	MATCHED	w680656842	8.4	0.59	Lustgarten	546,640,641,642,643,644,645,647,X43	Beelitz, Zum Bahnhof / Beelitz, Liebknechtpark / Beelitz, Platanenring	Zum Bahnhof / Platanenring	LINESTRING(12.976182 52.235843,12.976247548588 52.23590707206497)
121	Beelitz	Lustgarten	de:12069:900220927::2	52.23547	12.977494	bus	MATCHED	w680656841	11.8	0.51	Lustgarten	546,640,641,642,643,644,645,647,X43	Beelitz, Rathaus / Beelitz, Ärztehaus / Beelitz, Platanenring / Beelitz, Ärztehaus / Beelitz, Virchowstr.	Rathaus / Platanenring / Virchowstraße / Ärztehaus	LINESTRING(12.977494 52.23547,12.977327250000002 52.235497300000006)
122	Beelitz	Platanenring	de:12069:900220977::1	52.239984	12.977234	bus	MATCHED	w706388422	16.1	0.45	Platanenring	546,640,642,644,645,647	Beelitz, Lustgarten / Beelitz, Liebknechtpark / Beelitz, Lustgarten	Lustgarten	LINESTRING(12.977234 52.239984,12.977232650000001 52.239839100000005)
123	Beelitz	Rathaus	de:12069:900220933::1	52.232896	12.977768	bus	MATCHED	n1477926251	4.9	0.8	Rathaus	640	Beelitz, Abzweig Gewerbepark	Abzweig Gewerbepark	LINESTRING(12.977768 52.232896,12.977783500000001 52.232938600000004)
124	Beelitz	Rathaus	de:12069:900220933::2	52.233488	12.977958		MATCHED	n1477926252	56.0	0.16	Rathaus				LINESTRING(12.977958 52.233488,12.9778683 52.2329882)
125	Beelitz	Reesdorf (PM)	de:12069:900220952::1	52.220975	12.921576	bus	MATCHED	n3386162444	4.8	0.7	Reesdorf	640,647	Reesdorf (PM), Ausbau / Schäpe	Friedrichshof / Schäpe	LINESTRING(12.921576 52.220975,12.9216292 52.2209469)
126	Beelitz	Salzbrunn	de:12069:900220950::1	52.184623	12.926152	bus	MATCHED	w706573564	9.1	0.7	Salzbrunn	640,642	Birkhorst (PM)	Birkhorst (PM)	LINESTRING(12.926152 52.184623,12.9262794 52.1846474)
127	Beelitz	Salzbrunn	de:12069:900220950::2	52.184563	12.926335	bus	MATCHED	n6639667183	1.2	0.92	Salzbrunn	642	Elsholz, Str. nach Salzbrunn	Straße nach Salzbrunn	LINESTRING(12.926335 52.184563,12.9263203 52.1845689)
128	Beelitz	Schlunkendorf	de:12069:900220990::1	52.242388	13.017802	bus	MATCHED	n1477899700	9.1	0.57	Schlunkendorf	644	Zauchwitz, Friedhof / Beelitz, Ärztehaus	Ärztehaus / Rieben, Dorf / Lustgarten	LINESTRING(13.017802 52.242388,13.017867800000001 52.2424593)
129	Beelitz	Schäpe	de:12069:900220954::1	52.209471	12.90077	bus	MATCHED	n5316320040	3.0	0.85	Schäpe	640,647	Borkheide, Elsternweg / Reesdorf (PM) / Alt Bork	Alt Bork / Elsternweg / Reesdorf	LINESTRING(12.90077 52.209471,12.900726200000001 52.209467800000006)
130	Beelitz	Schönefeld (bei Beelitz)	de:12069:900220992::1	52.221662	13.001847	bus	MATCHED	w706857766	7.5	0.61	Schönefeld (bei Beelitz)	642	Beelitz, Ärztehaus	Ärztehaus	LINESTRING(13.001847 52.221662,13.001905550000004 52.22171945)
131	Beelitz	Stadt Bhf	de:12069:900220938:1:50	52.241557	12.967232	train	MATCHED	n311735471	9.0	0.52	Beelitz Stadt	RB33,RB37	Elsholz, Bahnhof / Ferch-Lienewitz, Bahnhof		LINESTRING(12.967232 52.241557,12.967225000000001 52.2416373)
132	Beelitz	Stadt Bhf	de:12069:900220938:2:51	52.239388	12.966848	train	MATCHED	n4854152830	3.7	0.67	Beelitz Stadt	RB33,RB37	Michendorf, Bahnhof / Elsholz, Bahnhof / Ferch-Lienewitz, Bahnhof	Ferch-Lienewitz / Elsholz / Michendorf	LINESTRING(12.966848 52.239388,12.966794 52.2393865)
133	Beelitz	Stadt Bhf	de:12069:900220938::1	52.239562	12.967227	bus	MATCHED	n6454237782	27.3	0.28	Stadt Bahnhof	640,644,RB33	Ferch-Lienewitz, Bahnhof / Beelitz, Liebknechtpark / Beelitz, Jahnstr. / Elsholz, B2/Fischerstr.	Platanenring / Jahnstraße	LINESTRING(12.967227 52.239562,12.967159700000002 52.239320000000006)
134	Beelitz	Stadt Bhf	de:12069:900220938::2	52.239191	12.967186	bus	MATCHED	n6454237757	15.3	0.55	Stadt Bahnhof	640,644	Beelitz, Lustgarten / Beelitz, Platanenring	Platanenring	LINESTRING(12.967186 52.239191,12.967222600000001 52.239055300000004)
135	Beelitz	Treuenbrietzener Str. 18	de:12069:900220978::1	52.219378	12.968339	bus	MATCHED	n6639689271	15.9	0.52	Treuenbrietzener Straße 18	546,640,642	Beelitz, Treuenbrietzener Str. 28 / Elsholz, B2/Fischerstr. / Elsholz, Kirche	B2/Fischerstraße / Treuenbrietzener Straße 28	LINESTRING(12.968339 52.219378,12.9682258 52.219253)
136	Beelitz	Treuenbrietzener Str. 18	de:12069:900220978::2	52.219344	12.968404	bus	MATCHED	n6639689270	13.1	0.55	Treuenbrietzener Straße 18	546,642	Beelitz, Ärztehaus / Schönefeld (bei Beelitz)	Ärztehaus / Schönefeld (bei Beelitz)	LINESTRING(12.968404 52.219344,12.9683411 52.2192324)
137	Beelitz	Treuenbrietzener Str. 28	de:12069:900220944::1	52.210672	12.962752	bus	MATCHED	n6639689265	29.2	0.42	Treuenbrietzener Straße 28	640,642	Elsholz, Kirche	Kirche	LINESTRING(12.962752 52.210672,12.9625891 52.210429600000005)
138	Beelitz	Treuenbrietzener Str. 28	de:12069:900220944::2	52.210659	12.962825	bus	MATCHED	n6639689264	29.1	0.43	Treuenbrietzener Straße 28	642	Beelitz, Treuenbrietzener Str. 18	Treuenbrietzener Straße 18	LINESTRING(12.962825 52.210659,12.9626937 52.210410700000004)
139	Beelitz	Virchowstr. 	de:12069:900220934::1	52.238972	12.978896	bus	MATCHED	w1124912270	2.1	0.68	Virchowstraße	643,X43	Beelitz, Lustgarten	Lustgarten	LINESTRING(12.978896 52.238972,12.9788688 52.23898055)
140	Beelitz	Virchowstr. 	de:12069:900220934::2	52.238187	12.978907	bus	MATCHED	w1124912266	3.5	0.64	Virchowstraße	643,X43	Beelitz, Zur Feldscheune	Zur Feldscheune	LINESTRING(12.978907 52.238187,12.978928150000002 52.238158500000004)
141	Beelitz	Zeppelinstr. 	de:12069:900220929::1	52.239885	12.95987	bus	MATCHED	w680656846	10.7	0.53	Zeppelinstraße	641,645	Beelitz, Carl-von-Ossietzky-Str. / Beelitz, Husarenallee	Husarenallee / Carl-von-Ossietzky-Straße	LINESTRING(12.95987 52.239885,12.960022600000002 52.23986375)
142	Beelitz	Zeppelinstr. 	de:12069:900220929::2	52.23968	12.960243	bus	MATCHED	w680656845	3.1	0.68	Zeppelinstraße	641,645	Beelitz, Liebknechtpark	Liebknechtpark	LINESTRING(12.960243 52.23968,12.9601999 52.23967185000001)
143	Beelitz	Zum Bahnhof	de:12069:900220994::1	52.23751	12.967073	bus	MATCHED	w706173945	5.5	0.78	Zum Bahnhof	640,641,642,643,644,645,647,X43	Beelitz, Liebknechtpark / Beelitz, Stadt Bhf	Stadt Bahnhof / Liebknechtpark	LINESTRING(12.967073 52.23751,12.967148600900433 52.23752725852897)
144	Beelitz	Zur Feldscheune	de:12069:900220932::1	52.245063	12.980189	bus	MATCHED	w680656839	110.7	0.24	Zur Feldscheune	640,643,X43	Beelitz, Virchowstr. / Beelitz, Platanenring	Virchowstraße / Platanenring	LINESTRING(12.980189 52.245063,12.9807593 52.24599405000001)
145	Beelitz	Zur Feldscheune	de:12069:900220932::2	52.245251	12.980398	bus	MATCHED	w680656840	2.6	0.85	Zur Feldscheune	643,X43	Beelitz, An der Kiesgrube	An der Kiesgrube	LINESTRING(12.980398 52.245251,12.980390400000001 52.2452278)
146	Beelitz	Ärztehaus	de:12069:900220806::1	52.234545	12.984302	bus	NO_MATCH_BUT_OTHER_PLATFORM_MATCHED					546,642,644	Zauchwitz, Friedhof / Beelitz, Treuenbrietzener Str. 18 / Schlunkendorf / Schönefeld (bei Beelitz)		POINT(12.984302 52.234545)
147	Beelitz	Ärztehaus	de:12069:900220806::2	52.234568	12.983931	bus	MATCHED	w1026334284	2.5	0.8	Ärztehaus	641,645	Beelitz, Lustgarten	Lustgarten / Rieben, Dorf / Schlunkendorf / Treuenbrietzener Straße 18	LINESTRING(12.983931 52.234568,12.983967487289926 52.23457207540309)
148	Beelitz	Ärztehaus	de:12069:900220806::3	52.23496	12.984488	bus	MATCHED	w1389590321	9.7	0.66	Ärztehaus	546,642,644	Beelitz, Lustgarten	Lustgarten	LINESTRING(12.984488 52.23496,12.9846258 52.2349392)
149	Beelitz-Heilstätten	Bahnhof	de:12069:900220005:1:50	52.262309	12.925821	train	MATCHED	n3417709683	5.3	0.54	Beelitz-Heilstätten	RE7	Borkheide, Bahnhof / Seddin (PM), Bahnhof	Borkheide	LINESTRING(12.925821 52.262309,12.925772400000001 52.262272100000004)
150	Beelitz-Heilstätten	Bahnhof	de:12069:900220005:2:51	52.262243	12.925891	train	MATCHED	n3417709682	4.3	0.7	Beelitz-Heilstätten	RE7	Seddin (PM), Bahnhof	Seddin	LINESTRING(12.925891 52.262243,12.9258328 52.2622287)
151	Beelitz-Heilstätten	Bahnhof	de:12069:900220005::1	52.260935	12.925433		NO_MATCH_AND_SEEMS_UNSERVED								POINT(12.925433 52.260935)
152	Beelitz-Heilstätten	Bahnhof	de:12069:900220005::2	52.260832	12.92532		NO_MATCH_AND_SEEMS_UNSERVED								POINT(12.92532 52.260832)
153	Beelitz-Heilstätten	Bahnhof	de:12069:900220005::3	52.262116	12.926363		MATCHED	n4446306045	10.2	0.4	Beelitz-Heilstätten, Bahnhof/Vorplatz				LINESTRING(12.926363 52.262116,12.9263183 52.2622037)
154	Beelitz-Heilstätten	Bahnhof/Nord	de:12069:900220981::1	52.263665	12.923115	bus	MATCHED	w1275368470	4.4	0.81	Bahnhof/Nord	641,645	Beelitz-Heilstätten, Reha-Kliniken	Reha-Kliniken	LINESTRING(12.923115 52.263665,12.923172400000002 52.263646750000014)
155	Beelitz-Heilstätten	Bahnhof/Nord	de:12069:900220981::2	52.262961	12.923573	bus	MATCHED	w1275368453	4.7	0.8	Bahnhof/Nord	641,645	Beelitz-Heilstätten, Bahnhof/Süd	Bahnhof/Süd	LINESTRING(12.923573 52.262961,12.923530450000001 52.2629946)
156	Beelitz-Heilstätten	Bahnhof/Süd	de:12069:900220038::1	52.260703	12.925544	bus	MATCHED	w1275368451	5.4	0.79	Bahnhof/Süd	641,645	Beelitz-Heilstätten, Parkinsonklinik	Parkinsonklinik	LINESTRING(12.925544 52.260703,12.925464900000001 52.2607057)
157	Beelitz-Heilstätten	Bahnhof/Süd	de:12069:900220038::2	52.260971	12.925412	bus	MATCHED	w1275368452	6.3	0.76	Bahnhof/Süd	641,645	Beelitz-Heilstätten, Bahnhof/Nord	Bahnhof/Nord	LINESTRING(12.925412 52.260971,12.92548241942386 52.26093512772435)
158	Beelitz-Heilstätten	Parkinsonklinik	de:12069:900220931::1	52.256363	12.929809	bus	MATCHED	n3386709296	6.5	0.76	Parkinsonklinik	641,645	Beelitz-Heilstätten, Bahnhof/Süd	Bahnhof/Süd	LINESTRING(12.929809 52.256363,12.9298143 52.2564216)
159	Beelitz-Heilstätten	Parkinsonklinik	de:12069:900220931::2	52.256138	12.93007	bus	MATCHED	n3386709295	7.9	0.73	Parkinsonklinik	641,645	Beelitz, Husarenallee	Husarenallee	LINESTRING(12.93007 52.256138,12.930117000000001 52.256073300000004)
160	Beelitz-Heilstätten	Reha-Kliniken	de:12069:900220937::1	52.265561	12.921688	bus	MATCHED	w1275368468	7.8	0.73	Reha-Kliniken	641,645	Fichtenwalde, Brücker Weg	Brücker Weg	LINESTRING(12.921688 52.265561,12.921775149693 52.265515500574416)
161	Beelitz-Heilstätten	Reha-Kliniken	de:12069:900220937::2	52.264963	12.92195	bus	MATCHED	n3386709298	7.8	0.73	Reha-Kliniken	641,645	Beelitz-Heilstätten, Bahnhof/Nord	Bahnhof/Nord	LINESTRING(12.92195 52.264963,12.9218997 52.264900100000006)
162	Beetzseeheide	Butzow	de:12069:900220288::1	52.490571	12.6008	bus	MATCHED	n3630968912	4.9	0.8	Butzow	569	Ketzür, Dorf / Gortz, Kirche	Ketzür	LINESTRING(12.6008 52.490571,12.600835 52.490533000000006)
163	Beetzseeheide	Butzow	de:12069:900220288::2	52.490817	12.600888	bus	MATCHED	n3630968911	6.4	0.76	Butzow	569	Radewege, Schule / Radewege, Pählbrücke	Schule	LINESTRING(12.600888 52.490817,12.600853800000001 52.490871000000006)
164	Benken	Am Spring	de:12069:900222026::1	52.168327	12.441417	bus	MATCHED	n7404563160	7.5	0.74	Am Spring	559,593	Dangelsdorf	Breite Straße	LINESTRING(12.441417 52.168327,12.4415204 52.1683485)
165	Benken	Am Spring	de:12069:900222026::2	52.168271	12.441549	bus	MATCHED	n7404563159	3.2	0.85	Am Spring	593	Benken, Ortsmitte / Benken, Ortsmitte	Ortsmitte	LINESTRING(12.441549 52.168271,12.4415633 52.168243200000006)
166	Benken	Ortsmitte	de:12069:900222027::1	52.166509	12.462236	bus	MATCHED	n7404563164	1.2	0.92	Ortsmitte	593	Werbig (PM), Ortsmitte	Ortsmitte	LINESTRING(12.462236 52.166509,12.462242700000001 52.1665192)
167	Benken	Ortsmitte	de:12069:900222027::2	52.166405	12.462125	bus	MATCHED	n7404563165	3.4	0.84	Ortsmitte	559,593	Benken, Am Spring	Am Spring	LINESTRING(12.462125 52.166405,12.46213 52.1664357)
168	Benken	Ortsmitte	de:12069:900222027::3	52.166574	12.462271	bus	MATCHED	n12581847011	37.0	0.28	Ortsmitte	593	Steindorf		LINESTRING(12.462271 52.166574,12.462419 52.1662539)
169	Bensdorf	Altbensdorf	de:12069:900220271::1	52.420178	12.344608	bus	MATCHED	n1374906288	3.9	0.83	Altbensdorf	563	Vehlen	Vehlen	LINESTRING(12.344608 52.420178,12.344664100000001 52.4201715)
170	Bensdorf	Altbensdorf	de:12069:900220271::2	52.420457	12.342604	bus	MATCHED	n1374906289	2.6	0.87	Altbensdorf	563	Neubensdorf, Herrenhölzer Weg	Herrenhölzer Weg	LINESTRING(12.342604 52.420457,12.3426041 52.420433300000006)
171	Bensdorf	Herrenhölzer	de:12069:900220270::1	52.402073	12.334936	bus	MATCHED	n1374906296	0.5	0.95	Herrenhölzer	563	Neubensdorf	Neubensdorf	LINESTRING(12.334936 52.402073,12.3349363 52.402077500000004)
172	Bensdorf	Neubensdorf	de:12069:900220269::1	52.410547	12.353203	bus	MATCHED	n976152379	75.8	0.33	Neubensdorf	563	Altbensdorf	Altbensdorf	LINESTRING(12.353203 52.410547,12.352091900000001 52.410588800000006)
173	Bensdorf	Neubensdorf	de:12069:900220269::2	52.41051	12.353	bus	MATCHED	n976152320	75.4	0.33	Neubensdorf	563	Woltersdorf, Dorf	Dorf	LINESTRING(12.353 52.41051,12.3518918 52.4104967)
174	Bensdorf	Vehlen	de:12069:900220272::1	52.430558	12.322622	bus	MATCHED	n3625227859	5.4	0.68	Vehlen	563	Altbensdorf	Herrenhölzer Weg / Altbensdorf	LINESTRING(12.322622 52.430558,12.322692 52.4305358)
175	Bergholz-Rehbrücke	Am Ausblick	de:12069:900220161::1	52.349515	13.099659	bus	MATCHED	n1460366709	5.8	0.77	Am Ausblick	611	Bergholz-Rehbrücke, Nudower Grund	Nudower Grund	LINESTRING(13.099659 52.349515,13.099589900000002 52.3495458)
176	Bergholz-Rehbrücke	Am Ausblick	de:12069:900220161::2	52.35015	13.100073		NO_MATCH_AND_SEEMS_UNSERVED								POINT(13.100073 52.35015)
177	Bergholz-Rehbrücke	Andersenweg	de:12069:900220158::1	52.337057	13.111194	bus	MATCHED	n1460366715	10.5	0.68	Andersenweg	611	Bergholz-Rehbrücke, Autobahn	Autobahn	LINESTRING(13.111194 52.337057,13.1111255 52.3371414)
178	Bergholz-Rehbrücke	Andersenweg	de:12069:900220158::2	52.337244	13.111175	bus	MATCHED	n1460366717	10.9	0.67	Andersenweg	611	Bergholz-Rehbrücke, Sportplatz	Sportplatz	LINESTRING(13.111175 52.337244,13.1112558 52.337159400000004)
179	Bergholz-Rehbrücke	Autobahn	de:12069:900220159::1	52.331821	13.11417	bus	MATCHED	n566445387	1.9	0.89	Autobahn	611	Saarmund, An der Bahn	An der Bahn	LINESTRING(13.11417 52.331821,13.114173000000001 52.3318043)
180	Bergholz-Rehbrücke	Autobahn	de:12069:900220159::2	52.331831	13.1143	bus	MATCHED	n566445386	3.7	0.83	Autobahn	611	Bergholz-Rehbrücke, Andersenweg	Andersenweg	LINESTRING(13.1143 52.331831,13.1143496 52.331844000000004)
181	Bergholz-Rehbrücke	Falkensteig	de:12069:900220367::1	52.344687	13.102286	bus	MATCHED	n1460366722	3.5	0.84	Falkensteig	611	Bergholz-Rehbrücke, Schlüterstr.	Schlüterstraße	LINESTRING(13.102286 52.344687,13.1022393 52.3446992)
182	Bergholz-Rehbrücke	Falkensteig	de:12069:900220367::2	52.344559	13.102216	bus	MATCHED	n1460366721	3.3	0.84	Falkensteig	611	Bergholz-Rehbrücke, R.-Kuckuck-Str./DIfE	Richard-Kuckuck-Straße/DIfE	LINESTRING(13.102216 52.344559,13.1022645 52.3445617)
183	Bergholz-Rehbrücke	Feldstr. 	de:12069:900220155::1	52.352468	13.103552	bus	MATCHED	n1460366726	5.6	0.62	Feldstraße	611	Bergholz-Rehbrücke, Am Ausblick	Am Ausblick	LINESTRING(13.103552 52.352468,13.103495400000002 52.3524316)
184	Bergholz-Rehbrücke	Feldstr. 	de:12069:900220155::2	52.351041	13.104072	bus	MATCHED	n13105289405	78.9	0.26	Feldstraße	611	Bergholz-Rehbrücke, Verdistr.	Verdistraße	LINESTRING(13.104072 52.351041,13.1039089 52.351742900000005)
185	Bergholz-Rehbrücke	Nudower Grund	de:12069:900220162::1	52.347934	13.098811	bus	MATCHED	n566445389	3.3	0.85	Nudower Grund	611	Bergholz-Rehbrücke, Zum Springbruch / Bergholz-Rehbrücke, Feldstr.	Zum Springbruch / Feldstraße	LINESTRING(13.098811 52.347934,13.0988214 52.347962900000006)
186	Bergholz-Rehbrücke	R. -Kuckuck-Str. /DIfE	de:12069:900220156::1	52.346828	13.105741	bus	MATCHED	n12389591582	10.4	0.53	Richard-Kuckuck-Straße/DIfE	611	Bergholz-Rehbrücke, Falkensteig	Falkensteig	LINESTRING(13.105741 52.346828,13.105640500000002 52.3468984)
187	Bergholz-Rehbrücke	R. -Kuckuck-Str. /DIfE	de:12069:900220156::2	52.346961	13.105746	bus	MATCHED	n566445390	18.5	0.45	Richard-Kuckuck-Straße/DIfE	611	Bergholz-Rehbrücke, Zum Springbruch	Zum Springbruch	LINESTRING(13.105746 52.346961,13.105691 52.3471236)
188	Bergholz-Rehbrücke	Schlüterstr. 	de:12069:900220163::1	52.341617	13.101014	bus	MATCHED	n566445392	6.3	0.67	Schlüterstraße	611	Bergholz-Rehbrücke, Sportplatz / Bergholz-Rehbrücke, Sportplatz	Sportplatz	LINESTRING(13.101014 52.341617,13.100954600000001 52.3415734)
189	Bergholz-Rehbrücke	Schlüterstr. 	de:12069:900220163::2	52.341215	13.101229	bus	MATCHED	n4876515338	4.1	0.72	Schlüterstraße	611	Bergholz-Rehbrücke, Falkensteig	Falkensteig	LINESTRING(13.101229 52.341215,13.1012476 52.3412501)
190	Bergholz-Rehbrücke	Sportplatz	de:12069:900220157::1	52.341368	13.108783	bus	MATCHED	n566445384	4.9	0.8	Sportplatz	611	Bergholz-Rehbrücke, Andersenweg	Andersenweg	LINESTRING(13.108783 52.341368,13.108786 52.341323900000006)
191	Bergholz-Rehbrücke	Sportplatz	de:12069:900220157::2	52.341662	13.108696	bus	MATCHED	n566445385	5.4	0.79	Sportplatz	611	Bergholz-Rehbrücke, Schlüterstr. / Bergholz-Rehbrücke, R.-Kuckuck-Str./DIfE	Schlüterstraße	LINESTRING(13.108696 52.341662,13.108754200000002 52.3416293)
192	Bergholz-Rehbrücke	Verdistr. 	de:12069:900220153::1	52.355957	13.101568	bus	MATCHED	n10282005031	4.3	0.65	Verdistraße	611	Bergholz-Rehbrücke, Feldstr.	An der Brauerei / Feldstraße	LINESTRING(13.101568 52.355957,13.1015706 52.355918700000004)
193	Bergholz-Rehbrücke	Verdistr. 	de:12069:900220153::2	52.354228	13.103053	bus	MATCHED	n566445402	3.5	0.67	Verdistraße	611,699,N14	Potsdam, Rehbrücke Bhf/Süd	Bahnhof Rehbrücke/Süd	LINESTRING(13.103053 52.354228,13.103097100000001 52.354243800000006)
194	Bergholz-Rehbrücke	Verdistr. 	de:12069:900220153::3	52.355627	13.103152	bus	MATCHED_THOUGH_REVERSED_DIR	n566445403	2.1	0.47	Verdistraße	699,N14	Potsdam, An der Brauerei	Bahnhof Rehbrücke/Süd	LINESTRING(13.103152 52.355627,13.1031382 52.355644100000006)
195	Bergholz-Rehbrücke	Zum Springbruch	de:12069:900220391::1	52.349419	13.104309	bus	MATCHED	n12535955650	4.8	0.8	Zum Springbruch	611	Bergholz-Rehbrücke, R.-Kuckuck-Str./DIfE	Richard-Kuckuck-Straße/DIfE	LINESTRING(13.104309 52.349419,13.1042392 52.3494138)
196	Bergholz-Rehbrücke	Zum Springbruch	de:12069:900220391::2	52.349488	13.104325	bus	MATCHED	n12535955646	7.7	0.73	Zum Springbruch	611	Bergholz-Rehbrücke, Am Ausblick / Bergholz-Rehbrücke, Feldstr.	Am Ausblick	LINESTRING(13.104325 52.349488,13.1043541 52.3495551)
197	Bliesendorf	Kirche	de:12069:900220679::1	52.339451	12.854238	bus	MATCHED	n2187020111	0.0	0.97	Kirche	633	Bliesendorf, Wendeplatz		LINESTRING(12.854238 52.339451,12.854238 52.339451000000004)
198	Bliesendorf	Kirche	de:12069:900220679::2	52.33942	12.855183	bus	MATCHED	n380465726	1.2	0.92	Kirche	633	Bliesendorf, Lange Str.	Lange Straße	LINESTRING(12.855183 52.33942,12.8552002 52.339419500000005)
199	Bliesendorf	Lange Str. 	de:12069:900220678::1	52.339315	12.867091	bus	MATCHED	n2187020114	7.0	0.65	Lange Straße	633	Bliesendorf, Kirche	Kirche	LINESTRING(12.867091 52.339315,12.866989100000001 52.3393182)
200	Bliesendorf	Lange Str. 	de:12069:900220678::2	52.339293	12.867247	bus	MATCHED	n2187020108	3.4	0.73	Lange Straße	633	Glindow, Kindergarten	Glindow Kindergarten	LINESTRING(12.867247 52.339293,12.8672889 52.339277100000004)
201	Bliesendorf	Wendeplatz	de:12069:900220680::1	52.337412	12.84949	bus	MATCHED	n2187020126	4.0	0.73	Wendeplatz	633	Bliesendorf, Kirche		LINESTRING(12.84949 52.337412,12.849518600000001 52.33738090000001)
202	Bochow (PM)	Kirche	de:12069:900220692::1	52.382192	12.792556	bus	MATCHED	n2197614977	4.3	0.72	Kirche	550	Bochow (PM), Triftstr. / Neu Bochow, Birkenweg	Birkenweg / Triftstraße	LINESTRING(12.792556 52.382192,12.7925988 52.3821632)
203	Bochow (PM)	Triftstr. 	de:12069:900220695::1	52.384651	12.789982	bus	MATCHED	n2197677421	6.8	0.56	Triftstraße	550	Groß Kreutz, Mühlenstr.	Mühlenstraße	LINESTRING(12.789982 52.384651,12.790024 52.384596)
204	Bochow (PM)	Triftstr. 	de:12069:900220695::2	52.383948	12.790346	bus	MATCHED	n2197677423	6.7	0.56	Triftstraße	550	Bochow (PM), Kirche	Kirche	LINESTRING(12.790346 52.383948,12.790372600000001 52.383890400000006)
205	Boecke	Abzweig	de:12069:900222028::1	52.2768	12.412812		NO_MATCH_AND_SEEMS_UNSERVED								POINT(12.412812 52.2768)
206	Boecke	Abzweig	de:12069:900222028::2	52.276799	12.412826		NO_MATCH_AND_SEEMS_UNSERVED								POINT(12.412826 52.276799)
207	Boecke	Dorf	de:12069:900220234::1	52.300176	12.403718	bus	MATCHED	n3614811833	7.5	0.61	Dorf	559,562,596	Wenzlow (PM) / Glienecke	Glienecke / Wenzlow (PM)	LINESTRING(12.403718 52.300176,12.4037331 52.3001092)
208	Borkheide	Bahnhof	de:12069:900222030:1:50	52.230691	12.854165	train	MATCHED	n3417251182	25.7	0.25	Borkheide	RE7	Brück, Bahnhof / Beelitz-Heilstätten, Bahnhof	Brück (Mark)	LINESTRING(12.854165 52.230691,12.8544911 52.2308054)
209	Borkheide	Bahnhof	de:12069:900222030:2:51	52.230623	12.854238	train	MATCHED	n1378622136	27.7	0.4	Borkheide	RE7	Beelitz-Heilstätten, Bahnhof	Beelitz-Heilstätten	LINESTRING(12.854238 52.230623,12.854545100000001 52.2307859)
210	Borkheide	Bahnhof	de:12069:900222030::1	52.230547	12.854944	bus	MATCHED	w1125136736	2.8	0.77	Bahnhof	541,545,647	Borkheide, Feldmark / Borkheide, Schule	Schule / Selma-Lagerlöf-Ring / Feldmark	LINESTRING(12.854944 52.230547,12.854985076532804 52.230549743624344)
211	Borkheide	Elsternweg	de:12069:900222031::1	52.216574	12.860685	bus	MATCHED	n8059378993	11.1	0.67	Elsternweg	541,545,647	Alt Bork / Reesdorf (PM) / Neuendorf (bei Brück)	Alt Bork / Reesdorf / Neuendorf (bei Brück)	LINESTRING(12.860685 52.216574,12.860626300000002 52.216667300000005)
212	Borkheide	Elsternweg	de:12069:900222031::2	52.217295	12.860497	bus	MATCHED	n8059378994	1.9	0.83	Elsternweg	541,545,647	Borkheide, Schule	Bahnhof / Schule	LINESTRING(12.860497 52.217295,12.860524400000001 52.217291700000004)
213	Borkheide	Feldmark	de:12069:900222032::1	52.240665	12.851918	bus	MATCHED	n8059378989	7.0	0.75	Feldmark	541,545,647	Borkheide, Schule / Borkheide, Bahnhof	Schule / Bahnhof	LINESTRING(12.851918 52.240665,12.8519064 52.2406025)
214	Borkheide	Feldmark	de:12069:900222032::2	52.240238	12.85217	bus	MATCHED	n8059378990	3.8	0.83	Feldmark	541,647	Borkwalde, Selma-Lagerlöf-Ring	Selma-Lagerlöf-Ring	LINESTRING(12.85217 52.240238,12.8521988 52.2402674)
215	Borkheide	Meisenweg	de:12069:900222269::1	52.22075	12.85898		NO_MATCH_AND_SEEMS_UNSERVED								POINT(12.85898 52.22075)
216	Borkheide	Meisenweg	de:12069:900222269::2	52.22076	12.8594		NO_MATCH_AND_SEEMS_UNSERVED								POINT(12.8594 52.22076)
217	Borkheide	Schule	de:12069:900222033::1	52.225113	12.857522	bus	MATCHED	n1477899448	4.6	0.81	Schule	541,545,647	Borkheide, Elsternweg	Elsternweg	LINESTRING(12.857522 52.225113,12.857476100000001 52.2250834)
218	Borkheide	Schule	de:12069:900222033::2	52.225783	12.857366	bus	MATCHED	w680656829	12.5	0.48	Schule	541,545,647	Borkheide, Bahnhof	Bahnhof / Elsternweg	LINESTRING(12.857366 52.225783,12.8573865 52.2256713)
219	Borkwalde	Astrid-Lindgren-Platz	de:12069:900224990::1	52.253416	12.83517	bus	MATCHED	w1416377714	1.7	0.9	Astrid-Lindgren-Platz	541,647	Borkwalde, Selma-Lagerlöf-Ring	Selma-Lagerlöf-Ring	LINESTRING(12.83517 52.253416,12.835177326156764 52.25340150213384)
220	Borkwalde	Astrid-Lindgren-Platz	de:12069:900224990::2	52.252898	12.835921	bus	MATCHED	n3386121859	6.1	0.66	Astrid-Lindgren-Platz	541,545,647	Borkwalde, Fichtestr. / Borkwalde, Selma-Lagerlöf-Ring	Fichtestraße	LINESTRING(12.835921 52.252898,12.835909000000001 52.2528438)
221	Borkwalde	Fichtestr. 	de:12069:900224992::1	52.258489	12.835038	bus	MATCHED	n3386121854	17.9	0.48	Fichtestraße	541,647	Borkwalde, Wielandstr.	Wielandstraße	LINESTRING(12.835038 52.258489,12.8350646 52.258329100000005)
222	Borkwalde	Fichtestr. 	de:12069:900224992::2	52.257816	12.834941	bus	MATCHED	n3386121843	5.8	0.63	Fichtestraße	541,647	Borkwalde, Astrid-Lindgren-Platz	Astrid-Lindgren-Platz	LINESTRING(12.834941 52.257816,12.834952000000001 52.257764400000006)
223	Borkwalde	Selma-Lagerlöf-Ring	de:12069:900222034::1	52.25067	12.841911	bus	MATCHED	w1125559311	9.6	0.67	Selma-Lagerlöf-Ring	541,545,647	Borkheide, Feldmark	Feldmark	LINESTRING(12.841911 52.25067,12.842000050000001 52.2506037)
224	Borkwalde	Selma-Lagerlöf-Ring	de:12069:900222034::2	52.250811	12.841704	bus	MATCHED	n3386121832	7.3	0.74	Selma-Lagerlöf-Ring	541,647	Borkwalde, Astrid-Lindgren-Platz	Astrid-Lindgren-Platz	LINESTRING(12.841704 52.250811,12.8418104 52.250804200000005)
225	Borkwalde	Wielandstr. 	de:12069:900224991::1	52.26849	12.834558	bus	MATCHED	n3386121809	13.5	0.56	Wielandstraße	541,647	Busendorf / Busendorf	Busendorf	LINESTRING(12.834558 52.26849,12.834573500000001 52.2683692)
226	Borkwalde	Wielandstr. 	de:12069:900224991::2	52.267797	12.834426	bus	MATCHED	n3386121857	3.9	0.73	Wielandstraße	541,647	Borkwalde, Fichtestr.	Fichtestraße	LINESTRING(12.834426 52.267797,12.834460900000002 52.2678242)
227	Brielow	Dorf	de:12069:900220280::1	52.462094	12.537088	bus	MATCHED	n319060326	8.2	0.72	Brielow, Dorf	564,569	Brielow, Mühlenweg	Mühlenweg	LINESTRING(12.537088 52.462094,12.5372058 52.462079200000005)
228	Brielow	Dorf	de:12069:900220280::2	52.462161	12.537038	bus	MATCHED	n3626236757	5.2	0.79	Brielow, Dorf	564,569	Brandenburg, Freiheitsweg	Freiheitsweg	LINESTRING(12.537038 52.462161,12.536961900000001 52.4621652)
229	Brielow	Mühlenweg	de:12069:900220281::1	52.469088	12.537721	bus	MATCHED	n319060331	4.6	0.81	Mühlenweg	564,569	Radewege, Siedlung	Radewege, Siedlung	LINESTRING(12.537721 52.469088,12.5377878 52.4690797)
230	Brielow	Mühlenweg	de:12069:900220281::2	52.46914	12.537668	bus	MATCHED	n3626236759	3.9	0.83	Mühlenweg	564,569	Brielow, Dorf	Brielow, Dorf	LINESTRING(12.537668 52.46914,12.537610800000001 52.4691435)
231	Briest (PM)	Dorf	de:12069:900220277::1	52.441596	12.426367	bus	MATCHED	n3632422009	6.1	0.77	Briest (PM), Dorf	567	Briest (PM), Mühlenweg	Mühlenweg	LINESTRING(12.426367 52.441596,12.426278 52.4415964)
232	Briest (PM)	Dorf	de:12069:900220277::2	52.441461	12.426375	bus	MATCHED	n3632422006	7.2	0.74	Dorf	567	Krahnepuhl (bei Brandenburg)	Krahnepuhl (bei Brandenburg)	LINESTRING(12.426375 52.441461,12.426473900000001 52.4414372)
233	Briest (PM)	Mühlenweg	de:12069:900220278::1	52.436608	12.426681	bus	MATCHED	n3632422003	4.6	0.81	Mühlenweg	567	Kaltenhausen	Kaltenhausen	LINESTRING(12.426681 52.436608,12.426640200000001 52.436574500000006)
234	Briest (PM)	Mühlenweg	de:12069:900220278::2	52.436559	12.426735	bus	MATCHED	n3632422008	9.7	0.69	Mühlenweg	567	Briest (PM), Dorf	Dorf	LINESTRING(12.426735 52.436559,12.4267771 52.436475400000006)
235	Brück	Bahnhof	de:12069:900220141:1:50	52.186837	12.758456	train	MATCHED	n3417251184	16.1	0.27	Brück (Mark)	RE7	Borkheide, Bahnhof / Borkheide, Bahnhof / Baitz, Bahnhof / Bad Belzig, Bahnhof	Baitz	LINESTRING(12.758456 52.186837,12.758639500000001 52.18692780000001)
236	Brück	Bahnhof	de:12069:900220141:2:51	52.187011	12.75893	train	MATCHED	n3417251183	20.3	0.41	Brück (Mark)	RE7	Borkheide, Bahnhof	Borkheide	LINESTRING(12.75893 52.187011,12.7587012 52.1868946)
237	Brück	Bahnhof	de:12069:900220141::1	52.187142	12.758376	bus	MATCHED	w1124952102	13.0	0.47	Bahnhof	540,541,542,543	Brück, Goethestr. / Brück, Thomas-Müntzer-Str. / Brück, Schulen	Schulen / Goethestraße / Thomas-Müntzer-Straße	LINESTRING(12.758376 52.187142,12.758297 52.187035550000004)
238	Brück	Beelitzer Str. 	de:12069:900222041::1	52.206696	12.792209	bus	MATCHED	n6755683301	2.4	0.73	Beelitzer Straße	541	Brück, Stromtal	Stromtal	LINESTRING(12.792209 52.206696,12.792183600000001 52.2066809)
239	Brück	Beelitzer Str. 	de:12069:900222041::2	52.206876	12.789728	bus	MATCHED	n6755683300	3.9	0.69	Beelitzer Straße	541	Neuendorf (bei Brück), West	Neuendorf (bei Brück), West	LINESTRING(12.789728 52.206876,12.7897701 52.2068524)
240	Brück	Brandenburger Str. 	de:12069:900222039::1	52.196704	12.763062	bus	MATCHED	w1125559309	11.7	0.56	Brandenburger Straße	541,542	Freienthal / Brück, Rathaus	Rathaus / Freienthal	LINESTRING(12.763062 52.196704,12.76323215 52.1967087)
241	Brück	Brandenburger Str. 	de:12069:900222039::2	52.196526	12.763895	bus	MATCHED	w1468831235	9.6	0.59	Brandenburger Straße	541,542	Brück, Markt	Markt	LINESTRING(12.763895 52.196526,12.763754950000001 52.196525750000006)
242	Brück	Chausseestr. 	de:12069:900222267::1	52.179058	12.75721	bus	MATCHED	n8059379011	7.6	0.63	Chausseestraße	543	Linthe, Dorfstr. / Linthe, Lindenstr. / Brück, Gregor-von-Brück-Ring	Gregor-von-Brück-Ring / Dorfstraße	LINESTRING(12.75721 52.179058,12.7571627 52.1791193)
243	Brück	Chausseestr. 	de:12069:900222267::2	52.179079	12.757281	bus	MATCHED	n8059379012	5.7	0.52	Chausseestraße	543	Brück, Goethestr.	Goethestraße	LINESTRING(12.757281 52.179079,12.757295800000001 52.1791296)
244	Brück	Goethestr. 	de:12069:900222040::1	52.182618	12.756574	bus	MATCHED	n6755683286	2.2	0.7	Goethestraße	540,543	Brück, Chausseestr. / Brück, Rottstock	Rottstock / Chausseestraße	LINESTRING(12.756574 52.182618,12.756574 52.1825982)
245	Brück	Goethestr. 	de:12069:900222040::2	52.182427	12.75674	bus	MATCHED	n6755683285	1.9	0.71	Goethestraße	540,543	Brück, Schulen / Brück, Bahnhof	Bahnhof / Schulen	LINESTRING(12.75674 52.182427,12.756729400000001 52.18241080000001)
246	Brück	Gregor-von-Brück-Ring	de:12069:900222043::1	52.171278	12.77259	bus	NO_MATCH_BUT_OTHER_PLATFORM_MATCHED					543	Brück, Chausseestr.		POINT(12.77259 52.171278)
247	Brück	Gregor-von-Brück-Ring	de:12069:900222043::2	52.171276	12.772333	bus	MATCHED	n11783468381	5.2	0.77	Gregor-von-Brück-Ring	543	Linthe, Linther Str.	Linther Straße	LINESTRING(12.772333 52.171276,12.772356100000001 52.1712314)
248	Brück	Markt	de:12069:900222044::1	52.198397	12.772306	bus	MATCHED	n6766641671	4.2	0.73	Markt	541,542	Brück, Stromtal / Brück, Brandenburger Str.	Stromtal / Brandenburger Straße	LINESTRING(12.772306 52.198397,12.772248500000002 52.1983844)
249	Brück	Neuendorf (bei Brück)	de:12069:900224940::1	52.200355	12.823774	bus	MATCHED	n6454237766	1.8	0.84	Neuendorf (bei Brück)	541,545	Borkheide, Elsternweg / Alt Bork / Neuendorf (bei Brück), West	Neuendorf (bei Brück), West / Alt Bork / Elsternweg	LINESTRING(12.823774 52.200355,12.823764800000001 52.20037000000001)
250	Brück	Rathaus	de:12069:900222042::1	52.194093	12.760865	bus	MATCHED	n6755683288	5.3	0.79	Rathaus	541,542	Brück, Thomas-Müntzer-Str.	Thomas-Müntzer-Straße	LINESTRING(12.760865 52.194093,12.7609188 52.19412680000001)
251	Brück	Rathaus	de:12069:900222042::2	52.194383	12.761375	bus	MATCHED	n6755683289	0.8	0.94	Rathaus	541,542	Brück, Brandenburger Str. / Freienthal	Brandenburger Straße / Freienthal	LINESTRING(12.761375 52.194383,12.761386100000001 52.194380800000005)
252	Brück	Rottstock	de:12069:900222047::1	52.177045	12.749179	bus	MATCHED	n6766714885	4.0	0.73	Rottstock	540	Trebitz (PM) / Gömnigk, Kirche	Trebitz	LINESTRING(12.749179 52.177045,12.749145500000001 52.1770154)
253	Brück	Rottstock	de:12069:900222047::2	52.177022	12.749366	bus	MATCHED	n6766641684	6.2	0.76	Rottstock	540	Brück, Goethestr.	Goethestraße	LINESTRING(12.749366 52.177022,12.7494207 52.1769771)
254	Brück	Schulen	de:12069:900222045::1	52.187505	12.753027	bus	MATCHED	w1124952099	10.4	0.52	Schulen	540,541,542,543,586	Brück, Goethestr. / Brück, Thomas-Müntzer-Str. / Brück, Bahnhof	Goethestraße	LINESTRING(12.753027 52.187505,12.752883950000001 52.1874732)
255	Brück	Stromtal	de:12069:900222046::1	52.201703	12.783474	bus	MATCHED	n6755683296	3.6	0.84	Stromtal	541	Brück, Beelitzer Str.	Beelitzer Straße	LINESTRING(12.783474 52.201703,12.783522900000001 52.201690500000005)
256	Brück	Stromtal	de:12069:900222046::2	52.201486	12.783101	bus	MATCHED	n6755683297	1.9	0.89	Stromtal	541	Brück, Markt	Markt	LINESTRING(12.783101 52.201486,12.7830817 52.201498400000006)
257	Brück	Thomas-Müntzer-Str. 	de:12069:900222270::1	52.190666	12.758435	bus	MATCHED	n8059379008	22.8	0.51	Thomas-Müntzer-Straße	541,542	Brück, Schulen / Brück, Bahnhof	Bahnhof	LINESTRING(12.758435 52.190666,12.758406800000001 52.1908698)
258	Brück	Thomas-Müntzer-Str. 	de:12069:900222270::2	52.190594	12.758555	bus	MATCHED	n8059379009	35.3	0.43	Thomas-Müntzer-Straße	541,542	Brück, Rathaus	Rathaus	LINESTRING(12.758555 52.190594,12.758582500000001 52.190277300000005)
259	Brück	Trebitz (PM)	de:12069:900222190::1	52.172563	12.731642	bus	MATCHED	n6766641681	2.2	0.82	Trebitz	540	Gömnigk, Kirche / Brück, Rottstock	Kirche / Rottstock	LINESTRING(12.731642 52.172563,12.7316534 52.172581300000004)
260	Buchholz (bei Treuenbrietzen)	Bahnhof	de:12069:900220306:1:50	52.165687	12.920432	train	MATCHED	n3204501061	4.2	0.49	Buchholz (Zauche)	RB33,RB37	Elsholz, Bahnhof / Treuenbrietzen, Bahnhof / Treuenbrietzen, Bahnhof	Elsholz / Treuenbrietzen	LINESTRING(12.920432 52.165687,12.9204375 52.16572480000001)
261	Buchholz (bei Treuenbrietzen)	Feuerwehr	de:12069:900220996::1	52.160501	12.924717	bus	MATCHED	n1077021665	9.1	0.71	Feuerwehr	546,642,RB33	Kemnitz (TF), Kemnitzer Hauptstr. / Treuenbrietzen, Bahnhof / Buchholz (bei Treuenbrietzen), Kirche / Lühsdorf, Dorfstr. / Treuenbrietzen, Berliner Siedlung	Kirche	LINESTRING(12.924717 52.160501,12.924635700000001 52.160436700000005)
262	Buchholz (bei Treuenbrietzen)	Feuerwehr	de:12069:900220996::2	52.1597	12.924771	bus	MATCHED	w706573562	9.4	0.7	Feuerwehr	546,642,RB33	Wittbrietzen, Dorfplatz / Elsholz, B2/Fischerstr. / Elsholz, Str. nach Salzbrunn	B2/Fischerstraße / Straße nach Salzbrunn / Dorfplatz	LINESTRING(12.924771 52.1597,12.924842349670154 52.15962741122612)
263	Buchholz (bei Treuenbrietzen)	Kirche	de:12069:900220995::1	52.157717	12.926291	bus	MATCHED	n1477899449	3.3	0.76	Kirche	546,642	Treuenbrietzen, Berliner Siedlung / Buchholz (bei Treuenbrietzen), Feuerwehr / Lühsdorf, Dorfstr.	Feuerwehr / Lühsdorf, Dorfstraße	LINESTRING(12.926291 52.157717,12.9262484 52.1577027)
264	Buckau (PM)	Abzweig Dretzen	de:12069:900220366::1	52.221844	12.327039	bus	MATCHED	n3500931041	3.2	0.85	Abzweig Dretzen	588,593	Wittstock (PM), Abzweig	Wittstock (PM), Abzweig	LINESTRING(12.327039 52.221844,12.3270063 52.2218232)
265	Buckau (PM)	Abzweig Dretzen	de:12069:900220366::2	52.221742	12.327104	bus	MATCHED	n3500931038	4.7	0.8	Abzweig Dretzen	588	Buckau (PM), Birkenreismühle	Rottstock (bei Ziesar)	LINESTRING(12.327104 52.221742,12.327140400000001 52.2217065)
266	Buckau (PM)	B107	de:12069:900220265::1	52.222423	12.327053	bus	MATCHED	n3597773087	14.4	0.62	Buckau (PM), B107	588,593	Buckau (PM), Birkenreismühle	Rottstock (bei Ziesar)	LINESTRING(12.327053 52.222423,12.3270285 52.222551100000004)
267	Buckau (PM)	B107	de:12069:900220265::2	52.222642	12.327116	bus	MATCHED	n3597773089	11.0	0.53	Buckau (PM), B107	588,593	Köpernitz (PM), B 107		LINESTRING(12.327116 52.222642,12.3272215 52.222567500000004)
268	Buckau (PM)	Birkenreismühle	de:12069:900220266::1	52.213481	12.338951	bus	NO_MATCH					588,593	Rottstock		POINT(12.338951 52.213481)
269	Buckau (PM)	Birkenreismühle	de:12069:900220266::2	52.213571	12.338986	bus	NO_MATCH					588,593	Buckau (PM), Abzweig Dretzen / Buckau (PM), B107		POINT(12.338986 52.213571)
270	Börnecke	B107	de:12069:900222029::1	52.160986	12.385214	bus	MATCHED	n3597773088	3.0	0.56	Börnecke	588	Görzke, Chausseestr.		LINESTRING(12.385214 52.160986,12.3852258 52.1609604)
271	Börnecke	B107	de:12069:900222029::2	52.16087	12.385086	bus	MATCHED	n4215541411	0.8	0.65	Börnecke	588	Neuehütten / Wiesenburg, Ortsmitte		LINESTRING(12.385086 52.16087,12.385094500000001 52.160875100000005)
272	Börnecke	B107	de:12069:900222029::3	52.162961	12.389761		NO_MATCH_AND_SEEMS_UNSERVED								POINT(12.389761 52.162961)
273	Börnecke	Ortsmitte	de:12069:900222048::1	52.161816	12.390368	bus	MATCHED	n3659942604	6.5	0.64	Ortsmitte	588,593	Görzke, Chausseestr. / Görzke, Schule / Dangelsdorf / Görzke, Breite Str.	Schule	LINESTRING(12.390368 52.161816,12.390447 52.161783)
274	Bücknitz	Chausseestr. 	de:12069:900220260::1	52.282343	12.32712	bus	MATCHED	n3612909100	16.4	0.51	Chausseestraße	560	Ziesar, Breiter Weg / Ziesar, Bahnhof	Breiter Weg	LINESTRING(12.32712 52.282343,12.327267500000001 52.282459300000006)
275	Bücknitz	Chausseestr. 	de:12069:900220260::2	52.28232	12.327327	bus	MATCHED	n3612909099	6.6	0.65	Chausseestraße	560	Zitz, Dorf	Dorf	LINESTRING(12.327327 52.28232,12.3273109 52.282261500000004)
276	Bücknitz	Fiener Str. 	de:12069:900220364::1	52.28145	12.330047		MATCHED	n3612909098	4.9	0.44	Fiener Straße			Herrenmühle	LINESTRING(12.330047 52.28145,12.3301052 52.2814764)
277	Bücknitz	Fiener Str. 	de:12069:900220364::2	52.281475	12.330015	bus	MATCHED	n3612909102	7.5	0.44	Fiener Straße	562	Ziesar, Gartenstr. / Ziesar, Glienecker Chaussee		LINESTRING(12.330015 52.281475,12.3299423 52.2814239)
278	Cammer	Feldstr. 	de:12069:900222052::1	52.260327	12.659423	bus	MATCHED	n3512447474	10.6	0.54	Feldstraße	542	Oberjünne, Dorf	Dorf	LINESTRING(12.659423 52.260327,12.6593251 52.2602533)
279	Cammer	Feldstr. 	de:12069:900222052::2	52.26053	12.659439	bus	MATCHED	n3512450325	1.1	0.74	Feldstraße	542	Cammer, Kirche	Kirche	LINESTRING(12.659439 52.26053,12.6594241 52.260527200000006)
280	Cammer	Kirche	de:12069:900222051::1	52.257298	12.664334	bus	MATCHED	w1266771044	100.0	0.29	Kirche	542	Cammer, Feldstr.	Feldstraße	LINESTRING(12.664334 52.257298,12.662991700000001 52.2576559)
281	Cammer	Kirche	de:12069:900222051::2	52.257275	12.663957	bus	MATCHED	n3512449690	0.2	0.96	Kirche	542	Damelang	Damelang	LINESTRING(12.663957 52.257275,12.6639548 52.2572764)
282	Caputh	Am Torfstich	de:12069:900220582::1	52.344994	13.00771	bus	MATCHED	n5130517758	2.9	0.86	Am Torfstich	613	Caputh, Schloss	Schloss	LINESTRING(13.00771 52.344994,13.0076706 52.3449833)
283	Caputh	Am Torfstich	de:12069:900220582::2	52.345892	13.005988	bus	MATCHED	n5130517759	5.9	0.77	Am Torfstich	613	Michendorf, Caputher Weg	Caputher Weg / Bahnhof/Bahnstraße	LINESTRING(13.005988 52.345892,13.006074900000002 52.3458928)
284	Caputh	Feldstr. 	de:12069:900220578::1	52.344456	12.988608	bus	MATCHED	n1429012864	2.9	0.68	Feldstraße	607,613	Caputh, Schwielowsee Bhf	Schwielowsee Bhf	LINESTRING(12.988608 52.344456,12.988566100000002 52.344462400000005)
285	Caputh	Feldstr. 	de:12069:900220578::2	52.344439	12.988704	bus	MATCHED	n1429012863	3.0	0.68	Feldstraße	607,613	Caputh, Schule	Schule	LINESTRING(12.988704 52.344439,12.9887361 52.3444209)
286	Caputh	Flottstelle	de:12069:900220580::1	52.329138	12.966181	bus	MATCHED	n3785897593	23.4	0.53	Caputh Flottstelle	607,613	Caputh, Zeltplatz Flottstelle	Caputh Zeltplatz Flottstelle	LINESTRING(12.966181 52.329138,12.9665142 52.329188300000006)
287	Caputh	Flottstelle	de:12069:900220580::2	52.32909	12.966327	bus	MATCHED	n3785897594	17.1	0.59	Caputh Flottstelle	607,613	Caputh, Wendeplatz	Wendeplatz	LINESTRING(12.966327 52.32909,12.9665753 52.3291102)
288	Caputh	Gertrud-Feiertag-Haus	de:12069:900220572::1	52.351807	13.013805		NO_MATCH_AND_SEEMS_UNSERVED								POINT(13.013805 52.351807)
289	Caputh	Kirschanger	de:12069:900220581::1	52.347337	12.996944	bus	MATCHED	n2962347170	17.3	0.59	Kirschanger	607,613	Caputh, Schule	Schule	LINESTRING(12.996944 52.347337,12.9966974 52.3473727)
290	Caputh	Kirschanger	de:12069:900220581::2	52.347268	12.996665	bus	MATCHED	n2962347169	7.5	0.74	Kirschanger	607,613	Caputh, Schloss	Schloss	LINESTRING(12.996665 52.347268,12.996772900000002 52.3472803)
291	Caputh	Lindenstr. 	de:12069:900220575::1	52.349435	13.003937	bus	MATCHED	n1960542956	36.9	0.37	Lindenstraße	607	Caputh, Schloss	Schloss	LINESTRING(13.003937 52.349435,13.003396100000002 52.349420900000005)
292	Caputh	Lindenstr. 	de:12069:900220575::2	52.349349	13.003687	bus	MATCHED	n1960544133	6.3	0.62	Lindenstraße	607	Caputh, Schumannstr.	Schumannstraße	LINESTRING(13.003687 52.349349,13.0037794 52.349350300000005)
293	Caputh	Schloss	de:12069:900220576::1	52.348336	13.000493	bus	MATCHED	n1717901051	3.5	0.84	Schloss	607,613	Caputh, Kirschanger	Kirschanger	LINESTRING(13.000493 52.348336,13.000477900000002 52.3483661)
294	Caputh	Schloss	de:12069:900220576::2	52.348307	13.000584	bus	MATCHED	w997410154	3.2	0.85	Schloss	607,613	Caputh, Lindenstr. / Caputh, Am Torfstich	Am Torfstich / Lindenstraße	LINESTRING(13.000584 52.348307,13.00057245 52.34827885)
295	Caputh	Schule	de:12069:900220577::1	52.346976	12.994145	bus	MATCHED	n1960540266	6.1	0.77	Schule	607,613,RB33	Caputh, Feldstr. / Caputh, Schwielowsee Bhf	Feldstraße	LINESTRING(12.994145 52.346976,12.994192100000001 52.347022300000006)
296	Caputh	Schule	de:12069:900220577::2	52.346458	12.992552	bus	MATCHED	n2069416731	8.2	0.72	Schule	607,613,RB33	S Potsdam Hauptbahnhof / Caputh, Kirschanger	Kirschanger	LINESTRING(12.992552 52.346458,12.992669600000001 52.346474400000005)
297	Caputh	Schumannstr. 	de:12069:900220574::1	52.350071	13.007811	bus	MATCHED_THOUGH_DISTANT	n1705812662	240.9	0.16	Schumannstraße	607	Caputh, Lindenstr.	Lindenstraße	LINESTRING(13.007811 52.350071,13.0109279 52.351090500000005)
298	Caputh	Schumannstr. 	de:12069:900220574::2	52.350256	13.009014	bus	MATCHED	n1705812666	4.4	0.69	Schumannstraße	607	Potsdam, Forsthaus Templin	Forsthaus Templin	LINESTRING(13.009014 52.350256,13.0090724 52.3502397)
299	Caputh	Schwielowsee Bhf	de:12069:900220573:1:50	52.341006	12.980441	train	MATCHED	n30232773	1.9	0.67	Caputh-Schwielowsee	RB33	Ferch-Lienewitz, Bahnhof / Caputh-Geltow, Bahnhof	Ferch-Lienewitz / Caputh-Geltow	LINESTRING(12.980441 52.341006,12.980418700000001 52.3410157)
300	Caputh	Schwielowsee Bhf	de:12069:900220573::1	52.341947	12.981928	bus	MATCHED	n1495541857	2.5	0.87	Schwielowsee Bhf	607,613,RB33	Ferch-Lienewitz, Bahnhof / Ferch, Potsdamer Platz / Caputh, Wendeplatz	Caputh Flottstelle / Wendeplatz	LINESTRING(12.981928 52.341947,12.981904100000001 52.3419643)
301	Caputh	Schwielowsee Bhf	de:12069:900220573::2	52.341726	12.98143	bus	MATCHED	n1495541855	52.1	0.39	Schwielowsee Bhf	607,613,RB33	Caputh, Schule / Caputh, Feldstr.	Feldstraße	LINESTRING(12.98143 52.341726,12.9820857 52.3419656)
302	Caputh	Wendeplatz	de:12069:900220579::1	52.337145	12.972813	bus	MATCHED	n2962347176	0.5	0.95	Wendeplatz	607,613	Caputh, Flottstelle	Caputh Flottstelle	LINESTRING(12.972813 52.337145,12.972809600000001 52.337149100000005)
303	Caputh	Wendeplatz	de:12069:900220579::2	52.337205	12.973048	bus	MATCHED	n2962347177	1.0	0.93	Wendeplatz	607,613	Caputh, Schwielowsee Bhf	Schwielowsee Bhf	LINESTRING(12.973048 52.337205,12.973037300000001 52.3372109)
304	Caputh	Zeltplatz Flottstelle	de:12069:900220586::1	52.32645	12.961761	bus	MATCHED	n3890213839	0.5	0.95	Caputh Zeltplatz Flottstelle	607,613	Ferch, Strandbad	Strandbad	LINESTRING(12.961761 52.32645,12.961759500000001 52.3264457)
305	Caputh	Zeltplatz Flottstelle	de:12069:900220586::2	52.326594	12.962056	bus	MATCHED	n3890213838	0.9	0.93	Caputh Zeltplatz Flottstelle	607,613	Caputh, Flottstelle	Caputh Flottstelle	LINESTRING(12.962056 52.326594,12.9620674 52.3265984)
306	Caputh-Geltow	Bahnhof	de:12069:900220658:1:50	52.350021	12.984185	train	MATCHED	n3421851606	9.5	0.44	Caputh-Geltow	RB33	Potsdam, Pirschheide Bhf / Caputh, Schwielowsee Bhf	Potsdam Pirschheide / Caputh-Schwielowsee	LINESTRING(12.984185 52.350021,12.984126900000001 52.349943)
307	Caputh-Geltow	Bahnhof	de:12069:900220658::1	52.35012	12.983429		MATCHED_THOUGH_OSM_NO_NAME	w71226799	51.7	0.05					LINESTRING(12.983429 52.35012,12.984165427210492 52.35000987991425)
308	Dahlen	ASB	de:12069:900220229::1	52.21028	12.421161	bus	MATCHED	n7737687697	1.6	0.86	Dahlen, ASB	593	Dahlen, Abzweig		LINESTRING(12.421161 52.21028,12.421145000000001 52.21028990000001)
309	Dahlen	ASB	de:12069:900220229::2	52.210413	12.422132	bus	MATCHED	n8483813743	1.8	0.84	Dahlen, ASB	559,593	Hohenspringe		LINESTRING(12.422132 52.210413,12.4221459 52.2103996)
310	Dahlen	Abzweig	de:12069:900222089::1	52.209378	12.418262	bus	MATCHED	n8483813741	6.1	0.65	Dahlen, Abzweig	559	Dahlen, ASB / Görzke, Abzweig Struvenberg		LINESTRING(12.418262 52.209378,12.4182023 52.2093368)
311	Dahlen	Abzweig	de:12069:900222089::2	52.209477	12.418343	bus	MATCHED	n8483813742	8.5	0.59	Dahlen, Abzweig	559,593,596	Gräben, Mühlendamm / Gräben, Wiesenweg		LINESTRING(12.418343 52.209477,12.418435700000002 52.209528500000005)
312	Damelang	Süd	de:12069:900222266::1	52.242552	12.697486	bus	MATCHED	n8059379001	4.5	0.81	Damelang, Süd	542	Damelang	Damelang	LINESTRING(12.697486 52.242552,12.6975168 52.2425159)
313	Damelang	Süd	de:12069:900222266::2	52.242477	12.6974	bus	MATCHED	n8059379000	1.1	0.92	Damelang, Süd	542	Freienthal	Freienthal	LINESTRING(12.6974 52.242477,12.697410600000001 52.2424845)
314	Damsdorf (PM)	Bergstr. 	de:12069:900222229::1	52.361724	12.754947	bus	MATCHED_THOUGH_NAMES_DIFFER	n1016648349	2.9	0.25	Schule	550,552,554	Damsdorf (PM), Wohnpark Havelland / Damsdorf (PM), Kirche	Lehniner Straße / Lehniner Chaussee / Kirche	LINESTRING(12.754947 52.361724,12.7549816 52.3617386)
315	Damsdorf (PM)	Bergstr. 	de:12069:900222229::2	52.361817	12.755518	bus	MATCHED_THOUGH_NAMES_DIFFER	n417283659	1.5	0.12	Schule	550,554	Damsdorf (PM), Göhlsdorfer Str.	Göhlsdorfer Straße / Wohnpark Havelland	LINESTRING(12.755518 52.361817,12.7554984 52.3618114)
316	Damsdorf (PM)	Berliner Str. 	de:12069:900222055::1	52.347436	12.76497	bus	MATCHED	n2197861831	4.2	0.68	Berliner Straße	550,554,580	Damsdorf (PM), Lehniner Str.	Lehniner Straße	LINESTRING(12.76497 52.347436,12.765022400000001 52.347455000000004)
317	Damsdorf (PM)	Berliner Str. 	de:12069:900222055::2	52.348125	12.765	bus	MATCHED	n2197861827	1.5	0.76	Berliner Straße	550,552,554,580	Lehnin, Fischersberg / Göhlsdorf, Lehniner Allee	Fischersberg / Lehniner Allee	LINESTRING(12.765 52.348125,12.7650185 52.348131800000004)
318	Damsdorf (PM)	Berliner Str. 	de:12069:900222055::3	52.347833	12.765689	bus	MATCHED	n12036494635	4.4	0.53	Berliner Straße	552	Damsdorf (PM), Lehniner Str.		LINESTRING(12.765689 52.347833,12.765624200000001 52.3478374)
319	Damsdorf (PM)	Göhlsdorfer Str. 	de:12069:900222231::1	52.361833	12.765106	bus	MATCHED	n417283660	1.6	0.82	Göhlsdorfer Straße	550,552,554	Damsdorf (PM), Schule	Schule	LINESTRING(12.765106 52.361833,12.7651287 52.361834)
320	Damsdorf (PM)	Göhlsdorfer Str. 	de:12069:900222231::2	52.361756	12.765184	bus	MATCHED	n417283661	1.5	0.73	Göhlsdorfer Straße	550,554	Damsdorf (PM), Lehniner Str.	Lehniner Straße / Schule	LINESTRING(12.765184 52.361756,12.7652012 52.361747300000005)
321	Damsdorf (PM)	Hauptstr. 	de:12069:900222228::1	52.36174	12.746787	bus	MATCHED_THOUGH_NAMES_DIFFER	n428135760	11.8	0.07	Kirche	554	Trechwitz	Dorf	LINESTRING(12.746787 52.36174,12.746958000000001 52.3617591)
322	Damsdorf (PM)	Hauptstr. 	de:12069:900222228::2	52.361645	12.746728	bus	MATCHED_THOUGH_NAMES_DIFFER	n428135765	2.1	0.11	Kirche	554	Damsdorf (PM), Schule	Schule	LINESTRING(12.746728 52.361645,12.746705100000002 52.3616572)
323	Damsdorf (PM)	Kindergarten	de:12069:900222057::1	52.361687	12.768434	bus	MATCHED	w1136393758	1.5	0.91	Kindergarten	580	Göhlsdorf, Ortsmitte		LINESTRING(12.768434 52.361687,12.768420950000001 52.36167665000001)
324	Damsdorf (PM)	Kindergarten	de:12069:900222057::2	52.361753	12.767589	bus	MATCHED	w1136393757	5.2	0.79	Kindergarten	580	Damsdorf (PM), Lehniner Str.	Lehniner Straße	LINESTRING(12.767589 52.361753,12.7676634 52.361763700000004)
325	Damsdorf (PM)	Lehniner Str. 	de:12069:900222056::1	52.35628	12.765629	bus	MATCHED	n2197861833	6.2	0.64	Lehniner Straße	550,552,554,580	Damsdorf (PM), Göhlsdorfer Str. / Damsdorf (PM), Kindergarten	Göhlsdorfer Straße / Kindergarten	LINESTRING(12.765629 52.35628,12.7656991 52.356315)
326	Damsdorf (PM)	Lehniner Str. 	de:12069:900222056::2	52.355981	12.765516	bus	MATCHED	n2197861823	4.9	0.67	Lehniner Straße	550,552,554,580	Damsdorf (PM), Berliner Str.	Berliner Straße	LINESTRING(12.765516 52.355981,12.7654718 52.3560153)
327	Damsdorf (PM)	Wohnpark Havelland	de:12069:900222064::1	52.366408	12.759485	bus	NO_MATCH_BUT_OTHER_PLATFORM_MATCHED					550,552	Damsdorf (PM), Lehniner Str. / Neu Bochow, Lehniner Chaussee		POINT(12.759485 52.366408)
328	Damsdorf (PM)	Wohnpark Havelland	de:12069:900222064::2	52.366174	12.758238	bus	MATCHED	n2197614938	1.8	0.9	Wohnpark Havelland	550	Damsdorf (PM), Schule	Schule / Lehniner Straße	LINESTRING(12.758238 52.366174,12.7582236 52.366187800000006)
329	Deetz (PM)	Am Walde	de:12069:900220378::3	52.4413	12.762836	bus	MATCHED	n7380442412	0.6	0.95	Am Walde	557	Deetz (PM), Dorf	Dorf	LINESTRING(12.762836 52.4413,12.7628322 52.441305)
330	Deetz (PM)	Am Walde	de:12069:900220378::4	52.441139	12.762338	bus	MATCHED	n7380442413	1.4	0.86	Am Walde	557	Götz, Zum Wachtelberg		LINESTRING(12.762338 52.441139,12.7623555 52.44113170000001)
331	Deetz (PM)	Dorf	de:12069:900220192::1	52.445934	12.772313	bus	MATCHED	n2198390659	0.0	0.96	Dorf	557,635	Deetz (PM), Sportplatz	Sportplatz	LINESTRING(12.772313 52.445934,12.772313 52.445934)
332	Deetz (PM)	Dorf	de:12069:900220192::2	52.4454	12.770651	bus	MATCHED	n3630609123	9.5	0.56	Dorf	557	Deetz (PM), Am Walde		LINESTRING(12.770651 52.4454,12.7705599 52.4453352)
333	Deetz (PM)	Sportplatz	de:12069:900220191::1	52.44272	12.783076	bus	MATCHED	n2199400809	0.4	0.95	Sportplatz	557,635	Deetz (PM), Dorf / Deetz (PM), Dorf	Dorf	LINESTRING(12.783076 52.44272,12.783074500000001 52.44271620000001)
334	Deetz (PM)	Sportplatz	de:12069:900220191::2	52.442528	12.783098	bus	MATCHED	n2199400797	3.6	0.83	Sportplatz	557,635	Krielow, Chausseestr. / Schmergow, Deetzer Siedlung	Chausseestraße / Deetzer Siedlung	LINESTRING(12.783098 52.442528,12.7830898 52.4425602)
335	Derwitz	Am Berliner Ring	de:12069:900220687::1	52.399503	12.823857	bus	MATCHED	n4872293482	2.0	0.89	Am Berliner Ring	635	Derwitz, Kirche / Derwitz, Kirche	Kirche	LINESTRING(12.823857 52.399503,12.8238666 52.3995198)
336	Derwitz	B1/Dorfstr. 	de:12069:900220689::1	52.397905	12.822401	bus	MATCHED	n2188302297	14.3	0.5	B1/Dorfstraße	635	Derwitz, Am Berliner Ring	Am Berliner Ring / Bochow-Bruch	LINESTRING(12.822401 52.397905,12.822610000000001 52.397894300000004)
337	Derwitz	B1/Dorfstr. 	de:12069:900220689::2	52.397895	12.821956	bus	MATCHED	n2188302308	6.2	0.61	B1/Dorfstraße	635	Neu Plötzin, An der Autobahn / Derwitz, Am Berliner Ring	Am Berliner Ring	LINESTRING(12.821956 52.397895,12.8218724 52.39791760000001)
338	Derwitz	Kirche	de:12069:900220690::1	52.402947	12.825406	bus	MATCHED	n2188302320	4.7	0.71	Kirche	635	Krielow, Lilienthal-Denkmal		LINESTRING(12.825406 52.402947,12.825411500000001 52.4029049)
339	Derwitz	Kirche	de:12069:900220690::2	52.402955	12.825326	bus	MATCHED	n2188302305	4.7	0.8	Kirche	635	Bochow-Bruch / Neu Plötzin, An der Autobahn	Bochow-Bruch / An der Autobahn / Kirche	LINESTRING(12.825326 52.402955,12.8252973 52.4029163)
340	Dippmannsdorf	Ortsmitte	de:12069:900222062::1	52.222017	12.595758	bus	MATCHED	n3636734250	11.2	0.67	Ortsmitte	580,581	Dippmannsdorf, Schule	Schule	LINESTRING(12.595758 52.222017,12.595666300000001 52.222100700000006)
341	Dippmannsdorf	Ortsmitte	de:12069:900222062::2	52.221793	12.595813	bus	MATCHED	n3636734248	6.0	0.77	Ortsmitte	580,581	Lütte, Dorf	Lütte, Dorf	LINESTRING(12.595813 52.221793,12.595822 52.2217393)
342	Dippmannsdorf	Schule	de:12069:900222063::1	52.227503	12.589312	bus	MATCHED	n3636739302	19.7	0.57	Schule	580,581	Ragösen, Feuerwehr	Feuerwehr	LINESTRING(12.589312 52.227503,12.5894677 52.2273536)
343	Dippmannsdorf	Schule	de:12069:900222063::2	52.227342	12.589393	bus	MATCHED	n3636739301	3.2	0.77	Schule	580,581,596	Ragösen, Feuerwehr / Dippmannsdorf, Ortsmitte	Ortsmitte	LINESTRING(12.589393 52.227342,12.589349700000001 52.227332200000006)
344	Dretzen	Dorf	de:12069:900220263::1	52.213604	12.283971	bus	MATCHED	n3500938789	16.3	0.6	Dretzen, Dorf	588,593	Köpernitz (PM), B 107 / Köpernitz (PM), Dorf	Köpernitz (PM), B107 / Köpernitz (PM), Dorf	LINESTRING(12.283971 52.213604,12.284115100000001 52.213486800000005)
345	Dretzen	Dorf	de:12069:900220263::2	52.213479	12.28399	bus	MATCHED	n3500938791	1.9	0.89	Dretzen, Dorf	588	Wittstock (PM), Abzweig	Wittstock (PM), Abzweig	LINESTRING(12.28399 52.213479,12.2839863 52.2134621)
346	Elsholz	B2/Fischerstr. 	de:12069:900220943::1	52.198809	12.955231	bus	MATCHED	w1276165551	13.6	0.5	B2/Fischerstraße	546,RB33	Buchholz (bei Treuenbrietzen), Feuerwehr	Feuerwehr	LINESTRING(12.955231 52.198809,12.955230944931754 52.19893133059644)
347	Elsholz	B2/Fischerstr. 	de:12069:900220943::2	52.198929	12.955395	bus	MATCHED	n10673895856	0.0	0.83	B2/Fischerstraße	546,642,RB33	Beelitz, Treuenbrietzener Str. 28 / Beelitz, Treuenbrietzener Str. 18 / Beelitz, Stadt Bhf	Treuenbrietzener Straße 28	LINESTRING(12.955395 52.198929,12.955395000000001 52.19892900000001)
348	Elsholz	Bahnhof	de:12069:900220305:1:50	52.204142	12.955081	train	MATCHED	w79947882	32.8	0.31	Elsholz, Bahnhof	RB33,RB37	Beelitz, Stadt Bhf / Beelitz, Stadt Bhf / Buchholz (bei Treuenbrietzen), Bahnhof		LINESTRING(12.955081 52.204142,12.95497975 52.20385445)
349	Elsholz	Kirche	de:12069:900220942::1	52.198998	12.962589	bus	MATCHED	w1268115703	3.1	0.85	Kirche	546,640,642	Elsholz, Wasserwerk / Wittbrietzen, Dorfplatz	Wasserwerk	LINESTRING(12.962589 52.198998,12.96258225 52.199025400000004)
350	Elsholz	Kirche	de:12069:900220942::2	52.199295	12.962593	bus	MATCHED	n6639689262	0.6	0.95	Kirche	546,642	Beelitz, Treuenbrietzener Str. 28 / Beelitz, Treuenbrietzener Str. 18	Treuenbrietzener Straße 28 / Treuenbrietzener Straße 18	LINESTRING(12.962593 52.199295,12.9626012 52.1992935)
351	Elsholz	Str. nach Salzbrunn	de:12069:900210332::1	52.18772	12.942518	bus	MATCHED	n1477899486	0.0	0.84	Straße nach Salzbrunn	640,642	Salzbrunn	Salzbrunn	LINESTRING(12.942518 52.18772,12.942518000000002 52.187720000000006)
352	Elsholz	Str. nach Salzbrunn	de:12069:900210332::2	52.187672	12.94273	bus	MATCHED	n1477899455	0.0	0.84	Straße nach Salzbrunn	642	Buchholz (bei Treuenbrietzen), Feuerwehr / Elsholz, B2/Fischerstr.	Feuerwehr / B2/Fischerstraße	LINESTRING(12.94273 52.187672,12.942730000000001 52.187672000000006)
353	Elsholz	Wasserwerk	de:12069:900220941::1	52.19349	12.967306	bus	MATCHED	n10673895841	4.2	0.82	Wasserwerk	640,642	Wittbrietzen, Dorfplatz	Dorfplatz	LINESTRING(12.967306 52.19349,12.9672823 52.193454800000005)
354	Elsholz	Wasserwerk	de:12069:900220941::2	52.193458	12.967408	bus	MATCHED	n10673895843	8.3	0.72	Wasserwerk	642	Elsholz, Kirche	Kirche	LINESTRING(12.967408 52.193458,12.967437700000001 52.1933858)
355	Fahlhorst	Baumschule	de:12069:900220181::1	52.314017	13.154456	bus	MATCHED	n6612581318	2.6	0.87	Baumschule	611,613	Fahlhorst, Dorf	Dorf	LINESTRING(13.154456 52.314017,13.154455100000002 52.3139936)
356	Fahlhorst	Baumschule	de:12069:900220181::2	52.314206	13.154331	bus	MATCHED	n1213011358	24.1	0.53	Baumschule	611,613	Nudow, Stöckerhaus / Nudow, Drewitzer Str.	Drewitzer Straße	LINESTRING(13.154331 52.314206,13.154581 52.3140529)
357	Fahlhorst	Dorf	de:12069:900220180::1	52.30641	13.163043	bus	MATCHED	n11160402247	2.0	0.83	Dorf	611,613	Fahlhorst, Baumschule	Baumschule	LINESTRING(13.163043 52.30641,13.1630158 52.3064168)
358	Ferch	Heideweg	de:12069:900220592::1	52.31301	12.916807	bus	MATCHED	n11158683756	4.1	0.82	Heideweg	613	Ferch, Kammerode	Kammerode	LINESTRING(12.916807 52.31301,12.916866 52.3130029)
359	Ferch	Heideweg	de:12069:900220592::2	52.312806	12.917009	bus	MATCHED	n11158683757	3.7	0.83	Heideweg	613	Ferch, Potsdamer Platz	Potsdamer Platz	LINESTRING(12.917009 52.312806,12.9169652 52.3127865)
360	Ferch	Hohe Eichen	de:12069:900220596::1	52.315906	12.920372	bus	MATCHED	n2179665792	5.8	0.77	Hohe Eichen	607	Ferch, Neue Scheune	Neue Scheune	LINESTRING(12.920372 52.315906,12.9204234 52.3159477)
361	Ferch	Hohe Eichen	de:12069:900220596::2	52.315789	12.920304	bus	MATCHED	n2179665796	1.8	0.9	Hohe Eichen	607	Ferch, Kammeroder Weg	Kammeroder Weg	LINESTRING(12.920304 52.315789,12.920277700000002 52.3157909)
362	Ferch	Hohe Eichen	de:12069:900220596::3	52.316361	12.919936		NO_MATCH_AND_SEEMS_UNSERVED								POINT(12.919936 52.316361)
363	Ferch	Hohe Eichen	de:12069:900220596::4	52.316372	12.919928		NO_MATCH_AND_SEEMS_UNSERVED								POINT(12.919928 52.316372)
364	Ferch	Kammerode	de:12069:900220599::1	52.323733	12.901202	bus	MATCHED	n5347156766	17.3	0.43	Kammerode	607,613	Ferch, Kammeroder Weg / Glindow, Jägerstr. / Ferch, Heideweg	Kammeroder Weg / Jägerstraße	LINESTRING(12.901202 52.323733,12.9013383 52.323863900000006)
365	Ferch	Kammerode	de:12069:900220599::2	52.323965	12.900944	bus	MATCHED	n11873673757	2.7	0.86	Kammerode	613	Ferch, Heideweg	Heideweg	LINESTRING(12.900944 52.323965,12.9009444 52.323940400000005)
366	Ferch	Kammerode	de:12069:900220599::3	52.324373	12.900222		NO_MATCH_AND_SEEMS_UNSERVED								POINT(12.900222 52.324373)
367	Ferch	Kammeroder Weg	de:12069:900220591::1	52.312403	12.920099	bus	MATCHED	n2179743713	4.5	0.81	Kammeroder Weg	607	Ferch, Hohe Eichen	Hohe Eichen	LINESTRING(12.920099 52.312403,12.9201081 52.3123632)
368	Ferch	Kammeroder Weg	de:12069:900220591::2	52.312188	12.919881	bus	MATCHED	n2179743689	9.5	0.7	Kammeroder Weg	607	Ferch, Potsdamer Platz / Ferch, Kammerode	Potsdamer Platz	LINESTRING(12.919881 52.312188,12.9198213 52.3121109)
369	Ferch	Mittelbusch	de:12069:900220595::1	52.324456	12.926418	bus	MATCHED	n3386709300	28.6	0.5	Mittelbusch	607	Petzow, Löcknitz	Löcknitz	LINESTRING(12.926418 52.324456,12.9265576 52.324213500000006)
370	Ferch	Mittelbusch	de:12069:900220595::2	52.324206	12.926528	bus	MATCHED	n2179633302	26.4	0.51	Mittelbusch	607	Ferch, Neue Scheune	Neue Scheune	LINESTRING(12.926528 52.324206,12.926519200000001 52.3239686)
371	Ferch	Neue Scheune	de:12069:900220594::1	52.31851	12.926681	bus	MATCHED	n2179665806	17.5	0.59	Neue Scheune	607	Ferch, Mittelbusch	Mittelbusch	LINESTRING(12.926681 52.31851,12.9264826 52.318409800000005)
372	Ferch	Neue Scheune	de:12069:900220594::2	52.318964	12.926809	bus	MATCHED	n2179633319	2.9	0.86	Neue Scheune	607	Ferch, Hohe Eichen	Hohe Eichen	LINESTRING(12.926809 52.318964,12.926786400000001 52.3189859)
373	Ferch	Potsdamer Platz	de:12069:900220590::1	52.311621	12.929742	bus	MATCHED	n3890213834	3.7	0.83	Potsdamer Platz	607,613,RB33	Ferch, Heideweg / Ferch, Kammeroder Weg / Ferch, Kammerode / Ferch-Lienewitz, Bahnhof	Kammeroder Weg / Kammerode / Heideweg	LINESTRING(12.929742 52.311621,12.9297891 52.311638)
374	Ferch	Potsdamer Platz	de:12069:900220590::2	52.311719	12.930244	bus	MATCHED	n3890213835	3.9	0.83	Potsdamer Platz	607,613,RB33	Ferch, Strandbad / Caputh, Schwielowsee Bhf	Strandbad	LINESTRING(12.930244 52.311719,12.9302253 52.3116855)
375	Ferch	Potsdamer Platz	de:12069:900220590::3	52.31128	12.929599		NO_MATCH_AND_SEEMS_UNSERVED								POINT(12.929599 52.31128)
376	Ferch	Potsdamer Platz	de:12069:900220590::4	52.311137	12.929586		NO_MATCH_AND_SEEMS_UNSERVED								POINT(12.929586 52.311137)
377	Ferch	Strandbad	de:12069:900220588::1	52.313815	12.939227	bus	MATCHED	n2179743691	0.6	0.94	Strandbad	607,613	Ferch, Potsdamer Platz	Potsdamer Platz	LINESTRING(12.939227 52.313815,12.9392189 52.313812000000006)
378	Ferch	Strandbad	de:12069:900220588::2	52.313713	12.940927	bus	MATCHED	n2179743672	0.1	0.97	Strandbad	607,613	Caputh, Zeltplatz Flottstelle	Caputh Zeltplatz Flottstelle	LINESTRING(12.940927 52.313713,12.9409275 52.3137136)
379	Ferch-Lienewitz	Bahnhof	de:12069:900220303:1:50	52.303743	12.964099	trainish	MATCHED	n3421680677	4.0	0.54	Ferch-Lienewitz	RB33	Beelitz, Stadt Bhf / Beelitz, Stadt Bhf / Ferch, Potsdamer Platz / Caputh, Schwielowsee Bhf / Beelitz, Stadt Bhf	Caputh-Schwielowsee / Beelitz Stadt	LINESTRING(12.964099 52.303743,12.964087000000001 52.3037082)
380	Ferch-Lienewitz	Bahnhof	de:12069:900220303:1:51	52.303732	12.964188	train	MATCHED	n674154420	4.5	0.53	Ferch-Lienewitz	RB33	Caputh, Schwielowsee Bhf		LINESTRING(12.964188 52.303732,12.964172300000001 52.303692500000004)
381	Ferch-Lienewitz	Bahnhof	de:12069:900220303::1	52.303471	12.964397	bus	MATCHED	n3386709299	4.4	0.72	Ferch-Lienewitz, Bahnhof	RB33	Ferch, Potsdamer Platz / Caputh, Schwielowsee Bhf		LINESTRING(12.964397 52.303471,12.964383900000001 52.303432400000005)
382	Ferch-Lienewitz	Bahnhof	de:12069:900220303::2	52.30342	12.964734	bus	NO_MATCH_BUT_OTHER_PLATFORM_MATCHED					RB33	Beelitz, Stadt Bhf		POINT(12.964734 52.30342)
383	Fichtenwalde	Am Lönsberg	de:12069:900220969::1	52.282928	12.876592	bus	MATCHED	n1409741424	3.4	0.84	Am Lönsberg	641,645	Klaistow, Dorf / Klaistow, Dorf	Spargelhof / Dorf	LINESTRING(12.876592 52.282928,12.876542500000001 52.2829284)
384	Fichtenwalde	Am Lönsberg	de:12069:900220969::2	52.28295	12.876958	bus	MATCHED	w1275368455	4.0	0.82	Am Lönsberg	641,645	Fichtenwalde, Schmerberger Str.	Schmerberger Straße	LINESTRING(12.876958 52.28295,12.876921649999996 52.282922)
385	Fichtenwalde	Brücker Weg	de:12069:900220965::1	52.271321	12.897597	bus	MATCHED	n1410776517	59.0	0.37	Brücker Weg	641,645	Fichtenwalde, Mittelstr.	Mittelstraße	LINESTRING(12.897597 52.271321,12.8980496 52.270869700000006)
386	Fichtenwalde	Brücker Weg	de:12069:900220965::2	52.271251	12.897571	bus	MATCHED	n1410776482	24.9	0.52	Brücker Weg	641,645	Beelitz-Heilstätten, Reha-Kliniken	Reha-Kliniken	LINESTRING(12.897571 52.271251,12.897730000000001 52.2710494)
387	Fichtenwalde	Mittelstr. 	de:12069:900220966::1	52.276682	12.893017	bus	MATCHED	n1410776499	14.4	0.5	Mittelstraße	641,645	Fichtenwalde, Schule	Schule	LINESTRING(12.893017 52.276682,12.8929486 52.276804500000004)
388	Fichtenwalde	Mittelstr. 	de:12069:900220966::2	52.276393	12.893141	bus	MATCHED	n1410776498	38.2	0.35	Mittelstraße	641,645	Fichtenwalde, Brücker Weg	Brücker Weg	LINESTRING(12.893141 52.276393,12.892889 52.2766998)
389	Fichtenwalde	Schmerberger Str. 	de:12069:900220968::1	52.283565	12.887153	bus	MATCHED	n1279332902	12.4	0.55	Schmerberger Straße	641,645	Fichtenwalde, Am Lönsberg	Am Lönsberg	LINESTRING(12.887153 52.283565,12.8870822 52.283667900000005)
390	Fichtenwalde	Schmerberger Str. 	de:12069:900220968::2	52.283481	12.887145	bus	MATCHED	n1279332914	1.6	0.76	Schmerberger Straße	641,645	Fichtenwalde, Schule	Schule	LINESTRING(12.887145 52.283481,12.887123500000001 52.2834748)
391	Fichtenwalde	Schule	de:12069:900220967::1	52.280022	12.890175	bus	MATCHED	n986306052	3.5	0.84	Schule	641,645	Fichtenwalde, Schmerberger Str.	Schmerberger Straße	LINESTRING(12.890175 52.280022,12.8902175 52.2800401)
392	Fichtenwalde	Schule	de:12069:900220967::2	52.280356	12.889776	bus	MATCHED	n1279246557	1.0	0.93	Schule	641,645	Fichtenwalde, Mittelstr.	Mittelstraße	LINESTRING(12.889776 52.280356,12.889790000000001 52.280354300000006)
393	Fichtenwalde	Wilmersdorfer Str. 	de:12069:900220964::1	52.278385	12.876012		NO_MATCH_AND_SEEMS_UNSERVED								POINT(12.876012 52.278385)
394	Fohrde	Abzweig Briest	de:12069:900221018::1	52.478766	12.468978	bus	MATCHED	n2410070376	5.4	0.68	Abzweig Briest	567	Fohrde, Dorf / Fohrde, Landstr.	Dorf / Landstraße	LINESTRING(12.468978 52.478766,12.4689923 52.4787182)
395	Fohrde	Bahnhof	de:12069:900220183:1:50	52.484357	12.46287	trainish	MATCHED	n5222302831	2.0	0.5	Fohrde			Pritzerbe / Görden	LINESTRING(12.46287 52.484357,12.4628457 52.4843464)
396	Fohrde	Dorf	de:12069:900220274::1	52.48304	12.471811	bus	MATCHED	n3632380827	2.4	0.88	Dorf	564,567	Fohrde, Pritzerber Str.	Pritzerber Straße	LINESTRING(12.471811 52.48304,12.4717818 52.4830283)
397	Fohrde	Dorf	de:12069:900220274::2	52.482498	12.471793	bus	MATCHED	n3632380826	1.1	0.92	Dorf	567	Tieckow, Dorf	Dorf	LINESTRING(12.471793 52.482498,12.4717792 52.4824926)
398	Fohrde	Landstr. 	de:12069:900222248::1	52.48468	12.465391	bus	MATCHED	n2410070379	5.6	0.62	Landstraße	567	Pritzerbe, Schule	Schule	LINESTRING(12.465391 52.48468,12.4654079 52.484630300000006)
399	Fohrde	Landstr. 	de:12069:900222248::2	52.48525	12.464694		MATCHED	n3632388994	1.0	0.56	Landstraße				LINESTRING(12.464694 52.48525,12.4646846 52.4852433)
400	Fohrde	Mörtelwerk	de:12069:900220273::1	52.467542	12.482583		NO_MATCH_AND_SEEMS_UNSERVED								POINT(12.482583 52.467542)
401	Fohrde	Mörtelwerk	de:12069:900220273::2	52.467524	12.482342		NO_MATCH_AND_SEEMS_UNSERVED								POINT(12.482342 52.467524)
402	Fohrde	Pritzerber Str. 	de:12069:900220362::1	52.487425	12.464186	bus	MATCHED	n3632386298	7.3	0.62	Pritzerber Straße	564,567	Pritzerbe, Schule	Schule	LINESTRING(12.464186 52.487425,12.4642608 52.487472700000005)
403	Fohrde	Pritzerber Str. 	de:12069:900220362::2	52.487484	12.464198	bus	MATCHED	n3632386299	5.9	0.64	Pritzerber Straße	567	Fohrde, Dorf	Dorf	LINESTRING(12.464198 52.487484,12.4641455 52.487441700000005)
404	Fredersdorf (PM)	Dorf	de:12069:900222067::1	52.188741	12.638105	bus	MATCHED	n1132298391	6.2	0.77	Fredersdorf (PM), Dorf	580	Lütte, Dorf	Lütte, Dorf	LINESTRING(12.638105 52.188741,12.6380929 52.188796100000005)
405	Fredersdorf (PM)	Dorf	de:12069:900222067::2	52.188673	12.638104	bus	MATCHED	n3636719345	2.1	0.88	Fredersdorf (PM), Dorf	580	Schwanebeck (PM)	Schwanebeck (PM)	LINESTRING(12.638104 52.188673,12.6380727 52.1886735)
406	Fresdorf	Feldstr. 	de:12069:900220768::1	52.268089	13.08306	bus	MATCHED	n3826162891	4.4	0.65	Feldstraße	608	Stücken, Dorf	Stücken, Dorf	LINESTRING(13.08306 52.268089,13.0830368 52.2680519)
407	Fresdorf	Feldstr. 	de:12069:900220768::2	52.26849	13.083551	bus	MATCHED	n1110366469	4.6	0.64	Feldstraße	608	Fresdorf, Feuerwehr	Feuerwehr	LINESTRING(13.083551 52.26849,13.0834875 52.2685042)
408	Fresdorf	Feuerwehr	de:12069:900220767::1	52.270017	13.077846	bus	MATCHED	n2949671844	12.0	0.66	Feuerwehr	608	Fresdorf, Feldstr.	Feldstraße	LINESTRING(13.077846 52.270017,13.0780165 52.269989200000005)
409	Fresdorf	Feuerwehr	de:12069:900220767::2	52.270063	13.077763	bus	MATCHED	n1110365697	5.6	0.78	Feuerwehr	608	Wildenbruch, Potsdamer Allee	Potsdamer Allee	LINESTRING(13.077763 52.270063,13.0778361 52.270085900000005)
410	Frohnsdorf	Lüdendorfer Str. 	de:12069:900222082::1	52.05494	12.900007	bus	MATCHED	n569784332	9.3	0.49	Frohnsdorf, Lüdendorfer Straße	549	Treuenbrietzen, Süd / Tiefenbrunnen, Bahnhof		LINESTRING(12.900007 52.05494,12.899927400000001 52.0548726)
411	Frohnsdorf	Treuenbrietzener Straße	de:12069:900222069::1	52.05624	12.905233	bus	NO_MATCH					549	Tiefenbrunnen, Bahnhof		POINT(12.905233 52.05624)
412	Frohnsdorf	Treuenbrietzener Straße	de:12069:900222069::2	52.056124	12.905111		NO_MATCH_AND_SEEMS_UNSERVED								POINT(12.905111 52.056124)
413	Geltow	Am Mühlenberg	de:12069:900220662::1	52.363831	12.96112	bus	MATCHED	n2142475966	3.9	0.83	Am Mühlenberg	610	Geltow, Friedhof	Friedhof	LINESTRING(12.96112 52.363831,12.961158000000001 52.363857200000005)
414	Geltow	Am Mühlenberg	de:12069:900220662::2	52.363807	12.96106	bus	MATCHED	n2142475969	16.1	0.6	Am Mühlenberg	610	Geltow, Ferdinand-Wimmer-Platz		LINESTRING(12.96106 52.363807,12.9611633 52.363677200000005)
415	Geltow	Am Pappeltor	de:12069:900220654::1	52.363281	12.966918	bus	MATCHED	n2142475972	5.1	0.79	Am Pappeltor	610,631	Geltow, Am Mühlenberg / Geltow, Baumgartenbrück	Baumgartenbrück / Am Mühlenberg	LINESTRING(12.966918 52.363281,12.966849700000001 52.363300100000004)
416	Geltow	Am Pappeltor	de:12069:900220654::2	52.363245	12.967223	bus	MATCHED	n430866195	9.7	0.7	Am Pappeltor	631	Geltow, Ferdinand-Wimmer-Platz	Ferdinand-Wimmer-Platz	LINESTRING(12.967223 52.363245,12.9673353 52.3631922)
417	Geltow	Baumgartenbrück	de:12069:900220655::1	52.360269	12.964284	bus	MATCHED	n915253740	3.7	0.83	Baumgartenbrück	631	Werder (Havel), Holländermühle	Holländermühle	LINESTRING(12.964284 52.360269,12.9642297 52.360266100000004)
418	Geltow	Baumgartenbrück	de:12069:900220655::2	52.359807	12.964115	bus	MATCHED	n430866194	5.7	0.78	Baumgartenbrück	631	Geltow, Am Pappeltor	Am Pappeltor	LINESTRING(12.964115 52.359807,12.964159500000001 52.359763900000004)
419	Geltow	Ferdinand-Wimmer-Platz	de:12069:900220653::1	52.363097	12.972253	bus	MATCHED	n915253746	6.5	0.76	Ferdinand-Wimmer-Platz	580,610,631	Werder (Havel), Strengbrücke / Geltow, Am Pappeltor	Strengbrücke / Am Pappeltor	LINESTRING(12.972253 52.363097,12.972166000000001 52.3631217)
420	Geltow	Ferdinand-Wimmer-Platz	de:12069:900220653::2	52.363048	12.973969	bus	MATCHED	n430866197	2.4	0.87	Ferdinand-Wimmer-Platz	580,631	Geltow, Schäfereistr.	Schäfereistraße	LINESTRING(12.973969 52.363048,12.9739763 52.363026700000006)
421	Geltow	Ferdinand-Wimmer-Platz	de:12069:900220653::3	52.363033	12.973006		NO_MATCH_AND_SEEMS_UNSERVED								POINT(12.973006 52.363033)
422	Geltow	Ferdinand-Wimmer-Platz	de:12069:900220653::4	52.362405	12.973826		NO_MATCH_AND_SEEMS_UNSERVED								POINT(12.973826 52.362405)
423	Geltow	Friedhof	de:12069:900220656::1	52.367275	12.955303	bus	MATCHED	n2142475967	3.9	0.83	Friedhof	610	Wildpark-West, Am Wasserwerk	Am Wasserwerk	LINESTRING(12.955303 52.367275,12.9553268 52.367306600000006)
424	Geltow	Friedhof	de:12069:900220656::2	52.36713	12.955257	bus	MATCHED	n1782388648	7.4	0.74	Friedhof	610	Geltow, Am Mühlenberg	Am Mühlenberg	LINESTRING(12.955257 52.36713,12.955182200000001 52.3671786)
425	Geltow	Schäfereistr. 	de:12069:900220604::1	52.363119	12.979277	bus	MATCHED	n915253744	7.4	0.65	Schäfereistraße	580,631	Geltow, Ferdinand-Wimmer-Platz	Ferdinand-Wimmer-Platz	LINESTRING(12.979277 52.363119,12.979193 52.363161100000006)
426	Geltow	Schäfereistr. 	de:12069:900220604::2	52.363079	12.981238	bus	MATCHED	n430866199	11.9	0.58	Schäfereistraße	580,631	Geltow, Kuckucksweg / Potsdam, Zum Bahnhof Pirschheide	Zum Bahnhof Pirschheide / Kuckucksweg	LINESTRING(12.981238 52.363079,12.9814035 52.363044800000004)
427	Glindow	Alpenstr. 	de:12069:900220671::1	52.358532	12.909134		NO_MATCH_AND_SEEMS_UNSERVED								POINT(12.909134 52.358532)
428	Glindow	Alpenstr. 	de:12069:900220671::2	52.357433	12.908998	bus	MATCHED	n2979274544	0.6	0.77	Alpenstraße	633,641	Glindow, Mühlensteig	Mühlensteig	LINESTRING(12.908998 52.357433,12.908997900000001 52.357428000000006)
429	Glindow	Alpenstr. 	de:12069:900220671::3	52.358061	12.908861	bus	MATCHED	n376294268	3.2	0.56	Alpenstraße	633,635,641	Glindow, Dr.-Wolff-Str. / Glindow, Friedrich-Ebert-Str. / Glindow, Mühlensteig	Dr.-Wolff-Straße / Friedrich-Ebert-Straße / Mühlensteig	LINESTRING(12.908861 52.358061,12.9088551 52.358032900000005)
430	Glindow	Dr. -Wolff-Str. 	de:12069:900220669::1	52.371468	12.89666	bus	MATCHED	n2186981607	3.6	0.68	Dr.-Wolff-Straße	580,635	Plessow, Morgenstücke/B1	Morgenstücke/B1	LINESTRING(12.89666 52.371468,12.896638900000001 52.3714974)
431	Glindow	Dr. -Wolff-Str. 	de:12069:900220669::2	52.371208	12.897384	bus	MATCHED	n11844879165	8.9	0.58	Dr.-Wolff-Straße	580,635	Werder (Havel), Glindower Eck / Glindow, Kirche	Kirche / Glindower Eck	LINESTRING(12.897384 52.371208,12.8974904 52.37116210000001)
432	Glindow	Elisabethhöhe	de:12069:900220674::1	52.340176	12.883775	bus	MATCHED	n2574107886	1.5	0.91	Glindow Elisabethhöhe	633	Glindow, Kindergarten	Glindow Kindergarten	LINESTRING(12.883775 52.340176,12.8837928 52.3401836)
433	Glindow	Elisabethhöhe	de:12069:900220674::2	52.340154	12.884252	bus	MATCHED	n375849347	1.5	0.91	Glindow Elisabethhöhe	633	Glindow, Petzower Str.	Glindow Petzower Straße	LINESTRING(12.884252 52.340154,12.8842434 52.340141900000006)
434	Glindow	Friedrich-Ebert-Str. 	de:12069:900220672::1	52.350657	12.904572	bus	MATCHED	n2187006371	11.0	0.58	Friedrich-Ebert-Straße	633,641	Glindow, Resi-Salomon-Str. / Glindow, Jägerstr.	Jägerstraße	LINESTRING(12.904572 52.350657,12.904489600000002 52.350571900000006)
435	Glindow	Friedrich-Ebert-Str. 	de:12069:900220672::2	52.350856	12.904867	bus	MATCHED	w710616328	8.2	0.62	Friedrich-Ebert-Straße	633,641	Glindow, Alpenstr.	Alpenstraße	LINESTRING(12.904867 52.350856,12.9048262 52.350786250000006)
436	Glindow	Jägerstr. 	de:12069:900220675::1	52.343741	12.898444	bus	MATCHED	n2979274543	4.6	0.69	Jägerstraße	613,633,641	Ferch, Kammerode / Klaistow, Spargelhof / Glindow, Petzower Str.	Glindow Petzower Straße / Spargelhof / Kammerode	LINESTRING(12.898444 52.343741,12.898383200000001 52.34372380000001)
437	Glindow	Jägerstr. 	de:12069:900220675::2	52.343925	12.898749	bus	MATCHED	n2979274545	1.7	0.77	Jägerstraße	613,633,641	Glindow, Resi-Salomon-Str. / Glindow, Friedrich-Ebert-Str.	Friedrich-Ebert-Straße	LINESTRING(12.898749 52.343925,12.898749400000002 52.3439095)
438	Glindow	Karl-Liebknecht-Str. 	de:12069:900220721::1	52.346864	12.88313		NO_MATCH_AND_SEEMS_UNSERVED								POINT(12.88313 52.346864)
439	Glindow	Karl-Liebknecht-Str. 	de:12069:900220721::2	52.346945	12.883154		NO_MATCH_AND_SEEMS_UNSERVED								POINT(12.883154 52.346945)
440	Glindow	Kindergarten	de:12069:900220676::1	52.33954	12.871246	bus	MATCHED	n2574110319	9.8	0.69	Glindow Kindergarten	633	Bliesendorf, Lange Str.	Lange Straße	LINESTRING(12.871246 52.33954,12.8713867 52.339556400000006)
441	Glindow	Kindergarten	de:12069:900220676::2	52.339497	12.871552	bus	MATCHED	n2574110320	9.6	0.7	Glindow Kindergarten	633	Glindow, Elisabethhöhe	Glindow Elisabethhöhe	LINESTRING(12.871552 52.339497,12.871693400000002 52.339498400000004)
442	Glindow	Kirche	de:12069:900220670::1	52.364968	12.909748	bus	MATCHED	n2574107888	2.4	0.88	Kirche	633,635,641	Glindow, Mühlensteig / Glindow, Alpenstr.	Alpenstraße / Mühlensteig	LINESTRING(12.909748 52.364968,12.909725300000002 52.3649841)
443	Glindow	Kirche	de:12069:900220670::2	52.365262	12.90992	bus	MATCHED	n376294776	7.3	0.74	Kirche	633,635,641	Glindow, Sportplatz	Sportplatz	LINESTRING(12.90992 52.365262,12.909941400000001 52.36532630000001)
444	Glindow	Mühlensteig	de:12069:900220698::1	52.36144	12.909105	bus	MATCHED	n4872293480	4.4	0.81	Mühlensteig	633,635,641	Glindow, Alpenstr.	Alpenstraße	LINESTRING(12.909105 52.36144,12.909074100000002 52.361474900000005)
445	Glindow	Mühlensteig	de:12069:900220698::2	52.361211	12.909234	bus	MATCHED	n4872293479	5.8	0.77	Mühlensteig	633,635,641	Glindow, Kirche	Kirche	LINESTRING(12.909234 52.361211,12.9092645 52.361162)
446	Glindow	Petzower Str. 	de:12069:900220673::1	52.340615	12.893098	bus	MATCHED	n2574107890	3.9	0.73	Glindow Petzower Straße	633	Glindow, Elisabethhöhe	Glindow Elisabethhöhe	LINESTRING(12.893098 52.340615,12.893150700000001 52.3406287)
447	Glindow	Petzower Str. 	de:12069:900220673::2	52.340614	12.894033	bus	MATCHED	n2574107887	3.1	0.75	Glindow Petzower Straße	633	Glindow, Jägerstr.	Jägerstraße	LINESTRING(12.894033 52.340614,12.893990800000001 52.340603200000004)
448	Glindow	Resi-Salomon-Str. 	de:12069:900220722::1	52.348186	12.904943	bus	MATCHED	n9345987542	0.0	0.81	Resi-Salomon-Straße	613,633	Glindow, Friedrich-Ebert-Str. / Glindow, Jägerstr.		LINESTRING(12.904943 52.348186,12.904943000000001 52.348186000000005)
449	Glindow	Sportplatz	de:12069:900220684::1	52.368658	12.910739	bus	MATCHED	n4872293478	0.0	0.97	Sportplatz	633,635,641	Glindow, Kirche	Kirche	LINESTRING(12.910739 52.368658,12.910739000000001 52.368658)
450	Glindow	Sportplatz	de:12069:900220684::2	52.368001	12.910694	bus	MATCHED	n4872293477	0.6	0.94	Sportplatz	633,635,641	Werder (Havel), Glindower Eck	Glindower Eck	LINESTRING(12.910694 52.368001,12.9107029 52.368003)
451	Glindow	Ziemensstr. 	de:12069:900220720::1	52.356214	12.899594		NO_MATCH_AND_SEEMS_UNSERVED								POINT(12.899594 52.356214)
452	Glindow	Ziemensstr. 	de:12069:900220720::2	52.356198	12.899707		NO_MATCH_AND_SEEMS_UNSERVED								POINT(12.899707 52.356198)
453	Golzow (PM)	Anger	de:12069:900222084::1	52.277371	12.60187	bus	MATCHED	w1312189391	18.4	0.42	Anger	542,551,580,581	Golzow (PM), Lehniner Str. / Golzow (PM), Belziger Str. / Golzow (PM), Brandenburger Str.	Belziger Straße / Lehniner Straße / Brandenburger Straße	LINESTRING(12.60187 52.277371,12.602125000000001 52.2774257)
454	Golzow (PM)	Anger	de:12069:900222084::2	52.277671	12.60234		NO_MATCH_AND_SEEMS_UNSERVED								POINT(12.60234 52.277671)
455	Golzow (PM)	Belziger Str. 	de:12069:900220168::1	52.273634	12.597812	bus	MATCHED	n3636931593	10.0	0.58	Belziger Straße	580,581	Golzow (PM), Anger	Anger	LINESTRING(12.597812 52.273634,12.597847000000002 52.27354690000001)
456	Golzow (PM)	Belziger Str. 	de:12069:900220168::2	52.274258	12.597636	bus	MATCHED	n3636922991	6.2	0.65	Belziger Straße	580,581	Golzow (PM), Müggenburg	Müggenburg	LINESTRING(12.597636 52.274258,12.5976549 52.2742032)
457	Golzow (PM)	Brandenburger Str. 	de:12069:900222186::1	52.282862	12.603293	bus	MATCHED	w1125785728	12.4	0.55	Brandenburger Straße	542,551,581	Golzow (PM), Schule / Golzow (PM), Pernitz	Pernitz	LINESTRING(12.603293 52.282862,12.60335555 52.2827573)
458	Golzow (PM)	Brandenburger Str. 	de:12069:900222186::2	52.282966	12.603133	bus	MATCHED	w1125785727	6.5	0.65	Brandenburger Straße	542,551,580,581	Golzow (PM), Anger / Golzow (PM), Lehniner Str.	Anger	LINESTRING(12.603133 52.282966,12.603089350000001 52.28301785000001)
459	Golzow (PM)	Brücker Str. 	de:12069:900220360::1	52.278161	12.606641		NO_MATCH_AND_SEEMS_UNSERVED								POINT(12.606641 52.278161)
460	Golzow (PM)	Brücker Str. 	de:12069:900220360::2	52.278233	12.606759		NO_MATCH_AND_SEEMS_UNSERVED								POINT(12.606759 52.278233)
461	Golzow (PM)	Lehniner Str. 	de:12069:900222085::1	52.279418	12.608247	bus	MATCHED	w1125785731	4.9	0.63	Lehniner Straße	542,580	Oberjünne, Forsthaus / Oberjünne, Dorf / Oberjünne, Dorf	Forsthaus / Dorf	LINESTRING(12.608247 52.279418,12.60817625 52.27941215)
462	Golzow (PM)	Lehniner Str. 	de:12069:900222085::2	52.279387	12.607899	bus	MATCHED	w1125785732	3.7	0.66	Lehniner Straße	542,580	Golzow (PM), Brandenburger Str. / Golzow (PM), Anger	Anger / Brandenburger Straße	LINESTRING(12.607899 52.279387,12.60792585 52.279415900000004)
463	Golzow (PM)	Müggenburg	de:12069:900222086::1	52.258398	12.598711	bus	MATCHED	n362552520	32.3	0.47	Müggenburg	580,581	Golzow (PM), Belziger Str.	Belziger Straße	LINESTRING(12.598711 52.258398,12.598703100000002 52.2581075)
464	Golzow (PM)	Müggenburg	de:12069:900222086::2	52.257882	12.598593	bus	MATCHED	n362552526	9.9	0.69	Müggenburg	580,581	Ragösen, Ambulatorium	Ambulatorium	LINESTRING(12.598593 52.257882,12.5985847 52.2579706)
465	Golzow (PM)	Pernitz	de:12069:900222087::1	52.290972	12.601496	bus	MATCHED	w1126639277	7.0	0.72	Pernitz	551,581	Golzow (PM), Brandenburger Str. / Golzow (PM), Schule	Schule / Brandenburger Straße	LINESTRING(12.601496 52.290972,12.60143935 52.291024500000006)
466	Golzow (PM)	Pernitz	de:12069:900222087::2	52.290813	12.601552	bus	MATCHED	w1126639275	7.5	0.71	Pernitz	551,581	Rotscherlinde / Rotscherlinde	Rotscherlinde	LINESTRING(12.601552 52.290813,12.601573850000001 52.29074730000001)
467	Golzow (PM)	Schule	de:12069:900222088::1	52.28378	12.599606	bus	MATCHED	w1125785724	2.8	0.77	Schule	542,551,580	Golzow (PM), Pernitz / Golzow (PM), Brandenburger Str.	Brandenburger Straße	LINESTRING(12.599606 52.28378,12.599606600000001 52.283805050000005)
468	Gortz	Am Flachsberg	de:12069:900220292::1	52.508531	12.653547	bus	MATCHED	n3631044466	1.7	0.9	Am Flachsberg	569	Bollmannsruh	Bollmannsruh	LINESTRING(12.653547 52.508531,12.6535512 52.5085155)
469	Gortz	Am Flachsberg	de:12069:900220292::2	52.508624	12.653551	bus	MATCHED	n3631044465	0.2	0.97	Am Flachsberg	569	Gortz, Dorf	Gortz, Dorf	LINESTRING(12.653551 52.508624,12.6535518 52.5086255)
470	Gortz	Dorf	de:12069:900220291::1	52.512353	12.644599	bus	MATCHED	n3631032706	1.9	0.89	Gortz, Dorf	569	Gortz, Am Flachsberg	Am Flachsberg	LINESTRING(12.644599 52.512353,12.6445874 52.5123371)
471	Gortz	Dorf	de:12069:900220291::2	52.512585	12.644203	bus	MATCHED	n3631032708	2.5	0.87	Gortz, Dorf	569	Gortz, Kirche / Ketzür, Dorf	Ketzür / Kirche	LINESTRING(12.644203 52.512585,12.6442385 52.512578600000005)
472	Gortz	Kirche	de:12069:900220295::1	52.51436	12.64233	bus	MATCHED	n3631205078	7.0	0.63	Kirche	569	Ketzür, Dorf / Gortz, Dorf	Ketzür	LINESTRING(12.64233 52.51436,12.6422269 52.514364400000005)
473	Groß Briesen (PM)	Alte Försterei	de:12069:900222260::1	52.253809	12.462309	bus	MATCHED	n8485221723	5.6	0.67	Alte Försterei	559,596	Groß Briesen (PM), Dorf		LINESTRING(12.462309 52.253809,12.4623915 52.253812100000005)
474	Groß Briesen (PM)	Alte Försterei	de:12069:900222260::2	52.253803	12.462287	bus	NO_MATCH_BUT_OTHER_PLATFORM_MATCHED					559,596	Wollin (PM), Schule / Wollin (PM), Abzweig Friesdorf / Wollin (PM), Abzweig Friesdorf		POINT(12.462287 52.253803)
475	Groß Briesen (PM)	Dorf	de:12069:900222090::1	52.24777	12.486212	bus	MATCHED	n8483813754	4.1	0.64	Groß Briesen	559,596	Groß Briesen (PM), Dorf / Klein Briesen (PM)		LINESTRING(12.486212 52.24777,12.4862547 52.2477439)
476	Groß Briesen (PM)	Dorf	de:12069:900222090::2	52.247698	12.486486	bus	MATCHED	n8483813753	16.6	0.38	Groß Briesen	559,596	Groß Briesen (PM), Alte Försterei		LINESTRING(12.486486 52.247698,12.4863269 52.2478112)
477	Groß Kreutz	Ausbau	de:12069:900220701::1	52.407358	12.734878	bus	MATCHED	n12543222074	73.5	1.0	Ausbau	556	Jeserig (bei Götz), Abzweig Schenkenberg	Abzweig Schenkenberg	LINESTRING(12.734878 52.407358,12.735950500000001 52.407284800000006)
478	Groß Kreutz	Ausbau	de:12069:900220701::2	52.407285	12.735703	bus	MATCHED	n2566129316	52.5	1.0	Ausbau	556	Groß Kreutz, Schule	Schule / Post	LINESTRING(12.735703 52.407285,12.734937 52.407336400000005)
479	Groß Kreutz	Bahnhof	de:12069:900220699:1:50	52.410935	12.777052	train	MATCHED	n4713057979	28.0	0.43	Groß Kreutz	RE1	Werder (Havel), Bahnhof	Werder (Havel)	LINESTRING(12.777052 52.410935,12.776640700000002 52.41092140000001)
480	Groß Kreutz	Bahnhof	de:12069:900220699:2:51	52.411068	12.777027	train	MATCHED	n4713057980	20.2	0.31	Groß Kreutz	RE1	Götz, Bahnhof / Werder (Havel), Bahnhof	Götz	LINESTRING(12.777027 52.411068,12.7773214 52.4110888)
481	Groß Kreutz	Bahnhof	de:12069:900220699::1	52.41064	12.7762	bus	MATCHED	w786206380	6.2	0.65	Bahnhof	550,635	Groß Kreutz, Post / Krielow, Chausseestr.	Post / Chausseestraße	LINESTRING(12.7762 52.41064,12.77627125 52.410674150000006)
482	Groß Kreutz	Bahnhof	de:12069:900220699::2	52.41116	12.775961	bus	MATCHED	n2188406328	2.2	0.88	Bahnhof	635	Groß Kreutz, Bahnhof	Bahnhof	LINESTRING(12.775961 52.41116,12.775973 52.411142000000005)
483	Groß Kreutz	Mühlenstr. 	de:12069:900220696::1	52.401899	12.789026	bus	MATCHED	n2188348055	7.2	0.65	Mühlenstraße	550,635	Groß Kreutz, Schule / Groß Kreutz, Post	Post / Schule	LINESTRING(12.789026 52.401899,12.788937 52.40193360000001)
484	Groß Kreutz	Mühlenstr. 	de:12069:900220696::2	52.401816	12.789353	bus	MATCHED	n2188347993	12.3	0.57	Mühlenstraße	550,635	Bochow-Bruch / Bochow (PM), Triftstr.	Bochow-Bruch / Triftstraße	LINESTRING(12.789353 52.401816,12.789499600000001 52.4017519)
485	Groß Kreutz	Post	de:12069:900220697::1	52.404343	12.776519	bus	MATCHED	n2188348002	0.4	0.95	Post	550,635	Groß Kreutz, Bahnhof	Bahnhof	LINESTRING(12.776519 52.404343,12.7765184 52.404347)
486	Groß Kreutz	Post	de:12069:900220697::2	52.404565	12.77639	bus	MATCHED	n2188348027	31.8	0.48	Post	550,635	Groß Kreutz, Mühlenstr. / Bochow (PM), Triftstr. / Groß Kreutz, Schule	Mühlenstraße / Schule	LINESTRING(12.77639 52.404565,12.7764337 52.4042809)
487	Groß Kreutz	Post	de:12069:900220697::3	52.403131	12.779402		NO_MATCH_AND_SEEMS_UNSERVED								POINT(12.779402 52.403131)
488	Groß Kreutz	Post	de:12069:900220697::4	52.403024	12.779411		NO_MATCH_AND_SEEMS_UNSERVED								POINT(12.779411 52.403024)
489	Groß Kreutz	Schule	de:12069:900220702::1	52.399741	12.787159	bus	MATCHED	n2188355274	0.7	0.91	Schule	550,556,635	Groß Kreutz, Mühlenstr. / Groß Kreutz, Ausbau / Neu Bochow, Lehniner Chaussee / Groß Kreutz, Post	Mühlenstraße / Ausbau / Post	LINESTRING(12.787159 52.399741,12.7871649 52.399745900000006)
490	Groß Kreutz (Havel)	Bochow-Bruch	de:12069:900220691::1	52.400075	12.804014	bus	MATCHED	n2188348014	2.0	0.89	Bochow-Bruch	635	Groß Kreutz, Mühlenstr.	Mühlenstraße	LINESTRING(12.804014 52.400075,12.803997200000001 52.400089200000004)
491	Groß Kreutz (Havel)	Bochow-Bruch	de:12069:900220691::2	52.400113	12.803243	bus	MATCHED	w786206398	2.9	0.86	Bochow-Bruch	635	Derwitz, B1/Dorfstr.	B1/Dorfstraße	LINESTRING(12.803243 52.400113,12.803202224327654 52.400104183569816)
492	Groß Kreutz (Havel)	Götzer Berge	de:12069:900220208::1	52.441416	12.735601	bus	MATCHED	n747088538	7.6	0.61	Götzer Berge	556	Götz, Waldweg		LINESTRING(12.735601 52.441416,12.7356557 52.4413561)
493	Grubo	Ausbau	de:12069:900222256::1	52.078212	12.514601	bus	NO_MATCH					572,591	Welsigke		POINT(12.514601 52.078212)
494	Grubo	Ausbau	de:12069:900222256::2	52.078244	12.514837	bus	NO_MATCH					591	Grubo		POINT(12.514837 52.078244)
495	Gräben	Hohenspringe	de:12069:900222098::1	52.210543	12.450613	bus	NO_MATCH_BUT_OTHER_PLATFORM_MATCHED					593	Dahlen, ASB		POINT(12.450613 52.210543)
496	Gräben	Hohenspringe	de:12069:900222098::2	52.210508	12.450652	bus	MATCHED	n1118941467	1.5	0.86	Hohenspringe	559,593	Egelinde		LINESTRING(12.450652 52.210508,12.4506496 52.2105218)
497	Gräben	Lindenstr. 	de:12069:900220388	52.230853	12.422125		MATCHED_AMBIGUOUSLY	n8483813745	19.8	0.27	Gräben, Lindenstraße				LINESTRING(12.422125 52.230853,12.4224066 52.23080950000001)
498	Gräben	Lindenstr. 	de:12069:900220388	52.230853	12.422125		MATCHED_AMBIGUOUSLY	n8483813744	16.0	0.31	Gräben, Lindenstraße				LINESTRING(12.422125 52.230853,12.4219244 52.230927400000006)
499	Gräben	Mühlendamm	de:12069:900220230::1	52.23201	12.425645	bus	MATCHED	n8483813748	4.5	0.71	Gräben, Mühlendamm	559,596	Gräben, Wiesenweg / Gräben, Lindenstr.		LINESTRING(12.425645 52.23201,12.425672 52.2320469)
500	Gräben	Mühlendamm	de:12069:900220230::2	52.231981	12.425704	bus	MATCHED	n8483813747	12.4	0.5	Gräben, Mühlendamm	559,593,596	Wollin (PM), Abzweig Friesdorf		LINESTRING(12.425704 52.231981,12.4258687 52.23202800000001)
501	Gräben	Rottstock	de:12069:900220267::1	52.198451	12.352458	bus	MATCHED	n3500926189	1.8	0.84	Rottstock (bei Ziesar)	588,593	Buckau (PM), Birkenreismühle	Abzweig Dretzen	LINESTRING(12.352458 52.198451,12.3524443 52.1984648)
502	Gräben	Rottstock	de:12069:900220267::2	52.198498	12.352268	bus	MATCHED	n3500920981	0.4	0.93	Rottstock (bei Ziesar)	588,593	Görzke, Weinbergstr.	Weinbergstraße	LINESTRING(12.352268 52.198498,12.352267300000001 52.1984944)
503	Gräben	Wiesenweg	de:12069:900222153::1	52.220591	12.425368	bus	NO_MATCH					559,593	Dahlen, Abzweig / Gräben, Mühlendamm		POINT(12.425368 52.220591)
504	Göhlsdorf	Autobahn	de:12069:900222073::1	52.36062	12.813226	bus	MATCHED	n417283672	3.4	0.76	Autobahn	552,580	Plötzin, Ortsmitte	Ortsmitte	LINESTRING(12.813226 52.36062,12.813252400000001 52.3605942)
505	Göhlsdorf	Autobahn	de:12069:900222073::2	52.360557	12.812637	bus	MATCHED	n417283673	17.0	0.43	Autobahn	552,580	Göhlsdorf, Ortsmitte / Göhlsdorf, Ortsmitte	Ortsmitte	LINESTRING(12.812637 52.360557,12.8128557 52.360631100000006)
506	Göhlsdorf	Lehniner Allee	de:12069:900222273::1	52.357346	12.795992	bus	MATCHED_THOUGH_REVERSED_DIR	n12999799031	104.4	0.06	Lehniner Allee	552	Damsdorf (PM), Berliner Str.	Göhlsdorfer Straße	LINESTRING(12.795992 52.357346,12.7949155 52.356679400000004)
507	Göhlsdorf	Lehniner Allee	de:12069:900222273::2	52.357417	12.796204	bus	MATCHED	n13356283145	85.3	0.32	Lehniner Allee	552	Göhlsdorf, Ortsmitte	Ortsmitte	LINESTRING(12.796204 52.357417,12.7953541 52.3568543)
508	Göhlsdorf	Ortsmitte	de:12069:900222074::1	52.360681	12.800789	bus	MATCHED	n3637122174	6.1	0.77	Ortsmitte	580	Göhlsdorf, Autobahn	Autobahn	LINESTRING(12.800789 52.360681,12.8007012 52.360672300000004)
509	Göhlsdorf	Ortsmitte	de:12069:900222074::2	52.360698	12.800373	bus	MATCHED	n3637122173	23.3	0.53	Ortsmitte	580	Damsdorf (PM), Kindergarten	Kindergarten	LINESTRING(12.800373 52.360698,12.800703100000002 52.360750900000006)
510	Gömnigk	Kirche	de:12069:900222076::1	52.169165	12.735537	bus	MATCHED	n10287372436	1.9	0.89	Kirche	540	Trebitz (PM) / Brück, Rottstock	Trebitz / Rottstock	LINESTRING(12.735537 52.169165,12.7355227 52.169150200000004)
511	Gömnigk	Kirche	de:12069:900222076::2	52.169369	12.735615	bus	MATCHED	n10273545746	0.7	0.94	Kirche	540	Brück, Rottstock / Gömnigk, Trebitzer Weg / Trebitz (PM)	Trebitzer Weg	LINESTRING(12.735615 52.169369,12.7356052 52.1693681)
512	Gömnigk	Trebitzer Weg	de:12069:900222075::1	52.167173	12.729737	bus	MATCHED	n6766641672	80.3	0.32	Trebitzer Weg	540	Neschholz, Ortsmitte / Neschholz, Ortsmitte	Ortsmitte	LINESTRING(12.729737 52.167173,12.730712700000002 52.1675729)
513	Gömnigk	Trebitzer Weg	de:12069:900222075::2	52.167135	12.729899	bus	MATCHED	n6766641673	123.3	0.27	Trebitzer Weg	540	Gömnigk, Kirche	Kirche	LINESTRING(12.729899 52.167135,12.731443200000001 52.1677054)
514	Görzke	Abzweig Struvenberg	de:12069:900222077::1	52.196813	12.391209	bus	MATCHED	n11993597986	7.8	0.6	Abzweig Struvenberg	559	Dahlen, Abzweig / Görzke, Holzplatz		LINESTRING(12.391209 52.196813,12.3911254 52.196764900000005)
515	Görzke	Breite Str. 	de:12069:900222079::1	52.172111	12.371873	bus	MATCHED	n3500890818	2.4	0.56	Breite Straße	559,588,593,596	Görzke, Holzplatz / Dahlen, ASB / Dangelsdorf / Dahlen, Abzweig / Görzke, Chausseestr. / Görzke, Schule / Görzke, Weinbergstr.	Chausseestraße / Am Spring / Weinbergstraße / Holzplatz	LINESTRING(12.371873 52.172111,12.3718786 52.1720898)
516	Görzke	Breite Str. 	de:12069:900222079::2	52.172223	12.371489	bus	MATCHED	n3483864468	4.3	0.65	Breite Straße	559,588,593,596	Wutzow / Hohenlobbese / Reppinichen	Hohenlobbese / Reppinichen	LINESTRING(12.371489 52.172223,12.371450900000001 52.172253600000005)
517	Görzke	Chausseestr. 	de:12069:900222080::1	52.168379	12.378289	bus	MATCHED	n3597850514	6.5	0.5	Chausseestraße	588	Görzke, Breite Str.		LINESTRING(12.378289 52.168379,12.3783311 52.1683266)
518	Görzke	Chausseestr. 	de:12069:900222080::2	52.168975	12.37749	bus	MATCHED	n3597850512	12.2	0.56	Chausseestraße	588,593	Börnecke, Ortsmitte / Börnecke, B107	Ortsmitte / Neuehütten	LINESTRING(12.37749 52.168975,12.377577400000002 52.1688794)
519	Görzke	Dangelsdorf	de:12069:900222058::1	52.171824	12.409886	bus	NO_MATCH_BUT_OTHER_PLATFORM_MATCHED					559,593	Görzke, Breite Str. / Görzke, Breite Str.		POINT(12.409886 52.171824)
520	Görzke	Dangelsdorf	de:12069:900222058::2	52.171742	12.410135	bus	MATCHED	n7404563157	5.8	0.67	Dangelsdorf	593	Benken, Am Spring	Am Spring / Breite Straße	LINESTRING(12.410135 52.171742,12.4100625 52.1717693)
521	Görzke	Hohenlobbese	de:12069:900222097::1	52.166674	12.27629	bus	MATCHED	n3500873487	1.9	0.83	Hohenlobbese	559,588,593	Görzke, Breite Str. / Wutzow	Breite Straße / Wutzow	LINESTRING(12.27629 52.166674,12.2762864 52.166656800000005)
522	Görzke	Holzplatz	de:12069:900222220::1	52.173873	12.37718	bus	MATCHED	n7385095742	2.7	0.86	Holzplatz	559	Görzke, Breite Str. / Görzke, Breite Str.	Weinbergstraße / Breite Straße	LINESTRING(12.37718 52.173873,12.3771442 52.17386260000001)
523	Görzke	Holzplatz	de:12069:900222220::2	52.173917	12.377416	bus	MATCHED	n7385095741	15.6	0.61	Holzplatz	559	Görzke, Abzweig Struvenberg	Schule	LINESTRING(12.377416 52.173917,12.3772666 52.173811500000006)
524	Görzke	Schule	de:12069:900222081::1	52.174578	12.379894	bus	MATCHED	n3671214918	10.6	0.54	Schule	588,593	Görzke, Breite Str. / Börnecke, Ortsmitte / Görzke, Weinbergstr.	Holzplatz	LINESTRING(12.379894 52.174578,12.3797703 52.1745205)
525	Görzke	Weinbergstr. 	de:12069:900220268::1	52.1751	12.373763	bus	MATCHED	n3500907975	3.9	0.69	Weinbergstraße	588,593	Rottstock	Rottstock (bei Ziesar)	LINESTRING(12.373763 52.1751,12.373819600000001 52.175097400000006)
526	Görzke	Weinbergstr. 	de:12069:900220268::2	52.175649	12.372782	bus	MATCHED	n3500907974	7.1	0.62	Weinbergstraße	588,593	Görzke, Breite Str. / Börnecke, B107 / Bad Belzig, Busbahnhof / Görzke, Breite Str. / Görzke, Schule	Chausseestraße / Breite Straße / Holzplatz	LINESTRING(12.372782 52.175649,12.372679000000002 52.1756401)
527	Görzke	Wutzow	de:12069:900222212::1	52.166086	12.308103	bus	MATCHED	n3500852152	9.1	0.7	Wutzow	588,593	Hohenlobbese	Hohenlobbese	LINESTRING(12.308103 52.166086,12.308085700000001 52.166167300000005)
528	Görzke	Wutzow	de:12069:900222212::2	52.166078	12.307936	bus	MATCHED	n3500852151	10.1	0.69	Wutzow	559,588	Reppinichen	Reppinichen	LINESTRING(12.307936 52.166078,12.307971 52.1659901)
529	Götz	Bahnhof	de:12069:900220182:1:50	52.411216	12.725938	train	MATCHED	n4711883581	26.3	0.34	Götz	RE1	Brandenburg, Hauptbahnhof / Brandenburg, Hauptbahnhof	Brandenburg Hauptbahnhof	LINESTRING(12.725938 52.411216,12.725553000000001 52.4112384)
530	Götz	Bahnhof	de:12069:900220182:2:51	52.41115	12.725838	train	MATCHED	n2067207676	53.7	0.26	Götz	RE1	Groß Kreutz, Bahnhof / Groß Kreutz, Bahnhof	Groß Kreutz	LINESTRING(12.725838 52.41115,12.726618100000001 52.4110808)
531	Götz	Bahnhof	de:12069:900220204::1	52.410726	12.727692	bus	MATCHED	n2195548295	4.6	1.0	Bahnhof	554,556,557	Jeserig (bei Götz), Schule / Jeserig (bei Götz), Abzweig Schenkenberg / Götz, Deetzer Weg / Jeserig (bei Götz), Dorf	Ausbau / Schule / Deetzer Weg / Dorf / Abzweig Schenkenberg	LINESTRING(12.727692 52.410726,12.7276491 52.410757700000005)
532	Götz	Bahnhof	de:12069:900220204::2	52.410149	12.729421		NO_MATCH_AND_SEEMS_UNSERVED								POINT(12.729421 52.410149)
533	Götz	Deetzer Weg	de:12069:900220377::1	52.415473	12.724162	bus	MATCHED	n2510862097	36.0	0.45	Deetzer Weg	556,557	Götz, Zum Wachtelberg / Götz, Ortsmitte	Zum Wachtelberg	LINESTRING(12.724162 52.415473,12.723877300000002 52.4157458)
534	Götz	Deetzer Weg	de:12069:900220377::2	52.415606	12.723901	bus	MATCHED	n13118847180	4.1	0.73	Deetzer Weg	556,557	Götz, Bahnhof		LINESTRING(12.723901 52.415606,12.723890200000001 52.415570100000004)
535	Götz	Lerchenweg	de:12069:900220358::1	52.421828	12.715587	bus	MATCHED	n13118847188	12.9	0.64	Lerchenweg	556	Götz, Waldweg	Waldweg	LINESTRING(12.715587 52.421828,12.7155318 52.421939)
536	Götz	Lerchenweg	de:12069:900220358::2	52.42173	12.715512	bus	MATCHED	n13118847183	4.8	0.7	Lerchenweg	556	Götz, Ortsmitte		LINESTRING(12.715512 52.42173,12.7155506 52.421693600000005)
537	Götz	Ortsmitte	de:12069:900220206::1	52.41895	12.71886	bus	MATCHED_THOUGH_DISTANT	n13118847193	207.9	0.21	Ortsmitte	556	Götz, Lerchenweg		LINESTRING(12.71886 52.41895,12.7211768 52.4177333)
538	Götz	Ortsmitte	de:12069:900220206::2	52.418026	12.720405	bus	MATCHED	n2510863523	19.9	0.4	Ortsmitte	556	Götz, Deetzer Weg		LINESTRING(12.720405 52.418026,12.720594 52.4178895)
539	Götz	Waldweg	de:12069:900220207::1	52.4261	12.71256	bus	MATCHED	n3630708272	4.2	0.72	Waldweg	556	Götzer Berge		LINESTRING(12.71256 52.4261,12.7126187 52.4261117)
540	Götz	Waldweg	de:12069:900220207::2	52.426095	12.71252	bus	MATCHED	n3630708271	3.0	0.78	Waldweg	556	Götz, Lerchenweg		LINESTRING(12.71252 52.426095,12.7124819 52.4260807)
541	Götz	Zum Wachtelberg	de:12069:900220205::1	52.417734	12.732126	bus	NO_MATCH					557	Deetz (PM), Am Walde		POINT(12.732126 52.417734)
542	Götz	Zum Wachtelberg	de:12069:900220205::2	52.417701	12.731783	bus	NO_MATCH					557	Götz, Deetzer Weg		POINT(12.731783 52.417701)
543	Güterfelde	Alte Feldmark	de:12069:900220049::1	52.37897	13.181511	bus	MATCHED	n6612721837	25.5	0.35	Alte Feldmark	624	Güterfelde, Am Wiesengrund	Stolper Weg / Am Wiesengrund	LINESTRING(13.181511 52.37897,13.181138500000001 52.3789481)
544	Güterfelde	Alte Feldmark	de:12069:900220049::2	52.379005	13.181533	bus	NO_MATCH_BUT_OTHER_PLATFORM_MATCHED					624	Güterfelde, Stolper Weg		POINT(13.181533 52.379005)
545	Güterfelde	Altes Sägewerk	de:12069:900220052::1	52.372523	13.201524	bus	MATCHED	n1541511939	3.6	0.66	Sägewerk	627	Güterfelde, Berliner Str.	Berliner Straße	LINESTRING(13.201524 52.372523,13.2014794 52.372540400000005)
546	Güterfelde	Altes Sägewerk	de:12069:900220052::2	52.372363	13.201431	bus	MATCHED	n1541511929	5.0	0.63	Sägewerk	624,627	Stahnsdorf, Hildegardstr.	Hildegardstraße	LINESTRING(13.201431 52.372363,13.201490100000001 52.372388900000004)
547	Güterfelde	Am Wiesengrund	de:12069:900220060::1	52.378362	13.190711	bus	MATCHED	n6612721836	7.6	0.61	Am Wiesengrund	624	Stahnsdorf, Fasanenstr.	Heinrich-Zille-Straße	LINESTRING(13.190711 52.378362,13.190812900000001 52.378333600000005)
548	Güterfelde	Am Wiesengrund	de:12069:900220060::2	52.378435	13.19042	bus	MATCHED	n460320262	5.2	0.69	Am Wiesengrund	624	Güterfelde, Alte Feldmark	Friedenstraße	LINESTRING(13.19042 52.378435,13.190424400000001 52.3784818)
549	Güterfelde	Berliner Str. 	de:12069:900220055::1	52.36875	13.197299	bus	MATCHED	n474557748	8.0	0.6	Berliner Straße	627	Güterfelde, Kirchplatz	Kirchplatz	LINESTRING(13.197299 52.36875,13.1972097 52.368703200000006)
550	Güterfelde	Berliner Str. 	de:12069:900220055::2	52.367995	13.196519	bus	MATCHED	n474557746	4.2	0.68	Berliner Straße	624,627	Güterfelde, Altes Sägewerk	Sägewerk	LINESTRING(13.196519 52.367995,13.196508000000001 52.3679575)
551	Güterfelde	Friedenstr. 	de:12069:900220051::1	52.378355	13.167963	bus	MATCHED	n12389598802	3.7	0.68	Friedenstraße	601,624,N13,X1	Güterfelde, Kienwerder / Güterfelde, Stolper Weg	Am Wiesengrund / Heinrich-Zille-Straße / Kienwerder	LINESTRING(13.167963 52.378355,13.167989500000001 52.378325600000004)
552	Güterfelde	Friedenstr. 	de:12069:900220051::2	52.37788	13.16701	bus	MATCHED	n12389598801	4.1	0.67	Friedenstraße	601,624,N13,X1	Potsdam, Otto-Hahn-Ring / Potsdam, Stern-Center/Nuthestr. / Potsdam, Jagdhausstr. / Güterfelde, Priesterweg	Jagdhausstraße / Stern-Center/Nuthestraße / Priesterweg / Otto-Hahn-Ring	LINESTRING(13.16701 52.37788,13.166950700000001 52.3778766)
553	Güterfelde	Kienwerder	de:12069:900220050::1	52.380301	13.174104	bus	MATCHED	n1023216937	5.8	0.78	Kienwerder	601,N13,X1	Stahnsdorf, Meisenweg	Meisenweg	LINESTRING(13.174104 52.380301,13.174178900000001 52.3802761)
554	Güterfelde	Kienwerder	de:12069:900220050::2	52.380379	13.174256	bus	MATCHED	n10284649048	9.0	0.71	Kienwerder	601,N13,X1	Güterfelde, Friedenstr.	Friedenstraße	LINESTRING(13.174256 52.380379,13.1741933 52.3804498)
555	Güterfelde	Kirchplatz	de:12069:900220053::1	52.365317	13.195021	bus	MATCHED	n476280940	8.6	0.71	Kirchplatz	624,627	Schenkenhorst, Teltower Weg	Teltower Weg	LINESTRING(13.195021 52.365317,13.1949053 52.3652858)
556	Güterfelde	Kirchplatz	de:12069:900220053::2	52.365394	13.195166	bus	MATCHED	n11834455425	5.6	0.78	Kirchplatz	624,627	Güterfelde, Berliner Str. / Güterfelde, Priesterweg	Berliner Straße / Priesterweg	LINESTRING(13.195166 52.365394,13.1952251 52.365359500000004)
557	Güterfelde	Priesterweg	de:12069:900220057::1	52.371447	13.174175	bus	MATCHED	n1212683020	4.3	0.82	Priesterweg	624	Güterfelde, Friedenstr.	Friedenstraße	LINESTRING(13.174175 52.371447,13.174128900000001 52.3714731)
558	Güterfelde	Priesterweg	de:12069:900220057::2	52.371268	13.174669	bus	MATCHED	n3642137233	8.9	0.71	Priesterweg	624	Güterfelde, Kirchplatz	Kirchplatz	LINESTRING(13.174669 52.371268,13.174768400000001 52.3712163)
559	Güterfelde	Stolper Weg	de:12069:900220061::1	52.378579	13.177803	bus	NO_MATCH_BUT_OTHER_PLATFORM_MATCHED					624	Güterfelde, Alte Feldmark		POINT(13.177803 52.378579)
560	Güterfelde	Stolper Weg	de:12069:900220061::2	52.378609	13.177787	bus	MATCHED	n313330278	74.7	0.17	Stolper Weg	624	Güterfelde, Friedenstr.	Friedenstraße / Alte Feldmark	LINESTRING(13.177787 52.378609,13.1768049 52.378311100000005)
561	Hagelberg	Ortsmitte	de:12069:900222095::1	52.138967	12.519549	bus	MATCHED	n1581466687	1.9	0.89	Ortsmitte	555,587,588	Lübnitz, Ortsmitte / Lübnitz, Ausbau / Steindorf / Schmerwitz, Ortsmitte	Ortsmitte	LINESTRING(12.519549 52.138967,12.519577 52.1389671)
562	Hagelberg	Ortsmitte	de:12069:900222095::2	52.138795	12.519427	bus	MATCHED	n3486427482	8.3	0.72	Ortsmitte	555,587,588	Klein Glien / Klein Glien	Klein Glien	LINESTRING(12.519427 52.138795,12.519445600000001 52.1388684)
563	Hagelberg	Ortsmitte	de:12069:900222095::3	52.139957	12.5186		NO_MATCH_AND_SEEMS_UNSERVED								POINT(12.5186 52.139957)
564	Hagelberg	Ortsmitte	de:12069:900222095::4	52.139951	12.518687		NO_MATCH_AND_SEEMS_UNSERVED								POINT(12.518687 52.139951)
565	Havelsee	Kaltenhausen	de:12069:900220279::1	52.425517	12.435913	bus	MATCHED	n3632422004	6.3	0.76	Kaltenhausen	567	Brandenburg, Briester Weg	Briester Weg	LINESTRING(12.435913 52.425517,12.435826800000001 52.4254964)
566	Havelsee	Kaltenhausen	de:12069:900220279::2	52.425345	12.436031	bus	MATCHED	n3632422007	16.6	0.6	Kaltenhausen	567	Briest (PM), Mühlenweg	Mühlenweg	LINESTRING(12.436031 52.425345,12.4360028 52.4254935)
567	Havelsee	Krahnepuhl (bei Brandenburg)	de:12069:900220276::1	52.457602	12.438614	bus	MATCHED	n3632356220	2.0	0.89	Krahnepuhl (bei Brandenburg)	567	Briest (PM), Dorf	Briest (PM), Dorf	LINESTRING(12.438614 52.457602,12.438597600000001 52.457617400000004)
568	Havelsee	Krahnepuhl (bei Brandenburg)	de:12069:900220276::2	52.457373	12.438542	bus	MATCHED	n3632356221	15.8	0.61	Krahnepuhl (bei Brandenburg)	567	Tieckow, Wendestelle	Wendestelle	LINESTRING(12.438542 52.457373,12.438474900000001 52.457236800000004)
569	Havelsee	Marzahne	de:12069:900220283::1	52.51173	12.534221	bus	MATCHED	n319060370	6.1	0.77	Marzahne	564	Hohenferchesar, Dorf	Hohenferchesar, Dorf	LINESTRING(12.534221 52.51173,12.534294000000001 52.5116978)
570	Havelsee	Marzahne	de:12069:900220283::2	52.511918	12.534119	bus	MATCHED	n3625331769	6.0	0.77	Marzahne	564	Radewege, Siedlung / Radewege, Dorf	Radewege, Dorf / Radewege, Siedlung	LINESTRING(12.534119 52.511918,12.5340605 52.5119589)
571	Hohenferchesar	Abzweig	de:12069:900220284::1	52.508739	12.488011		NO_MATCH_AND_SEEMS_UNSERVED								POINT(12.488011 52.508739)
572	Hohenferchesar	Abzweig	de:12069:900220284::2	52.508697	12.487845		NO_MATCH_AND_SEEMS_UNSERVED								POINT(12.487845 52.508697)
573	Hohenferchesar	Dorf	de:12069:900220285::1	52.497381	12.499755	bus	MATCHED	n3625312006	3.7	0.75	Hohenferchesar, Dorf	564	Pritzerbe, Marzahner Chaussee / Marzahne	Marzahne / Marzahner Chaussee	LINESTRING(12.499755 52.497381,12.4998087 52.4973785)
574	Hohenwerbig	Ausbau	de:12069:900222264::1	52.051372	12.700851	bus	MATCHED	n11795746786	0.0	0.97	Ausbau	583	Hohenwerbig	Hohenwerbig	LINESTRING(12.700851 52.051372,12.700851 52.051372)
575	Jeserig (bei Götz)	Abzweig Schenkenberg	de:12069:900220202::1	52.4093	12.717536	bus	MATCHED	n2582817776	15.3	0.61	Abzweig Schenkenberg	554,556,557	Groß Kreutz, Ausbau / Götz, Bahnhof / Jeserig (bei Götz), Schule	Bahnhof / Ausbau / Schule	LINESTRING(12.717536 52.4093,12.7175197 52.4091627)
576	Jeserig (bei Götz)	Abzweig Schenkenberg	de:12069:900220202::2	52.409195	12.717421	bus	MATCHED	n2582817764	9.4	0.7	Abzweig Schenkenberg	554,556,557	Jeserig (bei Götz), Siedlung	Siedlung	LINESTRING(12.717421 52.409195,12.717319600000002 52.4091372)
577	Jeserig (bei Götz)	Dorf	de:12069:900220203::1	52.410903	12.697282	bus	MATCHED	n2195858500	14.3	0.63	Dorf	554,556,557	Götz, Bahnhof / Jeserig (bei Götz), Abzweig Schenkenberg	Dorf / Abzweig Schenkenberg / Bahnhof	LINESTRING(12.697282 52.410903,12.697492100000002 52.410901900000006)
578	Jeserig (bei Götz)	Dorf	de:12069:900220203::2	52.410946	12.696818	bus	MATCHED	n2195858485	1.7	0.9	Dorf	554	Wust, Einkaufszentrum / Brandenburg, Berliner Str.	Einkaufszentrum	LINESTRING(12.696818 52.410946,12.6968055 52.4109592)
579	Jeserig (bei Götz)	Schule	de:12069:900222223::1	52.412924	12.695092	bus	MATCHED	n2195858492	4.8	0.7	Schule	554,556,557	Jeserig (bei Götz), Dorf / Wust, Einkaufszentrum	Einkaufszentrum / Dorf / Berliner Straße	LINESTRING(12.695092 52.412924,12.695113000000001 52.412965)
580	Jeserig (bei Götz)	Siedlung	de:12069:900222222::1	52.403797	12.715343	bus	MATCHED	n2195933582	9.1	0.71	Siedlung	554,556,557	Jeserig (bei Götz), Abzweig Schenkenberg	Abzweig Schenkenberg	LINESTRING(12.715343 52.403797,12.715337000000002 52.4037153)
581	Jeserig (bei Götz)	Siedlung	de:12069:900222222::2	52.402994	12.714938	bus	MATCHED	n2195933612	2.3	0.88	Siedlung	554,556,557	Schenkenberg (bei Götz), Dorf / Schenkenberg (bei Götz), Dorf	Dorf	LINESTRING(12.714938 52.402994,12.714926400000001 52.403013400000006)
582	Jeserig (bei Wiesenburg)	Ausbau	de:12069:900222101::1	52.087465	12.447072	bus	MATCHED	n10019428024	3.6	0.75	Jeserig (bei Wiesenburg), Ausbau	572,591	Wiesenburg, Bahnhof/B107		LINESTRING(12.447072 52.087465,12.447022200000001 52.087474900000004)
583	Jeserig (bei Wiesenburg)	Ausbau	de:12069:900222101::2	52.088246	12.445752	bus	MATCHED_THOUGH_REVERSED_DIR	n3636520252	3.8	0.66	Jeserig (bei Wiesenburg), Ausbau	591	Jeserig (bei Wiesenburg), Ortsmitte	Bahnhof/B107	LINESTRING(12.445752 52.088246,12.4458037 52.088232700000006)
584	Jeserig (bei Wiesenburg)	Kindergarten	de:12069:900222268::1	52.085365	12.452194	bus	NO_MATCH					591	Jeserig (bei Wiesenburg), Ausbau / Jeserigerhütten		POINT(12.452194 52.085365)
585	Jeserig (bei Wiesenburg)	Kindergarten	de:12069:900222268::2	52.085425	12.452133	bus	NO_MATCH					591	Welsigke		POINT(12.452133 52.085425)
586	Jeserig (bei Wiesenburg)	Ortsmitte	de:12069:900222102::1	52.08613	12.45029	bus	MATCHED	n3636511993	6.5	0.76	Jeserig (bei Wiesenburg), Ortsmitte	572,591	Jeserig (bei Wiesenburg), Ausbau	Jeserig (bei Wiesenburg), Ausbau	LINESTRING(12.45029 52.08613,12.450384900000001 52.086133000000004)
587	Jeserig (bei Wiesenburg)	Ortsmitte	de:12069:900222102::2	52.086045	12.450434	bus	MATCHED	n12595296238	2.9	0.78	Jeserig (bei Wiesenburg), Ortsmitte	591	Welsigke / Jeserigerhütten		LINESTRING(12.450434 52.086045,12.4504251 52.0860198)
588	Kemnitz (PM)	Dorf	de:12069:900220664::1	52.408945	12.867858	bus	MATCHED	n1856164037	4.8	0.7	Kemnitz (PM), Dorf	630,634	Kemnitz (PM), Kolonie Zern / Kemnitz (PM), Eiche		LINESTRING(12.867858 52.408945,12.867824 52.4089831)
589	Kemnitz (PM)	Eiche	de:12069:900220665::1	52.401154	12.888776	bus	MATCHED	n2185413542	4.2	0.82	Eiche	630,634	Kemnitz (PM), Dorf	Kemnitz (PM), Dorf	LINESTRING(12.888776 52.401154,12.8887561 52.401189300000006)
590	Kemnitz (PM)	Eiche	de:12069:900220665::2	52.401294	12.888496	bus	MATCHED	n2185413531	1.3	0.92	Eiche	630	Werder (Havel), Stadtrandsiedlung	Stadtrandsiedlung	LINESTRING(12.888496 52.401294,12.888492800000002 52.401282900000005)
591	Kemnitz (PM)	Fuchsberg	de:12069:900220731::1	52.414988	12.899172	bus	MATCHED	n2185592775	2.7	0.86	Kemnitz (PM), Fuchsberg	632	Phöben, Chausseestr.	Phöben, Chausseestraße	LINESTRING(12.899172 52.414988,12.899186100000001 52.415010800000005)
592	Kemnitz (PM)	Fuchsberg	de:12069:900220731::2	52.414869	12.899281	bus	MATCHED	n2185592777	4.1	0.82	Kemnitz (PM), Fuchsberg	632	Kemnitz (PM), Kolonie Zern	Kemnitz (PM), Kolonie Zern	LINESTRING(12.899281 52.414869,12.899238100000002 52.4148435)
593	Kemnitz (PM)	Kolonie Zern	de:12069:900220648::1	52.409419	12.905454	bus	MATCHED	n2185352905	8.8	0.71	Kemnitz (PM), Kolonie Zern	632,634	Töplitz, Leester Str. / Kemnitz (PM), Fuchsberg	Töplitz, Kirschweg / Kemnitz (PM), Fuchsberg	LINESTRING(12.905454 52.409419,12.9055829 52.4094107)
594	Kemnitz (PM)	Kolonie Zern	de:12069:900220648::2	52.409274	12.905554	bus	MATCHED	n2185352906	6.5	0.76	Kemnitz (PM), Kolonie Zern	632,634	Werder (Havel), Seerosenweg	Seerosenweg	LINESTRING(12.905554 52.409274,12.9055075 52.4092227)
595	Ketzür	Abzweig	de:12069:900220289::1	52.501991	12.62731		NO_MATCH_AND_SEEMS_UNSERVED								POINT(12.62731 52.501991)
596	Ketzür	Abzweig	de:12069:900220289::2	52.501904	12.627447		NO_MATCH_AND_SEEMS_UNSERVED								POINT(12.627447 52.501904)
597	Ketzür	Dorf	de:12069:900220290::1	52.496927	12.628298	bus	MATCHED	n3630995356	2.4	0.56	Ketzür	569	Butzow / Gortz, Dorf / Gortz, Kirche	Gortz, Dorf / Butzow	LINESTRING(12.628298 52.496927,12.628311700000001 52.496906900000006)
598	Ketzür	Dorf	de:12069:900220290::2	52.496949	12.628278		NO_MATCH_AND_SEEMS_UNSERVED								POINT(12.628278 52.496949)
599	Klaistow	Dorf	de:12069:900220961::1	52.28835	12.85312	bus	MATCHED	w1125559308	5.4	0.75	Dorf	645	Kanin	Kanin	LINESTRING(12.85312 52.28835,12.853087350000001 52.28839455000001)
600	Klaistow	Dorf	de:12069:900220961::2	52.288385	12.853306	bus	MATCHED	w1125559307	13.2	0.6	Dorf	541,641,645	Fichtenwalde, Am Lönsberg / Klaistow, Spargelhof / Klaistow, Spargelhof	Am Lönsberg / Spargelhof	LINESTRING(12.853306 52.288385,12.853166000000002 52.28830335000001)
601	Klaistow	Dorf	de:12069:900220961::3	52.289158	12.854753	bus	MATCHED	w1333209913	143.9	0.11	Dorf	541,641,645	Kanin / Klaistow, Dorf		LINESTRING(12.854753 52.289158,12.8529642 52.28847385)
602	Klaistow	Dorf	de:12069:900220961::4	52.288983	12.854554		NO_MATCH_AND_SEEMS_UNSERVED								POINT(12.854554 52.288983)
603	Klaistow	Spargelhof	de:12069:900220963::1	52.294066	12.859805	bus	MATCHED	n3385733533	39.2	0.27	Spargelhof	541,641	Klaistow, Dorf	Dorf	LINESTRING(12.859805 52.294066,12.859645200000001 52.2937275)
604	Klaistow	Spargelhof	de:12069:900220963::2	52.294742	12.860264	bus	MATCHED	w1275368465	54.7	0.22	Spargelhof	641	Glindow, Jägerstr.	Jägerstraße / Am Lönsberg	LINESTRING(12.860264 52.294742,12.860538804748748 52.29520393857703)
605	Klaistow	Spargelhof	de:12069:900220963::3	52.291019	12.8591		NO_MATCH_AND_SEEMS_UNSERVED								POINT(12.8591 52.291019)
606	Klaistow	Spargelhof	de:12069:900220963::4	52.291347	12.858928		NO_MATCH_AND_SEEMS_UNSERVED								POINT(12.858928 52.291347)
607	Kleinmachnow	Albert-Einstein-Ring Nord	de:12069:900220383::1	52.408587	13.189344	bus	MATCHED	n13230720925	3.3	0.76	Albert-Einstein-Ring Nord	620	Kleinmachnow, Hermann-von-Helmholtz-Str.		LINESTRING(13.189344 52.408587,13.189373600000001 52.4085631)
608	Kleinmachnow	Albert-Einstein-Ring Nord	de:12069:900220383::2	52.408597	13.189323	bus	MATCHED	n13230720924	3.2	0.77	Albert-Einstein-Ring Nord	620	Kleinmachnow, Albert-Einstein-Ring Süd		LINESTRING(13.189323 52.408597,13.189291800000001 52.4086179)
609	Kleinmachnow	Albert-Einstein-Ring Süd	de:12069:900220047::1	52.405726	13.187409	bus	MATCHED	n1212979131	9.0	0.57	Albert-Einstein-Ring Süd	620	Kleinmachnow, Albert-Einstein-Ring Nord	Julius-Kühn-Institut	LINESTRING(13.187409 52.405726,13.1873953 52.4056453)
610	Kleinmachnow	Albert-Einstein-Ring Süd	de:12069:900220047::2	52.405565	13.187261	bus	MATCHED	n1212979134	2.2	0.82	Albert-Einstein-Ring Süd	620	Kleinmachnow, Heinrich-Hertz-Str.	Isoldestraße	LINESTRING(13.187261 52.405565,13.187255200000001 52.405584100000006)
611	Kleinmachnow	Altes Dorf	de:12069:900220123::1	52.394388	13.223888	bus	MATCHED	n5853394905	91.3	0.31	Altes Dorf	622	Kleinmachnow, Am Weinberg	Am Weinberg	LINESTRING(13.223888 52.394388,13.224501900000002 52.3951171)
612	Kleinmachnow	Altes Dorf	de:12069:900220123::2	52.394459	13.223796	bus	MATCHED	n5853394906	89.4	0.31	Altes Dorf	622	Stahnsdorf, Stahnsdorfer Hof	Stahnsdorfer Hof	LINESTRING(13.223796 52.394459,13.224399900000002 52.395171600000005)
613	Kleinmachnow	Am Fuchsbau	de:12069:900220104::1	52.410124	13.219312	bus	MATCHED	n534873797	3.3	0.85	Am Fuchsbau	622	Kleinmachnow, OdF-Platz	OdF-Platz	LINESTRING(13.219312 52.410124,13.2193506 52.410141800000005)
614	Kleinmachnow	Am Fuchsbau	de:12069:900220104::2	52.409806	13.218851	bus	MATCHED	n460330369	3.3	0.85	Am Fuchsbau	622	Kleinmachnow, Heidefeld/Hohe Kiefer	Heidefeld/Hohe Kiefer	LINESTRING(13.218851 52.409806,13.218812000000002 52.4097888)
615	Kleinmachnow	Am Hochwald	de:12069:900220043::1	52.397801	13.207608	bus	MATCHED	n546529835	1.4	0.91	Am Hochwald	620,623,628,629,BER2,N12,N13	Stahnsdorf, Waldschänke / Stahnsdorf, Waldschänke / Stahnsdorf, Waldschänke / Stahnsdorf, Waldschänke / Stahnsdorf, Waldschänke / Stahnsdorf, Stahnsdorfer Hof	Waldschänke / Bahnhof	LINESTRING(13.207608 52.397801,13.207617500000001 52.397812)
616	Kleinmachnow	Am Hochwald	de:12069:900220043::2	52.397668	13.207756	bus	MATCHED	n13271528662	16.7	0.6	Am Hochwald	620,623,628,629,BER2,N12,N13	Kleinmachnow, Heinrich-Hertz-Str. / Kleinmachnow, Eichhörnchenweg / Kleinmachnow, Schleusenweg	Eichhörnchenweg / Heinrich-Hertz-Straße	LINESTRING(13.207756 52.397668,13.207822100000001 52.3975238)
617	Kleinmachnow	Am Weinberg	de:12069:900220099::1	52.396815	13.229046	bus	MATCHED	n1212683025	22.3	0.54	Am Weinberg	629	Kleinmachnow, Im Tal	Im Tal	LINESTRING(13.229046 52.396815,13.228820500000001 52.396960500000006)
618	Kleinmachnow	Am Weinberg	de:12069:900220099::2	52.39774	13.227809	bus	MATCHED	n1212683031	13.0	0.64	Am Weinberg	629	Kleinmachnow, Hakeburg	Hakeburg	LINESTRING(13.227809 52.39774,13.227969400000001 52.397676000000004)
619	Kleinmachnow	Am Weinberg	de:12069:900220099::3	52.39766	13.227312	bus	MATCHED_THOUGH_REVERSED_DIR	n1212682974	2.7	0.73	Am Weinberg	622	Kleinmachnow, Altes Dorf	Hakeburg	LINESTRING(13.227312 52.39766,13.2273311 52.397638500000006)
620	Kleinmachnow	Am Weinberg	de:12069:900220099::4	52.397693	13.227245	bus	MATCHED_THOUGH_REVERSED_DIR	n1212683043	1.3	0.82	Am Weinberg	622	Kleinmachnow, Hakeburg	Altes Dorf	LINESTRING(13.227245 52.397693,13.2272396 52.3977045)
621	Kleinmachnow	Dreilinden	de:12069:900220042::1	52.405278	13.17563	bus	MATCHED	n649703620	4.3	0.82	Dreilinden	628	Kleinmachnow, Lindenbahn	Lindenbahn	LINESTRING(13.17563 52.405278,13.1756601 52.4053115)
622	Kleinmachnow	Eichhörnchenweg	de:12069:900220137::1	52.40008	13.199766	bus	MATCHED	n546529818	5.6	0.78	Eichhörnchenweg	628	Kleinmachnow, Am Hochwald	Waldschänke	LINESTRING(13.199766 52.40008,13.199702100000001 52.400048000000005)
623	Kleinmachnow	Eichhörnchenweg	de:12069:900220137::2	52.399986	13.201386	bus	MATCHED	n546529824	2.7	0.86	Eichhörnchenweg	620,628	Kleinmachnow, Heidefeld/Stahnsdorfer Damm / Kleinmachnow, Fahrenheitstr.	Fahrenheitstraße / Heidefeld/Stahnsdorfer Damm	LINESTRING(13.201386 52.399986,13.2013818 52.400010300000005)
624	Kleinmachnow	Eichhörnchenweg	de:12069:900220137::3	52.40039	13.200428	bus	MATCHED	n1212683038	6.4	0.76	Eichhörnchenweg	620	Kleinmachnow, Am Hochwald	Am Hochwald	LINESTRING(13.200428 52.40039,13.200370900000001 52.4004361)
625	Kleinmachnow	Fahrenheitstr. 	de:12069:900220139::1	52.401034	13.191986	bus	MATCHED	n13230720921	4.8	0.69	Fahrenheitstraße	628	Kleinmachnow, Eichhörnchenweg	Eichhörnchenweg	LINESTRING(13.191986 52.401034,13.1919176 52.4010248)
626	Kleinmachnow	Fahrenheitstr. 	de:12069:900220139::2	52.401181	13.191825	bus	MATCHED	n13230720920	9.6	0.6	Fahrenheitstraße	628	Kleinmachnow, Heinrich-Hertz-Str.	Heinrich-Hertz-Straße	LINESTRING(13.191825 52.401181,13.191965900000001 52.401177800000006)
627	Kleinmachnow	Freibad Kiebitzberge	de:12069:900220109::1	52.403088	13.237613	bus	MATCHED	n460332023	3.4	0.84	Freibad Kiebitzberge	620,N13	Teltow, Rammrath-Brücke	Rammrath-Brücke	LINESTRING(13.237613 52.403088,13.2375626 52.403087600000006)
628	Kleinmachnow	Freibad Kiebitzberge	de:12069:900220109::2	52.403316	13.237485	bus	MATCHED	n546545849	26.1	0.51	Freibad Kiebitzberge	620,N13	Kleinmachnow, Meiereifeld	Meiereifeld	LINESTRING(13.237485 52.403316,13.237732500000002 52.4031365)
629	Kleinmachnow	Ginsterheide	de:12069:900220106::1	52.414742	13.23591	bus	MATCHED	n534873813	12.1	0.66	Ginsterheide	629,N12	Kleinmachnow, Jägerstieg	Jägerstieg	LINESTRING(13.23591 52.414742,13.235761100000001 52.414801000000004)
630	Kleinmachnow	Ginsterheide	de:12069:900220106::2	52.41476	13.235724	bus	MATCHED	n534873800	13.0	0.64	Ginsterheide	629,N12	Kleinmachnow, Klausenerstr.	Klausenerstraße	LINESTRING(13.235724 52.41476,13.2358934 52.4147067)
631	Kleinmachnow	Haeckelstr. 	de:12069:900220108::1	52.408874	13.238118	bus	MATCHED	n534873810	17.1	0.51	Haeckelstraße	623,629,N12	Kleinmachnow, Meiereifeld / Kleinmachnow, Meiereifeld	Meiereifeld	LINESTRING(13.238118 52.408874,13.238093000000001 52.409026700000005)
632	Kleinmachnow	Haeckelstr. 	de:12069:900220108::2	52.409002	13.23813	bus	MATCHED	n534873805	10.5	0.59	Haeckelstraße	623,629,N12	Kleinmachnow, Klausenerstr.	Klausenerstraße	LINESTRING(13.23813 52.409002,13.2382003 52.4089183)
633	Kleinmachnow	Hakeburg	de:12069:900220132::1	52.400861	13.226297	bus	MATCHED	n534873804	8.5	0.72	Hakeburg	622	Kleinmachnow, Karl-Marx-Str.	Karl-Marx-Straße	LINESTRING(13.226297 52.400861,13.226385 52.400807)
634	Kleinmachnow	Hakeburg	de:12069:900220132::2	52.400963	13.226138	bus	MATCHED	n534873791	21.3	0.55	Hakeburg	622	Kleinmachnow, Am Weinberg	Am Weinberg	LINESTRING(13.226138 52.400963,13.226044600000002 52.4011453)
635	Kleinmachnow	Hakeburg	de:12069:900220132::3	52.400196	13.226839	bus	MATCHED	n1407245043	17.5	0.59	Hakeburg	629	Kleinmachnow, Meiereifeld	Meiereifeld	LINESTRING(13.226839 52.400196,13.2269036 52.400044300000005)
636	Kleinmachnow	Hakeburg	de:12069:900220132::4	52.400543	13.226861	bus	MATCHED	n1407245046	2.0	0.89	Hakeburg	629	Kleinmachnow, Am Weinberg	Am Weinberg	LINESTRING(13.226861 52.400543,13.226831500000001 52.4005446)
637	Kleinmachnow	Heidefeld/Hohe Kiefer	de:12069:900220103::1	52.405908	13.215265	bus	MATCHED	n534873790	7.3	0.74	Heidefeld/Hohe Kiefer	622	Kleinmachnow, Am Fuchsbau	Am Fuchsbau	LINESTRING(13.215265 52.405908,13.215316300000001 52.405850400000006)
638	Kleinmachnow	Heidefeld/Hohe Kiefer	de:12069:900220103::2	52.406381	13.215648	bus	MATCHED	n534873796	2.3	0.88	Heidefeld/Hohe Kiefer	622	Kleinmachnow, Rathausmarkt	Rathausmarkt	LINESTRING(13.215648 52.406381,13.2156777 52.4063901)
639	Kleinmachnow	Heidefeld/Schleusenweg	de:12069:900220111::1	52.404811	13.205664	bus	NO_MATCH_BUT_OTHER_PLATFORM_MATCHED					629	Kleinmachnow, Märkische Heide		POINT(13.205664 52.404811)
640	Kleinmachnow	Heidefeld/Schleusenweg	de:12069:900220111::2	52.404675	13.205607	bus	MATCHED	n6636902271	4.5	0.81	Heidefeld/Schleusenweg	629	Kleinmachnow, Schleusenweg	Schleusenweg	LINESTRING(13.205607 52.404675,13.2056462 52.40470800000001)
641	Kleinmachnow	Heidefeld/Stahnsdorfer Damm	de:12069:900220530::1	52.402708	13.201844	bus	MATCHED	n10583745848	39.0	0.44	Heidefeld/Stahnsdorfer Damm	620	Kleinmachnow, Eichhörnchenweg	Eichhörnchenweg	LINESTRING(13.201844 52.402708,13.2016048 52.402389400000004)
642	Kleinmachnow	Heidefeld/Stahnsdorfer Damm	de:12069:900220530::2	52.402842	13.201767	bus	MATCHED	n1212682995	2.6	0.87	Heidefeld/Stahnsdorfer Damm	620	Kleinmachnow, Julius Kühn-Institut	Albert-Einstein-Ring Süd	LINESTRING(13.201767 52.402842,13.201762 52.402865000000006)
643	Kleinmachnow	Heinrich-Hertz-Str. 	de:12069:900220136::1	52.403631	13.185423	bus	MATCHED	n481161843	4.4	0.7	Heinrich-Hertz-Straße	620,628,BER2	Isoldestr. (Berlin) / Potsdam, Stern-Center/Nuthestr. / Kleinmachnow, Fahrenheitstr.	Fahrenheitstraße	LINESTRING(13.185423 52.403631,13.1853654 52.4036483)
644	Kleinmachnow	Heinrich-Hertz-Str. 	de:12069:900220136::2	52.403723	13.185445	bus	MATCHED	n481161845	4.3	0.56	Heinrich-Hertz-Straße	620,628,BER2	Kleinmachnow, Dreilinden / Kleinmachnow, Am Hochwald / Kleinmachnow, Albert-Einstein-Ring Süd	Dreilinden / Am Hochwald	LINESTRING(13.185445 52.403723,13.185508200000001 52.4037231)
645	Kleinmachnow	Hermann-von-Helmholtz-Str. 	de:12069:900220382::1	52.408161	13.191755	bus	MATCHED	n13230720923	3.5	0.65	Herrmann-von-Helmholtz-Straße	620	Kleinmachnow, Julius Kühn-Institut		LINESTRING(13.191755 52.408161,13.1917346 52.4081319)
646	Kleinmachnow	Hermann-von-Helmholtz-Str. 	de:12069:900220382::2	52.408095	13.191996	bus	MATCHED	n13230720922	4.2	0.62	Herrmann-von-Helmholtz-Straße	620	Kleinmachnow, Albert-Einstein-Ring Nord		LINESTRING(13.191996 52.408095,13.1920082 52.408132300000005)
647	Kleinmachnow	Im Dickicht	de:12069:900220110::1	52.413347	13.219342	bus	MATCHED	n5853394911	12.4	0.65	Im Dickicht	629	Kleinmachnow, OdF-Platz	OdF-Platz	LINESTRING(13.219342 52.413347,13.2191679 52.41331460000001)
648	Kleinmachnow	Im Dickicht	de:12069:900220110::2	52.41337	13.218789	bus	MATCHED	n5853394910	2.4	0.87	Im Dickicht	629	Kleinmachnow, Steinweg	Steinweg	LINESTRING(13.218789 52.41337,13.218754800000001 52.4133768)
649	Kleinmachnow	Im Kamp	de:12069:900220532::1	52.405013	13.229541	bus	MATCHED	n1022046130	3.5	0.84	Im Kamp	620,623,N12,N13	Kleinmachnow, Meiereifeld / Kleinmachnow, Meiereifeld	Meiereifeld	LINESTRING(13.229541 52.405013,13.229559 52.404983900000005)
650	Kleinmachnow	Im Kamp	de:12069:900220532::2	52.405075	13.229604	bus	MATCHED	n1022046182	5.0	0.8	Im Kamp	620,623,N12,N13	Kleinmachnow, Rathausmarkt / Kleinmachnow, Rathausmarkt	Rathausmarkt	LINESTRING(13.229604 52.405075,13.2296768 52.4050815)
651	Kleinmachnow	Im Tal	de:12069:900220089::1	52.39526	13.232353	bus	MATCHED	n452900120	4.0	0.82	Im Tal	629	Stahnsdorf, Schwarzer Weg	Schwarzer Weg	LINESTRING(13.232353 52.39526,13.232354 52.3952241)
652	Kleinmachnow	Im Tal	de:12069:900220089::2	52.396726	13.232847	bus	MATCHED	n1212682989	3.7	0.83	Im Tal	629	Kleinmachnow, Am Weinberg	Am Weinberg	LINESTRING(13.232847 52.396726,13.232872200000001 52.3967552)
653	Kleinmachnow	Julius Kühn-Institut	de:12069:900220138::1	52.405768	13.196519	bus	MATCHED	n546529804	8.3	0.69	Julius-Kühn-Institut	620	Kleinmachnow, Heidefeld/Stahnsdorfer Damm	Heidefeld/Stahnsdorfer Damm	LINESTRING(13.196519 52.405768,13.196400200000001 52.4057862)
654	Kleinmachnow	Julius Kühn-Institut	de:12069:900220138::2	52.405775	13.19661	bus	MATCHED	n436193382	5.8	0.63	Julius-Kühn-Institut	620	Kleinmachnow, Hermann-von-Helmholtz-Str.		LINESTRING(13.19661 52.405775,13.196693600000001 52.4057661)
655	Kleinmachnow	Jägerstieg	de:12069:900220531::1	52.414188	13.229642	bus	NO_MATCH_BUT_OTHER_PLATFORM_MATCHED					629,N12	Kleinmachnow, Ginsterheide		POINT(13.229642 52.414188)
656	Kleinmachnow	Jägerstieg	de:12069:900220531::2	52.414238	13.229392	bus	MATCHED	n1022046173	0.1	0.97	Jägerstieg	629,N12	Kleinmachnow, OdF-Platz/Karl-Marx-Str.	OdF-Platz/Karl-Marx-Straße	LINESTRING(13.229392 52.414238,13.2293938 52.4142378)
657	Kleinmachnow	Karl-Marx-Str. 	de:12069:900220133::1	52.404168	13.225751	bus	MATCHED	n534873793	22.7	0.45	Karl-Marx-Straße	622	Kleinmachnow, Rathausmarkt	Rathausmarkt	LINESTRING(13.225751 52.404168,13.2256973 52.4043695)
658	Kleinmachnow	Karl-Marx-Str. 	de:12069:900220133::2	52.404423	13.225577	bus	MATCHED_THOUGH_DISTANT	n534873808	255.0	0.16	Karl-Marx-Straße	622	Kleinmachnow, Hakeburg	Hakeburg	LINESTRING(13.225577 52.404423,13.223740600000001 52.406419400000004)
659	Kleinmachnow	Klausenerstr. 	de:12069:900220107::1	52.413259	13.241707	bus	MATCHED	n1212683027	1.7	0.78	Klausenerstraße	623,629,N12	Kleinmachnow, Machnower Busch / Kleinmachnow, Ginsterheide	Machnower Busch / Ginsterheide	LINESTRING(13.241707 52.413259,13.2417197 52.4132454)
660	Kleinmachnow	Klausenerstr. 	de:12069:900220107::2	52.413623	13.24207	bus	MATCHED	n1212682994	0.3	0.83	Klausenerstraße	623,629,N12	Kleinmachnow, Haeckelstr.	Haeckelstraße	LINESTRING(13.24207 52.413623,13.242066000000001 52.413623)
661	Kleinmachnow	Lindenbahn	de:12069:900220045::1	52.40168	13.178332	bus	MATCHED	n1212683000	11.5	0.66	Lindenbahn	628	Kleinmachnow, Heinrich-Hertz-Str.	Heinrich-Hertz-Straße	LINESTRING(13.178332 52.40168,13.1785008 52.4016789)
662	Kleinmachnow	Machnower Busch	de:12069:900220135::1	52.416665	13.246698	bus	MATCHED	n1115064383	3.6	0.84	Machnower Busch	623	Ludwigsfelder Str./Sachtlebenstr. (Berlin)	Ludwigsfelder Straße/Sachtlebenstraße	LINESTRING(13.246698 52.416665,13.2467476 52.4166541)
663	Kleinmachnow	Machnower Busch	de:12069:900220135::2	52.416594	13.246479	bus	MATCHED	n1115064381	1.8	0.9	Machnower Busch	623	Kleinmachnow, Klausenerstr.	Klausenerstraße	LINESTRING(13.246479 52.416594,13.246457600000001 52.4165846)
664	Kleinmachnow	Meiereifeld	de:12069:900220131::1	52.406132	13.235384	bus	MATCHED	n559278038	2.5	0.87	Meiereifeld	N12	Kleinmachnow, Im Kamp	Hakeburg / Im Kamp	LINESTRING(13.235384 52.406132,13.235368500000002 52.406152000000006)
665	Kleinmachnow	Meiereifeld	de:12069:900220131::2	52.405303	13.23555	bus	MATCHED	n546545875	1.4	0.91	Meiereifeld	623,629	Kleinmachnow, Hakeburg / Kleinmachnow, Im Kamp	Im Kamp	LINESTRING(13.23555 52.405303,13.235568500000001 52.405309100000004)
666	Kleinmachnow	Meiereifeld	de:12069:900220131::3	52.405523	13.234673	bus	MATCHED	n559278046	0.7	0.94	Meiereifeld	620,N13	Kleinmachnow, Freibad Kiebitzberge	Freibad Kiebitzberge	LINESTRING(13.234673 52.405523,13.2346693 52.405528600000004)
667	Kleinmachnow	Meiereifeld	de:12069:900220131::4	52.406037	13.235561	bus	MATCHED	n1212683042	1.1	0.89	Meiereifeld	620,623,629,N12,N13	Kleinmachnow, Haeckelstr. / Kleinmachnow, Im Kamp	Haeckelstraße	LINESTRING(13.235561 52.406037,13.2355455 52.406038)
668	Kleinmachnow	Märkische Heide	de:12069:900220112::1	52.409212	13.204485	bus	MATCHED	n540380397	6.7	0.75	Märkische Heide	629	Kleinmachnow, Rudolf-Breitscheid-Str.	Rudolf-Breitscheid-Straße	LINESTRING(13.204485 52.409212,13.2044054 52.409176200000005)
669	Kleinmachnow	Märkische Heide	de:12069:900220112::2	52.408957	13.204346	bus	NO_MATCH_BUT_OTHER_PLATFORM_MATCHED					629	Kleinmachnow, Heidefeld/Schleusenweg		POINT(13.204346 52.408957)
670	Kleinmachnow	OdF-Platz	de:12069:900220105::1	52.413188	13.222023	bus	MATCHED	n534873798	4.1	0.82	OdF-Platz	622	Kleinmachnow, Uhlenhorst	Uhlenhorst	LINESTRING(13.222023 52.413188,13.2220797 52.4131763)
671	Kleinmachnow	OdF-Platz	de:12069:900220105::2	52.413014	13.22175	bus	MATCHED	n534873799	17.3	0.59	OdF-Platz	622	Kleinmachnow, Am Fuchsbau	Am Fuchsbau	LINESTRING(13.22175 52.413014,13.2218443 52.4131584)
672	Kleinmachnow	OdF-Platz	de:12069:900220105::3	52.413523	13.221689	bus	MATCHED	n5853394909	21.7	0.55	OdF-Platz	629	Kleinmachnow, OdF-Platz/Karl-Marx-Str.	OdF-Platz/Karl-Marx-Straße	LINESTRING(13.221689 52.413523,13.221372700000002 52.4135028)
673	Kleinmachnow	OdF-Platz/Karl-Marx-Str. 	de:12069:900220129::1	52.413743	13.224273	bus	MATCHED	n1212682998	2.4	0.78	OdF-Platz/Karl-Marx-Straße	629,N12	Kleinmachnow, Jägerstieg	Ginsterheide	LINESTRING(13.224273 52.413743,13.2243054 52.413750500000006)
674	Kleinmachnow	OdF-Platz/Karl-Marx-Str. 	de:12069:900220129::2	52.413713	13.223128	bus	MATCHED	n1212682990	2.5	0.77	OdF-Platz/Karl-Marx-Straße	629,N12	Kleinmachnow, Uhlenhorst / Kleinmachnow, Im Dickicht	Im Dickicht / Uhlenhorst	LINESTRING(13.223128 52.413713,13.223161200000002 52.4137235)
675	Kleinmachnow	Rathausmarkt	de:12069:900220134::1	52.404628	13.21961	bus	MATCHED	n534873794	8.7	0.58	Rathausmarkt	620,622,623,N12,N13	Kleinmachnow, Im Kamp / Kleinmachnow, Seeberg / Kleinmachnow, Karl-Marx-Str.	Im Kamp / Karl-Marx-Straße	LINESTRING(13.21961 52.404628,13.219731000000001 52.4046031)
676	Kleinmachnow	Rathausmarkt	de:12069:900220134::2	52.404709	13.219524	bus	MATCHED	n534873788	7.1	0.62	Rathausmarkt	620,622,623,N12,N13	Kleinmachnow, Seeberg / Kleinmachnow, Im Kamp / Kleinmachnow, Heidefeld/Hohe Kiefer	Heidefeld/Hohe Kiefer / Seeberg	LINESTRING(13.219524 52.404709,13.2196227 52.4047306)
677	Kleinmachnow	Rathausmarkt	de:12069:900220134::3	52.404282	13.219076		NO_MATCH_AND_SEEMS_UNSERVED								POINT(13.219076 52.404282)
678	Kleinmachnow	Rudolf-Breitscheid-Str. 	de:12069:900220113::1	52.411515	13.203765	bus	MATCHED	n3522467379	5.6	0.7	Rudolf-Breitscheid-Straße	629	Kleinmachnow, Steinweg	Im Dickicht	LINESTRING(13.203765 52.411515,13.2037709 52.4114644)
679	Kleinmachnow	Rudolf-Breitscheid-Str. 	de:12069:900220113::2	52.411835	13.204103	bus	MATCHED	n3522467380	3.8	0.62	Rudolf-Breitscheid-Straße	629	Kleinmachnow, Märkische Heide	Heidefeld/Schleusenweg	LINESTRING(13.204103 52.411835,13.2041573 52.4118423)
680	Kleinmachnow	Schleusenweg	de:12069:900220046::1	52.400288	13.207005	bus	NO_MATCH_BUT_OTHER_PLATFORM_MATCHED					620,623,629,N12,N13	Kleinmachnow, Heidefeld/Schleusenweg / Kleinmachnow, Seeberg		POINT(13.207005 52.400288)
681	Kleinmachnow	Schleusenweg	de:12069:900220046::2	52.400538	13.20679	bus	MATCHED	n3520716100	5.6	0.78	Schleusenweg	620,623,629,N12,N13	Kleinmachnow, Am Hochwald	Am Hochwald / Ulmenweg	LINESTRING(13.20679 52.400538,13.206861 52.4005127)
682	Kleinmachnow	Seeberg	de:12069:900220048::1	52.403446	13.209148	bus	MATCHED	n546529854	4.6	0.81	Seeberg	620,623,N12,N13	Kleinmachnow, Rathausmarkt / Kleinmachnow, Rathausmarkt	Rathausmarkt	LINESTRING(13.209148 52.403446,13.2091595 52.4034051)
683	Kleinmachnow	Seeberg	de:12069:900220048::2	52.403988	13.210154	bus	MATCHED	n460330358	4.7	0.81	Seeberg	620,623,N12,N13	Kleinmachnow, Schleusenweg	Am Hochwald / Waldschänke	LINESTRING(13.210154 52.403988,13.210169400000002 52.404028700000005)
684	Kleinmachnow	Steinweg	de:12069:900220126::1	52.412743	13.212397	bus	MATCHED	n1212682984	2.1	0.82	Steinweg	629	Kleinmachnow, Im Dickicht		LINESTRING(13.212397 52.412743,13.2124026 52.4127616)
685	Kleinmachnow	Steinweg	de:12069:900220126::2	52.412802	13.211888	bus	MATCHED	n1212683002	0.9	0.93	Steinweg	629	Kleinmachnow, Rudolf-Breitscheid-Str.	Waldschänke	LINESTRING(13.211888 52.412802,13.2118886 52.4128102)
686	Kleinmachnow	Uhlenhorst	de:12069:900220128::1	52.417402	13.225949	bus	MATCHED	n442130601	4.3	0.81	Uhlenhorst	622,N12	Kleinmachnow, An der Stammbahn	An der Stammbahn	LINESTRING(13.225949 52.417402,13.226010800000001 52.417393100000005)
687	Kleinmachnow	Uhlenhorst	de:12069:900220128::2	52.417029	13.225488	bus	MATCHED	n538257650	3.0	0.86	Uhlenhorst	622,N12	Kleinmachnow, OdF-Platz/Karl-Marx-Str. / Kleinmachnow, OdF-Platz	OdF-Platz/Karl-Marx-Straße / OdF-Platz	LINESTRING(13.225488 52.417029,13.225449000000001 52.4170414)
688	Kloster Lehnin	Emstal	de:12069:900220226::1	52.301541	12.778222	bus	MATCHED_THOUGH_DISTANT	w1164354319	204.0	0.21	Emstal	645	Lehnin, Busbahnhof	Busbahnhof	LINESTRING(12.778222 52.301541,12.77523745 52.3014457)
689	Kloster Lehnin	Emstal	de:12069:900220226::2	52.301167	12.777803	bus	MATCHED	w1164354318	178.2	0.22	Emstal	645	Busendorf	Busendorf	LINESTRING(12.777803 52.301167,12.7752166 52.30138455000001)
690	Kloster Lehnin	Grebs (bei Lehnin)	de:12069:900220215::1	52.339053	12.660661	bus	MATCHED	n3619179464	3.3	0.84	Grebs (bei Lehnin)	645	Netzen, Dorf	Netzen, Dorf	LINESTRING(12.660661 52.339053,12.660659800000001 52.339023100000006)
691	Kloster Lehnin	Grebs (bei Lehnin)	de:12069:900220215::2	52.33899	12.659968	bus	MATCHED	w1022632954	3.9	0.81	Grebs (bei Lehnin)	645	Grebs (bei Lehnin), Görnsee	Görnsee	LINESTRING(12.659968 52.33899,12.66001385 52.339011)
692	Kloster Lehnin	Görnsee	de:12069:900220214::1	52.339977	12.652172	bus	MATCHED	n3619180405	24.7	0.52	Görnsee	645	Prützke	Prützke	LINESTRING(12.652172 52.339977,12.6518522 52.340082)
693	Kloster Lehnin	Görnsee	de:12069:900220214::2	52.339899	12.652354	bus	MATCHED	n3619180402	17.4	0.59	Görnsee	645	Grebs (bei Lehnin), Dorfanger	Grebs (bei Lehnin)	LINESTRING(12.652354 52.339899,12.6521065 52.3399367)
694	Kloster Lehnin	Prützke	de:12069:900220213::1	52.350757	12.628675	bus	MATCHED	n1453492045	1.3	0.92	Prützke	645	Grebs (bei Lehnin), Görnsee	Görnsee	LINESTRING(12.628675 52.350757,12.6286895 52.350765200000005)
695	Kloster Lehnin	Prützke	de:12069:900220213::2	52.350909	12.628738	bus	MATCHED	n774594891	2.3	0.88	Prützke	645	Rietz (bei Brandenburg), Dorf	Rietz (bei Brandenburg), Dorf	LINESTRING(12.628738 52.350909,12.628736100000001 52.350888100000006)
696	Kloster Lehnin	Rotscherlinde	de:12069:900222174::1	52.332526	12.601901	bus	MATCHED	w1126639273	5.1	0.77	Rotscherlinde	551	Krahne, Hauptstr.	Hauptstraße	LINESTRING(12.601901 52.332526,12.601973950000001 52.3325339)
697	Kloster Lehnin	Rotscherlinde	de:12069:900222174::2	52.332555	12.60252	bus	MATCHED	w1126639278	6.9	0.72	Rotscherlinde	551	Golzow (PM), Pernitz	Pernitz	LINESTRING(12.60252 52.332555,12.602421750000001 52.33257075)
698	Kloster Lehnin	Rotscherlinde	de:12069:900222174::3	52.333823	12.60324	bus	MATCHED	n3638359823	76.0	0.33	Rotscherlinde	581	Brandenburg, Paterdamm	Paterdamm	LINESTRING(12.60324 52.333823,12.6033603 52.333144600000004)
699	Kloster Lehnin	Rotscherlinde	de:12069:900222174::4	52.333797	12.603075	bus	MATCHED	n3638359825	88.4	0.31	Rotscherlinde	581	Golzow (PM), Pernitz	Pernitz	LINESTRING(12.603075 52.333797,12.6032392 52.3330088)
700	Kloster Lehnin	Trechwitz	de:12069:900222227::1	52.365246	12.717748	bus	MATCHED_THOUGH_NAMES_DIFFER	n404293103	0.4	0.32	Dorf	554	Trechwitz, Festplatz	Festplatz	LINESTRING(12.717748 52.365246,12.717742600000001 52.3652439)
701	Kloster Lehnin	Trechwitz	de:12069:900222227::2	52.365108	12.718131	bus	MATCHED_THOUGH_NAMES_DIFFER	n404293106	1.1	0.31	Dorf	554	Damsdorf (PM), Kirche	Kirche	LINESTRING(12.718131 52.365108,12.7181358 52.3650986)
702	Krahne	Hauptstr. 	de:12069:900222109::1	52.323207	12.568502	bus	MATCHED	w1126639279	0.7	0.72	Hauptstraße	551,D/524	Rotscherlinde	Rotscherlinde	LINESTRING(12.568502 52.323207,12.568491700000001 52.323209150000004)
703	Krahne	Hauptstr. 	de:12069:900222109::2	52.323233	12.568388	bus	MATCHED	w1126639280	2.4	0.67	Hauptstraße	551,D/524	Krahne, Reckahner Str.	Reckahner Straße	LINESTRING(12.568388 52.323233,12.56841795 52.32324415000001)
704	Krahne	Reckahner Str. 	de:12069:900222110::1	52.321404	12.561827	bus	MATCHED	n2194178476	14.6	0.55	Reckahner Straße	551,D/524	Krahne, Hauptstr.	Hauptstraße	LINESTRING(12.561827 52.321404,12.5616196 52.321372100000005)
705	Krahne	Reckahner Str. 	de:12069:900222110::2	52.321575	12.561539	bus	MATCHED	n2194178477	1.1	0.82	Reckahner Straße	551,D/524	Reckahn, Dorf	Reckahn, Dorf	LINESTRING(12.561539 52.321575,12.561552200000001 52.321580100000006)
706	Krielow	Chausseestr. 	de:12069:900220703::1	52.4166	12.790545	bus	MATCHED	w786129745	10.2	0.58	Chausseestraße	635	Deetz (PM), Sportplatz	Sportplatz	LINESTRING(12.790545 52.4166,12.7904278 52.4165422)
707	Krielow	Chausseestr. 	de:12069:900220703::2	52.416516	12.790238	bus	MATCHED	w786129744	5.2	0.67	Chausseestraße	635	Groß Kreutz, Bahnhof	Bahnhof	LINESTRING(12.790238 52.416516,12.79028285 52.4165536)
708	Krielow	Kirche	de:12069:900220704::1	52.416127	12.803379	bus	MATCHED	n2188422406	6.3	0.76	Kirche	635	Krielow, Siedlerweg	Siedlerweg	LINESTRING(12.803379 52.416127,12.803420200000001 52.4161772)
709	Krielow	Kirche	de:12069:900220704::2	52.416028	12.803847		MATCHED	n2188422408	0.5	0.91	Kirche				LINESTRING(12.803847 52.416028,12.803848 52.4160234)
710	Krielow	Lilienthal-Denkmal	de:12069:900220709::1	52.412914	12.814548	bus	MATCHED	n1837584674	2.8	0.79	Krielow, Lilienthal-Denkmal	635	Krielow, Kirche	Kirche	LINESTRING(12.814548 52.412914,12.8145568 52.412938600000004)
711	Krielow	Siedlerweg	de:12069:900220711::1	52.417046	12.792844	bus	MATCHED	n2188415997	0.9	0.93	Siedlerweg	635	Deetz (PM), Sportplatz	Sportplatz	LINESTRING(12.792844 52.417046,12.7928469 52.4170377)
712	Krielow	Siedlerweg	de:12069:900220711::2	52.416993	12.792852		NO_MATCH_AND_SEEMS_UNSERVED								POINT(12.792852 52.416993)
713	Kuhlowitz	Abzweig	de:12069:900222112::1	52.137313	12.644851	bus	MATCHED	n2649407594	6.5	0.76	Kuhlowitz, Abzweig	586	Lüsse	Lüsse	LINESTRING(12.644851 52.137313,12.6449447 52.137305500000004)
714	Kuhlowitz	Abzweig	de:12069:900222112::2	52.137448	12.64482	bus	MATCHED	n5378108450	2.5	0.87	Kuhlowitz, Abzweig	586	Preußnitz, B 102	Preußnitz, B 102	LINESTRING(12.64482 52.137448,12.644794300000001 52.1374639)
715	Kähnsdorf	Am Seehügel	de:12069:900220925::1	52.26856	13.026131	bus	MATCHED	n3010071414	12.9	0.64	Am Seehügel	646	Kähnsdorf, Dorf	Kähnsdorf, Dorf	LINESTRING(13.026131 52.26856,13.026285600000001 52.268493600000006)
716	Kähnsdorf	Am Seehügel	de:12069:900220925::2	52.268633	13.026006	bus	MATCHED	n3010071370	5.7	0.78	Am Seehügel	646	Seddin (PM), Trift	Trift	LINESTRING(13.026006 52.268633,13.026087200000001 52.268622400000005)
717	Kähnsdorf	Dorf	de:12069:900220924::1	52.268653	13.037835	bus	MATCHED	n3010071379	2.5	0.8	Kähnsdorf, Dorf	646	Kähnsdorf, Am Seehügel	Am Seehügel	LINESTRING(13.037835 52.268653,13.037866600000001 52.2686647)
718	Köpernitz (PM)	B 107	de:12069:900220262::1	52.24556	12.305907	bus	MATCHED	n3500961523	3.0	0.85	Köpernitz (PM), B107	588,593	Ziesar, Bahnhof	Bahnhof	LINESTRING(12.305907 52.24556,12.305950900000001 52.245555200000005)
719	Köpernitz (PM)	B 107	de:12069:900220262::2	52.245815	12.305311	bus	MATCHED	n3500961524	1.3	0.92	Köpernitz (PM), B107	588,593	Buckau (PM), B107 / Dretzen, Dorf	Köpernitz (PM), Dorf / Buckau (PM), B107 / Dretzen, Dorf	LINESTRING(12.305311 52.245815,12.305293800000001 52.2458098)
720	Köpernitz (PM)	Dorf	de:12069:900220261::1	52.245139	12.308883	bus	MATCHED	n1674819335	5.0	0.69	Köpernitz (PM), Dorf	588	Dretzen, Dorf / Ziesar, Bahnhof	Dretzen, Dorf / Bahnhof	LINESTRING(12.308883 52.245139,12.3088853 52.24509380000001)
721	Langerwisch	Am Plan	de:12069:900220734::1	52.314167	13.049797	bus	MATCHED	n6373478757	2.4	0.87	Am Plan	608,613,643	Michendorf, Am Wolkenberg	Am Wolkenberg	LINESTRING(13.049797 52.314167,13.0498322 52.3141698)
722	Langerwisch	Am Plan	de:12069:900220734::2	52.313957	13.050265	bus	MATCHED	n6373478758	9.3	0.7	Am Plan	608,613,643	Langerwisch, Wildenbrucher Str.	Wildenbrucher Straße	LINESTRING(13.050265 52.313957,13.0503853 52.3139169)
723	Langerwisch	Autobahn	de:12069:900220735::1	52.29936	13.038557	bus	MATCHED	n2188603894	22.0	0.54	Autobahn	608	Wildenbruch, Waldheimstr.	Waldheimstraße	LINESTRING(13.038557 52.29936,13.0382858 52.299467500000006)
724	Langerwisch	Autobahn	de:12069:900220735::2	52.29945	13.03856	bus	MATCHED	n2188603896	172.6	0.23	Autobahn	608	Michendorf, Luckenwalder Str. / Michendorf, Bergheide	Luckenwalder Straße	LINESTRING(13.03856 52.29945,13.040500000000002 52.2984554)
725	Langerwisch	Kirche	de:12069:900220732::1	52.316873	13.063296	bus	MATCHED	w1279024373	1.1	0.92	Kirche	608,613,643	Langerwisch, Wildenbrucher Str.	Wildenbrucher Straße	LINESTRING(13.063296 52.316873,13.06328435 52.316880350000005)
726	Langerwisch	Kirche	de:12069:900220732::2	52.316958	13.063445	bus	MATCHED	n10152455829	3.2	0.85	Kirche	608,613,643	Wilhelmshorst, An der Trift	Saarmunder Straße / An der Trift	LINESTRING(13.063445 52.316958,13.063466100000001 52.316983900000004)
727	Langerwisch	Rosengut	de:12069:900220736::1	52.312109	13.084923	bus	MATCHED	n8607476774	11.9	0.66	Rosengut	613	Langerwisch, Wildenbrucher Str. / Langerwisch, Kirche	Kirche / Wildenbrucher Straße	LINESTRING(13.084923 52.312109,13.085093 52.3120855)
728	Langerwisch	Rosengut	de:12069:900220736::2	52.312022	13.085213	bus	MATCHED	n9152983981	7.6	0.74	Rosengut	613	Saarmund, An der Bahn / Saarmund, Bergstr.	Bergstraße	LINESTRING(13.085213 52.312022,13.085317100000001 52.3120453)
729	Langerwisch	Wildenbrucher Str. 	de:12069:900220733::1	52.313015	13.061901	bus	MATCHED	n6373478756	1.0	0.82	Wildenbrucher Straße	608,613,643	Langerwisch, Am Plan	Am Plan	LINESTRING(13.061901 52.313015,13.0619081 52.313022600000004)
730	Langerwisch	Wildenbrucher Str. 	de:12069:900220733::2	52.312934	13.062131	bus	MATCHED	n6373478755	2.1	0.78	Wildenbrucher Straße	608,613,643	Langerwisch, Rosengut / Langerwisch, Kirche	Rosengut / Kirche / Bergstraße / An der Trift	LINESTRING(13.062131 52.312934,13.062118000000002 52.3129173)
731	Leest	Eichholzweg	de:12069:900220483::1	52.434113	12.94452	bus	MATCHED	n9655620951	4.3	0.81	Leest, Eichholzweg	612	Potsdam, Schlänitzseer Weg / Potsdam, Schlänitzseer Weg	Schlänitzseer Weg	LINESTRING(12.94452 52.434113,12.9445765 52.4341306)
732	Leest	Eichholzweg	de:12069:900220483::2	52.434239	12.943986	bus	MATCHED	n9655620943	3.7	0.83	Leest, Eichholzweg	612	Leest, Kirche	Töplitz, Kirschweg	LINESTRING(12.943986 52.434239,12.943938000000001 52.4342241)
733	Leest	Kirche	de:12069:900220484::1	52.433934	12.935263	bus	MATCHED	n32913858	3.2	0.77	Leest, Kirche	612	Leest, Eichholzweg	Töplitz, Leester Straße / Leest, Eichholzweg	LINESTRING(12.935263 52.433934,12.935239200000002 52.433959300000005)
734	Leest	Kirche	de:12069:900220484::2	52.433963	12.935809	bus	NO_MATCH_BUT_OTHER_PLATFORM_MATCHED					612	Töplitz, Leester Str.		POINT(12.935809 52.433963)
735	Lehnin	Beelitzer Str. 	de:12069:900220223::1	52.321671	12.75611	bus	MATCHED	n470912613	11.3	0.56	Beelitzer Straße	550	Lehnin, Emstaler Str.	Emstaler Straße	LINESTRING(12.75611 52.321671,12.756227800000001 52.321599000000006)
736	Lehnin	Beelitzer Str. 	de:12069:900220223::2	52.321645	12.756279	bus	MATCHED	n470913434	4.2	0.68	Beelitzer Straße	550	Lehnin, Fischersberg / Lehnin, Busbahnhof / Lehnin, Busbahnhof	Busbahnhof / Fischersberg	LINESTRING(12.756279 52.321645,12.756304700000001 52.3216796)
737	Lehnin	Belziger Chaussee	de:12069:900220196::1	52.308526	12.718685	bus	MATCHED	n1151809046	2.9	0.86	Belziger Chaussee	580	Lehnin, Hohlweg	Belziger Straße	LINESTRING(12.718685 52.308526,12.718698900000001 52.3085018)
738	Lehnin	Belziger Chaussee	de:12069:900220196::2	52.308542	12.718463	bus	MATCHED	n1151809506	3.0	0.86	Belziger Chaussee	580	Michelsdorf, Ortsmitte	Ortsmitte	LINESTRING(12.718463 52.308542,12.7184664 52.3085688)
739	Lehnin	Belziger Str. 	de:12069:900220222::1	52.313141	12.737192	bus	MATCHED	n560931808	4.8	0.68	Belziger Straße	553,580,645	Lehnin, Busbahnhof / Lehnin, Busbahnhof	Busbahnhof	LINESTRING(12.737192 52.313141,12.737128100000001 52.3131223)
740	Lehnin	Belziger Str. 	de:12069:900220222::2	52.31321	12.737181	bus	MATCHED	n560931807	2.0	0.75	Belziger Straße	553,580,645	Lehnin, Kaltenhausen / Rädel, Gohlitzsee / Lehnin, Hohlweg	Gohlitzsee / Belziger Chaussee / Kaltenhausen	LINESTRING(12.737181 52.31321,12.737175700000002 52.313227700000006)
741	Lehnin	Busbahnhof	de:12069:900220186::1	52.317848	12.744929	bus	MATCHED	n5863089140	0.9	0.88	Busbahnhof	550,552,553,554,580,645	Emstal / Lehnin, Fischersberg / Lehnin, Belziger Str.	Fischersberg	LINESTRING(12.744929 52.317848,12.7449407 52.317852200000004)
742	Lehnin	Busbahnhof	de:12069:900220186::2	52.317683	12.745048	bus	MATCHED	n5863089138	0.2	0.92	Busbahnhof	550,553,554,645	Lehnin, Belziger Str. / Lehnin, Fischersberg / Lehnin, Beelitzer Str.	Belziger Straße / Emstal	LINESTRING(12.745048 52.317683,12.7450475 52.317685000000004)
743	Lehnin	Emstaler Str. 	de:12069:900220224::1	52.319006	12.764389	bus	MATCHED	n3619347089	1.0	0.81	Emstaler Straße	550	Lehnin, Waldsiedlung	Waldsiedlung	LINESTRING(12.764389 52.319006,12.7643942 52.3189975)
744	Lehnin	Emstaler Str. 	de:12069:900220224::2	52.319199	12.764033	bus	MATCHED	n3619347088	0.8	0.82	Emstaler Straße	550	Lehnin, Beelitzer Str.	Beelitzer Straße	LINESTRING(12.764033 52.319199,12.7640378 52.319206)
745	Lehnin	Fischersberg	de:12069:900222114::1	52.324779	12.751673	bus	MATCHED	n470912574	0.5	0.95	Fischersberg	550,554,580	Damsdorf (PM), Berliner Str.	Berliner Straße	LINESTRING(12.751673 52.324779,12.7516663 52.3247804)
746	Lehnin	Fischersberg	de:12069:900222114::2	52.324783	12.751442	bus	MATCHED	n470912599	7.5	0.74	Fischersberg	550,552,554,580	Lehnin, Beelitzer Str. / Lehnin, Busbahnhof / Lehnin, Busbahnhof	Busbahnhof / Beelitzer Straße	LINESTRING(12.751442 52.324783,12.7514871 52.3248444)
747	Lehnin	Hasenkamp	de:12069:900220390::1	52.321164	12.750869		NO_MATCH_AND_SEEMS_UNSERVED								POINT(12.750869 52.321164)
748	Lehnin	Hasenkamp	de:12069:900220390::2	52.32158	12.751367		NO_MATCH_AND_SEEMS_UNSERVED								POINT(12.751367 52.32158)
749	Lehnin	Hohlweg	de:12069:900220394	52.310929	12.729649		NO_MATCH_AND_SEEMS_UNSERVED								POINT(12.729649 52.310929)
750	Lehnin	Kaltenhausen	de:12069:900220221::1	52.319229	12.736962	bus	MATCHED	w1022632957	2.1	0.87	Kaltenhausen	645	Lehnin, Belziger Str.	Belziger Straße	LINESTRING(12.736962 52.319229,12.7369682 52.31924785)
751	Lehnin	Kaltenhausen	de:12069:900220221::2	52.319604	12.736893	bus	MATCHED	n470920217	3.3	0.84	Kaltenhausen	645	Lehnin, Weinbergweg	Weinbergweg	LINESTRING(12.736893 52.319604,12.736915600000001 52.3195776)
752	Lehnin	Waldsiedlung	de:12069:900220225::1	52.316639	12.771818	bus	MATCHED	n3619391847	4.2	0.73	Waldsiedlung	550	Lehnin, Emstaler Str.	Emstaler Straße	LINESTRING(12.771818 52.316639,12.7717851 52.316670800000004)
753	Lehnin	Weinbergweg	de:12069:900220220::1	52.324918	12.732447	bus	MATCHED	n470913736	9.0	0.71	Weinbergweg	645	Lehnin, Kaltenhausen	Kaltenhausen	LINESTRING(12.732447 52.324918,12.732316800000001 52.324933400000006)
754	Lehnin	Weinbergweg	de:12069:900220220::2	52.325023	12.732518	bus	MATCHED	n470912904	8.1	0.72	Weinbergweg	645	Nahmitz, Dorf	Nahmitz, Dorf	LINESTRING(12.732518 52.325023,12.732600000000001 52.32497)
755	Linthe	Alt Bork	de:12069:900224950::1	52.190047	12.868815	bus	MATCHED	n6454237768	1.5	0.86	Alt Bork	541,545,647	Deutsch Bork / Borkheide, Elsternweg / Neuendorf (bei Brück)	Schule / Deutsch Bork / Neuendorf (bei Brück) / Elsternweg	LINESTRING(12.868815 52.190047,12.8688365 52.190045600000005)
756	Linthe	Deutsch Bork	de:12069:900222059::1	52.166237	12.855088	bus	MATCHED	n6755683310	4.9	0.7	Deutsch Bork	545	Schlalach / Schlalach / Alt Bork	Alt Bork / Schlalach	LINESTRING(12.855088 52.166237,12.855029900000002 52.1662626)
757	Linthe	Dorfstr. 	de:12069:900222265::1	52.158317	12.785272	bus	MATCHED_THOUGH_REVERSED_DIR	n8059331883	2.2	0.39	Dorfstraße	543	Linthe, Lindenstr.	Chausseestraße	LINESTRING(12.785272 52.158317,12.785300300000001 52.1583271)
758	Linthe	Dorfstr. 	de:12069:900222265::2	52.158232	12.784878	bus	MATCHED_THOUGH_REVERSED_DIR	n8059331884	3.4	0.35	Dorfstraße	543	Brück, Chausseestr. / Linthe, Westfalenstr.	Lindenstraße	LINESTRING(12.784878 52.158232,12.7849236 52.15822)
759	Linthe	Lindenstr. 	de:12069:900222117::1	52.155545	12.787349	bus	MATCHED	n8059378985	48.6	0.33	Lindenstraße	543	Jeserig (bei Brück)	Jeserig (bei Brück)	LINESTRING(12.787349 52.155545,12.7868843 52.1552153)
760	Linthe	Lindenstr. 	de:12069:900222117::2	52.155487	12.787465	bus	MATCHED	n6755683319	6.3	0.62	Lindenstraße	543	Linthe, Dorfstr.	Dorfstraße	LINESTRING(12.787465 52.155487,12.787484500000001 52.1555423)
761	Linthe	Linther Str. 	de:12069:900222274::1	52.165649	12.783809	bus	MATCHED	n11783468383	7.5	0.61	Linther Straße	543	Linthe, Mindener Str.	Mindener Straße	LINESTRING(12.783809 52.165649,12.783872 52.1657037)
762	Linthe	Linther Str. 	de:12069:900222274::2	52.16574	12.783752	bus	NO_MATCH_BUT_OTHER_PLATFORM_MATCHED					543	Brück, Gregor-von-Brück-Ring		POINT(12.783752 52.16574)
763	Linthe	Mindener Str. 	de:12069:900222275::1	52.16807	12.776335	bus	MATCHED	n11783468380	6.3	0.63	Mindener Straße	543	Linthe, Westfalenstr.	Westfalenstraße	LINESTRING(12.776335 52.16807,12.7762922 52.1681206)
764	Linthe	Mindener Str. 	de:12069:900222275::2	52.168105	12.776246	bus	NO_MATCH_BUT_OTHER_PLATFORM_MATCHED					543	Linthe, Linther Str.		POINT(12.776246 52.168105)
765	Linthe	Westfalenstr. 	de:12069:900222276::1	52.161216	12.781376	bus	MATCHED	n11783468377	2.7	0.63	Westfalenstraße	543	Linthe, Mindener Str.		LINESTRING(12.781376 52.161216,12.781385100000001 52.161239200000004)
766	Linthe	Westfalenstr. 	de:12069:900222276::2	52.161141	12.781318	bus	MATCHED	n11783468375	5.8	0.67	Westfalenstraße	543	Linthe, Dorfstr. / Linthe, Lindenstr.	Dorfstraße	LINESTRING(12.781318 52.161141,12.7812835 52.161093)
767	Lübnitz	Ausbau	de:12069:900222120::1	52.155584	12.538647	bus	MATCHED	n2649594397	4.1	0.73	Ausbau	555,587,593	Lübnitz, Ortsmitte	Ortsmitte	LINESTRING(12.538647 52.155584,12.538612800000001 52.1556143)
768	Lübnitz	Ausbau	de:12069:900222120::2	52.155501	12.53882	bus	MATCHED	n2649594406	0.6	0.91	Ausbau	555,587,593	Bad Belzig, Röderhof / Bad Belzig, Markt / Hagelberg, Ortsmitte	Röderhof	LINESTRING(12.53882 52.155501,12.538817700000001 52.1554956)
769	Lübnitz	Ortsmitte	de:12069:900222121::1	52.156299	12.52938	bus	MATCHED	n2649594405	1.1	0.93	Ortsmitte	555,587,593	Hagelberg, Ortsmitte / Steindorf	Ortsmitte	LINESTRING(12.52938 52.156299,12.5293652 52.156302200000006)
770	Lübnitz	Ortsmitte	de:12069:900222121::2	52.156295	12.529193	bus	MATCHED	n2649594401	4.7	0.8	Ortsmitte	555,587,593	Lübnitz, Ausbau	Ausbau	LINESTRING(12.529193 52.156295,12.5291502 52.1562622)
771	Lühsdorf	Dorfstr. 	de:12069:900222124::1	52.155784	12.969445	bus	MATCHED	w791835642	6.1	0.52	Lühsdorf, Dorfstraße	546	Buchholz (bei Treuenbrietzen), Kirche / Kemnitz (TF), Kemnitzer Hauptstr. / Buchholz (bei Treuenbrietzen), Feuerwehr	Kirche / Weidehof	LINESTRING(12.969445 52.155784,12.969496600000001 52.15573905)
772	Lünow	Dorf	de:12069:900220304::1	52.488909	12.66144	bus	MATCHED	w1022614998	0.7	0.93	Lünow, Dorf	568	Grabow (bei Brandenburg a.d.H.)	Grabow (bei Brandenburg a.d.H.)	LINESTRING(12.66144 52.488909,12.6614292 52.4889081)
773	Lütte	Dorf	de:12069:900222126::1	52.200851	12.605512	bus	MATCHED	n1767681103	15.8	0.61	Lütte, Dorf	580,581	Dippmannsdorf, Ortsmitte	Ortsmitte	LINESTRING(12.605512 52.200851,12.6057342 52.200812000000006)
774	Lütte	Dorf	de:12069:900222126::2	52.200559	12.605657	bus	MATCHED	n1767680362	3.2	0.85	Lütte, Dorf	580,581	Fredersdorf (PM), Dorf / Schwanebeck (PM)	Schwanebeck (PM) / Fredersdorf (PM), Dorf	LINESTRING(12.605657 52.200559,12.605637600000001 52.2005325)
775	Marzahna	B2	de:12069:900222127::1	52.001648	12.776559	bus	MATCHED	w459445581	6.9	0.63	B2	585	Marzahna, Schule / Lobbese		LINESTRING(12.776559 52.001648,12.776637441605162 52.001687302527245)
776	Marzahna	B2	de:12069:900222127::2	52.001721	12.777078	bus	MATCHED	w459445583	6.6	0.76	B2	585	Schmögelsdorf	Schmögelsdorf	LINESTRING(12.777078 52.001721,12.777002704470426 52.00168364557007)
777	Marzahna	Mühle	de:12069:900222272::1	52.000248	12.7743		MATCHED	n2630384215	7.6	0.55	Mühle				LINESTRING(12.7743 52.000248,12.774378200000001 52.0002967)
778	Marzahna	Mühle	de:12069:900222272::2	52.00023	12.774222		MATCHED	n2630384214	1.7	0.82	Mühle				LINESTRING(12.774222 52.00023,12.774198700000001 52.000233900000005)
779	Marzahna	Schule	de:12069:900222128::1	51.998983	12.771515	bus	MATCHED	n11874244195	0.0	0.96	Schule	585	Lobbese / Marzahna, B2	Lobbese	LINESTRING(12.771515 51.998983,12.771515 51.998983)
780	Medewitz	Bahnhof	de:12069:900222245:1:50	52.061155	12.392049	trainish	MATCHED	n3417668694	6.8	0.38	Medewitz (Mark)	RE7	Jeber-Bergfrieden / Wiesenburg, Bahnhof	Jeber-Bergfrieden	LINESTRING(12.392049 52.061155,12.392048200000001 52.0610939)
781	Medewitz	Bahnhof	de:12069:900222245:2:51	52.061316	12.392227	train	MATCHED	n3417668693	26.8	0.37	Medewitz (Mark)	RE7	Wiesenburg, Bahnhof	Wiesenburg (Mark)	LINESTRING(12.392227 52.061316,12.3921167 52.061084900000004)
782	Medewitz	Bahnhof	de:12069:900222245::1	52.059561	12.390848		NO_MATCH_AND_SEEMS_UNSERVED								POINT(12.390848 52.059561)
783	Medewitz	Dorf	de:12069:900222129::1	52.059388	12.389851	bus	MATCHED	n3480895418	2.8	0.79	Medewitz, Dorf	555,589	Medewitzerhütten	Medewitzerhütten	LINESTRING(12.389851 52.059388,12.389833000000001 52.059410400000004)
784	Michelsdorf	Alte Dorfstr. 	de:12069:900222133::1	52.307978	12.698145	bus	MATCHED	n2188532689	2.7	0.65	Michelsdorf, Alte Dorfstraße	580	Michelsdorf, Ortsmitte		LINESTRING(12.698145 52.307978,12.698174000000002 52.307960900000005)
785	Michelsdorf	Ausbau	de:12069:900222131::1	52.300095	12.686429	bus	MATCHED	n520632766	14.5	0.62	Michelsdorf, Ausbau	580	Michelsdorf, Alte Dorfstr. / Michelsdorf, Ortsmitte	Ortsmitte	LINESTRING(12.686429 52.300095,12.686279 52.300003100000005)
786	Michelsdorf	Ausbau	de:12069:900222131::2	52.299855	12.685799	bus	MATCHED	n520632756	10.6	0.68	Michelsdorf, Ausbau	580	Oberjünne, Forsthaus	Forsthaus	LINESTRING(12.685799 52.299855,12.6858763 52.2999377)
787	Michelsdorf	Ortsmitte	de:12069:900222132::1	52.305949	12.704977	bus	MATCHED	n1593230023	3.9	0.83	Ortsmitte	580	Lehnin, Belziger Chaussee	Belziger Chaussee	LINESTRING(12.704977 52.305949,12.7049397 52.305922900000006)
788	Michelsdorf	Ortsmitte	de:12069:900222132::2	52.306028	12.705111	bus	MATCHED	n2188532805	2.6	0.87	Ortsmitte	580	Michelsdorf, Ausbau	Michelsdorf, Ausbau	LINESTRING(12.705111 52.306028,12.7051306 52.3060478)
789	Michelsdorf	Tornower Str. 	de:12069:900222279::1	52.304358	12.697183		NO_MATCH_AND_SEEMS_UNSERVED								POINT(12.697183 52.304358)
790	Michelsdorf	Tornower Str. 	de:12069:900222279::2	52.304432	12.69729		NO_MATCH_AND_SEEMS_UNSERVED								POINT(12.69729 52.304432)
791	Michendorf	Am Wolkenberg	de:12069:900220749::1	52.315616	13.040583	bus	MATCHED	n3890961199	2.0	0.89	Am Wolkenberg	608,613,643,646	Michendorf, Bahnhof / Michendorf, Bahnhof	Bahnhof	LINESTRING(13.040583 52.315616,13.040590100000001 52.31563370000001)
792	Michendorf	Am Wolkenberg	de:12069:900220749::2	52.31556	13.040922	bus	MATCHED	n3890961198	5.6	0.78	Am Wolkenberg	608,613,643	Langerwisch, Am Plan	Am Plan	LINESTRING(13.040922 52.31556,13.040991100000001 52.315532700000006)
793	Michendorf	Bahnhof	de:12069:900220003:1:50	52.316511	13.030614	train	MATCHED	n672965528	29.5	0.27	Michendorf	RB37,RE7	Seddin (PM), Bahnhof / Beelitz, Stadt Bhf / Wilhelmshorst, Bahnhof / Beelitz, Stadt Bhf	Seddin / Beelitz Stadt	LINESTRING(13.030614 52.316511,13.0308723 52.31672330000001)
794	Michendorf	Bahnhof	de:12069:900220003:1:51	52.316471	13.030676	train	MATCHED	n672965567	28.9	0.27	Michendorf	RB37,RE7	Wilhelmshorst, Bahnhof / Seddin (PM), Bahnhof	Wilhelmshorst	LINESTRING(13.030676 52.316471,13.0310038 52.3166353)
795	Michendorf	Bahnhof	de:12069:900220003:2:52	52.316562	13.031046	trainish	MATCHED	n30389742	5.1	0.58	Michendorf				LINESTRING(13.031046 52.316562,13.031046300000002 52.3166081)
796	Michendorf	Bahnhof	de:12069:900220003:2:53	52.316523	13.031124	trainish	MATCHED	n360859993	2.7	0.67	Michendorf			Wilhelmshorst	LINESTRING(13.031124 52.316523,13.0311584 52.3165107)
797	Michendorf	Bahnhof	de:12069:900220003::1	52.316064	13.031933	bus	MATCHED	n2397001024	11.7	0.66	Bahnhof	608,613,643,X43	Michendorf, Saarmunder Str.	Saarmunder Straße	LINESTRING(13.031933 52.316064,13.0318182 52.3159854)
798	Michendorf	Bahnhof	de:12069:900220003::2	52.316066	13.032018	bus	MATCHED	n2397001017	3.5	0.84	Bahnhof	608,613,643,X43	Michendorf, Caputher Weg / S Potsdam Hauptbahnhof / Michendorf, Am Wolkenberg	Am Wolkenberg / Michendorfer Chaussee/Friedhof	LINESTRING(13.032018 52.316066,13.0320531 52.316043)
799	Michendorf	Bahnhof	de:12069:900220003::3	52.316703	13.030683	bus	NO_MATCH_BUT_OTHER_PLATFORM_MATCHED					613,646	Michendorf, Caputher Weg / Michendorf, Bahnhof/Bahnstr.		POINT(13.030683 52.316703)
800	Michendorf	Bahnhof	de:12069:900220003::4	52.316376	13.032162		MATCHED	n5320053502	24.2	0.29	Bahnhof			Caputher Weg	LINESTRING(13.032162 52.316376,13.0322823 52.316580800000004)
801	Michendorf	Bahnhof	de:12069:900220003::5	52.316147	13.031165		NO_MATCH_AND_SEEMS_UNSERVED								POINT(13.031165 52.316147)
802	Michendorf	Bahnhof/Bahnstr. 	de:12069:900220023::1	52.316398	13.030163	bus	MATCHED	n5320053503	1.3	0.77	Bahnhof/Bahnstraße	613,646	Michendorf, Falkenweg	Saarmunder Straße / Falkenweg	LINESTRING(13.030163 52.316398,13.030159900000001 52.3164096)
803	Michendorf	Bahnhof/Bahnstr. 	de:12069:900220023::2	52.3167	13.030694	bus	MATCHED	n9131609489	0.1	0.82	Bahnhof/Bahnstraße	613	Michendorf, Caputher Weg	Caputher Weg	LINESTRING(13.030694 52.3167,13.030694800000001 52.31670080000001)
804	Michendorf	Bergheide	de:12069:900220903::1	52.298869	13.025169	bus	MATCHED	n4948708183	23.4	0.53	Bergheide	608,643,646	Michendorf, Siedlung Six	Siedlung Six	LINESTRING(13.025169 52.298869,13.025257700000001 52.299072)
805	Michendorf	Bergheide	de:12069:900220903::2	52.297632	13.02512	bus	MATCHED	n9131609454	4.8	0.7	Bergheide	608,643,646	Michendorf, Am Wolkenberg / Michendorf, Luckenwalder Str.		LINESTRING(13.02512 52.297632,13.025102700000001 52.2976736)
806	Michendorf	Caputher Weg	de:12069:900220748::1	52.320916	13.034156	bus	MATCHED	n9131609492	9.9	0.69	Caputher Weg	613,643	Michendorf, Am Wolkenberg / Michendorf, Bahnhof / Michendorf, Bahnhof/Bahnstr.	Bahnhof/Bahnstraße	LINESTRING(13.034156 52.320916,13.034025900000001 52.3208758)
807	Michendorf	Caputher Weg	de:12069:900220748::2	52.320973	13.034348	bus	MATCHED	n9131609493	10.6	0.68	Caputher Weg	613,643	Wilhelmshorst, Forstweg / Caputh, Am Torfstich	Kirschanger / Am Torfstich	LINESTRING(13.034348 52.320973,13.034305900000001 52.3208817)
808	Michendorf	Falkenweg	de:12069:900220757::1	52.315088	13.025685	bus	MATCHED	n9131609487	5.4	0.78	Falkenweg	608,613,646	Michendorf, Meisenweg	Meisenweg	LINESTRING(13.025685 52.315088,13.025717 52.31513270000001)
809	Michendorf	Falkenweg	de:12069:900220757::2	52.315132	13.025865	bus	MATCHED	n11873644060	72.1	0.34	Falkenweg	613	Michendorf, Bahnhof/Bahnstr.	Bahnhof/Bahnstraße	LINESTRING(13.025865 52.315132,13.025061200000001 52.314712)
810	Michendorf	Flottsteller Str. 	de:12069:900220752::1	52.311641	13.016858	bus	MATCHED	n9131609477	4.9	0.66	Flottsteller Straße	608,613	Michendorf, West		LINESTRING(13.016858 52.311641,13.0168759 52.311683800000004)
811	Michendorf	Flottsteller Str. 	de:12069:900220752::2	52.311443	13.018849	bus	MATCHED	n9131609479	2.3	0.6	Flottsteller Straße	608	Michendorf, Falkenweg / Michendorf, Kirche		LINESTRING(13.018849 52.311443,13.0188378 52.3114628)
812	Michendorf	Kirche	de:12069:900220751::1	52.309124	13.026557	bus	MATCHED	n9131609473	3.8	0.83	Kirche	608,613	Michendorf, Meisenweg / Michendorf, Falkenweg / Michendorf, Flottsteller Str.	Meisenweg	LINESTRING(13.026557 52.309124,13.026541600000002 52.309156400000006)
813	Michendorf	Kirche	de:12069:900220751::2	52.309086	13.026491	bus	MATCHED	n9131609472	1.9	0.83	Kirche	608,613,646	Michendorf, Saarmunder Str. / Michendorf, Luckenwalder Str.		LINESTRING(13.026491 52.309086,13.026497200000001 52.309069300000004)
814	Michendorf	Luckenwalder Str. 	de:12069:900220756::1	52.305131	13.028189	bus	MATCHED	n2397016866	2.6	0.79	Luckenwalder Straße	608,643,646,X43	Langerwisch, Autobahn / Michendorf, Siedlung Six / Michendorf, Bergheide	Autobahn / Bergheide / Siedlung Six	LINESTRING(13.028189 52.305131,13.028218800000001 52.3051449)
815	Michendorf	Luckenwalder Str. 	de:12069:900220756::2	52.306465	13.02734	bus	MATCHED	n2397016869	2.7	0.79	Luckenwalder Straße	608,643,X43	Michendorf, Saarmunder Str. / Michendorf, Kirche	Saarmunder Straße	LINESTRING(13.02734 52.306465,13.027357700000001 52.306486500000005)
816	Michendorf	Luckenwalder Str. 	de:12069:900220756::3	52.305128	13.02681		NO_MATCH_AND_SEEMS_UNSERVED								POINT(13.02681 52.305128)
817	Michendorf	Meisenweg	de:12069:900220758::1	52.313311	13.022486	bus	MATCHED	n9131609486	20.2	0.56	Meisenweg	608,613,646	Michendorf, Kirche / Michendorf, Flottsteller Str.	Flottsteller Straße	LINESTRING(13.022486 52.313311,13.022682000000001 52.313175300000005)
818	Michendorf	Meisenweg	de:12069:900220758::2	52.312393	13.023273	bus	MATCHED	n11873644059	101.8	0.29	Meisenweg	613	Michendorf, Falkenweg	Falkenweg	LINESTRING(13.023273 52.312393,13.0227368 52.3132462)
819	Michendorf	Meisenweg	de:12069:900220758::3	52.311754	13.021925		NO_MATCH_AND_SEEMS_UNSERVED								POINT(13.021925 52.311754)
820	Michendorf	Saarmunder Str. 	de:12069:900220755::1	52.310666	13.029335	bus	MATCHED	n2397001014	4.5	0.71	Saarmunder Straße	608,613,643,X43	Michendorf, Kirche / Michendorf, Luckenwalder Str.	Luckenwalder Straße / Kirche	LINESTRING(13.029335 52.310666,13.029330700000001 52.3107059)
821	Michendorf	Saarmunder Str. 	de:12069:900220755::2	52.310946	13.029625	bus	MATCHED	n2397001019	8.3	0.63	Saarmunder Straße	608,613,643,X43	Michendorf, Bahnhof	Bahnhof	LINESTRING(13.029625 52.310946,13.029629400000001 52.3108718)
822	Michendorf	Siedlung Six	de:12069:900220904::1	52.289963	13.018642	bus	MATCHED	n1077021716	4.6	0.81	Siedlung Six	608,643,646,X43	Seddin (PM), Jägerhof / Michendorf, Siedlung Six / Neuseddin, Gewerbestr.	Gewerbestraße / Jägerhof	LINESTRING(13.018642 52.289963,13.018616600000001 52.289925100000005)
823	Michendorf	Siedlung Six	de:12069:900220904::2	52.288718	13.017723	bus	MATCHED	n10287001259	3.0	0.86	Siedlung Six	608,643,646,X43	Michendorf, Bergheide / Michendorf, Luckenwalder Str.	Luckenwalder Straße	LINESTRING(13.017723 52.288718,13.017722000000001 52.288691400000005)
824	Michendorf	West	de:12069:900220754::1	52.31025	13.00842	bus	MATCHED	n9131609480	6.6	0.64	West	608,613	Michendorf, West		LINESTRING(13.00842 52.31025,13.0084449 52.310307400000006)
825	Michendorf	West	de:12069:900220754::2	52.310147	13.008251	bus	MATCHED	n9131609481	15.5	0.45	West	608	Michendorf, Flottsteller Str.		LINESTRING(13.008251 52.310147,13.008456500000001 52.31020650000001)
826	Mötzow	Abzw., Lünow	de:12069:900220297::1	52.475794	12.595601	bus	MATCHED	n3617586567	15.2	0.5	Abzweig Lünow	568	Radewege, Pählbrücke	Pählbrücke	LINESTRING(12.595601 52.475794,12.5958246 52.4757881)
827	Mötzow	Abzw., Lünow	de:12069:900220297::2	52.475903	12.595491		MATCHED	n3617586564	36.7	0.15	Abzweig Lünow				LINESTRING(12.595491 52.475903,12.5958701 52.475667900000005)
828	Mötzow	Dorf	de:12069:900220296::1	52.46416	12.590228		MATCHED	n3483928209	21.0	0.32	Mötzow, Dorf				LINESTRING(12.590228 52.46416,12.5902738 52.4639735)
829	Mötzow	Dorf	de:12069:900220296::2	52.464211	12.589933		MATCHED	n3619096954	5.2	0.64	Mötzow, Dorf				LINESTRING(12.589933 52.464211,12.589876700000001 52.4642423)
830	Mötzow	Katharinenbrücke	de:12069:900220352::1	52.449916	12.59168		MATCHED	n3617586566	5.0	0.64	Katharinenbrücke				LINESTRING(12.59168 52.449916,12.5917063 52.449874)
831	Mötzow	Katharinenbrücke	de:12069:900220352::2	52.449892	12.591593		MATCHED	n3617586565	3.7	0.7	Katharinenbrücke				LINESTRING(12.591593 52.449892,12.591580400000002 52.4499246)
832	Mühlenfließ	Grabow (bei Niemegk)	de:12069:900222243::1	52.110576	12.748149	bus	MATCHED	n3587764092	0.0	0.96	Grabow (bei Niemegk)	584	Haseloff / Rietz (bei Treuenbrietzen), Dreieck	Haseloff / Dreieck	LINESTRING(12.748149 52.110576,12.748149000000002 52.110576)
833	Mühlenfließ	Haseloff	de:12069:900222096::1	52.089843	12.755371	bus	MATCHED	n10990385742	4.5	0.81	Haseloff	582,584	Grabow (bei Niemegk) / Treuenbrietzen, Ärztehaus/Kino / Rietz (bei Treuenbrietzen), Dreieck	Grabow (bei Niemegk) / Dreieck	LINESTRING(12.755371 52.089843,12.7554174 52.089871800000004)
834	Mühlenfließ	Haseloff	de:12069:900222096::2	52.08986	12.755292	bus	MATCHED	n3587762330	7.6	0.73	Haseloff	582,584	Niemegk, Gewerbegebiet	Gewerbegebiet	LINESTRING(12.755292 52.08986,12.7551853 52.089879100000005)
835	Mühlenfließ	Jeserig (bei Brück)	de:12069:900222100::1	52.130049	12.7963	bus	MATCHED	n6766641652	0.6	0.95	Jeserig (bei Brück)	543	Linthe, Lindenstr.	Lindenstraße	LINESTRING(12.7963 52.130049,12.7963009 52.130054200000004)
836	Mühlenfließ	Jeserig (bei Brück)	de:12069:900222100::2	52.130018	12.795978	bus	MATCHED	n10296629209	5.8	0.78	Jeserig (bei Brück)	543	Niederwerbig	Niederwerbig	LINESTRING(12.795978 52.130018,12.795918100000002 52.1299817)
837	Mühlenfließ	Nichel	de:12069:900222140::1	52.115622	12.82047		MATCHED	n10296570004	12.4	0.44	Nichel			Niederwerbig / Bahnhofstraße / Ärztehaus/Kino	LINESTRING(12.82047 52.115622,12.8202934 52.115647900000006)
838	Mühlenfließ	Nichel	de:12069:900222140::2	52.115568	12.820653	bus	MATCHED	n10296570002	2.6	0.8	Nichel	543	Niederwerbig / Treuenbrietzen, Brücker Str. / Linthe, Lindenstr.		LINESTRING(12.820653 52.115568,12.820622400000001 52.1155814)
839	Mühlenfließ	Niederwerbig	de:12069:900222143::1	52.11322	12.786494	bus	MATCHED	n6755683313	2.0	0.89	Niederwerbig	543	Nichel	Nichel	LINESTRING(12.786494 52.11322,12.786478800000001 52.11320490000001)
840	Mühlenfließ	Niederwerbig	de:12069:900222143::2	52.11331	12.787625	bus	MATCHED	n6766641655	14.6	0.62	Niederwerbig	543	Jeserig (bei Brück)	Jeserig (bei Brück)	LINESTRING(12.787625 52.11331,12.787835600000001 52.1133314)
841	Mühlenfließ	Schlalach	de:12069:900222175::1	52.144383	12.845369	bus	MATCHED	n6766641650	1.2	0.88	Schlalach	545	Brachwitz / Deutsch Bork	Deutsch Bork / Berliner Dreieck / Brachwitz	LINESTRING(12.845369 52.144383,12.845384800000001 52.1443881)
842	Mühlenfließ	Schlalach	de:12069:900222175::2	52.144399	12.845348	bus	NO_MATCH_BUT_OTHER_PLATFORM_MATCHED					545	Treuenbrietzen, Berliner Dreieck		POINT(12.845348 52.144399)
843	Nahmitz	Dorf	de:12069:900220218::1	52.337087	12.726016	bus	MATCHED	n404542808	15.8	0.61	Nahmitz, Dorf	645	Lehnin, Weinbergweg	Weinbergweg	LINESTRING(12.726016 52.337087,12.726126800000001 52.3369623)
844	Nahmitz	Dorf	de:12069:900220218::2	52.33723	12.726058	bus	MATCHED	n358168477	7.5	0.74	Nahmitz, Dorf	645	Nahmitz, Friedhof	Friedhof	LINESTRING(12.726058 52.33723,12.726109300000001 52.337169900000006)
845	Nahmitz	Friedhof	de:12069:900220219::1	52.339161	12.720257	bus	MATCHED	w1022632959	1.6	0.89	Friedhof	645	Nahmitz, Dorf	Nahmitz, Dorf	LINESTRING(12.720257 52.339161,12.72023365 52.339157500000006)
846	Nahmitz	Friedhof	de:12069:900220219::2	52.33921	12.720295	bus	MATCHED	w1022632960	2.0	0.88	Friedhof	645	Netzen, Klostertrift	Klostertrift	LINESTRING(12.720295 52.33921,12.72032085 52.339218300000006)
847	Neschholz	Ausbau	de:12069:900222136::1	52.160246	12.688243	bus	MATCHED	n1363413331	0.8	0.94	Ausbau	540,586	Baitz, Bahnhof	Bahnhof	LINESTRING(12.688243 52.160246,12.688255000000002 52.1602455)
848	Neschholz	Ausbau	de:12069:900222136::2	52.160296	12.688075	bus	MATCHED	n5378108456	3.2	0.85	Ausbau	540,586	Neschholz, Ortsmitte	Ortsmitte	LINESTRING(12.688075 52.160296,12.688028800000001 52.16029)
849	Neschholz	Ortsmitte	de:12069:900222137::1	52.152459	12.694986	bus	MATCHED	n1363417136	3.0	0.78	Ortsmitte	540,586	Neschholz, Ausbau / Lüsse / Gömnigk, Trebitzer Weg	Ausbau / Trebitzer Weg	LINESTRING(12.694986 52.152459,12.695020900000001 52.152442)
850	Neschholz	Ortsmitte	de:12069:900222137::2	52.152455	12.694936	bus	MATCHED	n5378108454	4.0	0.73	Ortsmitte	540,586	Lüsse / Gömnigk, Trebitzer Weg / Ziezow	Ziezow / Lüsse / Trebitzer Weg	LINESTRING(12.694936 52.152455,12.6948792 52.152463700000006)
851	Netzen	Alte Feuerwehr	de:12069:900220353::1	52.342639	12.683392		NO_MATCH_AND_SEEMS_UNSERVED								POINT(12.683392 52.342639)
852	Netzen	Dorf	de:12069:900220216::1	52.341078	12.683288	bus	MATCHED	n3619193501	8.5	0.72	Netzen, Dorf	645	Netzen, Klostertrift	Klostertrift	LINESTRING(12.683288 52.341078,12.683222500000001 52.3410127)
853	Netzen	Dorf	de:12069:900220216::2	52.341056	12.682877	bus	MATCHED	w1022632956	3.8	0.81	Netzen, Dorf	645	Grebs (bei Lehnin), Dorfanger	Grebs (bei Lehnin)	LINESTRING(12.682877 52.341056,12.6828234 52.34104685)
854	Netzen	Klostertrift	de:12069:900220217::1	52.340225	12.694151	bus	MATCHED	n3619228339	2.9	0.86	Klostertrift	645	Nahmitz, Friedhof	Friedhof	LINESTRING(12.694151 52.340225,12.694141700000001 52.3401998)
855	Netzen	Klostertrift	de:12069:900220217::2	52.340337	12.693766	bus	MATCHED	n3619224365	4.3	0.82	Klostertrift	645	Netzen, Dorf	Netzen, Dorf	LINESTRING(12.693766 52.340337,12.693825200000001 52.340349)
856	Neu Bochow	Am Frucht und Frachthof	de:12069:900220694::1	52.39	12.765536		NO_MATCH_AND_SEEMS_UNSERVED								POINT(12.765536 52.39)
857	Neu Bochow	Birkenweg	de:12069:900220693::1	52.379366	12.766582	bus	MATCHED	n428135389	2.3	0.88	Birkenweg	550	Bochow (PM), Kirche	Kirche	LINESTRING(12.766582 52.379366,12.766609500000001 52.379378300000006)
858	Neu Bochow	Birkenweg	de:12069:900220693::2	52.379334	12.76559	bus	MATCHED	n428135385	2.1	0.89	Birkenweg	550	Neu Bochow, Lehniner Chaussee	Lehniner Chaussee	LINESTRING(12.76559 52.379334,12.765566100000001 52.3793225)
859	Neu Bochow	Lehniner Chaussee	de:12069:900220710::1	52.375845	12.764904	bus	MATCHED	n4163117290	182.5	0.22	Lehniner Chaussee	550	Neu Bochow, Birkenweg	Birkenweg	LINESTRING(12.764904 52.375845,12.7648658 52.3742059)
860	Neu Bochow	Lehniner Chaussee	de:12069:900220710::2	52.375318	12.764768	bus	MATCHED	n4163117289	184.8	0.22	Lehniner Chaussee	550	Damsdorf (PM), Lehniner Str. / Damsdorf (PM), Göhlsdorfer Str. / Damsdorf (PM), Wohnpark Havelland	Wohnpark Havelland	LINESTRING(12.764768 52.375318,12.764713200000001 52.3736583)
861	Neu Plötzin	An der Autobahn	de:12069:900220688::1	52.393182	12.836479	bus	MATCHED	n2188302280	0.6	0.95	An der Autobahn	635	Derwitz, B1/Dorfstr.	B1/Dorfstraße	LINESTRING(12.836479 52.393182,12.8364702 52.39318170000001)
862	Neu Plötzin	An der Autobahn	de:12069:900220688::2	52.392811	12.837179	bus	MATCHED	n2188302276	1.8	0.9	An der Autobahn	635	Neu Plötzin, Kleiner Bruchweg	Kleiner Bruchweg	LINESTRING(12.837179 52.392811,12.837185000000002 52.39282660000001)
863	Neu Plötzin	Dorf	de:12069:900220685::1	52.38412	12.860063	bus	MATCHED	n2188233838	2.9	0.86	Neu Plötzin, Dorf	635	Neu Plötzin, Kleiner Bruchweg	Kleiner Bruchweg	LINESTRING(12.860063 52.38412,12.860088500000002 52.384098800000004)
864	Neu Plötzin	Dorf	de:12069:900220685::2	52.383658	12.86095	bus	MATCHED	n2188233792	1.9	0.89	Neu Plötzin, Dorf	635	Plessow, Plessower Eck	Plessower Eck	LINESTRING(12.86095 52.383658,12.860960500000001 52.38364180000001)
865	Neu Plötzin	Kleiner Bruchweg	de:12069:900220686::1	52.387669	12.85074	bus	MATCHED	n2188302295	6.7	0.76	Kleiner Bruchweg	635	Neu Plötzin, An der Autobahn	An der Autobahn	LINESTRING(12.85074 52.387669,12.850834800000001 52.3876544)
866	Neu Plötzin	Kleiner Bruchweg	de:12069:900220686::2	52.387704	12.850494	bus	MATCHED	n2188302291	7.4	0.74	Kleiner Bruchweg	635	Neu Plötzin, Dorf	Neu Plötzin, Dorf	LINESTRING(12.850494 52.387704,12.8504526 52.387642500000005)
867	Neu Töplitz	Weinbergstr. 	de:12069:900220498::1	52.441459	12.905142	bus	MATCHED	n750493438	4.7	0.62	Neu Töplitz, Weinbergstraße	612,634	Töplitz, Zur alten Fähre	Neu Töplitz, Wendeplatz / Töplitz, Zur alten Fähre	LINESTRING(12.905142 52.441459,12.9051842 52.441492700000005)
868	Neu Töplitz	Weinbergstr. 	de:12069:900220498::2	52.441582	12.905279	bus	NO_MATCH_BUT_OTHER_PLATFORM_MATCHED					612,634	Neu Töplitz, Wendeplatz		POINT(12.905279 52.441582)
869	Neu Töplitz	Wendeplatz	de:12069:900220499::1	52.444503	12.90645	bus	MATCHED	w1050728339	2.9	0.77	Neu Töplitz, Wendeplatz	612,634	Neu Töplitz, Weinbergstr.	Töplitz, Zur alten Fähre	LINESTRING(12.90645 52.444503,12.90644825 52.444477250000006)
870	Neubensdorf	Herrenhölzer Weg	de:12069:900220344::1	52.4101	12.34338	bus	MATCHED	n3625227857	4.0	0.83	Herrenhölzer Weg	563	Herrenhölzer	Herrenhölzer	LINESTRING(12.34338 52.4101,12.343349600000002 52.410130300000006)
871	Neubensdorf	Herrenhölzer Weg	de:12069:900220344::2	52.41019	12.343516		NO_MATCH_AND_SEEMS_UNSERVED								POINT(12.343516 52.41019)
872	Neuendorf (bei Brück)	West	de:12069:900224941::1	52.202042	12.820578	bus	MATCHED	n10292719989	1.0	0.93	Neuendorf (bei Brück), West	541	Brück, Beelitzer Str.	Beelitzer Straße	LINESTRING(12.820578 52.202042,12.8205886 52.202048500000004)
873	Neuendorf (bei Brück)	West	de:12069:900224941::2	52.202014	12.820553	bus	MATCHED	n10289068677	2.4	0.88	Neuendorf (bei Brück), West	541	Neuendorf (bei Brück)	Neuendorf (bei Brück)	LINESTRING(12.820553 52.202014,12.820534 52.201996400000006)
874	Neuseddin	Abzweig Pappelallee	de:12069:900220910::1	52.281531	12.999756	bus	MATCHED	n1477057656	7.6	0.73	Abzweig Pappelallee	643,646	Neuseddin, Heimvolkshochschule	Heimvolkshochschule	LINESTRING(12.999756 52.281531,12.999702500000001 52.281471)
875	Neuseddin	Abzweig Pappelallee	de:12069:900220910::2	52.281686	12.999659	bus	MATCHED	n1477057657	3.3	0.85	Abzweig Pappelallee	643,646	Neuseddin, Waldstr.	Waldstraße	LINESTRING(12.999659 52.281686,12.999705100000002 52.2816945)
876	Neuseddin	Birkenweg	de:12069:900220909::1	52.285732	13.00174	bus	MATCHED	n1477057666	9.3	0.57	Birkenweg	643,646	Neuseddin, Waldstr.	Waldstraße	LINESTRING(13.00174 52.285732,13.001819300000001 52.28580040000001)
877	Neuseddin	Birkenweg	de:12069:900220909::2	52.285967	13.002089	bus	MATCHED	n1477057668	6.9	0.63	Birkenweg	643,646	Neuseddin, Gewerbestr.	Gewerbestraße	LINESTRING(13.002089 52.285967,13.002130500000002 52.285910400000006)
878	Neuseddin	Gewerbestr. 	de:12069:900220905::1	52.287577	13.010967	bus	MATCHED	n3010338733	1.3	0.73	Gewerbestraße	643,646	Neuseddin, Birkenweg	Birkenweg	LINESTRING(13.010967 52.287577,13.0109744 52.2875877)
879	Neuseddin	Gewerbestr. 	de:12069:900220905::2	52.287496	13.01101	bus	MATCHED	n3010338734	9.3	0.56	Gewerbestraße	643,646	Michendorf, Siedlung Six	Siedlung Six	LINESTRING(13.01101 52.287496,13.010878 52.287516800000006)
880	Neuseddin	Heimvolkshochschule	de:12069:900220918::1	52.2791	13.005858	bus	MATCHED	n3010071366	5.8	0.78	Heimvolkshochschule	643,646	Seddin (PM), Jägerhof / Seddin (PM), Jägerhof	Jägerhof	LINESTRING(13.005858 52.2791,13.0057804 52.2791208)
881	Neuseddin	Heimvolkshochschule	de:12069:900220918::2	52.27905	13.006223	bus	MATCHED	n3010071367	5.2	0.79	Heimvolkshochschule	643,646	Neuseddin, Abzweig Pappelallee	Abzweig Pappelallee	LINESTRING(13.006223 52.27905,13.0061478 52.2790577)
882	Neuseddin	Schule	de:12069:900220913::1	52.289971	12.990533	bus	MATCHED	n3010338331	4.2	0.72	Schule	646	Neuseddin, Waldstr.	Waldstraße	LINESTRING(12.990533 52.289971,12.9904995 52.2899393)
883	Neuseddin	Waldstr. 	de:12069:900220912::1	52.287487	12.991633	bus	MATCHED	n1477057675	1.4	0.73	Waldstraße	643,646	Neuseddin, Schule / Seddin (PM), Bahnhof	Seddin Bahnhof	LINESTRING(12.991633 52.287487,12.9916473 52.2874957)
884	Neuseddin	Waldstr. 	de:12069:900220912::2	52.287279	12.991797	bus	MATCHED	n1477057669	9.0	0.56	Waldstraße	643,646	Neuseddin, Birkenweg / Neuseddin, Abzweig Pappelallee	Birkenweg / Abzweig Pappelallee	LINESTRING(12.991797 52.287279,12.991864000000001 52.287209700000005)
885	Niebel	Abzweig	de:12069:900220178::1	52.135816	12.910674		MATCHED	n1142100103	5.9	0.61	Niebel, Abzweig				LINESTRING(12.910674 52.135816,12.910755 52.135798)
886	Niebel	Ortsmitte	de:12069:900222141::1	52.133894	12.922327	bus	NO_MATCH_BUT_OTHER_PLATFORM_MATCHED					546	Treuenbrietzen, Weidehof		POINT(12.922327 52.133894)
887	Niebel	Ortsmitte	de:12069:900222141::2	52.133799	12.922236	bus	MATCHED	n313411994	5.9	0.66	Niebel, Ortsmitte	546	Niebelhorst	Berliner Siedlung / Niebelhorst	LINESTRING(12.922236 52.133799,12.9222686 52.133847900000006)
888	Niemegk	Autobahn	de:12069:900222144::1	52.093006	12.692543	bus	MATCHED	n3587290980	2.8	0.86	Autobahn	582,586	Niemegk, Bahnhofstr.	Bahnhofstraße	LINESTRING(12.692543 52.093006,12.6925021 52.0930052)
889	Niemegk	Autobahn	de:12069:900222144::2	52.092921	12.692675	bus	MATCHED	n11795595425	7.8	0.73	Autobahn	582,586	Mörz / Dahnsdorf / Dahnsdorf	Dahnsdorf	LINESTRING(12.692675 52.092921,12.692627400000001 52.0929847)
890	Niemegk	Bahnhofstr. 	de:12069:900222145::1	52.08173	12.695245	bus	MATCHED	n999143934	0.0	0.81	Bahnhofstraße	582,584,586	Niemegk, Lindenhof	Lindenhof / Markt	LINESTRING(12.695245 52.08173,12.695245000000002 52.08173)
891	Niemegk	Bahnhofstr. 	de:12069:900222145::2	52.081895	12.695521	bus	MATCHED	n3587738363	0.0	0.81	Bahnhofstraße	582,584,586	Niemegk, Autobahn / Niemegk, Gewerbegebiet	Autobahn / Gewerbegebiet	LINESTRING(12.695521 52.081895,12.695521000000001 52.081895)
892	Niemegk	Gewerbegebiet	de:12069:900222146::1	52.081761	12.709388	bus	MATCHED	n3587758926	0.5	0.95	Gewerbegebiet	582,584	Haseloff	Haseloff	LINESTRING(12.709388 52.081761,12.7093948 52.0817612)
893	Niemegk	Gewerbegebiet	de:12069:900222146::2	52.081728	12.708709	bus	MATCHED	n3587758927	0.9	0.93	Gewerbegebiet	582,584	Niemegk, Bahnhofstr.	Bahnhofstraße	LINESTRING(12.708709 52.081728,12.7087195 52.0817233)
894	Niemegk	Hohenwerbig	de:12069:900222099::1	52.046709	12.706384	bus	MATCHED	n3589340718	0.0	0.97	Hohenwerbig	583	Zixdorf / Niemegk, Wittenberger Str.	Wittenberger Straße / Zixdorf	LINESTRING(12.706384 52.046709,12.706384000000002 52.046709)
895	Niemegk	Hohenwerbig	de:12069:900222099::2	52.04697	12.705104		MATCHED	n10272875793	18.3	0.35	Hohenwerbig				LINESTRING(12.705104 52.04697,12.704960300000002 52.047108200000004)
896	Niemegk	Hohenwerbig	de:12069:900222099::3	52.047037	12.705174		MATCHED	n10272875794	19.2	0.34	Hohenwerbig				LINESTRING(12.705174 52.047037,12.7050689 52.047196400000004)
897	Niemegk	Lindenhof	de:12069:900222252::1	52.077248	12.688338	bus	MATCHED	w1269115857	6.3	0.76	Lindenhof	582,584,586	Niemegk, Markt / Niemegk, Markt	Markt	LINESTRING(12.688338 52.077248,12.68837895766656 52.07729906373514)
898	Niemegk	Lindenhof	de:12069:900222252::2	52.077965	12.689084	bus	MATCHED	n5380582977	6.2	0.76	Lindenhof	582,584,586	Niemegk, Bahnhofstr.	Bahnhofstraße	LINESTRING(12.689084 52.077965,12.689134200000002 52.078011700000005)
899	Niemegk	Lühnsdorf	de:12069:900222123::1	52.08106	12.644534	bus	MATCHED	w1270917229	2.1	0.88	Lühnsdorf	572,586	Niemegk, Werdermühle	Werdermühle	LINESTRING(12.644534 52.08106,12.64455435 52.0810746)
900	Niemegk	Lühnsdorf	de:12069:900222123::2	52.081076	12.644673	bus	MATCHED	w1378685862	23.8	0.49	Lühnsdorf	586	Kranepuhl (bei Bad Belzig)	Kranepuhl (bei Bad Belzig)	LINESTRING(12.644673 52.081076,12.6445693 52.0812796)
901	Niemegk	Lühnsdorf	de:12069:900222123::3	52.081436	12.6425	bus	MATCHED	n2733761388	3.6	0.84	Lühnsdorf	592	Buchholz (bei Niemegk)	Buchholz (bei Niemegk)	LINESTRING(12.6425 52.081436,12.642509500000001 52.081468)
902	Niemegk	Lühnsdorf	de:12069:900222123::4	52.081369	12.642519	bus	NO_MATCH_BUT_OTHER_PLATFORM_MATCHED					592	Kranepuhl (bei Bad Belzig)		POINT(12.642519 52.081369)
903	Niemegk	Markt	de:12069:900222147::1	52.074724	12.689177	bus	MATCHED	n915275797	3.1	0.77	Markt	582,583,584,586,592	Niemegk, Lindenhof / Neuendorf (bei Niemegk) / Niemegk, Bahnhofstr. / Niemegk, Werdermühle	Lindenhof / Bahnhofstraße / Werdermühle	LINESTRING(12.689177 52.074724,12.689222000000001 52.07472490000001)
904	Niemegk	Markt	de:12069:900222147::2	52.074339	12.688918	bus	MATCHED	n3587738361	3.6	0.83	Markt	572,582,583,584,586	Neuendorf (bei Niemegk) / Niemegk, Str. der Jugend / Niemegk, Wittenberger Str.	Neuendorf (bei Niemegk) / Schule / Straße der Jugend	LINESTRING(12.688918 52.074339,12.688960400000001 52.074319300000006)
905	Niemegk	Schule	de:12069:900224564::1	52.071013	12.699089	bus	MATCHED	w1269278921	10.1	0.55	Schule	582,583,584,586,592	Niemegk, Str. der Jugend	Straße der Jugend / Markt	LINESTRING(12.699089 52.071013,12.698942050000001 52.0710083)
906	Niemegk	Str. der Jugend	de:12069:900222148::1	52.070865	12.694518	bus	MATCHED	n3587746682	0.0	0.82	Straße der Jugend	582,583,584,586,592	Neuendorf (bei Niemegk) / Niemegk, Teichstr. / Niemegk, Wittenberger Str.	Teichstraße / Neuendorf (bei Niemegk) / Wittenberger Straße	LINESTRING(12.694518 52.070865,12.694518 52.070865000000005)
907	Niemegk	Str. der Jugend	de:12069:900222148::2	52.070797	12.694955	bus	MATCHED	n3587746683	0.0	0.82	Straße der Jugend	582,583,584,586,592	Niemegk, Schule	Schule	LINESTRING(12.694955 52.070797,12.694955 52.070797000000006)
908	Niemegk	Teichstr. 	de:12069:900224565::1	52.071371	12.689988	bus	MATCHED	w1269115856	8.5	0.58	Teichstraße	582,583,584,586,592	Niemegk, Markt	Markt	LINESTRING(12.689988 52.071371,12.690027050000001 52.07129830000001)
909	Niemegk	Werdermühle	de:12069:900222149::1	52.075036	12.658356	bus	MATCHED	n3596422969	0.0	0.97	Werdermühle	572,586	Niemegk, Markt	Markt	LINESTRING(12.658356 52.075036,12.658356000000001 52.075036000000004)
910	Niemegk	Werdermühle	de:12069:900222149::2	52.075238	12.658067	bus	MATCHED	n2733761389	2.1	0.88	Werdermühle	586	Lühnsdorf	Lühnsdorf	LINESTRING(12.658067 52.075238,12.658095300000001 52.0752463)
911	Niemegk	Wittenberger Str. 	de:12069:900222221::1	52.065999	12.692594	bus	MATCHED	n3589347571	0.0	0.82	Wittenberger Straße	583	Hohenwerbig, Ausbau / Zixdorf	Ausbau / Zixdorf	LINESTRING(12.692594 52.065999,12.692594000000001 52.065999000000005)
912	Niemegk	Wittenberger Str. 	de:12069:900222221::2	52.06609	12.692609	bus	MATCHED	n3589347573	0.0	0.82	Wittenberger Straße	583,592	Niemegk, Str. der Jugend / Niemegk, Teichstr.	Straße der Jugend / Teichstraße	LINESTRING(12.692609 52.06609,12.692609000000001 52.06609)
913	Nudow	Abzweig Fahlhorst	de:12069:900220147::1	52.325875	13.146966		MATCHED	n1213011303	3.3	0.72	Abzweig Fahlhorst				LINESTRING(13.146966 52.325875,13.146987600000001 52.3259016)
914	Nudow	Abzweig Fahlhorst	de:12069:900220147::2	52.325821	13.147082		MATCHED	n1213011308	0.6	0.9	Abzweig Fahlhorst				LINESTRING(13.147082 52.325821,13.1470889 52.325817300000004)
915	Nudow	Abzweig nach Ludwigsfelde	de:12069:900220144::1	52.329908	13.173563	bus	MATCHED	n307760170	11.0	0.67	Nudow, Abzweig nach Ludwigsfelde	715,X19	Ludwigsfelde, Struveweg / Ahrensdorf (bei Ludwigsfelde), An der Feuerwache	Struveweg / Siethen, Seestück / An der Feuerwache	LINESTRING(13.173563 52.329908,13.173581800000001 52.3298095)
916	Nudow	Abzweig nach Ludwigsfelde	de:12069:900220144::2	52.330301	13.173432	bus	MATCHED	n307760110	3.8	0.83	Nudow, Abzweig nach Ludwigsfelde	715,X19	Potsdam, Stern-Center/Nuthestr.	Stern-Center/Nuthestraße / Bahnhof Rehbrücke/Süd	LINESTRING(13.173432 52.330301,13.1733843 52.330319200000005)
917	Nudow	Drewitzer Str. 	de:12069:900220146::1	52.326951	13.159881	bus	MATCHED	n506189348	6.9	0.47	Drewitzer Straße	611	Nudow, Stöckerhaus / Fahlhorst, Baumschule		LINESTRING(13.159881 52.326951,13.1599751 52.326974500000006)
918	Nudow	Drewitzer Str. 	de:12069:900220146::2	52.326923	13.16009	bus	MATCHED	n506189347	8.8	0.59	Drewitzer Straße	611,613	Nudow, Zur Mühle	Zur Mühle	LINESTRING(13.16009 52.326923,13.1599833 52.326878)
919	Nudow	Stöckerhaus	de:12069:900220148::1	52.326137	13.135016	bus	MATCHED	n1213011310	3.1	0.77	Stöckerhaus	611	Saarmund, Bahnhof		LINESTRING(13.135016 52.326137,13.135013500000001 52.326165)
920	Nudow	Stöckerhaus	de:12069:900220148::2	52.326102	13.13512	bus	MATCHED	n1213011355	4.1	0.82	Stöckerhaus	611,613	Fahlhorst, Baumschule	Baumschule	LINESTRING(13.13512 52.326102,13.135176900000001 52.3260902)
921	Nudow	Zur Mühle	de:12069:900220145::1	52.328848	13.166974	bus	MATCHED	n1213011330	5.4	0.79	Zur Mühle	611,613	Nudow, Drewitzer Str.		LINESTRING(13.166974 52.328848,13.1669446 52.328892800000006)
922	Nudow	Zur Mühle	de:12069:900220145::2	52.328835	13.167092	bus	MATCHED	n1213011323	4.1	0.82	Zur Mühle	611,613	Philippsthal / Schenkenhorst, Gemeindehaus	Gemeindehaus / Philippsthal	LINESTRING(13.167092 52.328835,13.167077500000001 52.3287995)
923	Nuthetal	Philippsthal	de:12069:900220150::1	52.332656	13.140645	bus	MATCHED	n1213011357	18.7	0.58	Philippsthal	613	Saarmund, Abzweig zum Bahnhof / Nudow, Stöckerhaus / Saarmund, Bahnhof	Am Markt / Bahnhof	LINESTRING(13.140645 52.332656,13.140813900000001 52.332787800000006)
924	Nuthetal	Philippsthal	de:12069:900220150::2	52.332653	13.140799	bus	MATCHED	n1213011333	12.0	0.66	Philippsthal	613	Philippsthal / Potsdam, Stern-Center/Nuthestr.	Stöckerhaus / Stern-Center/Nuthestraße	LINESTRING(13.140799 52.332653,13.140916200000001 52.3327338)
925	Oberjünne	Abzweig Brück	de:12069:900222150::1	52.273419	12.634548		MATCHED	n3512451589	2.4	0.78	Oberjünne, Abzweig Brück				LINESTRING(12.634548 52.273419,12.634531 52.2734004)
926	Oberjünne	Abzweig Brück	de:12069:900222150::2	52.273591	12.633995		MATCHED	n3512451998	40.1	0.2	Oberjünne, Abzweig Brück				LINESTRING(12.633995 52.273591,12.634434500000001 52.273351500000004)
927	Oberjünne	Dorf	de:12069:900222280::1	52.280031	12.640656	bus	MATCHED	n2188532647	2.6	0.87	Dorf	542,580	Golzow (PM), Lehniner Str. / Oberjünne, Forsthaus	Lehniner Straße / Forsthaus	LINESTRING(12.640656 52.280031,12.640652300000001 52.280007700000006)
928	Oberjünne	Dorf	de:12069:900222280::2	52.280058	12.640237	bus	MATCHED	n3636938735	0.6	0.95	Dorf	542,580	Golzow (PM), Lehniner Str. / Cammer, Feldstr.	Lehniner Straße / Feldstraße	LINESTRING(12.640237 52.280058,12.6402367 52.280063600000005)
929	Oberjünne	Forsthaus	de:12069:900222151::1	52.286636	12.658199	bus	MATCHED	n1593230013	6.7	0.75	Forsthaus	580	Michelsdorf, Ausbau	Michelsdorf, Ausbau	LINESTRING(12.658199 52.286636,12.6582121 52.286576200000006)
930	Oberjünne	Forsthaus	de:12069:900222151::2	52.286629	12.658055	bus	MATCHED	n1593230018	5.4	0.79	Forsthaus	580	Oberjünne, Dorf / Golzow (PM), Lehniner Str.	Lehniner Straße / Dorf	LINESTRING(12.658055 52.286629,12.658116900000001 52.286658900000006)
931	Petzow	Grelle	de:12069:900220389::1	52.343148	12.937826		NO_MATCH_AND_SEEMS_UNSERVED								POINT(12.937826 52.343148)
932	Petzow	Künstlerheim	de:12069:900220661::1	52.351375	12.951102	bus	MATCHED	n2987462239	17.7	0.59	Künstlerheim	607	Petzow, Resort Schwielowsee	Resort Schwielowsee	LINESTRING(12.951102 52.351375,12.9513607 52.351384900000006)
933	Petzow	Künstlerheim	de:12069:900220661::2	52.351283	12.951053	bus	MATCHED	n2987462238	10.2	0.68	Künstlerheim	607	Petzow, Seering	Seering	LINESTRING(12.951053 52.351283,12.9510991 52.3513706)
934	Petzow	Löcknitz	de:12069:900220677::1	52.33184	12.928963	bus	MATCHED	n6634683446	15.0	0.62	Löcknitz	607	Petzow, Schloßpark	Schloßpark	LINESTRING(12.928963 52.33184,12.929092 52.331949400000006)
935	Petzow	Löcknitz	de:12069:900220677::2	52.33184	12.928833	bus	MATCHED	n6634683447	3.6	0.84	Löcknitz	607	Ferch, Mittelbusch	Mittelbusch	LINESTRING(12.928833 52.33184,12.9288574 52.331868500000006)
936	Petzow	Resort Schwielowsee	de:12069:900220624::1	52.355441	12.959666	bus	MATCHED	n1389009067	3.5	0.84	Resort Schwielowsee	607	Werder (Havel), Holländermühle	Holländermühle	LINESTRING(12.959666 52.355441,12.959672300000001 52.3554721)
937	Petzow	Resort Schwielowsee	de:12069:900220624::2	52.354809	12.959095	bus	MATCHED	n1389009066	1.0	0.93	Resort Schwielowsee	607	Petzow, Künstlerheim	Künstlerheim	LINESTRING(12.959095 52.354809,12.9590808 52.354811100000006)
938	Petzow	Schloßpark	de:12069:900220666::1	52.344455	12.940492	bus	MATCHED	n5344953817	11.4	0.67	Schloßpark	607	Petzow, Seering	Seering	LINESTRING(12.940492 52.344455,12.940458900000001 52.344354200000005)
939	Petzow	Schloßpark	de:12069:900220666::2	52.344762	12.941408	bus	MATCHED	n2987462207	10.8	0.68	Schloßpark	607	Petzow, Löcknitz	Löcknitz	LINESTRING(12.941408 52.344762,12.9415519 52.3448015)
940	Petzow	Seering	de:12069:900220659::1	52.348033	12.946707	bus	MATCHED	n2987462216	0.5	0.95	Seering	607	Petzow, Künstlerheim	Künstlerheim	LINESTRING(12.946707 52.348033,12.946714 52.3480307)
941	Petzow	Seering	de:12069:900220659::2	52.348152	12.946674	bus	MATCHED	n2987462215	1.7	0.9	Seering	607	Petzow, Schloßpark	Schloßpark	LINESTRING(12.946674 52.348152,12.946655000000002 52.348162200000004)
942	Petzow	Seering	de:12069:900220659::3	52.348903	12.947042		NO_MATCH_AND_SEEMS_UNSERVED								POINT(12.947042 52.348903)
943	Petzow	Wendeplatz	de:12069:900220660::1	52.342122	12.935969		NO_MATCH_AND_SEEMS_UNSERVED								POINT(12.935969 52.342122)
944	Phöben	Am Phöbener Bruch	de:12069:900220713::1	52.426247	12.869185	bus	MATCHED	n2185614334	0.4	0.96	Am Phöbener Bruch	632	Phöben, Bundschuhstr.	Phöben, Bundschuhstraße	LINESTRING(12.869185 52.426247,12.8691878 52.426244000000004)
945	Phöben	Am Phöbener Bruch	de:12069:900220713::2	52.426526	12.86872	bus	MATCHED	n2185614322	1.1	0.93	Am Phöbener Bruch	632	Phöben, Neue Str.	Schmergow, Phöbener Siedlung	LINESTRING(12.86872 52.426526,12.868715400000001 52.426535200000004)
946	Phöben	Bundschuhstr. 	de:12069:900220714::1	52.426076	12.873883	bus	MATCHED	n2185614312	3.4	0.77	Phöben, Bundschuhstraße	632	Phöben, Kirche	Phöben, Kirche	LINESTRING(12.873883 52.426076,12.8738334 52.4260771)
947	Phöben	Bundschuhstr. 	de:12069:900220714::2	52.426133	12.874629	bus	MATCHED	n2185614320	0.7	0.86	Phöben, Bundschuhstraße	632	Phöben, Am Phöbener Bruch	Am Phöbener Bruch	LINESTRING(12.874629 52.426133,12.874621600000001 52.426137700000005)
948	Phöben	Chausseestr. 	de:12069:900220716::1	52.425107	12.888429	bus	MATCHED	n2185592769	1.8	0.84	Phöben, Chausseestraße	632	Kemnitz (PM), Fuchsberg	Kemnitz (PM), Fuchsberg	LINESTRING(12.888429 52.425107,12.8884515 52.425115500000004)
949	Phöben	Chausseestr. 	de:12069:900220716::2	52.424981	12.888831	bus	MATCHED	n2185592768	1.5	0.85	Phöben, Chausseestraße	632	Phöben, Kirche	Phöben, Kirche	LINESTRING(12.888831 52.424981,12.888810900000001 52.4249748)
950	Phöben	Kirche	de:12069:900220715::1	52.426809	12.881123	bus	MATCHED	n2185616541	0.1	0.97	Phöben, Kirche	632	Phöben, Chausseestr.	Phöben, Chausseestraße	LINESTRING(12.881123 52.426809,12.8811233 52.426808300000005)
951	Phöben	Kirche	de:12069:900220715::2	52.426805	12.880801	bus	MATCHED	n2185616540	0.8	0.94	Phöben, Kirche	632	Phöben, Bundschuhstr.	Phöben, Bundschuhstraße	LINESTRING(12.880801 52.426805,12.8808045 52.4267984)
952	Phöben	Neue Str. 	de:12069:900220717::1	52.436509	12.858895	bus	MATCHED	n2199400818	1.0	0.75	Phöben, Neue Straße	632	Phöben, Am Phöbener Bruch		LINESTRING(12.858895 52.436509,12.8589044 52.43650220000001)
953	Phöben	Neue Str. 	de:12069:900220717::2	52.43661	12.858985	bus	MATCHED	n2199400800	0.4	0.79	Phöben, Neue Straße	632	Schmergow, Phöbener Siedlung		LINESTRING(12.858985 52.43661,12.858982200000002 52.4366069)
954	Planebruch	Damelang	de:12069:900222054::1	52.246359	12.694133	bus	MATCHED	n6755683308	3.2	0.85	Damelang	542	Cammer, Kirche	Kirche	LINESTRING(12.694133 52.246359,12.6941267 52.2463302)
955	Planebruch	Damelang	de:12069:900222054::2	52.246338	12.69405	bus	MATCHED	n6755683309	3.4	0.84	Damelang	542	Damelang, Süd	Damelang, Süd	LINESTRING(12.69405 52.246338,12.6940325 52.2463093)
956	Planebruch	Freienthal	de:12069:900222068::1	52.228816	12.715026	bus	MATCHED	n6755683304	2.7	0.87	Freienthal	542	Damelang, Süd	Damelang, Süd	LINESTRING(12.715026 52.228816,12.7150219 52.228792000000006)
957	Planebruch	Freienthal	de:12069:900222068::2	52.229626	12.713976	bus	MATCHED	n6755683305	4.6	0.81	Freienthal	542	Brück, Brandenburger Str.	Rathaus / Brandenburger Straße	LINESTRING(12.713976 52.229626,12.713909000000001 52.229627400000005)
958	Planetal	Dahnsdorf	de:12069:900222053::1	52.101812	12.669378	bus	MATCHED	n1183150412	7.2	0.62	Dahnsdorf	582,586	Niemegk, Autobahn / Mörz	Autobahn / Mörz	LINESTRING(12.669378 52.101812,12.6694831 52.101816500000005)
959	Planetal	Dahnsdorf	de:12069:900222053::2	52.101777	12.669018	bus	MATCHED	n3587290979	5.0	0.69	Dahnsdorf	582,586	Kranepuhl (bei Bad Belzig) / Niemegk, Autobahn / Preußnitz, B 102	Autobahn / Kranepuhl (bei Bad Belzig) / Preußnitz, B 102	LINESTRING(12.669018 52.101777,12.6689456 52.1017736)
960	Planetal	Kranepuhl (bei Bad Belzig)	de:12069:900222111::1	52.098794	12.617233	bus	MATCHED	w1270917231	3.8	0.74	Kranepuhl (bei Bad Belzig)	572,586,592	Lühnsdorf / Lühnsdorf	Lühnsdorf / Dahnsdorf	LINESTRING(12.617233 52.098794,12.617242300000001 52.0988277)
961	Planetal	Kranepuhl (bei Bad Belzig)	de:12069:900222111::2	52.098731	12.617357	bus	MATCHED	n1851324803	3.7	0.74	Kranepuhl (bei Bad Belzig)	586,592	Dahnsdorf / Preußnitz, B 102		LINESTRING(12.617357 52.098731,12.617378500000001 52.098761800000005)
962	Planetal	Locktow	de:12069:900222119::1	52.126941	12.706745	bus	MATCHED	n3612443629	5.8	0.78	Locktow	586	Ziezow	Ziezow	LINESTRING(12.706745 52.126941,12.706778300000002 52.126893200000005)
963	Planetal	Locktow	de:12069:900222119::2	52.126999	12.706717	bus	MATCHED	n2649727888	4.0	0.82	Locktow	586	Mörz	Mörz	LINESTRING(12.706717 52.126999,12.706664 52.126984500000006)
964	Planetal	Mörz	de:12069:900222134::1	52.120369	12.686427	bus	MATCHED	n2649727891	1.2	0.92	Mörz	586	Locktow	Locktow	LINESTRING(12.686427 52.120369,12.686444100000001 52.120369700000005)
965	Planetal	Mörz	de:12069:900222134::2	52.12052	12.686341	bus	MATCHED	n3612464576	0.0	0.97	Mörz	586	Dahnsdorf	Dahnsdorf	LINESTRING(12.686341 52.12052,12.686341 52.120520000000006)
966	Planetal	Ziezow	de:12069:900222214::1	52.140504	12.719413	bus	MATCHED	n2649727894	36.1	0.28	Ziezow	586	Locktow / Neschholz, Ortsmitte / Brück, Schulen	Locktow / Schulen / Ortsmitte	LINESTRING(12.719413 52.140504,12.718922200000002 52.1406232)
967	Plessow	Dorf	de:12069:900220681::1	52.38255	12.873778	bus	MATCHED	n2188210823	1.9	0.83	Plessow, Dorf	635	Plessow, Morgenstücke/B1 / Plessow, Plessower Eck	Plessower Eck	LINESTRING(12.873778 52.38255,12.873785400000001 52.382533200000005)
968	Plessow	Morgenstücke/B1	de:12069:900220682::1	52.374681	12.885365	bus	MATCHED	n2188210827	1.4	0.91	Morgenstücke/B1	580,635	Plessow, Dorf / Plessow, Plessower Eck / Plessow, Plessower Eck	Plessow, Dorf / Plessower Eck	LINESTRING(12.885365 52.374681,12.8853589 52.374692800000005)
969	Plessow	Morgenstücke/B1	de:12069:900220682::2	52.374586	12.885469	bus	MATCHED	n2188210816	2.7	0.86	Morgenstücke/B1	580,635	Glindow, Dr.-Wolff-Str.	Dr.-Wolff-Straße	LINESTRING(12.885469 52.374586,12.885503700000001 52.374574300000006)
970	Plessow	Plessower Eck	de:12069:900220683::1	52.381298	12.86718	bus	MATCHED	n404567246	2.1	0.89	Plessower Eck	635	Neu Plötzin, Dorf	Neu Plötzin, Dorf	LINESTRING(12.86718 52.381298,12.8671936 52.381314700000004)
971	Plessow	Plessower Eck	de:12069:900220683::2	52.380792	12.868237	bus	MATCHED	n428135774	3.0	0.85	Plessower Eck	580,635	Plessow, Morgenstücke/B1 / Plessow, Dorf	Morgenstücke/B1	LINESTRING(12.868237 52.380792,12.868202700000001 52.3807744)
972	Plessow	Plessower Eck	de:12069:900220683::3	52.380624	12.867169	bus	MATCHED	n2188210809	8.2	0.72	Plessower Eck	580	Plötzin, Villa Wolter	Villa Wolter	LINESTRING(12.867169 52.380624,12.8670898 52.380569)
973	Plötzin	Ortsmitte	de:12069:900222156::1	52.363364	12.827546	bus	MATCHED	n3637146986	3.0	0.85	Ortsmitte	552,580	Plötzin, Villa Wolter	Villa Wolter	LINESTRING(12.827546 52.363364,12.8275193 52.363342200000005)
974	Plötzin	Ortsmitte	de:12069:900222156::2	52.363421	12.827405	bus	MATCHED	n3637146984	6.2	0.77	Ortsmitte	552,580	Göhlsdorf, Autobahn	Autobahn	LINESTRING(12.827405 52.363421,12.8274925 52.3634356)
975	Plötzin	Villa Wolter	de:12069:900222157::1	52.372745	12.847408	bus	MATCHED	n3637152225	118.9	0.27	Villa Wolter	580	Plessow, Plessower Eck	Plessower Eck	LINESTRING(12.847408 52.372745,12.846310800000001 52.371914100000005)
976	Plötzin	Villa Wolter	de:12069:900222157::2	52.372671	12.847078	bus	MATCHED	n3637152224	99.8	0.29	Villa Wolter	580	Plötzin, Ortsmitte	Ortsmitte	LINESTRING(12.847078 52.372671,12.8461928 52.371956700000005)
977	Potsdam	Rehbrücke Bhf	de:12069:900220008:1:50	52.358153	13.097973	train	MATCHED	n3417780797	14.7	0.38	Potsdam-Rehbrücke	RB37,RE7	Michendorf, Bahnhof / Wilhelmshorst, Bahnhof / Potsdam, Medienstadt Babelsberg Bhf	Wilhelmshorst	LINESTRING(13.097973 52.358153,13.098085600000001 52.3582656)
978	Potsdam	Rehbrücke Bhf	de:12069:900220008:2:51	52.358135	13.098037	train	MATCHED	n361215774	13.8	0.56	Potsdam-Rehbrücke	RB37,RE7	Potsdam, Medienstadt Babelsberg Bhf / Potsdam, Medienstadt Babelsberg Bhf	Potsdam Medienstadt Babelsberg	LINESTRING(13.098037 52.358135,13.0981435 52.3582406)
979	Potsdam	Rehbrücke Bhf	de:12069:900220008::1	52.359446	13.097427	tram	MATCHED	n349113615	17.0	0.28	Bahnhof Rehbrücke	91,93,98			LINESTRING(13.097427 52.359446,13.0974061 52.359294000000006)
980	Potsdam	Rehbrücke Bhf	de:12069:900220008::2	52.360246	13.097498	tram	MATCHED	n349113757	4.4	0.53	Bahnhof Rehbrücke	91,93,98	Potsdam, Am Moosfenn		LINESTRING(13.097498 52.360246,13.097445 52.360269)
981	Potsdam	Rehbrücke Bhf	de:12069:900220008::3	52.360082	13.09777	bus	MATCHED	w1123175870	4.4	0.6	Bahnhof Rehbrücke	602,611,693,699,E91,N14	Potsdam, Konrad-Wolf-Allee/Sternstr. / Bergholz-Rehbrücke, Verdistr. / Bergholz-Rehbrücke, Verdistr.	Nudow, Abzweig nach Ludwigsfelde	LINESTRING(13.09777 52.360082,13.097772350000001 52.360042400000005)
982	Potsdam	Rehbrücke Bhf	de:12069:900220008::4	52.359723	13.098195	bus	MATCHED	n1149297462	8.3	0.64	Bahnhof Rehbrücke	611,693,699,E91,N14	Potsdam, Am Moosfenn	S Potsdam Hauptbahnhof / Am Moosfenn	LINESTRING(13.098195 52.359723,13.0982552 52.3597881)
983	Potsdam	Rehbrücke Bhf/Süd	de:12069:900220011::1	52.35832	13.099212	bus	MATCHED	n4872293476	3.7	0.76	Bahnhof Rehbrücke/Süd	611,699,N14	Potsdam, Rehbrücke Bhf	Bahnhof Rehbrücke	LINESTRING(13.099212 52.35832,13.099236600000001 52.358349600000004)
984	Potsdam	Rehbrücke Bhf/Süd	de:12069:900220011::2	52.358659	13.099154		NO_MATCH_AND_SEEMS_UNSERVED								POINT(13.099154 52.358659)
985	Potsdam	Rehbrücke Bhf/Süd	de:12069:900220011::3	52.35724	13.100285		NO_MATCH_AND_SEEMS_UNSERVED								POINT(13.100285 52.35724)
986	Potsdam	Rehbrücke Bhf/Süd	de:12069:900220011::4	52.357157	13.100154		NO_MATCH_AND_SEEMS_UNSERVED								POINT(13.100154 52.357157)
987	Preußnitz	B 102	de:12069:900222158::1	52.130064	12.629807	bus	MATCHED	w761710249	7.0	0.74	Preußnitz, B 102	572,582,586,592	Dahnsdorf / Kranepuhl (bei Bad Belzig) / Dahnsdorf	Kranepuhl (bei Bad Belzig) / Dahnsdorf	LINESTRING(12.629807 52.130064,12.629716550000001 52.130094150000005)
988	Preußnitz	B 102	de:12069:900222158::2	52.130936	12.629052	bus	MATCHED	w1050346737	9.2	0.69	Preußnitz, B 102	582,586,592	Bad Belzig, Klinkengrund	Brücker Landstraße / Klinkengrund	LINESTRING(12.629052 52.130936,12.629145650000002 52.13087705)
989	Preußnitz	Neubau	de:12069:900222159::1	52.130599	12.63023	bus	MATCHED	n3639246544	2.5	0.87	Preußnitz, Neubau	586	Kuhlowitz, Abzweig	Kuhlowitz, Abzweig	LINESTRING(12.63023 52.130599,12.630244500000002 52.1305788)
990	Preußnitz	Neubau	de:12069:900222159::2	52.130698	12.630158		NO_MATCH_AND_SEEMS_UNSERVED								POINT(12.630158 52.130698)
991	Pritzerbe	Bahnhof	de:12069:900220184:1:50	52.499918	12.458463	train	MATCHED	n428509699	2.4	0.48	Pritzerbe	RB51	Döberitz (bei Premnitz), Bahnhof / Fohrde, Bahnhof	Fohrde	LINESTRING(12.458463 52.499918,12.4584969 52.4999228)
992	Pritzerbe	Bahnhof	de:12069:900220184:2:51	52.499933	12.458618	train	MATCHED	n336752653	3.4	0.45	Pritzerbe	RB51	Döberitz (bei Premnitz), Bahnhof	Döberitz	LINESTRING(12.458618 52.499933,12.4585676 52.499932900000005)
993	Pritzerbe	Bahnhof	de:12069:900220184::1	52.499015	12.459755	bus	MATCHED	n3625307718	8.6	0.72	Bahnhof	564	Pritzerbe, Marzahner Chaussee	Marzahner Chaussee	LINESTRING(12.459755 52.499015,12.4597367 52.498938900000006)
994	Pritzerbe	Dammstr. 	de:12069:900220199::1	52.498045	12.457907	bus	MATCHED	n3625307723	0.9	0.6	Dammstraße	564,567	Fohrde, Pritzerber Str. / Pritzerbe, Bahnhof	Bahnhof / Schule / Pritzerber Straße	LINESTRING(12.457907 52.498045,12.457907400000002 52.498037000000004)
995	Pritzerbe	Marzahner Chaussee	de:12069:900220041::1	52.504839	12.472054	bus	MATCHED	n3625307722	4.9	0.8	Marzahner Chaussee	564	Hohenferchesar, Dorf	Hohenferchesar, Dorf	LINESTRING(12.472054 52.504839,12.472120400000001 52.50482160000001)
996	Pritzerbe	Marzahner Chaussee	de:12069:900220041::2	52.504893	12.472052	bus	MATCHED	n3625307721	1.5	0.86	Marzahner Chaussee	564	Fohrde, Dorf / Pritzerbe, Schule	Dorf / Schule	LINESTRING(12.472052 52.504893,12.472037100000001 52.5049032)
997	Pritzerbe	Schule	de:12069:900220040::1	52.494773	12.456642	bus	MATCHED	n3625307720	9.8	0.69	Schule	564,567	Premnitz, Thomas-Mann-Str.	Pritzerber Straße / Thomas-Mann-Straße / Dammstraße	LINESTRING(12.456642 52.494773,12.456786200000002 52.494781200000006)
998	Pritzerbe	Schule	de:12069:900220040::2	52.494826	12.4567	bus	NO_MATCH_BUT_OTHER_PLATFORM_MATCHED					564,567	Pritzerbe, Dammstr.		POINT(12.4567 52.494826)
999	Päwesin	Bagow	de:12069:900220294::1	52.513715	12.699415	bus	MATCHED	n3631059371	1.6	0.9	Bagow	569	Päwesin	Päwesin / Vogelgesang	LINESTRING(12.699415 52.513715,12.699398700000001 52.513725400000006)
1000	Päwesin	Bagow	de:12069:900220294::2	52.513802	12.699357	bus	MATCHED	n3631059372	0.1	0.97	Bagow	569	Bollmannsruh	Bollmannsruh	LINESTRING(12.699357 52.513802,12.6993579 52.5138012)
1001	Päwesin	Bagow	de:12069:900220294::3	52.513805	12.701684	bus	MATCHED_THOUGH_NAMES_DIFFER	n3631205077	3.1	0.19	Schulverkehr	558	Päwesin	Päwesin	LINESTRING(12.701684 52.513805,12.7017129 52.5137833)
1002	Päwesin	Bollmannsruh	de:12069:900220293::1	52.508409	12.683595	bus	MATCHED	n3631050522	9.1	0.71	Bollmannsruh	569	Bagow	Bagow	LINESTRING(12.683595 52.508409,12.683487300000001 52.5083604)
1003	Päwesin	Bollmannsruh	de:12069:900220293::2	52.508292	12.683096	bus	MATCHED	n3631050523	1.0	0.93	Bollmannsruh	569	Gortz, Am Flachsberg	Am Flachsberg	LINESTRING(12.683096 52.508292,12.6830903 52.508300000000006)
1004	Päwesin	Päwesin	de:12069:900220185::1	52.5116	12.713837		MATCHED	n3624471320	5.6	0.62	Päwesin	558,569,660	Roskow, Kirche / Bagow / Bagow / Wachow, Alte Bahnhofstr. / Roskow, Alter Bahnhof	Vogelgesang / Bagow / Wachow, Friedhof	LINESTRING(12.713837 52.5116,12.713898700000001 52.51163390000001)
1005	Päwesin	Vogelgesang	de:12069:900220356::1	52.518555	12.696119	bus	MATCHED	n3631064451	2.6	0.87	Vogelgesang	558	Riewend, Ziegelei	Ziegelei	LINESTRING(12.696119 52.518555,12.696158 52.518554300000005)
1006	Päwesin	Vogelgesang	de:12069:900220356::2	52.518535	12.696039	bus	MATCHED	n3631064452	2.8	0.86	Vogelgesang	558	Bagow	Bagow / Schulverkehr	LINESTRING(12.696039 52.518535,12.6960052 52.51852)
1007	Rabenstein/Fläming	Buchholz (bei Niemegk)	de:12069:900222049::1	52.072599	12.61945	bus	MATCHED	n2961516927	1.3	0.87	Buchholz (bei Niemegk)	592	Rädigke / Neuendorf (bei Niemegk) / Rädigke	Rädigke	LINESTRING(12.61945 52.072599,12.619439000000002 52.072590000000005)
1008	Rabenstein/Fläming	Buchholz (bei Niemegk)	de:12069:900222049::2	52.072607	12.619533	bus	MATCHED	n2961516902	4.0	0.74	Buchholz (bei Niemegk)	592	Lühnsdorf		LINESTRING(12.619533 52.072607,12.619516800000001 52.072641100000006)
1009	Rabenstein/Fläming	Garrey	de:12069:900222070::1	52.020701	12.6626		MATCHED	n3595794566	12.8	0.43	Garrey				LINESTRING(12.6626 52.020701,12.662507300000001 52.020601000000006)
1010	Rabenstein/Fläming	Garrey	de:12069:900222070::2	52.021034	12.66296	bus	MATCHED	n11795746793	2.9	0.78	Garrey	583,592	Zixdorf		LINESTRING(12.66296 52.021034,12.662935000000001 52.0210555)
1011	Rabenstein/Fläming	Groß Marzehns	de:12069:900222091::1	51.992622	12.582284	bus	MATCHED	n8485221738	13.1	0.49	Groß Marzehns	592	Klein Marzehns / Klepzig	Klepzig	LINESTRING(12.582284 51.992622,12.582235200000001 51.992735800000005)
1012	Rabenstein/Fläming	Klein Marzehns	de:12069:900222107::1	52.015511	12.610168	bus	MATCHED	n8483813736	2.7	0.79	Klein Marzehns	592	Garrey / Groß Marzehns / Raben / Niemegk, Str. der Jugend / Neuendorf (bei Niemegk)	Groß Marzehns	LINESTRING(12.610168 52.015511,12.6101434 52.015530000000005)
1013	Rabenstein/Fläming	Klein Marzehns	de:12069:900222107::2	52.015593	12.610172		NO_MATCH_AND_SEEMS_UNSERVED								POINT(12.610172 52.015593)
1014	Rabenstein/Fläming	Neuendorf (bei Niemegk)	de:12069:900222139::1	52.054308	12.66157	bus	MATCHED	n3596046718	2.0	0.89	Neuendorf (bei Niemegk)	572,592	Buchholz (bei Niemegk) / Rädigke / Rädigke	Rädigke / Buchholz (bei Niemegk)	LINESTRING(12.66157 52.054308,12.6615871 52.0543227)
1015	Rabenstein/Fläming	Neuendorf (bei Niemegk)	de:12069:900222139::2	52.054236	12.662302	bus	NO_MATCH_BUT_OTHER_PLATFORM_MATCHED					592	Niemegk, Schule / Niemegk, Str. der Jugend / Niemegk, Markt		POINT(12.662302 52.054236)
1016	Rabenstein/Fläming	Raben	de:12069:900222160::1	52.041168	12.578374	bus	NO_MATCH_BUT_OTHER_PLATFORM_MATCHED					592	Rädigke		POINT(12.578374 52.041168)
1017	Rabenstein/Fläming	Raben	de:12069:900222160::2	52.041218	12.57833	bus	MATCHED	n1579688604	2.3	0.88	Raben	572,592	Grubo / Klepzig / Groß Marzehns / Klein Marzehns	Grubo / Klein Marzehns	LINESTRING(12.57833 52.041218,12.5783371 52.041237800000005)
1018	Rabenstein/Fläming	Rädigke	de:12069:900222161::1	52.052953	12.620736	bus	MATCHED	n3632672508	1.5	0.86	Rädigke	592	Neuendorf (bei Niemegk) / Buchholz (bei Niemegk)	Straße der Jugend	LINESTRING(12.620736 52.052953,12.6207179 52.0529609)
1019	Rabenstein/Fläming	Rädigke	de:12069:900222161::2	52.053011	12.620713	bus	MATCHED	n3632672507	2.4	0.88	Rädigke	572,592	Raben	Raben	LINESTRING(12.620713 52.053011,12.620706 52.053032)
1020	Rabenstein/Fläming	Rädigke	de:12069:900222161::3	52.054375	12.625069	bus	NO_MATCH_BUT_OTHER_PLATFORM_MATCHED					592	Buchholz (bei Niemegk)		POINT(12.625069 52.054375)
1021	Rabenstein/Fläming	VERWAIST: Wüstemark	de:12069:900224104	52.005166	12.643416		MATCHED	n3595794570	7.0	0.31	Wüstemark				LINESTRING(12.643416 52.005166,12.643506400000001 52.0051374)
1022	Rabenstein/Fläming	Wüstemark (Bedarfshalt)	de:12069:900224105	52.005596	12.644097		NO_MATCH_AND_SEEMS_UNSERVED								POINT(12.644097 52.005596)
1023	Rabenstein/Fläming	Zixdorf	de:12069:900222215::1	52.026793	12.681159	bus	MATCHED	n3589550401	5.1	0.79	Zixdorf	583	Garrey		LINESTRING(12.681159 52.026793,12.681098700000002 52.026765700000006)
1024	Rabenstein/Fläming	Zixdorf	de:12069:900222215::2	52.026783	12.681261	bus	MATCHED	n3589550400	6.1	0.77	Zixdorf	583,592	Niemegk, Wittenberger Str. / Hohenwerbig, Ausbau	Ausbau / Wittenberger Straße	LINESTRING(12.681261 52.026783,12.681297800000001 52.026832500000005)
1025	Radewege	Dorf	de:12069:900220286::1	52.480447	12.579589	bus	MATCHED	w1022614996	3.0	0.84	Radewege, Dorf	564,569	Radewege, Pählbrücke	Pählbrücke / Schule	LINESTRING(12.579589 52.480447,12.579557150000001 52.48042890000001)
1026	Radewege	Dorf	de:12069:900220286::2	52.480318	12.57912	bus	MATCHED	w1022614995	5.8	0.75	Radewege, Dorf	564,568,569	Radewege, Nord / Radewege, Dorf	Radewege, Nord	LINESTRING(12.57912 52.480318,12.57903675 52.480307550000006)
1027	Radewege	Nord	de:12069:900222249::1	52.479966	12.571168	bus	MATCHED	n3630861244	1.3	0.92	Radewege, Nord	564,569	Radewege, Dorf	Radewege, Dorf	LINESTRING(12.571168 52.479966,12.571151 52.479971600000006)
1028	Radewege	Nord	de:12069:900222249::2	52.480109	12.571221	bus	MATCHED	n3630861243	12.4	0.65	Radewege, Nord	564,569	Radewege, Siedlung	Radewege, Siedlung	LINESTRING(12.571221 52.480109,12.5712744 52.480002600000006)
1029	Radewege	Pählbrücke	de:12069:900220287::1	52.480507	12.591451	bus	MATCHED	n3617679306	3.0	0.85	Pählbrücke	564,569	Butzow / Radewege, Schule	Butzow	LINESTRING(12.591451 52.480507,12.5914918 52.480495700000006)
1030	Radewege	Pählbrücke	de:12069:900220287::2	52.48051	12.591631	bus	MATCHED	n3617679305	8.9	0.71	Pählbrücke	568,569	Radewege, Dorf		LINESTRING(12.591631 52.48051,12.591515500000002 52.4805481)
1031	Radewege	Schule	de:12069:900222250::1	52.483035	12.586515		MATCHED	n3617695293	8.2	0.54	Schule			Butzow	LINESTRING(12.586515 52.483035,12.5864331 52.4829811)
1032	Radewege	Schule	de:12069:900222250::2	52.482978	12.586222	bus	MATCHED	n3617694592	7.4	0.74	Schule	564,569	Radewege, Dorf	Radewege, Dorf	LINESTRING(12.586222 52.482978,12.5861166 52.48296070000001)
1033	Radewege	Siedlung	de:12069:900220282::1	52.47616	12.538665	bus	MATCHED	n319060338	3.7	0.83	Radewege, Siedlung	564,569	Radewege, Nord / Marzahne	Radewege, Nord / Marzahne	LINESTRING(12.538665 52.47616,12.538698400000001 52.4761334)
1034	Radewege	Siedlung	de:12069:900220282::2	52.476871	12.538927	bus	MATCHED	n3626236758	9.3	0.7	Radewege, Siedlung	564,569	Brielow, Mühlenweg	Mühlenweg	LINESTRING(12.538927 52.476871,12.538852700000001 52.476801200000004)
1035	Ragösen	Ambulatorium	de:12069:900222162::1	52.243177	12.581573	bus	MATCHED	n3636848206	10.9	0.67	Ambulatorium	580,581	Golzow (PM), Müggenburg	Müggenburg	LINESTRING(12.581573 52.243177,12.5815874 52.243079900000005)
1036	Ragösen	Ambulatorium	de:12069:900222162::2	52.242979	12.581372	bus	MATCHED	n3636848203	10.3	0.68	Ambulatorium	580,581	Ragösen, Feuerwehr	Feuerwehr	LINESTRING(12.581372 52.242979,12.581367400000001 52.2430718)
1037	Ragösen	Briesener Str. 	de:12069:900222277::1	52.242365	12.572179	bus	NO_MATCH					596	Klein Briesen (PM)		POINT(12.572179 52.242365)
1038	Ragösen	Briesener Str. 	de:12069:900222277::2	52.242699	12.570897	bus	NO_MATCH					596	Ragösen, Feuerwehr		POINT(12.570897 52.242699)
1039	Ragösen	Feuerwehr	de:12069:900222163::1	52.238613	12.581677	bus	MATCHED	n1187572894	2.7	0.86	Feuerwehr	580,581,596	Ragösen, Briesener Str. / Ragösen, Ambulatorium	Ambulatorium	LINESTRING(12.581677 52.238613,12.5817043 52.2385954)
1040	Ragösen	Feuerwehr	de:12069:900222163::2	52.237741	12.581956	bus	MATCHED	n559196142	4.8	0.8	Feuerwehr	580,581,596	Dippmannsdorf, Schule	Schule	LINESTRING(12.581956 52.237741,12.581890600000001 52.237756600000004)
1041	Reckahn	Dorf	de:12069:900222164::1	52.33602	12.547574	bus	MATCHED	w1126639282	10.4	0.65	Reckahn, Dorf	551,D/524	Krahne, Reckahner Str.	Reckahner Straße	LINESTRING(12.547574 52.33602,12.547420800000001 52.33601850000001)
1042	Reckahn	Dorf	de:12069:900222164::2	52.336063	12.547532	bus	MATCHED	w1126639283	9.3	0.67	Reckahn, Dorf	551,D/524	Göttin (Brandenburg) / Göttin (Brandenburg)	Göttin Wendestelle / Göttin	LINESTRING(12.547532 52.336063,12.5476685 52.336070750000005)
1043	Reesdorf (PM)	Ausbau	de:12069:900220953::1	52.231359	12.928264	bus	MATCHED	n268201101	1.8	0.84	Reesdorf, Ausbau	647	Reesdorf (PM)	Liebknechtpark / Stadt Bahnhof / Reesdorf	LINESTRING(12.928264 52.231359,12.9282897 52.231355400000005)
1044	Reesdorf (PM)	Ausbau	de:12069:900220953::2	52.231329	12.928318	bus	NO_MATCH_BUT_OTHER_PLATFORM_MATCHED					640,647	Beelitz, Friedrichshof		POINT(12.928318 52.231329)
1045	Reetz (PM)	Ortsmitte	de:12069:900222166::1	52.111076	12.370091	bus	MATCHED	n3483661577	5.9	0.77	Ortsmitte	555,588	Wiesenburg, Bahnhof / Reppinichen	Reppinichen	LINESTRING(12.370091 52.111076,12.3700831 52.1110229)
1046	Reetz (PM)	Ortsmitte	de:12069:900222166::2	52.110959	12.36991	bus	NO_MATCH_BUT_OTHER_PLATFORM_MATCHED					555,588	Reetz (PM), Ziegelei		POINT(12.36991 52.110959)
1047	Reetz (PM)	Ziegelei	de:12069:900222167::1	52.109385	12.381594	bus	MATCHED	n3483661579	21.6	0.55	Ziegelei	555,588	Reetz (PM), Ortsmitte	Ortsmitte	LINESTRING(12.381594 52.109385,12.3819092 52.1093868)
1048	Reetz (PM)	Ziegelei	de:12069:900222167::2	52.109324	12.381944	bus	MATCHED	n3500804164	46.5	0.41	Ziegelei	555,588	Reetzerhütten	Reetzerhütten	LINESTRING(12.381944 52.109324,12.3812654 52.1093205)
1049	Rieben	Ausbau	de:12069:900220785::1	52.199755	13.045716	bus	MATCHED	n312714602	18.3	0.42	Rieben, Ausbau	608,644	Rieben, Dorf	Friedhof / Rieben, Dorf	LINESTRING(13.045716 52.199755,13.0456778 52.199592700000004)
1050	Rieben	Ausbau	de:12069:900220785::2	52.200029	13.04609	bus	NO_MATCH_BUT_OTHER_PLATFORM_MATCHED					608,644	Zauchwitz, Friedhof		POINT(13.04609 52.200029)
1051	Rieben	Dorf	de:12069:900220786::1	52.190952	13.039139	bus	MATCHED	n2634297074	3.4	0.76	Rieben, Dorf	608,644	Rieben, Dorf / Dobbrikow, Ferienzentrum	Schlunkendorf / Trebbiner Straße	LINESTRING(13.039139 52.190952,13.039164600000001 52.1909262)
1052	Rieben	Dorf	de:12069:900220786::2	52.191279	13.03893	bus	MATCHED	n2634297086	5.7	0.67	Rieben, Dorf	608,644	Rieben, Ausbau	Ärztehaus / Stücken, Dorf / Schlunkendorf	LINESTRING(13.03893 52.191279,13.039008200000001 52.191261600000004)
1053	Rietz	Gewerbegebiet	de:12069:900220349::1	52.381258	12.611719	bus	MATCHED	n9621373965	1.1	0.88	Rietz, Gewerbegebiet	645	Brandenburg, Belziger Chaussee / Rietz (bei Brandenburg), Am Rietzer Berg		LINESTRING(12.611719 52.381258,12.6117276 52.381266200000006)
1054	Rietz	Gewerbegebiet West	de:12069:900220357::1	52.383325	12.608854		NO_MATCH_AND_SEEMS_UNSERVED								POINT(12.608854 52.383325)
1055	Rietz (bei Brandenburg)	Am Rietzer Berg	de:12069:900220209::1	52.384732	12.613938	bus	MATCHED	w1022632962	1.9	0.88	Am Rietzer Berg	645	Rietz (bei Brandenburg), Friedhof	Friedhof	LINESTRING(12.613938 52.384732,12.6139097 52.384733250000004)
1056	Rietz (bei Brandenburg)	Am Rietzer Berg	de:12069:900220209::2	52.38465	12.614595	bus	MATCHED	w1022632963	3.3	0.83	Am Rietzer Berg	645	Brandenburg, Belziger Chaussee / Schmerzke / Rietz, Gewerbegebiet	Belziger Chaussee	LINESTRING(12.614595 52.38465,12.6146362 52.384634950000006)
1057	Rietz (bei Brandenburg)	Dorf	de:12069:900220211::1	52.371157	12.634703	bus	MATCHED	n3619161853	0.3	0.96	Rietz (bei Brandenburg), Dorf	645	Prützke	Prützke	LINESTRING(12.634703 52.371157,12.634704000000001 52.3711598)
1058	Rietz (bei Brandenburg)	Dorf	de:12069:900220211::2	52.371021	12.634652	bus	MATCHED	n3619161852	5.5	0.78	Rietz (bei Brandenburg), Dorf	645	Rietz (bei Brandenburg), Friedhof	Friedhof	LINESTRING(12.634652 52.371021,12.6346144 52.3709773)
1059	Rietz (bei Brandenburg)	Friedhof	de:12069:900220343::1	52.375102	12.638684	bus	MATCHED	w1022632961	5.8	0.75	Friedhof	645	Rietz (bei Brandenburg), Dorf	Rietz (bei Brandenburg), Dorf	LINESTRING(12.638684 52.375102,12.63868325 52.3751544)
1060	Rietz (bei Brandenburg)	Friedhof	de:12069:900220343::2	52.375893	12.638925	bus	MATCHED	w1022632953	5.6	0.76	Friedhof	645	Rietz (bei Brandenburg), Am Rietzer Berg	Am Rietzer Berg	LINESTRING(12.638925 52.375893,12.638927200000001 52.3758426)
1061	Rietz (bei Treuenbrietzen)	Dreieck	de:12069:900222170::1	52.07521	12.808266	bus	MATCHED	n8087697356	2.2	0.88	Dreieck	546,582,584	Rietz (bei Treuenbrietzen), Rietzer Bucht	Rietzer Bucht	LINESTRING(12.808266 52.07521,12.8082454 52.0751946)
1062	Rietz (bei Treuenbrietzen)	Dreieck	de:12069:900222170::2	52.075077	12.808152	bus	MATCHED	n583508315	0.0	0.97	Dreieck	546,582,584	Haseloff / Grabow (bei Niemegk)	Haseloff / Grabow (bei Niemegk)	LINESTRING(12.808152 52.075077,12.808152000000002 52.075077)
1063	Rietz (bei Treuenbrietzen)	Neubau	de:12069:900222172::1	52.07696	12.832683	bus	MATCHED	n3587799541	0.0	0.97	Neubau	546,582,584	Treuenbrietzen, Gerätewerk	Gerätewerk	LINESTRING(12.832683 52.07696,12.832683000000001 52.07696)
1064	Rietz (bei Treuenbrietzen)	Neubau	de:12069:900222172::2	52.077004	12.832408	bus	MATCHED	n3587799540	6.0	0.77	Neubau	546,582,584	Rietz (bei Treuenbrietzen), Rietzer Bucht	Rietzer Bucht	LINESTRING(12.832408 52.077004,12.832335400000002 52.077034100000006)
1065	Rietz (bei Treuenbrietzen)	Rietzer Bucht	de:12069:900222173::1	52.074495	12.821799	bus	MATCHED	w761710239	5.3	0.79	Rietzer Bucht	546,582,584	Rietz (bei Treuenbrietzen), Neubau	Neubau	LINESTRING(12.821799 52.074495,12.82186925 52.0745153)
1066	Rietz (bei Treuenbrietzen)	Rietzer Bucht	de:12069:900222173::2	52.07456	12.821714	bus	MATCHED	n3587799545	0.6	0.95	Rietzer Bucht	546,582,584	Rietz (bei Treuenbrietzen), Dreieck	Dreieck	LINESTRING(12.821714 52.07456,12.821708500000002 52.074556300000005)
1067	Riewend	Dorf	de:12069:900220315::1	52.533188	12.710376	bus	MATCHED	n1540290326	2.8	0.79	Riewend, Dorf	558	Riewend, Ziegelei	Ziegelei	LINESTRING(12.710376 52.533188,12.7103999 52.5331673)
1068	Riewend	Dorf	de:12069:900220315::2	52.533171	12.710311		NO_MATCH_AND_SEEMS_UNSERVED								POINT(12.710311 52.533171)
1069	Riewend	Ziegelei	de:12069:900220313::1	52.527385	12.701639	bus	MATCHED	n3631069937	4.5	0.81	Ziegelei	558	Riewend, Dorf	Riewend, Dorf	LINESTRING(12.701639 52.527385,12.70167 52.527349)
1070	Riewend	Ziegelei	de:12069:900220313::2	52.527397	12.701596	bus	MATCHED	n3631069938	4.6	0.81	Ziegelei	558	Vogelgesang	Vogelgesang	LINESTRING(12.701596 52.527397,12.701533900000001 52.52738050000001)
1071	Rogäsen	Abzweig Viesen	de:12069:900220257::1	52.321952	12.356649	bus	MATCHED	n3612940480	3.9	0.83	Abzweig Viesen	560	Viesen	Viesen	LINESTRING(12.356649 52.321952,12.3566806 52.3219233)
1072	Rogäsen	Abzweig Viesen	de:12069:900220257::2	52.321974	12.356838	bus	MATCHED	n3612945798	5.2	0.79	Abzweig Viesen	560	Wusterwitz, Mahlenziener Str. / Rogäsen, Dorf	Mahlenziener Straße / Dorf	LINESTRING(12.356838 52.321974,12.3567744 52.322000300000006)
1073	Rogäsen	Dorf	de:12069:900220256::1	52.321667	12.352277	bus	MATCHED	n3612926777	4.3	0.81	Dorf	560	Zitz, Abzweig	Abzweig	LINESTRING(12.352277 52.321667,12.3522657 52.321705200000004)
1074	Rogäsen	Dorf	de:12069:900220256::2	52.321464	12.354127	bus	MATCHED	n3612926775	13.3	0.64	Dorf	560	Wusterwitz, Mahlenziener Str. / Rogäsen, Abzweig Viesen	Mahlenziener Straße / Abzweig Viesen	LINESTRING(12.354127 52.321464,12.3539635 52.3213986)
1075	Rosenau	Gollwitz (bei Wusterwitz)	de:12069:900220254::1	52.367335	12.318101	bus	MATCHED	n3614494442	1.8	0.84	Gollwitz (bei Wusterwitz)	560	Warchau	Friedhof	LINESTRING(12.318101 52.367335,12.3180876 52.3673493)
1076	Rosenau	Viesen	de:12069:900220244::1	52.323889	12.389395	bus	MATCHED	n3612949309	3.4	0.76	Viesen	560,562	Rogäsen, Abzweig Viesen / Mahlenzien	Abzweig Viesen / Mahlenzien	LINESTRING(12.389395 52.323889,12.3893445 52.3238889)
1077	Rosenau	Viesen	de:12069:900220244::2	52.323894	12.389449		NO_MATCH_AND_SEEMS_UNSERVED								POINT(12.389449 52.323894)
1078	Rosenau	Warchau	de:12069:900220253::1	52.361033	12.346045	bus	MATCHED	n1421493390	0.7	0.94	Warchau	560	Gollwitz (bei Wusterwitz)	Gollwitz (bei Wusterwitz)	LINESTRING(12.346045 52.361033,12.346055100000001 52.3610337)
1079	Rosenau	Warchau	de:12069:900220253::2	52.36101	12.345986	bus	NO_MATCH_BUT_OTHER_PLATFORM_MATCHED					560	Wusterwitz, Abzw. n. Warchau / Wusterwitz, Mahlenziener Str. / Wusterwitz, Friedhof		POINT(12.345986 52.36101)
1080	Roskow	Abzweig	de:12069:900220309::1	52.479324	12.698099		MATCHED	n3624409432	0.7	0.89	Roskow, Abzwieg			Alter Bahnhof	LINESTRING(12.698099 52.479324,12.698095200000001 52.479318500000005)
1081	Roskow	Abzweig	de:12069:900220309::2	52.480015	12.697924		MATCHED	n3624409435	2.7	0.76	Roskow, Abzweig				LINESTRING(12.697924 52.480015,12.6979235 52.480039000000005)
1082	Roskow	Abzweig	de:12069:900220309::3	52.479097	12.697356		MATCHED	n3624409428	0.4	0.92	Roskow, Abzweig			Weseram, Dorf	LINESTRING(12.697356 52.479097,12.697352200000001 52.479094700000005)
1083	Roskow	Alter Bahnhof	de:12069:900222251::1	52.47363	12.71104	bus	MATCHED	n1540290327	7.0	0.75	Alter Bahnhof	558	Roskow, Kirche	Roskow, Kirche	LINESTRING(12.71104 52.47363,12.710950500000001 52.473660200000005)
1084	Roskow	Alter Bahnhof	de:12069:900222251::2	52.473937	12.711278	bus	MATCHED	n3624409431	2.3	0.88	Alter Bahnhof	558	Päwesin / Weseram, Dorf / Weseram, Dorf	Roskow, Abzweig	LINESTRING(12.711278 52.473937,12.7113109 52.473933900000006)
1085	Roskow	Dorf	de:12069:900220323::1	52.471837	12.71688	bus	MATCHED	n1540290339	2.9	0.61	Roskow, Kirche	558,660	Roskow, Schule	Schule	LINESTRING(12.71688 52.471837,12.7168804 52.471810700000006)
1086	Roskow	Dorf	de:12069:900220323::2	52.471798	12.717303	bus	MATCHED	w1128132414	6.0	0.51	Roskow, Kirche	558,614,660	Päwesin / Roskow, Alter Bahnhof	Alter Bahnhof	LINESTRING(12.717303 52.471798,12.717384350000001 52.47177735)
1087	Roskow	Grabow (bei Brandenburg a. d. H. )	de:12069:900220299::1	52.481908	12.638736		MATCHED	n3617620113	19.9	0.33	Grabow (bei Brandenburg a.d.H.)				LINESTRING(12.638736 52.481908,12.638486400000001 52.4820013)
1088	Roskow	Grabow (bei Brandenburg a. d. H. )	de:12069:900220299::2	52.482054	12.638554	bus	MATCHED	n3617620115	1.7	0.9	Grabow (bei Brandenburg a.d.H.)	568	Lindenhof	Lindenhof (am Beetzsee)	LINESTRING(12.638554 52.482054,12.6385672 52.4820672)
1089	Roskow	Lindenhof	de:12069:900220298::1	52.480294	12.624095		MATCHED	w1022615000	3.1	0.73	Lindenhof (am Beetzsee)				LINESTRING(12.624095 52.480294,12.62406625 52.48027210000001)
1090	Roskow	Lindenhof	de:12069:900220298::2	52.480385	12.624365	bus	MATCHED	w1022614999	4.3	0.8	Lindenhof (am Beetzsee)	568	Mötzow, Abzw., Lünow	Abzweig Lünow	LINESTRING(12.624365 52.480385,12.624405250000002 52.4804145)
1091	Roskow	Schule	de:12069:900220330::1	52.471077	12.721175	bus	MATCHED	n3624471319	5.6	0.67	Schule	558,660	Roskow, Siedlung / Roskow, Kirche	Roskow, Kirche	LINESTRING(12.721175 52.471077,12.721163200000001 52.471127200000005)
1092	Roskow	Schule	de:12069:900220330::2	52.471121	12.721293		NO_MATCH_AND_SEEMS_UNSERVED								POINT(12.721293 52.471121)
1093	Roskow	Siedlung	de:12069:900220329::1	52.473096	12.726913	bus	MATCHED	w1023583837	1.2	0.87	Roskow, Siedlung	660	Gutenpaaren, Gutenpaarener Dorfstr.		LINESTRING(12.726913 52.473096,12.726899150000001 52.47310195)
1094	Roskow	Siedlung	de:12069:900220329::2	52.473168	12.726226	bus	MATCHED	w1023583836	7.0	0.61	Roskow, Siedlung	614,660	Roskow, Schule / Roskow, Kirche		LINESTRING(12.726226 52.473168,12.72632875 52.47316785)
1095	Rädel	Am Spielplatz	de:12069:900222242::1	52.285142	12.747089	bus	MATCHED	n2592067039	0.2	0.94	Am Spielplatz	553	Rädel, Dorf	Dorf	LINESTRING(12.747089 52.285142,12.7470908 52.285143500000004)
1096	Rädel	Dorf	de:12069:900222235::1	52.28773	12.751876	bus	MATCHED	n3014214424	0.8	0.94	Dorf	553	Rädel, Nord	Nord	LINESTRING(12.751876 52.28773,12.7518826 52.2877245)
1097	Rädel	Dorf	de:12069:900222235::2	52.286661	12.751331	bus	MATCHED	n3014216234	3.5	0.84	Dorf	553	Rädel, Am Spielplatz	Am Spielplatz	LINESTRING(12.751331 52.286661,12.7513146 52.2866907)
1098	Rädel	Gohlitzsee	de:12069:900222259::1	52.296973	12.737999	bus	MATCHED	n6400030568	4.2	0.82	Gohlitzsee	553	Lehnin, Belziger Str.	Busbahnhof	LINESTRING(12.737999 52.296973,12.7380606 52.29697650000001)
1099	Rädel	Gohlitzsee	de:12069:900222259::2	52.297134	12.737439	bus	MATCHED	n6400030567	2.4	0.87	Gohlitzsee	553	Rädel, Nord	Nord	LINESTRING(12.737439 52.297134,12.737463600000002 52.2971182)
1100	Rädel	Nord	de:12069:900222234::1	52.29443	12.747408	bus	MATCHED	n3014214417	1.0	0.93	Nord	553	Rädel, Gohlitzsee	Gohlitzsee	LINESTRING(12.747408 52.29443,12.747404300000001 52.294439000000004)
1101	Rädel	Nord	de:12069:900222234::2	52.29428	12.747766	bus	MATCHED	n3014214418	3.3	0.85	Nord	553	Rädel, Dorf	Dorf	LINESTRING(12.747766 52.29428,12.7477449 52.294253600000005)
1102	Saarmund	Abzweig zum Bahnhof	de:12069:900220171::1	52.323585	13.13394	bus	MATCHED	n1460367058	24.7	0.35	Abzweig zum Bahnhof	613	Philippsthal	Philippsthal / Am Markt	LINESTRING(13.13394 52.323585,13.1339611 52.3238064)
1103	Saarmund	Abzweig zum Bahnhof	de:12069:900220171::2	52.323659	13.133857	bus	NO_MATCH_BUT_OTHER_PLATFORM_MATCHED					613	Saarmund, Am Markt		POINT(13.133857 52.323659)
1104	Saarmund	Am Markt	de:12069:900220173::1	52.318406	13.127566	bus	MATCHED	n1460366713	3.1	0.85	Am Markt	611,613	Saarmund, Schule / Saarmund, Nuthestr.	Nuthestraße / Schule	LINESTRING(13.127566 52.318406,13.127529200000001 52.318390300000004)
1105	Saarmund	Am Markt	de:12069:900220173::2	52.31882	13.127697	bus	MATCHED	n1460366714	10.9	0.67	Am Markt	611,613	Saarmund, An der Wiese / Saarmund, Bahnhof / Saarmund, Abzweig zum Bahnhof	An der Wiese / Bahnhof / Philippsthal	LINESTRING(13.127697 52.31882,13.1277532 52.3189112)
1106	Saarmund	An der Bahn	de:12069:900220160::1	52.323906	13.119094	bus	MATCHED	n4872293470	5.7	0.78	An der Bahn	611	Saarmund, An der Wiese	An der Wiese	LINESTRING(13.119094 52.323906,13.1191267 52.323858900000005)
1107	Saarmund	An der Bahn	de:12069:900220160::2	52.325125	13.118457	bus	MATCHED	n4872293469	2.4	0.88	An der Bahn	611,613	Bergholz-Rehbrücke, Autobahn	Autobahn	LINESTRING(13.118457 52.325125,13.1184902 52.3251192)
1108	Saarmund	An der Wiese	de:12069:900220175::1	52.321036	13.12102	bus	MATCHED	n4872293474	2.0	0.89	An der Wiese	611	Saarmund, Am Markt	Am Markt	LINESTRING(13.12102 52.321036,13.121031700000001 52.321019400000004)
1109	Saarmund	An der Wiese	de:12069:900220175::2	52.320757	13.121393	bus	MATCHED	n4872293475	1.3	0.92	An der Wiese	611	Saarmund, An der Bahn	An der Bahn	LINESTRING(13.121393 52.320757,13.121396 52.3207454)
1110	Saarmund	Bahnhof	de:12069:900220002:1:50	52.32359	13.138911	train	MATCHED	n367932840	16.4	0.3	Saarmund	RB22	Potsdam, Pirschheide Bhf / Ludwigsfelde, Struveshof Bhf	Ludwigsfelde-Struveshof	LINESTRING(13.138911 52.32359,13.139148800000001 52.323570700000005)
1111	Saarmund	Bahnhof	de:12069:900220002:2:51	52.323752	13.138848	train	MATCHED	n4405823784	34.0	0.2	Saarmund	RB22	Potsdam, Pirschheide Bhf / Ludwigsfelde, Struveshof Bhf	Potsdam Pirschheide	LINESTRING(13.138848 52.323752,13.139335 52.3236854)
1112	Saarmund	Bahnhof	de:12069:900220002::1	52.323364	13.139652	bus	MATCHED	n11869493021	28.0	0.33	Bahnhof	611,613	Philippsthal / Saarmund, An der Wiese / Nudow, Stöckerhaus / Saarmund, Am Markt	Philippsthal / Am Markt	LINESTRING(13.139652 52.323364,13.139282300000001 52.323474100000006)
1113	Saarmund	Bergstr. 	de:12069:900220476::1	52.317793	13.125037	bus	MATCHED	n1460366719	10.8	0.52	Bergstraße	611,613	Saarmund, Am Markt / Saarmund, Nuthestr.	Am Markt	LINESTRING(13.125037 52.317793,13.125193300000001 52.317779400000006)
1114	Saarmund	Nuthestr. 	de:12069:900220177::1	52.31426	13.122977	bus	MATCHED	n971767714	37.2	0.36	Nuthestraße	611	Saarmund, Waldkolonie	Waldkolonie	LINESTRING(13.122977 52.31426,13.1232913 52.3145335)
1115	Saarmund	Nuthestr. 	de:12069:900220177::2	52.314156	13.122994	bus	MATCHED	n971767513	44.3	0.33	Nuthestraße	611	Saarmund, Schule	Am Markt / Schule	LINESTRING(13.122994 52.314156,13.1233886 52.3144721)
1116	Saarmund	Schule	de:12069:900220176::1	52.315499	13.122698	bus	MATCHED	n971767547	2.8	0.79	Schule	611,613	Langerwisch, Rosengut / Saarmund, Bergstr.	Wildenbrucher Straße / Am Markt / Rosengut	LINESTRING(13.122698 52.315499,13.1227221 52.3155197)
1117	Saarmund	Waldkolonie	de:12069:900220172::1	52.311688	13.121758	bus	MATCHED	n4621501738	0.9	0.93	Waldkolonie	611	Tremsdorf, Stückener Weg	Stückener Weg	LINESTRING(13.121758 52.311688,13.1217489 52.3116939)
1118	Saarmund	Waldkolonie	de:12069:900220172::2	52.311777	13.121921	bus	MATCHED	n5863089142	2.1	0.88	Waldkolonie	611	Saarmund, Nuthestr.	Nuthestraße	LINESTRING(13.121921 52.311777,13.121924400000001 52.3117961)
1119	Schenkenberg (bei Götz)	Dorf	de:12069:900222226::1	52.390874	12.710232	bus	MATCHED	n2197832728	12.0	0.51	Dorf	554,556,557	Jeserig (bei Götz), Siedlung	Siedlung / Bahnhof	LINESTRING(12.710232 52.390874,12.710346900000001 52.390956)
1120	Schenkenberg (bei Götz)	Dorf	de:12069:900222226::2	52.390946	12.710194	bus	MATCHED	n2197832736	7.4	0.74	Dorf	554	Trechwitz, Festplatz	Festplatz	LINESTRING(12.710194 52.390946,12.7101003 52.390911700000004)
1121	Schenkenhorst	Dorfstr. 	de:12069:900220058::1	52.340864	13.198254	bus	MATCHED	n1213011354	1.1	0.68	Dorfstraße	613	Schenkenhorst, Gemeindehaus	Gemeindehaus	LINESTRING(13.198254 52.340864,13.198253000000001 52.3408741)
1122	Schenkenhorst	Dorfstr. 	de:12069:900220058::2	52.340909	13.198706	bus	MATCHED	n511154962	34.9	0.34	Dorfstraße	613	Schenkenhorst, Teltower Weg	Teltower Weg	LINESTRING(13.198706 52.340909,13.199184500000001 52.341019100000004)
1123	Schenkenhorst	Gemeindehaus	de:12069:900220067::1	52.339765	13.192627	bus	MATCHED	n476280118	4.8	0.8	Gemeindehaus	613	Nudow, Zur Mühle	Zur Mühle	LINESTRING(13.192627 52.339765,13.1926804 52.3397937)
1124	Schenkenhorst	Gemeindehaus	de:12069:900220067::2	52.340008	13.193841	bus	MATCHED	n476280119	2.8	0.86	Gemeindehaus	613	Schenkenhorst, Dorfstr.	Dorfstraße	LINESTRING(13.193841 52.340008,13.1938761 52.33999420000001)
1125	Schenkenhorst	Rotdornweg	de:12069:900220065::1	52.340625	13.206183	bus	MATCHED	n476280115	1.3	0.92	Rotdornweg	613,624,627	Sputendorf, Ernst-Thälmann-Platz	Ernst-Thälmann-Platz	LINESTRING(13.206183 52.340625,13.2061872 52.3406132)
1126	Schenkenhorst	Rotdornweg	de:12069:900220065::2	52.340668	13.206314	bus	MATCHED	n476280114	0.3	0.96	Rotdornweg	613,624,627	Schenkenhorst, Teltower Weg	Teltower Weg	LINESTRING(13.206314 52.340668,13.206312100000002 52.340665900000005)
1127	Schenkenhorst	Teltower Weg	de:12069:900220066::1	52.341177	13.201041	bus	MATCHED	n476280117	1.3	0.92	Teltower Weg	613,624,627	Schenkenhorst, Rotdornweg	Rotdornweg	LINESTRING(13.201041 52.341177,13.201034100000001 52.341165800000006)
1128	Schenkenhorst	Teltower Weg	de:12069:900220066::2	52.341195	13.201341	bus	MATCHED	n476280116	0.4	0.96	Teltower Weg	613,624,627	Güterfelde, Kirchplatz / Schenkenhorst, Dorfstr.	Dorfstraße / Kirchplatz	LINESTRING(13.201341 52.341195,13.201336900000001 52.3411977)
1129	Schmergow	Deetzer Siedlung	de:12069:900220193::1	52.448825	12.803599	bus	MATCHED	n2199400831	0.6	0.95	Deetzer Siedlung	557,635	Schmergow, Ziegeleiweg	Ziegeleiweg	LINESTRING(12.803599 52.448825,12.803605300000001 52.448828600000006)
1130	Schmergow	Deetzer Siedlung	de:12069:900220193::2	52.448708	12.80332	bus	MATCHED	w786206392	9.9	0.69	Deetzer Siedlung	557,635	Deetz (PM), Sportplatz	Sportplatz	LINESTRING(12.80332 52.448708,12.803393980221323 52.44878490876669)
1131	Schmergow	Ketziner Siedlung	de:12069:900220707::1	52.453952	12.825579	bus	MATCHED	n2198390972	6.9	0.75	Ketziner Siedlung	632,635	Schmergow, Phöbener Siedlung	Am Phöbener Bruch	LINESTRING(12.825579 52.453952,12.8256577 52.453913500000006)
1132	Schmergow	Ketziner Siedlung	de:12069:900220707::2	52.454041	12.825485	bus	MATCHED	n2198390978	1.0	0.93	Ketziner Siedlung	632,635	Schmergow, Schmiedegasse / Schmergow, Schmiedegasse	Schmiedegasse	LINESTRING(12.825485 52.454041,12.8254821 52.4540495)
1133	Schmergow	Phöbener Siedlung	de:12069:900220708::1	52.448972	12.837268	bus	MATCHED	n2199400833	3.1	0.77	Schmergow, Phöbener Siedlung	632	Phöben, Neue Str.		LINESTRING(12.837268 52.448972,12.8372229 52.44897580000001)
1134	Schmergow	Phöbener Siedlung	de:12069:900220708::2	52.449336	12.836656	bus	MATCHED	n2198390985	4.5	0.81	Schmergow, Phöbener Siedlung	632	Schmergow, Ketziner Siedlung	Ketziner Siedlung	LINESTRING(12.836656 52.449336,12.8367216 52.4493403)
1135	Schmergow	Schmiedegasse	de:12069:900220706::1	52.454869	12.814981	bus	MATCHED_THOUGH_REVERSED_DIR	n7380442416	4.1	0.65	Schmiedegasse	557,635	Schmergow, Ziegeleiweg	Ketziner Siedlung	LINESTRING(12.814981 52.454869,12.814991200000001 52.4548326)
1136	Schmergow	Schmiedegasse	de:12069:900220706::2	52.454793	12.814041	bus	MATCHED	n2199400828	1.1	0.93	Schmiedegasse	632,635	Schmergow, Ketziner Siedlung		LINESTRING(12.814041 52.454793,12.8140391 52.4548027)
1137	Schmergow	Schmiedegasse	de:12069:900220706::3	52.454717	12.814531	bus	MATCHED	n2199400824	10.1	0.55	Schmiedegasse	557,632,635		Ketziner Siedlung	LINESTRING(12.814531 52.454717,12.814452200000002 52.4546397)
1138	Schmergow	Ziegeleiweg	de:12069:900220705::1	52.454173	12.809073	bus	MATCHED	w786206391	2.4	0.88	Ziegeleiweg	557,635	Schmergow, Schmiedegasse / Schmergow, Schmiedegasse	Schmiedegasse	LINESTRING(12.809073 52.454173,12.809038700000002 52.4541691)
1139	Schmergow	Ziegeleiweg	de:12069:900220705::2	52.45424	12.809093	bus	MATCHED	n2198390965	2.1	0.89	Ziegeleiweg	557,635	Schmergow, Deetzer Siedlung	Deetzer Siedlung	LINESTRING(12.809093 52.45424,12.809064000000001 52.4542337)
1140	Schmerwitz	Ortsmitte	de:12069:900222179::1	52.139347	12.486183	bus	MATCHED	n3486467712	7.7	0.73	Ortsmitte	555,587,588	Klein Glien / Wiesenburg, Gewerbegebiet	Gewerbegebiet / Klein Glien	LINESTRING(12.486183 52.139347,12.4860977 52.13930130000001)
1141	Schmerwitz	Ortsmitte	de:12069:900222179::2	52.139197	12.486086	bus	NO_MATCH_BUT_OTHER_PLATFORM_MATCHED					555,587,588	Schlamau / Hagelberg, Ortsmitte / Werbig (PM), Ortsmitte / Weitzgrund / Bad Belzig, Busbahnhof		POINT(12.486086 52.139197)
1142	Schmerwitz	Ortsmitte	de:12069:900222179::3	52.139335	12.486182		MATCHED	n1579977293	1.6	0.83	Ortsmitte			Ortsmitte / Schlamau	LINESTRING(12.486182 52.139335,12.486160400000001 52.139339400000004)
1143	Schwabeck	Abzweig B 2	de:12069:900222181::1	52.026857	12.799538	bus	MATCHED	n3587973868	0.0	0.96	Schwabeck, Abzweig B 2	585	Schwabeck, Ortsmitte	Ortsmitte	LINESTRING(12.799538 52.026857,12.799538 52.02685700000001)
1144	Schwabeck	Abzweig B 2	de:12069:900222181::2	52.026783	12.798817		MATCHED	n5288052735	2.1	0.77	Schwabeck, Abzweig B 2				LINESTRING(12.798817 52.026783,12.7987867 52.026785200000006)
1145	Schwabeck	Abzweig B 2	de:12069:900222181::3	52.027213	12.799331	bus	MATCHED	w547295229	6.2	0.76	Schwabeck, Abzweig B 2	585	Dietersdorf	Dietersdorf	LINESTRING(12.799331 52.027213,12.799279806788716 52.027167620865534)
1146	Schwabeck	Ortsmitte	de:12069:900222182::1	52.024113	12.814044	bus	MATCHED	n3587976231	0.0	0.97	Ortsmitte	585	Schwabeck, Abzweig B 2	Schwabeck, Abzweig B 2	LINESTRING(12.814044 52.024113,12.814044 52.024113)
1147	Schwabeck	Ortsmitte	de:12069:900222182::2	52.024056	12.813996	bus	MATCHED	n3587976230	0.0	0.97	Ortsmitte	585	Feldheim (PM)	Feldheim (PM)	LINESTRING(12.813996 52.024056,12.813996000000001 52.024056)
1148	Seddin (PM)	Bahnhof	de:12069:900220004:1:50	52.291581	12.984404	train	MATCHED	n3417780800	7.0	0.35	Seddin	RE7	Michendorf, Bahnhof / Beelitz-Heilstätten, Bahnhof	Beelitz-Heilstätten	LINESTRING(12.984404 52.291581,12.9844638 52.291530200000004)
1149	Seddin (PM)	Bahnhof	de:12069:900220004:2:51	52.291492	12.984576	train	MATCHED	n354616954	4.6	0.56	Seddin	RE7	Michendorf, Bahnhof	Michendorf	LINESTRING(12.984576 52.291492,12.984510100000001 52.2914996)
1150	Seddin (PM)	Bahnhof	de:12069:900220004::1	52.292334	12.985099	bus	MATCHED	w1349523584	42.3	0.43	Seddin Bahnhof	643,646	Neuseddin, Schule / Neuseddin, Waldstr.	Waldstraße / Schule	LINESTRING(12.985099 52.292334,12.98482005 52.2919943)
1151	Seddin (PM)	Bahnhof	de:12069:900220004::2	52.29196	12.984809		MATCHED	n1477057658	0.1	0.94	Bahnhof				LINESTRING(12.984809 52.29196,12.9848108 52.2919605)
1152	Seddin (PM)	Beelitzer Str. 	de:12069:900220920::1	52.272154	13.008763	bus	MATCHED	n3010071369	2.4	0.73	Beelitzer Straße	646	Seddin (PM), Trift	Trift	LINESTRING(13.008763 52.272154,13.008729800000001 52.272148)
1153	Seddin (PM)	Beelitzer Str. 	de:12069:900220920::2	52.271879	13.010772	bus	MATCHED	n3010071357	1.2	0.77	Beelitzer Straße	646	Seddin (PM), Jägerhof	Jägerhof	LINESTRING(13.010772 52.271879,13.0107791 52.2718891)
1154	Seddin (PM)	Jägerhof	de:12069:900220921::1	52.274099	13.002743	bus	MATCHED	n1077021587	2.5	0.87	Jägerhof	643,X43	Beelitz, An der Kiesgrube / Seddin (PM), Schuppesiedlung	Kemmeter Weg / An der Kiesgrube	LINESTRING(13.002743 52.274099,13.0027165 52.274114600000004)
1155	Seddin (PM)	Jägerhof	de:12069:900220921::2	52.273315	13.002258	bus	MATCHED	n1077021778	5.4	0.79	Jägerhof	643,X43	Michendorf, Siedlung Six / Neuseddin, Heimvolkshochschule	Siedlung Six / Heimvolkshochschule	LINESTRING(13.002258 52.273315,13.0023285 52.273293200000005)
1156	Seddin (PM)	Jägerhof	de:12069:900220921::3	52.273541	13.003077	bus	MATCHED	n5320053506	0.3	0.96	Jägerhof	646	Seddin (PM), Beelitzer Str.	Beelitzer Straße	LINESTRING(13.003077 52.273541,13.0030747 52.273543200000006)
1157	Seddin (PM)	Jägerhof	de:12069:900220921::4	52.2734	13.003873	bus	MATCHED	n5320053505	3.7	0.83	Jägerhof	646	Neuseddin, Heimvolkshochschule	Heimvolkshochschule	LINESTRING(13.003873 52.2734,13.003925800000001 52.2733933)
1158	Seddin (PM)	Schuppesiedlung	de:12069:900220922::1	52.263504	12.994951	bus	MATCHED	n280827431	17.5	0.43	Schuppesiedlung	643	Beelitz, Kemmeter Weg	Kemmeter Weg / Jägerhof	LINESTRING(12.994951 52.263504,12.9948805 52.2633531)
1159	Seddin (PM)	Schuppesiedlung	de:12069:900220922::2	52.26352	12.995056	bus	NO_MATCH_BUT_OTHER_PLATFORM_MATCHED					643	Seddin (PM), Jägerhof		POINT(12.995056 52.26352)
1160	Seddin (PM)	Trift	de:12069:900220923::1	52.270146	13.020312	bus	MATCHED	n5320053508	2.7	0.87	Trift	646	Kähnsdorf, Am Seehügel	Am Seehügel	LINESTRING(13.020312 52.270146,13.020332000000002 52.270125300000004)
1161	Seddin (PM)	Trift	de:12069:900220923::2	52.270152	13.020416	bus	MATCHED	n5320053507	1.2	0.92	Trift	646	Seddin (PM), Beelitzer Str.	Beelitzer Straße	LINESTRING(13.020416 52.270152,13.0204263 52.2701611)
1162	Sputendorf	Abzweig	de:12069:900220062::1	52.340186	13.251523		MATCHED	n307798732	25.3	0.28	Sputendorf, Abzweig			Siedlerweg	LINESTRING(13.251523 52.340186,13.251194300000002 52.3400802)
1163	Sputendorf	Abzweig	de:12069:900220062::2	52.339175	13.25074		MATCHED	n307798730	30.6	0.25	Sputendorf, Abzweig			Sputendorfer Chaussee	LINESTRING(13.25074 52.339175,13.250662700000001 52.339445500000004)
1164	Sputendorf	Dorfaue	de:12069:900220063::1	52.338775	13.224631	bus	MATCHED	n1212683041	4.9	0.8	Dorfaue	613,624,627	Sputendorf, Lärchenring	Lärchenring	LINESTRING(13.224631 52.338775,13.224702 52.3387803)
1165	Sputendorf	Dorfaue	de:12069:900220063::2	52.338832	13.224958	bus	MATCHED	n1212683007	0.0	0.97	Dorfaue	613,624,627	Sputendorf, Ernst-Thälmann-Platz	Ernst-Thälmann-Platz	LINESTRING(13.224958 52.338832,13.224958 52.338832000000004)
1166	Sputendorf	Ernst-Thälmann-Platz	de:12069:900220064::1	52.33932	13.216848	bus	MATCHED	n1212683011	1.6	0.91	Ernst-Thälmann-Platz	613,624,627	Sputendorf, Dorfaue	Dorfaue	LINESTRING(13.216848 52.33932,13.216841700000002 52.339333800000006)
1167	Sputendorf	Ernst-Thälmann-Platz	de:12069:900220064::2	52.33942	13.216788	bus	MATCHED	n1212683021	1.6	0.91	Ernst-Thälmann-Platz	613,624,627	Schenkenhorst, Rotdornweg	Rotdornweg / Teltower Weg	LINESTRING(13.216788 52.33942,13.2168104 52.339415900000006)
1168	Sputendorf	Lärchenring	de:12069:900220069::1	52.338981	13.233756	bus	MATCHED	n11834433807	0.0	0.97	Lärchenring	613,624,627			LINESTRING(13.233756 52.338981,13.233756000000001 52.338981000000004)
1169	Sputendorf	Lärchenring	de:12069:900220069::2	52.339176	13.23341	bus	MATCHED	n1212683015	3.4	0.76	Lärchenring	613,624,627	Sputendorf, Dorfaue	Dorfaue	LINESTRING(13.23341 52.339176,13.233360600000001 52.339170100000004)
1170	Stahnsdorf	Alte Potsdamer Landstr. 	de:12069:900210836::1	52.392576	13.196782		NO_MATCH_AND_SEEMS_UNSERVED								POINT(13.196782 52.392576)
1171	Stahnsdorf	Am Upstall	de:12069:900220030::1	52.38775	13.216427	bus	MATCHED	n843198653	2.4	0.88	Am Upstall	622,624,N12	Stahnsdorf, Friedrich-Weißler-Platz	Friedrich-Weißler-Platz	LINESTRING(13.216427 52.38775,13.2164465 52.387768)
1172	Stahnsdorf	Am Upstall	de:12069:900220030::2	52.387705	13.216288	bus	MATCHED	n843198666	32.3	0.47	Am Upstall	622	Stahnsdorf, Am Weiher	Am Weiher	LINESTRING(13.216288 52.387705,13.216046100000002 52.387455300000006)
1173	Stahnsdorf	Am Weiher	de:12069:900220000::1	52.384492	13.213706	bus	MATCHED	n1212683033	1.7	0.9	Am Weiher	622,624,N12	Stahnsdorf, Am Upstall	Am Upstall	LINESTRING(13.213706 52.384492,13.213725 52.3844816)
1174	Stahnsdorf	Am Weiher	de:12069:900220000::2	52.384469	13.21361	bus	MATCHED	n1212682963	2.1	0.88	Am Weiher	622	Stahnsdorf, Annastr.	Annastraße	LINESTRING(13.21361 52.384469,13.213579200000002 52.384472800000005)
1175	Stahnsdorf	Amselsteg	de:12069:900220031::1	52.381493	13.199044	bus	MATCHED	n460320260	5.4	0.61	Amselsteig	622	Stahnsdorf, Bahnhofstr.	Bahnhofstraße	LINESTRING(13.199044 52.381493,13.199117500000002 52.381512300000004)
1176	Stahnsdorf	Annastr. 	de:12069:900220015::1	52.382083	13.211465	bus	MATCHED	n360770756	5.9	0.6	Annastraße	622,624,627,N12	Stahnsdorf, Am Weiher	Am Weiher	LINESTRING(13.211465 52.382083,13.2114984 52.3821321)
1177	Stahnsdorf	Annastr. 	de:12069:900220015::2	52.381504	13.210733	bus	MATCHED	n360770758	0.8	0.73	Annastraße	622,627	Stahnsdorf, Hildegardstr.	Hildegardstraße	LINESTRING(13.210733 52.381504,13.210722500000001 52.381506200000004)
1178	Stahnsdorf	Annastr. 	de:12069:900220015::3	52.38162	13.211507	bus	MATCHED	n360770760	0.8	0.73	Annastraße	627	Stahnsdorf, Florastr.	Florastraße	LINESTRING(13.211507 52.38162,13.211498800000001 52.3816147)
1179	Stahnsdorf	Bahnhofstr. 	de:12069:900220017::1	52.384853	13.194333		NO_MATCH_AND_SEEMS_UNSERVED								POINT(13.194333 52.384853)
1180	Stahnsdorf	Bahnhofstr. 	de:12069:900220017::2	52.384865	13.193664		NO_MATCH_AND_SEEMS_UNSERVED								POINT(13.193664 52.384865)
1181	Stahnsdorf	Bahnhofstr. 	de:12069:900220017::3	52.384221	13.19349	bus	MATCHED	n12397281296	17.6	0.49	Bahnhofstraße	622,624	Stahnsdorf, Heinrich-Zille-Str. / Stahnsdorf, Heinrich-Zille-Str.	Heinrich-Zille-Straße	LINESTRING(13.19349 52.384221,13.193602400000001 52.3840784)
1182	Stahnsdorf	Bahnhofstr. 	de:12069:900220017::4	52.384765	13.195861		NO_MATCH_AND_SEEMS_UNSERVED								POINT(13.195861 52.384765)
1183	Stahnsdorf	Bergstr. 	de:12069:900220025::1	52.381075	13.204138	bus	MATCHED	n1212683018	2.2	0.68	Bergstraße	622,624,627,N12	Stahnsdorf, Hildegardstr.	Hildegardstraße	LINESTRING(13.204138 52.381075,13.2041065 52.381079)
1184	Stahnsdorf	Bergstr. 	de:12069:900220025::2	52.38075	13.204505	bus	MATCHED	n1212682960	10.1	0.53	Bergstraße	622,627	Stahnsdorf, Friedrich-Naumann-Str. / Stahnsdorf, Amselsteg	Amselsteig	LINESTRING(13.204505 52.38075,13.2044639 52.380837400000004)
1185	Stahnsdorf	Betriebshof	de:12069:900220014::1	52.387499	13.243286		MATCHED	n5853394903	1.6	0.82	Betriebshof				LINESTRING(13.243286 52.387499,13.2432832 52.387484300000004)
1186	Stahnsdorf	Betriebshof	de:12069:900220014::2	52.38819	13.243082		NO_MATCH_AND_SEEMS_UNSERVED								POINT(13.243082 52.38819)
1187	Stahnsdorf	Betriebshof	de:12069:900220014::3	52.388166	13.243027		NO_MATCH_AND_SEEMS_UNSERVED								POINT(13.243027 52.388166)
1188	Stahnsdorf	Briefzentrum	de:12069:900220032::1	52.386886	13.234928	bus	MATCHED	n1213011301	3.3	0.84	Briefzentrum	602,626,627	Stahnsdorf, Enzianweg	Enzianweg	LINESTRING(13.234928 52.386886,13.234905900000001 52.386859400000006)
1189	Stahnsdorf	Briefzentrum	de:12069:900220032::2	52.387023	13.234766	bus	MATCHED	n1213011288	6.2	0.77	Briefzentrum	626,627	Stahnsdorf, Grüner Weg	Grüner Weg	LINESTRING(13.234766 52.387023,13.234854100000002 52.3870359)
1190	Stahnsdorf	Briefzentrum	de:12069:900220032::3	52.386767	13.232501		MATCHED	n8874540862	2.7	0.76	Briefzentrum				LINESTRING(13.232501 52.386767,13.232490400000001 52.386790500000004)
1191	Stahnsdorf	Briefzentrum	de:12069:900220032::4	52.386742	13.232519		MATCHED	n8874540863	5.3	0.63	Briefzentrum				LINESTRING(13.232519 52.386742,13.2325602 52.386701300000006)
1192	Stahnsdorf	Enzianweg	de:12069:900220033::1	52.385444	13.238265	bus	MATCHED	n1213011325	1.3	0.92	Enzianweg	602,626,627	Stahnsdorf, Green Park	Green Park	LINESTRING(13.238265 52.385444,13.238246400000001 52.38544400000001)
1193	Stahnsdorf	Enzianweg	de:12069:900220033::2	52.385685	13.237897	bus	MATCHED	n1213011322	4.3	0.81	Enzianweg	626,627	Stahnsdorf, Briefzentrum	Briefzentrum	LINESTRING(13.237897 52.385685,13.2379513 52.385665)
1194	Stahnsdorf	Fasanenstr. 	de:12069:900220013::1	52.380769	13.195315	bus	MATCHED	n12397347339	45.2	0.18	Fasanenstraße	624	Stahnsdorf, Bahnhofstr.		LINESTRING(13.195315 52.380769,13.1950354 52.3804007)
1195	Stahnsdorf	Fasanenstr. 	de:12069:900220013::2	52.380824	13.195221	bus	MATCHED	n12397347340	0.5	0.7	Fasanenstraße	624	Güterfelde, Am Wiesengrund		LINESTRING(13.195221 52.380824,13.1952235 52.38082)
1196	Stahnsdorf	Florastr. 	de:12069:900220037::1	52.377679	13.215021	bus	MATCHED	n1023216673	0.7	0.75	Florastraße	627	Stahnsdorf, Luisenstr.	Luisenstraße	LINESTRING(13.215021 52.377679,13.2150162 52.3776841)
1197	Stahnsdorf	Florastr. 	de:12069:900220037::2	52.377165	13.215584	bus	MATCHED	n360762076	3.5	0.67	Florastraße	627	Stahnsdorf, Annastr. / Stahnsdorf, Annastr.	Annastraße	LINESTRING(13.215584 52.377165,13.215633 52.377157200000006)
1198	Stahnsdorf	Friedrich-Naumann-Str. 	de:12069:900220514::1	52.383038	13.201799	bus	MATCHED	n948242420	3.9	0.76	Friedrich-Naumann-Straße	622,624,627,N12	Stahnsdorf, Heinrich-Zille-Schule / Stahnsdorf, Bergstr.	Heinrich-Zille-Schule / Bergstraße	LINESTRING(13.201799 52.383038,13.201749600000001 52.3830211)
1199	Stahnsdorf	Friedrich-Naumann-Str. 	de:12069:900220514::2	52.383016	13.202548	bus	MATCHED	n1212682999	5.7	0.58	Friedrich-Naumann-Straße	627	Stahnsdorf, Heinrich-Zille-Str.		LINESTRING(13.202548 52.383016,13.202606500000002 52.3829794)
1200	Stahnsdorf	Friedrich-Weißler-Platz	de:12069:900220513::1	52.39162	13.220737	bus	MATCHED	n1212682983	48.0	0.4	Friedrich-Weißler-Platz	622,624,627,N12	Stahnsdorf, Puschkinstr. / Stahnsdorf, Grüner Weg / Stahnsdorf, Stahnsdorfer Hof / Stahnsdorf, Stahnsdorfer Hof	Stahnsdorfer Hof / Puschkinstraße	LINESTRING(13.220737 52.39162,13.2213653 52.3918143)
1201	Stahnsdorf	Friedrich-Weißler-Platz	de:12069:900220513::2	52.391737	13.220712	bus	MATCHED	n1212682993	0.9	0.93	Friedrich-Weißler-Platz	622,627	Stahnsdorf, Mühlenstr. / Stahnsdorf, Am Upstall	Am Upstall / Mühlenstraße	LINESTRING(13.220712 52.391737,13.220724 52.3917401)
1202	Stahnsdorf	Friedrich-Weißler-Platz	de:12069:900220513::3	52.39199	13.220576		NO_MATCH_AND_SEEMS_UNSERVED								POINT(13.220576 52.39199)
1203	Stahnsdorf	Friedrich-Weißler-Platz	de:12069:900220513::5	52.391702	13.220295		NO_MATCH_AND_SEEMS_UNSERVED								POINT(13.220295 52.391702)
1204	Stahnsdorf	Friedrich-Weißler-Platz	de:12069:900220513::6	52.39319	13.216145		NO_MATCH_AND_SEEMS_UNSERVED								POINT(13.216145 52.39319)
1205	Stahnsdorf	Geranienweg	de:12069:900222363::1	52.384258	13.219527	bus	MATCHED	n1212683047	26.0	0.51	Geranienweg	627	Stahnsdorf, Mühlenstr.	Mühlenstraße	LINESTRING(13.219527 52.384258,13.2196048 52.3844865)
1206	Stahnsdorf	Geranienweg	de:12069:900222363::2	52.384351	13.219475	bus	MATCHED	n1212682986	17.5	0.59	Geranienweg	627	Stahnsdorf, Sonnenblumenweg	Sonnenblumenweg	LINESTRING(13.219475 52.384351,13.219395800000001 52.3842014)
1207	Stahnsdorf	Green Park	de:12069:900220028::1	52.383732	13.242312	bus	MATCHED	n452900123	2.1	0.89	Green Park	602,626,627	Teltow, Schenkendorfer Weg	Schenkendorfer Weg	LINESTRING(13.242312 52.383732,13.2422932 52.383717000000004)
1208	Stahnsdorf	Green Park	de:12069:900220028::2	52.383889	13.242055	bus	MATCHED	n452900125	3.6	0.84	Green Park	626,627	Stahnsdorf, Enzianweg	Enzianweg	LINESTRING(13.242055 52.383889,13.2420763 52.383918200000004)
1209	Stahnsdorf	Green Park	de:12069:900220028::3	52.384787	13.239803		NO_MATCH_AND_SEEMS_UNSERVED								POINT(13.239803 52.384787)
1210	Stahnsdorf	Green Park	de:12069:900220028::4	52.384786	13.240486		NO_MATCH_AND_SEEMS_UNSERVED								POINT(13.240486 52.384786)
1211	Stahnsdorf	Grüner Weg	de:12069:900220024::1	52.390276	13.22646	bus	MATCHED	w1274450117	4.4	0.81	Grüner Weg	602,626,627	Stahnsdorf, Briefzentrum	Briefzentrum	LINESTRING(13.22646 52.390276,13.226404275677895 52.390256680669616)
1212	Stahnsdorf	Grüner Weg	de:12069:900220024::2	52.390455	13.226368	bus	MATCHED	n7065814807	2.9	0.86	Grüner Weg	626,627	Stahnsdorf, Stahnsdorfer Hof / Stahnsdorf, Friedrich-Weißler-Platz	Stahnsdorfer Hof	LINESTRING(13.226368 52.390455,13.2264057 52.390467900000004)
1213	Stahnsdorf	Gymnasium	de:12069:900220092::1	52.389159	13.19241	bus	MATCHED	n2433982596	0.1	0.95	Gymnasium	624,627	Stahnsdorf, Heinrich-Zille-Str.		LINESTRING(13.19241 52.389159,13.192411000000002 52.389159400000004)
1214	Stahnsdorf	Heinrich-Zille-Schule	de:12069:900220035::1	52.383363	13.205335	bus	MATCHED	n11834433836	2.0	0.89	Heinrich-Zille-Schule	624,627	Stahnsdorf, Fasanenstr. / Stahnsdorf, Bergstr.	Am Wiesengrund	LINESTRING(13.205335 52.383363,13.205359900000001 52.3833538)
1215	Stahnsdorf	Heinrich-Zille-Str. 	de:12069:900220380::1	52.385463	13.196243	bus	MATCHED	n7903941439	6.1	0.67	Heinrich-Zille-Straße	601,602,622,N13,X1	Stahnsdorf, John-Graudenz-Str. / Stahnsdorf, Waldschänke	Waldschänke / John-Graudenz-Straße	LINESTRING(13.196243 52.385463,13.1961758 52.385427)
1216	Stahnsdorf	Heinrich-Zille-Str. 	de:12069:900220380::2	52.385488	13.195943	bus	MATCHED	n1023216921	4.0	0.71	Heinrich-Zille-Straße	601,622,627,N12,N13,X1	Stahnsdorf, Gymnasium / Stahnsdorf, Friedrich-Naumann-Str. / Stahnsdorf, Meisenweg	Meisenweg / Friedenstraße	LINESTRING(13.195943 52.385488,13.1959859 52.385513100000004)
1217	Stahnsdorf	Heinrich-Zille-Str. 	de:12069:900220380::3	52.384704	13.195971	bus	MATCHED	n1212683012	10.4	0.59	Heinrich-Zille-Straße	624,627	Stahnsdorf, Friedrich-Naumann-Str.	Friedrich-Naumann-Straße	LINESTRING(13.195971 52.384704,13.1958485 52.384759)
1218	Stahnsdorf	Hildegardstr. 	de:12069:900220026::1	52.378858	13.208322	bus	MATCHED	n948242392	2.5	0.76	Hildegardstraße	622,624,627,N12	Stahnsdorf, Annastr. / Stahnsdorf, Annastr.	Annastraße	LINESTRING(13.208322 52.378858,13.208357900000001 52.378852200000004)
1219	Stahnsdorf	Hildegardstr. 	de:12069:900220026::2	52.378818	13.208221	bus	MATCHED	n460320258	3.4	0.74	Hildegardstraße	622,627	Stahnsdorf, Bergstr. / Güterfelde, Altes Sägewerk	Sägewerk / Bergstraße	LINESTRING(13.208221 52.378818,13.208205000000001 52.3788465)
1220	Stahnsdorf	Irisweg	de:12069:900220510::1	52.378076	13.219568	bus	MATCHED	n1212682977	2.3	0.88	Irisweg	627	Stahnsdorf, Sonnenblumenweg	Sonnenblumenweg	LINESTRING(13.219568 52.378076,13.2195817 52.3780573)
1221	Stahnsdorf	Irisweg	de:12069:900220510::2	52.377755	13.219516	bus	MATCHED	n1212682970	11.5	0.52	Irisweg	627	Stahnsdorf, Luisenstr.		LINESTRING(13.219516 52.377755,13.2194865 52.377857000000006)
1222	Stahnsdorf	John-Graudenz-Str. 	de:12069:900220018::1	52.387908	13.202076	bus	MATCHED	n1212683032	1.7	0.82	John-Graudenz-Straße	601,622,N13,X1	Stahnsdorf, Ulmenweg	Ulmenweg	LINESTRING(13.202076 52.387908,13.2020514 52.3879114)
1223	Stahnsdorf	John-Graudenz-Str. 	de:12069:900220018::2	52.387381	13.200386	bus	MATCHED	n1212683048	2.3	0.8	John-Graudenz-Straße	601,622,N12,N13,X1	Stahnsdorf, Heinrich-Zille-Str.	Heinrich-Zille-Straße	LINESTRING(13.200386 52.387381,13.200370600000001 52.3873624)
1224	Stahnsdorf	Luisenstr. 	de:12069:900220036::1	52.374796	13.219631	bus	MATCHED	n360764052	10.1	0.56	Luisenstraße	627	Stahnsdorf, Irisweg	Irisweg	LINESTRING(13.219631 52.374796,13.219683600000002 52.3747113)
1225	Stahnsdorf	Luisenstr. 	de:12069:900220036::2	52.37522	13.21957	bus	MATCHED	n1212683030	5.9	0.48	Luisenstraße	627	Stahnsdorf, Florastr.	Florastraße	LINESTRING(13.21957 52.37522,13.2195555 52.375167700000006)
1226	Stahnsdorf	Meisenweg	de:12069:900220379::1	52.384163	13.191656	bus	MATCHED	n1023216683	1.3	0.92	Meisenweg	601,N13,X1	Stahnsdorf, Heinrich-Zille-Str.	Heinrich-Zille-Straße	LINESTRING(13.191656 52.384163,13.1916673 52.3841728)
1227	Stahnsdorf	Meisenweg	de:12069:900220379::2	52.384091	13.190782	bus	MATCHED	n7903941436	3.2	0.85	Meisenweg	601,N13,X1	Güterfelde, Kienwerder	Kienwerder	LINESTRING(13.190782 52.384091,13.190740700000001 52.384077500000004)
1228	Stahnsdorf	Mühlenstr. 	de:12069:900220512::1	52.387365	13.218478	bus	MATCHED	n1212683006	4.1	0.72	Mühlenstraße	627	Stahnsdorf, Friedrich-Weißler-Platz	Friedrich-Weißler-Platz	LINESTRING(13.218478 52.387365,13.218537600000001 52.3873673)
1229	Stahnsdorf	Mühlenstr. 	de:12069:900220512::2	52.387021	13.218746	bus	MATCHED	n1212683009	5.9	0.68	Mühlenstraße	627	Stahnsdorf, Geranienweg	Geranienweg	LINESTRING(13.218746 52.387021,13.2186772 52.387053200000004)
1230	Stahnsdorf	Puschkinstr. 	de:12069:900220021::1	52.392073	13.230846	bus	MATCHED	w704115503	4.9	0.65	Puschkinstraße	601,624,X1	Stahnsdorf, Schwarzer Weg	Schwarzer Weg	LINESTRING(13.230846 52.392073,13.23087709682842 52.392033705574796)
1231	Stahnsdorf	Puschkinstr. 	de:12069:900220021::2	52.392051	13.230488	bus	MATCHED	n12384450042	2.2	0.59	Puschkinstraße	601,X1	Stahnsdorf, Stahnsdorfer Hof		LINESTRING(13.230488 52.392051,13.2304858 52.3920704)
1232	Stahnsdorf	Schwarzer Weg	de:12069:900220022::1	52.39337	13.235491	bus	MATCHED	n1212683024	2.0	0.89	Schwarzer Weg	601,624,629,X1	Teltow, Feuerwehr / Teltow, Oderstr./Saganer Str.	Feuerwehr / Oderstraße/Saganer Straße	LINESTRING(13.235491 52.39337,13.235499200000001 52.393352900000004)
1233	Stahnsdorf	Schwarzer Weg	de:12069:900220022::2	52.3934	13.23512	bus	MATCHED	w704115500	3.3	0.84	Schwarzer Weg	601,629,X1	Kleinmachnow, Im Tal / Stahnsdorf, Puschkinstr.	Puschkinstraße / Im Tal	LINESTRING(13.23512 52.3934,13.235076767512455 52.39341349956704)
1234	Stahnsdorf	Sonnenblumenweg	de:12069:900220511::1	52.380774	13.219547	bus	MATCHED	n1212683003	10.3	0.68	Sonnenblumenweg	627	Stahnsdorf, Geranienweg	Geranienweg	LINESTRING(13.219547 52.380774,13.219577000000001 52.3806832)
1235	Stahnsdorf	Sonnenblumenweg	de:12069:900220511::2	52.380428	13.219485	bus	MATCHED	n1212683037	14.1	0.63	Sonnenblumenweg	627	Stahnsdorf, Irisweg	Luisenstraße	LINESTRING(13.219485 52.380428,13.2194613 52.380554200000006)
1236	Stahnsdorf	Stahnsdorfer Hof	de:12069:900220020::1	52.392383	13.2215	bus	MATCHED	n10285678574	8.7	0.71	Stahnsdorfer Hof	601,602,626,627,BER2,X1	Teltow, Warthestr. / Stahnsdorf, Grüner Weg / Stahnsdorf, Puschkinstr. / Stahnsdorf, Friedrich-Weißler-Platz	Grüner Weg / Puschkinstraße / Friedrich-Weißler-Platz	LINESTRING(13.2215 52.392383,13.221624400000001 52.392365500000004)
1237	Stahnsdorf	Stahnsdorfer Hof	de:12069:900220020::2	52.39255	13.221621	bus	MATCHED	n765563730	6.0	0.77	Stahnsdorfer Hof	601,626,627,BER2,N12,X1	Stahnsdorf, Waldschänke / Kleinmachnow, Am Hochwald / Stahnsdorf, Waldschänke / Stahnsdorf, Waldschänke	Waldschänke	LINESTRING(13.221621 52.39255,13.2215336 52.39254630000001)
1238	Stahnsdorf	Stahnsdorfer Hof	de:12069:900220020::3	52.392731	13.222751	bus	MATCHED	n1212682961	40.6	0.43	Stahnsdorfer Hof	622	Stahnsdorf, Friedrich-Weißler-Platz	Friedrich-Weißler-Platz	LINESTRING(13.222751 52.392731,13.2229174 52.3930814)
1239	Stahnsdorf	Stahnsdorfer Hof	de:12069:900220020::4	52.392786	13.222911	bus	MATCHED	n1212682957	32.4	0.47	Stahnsdorfer Hof	622	Kleinmachnow, Altes Dorf	Altes Dorf	LINESTRING(13.222911 52.392786,13.2230369 52.3930669)
1240	Stahnsdorf	Stahnsdorfer Hof	de:12069:900220020::5	52.392245	13.223806		NO_MATCH_AND_SEEMS_UNSERVED								POINT(13.223806 52.392245)
1241	Stahnsdorf	Stahnsdorfer Hof	de:12069:900220020::6	52.392328	13.223755		NO_MATCH_AND_SEEMS_UNSERVED								POINT(13.223755 52.392328)
1242	Stahnsdorf	Tellstr. 	de:12069:900220029::1	52.388985	13.230065		NO_MATCH_AND_SEEMS_UNSERVED								POINT(13.230065 52.388985)
1243	Stahnsdorf	Tellstr. 	de:12069:900220029::2	52.389595	13.228661		NO_MATCH_AND_SEEMS_UNSERVED								POINT(13.228661 52.389595)
1244	Stahnsdorf	Ulmenweg	de:12069:900220034::1	52.390363	13.205265	bus	MATCHED	n7065814809	8.1	0.73	Ulmenweg	601,622,N12,N13,X1	Stahnsdorf, John-Graudenz-Str.	John-Graudenz-Straße	LINESTRING(13.205265 52.390363,13.205263400000002 52.3902906)
1245	Stahnsdorf	Ulmenweg	de:12069:900220034::2	52.390319	13.205609	bus	MATCHED	n7065814810	3.4	0.84	Ulmenweg	601,622,N13,X1	Stahnsdorf, Waldschänke / Stahnsdorf, Waldschänke / Stahnsdorf, Waldschänke / Stahnsdorf, Waldschänke	Waldschänke	LINESTRING(13.205609 52.390319,13.2055691 52.3903005)
1246	Stahnsdorf	Waldschänke	de:12069:900220019::1	52.393508	13.210671	bus	MATCHED	n10584314677	12.8	0.49	Waldschänke	601,602,620,622,623,626,627,628,629,N12	Stahnsdorf, Stahnsdorfer Hof / Kleinmachnow, Am Hochwald	Ulmenweg / Stahnsdorfer Hof	LINESTRING(13.210671 52.393508,13.210851000000002 52.3934748)
1247	Stahnsdorf	Waldschänke	de:12069:900220019::2	52.393559	13.210462	bus	MATCHED	n5777373813	7.1	0.61	Waldschänke	620,622,623,628,629,N12,N13	Stahnsdorf, Ulmenweg / Kleinmachnow, Am Hochwald	Ulmenweg / Seeberg / Am Hochwald / Eichhörnchenweg / Stahnsdorfer Hof	LINESTRING(13.210462 52.393559,13.210562000000001 52.3935759)
1248	Stahnsdorf	Waldschänke	de:12069:900220019::3	52.393599	13.210733	bus	MATCHED	n5777373812	3.6	0.73	Waldschänke	601,620,626,N13,X1	Stahnsdorf, Ulmenweg / Kleinmachnow, Am Hochwald / Stahnsdorf, Stahnsdorfer Hof	Seeberg / Am Hochwald / Ulmenweg / Eichhörnchenweg / Stahnsdorfer Hof	LINESTRING(13.210733 52.393599,13.2107758 52.393579300000006)
1249	Stahnsdorf	Waldschänke	de:12069:900220019::4	52.393652	13.210316	bus	MATCHED	n1255302332	3.0	0.76	Waldschänke	622,623	Stahnsdorf, Ulmenweg	Ulmenweg	LINESTRING(13.210316 52.393652,13.210278700000002 52.3936665)
1250	Stahnsdorf	Waldschänke	de:12069:900220019::5	52.392766	13.210102		NO_MATCH_AND_SEEMS_UNSERVED								POINT(13.210102 52.392766)
1251	Stahnsdorf	Waldschänke	de:12069:900220019::6	52.392078	13.210041		NO_MATCH_AND_SEEMS_UNSERVED								POINT(13.210041 52.392078)
1252	Stahnsdorf	Waldschänke	de:12069:900220019::7	52.392501	13.211017		NO_MATCH_AND_SEEMS_UNSERVED								POINT(13.211017 52.392501)
1253	Stahnsdorf	Waldschänke	de:12069:900220019::8	52.393443	13.212236		MATCHED	n309883268	115.1	0.08	Waldschänke				LINESTRING(13.212236 52.393443,13.210591800000001 52.3936829)
1254	Stahnsdorf	Waldschänke	de:12069:900220019::9	52.393429	13.210602	bus	MATCHED	n10584314676	5.1	0.68	Waldschänke	601,620,622,623,626,627,628,629,X1	Stahnsdorf, Ulmenweg	Stahnsdorfer Hof / Ulmenweg	LINESTRING(13.210602 52.393429,13.2106215 52.393473300000004)
1255	Steinberg (PM)	Abzweig	de:12069:900220237::1	52.273339	12.348498	bus	MATCHED	n401559261	4.0	0.82	Abzweig	562,596	Herrenmühle / Steinberg (PM), Dorf	Herrenmühle	LINESTRING(12.348498 52.273339,12.3484987 52.273375200000004)
1256	Steinberg (PM)	Abzweig	de:12069:900220237::2	52.273199	12.34795	bus	MATCHED	n401559262	1.8	0.9	Abzweig	562,596	Steinberg (PM), Molkerei / Steinberg (PM), Dorf	Molkerei / Glienecke	LINESTRING(12.34795 52.273199,12.3479624 52.2731848)
1257	Steinberg (PM)	Dorf	de:12069:900220232::1	52.261986	12.359969	bus	MATCHED	n11978557521	1.9	0.84	Dorf	596	Grebs (bei Ziesar)		LINESTRING(12.359969 52.261986,12.3599498 52.261973700000006)
1258	Steinberg (PM)	Dorf	de:12069:900220232::2	52.262023	12.360014	bus	MATCHED	n11978557519	61.9	0.2	Dorf	596	Steinberg (PM), Molkerei		LINESTRING(12.360014 52.262023,12.3592911 52.262359100000005)
1259	Steinberg (PM)	Molkerei	de:12069:900220236::1	52.274902	12.357186	bus	MATCHED	n3614830201	0.0	0.97	Molkerei	562,596	Steinberg (PM), Abzweig	Abzweig	LINESTRING(12.357186 52.274902,12.357186 52.274902000000004)
1260	Steinberg (PM)	Molkerei	de:12069:900220236::2	52.274708	12.35658	bus	MATCHED	n3614830202	11.1	0.67	Molkerei	562,596	Glienecke	Glienecke	LINESTRING(12.35658 52.274708,12.3567421 52.2747174)
1261	Stücken	Dorf	de:12069:900220770::1	52.246231	13.077657	bus	MATCHED	w706388419	2.6	0.8	Stücken, Dorf	608	Fresdorf, Feldstr. / Stücken, Süd	Rieben, Dorf / Feldstraße	LINESTRING(13.077657 52.246231,13.077626550000002 52.246245)
1262	Stücken	Süd	de:12069:900220771::1	52.244964	13.075544	bus	MATCHED	n1110368970	1.7	0.85	Süd	608	Zauchwitz, Friedhof	Friedhof / Stücken, Dorf	LINESTRING(13.075544 52.244964,13.075565200000002 52.244955700000006)
1263	Stücken	Süd	de:12069:900220771::2	52.245005	13.075696	bus	NO_MATCH_BUT_OTHER_PLATFORM_MATCHED					608	Stücken, Dorf		POINT(13.075696 52.245005)
1264	Teltow	Albert-Wiebach-Str. 	de:12069:900220376::1	52.398993	13.268068		MATCHED	n6155512412	4.2	0.56	Albert-Wiebach-Straße				LINESTRING(13.268068 52.398993,13.2680275 52.3990219)
1265	Teltow	An den Eichen	de:12069:900220402::1	52.377997	13.261537	bus	MATCHED	n1213066151	18.3	0.58	An den Eichen	626	Teltow, Ruhlsdorf	Ruhlsdorf	LINESTRING(13.261537 52.377997,13.2616001 52.377837500000005)
1266	Teltow	An den Eichen	de:12069:900220402::2	52.377952	13.261701	bus	MATCHED	n1213066087	37.5	0.45	An den Eichen	626	Teltow, Fliederstr.	Fliederstraße	LINESTRING(13.261701 52.377952,13.2618749 52.3776323)
1267	Teltow	Anne-Frank-Schule	de:12069:900220039::1	52.390841	13.278906	bus	MATCHED	n11766076417	30.9	0.48	Anne-Frank-Schule	629	Teltow, Oskar-Pollner-Str.	Oskar-Pollner-Straße	LINESTRING(13.278906 52.390841,13.279331 52.390744500000004)
1268	Teltow	Anne-Frank-Schule	de:12069:900220039::2	52.391446	13.277281	bus	MATCHED	n348318683	2.3	0.88	Anne-Frank-Schule	629	Teltow, Halifax-Platz	Halifax-Platz	LINESTRING(13.277281 52.391446,13.277297200000001 52.391464600000006)
1269	Teltow	Asternstr. 	de:12069:900220119::1	52.387455	13.264117	bus	MATCHED	n1213066044	3.3	0.65	Asternstraße	626	Teltow, Lilienstr.	Lilienstraße	LINESTRING(13.264117 52.387455,13.2640711 52.3874446)
1270	Teltow	Asternstr. 	de:12069:900220119::2	52.387613	13.264196	bus	MATCHED	n1213066058	3.3	0.66	Asternstraße	626	Teltow, Kanada-Allee	Kanada-Allee	LINESTRING(13.264196 52.387613,13.2642433 52.3876174)
1271	Teltow	Badstr. 	de:12069:900220401::1	52.404116	13.263608	bus	MATCHED	n1116625313	3.6	0.65	Badstraße	629	Teltow, Jahnsportplatz	Jahnsportplatz	LINESTRING(13.263608 52.404116,13.2635679 52.40413770000001)
1272	Teltow	Badstr. 	de:12069:900220401::2	52.404067	13.263486	bus	MATCHED	n1116625307	1.8	0.7	Badstraße	629	Teltow, Zehlendorfer Str.	Zehlendorfer Straße	LINESTRING(13.263486 52.404067,13.2634611 52.4040618)
1273	Teltow	Bahnhof	de:12069:900220001:1:50	52.38808	13.299522	train	MATCHED	n298071794	3.6	0.45	Teltow	RE3,RE4	Großbeeren, Bahnhof / S Lichterfelde Ost Bhf (Berlin)	Großbeeren	LINESTRING(13.299522 52.38808,13.2995552 52.3881049)
1274	Teltow	Bahnhof	de:12069:900220001:2:51	52.388032	13.299812	train	MATCHED	n1284636797	5.8	0.56	Teltow	RE2,RE3,RE4	S Südkreuz Bhf (Berlin) / S Lichterfelde Ost Bhf (Berlin)	Berlin-Lichterfelde Ost	LINESTRING(13.299812 52.388032,13.2997931 52.387981100000005)
1275	Teltow	Bahnhof	de:12069:900220001::1	52.389127	13.301274		NO_MATCH_AND_SEEMS_UNSERVED								POINT(13.301274 52.389127)
1276	Teltow	Bahnhof	de:12069:900220001::3	52.388673	13.30079	bus	NO_MATCH_BUT_OTHER_PLATFORM_MATCHED					600,601,704,BER2,X1	S Teltow Stadt / Teltow, Mozartstr.		POINT(13.30079 52.388673)
1277	Teltow	Bahnhof	de:12069:900220001::4	52.388622	13.300705	bus	MATCHED	n298072615	6.3	0.76	Bahnhof	600,601,704,BER2,X1	S Schönefeld (bei Berlin) / Birkenhain (Heinersdorf) / Teltow, Tulpenweg	Birkenhain (Heinersdorf) / Tulpenweg	LINESTRING(13.300705 52.388622,13.3007738 52.388584)
1278	Teltow	Bahnhof	de:12069:900220001::5	52.389245	13.298519		MATCHED	n10620364145	29.8	0.25	Bahnhof			Mozartstraße	LINESTRING(13.298519 52.389245,13.2989422 52.3893118)
1279	Teltow	Beethovenstr. /Kita	de:12069:900210831::1	52.387028	13.281609	bus	MATCHED	n364024349	3.8	0.72	Beethovenstraße/Kita	629	Teltow, Postviertel/Paul-Linke-Str.		LINESTRING(13.281609 52.387028,13.2815563 52.387016)
1280	Teltow	Beethovenstr. /Kita	de:12069:900210831::2	52.387155	13.282394	bus	MATCHED	n364024351	2.9	0.75	Beethovenstraße/Kita	629	Teltow, Oskar-Pollner-Str.	Oskar-Pollner-Straße	LINESTRING(13.282394 52.387155,13.2823756 52.3871781)
1281	Teltow	Bernhard-Lichtenberg-Str. 	de:12069:900210834::1	52.400118	13.276443		NO_MATCH_AND_SEEMS_UNSERVED								POINT(13.276443 52.400118)
1282	Teltow	Blumenstr. 	de:12069:900220404::1	52.393785	13.285919	bus	MATCHED_THOUGH_REVERSED_DIR	n1213066121	4.5	0.42	Blumenstraße	600,601,704,X1	Teltow, Mozartstr.	Gustl-Sandtner-Straße	LINESTRING(13.285919 52.393785,13.285912000000001 52.39382560000001)
1283	Teltow	Blumenstr. 	de:12069:900220404::2	52.393168	13.287601	bus	MATCHED_THOUGH_REVERSED_DIR	n1213066018	4.3	0.43	Blumenstraße	600,601,704,X1	Teltow, Gustl-Sandtner-Str.	Mozartstraße	LINESTRING(13.287601 52.393168,13.287639500000001 52.393137700000004)
1284	Teltow	Bremer Str. 	de:12069:900220081::1	52.387715	13.246641	bus	MATCHED	n1636227413	1.6	0.72	Bremer Straße	602	Teltow, Iserstr./Gesundheitszentrum	Iserstraße/Gesundheitszentrum	LINESTRING(13.246641 52.387715,13.246635000000001 52.387728900000006)
1285	Teltow	Bremer Str. 	de:12069:900220081::2	52.388118	13.24644		MATCHED	n1636227428	7.4	0.36	Bremer Straße				LINESTRING(13.24644 52.388118,13.2464075 52.388181200000005)
1286	Teltow	Bürgertreff	de:12069:900220077::1	52.399497	13.271283	bus	MATCHED	n615129096	6.6	0.76	Bürgertreff	601,620,629,N13,X1,X10	Teltow, Zehlendorfer Str. / Teltow, Ruhlsdorfer Platz / S Teltow Stadt/Gonfrevillestr.	Zehlendorfer Straße / Ruhlsdorfer Platz	LINESTRING(13.271283 52.399497,13.271254800000001 52.3995535)
1287	Teltow	Bürgertreff	de:12069:900220077::2	52.399166	13.271385	bus	MATCHED	n1213066068	1.9	0.89	Bürgertreff	601,620,629,N13,X1,X10	S Teltow Stadt/Gonfrevillestr. / S Teltow Stadt / Teltow, Zehlendorfer Str.	S Teltow Stadt/Gonfrevillestraße / S Teltow Stadt/Mahlower Straße	LINESTRING(13.271385 52.399166,13.271362600000002 52.3991552)
1288	Teltow	Egerstr. 	de:12069:900220405::1	52.396822	13.246354	bus	MATCHED	n11766076416	6.7	0.58	Egerstraße	629	Teltow, Iserstr./Gesundheitszentrum	Iserstraße/Gesundheitszentrum	LINESTRING(13.246354 52.396822,13.246277500000001 52.3968597)
1289	Teltow	Einkaufszentrum Oderstr. 	de:12069:900220080::1	52.402278	13.249362	bus	MATCHED	n6611432864	4.2	0.75	Einkaufszentrum Oderstraße	184,629	Teltow, Neißestr. / Teltow, Neißestr. / Teltow, Neißestr.	Neißestraße	LINESTRING(13.249362 52.402278,13.249338000000002 52.40231240000001)
1290	Teltow	Einkaufszentrum Oderstr. 	de:12069:900220080::2	52.402146	13.249209	bus	MATCHED	n1212682965	0.8	0.86	Einkaufszentrum Oderstraße	184,629	Teltow, Nuthestr. / Teltow, Striewitzweg	Striewitzweg / Nuthestraße	LINESTRING(13.249209 52.402146,13.249216200000001 52.4021405)
1291	Teltow	Ev. Diakonissenhaus	de:12069:900220085::1	52.403895	13.278767	bus	MATCHED	n1020276911	3.0	0.85	Ev. Diakonissenhaus	184	Teltow, Fritz-Reuter-Str.	Fritz-Reuter-Straße	LINESTRING(13.278767 52.403895,13.278793100000001 52.403873100000006)
1292	Teltow	Ev. Diakonissenhaus	de:12069:900220085::2	52.403856	13.27812	bus	MATCHED	n615129099	3.6	0.84	Ev. Diakonissenhaus	184	Teltow, Schönower Str.	Schönower Straße	LINESTRING(13.27812 52.403856,13.2780874 52.4038812)
1293	Teltow	Feuerwehr	de:12069:900220096::1	52.395422	13.239975	bus	MATCHED	n12384450044	2.0	0.83	Feuerwehr	601,624,629,X1	Teltow, Warthestr.		LINESTRING(13.239975 52.395422,13.2399523 52.395410600000005)
1294	Teltow	Feuerwehr	de:12069:900220096::2	52.395972	13.240902	bus	MATCHED	n310244887	6.1	0.77	Feuerwehr	601,602,629,X1	Stahnsdorf, Schwarzer Weg	Schwarzer Weg	LINESTRING(13.240902 52.395972,13.240824400000001 52.3959993)
1295	Teltow	Feuerwehr	de:12069:900220096::3	52.395401	13.238509		MATCHED	w704115494	92.3	0.1	Feuerwehr			Warthestraße	LINESTRING(13.238509 52.395401,13.239862646109996 52.395359886180074)
1296	Teltow	Feuerwehr	de:12069:900220096::4	52.3951	13.238498		NO_MATCH_AND_SEEMS_UNSERVED								POINT(13.238498 52.3951)
1297	Teltow	Fliederstr. 	de:12069:900220084::1	52.381149	13.261828	bus	MATCHED	n1213066102	2.9	0.7	Fliederstraße	626	Teltow, An den Eichen	An den Eichen	LINESTRING(13.261828 52.381149,13.2617855 52.3811516)
1298	Teltow	Fliederstr. 	de:12069:900220084::2	52.381401	13.261977	bus	MATCHED	n1213066104	2.6	0.71	Fliederstraße	626	Teltow, Lilienstr.	Lilienstraße	LINESTRING(13.261977 52.381401,13.262014500000001 52.381396)
1299	Teltow	Fritz-Reuter-Str. 	de:12069:900220087::1	52.406682	13.284943	bus	MATCHED	n1219466156	5.2	0.67	Fritz-Reuter-Straße	184	Teltow, Hannemannstr.	Hannemannstraße	LINESTRING(13.284943 52.406682,13.2848821 52.406653500000004)
1300	Teltow	Fritz-Reuter-Str. 	de:12069:900220087::2	52.407058	13.285437	bus	MATCHED	n615129101	3.0	0.72	Fritz-Reuter-Straße	184	Teltow, Ev. Diakonissenhaus	Ev. Diakonissenhaus	LINESTRING(13.285437 52.407058,13.2854396 52.407085300000006)
1301	Teltow	Geschwister-Scholl-Str. 	de:12069:900220118::1	52.39365	13.284047		MATCHED	n5473361244	2.6	0.59	Geschwister-Scholl-Straße				LINESTRING(13.284047 52.39365,13.2840135 52.393660800000006)
1302	Teltow	Gustl-Sandtner-Str. 	de:12069:900220074::1	52.395489	13.280937	bus	MATCHED	n365535061	7.6	0.66	Gustl-Sandtner-Straße	600,601,704,X1	Teltow, Blumenstr.	Blumenstraße	LINESTRING(13.280937 52.395489,13.281035500000002 52.3954578)
1303	Teltow	Gustl-Sandtner-Str. 	de:12069:900220074::2	52.395695	13.280656	bus	MATCHED	n365535060	1.7	0.8	Gustl-Sandtner-Straße	600,601,704,X1	S Teltow Stadt / S Teltow Stadt	S Teltow Stadt/Mahlower Straße	LINESTRING(13.280656 52.395695,13.2806814 52.395696900000004)
1304	Teltow	Halifax-Platz	de:12069:900220212::1	52.393232	13.270952	bus	MATCHED	n1213066123	81.1	0.32	Halifax-Platz	629	Teltow, Anne-Frank-Schule	Anne-Frank-Schule	LINESTRING(13.270952 52.393232,13.2720965 52.39303)
1305	Teltow	Halifax-Platz	de:12069:900220212::2	52.393256	13.271029	bus	MATCHED	n1213066073	2.9	0.86	Halifax-Platz	629	S Teltow Stadt/Gonfrevillestr.	S Teltow Stadt/Gonfrevillestraße	LINESTRING(13.271029 52.393256,13.271033200000002 52.393282000000006)
1306	Teltow	Hannemannstr. 	de:12069:900220086::1	52.408993	13.290953	bus	MATCHED	n1219466173	4.7	0.69	Hannemannstraße	184	Teltow, Maxim-Gorki-Str.	Maxim-Gorki-Straße	LINESTRING(13.290953 52.408993,13.290912700000002 52.40895870000001)
1307	Teltow	Hannemannstr. 	de:12069:900220086::2	52.409259	13.291222	bus	MATCHED	n615129102	1.8	0.77	Hannemannstraße	184	Teltow, Fritz-Reuter-Str.	Fritz-Reuter-Straße	LINESTRING(13.291222 52.409259,13.291211500000001 52.409273600000006)
1308	Teltow	Havelstr. 	de:12069:900220071::1	52.399771	13.250243	bus	MATCHED	n298151283	9.0	0.6	Havelstraße	601,620,N13,X1,X10	Teltow, Striewitzweg	Striewitzweg	LINESTRING(13.250243 52.399771,13.2503588 52.3998094)
1309	Teltow	Havelstr. 	de:12069:900220071::2	52.399452	13.249104	bus	MATCHED	n615129094	0.9	0.8	Havelstraße	601,620,N13,X1,X10	Teltow, Warthestr.	Warthestraße	LINESTRING(13.249104 52.399452,13.249096300000001 52.399458200000005)
1310	Teltow	Heinersdorfer Weg/Reha	de:12069:900210833::1	52.399755	13.282395		NO_MATCH_AND_SEEMS_UNSERVED								POINT(13.282395 52.399755)
1311	Teltow	Iserstr. /Gesundheitszentrum	de:12069:900220094::1	52.396288	13.243954		MATCHED	n310244884	6.8	0.43	Iserstraße/Gesundheitszentrum				LINESTRING(13.243954 52.396288,13.243859 52.3962699)
1312	Teltow	Iserstr. /Gesundheitszentrum	de:12069:900220094::2	52.396381	13.243868	bus	MATCHED	n310244882	7.3	0.64	Iserstraße/Gesundheitszentrum	602,629	Teltow, Oderstr./Saganer Str. / Teltow, Feuerwehr	Oderstraße/Saganer Straße	LINESTRING(13.243868 52.396381,13.2439736 52.3963685)
1313	Teltow	Iserstr. Süd	de:12069:900220082::1	52.382701	13.247626	bus	MATCHED	n1615396696	0.0	0.85	Iserstraße Süd	602	Teltow, Bremer Str.	Bremer Straße	LINESTRING(13.247626 52.382701,13.247626 52.382701000000004)
1314	Teltow	Iserstr. Süd	de:12069:900220082::2	52.382203	13.247658		MATCHED	n1615396680	7.5	0.43	Iserstraße Süd				LINESTRING(13.247658 52.382203,13.247612700000001 52.3822642)
1315	Teltow	Jahnsportplatz	de:12069:900220400::1	52.404674	13.260146	bus	MATCHED	n1213066142	4.0	0.73	Jahnsportplatz	629	Teltow, Nuthestr.	Badstraße	LINESTRING(13.260146 52.404674,13.260140900000001 52.404638500000004)
1316	Teltow	Jahnsportplatz	de:12069:900220400::2	52.404722	13.259996	bus	MATCHED	n1213066149	5.5	0.68	Jahnsportplatz	629	Teltow, Badstr.	Nuthestraße	LINESTRING(13.259996 52.404722,13.259995400000001 52.404771100000005)
1317	Teltow	Jahnstr. 	de:12069:900220072::1	52.40162	13.259802	bus	MATCHED	n359716186	0.9	0.75	Jahnstraße	184,601,620,N13,X1,X10	Teltow, Ruhlsdorfer Platz	Ruhlsdorfer Platz	LINESTRING(13.259802 52.40162,13.2598096 52.4016262)
1318	Teltow	Jahnstr. 	de:12069:900220072::2	52.401816	13.259727	bus	MATCHED	n359716184	0.8	0.75	Jahnstraße	184,601,620,N13,X1,X10	Teltow, Striewitzweg	Striewitzweg	LINESTRING(13.259727 52.401816,13.2597328 52.4018224)
1319	Teltow	Kanada-Allee	de:12069:900220372::1	52.394304	13.266846	bus	MATCHED	n6155512409	4.5	0.81	Kanada-Allee	626	S Teltow Stadt/Gonfrevillestr.	S Teltow Stadt/Gonfrevillestraße	LINESTRING(13.266846 52.394304,13.266842800000001 52.394344800000006)
1320	Teltow	Kanada-Allee	de:12069:900220372::2	52.394095	13.26661	bus	MATCHED	n6155512410	2.7	0.87	Kanada-Allee	626	Teltow, Asternstr.	Asternstraße	LINESTRING(13.26661 52.394095,13.2665746 52.394084500000005)
1321	Teltow	Lilienstr. 	de:12069:900220083::1	52.385476	13.263471	bus	MATCHED	n2849740415	3.6	0.68	Lilienstraße	626	Teltow, Fliederstr.	Fliederstraße	LINESTRING(13.263471 52.385476,13.263424400000002 52.385491200000004)
1322	Teltow	Lilienstr. 	de:12069:900220083::2	52.385659	13.26361	bus	MATCHED	n2849740416	3.4	0.69	Lilienstraße	626	Teltow, Asternstr.	Asternstraße	LINESTRING(13.26361 52.385659,13.263656800000001 52.385668900000006)
1323	Teltow	Maxim-Gorki-Str. 	de:12069:900220088::1	52.41044	13.294747	bus	MATCHED	n1219466207	2.0	0.77	Maxim-Gorki-Straße	184	Schwelmer Str. (Berlin)	Schwelmer Straße	LINESTRING(13.294747 52.41044,13.294763900000001 52.4104254)
1324	Teltow	Maxim-Gorki-Str. 	de:12069:900220088::2	52.410357	13.293998	bus	MATCHED	n615129104	0.4	0.83	Maxim-Gorki-Straße	184	Teltow, Hannemannstr.	Hannemannstraße	LINESTRING(13.293998 52.410357,13.293992600000001 52.410357600000005)
1325	Teltow	Mozartstr. 	de:12069:900220075::1	52.392158	13.290615	bus	MATCHED_THOUGH_REVERSED_DIR	n365534496	6.7	0.33	Mozartstraße	600,601,704,X1	Teltow, Bahnhof	Blumenstraße	LINESTRING(13.290615 52.392158,13.290712500000001 52.3921646)
1326	Teltow	Mozartstr. 	de:12069:900220075::2	52.391579	13.292131	bus	MATCHED_THOUGH_REVERSED_DIR	n365534497	3.9	0.4	Mozartstraße	600,601,704,X1	Teltow, Blumenstr.	Bahnhof	LINESTRING(13.292131 52.391579,13.292105300000001 52.3915476)
1327	Teltow	Mühlenbergstr. 	de:12069:900220115::1	52.377596	13.26004	bus	MATCHED	n307816025	6.6	0.68	Mühlenbergstraße	602,626	Teltow, Schenkendorfer Weg	Schenkendorfer Weg	LINESTRING(13.26004 52.377596,13.259959700000001 52.377628400000006)
1328	Teltow	Mühlenbergstr. 	de:12069:900220115::2	52.377562	13.259968	bus	MATCHED	n12397355103	10.0	0.62	Mühlenbergstraße	602,626	Teltow, Ruhlsdorf	Ruhlsdorf	LINESTRING(13.259968 52.377562,13.2601118 52.377543200000005)
1329	Teltow	Neißestr. 	de:12069:900220078::1	52.399802	13.244583	bus	MATCHED	n1212683017	2.1	0.79	Neißestraße	629	Teltow, Einkaufszentrum Oderstr.	Einkaufszentrum Oderstraße	LINESTRING(13.244583 52.399802,13.2445883 52.3998203)
1330	Teltow	Neißestr. 	de:12069:900220078::2	52.399705	13.244595	bus	MATCHED	n1212683005	1.6	0.72	Neißestraße	184,629	Teltow, Einkaufszentrum Oderstr. / Teltow, Egerstr. / Teltow, Warthestr.	Warthestraße / Egerstraße	LINESTRING(13.244595 52.399705,13.2445891 52.3996915)
1331	Teltow	Neißestr. 	de:12069:900220078::3	52.400037	13.243191	bus	MATCHED	n2055919019	1.1	0.83	Neißestraße	184	Teltow, Warthestr.	Warthestraße	LINESTRING(13.243191 52.400037,13.2431876 52.400027400000006)
1332	Teltow	Neißestr. 	de:12069:900220078::4	52.39996	13.243253		NO_MATCH_AND_SEEMS_UNSERVED								POINT(13.243253 52.39996)
1333	Teltow	Nuthestr. 	de:12069:900220098::1	52.40385	13.253772	bus	MATCHED	n1212682975	15.0	0.49	Nuthestraße	629	Teltow, Einkaufszentrum Oderstr.	Einkaufszentrum Oderstraße	LINESTRING(13.253772 52.40385,13.2538949 52.4039615)
1334	Teltow	Nuthestr. 	de:12069:900220098::2	52.403933	13.25391	bus	MATCHED	n1212683036	14.8	0.49	Nuthestraße	629	Teltow, Jahnsportplatz	Jahnsportplatz	LINESTRING(13.25391 52.403933,13.253779000000002 52.403826900000006)
1335	Teltow	Oderstr. /Saganer Str. 	de:12069:900220100::1	52.398025	13.238031	bus	MATCHED	n7374401120	31.5	0.43	Oderstraße/Saganer Straße	629	Teltow, Warthestr.	Warthestraße	LINESTRING(13.238031 52.398025,13.2384423 52.3981549)
1336	Teltow	Oderstr. /Saganer Str. 	de:12069:900220100::2	52.398032	13.237892	bus	MATCHED	n5077963822	3.4	0.75	Oderstraße/Saganer Straße	629	Stahnsdorf, Schwarzer Weg	Schwarzer Weg	LINESTRING(13.237892 52.398032,13.2378865 52.39806230000001)
1337	Teltow	Oskar-Pollner-Str. 	de:12069:900220210::1	52.390036	13.281758	bus	MATCHED	n1213066138	3.5	0.64	Oskar-Pollner-Straße	629	Teltow, Beethovenstr./Kita / Teltow, Anne-Frank-Schule	Anne-Frank-Schule	LINESTRING(13.281758 52.390036,13.281741100000001 52.3900653)
1338	Teltow	Postviertel/Paul-Linke-Str. 	de:12069:900220403::1	52.384285	13.281654	bus	MATCHED	n1213066039	4.3	0.61	Postviertel/Paul-Lincke-Straße	629	Teltow, Beethovenstr./Kita		LINESTRING(13.281654 52.384285,13.2816127 52.3842556)
1339	Teltow	Rammrath-Brücke	de:12069:900220079::1	52.400335	13.240423	bus	MATCHED	n1213011313	11.7	0.66	Rammrath-Brücke	620,N13	Teltow, Warthestr.	Warthestraße	LINESTRING(13.240423 52.400335,13.2403121 52.4002549)
1340	Teltow	Rammrath-Brücke	de:12069:900220079::2	52.400285	13.240389	bus	MATCHED	n546545904	11.7	0.66	Rammrath-Brücke	620,N13,X10	Teltow, Warthestr. / Kleinmachnow, Freibad Kiebitzberge	Freibad Kiebitzberge	LINESTRING(13.240389 52.400285,13.240494900000002 52.400368300000004)
1341	Teltow	Rammrath-Brücke	de:12069:900220079::3	52.40014	13.24105		MATCHED	n2055919036	3.2	0.73	Rammrath-Brücke			Warthestraße	LINESTRING(13.24105 52.40014,13.2410078 52.40015270000001)
1342	Teltow	Rammrath-Brücke	de:12069:900220079::4	52.399167	13.2411		MATCHED	n2055919027	103.7	0.09	Rammrath-Brücke				LINESTRING(13.2411 52.399167,13.241123600000002 52.4000983)
1343	Teltow	Rammrath-Brücke	de:12069:900220079::5	52.399096	13.241642		MATCHED	n3999121724	147.4	0.07	Rammrath-Brücke				LINESTRING(13.241642 52.399096,13.241729500000002 52.4004187)
1344	Teltow	Ruhlsdorf	de:12069:900220116::1	52.374862	13.263431	bus	MATCHED	n307813072	5.0	0.69	Ruhlsdorf	602,626	Teltow, Mühlenbergstr. / Teltow, An den Eichen	Fliederstraße / An den Eichen / Neubeeren, Dorf / Mühlenbergstraße	LINESTRING(13.263431 52.374862,13.2634822 52.374829600000005)
1345	Teltow	Ruhlsdorf	de:12069:900220116::2	52.374744	13.263439		MATCHED	w1178024261	19.6	0.34	Teltow Ruhlsdorf				LINESTRING(13.263439 52.374744,13.2634805 52.37457020000001)
1346	Teltow	Ruhlsdorfer Platz	de:12069:900220073::1	52.400687	13.266102	bus	MATCHED	n801560333	1.0	0.93	Ruhlsdorfer Platz	184,601,620,N13,X1,X10	Teltow, Schönower Str. / Teltow, Bürgertreff / Teltow, Zehlendorfer Str.	Zehlendorfer Straße / Bürgertreff / Schönower Straße	LINESTRING(13.266102 52.400687,13.266115000000001 52.40069080000001)
1347	Teltow	Ruhlsdorfer Platz	de:12069:900220073::2	52.400846	13.265966	bus	MATCHED	n801560411	0.3	0.96	Ruhlsdorfer Platz	184,601,620,N13,X1,X10	Teltow, Jahnstr.	Jahnstraße	LINESTRING(13.265966 52.400846,13.265969 52.4008437)
1348	Teltow	S Teltow Stadt	de:12069:900220114:1:50	52.396943	13.276604	train	MATCHED	n610195914	49.8	0.24	Teltow Stadt	S25,S26	S Lichterfelde Süd (Berlin)	Lichterfelde Süd	LINESTRING(13.276604 52.396943,13.277292300000001 52.3970951)
1349	Teltow	S Teltow Stadt	de:12069:900220114:1:51	52.396877	13.276641	train	MATCHED	n30352420	16.4	0.46	Teltow Stadt	S25	S Lichterfelde Süd (Berlin)	Lichterfelde Süd	LINESTRING(13.276641 52.396877,13.2764196 52.396818100000004)
1350	Teltow	S Teltow Stadt	de:12069:900220114::1	52.397144	13.276048	bus	MATCHED	n10284648958	12.5	0.51	S Teltow Stadt/Mahlower Straße	600,601,704,BER2,X1	Teltow, Gustl-Sandtner-Str. / Teltow, Bahnhof	Gustl-Sandtner-Straße	LINESTRING(13.276048 52.397144,13.2762144 52.3970968)
1351	Teltow	S Teltow Stadt	de:12069:900220114::2	52.397375	13.275907	bus	MATCHED	n365535104	3.1	0.67	S Teltow Stadt/Mahlower Straße	600,601,704,BER2,X1	Teltow, Bürgertreff / Teltow, Warthestr. / Teltow, Gustl-Sandtner-Str.	Bürgertreff	LINESTRING(13.275907 52.397375,13.2758765 52.39739530000001)
1352	Teltow	S Teltow Stadt	de:12069:900220114::3	52.397554	13.275006		NO_MATCH_AND_SEEMS_UNSERVED								POINT(13.275006 52.397554)
1353	Teltow	S Teltow Stadt	de:12069:900220114::4	52.39718	13.276469		NO_MATCH_AND_SEEMS_UNSERVED								POINT(13.276469 52.39718)
1354	Teltow	S Teltow Stadt	de:12069:900220114::5	52.397894	13.274104		NO_MATCH_AND_SEEMS_UNSERVED								POINT(13.274104 52.397894)
1355	Teltow	S Teltow Stadt/Gonfrevillestr. 	de:12069:900220413::1	52.39702	13.274557	bus	MATCHED	n5678263853	4.7	0.74	S Teltow Stadt/Gonfrevillestraße	601,620,626,629,N13,X1,X10	Teltow, Kanada-Allee / Teltow, Halifax-Platz	Halifax-Platz / Kanada-Allee	LINESTRING(13.274557 52.39702,13.2744899 52.3970119)
1356	Teltow	S Teltow Stadt/Gonfrevillestr. 	de:12069:900220413::2	52.396975	13.274758	bus	MATCHED	n5678263854	1.6	0.83	S Teltow Stadt/Gonfrevillestraße	601,620,626,629,N13,X10	Teltow, Bürgertreff / Teltow, Bürgertreff	Bürgertreff	LINESTRING(13.274758 52.396975,13.274764500000002 52.396961000000005)
1357	Teltow	Schenkendorfer Weg	de:12069:900220167::1	52.380981	13.248762	bus	MATCHED	n6155512415	0.0	0.97	Schenkendorfer Weg	602,626	Teltow, Mühlenbergstr.	Mühlenbergstraße	LINESTRING(13.248762 52.380981,13.248762000000001 52.380981000000006)
1358	Teltow	Schenkendorfer Weg	de:12069:900220167::2	52.38109	13.248701	bus	MATCHED	n6155512414	0.0	0.97	Schenkendorfer Weg	602,626	Stahnsdorf, Green Park / Teltow, Iserstr. Süd	Green Park / Iserstraße Süd	LINESTRING(13.248701 52.38109,13.248701 52.38109)
1359	Teltow	Schönower Str. 	de:12069:900220093::1	52.401902	13.271598	bus	MATCHED	n1213066160	0.3	0.86	Schönower Straße	184	Teltow, Ev. Diakonissenhaus	Ev. Diakonissenhaus	LINESTRING(13.271598 52.401902,13.271601200000001 52.401900600000005)
1360	Teltow	Schönower Str. 	de:12069:900220093::2	52.402267	13.272372	bus	MATCHED	n615129098	1.1	0.83	Schönower Straße	184	Teltow, Ruhlsdorfer Platz	Ruhlsdorfer Platz	LINESTRING(13.272372 52.402267,13.2723686 52.4022768)
1361	Teltow	Sigridshorst	de:12069:900220076::1	52.396233	13.305098	bus	MATCHED	n298073911	0.8	0.9	Sigridshorst	601,X1	Teltow, Tulpenweg		LINESTRING(13.305098 52.396233,13.3051069 52.3962282)
1362	Teltow	Sigridshorst	de:12069:900220076::2	52.396266	13.305074		NO_MATCH_AND_SEEMS_UNSERVED								POINT(13.305074 52.396266)
1363	Teltow	Striewitzweg	de:12069:900220121::1	52.40174	13.2555	bus	MATCHED	n3999121735	92.3	0.3	Striewitzweg	184,601,620,N13,X1,X10	Teltow, Jahnstr.	Jahnstraße	LINESTRING(13.2555 52.40174,13.256798300000002 52.401977900000006)
1364	Teltow	Striewitzweg	de:12069:900220121::2	52.401884	13.255712	bus	MATCHED	n1213066090	5.3	0.79	Striewitzweg	184,601,620,N13,X1,X10	Teltow, Einkaufszentrum Oderstr. / Teltow, Havelstr.	Havelstraße / Einkaufszentrum Oderstraße	LINESTRING(13.255712 52.401884,13.255637 52.401870100000004)
1365	Teltow	Tulpenweg	de:12069:900220097::1	52.393179	13.303638	bus	MATCHED	n367809118	9.1	0.7	Tulpenweg	601,X1	Teltow, Sigridshorst		LINESTRING(13.303638 52.393179,13.303653700000002 52.3930975)
1366	Teltow	Tulpenweg	de:12069:900220097::2	52.393077	13.303501	bus	MATCHED	n367809129	6.7	0.75	Tulpenweg	X1	Teltow, Bahnhof	Bahnhof	LINESTRING(13.303501 52.393077,13.303497700000001 52.3931374)
1367	Teltow	Warthestr. 	de:12069:900220070::1	52.397801	13.245522	bus	MATCHED	n3999121711	11.3	0.56	Warthestraße	184,601,620,624,629,BER2,N13,X1,X10	Teltow, Havelstr. / Teltow, Neißestr. / Teltow, Neißestr. / S Teltow Stadt	Havelstraße / Neißestraße	LINESTRING(13.245522 52.397801,13.245680400000001 52.397830400000004)
1368	Teltow	Warthestr. 	de:12069:900220070::2	52.397805	13.24521	bus	MATCHED	n3999121712	6.9	0.63	Warthestraße	601,620,629,BER2,N13,X1,X10	Teltow, Oderstr./Saganer Str. / Teltow, Feuerwehr / Teltow, Rammrath-Brücke / Stahnsdorf, Stahnsdorfer Hof	Oderstraße/Saganer Straße / Rammrath-Brücke / Feuerwehr	LINESTRING(13.24521 52.397805,13.245116800000002 52.39778020000001)
1369	Teltow	Zehlendorfer Str. 	de:12069:900220068::1	52.40167	13.268272	bus	MATCHED	n1213073481	1.6	0.78	Zehlendorfer Straße	629,X10	Alt-Schönow (Berlin) / Teltow, Badstr.	Badstraße / Alt-Schönow	LINESTRING(13.268272 52.40167,13.2682856 52.401681800000006)
1370	Teltow	Zehlendorfer Str. 	de:12069:900220068::2	52.40184	13.268214	bus	MATCHED	n1213073476	3.0	0.74	Zehlendorfer Straße	629,X10	Teltow, Bürgertreff / Teltow, Bürgertreff / Teltow, Ruhlsdorfer Platz	Bürgertreff / Ruhlsdorfer Platz	LINESTRING(13.268214 52.40184,13.2682155 52.4018128)
1371	Tieckow	Dorf	de:12069:900220275::1	52.473594	12.454353	bus	MATCHED	n3632364733	2.4	0.87	Dorf	567	Tieckow, Wendestelle	Wendestelle	LINESTRING(12.454353 52.473594,12.454317900000001 52.473599)
1372	Tieckow	Dorf	de:12069:900220275::2	52.473635	12.454432	bus	MATCHED	n3632364732	1.0	0.93	Dorf	567	Fohrde, Abzweig Briest	Abzweig Briest	LINESTRING(12.454432 52.473635,12.4544245 52.4736423)
1373	Tieckow	Wendestelle	de:12069:900220475::1	52.469465	12.454102	bus	MATCHED	w1357172410	15.8	0.45	Wendestelle	567	Tieckow, Dorf / Krahnepuhl (bei Brandenburg)	Krahnepuhl (bei Brandenburg) / Dorf	LINESTRING(12.454102 52.469465,12.45389205 52.4695266)
1374	Tiefenbrunnen	Bahnhof	de:12069:900200167::1	52.038226	12.934293	bus	MATCHED	n9357941482	5.7	0.45	Tiefenbrunnen	549	Tiefenbrunnen, Gaststätte / Klausdorf (bei Jüterbog)		LINESTRING(12.934293 52.038226,12.934273000000001 52.0382758)
1375	Tiefenbrunnen	Bahnhof	de:12069:900200167::2	52.038337	12.934175	bus	NO_MATCH_BUT_OTHER_PLATFORM_MATCHED					549	Frohnsdorf, Lüdendorfer Str. / Lüdendorf		POINT(12.934175 52.038337)
1376	Tiefenbrunnen	Gaststätte	de:12069:900245321::1	52.035257	12.944077	bus	NO_MATCH_BUT_OTHER_PLATFORM_MATCHED					549	Tiefenbrunnen, Bahnhof		POINT(12.944077 52.035257)
1377	Tiefenbrunnen	Gaststätte	de:12069:900245321::2	52.035258	12.943794	bus	MATCHED	n280802623	4.5	0.71	Tiefenbrunnen, Gaststätte	549	Altes Lager, F.-Engels-Str.		LINESTRING(12.943794 52.035258,12.943802000000002 52.035298100000006)
1378	Trechwitz	Festplatz	de:12069:900222232::1	52.368354	12.717374	bus	MATCHED	n6444684703	1.9	0.84	Festplatz	554	Schenkenberg (bei Götz), Dorf	Dorf	LINESTRING(12.717374 52.368354,12.717365500000001 52.3683698)
1379	Trechwitz	Festplatz	de:12069:900222232::2	52.367666	12.717272	bus	MATCHED	n6444684705	1.0	0.89	Festplatz	554	Trechwitz	Dorf	LINESTRING(12.717272 52.367666,12.7172844 52.3676711)
1380	Tremsdorf	Feuerwehr	de:12069:900220190::1	52.269961	13.119916	bus	MATCHED	n5863089144	6.7	0.64	Feuerwehr	611			LINESTRING(13.119916 52.269961,13.1199369 52.269902200000004)
1381	Tremsdorf	Feuerwehr	de:12069:900220190::2	52.270042	13.119867	bus	MATCHED	n1460367060	3.7	0.74	Feuerwehr	611	Tremsdorf, Fresdorfer Weg		LINESTRING(13.119867 52.270042,13.119889400000002 52.2700727)
1382	Tremsdorf	Fresdorfer Weg	de:12069:900220187::1	52.271734	13.117129	bus	MATCHED	n5863089150	2.2	0.88	Fresdorfer Weg	611	Tremsdorf, Feuerwehr		LINESTRING(13.117129 52.271734,13.1171313 52.271714200000005)
1383	Tremsdorf	Fresdorfer Weg	de:12069:900220187::2	52.272052	13.117129	bus	MATCHED	n5863089153	1.6	0.91	Fresdorfer Weg	611	Tremsdorf, Stückener Weg	Stückener Weg	LINESTRING(13.117129 52.272052,13.117150100000002 52.272057200000006)
1384	Tremsdorf	Stückener Weg	de:12069:900220188::1	52.27673	13.115569	bus	MATCHED	n5863089148	3.0	0.86	Stückener Weg	611	Tremsdorf, Fresdorfer Weg	Fresdorfer Weg	LINESTRING(13.115569 52.27673,13.1155944 52.276708400000004)
1385	Tremsdorf	Stückener Weg	de:12069:900220188::2	52.276689	13.115676	bus	MATCHED	n5863089149	5.0	0.8	Stückener Weg	611	Saarmund, Waldkolonie	Waldkolonie	LINESTRING(13.115676 52.276689,13.1157312 52.276718200000005)
1386	Treuenbrietzen	Bahnhof	de:12069:900220164:1:50	52.091971	12.857541	train	MATCHED	w44652719	1.4	0.9	Treuenbrietzen, Bahnhof	RB33,RB37	Buchholz (bei Treuenbrietzen), Bahnhof		LINESTRING(12.857541 52.091971,12.857529225578917 52.0919815013146)
1387	Treuenbrietzen	Bahnhof	de:12069:900220164:2:51	52.091894	12.853167	train	MATCHED	w44652720	2.2	0.85	Treuenbrietzen, Bahnhof	RB33,RB37	Treuenbrietzen, Bahnhof Süd / Altes Lager, Bahnhof		LINESTRING(12.853167 52.091894,12.85319565 52.09190265)
1388	Treuenbrietzen	Bahnhof	de:12069:900220164::1	52.09203	12.855965	bus	MATCHED	w761710237	2.9	0.78	Bahnhof	549,584,585,RB33	Treuenbrietzen, Schweitzer-Schule / Treuenbrietzen, Süd / Treuenbrietzen, Böllrichstr. / Buchholz (bei Treuenbrietzen), Feuerwehr / Treuenbrietzen, Bahnhof	Böllrichstraße / Bahnhofstraße	LINESTRING(12.855965 52.09203,12.8559259 52.092019500000006)
1389	Treuenbrietzen	Bahnhof Süd	de:12069:900220165:1:50	52.080734	12.880842	train	MATCHED	n4854152510	4.6	0.54	Treuenbrietzen Süd	RB33	Altes Lager, Bahnhof / Treuenbrietzen, Bahnhof	Treuenbrietzen / Altes Lager	LINESTRING(12.880842 52.080734,12.880901900000001 52.0807535)
1390	Treuenbrietzen	Bahnhofstr. 	de:12069:900222191::1	52.092551	12.861404	bus	MATCHED	n590088971	0.2	0.8	Bahnhofstraße	543,545,546,549,582,584,585	Treuenbrietzen, Süd / Treuenbrietzen, Ärztehaus/Kino / Treuenbrietzen, Steinmühlenstr. / Treuenbrietzen, Markt / Treuenbrietzen, Brücker Str. / Treuenbrietzen, Burgwallstr.	Burgwallstraße / Nichel / Markt / Ärztehaus/Kino	LINESTRING(12.861404 52.092551,12.8614014 52.092549500000004)
1391	Treuenbrietzen	Bahnhofstr. 	de:12069:900222191::2	52.092704	12.86146	bus	MATCHED	n590088972	1.4	0.76	Bahnhofstraße	543,545,546,549,582,584,585	Treuenbrietzen, Bahnhof / Treuenbrietzen, Schweitzer-Schule / Treuenbrietzen, Krankenhaus / Treuenbrietzen, Böllrichstr. / Treuenbrietzen, Gerätewerk	Bahnhof / Schweitzer-Schule / Böllrichstraße	LINESTRING(12.86146 52.092704,12.861465 52.0927159)
1392	Treuenbrietzen	Bardenitz	de:12069:900222001::1	52.073312	12.94222	bus	MATCHED	n280810689	7.9	0.6	Bardenitz	549	Pechüle		LINESTRING(12.94222 52.073312,12.942225700000002 52.0733832)
1393	Treuenbrietzen	Berliner Dreieck	de:12069:900222290::1	52.101705	12.88115	bus	MATCHED	w1272853035	12.6	0.65	Berliner Dreieck	545,546	Treuenbrietzen, Markt / Treuenbrietzen, Burgwallstr.	Markt	LINESTRING(12.88115 52.101705,12.8810295 52.101790300000005)
1394	Treuenbrietzen	Berliner Dreieck	de:12069:900222290::2	52.101449	12.881182	bus	MATCHED	n5380691127	0.2	0.95	Berliner Dreieck	545,546,582	Treuenbrietzen, Berliner Siedlung / Treuenbrietzen, Ärztehaus/Kino / Brachwitz / Buchholz (bei Treuenbrietzen), Kirche / Treuenbrietzen, Markt / Schlalach	Brachwitz / Ärztehaus/Kino / Markt	LINESTRING(12.881182 52.101449,12.881182200000001 52.101447500000006)
1395	Treuenbrietzen	Berliner Siedlung	de:12069:900222198::1	52.10801	12.883988	bus	MATCHED	n6766641659	0.4	0.96	Berliner Siedlung	546	Treuenbrietzen, Markt / Treuenbrietzen, Berliner Dreieck	Berliner Dreieck	LINESTRING(12.883988 52.10801,12.883990200000001 52.10800690000001)
1396	Treuenbrietzen	Berliner Siedlung	de:12069:900222198::2	52.108722	12.884865	bus	MATCHED	n6766641658	3.7	0.83	Berliner Siedlung	546	Zülichendorf, Schule / Treuenbrietzen, Weidehof	Weidehof	LINESTRING(12.884865 52.108722,12.8849145 52.1087083)
1397	Treuenbrietzen	Brachwitz	de:12069:900222037::1	52.146733	12.887451	bus	MATCHED	n1760468998	0.0	0.96	Brachwitz	545	Schlalach / Treuenbrietzen, Berliner Dreieck	Schlalach / Berliner Dreieck	LINESTRING(12.887451 52.146733,12.887451 52.146733000000005)
1398	Treuenbrietzen	Brücker Str. 	de:12069:900220166::1	52.100876	12.843989	bus	MATCHED	n4144014527	3.8	0.6	Brücker Straße	543	Treuenbrietzen, Bahnhof / Treuenbrietzen, Ärztehaus/Kino	Bahnhofstraße / Nichel / Ärztehaus/Kino	LINESTRING(12.843989 52.100876,12.843993600000001 52.1009102)
1399	Treuenbrietzen	Brücker Str. 	de:12069:900220166::2	52.100963	12.843957	bus	NO_MATCH_BUT_OTHER_PLATFORM_MATCHED					543	Nichel		POINT(12.843957 52.100963)
1400	Treuenbrietzen	Burgwallstr. 	de:12069:900222196::1	52.099176	12.87845	bus	MATCHED	n3587857258	0.0	0.72	Burgwallstraße	546,549,582,584,585	Treuenbrietzen, Berliner Dreieck / Zülichendorf, Schule / Treuenbrietzen, Schweitzer-Schule / Treuenbrietzen, Markt	Markt / Berliner Dreieck	LINESTRING(12.87845 52.099176,12.87845 52.099176)
1401	Treuenbrietzen	Böllrichstr. 	de:12069:900222254::1	52.090485	12.855943	bus	MATCHED	n5380582991	0.0	0.82	Böllrichstraße	543,582,584,585	Treuenbrietzen, Schweitzer-Schule	Schweitzer-Schule	LINESTRING(12.855943 52.090485,12.855943000000002 52.090485)
1402	Treuenbrietzen	Böllrichstr. 	de:12069:900222254::2	52.090305	12.855968	bus	MATCHED	n5380582989	0.0	0.82	Böllrichstraße	582,584,585	Treuenbrietzen, Bahnhof / Treuenbrietzen, Bahnhof	Bahnhof / Bahnhofstraße	LINESTRING(12.855968 52.090305,12.855968 52.090305)
1403	Treuenbrietzen	Dietersdorf	de:12069:900222060::1	52.037278	12.806968	bus	MATCHED	w1279091827	0.6	0.95	Dietersdorf	585	Treuenbrietzen, Gerätewerk	Gerätewerk	LINESTRING(12.806968 52.037278,12.80697 52.03728305)
1404	Treuenbrietzen	Dietersdorf	de:12069:900222060::2	52.037317	12.806893	bus	MATCHED	n3587961530	2.2	0.88	Dietersdorf	585	Schwabeck, Abzweig B 2 / Pflügkuff	Schwabeck, Abzweig B 2	LINESTRING(12.806893 52.037317,12.8068626 52.03732230000001)
1405	Treuenbrietzen	Feldheim (PM)	de:12069:900222066::1	52.011875	12.81954	bus	MATCHED	n3587983049	0.0	0.97	Feldheim (PM)	585	Schwabeck, Ortsmitte	Ortsmitte	LINESTRING(12.81954 52.011875,12.81954 52.011875)
1406	Treuenbrietzen	Feldheim (PM)	de:12069:900222066::2	52.011644	12.8194	bus	MATCHED	n3587983047	20.2	0.56	Feldheim (PM)	585	Schmögelsdorf		LINESTRING(12.8194 52.011644,12.8193946 52.0118256)
1407	Treuenbrietzen	Gerätewerk	de:12069:900222192::1	52.082491	12.841838	bus	MATCHED	w547301012	9.6	0.7	Gerätewerk	546,582,584,585	Treuenbrietzen, Schweitzer-Schule / Treuenbrietzen, Schweitzer-Schule	Schweitzer-Schule	LINESTRING(12.841838 52.082491,12.841799400000003 52.08240855000001)
1408	Treuenbrietzen	Gerätewerk	de:12069:900222192::2	52.082107	12.841441	bus	MATCHED	w547289439	7.3	0.74	Gerätewerk	546,582,584,585	Rietz (bei Treuenbrietzen), Neubau / Dietersdorf	Neubau / Dietersdorf	LINESTRING(12.841441 52.082107,12.841479350000004 52.08216815000001)
1409	Treuenbrietzen	Johanniter Krankenhausplatz	de:12069:900220373	52.084094	12.875068		NO_MATCH_AND_SEEMS_UNSERVED								POINT(12.875068 52.084094)
1410	Treuenbrietzen	Johanniterstr. 	de:12069:900220374::1	52.08451	12.874623	bus	MATCHED	n5380582969	2.1	0.78	Johanniterstraße	582	Treuenbrietzen, Neue-Hufen-Str.	Neue-Hufen-Straße	LINESTRING(12.874623 52.08451,12.874634100000002 52.084527800000004)
1411	Treuenbrietzen	Johanniterstr. 	de:12069:900220374::2	52.084682	12.874076	bus	MATCHED	n6444625925	0.0	0.85	Johanniterstraße	582	Treuenbrietzen, Krankenhaus		LINESTRING(12.874076 52.084682,12.874076 52.084682)
1412	Treuenbrietzen	Jüterboger Str. 	de:12069:900222216::1	52.090982	12.874077	bus	MATCHED	n5380691126	2.0	0.68	Jüterboger Straße	549,582	Treuenbrietzen, Burgwallstr. / Treuenbrietzen, Sernowstr.	Sernowstraße / Neue-Hufen-Straße	LINESTRING(12.874077 52.090982,12.8741056 52.0909868)
1413	Treuenbrietzen	Jüterboger Str. 	de:12069:900222216::2	52.091007	12.87399		NO_MATCH_AND_SEEMS_UNSERVED								POINT(12.87399 52.091007)
1414	Treuenbrietzen	Jüterboger Str. 	de:12069:900222217::1	52.087944	12.876022	bus	MATCHED	n13105321933	19.2	0.34	Jüterboger Straße	546	Treuenbrietzen, Markt / Treuenbrietzen, Burgwallstr.		LINESTRING(12.876022 52.087944,12.875989700000002 52.0877725)
1415	Treuenbrietzen	Jüterboger Str. 	de:12069:900222217::2	52.088006	12.875894	bus	MATCHED	n13105321934	45.4	0.2	Jüterboger Straße	546	Treuenbrietzen, Süd		LINESTRING(12.875894 52.088006,12.876255100000002 52.0876645)
1416	Treuenbrietzen	Jüterboger/Neue-Hufen-Str. 	de:12069:900222217	52.087978	12.875952		NO_MATCH_AND_SEEMS_UNSERVED								POINT(12.875952 52.087978)
1417	Treuenbrietzen	Klausdorf (bei Jüterbog)	de:12069:900222104::1	52.049228	12.942669	bus	NO_MATCH_BUT_OTHER_PLATFORM_MATCHED					549	Bardenitz		POINT(12.942669 52.049228)
1418	Treuenbrietzen	Klausdorf (bei Jüterbog)	de:12069:900222104::2	52.049142	12.942754		MATCHED	n280806651	7.7	0.55	Klausdorf (bei Jüterbog)				LINESTRING(12.942754 52.049142,12.942716200000001 52.0490773)
1419	Treuenbrietzen	Krankenhaus	de:12069:900222194::1	52.081996	12.877448	bus	MATCHED	w761710236	2.7	0.79	Krankenhaus	546,582	Treuenbrietzen, Jüterboger Str. / Treuenbrietzen, Markt / Treuenbrietzen, Schweitzer-Schule / Treuenbrietzen, Johanniterstr.	Schweitzer-Schule	LINESTRING(12.877448 52.081996,12.877425500000001 52.0820162)
1420	Treuenbrietzen	Lobbese	de:12069:900222118::1	52.00755	12.722842	bus	MATCHED	n583336685	2.7	0.8	Lobbese	585	Zeuden / Marzahna, B2 / Zeuden / Marzahna, Schule	B2 / Zeuden	LINESTRING(12.722842 52.00755,12.7228083 52.0075384)
1421	Treuenbrietzen	Lüdendorf	de:12069:900222122::1	52.039815	12.865822	bus	MATCHED	n4461905254	3.6	0.75	Lüdendorf	549	Treuenbrietzen, Burgwallstr. / Frohnsdorf, Lüdendorfer Str.		LINESTRING(12.865822 52.039815,12.8658458 52.0398441)
1422	Treuenbrietzen	Markt	de:12069:900222193::1	52.098273	12.873256	bus	MATCHED	n3587828852	0.0	0.96	Markt	543,545,546,549,582,584,585	Treuenbrietzen, Ärztehaus/Kino / Treuenbrietzen, Burgwallstr. / Treuenbrietzen, Berliner Siedlung / Treuenbrietzen, Schweitzer-Schule / Treuenbrietzen, Berliner Dreieck	Berliner Siedlung / Ärztehaus/Kino / Berliner Dreieck	LINESTRING(12.873256 52.098273,12.873256000000001 52.098273000000006)
1423	Treuenbrietzen	Neue-Hufen-Str. 	de:12069:900222293::1	52.086493	12.872897	bus	MATCHED	n5380582971	2.5	0.74	Neue-Hufen-Straße	582	Treuenbrietzen, Jüterboger Str.	Jüterboger Straße	LINESTRING(12.872897 52.086493,12.872931000000001 52.0865013)
1424	Treuenbrietzen	Neue-Hufen-Str. 	de:12069:900222293::2	52.086456	12.872811	bus	MATCHED	n5380582973	1.6	0.77	Neue-Hufen-Straße	582	Treuenbrietzen, Johanniterstr.	Johanniterstraße	LINESTRING(12.872811 52.086456,12.872788000000002 52.0864576)
1425	Treuenbrietzen	Niebelhorst	de:12069:900222142::1	52.125925	12.961742	bus	NO_MATCH_BUT_OTHER_PLATFORM_MATCHED					546	Niebel, Ortsmitte		POINT(12.961742 52.125925)
1426	Treuenbrietzen	Niebelhorst	de:12069:900222142::2	52.125826	12.962147	bus	MATCHED	n256592806	23.2	0.37	Niebelhorst	546	Kemnitz (TF), Kemnitzer Hauptstr. / Zülichendorf, Schule	Niebel, Ortsmitte / Kemnitz (TF), Kemnitzer Hauptstraße	LINESTRING(12.962147 52.125826,12.962486 52.1258275)
1427	Treuenbrietzen	Nordwalder Ring	de:12069:900222255::3	52.091338	12.868522	bus	NO_MATCH_BUT_OTHER_PLATFORM_MATCHED					582	Treuenbrietzen, Neue-Hufen-Str.		POINT(12.868522 52.091338)
1428	Treuenbrietzen	Nordwalder Ring	de:12069:900222281::1	52.091338	12.868522		MATCHED	n2599609169	5.3	0.63	Nordwalder Ring				LINESTRING(12.868522 52.091338,12.868445000000001 52.0913412)
1429	Treuenbrietzen	Pechüle	de:12069:900222154::1	52.075295	12.951608	bus	MATCHED	n1163608605	0.2	0.94	Pechüle	549	Tiefenbrunnen, Gaststätte / Bardenitz, Mühlenberg		LINESTRING(12.951608 52.075295,12.9516109 52.0752959)
1430	Treuenbrietzen	Pflügkuff	de:12069:900222155::1	52.031306	12.760945	bus	MATCHED	n3589331966	3.8	0.83	Pflügkuff	585	Dietersdorf	Dietersdorf	LINESTRING(12.760945 52.031306,12.760999400000001 52.031300900000005)
1431	Treuenbrietzen	Pflügkuff	de:12069:900222155::2	52.03127	12.76085	bus	MATCHED	n3589331964	5.5	0.68	Pflügkuff	585	Zeuden		LINESTRING(12.76085 52.03127,12.760795600000002 52.03130590000001)
1432	Treuenbrietzen	Schmögelsdorf	de:12069:900222180::1	52.012953	12.791119	bus	MATCHED	w1279091829	5.5	0.68	Schmögelsdorf	585	Feldheim (PM) / Marzahna, B2	Feldheim (PM)	LINESTRING(12.791119 52.012953,12.791170500000002 52.01291485000001)
1433	Treuenbrietzen	Schweitzer-Schule	de:12069:900222197::1	52.088461	12.848943	bus	MATCHED	n3587818507	1.6	0.85	Schweitzer-Schule	543,545,546,549,582,584,585	Treuenbrietzen, Bahnhof / Treuenbrietzen, Krankenhaus / Treuenbrietzen, Jüterboger Str. / Treuenbrietzen, Bahnhof / Treuenbrietzen, Gerätewerk	Bahnhofstraße / Süd / Böllrichstraße / Gerätewerk	LINESTRING(12.848943 52.088461,12.8489222 52.0884669)
1434	Treuenbrietzen	Schweitzer-Schule	de:12069:900222197::2	52.08845	12.849218	bus	MATCHED	w1269115854	3.7	0.83	Schweitzer-Schule	582,584,585	Treuenbrietzen, Böllrichstr.	Bahnhof / Böllrichstraße	LINESTRING(12.849218 52.08845,12.849215150000001 52.088417150000005)
1435	Treuenbrietzen	Sernowstr. 	de:12069:900222255::1	52.092486	12.87228		NO_MATCH_AND_SEEMS_UNSERVED								POINT(12.87228 52.092486)
1436	Treuenbrietzen	Sernowstr. 	de:12069:900222255::2	52.092862	12.872594	bus	MATCHED	n5380582985	1.8	0.73	Sernowstraße	582	Treuenbrietzen, Burgwallstr.	Burgwallstraße	LINESTRING(12.872594 52.092862,12.872618600000001 52.0928564)
1437	Treuenbrietzen	Steinmühlenstr. 	de:12069:900222292::1	52.087783	12.868283	bus	MATCHED	n13105809104	50.6	0.19	Steinmühlenstraße	549	Treuenbrietzen, Süd / Treuenbrietzen, Jüterboger Str.		LINESTRING(12.868283 52.087783,12.8680442 52.0873531)
1438	Treuenbrietzen	Süd	de:12069:900222199::1	52.081261	12.880884	bus	MATCHED	n318760041	14.2	0.47	Süd	546,549,RB33	Frohnsdorf, Lüdendorfer Str. / Lüdendorf / Altes Lager, Bahnhof / Frohnsdorf, Treuenbrietzener Straße		LINESTRING(12.880884 52.081261,12.880696700000001 52.0813147)
1439	Treuenbrietzen	Süd	de:12069:900222199::2	52.081051	12.881091	bus	MATCHED	n3587873562	5.1	0.79	Süd	546,549,RB33	Treuenbrietzen, Krankenhaus / Treuenbrietzen, Bahnhof / Treuenbrietzen, Jüterboger Str. / Treuenbrietzen, Bahnhof / Treuenbrietzen, Steinmühlenstr. / Treuenbrietzen, Burgwallstr.	Krankenhaus	LINESTRING(12.881091 52.081051,12.8811651 52.081056800000006)
1440	Treuenbrietzen	VERWAIST: Neu Rietz (bei Treuenbrietzen)	de:12069:900222171	52.070259	12.767226		NO_MATCH_AND_SEEMS_UNSERVED								POINT(12.767226 52.070259)
1441	Treuenbrietzen	Weidehof	de:12069:900222261::1	52.122526	12.897915	bus	MATCHED	n8169000420	2.1	0.89	Weidehof	546	Treuenbrietzen, Berliner Dreieck / Treuenbrietzen, Berliner Siedlung	Berliner Siedlung	LINESTRING(12.897915 52.122526,12.897904200000001 52.122543500000006)
1442	Treuenbrietzen	Weidehof	de:12069:900222261::2	52.122549	12.898045	bus	MATCHED	n8169000421	1.8	0.9	Weidehof	546	Buchholz (bei Treuenbrietzen), Kirche / Niebel, Ortsmitte	Kemnitz (TF), Kemnitzer Hauptstraße	LINESTRING(12.898045 52.122549,12.8980373 52.122533100000005)
1443	Treuenbrietzen	Zeuden	de:12069:900222213::1	52.026009	12.740205	bus	MATCHED	n3589327441	1.3	0.87	Zeuden	585			LINESTRING(12.740205 52.026009,12.740223 52.026011800000006)
1444	Treuenbrietzen	Zeuden	de:12069:900222213::2	52.024715	12.739417	bus	MATCHED	n3589327443	4.5	0.71	Zeuden	585	Lobbese / Pflügkuff	Pflügkuff	LINESTRING(12.739417 52.024715,12.739467000000001 52.024689)
1445	Treuenbrietzen	Ärztehaus/Kino	de:12069:900222241::1	52.095088	12.865924	bus	MATCHED	n3587828441	7.4	0.74	Ärztehaus/Kino	543,545,546,549,582,584,585	Treuenbrietzen, Brücker Str. / Treuenbrietzen, Bahnhof / Treuenbrietzen, Süd / Treuenbrietzen, Nordwalder Ring / Treuenbrietzen, Krankenhaus	Jüterboger Straße / Nichel / Bahnhofstraße / Neue-Hufen-Straße	LINESTRING(12.865924 52.095088,12.8659516 52.0951522)
1446	Treuenbrietzen	Ärztehaus/Kino	de:12069:900222241::2	52.09536	12.86646	bus	MATCHED	n3587828440	5.5	0.78	Ärztehaus/Kino	543,545,546,549,582,584,585	Treuenbrietzen, Markt	Markt	LINESTRING(12.86646 52.09536,12.8665406 52.0953591)
1447	Töplitz	Dorfplatz	de:12069:900220494::1	52.432933	12.906215		NO_MATCH_AND_SEEMS_UNSERVED								POINT(12.906215 52.432933)
1448	Töplitz	Dorfplatz	de:12069:900220494::2	52.431929	12.907712	bus	MATCHED	n390369232	0.6	0.95	Töplitz, Dorfplatz	612,634	Töplitz, Feuerwehr	Feuerwehr	LINESTRING(12.907712 52.431929,12.9077184 52.431932100000004)
1449	Töplitz	Feuerwehr	de:12069:900220496::1	52.433451	12.905993	bus	MATCHED	n390369148	6.7	0.75	Feuerwehr	612,634	Töplitz, Kirschweg	Töplitz, Kirschweg	LINESTRING(12.905993 52.433451,12.906020900000001 52.4333934)
1450	Töplitz	Feuerwehr	de:12069:900220496::2	52.433503	12.906037	bus	MATCHED	n750493431	1.1	0.93	Töplitz, Feuerwehr	612,634	Töplitz, Sportplatz	Sportplatz	LINESTRING(12.906037 52.433503,12.906032000000002 52.433512300000004)
1451	Töplitz	Kirschweg	de:12069:900220493::1	52.432232	12.913746	bus	MATCHED	n750493403	3.1	0.85	Töplitz, Kirschweg	612,634	Töplitz, Leester Str.	Leest, Eichholzweg / Kemnitz (PM), Kolonie Zern	LINESTRING(12.913746 52.432232,12.9137901 52.4322378)
1452	Töplitz	Kirschweg	de:12069:900220493::2	52.432021	12.912537	bus	MATCHED	n750493404	0.8	0.94	Töplitz, Kirschweg	612,634	Töplitz, Dorfplatz	Töplitz, Dorfplatz / Feuerwehr	LINESTRING(12.912537 52.432021,12.9125247 52.4320207)
1453	Töplitz	Leester Str. 	de:12069:900220492::1	52.433694	12.920475	bus	MATCHED	n750493401	2.8	0.67	Töplitz, Leester Straße	612,634	Leest, Kirche / Kemnitz (PM), Kolonie Zern	Leest, Kirche / Töplitz, Kirschweg / Seerosenweg	LINESTRING(12.920475 52.433694,12.9204802 52.433719100000005)
1454	Töplitz	Leester Str. 	de:12069:900220492::2	52.43373	12.920418	bus	NO_MATCH_BUT_OTHER_PLATFORM_MATCHED					612,634	Töplitz, Kirschweg		POINT(12.920418 52.43373)
1455	Töplitz	Sportplatz	de:12069:900220495::1	52.434782	12.904799	bus	MATCHED	n4872293499	0.7	0.94	Sportplatz	612,634	Töplitz, Feuerwehr	Feuerwehr	LINESTRING(12.904799 52.434782,12.904807900000002 52.4347798)
1456	Töplitz	Sportplatz	de:12069:900220495::2	52.43486	12.904803	bus	MATCHED	n4872293500	0.7	0.94	Sportplatz	612,634	Töplitz, Zur alten Fähre	Töplitz, Zur alten Fähre	LINESTRING(12.904803 52.43486,12.904813500000001 52.434861100000006)
1457	Töplitz	Zur alten Fähre	de:12069:900220497::1	52.437142	12.902404	bus	MATCHED	n750815844	4.7	0.8	Töplitz, Zur alten Fähre	612,634	Töplitz, Sportplatz	Sportplatz	LINESTRING(12.902404 52.437142,12.9023651 52.4371073)
1458	Töplitz	Zur alten Fähre	de:12069:900220497::2	52.436712	12.902712	bus	MATCHED	n750493436	3.0	0.85	Töplitz, Zur alten Fähre	612,634	Neu Töplitz, Weinbergstr.	Neu Töplitz, Wendeplatz	LINESTRING(12.902712 52.436712,12.902749 52.436697)
1459	VERWAIST Bad Belzig	Bergholzer Str. 	de:12069:900222205	52.127018	12.585132		NO_MATCH_AND_SEEMS_UNSERVED								POINT(12.585132 52.127018)
1460	VERWAIST Fichtenwalde	Am Markt	de:12069:900220808::1	52.279272	12.883175		NO_MATCH_AND_SEEMS_UNSERVED								POINT(12.883175 52.279272)
1461	VERWAIST Geltow	Hauffstr. /Baumarkt	de:12069:900220657	52.363642	12.96428		MATCHED_AMBIGUOUSLY	n2142475965	17.9	0.22	Geltow, Hauffstraße/Baumarkt				LINESTRING(12.96428 52.363642,12.9640442 52.3635705)
1462	VERWAIST Geltow	Hauffstr. /Baumarkt	de:12069:900220657	52.363642	12.96428		MATCHED_AMBIGUOUSLY	n2142475973	18.8	0.21	Geltow, Hauffstraße/Baumarkt				LINESTRING(12.96428 52.363642,12.964545500000002 52.3636867)
1463	VERWAIST Teltow	Marktplatz	de:12069:900220122	52.402319	13.263855		NO_MATCH_AND_SEEMS_UNSERVED								POINT(13.263855 52.402319)
1464	VERWAIST Tremsdorf	Abzweig Institut	de:12069:900220189	52.28606	13.113713		NO_MATCH_AND_SEEMS_UNSERVED								POINT(13.113713 52.28606)
1465	VERWAIST: Cammer	Betriebshof	de:12069:900222050::1	52.259602	12.654204		NO_MATCH_AND_SEEMS_UNSERVED								POINT(12.654204 52.259602)
1466	VERWAIST: Grabow (bei Niemegk)	Bedarfshalt	de:12069:900222244	52.112629	12.748583		NO_MATCH_AND_SEEMS_UNSERVED								POINT(12.748583 52.112629)
1467	VERWAIST: Jeserig (bei Götz)	Chausseehaus	de:12069:900220201	52.408374	12.671702		NO_MATCH_AND_SEEMS_UNSERVED								POINT(12.671702 52.408374)
1468	VERWAIST: Mötzow	Domstiftsgut	de:12069:900220396	52.465354	12.592055		NO_MATCH_AND_SEEMS_UNSERVED								POINT(12.592055 52.465354)
1469	VERWAIST: Rietz (bei Treuenbrietzen)	B 2	de:12069:900222169	52.077356	12.837683		NO_MATCH_AND_SEEMS_UNSERVED								POINT(12.837683 52.077356)
1470	VERWAIST: Schmerwitz	B 246	de:12069:900222178	52.124614	12.487681		NO_MATCH_AND_SEEMS_UNSERVED								POINT(12.487681 52.124614)
1471	VERWAIST: Teltow	Ruhlsdorfer Platz/Ruhlsdorfer Str. 	de:12069:900220095	52.39977	13.268362		NO_MATCH_AND_SEEMS_UNSERVED								POINT(13.268362 52.39977)
1472	VERWAIST: Treuenbrietzen	Leipziger Str. 	de:12069:900222195::1	52.087814	12.851025		NO_MATCH_AND_SEEMS_UNSERVED								POINT(12.851025 52.087814)
1473	VERWAIST: Treuenbrietzen	Leipziger Str. 	de:12069:900222195::2	52.087833	12.851014		NO_MATCH_AND_SEEMS_UNSERVED								POINT(12.851014 52.087833)
1474	VERWAIST: Treuenbrietzen	R. -Virchow-Str. 	de:12069:900222253	52.08602	12.846837		NO_MATCH_AND_SEEMS_UNSERVED								POINT(12.846837 52.08602)
1475	VERWAIST: Werder (Havel)	Brünhildestr. 	de:12069:900220641	52.392601	12.907089		NO_MATCH_AND_SEEMS_UNSERVED								POINT(12.907089 52.392601)
1476	VERWAIST: Ziezow	Abzweig Neschholz	de:12069:900222237	52.137149	12.71638		NO_MATCH_AND_SEEMS_UNSERVED								POINT(12.71638 52.137149)
1477	Verlorenwasser	Gewerbegebiet	de:12069:900222200::1	52.200979	12.479829		MATCHED	n7737707538	10.8	0.34	Verlorenwasser/Gewgb.				LINESTRING(12.479829 52.200979,12.4799702 52.2009361)
1478	Verlorenwasser	Gewerbegebiet	de:12069:900222200::2	52.20076	12.479556		MATCHED	n7737673939	3.0	0.56	Verlorenwasser/Gewgb				LINESTRING(12.479556 52.20076,12.479513800000001 52.200768700000005)
1479	Verlorenwasser	Hirschtränke	de:12069:900222201::1	52.205182	12.48277	bus	MATCHED	n7737699210	4.2	0.42	Verlorenwasser	555,593	Egelinde / Weitzgrund		LINESTRING(12.48277 52.205182,12.4828281 52.205192800000006)
1480	Verlorenwasser	Hirschtränke	de:12069:900222201::2	52.20516	12.482656	bus	MATCHED	n7737695172	5.8	0.38	Verlorenwasser	555,559,593	Werbig (PM), Ortsmitte		LINESTRING(12.482656 52.20516,12.482635 52.2052107)
1481	Wenzlow	(PM)	de:12069:900220243::1	52.300799	12.446652	bus	MATCHED	n3614704441	3.8	0.83	Wenzlow (PM)	562,596	Mahlenzien / Boecke, Dorf	Dorf	LINESTRING(12.446652 52.300799,12.446596600000001 52.300799600000005)
1482	Wenzlow	(PM)	de:12069:900220243::2	52.30033	12.448984	bus	MATCHED	n1421493392	2.8	0.86	Wenzlow (PM)	559,562	Grüningen	Grüningen	LINESTRING(12.448984 52.30033,12.448991900000001 52.3003055)
1483	Wenzlow	Grüningen	de:12069:900220227::1	52.298499	12.456665	bus	MATCHED	w1273385645	144.7	0.11	Grüningen	559,562	Wollin (PM), Ortsmitte / Brandenburg, Wilhelmsdorf / Wenzlow (PM)	Ortsmitte / Wenzlow (PM) / Brandenburg, Abzweig nach Görisgräben	LINESTRING(12.456665 52.298499,12.45466345 52.2980697)
1484	Wenzlow	Grüningen	de:12069:900220227::2	52.29814	12.456163	bus	MATCHED	w789876021	100.9	0.14	Grüningen	559,596	Wollin (PM), Ortsmitte / Boecke, Dorf / Wenzlow (PM) / Brandenburg, Abzweig nach Görisgräben	Brandenburg, Abzweig nach Görisgräben / Wilhelmsdorf	LINESTRING(12.456163 52.29814,12.454687100000001 52.298080350000006)
1485	Werbig (PM)	Ortsmitte	de:12069:900222204::1	52.183823	12.463733	bus	MATCHED	n7404563173	1.2	0.87	Ortsmitte	555,593	Werbig (PM), Ortsmitte / Steindorf / Verlorenwasser, Hirschtränke / Schmerwitz, Ortsmitte	Ortsmitte	LINESTRING(12.463733 52.183823,12.463750500000002 52.1838198)
1486	Werbig (PM)	Ortsmitte	de:12069:900222204::2	52.183874	12.46362	bus	MATCHED	n7404563172	0.8	0.9	Ortsmitte	555,559,593	Benken, Ortsmitte / Steindorf	Ortsmitte	LINESTRING(12.46362 52.183874,12.4636084 52.1838757)
1487	Werder (Havel)	Altes Rathaus	de:12069:900220633::1	52.377544	12.942857	bus	MATCHED	n8065124787	3.2	0.85	Altes Rathaus	E30	Werder (Havel), Fischerstr.	Fischerstraße	LINESTRING(12.942857 52.377544,12.942844000000001 52.3775166)
1488	Werder (Havel)	Am Finkenberg	de:12069:900220638::1	52.38707	12.915605	bus	MATCHED	n915636290	1.2	0.92	Am Finkenberg	631,632,634	Werder (Havel), Kesselgrundstr. / Werder (Havel), Kesselgrundstr.	Kesselgrundstraße	LINESTRING(12.915605 52.38707,12.9155917 52.387077000000005)
1489	Werder (Havel)	Am Finkenberg	de:12069:900220638::2	52.386998	12.915472	bus	MATCHED	n915636125	1.4	0.91	Am Finkenberg	631,632,634	Werder (Havel), Margaretenstr.	Margaretenstraße	LINESTRING(12.915472 52.386998,12.9154651 52.387009400000004)
1490	Werder (Havel)	Am Gutshof	de:12069:900220615::1	52.375866	12.935626	bus	MATCHED	n2185349477	1.6	0.9	Am Gutshof	580,607,630	Werder (Havel), Wachtelburg	Wachtelburg	LINESTRING(12.935626 52.375866,12.935603700000001 52.3758708)
1491	Werder (Havel)	Am Gutshof	de:12069:900220615::2	52.376138	12.93576	bus	MATCHED	n2185349479	1.9	0.89	Am Gutshof	580,607,630	Werder (Havel), Brandenburger Str. / Werder (Havel), Post	Brandenburger Straße / Post	LINESTRING(12.93576 52.376138,12.9357793 52.37612540000001)
1492	Werder (Havel)	Am Wachtelberg	de:12069:900220617::1	52.371764	12.929076	bus	MATCHED	n2822529504	4.5	0.81	Am Wachtelberg	E30	Werder (Havel), Wachtelwinkel	Wachtelwinkel	LINESTRING(12.929076 52.371764,12.929138 52.3717781)
1493	Werder (Havel)	Am Wachtelberg	de:12069:900220617::2	52.371802	12.929006	bus	MATCHED	n2822529505	5.8	0.78	Am Wachtelberg	E30	Werder (Havel), Lietzes Weg	Lietzes Weg	LINESTRING(12.929006 52.371802,12.9290737 52.371833800000005)
1494	Werder (Havel)	Baderstr. 	de:12069:900220647::1	52.379848	12.944215		NO_MATCH_AND_SEEMS_UNSERVED								POINT(12.944215 52.379848)
1495	Werder (Havel)	Bahnhof	de:12069:900220009:1:50	52.392816	12.927037	train	MATCHED_THOUGH_NAMES_DIFFER	n4713057975	62.8	0.22	Werder (Havel)	RE1	S Potsdam Hauptbahnhof / Potsdam, Park Sanssouci Bhf / S Potsdam Hauptbahnhof / Potsdam, Park Sanssouci Bhf / S Potsdam Hauptbahnhof / Potsdam, Park Sanssouci Bhf	Potsdam Park Sanssouci	LINESTRING(12.927037 52.392816,12.927949400000001 52.392734100000006)
1496	Werder (Havel)	Bahnhof	de:12069:900220009:1:51	52.392598	12.928298	train	MATCHED_THOUGH_NAMES_DIFFER	n1021100137	26.5	0.16	Werder (Havel)	RB20,RB22	Potsdam, Park Sanssouci Bhf / Potsdam, Park Sanssouci Bhf / Potsdam, Golm Bhf / Potsdam, Pirschheide Bhf		LINESTRING(12.928298 52.392598,12.927909300000001 52.3926062)
1497	Werder (Havel)	Bahnhof	de:12069:900220009:2:52	52.392999	12.926832	train	MATCHED_THOUGH_NAMES_DIFFER	n4713057974	28.5	0.31	Werder (Havel)	RB22,RE1	Groß Kreutz, Bahnhof / Brandenburg, Hauptbahnhof / Brandenburg, Hauptbahnhof / Brandenburg, Hauptbahnhof / Potsdam, Pirschheide Bhf	Groß Kreutz	LINESTRING(12.926832 52.392999,12.926417200000001 52.3930336)
1498	Werder (Havel)	Bahnhof	de:12069:900220009::1	52.392785	12.925519	bus	MATCHED	n9043732861	4.9	0.68	Werder (Havel), Bahnhof	607,630,631,632,633	Werder (Havel), Friedrichshöhe / Werder (Havel), Phöbener Str.		LINESTRING(12.925519 52.392785,12.925547600000002 52.3928256)
1499	Werder (Havel)	Bahnhof	de:12069:900220009::2	52.392593	12.926467	bus	MATCHED	n9043732863	11.8	0.5	Werder (Havel), Bahnhof	630,631,632,633,634,635,641	Werder (Havel), Friedrichshöhe / Werder (Havel), Zum Großen Zernsee / Werder (Havel), Haveltherme	Phöbener Straße / Friedrichshöhe / Zum Großen Zernsee	LINESTRING(12.926467 52.392593,12.9263116 52.392546100000004)
1500	Werder (Havel)	Bahnhof	de:12069:900220009::3	52.39274	12.925638	bus	MATCHED	n9043732862	8.8	0.57	Werder (Havel), Bahnhof	630,632,634,635	Werder (Havel), Friedrichshöhe / Werder (Havel), Phöbener Str.	Friedrichshöhe / Phöbener Straße	LINESTRING(12.925638 52.39274,12.9255496 52.3926822)
1501	Werder (Havel)	Bahnhof	de:12069:900220009::4	52.392649	12.926168	bus	NO_MATCH_BUT_OTHER_PLATFORM_MATCHED					607,630,631,632,633,634,635,641			POINT(12.926168 52.392649)
1502	Werder (Havel)	Bahnhof	de:12069:900220009::5	52.392723	12.925903	bus	NO_MATCH_BUT_OTHER_PLATFORM_MATCHED					607,631,632,633,634,641			POINT(12.925903 52.392723)
1503	Werder (Havel)	Bahnhof	de:12069:900220009::6	52.392304	12.926925		NO_MATCH_AND_SEEMS_UNSERVED								POINT(12.926925 52.392304)
1504	Werder (Havel)	Bahnhof	de:12069:900220009::7	52.39218	12.924685		NO_MATCH_AND_SEEMS_UNSERVED								POINT(12.924685 52.39218)
1505	Werder (Havel)	Bahnhof	de:12069:900220009::8	52.392646	12.92376		NO_MATCH_AND_SEEMS_UNSERVED								POINT(12.92376 52.392646)
1506	Werder (Havel)	Bismarckhöhe	de:12069:900220627::1	52.38132	12.933606	bus	MATCHED	n915636230	3.5	0.84	Bismarckhöhe	607,630,633,634,635,641	Werder (Havel), Marienweg	Marienweg	LINESTRING(12.933606 52.38132,12.933638 52.38134470000001)
1507	Werder (Havel)	Bismarckhöhe	de:12069:900220627::2	52.381333	12.933488	bus	MATCHED	n915636181	1.7	0.9	Bismarckhöhe	607,630,633,635,641	Werder (Havel), Post	Brandenburger Straße / Post	LINESTRING(12.933488 52.381333,12.9334679 52.381324000000006)
1508	Werder (Havel)	Brandenburger Str. 	de:12069:900220629::1	52.374476	12.927568	bus	MATCHED	n2180569384	2.5	0.78	Brandenburger Straße	580,631,633,635,641	Werder (Havel), Kölner Str.	Kölner Straße	LINESTRING(12.927568 52.374476,12.927604400000002 52.3744759)
1509	Werder (Havel)	Brandenburger Str. 	de:12069:900220629::2	52.374725	12.928051	bus	MATCHED	n2180615532	2.2	0.79	Brandenburger Straße	580,631,633,635,641	Werder (Havel), Lietzes Weg	Lietzes Weg	LINESTRING(12.928051 52.374725,12.9280363 52.3747424)
1510	Werder (Havel)	Fischerstr. 	de:12069:900220650::1	52.378013	12.944804	bus	MATCHED	n8065124786	3.3	0.69	Fischerstraße	E30	Werder (Havel), Markt	Markt	LINESTRING(12.944804 52.378013,12.944853 52.378012700000006)
1511	Werder (Havel)	Friedhof	de:12069:900220623::1	52.377291	12.927145	bus	MATCHED	n2185649247	1.8	0.9	Friedhof	631,632,634	Werder (Havel), Gluckstr.	Gluckstraße	LINESTRING(12.927145 52.377291,12.927161000000002 52.3773038)
1512	Werder (Havel)	Friedhof	de:12069:900220623::2	52.37746	12.926281	bus	MATCHED	n2185649259	2.3	0.88	Friedhof	631,632,634	Werder (Havel), Post / Werder (Havel), Post	Post	LINESTRING(12.926281 52.37746,12.9262467 52.377459200000004)
1513	Werder (Havel)	Friedrichshöhe	de:12069:900220646::1	52.388864	12.92627	bus	MATCHED	n2180626059	4.3	0.81	Friedrichshöhe	607,630,633,634,635,641	Werder (Havel), Bahnhof / Werder (Havel), Bahnhof / Werder (Havel), Bahnhof / Werder (Havel), Bahnhof / Werder (Havel), Bahnhof	Werder (Havel), Bahnhof	LINESTRING(12.92627 52.388864,12.9262536 52.388901600000004)
1514	Werder (Havel)	Friedrichshöhe	de:12069:900220646::2	52.388556	12.926455	bus	MATCHED	n2180626058	1.5	0.91	Friedrichshöhe	607,630,633,635,641	Werder (Havel), Marienweg	Marienweg	LINESTRING(12.926455 52.388556,12.9264329 52.3885565)
1515	Werder (Havel)	Glindower Eck	de:12069:900220668::1	52.370815	12.913404	bus	MATCHED	n915254764	0.0	0.97	Glindower Eck	580,633,635,641	Glindow, Sportplatz / Glindow, Dr.-Wolff-Str.	Morgenstücke/B1 / Dr.-Wolff-Straße / Sportplatz	LINESTRING(12.913404 52.370815,12.913404000000002 52.370815)
1516	Werder (Havel)	Glindower Eck	de:12069:900220668::2	52.370836	12.914718	bus	MATCHED	n915254767	4.0	0.83	Glindower Eck	580,633,635,641	Werder (Havel), Lietzes Weg	Lietzes Weg	LINESTRING(12.914718 52.370836,12.914775800000001 52.3708389)
1517	Werder (Havel)	Gluckstr. 	de:12069:900220636::1	52.379777	12.922469	bus	MATCHED	n2185498623	2.0	0.7	Gluckstraße	631,632,634	Werder (Havel), Margaretenstr.	Margaretenstraße	LINESTRING(12.922469 52.379777,12.922489700000002 52.3797895)
1518	Werder (Havel)	Gluckstr. 	de:12069:900220636::2	52.379693	12.922465	bus	MATCHED	n2185498630	2.4	0.69	Gluckstraße	631,632,634	Werder (Havel), Friedhof	Friedhof	LINESTRING(12.922465 52.379693,12.922438600000001 52.3796782)
1519	Werder (Havel)	Hans-Sachs-Str. 	de:12069:900220643::1	52.391562	12.904743	bus	MATCHED	n2185573311	1.4	0.77	Hans-Sachs-Straße	630,634	Werder (Havel), Rosenstr.	Rosenstraße	LINESTRING(12.904743 52.391562,12.9047326 52.391572800000006)
1520	Werder (Havel)	Hans-Sachs-Str. 	de:12069:900220643::2	52.391513	12.904668	bus	MATCHED	n2185573312	0.9	0.79	Hans-Sachs-Straße	630,634	Werder (Havel), Kesselgrundstr. / Werder (Havel), Kesselgrundstr.	Kesselgrundstraße	LINESTRING(12.904668 52.391513,12.9046816 52.3915123)
1521	Werder (Havel)	Hartplatz	de:12069:900220651::1	52.377219	12.937129	bus	MATCHED	n8065124789	3.0	0.86	Hartplatz	E30	Werder (Havel), Markt	Markt	LINESTRING(12.937129 52.377219,12.9371497 52.3771957)
1522	Werder (Havel)	Hartplatz	de:12069:900220651::2	52.37741	12.937604	bus	MATCHED	n8065124788	2.6	0.87	Hartplatz	E30	Werder (Havel), Post	Post	LINESTRING(12.937604 52.37741,12.9376084 52.377433100000005)
1523	Werder (Havel)	Haveltherme	de:12069:900220719::01	52.399441	12.922978	bus	MATCHED	n9129193706	21.7	0.38	Haveltherme	632,634	Werder (Havel), Zum Großen Zernsee / Werder (Havel), Bahnhof / Werder (Havel), Bahnhof / Werder (Havel), Bahnhof / Werder (Havel), Bahnhof		LINESTRING(12.922978 52.399441,12.922726200000001 52.399322100000006)
1524	Werder (Havel)	Holländermühle	de:12069:900220625::1	52.356875	12.958797	bus	MATCHED	n430866188	6.2	0.77	Holländermühle	607,631	Werder (Havel), Riegelspitze	Riegelspitze	LINESTRING(12.958797 52.356875,12.958724 52.35690760000001)
1525	Werder (Havel)	Holländermühle	de:12069:900220625::2	52.356737	12.959229	bus	MATCHED	n430866192	6.7	0.75	Holländermühle	607,631	Petzow, Resort Schwielowsee / Geltow, Baumgartenbrück	Resort Schwielowsee / Baumgartenbrück	LINESTRING(12.959229 52.356737,12.9593276 52.3567417)
1526	Werder (Havel)	Hugo-Junkers-Str. 	de:12069:900220614::1	52.398618	12.913508	bus	MATCHED	n8065124792	2.5	0.76	Hugo-Junkers-Straße	632,634	Werder (Havel), Zum Havelstrand	Zum Havelstrand	LINESTRING(12.913508 52.398618,12.9135114 52.3986402)
1527	Werder (Havel)	Hugo-Junkers-Str. 	de:12069:900220614::2	52.399402	12.912451	bus	MATCHED	n8065124793	1.7	0.79	Hugo-Junkers-Straße	632,634	Werder (Havel), Zum Großen Zernsee / Werder (Havel), Bahnhof	Zum Großen Zernsee	LINESTRING(12.912451 52.399402,12.9124546 52.399417500000006)
1528	Werder (Havel)	Kesselgrundstr. 	de:12069:900220639::1	52.390728	12.912006	bus	MATCHED	n2180615538	1.9	0.76	Kesselgrundstraße	630,631,632	Werder (Havel), Phöbener Str.	Phöbener Straße	LINESTRING(12.912006 52.390728,12.9120013 52.390744600000005)
1529	Werder (Havel)	Kesselgrundstr. 	de:12069:900220639::2	52.390172	12.911425	bus	MATCHED	n2180615533	3.4	0.71	Kesselgrundstraße	631,632,634	Werder (Havel), Am Finkenberg	Am Finkenberg / Hans-Sachs-Straße	LINESTRING(12.911425 52.390172,12.911375000000001 52.3901716)
1530	Werder (Havel)	Kesselgrundstr. 	de:12069:900220639::3	52.38936	12.911981	bus	MATCHED	n4872293493	3.3	0.58	Kesselgrundstraße	634	Werder (Havel), Hans-Sachs-Str.		LINESTRING(12.911981 52.38936,12.912028600000001 52.3893672)
1531	Werder (Havel)	Kesselgrundstr. 	de:12069:900220639::4	52.389287	12.911984	bus	MATCHED	n4872293494	0.2	0.72	Kesselgrundstraße	634	Werder (Havel), Am Finkenberg		LINESTRING(12.911984 52.389287,12.9119848 52.3892855)
1532	Werder (Havel)	Kesselgrundstr. 	de:12069:900220639::5	52.390337	12.91158	bus	NO_MATCH_BUT_OTHER_PLATFORM_MATCHED					630	Werder (Havel), Hans-Sachs-Str.		POINT(12.91158 52.390337)
1533	Werder (Havel)	Kugelweg	de:12069:900220613::1	52.37016	12.921673	bus	MATCHED	n2186771172	1.1	0.92	Kugelweg	631	Werder (Havel), Lietzes Weg	Lietzes Weg	LINESTRING(12.921673 52.37016,12.9216653 52.370169000000004)
1534	Werder (Havel)	Kugelweg	de:12069:900220613::2	52.370503	12.919887	bus	MATCHED	n2186771173	1.4	0.91	Kugelweg	631,E30	Werder (Havel), Moosfennstr.	Moosfennstraße	LINESTRING(12.919887 52.370503,12.919868300000001 52.3704988)
1535	Werder (Havel)	Kölner Str. 	de:12069:900220642::1	52.375489	12.930538	bus	MATCHED	w711004537	8.2	0.63	Kölner Straße	580,631,633,635,641	Werder (Havel), Post / Werder (Havel), Am Gutshof	Post / Am Gutshof	LINESTRING(12.930538 52.375489,12.930451103318727 52.37543814176794)
1536	Werder (Havel)	Kölner Str. 	de:12069:900220642::2	52.37527	12.932099	bus	MATCHED	n2624790949	4.9	0.57	Kölner Straße	E30	Werder (Havel), Post / Werder (Havel), Wachtelwinkel	Post	LINESTRING(12.932099 52.37527,12.9321005 52.375314100000004)
1537	Werder (Havel)	Lietzes Weg	de:12069:900220630::1	52.371974	12.91924	bus	MATCHED	n11842026634	6.2	0.77	Lietzes Weg	580,631,633,635,641	Werder (Havel), Brandenburger Str.	Brandenburger Straße	LINESTRING(12.91924 52.371974,12.9193069 52.3720116)
1538	Werder (Havel)	Lietzes Weg	de:12069:900220630::2	52.372154	12.919565	bus	MATCHED	n2186771174	3.5	0.84	Lietzes Weg	580,631,633,635,641,E30	Werder (Havel), Glindower Eck / Werder (Havel), Kugelweg	Glindower Eck / Kugelweg	LINESTRING(12.919565 52.372154,12.919515500000001 52.3721462)
1539	Werder (Havel)	Lietzes Weg	de:12069:900220630::3	52.371252	12.916703		NO_MATCH_AND_SEEMS_UNSERVED								POINT(12.916703 52.371252)
1540	Werder (Havel)	Margaretenstr. 	de:12069:900220637::1	52.382778	12.919612	bus	MATCHED	n2185509917	0.1	0.83	Margaretenstraße	631,632,634	Werder (Havel), Am Finkenberg	Am Finkenberg	LINESTRING(12.919612 52.382778,12.9196117 52.3827791)
1541	Werder (Havel)	Margaretenstr. 	de:12069:900220637::2	52.38278	12.919437	bus	MATCHED	n2185509918	0.5	0.81	Margaretenstraße	631,632,634	Werder (Havel), Gluckstr.	Gluckstraße	LINESTRING(12.919437 52.38278,12.9194399 52.382784)
1542	Werder (Havel)	Marienweg	de:12069:900220626::1	52.38652	12.928665	bus	MATCHED	n11842026619	3.2	0.85	Marienweg	607,630,633,634,635,641	Werder (Havel), Friedrichshöhe	Friedrichshöhe	LINESTRING(12.928665 52.38652,12.928654100000001 52.386548000000005)
1543	Werder (Havel)	Marienweg	de:12069:900220626::2	52.386415	12.928647	bus	MATCHED	n2624790951	2.9	0.86	Marienweg	607,630,633,635,641	Werder (Havel), Bismarckhöhe	Bismarckhöhe	LINESTRING(12.928647 52.386415,12.9286399 52.386389300000005)
1544	Werder (Havel)	Markt	de:12069:900220628::1	52.379062	12.940593	bus	MATCHED	n2186816385	2.8	0.79	Markt	E30	Werder (Havel), Altes Rathaus / Werder (Havel), Hartplatz	Altes Rathaus / Hartplatz	LINESTRING(12.940593 52.379062,12.940561500000001 52.3790464)
1545	Werder (Havel)	Moosfennstr. 	de:12069:900220618::1	52.368804	12.927427	bus	MATCHED	n2179890259	2.1	0.72	Moosfennstraße	631	Werder (Havel), Kugelweg	Kugelweg	LINESTRING(12.927427 52.368804,12.9274453 52.368819200000004)
1546	Werder (Havel)	Moosfennstr. 	de:12069:900220618::2	52.368862	12.927003	bus	MATCHED	n2179890237	4.3	0.66	Moosfennstraße	631,E30	Werder (Havel), Strengbrücke / Werder (Havel), Strengbrücke / Werder (Havel), Obstzüchterstr.	Strengbrücke / Obstzüchterstraße	LINESTRING(12.927003 52.368862,12.9269519 52.368838800000006)
1547	Werder (Havel)	Moosfennstr. 	de:12069:900220618::3	52.369054	12.928603	bus	MATCHED	n2822529501	1.9	0.73	Moosfennstraße	E30	Werder (Havel), Am Wachtelberg	Am Wachtelberg	LINESTRING(12.928603 52.369054,12.928628400000001 52.369061300000006)
1548	Werder (Havel)	Obstzüchterstr. 	de:12069:900220631::1	52.363643	12.937125	bus	MATCHED	n4872293498	2.1	0.79	Obstzüchterstraße	630,E30	Werder (Havel), Strengbrücke / Werder (Havel), Moosfennstr.	Strengbrücke / Moosfennstraße	LINESTRING(12.937125 52.363643,12.9371551 52.3636391)
1549	Werder (Havel)	Obstzüchterstr. 	de:12069:900220631::2	52.364278	12.937074	bus	MATCHED	n4872293497	5.9	0.68	Obstzüchterstraße	630,E30	Werder (Havel), Werderpark	Werderpark	LINESTRING(12.937074 52.364278,12.9370501 52.3643293)
1550	Werder (Havel)	Phöbener Str. 	de:12069:900220640::1	52.392493	12.92185	bus	MATCHED	n2180615539	3.7	0.74	Phöbener Straße	630,631,632	Werder (Havel), Bahnhof / Werder (Havel), Bahnhof / Werder (Havel), Bahnhof / Werder (Havel), Bahnhof / Werder (Havel), Bahnhof	Werder (Havel), Bahnhof	LINESTRING(12.92185 52.392493,12.9218013 52.392479)
1551	Werder (Havel)	Phöbener Str. 	de:12069:900220640::2	52.392565	12.921906	bus	MATCHED	n2180615540	3.1	0.75	Phöbener Straße	630,631,632,634	Werder (Havel), Kesselgrundstr. / Werder (Havel), Kesselgrundstr.	Kesselgrundstraße	LINESTRING(12.921906 52.392565,12.921861100000001 52.392558400000006)
1552	Werder (Havel)	Post	de:12069:900220610::1	52.377236	12.933141	bus	MATCHED	n915636105	7.2	0.61	Post	580,607,630,631,632,633,634,635,641,E30	Werder (Havel), Friedhof / Werder (Havel), Brandenburger Str. / Werder (Havel), Am Gutshof / Werder (Havel), Hartplatz / Werder (Havel), Kölner Str.	Brandenburger Straße / Friedhof / Hartplatz / Kölner Straße / Am Gutshof	LINESTRING(12.933141 52.377236,12.9330593 52.377277500000005)
1553	Werder (Havel)	Post	de:12069:900220610::2	52.37673	12.933729	bus	MATCHED	n1856164044	12.5	0.64	Post	607,630,631,633,634,635,641,E30	Werder (Havel), Post / Werder (Havel), Bismarckhöhe / Werder (Havel), Friedhof	Bismarckhöhe / Friedhof / Post	LINESTRING(12.933729 52.37673,12.933716500000001 52.376842100000005)
1554	Werder (Havel)	Post	de:12069:900220610::3	52.377028	12.931978		NO_MATCH_AND_SEEMS_UNSERVED								POINT(12.931978 52.377028)
1555	Werder (Havel)	Post	de:12069:900220610::4	52.376959	12.932699		NO_MATCH_AND_SEEMS_UNSERVED								POINT(12.932699 52.376959)
1556	Werder (Havel)	Post	de:12069:900220610::5	52.377693	12.932646	bus	MATCHED	n1856164079	0.9	0.88	Post	632,634	Werder (Havel), Bismarckhöhe		LINESTRING(12.932646 52.377693,12.932647900000001 52.377684800000004)
1557	Werder (Havel)	Riegelspitze	de:12069:900220620::1	52.360698	12.949528	bus	MATCHED	n915253714	12.6	0.65	Riegelspitze	607,631	Werder (Havel), Strengbrücke	Strengbrücke	LINESTRING(12.949528 52.360698,12.9494007 52.3607797)
1558	Werder (Havel)	Riegelspitze	de:12069:900220620::2	52.361248	12.947918	bus	MATCHED	n2180549639	14.6	0.62	Riegelspitze	607,631	Werder (Havel), Holländermühle	Holländermühle	LINESTRING(12.947918 52.361248,12.9477197 52.361297400000005)
1559	Werder (Havel)	Rosenstr. 	de:12069:900220644::1	52.393469	12.899003	bus	MATCHED	n2185533959	5.8	0.62	Rosenstraße	630,634	Werder (Havel), Stadtrandsiedlung / Werder (Havel), Stadtrandsiedlung	Stadtrandsiedlung	LINESTRING(12.899003 52.393469,12.8989747 52.393517700000004)
1560	Werder (Havel)	Rosenstr. 	de:12069:900220644::2	52.393216	12.899287	bus	MATCHED	n2185533971	4.0	0.66	Rosenstraße	630,634	Werder (Havel), Hans-Sachs-Str.	Hans-Sachs-Straße	LINESTRING(12.899287 52.393216,12.8992295 52.393224700000005)
1561	Werder (Havel)	Rosenstr. 	de:12069:900220644::3	52.393216	12.899287		NO_MATCH_AND_SEEMS_UNSERVED								POINT(12.899287 52.393216)
1562	Werder (Havel)	Ruderklub	de:12069:900220712::1	52.381447	12.943652		NO_MATCH_AND_SEEMS_UNSERVED								POINT(12.943652 52.381447)
1563	Werder (Havel)	Schützenhaus	de:12069:900220718::1	52.380663	12.939331		NO_MATCH_AND_SEEMS_UNSERVED								POINT(12.939331 52.380663)
1564	Werder (Havel)	Seerosenweg	de:12069:900220632::1	52.405181	12.910005	bus	MATCHED	n4872293495	3.1	0.85	Seerosenweg	632,634	Kemnitz (PM), Kolonie Zern	Kemnitz (PM), Kolonie Zern	LINESTRING(12.910005 52.405181,12.909994500000002 52.405208)
1565	Werder (Havel)	Seerosenweg	de:12069:900220632::2	52.405019	12.910088	bus	MATCHED	n4872293496	7.0	0.75	Seerosenweg	632,634	Werder (Havel), Zum Havelstrand	Zum Havelstrand	LINESTRING(12.910088 52.405019,12.9101251 52.4049606)
1566	Werder (Havel)	Stadtrandsiedlung	de:12069:900220645::1	52.395834	12.895232	bus	MATCHED	n2185573309	12.4	0.65	Stadtrandsiedlung	630,634	Kemnitz (PM), Eiche	Eiche	LINESTRING(12.895232 52.395834,12.895115400000002 52.395919400000004)
1567	Werder (Havel)	Stadtrandsiedlung	de:12069:900220645::2	52.395675	12.895312	bus	MATCHED	n2185573313	3.5	0.84	Stadtrandsiedlung	630,634	Werder (Havel), Rosenstr.	Rosenstraße	LINESTRING(12.895312 52.395675,12.895328600000001 52.395645)
1568	Werder (Havel)	Strengbrücke	de:12069:900220619::1	52.363988	12.941482	bus	MATCHED	n2179890327	4.9	0.8	Strengbrücke	580,607,631	Werder (Havel), Moosfennstr. / Werder (Havel), Wachtelburg	Wachtelburg / Moosfennstraße	LINESTRING(12.941482 52.363988,12.9415084 52.364029200000004)
1569	Werder (Havel)	Strengbrücke	de:12069:900220619::2	52.363724	12.941814	bus	MATCHED	n2179890315	4.6	0.81	Strengbrücke	580,607,631	Geltow, Ferdinand-Wimmer-Platz / Werder (Havel), Riegelspitze	Ferdinand-Wimmer-Platz / Riegelspitze	LINESTRING(12.941814 52.363724,12.941817400000001 52.3636824)
1570	Werder (Havel)	Strengbrücke	de:12069:900220619::3	52.364843	12.940844	bus	MATCHED	n2179890238	1.2	0.92	Strengbrücke	630,631	Werder (Havel), Wachtelburg	Wachtelburg	LINESTRING(12.940844 52.364843,12.9408264 52.36484230000001)
1571	Werder (Havel)	Strengbrücke	de:12069:900220619::4	52.364813	12.940739	bus	MATCHED	n2179890241	1.4	0.91	Strengbrücke	630,631	Werder (Havel), Obstzüchterstr. / Werder (Havel), Moosfennstr.	Obstzüchterstraße	LINESTRING(12.940739 52.364813,12.940751800000001 52.364823)
1572	Werder (Havel)	Wachtelburg	de:12069:900220616::1	52.372238	12.936264	bus	MATCHED	n2624790953	6.4	0.76	Wachtelburg	580,607,630	Werder (Havel), Strengbrücke / Werder (Havel), Strengbrücke	Strengbrücke	LINESTRING(12.936264 52.372238,12.936226000000001 52.372291000000004)
1573	Werder (Havel)	Wachtelburg	de:12069:900220616::2	52.372649	12.936205	bus	MATCHED	n2624790950	1.5	0.91	Wachtelburg	580,607,630	Werder (Havel), Am Gutshof	Am Gutshof / Post	LINESTRING(12.936205 52.372649,12.9362217 52.372658200000004)
1574	Werder (Havel)	Wachtelwinkel	de:12069:900220622::1	52.372321	12.931871	bus	MATCHED_THOUGH_REVERSED_DIR	n2822529507	6.5	0.54	Wachtelwinkel	E30	Werder (Havel), Kölner Str.	Am Wachtelberg	LINESTRING(12.931871 52.372321,12.931939900000001 52.372361700000006)
1575	Werder (Havel)	Wachtelwinkel	de:12069:900220622::2	52.372554	12.932643	bus	MATCHED_THOUGH_REVERSED_DIR	n2822529506	6.9	0.53	Wachtelwinkel	E30	Werder (Havel), Am Wachtelberg	Kölner Straße	LINESTRING(12.932643 52.372554,12.9327401 52.3725711)
1576	Werder (Havel)	Werderpark	de:12069:900220612::1	52.363753	12.934483	bus	MATCHED	n2179890215	8.1	0.6	Werderpark	630,E30	Werder (Havel), Obstzüchterstr.	Obstzüchterstraße	LINESTRING(12.934483 52.363753,12.934564 52.3636994)
1577	Werder (Havel)	Werderpark	de:12069:900220612::2	52.363825	12.934242	bus	NO_MATCH_BUT_OTHER_PLATFORM_MATCHED					630,E30			POINT(12.934242 52.363825)
1578	Werder (Havel)	Zum Großen Zernsee	de:12069:900220621::1	52.398233	12.917548	bus	MATCHED_THOUGH_REVERSED_DIR	n8065124791	2.0	0.78	Zum Großen Zernsee	632,634	Werder (Havel), Bahnhof / Werder (Havel), Bahnhof / Werder (Havel), Bahnhof / Werder (Havel), Bahnhof / Werder (Havel), Haveltherme / Werder (Havel), Bahnhof	Hugo-Junkers-Straße	LINESTRING(12.917548 52.398233,12.917548100000001 52.398250700000006)
1579	Werder (Havel)	Zum Großen Zernsee	de:12069:900220621::2	52.398211	12.917675	bus	MATCHED_THOUGH_REVERSED_DIR	n8065124790	3.4	0.68	Zum Großen Zernsee	632,634	Werder (Havel), Hugo-Junkers-Str.	Werder (Havel), Bahnhof	LINESTRING(12.917675 52.398211,12.917714400000001 52.398191700000005)
1580	Werder (Havel)	Zum Havelstrand	de:12069:900220609::1	52.403449	12.911869	bus	MATCHED	n3597361228	3.1	0.85	Zum Havelstrand	632,634	Werder (Havel), Seerosenweg	Seerosenweg	LINESTRING(12.911869 52.403449,12.9119147 52.4034485)
1581	Werder (Havel)	Zum Havelstrand	de:12069:900220609::2	52.403216	12.912001	bus	MATCHED	n3597361227	3.3	0.84	Zum Havelstrand	632,634	Werder (Havel), Hugo-Junkers-Str.	Hugo-Junkers-Straße	LINESTRING(12.912001 52.403216,12.9120044 52.4031862)
1582	Weseram	Ausbau	de:12069:900220307::1	52.454194	12.6609	bus	MATCHED	n3619497543	4.4	0.81	Weseram, Ausbau	558	Weseram, Dorf	Weseram, Dorf	LINESTRING(12.6609 52.454194,12.6608605 52.454162200000006)
1583	Weseram	Ausbau	de:12069:900220307::2	52.454111	12.66065	bus	MATCHED	n3619497542	8.0	0.73	Weseram, Ausbau	558	Klein Kreutz, Abzweig Saaringen	Abzweig Saaringen	LINESTRING(12.66065 52.454111,12.6607079 52.45417380000001)
1584	Weseram	Dorf	de:12069:900220308::1	52.462876	12.673892	bus	MATCHED	n3619517852	0.7	0.94	Weseram, Dorf	558	Päwesin / Roskow, Alter Bahnhof	Roskow, Abzwieg / Roskow, Abzweig	LINESTRING(12.673892 52.462876,12.6738894 52.462870300000006)
1585	Weseram	Dorf	de:12069:900220308::2	52.462937	12.674107	bus	MATCHED	n2597429322	1.3	0.92	Weseram, Dorf	558	Weseram, Ausbau	Weseram, Ausbau	LINESTRING(12.674107 52.462937,12.674122800000001 52.462943900000006)
1586	Wiesenburg	Bahnhof	de:12069:900220152:1:50	52.098829	12.431628	trainish	MATCHED	n3417260908	19.7	0.45	Wiesenburg (Mark)	RE7	Medewitz, Bahnhof / Jeber-Bergfrieden	Medewitz (Mark)	LINESTRING(12.431628 52.098829,12.431341100000001 52.098823900000006)
1587	Wiesenburg	Bahnhof	de:12069:900220152:2:51	52.098745	12.431622	trainish	MATCHED	n3417260907	3.2	0.53	Wiesenburg (Mark)				LINESTRING(12.431622 52.098745,12.4316455 52.098770200000004)
1588	Wiesenburg	Bahnhof	de:12069:900220152:2:52	52.098703	12.43162	train	MATCHED	n3417260906	3.0	0.68	Wiesenburg (Mark)	RE7	Bad Belzig, Bahnhof	Bad Belzig	LINESTRING(12.43162 52.098703,12.431593000000001 52.098681600000006)
1589	Wiesenburg	Bahnhof	de:12069:900220152:3:53	52.099139	12.431488	bus	MATCHED	n7104026432	15.7	0.45	Bahnhof	555	Wiesenburg, Ortsmitte / Reetz (PM), Ortsmitte / Medewitzerhütten		LINESTRING(12.431488 52.099139,12.431265400000001 52.099105400000006)
1590	Wiesenburg	Bahnhof/B107	de:12069:900220152::1	52.100851	12.430551	bus	MATCHED	n3597725533	0.2	0.75	Bahnhof	589,591	Medewitzerhütten / Jeserig (bei Wiesenburg), Ausbau	Medewitzerhütten	LINESTRING(12.430551 52.100851,12.4305537 52.100850400000006)
1591	Wiesenburg	Bahnhof/B107	de:12069:900220152::2	52.100164	12.430304	bus	MATCHED	n3480923636	4.5	0.81	Bahnhof/B107	572,589,591	Wiesenburg, Schule / Wiesenburg, Ortsmitte / Wiesenburg, Schule / Wiesenburg, Schule	Schule	LINESTRING(12.430304 52.100164,12.430354600000001 52.1001388)
1592	Wiesenburg	Gewerbegebiet	de:12069:900222207::1	52.11678	12.462363	bus	MATCHED	n3483685490	5.3	0.68	Gewerbegebiet	588	Wiesenburg, Ortsmitte	Ortsmitte	LINESTRING(12.462363 52.11678,12.462359200000002 52.1168276)
1593	Wiesenburg	Gewerbegebiet	de:12069:900222207::2	52.116593	12.461993	bus	MATCHED	n3500776430	14.3	0.47	Gewerbegebiet	588	Klein Glien / Schmerwitz, Ortsmitte	Ortsmitte / Klein Glien	LINESTRING(12.461993 52.116593,12.4621823 52.1166466)
1594	Wiesenburg	Ortsmitte	de:12069:900222206::1	52.114885	12.455224	bus	MATCHED	n3486504161	26.2	0.51	Ortsmitte	555,588	Wiesenburg, Schule / Wiesenburg, Bahnhof / Reetzerhütten	Schule	LINESTRING(12.455224 52.114885,12.4555983 52.1148388)
1595	Wiesenburg	Ortsmitte	de:12069:900222206::2	52.114782	12.455422	bus	MATCHED	n560925536	0.2	0.95	Ortsmitte	555,572,587,588,591	Wiesenburg, Schule / Neuehütten / Wiesenburg, Gewerbegebiet / Klein Glien / Borne / Bad Belzig, Busbahnhof / Bad Belzig, Busbahnhof / Wiesenburg, Schule	Busbahnhof / Gewerbegebiet / Klein Glien / Schule	LINESTRING(12.455422 52.114782,12.4554246 52.114782500000004)
1596	Wiesenburg	Schule	de:12069:900222208::1	52.110731	12.447234	bus	MATCHED	n8415006460	2.8	0.77	Schule	572,587	Wiesenburg, Ortsmitte / Neuehütten		LINESTRING(12.447234 52.110731,12.4472716 52.110720500000006)
1597	Wiesenburg	Schule	de:12069:900222208::2	52.110639	12.44715	bus	MATCHED	n8415006459	2.3	0.79	Schule	588	Neuehütten / Reetzerhütten / Wiesenburg, Ortsmitte		LINESTRING(12.44715 52.110639,12.4471661 52.1106204)
1598	Wiesenburg	Schule	de:12069:900222208::3	52.110506	12.446701	bus	MATCHED	n8415006458	3.4	0.74	Schule	589	Wiesenburg, Bahnhof/B107	Ortsmitte	LINESTRING(12.446701 52.110506,12.446696500000002 52.110475400000006)
1599	Wiesenburg	Schule	de:12069:900222208::4	52.110604	12.446448	bus	MATCHED	n2649608311	2.0	0.81	Schule	591	Wiesenburg, Ortsmitte / Wiesenburg, Bahnhof/B107	Reetzerhütten / Neuehütten / Bahnhof / Ortsmitte	LINESTRING(12.446448 52.110604,12.446428800000001 52.110590800000004)
1600	Wiesenburg/Mark	Grubo	de:12069:900222092::1	52.076777	12.522217	bus	MATCHED	n2663415989	13.1	0.49	Grubo	591	Mützdorf / Bergholz (bei Bad Belzig) / Grubo, Ausbau / Bad Belzig, Bahnhof	Grubo	LINESTRING(12.522217 52.076777,12.5224054 52.076758000000005)
1601	Wiesenburg/Mark	Grubo	de:12069:900222092::2	52.076833	12.522452	bus	MATCHED	n2663415984	5.1	0.79	Grubo	572,591	Welsigke / Klepzig / Grubo, Ausbau	Welsigke	LINESTRING(12.522452 52.076833,12.5223913 52.076859600000006)
1602	Wiesenburg/Mark	Jeserigerhütten	de:12069:900222103::1	52.066504	12.460568	bus	MATCHED	n8485221743	6.1	0.65	Jeserigerhütten	591	Jeserig (bei Wiesenburg), Ortsmitte / Jeserig (bei Wiesenburg), Kindergarten		LINESTRING(12.460568 52.066504,12.4605619 52.066558900000004)
1603	Wiesenburg/Mark	Jeserigerhütten	de:12069:900222103::2	52.066486	12.4605	bus	MATCHED	n8485221742	3.7	0.75	Jeserigerhütten	591	Mützdorf		LINESTRING(12.4605 52.066486,12.460447400000001 52.0664942)
1604	Wiesenburg/Mark	Klepzig	de:12069:900222108::1	52.021259	12.534626	bus	MATCHED_THOUGH_REVERSED_DIR	n8483813735	1.6	0.8	Klepzig	591,592	Lehnsdorf / Groß Marzehns		LINESTRING(12.534626 52.021259,12.5346398 52.021270300000005)
1605	Wiesenburg/Mark	Klepzig	de:12069:900222108::2	52.020998	12.533696	bus	MATCHED	n7726820696	1.5	0.86	Klepzig	592			LINESTRING(12.533696 52.020998,12.533705900000001 52.0209855)
1606	Wiesenburg/Mark	Klepzig	de:12069:900222108::3	52.020949	12.533445	bus	NO_MATCH_BUT_OTHER_PLATFORM_MATCHED					591			POINT(12.533445 52.020949)
1607	Wiesenburg/Mark	Lehnsdorf	de:12069:900222115::1	52.036712	12.518608	bus	MATCHED	n1778135570	0.8	0.9	Lehnsdorf	591	Mützdorf / Welsigke		LINESTRING(12.518608 52.036712,12.518612000000001 52.036705500000004)
1608	Wiesenburg/Mark	Lehnsdorf	de:12069:900222115::2	52.036405	12.518557	bus	MATCHED	n1778135569	1.3	0.87	Lehnsdorf	591	Klepzig		LINESTRING(12.518557 52.036405,12.5185504 52.036416300000006)
1609	Wiesenburg/Mark	Medewitzerhütten	de:12069:900222130::1	52.069707	12.384552	bus	MATCHED	n478019491	8.8	0.71	Medewitzerhütten	555,589	Wiesenburg, Bahnhof/B107 / Wiesenburg, Bahnhof	Bahnhof/B107	LINESTRING(12.384552 52.069707,12.384629 52.069643600000006)
1610	Wiesenburg/Mark	Medewitzerhütten	de:12069:900222130::2	52.069819	12.384432	bus	MATCHED	n3597725532	22.8	0.54	Medewitzerhütten	555,589	Medewitz, Dorf	Medewitz, Dorf	LINESTRING(12.384432 52.069819,12.384486800000001 52.069617300000004)
1611	Wiesenburg/Mark	Mützdorf	de:12069:900222135::1	52.055303	12.497679	bus	MATCHED_THOUGH_OSM_NO_NAME	n12595945951	1.7	0.32		591	Lehnsdorf / Jeserigerhütten / Grubo		LINESTRING(12.497679 52.055303,12.4976914 52.0553164)
1612	Wiesenburg/Mark	Mützdorf	de:12069:900222135::2	52.055189	12.498135	bus	MATCHED_THOUGH_OSM_NO_NAME	n12595926648	23.3	0.14		591	Grubo / Lehnsdorf		LINESTRING(12.498135 52.055189,12.497802 52.0552281)
1613	Wiesenburg/Mark	Neuehütten	de:12069:900222138::1	52.120075	12.429159	bus	MATCHED	n3481552744	3.1	0.85	Neuehütten	555,587,588	Schlamau / Börnecke, B107	Schlamau	LINESTRING(12.429159 52.120075,12.429196200000002 52.1200908)
1614	Wiesenburg/Mark	Neuehütten	de:12069:900222138::2	52.119945	12.42929	bus	MATCHED	n2935869549	5.5	0.78	Neuehütten	555,587,588	Wiesenburg, Ortsmitte / Wiesenburg, Ortsmitte / Wiesenburg, Schule	Schule / Ortsmitte	LINESTRING(12.42929 52.119945,12.4292446 52.1199038)
1615	Wiesenburg/Mark	Reetzerhütten	de:12069:900222165::1	52.108269	12.396453	bus	MATCHED	n3483661578	110.1	0.28	Reetzerhütten	555,588	Reetz (PM), Ziegelei	Ziegelei	LINESTRING(12.396453 52.108269,12.394923 52.10857)
1616	Wiesenburg/Mark	Reetzerhütten	de:12069:900222165::2	52.108285	12.395881	bus	MATCHED	n3483661580	36.5	0.45	Reetzerhütten	555,588	Wiesenburg, Ortsmitte / Wiesenburg, Schule	Schule	LINESTRING(12.395881 52.108285,12.395358300000002 52.1083482)
1617	Wiesenburg/Mark	Reppinichen	de:12069:900222168::1	52.139633	12.312642	bus	MATCHED	n3483839549	4.2	0.73	Reppinichen	559,588,593	Wutzow / Reetz (PM), Ortsmitte / Görzke, Breite Str.	Wutzow / Breite Straße	LINESTRING(12.312642 52.139633,12.3126572 52.1395969)
1618	Wiesenburg/Mark	Reppinichen	de:12069:900222168::2	52.139715	12.312665	bus	MATCHED	n3500829419	1.5	0.86	Reppinichen	588	Görzke, Breite Str. / Wutzow	Wutzow / Ziegelei	LINESTRING(12.312665 52.139715,12.312670500000001 52.1397022)
1619	Wiesenburg/Mark	Schlamau	de:12069:900222177::1	52.13018	12.44587	bus	MATCHED	n3481591748	3.1	0.85	Schlamau	555,587	Schmerwitz, Ortsmitte / Schmerwitz, Ortsmitte	Ortsmitte	LINESTRING(12.44587 52.13018,12.445868800000001 52.130152200000005)
1620	Wiesenburg/Mark	Schlamau	de:12069:900222177::2	52.13018	12.44576	bus	MATCHED	n2649608302	4.7	0.8	Schlamau	555,587	Neuehütten	Neuehütten	LINESTRING(12.44576 52.13018,12.4456938 52.1301903)
1621	Wiesenburg/Mark	Steindorf	de:12069:900222185::1	52.157872	12.501852	bus	NO_MATCH					555,593	Benken, Ortsmitte / Werbig (PM), Ortsmitte		POINT(12.501852 52.157872)
1622	Wiesenburg/Mark	Steindorf	de:12069:900222185::2	52.157785	12.502778	bus	NO_MATCH					555,593	Lübnitz, Ortsmitte		POINT(12.502778 52.157785)
1623	Wiesenburg/Mark	Welsigke	de:12069:900222202::1	52.082331	12.500465	bus	MATCHED	n8485221746	5.9	0.77	Welsigke	572,591	Jeserig (bei Wiesenburg), Kindergarten / Mützdorf / Jeserig (bei Wiesenburg), Ortsmitte	Jeserig (bei Wiesenburg), Ortsmitte	LINESTRING(12.500465 52.082331,12.5005406 52.082356600000004)
1624	Wiesenburg/Mark	Welsigke	de:12069:900222202::2	52.082383	12.500447	bus	MATCHED	n8485221745	9.2	0.57	Welsigke	591	Grubo / Grubo, Ausbau		LINESTRING(12.500447 52.082383,12.500488500000001 52.0823042)
1625	Wildenbruch	Am Berg	de:12069:900220763::1	52.29268	13.053241	bus	MATCHED	n2137287923	1.0	0.93	Am Berg	608	Wildenbruch, Pappelplatz	Pappelplatz	LINESTRING(13.053241 52.29268,13.0532389 52.2926708)
1626	Wildenbruch	Am Berg	de:12069:900220763::2	52.292759	13.053059	bus	MATCHED	n2137287941	0.7	0.94	Am Berg	608	Wildenbruch, Waldheimstr.	Waldheimstraße	LINESTRING(13.053059 52.292759,13.053067200000001 52.2927626)
1627	Wildenbruch	Pappelplatz	de:12069:900220764::1	52.291693	13.062799	bus	MATCHED	n2137324356	1.1	0.93	Pappelplatz	608	Wildenbruch, Schule	Schule	LINESTRING(13.062799 52.291693,13.062805200000001 52.291684100000005)
1628	Wildenbruch	Pappelplatz	de:12069:900220764::2	52.291833	13.062062	bus	MATCHED	n2689693469	1.8	0.9	Pappelplatz	608	Wildenbruch, Am Berg	Am Berg	LINESTRING(13.062062 52.291833,13.0620729 52.291848200000004)
1629	Wildenbruch	Potsdamer Allee	de:12069:900220765::1	52.285989	13.064769	bus	MATCHED	n2137317298	2.7	0.86	Potsdamer Allee	608	Wildenbruch, Waldheimstr. / Fresdorf, Feuerwehr	Feuerwehr	LINESTRING(13.064769 52.285989,13.064740200000001 52.2860062)
1630	Wildenbruch	Potsdamer Allee	de:12069:900220765::2	52.28571	13.064732	bus	MATCHED	n2137317293	7.1	0.75	Potsdamer Allee	608	Wildenbruch, Schule	Schule	LINESTRING(13.064732 52.28571,13.0647616 52.285648800000004)
1631	Wildenbruch	Schule	de:12069:900220761::1	52.289618	13.06466	bus	MATCHED	n2137287913	1.8	0.9	Schule	608	Wildenbruch, Potsdamer Allee	Potsdamer Allee	LINESTRING(13.06466 52.289618,13.064633200000001 52.2896195)
1632	Wildenbruch	Schule	de:12069:900220761::2	52.290124	13.06459	bus	MATCHED	n2137287928	4.7	0.8	Schule	608	Wildenbruch, Pappelplatz	Pappelplatz	LINESTRING(13.06459 52.290124,13.0646155 52.290084400000005)
1633	Wildenbruch	Waldheimstr. 	de:12069:900220762::1	52.294686	13.047126	bus	MATCHED	n2137317294	1.1	0.82	Waldheimstraße	608	Wildenbruch, Am Berg	Am Berg	LINESTRING(13.047126 52.294686,13.047119100000002 52.2946947)
1634	Wildenbruch	Waldheimstr. 	de:12069:900220762::2	52.294985	13.04694	bus	MATCHED	n2137317301	2.5	0.77	Waldheimstraße	608	Langerwisch, Autobahn	Autobahn	LINESTRING(13.04694 52.294985,13.046969 52.2949707)
1635	Wildpark-West	Am Wasserwerk	de:12069:900220547::1	52.384445	12.956273	bus	MATCHED	n5344567575	0.1	0.97	Am Wasserwerk	610	Wildpark-West, Marktplatz		LINESTRING(12.956273 52.384445,12.9562725 52.384445400000004)
1636	Wildpark-West	Am Wasserwerk	de:12069:900220547::2	52.384254	12.956298	bus	MATCHED	n5344567574	0.0	0.97	Am Wasserwerk	610	Geltow, Kaserne / Geltow, Friedhof	Kaserne / Friedhof	LINESTRING(12.956298 52.384254,12.956298 52.3842538)
1637	Wildpark-West	Marktplatz	de:12069:900220548::1	52.3867	12.952976	bus	MATCHED	n653142361	0.2	0.95	Marktplatz	610	Wildpark-West, Am Wasserwerk		LINESTRING(12.952976 52.3867,12.9529777 52.386698700000004)
1638	Wilhelmshorst	An der Bahn	de:12069:900220744::1	52.329664	13.056478	bus	MATCHED_THOUGH_OSM_NO_NAME	n10152455824	3.9	0.74	Wilhelmshorst, An der Bahn	608,643	Wilhelmshorst, An der Trift		LINESTRING(13.056478 52.329664,13.0564236 52.329653300000004)
1639	Wilhelmshorst	An der Bahn	de:12069:900220744::2	52.329685	13.056567	bus	MATCHED_THOUGH_OSM_NO_NAME	n10152455823	4.4	0.27		608,613,643	Wilhelmshorst, Goetheplatz / Wilhelmshorst, An der Trift	An der Trift	LINESTRING(13.056567 52.329685,13.0566262 52.3296999)
1640	Wilhelmshorst	An der Trift	de:12069:900220741::1	52.325387	13.059628	bus	MATCHED	n6373478754	1.1	0.93	An der Trift	608,613,643	Langerwisch, Kirche	Kirche / Wildenbrucher Straße	LINESTRING(13.059628 52.325387,13.0596408 52.325392900000004)
1641	Wilhelmshorst	An der Trift	de:12069:900220741::2	52.32556	13.059685	bus	MATCHED	n6373478753	1.1	0.92	An der Trift	608,613,643	Wilhelmshorst, Schule / Wilhelmshorst, An der Bahn	Goetheplatz / Schule	LINESTRING(13.059685 52.32556,13.0596986 52.3255659)
1642	Wilhelmshorst	Bahnhof	de:12069:900220006:1:50	52.331832	13.068156	train	MATCHED	n30389273	15.8	0.34	Wilhelmshorst	RB37,RE7	Michendorf, Bahnhof / Potsdam, Rehbrücke Bhf / Michendorf, Bahnhof	Michendorf	LINESTRING(13.068156 52.331832,13.068377300000002 52.331873300000005)
1643	Wilhelmshorst	Bahnhof	de:12069:900220006:2:51	52.33176	13.068225	train	MATCHED	n360849272	18.6	0.48	Wilhelmshorst	RB37,RE7	Potsdam, Rehbrücke Bhf	Potsdam-Rehbrücke	LINESTRING(13.068225 52.33176,13.0684511 52.3318542)
1644	Wilhelmshorst	Forstweg	de:12069:900220740::1	52.336576	13.041544	bus	NO_MATCH_BUT_OTHER_PLATFORM_MATCHED					643	Michendorf, Caputher Weg		POINT(13.041544 52.336576)
1645	Wilhelmshorst	Forstweg	de:12069:900220740::2	52.336383	13.041536	bus	MATCHED	n280832721	13.4	0.49	Wilhelmshorst, Forstweg	643	Potsdam, Tierheim	Tierheim / Caputher Weg	LINESTRING(13.041536 52.336383,13.041450000000001 52.336275)
1646	Wilhelmshorst	Goetheplatz	de:12069:900220743::1	52.333428	13.053448	bus	MATCHED	n6373478751	11.5	0.52	Goetheplatz	608,643	Wilhelmshorst, An der Bahn / Wilhelmshorst, Schule	An der Trift	LINESTRING(13.053448 52.333428,13.053388600000002 52.333524700000005)
1647	Wilhelmshorst	Goetheplatz	de:12069:900220743::2	52.33393	13.054018	bus	MATCHED	n6373478752	1.3	0.87	Goetheplatz	608,643	Wilhelmshorst, Heideweg	Michendorfer Chaussee/Friedhof	LINESTRING(13.054018 52.33393,13.054032300000001 52.3339222)
1648	Wilhelmshorst	Grüner Weg	de:12069:900220746::1	52.339219	13.049875	bus	MATCHED	n13127664557	82.9	0.16	Grüner Weg	608,643	Wilhelmshorst, Heideweg		LINESTRING(13.049875 52.339219,13.049482500000002 52.339924100000005)
1649	Wilhelmshorst	Grüner Weg	de:12069:900220746::2	52.339354	13.049863	bus	MATCHED	n13127664558	59.0	0.2	Grüner Weg	608,643	Potsdam, Tierheim		LINESTRING(13.049863 52.339354,13.049418600000001 52.339808600000005)
1650	Wilhelmshorst	Heideweg	de:12069:900220742::1	52.337196	13.051297	bus	MATCHED_THOUGH_OSM_NO_NAME	n10152455825	28.6	0.27		608,643	Wilhelmshorst, Goetheplatz	Goetheplatz	LINESTRING(13.051297 52.337196,13.051277800000001 52.337452600000006)
1651	Wilhelmshorst	Heideweg	de:12069:900220742::2	52.337471	13.051183	bus	MATCHED	n600180098	1.8	0.84	Wilhelmshorst, Heideweg	608,643	Wilhelmshorst, Grüner Weg	Goetheplatz / Wilhelmshorst, Grüner Weg	LINESTRING(13.051183 52.337471,13.051157000000002 52.337467000000004)
1652	Wilhelmshorst	Schule	de:12069:900220745::1	52.332276	13.062054	bus	MATCHED	n3009974435	2.7	0.87	Schule	608,613	Wilhelmshorst, An der Bahn	An der Bahn	LINESTRING(13.062054 52.332276,13.062037700000001 52.3322541)
1653	Wittbrietzen	Ausbau	de:12069:900220946::1	52.18575	12.94741	bus	MATCHED	n3249941431	4.3	0.81	Wittbrietzen, Ausbau	640,642	Elsholz, Str. nach Salzbrunn	Straße nach Salzbrunn	LINESTRING(12.94741 52.18575,12.9473474 52.185746200000004)
1654	Wittbrietzen	Ausbau	de:12069:900220946::2	52.185712	12.947443	bus	NO_MATCH_BUT_OTHER_PLATFORM_MATCHED					642	Wittbrietzen, Dorfplatz		POINT(12.947443 52.185712)
1655	Wittbrietzen	Ausbau	de:12069:900220946::3	52.185492	12.946804		NO_MATCH_AND_SEEMS_UNSERVED								POINT(12.946804 52.185492)
1656	Wittbrietzen	Ausbau	de:12069:900220946::4	52.186551	12.947395		NO_MATCH_AND_SEEMS_UNSERVED								POINT(12.947395 52.186551)
1657	Wittbrietzen	Dorfplatz	de:12069:900220945::1	52.180696	12.975106	bus	MATCHED	w706573565	0.8	0.94	Dorfplatz	546,640,642	Buchholz (bei Treuenbrietzen), Feuerwehr / Wittbrietzen, Ausbau	Straße nach Salzbrunn	LINESTRING(12.975106 52.180696,12.975117554381056 52.18069618710654)
1658	Wittbrietzen	Dorfplatz	de:12069:900220945::2	52.180788	12.975332	bus	MATCHED	w1268115699	18.0	0.58	Dorfplatz	546,642	Elsholz, Wasserwerk / Elsholz, Kirche	Wasserwerk / Kirche	LINESTRING(12.975332 52.180788,12.97519615 52.18064940000001)
1659	Wittstock (PM)	Abzweig	de:12069:900220264::1	52.21527	12.302141	bus	MATCHED	n3502668234	1.7	0.9	Wittstock (PM), Abzweig	588,593	Dretzen, Dorf	Dretzen, Dorf	LINESTRING(12.302141 52.21527,12.302116100000001 52.215268200000004)
1660	Wittstock (PM)	Abzweig	de:12069:900220264::2	52.215204	12.302114	bus	MATCHED	n3502668233	7.6	0.73	Wittstock (PM), Abzweig	588	Buckau (PM), Abzweig Dretzen	Abzweig Dretzen	LINESTRING(12.302114 52.215204,12.302207300000001 52.2151664)
1661	Wollin (PM)	Abzweig Friesdorf	de:12069:900222209::1	52.25676	12.442717	bus	MATCHED	n8483813750	6.8	0.63	Abzweig Friesdorf	559,596	Gräben, Lindenstr. / Gräben, Mühlendamm		LINESTRING(12.442717 52.25676,12.4428125 52.2567767)
1662	Wollin (PM)	Abzweig Friesdorf	de:12069:900222209::2	52.256775	12.442667	bus	MATCHED	n8483813751	2.2	0.82	Abzweig Friesdorf	559,593,596	Wollin (PM), Schule / Wollin (PM), Schule / Groß Briesen (PM), Alte Försterei		LINESTRING(12.442667 52.256775,12.442639000000002 52.2567839)
1663	Wollin (PM)	Abzweig Friesdorf	de:12069:900222209::3	52.25684	12.443265	bus	NO_MATCH_BUT_OTHER_PLATFORM_MATCHED					559,596	Groß Briesen (PM), Alte Försterei		POINT(12.443265 52.25684)
1664	Wollin (PM)	Abzweig Friesdorf	de:12069:900222209::4	52.256884	12.443305	bus	NO_MATCH_BUT_OTHER_PLATFORM_MATCHED					559,596	Wollin (PM), Schule / Wollin (PM), Schule		POINT(12.443305 52.256884)
1665	Wollin (PM)	Ortsmitte	de:12069:900222210::1	52.282183	12.469027	bus	MATCHED	n7385095704	1.2	0.87	Ortsmitte	559,596	Wollin (PM), Schule	Schule / Grüningen	LINESTRING(12.469027 52.282183,12.469034500000001 52.282172900000006)
1666	Wollin (PM)	Ortsmitte	de:12069:900222210::2	52.282861	12.468263	bus	MATCHED	n11998353430	9.1	0.57	Ortsmitte	559,596	Grüningen / Wollin (PM), Schule		LINESTRING(12.468263 52.282861,12.468187700000001 52.282928000000005)
1667	Wollin (PM)	Schule	de:12069:900222211::1	52.276853	12.461833	bus	MATCHED	n11998353420	2.0	0.81	Schule	559,596	Wollin (PM), Abzweig Friesdorf / Wollin (PM), Abzweig Friesdorf		LINESTRING(12.461833 52.276853,12.4618403 52.2768706)
1668	Wollin (PM)	Schule	de:12069:900222211::2	52.276816	12.461873	bus	MATCHED	n11998353422	4.5	0.7	Schule	559,596	Wollin (PM), Ortsmitte		LINESTRING(12.461873 52.276816,12.4619171 52.276786200000004)
1669	Wollin (PM)	Schule	de:12069:900222211::3	52.276911	12.460678	bus	MATCHED	n7385095705	4.5	0.7	Schule	559,593,596	Wollin (PM), Abzweig Friesdorf / Wollin (PM), Schule / Wollin (PM), Ortsmitte / Wollin (PM), Abzweig Friesdorf	Ortsmitte / Holzplatz	LINESTRING(12.460678 52.276911,12.460666000000002 52.276951200000006)
1670	Woltersdorf	Abzweig	de:12069:900220245::1	52.40907	12.37595		MATCHED	n3614567388	9.2	0.51	Abzweig				LINESTRING(12.37595 52.40907,12.376084700000002 52.40906510000001)
1671	Woltersdorf	Abzweig	de:12069:900220245::2	52.408884	12.376998	bus	MATCHED	n1450688547	3.1	0.85	Abzweig	560	Brandenburg, Plaue Roberdam	Roberdamm	LINESTRING(12.376998 52.408884,12.376995500000001 52.408855800000005)
1672	Woltersdorf	Alter Kanal	de:12069:900220246::1	52.401676	12.372696	bus	MATCHED	n3614530993	9.9	0.69	Alter Kanal	560,563	Wusterwitz, Bahnhof	Bahnhof	LINESTRING(12.372696 52.401676,12.372659500000001 52.4015903)
1673	Woltersdorf	Alter Kanal	de:12069:900220246::2	52.401893	12.37283	bus	MATCHED	n3614530994	0.7	0.94	Alter Kanal	560,563	Woltersdorf, Dorf	Dorf	LINESTRING(12.37283 52.401893,12.3728233 52.4018881)
1674	Woltersdorf	Dorf	de:12069:900220247::1	52.407429	12.37379	bus	MATCHED	n2585439799	5.1	0.79	Dorf	560,563	Woltersdorf, Alter Kanal	Alter Kanal	LINESTRING(12.37379 52.407429,12.3737679 52.4074724)
1675	Woltersdorf	Dorf	de:12069:900220247::2	52.407665	12.374058	bus	MATCHED	n3614562490	7.3	0.74	Dorf	560,563	Neubensdorf / Woltersdorf, Abzweig	Abzweig / Neubensdorf	LINESTRING(12.374058 52.407665,12.3741126 52.407609)
1676	Woltersdorf	Dorf	de:12069:900220247::3	52.406893	12.37295		NO_MATCH_AND_SEEMS_UNSERVED								POINT(12.37295 52.406893)
1677	Woltersdorf	Dorf	de:12069:900220247::4	52.406945	12.3728		NO_MATCH_AND_SEEMS_UNSERVED								POINT(12.3728 52.406945)
1678	Wusterwitz	Abzw. n. Warchau	de:12069:900220251::1	52.37036	12.384458	bus	MATCHED	n3614367801	9.1	0.62	Abzweig nach Warchau	560	Wusterwitz, Mahlenziener Str. / Wusterwitz, Friedhof / Warchau	Friedhof	LINESTRING(12.384458 52.37036,12.384456 52.370442000000004)
1679	Wusterwitz	Abzw. n. Warchau	de:12069:900220251::2	52.370884	12.384782	bus	MATCHED	n3614367802	12.5	0.57	Abzweig nach Warchau	560	Wusterwitz, Grundschule / Wusterwitz, Ernst-Thälmann-Str.	Grundschule	LINESTRING(12.384782 52.370884,12.384807400000001 52.37099550000001)
1680	Wusterwitz	Bahnhof	de:12069:900220249:1:50	52.385058	12.374592	train	MATCHED	n4713057970	8.3	0.55	Wusterwitz	RE1	Brandenburg, Kirchmöser Bhf	Kirchmöser	LINESTRING(12.374592 52.385058,12.3744811 52.385089900000004)
1681	Wusterwitz	Bahnhof	de:12069:900220249:2:51	52.38554	12.371315	train	MATCHED	w106976831	5.1	0.72	Wusterwitz, Bahnhof	RE1	Genthin / Genthin		LINESTRING(12.371315 52.38554,12.371384171527206 52.38555682470876)
1682	Wusterwitz	Bahnhof	de:12069:900220249::1	52.385386	12.374547	bus	MATCHED	n12031103338	3.0	0.78	Bahnhof	560,563	Woltersdorf, Alter Kanal / Wusterwitz, Grundschule / Brandenburg, Schulstr. / Wusterwitz, Ernst-Thälmann-Str.		LINESTRING(12.374547 52.385386,12.374544 52.3853595)
1683	Wusterwitz	Ernst-Thälmann-Str. 	de:12069:900220250::1	52.376418	12.379804	bus	MATCHED	n3614421656	0.8	0.85	Ernst-Thälmann-Straße	560	Wusterwitz, Abzw. n. Warchau	Grundschule	LINESTRING(12.379804 52.376418,12.379797 52.37641240000001)
1684	Wusterwitz	Ernst-Thälmann-Str. 	de:12069:900220250::2	52.376435	12.379966	bus	MATCHED	n3614421657	0.0	0.88	Ernst-Thälmann-Straße	560	Wusterwitz, Bahnhof	Bahnhof	LINESTRING(12.379966 52.376435,12.379966000000001 52.376435300000004)
1685	Wusterwitz	Friedhof	de:12069:900220252::1	52.366882	12.37526	bus	MATCHED	n3614473511	0.6	0.95	Friedhof	560	Warchau	Warchau	LINESTRING(12.37526 52.366882,12.375258700000002 52.366876700000006)
1686	Wusterwitz	Friedhof	de:12069:900220252::2	52.36716	12.376529	bus	MATCHED	n3614473513	2.2	0.88	Friedhof	560	Wusterwitz, Abzw. n. Warchau / Wusterwitz, Mahlenziener Str.	Mahlenziener Straße / Abzweig nach Warchau	LINESTRING(12.376529 52.36716,12.3765435 52.367142)
1687	Wusterwitz	Grundschule	de:12069:900220454::1	52.375379	12.379321	bus	MATCHED	n3614453348	10.7	0.54	Grundschule	560,563	Wusterwitz, Abzw. n. Warchau / Wusterwitz, Ernst-Thälmann-Str. / Wusterwitz, Bahnhof	Ernst-Thälmann-Straße / Bahnhof / Abzweig nach Warchau	LINESTRING(12.379321 52.375379,12.3794 52.3752957)
1688	Wusterwitz	Mahlenziener Str. 	de:12069:900220255::1	52.362413	12.387587	bus	MATCHED	n3614488997	2.3	0.78	Mahlenziener Straße	560	Rogäsen, Abzweig Viesen / Rogäsen, Dorf	Abzweig Viesen	LINESTRING(12.387587 52.362413,12.387559300000001 52.36240050000001)
1689	Wusterwitz	Mahlenziener Str. 	de:12069:900220255::2	52.362765	12.387391	bus	MATCHED	n3614488996	4.1	0.73	Mahlenziener Straße	560	Wusterwitz, Friedhof / Wusterwitz, Abzw. n. Warchau / Warchau	Abzweig nach Warchau / Friedhof	LINESTRING(12.387391 52.362765,12.387417200000002 52.362798500000004)
1690	Zauchwitz	Friedhof	de:12069:900220776::1	52.216461	13.05171	bus	MATCHED	n256070320	2.8	0.79	Friedhof	608,644	Rieben, Ausbau	Rieben, Ausbau / Süd / Schlunkendorf / Ärztehaus / Trebbiner Straße	LINESTRING(13.05171 52.216461,13.051750100000001 52.216456)
1691	Zauchwitz	Friedhof	de:12069:900220776::2	52.216416	13.051779	bus	NO_MATCH_BUT_OTHER_PLATFORM_MATCHED					608,644	Schlunkendorf / Beelitz, Ärztehaus / Zauchwitz, Trebbiner Str. / Stücken, Süd		POINT(13.051779 52.216416)
1692	Zauchwitz	Friedhof	de:12069:900220776::3	52.218121	13.052314		NO_MATCH_AND_SEEMS_UNSERVED								POINT(13.052314 52.218121)
1693	Zauchwitz	Friedhof	de:12069:900220776::4	52.217999	13.052378		NO_MATCH_AND_SEEMS_UNSERVED								POINT(13.052378 52.217999)
1694	Zauchwitz	Trebbiner Str. 	de:12069:900220774::1	52.217361	13.054037	bus	MATCHED	n1657791473	1.3	0.76	Trebbiner Straße	644	Körzin	Körzin	LINESTRING(13.054037 52.217361,13.054020000000001 52.2173566)
1695	Zauchwitz	Trebbiner Str. 	de:12069:900220774::2	52.217276	13.055826	bus	MATCHED	n6637648490	2.0	0.74	Trebbiner Straße	644	Beelitz, Ärztehaus / Zauchwitz, Friedhof	Rieben, Dorf	LINESTRING(13.055826 52.217276,13.055825200000001 52.217258400000006)
1696	Ziesar	Bahnhof	de:12069:900220242::1	52.264094	12.295582	bus	MATCHED	n3500974126	7.9	0.73	Bahnhof	560,562,588,593,596	Ziesar, Glienecker Chaussee / Bücknitz, Fiener Str. / Bücknitz, Chausseestr. / Ziesar, Breiter Weg	Gartenstraße / Breiter Weg / Fiener Straße	LINESTRING(12.295582 52.264094,12.295659800000001 52.264146200000006)
1697	Ziesar	Bahnhof	de:12069:900220242::2	52.264037	12.295451	bus	MATCHED	n3500974125	3.7	0.83	Bahnhof	588,593,596	Köpernitz (PM), B 107 / Köpernitz (PM), Dorf	Köpernitz (PM), B107	LINESTRING(12.295451 52.264037,12.295435000000001 52.264068300000005)
1698	Ziesar	Breiter Weg	de:12069:900220420::1	52.266287	12.292367	bus	MATCHED	n3502578191	4.1	0.82	Breiter Weg	560,562,588,596	Ziesar, Gartenstr. / Ziesar, Frauentor	Frauentor / Gartenstraße	LINESTRING(12.292367 52.266287,12.292395800000001 52.266319)
1699	Ziesar	Frauentor	de:12069:900220240::1	52.268789	12.285309		MATCHED	n3502582688	2.4	0.77	Frauentor			Ziesar, Straßenmeisterei / Gartenstraße	LINESTRING(12.285309 52.268789,12.2852812 52.268802300000004)
1700	Ziesar	Frauentor	de:12069:900220240::2	52.26863	12.285558	bus	MATCHED	n3502582687	5.2	0.69	Frauentor	560,562,588,596	Ziesar, Gartenstr.		LINESTRING(12.285558 52.26863,12.285519200000001 52.268590100000004)
1701	Ziesar	Gartenstr. 	de:12069:900220241::1	52.26925	12.291821	bus	MATCHED	n3502598505	3.0	0.59	Gartenstraße	560,562,588,593,596	Bücknitz, Chausseestr. / Ziesar, Glienecker Chaussee / Ziesar, Bahnhof / Ziesar, Bahnhof	Glienecker Chaussee / Bahnhof / Chausseestraße	LINESTRING(12.291821 52.26925,12.291788500000001 52.2692325)
1702	Ziesar	Gartenstr. 	de:12069:900220241::2	52.269207	12.291969		MATCHED	n11146177862	2.7	0.54	Gartenstraße			Frauentor	LINESTRING(12.291969 52.269207,12.2919877 52.2692283)
1703	Ziesar	Glienecke	de:12069:900220235::1	52.277899	12.377377	bus	MATCHED	n401559272	0.0	0.97	Glienecke	562,596	Steinberg (PM), Molkerei	Molkerei	LINESTRING(12.377377 52.277899,12.377377000000001 52.277899000000005)
1704	Ziesar	Glienecke	de:12069:900220235::2	52.27797	12.377064	bus	MATCHED	n401559271	4.8	0.8	Glienecke	562,596	Grüningen / Glienecke / Boecke, Dorf	Dorf / Grüningen	LINESTRING(12.377064 52.27797,12.377006100000001 52.2779454)
1705	Ziesar	Glienecker Chaussee	de:12069:900220239::1	52.269892	12.311917	bus	MATCHED	n401559256	0.0	0.97	Glienecker Chaussee	562,596	Ziesar, Bahnhof / Bücknitz, Fiener Str. / Ziesar, Breiter Weg / Ziesar, Gartenstr.	Fiener Straße	LINESTRING(12.311917 52.269892,12.311917000000001 52.269892000000006)
1706	Ziesar	Glienecker Chaussee	de:12069:900220239::2	52.26982	12.311943	bus	MATCHED	n401559255	2.1	0.89	Glienecker Chaussee	562,596	Herrenmühle	Herrenmühle	LINESTRING(12.311943 52.26982,12.3119384 52.269801400000006)
1707	Ziesar	Grebs (bei Ziesar)	de:12069:900220231::1	52.253491	12.392392	bus	MATCHED_THOUGH_OSM_NO_NAME	w1292106957	16.2	0.44	Grebs (bei Ziesar)	596	Steinberg (PM), Dorf		LINESTRING(12.392392 52.253491,12.39220575 52.253400850000006)
1708	Ziesar	Grebs (bei Ziesar)	de:12069:900220231::2	52.253426	12.392318	bus	MATCHED	n11978372498	4.9	0.7	Grebs (bei Ziesar)	596	Gräben, Lindenstr.		LINESTRING(12.392318 52.253426,12.392262500000001 52.253398100000005)
1709	Ziesar	Herrenmühle	de:12069:900220238::1	52.271267	12.324709	bus	MATCHED	n401559258	3.5	0.84	Herrenmühle	562,596	Ziesar, Glienecker Chaussee	Glienecker Chaussee	LINESTRING(12.324709 52.271267,12.324657400000001 52.2712658)
1710	Ziesar	Herrenmühle	de:12069:900220238::2	52.271203	12.324307	bus	MATCHED	n401559257	5.2	0.79	Herrenmühle	562,596	Steinberg (PM), Abzweig	Abzweig	LINESTRING(12.324307 52.271203,12.324310500000001 52.271156100000006)
1711	Ziesar	Straßenmeisterei	de:12069:900220228::1	52.250475	12.2586		MATCHED	n11146151567	112.3	0.09	Ziesar, Straßenmeisterei			Schopsdorf, Gewerbegebiet	LINESTRING(12.2586 52.250475,12.2596716 52.25124)
1712	Ziesar	Straßenmeisterei	de:12069:900220228::2	52.25132	12.25994		MATCHED	n11146151566	7.2	0.57	Ziesar, Straßenmeisterei				LINESTRING(12.25994 52.25132,12.2599055 52.251259100000006)
1713	Zitz	Abzweig	de:12069:900220258::1	52.319085	12.338089	bus	MATCHED	n3612920095	4.0	0.73	Abzweig	560	Zitz, Dorf	Dorf	LINESTRING(12.338089 52.319085,12.338125000000002 52.319113200000004)
1714	Zitz	Abzweig	de:12069:900220258::2	52.319075	12.33862	bus	MATCHED	n3612920093	5.2	0.69	Abzweig	560	Rogäsen, Dorf	Dorf	LINESTRING(12.33862 52.319075,12.3385435 52.3190705)
1715	Zitz	Dorf	de:12069:900220259::1	52.324479	12.322356	bus	MATCHED	n1421492940	6.9	0.63	Dorf	560	Bücknitz, Chausseestr. / Zitz, Abzweig	Abzweig / Chausseestraße	LINESTRING(12.322356 52.324479,12.3224564 52.3244842)
